artist,genre,text,likes
Nas,Boom bap,2019 riding horses 2021 riding satan,353749
Nas,Boom bap,nas gives satan lap dance historians good friends,33267
Nas,Boom bap,feel like missed seasons old town road,740631
Nas,Boom bap,bro wasnt lying said gonna ride till cant,368
Nas,Boom bap,producer cant film video middle pandemic lilnasx hold thought,8044
Nas,Boom bap,sharkboy lavagirl looks different remember,380685
Nas,Boom bap,director character want play lil nas yes,14423
Nas,Boom bap,didid poledance hell,164363
Nas,Boom bap,many actors want one,282937
Nas,Boom bap,old town road western horsies fun uwu montero give satan lap dance ride stripper hell leather knee high boots,2221
Nas,Boom bap,greek inscription image reads ἐπειδὴ οὖν φύσις δίχα ἐτμήθη ποθοῦν ἕκαστον ἥμισυ translates since nature divided two longs half tree bark beginning,11
Nas,Boom bap,really went gonna take horse old town road gonna take pole satans hole,13853
Nas,Boom bap,believe first time watching shi,1073
Nas,Boom bap,kind iconic even gonna lie,72
Nas,Boom bap,never thought see man grinding fifty versions,6048
Nas,Boom bap,many people want featured new video,4085
Nas,Boom bap,anyones wondering inscription 110 quote platos symposium means human nature split two half strongly desired reaching reference myth humans originally four legs four arms etc complete forced divide eternally look lost half,5575
Nas,Boom bap,dont care yall opinions still bumping,62
Nas,Boom bap,director many actors want lil,11178
Nas,Boom bap,crazy went riding horse riding devil edit holy 15k likes started war,15314
Nas,Boom bap,feels like skip anime episodes like going,10223
Nas,Boom bap,2021 song kinda nice 2026 lets watch video wtf bro,43
Nas,Boom bap,old town road western style panini futuristic style holiday christmas style montero lets lap dancing satan style,5493
Nas,Boom bap,2019 2020 2021,3012
Nas,Boom bap,tried liking video 2026found liked years ago already,22
Nas,Boom bap,history teacher 3048 satan lil nas homosexual couple listening smook mindset,1239
Nas,Boom bap,confused everybody twerking twerking,6364
Nas,Boom bap,113 cant even lie ate shit,66
Nas,Boom bap,sleep deprived twerking,14328
Nas,Boom bap,confused atheist twerking,3951
Nas,Boom bap,comments literally like hornily twerking cutely twerking twerking,1884
Nas,Boom bap,wasnt afraid different weird freaking awesome whole cool inspirational honestly,13
Nas,Boom bap,sad demonically twerking,3308
Nas,Boom bap,ayo whys everyone twerking starts join twerking,1608
Nas,Boom bap,went riding horses riding satan happens miss episode show,3307
Nas,Boom bap,fact one internets biggest marks crazy,2
Nas,Boom bap,imagine aliens dont understand technology see think man pole danced giant hole turned demon,948
Nas,Boom bap,confused french twerking,958
Nas,Boom bap,riding horse sleigh satan lil nas gonna ride next,2443
Nas,Boom bap,remember story bible,31
Nas,Boom bap,lil nas went horses back throwing back satans lap,4601
Nas,Boom bap,everyone twerking aggressive twerking,952
Nas,Boom bap,came see people mad everyones twerking,38544
Nas,Boom bap,music brings peace dealing personal things idk yall hating leave simple attention seekers get life instead hateful,4
Nas,Boom bap,asexual weirdly twerking,474
Nas,Boom bap,confused everyone twerking twerking,16182
Nas,Boom bap,watched religion class best class ever,6
Nas,Boom bap,know one came see everyone else going,852
Nas,Boom bap,twerking without knowing everyones twerking,6677
Nas,Boom bap,song started far right modern movement,9
Nas,Boom bap,starts twerking respectfully,842
Nas,Boom bap,everyone twerking walks boots heels better,281
Nas,Boom bap,greatest song ever written please come back lil nas love,4
Nas,Boom bap,distressed twerking cause everyones confused twerking everyone twerking,305
Nas,Boom bap,facebook two weeks see illuminati,331
Nas,Boom bap,never understand hate towards song masterpiece,7
Nas,Boom bap,fact lnx didnt spend money actors actor lol,411
Nas,Boom bap,depressed sexi twerking,581
Nas,Boom bap,fact reminds playing minecraft song nostalgic,2
Nas,Boom bap,thought man said cocaine chicken friends like whos hungry chopping ball,372
Nas,Boom bap,confused everybody else twerking twerking,713
Nas,Boom bap,feel wierd 2026,47
Nas,Boom bap,fearfully twerking edit people replying speaking links,318
Nas,Boom bap,director actor cast lil nas yes,330
Nas,Boom bap,twerking ancient greece,459
Nas,Boom bap,everyone twerkinganyways starts twerking,561
Nas,Boom bap,2026 agree song hits,12
Nas,Boom bap,pov scroll comments dont understand anything video see everyone talking twerkingxd,588
Nas,Boom bap,gonna talk fact gave lapdance,482
Nas,Boom bap,mans really got achievement need deeper camera man said aight bet,375
Nas,Boom bap,everybody twerking confused twerking,661
Nas,Boom bap,yall wanted patrick star moment boots,700
Nas,Boom bap,people slept song,3
Nas,Boom bap,100 years historians gonna like debate lil nas sexuality like aint shoutin rooftops,426
Nas,Boom bap,christian confused twerking,320
Nas,Boom bap,reason dont sell aliens,1803
Nas,Boom bap,happy pride month guys,9
Nas,Boom bap,get part two song montero interesting lore,2
Nas,Boom bap,deleting search history twerking,394
Nas,Boom bap,song fucking fire idc years also people still offended music video,17
Nas,Boom bap,casually starts twerking,744
Nas,Boom bap,everybody twerking twerking,2415
Nas,Boom bap,sexually confused twerking,660
Nas,Boom bap,starts twerking peer pressure,645
Nas,Boom bap,song came years ago still fascinates simply art absolute cinema,4
Nas,Boom bap,cant twerk twerking,315
Nas,Boom bap,ever since song came never watched video listen lyrics say,1
Nas,Boom bap,remember guy talked riding horses rides devil,1884
Nas,Boom bap,transition holiday cmbyn fucking insane,1
Nas,Boom bap,swear yall create whole encyclopedia insert word twerking,473
Nas,Boom bap,pov scrolling comments word see twerking,20417
Nas,Boom bap,tutorial underrated really appreciate effort,1
Nas,Boom bap,idea impressive deserves recognition,1
Nas,Boom bap,bro made movie whos watching may 2026 lets revive song guys,1
Nas,Boom bap,listening casually listening music video,8
Nas,Boom bap,god seein lnx riding satan roommates o_o,290
Nas,Boom bap,thought innocent music saw music video,1
Nas,Boom bap,theres pandemic going backup dancers,2292
Nas,Boom bap,nobody legs hands must hurt going pole,628
Nas,Boom bap,god bless bro cant believe people watch like wowjesus needs return judgment day see act,3
Nas,Boom bap,nobody comments _____ twerking,283
Nas,Boom bap,whos mih may 2k26 banger,1
Nas,Boom bap,plot twist trailer new movie,288
Nas,Boom bap,invincible edits going hard,1
Nas,Boom bap,controversially twerking blew,659
Nas,Boom bap,name jesus christ rebuke every satanic thing lil nas said,16
Nas,Boom bap,twerking everybodys twerking,584
Nas,Boom bap,twerking confused twerking,270
Nas,Boom bap,putting credits group presentation work,481
Nas,Boom bap,confused russian twerking,441
Nas,Boom bap,600 million views million likes yall stay mad hit,1
Nas,Boom bap,comment box 100 twerking,486
Nas,Boom bap,deceived god cannot mocked man reaps sows bible galatians,3
Nas,Boom bap,confused everyone twerking twerking,710
Nas,Boom bap,idk decide pole instantly reminds patrick stripper shoes think funny,600
Nas,Boom bap,man way ahead time deconstruction religion catching well done nas,9
Nas,Boom bap,confused vibing twerking,459
Nas,Boom bap,satans wife like,323
Nas,Boom bap,bro sure good pole,4
Nas,Boom bap,whys everyone twerking,407
Nas,Boom bap,tiktok fyp 2022 full,2
Nas,Boom bap,215 asked big question click video,5
Nas,Boom bap,everyone twerking twerking,322
Nas,Boom bap,another win blind,1
Nas,Boom bap,feeling roblox isnt going like,834
Nas,Boom bap,silently wondering everyone twerking twerking,351
Nas,Boom bap,love music makes feel beautiful,2
Nas,Boom bap,ولئن سألتهم ليقولن إنما كنا نخوض ونلعب أبالله وآياته ورسوله كنتم تستهزئون,1
Nas,Boom bap,looking back never serious,3
Nas,Boom bap,feels like skip anime episodes like going,1131
Nas,Boom bap,feel like missed seasons old town road,1
Nas,Boom bap,mind older gives chills dude wrote one hardest verses time,2258
Nas,Boom bap,1995 beat killer 2026 beat killer 2095 beat killer,32726
Nas,Boom bap,90s sacred authentic prodigy nas havoc dudes fucking years old amazing vocabulary adolescents hood way ahead years like everybody self educated thugs type vocab authenticity never thing hip hop,2402
Nas,Boom bap,arguably one hardest beats rap history still gets played till today,60885
Nas,Boom bap,crew featherweight gunshots make levitate damn,2074
Nas,Boom bap,die couldnt choose better location rip legend,1043
Nas,Boom bap,new york knicks 2026 nba champions,28
Nas,Boom bap,shook ones one hip hops influential legendary songs time dark beats grimy storytelling eerie sounds heavy lyricism topnotch still one alltime favorite rap joints,4579
Nas,Boom bap,90s gangstas wanted become rappers 2019 rappers wana become gangstas,7877
Nas,Boom bap,bone chilling terrifying beat hip hop history,10186
Nas,Boom bap,mobb deep getting million views lil wayne getting 100 million views need back someone done fucked,1981
Nas,Boom bap,people whos younger listening salute,67047
Nas,Boom bap,startin beat cooker heaviest drop ive ever experienced,4371
Nas,Boom bap,wemby good run aint crook sonjust shook one,9
Nas,Boom bap,slugs penetrate feel burning sensation getting closer god tight situation take words home think next rhyme write might literal chills everytime,1789
Nas,Boom bap,think agree fact one greatest hiphop tracks time,4001
Nas,Boom bap,really dont think people realize mind blowingly impressive barely high school first written,1607
Nas,Boom bap,instrumental produced havoc never gets old first heard 2024 track live forever rip prodigy,1070
Nas,Boom bap,bad songs good songs great songs songs simply timeless,4153
Nas,Boom bap,prodigy said crew feather weight gun shots would make levitate fire,895
Nas,Boom bap,better play game,32
Nas,Boom bap,today february 2025 tune released february 1995 years later still one greatest hip hop songs ever instrumentalspeechless,1333
Nas,Boom bap,beat still one hardest beats history hip hop,6564
Nas,Boom bap,prodigy made thislet sink,4918
Nas,Boom bap,need play knicks intro monday,10
Nas,Boom bap,dad first listened also listening song art rap timeless,4243
Nas,Boom bap,coldest beat coldest verse coldest rappers real goats,3721
Nas,Boom bap,maturity flow lyrics swag man hes underrated everytime watch video amazed could appreciate someone man needs unsung documentary man mature,3602
Nas,Boom bap,someone today poetic hood stories 90s babies,16
Nas,Boom bap,hip hop real people real experiences writing lyrics life pushing 90s hondas nissans maybachs ferraris hanging outside queensbridge projects yacht real gets nyc 1995,1713
Nas,Boom bap,mind older things get real warm heart turns colder love line,9659
Nas,Boom bap,gunshots make levitate words lyricist dope beat rap history,1999
Nas,Boom bap,new york anthem low game,7
Nas,Boom bap,crew featherweight gunshots make levitate,1573
Nas,Boom bap,one coldest hiphop beats ever dark lyrics authentic flow track never disapear sure pure dope,2877
Nas,Boom bap,imagine beeing rapping one iconic beats ever made deliver made look effortless one best beats time also great lyrics delivery point,1384
Nas,Boom bap,rip prodigy got stuck realness,796
Nas,Boom bap,2026still aint thing halfway crooks,11
Nas,Boom bap,beat meant generations flow lyrics beat legend born,2478
Nas,Boom bap,one greatest hip hop tracks human history everything iconic beat lyrics delivery lyrics,2101
Nas,Boom bap,always knicks lfgggggg,4
Nas,Boom bap,flow beat lyrics everything top tier,4066
Nas,Boom bap,rip prodigy mind older,1460
Nas,Boom bap,whats crazy havoc made beat gonna delete didnt like time prodigy stopped tho,854
Nas,Boom bap,song like wine older gets better becomes,10849
Nas,Boom bap,even listen anything else hearing,1056
Nas,Boom bap,rip prodigy legend remembered name mobb deep name masterpiece,1969
Nas,Boom bap,every rhyme write life intro gives chills every time,1379
Nas,Boom bap,youve heard official queens bridge murderers damn rhyme,801
Nas,Boom bap,song hard day heard high school,1481
Nas,Boom bap,beat got crowned greatest hip hop beat time,1062
Nas,Boom bap,rip prodigy passed away today relax biggie 2pac eazy big syke nate dogg others,164
Nas,Boom bap,isnt song history,10589
Nas,Boom bap,come knicks game finals feels appropriate new york victory,17
Nas,Boom bap,fact prodigy spitted rhymes age tho,1004
Nas,Boom bap,may one best rap songs ever recorded,795
Nas,Boom bap,knicks way game win,8
Nas,Boom bap,isnt song historical artifact years later ill still blasting,2268
Nas,Boom bap,shook ones basically song someone asks explain hiphop,726
Nas,Boom bap,beat still going hard years,1701
Nas,Boom bap,90s rap time clothes loose rhymes tight,6516
Nas,Boom bap,best track ever ill still bumping shit 2065 many shook ones nowadays,1784
Nas,Boom bap,stove lighter coldest intro song ever,8
Nas,Boom bap,rip prodigy mobb deep timeless,1309
Nas,Boom bap,rip prodigy king,1546
Nas,Boom bap,game garden les knicks,5
Nas,Boom bap,production years ago young boys created something truly great song never forgotten hiphop genre,577
Nas,Boom bap,song doesnt feel old school transcends time,3007
Nas,Boom bap,already two years since death rip brotha,1198
Nas,Boom bap,craziest beat ive ever heard,3
Nas,Boom bap,song immortalstill getting comments released yesterday,1403
Nas,Boom bap,anyone else noticed rappers 90s music videos moving around like dodging bullets,1038
Nas,Boom bap,100million views rip prodigy,2243
Nas,Boom bap,still hits hard 2026,37
Nas,Boom bap,probably best hip hop track ever made,1317
Nas,Boom bap,song really walking street thinking youre untouchable,707
Nas,Boom bap,one greatest beats time behind one greatest verses hooks time,722
Nas,Boom bap,one best beats history rap best,6499
Nas,Boom bap,song makes wanna tell teacher raise hand wants talk,805
Nas,Boom bap,hear song remember final battle mile eminems final rap battle,1
Nas,Boom bap,imagine turning stove thinking make beat,1969
Nas,Boom bap,mind old rip prodigy,542
Nas,Boom bap,one best beats ever,74716
Nas,Boom bap,word mobb deep rip prodigy,4
Nas,Boom bap,mind old things get real warm heart turns cold rip illist emcee ever,521
Nas,Boom bap,damn everyones talking prodigy rip course havoc literally produced one influential instrumentals hip hop track,417
Nas,Boom bap,first american rap song learned heart always hearts prodigy rip man respect france truly,529
Nas,Boom bap,beat fuckin killer cant stop listening rip prodigy,19
Nas,Boom bap,rip prodigy poland,274
Nas,Boom bap,carrying mobb deep 2021 lets hope better year,2861
Nas,Boom bap,greatest opening verse time,593
Nas,Boom bap,one best rap compositions times real gansta rap,7
Nas,Boom bap,matter come musical preferences take moment pay respects legends,639
Nas,Boom bap,hardest beat hardest bars legend rip prodigy,1832
Nas,Boom bap,sabrina carpenter sounds girls,30
Nas,Boom bap,imagine year olds still rapped like long live prodigy,1695
Nas,Boom bap,people disliked song get covid tests done one major symptoms taste,2532
Nas,Boom bap,clothes loose lyrics tight,2627
Nas,Boom bap,rip prodigy real ones longer celebrate knicks finally winning chip,0
Nas,Boom bap,bruh wasnt even conceived came beat still harder half songs today,493
Nas,Boom bap,remember like years old ridin bike school dark rains pouring kept going,756
Nas,Boom bap,tried using prodigy google password said strong,829
Nas,Boom bap,song forever elite,3
Nas,Boom bap,mind old always fucking hits hard rip,925
Nas,Boom bap,easily one greatest raphiphop songs ever created prodigys verse also one greatest verses havoc went hard,328
Nas,Boom bap,rip one realest rapper,3114
Nas,Boom bap,one best beats cant disagree,4222
Nas,Boom bap,song gives nostalgia time wasnt even born yet,582
Nas,Boom bap,dislikes clarence gore diss mile,1523
Nas,Boom bap,may playlist years,8
Nas,Boom bap,everyone listening 2020 great taste music,4038
Nas,Boom bap,merry christmas banger still banging 2024 2025,915
Nas,Boom bap,swear beat hard ass fuck,1570
Nas,Boom bap,superior aliens make better beat,7
Nas,Boom bap,respect people listen old school,3246
Nas,Boom bap,havocs genius slept perfectly compiled different samples make beat 1920 years old produced album come bro,458
Nas,Boom bap,beat incredible theres much pain darkness,271
Nas,Boom bap,lets knicks fuck sprus,3
Nas,Boom bap,crew featherweight gunshotsll make levitate jheeez,371
Nas,Boom bap,timeless untouchable track nobody today real nobody got beats like,566
Nas,Boom bap,okay nobody going address entrance song still one hardest game doesnt need metro boomin got spark stove fire song,196
Nas,Boom bap,die couldnt choose better location slugs penetrate feel burning sensation getting closer god god damn fire line,194
Nas,Boom bap,2018 track still goes hard fuck rip prodigy,1946
Nas,Boom bap,still listening goat least experienced peak hip hop,2
Nas,Boom bap,rip bro prodigy poland,409
Nas,Boom bap,cant believe ive watched 100 million times,542
Nas,Boom bap,2024 still clasic never dies,1276
Nas,Boom bap,hardest rap beat time,250
Nas,Boom bap,stove starting turned one greatest beats hip hop,384
Nas,Boom bap,rip prodigy man,1681
Nas,Boom bap,hood always internally celebrated supported smart academic youngsters rappers era vocab clarity standard personality brought top way round,5
Nas,Boom bap,guy dont wanna battle hes shook cause aint thing halfway crooks,253
Nas,Boom bap,one iconic songs hiphop history created,281
Nas,Boom bap,prodigy literally years old lyrics deep much delivery gives chills knowing ridiculous lyrics,383
Nas,Boom bap,whos knicks chip,3
Nas,Boom bap,everyone praising beat rightly lyrics mad menacing come hard fits perfectly instrumental ive heard beat times never original lyrics really elevates feel time beat,1230
Nas,Boom bap,90s hiphop golden era cats throw flames mic damn near lyrically potent conscious flow early 90s gangster shit right hustle shit late 90s bangers production like bomb squad sir jinx dre premier easy bee rza dilla quik muggs etc,346
Nas,Boom bap,1995 gangsters trying rappers 2020 rappers trying gansters,352
Nas,Boom bap,therapist theres nothing afraid theres thing halfway crooks thank,560
Nas,Boom bap,one best beats hip hop period,1020
Nas,Boom bap,notice porsches cash flashing hoes guns seem relying soley talent weird,1408
Nas,Boom bap,rest peace queens,240
Nas,Boom bap,90s hip hop best far superior decade ever,2037
Nas,Boom bap,best rap song ever,4
Nas,Boom bap,noooo seen prodigy havoc kill vegas 17th art rap tour got see last show performed ever rip west,277
Nas,Boom bap,definitely top hardest hip hop songs time rip prodigy,242
Nas,Boom bap,wow first time hearing mobb deep mind blown,669
Nas,Boom bap,mobb deep way march 2026 whos,9
Nas,Boom bap,prodigys entire verse reality could feel mentality rhymes ended speaks volume take words home think next rhyme write might one illest rhymes rap history opinion rip prodigy,733
Nas,Boom bap,hardest beat hip hop history lol,2347
Nas,Boom bap,gunshots make levitate dayum son prodigy aint joke,335
Nas,Boom bap,rip hempsted legend queens bridge,1
Nas,Boom bap,fact eminem mile iconic still wear baggy jeans tims till day lol 80s baby real lol beats legendary classics,216
Nas,Boom bap,rip prodigy brazillian,266
Nas,Boom bap,never get tired intro lightin gas burner slowly trippin immortal beat,211
Nas,Boom bap,whos listening june 2026,2
Nas,Boom bap,greatest beat time,898
Nas,Boom bap,rhythm still gives goosebumps,971
Nas,Boom bap,imagine talent back pac big top snoop entering prime big daddy kane rakim dre ice cube elder statesmen bone mobb deep jay nas starting wutang public enemy xclan outkast e40 richie rich goodie mob master ugk geto boys etc didnt even mention digable planets camp luniz tha alcoholiks arrested development paris brotha lynch hung crucial conflict die trick daddy etc skills order compete didnt would last,352
Nas,Boom bap,way stove makes noises really shows exaggerated swagger black teen,488
Nas,Boom bap,mobb deep still relevant 2024,560
Nas,Boom bap,love gas cooker turned beat amazing,393
Nas,Boom bap,created still alive rip prodigy,406
Nas,Boom bap,beat definition hiphop,418
Nas,Boom bap,back days rappers flexing rhymes miss,308
Nas,Boom bap,prodigy ate track,0
Nas,Boom bap,2017 still aint things halfway crooks,673
Nas,Boom bap,imagine creating classic age,2860
Nas,Boom bap,underrated duo time talent deserved better rip prodigy,184
Nas,Boom bap,getting closer god iin tight situation,2
Nas,Boom bap,wrote verse one day new school rappers age cant write shit resort loud trap beats,326
Nas,Boom bap,beats spine rap songnew age rap aint got,494
Nas,Boom bap,imagine older dude enjoying mozart shedding tear beautiful beat mozart,2
Nas,Boom bap,031 gotta play back times,357
Nas,Boom bap,mobb deep forever,4
Nas,Boom bap,one sickest beats ever produced,19379
Nas,Boom bap,prodigy one underrated lyricists ever,5
Nas,Boom bap,mobb deep made one greatest tracks hip hop history,5
Nas,Boom bap,rest peace prodigy,2
Nas,Boom bap,one goat instrumentals,1
Nas,Boom bap,arguably one hardest beats rap history still gets played till today,170
Nas,Boom bap,old lil nas tuff,1209
Nas,Boom bap,level detail video wild,51207
Nas,Boom bap,costumes made everything 100x better lol,1901
Nas,Boom bap,man really went cowboy futuristic santaclaus,33608
Nas,Boom bap,old town road cowboy panini robot rodeo vampire holiday santa,1694
Nas,Boom bap,glad career didnt die big hit like artists,1345
Nas,Boom bap,runnin shit back christmas,133
Nas,Boom bap,budget half netflix movies,1139
Nas,Boom bap,bruh swear guys song melodies catchy insane,2501
Nas,Boom bap,two years later still goes hard,6020
Nas,Boom bap,still watching december 2025,163
Nas,Boom bap,might bottom low top shit everyone surprised montero,4138
Nas,Boom bap,lil nas director make video shiny director say,1050
Nas,Boom bap,whoever costumes makeup needs raise,1984
Nas,Boom bap,wont holiday without nas comeback soon wish well health,134
Nas,Boom bap,song carried 2020 christmas,8004
Nas,Boom bap,might bottom low top shit fucking iconic,1428
Nas,Boom bap,bottom low top shit bold,787
Nas,Boom bap,bro miss era music much,46
Nas,Boom bap,director else want feature video lil nas,354
Nas,Boom bap,man snuck game came horse pulled gimmick admit got remorse damn bruh,1044
Nas,Boom bap,guy lil nas couldnt wait release song christmas hard,907
Nas,Boom bap,remember seeing uploaded hours ago years ago damn,10
Nas,Boom bap,hehe bad michael jackson favorite line 2020,255
Nas,Boom bap,wasnt typical dun dun dun nah one definitely hits different,688
Nas,Boom bap,costumes lowkey everything,642
Nas,Boom bap,way years ago time flys,50
Nas,Boom bap,starting think lil nas wardrobe size small country,284
Nas,Boom bap,director want act lil nas yes,646
Nas,Boom bap,bruh dun dun dun hard,983
Nas,Boom bap,old town road western panini futuristic rodeo spooky holiday,1215
Nas,Boom bap,song sounds like something oompa loompas would sing murdering child catchy tho,2891
Nas,Boom bap,lil nas says word camera man good time flex ps5,353
Nas,Boom bap,may 2026 anyone,229
Nas,Boom bap,life lie santa isnt wearing red suit man wearing white suit tinsel,447
Nas,Boom bap,ceo social distance playing characters,1802
Nas,Boom bap,early 2019 late 2019 2020 2021,522
Nas,Boom bap,producerhow much green screen effects need lil nas yes,318
Nas,Boom bap,old town road cowboy rodeo vampire panini robot holiday santa montero devil,1326
Nas,Boom bap,gonna liethis guy interesting music videos,303
Nas,Boom bap,time year hyped edit officially xmass,100
Nas,Boom bap,hee hee bad michael jackson literally part song heard,647
Nas,Boom bap,pov finished live premiere industry baby youre rewatching rest music videos,4956
Nas,Boom bap,pop star rappers still respect idk everyones gotta hate hes actually pretty fire tbh,696
Nas,Boom bap,time year folks merry christmas,14
Nas,Boom bap,everyone santa chubby fat man red suit likes cookies santa actually,667
Nas,Boom bap,caught corpse husbands live feed said obligated check holiday happy holidays,352
Nas,Boom bap,okay artists made video whole movie,281
Nas,Boom bap,thought alone coming back 2026 listen great lil nas back,9
Nas,Boom bap,nas could make whole movie different characters probably wouldnt even notice,569
Nas,Boom bap,old town road cowboy holiday future santa claus taby zucchini fav music video,595
Nas,Boom bap,one lil nas fanboying comments,630
Nas,Boom bap,still 2026 could love nas adapted environment bless hope yall positive buck breaking young men said said,5
Nas,Boom bap,man pulled drake went ghost came back one song hits mil,586
Nas,Boom bap,feel like would good ending good movie,647
Nas,Boom bap,song literally designed sit brain,626
Nas,Boom bap,cant let hbs know,16
Nas,Boom bap,life good lil nas still trending,1144
Nas,Boom bap,old town road cowboy panini robot rodeo vampire holiday santa claus,845
Nas,Boom bap,addicted christmas song april cause bop,1205
Nas,Boom bap,christmas vibes song hardd,8
Nas,Boom bap,whole song dun dun dun would still like,582
Nas,Boom bap,barber whatchu want son meits holiday barber say fam,483
Nas,Boom bap,old town road cowboy panini cyberpunk rodeo vampire holiday cyber chrismas,240
Nas,Boom bap,pov youre coming back get away regular christmas songs play 247 everywhere enjoy songs give good vibes,10
Nas,Boom bap,nobody lil nas talks self comments,842
Nas,Boom bap,dude literally went cowboy futuristic man vampire santa claus,421
Nas,Boom bap,producer many details want video lil nas yes,481
Nas,Boom bap,listen every december since released,8
Nas,Boom bap,fun fact never leave lil nas song without completing,803
Nas,Boom bap,mall santa approve,13605
Nas,Boom bap,hee hee bad micheal jackson dun dun dun best part ngl,1102
Nas,Boom bap,still goes mean,2
Nas,Boom bap,christmas 25th december people beginning november,700
Nas,Boom bap,aye really holiday hits different december 25th,778
Nas,Boom bap,evolution lil nas,389
Nas,Boom bap,holiday merry christmas,6
Nas,Boom bap,imagine someone going christmas caroling singing,632
Nas,Boom bap,lil nas cant wrong studio man,682
Nas,Boom bap,director many scenes want lilnasx yes,695
Nas,Boom bap,lil nas prime,9
Nas,Boom bap,bad michael jackson freaking good dun dun dun,1124
Nas,Boom bap,thanksgiving guys gonna legit turkey talk life,510
Nas,Boom bap,feel like watched full christmas movie,65408
Nas,Boom bap,2026 hours ahead hope guys may happiest new year oat stay nice kind,8
Nas,Boom bap,one thats like sitting around mind goes hehe bad micheal jackson,525
Nas,Boom bap,old town road cowboy panini robotcyborg rodeo vampire holiday literally santa claus,3744
Nas,Boom bap,psychologist dreams meaning dreams,967
Nas,Boom bap,shit genuinely went crazy back still goes crazy,2
Nas,Boom bap,see hes old town road like old days keeps getting techy stuff panini rodeo gotcha,1871
Nas,Boom bap,everyone lil nas dead lil nas hold horse,265
Nas,Boom bap,lil nas big fan guy ngl obama giving obama medal,678
Nas,Boom bap,listen every day like world,2
Nas,Boom bap,dun dun dun bad michael jackson goes hard lmao,1194
Nas,Boom bap,christmas music never early play,1434
Nas,Boom bap,years son dad sing chrismas carol dad holiday,2246
Nas,Boom bap,come back banger,5
Nas,Boom bap,santa long people celebrate xmas lnx yes,531
Nas,Boom bap,dance fire tiktok couldnt recreate,1704
Nas,Boom bap,glad lil nas values quality quanity hes artisan laborer,268
Nas,Boom bap,imagine waking middle night guy slides living room starts rapping,631
Nas,Boom bap,hee hee bad michael jackson dunno part hits hard,330
Nas,Boom bap,even though christmas still vibe,1654
Nas,Boom bap,year old brother asked like christmas old town road,285
Nas,Boom bap,lil nas good designers costumes lil nas,241
Nas,Boom bap,everyones favorite chorus song says aye holiday cant even close eyes idk cuz like surprises floppin fashion hehe bad michael jackson,704
Nas,Boom bap,need old nas back,5
Nas,Boom bap,lil nas responding comments like youre literally edit likes omg whats confusion literally replied comment,568
Nas,Boom bap,literally old lil nas best,2
Nas,Boom bap,man king artistic flair,2016
Nas,Boom bap,wants everyone single different actor music videos,318
Nas,Boom bap,bro hardest christmas song ever heard,345
Nas,Boom bap,lil nas 2019 cowboy horse lil nas 2020 santabot also known santa nas,223
Nas,Boom bap,2019 cowboy 2020 vampire 2021 santa,626
Nas,Boom bap,imagine many people come everyday,314
Nas,Boom bap,years already man covid made life faster feels like life didnt seem long,3
Nas,Boom bap,charli called dancer like bruh yall cant lie man got moves,330
Nas,Boom bap,director many costumes need lil nas yes,443
Nas,Boom bap,dun dun dun best simplistic beat drop line ever,370
Nas,Boom bap,used watch 247,4
Nas,Boom bap,music videos better animations visuals movies today,2115
Nas,Boom bap,damn years remember day song came listened whole day,1137
Nas,Boom bap,everyone 2020 worst year ever lil nas lets holiday together,631
Nas,Boom bap,bro straight bars 2021,2
Nas,Boom bap,cant lie tho every song makes hits different,795
Nas,Boom bap,went cowboy futuristic santa claus upgrades people upgrades,507
Nas,Boom bap,old town road cowboy rodeo vampire panini future nas holiday new future bad santa,254
Nas,Boom bap,roles song santa claus lil nas elf lil nas toy figure lil nas cyborg lil nas robots robots,647
Nas,Boom bap,lil nas went,410
Nas,Boom bap,lil nas manager video budget lil nas yes,249
Nas,Boom bap,song always slap,5
Nas,Boom bap,mum son wtf listening hehe bad michael jackson,462
Nas,Boom bap,2020 roblox guy 2021 sliding pole hell,435
Nas,Boom bap,guys wont holiday without nas comeback soon wish well health,3
Nas,Boom bap,dont even tell said might bottom low top shit love,215
Nas,Boom bap,old town road cowboy holiday santa claus 2050 smook taby fav music video,482
Nas,Boom bap,platinum santa doesnt exist cant make vibe platinum santa,388
Nas,Boom bap,one remembers playing minecraft minigames built game golden timw childhood,4
Nas,Boom bap,coronavirus starts ruining christmas grandma coming surprise,846
Nas,Boom bap,imagine song goes christmas radio station would cool,415
Nas,Boom bap,people looking santa north pole lil nas upd guys thx 531 likes,494
Nas,Boom bap,cant believe song already came months ago,345
Nas,Boom bap,production much silver want wear lil naz yes,224
Nas,Boom bap,feel like watched full christmas movie,5
Nas,Boom bap,might bottom low top shit hardest bar fight,237
Nas,Boom bap,hehe bad michael jackson catchy,488
Nas,Boom bap,hee hee bad michael jackson fav part song,352
Nas,Boom bap,song underrated ngl,2
Nas,Boom bap,holidays suck year lil nas say,529
Nas,Boom bap,year later still feels like christmas,1729
Nas,Boom bap,hes like michael bublé comes hiding holiday time,402
Nas,Boom bap,still one dopest xmas music videos,8
Nas,Boom bap,dude production song better fallout,374
Nas,Boom bap,merry christmas yall,373
Nas,Boom bap,team many wigs wanna snatch visuals lil nas yes,233
Nas,Boom bap,yall life much better came,10
Nas,Boom bap,old town road cowboy panini robotchowder rodeo vampire holiday santa,309
Nas,Boom bap,yall calling old town road guy roblox guy lmao,720
Nas,Boom bap,year 2220 everything futuristic robotic elves also year 2220 elves still playing ps5 023,308
Nas,Boom bap,still streaming one every december,3
Nas,Boom bap,fire hehe bad michael jackson,272
Nas,Boom bap,producer much actors want lil nas hehe yes,856
Nas,Boom bap,already years damn,5
Nas,Boom bap,dont think people understand unique nas music varied supports supporting smook taby music video old friend,321
Nas,Boom bap,mom play holiday music hey siri play holiday lil nas,774
Nas,Boom bap,fun fact clip today everyone think clip,12
Nas,Boom bap,santa doesnt look like letting house,428
Nas,Boom bap,song always hits hard every december,2326
Nas,Boom bap,old town road inappropriate word panini none holiday cussing left right,222
Nas,Boom bap,cant believe years ago,3
Nas,Boom bap,hee heeim bad michael jackson dun dun dun holiday lmaoo commented like,328
Nas,Boom bap,isnt soundtrack netflix christmas movie ima upset,226
Nas,Boom bap,imagine many people listening right,239
Nas,Boom bap,last normal song lil nas,4
Nas,Boom bap,hee hee bad michael jackson definitely favorite part,775
Nas,Boom bap,doctor every dream means something dreams,436
Nas,Boom bap,people disliked arent bad micheal jackson,243
Nas,Boom bap,merry christmas everybody,3
Nas,Boom bap,whoever makes music videos talent,495
Nas,Boom bap,nobody santa lets give man another million views,524
Nas,Boom bap,okay yes song fire take moment appreciate much work video must taken,229
Nas,Boom bap,yrs later song still tuff,2
Nas,Boom bap,lil nas popular made real life,241
Nas,Boom bap,hehe bad michael jackson proceeds michael jackson move,277
Nas,Boom bap,2019 wanna cowboy 2020 wanna vampire 2021 wanna santa,653
Nas,Boom bap,bro remember first dropped cousins hype,4
Nas,Boom bap,black santa every christmas raps holiday songs,505
Nas,Boom bap,old town road cowboy holiday santa claus 2050 smook taby fav music video,698
Kendrick Lamar,Boom bap,song makes want read terms conditions,9692
Kendrick Lamar,Boom bap,editor effects travis travis know stand fast editor say,10795
Kendrick Lamar,Boom bap,one day left free trial gotta try effects,40028
Kendrick Lamar,Boom bap,travis scott ever see windows virus editor say,3668
Kendrick Lamar,Boom bap,editor travis kinda effects want thing man travis everything,20490
Kendrick Lamar,Boom bap,quiet kid school never says word quiet kid home,2230
Kendrick Lamar,Boom bap,reporter scale high travis yes,2267
Kendrick Lamar,Boom bap,battery melistens song battery ill wait,19018
Kendrick Lamar,Boom bap,editor effects want travisyes,3547
Kendrick Lamar,Boom bap,travis editor say,726
Kendrick Lamar,Boom bap,high drugs cop yes travis,20583
Kendrick Lamar,Boom bap,911 emergency girl hear shots 911 gun sounds like girl prr prr prr,4600
Kendrick Lamar,Boom bap,cant deny travis scott bag since day one authentic views dawt cawm boost another level dudes literally unstoppable,14
Kendrick Lamar,Boom bap,editor effects want travis ever rubbed eyes really hard long time editor say,1871
Kendrick Lamar,Boom bap,editor effects want travis keep simple dont overdo editor say,2142
Kendrick Lamar,Boom bap,manager effects want travis scott yes,1513
Kendrick Lamar,Boom bap,editor travis type effect want bruh travis scott high hell holding blunt ass ever ate pack crayons,5076
Kendrick Lamar,Boom bap,drug dealer purple travis maybe,388
Kendrick Lamar,Boom bap,kendrick hard asf thro,28
Kendrick Lamar,Boom bap,producer much bass travis yess,15996
Kendrick Lamar,Boom bap,producer effects travis scott epilepsy,17964
Kendrick Lamar,Boom bap,producer effects want travis ever tripped acid,1328
Kendrick Lamar,Boom bap,get goosebumps come around,8
Kendrick Lamar,Boom bap,producer colors black white travis scott epilepsy mode thanks likes hah,1979
Kendrick Lamar,Boom bap,editorwhat effects want travis ever snorted car paint,1107
Kendrick Lamar,Boom bap,editor many effects want travis ever use drugs,2560
Kendrick Lamar,Boom bap,goosebumps ftkendrick sicko mode ftdrake,11
Kendrick Lamar,Boom bap,travis see rainbow editor say,2992
Kendrick Lamar,Boom bap,song makes wanna put microwave food,492
Kendrick Lamar,Boom bap,editor hey effects want travis ever stood quickly laying,1530
Kendrick Lamar,Boom bap,cant believe tell people came jail addicted homeless husband home good job song clover cage final round two songs helped get depression want people know things get better together gem,14
Kendrick Lamar,Boom bap,producer effects want travis,5775
Kendrick Lamar,Boom bap,editor effects would like travis yes,2728
Kendrick Lamar,Boom bap,realize comments random song makes want,1390
Kendrick Lamar,Boom bap,travis torcendo pra gente foi insano surreal,2
Kendrick Lamar,Boom bap,editorwhat kind video want travisever seizure editorsay,1854
Kendrick Lamar,Boom bap,director adding special effects tell stop travis scott,544
Kendrick Lamar,Boom bap,song addictive cant deny travis scott bag since day one authentic views dawt cawm boost another level dudes literally unstoppable,24
Kendrick Lamar,Boom bap,rappers song travis scott kendrick lamar barking dogs,1294
Kendrick Lamar,Boom bap,years later still vibing dat fire ahhh track,10
Kendrick Lamar,Boom bap,producer typa beat want travis something people epilepsy relate,1201
Kendrick Lamar,Boom bap,directorwant special effects travis ever lsd,1348
Kendrick Lamar,Boom bap,travis scott releases video epileptic fans joke,1114
Kendrick Lamar,Boom bap,travis effects want editor travis edit video,1876
Kendrick Lamar,Boom bap,fortnite makes travis scott event seeing every old travis scott songs getting bigger spotifys top list,957
Kendrick Lamar,Boom bap,editorwhat want bro travis scott ever got flash banged cod editorsay,800
Kendrick Lamar,Boom bap,editor many colors want travis yes,2308
Kendrick Lamar,Boom bap,editor say travis didnt say anything,6786
Kendrick Lamar,Boom bap,producer kind video want travis ever almost fucking die epileptic seizure fam producer say,1467
Kendrick Lamar,Boom bap,weeks college graduation banger came beautiful time beautiful moment get goosebumps everytime,3
Kendrick Lamar,Boom bap,editor effects want travis scott ever acid,1289
Kendrick Lamar,Boom bap,dealer much drugs want travis sey,2359
Kendrick Lamar,Boom bap,pruducer many effects travis epilepsy,771
Kendrick Lamar,Boom bap,peter piper picked pepper lyrical genius kendrick lyrical genius,2
Kendrick Lamar,Boom bap,director many special effects want travis yes,1939
Kendrick Lamar,Boom bap,editor jokes aside honestly cant imagine editor,1682
Kendrick Lamar,Boom bap,editor getting free trial day glad yall like lol,971
Kendrick Lamar,Boom bap,nothing loud nothing rushed vibes listen song today,12
Kendrick Lamar,Boom bap,waitress soup salad travis yes,842
Kendrick Lamar,Boom bap,song makes wanna tell teacher raise hand wanna speak,4422
Kendrick Lamar,Boom bap,editor want video look like travis ever stand quick,2145
Kendrick Lamar,Boom bap,brooooo views 10m likes whos 2026,5
Kendrick Lamar,Boom bap,editor effects want travis travis youve asked many times,449
Kendrick Lamar,Boom bap,editor aight fam whats favorite drug travis yes,1437
Kendrick Lamar,Boom bap,editor kind effects want travis ever played infinite warfare zombies editor say fam,581
Kendrick Lamar,Boom bap,253 crazy flow,4
Kendrick Lamar,Boom bap,travis effect want editor travis edit video,1049
Kendrick Lamar,Boom bap,editor effects want travis yes,4924
Kendrick Lamar,Boom bap,computer 43747gb graphics get goosebumps everytime,3428
Kendrick Lamar,Boom bap,still hits years later,12
Kendrick Lamar,Boom bap,director always high shooting travis yes,3174
Kendrick Lamar,Boom bap,editor effects want travis know feeling rub eyes little hard editor say,3195
Kendrick Lamar,Boom bap,song makes wanna sit watch couch,2874
Kendrick Lamar,Boom bap,feel need let chest came jail addicted homeless husband home good job song clover cage final round two songs helped get depression want people know things get better together unit,2
Kendrick Lamar,Boom bap,song makes wanna steal free samples,3261
Kendrick Lamar,Boom bap,feel like travis sees world around normal basis lmaooo,3905
Kendrick Lamar,Boom bap,never forget thanks likes little junkies3,755
Kendrick Lamar,Boom bap,one goat verses kdot,2
Kendrick Lamar,Boom bap,get scared everytime hear dog bark 230 earbuds sounds like bitch right beside,326
Kendrick Lamar,Boom bap,special effects want travis scott yes,2357
Kendrick Lamar,Boom bap,editor kind video would like travis ever bad trip editor say,1490
Kendrick Lamar,Boom bap,kdot slayed high pitch,2
Kendrick Lamar,Boom bap,special effects want travis yes,3557
Kendrick Lamar,Boom bap,producerwhat effects want travisall producersay,4878
Kendrick Lamar,Boom bap,showed epilepsy friend loves dancing floor,1442
Kendrick Lamar,Boom bap,song always hard matter year,4
Kendrick Lamar,Boom bap,special effects guy want flashing ligh travis scott yes,475
Kendrick Lamar,Boom bap,stein looking check,280
Kendrick Lamar,Boom bap,song makes wanna call sick doctors appointment,1726
Kendrick Lamar,Boom bap,maaaaan used live crazy blessing still alive takes back youre lucky live learn rip ones didnt make living different yall rip,2
Kendrick Lamar,Boom bap,editor effects want use video travis yes,5143
Kendrick Lamar,Boom bap,whoever edited intro deserves much,3068
Kendrick Lamar,Boom bap,director effects want travis scott ever eaten glow stick,6145
Kendrick Lamar,Boom bap,song reminds time time watched tik tok day played fortnite went outside cousins listen travis juice wrld 6ix9ine uzi kanye dont know certain feeling got 2017 summer never felt good times,2
Kendrick Lamar,Boom bap,editor would like travis yes,512
Kendrick Lamar,Boom bap,song makes want tell parents theyre adopted,1459
Kendrick Lamar,Boom bap,directorwhat effects want travisall,3235
Kendrick Lamar,Boom bap,call goofy never broke,6
Kendrick Lamar,Boom bap,listened dads lexus rolls royce,298
Kendrick Lamar,Boom bap,song made virus get computer edit make music videos yall watch,1468
Kendrick Lamar,Boom bap,song makes weed high,1483
Kendrick Lamar,Boom bap,sedation level music takes highmost level sedation calmness highness level mixtureness greatness guess mess haze phase less makes best prophase meta ana telo phase life phase death phase god race vibe trace high race life grace,6
Kendrick Lamar,Boom bap,every travis scott fan gets handed aux cord puts goosebumps whole car freaks,494
Kendrick Lamar,Boom bap,editor effects want travis yes,2387
Kendrick Lamar,Boom bap,travis scott right way use autotune,2582
Kendrick Lamar,Boom bap,travis scott really said fuck epilepsy kids,991
Kendrick Lamar,Boom bap,powerpoint presentations one kid like,586
Kendrick Lamar,Boom bap,wow song still top tier timeless never gets older,3
Kendrick Lamar,Boom bap,beat dropped harder math grades,2511
Kendrick Lamar,Boom bap,editor effects want travis epilepsy editor gotchu bruv,763
Kendrick Lamar,Boom bap,producer much special effects want trav yes,345
Kendrick Lamar,Boom bap,exactly years release,4
Kendrick Lamar,Boom bap,editor effects travis big red button,289
Kendrick Lamar,Boom bap,still get goosebumps everytime,2801
Kendrick Lamar,Boom bap,savage nowadays dont give seizure warnings,2346
Kendrick Lamar,Boom bap,get goosebumps every time need hymen,5
Kendrick Lamar,Boom bap,ong makes wanna sit watch couch,587
Kendrick Lamar,Boom bap,editor many epilepsy lights want travis yes,634
Kendrick Lamar,Boom bap,song makes want tell corona wash hands,1138
Kendrick Lamar,Boom bap,anyone else vibing masterpiece 2026 energy song timeless whats favorite line,3
Kendrick Lamar,Boom bap,song makes wanna donate blood crip,1499
Kendrick Lamar,Boom bap,director much epilepsy want travis kendrick yuh,593
Kendrick Lamar,Boom bap,travis yes editor havent even said anything,402
Kendrick Lamar,Boom bap,song makes want like like,461
Kendrick Lamar,Boom bap,bet travis got dem goosebumps found kylie pregnant,218
Kendrick Lamar,Boom bap,welcome comment section song makes showed,653
Kendrick Lamar,Boom bap,isnt genre cinematography thing brought,1
Kendrick Lamar,Boom bap,song make wanna teach teachers,730
Kendrick Lamar,Boom bap,editer much lights colors want travis travis yes thanks much 550 likes likes ive ever gotten,514
Kendrick Lamar,Boom bap,police officer happend last night boys,548
Kendrick Lamar,Boom bap,bringing 2026 travis goat,6
Kendrick Lamar,Boom bap,producer much effects travis ever done lsd drugs time,163
Kendrick Lamar,Boom bap,song makes want buy free sample,1196
Kendrick Lamar,Boom bap,song makes weed want smoke,919
Kendrick Lamar,Boom bap,hate give brought back,4
Kendrick Lamar,Boom bap,nobody literally nobody travis video editor fuck storyline edit,218
Kendrick Lamar,Boom bap,song makes want tell santa parents fake,342
Kendrick Lamar,Boom bap,song makes wanna dip milk oreos,2815
Kendrick Lamar,Boom bap,travis las 3am todo fumadooo con realidad alterada,3
Kendrick Lamar,Boom bap,remembers spelled name travi scott,769
Kendrick Lamar,Boom bap,2017 years ago 2017 years ago,2515
Kendrick Lamar,Boom bap,holy shit travis scott burger man,326
Kendrick Lamar,Boom bap,years still hit cant deny travis scott bag since day one hipviews dawt cawm boost another level dudes literally unstoppable,2
Kendrick Lamar,Boom bap,song makes wanna turn lights car dad driving,1381
Kendrick Lamar,Boom bap,travis effec editor know shut,346
Kendrick Lamar,Boom bap,days corona drink edit thanks 400 likes,409
Kendrick Lamar,Boom bap,kendrick doesnt miss,2
Kendrick Lamar,Boom bap,editor effects want travis little sodium chloride,468
Kendrick Lamar,Boom bap,editor effects want travis epilepsy,319
Kendrick Lamar,Boom bap,brother epilepsy liked much hes rolling around floor shaking,472
Kendrick Lamar,Boom bap,hiding world came jail addicted homeless husband home good job song clover cage final round two songs helped get depression want people know things get better together one make,1
Kendrick Lamar,Boom bap,song make feel nostalgic aint even old,2801
Kendrick Lamar,Boom bap,reason bothers say get goosebumps every time yeah like stine yeah,1387
Kendrick Lamar,Boom bap,song makes drugs want,313
Kendrick Lamar,Boom bap,song always sent best trip ever,1
Kendrick Lamar,Boom bap,read comment think damn said,1585
Kendrick Lamar,Boom bap,would kill listen goosebumps first time,317
Kendrick Lamar,Boom bap,even tho mainstream lowk banger love jesus trav,1
Kendrick Lamar,Boom bap,kendrick lamar sound like spongebob went thru puberty,392
Kendrick Lamar,Boom bap,gon pull brr brr brr,3
Kendrick Lamar,Boom bap,ceo havin haircut whole career,578
Kendrick Lamar,Boom bap,moment silence people searched get goosebumps every time,247
Kendrick Lamar,Boom bap,song makes want put bank money,1272
Kendrick Lamar,Boom bap,saw version song today 32426 lit still,2
Kendrick Lamar,Boom bap,song makes wanna donate blood crip,3881
Kendrick Lamar,Boom bap,songs makes wanna comment songs makes,243
Kendrick Lamar,Boom bap,producer much specials effect want travis yes,349
Kendrick Lamar,Boom bap,2026 song best song lot things,4
Kendrick Lamar,Boom bap,everyone wow song lit rolling around floor seizure epilepsy warning edit wow thanks 523 likes,479
Kendrick Lamar,Boom bap,song makes want ask dog take walk,3481
Kendrick Lamar,Boom bap,song makes wanna tell extroverted friend going outside,574
Kendrick Lamar,Boom bap,many get goosebumps song playing,2
Kendrick Lamar,Boom bap,congratulations found english comment,2507
Kendrick Lamar,Boom bap,song makes want eat chicken bone throw away meat,2472
Kendrick Lamar,Boom bap,song makes wanna diagnose doctor,782
Kendrick Lamar,Boom bap,second time listening travis scott bday today happy birthday 043026,3
Kendrick Lamar,Boom bap,moment silence people get nightmares epilepsy,309
Kendrick Lamar,Boom bap,song makes want make england city,246
Kendrick Lamar,Boom bap,many bored listening travis scott quarantine,147
Kendrick Lamar,Boom bap,usually would never ever share private information lifebut could save people music medicine listen another world song clover cage favored god two songs helped get depression want people know things get better together team,2
Kendrick Lamar,Boom bap,travis hey editor say,591
Kendrick Lamar,Boom bap,song made call work work,792
Kendrick Lamar,Boom bap,years damn feels like week,342
Kendrick Lamar,Boom bap,editor effects travis yes,404
Kendrick Lamar,Boom bap,song make wanna lick finger turn page ipad,330
Kendrick Lamar,Boom bap,get book store travis scott,280
Kendrick Lamar,Boom bap,next level energy,1
Kendrick Lamar,Boom bap,producer much epilepsy want travisyes,176
Kendrick Lamar,Boom bap,people think ifruit radio,345
Kendrick Lamar,Boom bap,may get one cactus jack meal sicko mode sauce,270
Kendrick Lamar,Boom bap,billion views crazy,6
Kendrick Lamar,Boom bap,travis kendrick goated duo cant deny travis scott bag since day one hipviews dawt cawm boost another level dudes literally unstoppable,5
Kendrick Lamar,Boom bap,yes finally found dumb song tiktok ads really dig track man joke,2
Kendrick Lamar,Boom bap,editor effects want travis yes,574
Kendrick Lamar,Boom bap,yes finally found dumb song tiktok ads really dig track man joke,3
Kendrick Lamar,Boom bap,song makes want call 911 say whats emergency,5061
Kendrick Lamar,Boom bap,cole conflicted kdot sit,15701
Kendrick Lamar,Boom bap,song makes want call someone say sorry cant talk right,9201
Kendrick Lamar,Boom bap,song makes want bite zombie see turns human,4488
Kendrick Lamar,Boom bap,song makes wanna call someone tell cant talk right,3845
Kendrick Lamar,Boom bap,song makes wanna tell teacher raise hand talks,4238
Kendrick Lamar,Boom bap,song makes want call principal office,11528
Kendrick Lamar,Boom bap,song makes wanna tell teacher raise hand talking,5182
Kendrick Lamar,Boom bap,song makes want tell president vote,4866
Kendrick Lamar,Boom bap,gabriel fires budapest sky,100
Kendrick Lamar,Boom bap,song makes want read terms conditions decline,25387
Kendrick Lamar,Boom bap,song makes wanna agree terms service,1982
Kendrick Lamar,Boom bap,song makes wanna tell boss fired,5925
Kendrick Lamar,Boom bap,little drake know kendrick actually dropped diss track years ago,33904
Kendrick Lamar,Boom bap,song makes wanna tell ghosts humans arent real,3510
Kendrick Lamar,Boom bap,140 make play fucking whole life fact lie,33402
Kendrick Lamar,Boom bap,came cleanse ears,60
Kendrick Lamar,Boom bap,producer many bald guys want kendrick yes,16939
Kendrick Lamar,Boom bap,quit season still greatest fonk dont lie,23722
Kendrick Lamar,Boom bap,song makes want read comments song makes people want,96601
Kendrick Lamar,Boom bap,2026 still better drakes new album,97
Kendrick Lamar,Boom bap,song makes wanna tell mom take trash update heaven,11115
Kendrick Lamar,Boom bap,diss songs went viralllll,3176
Kendrick Lamar,Boom bap,song makes wanna tell grandmother hungry,69852
Kendrick Lamar,Boom bap,song makes want tell teacher cant bathroom end class,2769
Kendrick Lamar,Boom bap,fun fact track kendrick lamar challenged rappers humble sit,2226
Kendrick Lamar,Boom bap,song makes wanna hire babysitter parents,2508
Kendrick Lamar,Boom bap,turns make play fucking whole life wasnt empty threat,2534
Kendrick Lamar,Boom bap,make play fcking whole life crazy retrospect omg,13025
Kendrick Lamar,Boom bap,song makes want rob store say dollars,3045
Kendrick Lamar,Boom bap,years ago today kendrick lamar dropped song,26
Kendrick Lamar,Boom bap,song makes wanna tell corona wash hands,2706
Kendrick Lamar,Boom bap,song makes wanna cancel doctors appointment sick,2612
Kendrick Lamar,Boom bap,song makes wanna tell coronavirus quarantine,5804
Kendrick Lamar,Boom bap,song makes wanna tell bald people get haircut,917
Kendrick Lamar,Boom bap,song makes want study drug test,3537
Kendrick Lamar,Boom bap,song makes wanna give grandpa life lessons,3489
Kendrick Lamar,Boom bap,song makes wanna tell teacher shes late class,2970
Kendrick Lamar,Boom bap,song makes want want look crossing street,1974
Kendrick Lamar,Boom bap,still watch kendrick videos 2026,73
Kendrick Lamar,Boom bap,song makes want read terms conditions,7122
Kendrick Lamar,Boom bap,vividly remember dropped years old wild,983
Kendrick Lamar,Boom bap,song makes want eat popcorn movie starts,1912
Kendrick Lamar,Boom bap,humble heavens universal master blessings lives everywhere amen,1
Kendrick Lamar,Boom bap,song makes want tell quarantine stay inside,6584
Kendrick Lamar,Boom bap,make play fucking whole life stayed true 2024,748
Kendrick Lamar,Boom bap,dot killed mans career weekend bro,10552
Kendrick Lamar,Boom bap,song makes wanna call sick doctors appointment,4325
Kendrick Lamar,Boom bap,song makes cole wanna apologize,1511
Kendrick Lamar,Boom bap,makes want meet kendrick lamar ask wants autograph,3391
Kendrick Lamar,Boom bap,listening humble everyday year day,14
Kendrick Lamar,Boom bap,song makes want tell boss fired,4574
Kendrick Lamar,Boom bap,miss days youtube comments section wasnt goddamn calendar,1748
Kendrick Lamar,Boom bap,song makes wanna tell librarian lower voice,3346
Kendrick Lamar,Boom bap,song makes wanna wake alarm clock,2194
Kendrick Lamar,Boom bap,finally hit billion,16046
Kendrick Lamar,Boom bap,song makes wanna send teacher principals office,3344
Kendrick Lamar,Boom bap,arsenal epl champion,16
Kendrick Lamar,Boom bap,song makes wanna say,2578
Kendrick Lamar,Boom bap,song makes want call dominos ask theyd like order,601
Kendrick Lamar,Boom bap,song makes want tell gordon ramsey find lamb sauce,5536
Kendrick Lamar,Boom bap,arsenal finally premier league champions,41
Kendrick Lamar,Boom bap,editor effects want kendrick bald,1504
Kendrick Lamar,Boom bap,type comment section keeps youtube hours,1732
Kendrick Lamar,Boom bap,beef songs 10x harder like new level respect,9063
Kendrick Lamar,Boom bap,bottlers need listen masterpiece often,4
Kendrick Lamar,Boom bap,song makes wanna ask 911 emergency,2200
Kendrick Lamar,Boom bap,song makes wanna tell boss hes fired,5162
Kendrick Lamar,Boom bap,song makes want tell barber dont like cut,3828
Kendrick Lamar,Boom bap,song makes wanna donate blood crip,461
Kendrick Lamar,Boom bap,song makes want smoke burning side cigarette,1966
Kendrick Lamar,Boom bap,song makes want ask dog could pet owner,920
Kendrick Lamar,Boom bap,yoooooo listening kendrick songs wit dis one,6
Kendrick Lamar,Boom bap,song makes wanna tell gordon ramsey scallops raw,1082
Kendrick Lamar,Boom bap,kendrick humble also kendrick realest schizophrenia welcome kendrick,330
Kendrick Lamar,Boom bap,whos like music video got deleted hin also reuploading luther,51
Kendrick Lamar,Boom bap,song makes want wake alarm clock,3615
Kendrick Lamar,Boom bap,song makes wanna look crossing street,15603
Kendrick Lamar,Boom bap,song makes want call bank tell closed holidays,294
Kendrick Lamar,Boom bap,arsenal fans humble coyg yesss,5
Kendrick Lamar,Boom bap,song makes wanna ask taxi driver hes going,1042
Kendrick Lamar,Boom bap,song makes want break somebodys house install security system,1026
Kendrick Lamar,Boom bap,songs makes wanna ask police officer license registration,798
Kendrick Lamar,Boom bap,053 like gabriel magalhaes miss went viral,8
Kendrick Lamar,Boom bap,song makes want tell gordon ramsay overcooked risotto,2659
Kendrick Lamar,Boom bap,years later grammies super bowl halftime shows pulitzer glad see manifested,1642
Kendrick Lamar,Boom bap,song makes wanna play wii without safety strap,617
Kendrick Lamar,Boom bap,know kendrick made song whole time,1
Kendrick Lamar,Boom bap,song makes wanna study drug test,861
Kendrick Lamar,Boom bap,song makes want tell grandma shes hungry,958
Kendrick Lamar,Boom bap,kendrick wining beef,448
Kendrick Lamar,Boom bap,song makes wanna tell parents time bed,3171
Kendrick Lamar,Boom bap,song makes wanna tell vegetables eat kids,4021
Kendrick Lamar,Boom bap,everyone song makes wanna get bald people,3090
Kendrick Lamar,Boom bap,song makes want tell teacher raise hand wants speak,2389
Kendrick Lamar,Boom bap,make wanna tell mom pause cooking,2061
Kendrick Lamar,Boom bap,time conversation kendrick greatest rapper time,7
Kendrick Lamar,Boom bap,girls prepared corona waay early man,4964
Kendrick Lamar,Boom bap,song makes wanna tell dentist brush teeth,5661
Kendrick Lamar,Boom bap,song makes wanna ask bus driver stop getting,2236
Kendrick Lamar,Boom bap,erling haaland say gabriel hes win champions league 106,6
Kendrick Lamar,Boom bap,song makes wanna tell santa parents arent real,2746
Kendrick Lamar,Boom bap,2017 wow banger 2024,999
Kendrick Lamar,Boom bap,song makes wanna put crush friend zone,6105
Kendrick Lamar,Boom bap,listening humble everyday year day,13
Kendrick Lamar,Boom bap,getting rap battle kendrick lamar first thing listen humble,836
Kendrick Lamar,Boom bap,song makes wanna tell crush like friend,68763
Kendrick Lamar,Boom bap,listening humble everyday year day,10
Kendrick Lamar,Boom bap,song makes want tell boss hes fired,883
Kendrick Lamar,Boom bap,song makes want tell parents adopted,1906
Kendrick Lamar,Boom bap,song makes want call 911 ask whats emergency,3753
Kendrick Lamar,Boom bap,listening humble everyday year day,6
Kendrick Lamar,Boom bap,proven song make people things,4045
Kendrick Lamar,Boom bap,song makes want stand feet inches someone,2942
Kendrick Lamar,Boom bap,years later still dont song makes want,1002
Kendrick Lamar,Boom bap,first time listening song man glad clicked,3
Kendrick Lamar,Boom bap,song makes want tell mum theres food home wants eat,700
Kendrick Lamar,Boom bap,today kendrick made feel good stretchmarks,2206
Kendrick Lamar,Boom bap,song makes wanna burger king ask big mac,515
Kendrick Lamar,Boom bap,thats freaking goat,4
Kendrick Lamar,Boom bap,song makes want bring mattress pillow fight,7577
Kendrick Lamar,Boom bap,song makes want fire boss,1650
Kendrick Lamar,Boom bap,song makes wanna tell parents babies come,824
Kendrick Lamar,Boom bap,listening humble everyday year day,15
Kendrick Lamar,Boom bap,song makes want ride helmet bike bruh completely forgot many likes like years,3914
Kendrick Lamar,Boom bap,song makes want ask employee store need help finding anything,355
Kendrick Lamar,Boom bap,song makes want put phone sim card,1655
Kendrick Lamar,Boom bap,song makes want turn corrupt society live live woods,2
Kendrick Lamar,Boom bap,ten seconds song better lil pump whole career,3012
Kendrick Lamar,Boom bap,song makes wanna steal free sample,3063
Kendrick Lamar,Boom bap,song makes want give doctor prescription,644
Kendrick Lamar,Boom bap,kendrick man play song everytime someone ego backfires,3
Kendrick Lamar,Boom bap,song makes want say youre welcome someone favor,333
Kendrick Lamar,Boom bap,song makes want reply comment ever see comment begging pls read comment section ull understand,2655
Kendrick Lamar,Boom bap,song makes want tell teacher raise hand speaking,531
Kendrick Lamar,Boom bap,song makes want call crush tell likes,3541
Kendrick Lamar,Boom bap,comments showed ________ song makes want,1833
Kendrick Lamar,Boom bap,song makes wanna tell teacher hes late,1177
Kendrick Lamar,Boom bap,hes slowly bringing back prime rap edit already,3
Kendrick Lamar,Boom bap,whos back kendrick dropped euphoria,1240
Kendrick Lamar,Boom bap,song makes wanna apple store get big mac,390
Kendrick Lamar,Boom bap,life good songs like dropped,4150
Kendrick Lamar,Boom bap,listening humble everyday year day,4
Kendrick Lamar,Boom bap,song makes want wake dad school,494
Kendrick Lamar,Boom bap,song makes want tell teacher raise hand talking,518
Kendrick Lamar,Boom bap,people nerve say kdot never hits song summer anthem,524
Kendrick Lamar,Boom bap,happy year anniversary greatest song,6
Kendrick Lamar,Boom bap,song makes wanna tell doctor minutes left,779
Kendrick Lamar,Boom bap,song makes want drink coke pepsi bottle,1625
Kendrick Lamar,Boom bap,one gonna talk well edited camera work anything dope,6646
Kendrick Lamar,Boom bap,stay humble assna fans,8
Kendrick Lamar,Boom bap,song makes want wear socks shoes,3058
Kendrick Lamar,Boom bap,song makes want bald dude say dont like cut,619
Kendrick Lamar,Boom bap,genuinely one favorite music videos shots cool,3
Kendrick Lamar,Boom bap,song makes wanna tell teacher raise hands wanna talk,585
Kendrick Lamar,Boom bap,song makes want steal free sample,266
Kendrick Lamar,Boom bap,kendrick said felt,528
Kendrick Lamar,Boom bap,hold assna come city,14
Kendrick Lamar,Boom bap,makes want call 911 ask emergency,518
Kendrick Lamar,Boom bap,song makes wanna teach snoop dogg roll joint,747
Kendrick Lamar,Boom bap,damn say find album turning years old today,561
Kendrick Lamar,Boom bap,way camera turn angles crazy,2
Kendrick Lamar,Boom bap,song makes want tell mom shes grounded,1201
Kendrick Lamar,Boom bap,song makes wanna sit watch couch,2252
Kendrick Lamar,Boom bap,song makes wanna disagree terms conditions,987
Kendrick Lamar,Boom bap,moment realize comments video song makes wanna,590
Kendrick Lamar,Boom bap,song makes want ask teacher homework,5177
Kendrick Lamar,Boom bap,song makes wanna eat right twix left twix factory,3256
Kendrick Lamar,Boom bap,lose bournemouth lose league,8
Kendrick Lamar,Boom bap,gon need like hundred bald black guys,1835
Kendrick Lamar,Boom bap,killing theres people thinks kendrick exist thanks like halftime show man serving banger decade,861
Kendrick Lamar,Boom bap,literally watching marathon dna humble back back stuff addicting,2500
Kendrick Lamar,Boom bap,sick camera work,2220
Kendrick Lamar,Boom bap,song makes want call pizza order delivery man,553
Kendrick Lamar,Boom bap,song makes want donate money billionaire,1867
Kendrick Lamar,Boom bap,listening humble everyday year day,3
Kendrick Lamar,Boom bap,song makes wanna pay free samples,245
Kendrick Lamar,Boom bap,song makes wanna tell judge hes guilty,263
Kendrick Lamar,Boom bap,song makes want cancel doctors appointment sick,781
Kendrick Lamar,Boom bap,sit city humble coyg,2
Kendrick Lamar,Boom bap,listening humble everyday year day,1880
Kendrick Lamar,Boom bap,listening humble everyday year day,49
Kendrick Lamar,Boom bap,song makes want break someones house install security system,1850
Kendrick Lamar,Boom bap,listening humble everyday year day,6
Kendrick Lamar,Boom bap,song makes wanna sit watch couch,943
Kendrick Lamar,Boom bap,song makes want tell parents theyre adopted,1406
Kendrick Lamar,Boom bap,listening humble everyday year day,6
Kendrick Lamar,Boom bap,listening humble everyday year day,17
Kendrick Lamar,Boom bap,listening humble everyday year day,4
Kendrick Lamar,Boom bap,listening humble everyday year day,17
Kendrick Lamar,Boom bap,listening humble everyday year day,8
Kendrick Lamar,Boom bap,listening humble everyday year day,22
Kendrick Lamar,Boom bap,listening humble everyday year day,8
Kendrick Lamar,Boom bap,listening humble everyday year day,8
Kendrick Lamar,Boom bap,listening humble everyday year day,2223
Kendrick Lamar,Boom bap,culture death end stepping point fly high chadwick boseman,18034
Kendrick Lamar,Boom bap,appreciate fact man went forward acting years straight even diagnosed colon cancer impressing fans marvels massive universe tough job magnificently rest power chadwick aaron boseman,41840
Kendrick Lamar,Boom bap,culture death end king tchalla rip chadwick boseman right stars close next great superhero,12288
Kendrick Lamar,Boom bap,dead cant forgotten tchalla long live king,14479
Kendrick Lamar,Boom bap,everyone listens song gets unexplainable feeling inside,89299
Kendrick Lamar,Boom bap,hard believe 2018 years ago,761
Kendrick Lamar,Boom bap,hands best song ever featured marvel movie,49
Kendrick Lamar,Boom bap,rip chadwick boseman may star shine brighter ever,119328
Kendrick Lamar,Boom bap,song hit different came theater watching black panther,1705
Kendrick Lamar,Boom bap,szas voice like whole damn orchestra,2658
Kendrick Lamar,Boom bap,song gotten oscar,7285
Kendrick Lamar,Boom bap,glad marvel actually got real life hero play black panther rip chadwick,27578
Kendrick Lamar,Boom bap,rip true black panther sorely missed,13543
Kendrick Lamar,Boom bap,continue resting peace black panther,37
Kendrick Lamar,Boom bap,shame song didnt reach billion deserves,42630
Kendrick Lamar,Boom bap,sza said better live life running outta time felt,6814
Kendrick Lamar,Boom bap,hearing leaving theater prime life,5896
Kendrick Lamar,Boom bap,years later still masterpiece rip chadwick aka tchalla,23
Kendrick Lamar,Boom bap,szas voice hypnotic words sings becomes captivating,2918
Kendrick Lamar,Boom bap,culture death end tchalla yes see rest peace chadwick one black panther heart,3649
Kendrick Lamar,Boom bap,said better live life runnin outta time hits home,5291
Kendrick Lamar,Boom bap,still one fav songs 2026 yall,131
Kendrick Lamar,Boom bap,shall die take cut little stars make face heaven fine world love night pay worship garish sun rip king,1975
Kendrick Lamar,Boom bap,way sza say better live life,2972
Kendrick Lamar,Boom bap,one kendrick verse hit stronger rappers entire careers damn,2619
Kendrick Lamar,Boom bap,nostalgia listen masterpiece underrated 2026,19
Kendrick Lamar,Boom bap,voice sza something different,15824
Kendrick Lamar,Boom bap,kendrick lamar said hate people feel entitled facts,3709
Kendrick Lamar,Boom bap,culture death end king tchalla rip chadwick boseman,21863
Kendrick Lamar,Boom bap,last shot video always grabbed,7
Kendrick Lamar,Boom bap,cant belive years since release thanks kendrick sza rip chadwick boseman,6264
Kendrick Lamar,Boom bap,rip chadwick boseman know day hour,9905
Kendrick Lamar,Boom bap,marvel use anyone else black panther passed like chadwick boseman literally black panther like one,1531
Kendrick Lamar,Boom bap,szas voice omg obsessed,6
Kendrick Lamar,Boom bap,sza one beautiful voices ive ever heard,2648
Kendrick Lamar,Boom bap,unexplainable feeling happiness adventure nostalgia sense excitement future,3090
Kendrick Lamar,Boom bap,culture death end,5425
Kendrick Lamar,Boom bap,long live chadwick boseman,11
Kendrick Lamar,Boom bap,die goal isnt live forever goal create something rest peace chadwick boseman,19628
Kendrick Lamar,Boom bap,better live life running time damn,1471
Kendrick Lamar,Boom bap,beat production video lyrics singing rapping song beautiful,5902
Kendrick Lamar,Boom bap,never forget movie theater end black panther almost surreal experience absolutely perfect movie absolutely perfect song never forget car ride home could think amazing experience seeing black panther theaters went bed song playing brain stay week absolutely extraordinary,11714
Kendrick Lamar,Boom bap,sza really outdid sounds angelic beyond underrated,14753
Kendrick Lamar,Boom bap,chadwick bosemans death sad remembered king,462
Kendrick Lamar,Boom bap,black panther lives forever,10
Kendrick Lamar,Boom bap,nobody ready rip everything related like soundtrack black panther hitting hard dont know write disturbed,3029
Kendrick Lamar,Boom bap,hearing end black panther majestic,970
Kendrick Lamar,Boom bap,song hits differently stars definitely closer,21648
Kendrick Lamar,Boom bap,2nd may 2026 still vibing masterpiece,48
Kendrick Lamar,Boom bap,song one brought life earth reality black panther music rip chadwick,7619
Kendrick Lamar,Boom bap,imagine many people listening right,4782
Kendrick Lamar,Boom bap,remember hearing black panther everyone cinema sat back listen,1626
Kendrick Lamar,Boom bap,song makes feel like world nothing touch peace forget problems whole world song heals way words cant express rip chadwick boseman,16
Kendrick Lamar,Boom bap,fight killmonger wasnt toughest battle life rip chadwick boseman,817
Kendrick Lamar,Boom bap,god snapped created sza,575
Kendrick Lamar,Boom bap,song super bowl fire,15993
Kendrick Lamar,Boom bap,kendricks respect women love friend incredible love,3
Kendrick Lamar,Boom bap,crazy song happy sad nostalgic time,1737
Kendrick Lamar,Boom bap,world needed disappeared,1691
Kendrick Lamar,Boom bap,song makes cry rest power king chadwick,3059
Kendrick Lamar,Boom bap,long live chadwick boseman hero screen real life may song reminder wakanda always live,1
Kendrick Lamar,Boom bap,fact comment section alive years amazing,3473
Kendrick Lamar,Boom bap,kendrick killing clown years,3199
Kendrick Lamar,Boom bap,heard meet grahams calm,7891
Kendrick Lamar,Boom bap,still connected adoring song emotions evokedjesus song still hits,6
Kendrick Lamar,Boom bap,killmonger bury ocean ancestors knew death better bondage facts,685
Kendrick Lamar,Boom bap,chills song gave end movie,7574
Kendrick Lamar,Boom bap,sza puts song together puts culture emotions song rlly shows,2086
Kendrick Lamar,Boom bap,really crazy chadwick fight colon cancer years went multiple surgeries still whole movies rest peace fly high chadwick,2
Kendrick Lamar,Boom bap,literally obsessed szas vocals,3964
Kendrick Lamar,Boom bap,finally catching drake disses,1328
Kendrick Lamar,Boom bap,song hits different late night drives,892
Kendrick Lamar,Boom bap,kendrick lamar greatest song writer time brotherone favorite songs,7
Kendrick Lamar,Boom bap,classic never get old rip chadwick boseman,2082
Kendrick Lamar,Boom bap,goal life live forever creating something wakanda forever,1836
Kendrick Lamar,Boom bap,culture death end stepping point reach hands bast sekhmet lead green veld run forever memory chadwick aaron boseman_,1903
Kendrick Lamar,Boom bap,arent enough words express much vibe song kendrick sza matter,5331
Kendrick Lamar,Boom bap,put kendrick lamar black panther movie,319
Kendrick Lamar,Boom bap,voice kendrick works well together,1370
Kendrick Lamar,Boom bap,6122026 culture death end stepping point fly high chadwick boseman,3
Kendrick Lamar,Boom bap,ion even like lol never knew drake late asl,1212
Kendrick Lamar,Boom bap,black panther best end credits song marvel movie,3438
Kendrick Lamar,Boom bap,love fact many people around world gathered celebrate great man thank king everything,3
Kendrick Lamar,Boom bap,cant believe years old already omfg,1169
Kendrick Lamar,Boom bap,hey reminder chadwich boseman stunts cancer rip legend,574
Kendrick Lamar,Boom bap,damn retarded vibing hard didnt catch stars coming closer represent black people world slowly becoming unified main message movie fault blame whoever made fire ass beat distracted lol,570
Kendrick Lamar,Boom bap,rest peace chadiwic buddy,5
Kendrick Lamar,Boom bap,anyone get weird feeling stomach listen,3118
Kendrick Lamar,Boom bap,wakanda forever chadwick boseman forever tchalla forever black panther forever,271
Kendrick Lamar,Boom bap,black panther best end credits time,3023
Kendrick Lamar,Boom bap,maybe dreams arent far away maybe stars closer think,4
Kendrick Lamar,Boom bap,remembering black panther ended came left theater special moment rest easy chadwick thank,1921
Kendrick Lamar,Boom bap,feel like despite fact one kendricks played famous songs still never feels overplayed emotion sza evokes chorus simply worldly incredible track incredible artists,1999
Kendrick Lamar,Boom bap,remember whole audience stayed seats even credits,697
Kendrick Lamar,Boom bap,song emotion cant express feel listen songits truely something else,7319
Kendrick Lamar,Boom bap,gonna hit hard super bowl halftime show,945
Kendrick Lamar,Boom bap,szas voice made song star real,1106
Kendrick Lamar,Boom bap,thank chadwick making childhood good black panthermay god put beautiful place heaven,4
Kendrick Lamar,Boom bap,whenever hear song feel emotion cant explain,15060
Kendrick Lamar,Boom bap,rip chadwick miss every day saw movie theaters came 2018,1434
Kendrick Lamar,Boom bap,matter much time passes black panther remain timeless marvel classic soundtrack produced one greatest rappers time icing cake,959
Kendrick Lamar,Boom bap,proud igbo thanks kendrick representation red skull caps,3
Kendrick Lamar,Boom bap,remember theatre watching movie ended credits started show everyone started packing stuff remember song started kid like people sat back took breath enjoyed life second,3255
Kendrick Lamar,Boom bap,felt like part black panther movie song end credits,701
Kendrick Lamar,Boom bap,years later song still vibe,4951
Kendrick Lamar,Boom bap,2026 video still gives chills sza beautiful,3
Kendrick Lamar,Boom bap,make wish come true hopefully kendrick plays halftime show sza gonna,1003
Kendrick Lamar,Boom bap,superbowl gave kendricks verse whole new meaning,802
Kendrick Lamar,Boom bap,damn lines bring bullet bring sword bring morgue cant bring truth,783
Kendrick Lamar,Boom bap,best song periodt,6
Kendrick Lamar,Boom bap,year man could cry right rest easy chadwick,1174
Kendrick Lamar,Boom bap,culture death end black panther rip chadwick,376
Kendrick Lamar,Boom bap,sza said better live life running time hits hard,1085
Kendrick Lamar,Boom bap,rip chadwick boseman black panther iconic film may remembered works movie especially,3
Kendrick Lamar,Boom bap,emotions song evokes truly unmatched,3957
Kendrick Lamar,Boom bap,let forget give credit creator music rip chadwick great actor,1292
Kendrick Lamar,Boom bap,want credit loosing winning mama thats realest shit drake cant relate,438
Kendrick Lamar,Boom bap,pure genius vibe,4
Kendrick Lamar,Boom bap,called fucking masterpiece shit beautiful,1940
Kendrick Lamar,Boom bap,comment section feels like long awaited family reunion living,286
Kendrick Lamar,Boom bap,else never wanted leave cinema song played,495
Kendrick Lamar,Boom bap,king tchalla thats gotta say kendrick sza,2
Kendrick Lamar,Boom bap,theres something kendricks songs never get old,2698
Kendrick Lamar,Boom bap,dont even want congratulations drake congratulated instagram selling 2017,285
Kendrick Lamar,Boom bap,time rumor losing weight upcoming movie meanwhile pain woke saddest news rest power king tchalla,488
Kendrick Lamar,Boom bap,eminem dropped venom post malone dropped spiderman kendrick dropped black panther thanos dropped gamora black widow dropped time alive,353
Kendrick Lamar,Boom bap,whos listening 2024 classic never get old rip chadwick boseman,721
Kendrick Lamar,Boom bap,mark words kendrick returns hes gonna trending like crazy,3072
Kendrick Lamar,Boom bap,june 2026 song still stings rip chadwick,1
Kendrick Lamar,Boom bap,heros die legends live forever rip chadwick boseman,851
Kendrick Lamar,Boom bap,song gives unexplainable feeling makes want cry amazing song definitely one best time,2542
Kendrick Lamar,Boom bap,coming back listen song remember watched movie years ago dressed watch black panther movie done brother walked way front theatre dancing song rip king tchalla chadwick boseman changed life showed worth really avengers superheroes movie changed everything taught showed things thank fly high king,518
Kendrick Lamar,Boom bap,miss grand star,12
Kendrick Lamar,Boom bap,putting black women crown jewel literally see art beyond breath taking,437
Kendrick Lamar,Boom bap,black panthers running along side kendrick lamar,1652
Kendrick Lamar,Boom bap,black panther really amazing soundtrack edit cinematography,4542
Kendrick Lamar,Boom bap,years bro still favourite gone never forgotten long live xxxtentacion,2
Kendrick Lamar,Boom bap,still one favourite songs cant believe didnt realize sza always hearing radio,3755
Kendrick Lamar,Boom bap,hearing song super bowl brought back hearing song first time literally amazing vibes,493
Kendrick Lamar,Boom bap,weird song still yet discovered many people think got views whole world population,1259
Kendrick Lamar,Boom bap,watching 2026 hits hard,32
Kendrick Lamar,Boom bap,already knew gonna amazing soon knew dave meyers little homies got disney budget make music video,445
Kendrick Lamar,Boom bap,hate people feel entitled,727
Kendrick Lamar,Boom bap,hate people feel entitled,826
Kendrick Lamar,Boom bap,anyone still vibin may 2026,55
Kendrick Lamar,Boom bap,literally best song ever ill never get tired,914
Kendrick Lamar,Boom bap,whole atmosphere song comforting,512
Kendrick Lamar,Boom bap,need meaningful music like rip black panther,636
Kendrick Lamar,Boom bap,black panther died legend never forget role kindness,2
Kendrick Lamar,Boom bap,szas voice soo good,599
Kendrick Lamar,Boom bap,years later still masterpiece goosebumps got song played credits black panther,738
Kendrick Lamar,Boom bap,remember black panther ended played shit legendary,434
Kendrick Lamar,Boom bap,song feels like whole universe visuals vibe message everything another level kendricks flow combined szas voice pure magic still hits every time,6
Kendrick Lamar,Boom bap,song makes feel outta world mixed emotions,316
Kendrick Lamar,Boom bap,wish songs like,4246
Kendrick Lamar,Boom bap,beginning vid imo connected michael jordans line black panther bury ocean ancestors jumped ships knew death better bondage sea hands represents jumped taken away home kendrick carried sea hands back started back home could wrong,421
Kendrick Lamar,Boom bap,black panther best credits presentation along dope song till mcu agrees,624
Kendrick Lamar,Boom bap,sza sang song even better super bowl voice gave still giving chills superbowl,330
Kendrick Lamar,Boom bap,convinced song never die,609
Kendrick Lamar,Boom bap,drake cant make music like timeless music,5
Kendrick Lamar,Boom bap,man remember kendrick dropped soundtrackstill bumping black panther album day paired watching one best marvel movies ever hit theatres fly high chadwick boseman nearly four years since lost,909
Kendrick Lamar,Boom bap,got ignore fact lamar got followed _black panthers_,949
Kendrick Lamar,Boom bap,listening youre walking theater something wish got experience szas vocals makes feel like rest daynight gonna really good relaxing still always banger song,1110
Kendrick Lamar,Boom bap,wakanda forever forever chadwick rip king,2
Kendrick Lamar,Boom bap,song magical superbowl lix,853
Kendrick Lamar,Boom bap,fact song still good years later,630
Kendrick Lamar,Boom bap,movies one moment hear music feels amazingly good,4356
Kendrick Lamar,Boom bap,favorite kendrick song,3
Kendrick Lamar,Boom bap,look like royalty video,801
Kendrick Lamar,Boom bap,theres really something mesmerizing song never get tired matter many times heard,1739
Kendrick Lamar,Boom bap,realized song made 2018 watching official music video,12
Kendrick Lamar,Boom bap,watched black panther today entire theatre went nuts epic movie amazing action humour story watch,502
Kendrick Lamar,Boom bap,szas part heavenly,4141
Kendrick Lamar,Boom bap,live version super bowl world,634
Kendrick Lamar,Boom bap,2026 doesnt feel like song years old time goes fast,3
Kendrick Lamar,Boom bap,kendrick lamar walking towards giant queens priceless,370
Kendrick Lamar,Boom bap,2025 still holds back depression best song ive heard sza kendrick,802
Kendrick Lamar,Boom bap,song rest power chadwick panther boseman,2
Kendrick Lamar,Boom bap,makes wanna watch black panther,696
Kendrick Lamar,Boom bap,song happy sad time,304
Kendrick Lamar,Boom bap,song doesnt feel like years old feels like yesterdays,847
Kendrick Lamar,Boom bap,beautiful line said kendrick recognise false confidence calculated promises conversation beautiful,3
Kendrick Lamar,Boom bap,kendrick sza always good combo,21288
Kendrick Lamar,Boom bap,kendrick got mcu fans dissing drake whole time nerds rock man keep fighting good fight culture needs righteous leaders,308
Kendrick Lamar,Boom bap,kendrick dressing exactly like real congolese sapeur sapology forever,364
Kendrick Lamar,Boom bap,need tell guys story heal came jail addicted homeless husband home good job song clover cage final round two songs helped get depression want people know things get better together,16
Kendrick Lamar,Boom bap,years later track still banger,1285
Kendrick Lamar,Boom bap,know song good ages well still enjoy start till end,1160
Kendrick Lamar,Boom bap,fact came africa got motivated bring huge hit issa vibe love kendrick lamar,579
Kendrick Lamar,Boom bap,years later still hits hard,4326
Kendrick Lamar,Boom bap,hard believe 2018 years ago,1
J. Cole,Boom bap,fact song grammy best rap song makes happy,2438
J. Cole,Boom bap,die goal isnt live forever goal create something,3905
J. Cole,Boom bap,third verse came outta nowhere felt,17279
J. Cole,Boom bap,june 2026 anyone,2182
J. Cole,Boom bap,british comments lot jokes,1116
J. Cole,Boom bap,_how many times listened lot,56056
J. Cole,Boom bap,jcole many time said lot lot,6982
J. Cole,Boom bap,may 2026 anyone,814
J. Cole,Boom bap,literally got london track,2784
J. Cole,Boom bap,cole look like others favorite cousin editim back song month idea many likes thx everyone,2310
J. Cole,Boom bap,yall didnt know thats actually family members thats actually really cool,4232
J. Cole,Boom bap,much hair got cole lot,4727
J. Cole,Boom bap,much longer version original alot,2243
J. Cole,Boom bap,much respect song lot,3272
J. Cole,Boom bap,dear reader dont know dont know probably even living country look different speak different languages maybe entirely different generations complete strangers something connects great taste music thank god bless whoever,6
J. Cole,Boom bap,dedicated dead brother sad,1335
J. Cole,Boom bap,cole absolutely murdered beat,10537
J. Cole,Boom bap,video aesthetically pleasing edit half replies comment confusing,3802
J. Cole,Boom bap,fact used song ozark amazing,0
J. Cole,Boom bap,great video great director aisultan seitov,2695
J. Cole,Boom bap,pray tekashi want rot picture inside cell cot flectin made top wondering worth damn bruv,623
J. Cole,Boom bap,damn look like grown ass man one lol combination message video background vocals really made feel one,1160
J. Cole,Boom bap,february 2026 anyone,571
J. Cole,Boom bap,video gives song new meaning,1686
J. Cole,Boom bap,good song jcole work well together,1263
J. Cole,Boom bap,shit thought song would end added bars,3038
J. Cole,Boom bap,ides march 538,9
J. Cole,Boom bap,think kinda crazy savage hes last guy think would make song like let alone cole saying bad anything love,2443
J. Cole,Boom bap,lets real cole straight killed edit thanks likes savage also killed,1591
J. Cole,Boom bap,savage really turned kid adult,1919
J. Cole,Boom bap,cole look like uncle everyone knows dont know hes related,3368
J. Cole,Boom bap,swear theres something human song,3323
J. Cole,Boom bap,savage never sleeps closes eyes waits,2638
J. Cole,Boom bap,older get meaningful song,1
J. Cole,Boom bap,savage moved different class classic,2050
J. Cole,Boom bap,many times watch lot,30915
J. Cole,Boom bap,really reached whole new level song,1072
J. Cole,Boom bap,one talking dope ass third verse outta amazing,3215
J. Cole,Boom bap,521 heard 21s immigration news,679
J. Cole,Boom bap,coles verse legit one best ever cadence crazy story point listen song often,4673
J. Cole,Boom bap,video deep extended version song amazingi love,1179
J. Cole,Boom bap,hidden verse needs spotify version asap,555
J. Cole,Boom bap,rappersflexs clothing jewelry shoes savage flexs family,2189
J. Cole,Boom bap,444 death dishonour,19
J. Cole,Boom bap,one coles greatest feature time,2054
J. Cole,Boom bap,savage finally ice,413
J. Cole,Boom bap,many times wash hands savage lot,5966
J. Cole,Boom bap,cant hold longerwhen came jail addicted homeless husband home good job song clover cage final round two songs helped get depression want people know things get better together part bigger plan,2
J. Cole,Boom bap,producer many times gonna say lot savage lot,3683
J. Cole,Boom bap,rappers flexing drugs guns got flexing family,667
J. Cole,Boom bap,june 1st anyone,12
J. Cole,Boom bap,many people see whole new way lot,1767
J. Cole,Boom bap,cole jail way killed beats,2072
J. Cole,Boom bap,much grown lot,2148
J. Cole,Boom bap,memes aside take moment appreciate greatness song,877
J. Cole,Boom bap,producer many people want savage lot,277
J. Cole,Boom bap,one well made combination songvideo ever creative choices meaningful like cole apart family dinner table composition 21s family using mirror video really adds something narration goosebumps,1747
J. Cole,Boom bap,make feel better,1
J. Cole,Boom bap,savage like dont come cottage lads outside,305
J. Cole,Boom bap,savage get paid rap beats blueface get paid rap beats thx likes never many like,777
J. Cole,Boom bap,jcole fucking goat guy flow lyrics immaculate,5630
J. Cole,Boom bap,nudity drugs violence banger,8
J. Cole,Boom bap,used hater man evolved something truly special reminds maturity saw mac miller throughout career well,347
J. Cole,Boom bap,much grammys got savage lot,2806
J. Cole,Boom bap,cole simply demonstrates class knowledge verse theres levels upper echelons,2878
J. Cole,Boom bap,putting 3rd verse restoring feelin,6
J. Cole,Boom bap,music video explains lot,270
J. Cole,Boom bap,capthis one best chill hype songs drive around drive around,594
J. Cole,Boom bap,damn pay attention message video youll blown away,912
J. Cole,Boom bap,going everyone loves someone behind song,3
J. Cole,Boom bap,see problem song ends,2795
J. Cole,Boom bap,savage got london track feds,352
J. Cole,Boom bap,many times listen song lot,620
J. Cole,Boom bap,song shouldve award last night smh,2462
J. Cole,Boom bap,music video pice art,676
J. Cole,Boom bap,much hair cole lot,1697
J. Cole,Boom bap,best song ever,2
J. Cole,Boom bap,leveling game say mumble,639
J. Cole,Boom bap,many people fooled lot many questions got lot,610
J. Cole,Boom bap,many times replayed song lot,2833
J. Cole,Boom bap,many times listen song paying money song,1
J. Cole,Boom bap,like song doesnt sound like hes trying glorify gang life hes explaining thats goes,490
J. Cole,Boom bap,6ix9ine many years ill stay behind bars judge lot,989
J. Cole,Boom bap,things couldnt imagine kids stuck border damn wonder ice got,361
J. Cole,Boom bap,questa canzone opera darte,0
J. Cole,Boom bap,london got beats london,522
J. Cole,Boom bap,cole snapped dis,1237
J. Cole,Boom bap,one best rap songs ever made,1
J. Cole,Boom bap,like sits quietly beside cole hes rapping,1211
J. Cole,Boom bap,savage like questions,233
J. Cole,Boom bap,21s extra verse end never fails give chills,6004
J. Cole,Boom bap,savage 21st sippin lean teacup along,496
J. Cole,Boom bap,savage turn headphones lil bit turns headphones way,1197
J. Cole,Boom bap,damn good music video really capture whole dream reality concept powerful tragic,539
J. Cole,Boom bap,yeah song great props directing really nice,556
J. Cole,Boom bap,jcole type uncle cool one knows hes related,851
J. Cole,Boom bap,many times blue face offbeat lot,323
J. Cole,Boom bap,өзіміздің хайуанымыз ғой,0
J. Cole,Boom bap,rather broke jail dead rich thats facts,755
J. Cole,Boom bap,shoutout aisultan seitov music video better directed movies,572
J. Cole,Boom bap,cole looking fresh killed song lot,520
J. Cole,Boom bap,music video makes emotional thru alot still,1
J. Cole,Boom bap,many times watched lot,4190
J. Cole,Boom bap,homie complete effort date substance flow dope feature visuals message fire track growth flesh congrats homie see,759
J. Cole,Boom bap,mumble lyrical respect,2832
J. Cole,Boom bap,got point rappers dont even like rapping cole immaculate,701
J. Cole,Boom bap,wow music video beautiful director aisultan seitov,21539
J. Cole,Boom bap,soooooo aint nobody finna talk sample tho,296
J. Cole,Boom bap,video epic shows family evolving system everyone affected differently positive negative way shows sitting around holidays etc laughing together snap finger changes life love video song,2
J. Cole,Boom bap,man matured much savage fan,1985
J. Cole,Boom bap,458 cant imagine kids stuck border,294
J. Cole,Boom bap,brain many times listened lot,1243
J. Cole,Boom bap,favourite artist cole,3
J. Cole,Boom bap,video definitely british feel,365
J. Cole,Boom bap,actually masterpiece verses hook production movie well crafted well done,4694
J. Cole,Boom bap,many blokes hast thou capped quite sum indeed,451
J. Cole,Boom bap,april 2026 lot,16
J. Cole,Boom bap,much respect dope praying everything goes well,3835
J. Cole,Boom bap,many times cole robbed grammys lot,4506
J. Cole,Boom bap,cole raps freaking clearly geesh,667
J. Cole,Boom bap,black british royalty soul,2
J. Cole,Boom bap,never one bragging boasting guess hoping music would speak people want everything else,613
J. Cole,Boom bap,much money got much,15830
J. Cole,Boom bap,take risk take chance put heart soul put soul become youve always dreamed become legend,469
J. Cole,Boom bap,song deep reading lyrics love song,1
J. Cole,Boom bap,cole part hard,557
J. Cole,Boom bap,best music video ive seen shot beautifully great story,2086
J. Cole,Boom bap,people many times listened song lot,478
J. Cole,Boom bap,121 heart cold put cup,2
J. Cole,Boom bap,song fire editor deserves award,293
J. Cole,Boom bap,many comments kazakhstan lot,643
J. Cole,Boom bap,savage turn head phones lil bit,1285
J. Cole,Boom bap,chilling savage club moment,2
J. Cole,Boom bap,fun facts family members family theyre family irl,881
J. Cole,Boom bap,still one hardest beats ever made whole song slaps,1248
J. Cole,Boom bap,song beautiful video beautiful really much,425
J. Cole,Boom bap,turn headphones little bit turns headphones,733
J. Cole,Boom bap,song never gets old matter much listen never get bored,4769
J. Cole,Boom bap,production sounds like old school 9th wonder ugk,1016
J. Cole,Boom bap,song isnt complete spotify app cause listening spotify says take dive put away pride doesnt appear,1
J. Cole,Boom bap,damn good song woo,779
J. Cole,Boom bap,cole one uncle hanging upstairs parties,865
J. Cole,Boom bap,_thats long question cole_,1968
J. Cole,Boom bap,cant deny savage bag since day one authentic views dawt cawm boost another level dudes literally unstoppable,8
J. Cole,Boom bap,lord god much bigger problem,2
J. Cole,Boom bap,many times played song lot,6435
J. Cole,Boom bap,_how many times hear lot_ lot,184
J. Cole,Boom bap,song still goes hard hope goes classic era,8136
J. Cole,Boom bap,may 2026 anyone,6
J. Cole,Boom bap,savage got million views,372
J. Cole,Boom bap,cole spits verse like crazy wow,428
J. Cole,Boom bap,people make millions people make memes dababy,4594
J. Cole,Boom bap,many times say,1
J. Cole,Boom bap,248 make millions others make _memes_,341
J. Cole,Boom bap,told brothers take breath turn snitch rip 6ix9ine,379
J. Cole,Boom bap,jcoles verse 10010,695
J. Cole,Boom bap,one night dad drinking little drunk song played randomly youtube listened first minute thing said like song rest peace dad know fighting demons,2
J. Cole,Boom bap,doctors many cases america savage lot,2887
J. Cole,Boom bap,cole got solid story,6659
J. Cole,Boom bap,dont let memes distract fact banger,240
J. Cole,Boom bap,cancion bro hace llorar que una mesa ven las realidades que pasamos aveces afuera todo que vemos,2
J. Cole,Boom bap,317 pray tekashi want rot picture inside cell cot flectin made top wondering worth,441
J. Cole,Boom bap,many times played song lot,305
J. Cole,Boom bap,song makes want cherish fact still hug mom,248
J. Cole,Boom bap,song never gets old,4016
J. Cole,Boom bap,many unoriginal jokes comments section lot,286
J. Cole,Boom bap,music video always gives chills adds much depth already deep song love,3853
J. Cole,Boom bap,nias make millions nias make memes basically summary 2019,3057
J. Cole,Boom bap,21s last verse much song shame spotify version doesnt include brings full circle really good way,858
J. Cole,Boom bap,never liked album sleeping,415
J. Cole,Boom bap,song come full circle,1
J. Cole,Boom bap,cole look homeless fresh suit,6216
J. Cole,Boom bap,praise cole killing track,251
J. Cole,Boom bap,music video beautiful story speaks volumes,414
J. Cole,Boom bap,631 min pure art,1
J. Cole,Boom bap,many people love savage cole,248
J. Cole,Boom bap,many jokes deported lot,1532
J. Cole,Boom bap,play song almost everyday thank masterpiece,1
J. Cole,Boom bap,many times watch song lot,578
J. Cole,Boom bap,grown much since debut respect,3346
J. Cole,Boom bap,rather broke jail dead richand say rap isnt poetry,954
J. Cole,Boom bap,hood queen elizabeth,1878
J. Cole,Boom bap,everyone like many russians havent seen anyone tbh,279
J. Cole,Boom bap,whole song literally life story sure snitch ish song full easter eggs,356
J. Cole,Boom bap,june 2026 anyone,6
J. Cole,Boom bap,many times listened song lot,2681
J. Cole,Boom bap,jcole crazy considering average life expectancy goat,38926
J. Cole,Boom bap,act like two legends cannot coexist damn cole,2586
J. Cole,Boom bap,got mood listen song end april 2026,404
J. Cole,Boom bap,think cole ftkendrick track revenge dreamers biggest thing ever crazy many likes comment got pointing obvious,5272
J. Cole,Boom bap,apology kind made song age like wine consistent cole respect,3802
J. Cole,Boom bap,real ones dying fake ones lit realest lyric ive ever heard,1006
J. Cole,Boom bap,hope know money wont erase pain,2
J. Cole,Boom bap,act like two legends cannot coexist dissed whole rap industry one line,8689
J. Cole,Boom bap,one quiet kid loading clips writing names making list,6557
J. Cole,Boom bap,anybody reading wish success health get spot trying get keep hustling believing hope,448
J. Cole,Boom bap,else taking cole marathon fall,247
J. Cole,Boom bap,longer coles hair gets wiser gets keep shit growin bruh,12168
J. Cole,Boom bap,dont care anyone says one coles hardest tracks,3418
J. Cole,Boom bap,randomly thought rap came watch,4246
J. Cole,Boom bap,coles goat since day,20
J. Cole,Boom bap,else got cole marathon announcement,5151
J. Cole,Boom bap,mans wearing seatbelt thats real role model,3589
J. Cole,Boom bap,real ones dying fake ones lit bar hitting deep,3282
J. Cole,Boom bap,people forgot hard song,23
J. Cole,Boom bap,cole always got message almost every song makes hes underrated artist people like hear drama instead facts,1028
J. Cole,Boom bap,money palm dont make realpistol hand dont make real real lyrics,2374
J. Cole,Boom bap,judge 6ix9ine wanna know cole poured cup,3512
J. Cole,Boom bap,cole kendrick lamar dominate music worldthey rapping true shit,3115
J. Cole,Boom bap,writin names making list cole quiet kid edit could yall stop makin drama fucking annoying,2628
J. Cole,Boom bap,real ones dien fake ones lit never heard truer words never,1976
J. Cole,Boom bap,come long bloodline trauma raised mommas lord gotta heal,100
J. Cole,Boom bap,real ones dying fake ones lit realest shit said,575
J. Cole,Boom bap,everything grows destined change facts,692
J. Cole,Boom bap,money palm dont make real hit,780
J. Cole,Boom bap,pistol hand dont make real damn,2398
J. Cole,Boom bap,mum dont listen rap doesnt teach anything jcole mum aight,4113
J. Cole,Boom bap,real ones dyin fake ones lit lyrics straight fax,1249
J. Cole,Boom bap,2026 song still wishing everyone blessings prosperity,16
J. Cole,Boom bap,real ones dying fake ones lit relateable,700
J. Cole,Boom bap,judge thats everything 6ix9ine know pushing coles cart,2406
J. Cole,Boom bap,judge 6ix9ine years prison 6ix9ine know cole poured cup,2378
J. Cole,Boom bap,bro song years old 2019,10
J. Cole,Boom bap,real ones dying fake ones lit faxxx,734
J. Cole,Boom bap,forget artist cole philosopher something hes miles ahead hes playing chess everyone else playing fish,1159
J. Cole,Boom bap,song shouldve grammies beat verse,2495
J. Cole,Boom bap,real ones dying fake ones lit felt,1362
J. Cole,Boom bap,cole knows flex flashy,697
J. Cole,Boom bap,cool cole talk fans chat,3758
J. Cole,Boom bap,21st birthday today track day lol,8
J. Cole,Boom bap,quiet kid loading clips know song quiet kid song,4720
J. Cole,Boom bap,diss every person hasnt dissed yet,615
J. Cole,Boom bap,kids 2099 like wish lived cole generation,183
J. Cole,Boom bap,smoked rapper gon legit like hit harder listening poor thang bro wants smoke cheat,6
J. Cole,Boom bap,appreciate cole wearing seatbelt car,17440
J. Cole,Boom bap,tell would still rap even wasnt getting payed,709
J. Cole,Boom bap,dead middle two generations little bro big bro,1586
J. Cole,Boom bap,unpopular opinion middle child gets least attention remains elite shout middle children,1849
J. Cole,Boom bap,money palm dont make real lil pump left chat,3702
J. Cole,Boom bap,last scene dont want anything negative image planted theyll pick ones look little nicer eat,391
J. Cole,Boom bap,say greatest song ever,5
J. Cole,Boom bap,dead middle two generations 90s kids feel,777
J. Cole,Boom bap,real ones dying fake ones lit felt,1998
J. Cole,Boom bap,1st time listeningeh 2nd time listeningaye 3rd time listeningaye okay aye aye ayeee 4th time listeningi poured something cuppp,1491
J. Cole,Boom bap,studied greats greatest right facts,3
J. Cole,Boom bap,else full screen turn brightness way trying enjoy video fullest,606
J. Cole,Boom bap,anyone else pissed didnt get grammy song,3463
J. Cole,Boom bap,rapper star game concert,1575
J. Cole,Boom bap,real cole fans wait fall,5
J. Cole,Boom bap,promise slap hate voice favorite part,1997
J. Cole,Boom bap,aint promo still made noise,313
J. Cole,Boom bap,let older brother listen song hes middle child,662
J. Cole,Boom bap,king tuth story,3
J. Cole,Boom bap,hope know money wont erase pain hit different everyime hear,841
J. Cole,Boom bap,better halftime performance super bowl change mind,408
J. Cole,Boom bap,love bentley actually dirty,383
J. Cole,Boom bap,056 gives chills every single time incredibly bad ass allfemale drum line replacing dead rich folks,3
J. Cole,Boom bap,grammys nowadays like real ones dying fake ones lit,1145
J. Cole,Boom bap,year old white man living deep south love man everything,2
J. Cole,Boom bap,song hits different youre car driving,327
J. Cole,Boom bap,hope scrape every dollar hope know money wont erase pain,765
J. Cole,Boom bap,love cole love india,2
J. Cole,Boom bap,cole low key killing everyone game right,1137
J. Cole,Boom bap,know coles true role model even wearing seatbelt passenger seat thats folks,733
J. Cole,Boom bap,jcole like dollar found bed never gets old,297
J. Cole,Boom bap,everything grows destined change best line song,3
J. Cole,Boom bap,producer effects want cole black people,1517
J. Cole,Boom bap,real ones dying fake ones lit cole 2019,336
J. Cole,Boom bap,dead rappers heads wall could ask feature,376
J. Cole,Boom bap,whos still vibing 2026 march,25
J. Cole,Boom bap,kinda song would soundtrack nba 2k19,1205
J. Cole,Boom bap,studied greats greatest right shit hits home,350
J. Cole,Boom bap,beat dropped hard 19k people missed like button,3326
J. Cole,Boom bap,hardcore cole fan one deny fire song,6256
J. Cole,Boom bap,lets brutally honest probably time bentley bentayga ever offroading ever offroad,518
J. Cole,Boom bap,bentley actually dirty,756
J. Cole,Boom bap,presence uplifting forum sacred pear thinking outside box song even told truth,3
J. Cole,Boom bap,gon tough year haters,988
J. Cole,Boom bap,props guy pushing cole supermarket,294
J. Cole,Boom bap,ayy dropped lol shoutout grandma,3573
J. Cole,Boom bap,second single fall better level cole give hope,2
J. Cole,Boom bap,cole apologized kendrick literally beef eachother kendrick dissed cause associated drake cole made decision get involved unless kendrick came specifically yall acting like cole soft,509
J. Cole,Boom bap,come back realize cole told years ago aint beef sell record shit think bars relevant ever sign great music,1105
J. Cole,Boom bap,said dead middle generations felt,683
J. Cole,Boom bap,brah words infinit brotha beats hit soul good rhythm need music like,2
J. Cole,Boom bap,probably rapper doesnt repeat every seconds lol,691
J. Cole,Boom bap,eating bread listening song eating toast,606
J. Cole,Boom bap,rappers promoting drugs gunvoilence make quick buck refreshing hear cole actually cares hes affecting,392
J. Cole,Boom bap,cole touches heartkendrick lamar touches soul drake touches kids,2
J. Cole,Boom bap,pistol hand dont make real deep,588
J. Cole,Boom bap,dont need features make hit,946
J. Cole,Boom bap,dead middle two generations felt,345
J. Cole,Boom bap,dropped fall hell never fall,3
J. Cole,Boom bap,moment silence people heard song,885
J. Cole,Boom bap,reading wish great health much success,359
J. Cole,Boom bap,real ones dying fake ones lit rip nipsey,699
J. Cole,Boom bap,imho coles greatest work,3
J. Cole,Boom bap,cole kendrick rappers need,355
J. Cole,Boom bap,254 filmed march 2020 would flexing,926
J. Cole,Boom bap,back documentary offseason,661
J. Cole,Boom bap,shit hit harder come back years later coz understand process past present future rappers words,1
J. Cole,Boom bap,money wont erase pain aint truth,646
J. Cole,Boom bap,song makes apology valid,182
J. Cole,Boom bap,cole kendrick lamar last voices hip hop listen still,746
J. Cole,Boom bap,giving listen defending,2
J. Cole,Boom bap,money palm wont make real lil pump sweating nervously,786
J. Cole,Boom bap,damn cole went hard cole middle generations line legit brah,1400
J. Cole,Boom bap,bars good behind,1897
J. Cole,Boom bap,concurj cole top,7
J. Cole,Boom bap,last time came early became dad,284
J. Cole,Boom bap,ask feature funny thing hella rappers already taking offer cole feature worth getting killed track,238
J. Cole,Boom bap,hard nba halftime,4
J. Cole,Boom bap,take moment appreciate beat song,471
J. Cole,Boom bap,yall said cole looking homeless wore whole balenciaga fit,156
J. Cole,Boom bap,remember shit came cole really dropped banger nowhere went silent,622
J. Cole,Boom bap,yes still hit,6
J. Cole,Boom bap,judge youre still looking years 6ix9ine know pushing cole shopping cart,366
J. Cole,Boom bap,bro apology actually made age well like said hell beef rapper legit,349
J. Cole,Boom bap,act like two legends cant coexist,784
J. Cole,Boom bap,favorite xmas song,1
J. Cole,Boom bap,waste line damnnn cole,613
J. Cole,Boom bap,keeps coming back,1194
J. Cole,Boom bap,responsible least 1389 views spotify plays,678
J. Cole,Boom bap,always quiet ones,0
J. Cole,Boom bap,amazing dead rappers mounted wall black girl babyhairs,384
J. Cole,Boom bap,cole forever gonna unpredictable didnt expect music video look like,782
J. Cole,Boom bap,still cant believe twitter actually tried cancel jcole one last people making real hip hop,427
J. Cole,Boom bap,understand went others release things like media elites hate type shit goes viral long story short risking life making,8
J. Cole,Boom bap,quiet kid raps rap battle 009,1133
J. Cole,Boom bap,_how many times must cole platinum prove hes greatest_,692
J. Cole,Boom bap,good first class niggas cant sit one always gets,370
J. Cole,Boom bap,years later still song playlist thank,2
J. Cole,Boom bap,get man grammy hes nominated times always lost deserves works hard,681
J. Cole,Boom bap,money palm dont make real,351
J. Cole,Boom bap,dont say whos 2021 never left,1382
J. Cole,Boom bap,man wish videos would make comeback todays time,2
J. Cole,Boom bap,cole went hard song straight fire,1225
J. Cole,Boom bap,jcole one greats sure,3050
J. Cole,Boom bap,makes miss rap straight bars,948
J. Cole,Boom bap,cut fall good enough album must constant 1110s 1010 use comment prove 2026,2
J. Cole,Boom bap,one first thing first rest peace uncle phil,626
J. Cole,Boom bap,man overdue grammy,409
J. Cole,Boom bap,aint rapping educatin may review top,784
J. Cole,Boom bap,game balance back shit,1
J. Cole,Boom bap,matter time passed masterpiece never gets old,7533
J. Cole,Boom bap,act like two legends cant coexistthe real ones dying fake ones lit,439
J. Cole,Boom bap,bruh get mad guy drops dope music dope videos dont try sell dream beats good dont want nothing head bob,578
J. Cole,Boom bap,one brothers favorite songs,0
J. Cole,Boom bap,passive aggressive rapper ever lol amazing record,676
J. Cole,Boom bap,money palm dont make real pistol hands dont make real,396
J. Cole,Boom bap,genuinely goat holy shit,3
J. Cole,Boom bap,reals ones dying fake ones litt,675
J. Cole,Boom bap,wait seasonif thing fall dreamvilles tape,330
J. Cole,Boom bap,trending baby lets,1950
J. Cole,Boom bap,cole need chill last couple months fire department speed dial,128
J. Cole,Boom bap,rare moment middle child finally feels appreciated,273
J. Cole,Boom bap,jcole dropping lot music lately lol gonna ghost soon lets enjoy,193
J. Cole,Boom bap,cole last track,2
J. Cole,Boom bap,ive played song much dont even get ads anymore,671
J. Cole,Boom bap,cant lie bodied whole song,357
J. Cole,Boom bap,imagine grocery shopping cole comes rolling aisle shopping cart spitting bars lol,345
J. Cole,Boom bap,kid turned real get,4
J. Cole,Boom bap,anyone else felt like 403749 hidden messages vid,238
J. Cole,Boom bap,act like two legends cannot coexist facts ive ever heard,751
J. Cole,Boom bap,need people like cole rap game,606
J. Cole,Boom bap,315 used freak lil,17
J. Cole,Boom bap,cole takeoff offset dirty trophies edit know aint really trophy generic rapper features looks left one still interpreted offset since cole recently feature solo album,168
J. Cole,Boom bap,views aww 100 middle childs come,396
J. Cole,Boom bap,ogs thanking know watchin pavin ground copied cadence mirrored style studied greats greatest right,265
J. Cole,Boom bap,ask feature uncalled,1
J. Cole,Boom bap,dials fire department number fireman jcole,1927
J. Cole,Boom bap,real ones dying fake ones lit,534
J. Cole,Boom bap,wont clout wont fame wont cuz shit aint selling,186
J. Cole,Boom bap,weve feeeeeeeeeling bro,2
J. Cole,Boom bap,legend dude went double platinum featutes,248
J. Cole,Boom bap,want dreamville flag car,191
J. Cole,Boom bap,performance nba star game,257
J. Cole,Boom bap,2026 still going hard jcole till end time cole youre realist one,1
J. Cole,Boom bap,bro really goatonly king modern history drive across americ personally meet greet everyone whilst also promoting selling album trunk 1st car fame fortunebro truly gifted goated cuz rapper would dare million yrs thats sets cole apart peershe truly never forgets came got put therethe fans,2
J. Cole,Boom bap,whos jermaine cole finally announced season album 514 edit,450
Joey Bada$$,Boom bap,feb 2020im depressedbroke homeless luckily enrolled university staying friends apartment ill back comment section 3years time,4495
Joey Bada$$,Boom bap,whoever reading hope turn things around make something cheering,5266
Joey Bada$$,Boom bap,got job offer months applying years lateri got laid job months ago got new job offer today feeling gratitude right,9686
Joey Bada$$,Boom bap,came cuz actually fucks wit joey bada,1265
Joey Bada$$,Boom bap,fans years ago basically saw dude grow teen adult,3220
Joey Bada$$,Boom bap,song came months away getting sober didnt vehicle license home nothing clothes back celebrate year married year home owner years business owner,203
Joey Bada$$,Boom bap,growing asian household target life get college prestigious college road long hard frustrating sad broken hopeless many years parents couldnt accept didnt know saw hope future depressed soulless started lose hope towards ever heading decent school fulfilling parents expectations one day came across song joey depressed hopeless swore would back one day achieve want fast forward year later got accepted school people around told could never attend thank god blessing dont ever lose hope people,1197
Joey Bada$$,Boom bap,skrt skrt parts still hits years later,1860
Joey Bada$$,Boom bap,get going going play song,1655
Joey Bada$$,Boom bap,happy new year banger 2026,18
Joey Bada$$,Boom bap,first listen joey second listen aint bad third listen used feel devastated,1640
Joey Bada$$,Boom bap,said ahead switch style hate let hate watch money pile,995
Joey Bada$$,Boom bap,song feel losing virginity,2775
Joey Bada$$,Boom bap,still bangercame back feel vibescause new cats really tryna disrespect joey 2025,20
Joey Bada$$,Boom bap,song makes feel like made ends realize sitting parents couch,2939
Joey Bada$$,Boom bap,joey bada one underrated rappers,3958
Joey Bada$$,Boom bap,joe finally made radio friendly track good,1005
Joey Bada$$,Boom bap,got favorite character raising kanan guy,5
Joey Bada$$,Boom bap,son passed october everyday brings new challenges always managed depression music therapy track lifts whole soul grief stricken state even moment thankful,3486
Joey Bada$$,Boom bap,used feel constipated times thought never make bathroom,156
Joey Bada$$,Boom bap,comment section soooooo positive bless everyone alive whatever battle going thru keep moving,772
Joey Bada$$,Boom bap,song still hits till day,389
Joey Bada$$,Boom bap,really like role robot hes great artist,1763
Joey Bada$$,Boom bap,joey bada devastated elliot initiates stage,307
Joey Bada$$,Boom bap,doesnt grimy time let man expand horizons song popular mean commercial people grow creatively hes going make stuff heads casuals,1549
Joey Bada$$,Boom bap,finished undergrad song really pushed past years,3
Joey Bada$$,Boom bap,people bitching mainstream need grow fuck sounds good good song also artists dont make music wanna broke,299
Joey Bada$$,Boom bap,proud went every type pain family issues trust issues heartbreak insecurities depression etc went alone never gave,331
Joey Bada$$,Boom bap,wanna hear song joey travis asap rocky,590
Joey Bada$$,Boom bap,2026 still gym playlist,7
Joey Bada$$,Boom bap,love song idk lot hip hop heads want someone always make type music joey badass never said boom bap rapper far song hes taking step back lyricism realizing wow look far ive comelet make celebratory song fun whats wrong fun songs arent super lyrical let hes young successful making money right flex made,671
Joey Bada$$,Boom bap,gotta say fan style song joeys boombap shit mad hes makes happy,508
Joey Bada$$,Boom bap,thanks artists like joey bada hip hop isnt dead,878
Joey Bada$$,Boom bap,listening song 2023 still hits hard song little brother anthem forever 2024,28
Joey Bada$$,Boom bap,damn really forgot song whose 2020,815
Joey Bada$$,Boom bap,whys everyone keep trying box joey like cant venture try new things remember hes new york rapper guys wanna hear hes lucian jamaican youre real fan youll notice didnt compromise lyrics anything positive need right fun,431
Joey Bada$$,Boom bap,song helped lowest point life grateful joey,2410
Joey Bada$$,Boom bap,2025 feeling like,18
Joey Bada$$,Boom bap,mom ridin around still bumpin song 2020,2637
Joey Bada$$,Boom bap,perfect example people nothing music joeys old music fit certain culture feel great style also making type bread making music times ever changing hes going switch bit still stay true wants money make music making music love making money want easy many artists get opportunity especially joey comes hes nyc hiphop style long enough years shit youd probably want change people dont make music never understand say selling yeah ill sell make better living song still good either way,152
Joey Bada$$,Boom bap,joey bada underrated hes way better rappers nowaday,481
Joey Bada$$,Boom bap,joey easily dropped least 150 songs including features three aiming mainstream appeal teach devastated lord knows 150 tracks weve gotten 147 usual joey songs three songs yall saying sold yall dumb,367
Joey Bada$$,Boom bap,playing coronavirus goes away,1027
Joey Bada$$,Boom bap,jesus christ song grew like fucking crazy son,533
Joey Bada$$,Boom bap,birth child week went jail listening song cry think hardships life given still fighting,3
Joey Bada$$,Boom bap,dont care youre playing song still gonna smack years later,421
Joey Bada$$,Boom bap,youre reading send prayers love respect bryant family need hard time god protect let souls rest peace rest peace king princess,238
Joey Bada$$,Boom bap,perfect graduation song,582
Joey Bada$$,Boom bap,wait aint nobody 2026 lol,20
Joey Bada$$,Boom bap,230 skrrt appreciate,850
Joey Bada$$,Boom bap,never liked song first grew play everyday,328
Joey Bada$$,Boom bap,joey bada icon,4238
Joey Bada$$,Boom bap,wait aint nobody 2025,713
Joey Bada$$,Boom bap,devastated joey needs change shit old school 90s shit done devastated sold people,231
Joey Bada$$,Boom bap,finally got masters degree thank god,848
Joey Bada$$,Boom bap,joeys new album fireeeeeeeeeeeeeee,1302
Joey Bada$$,Boom bap,hope song inspires someone keep keeping,5
Joey Bada$$,Boom bap,joey fun complain logic released album fun got hate also people complain artist wants enjoy himher self,506
Joey Bada$$,Boom bap,graduate high school finally,323
Joey Bada$$,Boom bap,song brings back memories depressed eating disorder listening hoping better days way better track song still hits,733
Joey Bada$$,Boom bap,listening landed job months struggling,4
Joey Bada$$,Boom bap,gon looking back 2020 like used devastated lmao,276
Joey Bada$$,Boom bap,finally graduate college,1284
Joey Bada$$,Boom bap,know true meaning song cant put,324
Joey Bada$$,Boom bap,coz beef worthy opponent joey one dylyt aint winning,8
Joey Bada$$,Boom bap,first time heard non boombap beat nigga cold,714
Joey Bada$$,Boom bap,diff sound joey still fuck wit,306
Joey Bada$$,Boom bap,last episode robot got fucked,131
Joey Bada$$,Boom bap,human condition straight tragedy cuz word leon robot,259
Joey Bada$$,Boom bap,video dropped years ago mil views underated,397
Joey Bada$$,Boom bap,best song getting parole lol,107
Joey Bada$$,Boom bap,else bringing 2024 way greatness,8
Joey Bada$$,Boom bap,saw video stopped feeling devastated,98
Joey Bada$$,Boom bap,reminds days high school back listening old kendrick lamar kid cudi childish gambino wiz khlifa jcole lupe fiasco,73
Joey Bada$$,Boom bap,gonna lie got little heavy hearted joey hopped roof crowd catch makes wish steezy one,89
Joey Bada$$,Boom bap,maaaan memories vibing roof apartment building overlooking city married house different greatness wow great jam,3
Joey Bada$$,Boom bap,real joey fans fuck appreciative making uplifting lyrical music nobody else,111
Joey Bada$$,Boom bap,idk song makes motivated,253
Joey Bada$$,Boom bap,joey saving rap true shit,504
Joey Bada$$,Boom bap,back 2017 listened song literally hundreds times grinding every free hour every day years point trying find way escape soul crushing corporate job moved half way around world away friends family focus damn stressed yearsselfdoubt tears one taking seriously financial worry everyday loneliness sleepdeprived missing memories loved ones back home exhausted fast forward mid 2019 ended getting laid soul crushing corporate job blessing disguise decided side hustle months later damn global pandemic happened stressed honestly didnt slap happy face start job interviewing maxing credit cards emptied savings throw health scares deaths loved ones among personal things yet another low point life fast forward 2022 growing business generates way income corporate job freedom travel work anywhere world earn money sleep autopilot best shape life train muay thai jiujitsu almost everyday grand adventures spend quality time family select group friends year alone ive countries crossed multiple items bucket list damn grateful goals mirage constantly evolve sometimes forget pat back guess writing right bit pat back dont stop pursuing dreams dont forget cut slack along way doesnt exactly planned rarely place ready level still listen song repeat envisioning even greater goals hope ill eventually come back comment thread write blessings trials tribulations song pulled get hoping everyone blessings success,88
Joey Bada$$,Boom bap,anyone else get old kidi cudi motm vibe song love,160
Joey Bada$$,Boom bap,still bumpin shit,326
Joey Bada$$,Boom bap,2026 still crazy,4
Joey Bada$$,Boom bap,video low key makes song better lol,134
Joey Bada$$,Boom bap,wish kid cudi reason,303
Joey Bada$$,Boom bap,man fucking hate new rap shit fucking rad jam joey bada real talk,542
Joey Bada$$,Boom bap,nigga joey got radio repeat pro era life capital steez forever,174
Joey Bada$$,Boom bap,still bumping fire december,695
Joey Bada$$,Boom bap,230 skirt skirt,16
Joey Bada$$,Boom bap,damn song reminds harder days went close friend mine thought brothers man watch hang around days,261
Joey Bada$$,Boom bap,tell congratulations got love migos aint hit right nigga blew feeling show love yall,181
Joey Bada$$,Boom bap,whose 202412 great hit,7
Joey Bada$$,Boom bap,leaving mark takes hip hop,363
Joey Bada$$,Boom bap,whos still bumping may 2019,800
Joey Bada$$,Boom bap,finally leave retail good job finally buy house despite almost priced almost done degree song helped lot,73
Joey Bada$$,Boom bap,whos still bumping december 2019,236
Joey Bada$$,Boom bap,anyone notice album version song sounds different like verson better cuz bass hits way harder,1113
Joey Bada$$,Boom bap,deigo lopes ufc 303 walkout,17
Joey Bada$$,Boom bap,finally become millionaire play song,513
Joey Bada$$,Boom bap,appreciate fact newschool bulshit newschool respect joey staying humble,209
Joey Bada$$,Boom bap,joey always gonna homie honestly dont think hell ever top project like 1999rejex dont get wrong love song music made fan made joey stand every type rapper,107
Joey Bada$$,Boom bap,homeless drinking mental health issues poverty hooptie addiction growth freedom awareness development place live new car grow tents best genetics cannabis offer chance find passion depth life 2024 homeless started changing exactly year ago anything possible fill days growing best loud working planning calculating analyzing problem solving trying build something ground learning cloning phenotype selection atm breeding next plus plants couple pounds crib life wonderful,1
Joey Bada$$,Boom bap,fastest amount views million took week jeez man yeah joey earn man,251
Joey Bada$$,Boom bap,lit song really cute love vibezzz glad joey getting radio play 100 deserves,179
Joey Bada$$,Boom bap,yall dont know devastation loosing homie especially one built platform stand lead like brother one took life one millions people mourn remind every damn day every fucking damn day,76
Joey Bada$$,Boom bap,2026 still feeling devasted,0
Joey Bada$$,Boom bap,track makes say fuk problems thankful still breathin good shit joey sbvfamily,865
Joey Bada$$,Boom bap,bumpin got diploma,116
Joey Bada$$,Boom bap,054 tripping hear clap,470
Joey Bada$$,Boom bap,puts good mood every time comes gas,7
Joey Bada$$,Boom bap,came looking joey badass,66
Joey Bada$$,Boom bap,joey makes music doesnt care others opinion,57
Joey Bada$$,Boom bap,true dream song would kendrick lamar title joey bada cole aap rocky agrees,371
Joey Bada$$,Boom bap,deserves feel good never easy losing friends family god love,9
Joey Bada$$,Boom bap,idk get indescribable vibe song,51
Joey Bada$$,Boom bap,joey future goat,108
Joey Bada$$,Boom bap,way song radiates much positive energy refreshing negative music made recent years song really gives motivation keep pushing levels didnt know could reach dark place life right feel empty havent felt feeling success accomplishment way long holds back way much hope get figured soon really like everyone shared success stories theyve gotten dark places life comment section makes better gives hope gonna reach goals blessed one day,85
Joey Bada$$,Boom bap,album never brought goat conversations baffles,71
Joey Bada$$,Boom bap,joey dont forget bring hardcore ship used give good job respect,698
Joey Bada$$,Boom bap,let get rip capital steez,61
Joey Bada$$,Boom bap,first song heard got jail house arrest damn gave hope stay badmahn,16
Joey Bada$$,Boom bap,feel depressed listen thanks joey bada,27
Joey Bada$$,Boom bap,song really hits different graduate high school,66
Joey Bada$$,Boom bap,people probably thinking right listening song cant wait till make one day dont realize already made life make made hard times everything already good bad stay thankful stay humble stay blessed good day never know last,27
Joey Bada$$,Boom bap,joey come long way remember one knew days ago heard local hiphop station way north carolina word pro era beast coast rappers,87
Joey Bada$$,Boom bap,song makes want wake alarm clock,325
Joey Bada$$,Boom bap,whos still bumping october 2019,376
Joey Bada$$,Boom bap,always play song struggle become victorious,4
Joey Bada$$,Boom bap,well cant stop listening one favourite tracks joey,351
Joey Bada$$,Boom bap,right depressed clueless motivation guess like yall song serve greatness shall return comment section update everything supposed cheers may dreams come true,128
Joey Bada$$,Boom bap,got song remix new bel air trailer like throwback bro gettin old,4
Joey Bada$$,Boom bap,030 drop always gets,47
Joey Bada$$,Boom bap,unreal much song helped many ppl stay strong,24
Joey Bada$$,Boom bap,song really help lowest point life really want thx joey,57
Joey Bada$$,Boom bap,used constipated times thought never make come come way greatness come come ever took patience,97
Joey Bada$$,Boom bap,dont get nobody else thinks bumps,62
Joey Bada$$,Boom bap,skrrrrrrt 230 skrrrrrrt,44
Joey Bada$$,Boom bap,still here2024 joey love brother,3
Joey Bada$$,Boom bap,damn wish steez around see successes rip,172
Joey Bada$$,Boom bap,listening 247 else,839
Joey Bada$$,Boom bap,track keeps going aint gone lie thank changing life,6
Joey Bada$$,Boom bap,dumb people get music,93
Joey Bada$$,Boom bap,mon april 27th 2020 237 mind racing senior year graduate less month asked crush since 7th grade looking buying new truck still waiting start shop make first million ill back one day god top bumping song ones said couldnt hear mark words,36
Joey Bada$$,Boom bap,sad song popular stuff,93
Joey Bada$$,Boom bap,still slaps still relevant especially bad shit happening choice make stay grinding stay safe,13
Joey Bada$$,Boom bap,funny listened broke hopeless different,21
Joey Bada$$,Boom bap,today day depression hits hard feeling melancholy hits hard visit every lift spirits,82
Joey Bada$$,Boom bap,cap need motivation music rather shit makes feel worthless cause got everything dont,34
Joey Bada$$,Boom bap,song dropped used soo devastated path greatness clear keep grind brothers sisters,2
Joey Bada$$,Boom bap,still watching till today november 2019 one,172
Joey Bada$$,Boom bap,bit better day couple months youll see progress years trust believe,16
Joey Bada$$,Boom bap,song much meaning nobody end somebody feel like never reach point success life finally successful song one motivations reach goals joey bada inspiring,83
Joey Bada$$,Boom bap,people say thats joey shit love song dope,61
Joey Bada$$,Boom bap,gon play quarantine,28
Joey Bada$$,Boom bap,simply love song,3
Joey Bada$$,Boom bap,fuck hes changed much since 2012,266
Joey Bada$$,Boom bap,track iconic makes happy hope makes everyone happy thanks joey,43
Joey Bada$$,Boom bap,2025 still feel joey,4
Joey Bada$$,Boom bap,150 anyone see cat fall onto car left,498
Joey Bada$$,Boom bap,fucking dope joey reaching masses uplifting song that3,93
Joey Bada$$,Boom bap,cares puts mainstream song lmao needs get recognition,40
Joey Bada$$,Boom bap,song makes feel like rule world thank joey,9
Joey Bada$$,Boom bap,joey bada one versatile rappers today taking game,45
Joey Bada$$,Boom bap,made fucking day,97
Joey Bada$$,Boom bap,song got nursing school life general made stupid mistake got situation could ended chances getting licensed spiraled rock bottom whole thing changed way move perspective graduated july 2019 bumped song screaming lungs song means much got everything,40
Joey Bada$$,Boom bap,quien mas por walkout diego lopes,3
Joey Bada$$,Boom bap,welp feeling devastated hope make,47
Joey Bada$$,Boom bap,one thing bad song short,110
Joey Bada$$,Boom bap,beastcoast pro era holding,859
Joey Bada$$,Boom bap,man really relate song right got job still trying get band together,266
Joey Bada$$,Boom bap,graduation song call 2k17,253
Joey Bada$$,Boom bap,lost parents weeks apart always come back masterpiece therapy god bless joey,47
Joey Bada$$,Boom bap,first song play made,3
Joey Bada$$,Boom bap,ironic joeys worst song first hit mean aint bad song actually better shit radio today ill definitely bumping whip pisses joeys whole catalog song finally got peoplethe radio fuck smh,41
Joey Bada$$,Boom bap,radio song still great attract people raw shit album,62
Joey Bada$$,Boom bap,intro yeah feel yeah chorus used feel devastated times thought wed never make way greatness greatness greatness ever took patience iii used feel devastated yeah times thought wed never make yeah way greatness yeah ever took patience yeah verse okay gettin better day stackin cheddar cheesecake look lord pray tryna best day til laid rest lay yeah til time bein lit hopin dont let get head dont need money say rich couple little honeys wanna get bed used run nothin want fuck cause see stuntin nigga came hustlin livin lap lux feelin like man aint chucks wouldnt understand homie bout rubberbands make wanna dance prolly leave man standin stands goddamn used front way back fan yeah chorus used feel devastated times thought wed never make way greatness greatness greatness ever took patience iii used feel devastated yeah times thought wed never make yeah way greatness yeah ever took patience yeah verse put pain cadence turn brain wavelength flowin sailin feelin baby soak vibe lets roll dope get high gon blow smoke sky til cant open eyes put pain cadence turn brain wavelength flowin sailin feelin baby soak vibe lets roll dope get high gon blow smoke sky til cant open eyes yeah yeah yeah yeah yeah yeah yeah skrrt skrrt woo yeah chorus used feel devastated times thought wed never make way greatness greatness greatness ever took patience iii used feel devastated yeah times thought wed never make yeah way greatness yeah ever took patience yeah outro used feel devastated times thought wed wed never make way yeah yeah ever took patience,15
Joey Bada$$,Boom bap,graduate college thank keeping motivated years,16
Joey Bada$$,Boom bap,real joey fans feeling pretty devastated right,23
Joey Bada$$,Boom bap,song lit everyone saying real joey badass fans may like cause hard core lyricism way screw happy making big let celebrate every big lyricism artist done,17
Joey Bada$$,Boom bap,recovering herion addict shit new theme song pumps every time hear got repeat,36
Joey Bada$$,Boom bap,used feel way,1
Joey Bada$$,Boom bap,revolutionary back day first time heard modern rapper 90s new york boom bap flow,3172
Joey Bada$$,Boom bap,yrs old made crazy made 1999 edit people gotta start putting name greats generation,3037
Joey Bada$$,Boom bap,widely considered classic hip hop track,7237
Joey Bada$$,Boom bap,dude rapper back 80s90s hed big asf,4440
Joey Bada$$,Boom bap,officially decade crazy,516
Joey Bada$$,Boom bap,hes seriously wrong era sonically lol culture dont appreciate like tbh,3924
Joey Bada$$,Boom bap,dropped rulers back guys spitting fire since kid,151
Joey Bada$$,Boom bap,joey finals hes literally back element needed get back bag,203
Joey Bada$$,Boom bap,shit aged beautifully,58
Joey Bada$$,Boom bap,pass herb actual pastor word black lip bastard favorite line cause shouting absoul joey real one man miss 2012,590
Joey Bada$$,Boom bap,joey destroy average rappers,421
Joey Bada$$,Boom bap,damn bruh years ago time flies tight watch artist grow,1822
Joey Bada$$,Boom bap,song made know joey underrated,153
Joey Bada$$,Boom bap,till infinity reworded till infinity people work 95s till die thinking hard,1358
Joey Bada$$,Boom bap,really prime example rap chance survive,1358
Joey Bada$$,Boom bap,summer coming means song getting replayed,909
Joey Bada$$,Boom bap,new joey badass fans finding best music spent teenage years listening hes years older,22
Joey Bada$$,Boom bap,bada underrated new era dont respect lyricism smh,1060
Joey Bada$$,Boom bap,never noticed says never stop young black male calls taxi drives past,495
Joey Bada$$,Boom bap,damn way raps flows beat old school brooklyn vibe killin ittttt,1571
Joey Bada$$,Boom bap,skies behind enemy lines,12
Joey Bada$$,Boom bap,back 20122013 years ago still remember joey absoul steelo schoolboy flatbush asap mob underarchivers,2352
Joey Bada$$,Boom bap,joint made year old feel like real hip hop,558
Joey Bada$$,Boom bap,brooklyn said chicken kennedys got mad hungry,134
Joey Bada$$,Boom bap,dont throw subs throw torpedos,56
Joey Bada$$,Boom bap,sitll fucking banger till day,1647
Joey Bada$$,Boom bap,easily one greatest songs generation,808
Joey Bada$$,Boom bap,hip hop makes sense cents,3310
Joey Bada$$,Boom bap,crazy think still high school dropped makes feel old nostalgia worth,486
Joey Bada$$,Boom bap,remember one listened era bunch hypebeasts whatever though proud joey made,1293
Joey Bada$$,Boom bap,2020 anyone still banging artistry,4341
Joey Bada$$,Boom bap,replay till kick bucket,9
Joey Bada$$,Boom bap,found didnt even know music like still exists,121
Joey Bada$$,Boom bap,ray could never,34
Joey Bada$$,Boom bap,fro joey deadly,1659
Joey Bada$$,Boom bap,hate keep saying song also reason joey always one favorite artist ever since first heard music sooo awesome incredible beyond words idc nobody says never gets old legend absolute classic,23
Joey Bada$$,Boom bap,ill girl like beat straight fucking man really lethal lines,296
Joey Bada$$,Boom bap,underrated rapper since 2010 long live joey rip steez,278
Joey Bada$$,Boom bap,word black lipped bastard dropped knowledge like rip doom,227
Joey Bada$$,Boom bap,2026 roll call,33
Joey Bada$$,Boom bap,feel pain rough lyrics misses steez,476
Joey Bada$$,Boom bap,joey wouldve much appreciated 90s smh generation,447
Joey Bada$$,Boom bap,joey keeping rap energy prodigy big doom wtc nas gave birth forever love music rip real ones lost,477
Joey Bada$$,Boom bap,freestyle soul big sean brought back,35
Joey Bada$$,Boom bap,born friday 13th january 1995 fuck dumb superstitions luckiest day life people need lose human boundaries purify chakras souls still time decalcifying pineal gland trying dmt hands one amazing things ever happened soul purifying chakras truly amazing thing done immediately possible pro era forever history one realest groups ever lived society decides smother conscious pro era inspires spiritual way know young indigo child keeping third eye sharp til,185
Joey Bada$$,Boom bap,imagine 90s amongst nas pac biggie days,292
Joey Bada$$,Boom bap,whos still listening joey september 2019 smoking toking potent herb,315
Joey Bada$$,Boom bap,aap rocky joey bada lords new york,228
Joey Bada$$,Boom bap,pro era knew keep oldschool soul alive sounding fresh time absolute classic ages,58
Joey Bada$$,Boom bap,song never get old,7
Joey Bada$$,Boom bap,smfh like youre born music talent youre born brooklyn,138
Joey Bada$$,Boom bap,june 11th 1995 hispanic ass popped mothers womb favorite joey badass song since reminds year born 95tilinfinity,104
Joey Bada$$,Boom bap,ray vaughn never,61
Joey Bada$$,Boom bap,literally play song everyday,523
Joey Bada$$,Boom bap,top rappers lil kendrick lamar john cena young thug black kid resses puffs advertisements,204
Joey Bada$$,Boom bap,man wish shit mainstream world could know young youth loves hiphop wack shit mainstream wack shit really fucking culture,233
Joey Bada$$,Boom bap,young joey special production beats two projects also deserves credit,2
Joey Bada$$,Boom bap,dec 2021 still hits badmon great,1319
Joey Bada$$,Boom bap,keep movement going joey thought never hear kinda hip hop big love,1453
Joey Bada$$,Boom bap,years ago still get chills play,144
Joey Bada$$,Boom bap,took best rapper generation turned actor,2
Joey Bada$$,Boom bap,rappers 100 million views masterpiece,179
Joey Bada$$,Boom bap,disappointed hip hopthis instant classic,70
Joey Bada$$,Boom bap,love type rap even makes think 90s,182
Joey Bada$$,Boom bap,dont throw subs throw torpedos,2
Joey Bada$$,Boom bap,fashoo hear today,12
Joey Bada$$,Boom bap,finals brought back,15
Joey Bada$$,Boom bap,studiedthis videos mind year oldits clear see overwhelmed world things seen real life wardestructionliespoverty much unnecessary pain sometimes see much reality scarythats ppl hardly question life afraid find truth,16
Joey Bada$$,Boom bap,youre new coming new york city almost impossible stand many giants stomped streetsbut every someone manages break ceilingjoey one,70
Joey Bada$$,Boom bap,till infinity time disguise behind enemy lines song whole vibe,3
Joey Bada$$,Boom bap,song ethereal cloudy sounds like 90s idea sounds perfect makes cry,32
Joey Bada$$,Boom bap,crazy found playlist definitely one classics 2010s,33
Joey Bada$$,Boom bap,remember day song came crazy old ass man,8
Joey Bada$$,Boom bap,capital steez legend time rip,2
Joey Bada$$,Boom bap,top 100 song hiphop time,12
Joey Bada$$,Boom bap,one greatest underrated hiphop song last decade someone ask joey show song forever classic,166
Joey Bada$$,Boom bap,give piece mind youve disorderly disturbed thats word drop knowledge like five percenter dont want plate combine mine quick make earth shake natural disaster half rappers schooling offspring drop heat spring stay hot five novembers think yall high lost anything guy lyricist artist craft,100
Joey Bada$$,Boom bap,guy ahead time,2
Joey Bada$$,Boom bap,whos joey stormed west,11
Joey Bada$$,Boom bap,wordplay vocal style incredible every time listen,14
Joey Bada$$,Boom bap,god bless loved,0
Joey Bada$$,Boom bap,drop knowledge like percenter every time drop line touch like five placentas schooling offspring drop heat spring wordplay good especially considering,26
Joey Bada$$,Boom bap,whos obviously still 2020,190
Joey Bada$$,Boom bap,going memory lane hit nerve,20
Joey Bada$$,Boom bap,whos listening 2019,282
Joey Bada$$,Boom bap,guy reason samsung explode,1072
Joey Bada$$,Boom bap,came shit hits wayy harder type shit,14
Joey Bada$$,Boom bap,love rappers like badass embody spirit old school hip hop,35
Joey Bada$$,Boom bap,man walk right pass joey last night dallas concert yelled taking world 3rd eye shit,19
Joey Bada$$,Boom bap,2024 still fire,14
Joey Bada$$,Boom bap,never get tired song ever,31
Joey Bada$$,Boom bap,tell hurting steez recording one,23
Joey Bada$$,Boom bap,classic joey still dope one best,11
Joey Bada$$,Boom bap,love joey thanks good times memories music wise pure nostalgia hope everyone prospers stay safe love 2026,2
Joey Bada$$,Boom bap,song plays enter heaven,173
Joey Bada$$,Boom bap,remember felt first time hearing,9
Joey Bada$$,Boom bap,love kid genuine hip hop music real rugged nyc feel always gotta love joey,51
Joey Bada$$,Boom bap,joey ahead time man play song like made yesterday,1
Joey Bada$$,Boom bap,classic friends skateboarding shit high school chillin park drinking four lokos smoking,18
Joey Bada$$,Boom bap,call timeless classic,63
Joey Bada$$,Boom bap,15pc chicken strips fries soda 5oo,34
Joey Bada$$,Boom bap,still vibe 2026 africa watching crystal clear nairobi kenya,1
Joey Bada$$,Boom bap,theres something different track,153
Joey Bada$$,Boom bap,song turns year damn,97
Joey Bada$$,Boom bap,hopefully corona virus rappers home learning flow like true rappers use example,44
Joey Bada$$,Boom bap,swear perfect opportunity taken 249 lmao,93
Joey Bada$$,Boom bap,man beat fucking wavy,66
Joey Bada$$,Boom bap,imagine took comment section would amazing,55
Joey Bada$$,Boom bap,still pumping like dropped yesterday,2
Joey Bada$$,Boom bap,hes special type rapper,22
Joey Bada$$,Boom bap,come check talk,8
Joey Bada$$,Boom bap,girl like beat straight fucking,95
Joey Bada$$,Boom bap,understand dude spitting heat like,5
Joey Bada$$,Boom bap,cause never stop young black male taxi dont stop daamn shit tight,15
Joey Bada$$,Boom bap,since 2016 still,8
Joey Bada$$,Boom bap,somebody please make instrumental masterpiece,291
Joey Bada$$,Boom bap,instead lead slugs spreads love,6
Joey Bada$$,Boom bap,hip hop definitely another golden era dope rappers like joey bada logic mgk kendrick lamar jcole dillon cooper dizzy wright bishop nehru underachievers dizzy wright mac miller oddisee que hampton hopsin,81
Joey Bada$$,Boom bap,song play wedding,128
Joey Bada$$,Boom bap,shit make feel like remember life really supposed get smarter evolve,3
Joey Bada$$,Boom bap,nostalgic feeling get song insane,30
Joey Bada$$,Boom bap,brings back many memories 2020 joey still best agreed,52
Joey Bada$$,Boom bap,joey bada earl sweatshirt whaaaaat fucking duo would mygod,335
Joey Bada$$,Boom bap,one dudes blow era wasnt ringtone rapper eminem clone,2
Joey Bada$$,Boom bap,listening joey years exact age east coast got spiritual lift like see growth like watching brother come salute classic used listen day shit crazy shoutout babies til infinity,67
Joey Bada$$,Boom bap,going joey binge cause new album around corner anyone else,37
Joey Bada$$,Boom bap,joey bada dope man evolved faster steez passed took baton continued steezys work love,100
Joey Bada$$,Boom bap,2025 battle rap brought miss,6
Joey Bada$$,Boom bap,screenshot 142 diss song cover art westcoast artist might respond get paid free game,17
Joey Bada$$,Boom bap,joey bada freshest clothes,35
Joey Bada$$,Boom bap,new york without chicago influence pure hiphop orginal thats made new yorknew york new york needs authenic,12
Joey Bada$$,Boom bap,2024 people dont understand gem joey dropped,6
Joey Bada$$,Boom bap,agree rozetti hip hop head years ive solely relying old tang nas dmx common old jay big lox redman albums got musical enjoyment ive finally found something worth listening thats considered new need like joey,43
Joey Bada$$,Boom bap,damn joey year life good music,42
Joey Bada$$,Boom bap,dont worry ate dont want plate combine mine quake make earth shake super natural disaster half ahh rappers,9
Joey Bada$$,Boom bap,young old crazythis talentits shame trash sells,4
Joey Bada$$,Boom bap,need bada kdot collab,141
Joey Bada$$,Boom bap,shits coming years old time man god damn still remember day shit came,112
Joey Bada$$,Boom bap,cant believe almost yrs ago much changed blessing come back get nostalgic feeling man,16
Joey Bada$$,Boom bap,think era pro era devastated,466
Joey Bada$$,Boom bap,come back song everytime need realign chakras feeling gives beyond realm thank joey truly badass,103
Joey Bada$$,Boom bap,whos listening 2024,405
Joey Bada$$,Boom bap,good times man wish songs like would get attention tik toksocial media hits,2
Joey Bada$$,Boom bap,classic eyes type music takes better place,23
Joey Bada$$,Boom bap,bruh found guy,321
Joey Bada$$,Boom bap,remember jamming partners day every day til infinity homies,4
Joey Bada$$,Boom bap,love theres hint rasta sound reminds smif wessun,72
Joey Bada$$,Boom bap,9years later still forever hit,14
Joey Bada$$,Boom bap,listening thought nothing life listened joey bada pro eras good stuff realized ahead time peace good would like get til infinity tattooed,8
Joey Bada$$,Boom bap,202 dirty bastard method man flow,6
Joey Bada$$,Boom bap,still got bars went head years later,12
Joey Bada$$,Boom bap,vocals feel real hard track,28
Joey Bada$$,Boom bap,20102020 next golden era hip hop since 90s much talent came time,7
Joey Bada$$,Boom bap,devastated cant even mentioned sentence song,174
Joey Bada$$,Boom bap,saying years guy goat era,13
Joey Bada$$,Boom bap,house burning cuh,34
Joey Bada$$,Boom bap,whos 2025 2026,1513
Joey Bada$$,Boom bap,2018 passed 2021 loved joey badass much think everytime listen song fly high eric love,0
Joey Bada$$,Boom bap,summer 2019 gone repeat,140
Joey Bada$$,Boom bap,hes one helluva actor props joey bada true talent,51
Joey Bada$$,Boom bap,better late never dec 2020 words beats sound top,55
Joey Bada$$,Boom bap,song never gets old caught guard shower absolute classic,21
Joey Bada$$,Boom bap,finally real hip hop isnt dead,38
Joey Bada$$,Boom bap,years listening crazy classic,9
Joey Bada$$,Boom bap,bro still wise beyond earthly years,2
Joey Bada$$,Boom bap,cannot begin_ explain song monumental,8
Joey Bada$$,Boom bap,superb real newyork hiphop,23
Joey Bada$$,Boom bap,fun fact video actually edit joey badass self,20
Joey Bada$$,Boom bap,drop knowledge like five percenter every time drop line touch like five placentas schooling offspring drop heat spring stay hot five novembers think yall niggas lost bar till day,7
Joey Bada$$,Boom bap,best song came straight soul social conditioning trivia,20
Joey Bada$$,Boom bap,whos still listening 2019,15
Joey Bada$$,Boom bap,whats funny kid came would click song multiple times would like coming back years found like appreciation style instrumental flow bars listen lot saying style ahead time first heard,8
Joey Bada$$,Boom bap,shoutout souls mischief infinity classic song inspired,1
Joey Bada$$,Boom bap,til infinity time disguiseda skies behind enemy lines lyricism joey fire,36
Joey Bada$$,Boom bap,still bumping 2019,17
Joey Bada$$,Boom bap,biggie would proud,297
Joey Bada$$,Boom bap,brings back memories high school times smoking joint lunch time,3
Joey Bada$$,Boom bap,years old always shit hats post involved remix made classic even greater niki wayne love guys,480
Joey Bada$$,Boom bap,nicki minajs verse sounds like actually rockstar,77
Joey Bada$$,Boom bap,nikki minajs part rocks love way contribution made song even cooler,94
Joey Bada$$,Boom bap,post boys heroi lost months ago listen post malone anything puts,238
Joey Bada$$,Boom bap,ever sing whole rap mix rapstar,113
Joey Bada$$,Boom bap,yrs old post malone definitely top influential artist ive heard man,149
Joey Bada$$,Boom bap,dammm nikki goes,20
Joey Bada$$,Boom bap,nicki killed track,11
Joey Bada$$,Boom bap,verse nicki minaj young money smokin gas killin bitches man feel like gangstar cover face like ninja alexander wang scarf ima drop bag gon pull gon let things aint switchin hairstyle niggas let bang percocets addies lookin fuck could give hatin bitches plottin cant let live weezy liv album drop bitches gon cry car yesmen lyin dyin spar tryin hard livin though livin though tunechi winnin though slimes twinnin though pivot though pivotal bands get though weezy pedestal lot gang shit whole lot gang shit plaques pilin nowhere hang shit bitches pussy though pushed pussy though niggas want cookie though cause taste like cookie dough smoke got free pack flow sick get zpack niggas dont mean race say blacked queen facts everything lacks bitch get kneecap dont mean kaep ill get checked pussy ill get free pap bitches dont ball get sacked obj hoes break records like ankles ive bitch since ice cream sprinkles tell carry gon miss gone gone,137
Joey Bada$$,Boom bap,one best underrated renixed songs ever heard,5
Joey Bada$$,Boom bap,wayne fuckn merkd beat heavy,39
Joey Bada$$,Boom bap,nicki minaj rock beat agree,58
Joey Bada$$,Boom bap,today never heard version absolutely love,91
Joey Bada$$,Boom bap,lil wayne always make shit goes fire,96
Joey Bada$$,Boom bap,fucking bigger whole state,6
Joey Bada$$,Boom bap,wayne verse hard,37
Joey Bada$$,Boom bap,wow beat nicki minaj rocks,91
Joey Bada$$,Boom bap,drinking rockstar lol,11
Joey Bada$$,Boom bap,song make day boredom fade away listen song nicky lil wayne,87
Joey Bada$$,Boom bap,good verse song high smoking weed,68
Joey Bada$$,Boom bap,gem tune never gets old,34
Joey Bada$$,Boom bap,nicki murdered track,27
Joey Bada$$,Boom bap,point feel uuuuuuu feel like rockstar,39
Joey Bada$$,Boom bap,2026 listening 2025 back,9
Joey Bada$$,Boom bap,wow tears joy love passion love mix,30
Joey Bada$$,Boom bap,wayne savage went hard,2
Joey Bada$$,Boom bap,remix straight fire,41
Joey Bada$$,Boom bap,hear outside condo bbq drinks people love america fkn struggles americans rich poor fkn struggle fam different levels different devils,66
Joey Bada$$,Boom bap,whos tonight vibing,6
Joey Bada$$,Boom bap,ohhmygod str8 barz,17
Joey Bada$$,Boom bap,anyone still 20242025,89
Joey Bada$$,Boom bap,never heard remix version real talk,25
Joey Bada$$,Boom bap,wish could rap like nikki shes bad queen,23
Joey Bada$$,Boom bap,smooth like butter gangster butter,22
Joey Bada$$,Boom bap,4years onthis remix still lit,1
Joey Bada$$,Boom bap,hard reason lmao,3
Joey Bada$$,Boom bap,gold diamonds make bloodfire essence,8
Joey Bada$$,Boom bap,2018i believe came first heard back paddy wagonon way new remand etownand could think song cold,2
Joey Bada$$,Boom bap,post god lyrics relate music hits feel woman certain age still relate,22
Joey Bada$$,Boom bap,january 2025 anyone,99
Joey Bada$$,Boom bap,sorry hereabout lossiv following postmalone sence came outhe really get wordoutnow listening listen totribute songod bless,3
Joey Bada$$,Boom bap,thats real true loyalty,6
Joey Bada$$,Boom bap,love babys sgtryan miss yiu cant wait see yall soon,8
Joey Bada$$,Boom bap,best version song thus far,39
Joey Bada$$,Boom bap,beat track never get old swear god makes feel type way post killed created,0
Joey Bada$$,Boom bap,remix reveals true genius talent nicki post malone industry,36
Joey Bada$$,Boom bap,lil waynes verses wicked lol,2
Joey Bada$$,Boom bap,song amazing every way kids days know boundaries genres pretty crazy see,17
Joey Bada$$,Boom bap,cant get better love yall,28
Joey Bada$$,Boom bap,cold cold track little wayne goes deep,6
Joey Bada$$,Boom bap,post malone first came started singing totally different music today still good,2
Joey Bada$$,Boom bap,young money baby,34
Joey Bada$$,Boom bap,listen post malone whole another world,13
Joey Bada$$,Boom bap,first part waynes verse thinking wayne lol,11
Joey Bada$$,Boom bap,waynes verse short perfection,2
Joey Bada$$,Boom bap,song banger everyone wants feature lol,11
Joey Bada$$,Boom bap,drinking beer jam,3
Joey Bada$$,Boom bap,tune never get old,6
Joey Bada$$,Boom bap,wayne put song back took,4
Joey Bada$$,Boom bap,song turns good frankly speaking,27
Joey Bada$$,Boom bap,whoa nikki absolutely snapped,19
Joey Bada$$,Boom bap,use call lil uzi federal prison broke last piece heart people dead prison cleaned life dont end place hits home,1
Joey Bada$$,Boom bap,party like rockstar squad,17
Joey Bada$$,Boom bap,quien este 2026,0
Joey Bada$$,Boom bap,came post melone concert live bahrain love dude thank energy cant wait new songs rock star thank much,34
Joey Bada$$,Boom bap,years old still makes feel young,2
Joey Bada$$,Boom bap,dude awesome job remix hot stuff say dude post malone millionaire lisa rosina,20
Joey Bada$$,Boom bap,savage lil wayne thank help,2
Joey Bada$$,Boom bap,awesome version relaxxxxx,11
Joey Bada$$,Boom bap,lil wayne went crazy,2
Joey Bada$$,Boom bap,love mix damn adds middle song ahhh,1
Joey Bada$$,Boom bap,anyone february 2025,16
Joey Bada$$,Boom bap,needing hear song sometimes,1
Joey Bada$$,Boom bap,nikki wayne killed,10
Joey Bada$$,Boom bap,con lil wayne este tema quedo 100 100 este tema siempre escucho gusta bastante,2
Joey Bada$$,Boom bap,appreciate detailed analysis,1
Joey Bada$$,Boom bap,anyone knows love,7
Joey Bada$$,Boom bap,track marks really,1
Joey Bada$$,Boom bap,gonna give nicki killed,4
Joey Bada$$,Boom bap,lil wayne nicki smashed,1
Joey Bada$$,Boom bap,rock star post malone,1
Joey Bada$$,Boom bap,lil wayne never gets old nicky rocks lil rocks awesome shit got,40
Joey Bada$$,Boom bap,song hits hard different world,1
Joey Bada$$,Boom bap,yaaaay work posty thirst,4
Joey Bada$$,Boom bap,wow real remix didnt know,10
Joey Bada$$,Boom bap,nicki minaj future goat want everyone self,16
Joey Bada$$,Boom bap,nice piece musical genius,3
Joey Bada$$,Boom bap,actually years still gotta support kid theyre college,1
Joey Bada$$,Boom bap,top notch remix,21
Joey Bada$$,Boom bap,like rockstar since 2010,1
Joey Bada$$,Boom bap,rockstar song add,50
Joey Bada$$,Boom bap,first half waynes verse second half waynes verse,2
Joey Bada$$,Boom bap,happy new year 2026 shit still banging,3
Joey Bada$$,Boom bap,damn nicki goes,1
Joey Bada$$,Boom bap,yaaaaaaas lol livvvingggggggg,9
Joey Bada$$,Boom bap,hear reminding gun sound interview got fame bad ass tune guys queen,1
Joey Bada$$,Boom bap,listing 2024 july,8
Joey Bada$$,Boom bap,lol waynes verse beast,14
Joey Bada$$,Boom bap,nicki minaj hit hard one,14
Joey Bada$$,Boom bap,post malone nicki lil wayne snaps always one favs playlists,1
Joey Bada$$,Boom bap,best remix done heard long time rockstar 2021,33
Joey Bada$$,Boom bap,omg miss 80baby,1
Joey Bada$$,Boom bap,thats right real truth sending love light loe,23
Joey Bada$$,Boom bap,nicki went hard ngl,0
Joey Bada$$,Boom bap,godbless youre boy always,6
Joey Bada$$,Boom bap,lil wayne lyrical genius shit straight,2
Joey Bada$$,Boom bap,totally awesomely genius,5
Joey Bada$$,Boom bap,hes smartwhen tracy,2
Joey Bada$$,Boom bap,remix better den original tracklike nicky minaj stuff,35
Joey Bada$$,Boom bap,charge game made,1
Joey Bada$$,Boom bap,bro nicki snapped track,3
Joey Bada$$,Boom bap,love thank help,2
Joey Bada$$,Boom bap,absolutely many ways,1
Joey Bada$$,Boom bap,makes feel good investments statement deep remix,18
Joey Bada$$,Boom bap,love music hate profanity new generation musicians could call mind love post malone,8
Joey Bada$$,Boom bap,lil wayne parts crazy,0
Joey Bada$$,Boom bap,nicki minaj resonator,7
Joey Bada$$,Boom bap,lip wayne sounding goofy songs voice song got dying,0
Joey Bada$$,Boom bap,mix bangin yall knw,4
Joey Bada$$,Boom bap,last bit tho,5
Joey Bada$$,Boom bap,woman able feel pretty comfortable healthy genuine version pure energy mental awareness matters,24
Joey Bada$$,Boom bap,cover face like ninja alexander wang scarfthat verse addictive meth,10
Joey Bada$$,Boom bap,strange people put mask every day trying make people like people like like always someone doesnt like,19
Joey Bada$$,Boom bap,lil wayne heat like,0
Joey Bada$$,Boom bap,never stop listening,1
Joey Bada$$,Boom bap,talking great remix helps get bsood shit ive going,49
Joey Bada$$,Boom bap,missed song riding outttttttt,19
Joey Bada$$,Boom bap,needed gates money man,0
Joey Bada$$,Boom bap,fine impacts got taken,3
Joey Bada$$,Boom bap,2025 still banger,1
Joey Bada$$,Boom bap,best version platinum,2
Joey Bada$$,Boom bap,lil wayne killing,11
Joey Bada$$,Boom bap,savage really got shit fired doe,1
Joey Bada$$,Boom bap,low key niki saying ninja cant ninja body,2
Joey Bada$$,Boom bap,nicki queen rap,0
Joey Bada$$,Boom bap,repeat good min worth,1
Joey Bada$$,Boom bap,daaamn lil wayne kills end best last,5
Joey Bada$$,Boom bap,snakes call rubies blood diamonds aura eyes,1
Joey Bada$$,Boom bap,saludos desde cali colombia buena gente,10
Joey Bada$$,Boom bap,whoe tangs partz,1
Joey Bada$$,Boom bap,2025 still jamming,13
Joey Bada$$,Boom bap,rodeo party best ever remember,0
Joey Bada$$,Boom bap,shit remix song said jose cuervo lol,10
Joey Bada$$,Boom bap,thought beat couldnt get better pros come classic posty talented self shit day way,0
Joey Bada$$,Boom bap,music also used therapy help heal mind reprograming,1
Joey Bada$$,Boom bap,damn boii god would absolutely love able come see damn thing show northern indiana,4
Joey Bada$$,Boom bap,thjat girl killed,8
Joey Bada$$,Boom bap,went offf know like everybody got uoeno rick ross everybodyyyyyyy,0
Joey Bada$$,Boom bap,much lil wayne,0
Joey Bada$$,Boom bap,dude beast beast might throw another window montage city green bikes,2
Joey Bada$$,Boom bap,else day vegas festival2021,5
Joey Bada$$,Boom bap,gotta listen closley really hear message trying tell deeper beat good flow,0
Joey Bada$$,Boom bap,niki brought black lol good verse,0
Joey Bada$$,Boom bap,iann sweet never push away,1
Joey Bada$$,Boom bap,everyone know homeless became famous much love respect powering,7
Joey Bada$$,Boom bap,ive twentyfive years know lot blood,1
Joey Bada$$,Boom bap,anyone march 2025,36
Future,Trap,cant keep secret forever came jail addicted homeless husband home good job song clover cage final round two songs helped get depression want people know things get better together blessed,106
Future,Trap,mani remember depressedthen future said takgenmdmdkdhdkslsgij changed life forever,2556
Future,Trap,thought day catch cheating never tell sorry sir future first,7912
Future,Trap,catch cheating wont never tell sorry wild shit,14181
Future,Trap,catch cheating never tell sorry book future 212,3024
Future,Trap,years later youre still watching music video understand man called future,5103
Future,Trap,man future youre words lot meaning efbewkyfwefebfewwn beautiful,2769
Future,Trap,future type rapper would tell barber doesnt like cut,13504
Future,Trap,catch cheating never tell sorryi bet real inspiration behind hoodville,928
Future,Trap,honestly thought weeknds song lol weeknd feature song automatically becomes song,2974
Future,Trap,day still think weeknd future make whole album together,9405
Future,Trap,song makes wanna steal money,4180
Future,Trap,depressed heard future say fyfgdsvsdcberhf totally saved life,1888
Future,Trap,feature weeknd song longer song,3267
Future,Trap,reason future says bitch pakistan future fam,1014
Future,Trap,got baby mamma side kissing one iconic lines,3317
Future,Trap,turned ritz lean house 6th time getting kicked fuck keeps letting rent rooms third time,194
Future,Trap,aint first time welcome back gang,1287
Future,Trap,want song gta rockstar plz put,3
Future,Trap,rhyming military military easily best rhyme ever spoken,834
Future,Trap,somehow meek mill took another dont know,973
Future,Trap,catch cheating never tell sorry,750
Future,Trap,still one metros best production day,1816
Future,Trap,kind song got attention deserved feel like still underrated,7421
Future,Trap,weeknds voice vibe psychedelic feel,5857
Future,Trap,everytime weeknd future link music blow park every song duo amazing type talent never seen wish sometimes would drop duo album,5
Future,Trap,song wont ever stop sounding good,6686
Future,Trap,bitch pakistan else shit futures fucking savage shits lit,334
Future,Trap,weird life bad ever since future released life good life highest future released low life,514
Future,Trap,قال رسول الله صلى الله عليه وسلم كلمتان خفيفتان على اللسان ثقيلتان الميزان حبيبتان إلى الرحمن سبحان الله وبحمده سبحان الله العظيم,1
Future,Trap,future catch cheatin aint ever tell sorry ciara,872
Future,Trap,remember sad future said jrncurnhcdnycrbycrnduendeu life changed forever,2457
Future,Trap,damn song came world actually fun,1895
Future,Trap,2026 reppin lowlife,1
Future,Trap,way future repeated catch cheating never tell sorry poetry,490
Future,Trap,soo nobody talk metro genius come beat gold,1550
Future,Trap,played song school fire drill,4330
Future,Trap,kind song got attention deserved feel like still underrated cant deny future bag since day one authentic views dawt cawm boost another level dudes literally unstoppable,9
Future,Trap,catch cheating never tell sorry iconic line,401
Future,Trap,catch cheating ill never tell sorry damn,426
Future,Trap,must never forget song absolute masterpiece,10972
Future,Trap,445 always last part abel singing background classic,7
Future,Trap,catch cheating ill never tell sorry made 210k women dislike masterpiece,605
Future,Trap,2016 low life 2020 life good,1538
Future,Trap,holy shit future always smooth raps,1374
Future,Trap,whatever sub genre sub genre trap falls no1 unmatched,5
Future,Trap,weeknd went song,1223
Future,Trap,definition perfect soft trap song sht goes hard,562
Future,Trap,26032016 like present 19th musical masterpiece 10s still nostalgic,5
Future,Trap,years later still best song test quality earphones,8757
Future,Trap,197k disliked say sorry theyre caught cheating,2157
Future,Trap,would fucking hate sit behind weeknd movies screen would covered jungle,246
Future,Trap,rhymes military military,2311
Future,Trap,else randomly felt like listening song nowhere,665
Future,Trap,whos still listening come back catches cheating never tell sorry,462
Future,Trap,listening since 2016,7
Future,Trap,metro boomin slaughtered beat,743
Future,Trap,jugde anything else know future saying,2079
Future,Trap,matter situation song throw world full confidence,969
Future,Trap,repeat since 2016,6
Future,Trap,could play song repeat forever never get sick legit masterpiece,3800
Future,Trap,weeknd goes hard 034,449
Future,Trap,man life freakin awesome dropped,780
Future,Trap,two favorite american artists since childhood grew listening music love much whos 2026 month,12
Future,Trap,life much better came,8651
Future,Trap,song makes wanna call someone say cant talk right,428
Future,Trap,350 part best,225
Future,Trap,anything weeknd yassss love,7
Future,Trap,producer much swag wanna show future abel yes,344
Future,Trap,life much better came,1831
Future,Trap,weeknd much swag even doesnt know,321
Future,Trap,still listening song 2020 legend going rich,413
Future,Trap,years song unkillable,625
Future,Trap,february 2026 still repping low life,13
Future,Trap,need take masterpiece views sure,3200
Future,Trap,weekend rep low life future repeeerepe repp ribbit repressed rep rep rep whoaaaaa,2507
Future,Trap,snipersnipersnipersnipersniper wifeywifeywifeywifeywifey hits hard,313
Future,Trap,song today completed years time run,5
Future,Trap,track way ahead time still ﾒˑ𝘰,1071
Future,Trap,weeknds part never gets old fucking fiire,989
Future,Trap,weekend wanted see halftime,385
Future,Trap,shhhiiitttt back thenn crazy already years,390
Future,Trap,aint nobody gonna talk weeknd killed part firee,233
Future,Trap,anyone else listening hearing heartless,3001
Future,Trap,officially years since song dropped man time flies,4
Future,Trap,neighbors love song much threw rock window hear better,6872
Future,Trap,baby girl dont lie used money crib room service bill cost whole life killed,279
Future,Trap,catch cheating never tell sorry wise words king toxicity,161
Future,Trap,future belly weekend pure gold,2
Future,Trap,song hits different listening driving night,324
Future,Trap,years later song still hits different truly masterpiece,730
Future,Trap,came march 2016 almost march 2026 song still hits hard best song future weeknd far never get tired hearing repeat especially gta,3
Future,Trap,everyone gangsta weeknd comes military,477
Future,Trap,everyday realize future ahead time,717
Future,Trap,still got repeat day,825
Future,Trap,music vid came years ago today birthday,8
Future,Trap,dont need calendars anymore thanks youtube comments,1991
Future,Trap,shit still slaps day always,487
Future,Trap,song hits different youre faded,3272
Future,Trap,233 best part song,1
Future,Trap,catch cheatin never tell sorry level toxicity aspire achieve,268
Future,Trap,unusually weeknd sing somethin low almost every time sings high,163
Future,Trap,think ive played song million times,1853
Future,Trap,2026 bihhh lets gooo,28
Future,Trap,used money crib room service bill cost whole life,298
Future,Trap,future think like fucking like,133
Future,Trap,years ago bro still feels new,265
Future,Trap,future trustuhhhh sensational,7
Future,Trap,comfort corona pandemic,912
Future,Trap,song always different vibe songs still lit,392
Future,Trap,thought weeknd couldnt make hotter sounding song nah,110
Future,Trap,20152016 weeknd goated,3
Future,Trap,song still hits day,682
Future,Trap,anyone came listening song reading comments,1941
Future,Trap,1999 song still gives goosebumps song never gets old anyone august 1999,231
Future,Trap,weekends opening still dopest shit hes ever done,3
Future,Trap,nobody gone talk fye weeknds verse,169
Future,Trap,anyone watching october 2019 still hit,896
Future,Trap,every year people saying whos listening 2017 2018 etc told bump 2049 regrets cares old good rap good rap,302
Future,Trap,isnt first time welcome back,24
Future,Trap,quit hating guys hair weeknd talent sing looks dont matter guarantee haters said something face like dont like good blow lolz enjoy music gives fuck appearance,167
Future,Trap,imagine someone dumped youre like room service bill cost whole life,365
Future,Trap,amazing songstill listening masterpiece 2026,4
Future,Trap,amazing see grow 82m month lol,268
Future,Trap,roaches everywhere like forgot take trash,666
Future,Trap,type song blast car,373
Future,Trap,honestly best song ive ever heard takes back fifth grade,3
Future,Trap,dollar general reppin low price,2603
Future,Trap,youre still listening gotto friends,270
Future,Trap,song always classic,2
Future,Trap,insane bass line,348
Future,Trap,2023 still vibes,1641
Future,Trap,march dont make music like,24
Future,Trap,song always make feel type way liitt man,260
Future,Trap,song banger glad drake wasnt cause radio would play shit,137
Future,Trap,rep medium life,176
Future,Trap,repping toast life,370
Future,Trap,else thinks sounds better headphones ear buds,165
Future,Trap,nobody even see need tell someone music medicine listen another world song clover cage favored god two songs helped get depression want people know things get better together special,3
Future,Trap,think cause brokegot friendsno one cares youim anytimeanyone anywhereanytimejust keep faith uplike diamond rough shine still therein anyonegod bless,313
Future,Trap,anyone december 2025,1049
Future,Trap,prologue belong streets,361
Future,Trap,already years since came swear hasnt long,128
Future,Trap,future makes wanna cheat imaginary girlfriend,2302
Future,Trap,song leaves speechless memories impact remember came brings right back life,576
Future,Trap,song fucking dope unbelievable,1748
Future,Trap,great song cant wait english version,884
Future,Trap,else listening weeknd weekend,660
Future,Trap,weekend 2015 low life weekend 2026 high life,11
Future,Trap,sounds pretty lit car full bass,2951
Future,Trap,still listening 2018 bass still hard lol,1860
Future,Trap,dont know song makes emotional deeper thinking,3
Future,Trap,december 2024 still banger,110
Future,Trap,weeknd rhymed military militarynot gonna lie really felt,139
Future,Trap,weeknds verse straight flames,154
Future,Trap,years later song still hits brings back many memories 2016 littlest summmer,1
Future,Trap,may metros best beat,1372
Future,Trap,else listening popular,258
Future,Trap,353 fav part,243
Future,Trap,thank humanity funny comments miserable day got better,139
Future,Trap,else agrees make another song together,1250
Future,Trap,never get bored song,419
Future,Trap,youre watching right today 10th anniversary dropped,4
Future,Trap,abels versefutures verse,469
Future,Trap,thats wifey wifey wifey think like like like scottie pippen somewhere punching air hearing,156
Future,Trap,future stole song back verse started,122
Future,Trap,whos november 2024,330
Future,Trap,thats wifey wifey wifey wifey think like like like like damn see name future,133
Future,Trap,listening ever since came still vibin like first time hearing another unmatched duo time,480
Future,Trap,ever reading 2090 deadi juzz wanna say future made timeanyway one term,7
Future,Trap,steve harvey knows daughter safe hands listening,474
Future,Trap,good thing military rhymes military,205
Future,Trap,still repeat playlist,167
Future,Trap,355 hits different,1
Future,Trap,song slaps different high,335
Future,Trap,include weekend become featured artist,161
Future,Trap,listening song 2017,651
Future,Trap,real ogs still listening old classics,293
Future,Trap,dollar general reppin low price,284
Future,Trap,track years old like yesterday,0
Future,Trap,nicki really iconic girl held biggest men hip hop,11783
Future,Trap,future chorus never undone,12146
Future,Trap,million dollar lives rent free mind ooouuuu yall thank likes,4367
Future,Trap,lil wayne never dissapoints thats milliondollar intro,22
Future,Trap,1st may anyone,298
Future,Trap,251 nicki song never undone,1597
Future,Trap,say cardi game changers rapping sexual liberation yada yada clearly neva heard nickis old shit,1108
Future,Trap,never make music like todays hiphop simply cant compare,5307
Future,Trap,birdman doesnt even raphe straight mentioning expensive shit,5415
Future,Trap,100 got million dollar million dollar oow oww oww,141
Future,Trap,lil wayne killed shit2025 still watching,597
Future,Trap,one nickis iconic catchy verses point fingers rap,4284
Future,Trap,damm years ago came back 2025 music never die,2097
Future,Trap,specific track nicki lil wayne birdman mack order aint gonna front stuff like makes,1
Future,Trap,april 1st anyone,214
Future,Trap,damn years later nicki still baddest game,1033
Future,Trap,nickis verse starting meaning verse,956
Future,Trap,fav part nickis verse background 337 hear background saying kyuh way echos ughhh love,42
Future,Trap,nicki though shes living legend happy grew watching become best female rapper time,1113
Future,Trap,23rd may anyone,68
Future,Trap,march 2026 anyone edit whats guys torture lyrics song mine 403 future says wanna touch,385
Future,Trap,grew fast wanna back era,4318
Future,Trap,nickis verse always gives goosebumpssuch freak,900
Future,Trap,love old school music dirty lyrics music video clean almost classy,4893
Future,Trap,absolutely reason lil wayne hard,726
Future,Trap,futures hook chorus legendary,1332
Future,Trap,chick amongst best game still murdered lines like shit aint nothing nicki best,1626
Future,Trap,cant deny fact ymcmb sold millions records hit hit music still soundlike got released yesterday,805
Future,Trap,nicki really said pull cant afford,271
Future,Trap,nickis verse still gives chills years,2403
Future,Trap,years master piece 1st february 2026,20
Future,Trap,lil wayne ymcmb rich gang era never forget never forgotten 2024 still rocking,629
Future,Trap,rich gang ymcmb best thing happened music glad alive happened,467
Future,Trap,damn came epic timerest peace rich homie quan,838
Future,Trap,one gonna say dis song years ago famous tiktok trend,355
Future,Trap,todays marks years banger released,1010
Future,Trap,tap thing wayne 122 iconic remember playing local skating rink soon part came everyone dropped heard snapping ground miss much,727
Future,Trap,closing february 28th 2026 masterpiece,45
Future,Trap,todays music cant compare era,5139
Future,Trap,rip quannnn thanks good music bring nostalgia,537
Future,Trap,still listening banger,615
Future,Trap,future consistently delivers catchy hooks never disappoint,377
Future,Trap,one days looking old songs huh,358
Future,Trap,2024 still feeling always,503
Future,Trap,birdman verse affirmation 134,29
Future,Trap,future secretly behind best bangers time,1196
Future,Trap,year old business knowing song way fucking classic man,1080
Future,Trap,ive never heard anyone talking one line weezy promoted safe sex,518
Future,Trap,2023 still feeling heat,1587
Future,Trap,still 2022 days true hiphop existed,1844
Future,Trap,future 403 crazy,110
Future,Trap,listen 2024 hit like key lets enjoy,458
Future,Trap,nicki dress everything,559
Future,Trap,april 2026 tap tap,29
Future,Trap,youre 2019 lemme say good taste music,880
Future,Trap,way nicki always eat everybody,1549
Future,Trap,chilling 2020 quarantine,1759
Future,Trap,march 2026 anybody,35
Future,Trap,years later still dont know future went hard 402,577
Future,Trap,wondering meaning nickis tattoo left arm meaning god always age,187
Future,Trap,miss kinda music,0
Future,Trap,anyone else feel like bros verse 423 longer going somewhere,315
Future,Trap,played high school pep rally tell everybody males females went crazy nicki came telling everybody went word word tried block certain parts didnt matter loud ayyy,169
Future,Trap,rich need paris hilton bartender,2610
Future,Trap,way song trending tiktok,6
Future,Trap,randomly thought song day lmao,330
Future,Trap,birdman keep rubbin hands like lotion never dries,2657
Future,Trap,lil waynes longevity needs studied,279
Future,Trap,14th march 2026 anyone,117
Future,Trap,january 2022 still love songlove nicki future,700
Future,Trap,first verse always slap lives rent free head,115
Future,Trap,march 2026 anybodyyyyy,524
Future,Trap,hear recall old memories,957
Future,Trap,nicki boss one compare,758
Future,Trap,little waynes intelligence definitely analytical level,243
Future,Trap,february 2026 anyone,84
Future,Trap,0316 oooooooooooooooh deeeep throoooooooooooooat actually says lmao,489
Future,Trap,remember song part nicki minaj sings million dollar puusssayyyy dont remember heard lol,349
Future,Trap,2022 still come listen masterpiece lil wayne went hard,642
Future,Trap,miss old days,507
Future,Trap,still remember comment section normal calendar,1482
Future,Trap,nicki forever queen please,1
Future,Trap,paris christina introduction rich gang everything,113
Future,Trap,yall dont know great opening song wayne brought,93
Future,Trap,song made highschool beautiful,786
Future,Trap,whos 30th 2026 january,30
Future,Trap,whos reminiscing old bangerz tunchi,1217
Future,Trap,2025 still hitting,143
Future,Trap,back wayne dreads healthy,2892
Future,Trap,whos 2022 enjoy master piece real shit,526
Future,Trap,still highest paid rap bih forbes list queen,472
Future,Trap,2024 still listening,1396
Future,Trap,today ever green,1
Future,Trap,still listening song 2025 legend isnt,213
Future,Trap,makes sad birdman greedy fucked everything built cash money fire broke good thing,2127
Future,Trap,also still listening song 2025,167
Future,Trap,didnt know paris hilton,695
Future,Trap,nickis verse dear lord,104
Future,Trap,nick minaj verse something else 2026,9
Future,Trap,listen 2024 youre addicted music,19004
Future,Trap,hard believe lil wayne game years,393
Future,Trap,production went hit mad plus could listen waynes verse forever bars bars,323
Future,Trap,march 2026 anyone,59
Future,Trap,42k dislikes people didnt make tap,764
Future,Trap,403 producer hold future think autotune broken future sounds sensational,228
Future,Trap,years later still watching youre legend,192
Future,Trap,bring nicki back please lord beg,1
Future,Trap,nicki minaj kills everything shes purr,91
Future,Trap,miss use make music like,1682
Future,Trap,nicki alpha alwayz standout respects tho,98
Future,Trap,17march 2026 anybody,341
Future,Trap,nicki forever iconic lyrical genius female rapper ever wont another next 100 years,72
Future,Trap,9th september 2021 still love song thank lil wayne nicki minaj thank,432
Future,Trap,nicki able hold song wayne birdman future mack maine favorite could never,133
Future,Trap,october vibes 2024 stilling listen happy birthday rich homie quan,163
Future,Trap,replay waynes verse,392
Future,Trap,forgot legendary song ima appreciating years later,258
Future,Trap,always remember future fucks vibe 403 lol,2266
Future,Trap,never listen nicki minaj quietly lol 12am hear verse come sudden like million dollar puuuusssssyyy million dollar pusssssyyy lol dont even know came,93
Future,Trap,248 youre looking,952
Future,Trap,october 2025 anyone,541
Future,Trap,back could understand future,369
Future,Trap,future memorable hooks always,230
Future,Trap,know yall rich paris hiltons cocktail waitress,241
Future,Trap,nicky always queen rap 2026,2
Future,Trap,100 sure joint still cause club buck wild,106
Future,Trap,wayne made fall love rap music,279
Future,Trap,none comments realize hard beat carried song,7
Future,Trap,till day million dollar pussy constantly plays head,102
Future,Trap,still making tap 2019,1110
Future,Trap,february 23rd 2026 anyone everyone listening great jam one best lyrically inclined rappers time lil wayne,3
Future,Trap,november 2025 anyone,653
Future,Trap,months 2024 still feeling song never gets old,228
Future,Trap,whos listening 2019 listening tapout shit nicki wasnt afraid went wayne birdman lol,114
Future,Trap,lil wayne goat,7
Future,Trap,still listening 2k18,120
Future,Trap,song never gets old,992
Future,Trap,making life easy bless,3
Future,Trap,man miss summer 2013 summer things lowkey fun less stressful lessdepressing even 2011 well,204
Future,Trap,nicki always put smile face best,111
Future,Trap,song came outliving wildest days varsity life sweet,269
Future,Trap,dawg song still hard bro sound like came damn bro,1
Future,Trap,yallz always compare cardi nicki nicki legend,1069
Future,Trap,song never get old 2020,424
Future,Trap,time fly man remeber came like yesterday,78
Future,Trap,lowkey slept babys versehe went crazy,1
Future,Trap,423 love egyptian skin talk religion 2018,146
Future,Trap,happy lil wayne started killed,111
Future,Trap,whos video hits 100million views,397
Future,Trap,boy wanye killed fuck bird man future lit,178
Future,Trap,wayne style starting songs one ever match,82
Future,Trap,future lit song nicki,324
Future,Trap,god era amazing,2
Future,Trap,2019 good music never dies,357
Future,Trap,still listening 2019,294
Future,Trap,nickis verse legendary,129
Future,Trap,youre listening song may 2022 youre addicted good music,150
Future,Trap,time hip hop still hip hop,2
Future,Trap,first listened song depressed purpose life however listening song university girlfriend moved ghetto,75
Future,Trap,didnt realize paris hiltons existence,270
Future,Trap,2020 anybody lil wayne fans especially,129
Future,Trap,whos 2019 loving wayne,448
Future,Trap,lil wayne gang,369
Future,Trap,yall ever start singing song randomly,393
Future,Trap,heavenly father pray keep person thats reading alive safe healthy financially blessed amen,237
Future,Trap,dear parents child smiling phone doesnt mean boyfriend girlfriend watching masterpiece,332
Future,Trap,girl overdosed died next yesterday days clean got rehab months ago rehab dedicated song song playing head day wish dreamnightmare wake shes still babygirl supposed turn next month everything love life wanted spend whole lives together please let loved ones know love worth,6513
Future,Trap,individual reading please quit overthinking everything every day night stop obsessing failures stop doubting seeing greatness everyone else better deserve start showing differently believe god wont ever hand something cant handle star world may god bless whoever sees,40706
Future,Trap,wondering tems future track gonna sound honestly drake makes 10000x better,3053
Future,Trap,wont wait wtf thought,18
Future,Trap,song makes miss relationship never waiting someone never hadwill never edit life comment 2023 found one thought grow old 2024 got married became dad amazing baby boy 2026 separated hit rock bottom third time life feeling heartbroken depressed lost carry pain daily hope eventually fades,2577
Future,Trap,mannnnnn havent felt way song song something soul tems voice magical,11308
Future,Trap,came listen masterpiece might gettin drake future collab anymore,680
Future,Trap,way tems skating worldwide proud nigerian african sister,953
Future,Trap,cousin died crash wanted listen song everyday turning days passed miss baby boy llk4,233
Future,Trap,tems background vocals soothing acoustic guitar makes straight bop,3497
Future,Trap,tems got voice angel excellent melody drake future,572
Future,Trap,production guitar tems vocals drake bars blunt glass wine balcony someone special maybe yaself edit thank ladies,6908
Future,Trap,tems fkn queen easily best track album vibes immaculate,2571
Future,Trap,wen drake said tried bring best guess influential guess one thats meant broke heart,718
Future,Trap,drake made cry said one thats meant hear tears drop phone get mad cuz cant leave alone songs beautiful,519
Future,Trap,mom passed 630 song reminds celebrated life thank,359
Future,Trap,cant convince love living,119
Future,Trap,tems voice makes wanna cry also leaves peace,4146
Future,Trap,message say delivered know dont get,281
Future,Trap,future drake collab never disappoints tems damn thing vocals,632
Future,Trap,tems literally devoured song amazingly expected,4296
Future,Trap,man someone willing wait means everything tems makes feel real,1136
Future,Trap,hook got tears thinking sister passed strong bond wait jessica,788
Future,Trap,pregnant song came pregnant,28
Future,Trap,comes relationships feelings drake best person song,593
Future,Trap,song amazes future thing drake verse hits tems voice perfect song masterpiece,1551
Future,Trap,130 cannot convince love livin barss,61
Future,Trap,drake said tried bring best outta guess unfluential guess one meant smiled reminisced,488
Future,Trap,love future love drake love tems imagine happy songs makes,643
Future,Trap,march 18th 2026 anyone,46
Future,Trap,played shit like 1000 times already best song project everybody something simple came masterpiece features supposed sound,1499
Future,Trap,congratulations tems deserve grammy much love,979
Future,Trap,yow future absolutely killed track background singing tems raspy voice damn straight fire,300
Future,Trap,almost died today car fishtailed times avoided two head collisions dodged two trees ended ditch next trees almost slammed god good believe saved life today,23
Future,Trap,every time hear tems cry tears joy voice healing bro forreal,1217
Future,Trap,like song cause could listen reason could sad going situationships relationship problems could make think someone lost power music,4264
Future,Trap,whoever broke futures heart right job getting good music certified hit zambia,368
Future,Trap,everyone reads dont know probably never wish best life luck world,23
Future,Trap,one worst pains waiting someone whos already moved know move hard especially much love trust table abandon ill still wait need maybe another lifetime,359
Future,Trap,sure song repeat since released vibe perfect matter rainy sunny dark gloomy dont matter give feels,675
Future,Trap,really something song makes wanna listen giving summer 201617 vibes,875
Future,Trap,years later left soul song,18
Future,Trap,temsu finally getting recognition long deserved,196
Future,Trap,love tems voice truly sounds like gold voice makes want cry could listen forever song altogether classic hit forever glad found truly gem world,503
Future,Trap,yea gone one ones look back years ill check back yall,730
Future,Trap,2026 never ages,78
Future,Trap,replayed song 100 times already,252
Future,Trap,know drake future together songthey dont disappoint,6121
Future,Trap,046 best part,82
Future,Trap,far one biggest stand outs album drake tems showcased strongest pockets musically especially acoustic gutair background drake really showed glimpse past verse painting picture many familiar seeing record reach billboard top award show would expect label push performance might early song survive summer easily grammy nomination submitted one,1629
Future,Trap,future never disappoints,790
Future,Trap,years would back hear masterpiece,351
Future,Trap,201 best part,30
Future,Trap,got better met aint coincidental,102
Future,Trap,last masterpiece drake future give,462
Future,Trap,song living head rent free since came beat lyrics vibe everything makes feel close waiting future self,1867
Future,Trap,listening deep hear truth behind every line say getting goosebumps every bar bro beat billboards keep going king thank vibes chills,3
Future,Trap,nominated grammy one favorites long time,1770
Future,Trap,tems definitely made song never seem fail,44
Future,Trap,something song feel nostalgic first time even hear,175
Future,Trap,amazing one song take back time make feel like exactly moment giving rush emotions feeling crave feel cherish forever grass isnt always greener,523
Future,Trap,long wait wont issue making wait love emotion could gift curse peace love blessings,11
Future,Trap,true tems fan know hook hearing song song last album broken ears song titled higher yall check people girl dope nice one,182
Future,Trap,song whole vibe play repeat day,430
Future,Trap,voice gives goosebumps said tell want clear 052,6
Future,Trap,perfect song early morning walks still dark outside neighborhood woman thoughts good music,314
Future,Trap,lost father figure nephewson figure within weeks reading comments make feel much better shout healing healed lights others god bless,344
Future,Trap,beat pleasing ears,36
Future,Trap,gonna forever played,86
Future,Trap,love song fantastic job best words rap beat,246
Future,Trap,probably one best songs album hands smooth,338
Future,Trap,takes back old summers cant even explain song hits right memory feels,276
Future,Trap,one best drake feature ive heard,84
Future,Trap,gives one old school vibes everyone everything good people outside grilling kids running around chasing playing tag playing dice yard grandma sitting porch saying everyone kids getting wet hydrantgirls walking around looking fly summer outfits dudes sitting green electrical box playing cardsstray animals walking around like everything alright,457
Future,Trap,song repeat days hits hard cause feelings right especially drakes verse ive never played song long tems voice beautiful soothing,285
Future,Trap,first time heard rap song played gym car shower problem isnt long enough mood,379
Future,Trap,makes feel like everything going get better ima happiest,74
Future,Trap,que musica linda,3
Future,Trap,thank god got song beef,366
Future,Trap,tried bring best guess influential guess one thats meant,36
Future,Trap,tems sample delicious love future drake collab song automatic smasher,23
Future,Trap,hear tears drop phone get mad cant leave alone,9
Future,Trap,song never die,241
Future,Trap,imagine starting trucking business hit road getting song sent someone love hit hard got career take away women wasnt expecting song perfect explanation went someone else getting know siento lauren,235
Future,Trap,song brings alot dark places thoughts makes feel like still chance never late,841
Future,Trap,today make years ago since future dropped master piece,6
Future,Trap,never getting duo back,236
Future,Trap,song simply deep truly resonates soul women truly give heart man unconditionally love song,148
Future,Trap,ill wont wait,4
Future,Trap,end many amazing songs drake future make tems always great dang,65
Future,Trap,hearing tems certified lover boy drake knew track gon good,89
Future,Trap,know studio fire heads bopping none stop super soulful,132
Future,Trap,hear tears drop phone line takes away,36
Future,Trap,song hits spots gives feelings never felt good jam indeed,88
Future,Trap,love future drake tems vocals killed,71
Future,Trap,brother passed away last night favorite song,46
Future,Trap,drake crazy never misses bru may god give life man planet needs,147
Future,Trap,tems voice refreshing fav track,48
Future,Trap,lyrics intro wait early mornin late night wait doesnt even matter time wait presidential rollie already way tired sayin aye whenever find time okay ayy atl jacob atl jacob verse pray demons girl got every time sip codeine get vulnerable knowin sounds storm come understand cant take everywhere nigga going field like childrеn corn chorus hear tears whеn drop phone get mad cause cant leave alone gossip bein messy aint worried bout xanny travel around world would brag would try get phone dropping tears tell know braggin get vulnerable pills tell need bad yeah drunk tell exactly feel wait loaded keep real wait wait please tell real one exactly wait wait dont say cause know thats wanna hear wait wait verse yeah trappin round world sit balcony wonder feelin got career takes time away women cannot convince love livin wait line feelings flowin like river textin back kiki river wait message say delivered wait know dont get introduce knew wait made shake hand yall fuckin minute wait walk plank know swimmer wait supposed dog done put kennel girl put muzzle barkin dinner fuckin tiny presidential got better met aint coincidental tried bring best guess influential guess one thats meant chorus drake tems future hear tears drop phone get mad cause cant leave alone gossip bein messy aint yeah worried bout xanny trappin around world would brag would try get phone dropping tears tell know braggin get vulnerable pills tell need bad yeah drunk tell exactly feel wait loaded keep real wait wait please tell real one exactly wait wait dont say cause know thats wanna hear wait outro future tems early mornin late night dont even matter time worried bout xanny would brag would try get,454
Future,Trap,best song ever,6
Future,Trap,love everything song point listen day,197
Future,Trap,tems voice hauntingly beautiful,18
Future,Trap,late night downtown skyline significant danced deck parking garage find someone matches vibe youll never regret,519
Future,Trap,girl years left dropped help wait get weight absence,7
Future,Trap,shame wont getting gems like future anymore,98
Future,Trap,world ending would cry would try get tell want clear yeah hits hard,102
Future,Trap,tems made piece beautiful went listen higher album drake future tems contributed much beauty piece made feel like two lovers trying figure things feels real pure,47
Future,Trap,crazy beef drake,60
Future,Trap,song nevera get old,14
Future,Trap,going thru alot shit right song vibe forreal gives peace,43
Future,Trap,8th grader still hits,6
Future,Trap,still breaking drakes heart day,119
Future,Trap,tems voice giving lauryn hilltracey chapman india arie vibes excellent work,21
Future,Trap,drakefuture combo lethal add tems rest history cant stunt results,96
Future,Trap,currently hearbroken feeling types emotions song tells gonna okay,135
Future,Trap,thank tems making original without song wouldnt exist youre music masterpiece much love arizona,71
Future,Trap,everyone feelings summerim thinking abou tmy wifey got track repeat 65xwhile drink mississippi sweet tea lemonade,145
Future,Trap,late night driving thru city type vibes,48
Future,Trap,kudos future tems drake shit really touches heart love vocal sounds,87
Future,Trap,sincerly knew tems would loved international especially american market voice cuts across genres got accostic melodic deep soul music flow goes rap song anyday reminds lauryn hill 90s without rap lines gonna great success nigeria world unique grammy bound voice music one please make album like adele tems chance making big adele right team push see vision future,134
Future,Trap,ngl drake ran shit,8
Future,Trap,song soothes soul,29
Future,Trap,first time hearing whole song instantly started resetting life head,23
Future,Trap,soulful song see future still radars talented individual drake man shit,50
Future,Trap,best song 2022 hands,289
Future,Trap,years later still repeat,143
Future,Trap,hear tears drop phone get mad cause cant leave alone gossip messy aint simple damn whole verse slaps,5
Future,Trap,song chill like perfect late night drives girl tems voice majestic amazing,73
Future,Trap,goat back future inspired every song ever made hope make big one day work music together,44
Future,Trap,never let bangers,149
Future,Trap,futures voice passionate emotive beat catchy love song cant wait sing unmixit going much fun able isolate futures vocals remove background music really belt lyrics,58
Future,Trap,omg song feeling certain kind way man wait forever tems voice powerful beautiful keep listening,24
Future,Trap,theres certain songs make feel peace one,116
Future,Trap,song everything tems sings inner lover instantly makes think woman named ronisha ive loved dearly years literally hear soul wanting loved properly literally feel loves drake said guess one thats meant felt feel ive let multiple times times dont know love pray waits know finding every day wish luck yall one day wife felt tems sings world ending would cry would come get yes buttbutt definitely come get drop everything instant,4
Future,Trap,swear comments telling truth song months song summer future finally cares production changing style future sure top artists time future drake collab never fails fact song better drake collab speaks volumes much future cares music,137
Future,Trap,tems vocals top tier voice gives chills,44
Future,Trap,last time heard song last thing shared facebook stopped talking moved house blocked lol every time hear would think left like nothing made miserable asf months ago today listening whole song first time made feel good instead bad like hopeful future even aint,113
Future,Trap,futures music always looks bright,39
Future,Trap,missing one person ill forever love keep heart like shes tatted onto head never second thinking shes one feelings one else make like always forever heart head serio,239
Future,Trap,dont play funeral aint dying,144
Future,Trap,god bless yall man god good god love man true love,1
Future,Trap,early morning late night,54
Future,Trap,future goat aint like trappers oppas usin aut hentic views get hits smh seem like anyone big days,34
Future,Trap,whole song relatable beautiful everyones part well placed vybe different,95
Future,Trap,really beautiful song like beat lyrics makes feel harmony chorus reminds music heard growing 70s,77
Future,Trap,might vulnerable future ever song,25
Future,Trap,drake makes better exactly wat need,59
Future,Trap,song makes feel like swimming depths universes feels tears floating around abyss feeling,44
Future,Trap,song need hear,27
Future,Trap,song gives bittersweet feeling remember hearing first time exact day takeoffs passing definitely brings tears eyes everytime hear visualize imprint face dark starry sky hes looking world innocent heavenly eyes,141
Future,Trap,singing songslove voicelord bless hermy baby,3
Future,Trap,whatever touches turns gold amazing addicted music voice vibe magic shes got listening voice within singing rhyming hymns thank god voice tems,106
Future,Trap,snapped one hook verses production everything point joint salute,243
Future,Trap,say song lifts spirit every time feel like want give life feel like everyone doesnt understand give hope one day god answer prays crying hurting feeling like everything come end shout summer walker jcole writing amazing song,2
Future,Trap,driving city rain looking flashing lights thinking life song idk everyone else,133
Future,Trap,everybody played position song tem future drake need grammy song better freaking get one vote please let know song history much respect three song song timeless never gets old cant convince love living thats deep,21
Future,Trap,tems definitely one favorite artist right always comes,70
Future,Trap,cant deny future bag since day one authentic views dawt cawm boost another level dudes literally unstoppable,4
Future,Trap,song never die cant deny drake bag since day one hipviews dawt cawm boost another level dudes literally unstoppable,46
Future,Trap,song perfect cant deny drake bag since day one hipviews dawt cawm boost another level dudes literally unstoppable,8
Future,Trap,future dun went sooo hard right straight banger aint like trappers oppas usin authenticviews ham smh seem like anyone big days,51
Future,Trap,made respect future dont think far fetched say musical genius,81
Future,Trap,best song ever dropping tears reading comments wanna live life fullest love yall,1
Future,Trap,tems future kill song damn 2am vibes,707
Future,Trap,reason song makes feel like everything going work beautiful feeling love song,5131
Future,Trap,song takes stress thats calming,607
Future,Trap,tems vocals everything,83
Future,Trap,song definitely great forever remembered,90
Future,Trap,song still makes cry dont hurt,5
Future,Trap,never gon get song like,144
Future,Trap,whoever needs hear take time youre right one god show take time got,122
Future,Trap,hit hard missing someone,392
Future,Trap,got crazy memories song miss time life,5
Future,Trap,thought hip hop dead songs like give pulse theres fire songs summer,250
Future,Trap,song something song absolutely touches soul tems voicecrazy beautiful,40
Future,Trap,song hits different driving night,38
Future,Trap,tems bring sound melts heart put nostalgic mood,87
Future,Trap,still october 2025,11
Playboi Carti,Trap,idol house dan sonra geldim,164
Playboi Carti,Trap,idol house düzenleme beğeniler için teşekkürler umarım sınavı olanlar başarıyla kazanır,187
Playboi Carti,Trap,i̇dol evinden gelen kraliçeler var,207
Playboi Carti,Trap,idol housecular ısınlanmıs direkt patlattınız hbjscdjhbdcscjhbdax,46
Playboi Carti,Trap,zıpla zıpla zıplamayan milan civancı,92
Playboi Carti,Trap,i̇dol houseden gelenlerrr,349
Playboi Carti,Trap,i̇dol housetaki depremden sonra burdayım,110
Playboi Carti,Trap,batu san fein dans break izlemek istiyorum,27
Playboi Carti,Trap,idol housedan gelenler yorumunu travis şarkısına atıcağım asssssla aklıma gelmezdiahdksjalajak,66
Playboi Carti,Trap,know sheck corner crying travis dirty including,34988
Playboi Carti,Trap,yani secilmeyecek şarkı bravo,42
Playboi Carti,Trap,director vibe travis motion sickness,123933
Playboi Carti,Trap,producer whatchu finna travis spen,48925
Playboi Carti,Trap,carti said gweah gweah algualaga gegegegek shit hit hard,5181
Playboi Carti,Trap,abi baska sarki bulamadiniz gercekten,35
Playboi Carti,Trap,director say less travis didnt say anything,33594
Playboi Carti,Trap,121 cool travis got employees nike music video cool really cares employees make shoes,6155
Playboi Carti,Trap,transition travis carti insane,4898
Playboi Carti,Trap,vereceğiniz şarkıya tüküreyim ordan bakınca performans şarkısı gibi duruyor hay amik zuaahahahahah bi̇r saat fei̇nlerler artikk,38
Playboi Carti,Trap,said fein fein fein fein fein fein fein fein felt,13091
Playboi Carti,Trap,hardest character selection screen time,12214
Playboi Carti,Trap,122 shein shein shein shein shein,156557
Playboi Carti,Trap,i̇dol house açıklanınca nasıl bir şarkıymış diye bakmaya gelenler var,43
Playboi Carti,Trap,getting dizzy one,14706
Playboi Carti,Trap,audio fen video spn,23424
Playboi Carti,Trap,food heating inside microwave,532
Playboi Carti,Trap,idol house bitti buraya geçtik,20
Playboi Carti,Trap,212 cartis aura strong turned cameraman particle accelerator,6516
Playboi Carti,Trap,director travis dizzy want viewers travis scott yes,3561
Playboi Carti,Trap,barış yap bakalım şovunu bekliyoruzz,16
Playboi Carti,Trap,121 brought whole factory one,3215
Playboi Carti,Trap,drake getting dissed travis spinning,2331
Playboi Carti,Trap,director want clip travis typical rpg game character customization,856
Playboi Carti,Trap,idol house yorgunsun degil,28
Playboi Carti,Trap,director many spins travis yes,3013
Playboi Carti,Trap,director vibe travis ninjago,6653
Playboi Carti,Trap,director travis want shoot vid travis director gotchu,2025
Playboi Carti,Trap,bunda söylecek söz yok neyini söyleyecekler bunun,36
Playboi Carti,Trap,121 homie travis brought whole temu factory one truly inspirational,1056
Playboi Carti,Trap,nostalgic yrs later,637
Playboi Carti,Trap,slept ten times,2008
Playboi Carti,Trap,efeyi bunu söylerken hayal edemedim,54
Playboi Carti,Trap,getting dizzy spinning love,8646
Playboi Carti,Trap,song spin 200 fein,7466
Playboi Carti,Trap,212 cartis aura made camera man turn particle accelerator,1113
Playboi Carti,Trap,idol house tan gelen var mıdırrr,12
Playboi Carti,Trap,010 scrolling dota hero selection like,3344
Playboi Carti,Trap,travis old traviswere gonna break record tonight,601
Playboi Carti,Trap,fein concert fein music video,253
Playboi Carti,Trap,şaka mısınız idol house,24
Playboi Carti,Trap,122 bro got whole factory,1012
Playboi Carti,Trap,directors theme want travis travis helecopterhelecopter,508
Playboi Carti,Trap,kolay gelsin bizim oglanlara,27
Playboi Carti,Trap,pov food microwave,6788
Playboi Carti,Trap,select character ahh video,1555
Playboi Carti,Trap,director whatchu want travis ever merry round,872
Playboi Carti,Trap,açıklanan şarkının altında olmamız idol oğlanları,45
Playboi Carti,Trap,122 bro kids dirty cuts smh,305
Playboi Carti,Trap,319 bro walking normally spinning minutes dudes built different,636
Playboi Carti,Trap,048 choose character aah scene,1415
Playboi Carti,Trap,hayır adam bile yapay zekayı bastımış bizim oğlanlar nasıl okusun,28
Playboi Carti,Trap,director many spinning sequence want travis yes,510
Playboi Carti,Trap,dreams mean something dreams,965
Playboi Carti,Trap,pov 6th time travis performs concert,131
Playboi Carti,Trap,travis cok severim ama idol house icin secilmeyecek sarki gercekten,17
Playboi Carti,Trap,wasnt earthquake travis scott concert,3020
Playboi Carti,Trap,producer lets see setting ocean travis choose character,1534
Playboi Carti,Trap,rapçi arda soydoğanı görmek icin sabirsizlaniyorummmm,12
Playboi Carti,Trap,song 100 vibe,1072
Playboi Carti,Trap,music spin 7000 fen truly song songs,806
Playboi Carti,Trap,kendrick drake beefing meanwhile travis playboi carti,1502
Playboi Carti,Trap,barışın rap yapmasını aşırı istiyordum şarkıyla ortalığı yıkacak gibi,10
Playboi Carti,Trap,sheck finna add nah travis nah check shit got fuckin horse bro,7289
Playboi Carti,Trap,gettin dizziness one,316
Playboi Carti,Trap,fien song motion sickness,1039
Playboi Carti,Trap,143 fwaehhh hit hard tbh,596
Playboi Carti,Trap,umut baris sarkiyi yer,9
Playboi Carti,Trap,travis music title fien director bruhhh thought said spin,354
Playboi Carti,Trap,wife passed away 1604 favorite song thanks bringing back memories,993
Playboi Carti,Trap,cannot believe two years already,349
Playboi Carti,Trap,vezir rezil olacakları bir şarkı seçimi olmuş,45
Playboi Carti,Trap,002 bro started horsing around,2781
Playboi Carti,Trap,travis celebration barcas win madrid,575
Playboi Carti,Trap,slept ten timmmmmeesss,1260
Playboi Carti,Trap,olm bunu nasıl performans edecekler,15
Playboi Carti,Trap,travis scott music videos classify drug,447
Playboi Carti,Trap,hardest character selection ive ever seen,1048
Playboi Carti,Trap,idol house yarışmacıları bunu nasıl performe edecekler çok merak ediyorum,13
Playboi Carti,Trap,understanding vibe 100,1384
Playboi Carti,Trap,umut sarkiya beden buyuk gelir,13
Playboi Carti,Trap,141 travis gave killer mike gun truly inspiring,771
Playboi Carti,Trap,ive father years son comes asks play song ive listening song since birth travis scott playboi carti two changed life never better time life even saying son listening,1061
Playboi Carti,Trap,lyrics fein fein 1000 spinning rotation,2079
Playboi Carti,Trap,abi çocuklar bunu nasil soyleyecek tiktok sarkisi,39
Playboi Carti,Trap,still fen 2024 still fen 2099,850
Playboi Carti,Trap,still classic 2099,290
Playboi Carti,Trap,song fein fein fein fein travis spin spin spin spin,935
Playboi Carti,Trap,tarih olucaklar yada tarih yazicaklar,19
Playboi Carti,Trap,122 shein shein shein,410
Playboi Carti,Trap,choose character ahh song,1495
Playboi Carti,Trap,shoutout camera man getting dizzy even,760
Playboi Carti,Trap,i̇dol housetan çıkıp dinlemeye geldim jdjdhdjd,10
Playboi Carti,Trap,caught grandma vibing shower,714
Playboi Carti,Trap,wasnt earthquake travis scott concert,668
Playboi Carti,Trap,bro went legend cancelled becoming legend,319
Playboi Carti,Trap,belli rapper birini almak istiyorlar gruba umarım kişi barış olur,24
Playboi Carti,Trap,producer many asian people want travis yes,812
Playboi Carti,Trap,travis weve got problem camera spins work,1408
Playboi Carti,Trap,016 jus killed son,183
Playboi Carti,Trap,kaç cümlelik şarkıyla nasıl performans düşündüler acaba adam saçma salak sesler çıkarıo yarısında,37
Playboi Carti,Trap,water water water,747
Playboi Carti,Trap,cody rhodes literally hearing nightmares,1260
Playboi Carti,Trap,directorhow many spins want video travis yes,516
Playboi Carti,Trap,i̇dol housetan geldik grubu mükemmel olur miraç alperen umut batu ahmet emre tam şarki vibenda zaten,14
Playboi Carti,Trap,2015 antidote 2016 goosebumps 2017 butterfly effect 2018 sicko mode 2019 highest room 2020 scotts 2021 goosebumps hvme remix 2022 literally releases nothing 2022 2023 fein fein fein fein fein fein,769
Playboi Carti,Trap,fen 70spn 110 motion sickness,1110
Playboi Carti,Trap,fein spin 1000 motion sickness smoke,1576
Playboi Carti,Trap,adamlara verdikleri şarkıya bakaq zjaozjaozjqpxkaz,10
Playboi Carti,Trap,director want video travis chinese kids,909
Playboi Carti,Trap,director whats plan travis spen,106
Playboi Carti,Trap,producer part favorite travis,739
Playboi Carti,Trap,cena heel turn epic,407
Playboi Carti,Trap,gettin dizzy one,215
Playboi Carti,Trap,half minute bro finally chose character,1379
Playboi Carti,Trap,idolhouse şarkı çok vibesal bir şarkı çocuklar boyunca sadece fein diyecekler sizin seçeceğiniz şarkıya çocuklara resmen mission impossible gibi bir görev vermişler yine ortaya nasıl bir şey çıkacak hayal bile edemiyorum,13
Playboi Carti,Trap,vividly recall listening night wife giving birth day never forget kid shouting top lungs turn shit pops,285
Playboi Carti,Trap,201 food microwave,622
Playboi Carti,Trap,batu nasıl söyleyecek oğlum bunu saçmalamasınlar yaa,16
Playboi Carti,Trap,getting hood one,488
Playboi Carti,Trap,engineer mixmaster needs raise,431
Playboi Carti,Trap,food microwave goin crazy,1029
Playboi Carti,Trap,milan şarkıyı kendi kendine söylesin biz üçlü beşli sesler istiyoruz,11
Playboi Carti,Trap,beat hard cant even focus lyrics,1193
Playboi Carti,Trap,fein travis scott 2024,619
Playboi Carti,Trap,ohhhhh thats everyone class screaming every dayyy,705
Playboi Carti,Trap,yorumları idol house tayfa sardı dkfkdkfkd şaka yana klipte nasıl durur bilemedim biraz cortis vibe verdi şarkı,10
Playboi Carti,Trap,theory director thought song called spn,509
Playboi Carti,Trap,song played nonstop vegas weekend wrestlemania,500
Playboi Carti,Trap,yani kadar beklemiyordum,7
Playboi Carti,Trap,hes feinin morrrreeeeeeeeee,131
Playboi Carti,Trap,director mood travis beyblade tournament,180
Playboi Carti,Trap,water water water,550
Playboi Carti,Trap,sözleri görkem götürmüş sadece zıplayıp fan fin fon,11
Playboi Carti,Trap,travis scott wrestlemania,912
Playboi Carti,Trap,035 selecting character play,1527
Playboi Carti,Trap,feet feet feet feet feet,656
Playboi Carti,Trap,121 travis got workers making shoes,300
Playboi Carti,Trap,nah brah dizzy stop turns end clip 319 edit thanks likes,755
Playboi Carti,Trap,idol house bir şarkıyla klip çekecek,6
Playboi Carti,Trap,director something unique travis centrifugal force,433
Playboi Carti,Trap,fin fin fin fin fin fin,411
Playboi Carti,Trap,bro might well identify helicopter,711
Playboi Carti,Trap,milanı elememek için seçilmiş şarkı diye yorumladım,14
Playboi Carti,Trap,travis doesnt drugs drugs travis,440
Playboi Carti,Trap,travis really turned controller look sensitivity one,140
Playboi Carti,Trap,house evi fen kısmında hard auto kullanmasınlar ardas çıkarır sesi,6
Playboi Carti,Trap,lyrical genius really felt fein,826
Playboi Carti,Trap,thank travis scott used alcoholic abandoned kids listen song made part life good father,326
Playboi Carti,Trap,travis mastering spinjitzu,315
Playboi Carti,Trap,şimdi bizim idol houseteki çocuklar bunu söyleyecekler bundan saçma rap parça bulamamışlar,11
Playboi Carti,Trap,248 sensitivity way high,165
Playboi Carti,Trap,director want travis beyblade let fen,104
Playboi Carti,Trap,milan debutlasın diye rap seçtiniz ağzımı bozucam,16
Playboi Carti,Trap,school assembly started blasting,551
Playboi Carti,Trap,colab nepalese rappersacar aka lil buddha,1208
Playboi Carti,Trap,uarda akar sarkida,12
Playboi Carti,Trap,slang fein often variation fiend refer someone obsessively addicted something especially drugs commonly used describe someone excessively craving addicted substance drugs alcohol even something like food attention example hes acting like fein new video game shes fein candy day term usually used casual playful way also negative connotation referring someone serious addiction hope helpful yall understand,373
Playboi Carti,Trap,slap cody brutal,164
Playboi Carti,Trap,kemalde travis gibi cibildak durabilir sıkıntı değil,9
Playboi Carti,Trap,director much spin travis yes,258
Playboi Carti,Trap,122 replayed one wild,804
Playboi Carti,Trap,038 bro got grandma,734
Playboi Carti,Trap,i̇h şarkıyı baştan yazmayacaksa değişsinler görmemiş gibi yapıcaz söz,6
Playboi Carti,Trap,staring microwave food inside spn spn spn,169
Playboi Carti,Trap,123 shein shein shein shein shein,188
Playboi Carti,Trap,imagine vibing song one joint,417
Playboi Carti,Trap,i̇stanbul kanserinden sonra telafi amaçlı telif hakkını idol house verdi zâr,6
Playboi Carti,Trap,happy new year fein,846
Playboi Carti,Trap,wasnt earthquake travis scott concert,320
Playboi Carti,Trap,bro tornado beginning,519
Playboi Carti,Trap,miraç divamizin şarkıyı hayal bile edemiyorum,6
Playboi Carti,Trap,hope play fein bro math class edit 300 likes,412
Playboi Carti,Trap,120 130they got whole shein factory singing chorus,512
Playboi Carti,Trap,çocuklar fin fin diye gezcek,7
Playboi Carti,Trap,every time someone likes comment ill watch,146484
Playboi Carti,Trap,carti choosing voices like character selection,56419
Playboi Carti,Trap,people saying good weekend carti duo lets talk pharrell williams mike dean duo production part,6946
Playboi Carti,Trap,hell listening june,608
Playboi Carti,Trap,carti coming different voices,88722
Playboi Carti,Trap,carti finally speaking proper english,40037
Playboi Carti,Trap,weeknd finally got carti say actual words,30947
Playboi Carti,Trap,song aged like fine wine,579
Playboi Carti,Trap,2020 late 2022 time 2025 timeless,36328
Playboi Carti,Trap,2019 heartless 2024 timeless editthanks many likes,4275
Playboi Carti,Trap,way carti switches voices clean,37351
Playboi Carti,Trap,noone talking abt pharell going absolutely insane production one wild beats ive ever heard,18979
Playboi Carti,Trap,anyone watching masterpiece 2025,3804
Playboi Carti,Trap,bro ive clicked fast,8152
Playboi Carti,Trap,301 bro feeling song,65
Playboi Carti,Trap,carti fun back weeknd verse,9356
Playboi Carti,Trap,nobody talking weekends perfect voice,3018
Playboi Carti,Trap,carti getting freaky background weeknd sings heart edit damn got theres way gets higher,3919
Playboi Carti,Trap,man never make bad song,13
Playboi Carti,Trap,back doechii remix,5218
Playboi Carti,Trap,carti literally unleashed entire inventoryrepertoire voices song,11555
Playboi Carti,Trap,humanity never brutaly honest remix ever,3848
Playboi Carti,Trap,finally carti speaking regularly english,32
Playboi Carti,Trap,carti shaking fists cant unreleased lmao,42996
Playboi Carti,Trap,ever since kid ive chip,600
Playboi Carti,Trap,weekend sounds insane types beats edit1wow thanks likes edit2calm best ive gotten,1538
Playboi Carti,Trap,beat carries song shout producer engineer,4238
Playboi Carti,Trap,way abel says tatted bodyyeah,1186
Playboi Carti,Trap,2026 song timeless,4147
Playboi Carti,Trap,rare ultra carti 201516 touch 201819 carti may never get moment cherish,1892
Playboi Carti,Trap,even come tunes kind songs even start marvelously legendary,2440
Playboi Carti,Trap,still vibe song april,1584
Playboi Carti,Trap,starboy reminder hours heartless hurry tomorrow timeless,10625
Playboi Carti,Trap,pharrell still smackin beats park greatest producer ever,13258
Playboi Carti,Trap,ears listening song eyes watching comments hand scrolling comments mouth singing soi busy human,1095
Playboi Carti,Trap,weeknd causing carti drop,5288
Playboi Carti,Trap,141 bro lookin weather app,6683
Playboi Carti,Trap,timeless 2026 still hitting hard,8
Playboi Carti,Trap,cartis song wouldve gotten delayed years lets honest,1152
Playboi Carti,Trap,125 carti tweaking,1573
Playboi Carti,Trap,singin songs wanna die lit,5878
Playboi Carti,Trap,duo need collabs,12962
Playboi Carti,Trap,fact pharrel williams produced song crazy,2767
Playboi Carti,Trap,really wish kept reverb unpolished vocals something echo gave song ethereal feel,1097
Playboi Carti,Trap,way song gets even better listen really needs studied,1715
Playboi Carti,Trap,weeknd weve missing decade,2282
Playboi Carti,Trap,240 fell love cream,951
Playboi Carti,Trap,song crazy bro,16
Playboi Carti,Trap,come recover remix listened,1228
Playboi Carti,Trap,cartis new voice unlocked,1918
Playboi Carti,Trap,carti sounds soo majestic obsessed verse,4177
Playboi Carti,Trap,cleaning ears listening remix,2072
Playboi Carti,Trap,going loss entire family house fire certainly need prayers one certainly hit need spot good looking brother god followers amen,6
Playboi Carti,Trap,theres songs feel pure dopamine euphoria bliss,923
Playboi Carti,Trap,one songs look back many years later everyone get nostalgic,911
Playboi Carti,Trap,hours late dawn time hurry tomorrow timeless,1409
Playboi Carti,Trap,song deserves billion views,3
Playboi Carti,Trap,damn already year old timeflies,1506
Playboi Carti,Trap,nigga abel drop classics truly timeless artist,2210
Playboi Carti,Trap,seen like lowkey vibe,8
Playboi Carti,Trap,october 2025 agree need thank pharrell heavenly beat,1657
Playboi Carti,Trap,year old woman love weekends songs rejuvenating love beat,3510
Playboi Carti,Trap,drugs nudity 100 fire,1843
Playboi Carti,Trap,whos april 26th,18
Playboi Carti,Trap,304 homixide homixide,1184
Playboi Carti,Trap,today learned carti actually speak english besides native tongue cartinese specifically opium dialect,462
Playboi Carti,Trap,giving 2016 old weekend,1591
Playboi Carti,Trap,beat amazing weeknd vocals carti voice changing,4015
Playboi Carti,Trap,crazy weeknd never dropped bad song hes icon hes legend,885
Playboi Carti,Trap,weekend saying gangster stuff like angel,537
Playboi Carti,Trap,would flint steel peak cinema,4
Playboi Carti,Trap,137 ever since weeknd sings legit,134
Playboi Carti,Trap,song 416 seconds long timeless selin bunu görürsün belki özür dilerim,650
Playboi Carti,Trap,ever since jeep jeep fire lyric edit thanks 729 likes,748
Playboi Carti,Trap,like playboi carly speak diffrent voices,5
Playboi Carti,Trap,way blends dark introspective roots futuristic polished production incredible,820
Playboi Carti,Trap,said say song ahead time,689
Playboi Carti,Trap,weeknd goated made carti sing english,499
Playboi Carti,Trap,weeknd really wrestlemania,1030
Playboi Carti,Trap,weeknd acting mysterious acting like aint fortnite,801
Playboi Carti,Trap,song space vibe beat awesome funky,1856
Playboi Carti,Trap,combo owes song year,4
Playboi Carti,Trap,kind track play staring city lights timeless indeed,604
Playboi Carti,Trap,carti brings back crew weeknd nostalgia,977
Playboi Carti,Trap,302 head bobbin went hard,1114
Playboi Carti,Trap,137 ever since kid ive gym,4
Playboi Carti,Trap,318 happening back,710
Playboi Carti,Trap,top comment gay,2429
Playboi Carti,Trap,watching still right,23
Playboi Carti,Trap,man start beat,780
Playboi Carti,Trap,210 crazy say city fire,847
Playboi Carti,Trap,years old last week went hours till dawn concert younger coworkers feeling intimidated convinced best experience long time felt young carefree could feel energy young people around thankful experience,1336
Playboi Carti,Trap,playing timeless 115936pm new years eve start hardest beat drop,618
Playboi Carti,Trap,weekend kind spread word unknown artists like carti,392
Playboi Carti,Trap,watching album dropped,458
Playboi Carti,Trap,fan weeknd since next bring back memories high school back wicked games came,3
Playboi Carti,Trap,love weeknd starts singing real thats best part,540
Playboi Carti,Trap,bro weekend hitting every possible emote,145
Playboi Carti,Trap,streak continues weekend wrestlemania,420
Playboi Carti,Trap,song would perfect grand theft auto radio station literally gives vice city vibes,621
Playboi Carti,Trap,wagon headlight shots reminded wicked games,309
Playboi Carti,Trap,love playboi carti dancing background,4
Playboi Carti,Trap,song constant repeat,1814
Playboi Carti,Trap,prayed times like,792
Playboi Carti,Trap,ever produces creates hits weekend genius hands,703
Playboi Carti,Trap,reminds old days used listen weeknds old songs,836
Playboi Carti,Trap,bro swear beat addictive thank banger,958
Playboi Carti,Trap,cant imagine thick got views banger,800
Playboi Carti,Trap,year song addictive must easily listened 1000 times,4
Playboi Carti,Trap,dumb tiktok comments,632
Playboi Carti,Trap,carti feature literally cheat code music industry,639
Playboi Carti,Trap,245 love part man,7
Playboi Carti,Trap,weeknds vocals sounding like old mixtape vibes sooo goood dont miss,450
Playboi Carti,Trap,dear stranger great taste music see yrs,193
Playboi Carti,Trap,weeknds voice heals,341
Playboi Carti,Trap,devil hat years backfire always come black arists reclaim moeny estate,4172
Playboi Carti,Trap,126 carti tweaking,371
Playboi Carti,Trap,ever since kid legit,210
Playboi Carti,Trap,120 yosemite flow,466
Playboi Carti,Trap,finally understand carti,304
Playboi Carti,Trap,come back hearing doechii remix,417
Playboi Carti,Trap,pharrells production otherworldly cartis vocal acrobatics keep hitting repeat weeknds melodies make truly timeless track cemented future classic,593
Playboi Carti,Trap,every year guy nailed 2025 timeless 2024 one girls 2023 creepin 2022 die 2021 save tears 2020 blinding lights 2018 call name 2017 starboy 2016 hills 2015 cant feel face,546
Playboi Carti,Trap,respect entire video weekend wasnt women unlike carti,8
Playboi Carti,Trap,138 fav part edit wow didnt expect much likes thanks yall blessed day brothers sisters,154
Playboi Carti,Trap,honestly one weeknds best songs good bass lyrics tone timeless,653
Playboi Carti,Trap,carti switchin voices like cybertron soundwave,161
Playboi Carti,Trap,wish whole carti fit vroexcept tha demonic chains,6
Playboi Carti,Trap,weeknd makes every song hes hit,699
Playboi Carti,Trap,weeknd smootheset voice,380
Playboi Carti,Trap,weekend got swagger,461
Playboi Carti,Trap,lofi community love song,1185
Playboi Carti,Trap,wwe must gave weeknd year contract wrestlemania themes,245
Playboi Carti,Trap,king fall back original sound til overdose,511
Playboi Carti,Trap,weeknd hits different time,3
Playboi Carti,Trap,246 best part,63
Playboi Carti,Trap,came weeknd stayed carti,177
Playboi Carti,Trap,407 bro tried sneak wicked games jeep without noticing,174
Playboi Carti,Trap,timeless since kid,3
Playboi Carti,Trap,weekend singing heart carti getting,524
Playboi Carti,Trap,weeknd voice soothing,172
Playboi Carti,Trap,doechii remix made grateful original,105
Playboi Carti,Trap,aint song like timeless,5
Playboi Carti,Trap,filmed video universal abel maze horror nights,274
Playboi Carti,Trap,cant lie carti weekend golden duo beat next level,306
Playboi Carti,Trap,149 frame timeless,180
Playboi Carti,Trap,beat something else,4
Playboi Carti,Trap,carti genuinely tweaking couldnt keep unreleased till gets leaked,53
Playboi Carti,Trap,beat kicked started head bobbing weeknd back,144
Playboi Carti,Trap,squared away big luh baltimore cuhhh,1
Playboi Carti,Trap,1year ago masterpiece dropped,498
Playboi Carti,Trap,isnt masterpiece nominated grammy,437
Playboi Carti,Trap,cults praying times like,243
Playboi Carti,Trap,carti got flows days,411
Playboi Carti,Trap,waitin till midnight album,469
Playboi Carti,Trap,203few years ago heartless timeless,322
Playboi Carti,Trap,weekend singing making threats jokes,182
Playboi Carti,Trap,wicked games video throwback black class though,248
Playboi Carti,Trap,weeknds music feels like odyssey,174
Playboi Carti,Trap,2024 music peak bro miss much,2
Playboi Carti,Trap,feels vibe like living year 3000,83
Playboi Carti,Trap,weeknd singing heart carti background sloppy toppy,89
Playboi Carti,Trap,weeknd hit different bring vibes love malaysian,657
Playboi Carti,Trap,immersion another universe,2
Playboi Carti,Trap,song sure timeless music vid strictly one time watch,187
Playboi Carti,Trap,235 weeknd true form,336
Playboi Carti,Trap,317 carti gettin lil rizzy back,82
Playboi Carti,Trap,weeknd playboi carti make banger song,3
Playboi Carti,Trap,301 dance iconic,299
Playboi Carti,Trap,246 301 flow lyrics part tough,323
Playboi Carti,Trap,addicted song like ive watched times,222
Playboi Carti,Trap,song hits hard,2
Playboi Carti,Trap,carti uses notes like infinity stones,968
Playboi Carti,Trap,beat carries song shout producer engineer cant deny weeknd bag since day one authentic views dawt cawm boost another level dudes literally unstoppable like,7
Playboi Carti,Trap,fun fact carti used beat wokeuplikethis without pierres permission pierre got mad magnolia carti lets pierre use producer tag times,2666
Playboi Carti,Trap,remember everyone blind guy liked french toast pierre wouldve never existed,10948
Playboi Carti,Trap,pierre wanna come young carti milly rock woof woof woof,12195
Playboi Carti,Trap,carti artist evolves much greatest artist ever live gay vampire liar hes future ripoff,1272
Playboi Carti,Trap,almost two years pierre still hasnt come,12284
Playboi Carti,Trap,carti drops song genius shit,18534
Playboi Carti,Trap,hide sock feds 6ix9ine sock,7166
Playboi Carti,Trap,bruh better time,1764
Playboi Carti,Trap,judge youre still looking years 6ix9ine tell playboi carti saying,22356
Playboi Carti,Trap,naked girl nightclubs cars hiding sock 100,5077
Playboi Carti,Trap,carti drops song people write lyrics genius shit,9124
Playboi Carti,Trap,gonna ignore fact pierre never came,23127
Playboi Carti,Trap,tryna sleep dog 3am 055,17748
Playboi Carti,Trap,everybody gangsta carti ran socks,798
Playboi Carti,Trap,015 location biggie smalls first rap,237
Playboi Carti,Trap,playboi carti 2017 new york milly rock playboi carti 2019 خطيرة لماذا لماذا تضيع وقتك بجدية ترجمة هذا مثل خطيرة لماذا,7826
Playboi Carti,Trap,said cartis mama still waiting first words,23505
Playboi Carti,Trap,142 adiobebedelù adiobebedelù allomabebederih andesterokindarih,4416
Playboi Carti,Trap,years pierre still hasnt come,12
Playboi Carti,Trap,said shit touched soul,3553
Playboi Carti,Trap,thanks jamie foxx asking pierre wants come,3959
Playboi Carti,Trap,everyones gangsta man starts rapping minecraft enchantment table,2937
Playboi Carti,Trap,cant believe guy guy fortnite,1359
Playboi Carti,Trap,everybody gangster playboi carti starts rapping terms conditions,63402
Playboi Carti,Trap,everybody gangsta till pierre actually come,3775
Playboi Carti,Trap,back carti normal human,3943
Playboi Carti,Trap,miss old carti,70
Playboi Carti,Trap,cartis sonzexzbehehbu iggy azalea saying carti stummy hurt,2485
Playboi Carti,Trap,gon ignore fact never seen nigga actually milly rock,4108
Playboi Carti,Trap,everybody gangsta starts rapping doctors handwriting,11146
Playboi Carti,Trap,still banging 2026,211
Playboi Carti,Trap,editor carti file got corrupted carti doin shit,880
Playboi Carti,Trap,friend whats wifi password look back router back router,3114
Playboi Carti,Trap,pierre wanna come pierre quarantine,4559
Playboi Carti,Trap,new york knicks,20
Playboi Carti,Trap,years later english version still hasnt dropped yet,4937
Playboi Carti,Trap,rare footage carti speaking learning enchanting language fully,1784
Playboi Carti,Trap,english type american british playboi carti,5879
Playboi Carti,Trap,pierre bourne deserves lifetime royalties headphones,3
Playboi Carti,Trap,editor carti effects want playboi carti put,1574
Playboi Carti,Trap,could telling nuclear launch codes wouldnt even know,2184
Playboi Carti,Trap,man speaking ancient hieroglyph,1567
Playboi Carti,Trap,point song sounds like hes talking british accent 126,69
Playboi Carti,Trap,carti said feather falling unbreaking iii frost walker depth strider projectile protection felt,1038
Playboi Carti,Trap,think playboi carti knows every language used one song,7902
Playboi Carti,Trap,carti walks recording booth english language aight imma head,1602
Playboi Carti,Trap,hes rapping terms conditions,7480
Playboi Carti,Trap,barber stop fucking moving carti cash carti bitch barber aight nigga imma fuck shit,1448
Playboi Carti,Trap,choose language english spanish playboi carti,5258
Playboi Carti,Trap,carti bisexual vampire,4
Playboi Carti,Trap,216 takes white shirt wont recognize second white shirt,2616
Playboi Carti,Trap,046 carti said aldi hogo flot felt,5081
Playboi Carti,Trap,crazy much aesthetic changed,57
Playboi Carti,Trap,rappers guns rappers cigarettes carti umbrella,5975
Playboi Carti,Trap,carti pierre wanna come pierre lemme ask mom pierre momcan outside carti pierres mom finish producing music pierre yes mom pierres mom okyou pierre dolphin screech,4011
Playboi Carti,Trap,whats wifi password sends url,289
Playboi Carti,Trap,anyone february 2026,94
Playboi Carti,Trap,prolly said obamas last name area address solved murder mysteries without knowing,8117
Playboi Carti,Trap,predicted elon musk son knew name,3276
Playboi Carti,Trap,carti look like person art class make noises drawing,2589
Playboi Carti,Trap,well never get carti back,3
Playboi Carti,Trap,everybody gangsta pierre starts breaking space continuum,1277
Playboi Carti,Trap,pierre wanna come pierre grounded carti,1433
Playboi Carti,Trap,guy nice hopefully doesnt lie dropping album called music edit musicccccccccccccccccc,8732
Playboi Carti,Trap,dam bro old carti,5
Playboi Carti,Trap,theres ever alien invasion carti one talking,931
Playboi Carti,Trap,dude speak cursive,4092
Playboi Carti,Trap,director effects want carti ever watched scratched movie high lean director nigga fuck,1377
Playboi Carti,Trap,came jamie fox post,718
Playboi Carti,Trap,cant understand baby brother dog getting lit,4903
Playboi Carti,Trap,director special effects would like playboi carti seen doctor strange director say,3235
Playboi Carti,Trap,everybody gansta till start rapping enchantment table language,2277
Playboi Carti,Trap,shouldve played loop super bowl,30
Playboi Carti,Trap,director carti special effects would like video carti yes,1245
Playboi Carti,Trap,judge youre still looking years 6ix9ine tell whos hiding sock,754
Playboi Carti,Trap,thought said pierre wanna cut hair,545
Playboi Carti,Trap,running cop shooting,8
Playboi Carti,Trap,carti said door opening sound felt,1281
Playboi Carti,Trap,somewhere alternative universe pierre wanna come yeah end,1385
Playboi Carti,Trap,ayo pierre wanna come pierre grounded,1282
Playboi Carti,Trap,nearly decade old man wtf,21
Playboi Carti,Trap,one day future kids call old music,20219
Playboi Carti,Trap,little jamie fox know hed create legendary song know producer tag yall know mean general,2128
Playboi Carti,Trap,editor effects want music video playboi carti yes,2689
Playboi Carti,Trap,years since dropped,9
Playboi Carti,Trap,playboi carti type nigga make teacher raise hand asking question,424
Playboi Carti,Trap,prolly say obamas last name dont recognize,1480
Playboi Carti,Trap,carti 2017 new york milly rock carti 2019,5515
Playboi Carti,Trap,understand life evolves miss old carti,19
Playboi Carti,Trap,director special effects want video carti ever seen doctor strange high time director say,1414
Playboi Carti,Trap,old carti new carti,1133
Playboi Carti,Trap,editor many epileptic effects want playboy carti woof,407
Playboi Carti,Trap,summer 2017 anthem,13
Playboi Carti,Trap,imagine evidence humans ever existed,4015
Playboi Carti,Trap,mfs 2040 listen say born wrong generation,7762
Playboi Carti,Trap,want old carti nigga calling carti trash,5448
Playboi Carti,Trap,one favorite songs playboy carti,11
Playboi Carti,Trap,years passed still old,2599
Playboi Carti,Trap,speak doctors handwriting,3175
Playboi Carti,Trap,legends says still hidden socks,2424
Playboi Carti,Trap,old school carti,10
Playboi Carti,Trap,video makes seem like person edited started using better editing program found cool shit started using effects,750
Playboi Carti,Trap,guy basically telling everyone hes selling drugs socks,3174
Playboi Carti,Trap,magnolia successful cause pierre came different sound rap game wasnt ready 2017 course got carti thats gonna spazz beats gotta give pierre credit arguably best producer right,8241
Playboi Carti,Trap,damn dropped two summers ago feels like damn decade,2172
Playboi Carti,Trap,producer say fam carti didnt say anything,2604
Playboi Carti,Trap,rip people searched pierre wanna come find song,2887
Playboi Carti,Trap,young carti young carti woof woof woof,3
Playboi Carti,Trap,bro said pierre like first words parents must proud,1351
Playboi Carti,Trap,back chinese restaurants 056,3975
Playboi Carti,Trap,sounded like drake feature,3641
Playboi Carti,Trap,love masterpiece till die,26
Playboi Carti,Trap,trying sleep 200 neighbors dog 056,981
Playboi Carti,Trap,everybody gangsta hear wifi password 142,417
Playboi Carti,Trap,legend says still milly rocking new york,2530
Playboi Carti,Trap,never get era,6
Playboi Carti,Trap,alternate universe pierre wanna come playboi carti sock sock video called mongolia,1388
Playboi Carti,Trap,carti turning tomorrow,516
Playboi Carti,Trap,song makes want tell two vegetarians stop arguing thats considered beef,230
Playboi Carti,Trap,carti simple dude vampire,4229
Playboi Carti,Trap,pierre wanna cut hair,859
Playboi Carti,Trap,know barber mad asf cus carti kept moving head,3373
Playboi Carti,Trap,director typa effects want pbc doctor strange type shit,826
Playboi Carti,Trap,legend pierre never came eating pizza rolls,1013
Playboi Carti,Trap,hide sock sedimentary rock mining rocks,728
Playboi Carti,Trap,song made carti,5
Playboi Carti,Trap,editor effects looking playboi ever play call duty bad internet connection editor gotchu,2417
Playboi Carti,Trap,girls bathroom omg dylan cute boys bathroom,590
Playboi Carti,Trap,carti didnt speak egyptian hyroglyphics,829
Playboi Carti,Trap,carti said للبيع سوق السيارات المركبات الفضائية لعبة مواضيع وجهة نظر تمثل رأي كاتبها جميع الحقوق محفوظة لشبكة felt,803
Playboi Carti,Trap,teacher wheres homework carti,11782
Playboi Carti,Trap,owned 2017 song,5118
Playboi Carti,Trap,song changed life 2017,3
Playboi Carti,Trap,day free trial photoshop try test every effect,645
Playboi Carti,Trap,love asap rocky randomly,5673
Playboi Carti,Trap,till day carti taught valuable lesson ever man kind hide sock,2187
Playboi Carti,Trap,editor effects would like carti yes,1848
Playboi Carti,Trap,213 done used microsoft paint blood effects,522
Playboi Carti,Trap,special effects want yes,3010
Playboi Carti,Trap,idk beat randomly starting playing head days ago,2534
Playboi Carti,Trap,producer heard freestyle tried break disc still gotta post music video,9525
Playboi Carti,Trap,producerwhat effects want cartiyes,1037
Playboi Carti,Trap,dropped everything changed,9
Playboi Carti,Trap,whos carti forgot hide sock,7698
Playboi Carti,Trap,kid going name pierre say pierre wanna come,883
Playboi Carti,Trap,editorwhat effects want cartiyes,2789
Playboi Carti,Trap,old leaked pierre bourne song intro fire,1
Playboi Carti,Trap,song makes want steal balloon free balloon day,851
Playboi Carti,Trap,father literally created language cant understand,6125
Playboi Carti,Trap,video look like spongebob episode spongebob patrick stuck mall trying escape getting sprayed perfume lol,319
Playboi Carti,Trap,timeless piece art,8
Playboi Carti,Trap,life good dropped,1279
Playboi Carti,Trap,make want pierre come,356
Playboi Carti,Trap,comments playboi carti 2019 speaking arabic comments song brings back memories,599
Playboi Carti,Trap,happy valentines day carti,7
Playboi Carti,Trap,mewhats wifi password momits back router back router 142,463
Playboi Carti,Trap,yall jealous cant rap cursive,351
Playboi Carti,Trap,everybody gangsta kid cudi gets leak,845
Playboi Carti,Trap,fun fact playboi carti mozarts ghost writer,386
Playboi Carti,Trap,like song even tho dont understand minecraft enchantment table,2322
Playboi Carti,Trap,agree beat legendary,15584
Playboi Carti,Trap,playboi cah carti playboy vamp carti,12
Playboi Carti,Trap,back days carti human,2202
Playboi Carti,Trap,camera man carti please turn around god damnit carti look camera edit wow thanks likes,610
Playboi Carti,Trap,first song carti doesnt talk cartanise,5
Playboi Carti,Trap,still bumpin classic 026,1612
Playboi Carti,Trap,nobody talking fire,5378
Playboi Carti,Trap,2069 kids listen like even english grandpa,466
Playboi Carti,Trap,anyone april 2026,15
Playboi Carti,Trap,telling cure corona every one shut,874
Playboi Carti,Trap,editor graphics effects want carti gimme dat overplayed shrek quality fam editor say,629
Playboi Carti,Trap,waiting pierre answer wants outside,3115
Playboi Carti,Trap,guy seems lot potential hopefully doesnt experience pain 1993,4317
Playboi Carti,Trap,song literally name edit thx likes,577
Playboi Carti,Trap,actual human sat made beat,844
Playboi Carti,Trap,never forgive industry taking carti away,2
Playboi Carti,Trap,legend says pierre still come yet,265
Playboi Carti,Trap,imagine didnt hide sock lied time,1707
Playboi Carti,Trap,years old still sounds like future trap,2801
Playboi Carti,Trap,yall got uzi carti back man need pierre carti back miss duo much,4
Playboi Carti,Trap,french chef wanna come fake door sound,648
Playboi Carti,Trap,dang pierre aint coming time soon covid,401
Playboi Carti,Trap,high watch right ill come back later,171
Playboi Carti,Trap,need full song intro,1
Playboi Carti,Trap,carti trippy visuals strange hold beer,384
Playboi Carti,Trap,lets honest song came life better,250
Playboi Carti,Trap,normal person new year new carti new year new thumbnails,286
Playboi Carti,Trap,kinda miss kind swag,4
Young Thug,Trap,billion audio video wild edit billion,16082
Young Thug,Trap,fact audio makes even impressive hit billion edit hit billion ever crazier probably viewed audio video youtube period congrats camila,16595
Young Thug,Trap,memories 2018 summer life good,5828
Young Thug,Trap,audio views original music video,39977
Young Thug,Trap,beyond music old cars real people cuba need hope every light havana shining right,34
Young Thug,Trap,camila never grammy hit songs like never havana shameless deserve know,1489
Young Thug,Trap,feels like yesterday cant believe years,2767
Young Thug,Trap,fact audio song views actual video song everything,3537
Young Thug,Trap,matter many times listen song never get bored,14
Young Thug,Trap,baby becoming bigger bigger international face guess loreal bops carpool karaoke joe jonas probably sketchers campaign album september wow,1560
Young Thug,Trap,heard driving farcry character literally sang along awesome,3019
Young Thug,Trap,already december 2020 still ones keeping company,1711
Young Thug,Trap,anyone camila young thug sang masterpiece coachella,20
Young Thug,Trap,song never gets old matter much listen never get bored,8546
Young Thug,Trap,good old days corona drink,1653
Young Thug,Trap,heart camilas new album,2205
Young Thug,Trap,memories hit straight 2018,3
Young Thug,Trap,three years later still slaps remember song ruled world good times,6759
Young Thug,Trap,imagine many people listening right,1990
Young Thug,Trap,still remembers entire song even like years without listening,376
Young Thug,Trap,need honest yall came jail addicted homeless husband home good job song clover cage final round two songs helped get depression want people know things get better together love,12
Young Thug,Trap,audio 17b views,11919
Young Thug,Trap,loved left dont talk anymore,466
Young Thug,Trap,fun fact havana music video less views official audio billion views,268
Young Thug,Trap,fun factthis views official video song,685
Young Thug,Trap,shoutout young thugs momma making song,1536
Young Thug,Trap,lyrics hey havana ooh nana ayy half heart havana ooh nana ayy ayy took back east atlanta nanana heart havana ayy theres somethin bout manners uhhuh havana oohnana didnt walk doin came room said theres lot girls cant without knew forever minute hey summer night june papa says got malo got feelin like ooh oohoohoohoohoohoohooh ayy knew met ayy loved left got feelin like ooh oohoohoohoohoohoohooh tell ohnanananana woo havana ooh nana ayy ayy half heart havana ooh nana ayy ayy took back east atlanta nanana huh heart havana ayy heart havana ayy havana oohnana jeffery graduated fresh campus mmm fresh east atlanta manners damn fresh east atlanta bump bumper like traffic jam hey quick pay girl like uncle sam ayy back back shawty cravin get eatin waited shawty cakin got bacon wait history makin point blank close range cost million thats thats gettin mula baby havana ooh nana ayy ayy half heart havana ooh nana ayy ayy took back huh east atlanta nanana heart havana ayy heart havana ayy havana oohnana oohnana ohnanana ooh oohoohoohoohoohooh take back back back like oohnana ohnanana yeah babe take back back back like oohnana ohnanana yeah yeah take back back back like oohnana ohnanana yeah babe take back back back hey hey ooh oohoohoohoohoohoohooh hey ooh oohoohoohoohoohoohooh hey take back havana havana ooh nana hey half heart havana ooh nana yeah took back east atlanta ayy ayy nanana heart havana heart havana ayy havana oohnana uhhuh nanana yeah nanana nanana take back nanana havana oohnana,618
Young Thug,Trap,camila cabello teenage crush jeez feels nostalgic,6
Young Thug,Trap,camila confirmed havana new singlei cant wait music video,1793
Young Thug,Trap,nobody gonna talk audio views original,472
Young Thug,Trap,style different fifth harmony love,1424
Young Thug,Trap,havana head next week haha still love song,3344
Young Thug,Trap,song cultural landmark,357
Young Thug,Trap,camila deserves supporters love subscribers followers likes hate stop treating like shit,385
Young Thug,Trap,hiding people came jail addicted homeless husband home good job song clover cage final round two songs helped get depression want people know things get better together,4
Young Thug,Trap,life good came,903
Young Thug,Trap,song really speciali wish would make songs like,7193
Young Thug,Trap,god miss 2017 back song massive hit ppl played everywhere days take back,602
Young Thug,Trap,like way sang like careless still point,2065
Young Thug,Trap,ever since left fifth harmony showing true voice beautiful want keep mater haters say goddess always support camila,485
Young Thug,Trap,camila killing solo career,1076
Young Thug,Trap,miss days couldnt anywhere without hearing,338
Young Thug,Trap,years later youre still listening song youre legend,197
Young Thug,Trap,every woman world mother taught love wife gives life meaning friend always stands side every strong woman half society heart makes life beautiful,2
Young Thug,Trap,cannot wait album drop,4376
Young Thug,Trap,love song edit also idk feel need bring fifth harmony leave alone dang enjoy camilas music,2513
Young Thug,Trap,cant believe time flies fast remember listening song dads phone cause dont phone yet times,132
Young Thug,Trap,hard believe came years ago love song still,4
Young Thug,Trap,shes fucking killing game already solo,117
Young Thug,Trap,wonder streamed audio youtube,796
Young Thug,Trap,sound wonderful person reading comment wish great success health love happiness,1110
Young Thug,Trap,havana timeless vibe camilas vocals latininspired groove young thugs verse make track impossible skip,0
Young Thug,Trap,half heart song,1883
Young Thug,Trap,fun fact audio song views official video,271
Young Thug,Trap,admit like song wayyyyyy song,229
Young Thug,Trap,girl slayin hard,1796
Young Thug,Trap,think oohnana even like song,243
Young Thug,Trap,fun fact official audio views official music video,248
Young Thug,Trap,loving joy basic movement mavericks also produced song recuroso spelled wrong latino dance like camillas cool song find year old dance enthusiasthow send clip juggling song technoweanie,7
Young Thug,Trap,best song heard,1740
Young Thug,Trap,love cami todays birthday best gift ever,436
Young Thug,Trap,chat definitely still going,632
Young Thug,Trap,shes ate coachella,15
Young Thug,Trap,anyone forgot song existed recommended,188
Young Thug,Trap,love song billion come,386
Young Thug,Trap,escutei pela primeira vez rádio pra mim época era uma música normal inclusive procurava outras músicas época deixava essa lado tornou que tornou épica,1
Young Thug,Trap,cray think released much success young age,117
Young Thug,Trap,loved camila used old latina song mom used listened time proud latino,203
Young Thug,Trap,legend icon moment song never gets old,285
Young Thug,Trap,probably one listening song even,427
Young Thug,Trap,think would die camila stopped making music lovely everytime listen makes happy thank,165
Young Thug,Trap,2023 aún sigue siendo temazo,1146
Young Thug,Trap,wait got famous august edit thank youuuu 980 likes saw way school,932
Young Thug,Trap,whats hear masterpiece,334
Young Thug,Trap,like fucking years august exactly years later,115
Young Thug,Trap,song watched whole world omg,3
Young Thug,Trap,audio gets views official video know somethings damn guys didnt expect comment get many likes,148
Young Thug,Trap,seriously cant wait album hurting healing loving,3122
Young Thug,Trap,camila cabello ariana grande please make dream collab happen,1148
Young Thug,Trap,beautiful never heard english bravo,1
Young Thug,Trap,havent listened song years nice listening,308
Young Thug,Trap,love camila cuba japan song brought trip beautiful city havana last january even still nowhalf heart havana,558
Young Thug,Trap,smokey club havana rum low light colourful cars 60s feel like,2
Young Thug,Trap,released freshman year high school freshman college,210
Young Thug,Trap,years later still listening cares pretty sure aint one,137
Young Thug,Trap,love melody much camila nailed,4152
Young Thug,Trap,people saying camila copied selena song produced person camila used classic salsa cuba,139
Young Thug,Trap,wonder song name havana sec later love song btw,361
Young Thug,Trap,cant believe 2017 years ago,393
Young Thug,Trap,antes dábamos mucho stream habana ahora que sabemos esfuerzo que tuvo camila para poder sacarla hay que darle doble,209
Young Thug,Trap,hey havana ooh nana half heart havana oohnana took back east atlanta nanana heart havana theres somethin bout manners huh havana ooh nana didnt walk doin came room said theres lot girls cant without doin forever minute hey summer night june papa says got malo got feelin like oohoohooh knew met loved left got feelin like oohoohooh tell nanananana havana ooh nana half heart havana oohnana took back east atlanta nanana huh heart havana heart havana havana ooh nana jeffery graduated fresh campus fresh east atlanta manners damn fresh east atlanta bump bumper like traffic jam hey quick pay girl like uncle sam back shawty cravin get diggin waited shawty cakin got bacon wait history makin point blank close range cost million thats thats gettin mula man feel havana ooh nana half heart havana oohnana took back east atlanta nanana heart havana heart havana havana ooh nana ooh nana nanana ooooh take back back back like ooh nana nanana yeah babe take back back back like ooh nana nanana yea yeah take back back back like ooh nana nanana yea babe take back back back hey hey oohoohooh oohoohooh take back havana havana ooh nana half heart havana oohnana yeah took back east atlanta nanana heart havana heart havana havana ooh nana huh nanana yeah nanana nanana take back nanana havana ooh nana,1614
Young Thug,Trap,today ocs 1st anniversary whos today june song really childhood,1
Young Thug,Trap,want album come,2002
Young Thug,Trap,não tem como enjoar dessa música simplesmente incrível,739
Young Thug,Trap,heard radio work made mental note youtube havana catchy tune,2554
Young Thug,Trap,newfavsong catchy good great job camila,2255
Young Thug,Trap,日本人です リズムが大好きです かっこいいよね 音楽は世界を繋ぐ,126
Young Thug,Trap,años sigue siendo una joya,150
Young Thug,Trap,love song sound everything great,2130
Young Thug,Trap,omg love song,2505
Young Thug,Trap,tune damn catchy voice,1818
Young Thug,Trap,obsessed song cant even study,4512
Young Thug,Trap,wondering single audio post youtube history acrosed billion,1
Young Thug,Trap,0123 best part,2
Young Thug,Trap,cuando esta canción salió estábamos mejor época nuestras vidas,324
Young Thug,Trap,pode passar anos essa música camila sempre vai ser música minha vida minha música favorita nada como ligar som fim semana último com essa música amo essa menina,173
Young Thug,Trap,congrats earning million subscribers camila,386
Young Thug,Trap,amo essa música,336
Young Thug,Trap,encanta esta canción enhorabuena por trabajo,179
Young Thug,Trap,nunca voy cansar esta joya,108
Young Thug,Trap,nunca canso dessa música porque melhor,266
Young Thug,Trap,anyone 2026 june,4
Young Thug,Trap,song brings right havanadamnnnn,2175
Young Thug,Trap,dead floor mijaaa amooo encantoooo,190
Young Thug,Trap,노래는 지나도 명곡으로,0
Young Thug,Trap,30million views iss heereee,1876
Young Thug,Trap,この曲を聞くと無性に故郷に帰りたくなるeverytime listen song makes wanna buy ticket hometown,87
Young Thug,Trap,known song havana came watching coachella performance youtube,7
Young Thug,Trap,que preferi havanna omg live aquui,104
Young Thug,Trap,comentario español que buscabas 2020,85
Young Thug,Trap,love brige lines young thug,1
Young Thug,Trap,happy 8th anniversary havana cant believe years since song released always take back 2016 2018 song came back august 2017 remember song radio played everywhere time went way fast song bring back memories family going vacations went san diego destin first second time song playing sun setting beach went get ice cream walked along boardwalk night city miss days destin btw time went fast know wont make sense 2022 six years song released family went many vacations year april went outer banks norfolk may went aruba june went barbados july went orlando mom sister see cousins disney world song playing every trip 2025 getting nostalgia years ago 2016 2017 august 2017 august 2025 years later,121
Young Thug,Trap,english worst subject school glad speak spanish,1
Young Thug,Trap,superdziękuję bardzo gratulacje,114
Young Thug,Trap,heard radio day went damn havent heard song hot minute coming video years ago high school years ago,2
Young Thug,Trap,childhood song still song,290
Young Thug,Trap,omg today birthday probably best present thank camila latina love camila,188
Young Thug,Trap,camila cabellos voice truly percussion instrument great song,0
Young Thug,Trap,like better omg anyone else,891
Young Thug,Trap,arriba los latinos,77
Young Thug,Trap,feel 2022 listening song good love camilo cabello edittysm many likes never get,1
Young Thug,Trap,years legend watching every day times least,184
Young Thug,Trap,pósenem nós como rebolando som havana,97
Young Thug,Trap,gosto demais dessa música,338
Young Thug,Trap,508 people hypnotised camilas talent voice trance missed like button,241
Young Thug,Trap,lazy listen song long glad finally listened,119
Young Thug,Trap,views camilla needs wrap,2
Young Thug,Trap,love song cant wait till solo version cause ive herd version live add rappers help get exposure team knows got cant wait till really really blows hope songs released trick,254
Young Thug,Trap,cubanas donde estássoy habana,91
Young Thug,Trap,katycats arianators harmonizers beliebers selenators mendes army mixers smilers directioners zquad lovatics army camilizers,686
Young Thug,Trap,one good songs doesnt need rap part,1
Young Thug,Trap,reason find song nostalgic,91
Young Thug,Trap,could sworn song couple years ago almost ten,1
Young Thug,Trap,honestly song legendary 98m likes small thing thanks likes bullies famous,121
Young Thug,Trap,camila bass guitar sexiest sound ever,1
Young Thug,Trap,let see listening masterpiece august,90
Young Thug,Trap,song hit different plays radio taking base far cry,256
Young Thug,Trap,surprise audio view,3
Young Thug,Trap,song remembers father passed away use put song dance sing parts havana nana morning wake school,182
Young Thug,Trap,hit billion god havana forever hit,126
Young Thug,Trap,september 2018 camila cabello,84
Young Thug,Trap,best song years,2
Young Thug,Trap,song rules world came,107
Young Thug,Trap,2024 nunca enjoei dessa,96
Young Thug,Trap,cant stop replaying oohooh part,3
Young Thug,Trap,046 choir kids someone gets roasted,296
Young Thug,Trap,chill hype song wonderfull,3
Young Thug,Trap,sólo comentarios gente latina positivos llenos amor para camila aquí abajo,184
Young Thug,Trap,gente essa semana lacre,129
Young Thug,Trap,nobody would win music video lot choreography professional photography practice creativeness one audio boy,77
Young Thug,Trap,damn remember 2017 songs used listen time full volume came back school,2
Young Thug,Trap,camila cabello love,96
Young Thug,Trap,whoooooow song great made feel like another genre dont know yetits worldawesome great camila thuga thuga lol,135
Young Thug,Trap,havana also club east atlanta cuba,1
Young Thug,Trap,waiting music video,2629
Young Thug,Trap,cant believe came 2017 felt like yesterday song came,83
Young Thug,Trap,reminds 2018 summer,183
Young Thug,Trap,viewed audio edit literally 400k views behind first,1
Young Thug,Trap,december 2018 happy new years everyone,231
Young Thug,Trap,probably one young thugs best songs even,277
Young Thug,Trap,essa música maravilhosa,90
Young Thug,Trap,camilas heart might havana heart heaven listening song,1
Young Thug,Trap,need honest guys came jail addicted homeless husband home good job song clover cage favored god two songs helped get depression want people know things get better together youre greatest,1
Young Thug,Trap,half heart camila,187
Young Thug,Trap,havana ooh nana half heart havana oohnana took back east atlanta nanana heart havana theres somethin bout manners huh havana ooh nana didnt walk doin came room said theres lot girls cant without doin forever minute hey summer night june papa says got malo got feelin like oohoohooh knew met loved left got feelin like oohoohooh tell nanananana havana ooh nana half heart havana oohnana took back east atlanta nanana huh heart havana heart havana havana ooh nana jeffery graduated fresh campus fresh east atlanta manners damn fresh east atlanta bump bumper like traffic jam hey quick pay girl like uncle sam back shawty cravin get diggin waited shawty cakin got bacon wait history makin point blank close range cost million thats thats gettin mula man feel havana ooh nana half heart havana oohnana took back east atlanta nanana heart havana heart havana havana ooh nana ooh nana nanana ooooh take back back back like ooh nana nanana yeah babe take back back back like ooh nana nanana yea yeah take back back back like ooh nana nanana yea babe take back back back hey hey oohoohooh oohoohooh take back havana havana ooh nana half heart havana oohnana yeah took back east atlanta nanana heart havana heart havana havana ooh nana huh nanana yeah nanana nanana take back nanana havana ooh nana,687
Young Thug,Trap,pre malone turns fight dies respawns post malone,100839
Young Thug,Trap,young thug said yeee yeee yeee yeeeeee felt,7164
Young Thug,Trap,post malone smokes post malone dies post malone comes back dead post malonesmokes,673
Young Thug,Trap,post malone good goodbyes sam smith way good goodbyes,520
Young Thug,Trap,producer video make normal sad video post malone want die first seconds,1392
Young Thug,Trap,probably first time understand young thug said,552
Young Thug,Trap,whos march 2026,1351
Young Thug,Trap,post malone kills samurais ease also post malone loses 1v1 random white guy,3874
Young Thug,Trap,young thugdid die post maloneyes young thugwhat cost post malonemy cigarette,4168
Young Thug,Trap,post malone rockstar beats ninjas sword post malone goodbye loses knife fight,4187
Young Thug,Trap,february 2026 anyone march 2026 anyone april 2026 anyone,770
Young Thug,Trap,post malone comes back dead first thing doessmoke,5461
Young Thug,Trap,moral story dont smoke fight kids smoking kills,1875
Young Thug,Trap,producer want video post cigarettes producer post cigarettes,673
Young Thug,Trap,say needed heart got turns wasnt wanted wouldnt let lost goner 210 2026 anyone,44
Young Thug,Trap,fights cigarette dies cigarette lights new one dies ladies gentlemen thats post malone person,2905
Young Thug,Trap,imagine working grave yard see body come ground start singing banger,2686
Young Thug,Trap,usually wouldnt tell people could really help someone song came jail addicted homeless husband home good job song clover cage final round two songs helped get depression want people know things get better together blessed,6
Young Thug,Trap,sam smith good goodbyes post malone hold cigarette good goodbyes,662
Young Thug,Trap,guy went killing dozens people wit savage dying instantly holy tho love post,566
Young Thug,Trap,post malone 2017 kills multiple assassins single handedly post malone 2019 gets killed within seconds fight,1113
Young Thug,Trap,whos 2026 remembered song came like saw music video crazy long ago nostalgic,4
Young Thug,Trap,man looked like complete badass fight lost seconds,4967
Young Thug,Trap,theres way could save cause need saved line many feels,14808
Young Thug,Trap,youtube puts trending also youtube age restricted,557
Young Thug,Trap,sam smith good goodbyes post malone good goodbyes,248
Young Thug,Trap,cant believe post malone made song monster bed,530
Young Thug,Trap,normal zombies climbs creeps ppl post malone climbs starts smoking,1659
Young Thug,Trap,sam smith way good goodbyyyyyes post malone good goodbyes,376
Young Thug,Trap,jumping grave drinking bud light smoking cigarettes pretty badass honest,306
Young Thug,Trap,ngl clicked cause said rated curious rated,523
Young Thug,Trap,good goodbyes sam smith help,883
Young Thug,Trap,boy gonna epic fight post malone dies sec later,800
Young Thug,Trap,comes grave post lights cigarette expect nothing less,5302
Young Thug,Trap,dont make music like anymore,11
Young Thug,Trap,post goodbye mins later comes grave director post couldnt find beer cigarettes,517
Young Thug,Trap,little thought could beat older brother 013 thanks likes internet,439
Young Thug,Trap,cannot believe song already year old time passes quickly,2150
Young Thug,Trap,cant believe long since came jail addicted homeless husband home good job song clover cage final round two songs helped get depression want people know things get better together going make trust,3
Young Thug,Trap,pre malone dies smoking post malone comes back life smoking,2213
Young Thug,Trap,normal people lisa legendary people post malone uploaded new song,1621
Young Thug,Trap,wanna knife fight zombie story post yes,1243
Young Thug,Trap,1st february 2026 listening coz yall already know,11
Young Thug,Trap,zombie sing smoke 3dance 4know feelings drink love thug hair,424
Young Thug,Trap,youtube getting really carried away double ads smh,2965
Young Thug,Trap,worst part life someone gives memories becomes memory,831
Young Thug,Trap,years aint getting enough,1
Young Thug,Trap,wasnt mentally ready song depressing,840
Young Thug,Trap,post joined gang fell love gang leader chick fight post lost love life returns dead say goodbye cant save anymore,353
Young Thug,Trap,real malonenot even death could stop smoking,3513
Young Thug,Trap,one best songs times whos 2026,1
Young Thug,Trap,post malone gets brutally murdered gushes blood youtube pretty good video post malone mind stonks,253
Young Thug,Trap,post malonegets fight gets stabbed brutally comes back dead need cigarette,1575
Young Thug,Trap,posty dies want come back like video,804
Young Thug,Trap,detail drinking bud light end going straight neck truely amazing,2
Young Thug,Trap,even youtube wasnt ready beginning age restricted,292
Young Thug,Trap,010 goes knife fight cig gets stabbed neck surprised pikachu face,595
Young Thug,Trap,fks old songs lot new songs maybe growing older,3
Young Thug,Trap,taylor zombie shook internet post hold cigarette,578
Young Thug,Trap,thought gon start corny defeating bad guy instantly stabbed neck,1523
Young Thug,Trap,awww yes fight scene fight scene ends huh,1543
Young Thug,Trap,bro dont make songs like days iswr nostalgia hits different,2
Young Thug,Trap,post malone never disappoints well except dead instant without even showing moves,1515
Young Thug,Trap,director want post kill 1sec,663
Young Thug,Trap,literally came back life bud light fucking legend,1409
Young Thug,Trap,listen song many times still good lit,1
Young Thug,Trap,producer many girls want music video post malone,398
Young Thug,Trap,beginning video age restricted seconds video ahh get,749
Young Thug,Trap,long want knife fight last post malone,383
Young Thug,Trap,hit6yrs later listen day long,1
Young Thug,Trap,one thanos first minutes endgame 019,382
Young Thug,Trap,post malone good goodbyes sam smith well good goodbyes,177
Young Thug,Trap,bruh thought post show moves one second later neck stab,38429
Young Thug,Trap,like land dead road fillers green nostalgic,1
Young Thug,Trap,guy know wake death bud light cigaretterespect,1134
Young Thug,Trap,post malone good goodbyes sam smith,2313
Young Thug,Trap,director well boys idea videoshoot malone yea killme thanks likes,886
Young Thug,Trap,whos may 20th 2020 1105pm,2
Young Thug,Trap,post malone cant make anymore hits post malone hold beerbong bentley,479
Young Thug,Trap,post said gurgle gurgle beginning felt,800
Young Thug,Trap,song 19m views days shouldnt still trending youtube well yes actually,462
Young Thug,Trap,whos listening february 2026,26
Young Thug,Trap,nicotine craving hits differently coming back life sure,380
Young Thug,Trap,edited comments would make sense,759
Young Thug,Trap,wish music vids cinematic gold chains grills getting boring atleast artists get wit cinematic movement,921
Young Thug,Trap,whos may 2026,13
Young Thug,Trap,post malone comes back dead also post immediately starts smoking,1079
Young Thug,Trap,post malone dies goes graveyard post malone awakes dead start smoking,238
Young Thug,Trap,damn bud light commercials getting hand,625
Young Thug,Trap,anyone valentine day,18
Young Thug,Trap,taylor swift one better zombie music video post malone hold bud light,364
Young Thug,Trap,post malone holding cigarette knife fightingthen dies teachers smoking kills,611
Young Thug,Trap,fear man seeing post malone getting stabbed laying pool blood scares,531
Young Thug,Trap,post malone post left alone 043,2
Young Thug,Trap,dont know filmed sandy shores los santos,388
Young Thug,Trap,despite getting stabbed throat post still sing good,701
Young Thug,Trap,post malone throws cigarette random guy random guy starts catch fire random guy doesnt react,304
Young Thug,Trap,idea scared guy killed came back zombie instantly started going ham mic,1
Young Thug,Trap,love part theres way could save cause need saved,2585
Young Thug,Trap,gang beginning looks like friendly group young gentlemen,528
Young Thug,Trap,like post malone dies comes back alive cigarette mouth,732
Young Thug,Trap,dame bro best voice,2
Young Thug,Trap,pushed grave first thing grab cigarette love,541
Young Thug,Trap,sam smith way good goodbyes posty good goodbyes,307
Young Thug,Trap,post malone good goodbyes sam smith joke,236
Young Thug,Trap,ive scrolling ones talking deep lyrics maybe dont really feel itwho judge toxic relationship song hits really hard every emotion dont know express words said,1
Young Thug,Trap,post malone good goodbyes sam smith good goodbyes,699
Young Thug,Trap,die post malone unfortunately yes lived,459
Young Thug,Trap,guess really call post malone,496
Young Thug,Trap,post dies also post comes back life cigarette classic post,489
Young Thug,Trap,post malone wouldve outsiders movie,351
Young Thug,Trap,damn posts evolution music flexing depressing real quick,407
Young Thug,Trap,ever lost knife fight seconds turn zombie crave delicious bud light,1960
Young Thug,Trap,video producer thinking beach vibe post zombie drinking delicious bud light edit omg thanks likes loyal supporters stayhomestaysafe,975
Young Thug,Trap,damn post malone gangsta fight cigarete one hand seconds later never mind,1399
Young Thug,Trap,2026 anyone listening masterpiece,5
Young Thug,Trap,115 use damn need play button,1785
Young Thug,Trap,else thinking outsiders intro edit thanks likes,428
Young Thug,Trap,top anime moments believe epic fight ends instantly,559
Young Thug,Trap,turn watchin fight realest line 2019,377
Young Thug,Trap,post malone literally gets throat chest stabbed youtube number trending good song tho lol,512
Young Thug,Trap,youtube sign confirm age pff joke video starts aaahhh knife aaaaahhh blood aaahhhh,614
Young Thug,Trap,351 good goodbyes,3
Young Thug,Trap,post malone emerges grave alive lights cigarette,448
Young Thug,Trap,dang thought going understand young thug first seconds like nope,305
Young Thug,Trap,youtube puts good song trending wait thats illegal,600
Young Thug,Trap,cause woojin louis listening one fav post malone song,1
Young Thug,Trap,bud light better pay good money man dies comes back life first thing open bud light drink lmao,910
Young Thug,Trap,outsiders revalations pony boy takes revenge letting highschool punks bully,382
Young Thug,Trap,dude basically got girl taken died trying get back thats mood,533
Young Thug,Trap,want ringtone bad,2
Young Thug,Trap,cap challenge trending terrible algorithm,311
Young Thug,Trap,low key expecting thriller michael jackson come,204
Young Thug,Trap,beginning hes wearing leather jacket says zombies back seconds later becomes zombie edit sorry forgot tell genius case didnt know,193
Young Thug,Trap,cant believe years ago,2
Young Thug,Trap,first thing zombie post waking dead light cigarette love austin,345
Young Thug,Trap,good goodbyes lemme watch song,852
Young Thug,Trap,idk moral value everyone needs bottle bud light resurrection,205
Young Thug,Trap,boy came back life another refreshing taste crisp budlight,716
Young Thug,Trap,billie eilish queen creepy videos post malone hold bud light,274
Young Thug,Trap,first uzi getting chased vampires post zombie,185
Young Thug,Trap,one talking fact blonde girl detective pikachu,589
Young Thug,Trap,starts video seconds escalated quickly,201
Young Thug,Trap,bad guy kills post malone post malone hold bud light,325
Young Thug,Trap,still listening amazing song april 2026,1
Young Thug,Trap,imagine come back dead first thing smoke cigarette bruh,906
Young Thug,Trap,post malone shows blood gets age restricted cardi strips naked youtube legally blind,2915
Young Thug,Trap,one gonna talk beer leaks neck,259
Young Thug,Trap,girlfriend youre leaving tonight need least say goodbye post malone hold cigarette,172
Young Thug,Trap,post malone sang theres way could save cuz need saved felt,1541
Young Thug,Trap,rip kyle busch,0
Young Thug,Trap,song doesnt play funeral going,608
Young Thug,Trap,honor squad million views blow lit,541
Young Thug,Trap,really wasnt ready beginning alrighty,15231
Young Thug,Trap,girl looks familiar stars society netflix,614
Young Thug,Trap,gets second chance live smokes right god joke,566
Young Thug,Trap,got age restricted rated put title,212
Young Thug,Trap,love part 121,6
Young Thug,Trap,dont end like mac miller bro seeing signs youre important many people,424
Young Thug,Trap,beginning wtf going music starts yes,716
Young Thug,Trap,acting insane stubborn change hits hard,765
Young Thug,Trap,body june 2026,3
Young Thug,Trap,theres way could save cause need saved,429
Young Thug,Trap,post malone good goodbyes sam smith,238
Young Thug,Trap,lol thought post malone would would win fight cause way move,1424
Young Thug,Trap,violin beginning beautiful wish official audio,0
Young Thug,Trap,first thing coming back life light cigarette thats post malone,166
Young Thug,Trap,damn way post walked squared cig one hand thought wud least nick dude,190
Young Thug,Trap,question would someone kill post malone gotta kill question wont like dead post malone,149
Young Thug,Trap,actin insane stubborn change,778
Young Thug,Trap,first last post malone upload click fast,383
Young Thug,Trap,nobody zombie post malone need cigarette bud light,204
Young Thug,Trap,june 14th 2026,2
Young Thug,Trap,theres way save cus need saved felt,834
Young Thug,Trap,god damn post died didint even care tweet dafaq really bro dying,326
Young Thug,Trap,seconds feelings already hurt,787
Young Thug,Trap,june 2026 anyone,2
Young Thug,Trap,posty fan boy seeing get stabbed low key triggered thats boy,554
Young Thug,Trap,sam smith way good goodbyes post malone good goodbyes,290
Young Thug,Trap,director ayy young thug wana look like michael jackson yes,364
Young Thug,Trap,going straight repeat playlist energy unmatched,0
Young Thug,Trap,first seconds back alive post pulls cigarette starts smokin,258
Young Thug,Trap,knew post malone years old 1995,271
Young Thug,Trap,two reasons listen 1post malons verse young thugs yeee yeee yeee yyee,453
Young Thug,Trap,post malone eternal guys 02022026,1
Young Thug,Trap,theres way could save cause need saved got feels,4886
Young Thug,Trap,whos may 2026,6
Young Thug,Trap,sam smith good goodbyes post malone good goodbyes,412
Young Thug,Trap,anyone june 2026,1
Young Thug,Trap,whos june 2026,3
Young Thug,Trap,whos july 2026,1
Young Thug,Trap,anyone june 2026,1
Young Thug,Trap,whos june 2026,1
Young Thug,Trap,bro wearing apple watches invented word swagonometry yall still dont top,14831
Young Thug,Trap,mani remember depressedthen young thug said takgenmdmdkdhdkslsgij changed life forever,4957
Young Thug,Trap,friend unfortunately lost life week wrong place wrong time robberyshooting young thug favorite rapper rip bro,1147
Young Thug,Trap,directing young thug director young thug sound editor young thug person young thug person young thug person young thug person young thug food young thug visual studio young thug young thug young thug young thug editor young thug vocal artist young thug rapper young thug person young thug lyrics written young thug music video composed young thug music young thug object young thug object young thug object young thug object young thug object young thug object young thug object young thug object young thug visual artist young thug special thanks young thug inc young thug industries young thug studios clothing designer young thug,18533
Young Thug,Trap,bruuuhhh point try dislike thugger cant hes dope,2066
Young Thug,Trap,man still one hardest beats ever heard,8804
Young Thug,Trap,2026 still bumping,1263
Young Thug,Trap,music closest thing time machine,8460
Young Thug,Trap,song actually meaning aint nobody gonna like,8493
Young Thug,Trap,take boys school swagonometry still coldest fucking line ever,2249
Young Thug,Trap,would one day youre taking stroll woods find thugga shooting video,2038
Young Thug,Trap,crazy weird shit 2015 music fits aint nothing thugger really paved way,2136
Young Thug,Trap,released 2019 wouldve went diamond grammy thugger ahead time,1722
Young Thug,Trap,anyone officially got let,4492
Young Thug,Trap,vid like weird nightmare isnt super scary wake feel strange fuck,369
Young Thug,Trap,fuck possible make track nobody understand still seem like,583
Young Thug,Trap,cant deny young thug bag since day one authentic views dawt cawm boost another level dudes literally unstoppable,14
Young Thug,Trap,basically point best friends gonna backstab thus making real best friend,1432
Young Thug,Trap,thugger ahead time terms mumble rap thanks likes,2678
Young Thug,Trap,welcome home goat,824
Young Thug,Trap,217 dis got album pic,41
Young Thug,Trap,first thought worst song ever heard like somehow,1163
Young Thug,Trap,pretty talented able say bestie trap song still sound good,1890
Young Thug,Trap,wow released almost years ago wouldnt sound place released today,386
Young Thug,Trap,best friend ebffefl,1
Young Thug,Trap,still one best trap songs ive ever heard,1777
Young Thug,Trap,came remind thugger better french montana,3054
Young Thug,Trap,young thugs wordplay compares abstract painting,458
Young Thug,Trap,2026 still hard,1
Young Thug,Trap,took years realize best friend,2358
Young Thug,Trap,french montana wishes hit like,1115
Young Thug,Trap,boys raiding area gonna need young thug translate,4535
Young Thug,Trap,swear also top thug favorite song since first heard back day still play time also exactly hes still legend favorite artist music incredible awesome amazing man absolute classic question,18
Young Thug,Trap,really came years ago thug true trend setter,354
Young Thug,Trap,thug ahead time,892
Young Thug,Trap,2014 considered worst rapper time 2016 everybody listening thugger goat,3055
Young Thug,Trap,whos listening 2026,164
Young Thug,Trap,whos watching 2018 remembered hard ride edit dang got lot likes lol,2197
Young Thug,Trap,lets see many legends listening 2021,2723
Young Thug,Trap,young thug still doesnt get credit deserves guy goat game,780
Young Thug,Trap,one best rap beats ever,14
Young Thug,Trap,whos still listening 2019,3086
Young Thug,Trap,tell unique voice screams yeeaa,333
Young Thug,Trap,still jamming song 2020,4038
Young Thug,Trap,cant tell guy released scuti today switched jail,57
Young Thug,Trap,bro still listening 2024you aint alone,3035
Young Thug,Trap,years later song still slaps,2863
Young Thug,Trap,said heeeeeeeeeeeeyaaaaaaa felt way 2020,324
Young Thug,Trap,alltime classic best friend isnt track anthem defined whole generation thug always ahead time,20
Young Thug,Trap,made years ago still rockin,2339
Young Thug,Trap,young thug best rapper time tupac shakur,335
Young Thug,Trap,else randomly listening old music,3005
Young Thug,Trap,153 hittn shit omm,8
Young Thug,Trap,havent heard song years nostalgias hitting really hard broooo free goat,2949
Young Thug,Trap,cant cap thugga got hits,688
Young Thug,Trap,imagine going hiking see young thug ysl,676
Young Thug,Trap,cant wait till english version comes,1339
Young Thug,Trap,100k people disliked dont got bestfriends,1630
Young Thug,Trap,tbh easily one best songs generation,729
Young Thug,Trap,take boyz school swagganometree,11
Young Thug,Trap,dont know excited english version,800
Young Thug,Trap,era thug untouchable song way power cups halftimepass lighter boot man thug fucking legend,22
Young Thug,Trap,admit itwhen came already placed thug creative rapper hall fame,400
Young Thug,Trap,112 guy backgrounds hands wtf,318
Young Thug,Trap,wat time alive thug peak,7
Young Thug,Trap,thug whatever wanted broke rules nobody ever tested could quit today hed still legend forever,211
Young Thug,Trap,miss young thug,840
Young Thug,Trap,wish thuggers new album sound 2015 blonde thugger album,500
Young Thug,Trap,truly lyrical genius,7
Young Thug,Trap,yall saying yall cant understand hear loud clear isnt type music,416
Young Thug,Trap,imagine youre stuck middle forest foggy night see feet ahead distance see guys forest dance 133 coming toward faster think rip,149
Young Thug,Trap,first thing noticed listening song young thug gentleman respectful women,253
Young Thug,Trap,years since dropped yall better coming back listening,7
Young Thug,Trap,nobody young thug free goat,5619
Young Thug,Trap,opene car door,438
Young Thug,Trap,young thug sound like courage cowardly dog trying explain situation,833
Young Thug,Trap,wjo listening september,14
Young Thug,Trap,rip best friend rich homie quan,237
Young Thug,Trap,cant believe song years old thanksgiving day 2020,247
Young Thug,Trap,dont saying feeling beat chorus catchy,1948
Young Thug,Trap,track released years ago feels years something lmao insane classic beat alone legendary want hear live thug,424
Young Thug,Trap,goat coming home,226
Young Thug,Trap,dec 25th anyone,171
Young Thug,Trap,smh remember called gay listening thug look people followers always,458
Young Thug,Trap,bruh young thug freaking creative hell,353
Young Thug,Trap,kinda catchhhyyyyyyyy ohhhh nooooo itttss gettting toooo meeeeeeee,737
Young Thug,Trap,any1 else start absolutely hating thugga much cant get enough music,327
Young Thug,Trap,anyone still listening 2019,1146
Young Thug,Trap,everybody part life wanted hate young thug couldnt continue fucking dope,175
Young Thug,Trap,never forget listened banger 2015 masterpiece played every one house parties good old times maaan,6
Young Thug,Trap,find someone listens 2025,1017
Young Thug,Trap,whoever made beat genius goes perfect thug,387
Young Thug,Trap,best friend whats video trying say,216
Young Thug,Trap,amazing cant wait till english version comes,465
Young Thug,Trap,theres something surreal song video cant put finger,222
Young Thug,Trap,damn almost 100 million remember seeing day dropped crazy,1382
Young Thug,Trap,gunna never made anything cold,27
Young Thug,Trap,trust back listen song,213
Young Thug,Trap,mother asks guy always hang,180
Young Thug,Trap,quarantine turned poets like young thug,416
Young Thug,Trap,dont care told song still hard,16
Young Thug,Trap,definitely gonna play new year 2021,3751
Young Thug,Trap,song never gets old freethugga,377
Young Thug,Trap,yrs later song still going hard,427
Young Thug,Trap,era music bout cry idc yall,9
Young Thug,Trap,like young thug lol thats ever listen,493
Young Thug,Trap,black asian listened dis shit little egg roll,171
Young Thug,Trap,may agree lyrics ill respect fact young thug doesnt care haters say lives life giving fuck others think think learn dream dont agree youwell fuck thats coming someone makes exact opposite type rap ill keep making music matter,224
Young Thug,Trap,beat sick hell,837
Young Thug,Trap,yrs later pure greatness,0
Young Thug,Trap,song sounds fucking amazing high trust,235
Young Thug,Trap,song reminds back corona beer,246
Young Thug,Trap,dont understand everything young thug says vibe along joint doesnt get old,678
Young Thug,Trap,song put thugger map hating ass nigga,463
Young Thug,Trap,dont know still 2024,182
Young Thug,Trap,112 lmfao wtf look guys hands left,301
Young Thug,Trap,thugs videos music always fire everyone fucks wit thug pretty sure haters lowkey fans,341
Young Thug,Trap,literally drove driving car,1168
Young Thug,Trap,song always reminds life fucking simple,375
Young Thug,Trap,thug trapp shit respect,3
Young Thug,Trap,agree young thug makes timeless music 2021 still goes super hard,1272
Young Thug,Trap,understand bit older either way young thug listening spree,299
Young Thug,Trap,yes big legende young thug gangster vor life gang,2
Young Thug,Trap,041 thug first trippie,219
Young Thug,Trap,let early youre gonna play 2022 youre legend full stop,164
Young Thug,Trap,young thug really displayed true talent track,174
Young Thug,Trap,always hype song,1
Young Thug,Trap,kid totally reinvented hip hop good aspects covered beats always nice videos killer always look new different vocals sooooo dope interesting tone voice sing song type flow little pauses weird noises contrasts volume voice switching whispering freaking outand vocals long drawn drawltwisting words like sort wild style graffiti whole thing relaxed easy listen older heads hip hop golden era often complain hip hop isnt like back day like guy reinvented witnessing true superstara qtip method man new slick ricktrust,194
Young Thug,Trap,september shii years like 2018 still jumpin,156
Young Thug,Trap,song stuck head since came,227
Young Thug,Trap,good beat wish song english,1613
Young Thug,Trap,love fucking weird guy,1792
Young Thug,Trap,thugger took loved wayne 20052008 made style fucking unique voice literally instrument,89
Young Thug,Trap,brudda unfortunately lost life almost injuring others process favorite artist back day rip big bro,1
Young Thug,Trap,video amazing 013 infamous face switch creates instant shock confusion 052 pays homage alanis morisetts ironic video car scene also reference film driving miss daisy seeing hes dressed exactly like old woman daisy driver version thug dressed like morgan freemans character hoke 247 subtle hint coming closet coupled flamboyant hand gesture 257 create even ambiguity around sexuality,145
Young Thug,Trap,man dude even gay tho got fashon thts good song god,335
Young Thug,Trap,mama loves thug,1
Young Thug,Trap,even years hits harder dads belt,396
Young Thug,Trap,missing best friend,2
Young Thug,Trap,everyone dialect pitch talk understand fine one ever really said bone thugs rapped fast hell words going peoples heads,130
Young Thug,Trap,theres gonna day wish music 2022 giving flowers one influential artist time staple book,416
Young Thug,Trap,favorite part young thug said ckmsqppvzsvuo,238
Young Thug,Trap,song came making minimum wage pushing carts target years later pulling 6figues song always special used grind,5
Young Thug,Trap,mitochondria power house cell,356
Young Thug,Trap,cant stop pressing replay,161
Young Thug,Trap,132135 hitten dem folks,2
Young Thug,Trap,thug couldve dropped song today 2020 would still hit dare say timeless,171
Young Thug,Trap,whos watching spaceship 17864,772
Young Thug,Trap,either understand young thug youre lost,599
Young Thug,Trap,2026 april whos bumping hit,10
Young Thug,Trap,people hate thug audience every type music doesnt mean bad taste music means dont like opinion going kendrick lamar videos hating people liking music even though dont trap people dont consider hip hop really know lyrics thats fine dont want hear someones life story every song shit bumps thats people like,179
Young Thug,Trap,best 334 seconds whole life,115
Young Thug,Trap,still banger 2026,6
Young Thug,Trap,love song need level production today,92
Young Thug,Trap,thug acting suspect asf shit hard llab,174
Young Thug,Trap,old young thung amazing,3
Young Thug,Trap,way delivers forever appreciated,236
Young Thug,Trap,else listening march 2020,481
Young Thug,Trap,hes yet made song initially dismissed keep going back love,241
Young Thug,Trap,till day theres one like thugga,2
Young Thug,Trap,315 dab amazing,111
Young Thug,Trap,editor _where want film this_ yung thug _yes_,343
Young Thug,Trap,love video wondering release english lyrics,653
Young Thug,Trap,whos still watching 2024,123
Young Thug,Trap,hes best friend,87
Young Thug,Trap,listened song new years eve crossing 2026 success yall 2026 moving big,4
Young Thug,Trap,hes favorite anime character ever,393
Young Thug,Trap,whos listening march 2019 fire,509
Young Thug,Trap,shit gone hit every time matter year,249
Young Thug,Trap,spend time dudes music understand goddamned pioneer dude still unbelievable,161
Young Thug,Trap,classic2015 year song city litty cap,134
Young Thug,Trap,young thug classic bruh song everywhere clubs strip clubs family bbqs radio parties needs get back old producers like metro london track,89
Young Thug,Trap,man still one hardest beats ever heard cant deny young thug bag since day one hipviews dawt cawm boost another level dudes literally unstoppable,14
Young Thug,Trap,hes like jack sparrow rap barely understand thing says still sounds right weird random body movements,1132
Young Thug,Trap,every artist hop beat snapping,1
Young Thug,Trap,thats best friend lol song stilled hard ayee,391
Young Thug,Trap,young thug ahead time,427
Young Thug,Trap,truly humble god,10
Travis Scott,Trap,video editors next level,121778
Travis Scott,Trap,song youre working group project everyone makes part look different,141792
Travis Scott,Trap,quick gotta use effects trial runs,30946
Travis Scott,Trap,prod effects want travis seen windows virus prod say,6355
Travis Scott,Trap,producer beat travis,2321
Travis Scott,Trap,editor say travis didnt say anything,12073
Travis Scott,Trap,drake made two songs travis ill take,2400
Travis Scott,Trap,listen songs listen thats called efficiency,3559
Travis Scott,Trap,might take exes put group kylie rise shine,4274
Travis Scott,Trap,years ago crazy feels like yesterday damm,45
Travis Scott,Trap,producer travis like song travis needs producer travis yeah,5370
Travis Scott,Trap,producer transition want travis ever ate glowstick,12029
Travis Scott,Trap,nobody swae lee someone said,1979
Travis Scott,Trap,still hard june 2026,43
Travis Scott,Trap,year months still dont know someone said,2036
Travis Scott,Trap,effects yes travis didnt say anything director say,1605
Travis Scott,Trap,damn used effects menu tho,2206
Travis Scott,Trap,travis scott yes producer didnt even ask anything,62078
Travis Scott,Trap,shes love back high school fed tacos van,614
Travis Scott,Trap,whatever smoking made video want edit thanks likes kings,807
Travis Scott,Trap,toliver cameo 218,32
Travis Scott,Trap,might take exes put group kylie jenner joined group,2260
Travis Scott,Trap,yall cut grinch outta video,867
Travis Scott,Trap,travis person look trying cross road,3975
Travis Scott,Trap,video editor effects travis scott,1175
Travis Scott,Trap,bruh director hella shrooms want,11469
Travis Scott,Trap,exactly imagined sicko mode video would look like,492
Travis Scott,Trap,whoever edited got mad patience cant deny travis scott bag since day one authentic views dawt cawm boost another level dudes literally unstoppable,14
Travis Scott,Trap,director many asses want rap video travis,802
Travis Scott,Trap,best part song swae lee saying someone said,666
Travis Scott,Trap,producer travis good job,635
Travis Scott,Trap,check one june 2026 anyone,23
Travis Scott,Trap,beats one want travisyes,3936
Travis Scott,Trap,editor kind effects want travis ever stood fast low iron,1052
Travis Scott,Trap,wdym whos today whos,21
Travis Scott,Trap,beat switchups still diabolical day still come back listen,1401
Travis Scott,Trap,producer travis yes,1005
Travis Scott,Trap,whoever edited got mad patience,14263
Travis Scott,Trap,weird effectshow much editors want traviswait,902
Travis Scott,Trap,funny practically every frame music video would make fire ass album cover,1632
Travis Scott,Trap,damn sweet victory sounds different,1372
Travis Scott,Trap,director travis scott yes,3419
Travis Scott,Trap,producer budget travis kylie jenner,6875
Travis Scott,Trap,momstop changing song damn,1328
Travis Scott,Trap,editorso edits want travis ever looked bright light long,856
Travis Scott,Trap,everytime blink miss hours editing,4184
Travis Scott,Trap,june 2026 still,11
Travis Scott,Trap,sweet victory plays sicko mode _nfl thats cash money you_,1038
Travis Scott,Trap,aye many beats yall want track travis yes,813
Travis Scott,Trap,song survived memes twice still banger,3858
Travis Scott,Trap,song still fire,8
Travis Scott,Trap,travis scott type guy cross street get hit boat,2940
Travis Scott,Trap,swae lee made money saying someone said ive made whole life,504
Travis Scott,Trap,editor would cool travis bro still asking,361
Travis Scott,Trap,swae lee travis scott nah,2605
Travis Scott,Trap,friend plz stop changing song changing,1422
Travis Scott,Trap,travis lets make simple music video editor dont,753
Travis Scott,Trap,cant believe years ago damn old,5
Travis Scott,Trap,get free trial editing software play around every single effect,5456
Travis Scott,Trap,travis riding ferrari producer nah got horse ferrari logo tho,642
Travis Scott,Trap,vibe matter old cant deny travis scott bag since day one authentic views dawt cawm boost another level dudes literally unstoppable,6
Travis Scott,Trap,editor travis yeah yeah editor thats 3000000 travis bruh yeah yeah,656
Travis Scott,Trap,bohemian rhapsody rap btw,10
Travis Scott,Trap,think agree editor win oscar,1427
Travis Scott,Trap,bruh editor went sicko mode,1144
Travis Scott,Trap,rappers use superhyper cars music videos travis scott rides horse,703
Travis Scott,Trap,yooo travis aight ridinnn,1
Travis Scott,Trap,editor thinking music video travis ever eat glowstick,1978
Travis Scott,Trap,258 see fly,573
Travis Scott,Trap,made songs couldnt decide,1220
Travis Scott,Trap,damn cant believe years since record dropped,7
Travis Scott,Trap,momidiot stop changing songs song,795
Travis Scott,Trap,travis ever seen windows virus director say,1863
Travis Scott,Trap,travis yes drake arent even studio yet,596
Travis Scott,Trap,changed walk song still absolute banger years later,7
Travis Scott,Trap,editor kinda effects want travis ever lsd editor say,3251
Travis Scott,Trap,gods plan part budget video 800000000000000,695
Travis Scott,Trap,musicians gonna write transition song whats transition,675
Travis Scott,Trap,travis drake editior got shit thx likes,195
Travis Scott,Trap,makes want sit watch couch,1348
Travis Scott,Trap,showed dvd video screen hits corners,576
Travis Scott,Trap,410 bro realy said scuba,6
Travis Scott,Trap,walking corridor lockers school every single girl uses tik tok 258,411
Travis Scott,Trap,mcdonalds employee may help customer bursts song intercom,812
Travis Scott,Trap,child friendly drake 101 girls bikinis,458
Travis Scott,Trap,thanks travis drake,4
Travis Scott,Trap,editor effects beats want drake yes travis horse,929
Travis Scott,Trap,rappers pulls expensive cars travis juan,797
Travis Scott,Trap,family dont change song meim song start,621
Travis Scott,Trap,authentic storytelling vibe makes music iconic,2
Travis Scott,Trap,swae lee someone said gets paid literally damn near dollars,474
Travis Scott,Trap,dad stop changing song every minute song edit thx 0800k,793
Travis Scott,Trap,crazy thats years already,637
Travis Scott,Trap,whos watching today,22
Travis Scott,Trap,today sicko mode turns years old song never get old,807
Travis Scott,Trap,travis scott horse playing red dead redemption friday,246
Travis Scott,Trap,director effects want travis director say,205
Travis Scott,Trap,drake sun freezing cold iceman,2
Travis Scott,Trap,producer many beats want travis yes,2773
Travis Scott,Trap,drake want make chorus travis yes,219
Travis Scott,Trap,travis riding horse neighborhood lil nas,436
Travis Scott,Trap,fair ferrari tiktok edits brought back masterpiece,7
Travis Scott,Trap,ive dreams normal music video,957
Travis Scott,Trap,travis wanna ride mustang director aight year model travis horse,14420
Travis Scott,Trap,blink one second miss hours editing,7612
Travis Scott,Trap,travis many effects producer around 500 travis get producer travis 500 effects plen travis get,583
Travis Scott,Trap,travis seen windows virus producer say,1498
Travis Scott,Trap,song make sit piano play chair,2275
Travis Scott,Trap,still banger day song stood test time,2
Travis Scott,Trap,travis effects want editor wait,1201
Travis Scott,Trap,travis scott want weird stuff editor say,258
Travis Scott,Trap,thought ocean pool isnt beach bathtub,253
Travis Scott,Trap,goated song remember huge came,3
Travis Scott,Trap,kylie said like lightt,1961
Travis Scott,Trap,257 theres fly room try swatting,809
Travis Scott,Trap,alternate title sicko mode travis scott drake like light drake travis scott played backtoback,409
Travis Scott,Trap,editor used effects travis trippin,230
Travis Scott,Trap,321 edible aint shit minutes later,291
Travis Scott,Trap,came guy appearing world cup wanted find brazilian,3
Travis Scott,Trap,director theme want travis drake ever switched colourblind mode director say,524
Travis Scott,Trap,producer sicko mode beats editor hold beer,350
Travis Scott,Trap,999 rappers rides type expensive car travis scott rides horse,3247
Travis Scott,Trap,bangers one song,5
Travis Scott,Trap,editors want video look like travis ever rubbed eyes hard,69972
Travis Scott,Trap,324 take one extra gummy vitamin,469
Travis Scott,Trap,comment section comment want use typer yes,920
Travis Scott,Trap,seconds drake rapping best travis riding looking shaking head,4
Travis Scott,Trap,imagine many people listening exact moment,328
Travis Scott,Trap,work team travis got lambos bugattis travis scott horse okay,437
Travis Scott,Trap,everybody gangsta travis pulls horse,554
Travis Scott,Trap,survival mode win mode,1
Travis Scott,Trap,showed cow hes travis scott burger,1270
Travis Scott,Trap,somewhere swae lee crying saying someone said watching video,239
Travis Scott,Trap,drake looks like type guy parties sit around nothing travis looks like type guy pretend knows everyone swae lee type guy youd think white irrelevant guy whatever,450
Travis Scott,Trap,even horses know banger,2
Travis Scott,Trap,song makes want steal money wallet,663
Travis Scott,Trap,get free trial making beats use everything,5083
Travis Scott,Trap,travis never disappoint visuals,394
Travis Scott,Trap,beat switch scott drake 253 fuking insane,4
Travis Scott,Trap,drake sounds like hes shifts different beat,689
Travis Scott,Trap,saturated want footage travis yes,250
Travis Scott,Trap,years later still banger,6
Travis Scott,Trap,want whatever drug director,531
Travis Scott,Trap,director weve got enough budget swae lee horse travis,879
Travis Scott,Trap,editor type effects want drake put shawty twerking eyelid,8978
Travis Scott,Trap,100 transformation fvckin genius,1
Travis Scott,Trap,showed song parents homework,400
Travis Scott,Trap,showed dad get belt,617
Travis Scott,Trap,director travis theme song travis everything director got bro,487
Travis Scott,Trap,one best american songs ever produced,3
Travis Scott,Trap,drake lets make different songs put together,883
Travis Scott,Trap,editor effects want travis know deep fried memes editor got,878
Travis Scott,Trap,beat dropped harder falling stairs,693
Travis Scott,Trap,let listen againn,3
Travis Scott,Trap,257 theres sticker cant get hand,1067
Travis Scott,Trap,showed commenting vid,575
Travis Scott,Trap,free trial photoshop gotta try every effect,713
Travis Scott,Trap,intro definitely hard drake leaves mark beat drops,1
Travis Scott,Trap,kylie jenner around,1802
Travis Scott,Trap,travis starts rapping body hairs straight,535
Travis Scott,Trap,song makes want brush toothbrush,335
Travis Scott,Trap,bro editors need raise,2
Travis Scott,Trap,trav pulled horse died,305
Travis Scott,Trap,shouldve sweet victory shame,447
Travis Scott,Trap,travis sicko mode 2020 sicko mode,849
Travis Scott,Trap,song makes want swim sand,308
Travis Scott,Trap,like different songs travis scott drakes starter pack,336
Travis Scott,Trap,look like shark boy lava girl beginning,900
Travis Scott,Trap,else visited banger today,16
Travis Scott,Trap,105 red dead redemption official gameplay,296
Travis Scott,Trap,ironed dishes watching,753
Travis Scott,Trap,rappers lambo ferrari bugatti travis scott horse,416
Travis Scott,Trap,one best music video ever editing topnotch everything aligns,5
Travis Scott,Trap,editor want video look like travis lit,255
Travis Scott,Trap,listened earbuds theyre airpods,341
Travis Scott,Trap,editor effects want travis scott ever taken gummy vitamins instead editor bet,192
Travis Scott,Trap,jack drake never disappoint,6
Travis Scott,Trap,drops chip crumb one ant chilling 423,445
Travis Scott,Trap,travis scott lets simple non bootyshaking video editorno,596
Travis Scott,Trap,like different beats song,789
Travis Scott,Trap,dedicate years life adobe premiere pro,194
Travis Scott,Trap,dunno high seizure damn saw special effects irl,283
Travis Scott,Trap,put transitions powerpoint presentation,394
Travis Scott,Trap,billion views insane,1
Travis Scott,Trap,cant deny travis scott bag since day one authentic views dawt cawm boost another level dudes literally unstoppable,12
Travis Scott,Trap,editor say travis didnt say anything,5407
Travis Scott,Trap,producer budget travis kylie jenner,14930
Travis Scott,Trap,song makes want read terms conditions,9692
Travis Scott,Trap,editor effects travis travis know stand fast editor say,10795
Travis Scott,Trap,one day left free trial gotta try effects,40028
Travis Scott,Trap,travis scott ever see windows virus editor say,3668
Travis Scott,Trap,editor travis kinda effects want thing man travis everything,20490
Travis Scott,Trap,quiet kid school never says word quiet kid home,2230
Travis Scott,Trap,reporter scale high travis yes,2267
Travis Scott,Trap,battery melistens song battery ill wait,19018
Travis Scott,Trap,editor effects want travisyes,3547
Travis Scott,Trap,travis editor say,726
Travis Scott,Trap,high drugs cop yes travis,20583
Travis Scott,Trap,911 emergency girl hear shots 911 gun sounds like girl prr prr prr,4600
Travis Scott,Trap,cant deny travis scott bag since day one authentic views dawt cawm boost another level dudes literally unstoppable,14
Travis Scott,Trap,editor effects want travis ever rubbed eyes really hard long time editor say,1871
Travis Scott,Trap,editor effects want travis keep simple dont overdo editor say,2142
Travis Scott,Trap,manager effects want travis scott yes,1513
Travis Scott,Trap,editor travis type effect want bruh travis scott high hell holding blunt ass ever ate pack crayons,5076
Travis Scott,Trap,drug dealer purple travis maybe,388
Travis Scott,Trap,kendrick hard asf thro,28
Travis Scott,Trap,producer much bass travis yess,15996
Travis Scott,Trap,producer effects travis scott epilepsy,17964
Travis Scott,Trap,producer effects want travis ever tripped acid,1328
Travis Scott,Trap,get goosebumps come around,8
Travis Scott,Trap,producer colors black white travis scott epilepsy mode thanks likes hah,1979
Travis Scott,Trap,editorwhat effects want travis ever snorted car paint,1107
Travis Scott,Trap,editor many effects want travis ever use drugs,2560
Travis Scott,Trap,goosebumps ftkendrick sicko mode ftdrake,11
Travis Scott,Trap,travis see rainbow editor say,2992
Travis Scott,Trap,song makes wanna put microwave food,492
Travis Scott,Trap,editor hey effects want travis ever stood quickly laying,1530
Travis Scott,Trap,cant believe tell people came jail addicted homeless husband home good job song clover cage final round two songs helped get depression want people know things get better together gem,14
Travis Scott,Trap,producer effects want travis,5775
Travis Scott,Trap,editor effects would like travis yes,2728
Travis Scott,Trap,realize comments random song makes want,1390
Travis Scott,Trap,travis torcendo pra gente foi insano surreal,2
Travis Scott,Trap,editorwhat kind video want travisever seizure editorsay,1854
Travis Scott,Trap,director adding special effects tell stop travis scott,544
Travis Scott,Trap,song addictive cant deny travis scott bag since day one authentic views dawt cawm boost another level dudes literally unstoppable,24
Travis Scott,Trap,rappers song travis scott kendrick lamar barking dogs,1294
Travis Scott,Trap,years later still vibing dat fire ahhh track,10
Travis Scott,Trap,producer typa beat want travis something people epilepsy relate,1201
Travis Scott,Trap,directorwant special effects travis ever lsd,1348
Travis Scott,Trap,travis scott releases video epileptic fans joke,1114
Travis Scott,Trap,travis effects want editor travis edit video,1876
Travis Scott,Trap,fortnite makes travis scott event seeing every old travis scott songs getting bigger spotifys top list,957
Travis Scott,Trap,editorwhat want bro travis scott ever got flash banged cod editorsay,800
Travis Scott,Trap,editor many colors want travis yes,2308
Travis Scott,Trap,editor say travis didnt say anything,6786
Travis Scott,Trap,producer kind video want travis ever almost fucking die epileptic seizure fam producer say,1467
Travis Scott,Trap,weeks college graduation banger came beautiful time beautiful moment get goosebumps everytime,3
Travis Scott,Trap,editor effects want travis scott ever acid,1289
Travis Scott,Trap,dealer much drugs want travis sey,2359
Travis Scott,Trap,pruducer many effects travis epilepsy,771
Travis Scott,Trap,peter piper picked pepper lyrical genius kendrick lyrical genius,2
Travis Scott,Trap,director many special effects want travis yes,1939
Travis Scott,Trap,editor jokes aside honestly cant imagine editor,1682
Travis Scott,Trap,editor getting free trial day glad yall like lol,971
Travis Scott,Trap,nothing loud nothing rushed vibes listen song today,12
Travis Scott,Trap,waitress soup salad travis yes,842
Travis Scott,Trap,song makes wanna tell teacher raise hand wanna speak,4422
Travis Scott,Trap,editor want video look like travis ever stand quick,2145
Travis Scott,Trap,brooooo views 10m likes whos 2026,5
Travis Scott,Trap,editor effects want travis travis youve asked many times,449
Travis Scott,Trap,editor aight fam whats favorite drug travis yes,1437
Travis Scott,Trap,editor kind effects want travis ever played infinite warfare zombies editor say fam,581
Travis Scott,Trap,253 crazy flow,4
Travis Scott,Trap,travis effect want editor travis edit video,1049
Travis Scott,Trap,editor effects want travis yes,4924
Travis Scott,Trap,computer 43747gb graphics get goosebumps everytime,3428
Travis Scott,Trap,still hits years later,12
Travis Scott,Trap,director always high shooting travis yes,3174
Travis Scott,Trap,editor effects want travis know feeling rub eyes little hard editor say,3195
Travis Scott,Trap,song makes wanna sit watch couch,2874
Travis Scott,Trap,feel need let chest came jail addicted homeless husband home good job song clover cage final round two songs helped get depression want people know things get better together unit,2
Travis Scott,Trap,song makes wanna steal free samples,3261
Travis Scott,Trap,feel like travis sees world around normal basis lmaooo,3905
Travis Scott,Trap,never forget thanks likes little junkies3,755
Travis Scott,Trap,one goat verses kdot,2
Travis Scott,Trap,get scared everytime hear dog bark 230 earbuds sounds like bitch right beside,326
Travis Scott,Trap,special effects want travis scott yes,2357
Travis Scott,Trap,editor kind video would like travis ever bad trip editor say,1490
Travis Scott,Trap,kdot slayed high pitch,2
Travis Scott,Trap,special effects want travis yes,3557
Travis Scott,Trap,producerwhat effects want travisall producersay,4878
Travis Scott,Trap,showed epilepsy friend loves dancing floor,1442
Travis Scott,Trap,song always hard matter year,4
Travis Scott,Trap,special effects guy want flashing ligh travis scott yes,475
Travis Scott,Trap,stein looking check,280
Travis Scott,Trap,song makes wanna call sick doctors appointment,1726
Travis Scott,Trap,maaaaan used live crazy blessing still alive takes back youre lucky live learn rip ones didnt make living different yall rip,2
Travis Scott,Trap,editor effects want use video travis yes,5143
Travis Scott,Trap,whoever edited intro deserves much,3068
Travis Scott,Trap,director effects want travis scott ever eaten glow stick,6145
Travis Scott,Trap,song reminds time time watched tik tok day played fortnite went outside cousins listen travis juice wrld 6ix9ine uzi kanye dont know certain feeling got 2017 summer never felt good times,2
Travis Scott,Trap,editor would like travis yes,512
Travis Scott,Trap,song makes want tell parents theyre adopted,1459
Travis Scott,Trap,directorwhat effects want travisall,3235
Travis Scott,Trap,call goofy never broke,6
Travis Scott,Trap,listened dads lexus rolls royce,298
Travis Scott,Trap,song made virus get computer edit make music videos yall watch,1468
Travis Scott,Trap,song makes weed high,1483
Travis Scott,Trap,sedation level music takes highmost level sedation calmness highness level mixtureness greatness guess mess haze phase less makes best prophase meta ana telo phase life phase death phase god race vibe trace high race life grace,6
Travis Scott,Trap,every travis scott fan gets handed aux cord puts goosebumps whole car freaks,494
Travis Scott,Trap,editor effects want travis yes,2387
Travis Scott,Trap,travis scott right way use autotune,2582
Travis Scott,Trap,travis scott really said fuck epilepsy kids,991
Travis Scott,Trap,powerpoint presentations one kid like,586
Travis Scott,Trap,wow song still top tier timeless never gets older,3
Travis Scott,Trap,beat dropped harder math grades,2511
Travis Scott,Trap,editor effects want travis epilepsy editor gotchu bruv,763
Travis Scott,Trap,producer much special effects want trav yes,345
Travis Scott,Trap,exactly years release,4
Travis Scott,Trap,editor effects travis big red button,289
Travis Scott,Trap,still get goosebumps everytime,2801
Travis Scott,Trap,savage nowadays dont give seizure warnings,2346
Travis Scott,Trap,get goosebumps every time need hymen,5
Travis Scott,Trap,ong makes wanna sit watch couch,587
Travis Scott,Trap,editor many epilepsy lights want travis yes,634
Travis Scott,Trap,song makes want tell corona wash hands,1138
Travis Scott,Trap,anyone else vibing masterpiece 2026 energy song timeless whats favorite line,3
Travis Scott,Trap,song makes wanna donate blood crip,1499
Travis Scott,Trap,director much epilepsy want travis kendrick yuh,593
Travis Scott,Trap,travis yes editor havent even said anything,402
Travis Scott,Trap,song makes want like like,461
Travis Scott,Trap,bet travis got dem goosebumps found kylie pregnant,218
Travis Scott,Trap,welcome comment section song makes showed,653
Travis Scott,Trap,isnt genre cinematography thing brought,1
Travis Scott,Trap,song make wanna teach teachers,730
Travis Scott,Trap,editer much lights colors want travis travis yes thanks much 550 likes likes ive ever gotten,514
Travis Scott,Trap,police officer happend last night boys,548
Travis Scott,Trap,bringing 2026 travis goat,6
Travis Scott,Trap,producer much effects travis ever done lsd drugs time,163
Travis Scott,Trap,song makes want buy free sample,1196
Travis Scott,Trap,song makes weed want smoke,919
Travis Scott,Trap,hate give brought back,4
Travis Scott,Trap,nobody literally nobody travis video editor fuck storyline edit,218
Travis Scott,Trap,song makes want tell santa parents fake,342
Travis Scott,Trap,song makes wanna dip milk oreos,2815
Travis Scott,Trap,travis las 3am todo fumadooo con realidad alterada,3
Travis Scott,Trap,remembers spelled name travi scott,769
Travis Scott,Trap,2017 years ago 2017 years ago,2515
Travis Scott,Trap,holy shit travis scott burger man,326
Travis Scott,Trap,years still hit cant deny travis scott bag since day one hipviews dawt cawm boost another level dudes literally unstoppable,2
Travis Scott,Trap,song makes wanna turn lights car dad driving,1381
Travis Scott,Trap,travis effec editor know shut,346
Travis Scott,Trap,days corona drink edit thanks 400 likes,409
Travis Scott,Trap,kendrick doesnt miss,2
Travis Scott,Trap,editor effects want travis little sodium chloride,468
Travis Scott,Trap,editor effects want travis epilepsy,319
Travis Scott,Trap,brother epilepsy liked much hes rolling around floor shaking,472
Travis Scott,Trap,hiding world came jail addicted homeless husband home good job song clover cage final round two songs helped get depression want people know things get better together one make,1
Travis Scott,Trap,song make feel nostalgic aint even old,2801
Travis Scott,Trap,reason bothers say get goosebumps every time yeah like stine yeah,1387
Travis Scott,Trap,song makes drugs want,313
Travis Scott,Trap,song always sent best trip ever,1
Travis Scott,Trap,read comment think damn said,1585
Travis Scott,Trap,would kill listen goosebumps first time,317
Travis Scott,Trap,even tho mainstream lowk banger love jesus trav,1
Travis Scott,Trap,kendrick lamar sound like spongebob went thru puberty,392
Travis Scott,Trap,gon pull brr brr brr,3
Travis Scott,Trap,ceo havin haircut whole career,578
Travis Scott,Trap,moment silence people searched get goosebumps every time,247
Travis Scott,Trap,song makes want put bank money,1272
Travis Scott,Trap,saw version song today 32426 lit still,2
Travis Scott,Trap,song makes wanna donate blood crip,3881
Travis Scott,Trap,songs makes wanna comment songs makes,243
Travis Scott,Trap,producer much specials effect want travis yes,349
Travis Scott,Trap,2026 song best song lot things,4
Travis Scott,Trap,everyone wow song lit rolling around floor seizure epilepsy warning edit wow thanks 523 likes,479
Travis Scott,Trap,song makes want ask dog take walk,3481
Travis Scott,Trap,song makes wanna tell extroverted friend going outside,574
Travis Scott,Trap,many get goosebumps song playing,2
Travis Scott,Trap,congratulations found english comment,2507
Travis Scott,Trap,song makes want eat chicken bone throw away meat,2472
Travis Scott,Trap,song makes wanna diagnose doctor,782
Travis Scott,Trap,second time listening travis scott bday today happy birthday 043026,3
Travis Scott,Trap,moment silence people get nightmares epilepsy,309
Travis Scott,Trap,song makes want make england city,246
Travis Scott,Trap,many bored listening travis scott quarantine,147
Travis Scott,Trap,usually would never ever share private information lifebut could save people music medicine listen another world song clover cage favored god two songs helped get depression want people know things get better together team,2
Travis Scott,Trap,travis hey editor say,591
Travis Scott,Trap,song made call work work,792
Travis Scott,Trap,years damn feels like week,342
Travis Scott,Trap,editor effects travis yes,404
Travis Scott,Trap,song make wanna lick finger turn page ipad,330
Travis Scott,Trap,get book store travis scott,280
Travis Scott,Trap,next level energy,1
Travis Scott,Trap,producer much epilepsy want travisyes,176
Travis Scott,Trap,people think ifruit radio,345
Travis Scott,Trap,may get one cactus jack meal sicko mode sauce,270
Travis Scott,Trap,billion views crazy,6
Travis Scott,Trap,travis kendrick goated duo cant deny travis scott bag since day one hipviews dawt cawm boost another level dudes literally unstoppable,5
Travis Scott,Trap,yes finally found dumb song tiktok ads really dig track man joke,2
Travis Scott,Trap,editor effects want travis yes,574
Travis Scott,Trap,yes finally found dumb song tiktok ads really dig track man joke,3
Travis Scott,Trap,2017 song make feel goood 2019 song make feel goood 3099 song make feel goood,4337
Travis Scott,Trap,producer want video look like travis scott ever sat really fast laying long time,2777
Travis Scott,Trap,documentary remind good song,16484
Travis Scott,Trap,swearing naked girls 100 talent 10000 drugs,35255
Travis Scott,Trap,grammy cardi thank likes iluv people stay safe crucial period,11767
Travis Scott,Trap,producer many effects want travis butterfly,3909
Travis Scott,Trap,years later youre watching youre legend,4345
Travis Scott,Trap,sex greatbut yall ever water middle night,1849
Travis Scott,Trap,travis yes director didnt even say anything,5523
Travis Scott,Trap,possible song get old cant deny travis scott bag since day one authentic views dawt cawm boost another level dudes literally unstoppable,21
Travis Scott,Trap,travis kinda guy smokes joint underwater,1752
Travis Scott,Trap,2015 antidote 2016 goosebumps 2017 butterfly effect 2018 sicko mode 2019 highest room 2020 scotts,13957
Travis Scott,Trap,editorwhat effects want travishave ever ate weed smoking cocaine editorsay,1383
Travis Scott,Trap,traviss scott editor kind effects need travis press buttons,3875
Travis Scott,Trap,director kind effects travis ever smoked 200 pounds crayons director waiting moment life,3056
Travis Scott,Trap,cant believe cardib grammys astroworld travis deserved,24558
Travis Scott,Trap,blink missed hours editing,22237
Travis Scott,Trap,producer effects want travis butterfly effects,2588
Travis Scott,Trap,director much crazy shit want video travis yes,2125
Travis Scott,Trap,still may 292026 cuz life couldnt change,15
Travis Scott,Trap,editor filter travis exactly editor say,1196
Travis Scott,Trap,travis doesnt drugs drugs travis,38492
Travis Scott,Trap,one rap songs ive heard doesnt curse,6637
Travis Scott,Trap,took year realize theres cursing song,5218
Travis Scott,Trap,producer want effects travis scott get epilepsy package producer say fam,1286
Travis Scott,Trap,editor effects want travis anybody epilepsy shouldnt survive till end editor gotchu fam,1961
Travis Scott,Trap,one still 2026,1556
Travis Scott,Trap,travis scott effects want editor dont even know edit thats job travis scott say,2014
Travis Scott,Trap,editor effects want music video travis scott yes,1194
Travis Scott,Trap,travis doesitlooklikeiwantanormalmusicvideo editor travis doesitlooklikeiwantanormalmusicvideo editor say,1057
Travis Scott,Trap,edit possible song get old,5737
Travis Scott,Trap,ever wonderd tavis scott explain editor want,1706
Travis Scott,Trap,editor effects want travis editor travis lemme,1414
Travis Scott,Trap,editor effects want travis lsd version,1176
Travis Scott,Trap,travis scott yes producer havent even asked anything yet,967
Travis Scott,Trap,editor travis effects want travis remember goosebumps editor yea travis double,519
Travis Scott,Trap,bro dababy race yesterday crazy,5
Travis Scott,Trap,editor travis effects want travis know goosebumps videos editor hell yeah travis put shit steroids editor say fam bam,951
Travis Scott,Trap,travis editor travis editor say,7061
Travis Scott,Trap,editor effects want travis effects editor say,757
Travis Scott,Trap,friends perform song assembly schools cooked,18
Travis Scott,Trap,editor effects want travis try weed editor say,797
Travis Scott,Trap,livin 2017 travis live year 3500,1050
Travis Scott,Trap,editor effects want travis scott yes,955
Travis Scott,Trap,travis fans travis year old fortnite guy fat guy guy burger,2233
Travis Scott,Trap,editors effects want travis travis scott yes,502
Travis Scott,Trap,years old still remember listening song first came ill never forget good times,3
Travis Scott,Trap,song addictive cant deny travis scott bag since day one authentic views dawt cawm boost another level dudes literally unstoppable,20
Travis Scott,Trap,travis yes editor travis yes,1618
Travis Scott,Trap,still cant believe cardi album astroworld,2253
Travis Scott,Trap,director kind effects want travis remember goosebumps director travis double,2787
Travis Scott,Trap,life cannot change,2
Travis Scott,Trap,feels like chew gum,1462
Travis Scott,Trap,editor kind effects like travis,570
Travis Scott,Trap,editor effects want travis yes,1530
Travis Scott,Trap,listening masterpiece 2026,28
Travis Scott,Trap,every frame turned wallpaper,711
Travis Scott,Trap,video started eating bread eating toast,2553
Travis Scott,Trap,editorwhat effects want travisyou know goosebumps hell editoryea travis put heaven time editorsay fam,1644
Travis Scott,Trap,life much simpler back,5
Travis Scott,Trap,showed year old grandma shes birthday hours ago,1312
Travis Scott,Trap,showed song dad hes son,1942
Travis Scott,Trap,song hit replay,1976
Travis Scott,Trap,battery song battery song,1883
Travis Scott,Trap,love song love song lit still,962
Travis Scott,Trap,song make want look crossing streets,2772
Travis Scott,Trap,give another listen hit 2026 masterpiece fucking song,15
Travis Scott,Trap,came hearing much documentary netflix,8120
Travis Scott,Trap,song makes want plant waters,1280
Travis Scott,Trap,even arent drugs drugs,1567
Travis Scott,Trap,song makes want tell parents adopted,2969
Travis Scott,Trap,nobody old smoking paper,1790
Travis Scott,Trap,remember guy quavy said song swimming pool dont wanna need huncho jack man,1
Travis Scott,Trap,lets see many legends listening today,2946
Travis Scott,Trap,song makes wanna call someone say sorry cant talk right,1115
Travis Scott,Trap,editor asked effects want travis scott yes,246
Travis Scott,Trap,editor trav effects want travis lit,372
Travis Scott,Trap,type song makes wanna buy free stuff,1897
Travis Scott,Trap,showed song cat started bark,1472
Travis Scott,Trap,jmen rappel encore quand drop très peu gens france écoutait travis pensais hit comme une perle rare final cest devenu ces plus gros hit,5
Travis Scott,Trap,years later youre watching youre legend,547
Travis Scott,Trap,editor kind video want travis ever took lsd editor say,735
Travis Scott,Trap,change photo new clicks boy genius,1448
Travis Scott,Trap,thank great content,1
Travis Scott,Trap,year olds drink root beer beer glass,3283
Travis Scott,Trap,director know eno travis hahaha kurz vor vier muss zum juwelier,387
Travis Scott,Trap,whos watching look mom fly netflix documentary,2249
Travis Scott,Trap,perfect cant deny travis scott bag since day one authentic views dawt cawm boost another level dudes literally unstoppable,11
Travis Scott,Trap,still banger 2026 laflame,2
Travis Scott,Trap,butterflies much scott want editor effects travis,325
Travis Scott,Trap,song makes get shower pee,317
Travis Scott,Trap,lets see many legends listening today,1595
Travis Scott,Trap,001 hear playing man sneakily trav dont like thattttttttt,7
Travis Scott,Trap,insane think didnt curse song,2590
Travis Scott,Trap,showed song doctor hes patient,428
Travis Scott,Trap,headlines asap rockys new artist playboi carti currently craziest music video travis hold autotune,2305
Travis Scott,Trap,years since masterpiece released,1
Travis Scott,Trap,life cannot change,2696
Travis Scott,Trap,producer effects feelin travis ever done acid producer say,532
Travis Scott,Trap,netflix documentary brought back song,263
Travis Scott,Trap,life pretty chill song came,425
Travis Scott,Trap,last time early kylie wasnt pregnant,586
Travis Scott,Trap,makes want tell dad happy mothers day,373
Travis Scott,Trap,dang feels like drugs cuz literally sleepy listening astroworld travis give visualization,1
Travis Scott,Trap,song makes want charge iphone 100,1349
Travis Scott,Trap,producer kind effects want travis yes,163
Travis Scott,Trap,showed sons grandchildren,134
Travis Scott,Trap,actually best song travis ever exist,2
Travis Scott,Trap,every single cut music video wallpaper,879
Travis Scott,Trap,lets see many legends listen today,2941
Travis Scott,Trap,travis scott type dude put cough syrup cereal instead milk,5229
Travis Scott,Trap,lets see many people listening masterpiece,569
Travis Scott,Trap,showed cat hes lion,1895
Travis Scott,Trap,edited would literalyy fry,9253
Travis Scott,Trap,looked life cannot change find,4
Travis Scott,Trap,song makes ask bathroom use teacher,4889
Travis Scott,Trap,police smoke travis cant say 6ixsnitch,458
Travis Scott,Trap,got free trial photoshop gotta try effects,759
Travis Scott,Trap,still sound like come last friday,5
Travis Scott,Trap,real travis fans astroworld,2205
Travis Scott,Trap,wish listen song first time,5015
Travis Scott,Trap,song 333 long uploaded years ago currently 333m views,2916
Travis Scott,Trap,used think music expression recording revealed actually resonance creating vibrational matches different states across multiverse,1
Travis Scott,Trap,song makes wanna disney channel website without parents permission,668
Travis Scott,Trap,damn bed sleeping tonight,490
Travis Scott,Trap,editor kinda effects want travis remember wen laced blunt editor gotchu,656
Travis Scott,Trap,years song still good,1583
Travis Scott,Trap,song makes want like usa,1560
Travis Scott,Trap,youtube comments many unoriginal jokes want effects travis yes,684
Travis Scott,Trap,comments people talking fortnite kids random comments fortnite kids wtf guys,798
Travis Scott,Trap,song makes want sit watch couch,277
Travis Scott,Trap,_editordo want eff_ _travisyeah_,2628
Travis Scott,Trap,lets please bring kind music back,2
Travis Scott,Trap,2021 gang masterpiece almost years old damn,493
Travis Scott,Trap,editor effects want travis ever knocked editor say,150
Travis Scott,Trap,noticed doesnt cuss song edit thanks likes peeps,1102
Travis Scott,Trap,hard work really pays,2
Travis Scott,Trap,video love child party monster video goosebumps video,425
Travis Scott,Trap,editor travis kind effects want traviseverything free trial today,370
Travis Scott,Trap,parentsdont drugs drugs dont travis,655
Travis Scott,Trap,sounds vid really make song,1
Travis Scott,Trap,broken speaker ill give good sound one,513
Travis Scott,Trap,clip like dream fantasize rich,406
Travis Scott,Trap,germany say kurz vor vier muss zum juwelier,613
Travis Scott,Trap,2020 dont mind alone either,971
Travis Scott,Trap,else ready astroworld,1373
Travis Scott,Trap,video goes hard,4
Travis Scott,Trap,travis scott dude uses autotunes,738
Travis Scott,Trap,song cuss words thats crazy,729
Travis Scott,Trap,video made use coloring book color crayons,557
Travis Scott,Trap,mega klimat travis scott znowu pokazuje jest szczycie wizualnie muzycznie mistrzostwo,1
Travis Scott,Trap,hes person stand auto tune,1001
Travis Scott,Trap,people next month ill better person travis scott life cannot change,334
Travis Scott,Trap,year olds parents let drink wine,1855
Travis Scott,Trap,uhhhh 2026 summer,1
Travis Scott,Trap,song one songs tiktok didnt ruin,541
Travis Scott,Trap,producer travis much girls need shoot travis yes,495
Travis Scott,Trap,last time listened song kylie jenner wasnt pregnant,455
Travis Scott,Trap,still sounds fresh almost decade later takes back summer 2017,1
Travis Scott,Trap,baby cannot change,1095
Travis Scott,Trap,travis literally gave min acid trip,174
Travis Scott,Trap,editor effects want travis seizure,539
Travis Scott,Trap,gonna sing song daughter lullaby,1566
Travis Scott,Trap,kid imagining 001 taste alcohol meal,257
Travis Scott,Trap,hear travis scott max volume aint loud enough,689
Travis Scott,Trap,lets get masterpiece,4
Travis Scott,Trap,mms sweet like candy cane,1512
Travis Scott,Trap,one comment section effects want,1337
Travis Scott,Trap,song hits harder dads belt,760
Travis Scott,Trap,life cannot change,2021
Travis Scott,Trap,think long took edit,1348
Travis Scott,Trap,todays officially years since gem released,419
Travis Scott,Trap,bending lanes since 2017,2
Travis Scott,Trap,song makes want accept parents friend request facebook,737
Travis Scott,Trap,song makes wanna whoop ass,235
Travis Scott,Trap,directorhow many effects want travis travis scottyes,124
Travis Scott,Trap,turns car radio music full blast life change,4192
Travis Scott,Trap,song made sell weed police,584
Travis Scott,Trap,editor travis much effects want travis yes,267
Travis Scott,Trap,cannot believe song years old timeless perfection,1
Travis Scott,Trap,feb 2026 heerreeeee,5
Travis Scott,Trap,one rap songs ive heard doesnt curse cant deny travis scott bag since day one hipviews dawt cawm boost another level dudes literally unstoppable,2
Travis Scott,Trap,2015 antidote 2016 goosebumps 2017 butterfly effect 2018 sicko mode 2019 highest room 2020 scotts,3
Travis Scott,Trap,editorwhat would like effects travisyes,1110
Travis Scott,Trap,editor effects want travis yes,836
"Tyler, The Creator",Alternative,lost wig storm oml,262
"Tyler, The Creator",Alternative,noticed tyler embodying metaphor grass always greener side hence grass even though rained snowed etc still stayed green till end kali video realizes storm see beauty comes hence end starts family tyler two kids something beautiful weathered storm refused give,21075
"Tyler, The Creator",Alternative,kali tyler musical match made heaven complement perfectly oml,9881
"Tyler, The Creator",Alternative,kalis voice sounds like mothers warm hug,1359
"Tyler, The Creator",Alternative,tyler kali made album together wed achieve world peace,21969
"Tyler, The Creator",Alternative,day 378 without boyfriend grass kinda cute,57766
"Tyler, The Creator",Alternative,everyone talking hot kali weird tyler surprised deep uplifting lyrics,63382
"Tyler, The Creator",Alternative,kanye genius tyler hottest flower boy popped scene,13840
"Tyler, The Creator",Alternative,director want video tyler grass,12343
"Tyler, The Creator",Alternative,125 girl trying life really testing,142
"Tyler, The Creator",Alternative,kali bootsy tyler,10100
"Tyler, The Creator",Alternative,love fact tyler legit grass,3997
"Tyler, The Creator",Alternative,nudity drugs wholesome motivational tyler grass,37998
"Tyler, The Creator",Alternative,still stuck 2026,23
"Tyler, The Creator",Alternative,storm whatever goes around eventually comes back igor exactly run end chasing,3730
"Tyler, The Creator",Alternative,kali owns genre entirely sure genre exactly owns,9954
"Tyler, The Creator",Alternative,fbi agent watching phone jamming right,2066
"Tyler, The Creator",Alternative,tyler said felt,4954
"Tyler, The Creator",Alternative,starring kali uchis girl boosty collins funky flavor flakes tyler creator grass,10843
"Tyler, The Creator",Alternative,isnt funny people sleep differently people back others might sleep side people even sleep song,6874
"Tyler, The Creator",Alternative,012 thought anderson paak voice,313
"Tyler, The Creator",Alternative,sun come sun kali said,4263
"Tyler, The Creator",Alternative,kali uchis saying inspirational quotes tyler creator chocolate vanila,6734
"Tyler, The Creator",Alternative,said need hero look mirror ones gonna save cant give know times rough got,5977
"Tyler, The Creator",Alternative,love kali uchis,4
"Tyler, The Creator",Alternative,one going talk good music video,25200
"Tyler, The Creator",Alternative,tyler lowkey looks like one chia things used make grandma,1646
"Tyler, The Creator",Alternative,love tyler literally flower boy colors kalis beauty ive never felt love vibe,3134
"Tyler, The Creator",Alternative,kali done therapist,5707
"Tyler, The Creator",Alternative,ones gonna save better save,5
"Tyler, The Creator",Alternative,music never made sense believe kali uchis supremacy,2885
"Tyler, The Creator",Alternative,nostalgic almost years ago posted,5814
"Tyler, The Creator",Alternative,remember dont ashamed music listen song fuckin bop,4263
"Tyler, The Creator",Alternative,whos april 2026,48
"Tyler, The Creator",Alternative,storm better look ways cross mind see wonder look ways cross mind,10503
"Tyler, The Creator",Alternative,alcoholism girl always stayed would put makeup playing would stuck bed hung trying gather get ready well sometimes would look dead mirror would ask whats wrong got whole day ahead always knew day going like saying fix man stay blooms grateful sticking side cant change bad memories made sober today made many good new ones life looks like end video lol love estrella,3765
"Tyler, The Creator",Alternative,start bootsy collins smooth,4773
"Tyler, The Creator",Alternative,song like actually saved right dealing stuff home always play song something happens everybodys hurting everybodys going one favorite parts sings realize person going many others going worse forever thank kahli uchis song,5
"Tyler, The Creator",Alternative,really kids grass afros lmaoo,902
"Tyler, The Creator",Alternative,everybody seems talking tyler kali really need give lot credit bootsy absolutely masterful bass playing rhythm legendary musician,13688
"Tyler, The Creator",Alternative,sweetest way saying get bitch needed message,8165
"Tyler, The Creator",Alternative,gonna take several final tests song motivates lot,7
"Tyler, The Creator",Alternative,kali mean take offensive realllyyyy smmm,803
"Tyler, The Creator",Alternative,feel bad havent found masterpiece,5226
"Tyler, The Creator",Alternative,man bootsy collins voices start relaxing,5868
"Tyler, The Creator",Alternative,know ppl listened song elite ball knowledge,5
"Tyler, The Creator",Alternative,yea animation cereal box clean shit many likes,5262
"Tyler, The Creator",Alternative,purchase flowerboy grow,285
"Tyler, The Creator",Alternative,kim kardashian name powerful duo kali uchis tyler hold drinks,292
"Tyler, The Creator",Alternative,ive listening tune ages today first time watching video wonder hell never saw masterpiece music video congrats involved making video love kalis songs,2
"Tyler, The Creator",Alternative,kali looking glamorous tyler covered grass fake snow,18186
"Tyler, The Creator",Alternative,video aesthetically pleasing,3729
"Tyler, The Creator",Alternative,need hero look mirror,8196
"Tyler, The Creator",Alternative,people disliked still storm,11587
"Tyler, The Creator",Alternative,way says dont make stop 215 way says word heart give chills man,7
"Tyler, The Creator",Alternative,crazy tyler went rapping snorting hitlers ashes,362
"Tyler, The Creator",Alternative,sun come sun gay,10871
"Tyler, The Creator",Alternative,honestly chick crush handwriting,2309
"Tyler, The Creator",Alternative,022 handwriting magnificent,9
"Tyler, The Creator",Alternative,everyone loving 60s70s aesthetic loving 60s70s bootsy collins baby rather yeah,1994
"Tyler, The Creator",Alternative,cant believe song years old thought new,1696
"Tyler, The Creator",Alternative,lets give tyler award amazing role grass amazing acting singing talented,6669
"Tyler, The Creator",Alternative,amo kali uchis amo,3
"Tyler, The Creator",Alternative,kali whatchu mean,297
"Tyler, The Creator",Alternative,took long time realize song love giving,1734
"Tyler, The Creator",Alternative,never seen song move fast playlist life,7
"Tyler, The Creator",Alternative,kali making everyone happy themselfs tyler kali meannnn edit love started lil sing along,4594
"Tyler, The Creator",Alternative,moments silence people dont know tyler creator edited gah dayum thank likes,4480
"Tyler, The Creator",Alternative,remember last year bouncing around place place verge homelessness would cry listened song apartment jobs getting straight college still cry listen,19375
"Tyler, The Creator",Alternative,woman voice addictive damn,6
"Tyler, The Creator",Alternative,remember lyft driver picked last year cool humble automatically clicked great conversation life kali uchis rooting congrats success story amazing deserve,708
"Tyler, The Creator",Alternative,bootsy dropping bass lines years funkiest year old earth keep bootsy,2574
"Tyler, The Creator",Alternative,need hero look mirror reach bottom hear song beautiful perfect,2197
"Tyler, The Creator",Alternative,song really resonates romantic relationship alcoholic thing save nothing good ever comes easy,99
"Tyler, The Creator",Alternative,song hot heated hot pocket headphones,582
"Tyler, The Creator",Alternative,day shocked hard tylers verse went,1152
"Tyler, The Creator",Alternative,kali whatchu mean take offensive cause hottest flower boy popped scene favourite line entire song,1146
"Tyler, The Creator",Alternative,song never classic,5
"Tyler, The Creator",Alternative,people disliked song get covid tests done one major symptoms taste,9440
"Tyler, The Creator",Alternative,look ways cross mind bruh tyler wonder look ways cross mind see,735
"Tyler, The Creator",Alternative,song kinda goes going thru right coronavirus storm,3461
"Tyler, The Creator",Alternative,years already possibleim old,3
"Tyler, The Creator",Alternative,love 70s aesthetic,1881
"Tyler, The Creator",Alternative,glad isnt tiktok guys couldnt find,5127
"Tyler, The Creator",Alternative,moment silence people cant find song,11193
"Tyler, The Creator",Alternative,song deeper thought,5
"Tyler, The Creator",Alternative,two years later still dont get people dont like song edit popular styles lot different type song always people tell rubbish play aha thats cool tho everyone likes different things,4104
"Tyler, The Creator",Alternative,mom thinking oldie,7611
"Tyler, The Creator",Alternative,suddenly acne gone straight classes,5408
"Tyler, The Creator",Alternative,whos february 2026,480
"Tyler, The Creator",Alternative,cant believe years since song came,2221
"Tyler, The Creator",Alternative,wig snatched acne cleared depression cured hotel trivago,5677
"Tyler, The Creator",Alternative,obsessed song literally heard song accident dont regret,9598
"Tyler, The Creator",Alternative,one saying beautiful lyrics,3
"Tyler, The Creator",Alternative,literally got need hero look mirror tattooed song helped much thank beautiful song video,41026
"Tyler, The Creator",Alternative,thanks god kali tyler met,773
"Tyler, The Creator",Alternative,fun fact ive ever needed entire life,10074
"Tyler, The Creator",Alternative,actually tweaking shes pretty yellow looks good colors,5
"Tyler, The Creator",Alternative,literally grew husband garden pack seeds,7258
"Tyler, The Creator",Alternative,anyone else think yellow outfit fabulous,1469
"Tyler, The Creator",Alternative,definitely deserve grammy,2523
"Tyler, The Creator",Alternative,okay know late know people say fits 70s vibes talk fact song came dreamcore even popular perfectly fits art style music like seriously tyler creator music video songs goblin bastard chromakopia unless count songs kinda fit musical style dreamcore related stuff balloon example work fits dreamcore aesthetic well time dreamcore wasnt even word mean fact notes sound place yet still beautiful everything vibrant lively point looks cartoonish almost love bro gives good vibes dawg sorry yap session wasting time,9
"Tyler, The Creator",Alternative,kali amazing role model young latina girls positive bright,5505
"Tyler, The Creator",Alternative,still mad havent heard song radio yet,2484
"Tyler, The Creator",Alternative,kali walking store,4049
"Tyler, The Creator",Alternative,know get upset sometimes storms dont last,9
"Tyler, The Creator",Alternative,aesthetic everything wish wardrobe damn like 19401970s mash modern twist,1635
"Tyler, The Creator",Alternative,therapist gives lots advice mmkay kali need hero look mirror omg true qween ily saved life,2340
"Tyler, The Creator",Alternative,test meugh fuck kalii know hard even really try tylertry try try mefine holy shit got lot likes,185
"Tyler, The Creator",Alternative,143 beat drop chnage,7
"Tyler, The Creator",Alternative,ive never wanted grocery store badly,3350
"Tyler, The Creator",Alternative,grocery list eggs milk cheese bread lover,161
"Tyler, The Creator",Alternative,clairo kali uchis make song together,692
"Tyler, The Creator",Alternative,reminds want get higher lover song,5
"Tyler, The Creator",Alternative,imagine bootsy collins tyler coming studio asking part sing kali cornflakes grass,163
"Tyler, The Creator",Alternative,collab year grammy worthy wig flew mars,4053
"Tyler, The Creator",Alternative,imagine world grow mans,340
"Tyler, The Creator",Alternative,happy new year,18
"Tyler, The Creator",Alternative,song makes feel like shes talking specifically one else,831
"Tyler, The Creator",Alternative,like song drum intro groove bassline drum sound heavy reverb guitar chords perfect janglingwobbling electric piano guitar synth brass bootsy feature tyler feature songwriting middle way returns original groove two gorgeous chords plus kalis vocals perfect match fact everything stops one picks two funky,3505
"Tyler, The Creator",Alternative,203 tyler tyler,234
"Tyler, The Creator",Alternative,years ago btw,12
"Tyler, The Creator",Alternative,song would fit beautifully onto flower boy excited tyler coming,295
"Tyler, The Creator",Alternative,everyone talking tylers voice sexy nobody talking opening bootsys voice soooo soothing,393
"Tyler, The Creator",Alternative,winners dont quit dont give favorite quote ever lol,317
"Tyler, The Creator",Alternative,kali uchis tyler make album excellent team,11
"Tyler, The Creator",Alternative,finna release school stressin day watch,359
"Tyler, The Creator",Alternative,aww little grass babies,155
"Tyler, The Creator",Alternative,kali tyler perfect match find wings yellow storm see,2778
"Tyler, The Creator",Alternative,005 start best,11
"Tyler, The Creator",Alternative,like guy cereal box seems hella chill,712
"Tyler, The Creator",Alternative,song doesnt get big ill real pissed,857
"Tyler, The Creator",Alternative,song really helping see brighter side life thank positive lyrics dark negative world,10615
"Tyler, The Creator",Alternative,song last years life,3
"Tyler, The Creator",Alternative,storm gotta careful baby look ways cross mind see cupid hit precision wonder look ways cross mind,1375
"Tyler, The Creator",Alternative,ive heard kali uchis songs shes already new queen bad,1861
"Tyler, The Creator",Alternative,song kinda motivation school,4
"Tyler, The Creator",Alternative,like fact motivational song,692
"Tyler, The Creator",Alternative,fbi agent phone listening song day,483
"Tyler, The Creator",Alternative,something wrong music industry kali huge one underrated female artist day tru story,626
"Tyler, The Creator",Alternative,tyler earth man,1
"Tyler, The Creator",Alternative,pitch drop tyler good wow didnt think pointing obvious would get many likes thanks,1096
"Tyler, The Creator",Alternative,want tyler plant,2481
"Tyler, The Creator",Alternative,70s jazzy vibes perfect song,8853
"Tyler, The Creator",Alternative,145 crazy foreshadowed flower boy back day,2
"Tyler, The Creator",Alternative,wow visualsthis happens true artist make music,3001
"Tyler, The Creator",Alternative,song free therapy,430
"Tyler, The Creator",Alternative,kali uchis giving 70s aesthetics,657
"Tyler, The Creator",Alternative,realised half songs sentence look ways cross mind,3
"Tyler, The Creator",Alternative,finally good song really positive messages,785
"Tyler, The Creator",Alternative,song prevented suicide,2085
"Tyler, The Creator",Alternative,song coping mechanism ive noticed anytime play song suddenly feel much better song makes realize everyone feels way feel like ive called anti social outcast whole life soon song plays feel like difficult times nights ive cried sleep suddenly disappear like never existed swear time sad play matter always remember song smile,4485
"Tyler, The Creator",Alternative,visuals beautiful beat insane lyrics really matters,3244
"Tyler, The Creator",Alternative,seen tyler kalis name immediately clicked,160
"Tyler, The Creator",Alternative,312 wow tylers taller house hes tall,12
"Tyler, The Creator",Alternative,definitely need make album together,511
"Tyler, The Creator",Alternative,aesthetic lyrics music clothes makeup acting etc bitch everything much soul,589
"Tyler, The Creator",Alternative,feel like chick famous,1445
"Tyler, The Creator",Alternative,love song much past years swear need song ever life everything timing gods timing,1
"Tyler, The Creator",Alternative,forget madison beer would die look like kali,457
"Tyler, The Creator",Alternative,kali tyler bootsy,384
"Tyler, The Creator",Alternative,said ones gonna save gotta save felt,285
"Tyler, The Creator",Alternative,badbadnotgood didnt get respect deserve produced,161
"Tyler, The Creator",Alternative,kinds music videos make happy least creative beautiful minds world,741
"Tyler, The Creator",Alternative,someone please tell plant tyler,2941
"Tyler, The Creator",Alternative,love music video shows even though people perfectly perform gender online mean fit norm even thats want believe never put someone box like unless want disappointed atypical beautiful thing people get jealous cant different rest,1
"Tyler, The Creator",Alternative,kinda reminds maddy euphoria,1700
"Tyler, The Creator",Alternative,man bringing funk back action baby,439
"Tyler, The Creator",Alternative,lost damn near everything money job car kid girlfriend home love ones literally days birthday fell limbo type depression know everybody problems song really detox brain,741
"Tyler, The Creator",Alternative,love kali uchis always eattttttttt,1
"Tyler, The Creator",Alternative,kali fucking beautiful,443
"Tyler, The Creator",Alternative,anyone else feel like song goes fast,561
"Tyler, The Creator",Alternative,kali tyler best perfect match every song make amazing fucking youngperfect find wings yellow see call storm hope features atleast album,374
"Tyler, The Creator",Alternative,crazy think came years ago,8
"Tyler, The Creator",Alternative,canceled suicide plan hearing,13098
"Tyler, The Creator",Alternative,reason love walks store hall blank stare shes weird videos love,461
"Tyler, The Creator",Alternative,know hard even really try,4319
"Tyler, The Creator",Alternative,song short floated top favorites list want,1
"Tyler, The Creator",Alternative,013 part amazing idk,780
"Tyler, The Creator",Alternative,honestly wish ppl would dress like,2119
"Tyler, The Creator",Alternative,song many vibes,4
"Tyler, The Creator",Alternative,joke song actually helped,274
"Tyler, The Creator",Alternative,like artists make art,4625
"Tyler, The Creator",Alternative,literally cannot stop smiling right,305
"Tyler, The Creator",Alternative,amo fato que kali gravou cenas dela com uma expressão quem não espera mais nada quem não acredita mais mesma passou decorrer clipe fazendo coisas cotidianas mesmo triste mas fazendo pra mostrar que mesmo sofrimento continuar melhor assim pode sair dessa fase melhorar nem que seja pouquinho cada dia,1
"Tyler, The Creator",Alternative,song saved life multiple times,415
"Tyler, The Creator",Alternative,143 tyler true underground rapper,358
"Tyler, The Creator",Alternative,queen aesthetic music videos,142
"Tyler, The Creator",Alternative,tonight saw jimmy kimmel tonight love grew motownrockfunkdisco love kinds music welcome addition playliststhank,1
"Tyler, The Creator",Alternative,need hero look mirror heard song exactly right time,3
"Tyler, The Creator",Alternative,whos march 2026,684
"Tyler, The Creator",Alternative,girl bilingual guys theyre hot carti angivafukbownun,3438
"Tyler, The Creator",Alternative,police kill man carti ꙅꮈꮈʜɒʜɒʜbʜɒʜɒᴎoy ꙅꮈꮈʜɒʜɒʜbʜɒʜɒᴎoyꙅꮈꮈʜɒʜɒʜbʜɒʜɒᴎoyɒ ꙅꮈꮈʜɒʜɒʜbʜɒʜɒᴎoyꙅꮈꮈʜɒʜɒʜbʜɒʜɒᴎoy yes,1897
"Tyler, The Creator",Alternative,tyler plays piano carti dontgivfukboutnothin crowd,3635
"Tyler, The Creator",Alternative,theory carti casted spell led pandemic,520
"Tyler, The Creator",Alternative,100 concern tylers ankles tyler concern tracee ellis ross lungs,910
"Tyler, The Creator",Alternative,tyler alright thinking verse carti ever played sims,10046
"Tyler, The Creator",Alternative,english exists carti ǟɮօʊꮖ ᵉᶰᵈ ђïš ๓ꭺꮑร ฬђﾚε ςคгɛɛʀ,16018
"Tyler, The Creator",Alternative,friendliest hair ive ever seen life,102
"Tyler, The Creator",Alternative,carti eengotbodyro iongivfuhbotnuh eenlifumyho jihmicalmilawy luhgonsemeuh bitgonsemeuh sound tyler yes,2771
"Tyler, The Creator",Alternative,doesnt call creator damn reason,6129
"Tyler, The Creator",Alternative,imagine getting lyrics rejected justin bieber rihanna biggest song voice actually chill,8762
"Tyler, The Creator",Alternative,song still hard 2026,11
"Tyler, The Creator",Alternative,happy finally see sia comfortably showing face,80430
"Tyler, The Creator",Alternative,everybody gangsta till carti start speaking math teachers handwriting,4133
"Tyler, The Creator",Alternative,mani remember depressedthen carti said ingobudiro dongefubanou changed life forever,20993
"Tyler, The Creator",Alternative,wonder saw wig wrote song wrote song wig found,139
"Tyler, The Creator",Alternative,exactly tyler yes hes wrong,4520
"Tyler, The Creator",Alternative,carti speaks fluent 1st grade handwriting,8336
"Tyler, The Creator",Alternative,pearl please smoke allergic smoke tyler exactly run end chasing,4572
"Tyler, The Creator",Alternative,every ones gangsta til tylers knees start translating sign language,54
"Tyler, The Creator",Alternative,carti starts speaking intense minecraft enchantment table youtube category _education_,3367
"Tyler, The Creator",Alternative,pearl edwards actually allergic smoke fire think everybody pearl,1738
"Tyler, The Creator",Alternative,yes college kids changing major frequently,2690
"Tyler, The Creator",Alternative,years later still banger,99
"Tyler, The Creator",Alternative,aingabadirou dontgifukbynuthin aymafuckmyloya emycalmulowya pluggonsemeup bitdonsemeup noretalia ewylakdacar andshewiki likewuahvick ohmygawwd datnottimi love sims voice acting,2277
"Tyler, The Creator",Alternative,exactly tyler yes,17308
"Tyler, The Creator",Alternative,carti aaa mom look say first words carti aingoborou dongifubounan ayofumylu,1515
"Tyler, The Creator",Alternative,tracee ellis ross got crackin,25
"Tyler, The Creator",Alternative,tyler make song better carti hold english,4003
"Tyler, The Creator",Alternative,people going speak english carti dont think,1837
"Tyler, The Creator",Alternative,felt carti raps doctors handwriting,73064
"Tyler, The Creator",Alternative,felt said cause make earthquake cause currently listening absolute banger middle magnitude earthquake love relatable tyler,7
"Tyler, The Creator",Alternative,tyler language speak carti animal crossing,1382
"Tyler, The Creator",Alternative,exactly tyler yes,2875
"Tyler, The Creator",Alternative,tylers legs said felt,19379
"Tyler, The Creator",Alternative,crazy song could slip past long finally find feels right moment hear thats sure missed time great song relevant current life situation,37
"Tyler, The Creator",Alternative,carti starts rapping genius joke,3395
"Tyler, The Creator",Alternative,friendliest hair ive ever seen famous last words,1638
"Tyler, The Creator",Alternative,everyone fun tyler singer dancer pearl allerigic fire carti speaks minecraft enchanting table,4351
"Tyler, The Creator",Alternative,254 bro broke rule smoking,30
"Tyler, The Creator",Alternative,everybody gangsta till tylers legs start ritual,17270
"Tyler, The Creator",Alternative,tyler said speak multiple languages right carti yes tyler one going speak carti yes,2469
"Tyler, The Creator",Alternative,plays awkward person well,3475
"Tyler, The Creator",Alternative,march 2026 anyone,1454
"Tyler, The Creator",Alternative,take moment appreciate decade ago bastard tyler said goal life grammy hopefully mom attends ceremony homies thats exactly happened,11404
"Tyler, The Creator",Alternative,everybody gangsta tyler look like single auntie without kids,39866
"Tyler, The Creator",Alternative,speak english carti well yes actually,683
"Tyler, The Creator",Alternative,scared youtube subtitles gonna caption cartis verse 237 different slurs hate crimes,19
"Tyler, The Creator",Alternative,producers awkward want beginning tyler yes,2397
"Tyler, The Creator",Alternative,playboy carti speaking minecraft enchanting table edit joke stolen like different people,532
"Tyler, The Creator",Alternative,carti starts singing captions available video,1569
"Tyler, The Creator",Alternative,remember listening first came,15
"Tyler, The Creator",Alternative,alien area heard playboi cartis verse song _wait hes too_,2546
"Tyler, The Creator",Alternative,carti said aingoborou dontgifuhbounan ayofumylu felt another level,10059
"Tyler, The Creator",Alternative,sounds like verse playboy carti banged head keyboard somehow rapped,1006
"Tyler, The Creator",Alternative,interviewer exactly tyler yes,16
"Tyler, The Creator",Alternative,pearl name tyler pearl youre wonderful gaze,2593
"Tyler, The Creator",Alternative,carti spoke languages none english,10326
"Tyler, The Creator",Alternative,carti started speaking krabby patty formula really felt,1631
"Tyler, The Creator",Alternative,song solos kpop demon hunters,11
"Tyler, The Creator",Alternative,carti dornetgiiivvukbounuhn everyone really felt that_,1591
"Tyler, The Creator",Alternative,one quiet kid class finally gets courage ask crush,2553
"Tyler, The Creator",Alternative,woman exactly tyler yes woman,4327
"Tyler, The Creator",Alternative,moves actually touch heart,7
"Tyler, The Creator",Alternative,tylers knees speaking language carti,8613
"Tyler, The Creator",Alternative,everyone carti speak english carti yes actually,2938
"Tyler, The Creator",Alternative,everybody gangsta carti starts rapping doctor handwriting,6121
"Tyler, The Creator",Alternative,introduction tyler creator music video changed music taste forever,48
"Tyler, The Creator",Alternative,everybody gangsta till carti start talking backwards sims,5038
"Tyler, The Creator",Alternative,bruh tylers knees throwing gang signs,9981
"Tyler, The Creator",Alternative,bruh straight eric andre episode,6197
"Tyler, The Creator",Alternative,fun games till carti starts speaking cursive,2186
"Tyler, The Creator",Alternative,playboy carti first human speak sentence wingdings,1220
"Tyler, The Creator",Alternative,first person sing earfquake 2026 drinking pepper,7
"Tyler, The Creator",Alternative,tylers legs look like hes cheat code,2092
"Tyler, The Creator",Alternative,producer wanna use english carti gah mah langage,2389
"Tyler, The Creator",Alternative,imagine carti goes genius rap verse,2578
"Tyler, The Creator",Alternative,totally fine song stuck head,3
"Tyler, The Creator",Alternative,tyler speaks english carti heard sims,2542
"Tyler, The Creator",Alternative,tyler make earfquake carti æÿghjfdiyviyfvufgf fans felt,1934
"Tyler, The Creator",Alternative,never knew edna incredibles sister,1124
"Tyler, The Creator",Alternative,music fire burnt stage,7
"Tyler, The Creator",Alternative,language complex even duolingo bird help learn,6800
"Tyler, The Creator",Alternative,understood woah vicky carti everything else sims talking,1329
"Tyler, The Creator",Alternative,many bars wanna spit song carti carti hefghsm,2059
"Tyler, The Creator",Alternative,cause make earf quake,8
"Tyler, The Creator",Alternative,carti language want sing tyler yes,3655
"Tyler, The Creator",Alternative,everybody gangsta carti raps terms service,10627
"Tyler, The Creator",Alternative,345 part song makes feel 𝓢𝓸𝓶𝓮𝓽𝓱𝓲𝓷𝓰,11
"Tyler, The Creator",Alternative,nasa sending carti space communicate aliens,3461
"Tyler, The Creator",Alternative,wig stronger relationship,7385
"Tyler, The Creator",Alternative,guys reason knees like theres earfquake,9631
"Tyler, The Creator",Alternative,pearl exactly special guest,1721
"Tyler, The Creator",Alternative,writer carti lyrics want carti ever heard enchantment table writer gotchu,3298
"Tyler, The Creator",Alternative,cartis parents still waiting first word,7901
"Tyler, The Creator",Alternative,sad cause getting era tyler good lasted,5
"Tyler, The Creator",Alternative,tyler dont leave fault carti dontgivfucbounoh ellifucbonuosk alounytitys,4575
"Tyler, The Creator",Alternative,kylie jenner best wigs tyler creator hold microphone edit category education,2155
"Tyler, The Creator",Alternative,whats name censored alright,569
"Tyler, The Creator",Alternative,allergic smoke crazy,6
"Tyler, The Creator",Alternative,love awkward opening part,7785
"Tyler, The Creator",Alternative,tyler singing earfquake knees legs experiencing quake,478
"Tyler, The Creator",Alternative,everybody gangsta til carti puts curse everybody,2567
"Tyler, The Creator",Alternative,english head tyler english talk carti,2979
"Tyler, The Creator",Alternative,knew zack cody triplet,74461
"Tyler, The Creator",Alternative,someone said sounds like boys cry song spongebob moment tyler started singing fell seat,1
"Tyler, The Creator",Alternative,spanish people wonder whats carti saying english people wonder whats carti saying,9071
"Tyler, The Creator",Alternative,dont really like pop music tyler hold wig,1721
"Tyler, The Creator",Alternative,swear since dat boy man cant stand straight,4750
"Tyler, The Creator",Alternative,really thought interview start,7
"Tyler, The Creator",Alternative,everybody gansta til carti start rapping wifi password,3373
"Tyler, The Creator",Alternative,kind fade want tyler,2022
"Tyler, The Creator",Alternative,grammys performance weirdest coolest thing seen,19513
"Tyler, The Creator",Alternative,intro gets every timepearlthe mic swing,1
"Tyler, The Creator",Alternative,carti said moved tears,1783
"Tyler, The Creator",Alternative,dictionary exists carti end whole mans career,637
"Tyler, The Creator",Alternative,dont iqs high enough comprehend cartis articulatory skills,1797
"Tyler, The Creator",Alternative,freaking awkward love,8
"Tyler, The Creator",Alternative,bowl cut looks like one kid preschool named tray ate sand,1488
"Tyler, The Creator",Alternative,carti said deep,4148
"Tyler, The Creator",Alternative,mom learn school today łéärñêd śpëåk ćärtîñêšę,1125
"Tyler, The Creator",Alternative,husband sang thinking said make ass quake,5
"Tyler, The Creator",Alternative,language speak carti signlanguage cant speak carti watch,676
"Tyler, The Creator",Alternative,tyler really started career easy next album gonna sitting piano shirt wind blowing hair,4111
"Tyler, The Creator",Alternative,pearl leaves fire tyler creator dont leave,1491
"Tyler, The Creator",Alternative,song fire fire,6
"Tyler, The Creator",Alternative,youtube category education well carti teach new language,2618
"Tyler, The Creator",Alternative,decide put last minute performance talent show,119280
"Tyler, The Creator",Alternative,first tyler song ive ever heard,7
"Tyler, The Creator",Alternative,producer alr carti whats verse gonna carti gimme alphabet soup well see,1053
"Tyler, The Creator",Alternative,song aired everyone cartis voice everyone look tylers knee moves,2596
"Tyler, The Creator",Alternative,back literally fire tyler dont leaaaveee,5486
"Tyler, The Creator",Alternative,bro looking judge americas top model,5
"Tyler, The Creator",Alternative,everyones gangsta carti start rapping terms services,10833
"Tyler, The Creator",Alternative,reason captions video cartis verse incomprehensible,2232
"Tyler, The Creator",Alternative,damn imagine allergic smoke fire,904
"Tyler, The Creator",Alternative,officially years since igor,2
"Tyler, The Creator",Alternative,tylers knees translating cartis lyrics,3379
"Tyler, The Creator",Alternative,first thought carti gonna appear video dressed like 80s hypebeast,1235
"Tyler, The Creator",Alternative,try breaking kids ankles breaks instead edit wow almost week,3718
"Tyler, The Creator",Alternative,album good grammy best rap album even though isnt one happy 7th anniversary igor,1
"Tyler, The Creator",Alternative,youtube category tyler,12331
"Tyler, The Creator",Alternative,solved riddle cartis simply reading tylers knees,2905
"Tyler, The Creator",Alternative,makes sense puppet says puppet music video moves like puppet,4
"Tyler, The Creator",Alternative,carti says engabadiro igivefukmano imlikfukmalo emakamalo eygonsetmeup bitdonsetmeup ovatileyuh evalatuku ansheweki awoviki owmygaw demnotittie sumniuh sumniuh,2369
"Tyler, The Creator",Alternative,tylers knees like,9290
"Tyler, The Creator",Alternative,dude great song sing every day leave school youre awesome tyler,2
"Tyler, The Creator",Alternative,tyler language talk carti yes,1008
"Tyler, The Creator",Alternative,carti said sharpness efficiency knockback felt,3256
"Tyler, The Creator",Alternative,moves knees like hes trying enable debug mode,2528
"Tyler, The Creator",Alternative,pearl grandmother name rip miss forever,2
"Tyler, The Creator",Alternative,yes spoken like true creator,20403
"Tyler, The Creator",Alternative,allergic smoke tyler proceeds light cigarette seconds toss,1287
"Tyler, The Creator",Alternative,woman exactly tyler yes looks like tyler also likes read annoying youtube comments,1269
"Tyler, The Creator",Alternative,ayo google translate wheres cartinese,574
"Tyler, The Creator",Alternative,somebody call sia found long lost brother,2701
"Tyler, The Creator",Alternative,ignore battery warnings phone dies dont leave fault,2916
"Tyler, The Creator",Alternative,nobody tylers knees cheat code activated,2717
"Tyler, The Creator",Alternative,category education song educative gonna lie,3185
"Tyler, The Creator",Alternative,nobody tylers legs video bruh everyone copying comment trying change,2523
"Tyler, The Creator",Alternative,whole teatrhe started burn song fire,3
"Tyler, The Creator",Alternative,pearl edwards exactly tyleryes,1316
"Tyler, The Creator",Alternative,english language carti boutta end mans whole career,501
"Tyler, The Creator",Alternative,carti rap tylerjust rap wifi password,5946
"Tyler, The Creator",Alternative,love song much,3
"Tyler, The Creator",Alternative,youre performer understand exactly tyler yes,1559
"Tyler, The Creator",Alternative,045 last braincell answering simple question,1049
"Tyler, The Creator",Alternative,something tylers dancing makes feel way dont think scientist discovered,2155
"Tyler, The Creator",Alternative,110 thank tyler creator say,6
"Tyler, The Creator",Alternative,choose language english usa english english angobodyroll,1375
"Tyler, The Creator",Alternative,woman please dont set anything fire generate smoke please tyler omg let need hate like edits editing say dissapointed yall found funny wtf,4980
"Tyler, The Creator",Alternative,napoleon dynamite would proud dance moves,914
"Tyler, The Creator",Alternative,tylers grammy performance tuff,1
"Tyler, The Creator",Alternative,nobody tylers ankles,7100
"Tyler, The Creator",Alternative,tyler moves knees ways shouldnt humanly possible,1803
"Tyler, The Creator",Alternative,playboi cartis parents still waiting first words,3487
"Tyler, The Creator",Alternative,first tyler creator experience video,1
"Tyler, The Creator",Alternative,remember world normal song released year ago today,4546
"Tyler, The Creator",Alternative,aingoborou dongifubounan ayofumylu carti celestial,1237
"Tyler, The Creator",Alternative,category education kids dont smoke whilst vibing,1888
"Tyler, The Creator",Alternative,still holds day,2
"Tyler, The Creator",Alternative,captions available video wonder,1261
"Tyler, The Creator",Alternative,fire happens tyler doooonnnnt leeeeeaveeeee fault,4021
"Tyler, The Creator",Alternative,playboi cartis parents still waiting first words,5651
"Tyler, The Creator",Alternative,122 song start btw,8
"Tyler, The Creator",Alternative,carti really talking bit pixels,1404
"Tyler, The Creator",Alternative,place catches fire tyler dont leaveits fault,3044
"Tyler, The Creator",Alternative,people bullying carti hes telling wifi password,3765
"Tyler, The Creator",Alternative,hair scrumptious pat butter melting sun similar way heart melts tyler sets innocent studio fire,7
"Tyler, The Creator",Alternative,captions available video wonder,1761
"Tyler, The Creator",Alternative,carti said deep,2360
JPEGMAFIA,Alternative,jpegmafias voice sounds like one emo bands 2000s started rapping love much,2276
JPEGMAFIA,Alternative,need gameplay video denzel playing yandere simulator,1616
JPEGMAFIA,Alternative,zillakami type dude loaded rpg bed flex constantly wait,2230
JPEGMAFIA,Alternative,realize taboo era denzel dax wants,36
JPEGMAFIA,Alternative,black balloons joining contract clout cobain used vengeance self explanatory,3706
JPEGMAFIA,Alternative,thumbnail look like hes introduced borderlands boss,9055
JPEGMAFIA,Alternative,zillakami lookin like capt jack sparrow long heroin addiction,2819
JPEGMAFIA,Alternative,denzel funny clown man jpeg doppio sweater zilla black captain sparrow,522
JPEGMAFIA,Alternative,man really playing yandere simulator,5467
JPEGMAFIA,Alternative,zillakami rap skillz 1010 sanity 010 dental hygiene 010,4517
JPEGMAFIA,Alternative,denzel torture revenge jpegmafia gamer zillakami butcher,3111
JPEGMAFIA,Alternative,love song goes dark aggressive jazzy laid back peaceful,1160
JPEGMAFIA,Alternative,zillakami perfect feature track,2805
JPEGMAFIA,Alternative,year since song released zillakami still didnt need hard,5758
JPEGMAFIA,Alternative,thumbnail look like denzel announced new smash character lol,2111
JPEGMAFIA,Alternative,type treatment d4vd needs 058,55
JPEGMAFIA,Alternative,aint drake aint 6ix issa 9ine sticky blicky iron,256
JPEGMAFIA,Alternative,still cant believe dudes killed song unbelievable,1615
JPEGMAFIA,Alternative,denzel curry slowly becoming legend man never disappoints,29318
JPEGMAFIA,Alternative,song makes wanna cross road without holding moms hand,92
JPEGMAFIA,Alternative,denzel curry actually genius,3845
JPEGMAFIA,Alternative,like comes back ringleader cloutcobain,623
JPEGMAFIA,Alternative,aint drake aint six issa nine sticky blicky iron comes smooth,1342
JPEGMAFIA,Alternative,years later zillakami still need hard edit years later zillakami still need hard,543
JPEGMAFIA,Alternative,zilla lookin like came one piece,529
JPEGMAFIA,Alternative,else watched music videos order black balloons denzel really underrated creative genius,2429
JPEGMAFIA,Alternative,zillakami looks like one piece character,2502
JPEGMAFIA,Alternative,like imagine jpeg mafia wasnt originally going track instead broke studio started playing yandere simulator studio computer instead calling cops let rap track,53
JPEGMAFIA,Alternative,feel like zilla would great pirates caribbean,2945
JPEGMAFIA,Alternative,new leaked cyberpunk 2077 gameplay looks great,1047
JPEGMAFIA,Alternative,2017 denzel super skinny 2018 denzel big boy,212
JPEGMAFIA,Alternative,probably nastiest jumpins ive ever heard need work together,20
JPEGMAFIA,Alternative,producers much agression want video denzel jpegmafia yes zilla enough,1605
JPEGMAFIA,Alternative,zillakamis performance incredible,205
JPEGMAFIA,Alternative,denzel peggy zilla like holy trinity underratedness,726
JPEGMAFIA,Alternative,yandere sim lmaooo,110
JPEGMAFIA,Alternative,201 zillakami walked yall knew time,1170
JPEGMAFIA,Alternative,rappers song mad underrated,4967
JPEGMAFIA,Alternative,lol thumbnail look like denzel got revealed smash ultimate,967
JPEGMAFIA,Alternative,bro really super smash bros intro,14
JPEGMAFIA,Alternative,anime club decides make music video,3078
JPEGMAFIA,Alternative,honestly never thought see yandere simulator music video,305
JPEGMAFIA,Alternative,one talking underrated outro,2212
JPEGMAFIA,Alternative,122 fucking good man,16
JPEGMAFIA,Alternative,everybody talking underrated zillakami nobody mention fire jpegmafia,3387
JPEGMAFIA,Alternative,love sequel clout cobain sense like character video died afterlife hes haunting torturing ringmaster circus also crazy dead body laying sidewalk people filming phones smh like happened xxx curry really roll album year contender doubt,2457
JPEGMAFIA,Alternative,zillakami looks ready rule seas,2689
JPEGMAFIA,Alternative,cab drivers verse killed,243
JPEGMAFIA,Alternative,zillakami looks like denzel currys evil twin brother,152
JPEGMAFIA,Alternative,zilla killing always best freshman,3907
JPEGMAFIA,Alternative,sound like denzel different emotions,2251
JPEGMAFIA,Alternative,swear god zillas verse straight fire,684
JPEGMAFIA,Alternative,need denzel zillakami,473
JPEGMAFIA,Alternative,released two years ago zillakami jail murdering innocent beat,48
JPEGMAFIA,Alternative,honestly shocked isnt appreciation jpegs verse shit hard,694
JPEGMAFIA,Alternative,zilla waiting turn zilla turn,435
JPEGMAFIA,Alternative,6ix9ine snitches zillakami gonna start war 6ix9ine stays silent,1150
JPEGMAFIA,Alternative,fam song aged like wine get,3
JPEGMAFIA,Alternative,zilla denzels evil brother,3996
JPEGMAFIA,Alternative,people need stop sleeping denzel curry,1198
JPEGMAFIA,Alternative,denzel curry confirmed super smash bros edit thanks guys likes,366
JPEGMAFIA,Alternative,reference chop propr boyz goes fucking hard 042,1
JPEGMAFIA,Alternative,denzel curry underrated legend,2540
JPEGMAFIA,Alternative,sorry dislikes probably neighbours,542
JPEGMAFIA,Alternative,babe come dead parents arent home 010,335
JPEGMAFIA,Alternative,bro fun must making damn music video,257
JPEGMAFIA,Alternative,would pay denzel curry jpegmafia collab album,2819
JPEGMAFIA,Alternative,denzel never gets oneupped track think zilla stole show one,1341
JPEGMAFIA,Alternative,never thought see zilla jpeg track,1584
JPEGMAFIA,Alternative,056 timmy south park,21
JPEGMAFIA,Alternative,think safe say denzel found sound,161
JPEGMAFIA,Alternative,thought zilla denzel different voice listening spotify,2505
JPEGMAFIA,Alternative,video makes much sense watching black balloons video,2990
JPEGMAFIA,Alternative,song made wanna jpegs catalog,3
JPEGMAFIA,Alternative,ta13oo 100 album year contender,7156
JPEGMAFIA,Alternative,cant believe zillakami,410
JPEGMAFIA,Alternative,wish people would talk good peggys verse,1899
JPEGMAFIA,Alternative,cant get jpegs verse head killed hard,269
JPEGMAFIA,Alternative,surprised nobody talking little beat switch end,1201
JPEGMAFIA,Alternative,zilla savage finna start saying obamas last name,245
JPEGMAFIA,Alternative,looks like denzel escaped circus hes taking revenge ringmaster end see somehow pablo escobar involved,802
JPEGMAFIA,Alternative,good zilla absolutely killed one dont stand chance,113
JPEGMAFIA,Alternative,zillakami gave intriguing body language song sync music engaged,309
JPEGMAFIA,Alternative,zel gave serial killer vibe obviously jpeg gave street vibe zilla gave african warlordpirate vibe,188
JPEGMAFIA,Alternative,perfect role zillakami denzel know,601
JPEGMAFIA,Alternative,cap jpegmafia killed,100
JPEGMAFIA,Alternative,literally hopped pornhub guys group chemistry amazing,309
JPEGMAFIA,Alternative,ive watched zillakami slowly evolve scary good way,178
JPEGMAFIA,Alternative,zilla unique flow still day hes still underrated bruh,154
JPEGMAFIA,Alternative,editing point denzel zillakami animated jpegmafia static transition scene scene persons scene different way getting revenge personalities video song album great,463
JPEGMAFIA,Alternative,editor kind effects want denzel _yes_,366
JPEGMAFIA,Alternative,nasty taxi driver,1
JPEGMAFIA,Alternative,zilla looking like black jack sparrow,412
JPEGMAFIA,Alternative,track went trippy horror trap pure bliss,307
JPEGMAFIA,Alternative,probably fav zilla part energy crazy,6
JPEGMAFIA,Alternative,zillakami gonna get recognition deserves soon,341
JPEGMAFIA,Alternative,zillakami looking like antichrist,93
JPEGMAFIA,Alternative,one creative rappers day needs recognition swear,583
JPEGMAFIA,Alternative,029 ive never heard anybody start verse like lmao dude dope,11
JPEGMAFIA,Alternative,peggys verse underrated honestly one best rappers right glad got recognition,790
JPEGMAFIA,Alternative,need full album three,1396
JPEGMAFIA,Alternative,hell playing yandre simulator,1990
JPEGMAFIA,Alternative,denzel zilla need make stuff together man,68
JPEGMAFIA,Alternative,crazy utterly amazing video hard denzels verse hard jpegs verse hard zillas verse hard,459
JPEGMAFIA,Alternative,knew zilla gonna murder track verse lit,236
JPEGMAFIA,Alternative,guys collaborations styles match well,39
JPEGMAFIA,Alternative,somebody gotta say daaaaaamnn peggy,237
JPEGMAFIA,Alternative,want full version end song repeat,17
JPEGMAFIA,Alternative,nostalgia denzel gets talented gets older much respect selling,71
JPEGMAFIA,Alternative,ever realized zillakamis name japanese lizard god godzilla backwards,628
JPEGMAFIA,Alternative,glad see peggy spotlight despite happened viper diss,131
JPEGMAFIA,Alternative,song special ridiculous,11
JPEGMAFIA,Alternative,bruh gotta produce bangers barely use phone,122
JPEGMAFIA,Alternative,honestly think zel going make music video acts clearly going continue story clout cobain video grey act kills video vengeance music video dark act goes ringleader clout cobain video since end song becomes peaceful lead song light act album,488
JPEGMAFIA,Alternative,like zillakami goat,2757
JPEGMAFIA,Alternative,yall finally wakin zel yvll f1nvlly wvk1n zxl,220
JPEGMAFIA,Alternative,peggy one hard still melodic,672
JPEGMAFIA,Alternative,zilla denzel could collab often lool,524
JPEGMAFIA,Alternative,listened back didnt even know peggy time flies,4
JPEGMAFIA,Alternative,needs much attention music makes,319
JPEGMAFIA,Alternative,denzel curry deserves considered within todays top tier rappers ta13oo crazy message theme lyricism production replayability,459
JPEGMAFIA,Alternative,real know zillakami sosmula,449
JPEGMAFIA,Alternative,213 knew zilla screamed aye hold ooonnnnn,774
JPEGMAFIA,Alternative,gonna act like jpegmafias verse wasnt fire,194
JPEGMAFIA,Alternative,nobody denzel flexing hawaii necklace 304,22
JPEGMAFIA,Alternative,016 027 appreciate editor please,321
JPEGMAFIA,Alternative,man really cant make bad song,372
JPEGMAFIA,Alternative,underrated fifth degree,97
JPEGMAFIA,Alternative,dude thought banger came recently freddie dredd wtf,1
JPEGMAFIA,Alternative,zillakami one unique voices game cant wait see far goes able say ive start,384
JPEGMAFIA,Alternative,guy theyre torturing ring master clout cobain nobody noticed,226
JPEGMAFIA,Alternative,zilla verse fire asl people sleeping three,539
JPEGMAFIA,Alternative,came back zillas verse went hard imagined like,9
JPEGMAFIA,Alternative,watch vids order black balloons clout cobain vengeance,568
JPEGMAFIA,Alternative,347 noticed red moon blood blood cover,392
JPEGMAFIA,Alternative,dont shleepin homie zillakami mad potential,277
JPEGMAFIA,Alternative,evil twin bleach draino please forgive vengeance every song zilla denzel absolute hit,11
JPEGMAFIA,Alternative,denzel curry spends holidays,82
JPEGMAFIA,Alternative,zilla gangster jack sparrow ngl,55
JPEGMAFIA,Alternative,dang got pablo escobar music video,256
JPEGMAFIA,Alternative,want known always liked peggys verse,6
JPEGMAFIA,Alternative,denzel zillakami looks like brothers,74
JPEGMAFIA,Alternative,editordenzel kinda effects want denzel yes,630
JPEGMAFIA,Alternative,_odd peggy jpegmafia look alike_,593
JPEGMAFIA,Alternative,someone get jpegmafia yandere sim instant,4
JPEGMAFIA,Alternative,zilla showed beast,149
JPEGMAFIA,Alternative,like denzel curry better lil xan,8389
JPEGMAFIA,Alternative,outro fucking good never realized signified could taken one two ways crazedobsessive person chasing someone either lovedor someone random like serial perspective signifying mirror could talking someone dead looking mirror reflection load gun kill smiling excited finally see person catch moonlight catch side,168
JPEGMAFIA,Alternative,black balloons singing contract living life clout cobain shows contract deal keeping slave kills vengeance gets revenge life,729
JPEGMAFIA,Alternative,hardest song album hope blows,138
JPEGMAFIA,Alternative,holy third verse,52
JPEGMAFIA,Alternative,love excited zilla looks comes wardog,12
JPEGMAFIA,Alternative,omg realized video starts end clout cobain,487
JPEGMAFIA,Alternative,jpeg pretty strange dude complaining tho,458
JPEGMAFIA,Alternative,friend bro play fire _me_ takes aux _me_ puts literally denzel song,64
JPEGMAFIA,Alternative,years later song still goes hardest,9
JPEGMAFIA,Alternative,zillakami wtf next,511
JPEGMAFIA,Alternative,zillakami sounds like evil version denzel curry,196
JPEGMAFIA,Alternative,denzel yandere sim music video still fire,297
JPEGMAFIA,Alternative,mythical homepage pull,3
JPEGMAFIA,Alternative,zillakami goes hard,51
JPEGMAFIA,Alternative,zilla talented asf flow tough,702
JPEGMAFIA,Alternative,everybody talks denzel song yandere simulator,339
JPEGMAFIA,Alternative,peggy dressed like emotional teen 2000s,11
JPEGMAFIA,Alternative,6ix9ine aint got nothing three lmao,1303
JPEGMAFIA,Alternative,zillas verse goes hard,112
JPEGMAFIA,Alternative,need music video mad got,126
JPEGMAFIA,Alternative,zilla killed shit city morgue denzel shit hard,166
JPEGMAFIA,Alternative,jpeg one without grills,120
JPEGMAFIA,Alternative,213 damn ive never head banged hard rap song,148
JPEGMAFIA,Alternative,three need another song together shit,54
JPEGMAFIA,Alternative,see thumbnail like,53
JPEGMAFIA,Alternative,zilla reminds even psychotic denzel,217
JPEGMAFIA,Alternative,zillakami denzel curry legends hopefully songs come together,190
JPEGMAFIA,Alternative,still cant get denzels verse,9
JPEGMAFIA,Alternative,denzel found peggy peggys favorite artist,39
JPEGMAFIA,Alternative,zillakami slaps dont sleep,119
JPEGMAFIA,Alternative,228 cant stop repeating part zilla,3
JPEGMAFIA,Alternative,denzel legit another level right glad song video,68
JPEGMAFIA,Alternative,first heard song highkey thought jpegmafia white lmao,728
JPEGMAFIA,Alternative,bet city morgue armed greek military,360
JPEGMAFIA,Alternative,ive always enjoyed never quite understand song ends cool jazzy aggressive hell three full minutes lol,19
JPEGMAFIA,Alternative,denzel curry already living legend one greatest rappers new generation,139
JPEGMAFIA,Alternative,song makes want put milk cornflakes bowl,207
JPEGMAFIA,Alternative,people sleeping jpegs verse,714
JPEGMAFIA,Alternative,till day couldnt find songs denzel oneupped feature like zillakami one,4
JPEGMAFIA,Alternative,115 aged well,12
JPEGMAFIA,Alternative,album made forgive parents work towards mending relationship years abuse neglect truly masterpiece love everything give album,26533
JPEGMAFIA,Alternative,melon type dude cry album time thinking fuckin cymbals strings layered enough,26014
JPEGMAFIA,Alternative,anthony would cold told joey give extra point making cry,50081
JPEGMAFIA,Alternative,anderson paak review stitches full tearing beautiful end whips light,23442
JPEGMAFIA,Alternative,joey great passionate guest stream able riff fantano call odd decisions complete asshole nice see,9464
JPEGMAFIA,Alternative,yes hate crying,58872
JPEGMAFIA,Alternative,didnt feel ego genuinely refreshing conversation,29394
JPEGMAFIA,Alternative,ive never seen anybody blush much,23406
JPEGMAFIA,Alternative,melon red like watermelon,2726
JPEGMAFIA,Alternative,aged much better drake meltdown,3315
JPEGMAFIA,Alternative,bro last album made cry hit hard fantano turned tomato,24715
JPEGMAFIA,Alternative,love hes really chill rating anthony give well,6847
JPEGMAFIA,Alternative,joey proving hes real one super confident able make joke nonetheless great guy,821
JPEGMAFIA,Alternative,everybody saying hes chill score 710 fucking good true 710 least even best things slightly flawed,7223
JPEGMAFIA,Alternative,honestly hilarious hindsight,3673
JPEGMAFIA,Alternative,wow went melon beet seconds bada,838
JPEGMAFIA,Alternative,say album beautiful make feel kind emotions still missing something production quality terms still feel unfinished cohesion wise said 710 album moves emotionally still probably deserves different category 910 thats poppy light,1475
JPEGMAFIA,Alternative,album cured cancer,12
JPEGMAFIA,Alternative,hes got point though lmao like crow looked usually kinda music made bawl eyes doesnt happen almost became one favourites anyways,1350
JPEGMAFIA,Alternative,anthony shed tears tylers song manifesto call get lost tears laughter,154
JPEGMAFIA,Alternative,survivors guilt make cry shit hit deep album least eyes,437
JPEGMAFIA,Alternative,037 way said hurt confused,633
JPEGMAFIA,Alternative,guy robot pretty cool,24
JPEGMAFIA,Alternative,fucking calling dude fucking calling gonna die omfg,28
JPEGMAFIA,Alternative,vibe doctor saved live,3
JPEGMAFIA,Alternative,correct answer mac miller never forget cried mac miller last person joey made cry,286
JPEGMAFIA,Alternative,partied joey pro era back 2010s insane see far hes gone since keep balling man life,116
JPEGMAFIA,Alternative,know blushing kicking feet camera,12
JPEGMAFIA,Alternative,heard joey talking albums made anthony cry immediately thought mac millers circles,30
JPEGMAFIA,Alternative,favorite melon interaction time,25
JPEGMAFIA,Alternative,107 like weezer,30
JPEGMAFIA,Alternative,bro joey seem fun hangout,12
JPEGMAFIA,Alternative,album incredible think gonna get even better time,363
JPEGMAFIA,Alternative,know would hilarious fantano said give extra points thats,19
JPEGMAFIA,Alternative,obligatory phrase whos beef,57
JPEGMAFIA,Alternative,best part seeing melon cracking despite standing opinion aware bullshit beautiful,115
JPEGMAFIA,Alternative,joeys music makes shed tear everytime putting shoes losing brother thought could help sometimes cant,54
JPEGMAFIA,Alternative,see genuinely happy comment saying calling made feel whole mood switch nice,24
JPEGMAFIA,Alternative,fair play joey much respect funny love guy,52
JPEGMAFIA,Alternative,036 mothafucka smoothness samuel jackson,24
JPEGMAFIA,Alternative,shit changed life feeling light loved life,1
JPEGMAFIA,Alternative,anthony blushing tho tripping,219
JPEGMAFIA,Alternative,cried paaks ventura album last track mac millers good news joeys survivor guilt,7569
JPEGMAFIA,Alternative,love artists bargain scores jest joey good sport,17
JPEGMAFIA,Alternative,made want listen cataalouge,35
JPEGMAFIA,Alternative,hes flustered sight joey shitty cam,1
JPEGMAFIA,Alternative,true tho watch movie tear extra points instantly review,88
JPEGMAFIA,Alternative,wouldve titled pimp survivors guilt,3
JPEGMAFIA,Alternative,leon robot fucking legend,4
JPEGMAFIA,Alternative,reminder fantano gave sexy red strong,37
JPEGMAFIA,Alternative,clip textbook definition blushing,39
JPEGMAFIA,Alternative,reminds dunkey video jokes fantanos album scoring,3
JPEGMAFIA,Alternative,judged improv competition joke gave someone yelled hard show nearly panic attack fyi stakes competition college show audience members,54
JPEGMAFIA,Alternative,best album year even close album masterpiece production songwriting impact delivery actual story line content like joey really made better tape personal top last couple years,210
JPEGMAFIA,Alternative,come back video every check back,7
JPEGMAFIA,Alternative,man legend wholesome,24
JPEGMAFIA,Alternative,count one hand yee almost like number,3
JPEGMAFIA,Alternative,always find cute rap community embraced anthony fantano,4
JPEGMAFIA,Alternative,music bout feeling amd hate feeling eyes gets wet,3
JPEGMAFIA,Alternative,joey hit men black flashbang dont answer,4
JPEGMAFIA,Alternative,rooting cuz always,8
JPEGMAFIA,Alternative,fantanos defense heard fantastic songs wack albums,7
JPEGMAFIA,Alternative,favorite bar top,2
JPEGMAFIA,Alternative,someone send boi drizzy,4
JPEGMAFIA,Alternative,see drake people dont take shit serious,13
JPEGMAFIA,Alternative,ive never listened joey gonna check music always feeling many artists lost way one,115
JPEGMAFIA,Alternative,one genuine artists time also chill dude,21
JPEGMAFIA,Alternative,man mad props joey fantano agree disagree ratings hes studious passionate,14
JPEGMAFIA,Alternative,good reminder rappers artists understand critic dont call haters fair takes,6
JPEGMAFIA,Alternative,joey goat respect,13
JPEGMAFIA,Alternative,never listened music know leon robot show looks geniuine funny chill,3
JPEGMAFIA,Alternative,tano didnt give joey extra points making cry give joey extra points making smile,13
JPEGMAFIA,Alternative,gave album even though made cry like little baby reason barbara,1
JPEGMAFIA,Alternative,oddly wholesome man,3
JPEGMAFIA,Alternative,joey baffled fantano cried album gave genuine conversation two lmao,4
JPEGMAFIA,Alternative,joey underrated artist time actor musician,9
JPEGMAFIA,Alternative,really high ass score fonteno,9
JPEGMAFIA,Alternative,man looked like dave chappelle,2
JPEGMAFIA,Alternative,ive never heard joey love funny eloquent god,4
JPEGMAFIA,Alternative,album hes referring closing track ventura anderson paak right,84
JPEGMAFIA,Alternative,guess melon really saying joeys album really decent tears bumped light,13
JPEGMAFIA,Alternative,little know already extra points making fantano cry,1
JPEGMAFIA,Alternative,bro litterally score dirty mac millers last album,1
JPEGMAFIA,Alternative,joey doesnt realize anthony crying song bumped score,11
JPEGMAFIA,Alternative,anthony red face wth,9
JPEGMAFIA,Alternative,track hes talking rip die lit case anyone wondering,49
JPEGMAFIA,Alternative,deadass crying song giving low rating insane,1
JPEGMAFIA,Alternative,joey seems like genuine dude like lot,2
JPEGMAFIA,Alternative,two hilarious together,7
JPEGMAFIA,Alternative,hes literally dude robot lol,4
JPEGMAFIA,Alternative,love joey bro hes genuine dude,3
JPEGMAFIA,Alternative,wish friend joey tbh hes mad chill,1
JPEGMAFIA,Alternative,top lol love joey really played huge part keeping lyricism alive hip hop especially inspiring younger cats underrated sho,7
JPEGMAFIA,Alternative,point fantano care actually rating music gives albums scores solely piss people hates get brownie points people likes,3
JPEGMAFIA,Alternative,guess hes trying objective reviews thats case problem comes music never truly objective always subjective matter regardless attempts correct bias never get fully unbiased stance creation wish critics would lay feelings table instead trying reach percieved level professionalism,13
JPEGMAFIA,Alternative,never seen man blush much fantano video hes straight strawberry,1
JPEGMAFIA,Alternative,know said top two aint two got one thought one one drake,2
JPEGMAFIA,Alternative,mac miller made melon cry far anderson paak joey bada gave tears well remember paak joey made music mac rest easy legend,4
JPEGMAFIA,Alternative,musician hes wrong,10
JPEGMAFIA,Alternative,lmfao melon got blush girls makeup,3
JPEGMAFIA,Alternative,yeah thats least bonus,1
JPEGMAFIA,Alternative,tbf consistent give consistency light,1
JPEGMAFIA,Alternative,bro actually point,5
JPEGMAFIA,Alternative,anthony said theres another album gave made cry immediately think carrie lowell,22
JPEGMAFIA,Alternative,theyre talking joeys newest album 2000 honest yeah heartfelt beautifully produced rap record also probably 710 think 1999 standouts even though hes obviously improved basically every aspect craft since,12
JPEGMAFIA,Alternative,dont even listen understand music reviewers funny watch,2
JPEGMAFIA,Alternative,never thought would like ive listened 2000 lot morale,2
JPEGMAFIA,Alternative,crying bonus points cant laughter mgk project genuine sad,3
JPEGMAFIA,Alternative,get extra points extra points light,10
JPEGMAFIA,Alternative,anything would make man cry,1
JPEGMAFIA,Alternative,yoooo thats leon robot love guy,2
JPEGMAFIA,Alternative,new rating culture people hype hell something give mid rating beyond,3
JPEGMAFIA,Alternative,lowkey need podcast two alone talking,3
JPEGMAFIA,Alternative,joey surprisingly chill lmao,10
JPEGMAFIA,Alternative,yes crying bumped,1
JPEGMAFIA,Alternative,sexy reds wack album higher gave high,4
JPEGMAFIA,Alternative,joey badass badass,20
JPEGMAFIA,Alternative,scale music strict dave portnoys pizza good,2
JPEGMAFIA,Alternative,really went melon tomato,0
JPEGMAFIA,Alternative,made sob give sobbing weeping ruined melody,1
JPEGMAFIA,Alternative,know anthony wanted defend review didnt start yelling hard joey,5
JPEGMAFIA,Alternative,true joey anthony cried copious amounts tears listening eminems albums anthony even cries hard hyperventilates listening tom macdonald,287
JPEGMAFIA,Alternative,cry listened fetus amine injury reserve,5
JPEGMAFIA,Alternative,proved fan anything else acting like member comment section genius respect,11
JPEGMAFIA,Alternative,joey joey joey bad ass joey joey joey,1
JPEGMAFIA,Alternative,melons face looks extra ripe today,2
JPEGMAFIA,Alternative,fact joey thanks fantano giving platform lets know hes tuned years even status incredibly real class act badmon,6
JPEGMAFIA,Alternative,deserve extra points making cry livestream cant disagree,3
JPEGMAFIA,Alternative,fair cried one song whole album,3
JPEGMAFIA,Alternative,joey trying get,1
JPEGMAFIA,Alternative,thats take review grace humility,1
JPEGMAFIA,Alternative,get extra pointsss,3
JPEGMAFIA,Alternative,fantano actually posted clip insta anderson paak commented calling thing ventura review,3
JPEGMAFIA,Alternative,anthony least credible dude critic music people care opinion first place,3
JPEGMAFIA,Alternative,joey bada dollar sign dollar sign,1
JPEGMAFIA,Alternative,anthony crying good news mac miller wholesome anything get,2
JPEGMAFIA,Alternative,guy constantly says crazy things twitter acts different lol,3
JPEGMAFIA,Alternative,told joey album got waterworks,4
JPEGMAFIA,Alternative,joey badass kid begging extra credit teacher,4
JPEGMAFIA,Alternative,joey real respectful love forever bada,1
JPEGMAFIA,Alternative,sounds like internet reviews says loved product give star,2
JPEGMAFIA,Alternative,believe cried listening mac millers last album dont think theres anyone could listen album without crying,31
JPEGMAFIA,Alternative,unironically song manages make cry whole album,26
JPEGMAFIA,Alternative,give something means highest praise nothing could better thats legitimate critic would give something say greatest ever ever,4
JPEGMAFIA,Alternative,liked man 1st dropped mixtape damn good cut imo,1
JPEGMAFIA,Alternative,fantano shawn cee usually dont give good ratings albums ive seen,5
JPEGMAFIA,Alternative,think fantano isnt great rating shit dude much bias people ride cause hes articulate mistake good takes,5
JPEGMAFIA,Alternative,eyes made cry,1
JPEGMAFIA,Alternative,joey outrolled troll,2
JPEGMAFIA,Alternative,almost people enjoy critique music differently,3
JPEGMAFIA,Alternative,113 talk tuah,5
JPEGMAFIA,Alternative,joey robot insane good,1
JPEGMAFIA,Alternative,love goofy mad,1
JPEGMAFIA,Alternative,vultures well gave fantano mental breakdown,6
JPEGMAFIA,Alternative,hes right though gunna cry like little girl music nerve give lol music made cry must impactful shit,3
JPEGMAFIA,Alternative,cried uncle touched still rated,4
JPEGMAFIA,Alternative,remember nigga joey got mad sony send ps5 came cuz sending artists one,2
JPEGMAFIA,Alternative,buddy blushing like,1
JPEGMAFIA,Alternative,fantano wrong often wild guess thats subjective media yah,4
JPEGMAFIA,Alternative,joey one favorite artists people,1
JPEGMAFIA,Alternative,joey bada right real thats extra points,1
JPEGMAFIA,Alternative,fantano horrible rating ngl,5
JPEGMAFIA,Alternative,anthony redder tomato,1
JPEGMAFIA,Alternative,left field joey favorite part robot,2
JPEGMAFIA,Alternative,joey proving guys reviews arent accurate hense calling clowning cause makes content peoples work acting like hes gatekeeper game,4
JPEGMAFIA,Alternative,fantanos opinion meaningless always wrong cause nerd,3
JPEGMAFIA,Alternative,thats right deserves called acting like music god ultimate judge worst reviewer anything,3
JPEGMAFIA,Alternative,didnt know leon decided stop working whiterose make music,2
JPEGMAFIA,Alternative,feeling something sounding cool,1
JPEGMAFIA,Alternative,fantano isnt genuine thats dont like hot takes engagement knows everyone else knows game plays,10
JPEGMAFIA,Alternative,fantano embarrassment music music community general,4
JPEGMAFIA,Alternative,anderson paak mac miller joey bada,1
JPEGMAFIA,Alternative,fair fantano kind cry baby,3
JPEGMAFIA,Alternative,professional hater cool cried album gave shows unauthentic opinion gives,3
JPEGMAFIA,Alternative,thats much slices,0
JPEGMAFIA,Alternative,melon flushin giggling,0
JPEGMAFIA,Alternative,point rap song ever cried kanye song mom one first albums forgot name,2
JPEGMAFIA,Alternative,comedy mostly timing awesome,2
JPEGMAFIA,Alternative,anthony gave homeless mustard higher rating clowns opinions ones ever seen somehow objectively incorrect,1
JPEGMAFIA,Alternative,weezers human made fantano cry gave,2
JPEGMAFIA,Alternative,cried mid dookie album,4
JPEGMAFIA,Alternative,aye scared money dont make money,3
A$AP Rocky,Alternative,whoever animated top craft,30500
A$AP Rocky,Alternative,saying idea much hard work went,20747
A$AP Rocky,Alternative,ps2 graphics crazy,17614
A$AP Rocky,Alternative,garbage peak art,995
A$AP Rocky,Alternative,give animators fckin raise artttt,7668
A$AP Rocky,Alternative,already know going gta radio,4114
A$AP Rocky,Alternative,rip oliver tree music video seems like revel,13
A$AP Rocky,Alternative,wanted rap rocky damn,7174
A$AP Rocky,Alternative,rockys music videos creative hes getting allegations,6677
A$AP Rocky,Alternative,guy casually drops coolest music videos ever way years effortlessly,4048
A$AP Rocky,Alternative,corridor sent awesome,375
A$AP Rocky,Alternative,song better gta radio,3608
A$AP Rocky,Alternative,dont dumb almost years,3393
A$AP Rocky,Alternative,gaussian splatting music videos daaaamn,71
A$AP Rocky,Alternative,rockys brain studied dawg,3259
A$AP Rocky,Alternative,one thing sure asap rocky videos always next level,1294
A$AP Rocky,Alternative,gta soundtrack certified,736
A$AP Rocky,Alternative,145 shadow wizard money gang,44
A$AP Rocky,Alternative,used pray times like,1309
A$AP Rocky,Alternative,dear lord cant even imagine youd shoot edit entire acid trip fucking,962
A$AP Rocky,Alternative,whoever animated called mrafter effect,9
A$AP Rocky,Alternative,schoolboy would crazy,1604
A$AP Rocky,Alternative,played toyota helicopter,1583
A$AP Rocky,Alternative,right amount cowbell,1057
A$AP Rocky,Alternative,shout corridor crew featuring visual effects artists react,20
A$AP Rocky,Alternative,need 014 intro official spotify release cinematic,611
A$AP Rocky,Alternative,rocky makes sure visuals always point awge,490
A$AP Rocky,Alternative,everybody praising video rap lit well,1099
A$AP Rocky,Alternative,256 oliver tree sighting,2
A$AP Rocky,Alternative,anyone thinks replicate creativity dense individuals lmao,661
A$AP Rocky,Alternative,got asap rocky music video gta graphics gta,362
A$AP Rocky,Alternative,say want rocky vision visuals always hits,267
A$AP Rocky,Alternative,take white tee spin like helicopter,29
A$AP Rocky,Alternative,asap rockyquality quantity,372
A$AP Rocky,Alternative,fun factthis cgi rocky make stuff like,618
A$AP Rocky,Alternative,creativity asap rocky,531
A$AP Rocky,Alternative,people say say dont dumb,18
A$AP Rocky,Alternative,album waited long became historical event,384
A$AP Rocky,Alternative,swear gta cant prove,547
A$AP Rocky,Alternative,nah albums generational,274
A$AP Rocky,Alternative,skepta would body,1217
A$AP Rocky,Alternative,damn salute editor,202
A$AP Rocky,Alternative,corridor introduced new song ill bumpin work,11
A$AP Rocky,Alternative,bro outdo every timee,173
A$AP Rocky,Alternative,cant stop watching omfg,124
A$AP Rocky,Alternative,swear grammy winning right,11
A$AP Rocky,Alternative,came tim burton,1150
A$AP Rocky,Alternative,aint dont dumb rocky,133
A$AP Rocky,Alternative,people really thinking clearly created blender,478
A$AP Rocky,Alternative,151 way took money bags floated away,1
A$AP Rocky,Alternative,asap rocky music video creative one time yes,182
A$AP Rocky,Alternative,january already tell one favourite music videos 2026 crazy visuals,128
A$AP Rocky,Alternative,aap rocky letting yall know success aint destination influence dont dumb,73
A$AP Rocky,Alternative,boi old skool went def jam ps2 animation views day promo fuking diabolical,192
A$AP Rocky,Alternative,258 rip aap rocky,466
A$AP Rocky,Alternative,030 even rockys music video news slide quick lie,219
A$AP Rocky,Alternative,rocky king visuals,309
A$AP Rocky,Alternative,242 waaaay buuuurrrned oooouutiykyk,224
A$AP Rocky,Alternative,aap return avengers doomsday,303
A$AP Rocky,Alternative,managing fit decades sounds visuals one cohesive piece probably exactly hip hop needed,60
A$AP Rocky,Alternative,album year calling,147
A$AP Rocky,Alternative,everyone talks rocky rapper directing skills music videos also peak,83
A$AP Rocky,Alternative,shame people dont know difference pure craft smh,2
A$AP Rocky,Alternative,helicopter lights blinkpeakkkkkk 036,607
A$AP Rocky,Alternative,took time marinated came crushing man hip hop,120
A$AP Rocky,Alternative,expect aap rocky fall die end music video,232
A$AP Rocky,Alternative,rocky addressing comment section album name,29
A$AP Rocky,Alternative,best hip hop video editor year 2026,2
A$AP Rocky,Alternative,album boutta generational,96
A$AP Rocky,Alternative,took years forgotten years come,138
A$AP Rocky,Alternative,yoo remembers battlebots,153
A$AP Rocky,Alternative,afraid might album year,2
A$AP Rocky,Alternative,dude aap rocky level,35
A$AP Rocky,Alternative,new copter new copter new copter,293
A$AP Rocky,Alternative,music video insane song also banger wow excited ever dont dumb,80
A$AP Rocky,Alternative,definitely makes people trip,1
A$AP Rocky,Alternative,looks like ps1ps2 video game,178
A$AP Rocky,Alternative,2026 1990s basslines,34
A$AP Rocky,Alternative,would hard live,1
A$AP Rocky,Alternative,118 peak scene,124
A$AP Rocky,Alternative,cannot replicate creative,30
A$AP Rocky,Alternative,always pray moments like,40
A$AP Rocky,Alternative,moment weve waiting,62
A$AP Rocky,Alternative,aap rocky tim burton pair never would guessed blessed,13
A$AP Rocky,Alternative,first time life happy carti song,31
A$AP Rocky,Alternative,agree one video rocky still blueprint,30
A$AP Rocky,Alternative,047 seconds neck broken,28
A$AP Rocky,Alternative,minute since ive much excitement new album drop helicopter boutta slap,64
A$AP Rocky,Alternative,set perm perm set,2
A$AP Rocky,Alternative,yoh playing 4th time,35
A$AP Rocky,Alternative,real music video lol,55
A$AP Rocky,Alternative,wish homie alive,35
A$AP Rocky,Alternative,aap rocky helicopter gta6,11
A$AP Rocky,Alternative,asap rockys visuals something else,20
A$AP Rocky,Alternative,rockey fanbut hotwell written,75
A$AP Rocky,Alternative,030 say album coming,122
A$AP Rocky,Alternative,056 robot wars reference crazy,163
A$AP Rocky,Alternative,pluto needa drop sun skreets hungry,1
A$AP Rocky,Alternative,got dont dumb gta,124
A$AP Rocky,Alternative,dropping right walking work hella dope,23
A$AP Rocky,Alternative,040 insane beat,128
A$AP Rocky,Alternative,love bass sound,75
A$AP Rocky,Alternative,carti verse gone sad,30
A$AP Rocky,Alternative,knew carti verse good true,252
A$AP Rocky,Alternative,lets fans lets gather,59
A$AP Rocky,Alternative,aura many different ways,1
A$AP Rocky,Alternative,need bts created fucking amazing,47
A$AP Rocky,Alternative,hell yeah asap rocky starting year right,19
A$AP Rocky,Alternative,227 leaks gta,26
A$AP Rocky,Alternative,007 banger already,14
A$AP Rocky,Alternative,hiphop gimme bars gimme visuals make feel cool watching shit,66
A$AP Rocky,Alternative,whos excited new asap album,19
A$AP Rocky,Alternative,animator needs raise,28
A$AP Rocky,Alternative,new rocky got high,25
A$AP Rocky,Alternative,rocky never misses comes visuals whoever animations music video needs rest rockys videos forever,7
A$AP Rocky,Alternative,258 thats gore thats gore comfort character,43
A$AP Rocky,Alternative,man always changes game music video creativity,11
A$AP Rocky,Alternative,damn rocky sht crazy,5
A$AP Rocky,Alternative,asap rocky got creative videos ever,7
A$AP Rocky,Alternative,210 crazy artist inspirational best 2026,108
A$AP Rocky,Alternative,best safety video ever,8
A$AP Rocky,Alternative,beat flow visuals moving like helicopter,0
A$AP Rocky,Alternative,album aint music art,77
A$AP Rocky,Alternative,since 2011 nobody defeated rocky visuals,14
A$AP Rocky,Alternative,aoty already live long,20
A$AP Rocky,Alternative,knew song best snippet,14
A$AP Rocky,Alternative,asap shoots music videos hard,11
A$AP Rocky,Alternative,revolution closer ever dont stupid,42
A$AP Rocky,Alternative,hardest song album,4
A$AP Rocky,Alternative,wasnt album rollout patience test,8
A$AP Rocky,Alternative,fucking years almost fam,4
A$AP Rocky,Alternative,dont dumb going album year,10
A$AP Rocky,Alternative,rocky spazzed beat slaps tko,1
A$AP Rocky,Alternative,long remember r0cky puts dope amazing visuals music fore,20
A$AP Rocky,Alternative,better put honor album,46
A$AP Rocky,Alternative,example human uniqueness,5
A$AP Rocky,Alternative,need album rocky,9
A$AP Rocky,Alternative,video praise lord top notch,5
A$AP Rocky,Alternative,latest album hittzzzz,1
A$AP Rocky,Alternative,helicopter montage end really epic geeking bedroom alone aap king visuals,9
A$AP Rocky,Alternative,149 among rocky music video doesnt expect,45
A$AP Rocky,Alternative,looks could mtv,6
A$AP Rocky,Alternative,asap looking like big worm,2
A$AP Rocky,Alternative,dont dumb gon album year even single miss,12
A$AP Rocky,Alternative,demanding music video ive ever seen probably time album crazy,5
A$AP Rocky,Alternative,best video 2026,5
A$AP Rocky,Alternative,damn rip asap 300,67
A$AP Rocky,Alternative,always strive prosper rip asap yams,16
A$AP Rocky,Alternative,wait technology enters gaming scene games gonna look amazing,1
A$AP Rocky,Alternative,fire album gonna peak,14
A$AP Rocky,Alternative,ferg would hard,6
A$AP Rocky,Alternative,asap rocky back,2
A$AP Rocky,Alternative,carti feature att,12
A$AP Rocky,Alternative,cant wait whole album,14
A$AP Rocky,Alternative,single year dont dumb,19
A$AP Rocky,Alternative,gotta puppet combo inspired,29
A$AP Rocky,Alternative,nah actually need bts video ong,5
A$AP Rocky,Alternative,rocky carrying year letsss goooooo,11
A$AP Rocky,Alternative,know editor loved garrys mod growing,5
A$AP Rocky,Alternative,rocky always trendsetter,6
A$AP Rocky,Alternative,pray whoever reads god heals whatever hurting,11
A$AP Rocky,Alternative,yall know flocko aint playin,8
A$AP Rocky,Alternative,aap rocky mainstream rapper making good music consistently last years,1
A$AP Rocky,Alternative,ones gonna talk visuals move phone movement,3502
A$AP Rocky,Alternative,brent faiyaz stole show hes underrated,476
A$AP Rocky,Alternative,enjoy lasts finna platinum tiktok,6206
A$AP Rocky,Alternative,aap rocky rapping personal life great sounds beautiful,467
A$AP Rocky,Alternative,shit repeat fam january vibes,360
A$AP Rocky,Alternative,rocky brent faiyaz ken carson crazy,3096
A$AP Rocky,Alternative,man rip whoever didnt make drop,1901
A$AP Rocky,Alternative,anyone june 2026,14
A$AP Rocky,Alternative,likes quit smoking,4298
A$AP Rocky,Alternative,brent faiyaz genuinely underrated heavenly vocals,2142
A$AP Rocky,Alternative,touch rocky move around screen yall,52
A$AP Rocky,Alternative,immediately recognized sample brent sound perfect song one finna crazy people catch,430
A$AP Rocky,Alternative,hes right behind isnt,816
A$AP Rocky,Alternative,imagining whole movie scene listening lol,5
A$AP Rocky,Alternative,rip died 2025,882
A$AP Rocky,Alternative,must pretty chill person fav song album,828
A$AP Rocky,Alternative,ive never heard asap rocky song life muted type,8
A$AP Rocky,Alternative,mewtoo sample hard,910
A$AP Rocky,Alternative,anyone realized move visualizer,1086
A$AP Rocky,Alternative,listening every day every time every minute,2
A$AP Rocky,Alternative,thought playlist went back ken carson,357
A$AP Rocky,Alternative,old school rocky,277
A$AP Rocky,Alternative,asap yams wouldve loved song man rip toem asap 4lyfe,1
A$AP Rocky,Alternative,realizing ken beat sample video confused fun,241
A$AP Rocky,Alternative,rocky album hits different every track feels like visual movie scene hes rapping hes telling stories,99
A$AP Rocky,Alternative,hope performs concerts,11
A$AP Rocky,Alternative,thats heaven sounds bro,56
A$AP Rocky,Alternative,brent got feeling elevated,62
A$AP Rocky,Alternative,got tyler creator frank ocean type vibe,10
A$AP Rocky,Alternative,356 beat switch already iconic,250
A$AP Rocky,Alternative,best song album beautiful,261
A$AP Rocky,Alternative,beautiful dont leave alone anymore coming get though yeah,2
A$AP Rocky,Alternative,354 need become full song miss vibe asap,369
A$AP Rocky,Alternative,thought high touched screen,89
A$AP Rocky,Alternative,ken carson wrote crazy,15
A$AP Rocky,Alternative,song elements rocky brent fayiaz ken carson,138
A$AP Rocky,Alternative,221 flow catchy,282
A$AP Rocky,Alternative,screen going crazy,3
A$AP Rocky,Alternative,418 beatswitch got levitating,101
A$AP Rocky,Alternative,history finally made,70
A$AP Rocky,Alternative,type idea thissss,2
A$AP Rocky,Alternative,428 cant wait play hour long version part someone uploads lol,263
A$AP Rocky,Alternative,356 memphis part sooo fyeee,180
A$AP Rocky,Alternative,rocky isnt apple music yet,388
A$AP Rocky,Alternative,first thought michael singing absurd vocals brent,10
A$AP Rocky,Alternative,358 deserves song,54
A$AP Rocky,Alternative,southern inspired production rnb beautiful,25
A$AP Rocky,Alternative,dmn sht thats shii crazy aap moving thats peak,1
A$AP Rocky,Alternative,noticed cant see full screen manually move around cooolll,31
A$AP Rocky,Alternative,holy beat switch,43
A$AP Rocky,Alternative,brings tear eye knowing went finally hear album god real,28
A$AP Rocky,Alternative,showing love town people end chopped screwed sound end,24
A$AP Rocky,Alternative,hook soo addictive,15
A$AP Rocky,Alternative,declaring guys worthy years waiting,60
A$AP Rocky,Alternative,101 glad alive 2026,72
A$AP Rocky,Alternative,advice move phone following beat magical,1
A$AP Rocky,Alternative,357 cant played part shit fire feels like floating,224
A$AP Rocky,Alternative,hands best song album,18
A$AP Rocky,Alternative,version super hard,1
A$AP Rocky,Alternative,hitboy aap always iconic since goldie,37
A$AP Rocky,Alternative,aap brent ken carson sample expected,17
A$AP Rocky,Alternative,shoutout lil blunt memphis music never dies sample hitting,5
A$AP Rocky,Alternative,353 remembers roots aap always delivers,93
A$AP Rocky,Alternative,album took long worth tho,26
A$AP Rocky,Alternative,400 given three mafia vibes,180
A$AP Rocky,Alternative,triple beat switch insaneeee,18
A$AP Rocky,Alternative,put finger rocky move around screen,32
A$AP Rocky,Alternative,one gonna stay repeat sure,25
A$AP Rocky,Alternative,might song decade,20
A$AP Rocky,Alternative,easily favorite song album,17
A$AP Rocky,Alternative,wish could stay life wish could stay,20
A$AP Rocky,Alternative,took way long realize actually 360 video,35
A$AP Rocky,Alternative,2016 asap back,13
A$AP Rocky,Alternative,agree shouldve leading single album know rocky likes shake things experimental got salute hope get visual rihanna boy brent,51
A$AP Rocky,Alternative,brent makes song beautiful,12
A$AP Rocky,Alternative,soon heard brent chorus man knew gonna good wish could stay life,30
A$AP Rocky,Alternative,song hard two goats,2
A$AP Rocky,Alternative,nfs unbound man dropped,14
A$AP Rocky,Alternative,desmond scott brought,127
A$AP Rocky,Alternative,wish could stay felt shout rocky brent,3
A$AP Rocky,Alternative,calling best song album,21
A$AP Rocky,Alternative,chopped screwed part,9
A$AP Rocky,Alternative,2026 finna lit rocky cole dropping early year sheeeeeeeeesh,44
A$AP Rocky,Alternative,kento brentnow rocky even mad,29
A$AP Rocky,Alternative,dont dumb actually dropped,7
A$AP Rocky,Alternative,whoever responsible visuals surely hisher bagbcuz mean shake phone moves,9
A$AP Rocky,Alternative,favorite rapper multi,1
A$AP Rocky,Alternative,feel memphis infleunce nice,12
A$AP Rocky,Alternative,man brents voice heavenly,2
A$AP Rocky,Alternative,hitboy beat mixed asap brent makes feel euphoria like damn track good,2
A$AP Rocky,Alternative,born rappers killing streets lets get ready revel yall,2
A$AP Rocky,Alternative,rockys taste different man,8
A$AP Rocky,Alternative,best song album way brent aap intertwine beautiful ears pleased beat well,4
A$AP Rocky,Alternative,words rich spoken creating reality ancestors peace success guaranteed,1
A$AP Rocky,Alternative,lil blunt indo junt,3
A$AP Rocky,Alternative,song definitely gonna one popular songs album,7
A$AP Rocky,Alternative,hit boy definitely one beat makers ever walk planet,16
A$AP Rocky,Alternative,minutes 3rd 4th song even done yet pretty sure best song album,30
A$AP Rocky,Alternative,357 sounds like heaven,22
A$AP Rocky,Alternative,123 live long flacko,48
A$AP Rocky,Alternative,love section 358 much,14
A$AP Rocky,Alternative,asap still missed crazy production mixed flow voice changes style,7
A$AP Rocky,Alternative,bet people dont even know visuals move phone shiii,5
A$AP Rocky,Alternative,last part song stuck mind months,2
A$AP Rocky,Alternative,need icon album,5
A$AP Rocky,Alternative,wish could vibe,19
A$AP Rocky,Alternative,first seconds know banger,4
A$AP Rocky,Alternative,full moon finally drop used pray day like,7
A$AP Rocky,Alternative,149 enjoying beautiful song peru mad respect rocky,9
A$AP Rocky,Alternative,tough love rocky,11
A$AP Rocky,Alternative,end needs song,1
A$AP Rocky,Alternative,best song fosho,15
A$AP Rocky,Alternative,rocky knows ken next one,51
A$AP Rocky,Alternative,wish could stay life know fantasy,10
A$AP Rocky,Alternative,best song album imo,9
A$AP Rocky,Alternative,360 visual crazy,8
A$AP Rocky,Alternative,moving video insane,3
A$AP Rocky,Alternative,remembers tylers songs,7
A$AP Rocky,Alternative,havent heard heaven album dropped thank rocky,8
A$AP Rocky,Alternative,lil blunt sample indo lil blunt legendary,4
A$AP Rocky,Alternative,gracias rocky quiero más vieja,17
A$AP Rocky,Alternative,asap tyler pulling type sound,26
A$AP Rocky,Alternative,ive listening dropped still fire,1
A$AP Rocky,Alternative,rappers actually rap mumbling shit love rocky,7
A$AP Rocky,Alternative,song year thank rocky,6
A$AP Rocky,Alternative,sampling ken carson hell yeahhhh,10
A$AP Rocky,Alternative,visualizer moves swipe,5
A$AP Rocky,Alternative,world fall tokyo,6
A$AP Rocky,Alternative,best song album,5
A$AP Rocky,Alternative,visualizer goes hard,2
A$AP Rocky,Alternative,song makes wanna cry man,3
A$AP Rocky,Alternative,omg fell love song,1
A$AP Rocky,Alternative,made aap angry coz like,6
A$AP Rocky,Alternative,texas ending top tier,2
A$AP Rocky,Alternative,album perfect skips anyone think nobody copying flacco style buggin drake carti trav biting,7
A$AP Rocky,Alternative,personal favorite album,11
A$AP Rocky,Alternative,outside night vibez,6
A$AP Rocky,Alternative,love brent voice,6
A$AP Rocky,Alternative,great song god,2
A$AP Rocky,Alternative,like oldschool vibe,5
A$AP Rocky,Alternative,man song simply amazing,5
A$AP Rocky,Alternative,brent killed thiss,2
A$AP Rocky,Alternative,man really thought weeknd hook,5
A$AP Rocky,Alternative,also move visuals finger,4
A$AP Rocky,Alternative,thank jhope introducing perfect song,4
A$AP Rocky,Alternative,officially favorite song year,2
A$AP Rocky,Alternative,wish could stay,3
A$AP Rocky,Alternative,always trive prosper,17
A$AP Rocky,Alternative,touch screen use 360 view cool,2
A$AP Rocky,Alternative,brent faiyaz você insano,3
A$AP Rocky,Alternative,absolutely love love song,3
A$AP Rocky,Alternative,best song idc,4
A$AP Rocky,Alternative,finna crazy reels tiktoks,9
A$AP Rocky,Alternative,got old school harlem rocky sound,13
A$AP Rocky,Alternative,hardest emcee ever since,2
A$AP Rocky,Alternative,mewtwo sample clean,6
A$AP Rocky,Alternative,2nd part reminds chewing gum blood orange,13
A$AP Rocky,Alternative,commenting song blows tiktok smth top spotify wrapped proof bumping tiktok music listening first dropped,3
A$AP Rocky,Alternative,great experience anticipated album dont dumb,7
A$AP Rocky,Alternative,lets agree 100 million likes best song entire album majority fan base went alll way back long live aap queue,3
A$AP Rocky,Alternative,artists normalise 360 videos like cool,1
A$AP Rocky,Alternative,good man cant stop listening since time dropped,2
A$AP Rocky,Alternative,yepthats definitely rihanna saying know got 317 lbs,17
A$AP Rocky,Alternative,thank rocky done,4
A$AP Rocky,Alternative,gives weeknd vibes,4
A$AP Rocky,Alternative,weird era mixtapes slapped harder albums,712
A$AP Rocky,Alternative,fact spotify crime,745
A$AP Rocky,Alternative,one best mixtapes generation,2016
A$AP Rocky,Alternative,rocky aint ever gonna able top gotta start utilizing clams genius,1925
A$AP Rocky,Alternative,remember went see mac miller atlantic city dude named asap rocky opened said dropped mixtape preformed whole thing front back hate say stole show mac 100 asap,554
A$AP Rocky,Alternative,gonna considered old school couple years time flies,132
A$AP Rocky,Alternative,crazy mixtape skips,106
A$AP Rocky,Alternative,asap motivation best friend stoned,732
A$AP Rocky,Alternative,best music new school dropped period rawness street hip hop taken unique cloudrap direction,533
A$AP Rocky,Alternative,clams casino god status,763
A$AP Rocky,Alternative,rocky would back style even bit,93
A$AP Rocky,Alternative,clams casino need get back studio shit classic,275
A$AP Rocky,Alternative,sure classic psychedelic hiphop,400
A$AP Rocky,Alternative,forever best work,881
A$AP Rocky,Alternative,rocky going collab clammy clams theyre perfect duo,300
A$AP Rocky,Alternative,one greatest mixtapes ever come new york,151
A$AP Rocky,Alternative,came years ago man time fly almost hurts listen mixtape much memories,245
A$AP Rocky,Alternative,spittin straight fire couple bad btch double poppin dont give told,51
A$AP Rocky,Alternative,damn mixtape mean albums great forever best work whenever going hard times one rocky always ive hell back last years always gave motivation never give life give tomorrow chance better day truly fucking thankful able witness masterpiece like mixtape talented artist like rocky time alive ive listening ever since 2012 like every real fan wassup purple kisses always shit still favorites day liveloveaap,263
A$AP Rocky,Alternative,people talk five year old mixtape like really old shits still gleamin new son,74
A$AP Rocky,Alternative,never going get anything like impossible call hundred years thing love rocky,48
A$AP Rocky,Alternative,whos listening 1996,177
A$AP Rocky,Alternative,old shit trippy fucking genius aap life,71
A$AP Rocky,Alternative,0000 palace 0242 peso 0530 bass 0848 wassup 1126 brand new guy featuring schoolboy 1614 purple swag chapter featuring spaceghostpurrp asap nast 1901 get lit featuring fat tony 2200 trilla featuring asap twelvy asap nast 2604 keep featuring chace infinite spaceghostpurrp 2954 kissin pink featuring asap ferg 3325 houston old head 3744 acid drip 4028 leaf featuring main attrakionz 4520 roll one 4800 demons 5100 world,6
A$AP Rocky,Alternative,miss aap rocky seems like cares fashion making false album release dates,145
A$AP Rocky,Alternative,far influential movement since time collective whole reason aap mobs blow respect work die,74
A$AP Rocky,Alternative,high school years yeee sophomore still slapping,80
A$AP Rocky,Alternative,one greatest albummixtape ive ever heard 20112013 great era,39
A$AP Rocky,Alternative,ive waited patiently years hear ppl say classic tapei said came everybody looked crazy tape made turn call hip hop new world rap,115
A$AP Rocky,Alternative,thanks pops playing around years old,13
A$AP Rocky,Alternative,rocky changed game tape,63
A$AP Rocky,Alternative,album lit summer 2012 still lit 2019,154
A$AP Rocky,Alternative,swear mixtape changed life really got listening mixtapes pure classic,75
A$AP Rocky,Alternative,shit shifted culture like bumping rocky legend,12
A$AP Rocky,Alternative,aap still dope cant wait next album,229
A$AP Rocky,Alternative,spaceghostpurp clams casino please email guy beats,42
A$AP Rocky,Alternative,palace still one best instrumentals decade,17
A$AP Rocky,Alternative,man miss old music compared hes making,226
A$AP Rocky,Alternative,years classic like chronic doggystyle sad cant hear streamings,38
A$AP Rocky,Alternative,schoolboy asap flow nicely together kill,15
A$AP Rocky,Alternative,gotdamn real dis,76
A$AP Rocky,Alternative,rip asap yams,49
A$AP Rocky,Alternative,best mixtape ever,248
A$AP Rocky,Alternative,years ago one best mixtapes released,30
A$AP Rocky,Alternative,best album ever made probably ever make,100
A$AP Rocky,Alternative,saw buffalo tour back january 2012 front row buddy reached dapped stage even saw drop grills mouth accidentally step lol show amazing tape still crazy good,7
A$AP Rocky,Alternative,legit 20112013 days,6
A$AP Rocky,Alternative,thought dreamt album young teenager couldnt find spotify streaming services recently honestly favourite rocky project bombastic atmospheric beats texas type flow new york dude shit good tilted spotify straight,11
A$AP Rocky,Alternative,incredible production man rocky knew exactly world criminally slept tho,4
A$AP Rocky,Alternative,nostalgia shit still fire,45
A$AP Rocky,Alternative,recommend version heard spotify version,3
A$AP Rocky,Alternative,high school released repeat longest time,7
A$AP Rocky,Alternative,never wont mad kissin pink isnt spotify,2
A$AP Rocky,Alternative,one time favorites never gets old still listen almost weekly whole mixtapes got amazing vibe tracks beats particularly clamscasino ones legendary aaplove,13
A$AP Rocky,Alternative,still hasnt topped doubt ever clams rocky goat collab,7
A$AP Rocky,Alternative,comments year ago cmon motherfuckers sure still listen masterpiece,5
A$AP Rocky,Alternative,big respect rocky innovating sound something different time miss rocky,28
A$AP Rocky,Alternative,still fresh fuck decade later,6
A$AP Rocky,Alternative,production cloudy beats drugmoody lyrical content influenced everything came afterwards nothing sounded like point classic,21
A$AP Rocky,Alternative,fergs verse kissin pink never gets old,3
A$AP Rocky,Alternative,album puts happy place,6
A$AP Rocky,Alternative,takin hit asap right noweveryone take hit listening masterpiece 2016,12
A$AP Rocky,Alternative,fucking gem truly one best releases generation,5
A$AP Rocky,Alternative,learned entire palace song back freshman year high school days,19
A$AP Rocky,Alternative,asap ferg really improved rapper,13
A$AP Rocky,Alternative,agree thats rocky best project ever,9
A$AP Rocky,Alternative,years ago today gem dropped,4
A$AP Rocky,Alternative,else came hearing new sandman song clams casino,6
A$AP Rocky,Alternative,brand new guy warmaking,17
A$AP Rocky,Alternative,rocky always alltime favorite artist right cant show something better also beat palace equally exquisite chilling,7
A$AP Rocky,Alternative,album changed view hiphop got,8
A$AP Rocky,Alternative,2016 still uniquegreatest mixtape ever made,62
A$AP Rocky,Alternative,mixtape albums collaboration clams casino cannot topped chopped flow unique beats makes feel kind way,22
A$AP Rocky,Alternative,stillmy fave mixtap forsure use listen day long remember every damn word haha still come back,4
A$AP Rocky,Alternative,earlymid 2010s might legit best era rap music,9
A$AP Rocky,Alternative,best new school tape ever,15
A$AP Rocky,Alternative,havent heard years great memories 1112,63
A$AP Rocky,Alternative,liveloveaap longliveaap atlonglastaap,208
A$AP Rocky,Alternative,one favorite tapes ever best tape smoke,37
A$AP Rocky,Alternative,sgp stuck beats instead crack hed superstar,6
A$AP Rocky,Alternative,feels like album,1
A$AP Rocky,Alternative,sgp aap collaborating hilarious,2
A$AP Rocky,Alternative,possibly best sounding mix tape time,10
A$AP Rocky,Alternative,greatest mixtape time,7
A$AP Rocky,Alternative,greatest mixtape time remember bumping album jeep cherokee way jones beach theatre see wiz simpler times man something air 2013miss,3
A$AP Rocky,Alternative,listening 2019 smiles asap finna slap,19
A$AP Rocky,Alternative,palace world definite best openersclosers ive heard ablum,18
A$AP Rocky,Alternative,asaps best album dont think hell make one good,7
A$AP Rocky,Alternative,years old still fucken banger,3
A$AP Rocky,Alternative,best asap rocky album,16
A$AP Rocky,Alternative,get legit nostalgia flashbacks high mind listening mans entire discography best shit listen smoking bowl sober works theres nothing like listening music high,4
A$AP Rocky,Alternative,best tape hands still come back stuff like get away brain draining rap call music nowadays,15
A$AP Rocky,Alternative,experimenting cloud rap old school rap layered psychedelic hip hop right,21
A$AP Rocky,Alternative,wassup leaf demons roll one palace peso world best mixtape generation hands,9
A$AP Rocky,Alternative,made 2011 almost years old fuck hell hip hop futuristic early 10s right,8
A$AP Rocky,Alternative,know whole world gonna feeling damn right aap,4
A$AP Rocky,Alternative,takes back 2011 goood times man,4
A$AP Rocky,Alternative,think hear aap rocky fuckin problems shit rip vvp yams,64
A$AP Rocky,Alternative,prophetic mixtape sound fashion,5
A$AP Rocky,Alternative,palace stil fucking jam,11
A$AP Rocky,Alternative,tape incredible tape put harlem back map tape beginning new school rap tape best tape time,4
A$AP Rocky,Alternative,best hip hop tape ive ever heard rocky untouchable 2011 2013,3
A$AP Rocky,Alternative,years rocky still aint come close,39
A$AP Rocky,Alternative,best album aap rocky,5
A$AP Rocky,Alternative,project remain classic end time,2
A$AP Rocky,Alternative,dopest album century,12
A$AP Rocky,Alternative,hip hop classic generation,2
A$AP Rocky,Alternative,man flow ridic trilla,18
A$AP Rocky,Alternative,almost summer 2019 still bumping mixtape,12
A$AP Rocky,Alternative,great album top sure underappreciated time features someones elses song kills,3
A$AP Rocky,Alternative,greatest album time,5
A$AP Rocky,Alternative,one albums listen way day still aap life,3
A$AP Rocky,Alternative,5th year anniversary turning today,17
A$AP Rocky,Alternative,flacko number one goat never disappointed since 2012 trendsetter,1
A$AP Rocky,Alternative,years still listen album yams rocky ferg made huge impacts hip hop eternity easily deem classic 2018 2011 rocky getting posted forums like crazy dudes losing minds preme towels shit flatbush blew face offmanthose days fucking awesome still riding wavethis arguably archetype new hiphop mixtapes everything flawlessly yams still around everything still cool man lot changes rocky ferg big fuck shit big levels fashion musically artistically incredible body work first mixtape molded yam refined rockys natural swagger perfect every way imaginable absolute undisputed classic please outside danny browns xxx allowed rocky perform first live show btw rocky blew tell better tape isnt section thats cop everyone dick rides kdot reality subpar project compared new material,4
A$AP Rocky,Alternative,need repeat masterpiece 2020 needs,2
A$AP Rocky,Alternative,album totally changed game cant think another album released since 2010 much impact hip hops trajectory idk rocky could ever top masterpiece hes made good records since,8
A$AP Rocky,Alternative,changed life one best mixtapes ever,2
A$AP Rocky,Alternative,whole album fire,8
A$AP Rocky,Alternative,shit aged like wine,5
A$AP Rocky,Alternative,best mixtape ever,10
A$AP Rocky,Alternative,crisp style love,26
A$AP Rocky,Alternative,still aap best work date clams beats lacing gems itll never like,8
A$AP Rocky,Alternative,one greatest mixtapes time,2
A$AP Rocky,Alternative,remember hearing wassup fell love texas music 7th grade year love stoned bump shit,4
A$AP Rocky,Alternative,album fucking time machine nostalgia feelings getting hearing right unreal,2
A$AP Rocky,Alternative,17th birthday first album listening blessed live another year,4
A$AP Rocky,Alternative,pure music absolutely love,7
A$AP Rocky,Alternative,one best mixtapes time,4
A$AP Rocky,Alternative,mixtape era well never get back rory,2
A$AP Rocky,Alternative,could cry high,7
A$AP Rocky,Alternative,2012 great year,2
A$AP Rocky,Alternative,clams casino made perfect beats rocky sadly forgot line fuck money fuck fame rework wclams utopia right,5
A$AP Rocky,Alternative,love dude dont music still put 100 adds video,2
A$AP Rocky,Alternative,best music ever graced ears 2011 graduated high school 2019 grown much,5
A$AP Rocky,Alternative,shit changed world lil jit still favorite mixtape,1
A$AP Rocky,Alternative,saw asaps first ever live performance palace september 2012 toads place new sentimental,7
A$AP Rocky,Alternative,classic tape classic times,1
A$AP Rocky,Alternative,album one kind,5
A$AP Rocky,Alternative,still huge 2020,1
A$AP Rocky,Alternative,feels weird think really felt asap lil clams gonna completely utter take dropped,21
A$AP Rocky,Alternative,classic old rocky shit ill listen years old lol,3
A$AP Rocky,Alternative,palace fucking bizarre sounding song surprised aesthetic never really caught,3
A$AP Rocky,Alternative,hes always flow,2
A$AP Rocky,Alternative,greatest recordthe second alright level shitif hadnt gone mainstream gone one solid record hed superstar,23
A$AP Rocky,Alternative,nasa gang influential tapes decade,2
A$AP Rocky,Alternative,best hiphop album decade far,3
A$AP Rocky,Alternative,still november 2020,1
A$AP Rocky,Alternative,best mixtape ever,4
A$AP Rocky,Alternative,miss freshman year,1
A$AP Rocky,Alternative,greatest mixtape ever made,6
A$AP Rocky,Alternative,2011 feels like forever ago,2
A$AP Rocky,Alternative,smoke blunt listen look rocky full experience,3
A$AP Rocky,Alternative,still goat mixtape,3
A$AP Rocky,Alternative,always come back mixtape golden,2
A$AP Rocky,Alternative,cant stop bumpin tape,3
A$AP Rocky,Alternative,asap rocky fire,2
A$AP Rocky,Alternative,days rodeo travis scott best mixtapes generation,9
A$AP Rocky,Alternative,arguably greatest mixtape generation nothing classics,2
A$AP Rocky,Alternative,one fav albums,1
A$AP Rocky,Alternative,came done fed silly hiphop wow dragged back kendrick dropped section80 around time twins ouch,20
A$AP Rocky,Alternative,asap best new school,5
A$AP Rocky,Alternative,time fav project aap throwback,1
A$AP Rocky,Alternative,listening album day long,4
A$AP Rocky,Alternative,top mixtapes time shit changed life longliveasapyams lordprettyflackojodye asap,6
A$AP Rocky,Alternative,sad isnt spotify,4
A$AP Rocky,Alternative,beats holy fuck man,2
A$AP Rocky,Alternative,listening 2017 ready new album drop btw live love long last long live,5
A$AP Rocky,Alternative,finally whole mixtape spotify bless kacper,0
A$AP Rocky,Alternative,come back listen hearing cozy tapes vol,3
A$AP Rocky,Alternative,people ask song called look description yall,8
A$AP Rocky,Alternative,million views million blunts smoked listening tape still bumping 2018,1
A$AP Rocky,Alternative,best mixtape past years ceilings,4
A$AP Rocky,Alternative,demons favorite song got lot mixtape amazing longliveasap fucking masterpiece album well alla really good well best work tho best mixtape time dont,8
A$AP Rocky,Alternative,really wish spotify apple music best work still coming back year year,1
A$AP Rocky,Alternative,best album ever,1
A$AP Rocky,Alternative,kissin pink sex making song ever,74
A$AP Rocky,Alternative,wow way better thought 2014 still thought fire listening confidently say rocky ahead time,1
A$AP Rocky,Alternative,best songs always kissin pink trilla tied neither put either one another keep whole section wit tracks back back back amazing,2
A$AP Rocky,Alternative,love second favourite album vsvp rxckv,1
A$AP Rocky,Alternative,best mixtape ever,1
Mac Miller,Alternative,like september fall hits realize passed september,7281
Mac Miller,Alternative,aint dead hes alive every time press play,14684
Mac Miller,Alternative,ive never regretted sleepin artist badly,9138
Mac Miller,Alternative,days sober better tomorrow got guys aswell,162
Mac Miller,Alternative,hope whoever flat broken coming something finds peace video,5650
Mac Miller,Alternative,fact song called self care definition cruel irony,4601
Mac Miller,Alternative,somebody save best day ever selfcare crazy man,2056
Mac Miller,Alternative,happy mens mental health month,30
Mac Miller,Alternative,limited oxygen lights cigarette legend,80803
Mac Miller,Alternative,years later still crazy last video dropped alive rip malcolm love buddy,4857
Mac Miller,Alternative,aint nobody gonna talk beautiful beat switch,6271
Mac Miller,Alternative,still miss big bro,1
Mac Miller,Alternative,song every time hear makes think one friends biggest fan mac wed smoke much enjoy macs music heard news mac died devastated months mac died lost friend heart failure years successful transplant rest peace,5868
Mac Miller,Alternative,something wrong 2018 update wtf uncle passed away,290
Mac Miller,Alternative,like september fall damn dude,1815
Mac Miller,Alternative,look piece art left gotta glad good vibration,2917
Mac Miller,Alternative,never left brother carry end,1579
Mac Miller,Alternative,goal isnt live forever create something,923
Mac Miller,Alternative,fact alright mac,30
Mac Miller,Alternative,353 got time world chilling rest peace mac,7344
Mac Miller,Alternative,anyone else come back every couple days watch long year,3086
Mac Miller,Alternative,everyone stuck coffin helpppp mac miller grabs cigarette shoes,2067
Mac Miller,Alternative,whole song fire second half song beautifully melancholic,787
Mac Miller,Alternative,keep swimming yall gon alright,1128
Mac Miller,Alternative,could use one albums miss mac,637
Mac Miller,Alternative,need say time came jail addicted homeless husband home good job song clover cage final round two songs helped get depression want people know things get better together amazing never quit,57
Mac Miller,Alternative,still cant believe hes actually gone crazy,4980
Mac Miller,Alternative,happy 27th birthday malcolm miss love dope forever,1937
Mac Miller,Alternative,mac changes beat middle song know something incredible going happen,676
Mac Miller,Alternative,congrats mac went platinum rest peace angel,989
Mac Miller,Alternative,first celebrity ive ever truly felt death makes want cry rip,2525
Mac Miller,Alternative,thats dope comment section active legends never die,1870
Mac Miller,Alternative,sad never got experience perform live rip mac,12
Mac Miller,Alternative,death second part gives chills lyrics delivery damn bro rest easy mac,1143
Mac Miller,Alternative,poured whole heart song rest easy mac deserve,1680
Mac Miller,Alternative,aint dead hotboxing coffin edit fucking rwoooosh shit subreddit isnt reddit away,973
Mac Miller,Alternative,music really keep eternal rip mac playing song lately,1
Mac Miller,Alternative,best friend passed weeks ago shit mac truly never,1639
Mac Miller,Alternative,bro literally cannot think unique artist ever dude musicrip legend,568
Mac Miller,Alternative,singles strong album flames rip mac loved,5357
Mac Miller,Alternative,sure knew end soon,6
Mac Miller,Alternative,somebody save rip real artist,401
Mac Miller,Alternative,spend time mac rip bro,2412
Mac Miller,Alternative,remember hearing track minutes came said hell yea mac miller back couldnt wait hear bangersrip brotha,1569
Mac Miller,Alternative,april 2026 miss man still getting everything,106
Mac Miller,Alternative,like september fall damn,392
Mac Miller,Alternative,rip mac sad left early,1658
Mac Miller,Alternative,shouldve grammy mac rest peace,771
Mac Miller,Alternative,listening june 2026,3
Mac Miller,Alternative,got time world chilling damn,485
Mac Miller,Alternative,ads straight music,956
Mac Miller,Alternative,igot time world chilling line hits different rip mac miller,716
Mac Miller,Alternative,song play valentines day,1
Mac Miller,Alternative,got time world chilling miss mac,664
Mac Miller,Alternative,rip mac miller officially year,3435
Mac Miller,Alternative,like september fall still creeps,1304
Mac Miller,Alternative,one ever come close still really making music like anymore rest peace favorite artist forever,0
Mac Miller,Alternative,somebody save damn,598
Mac Miller,Alternative,month later video still hard watch rest easy mac,701
Mac Miller,Alternative,wouldve 30th birthday today rip legend still bumping music daily,7064
Mac Miller,Alternative,got put mac miller wife cant stop listening shes never really heard last two months wow talent,2
Mac Miller,Alternative,imagined macs way saying goodbye people,1385
Mac Miller,Alternative,years today since lost mac gone never forgotten listening music today rip,3903
Mac Miller,Alternative,couldnt dropped perfect time,614
Mac Miller,Alternative,still miss mac stay peace,4
Mac Miller,Alternative,song legendary crazy many people come back,1370
Mac Miller,Alternative,last line gets everytime got time world chillin damn man,467
Mac Miller,Alternative,rip mac youll missed,619
Mac Miller,Alternative,miss dude years year cant believe youre really gone still,25
Mac Miller,Alternative,used imagine fun album would played live still,731
Mac Miller,Alternative,song power make feel sad happy time truly masterpiece,3132
Mac Miller,Alternative,july 2019 mac still eternal,1693
Mac Miller,Alternative,june 2026 time sure fly rip mac,7
Mac Miller,Alternative,heard gone platinum well earned congratulations mac,4569
Mac Miller,Alternative,maaaaan switch 322 everything rip young legend,920
Mac Miller,Alternative,choke back tears says got time world gone soon,1022
Mac Miller,Alternative,get hes coffin breaks hes heaven,424
Mac Miller,Alternative,getting sick sad year sucks rest mac love brother,638
Mac Miller,Alternative,lost family member died spent alot time listening drawing writing love mac,913
Mac Miller,Alternative,else going mac miller music spree hurt heart hurts literally feel like lost homie thank everything,331
Mac Miller,Alternative,rest easy mac kids forever favorite,3092
Mac Miller,Alternative,glad people still coming back like first day hearing mac glad apart amazing people,1805
Mac Miller,Alternative,still listening fire banger years,0
Mac Miller,Alternative,break end passion wow rip mac,473
Mac Miller,Alternative,mac dont need grammy goat real mfers know whats,790
Mac Miller,Alternative,everytime come back song understand hes saying like hes talking riding around city comes home sun setting quickly getting slow hes talking mind hes finally come high quickly greeted darkness amazing track,3106
Mac Miller,Alternative,strange watch video sometimes think feels like hes singing beneath tomb pain love,10
Mac Miller,Alternative,315 theory listen mac rapsang transition afterlife even knew rip macgician tear every time,219
Mac Miller,Alternative,rip many dead year aint even finished,425
Mac Miller,Alternative,keep punching coffin ill see someday,904
Mac Miller,Alternative,grammys failed know really dropped rap album year,1767
Mac Miller,Alternative,another rapper depicting death please see signs help friend dont wait till late,221
Mac Miller,Alternative,imagine family watching video mean hes coffin carves remember death latin lot lyrics deep connecting death sad,417
Mac Miller,Alternative,rest peace mac 90s babies miss hope found calm deserve gone soon,3
Mac Miller,Alternative,2018 saddest year hip hop,2070
Mac Miller,Alternative,macs death different feels like lost genuine friend rip mac miller legend forever,685
Mac Miller,Alternative,one cant believe almost years already rip mac,585
Mac Miller,Alternative,kill bill references point,0
Mac Miller,Alternative,listen music see much world needed art vibe,382
Mac Miller,Alternative,year ago today mac eating koolaid frozen pizza looking smiling,1517
Mac Miller,Alternative,years ago lost incredible person artist celebrate mac thank everything rest peace,2954
Mac Miller,Alternative,nate jacobs seen video lol,10
Mac Miller,Alternative,rip mac miller gone forgotten,1949
Mac Miller,Alternative,like september fall aug almost year man crazy time flies,491
Mac Miller,Alternative,somebody save sorry nobody else saw itim stuck oblivion mac,441
Mac Miller,Alternative,reason macs popular track hits soul beat lyrics classic video sad context well track repeat track sure also love jid adlibs first half,5
Mac Miller,Alternative,awkward coincidence trying see positive point least pain gone hope get peace looking rest peace malcolm,400
Mac Miller,Alternative,months later shit still doesnt feel real,1861
Mac Miller,Alternative,really cant believe literally says got time world chillin hes gone rip angel chilling side,440
Mac Miller,Alternative,meaning word coffin spelled outdangrip mac miller knew leave hell earth people wanted sell soul werent going,4
Mac Miller,Alternative,cant sad knowing mac miller never make new music,639
Mac Miller,Alternative,one year anniversary last album todayman talent,483
Mac Miller,Alternative,happy birthday mac still take advice day said dont want life live youd rather wife kids,925
Mac Miller,Alternative,hes gotten though lot dark times,2
Mac Miller,Alternative,knowing music made makes sad rest peace,295
Mac Miller,Alternative,lost one greatest rest easy malcolm,648
Mac Miller,Alternative,lost son way fav song sending love mac baby boy,2980
Mac Miller,Alternative,good job making song,9
Mac Miller,Alternative,take another day granted,340
Mac Miller,Alternative,sad macs passing lets appreciate artistic value album man prime,369
Mac Miller,Alternative,mac still one whos music listen everyday,687
Mac Miller,Alternative,watching macs vids chronologically sad artistically impressive journey dude starting peak,329
Mac Miller,Alternative,still cant stop watching,3333
Mac Miller,Alternative,ive got time world chilling damn,240
Mac Miller,Alternative,celebrate 7months sober sober,1
Mac Miller,Alternative,smoking limited supply oxygen metaphor knowing commits selfcare always get thing bothering imo,718
Mac Miller,Alternative,got time world chillin thats sad rip mac miller,232
Mac Miller,Alternative,still cant believe passed talented young artist,230
Mac Miller,Alternative,dope rip legend,1
Mac Miller,Alternative,410 million views mac deserved love alive rip brother,3133
Mac Miller,Alternative,years still hurts everyday rip thank saving,528
Mac Miller,Alternative,rip mac miller miss love much youre one best rapper years later,6
Mac Miller,Alternative,salute people coming back everyday listen priceless talent,562
Mac Miller,Alternative,people care someone else pass even person tried seek help way become forgotten,607
Mac Miller,Alternative,mac wrote performed song try help work art personal art remember message song could help,4
Mac Miller,Alternative,sad listeners never witnessed mac millers career going real easy nice 100 love music lighting fat one,399
Mac Miller,Alternative,chilling watch damn,549
Mac Miller,Alternative,year sucks rip xxxtenacion mac miller aretha franklin avicii god bless,366
Mac Miller,Alternative,nate jacobs supposed moving new season euphoria,1
Mac Miller,Alternative,got time world chillin,342
Mac Miller,Alternative,man cant believe 6yrs already rest easy mac hope oneday get concert,526
Mac Miller,Alternative,hoping revives dead like music video,775
Mac Miller,Alternative,mac miller really made something timeless self care way video starts coffin slowly builds something almost freeing hits deeper level every time calm heavy time like hes fighting quietly isnt song whole state mind,3
Mac Miller,Alternative,days still hurts feels like lost friend grew music high school college,905
Mac Miller,Alternative,aint top racist swimming,410
Mac Miller,Alternative,little claustrophobic insanely good,352
Mac Miller,Alternative,hes alive mac always live pittsburgh,5
Mac Miller,Alternative,years later still miss mac music still continues give strength stay dope love,1831
Mac Miller,Alternative,mac really one underrated rappers,273
Mac Miller,Alternative,everyone wants fame truly dont know pain see young famous people dying alone makes wonder really goes dont know,242
Mac Miller,Alternative,meaning hits hard knew capable okay however played everyone gonna alright,4
Mac Miller,Alternative,never really listened mac gave try man get everyone worked passed touches music tell put soul songs rip mac fly high buddy,1213
Mac Miller,Alternative,like knew going happen,571
Mac Miller,Alternative,boys laughed said feel like lost homie homie bro getting thru biggest fan ill see live heaven brother,342
Mac Miller,Alternative,mac favorite artist sit alone listening reminiscing,3
Mac Miller,Alternative,shout song going certified platinum love mac,360
Mac Miller,Alternative,like september fall let medicine call exactly died,405
Mac Miller,Alternative,crazy everything interconnected like hes coffin right coffin,240
Mac Miller,Alternative,thank source integrity miss hold left 2026,2
Mac Miller,Alternative,think different song compared old songs like live free best day ever,206
Mac Miller,Alternative,came right video heard news seeing everything going heartbreaking rip,269
Mac Miller,Alternative,songs timeless one rip mac miller,2123
Mac Miller,Alternative,may another psychologist projecting meaning none impossible watch hate made love ariana without thinking self care ariana continues outdo video feels haunted love memory absence turning longing aesthetic language beautiful unsettling impossible watch without feeling stories never really leave beautiful story rip mac,3
Mac Miller,Alternative,like know gonna die weird last song coffin,1587
Mac Miller,Alternative,cant accept youre gone always waiting next dropmissing,615
Mac Miller,Alternative,every morning run watch sun come jam beat think beautiful soul make feel thankful everything liferip mac,378
Mac Miller,Alternative,love mac world cruel,4
Mac Miller,Alternative,september fall chilling,347
Mac Miller,Alternative,grew mac like losing family man,875
Mac Miller,Alternative,rip mac talented ones seem always demons,356
Mac Miller,Alternative,2026 infinity love mac,6
Mac Miller,Alternative,man miss machis music still getting hard times,900
Mac Miller,Alternative,ive got time world,195
Mac Miller,Alternative,cant believe going yearsfeels like yesterday,525
Mac Miller,Alternative,still listening rip brother,2
Mac Miller,Alternative,thank mac miller even though youre read likely one see music helped dark depression many times even though youre earth hope youre heaven deserve thank saving lives including mine,408
Mac Miller,Alternative,whose still reading comments help cope unfortunate loss,311
Mac Miller,Alternative,love mans music never fade,333
Mac Miller,Alternative,playing ritually right get message thank mac,4
Mac Miller,Alternative,got time world chilling,543
Mac Miller,Alternative,song really eating latelydamn man,581
Mac Miller,Alternative,foreshadowed heavily fly high mac,267
Mac Miller,Alternative,years later youre still forgotten rip mac,1
Mac Miller,Alternative,sad longer talented young man,418
Mac Miller,Alternative,couldnt even listen music soon passing talk crying song starts,382
Mac Miller,Alternative,idk macs death hit differently like everytime hear music hits soul hes gone werent ready rest easy mac,566
Mac Miller,Alternative,readin signs got time world,1
Mac Miller,Alternative,got time world chillin beautiful feelin,378
Mac Miller,Alternative,cant stop coming back song lately sure thats good bad moment keep glidin afterlife mac,814
Mac Miller,Alternative,song makes sense rip mac miller,197
Mac Miller,Alternative,god bless mac miller,4
Mac Miller,Alternative,rip mac miller,571
Mac Miller,Alternative,still listening march 2026 rest peace mac miller,1494
Mac Miller,Alternative,2013 song making feel happy 2019 song makes cry,11017
Mac Miller,Alternative,years remember first came teen nick back ariana proved wasnt cat valentine great singer time flies,6714
Mac Miller,Alternative,picking petals flowers like,420
Mac Miller,Alternative,ari years ago love way make feel ari months ago wish could say thank malcolm cause angel,26078
Mac Miller,Alternative,ari asked mac song write verses said would baked cookies baking cookies writing song,14540
Mac Miller,Alternative,2013 happiest song earth 2019 saddest song earth,9666
Mac Miller,Alternative,wish could say thank malcolm cuz angel,1008
Mac Miller,Alternative,mac would pissed knowing fans blame death,33217
Mac Miller,Alternative,ariana grande 2018 wish could say __thank u__ malcolm __cause angel__,284
Mac Miller,Alternative,video screams early 2010s much perfectly encapsulates free people felt back miss mac much bro rip mac,228
Mac Miller,Alternative,seriously hurts watching rest peace,1117
Mac Miller,Alternative,aris relationship like wrong time right person,449
Mac Miller,Alternative,wish could say thank malcolm cause angel ariana grande,5039
Mac Miller,Alternative,passing makes song even meaningful,1936
Mac Miller,Alternative,picking petals flowers like,20
Mac Miller,Alternative,breaks heart know song never performed,9480
Mac Miller,Alternative,music listen homies arent around,4169
Mac Miller,Alternative,mac still needs,57
Mac Miller,Alternative,didnt realize making memories knew fun winnie pooh,33267
Mac Miller,Alternative,would today terrible early taken destined true greatness,4127
Mac Miller,Alternative,back actress victorious music side,3601
Mac Miller,Alternative,happy 13th anniversary mar 2013mar 2026,111
Mac Miller,Alternative,dont cry died smile born may rest peace,10893
Mac Miller,Alternative,ending tho mac says like song ariana laughs,746
Mac Miller,Alternative,looked happy miss days,1
Mac Miller,Alternative,mac called ariana angel mac angel,5155
Mac Miller,Alternative,song used happiest song ever turn saddest song ever,3478
Mac Miller,Alternative,life much better song came,39
Mac Miller,Alternative,crying miss macnot gonna lie never looked happy anyone else,1505
Mac Miller,Alternative,anyone ariana grande crying mac performing thank next lets cry together pray ariana overcome emotions move rip mac forever heart,8065
Mac Miller,Alternative,almost cried cant imagine hurt ariana couldve died,4827
Mac Miller,Alternative,happy birthday way turns years old today 017 thank god ariana mac miller,21
Mac Miller,Alternative,rip mac miller,1989
Mac Miller,Alternative,yes 2013 ariana nickelodeon mac miller alive relationship corona good times edit realised werent even together yet bad cool see loving video later becoming cuples,3762
Mac Miller,Alternative,thinking every second every hour mac miller,323
Mac Miller,Alternative,shit made cry watching love,50
Mac Miller,Alternative,love love loves,7418
Mac Miller,Alternative,looked innocent cant imagine pain went thru past couple years must really strong mentallyi hope okaylove ariana,3898
Mac Miller,Alternative,roses red voliet blue look sky see love mac miller,1763
Mac Miller,Alternative,much fun filming video,25
Mac Miller,Alternative,absolutely sang heart song,2906
Mac Miller,Alternative,knew perfect first kiss took deep breath like ooh,1200
Mac Miller,Alternative,knew perfect first kiss took deep breath like ooh,510
Mac Miller,Alternative,really prime ariana,10
Mac Miller,Alternative,life simple came,47926
Mac Miller,Alternative,poor ariana didnt deserve loose mac earlier hit feels destroyed mac died,5428
Mac Miller,Alternative,breaks heart knowing theres turning back cute couple,1660
Mac Miller,Alternative,whos hate made love,6
Mac Miller,Alternative,mac anymore stays arianas heart songs,12419
Mac Miller,Alternative,goodbye malcolm truly someone special may finally find peace happy gone never forgotten rest easy buddy,3051
Mac Miller,Alternative,song sound like happy sad song time,5073
Mac Miller,Alternative,way underrated song deserves hype,9
Mac Miller,Alternative,youre coming back era youre legend,49863
Mac Miller,Alternative,2013 omg amazing gives cute happy vibes 2019 sad heartbreakingrip mac,5376
Mac Miller,Alternative,watching physically hurts macs death,1861
Mac Miller,Alternative,rip mac miss,8
Mac Miller,Alternative,honestly looks happy rest easy miller,436
Mac Miller,Alternative,imagine many times ari played cried,2918
Mac Miller,Alternative,ariana looks happy,3278
Mac Miller,Alternative,think mac died went downhill shooting happened concert also much thats lot person deal ptsd sure depression poor girl,2
Mac Miller,Alternative,mac miller guy supported ariana difficult times cant imagine must feeling rip,876
Mac Miller,Alternative,love mac believe loves lot,4886
Mac Miller,Alternative,knew years release video wed come back saying rip sigh rip mac shock fans,299
Mac Miller,Alternative,smile gives real,10
Mac Miller,Alternative,ngl weird listening songs different people,2281
Mac Miller,Alternative,imagine ari watching remembering memories together,3819
Mac Miller,Alternative,good thing video brings lot lightness joy bad thing know everything happens afterwards innocent,6
Mac Miller,Alternative,actually crying miss relationship importantly rip mac,463
Mac Miller,Alternative,mac songs sounds totally different,407
Mac Miller,Alternative,remember song years ago arianas first single ever,2303
Mac Miller,Alternative,chemistry soo good,6
Mac Miller,Alternative,years ago peaceful bomb attack one concerts dead boyfriend cancelled marriage adore went much couple last years,2654
Mac Miller,Alternative,rip mac miller always remember buddy,430
Mac Miller,Alternative,aris song thank next says wish could say thank malcolm cause angel,1684
Mac Miller,Alternative,picking petals flowers like love love love,5
Mac Miller,Alternative,todays year anniversary mac millers death rip,5245
Mac Miller,Alternative,crying even sad song,5775
Mac Miller,Alternative,really breaks heart know hes dead even though wasnt even fan,379
Mac Miller,Alternative,100 look sooo cute ahh,19
Mac Miller,Alternative,cant imagine world like,839
Mac Miller,Alternative,rip mac miller gone forgotten,4122
Mac Miller,Alternative,ariana needs break first manchester bombing may 2017 broke mac miller sadly mac miller passed away last month split pete davidson soooo sorry ariana,1257
Mac Miller,Alternative,rest easy mac sad many people dying person going comments stay safe know going rough times going get better life,1365
Mac Miller,Alternative,love sad think everything ended,669
Mac Miller,Alternative,ari called macs number hundreds times hear voice,2114
Mac Miller,Alternative,remember comments macs christmas sweater good times love mac,756
Mac Miller,Alternative,anyone miss mac ari cute open couple,2841
Mac Miller,Alternative,five years ago everything perfect,6671
Mac Miller,Alternative,rest paradise mac miller 19922018,529
Mac Miller,Alternative,rip mac miller like already miss xoxo,322
Mac Miller,Alternative,seeing breaks heart knowing love hes gone even tho almost married pete still loved,1921
Mac Miller,Alternative,anyone february 2026,195
Mac Miller,Alternative,breaks heart people tell ari fault mac passed mac started getting hooked drugs ariana want get way recovering broke could known would happened still loved much dont say anything blames ari death,819
Mac Miller,Alternative,fun fact ariana asked mac said bake cookies,4820
Mac Miller,Alternative,imagine history singing lover dies imagine trauma woman,2152
Mac Miller,Alternative,fact comment section alive years amazing,6588
Mac Miller,Alternative,years later youre watching youre legend,1535
Mac Miller,Alternative,back media shocked whistle like mariah carey edit thanks likes,1511
Mac Miller,Alternative,got hyped heard chords pop heat experimental rap,6
Mac Miller,Alternative,victorious producers victorias gonna big hit ariana excuse umm,11677
Mac Miller,Alternative,ariana grande pretty face card eliteshe stunning,5
Mac Miller,Alternative,guys see smile face means happiness loved fault period,1093
Mac Miller,Alternative,think still nickelodeon star,3639
Mac Miller,Alternative,love way make feel hate way made love,3
Mac Miller,Alternative,six years shes already one biggest recording artists,801
Mac Miller,Alternative,crazy song made werent even together best friends edit thanks likes omgggg,1472
Mac Miller,Alternative,face mac said princess public freak time ariana released song called 3435 lol mac trying tell,969
Mac Miller,Alternative,rip young king,3
Mac Miller,Alternative,mac kisses ariana cute angel rip malcolm love love ariana grande,1944
Mac Miller,Alternative,years later still songgggg ripmacmiller,1
Mac Miller,Alternative,budget didnt even tell label gonna made said listen camera projector music balloons got dancers brian scott label brought like need shoot music video like already,2519
Mac Miller,Alternative,man rip mac miller made dopest music,3
Mac Miller,Alternative,whos listening june wish could back 2013 relive childhood,991
Mac Miller,Alternative,whos listening thank next love aris music much gotten many rough times life wish mac still see much grown artist woman always favorite ariana grande song rest paradise mac,1468
Mac Miller,Alternative,going cry corner,2
Mac Miller,Alternative,fact chose year anniversary deluxe album cover music video sang way live heart omg,801
Mac Miller,Alternative,ariana ariana rings absolutely two different people,3571
Mac Miller,Alternative,people still listening 2021 legends,4556
Mac Miller,Alternative,everybody february 2026,76
Mac Miller,Alternative,thank malcolm angel,1661
Mac Miller,Alternative,really feel like genuinely loved hard someone addictions ariana tried help much could could mac really loved cared rip sad seeing wont able ever kiss,1755
Mac Miller,Alternative,little know would start amazing career possibly future boyfriend,1221
Mac Miller,Alternative,cant believe shes perform way years sobbing,2081
Mac Miller,Alternative,rest peace mac miller,14369
Mac Miller,Alternative,looking thinking idea,3528
Mac Miller,Alternative,ariana love way victoria justice think love way,2082
Mac Miller,Alternative,november 2025 anyone,1309
Mac Miller,Alternative,ever sings song ghostin live world know,791
Mac Miller,Alternative,macs gone idk ariana ever sing song,1379
Mac Miller,Alternative,everything simple back dropped,2338
Mac Miller,Alternative,years still brings feelings euphoria,1
Mac Miller,Alternative,many people like break hes ugly hes bad singing dont think saying anything chooses dont like relationship please keep,589
Mac Miller,Alternative,makes wanna cry songs good together keep coming back every day,2108
Mac Miller,Alternative,crazy werent even together yet feel chemistry,3
Mac Miller,Alternative,wouldve thought years ago would become one saddest videos youtube sure didnt,279
Mac Miller,Alternative,malcolm loved song long listen feel sad seeing smile happy ari,1730
Mac Miller,Alternative,gave butterflies tell,614
Mac Miller,Alternative,swear ariana still play exactly shes really one favorite artist legend ngl music incredible fantastic since first heard back day kid victorious absolute classic question went crazy mac also rip,19
Mac Miller,Alternative,weird see ari without high pony different time,757
Mac Miller,Alternative,moment silence rip mac miller,294
Mac Miller,Alternative,gotta right back back time ripmac,452
Mac Miller,Alternative,world became crazy fezco died miss like,2
Mac Miller,Alternative,rest peace mac thank incredible music cool guy missed,1074
Mac Miller,Alternative,mac ariana probably would gotten engaged gotten clean,1327
Mac Miller,Alternative,song introduced sad news absolutely speechless,1082
Mac Miller,Alternative,2013 saturday night around watching nickelodeon finished victorious episode looking forward watch house anubis show meanwhile banger start playing find whos mac miller everything chill,5
Mac Miller,Alternative,literally first song thought heard news rip mac,956
Mac Miller,Alternative,song sounds like ending credits shattered love story movie,261
Mac Miller,Alternative,ari mac sing song really feel feelings rip mac luv always,1355
Mac Miller,Alternative,love feel watching one blame ariana shes probably hurting video bursting love forever treasured everyone including ariana rip mac miller,3504
Mac Miller,Alternative,looked really good couple,757
Mac Miller,Alternative,rest peace sad day,1534
Mac Miller,Alternative,rest mac miller,4
Mac Miller,Alternative,rest peace mac miller pure soul legend deserved time,5010
Mac Miller,Alternative,first heard song instantly thought mariah carey believe ariana come long way talented woman,944
Mac Miller,Alternative,watching mac miller died sad,693
Mac Miller,Alternative,without song mac still alive,4
Mac Miller,Alternative,rest easy mac,1492
Mac Miller,Alternative,great single start career,914
Mac Miller,Alternative,picking petals flowers,12
Mac Miller,Alternative,rip mac died years ago yesterday may physically always hearts rip mac love,2380
Mac Miller,Alternative,rip legend restinpeace,273
Mac Miller,Alternative,talented individual gone way soon could image ariana must feel right may rest peace,545
Mac Miller,Alternative,shame happened two ariana losing mac already gone miles away mac passed couldnt believe news couldnt imagine felt,3
Mac Miller,Alternative,else browsing ariana mac vids passing,304
Mac Miller,Alternative,every like rip mac,247
Mac Miller,Alternative,good ole days frfr,5
Mac Miller,Alternative,news macs death rip may god,294
Mac Miller,Alternative,year old addicted year old still addicted,1943
Mac Miller,Alternative,years later wish could say thank malcolm cuz angel oof,250
Mac Miller,Alternative,need let came jail addicted homeless husband home good job song clover cage favored god two songs helped get depression want people know things get better together get better,3
Mac Miller,Alternative,cat valentine ariana video,474
Mac Miller,Alternative,first song heard mac miller rip,726
Mac Miller,Alternative,freshmen high school first heard song rip mac miller,555
Mac Miller,Alternative,idc anybody says natural flowing crying right miss collab highschool beautiful loved mac mac loved,4
Mac Miller,Alternative,literally right person wrong time,858
Mac Miller,Alternative,nooo ripmac miller,302
Mac Miller,Alternative,cute together rip mac miller,1
Mac Miller,Alternative,first song came mind saw dead rip mac,546
Mac Miller,Alternative,really believe mac love life love hes gone itll never,345
Mac Miller,Alternative,demi overdosed blame right said grown woman take responsability life respect memory would never wanted people ari sure loved care know matter could done nothing live life cannot blame someone someone elses choice sure knew would done everything help putting whole world shoulders dissapointed surprised peoples reactions,559
Mac Miller,Alternative,rip mac miller,306
Mac Miller,Alternative,saw died first song went,4385
Mac Miller,Alternative,listen homies aint around,1063
Mac Miller,Alternative,whos still coming back nostalgia,306
Mac Miller,Alternative,person watching years later guy legend,14522
Mac Miller,Alternative,really named president macs song rip mac,8419
Mac Miller,Alternative,listening 2026 rip mac,38
Mac Miller,Alternative,days trump slapping bitches wwe mac soaring top miss,2528
Mac Miller,Alternative,gon take world donald trump shit tell future please,2578
Mac Miller,Alternative,came back listen mac well miss mac friend everyone,1860
Mac Miller,Alternative,knew epic song would 2026,68
Mac Miller,Alternative,war generation depression anxiety drug abuse rest easy brother,3155
Mac Miller,Alternative,mac miller make soundtrack trump presidency even running thats visionary,1610
Mac Miller,Alternative,mac miller dead hes watching cartoons better couch,9212
Mac Miller,Alternative,man turned days ago remember boys bumping throughout senior year high school super glad got recommended fly high legend,3185
Mac Miller,Alternative,trumps playing everyone storms iran ww3,3282
Mac Miller,Alternative,donald trump announced new national anthem chosen president edit rest peace mac,1781
Mac Miller,Alternative,captured nicolas maduro edit khamenei,1465
Mac Miller,Alternative,anyone else still bumping mac 2024 song reminds high school,971
Mac Miller,Alternative,crazy person named song,4135
Mac Miller,Alternative,ppl around 2011 mw2 days rip mac,2213
Mac Miller,Alternative,ofc still big,2
Mac Miller,Alternative,first song ive heard mac miller time rest peace legend,977
Mac Miller,Alternative,election 2024 got missing legend,1239
Mac Miller,Alternative,donald trump simply known billionaire successful,2663
Mac Miller,Alternative,listen trumps birthday thats reason,3
Mac Miller,Alternative,gonna take world haters gettin mad accurate description 2016 election,1173
Mac Miller,Alternative,trump couldve super trolled made theme,2768
Mac Miller,Alternative,top songs predicted future,2985
Mac Miller,Alternative,end 2025 shout still vibing,60
Mac Miller,Alternative,cant believe entire year since passed rest well mac,2369
Mac Miller,Alternative,came say goodbye first song ive ever heard rest peace,577
Mac Miller,Alternative,anyone listened song back mw2 days respect legend rest peace brotha thanks memories,2204
Mac Miller,Alternative,anyone else 2026,80
Mac Miller,Alternative,trump pay advertisement,452
Mac Miller,Alternative,take world donald trump shit kinda new meaning doesnt,333
Mac Miller,Alternative,feel like mac miller predicted lot things life,845
Mac Miller,Alternative,feels like lost homie today rest peace mac used play music repeat back day,690
Mac Miller,Alternative,trump heard song decided time,231
Mac Miller,Alternative,swear trump gonna play song walks quarantine,2459
Mac Miller,Alternative,guy changed life songs good today love brother fly high,3
Mac Miller,Alternative,didnt even realize nostalgic,1080
Mac Miller,Alternative,tell knew making song looks happy,853
Mac Miller,Alternative,100000000 congrats dad,2092
Mac Miller,Alternative,congratulations brother take world rest easy king legend forever,4
Mac Miller,Alternative,rip malcolm james mccormick,602
Mac Miller,Alternative,trump play inauguration,430
Mac Miller,Alternative,rip mac first song ive ever heard,2347
Mac Miller,Alternative,theyre playing high schools tehran right,20
Mac Miller,Alternative,crazy life mac wish could little,1530
Mac Miller,Alternative,499 gives dollars also keep change song starts playing,532
Mac Miller,Alternative,song aged like fine wine 120,108
Mac Miller,Alternative,bet smiling heaven revisiting songs,1559
Mac Miller,Alternative,trump surely bumping shit like could,2274
Mac Miller,Alternative,listening 2023 real one brother rest well mac never forgotten,1063
Mac Miller,Alternative,song aged like song,7
Mac Miller,Alternative,rest peace legend,12780
Mac Miller,Alternative,say rap future,1293
Mac Miller,Alternative,damn years since miller passed away made song years passed away,19
Mac Miller,Alternative,rest peace icon,311
Mac Miller,Alternative,damn mac miller called 2016 election lol,244
Mac Miller,Alternative,miss already old mac used get hype feel pain ill never forget,530
Mac Miller,Alternative,bet ass hes playing song right repeat,429
Mac Miller,Alternative,remember days typed donald trump search bar one first videos pop,289
Mac Miller,Alternative,remember years old riding around listening never dreamed would cast vote elect president,228
Mac Miller,Alternative,whos 2020 miss man,2515
Mac Miller,Alternative,guess president pumpin dat shit every day,700
Mac Miller,Alternative,donald trumps new campaign theme song,304
Mac Miller,Alternative,still waiting donald walk ufc,410
Mac Miller,Alternative,hasnt donald trump used campaign song,2681
Mac Miller,Alternative,dude visions made years donald running prez,110
Mac Miller,Alternative,different world song released,5
Mac Miller,Alternative,mac miller dude whos character progression outranks every rapper show another rapper goes super introspective music dude give confidence get high school helped later life beating cancer rip real goat,322
Mac Miller,Alternative,everyone whitehouse probally loves song,714
Mac Miller,Alternative,imagine song dropped 2018,1411
Mac Miller,Alternative,youtube rappers becoming thing mac miller wiz khalifa top world moment,10
Mac Miller,Alternative,mac always knew donald win,2133
Mac Miller,Alternative,reason wanted trump win bump next four years,494
Mac Miller,Alternative,tour google still doesnt know,667
Mac Miller,Alternative,crazy miss someone never met rip mac,3
Mac Miller,Alternative,everytime listen think back good old mw2 times,513
Mac Miller,Alternative,mac miller saw future back 2011,257
Mac Miller,Alternative,rest peace bro,531
Mac Miller,Alternative,song aged well,51
Mac Miller,Alternative,donald better show funeral rip bro thanks good times,154
Mac Miller,Alternative,rip mac miller sucks watching everyone slowly die,201
Mac Miller,Alternative,made video small loan million dollars,3346
Mac Miller,Alternative,new years eve 2026thanks bumps macrip homie,16
Mac Miller,Alternative,rip mac first song heard still lit till day,1513
Mac Miller,Alternative,still suggested see tour honestly doesnt seem real hes anymore,410
Mac Miller,Alternative,picking friends old jeep headed pool jamming 2011 missed rip,309
Mac Miller,Alternative,thanks people helped mac miller make video rest paradise mac miller,2
Mac Miller,Alternative,2022 seeing face hearing voice brings tear eye truly something special,1814
Mac Miller,Alternative,rip mac miller crazy thinking song yesterday wtfff,1497
Mac Miller,Alternative,mac predicted future aint shit,1095
Mac Miller,Alternative,today lost lost true music artist,290
Mac Miller,Alternative,man song aged crazy,3
Mac Miller,Alternative,rip mac miller,754
Mac Miller,Alternative,rip mac miller,883
Mac Miller,Alternative,looks happy crying,344
Mac Miller,Alternative,nostalgia song crazy takes back easier times rest peace mac art live forever,912
Mac Miller,Alternative,still listen mac everyday,933
Mac Miller,Alternative,years ago still underrated rip mac miller,571
Mac Miller,Alternative,song hits different everytime hes office,13
Mac Miller,Alternative,damn mac miss,2040
Mac Miller,Alternative,never ever forgotten rest big bro,3806
Mac Miller,Alternative,going donald trumps walk music hes president prediction made july 12th 2016,305
Mac Miller,Alternative,think realized legendary,5
Mac Miller,Alternative,rip mac miller remember listening song back high school first came youre gone,271
Mac Miller,Alternative,years ago mac blew damnn remember high school blasting song time flies rip king,219
Mac Miller,Alternative,happy 27th birthday malcolm love miss man rest easy,1023
Mac Miller,Alternative,mac miller knew deal,10
Mac Miller,Alternative,mw2 days song everything rip man,391
Mac Miller,Alternative,aint politics letin guys know,375
Mac Miller,Alternative,already years old wow rip,5874
Mac Miller,Alternative,great fucking song,16
Mac Miller,Alternative,many highschool memories song macs songs never genuinely upset celebrity death rest easy bruh,459
Mac Miller,Alternative,rise new national anthem,413
Mac Miller,Alternative,rip dude made freshman year high school one remember,108
Mac Miller,Alternative,life simple back,2
Mac Miller,Alternative,cant rappers smoke weed call day tired talented artists losing lives opioids,316
Mac Miller,Alternative,think needs americas national anthem,165
Mac Miller,Alternative,hero gets remembered legend never dies edityooooo liek thank check youtube ube koala,982
Mac Miller,Alternative,hope plays walks inauguration,176
Mac Miller,Alternative,mac predicted future man damn,1054
Mac Miller,Alternative,2019 still loving song rip mac miller missed song really hits hard,1081
Mac Miller,Alternative,rest peace big boy,6
Mac Miller,Alternative,mac miller predicted future stimulus check,133
Mac Miller,Alternative,shocked man cant believe passed rip brother rest easy,200
Mac Miller,Alternative,miss time fits nostalgic asf feels weird say,2
Mac Miller,Alternative,donald trump never sued mac miller threatened never actually comments towards mac miller positive goes rumor,580
Mac Miller,Alternative,first song heard mac back 2011 fan immediately,840
Mac Miller,Alternative,rip remember turning song time,201
Mac Miller,Alternative,song aged interestingly,34
Mac Miller,Alternative,little know donald trump gonna president,2503
Mac Miller,Alternative,years song used,422
Mac Miller,Alternative,dude doesnt breathe,1213
Mac Miller,Alternative,mac dude party everyone vibed,1
Mac Miller,Alternative,mac miller called anybody else,641
Mac Miller,Alternative,want rap homie videos fucked laugh future show kids lmfao,236
Mac Miller,Alternative,back trump said guy new eminem,742
Mac Miller,Alternative,like regular pretty girls video instead rappers put paid models videos,4
Mac Miller,Alternative,take world like donald trump dude like nostradamus,143
Mac Miller,Alternative,haters indeed getting mad,129
Mac Miller,Alternative,usas new national anthem,403
Mac Miller,Alternative,look mac new,6
Mac Miller,Alternative,trump listens every morning gives briefs,121
Mac Miller,Alternative,see comments trump president lol,6016
Mac Miller,Alternative,mac already know donald trump would take world,1273
Mac Miller,Alternative,love hyped video always makes smile rip mac,4
Mac Miller,Alternative,today 27th birthday rip,154
Mac Miller,Alternative,rip champ bumped heavy college,254
Mac Miller,Alternative,117 goodbye mac miller rest peace,462
Mac Miller,Alternative,miss mac miller time passing wanted see 2018 saving ticket factory job found passing crazy years time flys,2
Mac Miller,Alternative,rip champ going sit say big fan someone lost son friend sad,274
Mac Miller,Alternative,son gonna know mac miller,1183
Mac Miller,Alternative,start internet fight write comment wait,335
Mac Miller,Alternative,first heard song time flys,2
Mac Miller,Alternative,117 bye mac,572
Mac Miller,Alternative,first mac miller song ive ever heard honestly rip legend,328
Mac Miller,Alternative,guess ill never get jcolemac miller collab rip,179
Mac Miller,Alternative,arianna grande broke heart reason took life sad miss mac,3
Mac Miller,Alternative,damn celebrities passing away,169
Mac Miller,Alternative,mac take world rip youve earned break,628
Mac Miller,Alternative,rest peace mac year shit far,255
Mac Miller,Alternative,man always legend,3
Mac Miller,Alternative,feel like donald trump listens song,316
Mac Miller,Alternative,telling kids campaign song,465
Mac Miller,Alternative,rest peace mac miller,195
Mac Miller,Alternative,girl 0212 sunglasses chain,5
Mac Miller,Alternative,worst day everrip bro,305
Mac Miller,Alternative,song reminds kid middle school worries adult responsibilities life good easy back miss,176
Mac Miller,Alternative,mac made mark hiphop world misses doubt,587
Mac Miller,Alternative,always come watch old mac videos feeling brings back best days ever,1
Mac Miller,Alternative,remember watching years old hes gone rest easy mac,107
Mac Miller,Alternative,wish song would play trump announced president,521
Mac Miller,Alternative,rip mac many musicians overdosingdying year tired,97
Mac Miller,Alternative,legend never dies rip mac miller june 2026 years years song still banger,1
Mac Miller,Alternative,btw mac miller president,348
Mac Miller,Alternative,cant believe boy really gone man wtf,312
Mac Miller,Alternative,looks young happy,290
Mac Miller,Alternative,dude knew come legend,4
Mac Miller,Alternative,song knew came pay respects always sad life lost even self inflicted rest easy bro god run short impressive predicted trump would eventually take world ahead everybody,137
Mac Miller,Alternative,yall realized released 2011 right,884
Mac Miller,Alternative,song back days found rip,265
Mac Miller,Alternative,song boutta blow,2
Mac Miller,Alternative,imagine trumps ringtone,131
