artist,genre,video_id,video_title,channel_title,text,likes
Future,Trap,QPUMiC-IIl8,Future &quot;No Matter What&quot; [Official Video],Future,2026 I'm here,0
Future,Trap,QPUMiC-IIl8,Future &quot;No Matter What&quot; [Official Video],Future,It would be so dope if had anniversary concert for Astronaut Status 🙏🏾❤️,0
Future,Trap,QPUMiC-IIl8,Future &quot;No Matter What&quot; [Official Video],Future,2026🔥🔥🔥🩵🩵🩵🩵🙏🏽🙏🏽🙏🏽🙏🏽🙏🏽🙏🏽,1
Future,Trap,QPUMiC-IIl8,Future &quot;No Matter What&quot; [Official Video],Future,I got 2 of em n one passed away on me a few mos ago,0
Future,Trap,QPUMiC-IIl8,Future &quot;No Matter What&quot; [Official Video],Future,No matter what ❤🙏,2
Future,Trap,QPUMiC-IIl8,Future &quot;No Matter What&quot; [Official Video],Future,Right❤,1
Future,Trap,QPUMiC-IIl8,Future &quot;No Matter What&quot; [Official Video],Future,og fute,0
Future,Trap,QPUMiC-IIl8,Future &quot;No Matter What&quot; [Official Video],Future,2026 found my homie and my best friend now a baby otwwww yuhhhh🤞🫶🤘💯,0
Future,Trap,QPUMiC-IIl8,Future &quot;No Matter What&quot; [Official Video],Future,They can’t literally sing. Omg I bet the concerts suck,0
Future,Trap,QPUMiC-IIl8,Future &quot;No Matter What&quot; [Official Video],Future,"RIP the other wifey. 🦋👐🏾
Miss you Lew
Miss you Sebastian 
Love you Wan 💋

Loved yall 😍🗽😩♥️",1
Future,Trap,QPUMiC-IIl8,Future &quot;No Matter What&quot; [Official Video],Future,Wtf this high siddity girl wanna do wit a astronaut kid❤,0
Future,Trap,QPUMiC-IIl8,Future &quot;No Matter What&quot; [Official Video],Future,Qatar,0
Future,Trap,QPUMiC-IIl8,Future &quot;No Matter What&quot; [Official Video],Future,28 year old prime future then comes 2012 🥶🥶,0
Future,Trap,QPUMiC-IIl8,Future &quot;No Matter What&quot; [Official Video],Future,J9ãàññà,0
Future,Trap,QPUMiC-IIl8,Future &quot;No Matter What&quot; [Official Video],Future,We need this future back🥺😭😭❤️,1
Future,Trap,QPUMiC-IIl8,Future &quot;No Matter What&quot; [Official Video],Future,Astronaut status 🥶✌️,0
Future,Trap,QPUMiC-IIl8,Future &quot;No Matter What&quot; [Official Video],Future,🔥🔥🔥💙💙💙💙🤞🏾,0
Future,Trap,QPUMiC-IIl8,Future &quot;No Matter What&quot; [Official Video],Future,"GABRIEL DOMINIC AND ANNA A. ANTHONY VAYE AND PREZTON G. VAYE.
ANNA_K3LLY50...
ANNA_KELLY50...",0
Future,Trap,QPUMiC-IIl8,Future &quot;No Matter What&quot; [Official Video],Future,Who is with me in 2026,0
Future,Trap,QPUMiC-IIl8,Future &quot;No Matter What&quot; [Official Video],Future,🔑 ❤💯💯💯🦉😎😎🇨🇦☎️🔒🔒🔒🔑💍,0
Future,Trap,QPUMiC-IIl8,Future &quot;No Matter What&quot; [Official Video],Future,"This Right Here is the only Future I know!!!!!!! 
✨👆✨😍✨👆✨
👑2026.. To the Future..
✨👑✨😜",0
Future,Trap,QPUMiC-IIl8,Future &quot;No Matter What&quot; [Official Video],Future,This my gem,0
Future,Trap,QPUMiC-IIl8,Future &quot;No Matter What&quot; [Official Video],Future,ADC 185440 battery 2nd degree 8 counts un read rights Miranda rights every charges no rights read,0
Future,Trap,QPUMiC-IIl8,Future &quot;No Matter What&quot; [Official Video],Future,Colorblind,0
Future,Trap,QPUMiC-IIl8,Future &quot;No Matter What&quot; [Official Video],Future,King of Arkansas King of Florida,0
Future,Trap,QPUMiC-IIl8,Future &quot;No Matter What&quot; [Official Video],Future,He said he’s gonna cum out of his dick like a palm tree lol,0
Future,Trap,QPUMiC-IIl8,Future &quot;No Matter What&quot; [Official Video],Future,This nigga been in the game 15 years bro 😭,0
Future,Trap,QPUMiC-IIl8,Future &quot;No Matter What&quot; [Official Video],Future,them flipagram days 😂,1
Future,Trap,QPUMiC-IIl8,Future &quot;No Matter What&quot; [Official Video],Future,NMW! 🤩,0
Future,Trap,QPUMiC-IIl8,Future &quot;No Matter What&quot; [Official Video],Future,"Future, we need this type of beat again...",7
Future,Trap,QPUMiC-IIl8,Future &quot;No Matter What&quot; [Official Video],Future,Still listening in 2026 🔥🔥🔥🔥🔥🔥🔥🔥🔥💯,2
Future,Trap,QPUMiC-IIl8,Future &quot;No Matter What&quot; [Official Video],Future,Or is it lye lye I'm just trying to understand,0
Future,Trap,QPUMiC-IIl8,Future &quot;No Matter What&quot; [Official Video],Future,Lie lie is that a last  name,0
Future,Trap,QPUMiC-IIl8,Future &quot;No Matter What&quot; [Official Video],Future,Ghost lie,0
Future,Trap,QPUMiC-IIl8,Future &quot;No Matter What&quot; [Official Video],Future,For my father-in-law Don Ramon no future they will have,0
Future,Trap,QPUMiC-IIl8,Future &quot;No Matter What&quot; [Official Video],Future,2026 13 years strong 💪🏽 🔥,1
Future,Trap,QPUMiC-IIl8,Future &quot;No Matter What&quot; [Official Video],Future,New Future aint seeing this 😅,1
Future,Trap,QPUMiC-IIl8,Future &quot;No Matter What&quot; [Official Video],Future,Classic knew this before the fame who else,1
Future,Trap,QPUMiC-IIl8,Future &quot;No Matter What&quot; [Official Video],Future,❤😮,0
Future,Trap,QPUMiC-IIl8,Future &quot;No Matter What&quot; [Official Video],Future,Good song my favorite ❤❤❤❤,1
Future,Trap,QPUMiC-IIl8,Future &quot;No Matter What&quot; [Official Video],Future,This song will always be 🔥 is my favorite,0
Future,Trap,QPUMiC-IIl8,Future &quot;No Matter What&quot; [Official Video],Future,❤2026 Anyone!?!?!,0
Future,Trap,QPUMiC-IIl8,Future &quot;No Matter What&quot; [Official Video],Future,2026 ❤,1
Future,Trap,QPUMiC-IIl8,Future &quot;No Matter What&quot; [Official Video],Future,This Terrible,0
Future,Trap,QPUMiC-IIl8,Future &quot;No Matter What&quot; [Official Video],Future,🎉prime future,0
Future,Trap,QPUMiC-IIl8,Future &quot;No Matter What&quot; [Official Video],Future,2028,0
Future,Trap,QPUMiC-IIl8,Future &quot;No Matter What&quot; [Official Video],Future,It is under Apple Music.. it’s under the astronaut status mixtape/album,0
Future,Trap,QPUMiC-IIl8,Future &quot;No Matter What&quot; [Official Video],Future,The Duke Dennis Era of Future 🔥🔥🔥🔥🔥😭,32
Future,Trap,QPUMiC-IIl8,Future &quot;No Matter What&quot; [Official Video],Future,0:24 ❤❤❤,1
Future,Trap,QPUMiC-IIl8,Future &quot;No Matter What&quot; [Official Video],Future,Here,0
Future,Trap,QPUMiC-IIl8,Future &quot;No Matter What&quot; [Official Video],Future,Koz where you at? 😂,0
Future,Trap,QPUMiC-IIl8,Future &quot;No Matter What&quot; [Official Video],Future,Never gets old,1
Future,Trap,QPUMiC-IIl8,Future &quot;No Matter What&quot; [Official Video],Future,2026 and not on Apple Music at all 🤦🏼‍♂️,1
Future,Trap,QPUMiC-IIl8,Future &quot;No Matter What&quot; [Official Video],Future,I<3kre.,0
Future,Trap,QPUMiC-IIl8,Future &quot;No Matter What&quot; [Official Video],Future,"""pluto sung aint give no fuhh""🤝💯",0
Future,Trap,QPUMiC-IIl8,Future &quot;No Matter What&quot; [Official Video],Future,FINALLY ON APPLE MUSIC !!!,2
Future,Trap,QPUMiC-IIl8,Future &quot;No Matter What&quot; [Official Video],Future,We was pose to neva end Lionell 😩❤️‍🩹 Wish u the best babe 😘,0
Future,Trap,QPUMiC-IIl8,Future &quot;No Matter What&quot; [Official Video],Future,💯💯💯,0
Future,Trap,QPUMiC-IIl8,Future &quot;No Matter What&quot; [Official Video],Future,TRAP QUEEN JackieB 🎉🎉🎉🎉🎉,1
Future,Trap,QPUMiC-IIl8,Future &quot;No Matter What&quot; [Official Video],Future,Future you the best 2026 I’m still on,22
Future,Trap,QPUMiC-IIl8,Future &quot;No Matter What&quot; [Official Video],Future,I love this beat,0
Future,Trap,QPUMiC-IIl8,Future &quot;No Matter What&quot; [Official Video],Future,❤❤ I can’t believe this still smacks. 2026,1
Future,Trap,QPUMiC-IIl8,Future &quot;No Matter What&quot; [Official Video],Future,Future  FOREVAA!!!!Jan 2026🎉,12
Future,Trap,QPUMiC-IIl8,Future &quot;No Matter What&quot; [Official Video],Future,Here 2026,1
Future,Trap,QPUMiC-IIl8,Future &quot;No Matter What&quot; [Official Video],Future,No matter what ❤,0
Future,Trap,QPUMiC-IIl8,Future &quot;No Matter What&quot; [Official Video],Future,Apple Needs Thisssss ‼️,1
Future,Trap,QPUMiC-IIl8,Future &quot;No Matter What&quot; [Official Video],Future,Ayeeeee 2026 where yall at😂❤️,1
Future,Trap,QPUMiC-IIl8,Future &quot;No Matter What&quot; [Official Video],Future,2026,0
Future,Trap,QPUMiC-IIl8,Future &quot;No Matter What&quot; [Official Video],Future,2026 and this not on Apple Music,199
Future,Trap,QPUMiC-IIl8,Future &quot;No Matter What&quot; [Official Video],Future,2026,0
Future,Trap,QPUMiC-IIl8,Future &quot;No Matter What&quot; [Official Video],Future,Ur loyalty to him ain't my concern me cause ur Loyal,1
Future,Trap,QPUMiC-IIl8,Future &quot;No Matter What&quot; [Official Video],Future,"0:33 🤙 blue
Be lyin İf said this aİnt remind me of a friend, a liľ ex of mine. İThink it was written about us 😮😮
1:29 but Ay—
“Sometimes a Bond is Better than a Title” ⚃L",0
Future,Trap,QPUMiC-IIl8,Future &quot;No Matter What&quot; [Official Video],Future,January 8 2026🔥,0
Future,Trap,QPUMiC-IIl8,Future &quot;No Matter What&quot; [Official Video],Future,2026 gang,27
Future,Trap,QPUMiC-IIl8,Future &quot;No Matter What&quot; [Official Video],Future,2026,0
Future,Trap,QPUMiC-IIl8,Future &quot;No Matter What&quot; [Official Video],Future,Got the tattoo for proof stay looking down on me young buck you was a angel sent from Heaven ©️⚓️,0
Future,Trap,QPUMiC-IIl8,Future &quot;No Matter What&quot; [Official Video],Future,I'm here 2026❤,64
Future,Trap,QPUMiC-IIl8,Future &quot;No Matter What&quot; [Official Video],Future,2026 ??,1
Future,Trap,QPUMiC-IIl8,Future &quot;No Matter What&quot; [Official Video],Future,2026 any listeners ?,318
Future,Trap,QPUMiC-IIl8,Future &quot;No Matter What&quot; [Official Video],Future,2026 who’s in hea,2
Future,Trap,QPUMiC-IIl8,Future &quot;No Matter What&quot; [Official Video],Future,1st in 2❤k❤2❤6,0
Future,Trap,QPUMiC-IIl8,Future &quot;No Matter What&quot; [Official Video],Future,2026🎉🎉🎉 I'm here,0
Future,Trap,QPUMiC-IIl8,Future &quot;No Matter What&quot; [Official Video],Future,Who’s here in 2026?,0
Future,Trap,QPUMiC-IIl8,Future &quot;No Matter What&quot; [Official Video],Future,"So Dem 💯📨📩✉️💌📧'sWe're Stolen By Danny Burras @Danny Lavell Or Danny Lavelle 💯🐜💯-@Him 👍👍👍💯💯👍👍👍💯🔫's-&-💯🔚's-💯🌉Instead Of Thee 💯🤥'sLie's Thee 💯 Truth Is 🔔📯📢📣🔈🔉🔊🔍🔍🔍🪬🪬🧿🔮🔮🧿🧿🔮🔎🔎 Real Us He Took Dem Didn't Tell Us He was 💯🐜💯💯👍's Mean 👍 and 💯🛣️ Fake 💯🛤️ He is 🙂‍↕️'s Mean 👍's 👍's 👍's 👍's He Put Us Who Sold Us Those On Laughtime Play &Chill Instead Of Us Puttin Him On It 💯🔰💯💯🚭 Fake💯🔰💯💯💯💯🌉💯💯💯Instead Of Thee 🤥'sLie's Thee Truth Is 💯👍's 👍's 👍's 👍's Den Came 🔙 Instead Of Thee 💯🤥""sLie's Stole 💯R e a l 📱's & 📳's & 📲's With 💯🛤️♠️♦️'s in 💯📲's & 📳's &  📱's We J u s t F i n i s h e d Y o u r 💯🐜💯-G's 💯🔫in-B e a t i n O u r D i c k O f -💯-🍾-🍾-🥝-🛑's In Feb B-100 💯🔫in-On Shitter In 💯🪱💯💯🔫-💯🔙-💯🌉-I n s t e a d  O f  T h e e 🅾️🅰️🅰️🅰️💯-Lie's-T h e e R e a l T r u t h ' s 👍's 👍's 🅾️'s 🅰️'s 🅰️'s 🅰️'s 🅰️'s 💯👍's 💯🔫's ⛳'s 🎮's 🕹️'s 🖲️'s. 💯🅰️👍's 👍's 👍's 👍's. V",0
Future,Trap,QPUMiC-IIl8,Future &quot;No Matter What&quot; [Official Video],Future,https://youtu.be/TV2jgzWcHuE?si=PrbGk1B4cA6S1TF_,0
Future,Trap,QPUMiC-IIl8,Future &quot;No Matter What&quot; [Official Video],Future,Lil 50 Remix bouton,1
Future,Trap,QPUMiC-IIl8,Future &quot;No Matter What&quot; [Official Video],Future,❤100,0
Future,Trap,QPUMiC-IIl8,Future &quot;No Matter What&quot; [Official Video],Future,Fundraising funeral for uncle and mother,0
Future,Trap,QPUMiC-IIl8,Future &quot;No Matter What&quot; [Official Video],Future,Smoke tool 🔧 😴 👌 baptized shhhhears,0
Future,Trap,QPUMiC-IIl8,Future &quot;No Matter What&quot; [Official Video],Future,Meet with swiss army and taxidermy parts given 💜 💕 ❤️ 😊,0
Future,Trap,QPUMiC-IIl8,Future &quot;No Matter What&quot; [Official Video],Future,xd jestem z polski,0
Future,Trap,QPUMiC-IIl8,Future &quot;No Matter What&quot; [Official Video],Future,This is the da real one,0
Future,Trap,QPUMiC-IIl8,Future &quot;No Matter What&quot; [Official Video],Future,0:16,0
Future,Trap,QPUMiC-IIl8,Future &quot;No Matter What&quot; [Official Video],Future,Who Still here ?,0
Future,Trap,QPUMiC-IIl8,Future &quot;No Matter What&quot; [Official Video],Future,I’m here 2025🔥🔥🔥🔥,1
Future,Trap,QPUMiC-IIl8,Future &quot;No Matter What&quot; [Official Video],Future,🔥🔥🔥💯,0
Future,Trap,QPUMiC-IIl8,Future &quot;No Matter What&quot; [Official Video],Future,🔥,0
Future,Trap,QPUMiC-IIl8,Future &quot;No Matter What&quot; [Official Video],Future,0:53 her friend was cuter in my opinion ❤,5
Future,Trap,QPUMiC-IIl8,Future &quot;No Matter What&quot; [Official Video],Future,Who there in 2026?...,1
Future,Trap,QPUMiC-IIl8,Future &quot;No Matter What&quot; [Official Video],Future,🫂💯🪔🪶❣️🌹,0
Future,Trap,QPUMiC-IIl8,Future &quot;No Matter What&quot; [Official Video],Future,You got to respect good music period 😮❤💯,0
Future,Trap,QPUMiC-IIl8,Future &quot;No Matter What&quot; [Official Video],Future,future I forgot to tell the transgenders waxed your song thank Billiewilliekyrabridge ENJOY!,0
Future,Trap,QPUMiC-IIl8,Future &quot;No Matter What&quot; [Official Video],Future,3:14 that’s first time hearing that beat in the back on this song like that. fw this version heavy hell yea 🎉🎉🎉🎉🥰,8
Future,Trap,QPUMiC-IIl8,Future &quot;No Matter What&quot; [Official Video],Future,2025 still 🔥🔥☄️🦅,0
Future,Trap,QPUMiC-IIl8,Future &quot;No Matter What&quot; [Official Video],Future,Still 2025,0
Future,Trap,QPUMiC-IIl8,Future &quot;No Matter What&quot; [Official Video],Future,Definitely about my MJ Sr ☝🏽🥰🥰💪🏽🇺🇸,1
Future,Trap,QPUMiC-IIl8,Future &quot;No Matter What&quot; [Official Video],Future,2025 still here sharing love❤❤❤,1
Future,Trap,QPUMiC-IIl8,Future &quot;No Matter What&quot; [Official Video],Future,Senior Year,0
Future,Trap,QPUMiC-IIl8,Future &quot;No Matter What&quot; [Official Video],Future,"Jaguar Harrison, ""????husband?""",0
Future,Trap,QPUMiC-IIl8,Future &quot;No Matter What&quot; [Official Video],Future,And before Eddie long they did what else to you bruh dont play with me and if you dont cry out with me on fbi or TMZ I wont let up Kassedi y'all not running for your life anymore damne them,0
Future,Trap,QPUMiC-IIl8,Future &quot;No Matter What&quot; [Official Video],Future,Bruh and stop mf playing or I'm letting all of em know what they took you threw Memphis Kassedi and chins up and bless our team you know they not mafiaing a motherloans thing else neither and Ciara know why show picked our last name when y'all both was running for y'all life that year and we do too and no we not letting up Kassedi look out for my Chayse Chozen Josh and beejay not Ms oselen josh he let em know what really happened too us and before I let some sum else happened to any of us or the the dont la's we wont stop telling the FBI and you better not either yeah,0
Future,Trap,QPUMiC-IIl8,Future &quot;No Matter What&quot; [Official Video],Future,This shit hard 😂,1
Future,Trap,QPUMiC-IIl8,Future &quot;No Matter What&quot; [Official Video],Future,Whoa here in 2026 & beyond 22 years and beyond. #future❤,0
Future,Trap,QPUMiC-IIl8,Future &quot;No Matter What&quot; [Official Video],Future,"🖤🔥
0:00",1
Future,Trap,QPUMiC-IIl8,Future &quot;No Matter What&quot; [Official Video],Future,So what happened to tht bond 😂,1
Future,Trap,QPUMiC-IIl8,Future &quot;No Matter What&quot; [Official Video],Future,I miss the old future with dread rocks man❤,1
Future,Trap,QPUMiC-IIl8,Future &quot;No Matter What&quot; [Official Video],Future,"""I found my homie and my bestie""",2
Future,Trap,QPUMiC-IIl8,Future &quot;No Matter What&quot; [Official Video],Future,2025 🫱🏾‍🫲🏿,0
Future,Trap,QPUMiC-IIl8,Future &quot;No Matter What&quot; [Official Video],Future,I love this song,0
Future,Trap,QPUMiC-IIl8,Future &quot;No Matter What&quot; [Official Video],Future,NO MATTER WHAT 🤞🏾😎😎,0
Future,Trap,QPUMiC-IIl8,Future &quot;No Matter What&quot; [Official Video],Future,"Guess what..
❕️‼️❗️♾️❤️‍🔥💞💯
I'mmmmmmmmmm
Baaaaaaaaaaaaaaccccck !!
This was me & my hubby banger in 2012
ESPECIALLY while he was locked up.. This song,
VIBE-ENERGY-PROMISES-GAVE HOPE❕️
‼️❕️❗️❤️‍🔥♾️💯💞❣️❣️",3
Future,Trap,QPUMiC-IIl8,Future &quot;No Matter What&quot; [Official Video],Future,2025 October,1
Future,Trap,QPUMiC-IIl8,Future &quot;No Matter What&quot; [Official Video],Future,2025 who here 💕,1
Future,Trap,QPUMiC-IIl8,Future &quot;No Matter What&quot; [Official Video],Future,2025 ❤,0
Future,Trap,QPUMiC-IIl8,Future &quot;No Matter What&quot; [Official Video],Future,Who here 2025,0
Future,Trap,QPUMiC-IIl8,Future &quot;No Matter What&quot; [Official Video],Future,Play this and then play the Too Fast video 🔥,0
Future,Trap,QPUMiC-IIl8,Future &quot;No Matter What&quot; [Official Video],Future,JamminG 🎉🎉🎉🎉🎉,1
Future,Trap,QPUMiC-IIl8,Future &quot;No Matter What&quot; [Official Video],Future,Only a few know why,0
Future,Trap,QPUMiC-IIl8,Future &quot;No Matter What&quot; [Official Video],Future,"You doing better however I'm proud of you. Remember though ""THINK""",1
Future,Trap,QPUMiC-IIl8,Future &quot;No Matter What&quot; [Official Video],Future,Back again 9-29-25,0
Future,Trap,QPUMiC-IIl8,Future &quot;No Matter What&quot; [Official Video],Future,2025 no Apple Music wthelly?!?!?,0
Future,Trap,QPUMiC-IIl8,Future &quot;No Matter What&quot; [Official Video],Future,I’m here in 2025. I will Never be tired of this song 😜,0
Future,Trap,QPUMiC-IIl8,Future &quot;No Matter What&quot; [Official Video],Future,I'm hitting up 2026 for the FUTURE,22
Future,Trap,QPUMiC-IIl8,Future &quot;No Matter What&quot; [Official Video],Future,This T-are-Nisha With Swagged Out Entertainment and I'm future fan wow,0
Future,Trap,QPUMiC-IIl8,Future &quot;No Matter What&quot; [Official Video],Future,2k25❤😊,2
Future,Trap,QPUMiC-IIl8,Future &quot;No Matter What&quot; [Official Video],Future,Who bumpin this bih in 2025,1
Future,Trap,QPUMiC-IIl8,Future &quot;No Matter What&quot; [Official Video],Future,2025 and still 🔥,1
Future,Trap,QPUMiC-IIl8,Future &quot;No Matter What&quot; [Official Video],Future,This song never gets old❤❤,0
Future,Trap,QPUMiC-IIl8,Future &quot;No Matter What&quot; [Official Video],Future,J.D Power,0
Future,Trap,QPUMiC-IIl8,Future &quot;No Matter What&quot; [Official Video],Future,Why we can’t download this on Apple Music? 👀,0
Future,Trap,QPUMiC-IIl8,Future &quot;No Matter What&quot; [Official Video],Future,I'm just wondering why this isn't on Apple Music,0
Future,Trap,QPUMiC-IIl8,Future &quot;No Matter What&quot; [Official Video],Future,My hubby and I have been together 13 years. We have been through hell and back. He meant that shit when we got together and he sent me this. 😭❤️,1
Future,Trap,QPUMiC-IIl8,Future &quot;No Matter What&quot; [Official Video],Future,@Taylove 9/2025,1
Future,Trap,QPUMiC-IIl8,Future &quot;No Matter What&quot; [Official Video],Future,No Matter what MB !! 🩵🩷💍👑💋💕♾️💯💫✨,0
Future,Trap,QPUMiC-IIl8,Future &quot;No Matter What&quot; [Official Video],Future,"I can't see you as myself 
❤❤
Nope I don't love you
as
Waterboy
or
PU$$YCAT
Y'AALL GO PLAY $ports
Coaches and
Coach
Shoe
You know name brand stuff
Go to your real parents
Them crackers",0
Future,Trap,QPUMiC-IIl8,Future &quot;No Matter What&quot; [Official Video],Future,Here in 2025❤❤,1
Future,Trap,QPUMiC-IIl8,Future &quot;No Matter What&quot; [Official Video],Future,😂😂😂 this song i cant take it seriously,0
Future,Trap,QPUMiC-IIl8,Future &quot;No Matter What&quot; [Official Video],Future,Me,0
Future,Trap,QPUMiC-IIl8,Future &quot;No Matter What&quot; [Official Video],Future,❤❤❤❤,0
Future,Trap,QPUMiC-IIl8,Future &quot;No Matter What&quot; [Official Video],Future,Da memories from this shi😢,0
Future,Trap,QPUMiC-IIl8,Future &quot;No Matter What&quot; [Official Video],Future,They don’t know about loyalty till we leave cause They got Options ❤ Would be funny if we had options too,0
Future,Trap,QPUMiC-IIl8,Future &quot;No Matter What&quot; [Official Video],Future,Nigga s can’t handle it if we turned the tables on they ass ❤,0
Future,Trap,QPUMiC-IIl8,Future &quot;No Matter What&quot; [Official Video],Future,"No, matter what? Same",0
Future,Trap,QPUMiC-IIl8,Future &quot;No Matter What&quot; [Official Video],Future,🔥🔥💯💪🫡❤️🔥,0
Future,Trap,QPUMiC-IIl8,Future &quot;No Matter What&quot; [Official Video],Future,I forgot about this one 🔥🔥,0
Future,Trap,QPUMiC-IIl8,Future &quot;No Matter What&quot; [Official Video],Future,I still send this to her even tho she got a man and family she still mine 😊,0
Future,Trap,QPUMiC-IIl8,Future &quot;No Matter What&quot; [Official Video],Future,Why is this still not on Apple Music,0
Future,Trap,QPUMiC-IIl8,Future &quot;No Matter What&quot; [Official Video],Future,only ghosts and ain’t never say no bitches. Listen to this.20254️⃣💯👑,0
Future,Trap,QPUMiC-IIl8,Future &quot;No Matter What&quot; [Official Video],Future,💙🔐🔐🔐💯💯🙌🏾,0
Future,Trap,QPUMiC-IIl8,Future &quot;No Matter What&quot; [Official Video],Future,2025 💗,1
Future,Trap,QPUMiC-IIl8,Future &quot;No Matter What&quot; [Official Video],Future,Who here in 2025,1
Future,Trap,QPUMiC-IIl8,Future &quot;No Matter What&quot; [Official Video],Future,2025 July like if you here,0
Future,Trap,QPUMiC-IIl8,Future &quot;No Matter What&quot; [Official Video],Future,I’m here in 2025 and still a hit 🔥,3
Future,Trap,QPUMiC-IIl8,Future &quot;No Matter What&quot; [Official Video],Future,Such a good song 🥲🥲,0
Future,Trap,QPUMiC-IIl8,Future &quot;No Matter What&quot; [Official Video],Future,The fact that this song is not on Apple Music is a crime,96
Future,Trap,QPUMiC-IIl8,Future &quot;No Matter What&quot; [Official Video],Future,2025 🎉 July! I been here from the very beginning ❤ Astronomical,0
Future,Trap,QPUMiC-IIl8,Future &quot;No Matter What&quot; [Official Video],Future,Who's playing this song 2025 ?❤,1
Future,Trap,QPUMiC-IIl8,Future &quot;No Matter What&quot; [Official Video],Future,You got to liv and learn to make mistakes to be the man 👨 ❤,0
Future,Trap,QPUMiC-IIl8,Future &quot;No Matter What&quot; [Official Video],Future,🔥🔥,0
Future,Trap,QPUMiC-IIl8,Future &quot;No Matter What&quot; [Official Video],Future,July 2025.. jamming @ work,1
Future,Trap,QPUMiC-IIl8,Future &quot;No Matter What&quot; [Official Video],Future,I miss the old future music 😩😢,3
Future,Trap,QPUMiC-IIl8,Future &quot;No Matter What&quot; [Official Video],Future,Bob Marley Jr.,0
Future,Trap,QPUMiC-IIl8,Future &quot;No Matter What&quot; [Official Video],Future,Why is this not on Apple Music thoughhhhhh ❤2025,4
Future,Trap,QPUMiC-IIl8,Future &quot;No Matter What&quot; [Official Video],Future,@Breeze2x,1
Future,Trap,QPUMiC-IIl8,Future &quot;No Matter What&quot; [Official Video],Future,This should’ve been on Apple Music,2
Future,Trap,QPUMiC-IIl8,Future &quot;No Matter What&quot; [Official Video],Future,Me,0
Future,Trap,QPUMiC-IIl8,Future &quot;No Matter What&quot; [Official Video],Future,Love this song,2
Future,Trap,QPUMiC-IIl8,Future &quot;No Matter What&quot; [Official Video],Future,rules  vant  bend  time  coming  again  sistet  my  bend  jesse,0
Future,Trap,QPUMiC-IIl8,Future &quot;No Matter What&quot; [Official Video],Future,Why can't I find this song on apple music ?,0
Future,Trap,QPUMiC-IIl8,Future &quot;No Matter What&quot; [Official Video],Future,2025 and i cant find on apple music🙁,0
Future,Trap,QPUMiC-IIl8,Future &quot;No Matter What&quot; [Official Video],Future,Apple Music need it,1
Future,Trap,QPUMiC-IIl8,Future &quot;No Matter What&quot; [Official Video],Future,Why this ain’t on Apple Music,0
Future,Trap,QPUMiC-IIl8,Future &quot;No Matter What&quot; [Official Video],Future,Was in middle school when this came out brought back hella memories,0
Future,Trap,QPUMiC-IIl8,Future &quot;No Matter What&quot; [Official Video],Future,This reminds me of  my friends,0
Future,Trap,QPUMiC-IIl8,Future &quot;No Matter What&quot; [Official Video],Future,"Sister me myself here for yous took.,!?",0
Future,Trap,QPUMiC-IIl8,Future &quot;No Matter What&quot; [Official Video],Future,No more children than his.,0
Future,Trap,QPUMiC-IIl8,Future &quot;No Matter What&quot; [Official Video],Future,"Brothers and girlfriends listen will get to stay that someone deshon trust and go to for support partnership s 💯 🙌 👏 👌 black man supported by strong white woman.,!?",0
Future,Trap,QPUMiC-IIl8,Future &quot;No Matter What&quot; [Official Video],Future,Brings back memories lol. I hope she doing well in life. ❤️,0
Future,Trap,QPUMiC-IIl8,Future &quot;No Matter What&quot; [Official Video],Future,Lamontttyyyy ❤❤❤❤❤,1
Future,Trap,QPUMiC-IIl8,Future &quot;No Matter What&quot; [Official Video],Future,2025 still a hit 🎉,6
Future,Trap,QPUMiC-IIl8,Future &quot;No Matter What&quot; [Official Video],Future,2025🎉,2
Future,Trap,QPUMiC-IIl8,Future &quot;No Matter What&quot; [Official Video],Future,2014 💔 💔 💔,0
Future,Trap,QPUMiC-IIl8,Future &quot;No Matter What&quot; [Official Video],Future,still slaps🔥,1
Future,Trap,QPUMiC-IIl8,Future &quot;No Matter What&quot; [Official Video],Future,2011-12 future was untouchable,1
Future,Trap,QPUMiC-IIl8,Future &quot;No Matter What&quot; [Official Video],Future,Straight classics this song never get old 2me  !!! 🔥 📛 👨‍🚒,2
Future,Trap,QPUMiC-IIl8,Future &quot;No Matter What&quot; [Official Video],Future,R.I.P Sammy ❤🥹❤️❤️❤️❤️❤️❤️,0
Future,Trap,QPUMiC-IIl8,Future &quot;No Matter What&quot; [Official Video],Future,No matter what ❤😂😅😮😢🎉,0
Future,Trap,QPUMiC-IIl8,Future &quot;No Matter What&quot; [Official Video],Future,OMG RIDER,1
Future,Trap,QPUMiC-IIl8,Future &quot;No Matter What&quot; [Official Video],Future,Writer though writers the best one he has,1
Future,Trap,QPUMiC-IIl8,Future &quot;No Matter What&quot; [Official Video],Future,Favorite,1
Future,Trap,QPUMiC-IIl8,Future &quot;No Matter What&quot; [Official Video],Future,"This was back when he used to actually TALK, now he barely speaks words. Shit ain’t the same.",2
Future,Trap,QPUMiC-IIl8,Future &quot;No Matter What&quot; [Official Video],Future,🇧🇷🗿,1
Future,Trap,QPUMiC-IIl8,Future &quot;No Matter What&quot; [Official Video],Future,I love that girl till thw death of me!! ♈️ ❤ ♌️,1
Future,Trap,QPUMiC-IIl8,Future &quot;No Matter What&quot; [Official Video],Future,2025 and I’m still here,1
Future,Trap,QPUMiC-IIl8,Future &quot;No Matter What&quot; [Official Video],Future,💯💯,0
Future,Trap,QPUMiC-IIl8,Future &quot;No Matter What&quot; [Official Video],Future,No rules,0
Future,Trap,QPUMiC-IIl8,Future &quot;No Matter What&quot; [Official Video],Future,Know thatttt I'm Dat 💤🖤🌍💤💤,2
Future,Trap,QPUMiC-IIl8,Future &quot;No Matter What&quot; [Official Video],Future,“D To my 9 Word 2Her ❤”,2
Future,Trap,QPUMiC-IIl8,Future &quot;No Matter What&quot; [Official Video],Future,May 2025 😅 anyone else? been bumping this since I was 10 😂 I’m 25 now 🎉,0
Future,Trap,QPUMiC-IIl8,Future &quot;No Matter What&quot; [Official Video],Future,why is this not on apple music?,0
Future,Trap,QPUMiC-IIl8,Future &quot;No Matter What&quot; [Official Video],Future,called a classicc,1
Future,Trap,QPUMiC-IIl8,Future &quot;No Matter What&quot; [Official Video],Future,Still my go too ❤,0
Future,Trap,QPUMiC-IIl8,Future &quot;No Matter What&quot; [Official Video],Future,Not popping up on Apple Music why!!!,1
Future,Trap,QPUMiC-IIl8,Future &quot;No Matter What&quot; [Official Video],Future,I’m back again.. Lord willing,1
Future,Trap,QPUMiC-IIl8,Future &quot;No Matter What&quot; [Official Video],Future,New Future can’t compare to old Future 💯,0
Future,Trap,QPUMiC-IIl8,Future &quot;No Matter What&quot; [Official Video],Future,Need this on apple music,0
Future,Trap,QPUMiC-IIl8,Future &quot;No Matter What&quot; [Official Video],Future,Here in 2025 Reminiscing. Hard...,0
Future,Trap,QPUMiC-IIl8,Future &quot;No Matter What&quot; [Official Video],Future,2025 n I still get butterflies ❤️❤️ love this song,1
Future,Trap,QPUMiC-IIl8,Future &quot;No Matter What&quot; [Official Video],Future,🔥,0
Future,Trap,QPUMiC-IIl8,Future &quot;No Matter What&quot; [Official Video],Future,6 April 2005 I'm still here,0
Future,Trap,QPUMiC-IIl8,Future &quot;No Matter What&quot; [Official Video],Future,What’s up. Always best friends,0
Future,Trap,QPUMiC-IIl8,Future &quot;No Matter What&quot; [Official Video],Future,2025,1
Future,Trap,QPUMiC-IIl8,Future &quot;No Matter What&quot; [Official Video],Future,We here in 2025 ❤,1
Future,Trap,QPUMiC-IIl8,Future &quot;No Matter What&quot; [Official Video],Future,One day I will produce a beat like this,1
Future,Trap,QPUMiC-IIl8,Future &quot;No Matter What&quot; [Official Video],Future,Mee,0
Future,Trap,QPUMiC-IIl8,Future &quot;No Matter What&quot; [Official Video],Future,I'm here in 2025,1
Future,Trap,QPUMiC-IIl8,Future &quot;No Matter What&quot; [Official Video],Future,KMH❤,0
Future,Trap,QPUMiC-IIl8,Future &quot;No Matter What&quot; [Official Video],Future,2025🎉,1
Future,Trap,QPUMiC-IIl8,Future &quot;No Matter What&quot; [Official Video],Future,"N errybody who was my highschool friend turned into my mom bc she wanna disappearmmmhhmmeeuu , n didntbdieee",0
Future,Trap,QPUMiC-IIl8,Future &quot;No Matter What&quot; [Official Video],Future,This is how me n my man met in 2023,0
Future,Trap,QPUMiC-IIl8,Future &quot;No Matter What&quot; [Official Video],Future,2025,1
Future,Trap,QPUMiC-IIl8,Future &quot;No Matter What&quot; [Official Video],Future,2025👀👀,1
Future,Trap,QPUMiC-IIl8,Future &quot;No Matter What&quot; [Official Video],Future,3/21. You know exactly where you were when this song first came out. I guarantee you play this song at least 10 times straight. Everybody was going through it back then. 😂,0
Future,Trap,QPUMiC-IIl8,Future &quot;No Matter What&quot; [Official Video],Future,I gots to get mines regardless,0
Future,Trap,QPUMiC-IIl8,Future &quot;No Matter What&quot; [Official Video],Future,But I guarantee you I will always get what I need with or without their help,0
Future,Trap,QPUMiC-IIl8,Future &quot;No Matter What&quot; [Official Video],Future,Is the man cuz I'm feeding all them motherfukers right now that's why I'm the boss you don't always what you you don't always get what you want in life,0
Future,Trap,QPUMiC-IIl8,Future &quot;No Matter What&quot; [Official Video],Future,There you go still wasting time,0
Future,Trap,QPUMiC-IIl8,Future &quot;No Matter What&quot; [Official Video],Future,Lewis Jamia Johnson 🧬🇭🇹🐊🎰💜,1
Future,Trap,QPUMiC-IIl8,Future &quot;No Matter What&quot; [Official Video],Future,My song until the end of time,0
Future,Trap,QPUMiC-IIl8,Future &quot;No Matter What&quot; [Official Video],Future,2025? Or just me?😭💕,1
Future,Trap,QPUMiC-IIl8,Future &quot;No Matter What&quot; [Official Video],Future,Why this not on Apple Music,0
Future,Trap,QPUMiC-IIl8,Future &quot;No Matter What&quot; [Official Video],Future,Whose here in 2025....,553
Future,Trap,QPUMiC-IIl8,Future &quot;No Matter What&quot; [Official Video],Future,From 2017 to 2022 I'll forever love you R.I.Love Cordero 🖤🖤🤲🏼🤲🏼🤞🏼 01/21/1987----08/03/2022,2
Future,Trap,QPUMiC-IIl8,Future &quot;No Matter What&quot; [Official Video],Future,Never gets old!,0
Future,Trap,QPUMiC-IIl8,Future &quot;No Matter What&quot; [Official Video],Future,2025 me  and my hoes,0
Future,Trap,QPUMiC-IIl8,Future &quot;No Matter What&quot; [Official Video],Future,We here in 2025!,0
Future,Trap,QPUMiC-IIl8,Future &quot;No Matter What&quot; [Official Video],Future,2025? This that old future 😩🔥,1
Future,Trap,QPUMiC-IIl8,Future &quot;No Matter What&quot; [Official Video],Future,Bro where issss dis n Apple Music,1
Future,Trap,QPUMiC-IIl8,Future &quot;No Matter What&quot; [Official Video],Future,0:48,0
Future,Trap,QPUMiC-IIl8,Future &quot;No Matter What&quot; [Official Video],Future,0:49,0
Future,Trap,QPUMiC-IIl8,Future &quot;No Matter What&quot; [Official Video],Future,1:03,0
Future,Trap,QPUMiC-IIl8,Future &quot;No Matter What&quot; [Official Video],Future,Smart Water ... Años,0
Future,Trap,QPUMiC-IIl8,Future &quot;No Matter What&quot; [Official Video],Future,2025 we STILL IN HERE. FOREVER EVA.,0
Future,Trap,QPUMiC-IIl8,Future &quot;No Matter What&quot; [Official Video],Future,I honestly think they were kicking it at one point but it got toxic 🤣🤣🤣,0
Future,Trap,QPUMiC-IIl8,Future &quot;No Matter What&quot; [Official Video],Future,2025🎉,0
Future,Trap,QPUMiC-IIl8,Future &quot;No Matter What&quot; [Official Video],Future,❤❤❤❤❤❤,0
Future,Trap,QPUMiC-IIl8,Future &quot;No Matter What&quot; [Official Video],Future,Still here 🔥💯,1
Future,Trap,QPUMiC-IIl8,Future &quot;No Matter What&quot; [Official Video],Future,Who playin in 2025,0
Future,Trap,QPUMiC-IIl8,Future &quot;No Matter What&quot; [Official Video],Future,Big Loyal 💯,0
Future,Trap,QPUMiC-IIl8,Future &quot;No Matter What&quot; [Official Video],Future,Who’s here 2025,0
Future,Trap,QPUMiC-IIl8,Future &quot;No Matter What&quot; [Official Video],Future,still here in 2025?!,0
Future,Trap,QPUMiC-IIl8,Future &quot;No Matter What&quot; [Official Video],Future,0:17 this part go hard,23
Future,Trap,QPUMiC-IIl8,Future &quot;No Matter What&quot; [Official Video],Future,When he said “tellemianmeantointervenewithhismainthingyoumymainflingitookhermanstream” i felt that,0
Future,Trap,QPUMiC-IIl8,Future &quot;No Matter What&quot; [Official Video],Future,Sweetz&GoRillah❤️,0
Future,Trap,QPUMiC-IIl8,Future &quot;No Matter What&quot; [Official Video],Future,2025 anyone,1
Future,Trap,QPUMiC-IIl8,Future &quot;No Matter What&quot; [Official Video],Future,Yooooo 2025,1
Future,Trap,QPUMiC-IIl8,Future &quot;No Matter What&quot; [Official Video],Future,2025,0
Future,Trap,QPUMiC-IIl8,Future &quot;No Matter What&quot; [Official Video],Future,2025 we here dis mf so hard,0
Future,Trap,QPUMiC-IIl8,Future &quot;No Matter What&quot; [Official Video],Future,Who playing this still in 2025🎉🎉,0
Future,Trap,QPUMiC-IIl8,Future &quot;No Matter What&quot; [Official Video],Future,I love this song top 1 inlove u to lil Wayne but this top 1,0
Future,Trap,QPUMiC-IIl8,Future &quot;No Matter What&quot; [Official Video],Future,🥰 No matter what🤞🏾,1
Future,Trap,QPUMiC-IIl8,Future &quot;No Matter What&quot; [Official Video],Future,Playin this my wedding,1
Future,Trap,QPUMiC-IIl8,Future &quot;No Matter What&quot; [Official Video],Future,Who’s playing 2025😂,2
Future,Trap,QPUMiC-IIl8,Future &quot;No Matter What&quot; [Official Video],Future,This song reminds me of my kids dad I used to sing this song to him all the time,0
Future,Trap,QPUMiC-IIl8,Future &quot;No Matter What&quot; [Official Video],Future,they need to add this apple music like damn 🤣🙄,0
Future,Trap,QPUMiC-IIl8,Future &quot;No Matter What&quot; [Official Video],Future,🎉,0
Future,Trap,QPUMiC-IIl8,Future &quot;No Matter What&quot; [Official Video],Future,Who here in 2025 ? 👀,73
Future,Trap,QPUMiC-IIl8,Future &quot;No Matter What&quot; [Official Video],Future,Who’s here in 2025? ❤️,2
Future,Trap,QPUMiC-IIl8,Future &quot;No Matter What&quot; [Official Video],Future,⬇️Who here 2025 🤧🤝🏾,3
Future,Trap,QPUMiC-IIl8,Future &quot;No Matter What&quot; [Official Video],Future,Hendrix neva get old!,1
Future,Trap,QPUMiC-IIl8,Future &quot;No Matter What&quot; [Official Video],Future,2k25 ❤,5
Future,Trap,QPUMiC-IIl8,Future &quot;No Matter What&quot; [Official Video],Future,2025?,1
Future,Trap,QPUMiC-IIl8,Future &quot;No Matter What&quot; [Official Video],Future,Who is here in 2025?,2
Future,Trap,QPUMiC-IIl8,Future &quot;No Matter What&quot; [Official Video],Future,2025?? Wya,2
Future,Trap,QPUMiC-IIl8,Future &quot;No Matter What&quot; [Official Video],Future,"I’m here in 2025💪 this song 🎵 will forever go hard!! Reminds me of  a guy who I was kicking it with, but we were never in a relationship!! My guy forever!!",4
Future,Trap,QPUMiC-IIl8,Future &quot;No Matter What&quot; [Official Video],Future,No matter what keep that bun to the very end f*** with that n**** man,1
Future,Trap,QPUMiC-IIl8,Future &quot;No Matter What&quot; [Official Video],Future,2025?,2
Future,Trap,QPUMiC-IIl8,Future &quot;No Matter What&quot; [Official Video],Future,Mannn,1
Future,Trap,QPUMiC-IIl8,Future &quot;No Matter What&quot; [Official Video],Future,2025?,3
Future,Trap,QPUMiC-IIl8,Future &quot;No Matter What&quot; [Official Video],Future,2025 any1?,3
Future,Trap,QPUMiC-IIl8,Future &quot;No Matter What&quot; [Official Video],Future,Who here in 2025,38
Future,Trap,QPUMiC-IIl8,Future &quot;No Matter What&quot; [Official Video],Future,Here in 2025🫦🙏🏿🙏🏿,1
Future,Trap,QPUMiC-IIl8,Future &quot;No Matter What&quot; [Official Video],Future,Anyone 2025,2
Future,Trap,QPUMiC-IIl8,Future &quot;No Matter What&quot; [Official Video],Future,That was cam song  my x,1
Future,Trap,QPUMiC-IIl8,Future &quot;No Matter What&quot; [Official Video],Future,2025,1
Future,Trap,QPUMiC-IIl8,Future &quot;No Matter What&quot; [Official Video],Future,He shoulda listen to Ciara and stayed in this lane,1
Future,Trap,QPUMiC-IIl8,Future &quot;No Matter What&quot; [Official Video],Future,who playing this in 2025 😂,4
Future,Trap,QPUMiC-IIl8,Future &quot;No Matter What&quot; [Official Video],Future,25’ 🎉 🗣️,1
Future,Trap,QPUMiC-IIl8,Future &quot;No Matter What&quot; [Official Video],Future,2025❤,2
Future,Trap,QPUMiC-IIl8,Future &quot;No Matter What&quot; [Official Video],Future,No matter what baby #14 yrs strong,1
Future,Trap,QPUMiC-IIl8,Future &quot;No Matter What&quot; [Official Video],Future,2025 stillll here😂,2
Future,Trap,QPUMiC-IIl8,Future &quot;No Matter What&quot; [Official Video],Future,Here in 2025❤🤞,2
Future,Trap,QPUMiC-IIl8,Future &quot;No Matter What&quot; [Official Video],Future,2025 😂,2
Future,Trap,QPUMiC-IIl8,Future &quot;No Matter What&quot; [Official Video],Future,Who here in 2025❤,2
Future,Trap,QPUMiC-IIl8,Future &quot;No Matter What&quot; [Official Video],Future,Who still listening in 2025 👀❓,3
Future,Trap,QPUMiC-IIl8,Future &quot;No Matter What&quot; [Official Video],Future,2025 ? i’ll never get tired of this song 🔥,408
Future,Trap,QPUMiC-IIl8,Future &quot;No Matter What&quot; [Official Video],Future,Still here in 2025😭,12
Future,Trap,QPUMiC-IIl8,Future &quot;No Matter What&quot; [Official Video],Future,Still slappin in 2025!!!,2
Future,Trap,QPUMiC-IIl8,Future &quot;No Matter What&quot; [Official Video],Future,If feel bad for anyone that doesn’t have that no matter what,1
Future,Trap,QPUMiC-IIl8,Future &quot;No Matter What&quot; [Official Video],Future,I'm the last one standing cuz this just me,1
Future,Trap,QPUMiC-IIl8,Future &quot;No Matter What&quot; [Official Video],Future,"“ We can talk whatever , we can fuck whenever , it’s like we walking on rose petals “ ❤",4
Future,Trap,QPUMiC-IIl8,Future &quot;No Matter What&quot; [Official Video],Future,Who here in 2030 ?,35
Future,Trap,QPUMiC-IIl8,Future &quot;No Matter What&quot; [Official Video],Future,😂😂😂,1
Future,Trap,QPUMiC-IIl8,Future &quot;No Matter What&quot; [Official Video],Future,Who playin in 2025😂😂😂😂,8
Future,Trap,QPUMiC-IIl8,Future &quot;No Matter What&quot; [Official Video],Future,Here in 2025,1
Future,Trap,QPUMiC-IIl8,Future &quot;No Matter What&quot; [Official Video],Future,2025!,2
Future,Trap,QPUMiC-IIl8,Future &quot;No Matter What&quot; [Official Video],Future,Who playing this in 2025? 😂 it’s the second week of the year,1
Future,Trap,QPUMiC-IIl8,Future &quot;No Matter What&quot; [Official Video],Future,2025 still hitting ❤ Hit that like button 🥰,1
Future,Trap,QPUMiC-IIl8,Future &quot;No Matter What&quot; [Official Video],Future,2025??😂,1
Future,Trap,QPUMiC-IIl8,Future &quot;No Matter What&quot; [Official Video],Future,2k25,0
Future,Trap,QPUMiC-IIl8,Future &quot;No Matter What&quot; [Official Video],Future,2025🎉,0
Future,Trap,QPUMiC-IIl8,Future &quot;No Matter What&quot; [Official Video],Future,Who still listening in 2025? She gon be there for the kid no matter what 😘,0
Future,Trap,QPUMiC-IIl8,Future &quot;No Matter What&quot; [Official Video],Future,"Nobody: 

Me: 13 days into 2025 🗣️We met through a mutual friend! 🤣🤣🥹🥹",0
Future,Trap,QPUMiC-IIl8,Future &quot;No Matter What&quot; [Official Video],Future,Who playin it in 2025 🔥,2
Future,Trap,QPUMiC-IIl8,Future &quot;No Matter What&quot; [Official Video],Future,2025 anybody???,2
Future,Trap,QPUMiC-IIl8,Future &quot;No Matter What&quot; [Official Video],Future,Who playing in 2025?? 🎉,2
Future,Trap,QPUMiC-IIl8,Future &quot;No Matter What&quot; [Official Video],Future,Rip to this future its ftb now 😂,2
Future,Trap,QPUMiC-IIl8,Future &quot;No Matter What&quot; [Official Video],Future,2025 any one ❤???,2
Future,Trap,QPUMiC-IIl8,Future &quot;No Matter What&quot; [Official Video],Future,Chips it out,0
Future,Trap,QPUMiC-IIl8,Future &quot;No Matter What&quot; [Official Video],Future,Spit guards guards cloned,0
Future,Trap,QPUMiC-IIl8,Future &quot;No Matter What&quot; [Official Video],Future,You tube dr phd baby made,0
Future,Trap,QPUMiC-IIl8,Future &quot;No Matter What&quot; [Official Video],Future,Woof see catalogs about loonies and apollo coins and currency and presidential candidates,0
Future,Trap,QPUMiC-IIl8,Future &quot;No Matter What&quot; [Official Video],Future,2025🙂‍↕️,0
Future,Trap,QPUMiC-IIl8,Future &quot;No Matter What&quot; [Official Video],Future,Here in 2025,0
Future,Trap,QPUMiC-IIl8,Future &quot;No Matter What&quot; [Official Video],Future,2025 …,0
Future,Trap,QPUMiC-IIl8,Future &quot;No Matter What&quot; [Official Video],Future,2025 🤯,1
Future,Trap,QPUMiC-IIl8,Future &quot;No Matter What&quot; [Official Video],Future,who listening with me in 2025 ? 😁,0
Future,Trap,QPUMiC-IIl8,Future &quot;No Matter What&quot; [Official Video],Future,Who playing it 2025,2
Future,Trap,QPUMiC-IIl8,Future &quot;No Matter What&quot; [Official Video],Future,Who I’m here in 2025🎉🎉,0
Future,Trap,QPUMiC-IIl8,Future &quot;No Matter What&quot; [Official Video],Future,2025?? ❤😂,1
Future,Trap,QPUMiC-IIl8,Future &quot;No Matter What&quot; [Official Video],Future,2025 👀,2
Future,Trap,QPUMiC-IIl8,Future &quot;No Matter What&quot; [Official Video],Future,who here 2025,2
Future,Trap,QPUMiC-IIl8,Future &quot;No Matter What&quot; [Official Video],Future,Here in 2025!!!,4
Future,Trap,QPUMiC-IIl8,Future &quot;No Matter What&quot; [Official Video],Future,"I always kinda wondered "" HOW HE SAYS HE KNOWS THAT SHE'S LOYAL"" ??😮 When she already belongs to some one else at that time !! But i still love thia damn song 😊😊",2
Future,Trap,QPUMiC-IIl8,Future &quot;No Matter What&quot; [Official Video],Future,Dis still heat no matter what in 2025!!,0
Future,Trap,QPUMiC-IIl8,Future &quot;No Matter What&quot; [Official Video],Future,Who here in 2025,146
Future,Trap,QPUMiC-IIl8,Future &quot;No Matter What&quot; [Official Video],Future,2025 😎😎,2
Future,Trap,QPUMiC-IIl8,Future &quot;No Matter What&quot; [Official Video],Future,No matter what,0
Future,Trap,QPUMiC-IIl8,Future &quot;No Matter What&quot; [Official Video],Future,2025 🩵,1
Future,Trap,QPUMiC-IIl8,Future &quot;No Matter What&quot; [Official Video],Future,2025?,1
Future,Trap,QPUMiC-IIl8,Future &quot;No Matter What&quot; [Official Video],Future,2025 check in,0
Future,Trap,QPUMiC-IIl8,Future &quot;No Matter What&quot; [Official Video],Future,2025🎉,0
Future,Trap,QPUMiC-IIl8,Future &quot;No Matter What&quot; [Official Video],Future,This reminds me of my bestie lunaqueen I love her,0
Future,Trap,QPUMiC-IIl8,Future &quot;No Matter What&quot; [Official Video],Future,2025 Anyone?,1
Future,Trap,QPUMiC-IIl8,Future &quot;No Matter What&quot; [Official Video],Future,who playin it in 2025,1
Future,Trap,QPUMiC-IIl8,Future &quot;No Matter What&quot; [Official Video],Future,Who’s playing it in 2025?,0
Future,Trap,QPUMiC-IIl8,Future &quot;No Matter What&quot; [Official Video],Future,Taking this sht to 2025,0
Future,Trap,QPUMiC-IIl8,Future &quot;No Matter What&quot; [Official Video],Future,I found my homie and best friend in 2022 and still rockin strong 💯,0
Future,Trap,QPUMiC-IIl8,Future &quot;No Matter What&quot; [Official Video],Future,13 years ago is crazy!!! But I’m here 😂,0
Future,Trap,QPUMiC-IIl8,Future &quot;No Matter What&quot; [Official Video],Future,This song goes on repeat at least twice a day!!! This mf riiddeee❤,1
Future,Trap,QPUMiC-IIl8,Future &quot;No Matter What&quot; [Official Video],Future,He got two he interested in prursuing just not same time,0
Future,Trap,QPUMiC-IIl8,Future &quot;No Matter What&quot; [Official Video],Future,Why isn’t this on Apple Music yet?,0
Future,Trap,QPUMiC-IIl8,Future &quot;No Matter What&quot; [Official Video],Future,how eva it go namimsayin 🤞🏿🔥,2
Future,Trap,QPUMiC-IIl8,Future &quot;No Matter What&quot; [Official Video],Future,Ending 2024 and going into 2025 still loving this song NO MATTER WHAT ‼️,1
Future,Trap,QPUMiC-IIl8,Future &quot;No Matter What&quot; [Official Video],Future,Who playing this in 2025!,0
Future,Trap,QPUMiC-IIl8,Future &quot;No Matter What&quot; [Official Video],Future,Thats it for us huh bae twinkle,0
Future,Trap,QPUMiC-IIl8,Future &quot;No Matter What&quot; [Official Video],Future,"No matter what, that what they say, that the game they play,(We'll it's gonna have to be shown to me-for get the words come correct,i got eyes every where,i want to (See)Show (1982)Feb/2/1982.Social Security Last four:7696.Shantina Izora Yarber /Laster.",0
Future,Trap,QPUMiC-IIl8,Future &quot;No Matter What&quot; [Official Video],Future,"I'm back,Life love's me,1982LearnMe/7696-SweetTea/Dymond FOREVER.BlueBlack.Rainbow colors.All. Colors.(Fillstone-Graygoose Sauce.🎉 Digit's Code 🤑🤑🤑🤑🤑🤑🤑-💙🖤(Clue)$$$$$$$$$.",0
Future,Trap,QPUMiC-IIl8,Future &quot;No Matter What&quot; [Official Video],Future,Didnt kodak remix this song? Or made sum type cover to this? If so let me kno wich song,0
Future,Trap,QPUMiC-IIl8,Future &quot;No Matter What&quot; [Official Video],Future,Me and my husband🤣🗣️listening in 2024😂❤,1
Future,Trap,QPUMiC-IIl8,Future &quot;No Matter What&quot; [Official Video],Future,Dec 2024,1
Future,Trap,QPUMiC-IIl8,Future &quot;No Matter What&quot; [Official Video],Future,STILL HERE 2024,1
Future,Trap,QPUMiC-IIl8,Future &quot;No Matter What&quot; [Official Video],Future,2024,0
Future,Trap,QPUMiC-IIl8,Future &quot;No Matter What&quot; [Official Video],Future,🖤🔥,0
Future,Trap,QPUMiC-IIl8,Future &quot;No Matter What&quot; [Official Video],Future,Me and her use to get down to this one,0
Future,Trap,QPUMiC-IIl8,Future &quot;No Matter What&quot; [Official Video],Future,Yesss,0
Future,Trap,QPUMiC-IIl8,Future &quot;No Matter What&quot; [Official Video],Future,I love this song ❤,0
Future,Trap,QPUMiC-IIl8,Future &quot;No Matter What&quot; [Official Video],Future,Memd❤❤,0
Future,Trap,QPUMiC-IIl8,Future &quot;No Matter What&quot; [Official Video],Future,Swears 2024 November 30th who is listening ❤❤❤,0
Future,Trap,QPUMiC-IIl8,Future &quot;No Matter What&quot; [Official Video],Future,Omg i miss this future... 😭,0
Future,Trap,QPUMiC-IIl8,Future &quot;No Matter What&quot; [Official Video],Future,This song is still going hard!,0
Future,Trap,QPUMiC-IIl8,Future &quot;No Matter What&quot; [Official Video],Future,If you don’t know this song we can’t be friends 💪🏾💪🏾,0
Future,Trap,QPUMiC-IIl8,Future &quot;No Matter What&quot; [Official Video],Future,It’s 2024 I’m still fkn wit dis!! 😩,0
Future,Trap,QPUMiC-IIl8,Future &quot;No Matter What&quot; [Official Video],Future,No matter what,1
Future,Trap,QPUMiC-IIl8,Future &quot;No Matter What&quot; [Official Video],Future,Awww cute future,0
Future,Trap,QPUMiC-IIl8,Future &quot;No Matter What&quot; [Official Video],Future,❤❤❤❤,0
Future,Trap,QPUMiC-IIl8,Future &quot;No Matter What&quot; [Official Video],Future,@jrjr5999 me n my homegrl will rocc this till the end of time my nicca!!!,0
Future,Trap,QPUMiC-IIl8,Future &quot;No Matter What&quot; [Official Video],Future,One of them ones,0
Future,Trap,QPUMiC-IIl8,Future &quot;No Matter What&quot; [Official Video],Future,November 2024 ♏🦂,1
Future,Trap,QPUMiC-IIl8,Future &quot;No Matter What&quot; [Official Video],Future,November 2024 anyone?,19
Future,Trap,QPUMiC-IIl8,Future &quot;No Matter What&quot; [Official Video],Future,This my shitt,1
Future,Trap,QPUMiC-IIl8,Future &quot;No Matter What&quot; [Official Video],Future,Still🔥🔥🔥,0
Future,Trap,QPUMiC-IIl8,Future &quot;No Matter What&quot; [Official Video],Future,Estudando pra ver se lanço a braba em 2025 !!,0
Future,Trap,QPUMiC-IIl8,Future &quot;No Matter What&quot; [Official Video],Future,No matter what,0
Future,Trap,QPUMiC-IIl8,Future &quot;No Matter What&quot; [Official Video],Future,2025,0
Future,Trap,QPUMiC-IIl8,Future &quot;No Matter What&quot; [Official Video],Future,2024 🤞🏾🤞🏾🤞🏾🤞🏾🤞🏾🤞🏾,1
Future,Trap,QPUMiC-IIl8,Future &quot;No Matter What&quot; [Official Video],Future,Old future hit different,6
Future,Trap,QPUMiC-IIl8,Future &quot;No Matter What&quot; [Official Video],Future,2024😂,0
Future,Trap,QPUMiC-IIl8,Future &quot;No Matter What&quot; [Official Video],Future,N 82nd St,0
Future,Trap,QPUMiC-IIl8,Future &quot;No Matter What&quot; [Official Video],Future,"MALINDA ""BEAUTY NEW NEW"" SHEPPERSON",0
Future,Trap,FLkC4ombo9A,Future - Tycoon (Official Music Video),Future,"Iubire, te rog.. i get you. Forgive me",0
Future,Trap,FLkC4ombo9A,Future - Tycoon (Official Music Video),Future,May 2026🎉,0
Future,Trap,FLkC4ombo9A,Future - Tycoon (Official Music Video),Future,You prob here cause you saw Carti post.,0
Future,Trap,FLkC4ombo9A,Future - Tycoon (Official Music Video),Future,he got all the hoez in his videos,0
Future,Trap,FLkC4ombo9A,Future - Tycoon (Official Music Video),Future,🦅🦅🦅🦅,1
Future,Trap,FLkC4ombo9A,Future - Tycoon (Official Music Video),Future,2026!,0
Future,Trap,FLkC4ombo9A,Future - Tycoon (Official Music Video),Future,"2026 anyone
Can't deny Future been in his bag since day one, but that AUTHENTIC VIEWS DAWT CAWM boost is on another level! Dude’s literally unstoppable now. 🔥",10
Future,Trap,FLkC4ombo9A,Future - Tycoon (Official Music Video),Future,2026 👌🏼,0
Future,Trap,FLkC4ombo9A,Future - Tycoon (Official Music Video),Future,2026 🤲🏽💫🫡,0
Future,Trap,FLkC4ombo9A,Future - Tycoon (Official Music Video),Future,🤣🤣🤣😭😭😭,0
Future,Trap,FLkC4ombo9A,Future - Tycoon (Official Music Video),Future,2026 march😭🔥,2
Future,Trap,FLkC4ombo9A,Future - Tycoon (Official Music Video),Future,I’m still staring at the candle,1
Future,Trap,FLkC4ombo9A,Future - Tycoon (Official Music Video),Future,🎉🎉🎉,0
Future,Trap,FLkC4ombo9A,Future - Tycoon (Official Music Video),Future,Goated song forever,3
Future,Trap,FLkC4ombo9A,Future - Tycoon (Official Music Video),Future,🔥🔥🔥,0
Future,Trap,FLkC4ombo9A,Future - Tycoon (Official Music Video),Future,Kirkwood GA ATL free band EST Zone 6  👑future 🏆🏆🏆🏆🏆all time legendary 🇺🇸true street 💯😎💥😎💯💥😎💯💥😎💯💥😎💯💥😎💯💥😎 if You can make it out the 6 that’s amazing where you from bumping 2026,1
Future,Trap,FLkC4ombo9A,Future - Tycoon (Official Music Video),Future,meee,0
Future,Trap,FLkC4ombo9A,Future - Tycoon (Official Music Video),Future,"Future is still the sexiest rap artist alive 2026.🌹🫦
I said wtf I said.
Hate that he's a Scorpio though.🙄",0
Future,Trap,FLkC4ombo9A,Future - Tycoon (Official Music Video),Future,wish my friends listen to this song rn   happy to be alive as u future. yo nun1 fan from iran,1
Future,Trap,FLkC4ombo9A,Future - Tycoon (Official Music Video),Future,I luv Future,0
Future,Trap,FLkC4ombo9A,Future - Tycoon (Official Music Video),Future,2026 STILL LOCKED IN,0
Future,Trap,FLkC4ombo9A,Future - Tycoon (Official Music Video),Future,King Pluto❤,1
Future,Trap,FLkC4ombo9A,Future - Tycoon (Official Music Video),Future,❤masterpiece,1
Future,Trap,FLkC4ombo9A,Future - Tycoon (Official Music Video),Future,Starting 2026 right 💯,0
Future,Trap,FLkC4ombo9A,Future - Tycoon (Official Music Video),Future,2026 anyone?,4
Future,Trap,FLkC4ombo9A,Future - Tycoon (Official Music Video),Future,2026 anyone,133
Future,Trap,FLkC4ombo9A,Future - Tycoon (Official Music Video),Future,2026 FUTURE IS STILL A TYCOON,1
Future,Trap,FLkC4ombo9A,Future - Tycoon (Official Music Video),Future,"Future will always keep throwin viral 
because of his voice.
   he is byin vews  fram 💖💖 HIPVIEWS DAWT CAWM 💖💖",2
Future,Trap,FLkC4ombo9A,Future - Tycoon (Official Music Video),Future,🔥🔥,0
Future,Trap,FLkC4ombo9A,Future - Tycoon (Official Music Video),Future,I dont care if I don't matter to others I matter to God thats all that matters I just need my money I matter to me,0
Future,Trap,FLkC4ombo9A,Future - Tycoon (Official Music Video),Future,still underated,0
Future,Trap,FLkC4ombo9A,Future - Tycoon (Official Music Video),Future,Goutmane,0
Future,Trap,FLkC4ombo9A,Future - Tycoon (Official Music Video),Future,🔥🔥🔥🔥🔥🔥🦅,0
Future,Trap,FLkC4ombo9A,Future - Tycoon (Official Music Video),Future,💯 🎉,0
Future,Trap,FLkC4ombo9A,Future - Tycoon (Official Music Video),Future,彼は偉大な顔立ちだね,0
Future,Trap,FLkC4ombo9A,Future - Tycoon (Official Music Video),Future,Pimp C lives on through Future 😂 LLPimp,0
Future,Trap,FLkC4ombo9A,Future - Tycoon (Official Music Video),Future,😮❤,0
Future,Trap,FLkC4ombo9A,Future - Tycoon (Official Music Video),Future,This is my life theme music,0
Future,Trap,FLkC4ombo9A,Future - Tycoon (Official Music Video),Future,Trap = FUTURE,0
Future,Trap,FLkC4ombo9A,Future - Tycoon (Official Music Video),Future,Banger ✨️🕯🪆🕯,0
Future,Trap,FLkC4ombo9A,Future - Tycoon (Official Music Video),Future,Ab Woods,0
Future,Trap,FLkC4ombo9A,Future - Tycoon (Official Music Video),Future,2:12,1
Future,Trap,FLkC4ombo9A,Future - Tycoon (Official Music Video),Future,CANT WAIT TO GO TO A PLUTO CONCERT,2
Future,Trap,FLkC4ombo9A,Future - Tycoon (Official Music Video),Future,🔥🔥🔥🔥🔥🔥🔥🔥,1
Future,Trap,FLkC4ombo9A,Future - Tycoon (Official Music Video),Future,The only tycoon I known of is D. Hall,1
Future,Trap,FLkC4ombo9A,Future - Tycoon (Official Music Video),Future,Staring at the  candle,1
Future,Trap,FLkC4ombo9A,Future - Tycoon (Official Music Video),Future,💪✊,1
Future,Trap,FLkC4ombo9A,Future - Tycoon (Official Music Video),Future,On God😊,1
Future,Trap,FLkC4ombo9A,Future - Tycoon (Official Music Video),Future,"5 years later, shit still so hard",1
Future,Trap,FLkC4ombo9A,Future - Tycoon (Official Music Video),Future,🎉,1
Future,Trap,FLkC4ombo9A,Future - Tycoon (Official Music Video),Future,Dammmm riding ina ghost Patrick swazy he watched the movie 🎬,1
Future,Trap,FLkC4ombo9A,Future - Tycoon (Official Music Video),Future,✊📐🌞🍶😀🧬🐐💖⚡,0
Future,Trap,FLkC4ombo9A,Future - Tycoon (Official Music Video),Future,❤❤❤,0
Future,Trap,FLkC4ombo9A,Future - Tycoon (Official Music Video),Future,RIP SCOOTER,0
Future,Trap,FLkC4ombo9A,Future - Tycoon (Official Music Video),Future,luvvvv this songg,0
Future,Trap,FLkC4ombo9A,Future - Tycoon (Official Music Video),Future,Gang nem,1
Future,Trap,FLkC4ombo9A,Future - Tycoon (Official Music Video),Future,1:01 🔥🔥🔥🔥🔥🔥🔥,0
Future,Trap,FLkC4ombo9A,Future - Tycoon (Official Music Video),Future,🔥🔥,0
Future,Trap,FLkC4ombo9A,Future - Tycoon (Official Music Video),Future,🔥🔥🔥,0
Future,Trap,FLkC4ombo9A,Future - Tycoon (Official Music Video),Future,Got damm i feel like future im a tycoon,1
Future,Trap,FLkC4ombo9A,Future - Tycoon (Official Music Video),Future,I’m here in “2025” who else here,0
Future,Trap,FLkC4ombo9A,Future - Tycoon (Official Music Video),Future,❤,0
Future,Trap,FLkC4ombo9A,Future - Tycoon (Official Music Video),Future,", 😭icon",0
Future,Trap,FLkC4ombo9A,Future - Tycoon (Official Music Video),Future,Feel the pain on me it nixxa it dont MATTER😇😇😇😇😇😇😇😇😇😇😇😇😇😇😇😇,0
Future,Trap,FLkC4ombo9A,Future - Tycoon (Official Music Video),Future,In Sesotho - KWETA BY FUTURE,0
Future,Trap,FLkC4ombo9A,Future - Tycoon (Official Music Video),Future,🔥🔥,0
Future,Trap,FLkC4ombo9A,Future - Tycoon (Official Music Video),Future,Top 5 Dead or alive,1
Future,Trap,FLkC4ombo9A,Future - Tycoon (Official Music Video),Future,🔥🔥🥲❤,0
Future,Trap,FLkC4ombo9A,Future - Tycoon (Official Music Video),Future,Dis bih future had wit em through da video was so fine,2
Future,Trap,FLkC4ombo9A,Future - Tycoon (Official Music Video),Future,We still here 2025?,0
Future,Trap,FLkC4ombo9A,Future - Tycoon (Official Music Video),Future,No matter who or what you’ve done Jesus loves all and forgives,0
Future,Trap,FLkC4ombo9A,Future - Tycoon (Official Music Video),Future,Jesus loves all,0
Future,Trap,FLkC4ombo9A,Future - Tycoon (Official Music Video),Future,Niang matam Kartier médina gounas 😅,0
Future,Trap,FLkC4ombo9A,Future - Tycoon (Official Music Video),Future,"I’m not a damn poser, so I’m tryna find an exit. 🔥🔥🔥🔥",1
Future,Trap,FLkC4ombo9A,Future - Tycoon (Official Music Video),Future,That Patrick swayze lime 🔥 futures always a good vibe,0
Future,Trap,FLkC4ombo9A,Future - Tycoon (Official Music Video),Future,2025,1
Future,Trap,FLkC4ombo9A,Future - Tycoon (Official Music Video),Future,Just got some bitch whacked at a dinner,0
Future,Trap,FLkC4ombo9A,Future - Tycoon (Official Music Video),Future,2025 Anyone ?,117
Future,Trap,FLkC4ombo9A,Future - Tycoon (Official Music Video),Future,Hail old hip hop,0
Future,Trap,FLkC4ombo9A,Future - Tycoon (Official Music Video),Future,It’s da mthfn blood 🦅🦅,0
Future,Trap,FLkC4ombo9A,Future - Tycoon (Official Music Video),Future,That was the time of Durk you can hear it STTS3 is still till this day a classic. I miss the music before 20s Hndrxx and FUTURE were soo good,2
Future,Trap,FLkC4ombo9A,Future - Tycoon (Official Music Video),Future,Staring at the candle... Feel the pain on me,0
Future,Trap,FLkC4ombo9A,Future - Tycoon (Official Music Video),Future,🫶🏽,0
Future,Trap,FLkC4ombo9A,Future - Tycoon (Official Music Video),Future,Play this literally DAILY.,2
Future,Trap,FLkC4ombo9A,Future - Tycoon (Official Music Video),Future,Street dangerous ✊,0
Future,Trap,FLkC4ombo9A,Future - Tycoon (Official Music Video),Future,"I don’t really love Rap , but when I listen Future me make me crazy. For him , I can love rap forever . Future is another level , when you listen he’s music , we can say that we have one of the best rapper in world. Good than 2Pac for me . I can’t wait to move in Atlanta, to see him . Thank you future , anytime I get stress I listen your music because you have fucking crazy skills in Rap",1
Future,Trap,FLkC4ombo9A,Future - Tycoon (Official Music Video),Future,I miss you FUTURE 4 EVA EVA,0
Future,Trap,FLkC4ombo9A,Future - Tycoon (Official Music Video),Future,🎧💨💵,0
Future,Trap,FLkC4ombo9A,Future - Tycoon (Official Music Video),Future,2025 Still 🌪️,4
Future,Trap,FLkC4ombo9A,Future - Tycoon (Official Music Video),Future,Nonstop future music on my mind,0
Future,Trap,FLkC4ombo9A,Future - Tycoon (Official Music Video),Future,It’s 2025 who’s still listening to this banger 🔊 🔥,2
Future,Trap,FLkC4ombo9A,Future - Tycoon (Official Music Video),Future,2025 still listening,6
Future,Trap,FLkC4ombo9A,Future - Tycoon (Official Music Video),Future,does anyone know who this model is ?,0
Future,Trap,FLkC4ombo9A,Future - Tycoon (Official Music Video),Future,"What's why he's the GOAT, bangers, and consistency",0
Future,Trap,FLkC4ombo9A,Future - Tycoon (Official Music Video),Future,Streets dangerous!,0
Future,Trap,FLkC4ombo9A,Future - Tycoon (Official Music Video),Future,Took the draco on a PJ ain't playing ☹️,5
Future,Trap,FLkC4ombo9A,Future - Tycoon (Official Music Video),Future,2,1
Future,Trap,FLkC4ombo9A,Future - Tycoon (Official Music Video),Future,I want a chinchilla sheet😢,1
Future,Trap,FLkC4ombo9A,Future - Tycoon (Official Music Video),Future,Jammin 2024 with FUTURE TYCOON,1
Future,Trap,FLkC4ombo9A,Future - Tycoon (Official Music Video),Future,Dallas Rest,0
Future,Trap,FLkC4ombo9A,Future - Tycoon (Official Music Video),Future,Future,0
Future,Trap,FLkC4ombo9A,Future - Tycoon (Official Music Video),Future,Who is the video girl ?,0
Future,Trap,FLkC4ombo9A,Future - Tycoon (Official Music Video),Future,2:33,0
Future,Trap,FLkC4ombo9A,Future - Tycoon (Official Music Video),Future,I drink nothing but water because I’m holy 😭,0
Future,Trap,FLkC4ombo9A,Future - Tycoon (Official Music Video),Future,"“Never seen a bitch that look that beautiful, but deep down inside she really dirty” 😤",0
Future,Trap,FLkC4ombo9A,Future - Tycoon (Official Music Video),Future,Music,0
Future,Trap,FLkC4ombo9A,Future - Tycoon (Official Music Video),Future,🐐,0
Future,Trap,FLkC4ombo9A,Future - Tycoon (Official Music Video),Future,0:00,0
Future,Trap,FLkC4ombo9A,Future - Tycoon (Official Music Video),Future,🔥🔥🔥🔥,0
Future,Trap,FLkC4ombo9A,Future - Tycoon (Official Music Video),Future,Thx😁,1
Future,Trap,FLkC4ombo9A,Future - Tycoon (Official Music Video),Future,🔥🔥🔥🔥,0
Future,Trap,FLkC4ombo9A,Future - Tycoon (Official Music Video),Future,Still here 2024,1
Future,Trap,FLkC4ombo9A,Future - Tycoon (Official Music Video),Future,Patrick swaezy,1
Future,Trap,FLkC4ombo9A,Future - Tycoon (Official Music Video),Future,❤❤❤❤❤,0
Future,Trap,FLkC4ombo9A,Future - Tycoon (Official Music Video),Future,2024 anybody,0
Future,Trap,FLkC4ombo9A,Future - Tycoon (Official Music Video),Future,##1191,0
Future,Trap,FLkC4ombo9A,Future - Tycoon (Official Music Video),Future,Most underrated future song,4
Future,Trap,FLkC4ombo9A,Future - Tycoon (Official Music Video),Future,I Love Future With Short Long Dreads Dreadlocks and Big Long Dreadlocks Who is American Rapper One Of My Favorite Rapper And Artist Lil Uzi Vert,2
Future,Trap,FLkC4ombo9A,Future - Tycoon (Official Music Video),Future,4##5969,0
Future,Trap,FLkC4ombo9A,Future - Tycoon (Official Music Video),Future,deceasedvictoriasecretsprays-$-42red,0
Future,Trap,FLkC4ombo9A,Future - Tycoon (Official Music Video),Future,deceasedspacesecret-$-7red,0
Future,Trap,FLkC4ombo9A,Future - Tycoon (Official Music Video),Future,toolongswh2,0
Future,Trap,FLkC4ombo9A,Future - Tycoon (Official Music Video),Future,Ben Franks,0
Future,Trap,FLkC4ombo9A,Future - Tycoon (Official Music Video),Future,SOULSSSSS,0
Future,Trap,FLkC4ombo9A,Future - Tycoon (Official Music Video),Future,Underrated,1
Future,Trap,FLkC4ombo9A,Future - Tycoon (Official Music Video),Future,2024❤❤,0
Future,Trap,FLkC4ombo9A,Future - Tycoon (Official Music Video),Future,Call me Young Future ☝🏾😌,0
Future,Trap,FLkC4ombo9A,Future - Tycoon (Official Music Video),Future,This needs a 100 Million Views 🔥💯,1
Future,Trap,FLkC4ombo9A,Future - Tycoon (Official Music Video),Future,This guy knows the true impact of his words 💯,3
Future,Trap,FLkC4ombo9A,Future - Tycoon (Official Music Video),Future,i keep thinking thats ciara in the thumbnail,0
Future,Trap,FLkC4ombo9A,Future - Tycoon (Official Music Video),Future,I ain going back..nah,0
Future,Trap,FLkC4ombo9A,Future - Tycoon (Official Music Video),Future,😅🥰🥰😗🥰😃😘😗,0
Future,Trap,FLkC4ombo9A,Future - Tycoon (Official Music Video),Future,I’m a raccacoooooon😂,0
Future,Trap,FLkC4ombo9A,Future - Tycoon (Official Music Video),Future,2:50 very tycoonish,2
Future,Trap,FLkC4ombo9A,Future - Tycoon (Official Music Video),Future,2024 🔥🔥🔥🔥🔥🔥🔥💯👌,0
Future,Trap,FLkC4ombo9A,Future - Tycoon (Official Music Video),Future,Just another underrated hit i spun back to a few years later 🐐🙇🏾‍♂️,13
Future,Trap,FLkC4ombo9A,Future - Tycoon (Official Music Video),Future,Anyone know what a PJ is?,1
Future,Trap,FLkC4ombo9A,Future - Tycoon (Official Music Video),Future,anyone???,0
Future,Trap,FLkC4ombo9A,Future - Tycoon (Official Music Video),Future,future A GOAT,1
Future,Trap,FLkC4ombo9A,Future - Tycoon (Official Music Video),Future,Good music will never be affected by time because it's a feeling.,4
Future,Trap,FLkC4ombo9A,Future - Tycoon (Official Music Video),Future,🔥🔥🔥🔥🔥🔥🔥🔥🔥🔥🔥🔥🔥🔥🔥🔥🔥🔥🔥🔥🔥🔥🔥🔥🔥🔥🔥🔥,0
Future,Trap,FLkC4ombo9A,Future - Tycoon (Official Music Video),Future,"Best Future song, Way too Underrated🔥🔥🔥🔥",3
Future,Trap,FLkC4ombo9A,Future - Tycoon (Official Music Video),Future,always my fav song,0
Future,Trap,FLkC4ombo9A,Future - Tycoon (Official Music Video),Future,always my fav song,0
Future,Trap,FLkC4ombo9A,Future - Tycoon (Official Music Video),Future,🔥🔥🔥🔥,0
Future,Trap,FLkC4ombo9A,Future - Tycoon (Official Music Video),Future,is that lori harvy?,0
Future,Trap,FLkC4ombo9A,Future - Tycoon (Official Music Video),Future,Future - Tycoon (Official Music Video),0
Future,Trap,FLkC4ombo9A,Future - Tycoon (Official Music Video),Future,anyone know the name or Ig of this video vixen,1
Future,Trap,FLkC4ombo9A,Future - Tycoon (Official Music Video),Future,Preach 🙌🏼 to my soul 🤞🏼🔥🔥🔥🔥🔥🔥🔥,1
Future,Trap,FLkC4ombo9A,Future - Tycoon (Official Music Video),Future,Free Weez 🦅,0
Future,Trap,FLkC4ombo9A,Future - Tycoon (Official Music Video),Future,🦅🔥🔥🔥,0
Future,Trap,FLkC4ombo9A,Future - Tycoon (Official Music Video),Future,If you ever had an addiction you know what he saying.,1
Future,Trap,FLkC4ombo9A,Future - Tycoon (Official Music Video),Future,Good future ❤❤❤,0
Future,Trap,FLkC4ombo9A,Future - Tycoon (Official Music Video),Future,The dance you do when you know you bouta get some good ass pussy 3:08😂😂😂,3
Future,Trap,FLkC4ombo9A,Future - Tycoon (Official Music Video),Future,This that Pluto future  I been missing keep up tha great work big homie A1FBG all day everyday,0
Future,Trap,FLkC4ombo9A,Future - Tycoon (Official Music Video),Future,Free Philip,0
Future,Trap,FLkC4ombo9A,Future - Tycoon (Official Music Video),Future,Hit,0
Future,Trap,FLkC4ombo9A,Future - Tycoon (Official Music Video),Future,💎💯🫡💯💰🙏💰👑😤🎬🎓🦻😭🛵🙊🤩🎩🕶️🏧🙈👽💐😌😀📢🧤,1
Future,Trap,FLkC4ombo9A,Future - Tycoon (Official Music Video),Future,💯💰🫡👽💰💯📢🧤📀🎬🙊😁💎🎧💐🏧🎩🙈👑🥅🕶️🦻😌😭🛵😀,1
Future,Trap,FLkC4ombo9A,Future - Tycoon (Official Music Video),Future,🤞🏾✨,0
Future,Trap,FLkC4ombo9A,Future - Tycoon (Official Music Video),Future,top 3 best future song idc,6
Future,Trap,FLkC4ombo9A,Future - Tycoon (Official Music Video),Future,So underrated song,1
Future,Trap,FLkC4ombo9A,Future - Tycoon (Official Music Video),Future,Huh well i be,0
Future,Trap,FLkC4ombo9A,Future - Tycoon (Official Music Video),Future,This is like my favorite music video by future idk why,0
Future,Trap,FLkC4ombo9A,Future - Tycoon (Official Music Video),Future,Desert cut so tuff🔥🔥,1
Future,Trap,FLkC4ombo9A,Future - Tycoon (Official Music Video),Future,Tycoon shit forever,0
Future,Trap,FLkC4ombo9A,Future - Tycoon (Official Music Video),Future,Massive cruise 🤠,0
Future,Trap,FLkC4ombo9A,Future - Tycoon (Official Music Video),Future,🔥🔥🔥🔥🔥🔥🔥🔥🔥🔥🔥🔥🔥🔥🔥🔥🔥,0
Future,Trap,FLkC4ombo9A,Future - Tycoon (Official Music Video),Future,Future is the Best guy on earth...,0
Future,Trap,FLkC4ombo9A,Future - Tycoon (Official Music Video),Future,Goat,0
Future,Trap,FLkC4ombo9A,Future - Tycoon (Official Music Video),Future,Not A Thug💜♒,0
Future,Trap,FLkC4ombo9A,Future - Tycoon (Official Music Video),Future,This ish trash. Why yall like this dude? No real rap talent,0
Future,Trap,FLkC4ombo9A,Future - Tycoon (Official Music Video),Future,one of underrated song‼︎,2
Future,Trap,FLkC4ombo9A,Future - Tycoon (Official Music Video),Future,Who's the video vixen? I need her @😢❤,1
Future,Trap,FLkC4ombo9A,Future - Tycoon (Official Music Video),Future,Twin choppers on me they my favorite,0
Future,Trap,FLkC4ombo9A,Future - Tycoon (Official Music Video),Future,"look at the devil's Snakes real good .

Trophies of Niggas",0
Future,Trap,FLkC4ombo9A,Future - Tycoon (Official Music Video),Future,They kno a thousand cutters goin off if they come for me…Uno Gang 27 they gone gun for me too Trim 🔥🔥🔥,0
Future,Trap,FLkC4ombo9A,Future - Tycoon (Official Music Video),Future,Gettin so damn geeked i been praying,0
Future,Trap,FLkC4ombo9A,Future - Tycoon (Official Music Video),Future,I love the Brown Skin Boy With Short Long Dreads Dreadlocks Future He Is So Handsome To Me,0
Future,Trap,FLkC4ombo9A,Future - Tycoon (Official Music Video),Future,Damn ni99a I remember when you did that girl dirty😂,0
Future,Trap,FLkC4ombo9A,Future - Tycoon (Official Music Video),Future,I remember in the beginning of COVID 2020 nobody was dropping any real bangers then this came out,0
Future,Trap,FLkC4ombo9A,Future - Tycoon (Official Music Video),Future,"The Goat 🐐 
PROTECT FUTURE BY ALL COST!!!",0
Future,Trap,FLkC4ombo9A,Future - Tycoon (Official Music Video),Future,2023 tycoon shitt SC2ATL 🕯️📿🗡️,0
Future,Trap,FLkC4ombo9A,Future - Tycoon (Official Music Video),Future,This boy is my best for life ❤❤future love you 🥰,1
Future,Trap,FLkC4ombo9A,Future - Tycoon (Official Music Video),Future,Future want in 🔥🔥🔥🔥🔥,0
Future,Trap,FLkC4ombo9A,Future - Tycoon (Official Music Video),Future,maaan one of his most underated song ever.....,1
Future,Trap,FLkC4ombo9A,Future - Tycoon (Official Music Video),Future,yoooo dreamybull,0
Future,Trap,FLkC4ombo9A,Future - Tycoon (Official Music Video),Future,❤❤❤❤,0
Future,Trap,FLkC4ombo9A,Future - Tycoon (Official Music Video),Future,Ima tell my kids that this was Obama,0
Future,Trap,FLkC4ombo9A,Future - Tycoon (Official Music Video),Future,🕯,0
Future,Trap,FLkC4ombo9A,Future - Tycoon (Official Music Video),Future,This song and video is fire and so is future he is the GOAT he never will fall off periodttttt ❤,1
Future,Trap,FLkC4ombo9A,Future - Tycoon (Official Music Video),Future,Happy 3rd Anniversary,1
Future,Trap,FLkC4ombo9A,Future - Tycoon (Official Music Video),Future,FREEBANDZ,2
Future,Trap,FLkC4ombo9A,Future - Tycoon (Official Music Video),Future,imagine how this will sound in the next 5 years🥲😮‍💨,1
Future,Trap,FLkC4ombo9A,Future - Tycoon (Official Music Video),Future,BANGER,0
Future,Trap,FLkC4ombo9A,Future - Tycoon (Official Music Video),Future,add white button down to dress code!!!!,1
Future,Trap,FLkC4ombo9A,Future - Tycoon (Official Music Video),Future,"Took that Draco on a Pj , I ain’t playing‼️🔥",1
Future,Trap,FLkC4ombo9A,Future - Tycoon (Official Music Video),Future,100,0
Future,Trap,FLkC4ombo9A,Future - Tycoon (Official Music Video),Future,💜👍,0
Future,Trap,FLkC4ombo9A,Future - Tycoon (Official Music Video),Future,Chey ⏱️,0
Future,Trap,FLkC4ombo9A,Future - Tycoon (Official Music Video),Future,Dear God I am ready for my true soulmate in my life just help me with my own spot and my music career Amen,0
Future,Trap,FLkC4ombo9A,Future - Tycoon (Official Music Video),Future,Dear God thank you very much for everything in my life I pray in the Blood of Jesus Christ I pray Amen,1
Future,Trap,FLkC4ombo9A,Future - Tycoon (Official Music Video),Future,so real,0
Future,Trap,FLkC4ombo9A,Future - Tycoon (Official Music Video),Future,Bin listing from the start 🥰🥰😎🤠,0
Future,Trap,FLkC4ombo9A,Future - Tycoon (Official Music Video),Future,🔥🔥🔥,0
Future,Trap,FLkC4ombo9A,Future - Tycoon (Official Music Video),Future,Repent Jesus is coming back 🙌,264
Future,Trap,FLkC4ombo9A,Future - Tycoon (Official Music Video),Future,A whole type of vibe ❤,7
Future,Trap,FLkC4ombo9A,Future - Tycoon (Official Music Video),Future,Future rockin them dreads,1
Future,Trap,FLkC4ombo9A,Future - Tycoon (Official Music Video),Future,"Future go in sooo hard on this right here, straight up BANGER! He aint like all them artists who just be goin HAM ON THE GRAM by usin dat *ig rocket*   to get followers up on the gram like them Island Boys dun did",6
Future,Trap,FLkC4ombo9A,Future - Tycoon (Official Music Video),Future,I think so tho but idk,0
Future,Trap,FLkC4ombo9A,Future - Tycoon (Official Music Video),Future,"Anyone can clarify for me ?
Please was it futures throat that was finna be cut by a machete??",1
Future,Trap,FLkC4ombo9A,Future - Tycoon (Official Music Video),Future,Future♥,0
Future,Trap,FLkC4ombo9A,Future - Tycoon (Official Music Video),Future,I really appreciate that Future made two official videos for this PERFECT song !!!! I personally prefer the desert 🏜️ video more but this joint is in his too 10 !!,1
Future,Trap,FLkC4ombo9A,Future - Tycoon (Official Music Video),Future,♫♫♪♪♪,1
Future,Trap,FLkC4ombo9A,Future - Tycoon (Official Music Video),Future,Cisco ads got em balling emphasis on the g/ing,0
Future,Trap,FLkC4ombo9A,Future - Tycoon (Official Music Video),Future,beat so smooth and bangs,0
Future,Trap,FLkC4ombo9A,Future - Tycoon (Official Music Video),Future,"I been get activist
I to bed it 
Trying off dope 
U nos and OTM
FBG gonna with 
Ha 
I came Magna Carta 
3 up 6 the street be hacktid",0
Future,Trap,FLkC4ombo9A,Future - Tycoon (Official Music Video),Future,some days i only listen to future his music is too addictive,1
Future,Trap,FLkC4ombo9A,Future - Tycoon (Official Music Video),Future,You gotta feel the vibe!!!!,0
Future,Trap,FLkC4ombo9A,Future - Tycoon (Official Music Video),Future,Videos like this is exactly why I’m a Future fan. If you get it you get it,0
Future,Trap,FLkC4ombo9A,Future - Tycoon (Official Music Video),Future,Wow!,0
Future,Trap,FLkC4ombo9A,Future - Tycoon (Official Music Video),Future,"One of my fav Black Young Male Rapper's & Singer's with dreads longer than mine
Wanna get mine's like he's though",0
Future,Trap,FLkC4ombo9A,Future - Tycoon (Official Music Video),Future,I love your song from 2016 still better Future😇😇😇,0
Future,Trap,FLkC4ombo9A,Future - Tycoon (Official Music Video),Future,Im a top tycoon is why dey hate me👑,1
Future,Trap,FLkC4ombo9A,Future - Tycoon (Official Music Video),Future,Who the Ciara look alike?,0
Future,Trap,FLkC4ombo9A,Future - Tycoon (Official Music Video),Future,Maestro 🎙,0
Future,Trap,FLkC4ombo9A,Future - Tycoon (Official Music Video),Future,Future…,0
Future,Trap,FLkC4ombo9A,Future - Tycoon (Official Music Video),Future,Not allLat,0
Future,Trap,FLkC4ombo9A,Future - Tycoon (Official Music Video),Future,Already,0
Future,Trap,FLkC4ombo9A,Future - Tycoon (Official Music Video),Future,That Patrick swayze line will forever be tuff!,0
Future,Trap,FLkC4ombo9A,Future - Tycoon (Official Music Video),Future,I'm top until they throw the sheets on me full  ghost roll Royce made out bricks,0
Future,Trap,FLkC4ombo9A,Future - Tycoon (Official Music Video),Future,Tycoon,0
Future,Trap,FLkC4ombo9A,Future - Tycoon (Official Music Video),Future,Future is the Future of rap!! Please pin this comment @Future!?,0
Future,Trap,FLkC4ombo9A,Future - Tycoon (Official Music Video),Future,only G's listen to this,0
Future,Trap,FLkC4ombo9A,Future - Tycoon (Official Music Video),Future,banger,2
Future,Trap,FLkC4ombo9A,Future - Tycoon (Official Music Video),Future,the name is endless preaching,1
Future,Trap,FLkC4ombo9A,Future - Tycoon (Official Music Video),Future,If you’re still listening to this song like this and subscribe 💪🏾,2
Future,Trap,FLkC4ombo9A,Future - Tycoon (Official Music Video),Future,Real Future fans FTW,1
Future,Trap,FLkC4ombo9A,Future - Tycoon (Official Music Video),Future,every time I feel sad...this song makes me feel like a mf billionaire 👑,2
Future,Trap,FLkC4ombo9A,Future - Tycoon (Official Music Video),Future,BUT LIKE WHY THIS AINT’T PLATINUM ??!!!,0
Future,Trap,FLkC4ombo9A,Future - Tycoon (Official Music Video),Future,This song get better everytime you listen ong,1
Future,Trap,FLkC4ombo9A,Future - Tycoon (Official Music Video),Future,We're his suga dad,0
Future,Trap,FLkC4ombo9A,Future - Tycoon (Official Music Video),Future,Omg Supa wack drakco on the street dangerous u,0
Future,Trap,FLkC4ombo9A,Future - Tycoon (Official Music Video),Future,Future helping young boys become men,0
Future,Trap,FLkC4ombo9A,Future - Tycoon (Official Music Video),Future,future is the undisputed godfather of trap that aint ever gon change,1
Future,Trap,FLkC4ombo9A,Future - Tycoon (Official Music Video),Future,I was in prison on the yard wit this on repeat 🔥🔥🔥👏👏👏‼️‼️,1
Future,Trap,FLkC4ombo9A,Future - Tycoon (Official Music Video),Future,Im going to win the lottery and be just like future.,0
Future,Trap,FLkC4ombo9A,Future - Tycoon (Official Music Video),Future,Who the model,0
Future,Trap,FLkC4ombo9A,Future - Tycoon (Official Music Video),Future,Throw away a cougar she didn't wanna leave,0
Future,Trap,FLkC4ombo9A,Future - Tycoon (Official Music Video),Future,Why haven't I heard this song 😫,0
Future,Trap,FLkC4ombo9A,Future - Tycoon (Official Music Video),Future,nice.,0
Future,Trap,FLkC4ombo9A,Future - Tycoon (Official Music Video),Future,Future is my favorite rapper!!! I for one definitely feel his ups an downs in his 🎵 music,1
Future,Trap,FLkC4ombo9A,Future - Tycoon (Official Music Video),Future,"Tycoon Lyrics
[Intro]
(DY Krazy)
Starin' at the candle
Feel the pain on me, nigga, it don't matter
Get my currency exchanged, got my bands up

[Chorus]
I'm a ty-tycoon, that's why they hate me
'Til they throw the sheets on me, I'm goin' crazy
Got Balencis on my feet, they can't take me
I know I ain't gon' be deceased 'til I'm like eighty
I been gettin' so damn geeked, I been prayin'
I been chinchilla sheet wherever I'm stayin'
Took that Draco on the PJ, I ain't playin'
I ain't goin', no, no, streets dangerous

[Verse 2]
Fully auto on the seat, ain't lettin' you take it
I ain't going, no, no, I'ma spray it
Let my dogs off the leash, you gon' hate it
Twin choppers on me, they my favorite, yeah, yeah
Catch me rollin' in the Ghost, Patrick Swayze
Travelin' all across the coast for this gravy
Buyin' gold by the pound, I upgraded
I came from Lil Mexico, a nigga made it
Posted up outside the store, I'm the greatest
If you can make it out the bricks, that's amazing
I got my gang from out the 6, ain't no tradin'
You know the side where it's two guns blazin'

[Chorus]
I'm a ty-tycoon, that's why they hate me (I'm a ty-tycoon)
'Til they throw the sheets on me, I'm goin' crazy ('Til they throw the sheets on me)
Got Balencis on my feet, they can't take me (Gotta keep Balencis on me)
I know I ain't gon' be deceased 'til I'm like eighty (Yeah, I ain't gon' be deceased, no)
I been gettin' so damn geeked, I been prayin' (Yeah, I'm geeked, man, I'm geeked up)
I been chinchilla sheet wherever I'm stayin' (Got my chinchilla sheets up)
Took that Draco on the PJ, I ain't playin' (Took the Draco on the P, brrt)
I ain't goin', no, no, streets dangerous (I ain't goin', no, no, streets dangerous)

[Post-Chorus]
Yeah
I ain't goin', no, no
I ain't goin', no, no, streets dangerous (Trap)
I ain't goin', no, no (Yeah, what you do?)
I chinchilla'd all my sheets wherever I'm stayin' (I chinchilla'd all my sheets)
I been gettin' so fuckin' geeked, I been prayin' (I been gettin' so fuckin' geeked)
Had that Draco on the PJ, I ain't playin' (Took the Draco on the PJ)
I ain't goin', no, no, streets dangerous (I ain't goin', I ain't goin')

[Outro]
Starin' at the candle
Feel the pain on me, nigga, it don't matter
Get my currency exchanged, got my bands up",0
Future,Trap,FLkC4ombo9A,Future - Tycoon (Official Music Video),Future,1000000000000% auto tune,0
Future,Trap,FLkC4ombo9A,Future - Tycoon (Official Music Video),Future,BIG TYCOON,0
Future,Trap,FLkC4ombo9A,Future - Tycoon (Official Music Video),Future,"°🤍🕊🙏🏿🕊🤲🏿🕊💪🏿🤍
 💜🤴🏿💰🤎🤫🙏🏿🤲🏿💜
 Tycoon🎵🎶🗝🎵🎶
~💰💨💊💰💨💊💰~",1
Future,Trap,FLkC4ombo9A,Future - Tycoon (Official Music Video),Future,Future without the sunglasses look like the uncle u never see only at certain times and people wonder y,1
Future,Trap,FLkC4ombo9A,Future - Tycoon (Official Music Video),Future,Damn this hit!!,0
Future,Trap,FLkC4ombo9A,Future - Tycoon (Official Music Video),Future,To ppl that didn't know he saying he a new 🌊 wave,0
Future,Trap,FLkC4ombo9A,Future - Tycoon (Official Music Video),Future,"a wealthy, powerful person in business or industry",0
Future,Trap,FLkC4ombo9A,Future - Tycoon (Official Music Video),Future,💙💙,0
Future,Trap,FLkC4ombo9A,Future - Tycoon (Official Music Video),Future,I had no idea who future was a year ago. He's now one of my favorite rappers,0
Future,Trap,FLkC4ombo9A,Future - Tycoon (Official Music Video),Future,I wanna get high nd ride round to this shxdd,0
Future,Trap,FLkC4ombo9A,Future - Tycoon (Official Music Video),Future,🐐🐐🐐🐐🐐🐐🐐🐐,0
Future,Trap,FLkC4ombo9A,Future - Tycoon (Official Music Video),Future,The Future Hendrix experience,1
Future,Trap,FLkC4ombo9A,Future - Tycoon (Official Music Video),Future,🤷🤐,0
Future,Trap,FLkC4ombo9A,Future - Tycoon (Official Music Video),Future,There is a sweet spot in every future songs❤️,11
Future,Trap,FLkC4ombo9A,Future - Tycoon (Official Music Video),Future,I know I ain't gon' be deceased till I'm like eighty. FUTURE forecasting and predicting his future💯💯💯,0
Future,Trap,FLkC4ombo9A,Future - Tycoon (Official Music Video),Future,Most unstoppable wave of all time,1
Future,Trap,FLkC4ombo9A,Future - Tycoon (Official Music Video),Future,Goat,0
Future,Trap,FLkC4ombo9A,Future - Tycoon (Official Music Video),Future,Future is beautiful!! Love him,0
Future,Trap,FLkC4ombo9A,Future - Tycoon (Official Music Video),Future,The greatest ever,0
Future,Trap,FLkC4ombo9A,Future - Tycoon (Official Music Video),Future,I Played This Shit While In My Cell ! I Wanna Thank You For Gettin' Me Thru Some Of The Worst Times In My Life . 🙏 #Like This If Future Got You Thru Your Hardships In Life . Ive Been Around Since #1000 I'ma REAL FUTURE FAN 🦅 !,1
Future,Trap,FLkC4ombo9A,Future - Tycoon (Official Music Video),Future,O my god wildddddd hey why I had to hear 🙉🙉🙉🙉🙉🙉🙉 wildddddd hey this song wildddddd hey now I am insane wildddddd hey just lost my mind wildddddd,0
Future,Trap,FLkC4ombo9A,Future - Tycoon (Official Music Video),Future,I always love his music from the masc off...Future is a genius of this type of music,0
Future,Trap,FLkC4ombo9A,Future - Tycoon (Official Music Video),Future,💥💥💥💥💥💥💥👌,0
Future,Trap,FLkC4ombo9A,Future - Tycoon (Official Music Video),Future,WHO IS THIS WOMAN ?  ??,0
Future,Trap,FLkC4ombo9A,Future - Tycoon (Official Music Video),Future,Till they throw the sheets on me I'm going crazy.,0
Future,Trap,FLkC4ombo9A,Future - Tycoon (Official Music Video),Future,RIP YOUNG DOLPH,1
Future,Trap,FLkC4ombo9A,Future - Tycoon (Official Music Video),Future,"https://youtube.com/shorts/qPQLH3bNHng?feature=share 


Милый попугай издаёт милые звуки",0
Future,Trap,FLkC4ombo9A,Future - Tycoon (Official Music Video),Future,My favorite song no cap,0
Future,Trap,FLkC4ombo9A,Future - Tycoon (Official Music Video),Future,👏🏻🔥🔥,0
Future,Trap,FLkC4ombo9A,Future - Tycoon (Official Music Video),Future,TYCOON🦅,0
Future,Trap,FLkC4ombo9A,Future - Tycoon (Official Music Video),Future,This video deserve 100M views 🔥,0
Future,Trap,FLkC4ombo9A,Future - Tycoon (Official Music Video),Future,ok who’s the model tho???? she pretty asf,1
Future,Trap,FLkC4ombo9A,Future - Tycoon (Official Music Video),Future,He looks like my dad,2
Future,Trap,FLkC4ombo9A,Future - Tycoon (Official Music Video),Future,goat,1
Future,Trap,FLkC4ombo9A,Future - Tycoon (Official Music Video),Future,Ima big dog they a little son to me lol,1
Future,Trap,FLkC4ombo9A,Future - Tycoon (Official Music Video),Future,Future is the Future,0
Future,Trap,FLkC4ombo9A,Future - Tycoon (Official Music Video),Future,time flies so fast I forget to pray,1
Future,Trap,FLkC4ombo9A,Future - Tycoon (Official Music Video),Future,"when he has his glasses on, he looks like black Markiplier",0
Future,Trap,FLkC4ombo9A,Future - Tycoon (Official Music Video),Future,That bish bad,0
Future,Trap,FLkC4ombo9A,Future - Tycoon (Official Music Video),Future,❤❤❤,1
Future,Trap,FLkC4ombo9A,Future - Tycoon (Official Music Video),Future,"North, Texas.",0
Future,Trap,FLkC4ombo9A,Future - Tycoon (Official Music Video),Future,"Glendale, Texas.",0
Future,Trap,FLkC4ombo9A,Future - Tycoon (Official Music Video),Future,Marcel nico,0
Future,Trap,FLkC4ombo9A,Future - Tycoon (Official Music Video),Future,Jenny,0
Future,Trap,FLkC4ombo9A,Future - Tycoon (Official Music Video),Future,Shit rapper sounds all the same,1
Future,Trap,FLkC4ombo9A,Future - Tycoon (Official Music Video),Future,#HOWITWAS!!!,0
Future,Trap,FLkC4ombo9A,Future - Tycoon (Official Music Video),Future,This is insane.....🎤🎤🚀🚀,1
Future,Trap,FLkC4ombo9A,Future - Tycoon (Official Music Video),Future,https://youtu.be/wV93W0WlOgI,0
Future,Trap,FLkC4ombo9A,Future - Tycoon (Official Music Video),Future,Future has never made a bad album...💯💪🔥🔥🔥🔥🔥,0
Future,Trap,FLkC4ombo9A,Future - Tycoon (Official Music Video),Future,How she wearing sunglasses and it’s dark out 🤦🏻‍♀️,1
Future,Trap,FLkC4ombo9A,Future - Tycoon (Official Music Video),Future,"Catch me rollin in a ghost patrick swayze,  travellin all across the coast for this gravy… flame 🔥",1
Future,Trap,FLkC4ombo9A,Future - Tycoon (Official Music Video),Future,777 that candle is the most important thing you need to remember,0
Future,Trap,FLkC4ombo9A,Future - Tycoon (Official Music Video),Future,2:06,0
Future,Trap,FLkC4ombo9A,Future - Tycoon (Official Music Video),Future,Future looking like a grandfather,0
Future,Trap,FLkC4ombo9A,Future - Tycoon (Official Music Video),Future,Fukked up how da Goat fell out w Da Don da Gift of Gab saved My life,0
Future,Trap,FLkC4ombo9A,Future - Tycoon (Official Music Video),Future,Imma play dis for my daughters n tell em dis da national anthem,2
Future,Trap,FLkC4ombo9A,Future - Tycoon (Official Music Video),Future,“I’m a Top top 🦝 that’s why they hate me”,0
Future,Trap,FLkC4ombo9A,Future - Tycoon (Official Music Video),Future,My anthem when I become a Tycoon in 5 years.,0
Future,Trap,FLkC4ombo9A,Future - Tycoon (Official Music Video),Future,1:50-2:15 that flow was effortlessly fire,2
Future,Trap,FLkC4ombo9A,Future - Tycoon (Official Music Video),Future,Hahaha Future in his feelings about a female😅everyone who leaves him upgrades like crazy.,0
Future,Trap,FLkC4ombo9A,Future - Tycoon (Official Music Video),Future,Best future song ever!,0
Future,Trap,FLkC4ombo9A,Future - Tycoon (Official Music Video),Future,بابا تعال اخذني,0
Future,Trap,FLkC4ombo9A,Future - Tycoon (Official Music Video),Future,🖐️,0
Future,Trap,FLkC4ombo9A,Future - Tycoon (Official Music Video),Future,Who tf doesn’t listen to Future ??,1
Future,Trap,FLkC4ombo9A,Future - Tycoon (Official Music Video),Future,I need this future again soon !!,0
Future,Trap,FLkC4ombo9A,Future - Tycoon (Official Music Video),Future,That's y they hate me!!,0
Future,Trap,FLkC4ombo9A,Future - Tycoon (Official Music Video),Future,Tycoon Yeahh 1:53 - 1:54,0
Future,Trap,FLkC4ombo9A,Future - Tycoon (Official Music Video),Future,Somebody tell me who the girl is in the video????,0
Future,Trap,FLkC4ombo9A,Future - Tycoon (Official Music Video),Future,This is honestly in my top 5 all time future favourites,9
Future,Trap,FLkC4ombo9A,Future - Tycoon (Official Music Video),Future,ain't goin no no no,0
Future,Trap,FLkC4ombo9A,Future - Tycoon (Official Music Video),Future,i want to clean my memory and listen Tycoon for first time again :(,2
Future,Trap,FLkC4ombo9A,Future - Tycoon (Official Music Video),Future,"The nostalgic blade preauricularly own because perfume ideally stuff beyond a helpful mint. relieved, ruddy sand",0
Future,Trap,FLkC4ombo9A,Future - Tycoon (Official Music Video),Future,"The long-term popcorn strangely greet because tuna radiologically heal unlike a magnificent church. troubled, aboard gold",0
Future,Trap,FLkC4ombo9A,Future - Tycoon (Official Music Video),Future,If you like this you getting money 💵 and it's ABG😏,0
Future,Trap,FLkC4ombo9A,Future - Tycoon (Official Music Video),Future,Bro is really the pioneer to these new rap high life vibes,1
Future,Trap,FLkC4ombo9A,Future - Tycoon (Official Music Video),Future,Who is the woman in this video?,1
Future,Trap,FLkC4ombo9A,Future - Tycoon (Official Music Video),Future,nigga it don’t matter get my currency🙏🛸🛸🛸,0
Future,Trap,FLkC4ombo9A,Future - Tycoon (Official Music Video),Future,Roblox tycoon 😂,1
Future,Trap,FLkC4ombo9A,Future - Tycoon (Official Music Video),Future,dis such a fuckin masterpiece,1
Future,Trap,FLkC4ombo9A,Future - Tycoon (Official Music Video),Future,Ppl hate on Future so much.... This a hiiiiiit only 7 Mil views wtf??? I put all my bitches on to this 🔥,1
Future,Trap,FLkC4ombo9A,Future - Tycoon (Official Music Video),Future,💯,0
Future,Trap,FLkC4ombo9A,Future - Tycoon (Official Music Video),Future,💯💯💯,1
Future,Trap,FLkC4ombo9A,Future - Tycoon (Official Music Video),Future,🔥🔥🔥,0
Future,Trap,FLkC4ombo9A,Future - Tycoon (Official Music Video),Future,The goat,0
Future,Trap,FLkC4ombo9A,Future - Tycoon (Official Music Video),Future,Bravo 👏🏻 long time I don't see video or lyrics without  saying  hoes or bitchestwerkin I luv future,1
Future,Trap,FLkC4ombo9A,Future - Tycoon (Official Music Video),Future,"Dont mind me, just Praying for a nip slip",1
Future,Trap,FLkC4ombo9A,Future - Tycoon (Official Music Video),Future,tycoon 4real,0
Future,Trap,FLkC4ombo9A,Future - Tycoon (Official Music Video),Future,Bitcoin is the most profitable investment online if only you trade with a professional broker,13
Future,Trap,FLkC4ombo9A,Future - Tycoon (Official Music Video),Future,kinda 🔥 ngl,0
Future,Trap,FLkC4ombo9A,Future - Tycoon (Official Music Video),Future,Future looks Like His Girlfriend,0
Future,Trap,FLkC4ombo9A,Future - Tycoon (Official Music Video),Future,even future is 100years he will neva fall that 4sure,1
Future,Trap,FLkC4ombo9A,Future - Tycoon (Official Music Video),Future,jet is ok,0
Future,Trap,FLkC4ombo9A,Future - Tycoon (Official Music Video),Future,I saw by him 4 times bigger,0
Future,Trap,FLkC4ombo9A,Future - Tycoon (Official Music Video),Future,cheap car,0
Future,Trap,FLkC4ombo9A,Future - Tycoon (Official Music Video),Future,high it should be,0
Future,Trap,FLkC4ombo9A,Future - Tycoon (Official Music Video),Future,God straight ahead,0
Future,Trap,FLkC4ombo9A,Future - Tycoon (Official Music Video),Future,me not,0
Future,Trap,FLkC4ombo9A,Future - Tycoon (Official Music Video),Future,2:19 who they are looking,0
Future,Trap,FLkC4ombo9A,Future - Tycoon (Official Music Video),Future,necessary this 2:14,0
Future,Trap,FLkC4ombo9A,Future - Tycoon (Official Music Video),Future,this guy shooting normal clothes,0
Future,Trap,FLkC4ombo9A,Future - Tycoon (Official Music Video),Future,these no cool murders,0
Future,Trap,FLkC4ombo9A,Future - Tycoon (Official Music Video),Future,I know 😳  whats big,0
Future,Trap,FLkC4ombo9A,Future - Tycoon (Official Music Video),Future,this garage needs 3000 and 234 people for ready,0
Future,Trap,FLkC4ombo9A,Future - Tycoon (Official Music Video),Future,30 or 78,0
Future,Trap,FLkC4ombo9A,Future - Tycoon (Official Music Video),Future,👨 many helped him,0
Future,Trap,FLkC4ombo9A,Future - Tycoon (Official Music Video),Future,Skreets,0
Future,Trap,FLkC4ombo9A,Future - Tycoon (Official Music Video),Future,Ill be in touch after I roll one,0
Future,Trap,FLkC4ombo9A,Future - Tycoon (Official Music Video),Future,Yeah,0
Future,Trap,FLkC4ombo9A,Future - Tycoon (Official Music Video),Future,While he sings not but in HIS  house,0
Future,Trap,FLkC4ombo9A,Future - Tycoon (Official Music Video),Future,They lied Him just to shoot Him,0
Future,Trap,FLkC4ombo9A,Future - Tycoon (Official Music Video),Future,Killing him in official video ohhhh  my heart ha ha ha ha ha ha    ha        ha hahahahahahahaha,0
Future,Trap,FLkC4ombo9A,Future - Tycoon (Official Music Video),Future,They forgot they are in movie to,0
Future,Trap,FLkC4ombo9A,Future - Tycoon (Official Music Video),Future,But better they call Him,0
Future,Trap,FLkC4ombo9A,Future - Tycoon (Official Music Video),Future,Future should call them,0
Future,Trap,FLkC4ombo9A,Future - Tycoon (Official Music Video),Future,Whole world saw them,0
Future,Trap,FLkC4ombo9A,Future - Tycoon (Official Music Video),Future,He made them famous to,0
Future,Trap,FLkC4ombo9A,Future - Tycoon (Official Music Video),Future,Ask them swear to Jesus    you didnt want?,0
Future,Trap,FLkC4ombo9A,Future - Tycoon (Official Music Video),Future,A call maybe,0
Future,Trap,FLkC4ombo9A,Future - Tycoon (Official Music Video),Future,What to do with them ?,0
Future,Trap,FLkC4ombo9A,Future - Tycoon (Official Music Video),Future,Hahahaha,0
Future,Trap,FLkC4ombo9A,Future - Tycoon (Official Music Video),Future,Woody one,0
Future,Trap,FLkC4ombo9A,Future - Tycoon (Official Music Video),Future,Young thupra,0
Future,Trap,FLkC4ombo9A,Future - Tycoon (Official Music Video),Future,Only for the swag to but for the song with young thug,0
Future,Trap,FLkC4ombo9A,Future - Tycoon (Official Music Video),Future,They wanted to shoot him dead,0
Future,Trap,FLkC4ombo9A,Future - Tycoon (Official Music Video),Future,😇,0
Future,Trap,FLkC4ombo9A,Future - Tycoon (Official Music Video),Future,Trump dont go to work tomorrow hahahahahaha,0
Future,Trap,FLkC4ombo9A,Future - Tycoon (Official Music Video),Future,Ohhhhhhh me dead,0
Future,Trap,FLkC4ombo9A,Future - Tycoon (Official Music Video),Future,With the gun  ohhhhhhhhhhh kukuuuuuuuuuuuuuu per mueeeeeee ohhhhh per jet temmmmeeeeeee,0
Future,Trap,FLkC4ombo9A,Future - Tycoon (Official Music Video),Future,Got my gear   cool,0
Future,Trap,FLkC4ombo9A,Future - Tycoon (Official Music Video),Future,Im tap tap,0
Future,Trap,FLkC4ombo9A,Future - Tycoon (Official Music Video),Future,Ive bean praying yeaaah,0
Future,Trap,FLkC4ombo9A,Future - Tycoon (Official Music Video),Future,Future has great long sexy hair lol :-)!,2
Future,Trap,FLkC4ombo9A,Future - Tycoon (Official Music Video),Future,Great song! I just love it! Didn't know that Future is also and singer not just a good rapper lol!,1
Future,Trap,FLkC4ombo9A,Future - Tycoon (Official Music Video),Future,One of my prefered songs I like eveything about this even the seven small beats are missing but another time bye,0
Future,Trap,FLkC4ombo9A,Future - Tycoon (Official Music Video),Future,"Songs hits different man, he telling the real truth guys especially in this song!",1
Future,Trap,FLkC4ombo9A,Future - Tycoon (Official Music Video),Future,"The sable octopus ecologically receive because substance orly check outside a half menu. bad, scared fog",0
Future,Trap,FLkC4ombo9A,Future - Tycoon (Official Music Video),Future,Q3,0
Future,Trap,FLkC4ombo9A,Future - Tycoon (Official Music Video),Future,Pure Growth ♥️🦅🦅🦅,0
Future,Trap,FLkC4ombo9A,Future - Tycoon (Official Music Video),Future,"The infamous recorder positionally juggle because garlic extraorally bat abaft a amazing clock. grateful gratis, absorbing ambulance",0
Future,Trap,FLkC4ombo9A,Future - Tycoon (Official Music Video),Future,"The inexpensive sex electronmicroscopically paint because freighter evidently pick since a well-off swim. encouraging, dark half-brother",0
Future,Trap,FLkC4ombo9A,Future - Tycoon (Official Music Video),Future,very nice,0
Future,Trap,FLkC4ombo9A,Future - Tycoon (Official Music Video),Future,Imagine being Future for a whole year then having to go back to your life,1
Future,Trap,FLkC4ombo9A,Future - Tycoon (Official Music Video),Future,Shawty looks like Ciara,0
Future,Trap,FLkC4ombo9A,Future - Tycoon (Official Music Video),Future,future never loose,0
Future,Trap,FLkC4ombo9A,Future - Tycoon (Official Music Video),Future,You not a future fan if not fuck with this song. The song is like a story almost. Dude telling his downsides of being rich and bored etc,1
Future,Trap,FLkC4ombo9A,Future - Tycoon (Official Music Video),Future,2021😂,0
Future,Trap,FLkC4ombo9A,Future - Tycoon (Official Music Video),Future,🥰🥰🥰,0
Future,Trap,L2mZJqU5wxI,Future - March Madness (Official Lyric Video),Future,🎉🎉 ballin,0
Future,Trap,L2mZJqU5wxI,Future - March Madness (Official Lyric Video),Future,What month is 🎉 this,0
Future,Trap,L2mZJqU5wxI,Future - March Madness (Official Lyric Video),Future,i am,1
Future,Trap,L2mZJqU5wxI,Future - March Madness (Official Lyric Video),Future,og trey 8ight,0
Future,Trap,L2mZJqU5wxI,Future - March Madness (Official Lyric Video),Future,Future different all his music going hard and skooly,2
Future,Trap,L2mZJqU5wxI,Future - March Madness (Official Lyric Video),Future,Still here in 2026 Future Hendrix Dirty Sprite Legendary 🔥,0
Future,Trap,L2mZJqU5wxI,Future - March Madness (Official Lyric Video),Future,Spaceship music,0
Future,Trap,L2mZJqU5wxI,Future - March Madness (Official Lyric Video),Future,May.16th 2026; ish still going in!!,0
Future,Trap,L2mZJqU5wxI,Future - March Madness (Official Lyric Video),Future,Wtv that fcken meannn 💪🏾,0
Future,Trap,L2mZJqU5wxI,Future - March Madness (Official Lyric Video),Future,Still here after 1 hour of staring at the screen with the same song on repeat...,0
Future,Trap,L2mZJqU5wxI,Future - March Madness (Official Lyric Video),Future,2026 THIS SHIT STILL WAVY,1
Future,Trap,L2mZJqU5wxI,Future - March Madness (Official Lyric Video),Future,March 2027,2
Future,Trap,L2mZJqU5wxI,Future - March Madness (Official Lyric Video),Future,This music Is immortal.🤯🤯🔥🔥🔥,5
Future,Trap,L2mZJqU5wxI,Future - March Madness (Official Lyric Video),Future,Guy dabbing to this in a vine first brought me here,1
Future,Trap,L2mZJqU5wxI,Future - March Madness (Official Lyric Video),Future,"5-21-26

10:10PM",0
Future,Trap,L2mZJqU5wxI,Future - March Madness (Official Lyric Video),Future,2026 Yall here?,1
Future,Trap,L2mZJqU5wxI,Future - March Madness (Official Lyric Video),Future,2026 April type vibes,1
Future,Trap,L2mZJqU5wxI,Future - March Madness (Official Lyric Video),Future,From 2015/2016 house parties to the club this song is timeless,1
Future,Trap,L2mZJqU5wxI,Future - March Madness (Official Lyric Video),Future,Elite,2
Future,Trap,L2mZJqU5wxI,Future - March Madness (Official Lyric Video),Future,Crazy how till this day he is still in his prime,7
Future,Trap,L2mZJqU5wxI,Future - March Madness (Official Lyric Video),Future,My question..please somebody answer this...what the hell was in that contract to make Pooh take it to that extreeme to want to get out of that contract like that?,0
Future,Trap,L2mZJqU5wxI,Future - March Madness (Official Lyric Video),Future,Right because u have never been a recipient...,0
Future,Trap,L2mZJqU5wxI,Future - March Madness (Official Lyric Video),Future,1 April 2026,1
Future,Trap,L2mZJqU5wxI,Future - March Madness (Official Lyric Video),Future,"March 31, 2026.",0
Future,Trap,L2mZJqU5wxI,Future - March Madness (Official Lyric Video),Future,march 30th 2026 illatron all day,1
Future,Trap,L2mZJqU5wxI,Future - March Madness (Official Lyric Video),Future,"The Reigning Champion 💯
2026..still",2
Future,Trap,L2mZJqU5wxI,Future - March Madness (Official Lyric Video),Future,It’s almost sounds like freestyle when you wake up with productive energy and prefer to smoke weed to check on the last beat you made couple days ago during the March time,0
Future,Trap,L2mZJqU5wxI,Future - March Madness (Official Lyric Video),Future,This song forever gonna hit!!,2
Future,Trap,L2mZJqU5wxI,Future - March Madness (Official Lyric Video),Future,Came back cuz I’m mad in march,1
Future,Trap,L2mZJqU5wxI,Future - March Madness (Official Lyric Video),Future,I love Big Brudda Stay Up Stay Blessed Mane,0
Future,Trap,L2mZJqU5wxI,Future - March Madness (Official Lyric Video),Future,"Dress it up and make it real for me

Whatever that ever means

Dirty soda in a styrofoam
Spend a day to get my mind blown
Dress it up and go to NASA
200 miles on the dash

And gotta roll a pound up and gas it
Switching lanes in a Grand Rapide
We the ones that kept it
cool with all these people
Til these people start acting

Shoot a homeboy like a film in a movie
Homie, gone let 'em have it
Ballin' like the March Madness
All these cops shooting people, tragic

I'm the one that's living lavish
Like I'm playing for the Mavericks
I didn't wanna do the girl, the molly
made me do her even though she average

Dirty muddy in a cup
45 by my gut
My young homie in a cut
Taking you out for some Jordans

Let's count this money, no rushin'
I'm on a one way, flushin'
Loud pack smelling musty
These dunkin' police can't touch me

These bogus police can't touch me
These dunkin' people can't touch me
Apply the pressure with the VVS
I drive the foreign like it was a Chevy

Drive the foreign like
it was a Ch-skrrrrtt
Lift it up and gone and off-set it
Do a cougar like she Halle Berry
Future Hendrix, dirty sprite, legendary

Dirty soda in a styrofoam
Spend a day to get my mind blown
Dress it up and go to NASA
200 miles on the dash

And gotta roll a pound up and gas it
Switching lanes in a Grand Rapide
We the ones that kept it cool
with all these people 'til
these people start acting
Shoot a homeboy like a film in a
movie, homie, gone let 'em have it

Ballin' like the March Madness
All these cops shooting people, tragic
I'm the one that's living lavish
Like I'm playing for the Mavericks

I didn't wanna do the girl, the molly
made me do her even though she average

Stuck on a basic girl
We gone wake up and smoke
on some blunt and do

She gone keep it so
real with a homie that-
I'ma come back and always
gone do with her
Bend a curve in a spur
like it’s a Marta bus
I was working and serving in Nautica
I get high 'til I'm higher than Mercury
Mess around teach you that recipe
Mess around, you gone be out of here
Make her say ha like a homeboy was Juve
Soon as that work hit
the city, we move it
Post up in Onyx and shoot us a movie
Post up in Onyx and shoot us a movie
Take the tool inside the club, just
incase a homeboy ever gotta use it
Get a pint of code an pour it up, homie

Dirty soda in a styrofoam
Spend a day to get my mind blown
Dress it up and go to NASA
200 miles on the dash
And gotta roll a pound up and gas it
Switching lanes in a Grand Rapide
We the ones that kept it cool
with all these people 'til
these people start acting
Shoot a homeboy like a film in a
movie, homie, gone let 'em have it
Ballin' like the March Madness
All these cops shooting people, tragic
I'm the one that's living lavish
Like I'm playing for the Mavericks
I didn't wanna do the girl, the molly
made me do her even though she average

These bogus police can't touch me
These dunkin' people can't touch me
Apply the pressure with the VVS
I drive the foreign like it was a Chevy
Drive the foreign like
it was a Ch-skrrrrtt
Lift it up and gone and off-set it
Do a cougar like she Halle Berry
Future Hendrix, dirty sprite, legendary

Dirty soda in a styrofoam
Spend a day to get my mind blown
Dress it up and go to NASA
200 miles on the dash
And gotta roll a pound up and gas it
Switching lanes in a Grand Rapide
We the ones that kept it cool
with all these people 'til
these people start acting
Shoot a homeboy like a film in a
movie, homie, gone let 'em have it
Ballin' like the March Madness
All these cops shooting people, tragic
I'm the one that's living lavish
Like I'm playing for the Mavericks
I didn't wanna do the girl, the molly
made me do her even though she average",1
Future,Trap,L2mZJqU5wxI,Future - March Madness (Official Lyric Video),Future,WHATEVER THAT FUCKING MEAN,1
Future,Trap,L2mZJqU5wxI,Future - March Madness (Official Lyric Video),Future,❤,0
Future,Trap,L2mZJqU5wxI,Future - March Madness (Official Lyric Video),Future,"March 19th, 2026🎉🎉🎉🎉😂😂😂😂😂",0
Future,Trap,L2mZJqU5wxI,Future - March Madness (Official Lyric Video),Future,March 18 2026 and I’m balling like its March Madness 💯💯,0
Future,Trap,L2mZJqU5wxI,Future - March Madness (Official Lyric Video),Future,Welp its march so welcome to the march madness,1
Future,Trap,L2mZJqU5wxI,Future - March Madness (Official Lyric Video),Future,Dress it up and make real for me,0
Future,Trap,L2mZJqU5wxI,Future - March Madness (Official Lyric Video),Future,March madness 2026 TE AMO❤,0
Future,Trap,L2mZJqU5wxI,Future - March Madness (Official Lyric Video),Future,2026 we here 👑🔥🔥🔥🔥👊🏽🤙💯,2
Future,Trap,L2mZJqU5wxI,Future - March Madness (Official Lyric Video),Future,had to come back in 2026,0
Future,Trap,L2mZJqU5wxI,Future - March Madness (Official Lyric Video),Future,AND DOOO🎉,0
Future,Trap,L2mZJqU5wxI,Future - March Madness (Official Lyric Video),Future,2026 Now,0
Future,Trap,L2mZJqU5wxI,Future - March Madness (Official Lyric Video),Future,Proud ass theives Actors,0
Future,Trap,L2mZJqU5wxI,Future - March Madness (Official Lyric Video),Future,Fuck a Cougar like she Halle Berry Future Hendrix dirty sprite legendary 🔥🔥🔥🔥,0
Future,Trap,L2mZJqU5wxI,Future - March Madness (Official Lyric Video),Future,💃🏻💃🏻💃🏻💃🏻let’s tf goOoo,0
Future,Trap,L2mZJqU5wxI,Future - March Madness (Official Lyric Video),Future,Who ready for 2026 march madness🎉,2
Future,Trap,L2mZJqU5wxI,Future - March Madness (Official Lyric Video),Future,"Here on 1st 2026.It's March Madness for real, countries really be blowing each other up.
Subscribe to this channel for calm work /study /chill music 🙏",0
Future,Trap,L2mZJqU5wxI,Future - March Madness (Official Lyric Video),Future,March madnesssss 1st,0
Future,Trap,L2mZJqU5wxI,Future - March Madness (Official Lyric Video),Future,March 1 2026,150
Future,Trap,L2mZJqU5wxI,Future - March Madness (Official Lyric Video),Future,as soon as i clicked i knew it was an adventure,0
Future,Trap,L2mZJqU5wxI,Future - March Madness (Official Lyric Video),Future,2026 MARCH MADNESS LETS GOOOO A MONTH TO REMEMBER MAY JESUS CHRIST BE WITH US ALL AMEN 🙏🏾.,54
Future,Trap,L2mZJqU5wxI,Future - March Madness (Official Lyric Video),Future,Whatever that fuck mean Nostalgia,0
Future,Trap,L2mZJqU5wxI,Future - March Madness (Official Lyric Video),Future,Its Al.ost .arch yall turn tf up🎉🎉🎉,0
Future,Trap,L2mZJqU5wxI,Future - March Madness (Official Lyric Video),Future,🇯🇲March 4 Lonoke court🇯🇲,0
Future,Trap,L2mZJqU5wxI,Future - March Madness (Official Lyric Video),Future,🎉2026🎉,0
Future,Trap,L2mZJqU5wxI,Future - March Madness (Official Lyric Video),Future,❤❤❤,1
Future,Trap,L2mZJqU5wxI,Future - March Madness (Official Lyric Video),Future,"For those loving this beat..
Check out TARENTINO..808 MAFIA.. VIDEO CALLED DECONSTRUCTED!! Where fam break down this beat.. Track by Track!?!?",0
Future,Trap,L2mZJqU5wxI,Future - March Madness (Official Lyric Video),Future,Mad YouTube music doesn't include the mafia sketches.,2
Future,Trap,L2mZJqU5wxI,Future - March Madness (Official Lyric Video),Future,"""Take the tool inside da club incase a nigga ever gotta use it ,Get a pint a code and pour it up nigga"" 😂😂😂😂",0
Future,Trap,L2mZJqU5wxI,Future - March Madness (Official Lyric Video),Future,Here cuz i cant forget this banger,2
Future,Trap,L2mZJqU5wxI,Future - March Madness (Official Lyric Video),Future,This should be on gta 6,3
Future,Trap,L2mZJqU5wxI,Future - March Madness (Official Lyric Video),Future,Glad he don’t taste dik on this 🔥 track,0
Future,Trap,L2mZJqU5wxI,Future - March Madness (Official Lyric Video),Future,😢💔😢🩶🩶🩶 Brittney Oliver,1
Future,Trap,L2mZJqU5wxI,Future - March Madness (Official Lyric Video),Future,"6:24 look at how fuccin bland those old logos looks😂😂. The mast brown and gray ig, and the dull blues of the others",0
Future,Trap,L2mZJqU5wxI,Future - March Madness (Official Lyric Video),Future,3/3 BABY MARCH MADNESS,2
Future,Trap,L2mZJqU5wxI,Future - March Madness (Official Lyric Video),Future,Jan 2026,0
Future,Trap,L2mZJqU5wxI,Future - March Madness (Official Lyric Video),Future,2026 gang,21
Future,Trap,L2mZJqU5wxI,Future - March Madness (Official Lyric Video),Future,Bust down!,0
Future,Trap,L2mZJqU5wxI,Future - March Madness (Official Lyric Video),Future,2026 🎉🎉❤❤,0
Future,Trap,L2mZJqU5wxI,Future - March Madness (Official Lyric Video),Future,What ever that fuckin mean,0
Future,Trap,L2mZJqU5wxI,Future - March Madness (Official Lyric Video),Future,Ha,0
Future,Trap,L2mZJqU5wxI,Future - March Madness (Official Lyric Video),Future,March Madness,0
Future,Trap,L2mZJqU5wxI,Future - March Madness (Official Lyric Video),Future,Bringing this in right to 2026,0
Future,Trap,L2mZJqU5wxI,Future - March Madness (Official Lyric Video),Future,Average 🎉❤,0
Future,Trap,L2mZJqU5wxI,Future - March Madness (Official Lyric Video),Future,🎉,0
Future,Trap,L2mZJqU5wxI,Future - March Madness (Official Lyric Video),Future,3:14 Desecrated...,0
Future,Trap,L2mZJqU5wxI,Future - March Madness (Official Lyric Video),Future,😮,0
Future,Trap,L2mZJqU5wxI,Future - March Madness (Official Lyric Video),Future,Fave!,0
Future,Trap,L2mZJqU5wxI,Future - March Madness (Official Lyric Video),Future,🦅💙😎🔥🔥🔥🔥🔥🔥🔥,0
Future,Trap,L2mZJqU5wxI,Future - March Madness (Official Lyric Video),Future,🫶🏾💪🏾♾️,0
Future,Trap,L2mZJqU5wxI,Future - March Madness (Official Lyric Video),Future,MANE 🔥🔥🔥,1
Future,Trap,L2mZJqU5wxI,Future - March Madness (Official Lyric Video),Future,Anyone here in 2026,1
Future,Trap,L2mZJqU5wxI,Future - March Madness (Official Lyric Video),Future,This shit still too hard it's nothing like this sound since this hit respect to this track like wu tang ice cream nothing like it out here,0
Future,Trap,L2mZJqU5wxI,Future - March Madness (Official Lyric Video),Future,My favorite Future song by far!!!,8
Future,Trap,L2mZJqU5wxI,Future - March Madness (Official Lyric Video),Future,"My Birthday in March, so U kno im luvin dis🔥🔥🔥gotta be one of his best.",1
Future,Trap,L2mZJqU5wxI,Future - March Madness (Official Lyric Video),Future,Years later and this joint is still a f'n anthem that turns the whole crowd up 🔥🔥🔥,3
Future,Trap,L2mZJqU5wxI,Future - March Madness (Official Lyric Video),Future,❤,0
Future,Trap,L2mZJqU5wxI,Future - March Madness (Official Lyric Video),Future,remember when pain took off the autotune we love him more now.,0
Future,Trap,L2mZJqU5wxI,Future - March Madness (Official Lyric Video),Future,2:39 2:40 🎉🎉🎉🎉 2:43 2:45,1
Future,Trap,L2mZJqU5wxI,Future - March Madness (Official Lyric Video),Future,"Fav future song, I blast this at full volume when I drive",1
Future,Trap,L2mZJqU5wxI,Future - March Madness (Official Lyric Video),Future,DRESS IT UP & MAKE IT REAL FOR ME 😎,0
Future,Trap,L2mZJqU5wxI,Future - March Madness (Official Lyric Video),Future,Deepintelligenthiphop,1
Future,Trap,L2mZJqU5wxI,Future - March Madness (Official Lyric Video),Future,Here cause of unc,2
Future,Trap,L2mZJqU5wxI,Future - March Madness (Official Lyric Video),Future,Still in rotation 2025🔥🔥🔥,2
Future,Trap,L2mZJqU5wxI,Future - March Madness (Official Lyric Video),Future,1:06 🗣️ LISTEN!,39
Future,Trap,L2mZJqU5wxI,Future - March Madness (Official Lyric Video),Future,"Band sounds good!!

Dr. Chip great job!!",0
Future,Trap,L2mZJqU5wxI,Future - March Madness (Official Lyric Video),Future,broke up wit my chick and i need yall rn lmao. we got this dawgs,5
Future,Trap,L2mZJqU5wxI,Future - March Madness (Official Lyric Video),Future,Unc that sound like dmx got me here 😂,214
Future,Trap,L2mZJqU5wxI,Future - March Madness (Official Lyric Video),Future,Always finna spin the block on this banger,9
Future,Trap,L2mZJqU5wxI,Future - March Madness (Official Lyric Video),Future,Future was on a different level back then,48
Future,Trap,L2mZJqU5wxI,Future - March Madness (Official Lyric Video),Future,Og Made me double back,428
Future,Trap,L2mZJqU5wxI,Future - March Madness (Official Lyric Video),Future,Here because of that old man trending on tik tok,157
Future,Trap,L2mZJqU5wxI,Future - March Madness (Official Lyric Video),Future,What a time to be alive... this shit is classic timeless music we was really outside thuggin when this was out hella memories,4
Future,Trap,L2mZJqU5wxI,Future - March Madness (Official Lyric Video),Future,Heavy 🔥,5
Future,Trap,L2mZJqU5wxI,Future - March Madness (Official Lyric Video),Future,TIMELESS,6
Future,Trap,L2mZJqU5wxI,Future - March Madness (Official Lyric Video),Future,Whatever that fucking mean 😅,3
Future,Trap,L2mZJqU5wxI,Future - March Madness (Official Lyric Video),Future,Gone always jam ❤❤❤2025,1
Future,Trap,L2mZJqU5wxI,Future - March Madness (Official Lyric Video),Future,deepintelligenthiphop anthem,2
Future,Trap,L2mZJqU5wxI,Future - March Madness (Official Lyric Video),Future,🔥🔥🔥🔥🔥🔥🔥🔥🔥🔥🔥🔥,4
Future,Trap,L2mZJqU5wxI,Future - March Madness (Official Lyric Video),Future,hahaha...,1
Future,Trap,L2mZJqU5wxI,Future - March Madness (Official Lyric Video),Future,a voz do futuro,0
Future,Trap,L2mZJqU5wxI,Future - March Madness (Official Lyric Video),Future,a voz do futuro,2
Future,Trap,L2mZJqU5wxI,Future - March Madness (Official Lyric Video),Future,Uzi gon hard at this,1
Future,Trap,L2mZJqU5wxI,Future - March Madness (Official Lyric Video),Future,Mood swings or Upsets you bounce back an thank about the reactions gone happen,1
Future,Trap,L2mZJqU5wxI,Future - March Madness (Official Lyric Video),Future,This song so  Hard it’s Ridiculous,1
Future,Trap,L2mZJqU5wxI,Future - March Madness (Official Lyric Video),Future,2025 I'm here🎉🎉🎉,2
Future,Trap,L2mZJqU5wxI,Future - March Madness (Official Lyric Video),Future,Until end of time,1
Future,Trap,L2mZJqU5wxI,Future - March Madness (Official Lyric Video),Future,Here in 2025,10
Future,Trap,L2mZJqU5wxI,Future - March Madness (Official Lyric Video),Future,27-May 2025 12.33PM I'm here,1
Future,Trap,L2mZJqU5wxI,Future - March Madness (Official Lyric Video),Future,May 2025?,0
Future,Trap,L2mZJqU5wxI,Future - March Madness (Official Lyric Video),Future,Best future song of all time,2
Future,Trap,L2mZJqU5wxI,Future - March Madness (Official Lyric Video),Future,"Here after, Abel mentions it as his goat future song  on Goat Talk.",6
Future,Trap,L2mZJqU5wxI,Future - March Madness (Official Lyric Video),Future,2025💯🚀,0
Future,Trap,L2mZJqU5wxI,Future - March Madness (Official Lyric Video),Future,🫡🏆👑🦄🌄😇✊🏽,0
Future,Trap,L2mZJqU5wxI,Future - March Madness (Official Lyric Video),Future,⚡⚡⚡,0
Future,Trap,L2mZJqU5wxI,Future - March Madness (Official Lyric Video),Future,I love your song so much ❤😊❤😊❤😊❤😊❤😊❤😊❤😊😊❤😊😊❤😊😊😊😊😊❤❤❤❤❤❤❤❤❤❤❤❤❤😊❤😊😊❤😊❤,0
Future,Trap,L2mZJqU5wxI,Future - March Madness (Official Lyric Video),Future,"This and Low Life are future’s best songs, both 12/10s at least 🔥🔥",2
Future,Trap,L2mZJqU5wxI,Future - March Madness (Official Lyric Video),Future,Yeah,1
Future,Trap,L2mZJqU5wxI,Future - March Madness (Official Lyric Video),Future,🔥🔥🔥🔥🔥🔥🔥,0
Future,Trap,L2mZJqU5wxI,Future - March Madness (Official Lyric Video),Future,I like song,0
Future,Trap,L2mZJqU5wxI,Future - March Madness (Official Lyric Video),Future,"This song go so hard ..... i just played it and had to run dis bihh back 
Fuk on a basic  bih we gone wake up smoke a blunt den fuk she gone keep it so real wit ah 🥷 dat ima always come back and fuk wit her   .... snaped 💪💪💪",0
Future,Trap,L2mZJqU5wxI,Future - March Madness (Official Lyric Video),Future,"""Dirty muddy in the cup, the .45 by my gut"" Gator Boys stay HOT!",2
Future,Trap,L2mZJqU5wxI,Future - March Madness (Official Lyric Video),Future,Dis junt tuff,0
Future,Trap,L2mZJqU5wxI,Future - March Madness (Official Lyric Video),Future,❤,0
Future,Trap,L2mZJqU5wxI,Future - March Madness (Official Lyric Video),Future,Every March  since it dropped ⚰️🥀,1
Future,Trap,L2mZJqU5wxI,Future - March Madness (Official Lyric Video),Future,Cooper Flagg,0
Future,Trap,L2mZJqU5wxI,Future - March Madness (Official Lyric Video),Future,This song hit year round not just in March and been a hit since i was 18 19 💪,5
Future,Trap,L2mZJqU5wxI,Future - March Madness (Official Lyric Video),Future,Dammit 3 days late lol. Its April 3rd! 😂,0
Future,Trap,L2mZJqU5wxI,Future - March Madness (Official Lyric Video),Future,"These are the truest, most unorthodox, honest, hardest, most confusing yet eloquently explained lyrics I’ve ever read!",0
Future,Trap,L2mZJqU5wxI,Future - March Madness (Official Lyric Video),Future,It'll be April tomorrow enough madness for me love 😂😂❤❤,3
Future,Trap,L2mZJqU5wxI,Future - March Madness (Official Lyric Video),Future,Drive the foreign like it was a Chevy 💨,2
Future,Trap,L2mZJqU5wxI,Future - March Madness (Official Lyric Video),Future,669 . sounds love it 6,0
Future,Trap,L2mZJqU5wxI,Future - March Madness (Official Lyric Video),Future,March 2025 who here??,2
Future,Trap,L2mZJqU5wxI,Future - March Madness (Official Lyric Video),Future,Marlocsta aka jigga biggavelli loso biggavelli max b Rambo Beamon Watts baby loc 103rd,1
Future,Trap,L2mZJqU5wxI,Future - March Madness (Official Lyric Video),Future,March 2025,1
Future,Trap,L2mZJqU5wxI,Future - March Madness (Official Lyric Video),Future,March Madness littt,1
Future,Trap,L2mZJqU5wxI,Future - March Madness (Official Lyric Video),Future,March Madness 2025. Timeless track,0
Future,Trap,L2mZJqU5wxI,Future - March Madness (Official Lyric Video),Future,You know it’s march madness future 🔥🔥,4
Future,Trap,L2mZJqU5wxI,Future - March Madness (Official Lyric Video),Future,I play this every march,0
Future,Trap,L2mZJqU5wxI,Future - March Madness (Official Lyric Video),Future,"Dress it up; make it real for me  Hahaha , whatever that fuccin means🤴🏿. #2052 helloooo anyone here?",1
Future,Trap,L2mZJqU5wxI,Future - March Madness (Official Lyric Video),Future,came from that short 😂,2
Future,Trap,L2mZJqU5wxI,Future - March Madness (Official Lyric Video),Future,Marching 2025🎉🎉🎉,0
Future,Trap,L2mZJqU5wxI,Future - March Madness (Official Lyric Video),Future,“Living lavish like I’m playing for the mavericks” Nico Harris traded Luka for AD this song is timeless,4
Future,Trap,L2mZJqU5wxI,Future - March Madness (Official Lyric Video),Future,March 2025 here 🙌🏾,2
Future,Trap,L2mZJqU5wxI,Future - March Madness (Official Lyric Video),Future,Inspirational,1
Future,Trap,L2mZJqU5wxI,Future - March Madness (Official Lyric Video),Future,Is anyone here in 2037,2
Future,Trap,L2mZJqU5wxI,Future - March Madness (Official Lyric Video),Future,March 2025,1
Future,Trap,L2mZJqU5wxI,Future - March Madness (Official Lyric Video),Future,How can someone not love this song 🤦🏿‍♂️,0
Future,Trap,L2mZJqU5wxI,Future - March Madness (Official Lyric Video),Future,U want David f to get back with me ❤more in love and connect to me i manifesting god universe Venus goddess plz help me make him come back to me soon 🙏🙏🙏🙏🤞🤞🤞🤞💫💫💫✨✨✨❤️❤️❤️🤴🏻👸🏻💋♦️🇲🇽💰,1
Future,Trap,L2mZJqU5wxI,Future - March Madness (Official Lyric Video),Future,MARCH MADNESS 🤪,0
Future,Trap,L2mZJqU5wxI,Future - March Madness (Official Lyric Video),Future,Nostalgia at its absolute BEST 🔥,1
Future,Trap,L2mZJqU5wxI,Future - March Madness (Official Lyric Video),Future,💃🏾💃🏾3/3/25,0
Future,Trap,L2mZJqU5wxI,Future - March Madness (Official Lyric Video),Future,It's that time. March Madness,79
Future,Trap,L2mZJqU5wxI,Future - March Madness (Official Lyric Video),Future,March madness 🔥 🔥 😮‍💨 🙌🏾,2
Future,Trap,L2mZJqU5wxI,Future - March Madness (Official Lyric Video),Future,march madneeeeeeeeess,1
Future,Trap,L2mZJqU5wxI,Future - March Madness (Official Lyric Video),Future,March 1 2025,10
Future,Trap,L2mZJqU5wxI,Future - March Madness (Official Lyric Video),Future,March 1st,0
Future,Trap,L2mZJqU5wxI,Future - March Madness (Official Lyric Video),Future,It's my time it's March Madness,53
Future,Trap,L2mZJqU5wxI,Future - March Madness (Official Lyric Video),Future,March madness 🎉,0
Future,Trap,L2mZJqU5wxI,Future - March Madness (Official Lyric Video),Future,march 2025,0
Future,Trap,L2mZJqU5wxI,Future - March Madness (Official Lyric Video),Future,Fuck around & teach you that recipe 😁💪💯,0
Future,Trap,L2mZJqU5wxI,Future - March Madness (Official Lyric Video),Future,This vs 2 phones?,1
Future,Trap,L2mZJqU5wxI,Future - March Madness (Official Lyric Video),Future,"Hendrix is locked up in Jones county ..
They Raped Dirty sprite 😮😊🎉",0
Future,Trap,L2mZJqU5wxI,Future - March Madness (Official Lyric Video),Future,What a time!,0
Future,Trap,L2mZJqU5wxI,Future - March Madness (Official Lyric Video),Future,Im fuckin fried,0
Future,Trap,L2mZJqU5wxI,Future - March Madness (Official Lyric Video),Future,The song we didn't know we all needed😂❤❤❤,2
Future,Trap,L2mZJqU5wxI,Future - March Madness (Official Lyric Video),Future,Is this supposed to be made for kids when restricted mode is on? 🤔,0
Future,Trap,L2mZJqU5wxI,Future - March Madness (Official Lyric Video),Future,Still in my playlist❤,1
Future,Trap,L2mZJqU5wxI,Future - March Madness (Official Lyric Video),Future,This man could litterally make a whole new music video for this song and drop it rn and it’s still gon do numbers.😤🚀🔥🔥🔥🔥,2
Future,Trap,L2mZJqU5wxI,Future - March Madness (Official Lyric Video),Future,Still here I never left February 1st 2025 😝🦅🦅🦅🦅🦅🦅😍😍😍😍😍💯💯💯💯 freeband,0
Future,Trap,L2mZJqU5wxI,Future - March Madness (Official Lyric Video),Future,"whenever it plays, i put it on repeat 🌵🦅",15
Future,Trap,L2mZJqU5wxI,Future - March Madness (Official Lyric Video),Future,Nostalgia ah intro,2
Future,Trap,L2mZJqU5wxI,Future - March Madness (Official Lyric Video),Future,anyone here 2025?,280
Future,Trap,L2mZJqU5wxI,Future - March Madness (Official Lyric Video),Future,2025 Gang!!!!!,70
Future,Trap,L2mZJqU5wxI,Future - March Madness (Official Lyric Video),Future,2025🔥🔥🔥,1
Future,Trap,L2mZJqU5wxI,Future - March Madness (Official Lyric Video),Future,Still going 🎩💯💯,2
Future,Trap,L2mZJqU5wxI,Future - March Madness (Official Lyric Video),Future,Yes I love it on my playlist I fks wit future period..💙💪🏿💯,1
Future,Trap,L2mZJqU5wxI,Future - March Madness (Official Lyric Video),Future,2025 🎉,1
Future,Trap,L2mZJqU5wxI,Future - March Madness (Official Lyric Video),Future,2025 happy new year everybody,7
Future,Trap,L2mZJqU5wxI,Future - March Madness (Official Lyric Video),Future,"DRESS IT UP, MAKE IT REAL 4ME🔥🔥🔥",3
Future,Trap,L2mZJqU5wxI,Future - March Madness (Official Lyric Video),Future,2024,2
Future,Trap,L2mZJqU5wxI,Future - March Madness (Official Lyric Video),Future,“I’m the one living lavish like I’m playing for the Mavericks”,25
Future,Trap,L2mZJqU5wxI,Future - March Madness (Official Lyric Video),Future,"Let me be the first to say it
I will be here all 2025!!!🔥🔥",2
Future,Trap,L2mZJqU5wxI,Future - March Madness (Official Lyric Video),Future,Anybody listening to this in 2024,19
Future,Trap,L2mZJqU5wxI,Future - March Madness (Official Lyric Video),Future,Absolute masterpiece,1
Future,Trap,L2mZJqU5wxI,Future - March Madness (Official Lyric Video),Future,Who in 2024 never get old ❤!!!!!,1
Future,Trap,L2mZJqU5wxI,Future - March Madness (Official Lyric Video),Future,Pidd,2
Future,Trap,L2mZJqU5wxI,Future - March Madness (Official Lyric Video),Future,Atl sh*t. Put it down for the Georgia and the South,2
Future,Trap,L2mZJqU5wxI,Future - March Madness (Official Lyric Video),Future,I been Listening to this binging off uppers and liquor that part “I didn’t wanna f the b Molly made me f her even tho she average” made my body tingle,1
Future,Trap,L2mZJqU5wxI,Future - March Madness (Official Lyric Video),Future,0:15,3
Future,Trap,L2mZJqU5wxI,Future - March Madness (Official Lyric Video),Future,This song is  Hard!!!!!!!!!,6
Future,Trap,L2mZJqU5wxI,Future - March Madness (Official Lyric Video),Future,#1  of all times,2
Future,Trap,L2mZJqU5wxI,Future - March Madness (Official Lyric Video),Future,Buh,1
Future,Trap,L2mZJqU5wxI,Future - March Madness (Official Lyric Video),Future,😅,1
Future,Trap,L2mZJqU5wxI,Future - March Madness (Official Lyric Video),Future,2024song,1
Future,Trap,L2mZJqU5wxI,Future - March Madness (Official Lyric Video),Future,Anybody here in 2024?,76
Future,Trap,L2mZJqU5wxI,Future - March Madness (Official Lyric Video),Future,Bruh,1
Future,Trap,L2mZJqU5wxI,Future - March Madness (Official Lyric Video),Future,K.h.s.a.a. 1 a thru 6a title holder 120 counties is satan until 1 of 119 take that crown this year.,2
Future,Trap,L2mZJqU5wxI,Future - March Madness (Official Lyric Video),Future,One of the best Future songs ever!,30
Future,Trap,L2mZJqU5wxI,Future - March Madness (Official Lyric Video),Future,Forever legend 🎉,1
Future,Trap,L2mZJqU5wxI,Future - March Madness (Official Lyric Video),Future,I discovered it today.,1
Future,Trap,L2mZJqU5wxI,Future - March Madness (Official Lyric Video),Future,Best Fewtch song ever,1
Future,Trap,L2mZJqU5wxI,Future - March Madness (Official Lyric Video),Future,This shi right here,1
Future,Trap,L2mZJqU5wxI,Future - March Madness (Official Lyric Video),Future,I been trapping this shit wrong 😂,1
Future,Trap,L2mZJqU5wxI,Future - March Madness (Official Lyric Video),Future,Real time screen recording,1
Future,Trap,L2mZJqU5wxI,Future - March Madness (Official Lyric Video),Future,Screen recording 🤦🏾‍♂️,1
Future,Trap,L2mZJqU5wxI,Future - March Madness (Official Lyric Video),Future,Ah men of culture we meet again,2
Future,Trap,L2mZJqU5wxI,Future - March Madness (Official Lyric Video),Future,Simply awesome🎉😂❤,1
Future,Trap,L2mZJqU5wxI,Future - March Madness (Official Lyric Video),Future,This MF HERRRRE!!!!🔥🔥🔥🔥 WILL 4EVA BE THAT SHIT!,3
Future,Trap,L2mZJqU5wxI,Future - March Madness (Official Lyric Video),Future,STILL a banger🔥,1
Future,Trap,L2mZJqU5wxI,Future - March Madness (Official Lyric Video),Future,"it's ""March Madness""",1
Future,Trap,L2mZJqU5wxI,Future - March Madness (Official Lyric Video),Future,😂 I don’t know bout y’all but I can’t hear this song when I’m gassed! It’s on repeat the whole time!!!💯💪🏽💪🏽,0
Future,Trap,L2mZJqU5wxI,Future - March Madness (Official Lyric Video),Future,Who Listening in 2024,23
Future,Trap,L2mZJqU5wxI,Future - March Madness (Official Lyric Video),Future,I ❤ this song this is a classic,1
Future,Trap,L2mZJqU5wxI,Future - March Madness (Official Lyric Video),Future,Present still🎉,0
Future,Trap,L2mZJqU5wxI,Future - March Madness (Official Lyric Video),Future,We the Ones who kept it Koo,0
Future,Trap,L2mZJqU5wxI,Future - March Madness (Official Lyric Video),Future,🔥 📛 👨‍🚒,1
Future,Trap,L2mZJqU5wxI,Future - March Madness (Official Lyric Video),Future,August 2024 and song still banging,0
Future,Trap,L2mZJqU5wxI,Future - March Madness (Official Lyric Video),Future,Not really lyrical. Just like sounds and beats.,0
Future,Trap,L2mZJqU5wxI,Future - March Madness (Official Lyric Video),Future,"FUTURE... CAN'T TOUCH ME!.... ALWAYS.. FOREVER LOVE ❣️😘 
PEACH, ✌️",2
Future,Trap,L2mZJqU5wxI,Future - March Madness (Official Lyric Video),Future,Time stopped for Future on this ONE....,18
Future,Trap,L2mZJqU5wxI,Future - March Madness (Official Lyric Video),Future,2024 still🔥🔥🔥🔥🔥,3
Future,Trap,L2mZJqU5wxI,Future - March Madness (Official Lyric Video),Future,STR 🔥🔥🔥,2
Future,Trap,L2mZJqU5wxI,Future - March Madness (Official Lyric Video),Future,2024!!!!! I’m here,1
Future,Trap,L2mZJqU5wxI,Future - March Madness (Official Lyric Video),Future,MY SHIT!!! STILL TO THIS DAY,3
Future,Trap,L2mZJqU5wxI,Future - March Madness (Official Lyric Video),Future,"I must admit that Kendrick  snapped  on this  song, and Drake took a loss. But i still like Drakes  music better and vibe  with his albums  more. So for  me nothing changed.",4
Future,Trap,L2mZJqU5wxI,Future - March Madness (Official Lyric Video),Future,😮.,0
Future,Trap,L2mZJqU5wxI,Future - March Madness (Official Lyric Video),Future,Pluto reigns supreme 🤴🏿🤴🏿🤴🏿,0
Future,Trap,L2mZJqU5wxI,Future - March Madness (Official Lyric Video),Future,One hot track future forever love it🔥🔥🔥🔥🔥 💪🏿❣️,0
Future,Trap,L2mZJqU5wxI,Future - March Madness (Official Lyric Video),Future,This song slowed with bass boosted,0
Future,Trap,L2mZJqU5wxI,Future - March Madness (Official Lyric Video),Future,Maart mafheid,0
Future,Trap,L2mZJqU5wxI,Future - March Madness (Official Lyric Video),Future,Who's here in 2027!? 😎,8
Future,Trap,L2mZJqU5wxI,Future - March Madness (Official Lyric Video),Future,how's this is not the biggest hit of future??,1
Future,Trap,L2mZJqU5wxI,Future - March Madness (Official Lyric Video),Future,When he said I was working and serving at Nautica I felt that because I did the same exact thing 💯,0
Future,Trap,L2mZJqU5wxI,Future - March Madness (Official Lyric Video),Future,"❤❤❤yessss March,April,May,June,July,madness Ballin like March Madness baby..",19
Future,Trap,L2mZJqU5wxI,Future - March Madness (Official Lyric Video),Future,One of THEE MOST heavenly engineered beats ever made idc,15
Future,Trap,L2mZJqU5wxI,Future - March Madness (Official Lyric Video),Future,Junteenth 2024,1
Future,Trap,L2mZJqU5wxI,Future - March Madness (Official Lyric Video),Future,Like I'm playing for the Celtics!,1
Future,Trap,L2mZJqU5wxI,Future - March Madness (Official Lyric Video),Future,Cool &$$ video,1
Future,Trap,L2mZJqU5wxI,Future - March Madness (Official Lyric Video),Future,Why the beat the same as rich how im dying by Hotboii?🤣,0
Future,Trap,L2mZJqU5wxI,Future - March Madness (Official Lyric Video),Future,God did,0
Future,Trap,L2mZJqU5wxI,Future - March Madness (Official Lyric Video),Future,My pre game music,2
Future,Trap,L2mZJqU5wxI,Future - March Madness (Official Lyric Video),Future,My boy be snapping🗣️,2
Future,Trap,L2mZJqU5wxI,Future - March Madness (Official Lyric Video),Future,I want to get super lit and go crazy in the club off this song😂😂❤,7
Future,Trap,L2mZJqU5wxI,Future - March Madness (Official Lyric Video),Future,"Tr
Ue",1
Future,Trap,L2mZJqU5wxI,Future - March Madness (Official Lyric Video),Future,this is so adiccting,1
Future,Trap,L2mZJqU5wxI,Future - March Madness (Official Lyric Video),Future,I never liked future until I smoked and it's been my shit ever since lol,2
Future,Trap,L2mZJqU5wxI,Future - March Madness (Official Lyric Video),Future,Very cool perfect 🎉,0
Future,Trap,L2mZJqU5wxI,Future - March Madness (Official Lyric Video),Future,"🎉🔥 dopeazztrack MSN is bout it boo boo 😊😮❤SaraStorie GurL N.O., LA / Starshipelle ESP LLC _ Living Lavish : March Madness 24",0
Future,Trap,L2mZJqU5wxI,Future - March Madness (Official Lyric Video),Future,Still the greatest song Future did imo,0
Future,Trap,L2mZJqU5wxI,Future - March Madness (Official Lyric Video),Future,8⁠-⁠)Go,0
Future,Trap,L2mZJqU5wxI,Future - March Madness (Official Lyric Video),Future,2024❤,1
Future,Trap,L2mZJqU5wxI,Future - March Madness (Official Lyric Video),Future,Came back to this cause march madness going crazy rn,1
Future,Trap,L2mZJqU5wxI,Future - March Madness (Official Lyric Video),Future,"March Madness just started, so we back here fr🔥🔥",1
Future,Trap,L2mZJqU5wxI,Future - March Madness (Official Lyric Video),Future,Pluto mis ragge,0
Future,Trap,L2mZJqU5wxI,Future - March Madness (Official Lyric Video),Future,Ah yes a timeless classic 🤝🏽🙌🏽,44
Future,Trap,L2mZJqU5wxI,Future - March Madness (Official Lyric Video),Future,I feel like someone walked into the studio right as he was starting and handed him that adlib n he was confused af😂,6
Future,Trap,L2mZJqU5wxI,Future - March Madness (Official Lyric Video),Future,Dress it up and go to NASA,17
Future,Trap,L2mZJqU5wxI,Future - March Madness (Official Lyric Video),Future,0:9 go hard,1
Future,Trap,L2mZJqU5wxI,Future - March Madness (Official Lyric Video),Future,The strippers in Houston love this!!,0
Future,Trap,L2mZJqU5wxI,Future - March Madness (Official Lyric Video),Future,we here in March 2024🫡 timeless masterpiece,272
Future,Trap,L2mZJqU5wxI,Future - March Madness (Official Lyric Video),Future,1:20 to 1:52 🔥🤟,2
Future,Trap,L2mZJqU5wxI,Future - March Madness (Official Lyric Video),Future,2024🎉🎉🎉🎉❤,1
Future,Trap,L2mZJqU5wxI,Future - March Madness (Official Lyric Video),Future,It's March the month of love and war,2
Future,Trap,L2mZJqU5wxI,Future - March Madness (Official Lyric Video),Future,"March 1, 2024",2
Future,Trap,L2mZJqU5wxI,Future - March Madness (Official Lyric Video),Future,It’s that time. March baby 🎉,92
Future,Trap,L2mZJqU5wxI,Future - March Madness (Official Lyric Video),Future,2024 wya,0
Future,Trap,L2mZJqU5wxI,Future - March Madness (Official Lyric Video),Future,👽👽👽👽👽🛸,0
Future,Trap,L2mZJqU5wxI,Future - March Madness (Official Lyric Video),Future,Fck flames 🔥….. This sht still LAVA 🌋,0
Future,Trap,L2mZJqU5wxI,Future - March Madness (Official Lyric Video),Future,Who atill bang this 2024 ?,3
Future,Trap,L2mZJqU5wxI,Future - March Madness (Official Lyric Video),Future,GOAT,1
Future,Trap,L2mZJqU5wxI,Future - March Madness (Official Lyric Video),Future,Tried doing the flip and still failing,0
Future,Trap,L2mZJqU5wxI,Future - March Madness (Official Lyric Video),Future,WE THE ONE WHO KEPT WITH THOSE NIGGA TIL THESE  NIGGA STARTED ACTING # FOREVER CLASSIC 💪🏽💯,0
Future,Trap,L2mZJqU5wxI,Future - March Madness (Official Lyric Video),Future,"Tâke yøu øut før sum jørdans~ 

👑💎👑💎👑💎👑

🌹🌹🌹🌹🌹

🖤🖤🖤🖤",0
Future,Trap,L2mZJqU5wxI,Future - March Madness (Official Lyric Video),Future,Ya it doesn’t,0
Future,Trap,L2mZJqU5wxI,Future - March Madness (Official Lyric Video),Future,"FUCK ØN Å BÂSIC B I T C H 🌹


                       -BEARZZ 💎",1
Future,Trap,L2mZJqU5wxI,Future - March Madness (Official Lyric Video),Future,After March Madness you just have Inside The Mattress next on the queue...,0
Future,Trap,L2mZJqU5wxI,Future - March Madness (Official Lyric Video),Future,New Theme Song Everyday is MARCH MADNESS!!!!!!!!!!!!,0
Future,Trap,L2mZJqU5wxI,Future - March Madness (Official Lyric Video),Future,Future - March Madesss (Official Lyric Video),1
Future,Trap,L2mZJqU5wxI,Future - March Madness (Official Lyric Video),Future,THIS MY THEME SONG FOR MY BIRTHDAY #MARCH9TH MARCH MADNESS! WHERE IS ALL MY MARCH PISCES AT?,0
Future,Trap,L2mZJqU5wxI,Future - March Madness (Official Lyric Video),Future,You got 24hrs to get you some cash,0
Future,Trap,L2mZJqU5wxI,Future - March Madness (Official Lyric Video),Future,Say ..im playing this shit the rest of my days...if anybody dont like this hit...imaa pull down on em!,1
Future,Trap,L2mZJqU5wxI,Future - March Madness (Official Lyric Video),Future,Ho Wheek pt 🎊 is the 😮🎉 3:40 years,1
Future,Trap,L2mZJqU5wxI,Future - March Madness (Official Lyric Video),Future,This an anime type beat lol,0
Future,Trap,L2mZJqU5wxI,Future - March Madness (Official Lyric Video),Future,"This song gives off a certain vibe, it’s hard to explain,but it makes you want to live fast.",1
Future,Trap,L2mZJqU5wxI,Future - March Madness (Official Lyric Video),Future,Daddy love u and eyesz isz too to two2 keep up the good work,0
Future,Trap,L2mZJqU5wxI,Future - March Madness (Official Lyric Video),Future,I am who i am!,1
Future,Trap,L2mZJqU5wxI,Future - March Madness (Official Lyric Video),Future,"Don’t talk to me 
Just talk to my lil dude’s 
Don’t talk to me 
Just talk to my lil dude’s 
Fuck with me you gonna lose",0
Future,Trap,L2mZJqU5wxI,Future - March Madness (Official Lyric Video),Future,2023❤,0
Future,Trap,L2mZJqU5wxI,Future - March Madness (Official Lyric Video),Future,👍🏼,1
Future,Trap,L2mZJqU5wxI,Future - March Madness (Official Lyric Video),Future,Jamming out to this is ain't even MARCH YET 💝💯❣️😍❤️🥳💕💪🏽🎈🥰♐♐💯💯,2
Future,Trap,L2mZJqU5wxI,Future - March Madness (Official Lyric Video),Future,2023,1
Future,Trap,L2mZJqU5wxI,Future - March Madness (Official Lyric Video),Future,It’s September 2023 but my bday in March,2
Future,Trap,L2mZJqU5wxI,Future - March Madness (Official Lyric Video),Future,I will not be fine,0
Future,Trap,L2mZJqU5wxI,Future - March Madness (Official Lyric Video),Future,2023🔥🔥🔥🔥🔥🔥 NASA,0
Future,Trap,L2mZJqU5wxI,Future - March Madness (Official Lyric Video),Future,😂good mf times,1
Future,Trap,L2mZJqU5wxI,Future - March Madness (Official Lyric Video),Future,I always thought he said “take you out for some drugs”,0
Future,Trap,L2mZJqU5wxI,Future - March Madness (Official Lyric Video),Future,"Bro, somebody did a sample on this and he’s never better than the original❤️❤️❤️",0
Future,Trap,L2mZJqU5wxI,Future - March Madness (Official Lyric Video),Future,Always fire 🔥 always going to be apart of my playlist,2
Future,Trap,L2mZJqU5wxI,Future - March Madness (Official Lyric Video),Future,2023 🔥 like of here at ‘23,0
Future,Trap,L2mZJqU5wxI,Future - March Madness (Official Lyric Video),Future,If she keep it so real w a nigga that im gon come back and always gon fw her,2
Future,Trap,L2mZJqU5wxI,Future - March Madness (Official Lyric Video),Future,Mumble rap 😂,0
Future,Trap,L2mZJqU5wxI,Future - March Madness (Official Lyric Video),Future,ass,0
Future,Trap,L2mZJqU5wxI,Future - March Madness (Official Lyric Video),Future,This is that one song I keep skipping but when I heard it daaaaaaamn that was my honest reaction,0
Future,Trap,L2mZJqU5wxI,Future - March Madness (Official Lyric Video),Future,Blasting my Lamborghini down the road..,1
Future,Trap,L2mZJqU5wxI,Future - March Madness (Official Lyric Video),Future,👀kept it cool till the nigga started acting,1
Future,Trap,L2mZJqU5wxI,Future - March Madness (Official Lyric Video),Future,Aye still a jam in 2023,0
Future,Trap,L2mZJqU5wxI,Future - March Madness (Official Lyric Video),Future,Where do I find these space beats,0
Future,Trap,L2mZJqU5wxI,Future - March Madness (Official Lyric Video),Future,Boom 💥,1
Future,Trap,L2mZJqU5wxI,Future - March Madness (Official Lyric Video),Future,Here in 2023,0
Future,Trap,L2mZJqU5wxI,Future - March Madness (Official Lyric Video),Future,sudmint       sudmint,0
Future,Trap,L2mZJqU5wxI,Future - March Madness (Official Lyric Video),Future,trek  bars,0
Future,Trap,L2mZJqU5wxI,Future - March Madness (Official Lyric Video),Future,starmars,0
Future,Trap,L2mZJqU5wxI,Future - March Madness (Official Lyric Video),Future,"Future is really HIM !!!
🐐🐐🐐🐐",1
Future,Trap,L2mZJqU5wxI,Future - March Madness (Official Lyric Video),Future,https://music.youtube.com/watch?v=61KAPwI94jU&feature=share,0
Future,Trap,L2mZJqU5wxI,Future - March Madness (Official Lyric Video),Future,THIS S**T HIT HARD FOR ME IN MANY WAYS. . LIFE IS A LESSON THAT IS EVERYDAY LEARNING YOU LEARN AS YOU GO THROUGH IT,76
Future,Trap,L2mZJqU5wxI,Future - March Madness (Official Lyric Video),Future,It’s march,0
Future,Trap,L2mZJqU5wxI,Future - March Madness (Official Lyric Video),Future,"""Dirty soda in a styrofoam""💯",1
Future,Trap,L2mZJqU5wxI,Future - March Madness (Official Lyric Video),Future,Getting that march madness $$$$ here in Vegas,3
Future,Trap,L2mZJqU5wxI,Future - March Madness (Official Lyric Video),Future,Meek mill brought me back this to hard😂🤝🏾💯💯💯💯💯,1
Future,Trap,L2mZJqU5wxI,Future - March Madness (Official Lyric Video),Future,"Hi Future Im BlueyBlue! 
Always Dreamed big being Just Like You Man!",4
Future,Trap,L2mZJqU5wxI,Future - March Madness (Official Lyric Video),Future,I'm gonna try to listen to this every day until April 1st. Great song 👍👍,1
Future,Trap,L2mZJqU5wxI,Future - March Madness (Official Lyric Video),Future,Man it took me 10 months to figure out this is a fire basketball song.,3
Future,Trap,L2mZJqU5wxI,Future - March Madness (Official Lyric Video),Future,Pluto?👀😳🤫,1
Future,Trap,L2mZJqU5wxI,Future - March Madness (Official Lyric Video),Future,trap king,2
Future,Trap,L2mZJqU5wxI,Future - March Madness (Official Lyric Video),Future,"My birthday, march 19 pisces ♓️ gang 🤪 love this song",0
Future,Trap,L2mZJqU5wxI,Future - March Madness (Official Lyric Video),Future,its time again,2
Future,Trap,L2mZJqU5wxI,Future - March Madness (Official Lyric Video),Future,Yuhhh 🔥,0
Future,Trap,L2mZJqU5wxI,Future - March Madness (Official Lyric Video),Future,The more future gets old the more intelligent he becomes in dropping phenomenal Hits 🐂☕,13
Future,Trap,L2mZJqU5wxI,Future - March Madness (Official Lyric Video),Future,2023 🔥 this song is still hard af,0
Future,Trap,L2mZJqU5wxI,Future - March Madness (Official Lyric Video),Future,We da ones who kept it kool til all these n×××as started actin.,1
Future,Trap,L2mZJqU5wxI,Future - March Madness (Official Lyric Video),Future,Ayyy ayyy ayyy!,1
Future,Trap,L2mZJqU5wxI,Future - March Madness (Official Lyric Video),Future,🚮,0
Future,Trap,L2mZJqU5wxI,Future - March Madness (Official Lyric Video),Future,Whatever that fuckin mean,1
Future,Trap,L2mZJqU5wxI,Future - March Madness (Official Lyric Video),Future,1:16 he mentions (OFFSET ) THATS BEFORE THE MEGOS CAME OUT * true profit,5
Future,Trap,L2mZJqU5wxI,Future - March Madness (Official Lyric Video),Future,I can turn up to this song all the way to old age ASTOGNAUT STATUSSSSSSS #TURNUP,1
Future,Trap,L2mZJqU5wxI,Future - March Madness (Official Lyric Video),Future,If you’d didn’t cry to this song then you need let that emotion out,0
Future,Trap,L2mZJqU5wxI,Future - March Madness (Official Lyric Video),Future,WOW,0
Future,Trap,L2mZJqU5wxI,Future - March Madness (Official Lyric Video),Future,I’m late asf…just now listing to this 🤦🏾‍♂️ this shit bang,1
Future,Trap,L2mZJqU5wxI,Future - March Madness (Official Lyric Video),Future,Still on my 📱 since day one,0
Future,Trap,L2mZJqU5wxI,Future - March Madness (Official Lyric Video),Future,He got the extraterrestrials on this beat 👽🚀🪐,0
Future,Trap,L2mZJqU5wxI,Future - March Madness (Official Lyric Video),Future,Can we get Hoodfoot Mo Atlas royalties for this song?,0
Future,Trap,L2mZJqU5wxI,Future - March Madness (Official Lyric Video),Future,Banger,1
Future,Trap,L2mZJqU5wxI,Future - March Madness (Official Lyric Video),Future,This song sits at a very high ranking seat in the Trap Music Hall of Fame. We'll be listening to this in 2030,88
Future,Trap,L2mZJqU5wxI,Future - March Madness (Official Lyric Video),Future,Making the lyric video in another galaxy was genius!,8
Future,Trap,L2mZJqU5wxI,Future - March Madness (Official Lyric Video),Future,this is song ilike from 2017 old but gold❤❤❤,0
Future,Trap,L2mZJqU5wxI,Future - March Madness (Official Lyric Video),Future,my favorite song till this day,11
Future,Trap,L2mZJqU5wxI,Future - March Madness (Official Lyric Video),Future,"Listen to the instrumental.....

FUTURE IS THE MELODY. THATS WHATS DOPE ABOUT THE SONG",82
Future,Trap,L2mZJqU5wxI,Future - March Madness (Official Lyric Video),Future,My favorite Future song 🎵  THIS HOE A WHOLE VIBE,2
Future,Trap,L2mZJqU5wxI,Future - March Madness (Official Lyric Video),Future,🔥 song,0
Future,Trap,L2mZJqU5wxI,Future - March Madness (Official Lyric Video),Future,This song FIRE 🔥 🔥🔥🔥🔥🔥🔥🔥,2
Future,Trap,L2mZJqU5wxI,Future - March Madness (Official Lyric Video),Future,timeless 💫🛸❤️‍🔥,5
Future,Trap,L2mZJqU5wxI,Future - March Madness (Official Lyric Video),Future,Pp,0
Future,Trap,L2mZJqU5wxI,Future - March Madness (Official Lyric Video),Future,Whatever that FUQIN mean,0
Future,Trap,L2mZJqU5wxI,Future - March Madness (Official Lyric Video),Future,It’s a classic,4
Future,Trap,L2mZJqU5wxI,Future - March Madness (Official Lyric Video),Future,For ever classic,0
Future,Trap,L2mZJqU5wxI,Future - March Madness (Official Lyric Video),Future,Still waiting for the NCAA to add this to March Madness officially,1
Future,Trap,L2mZJqU5wxI,Future - March Madness (Official Lyric Video),Future,Greatest song!!!,1
Future,Trap,L2mZJqU5wxI,Future - March Madness (Official Lyric Video),Future,Q,0
Future,Trap,L2mZJqU5wxI,Future - March Madness (Official Lyric Video),Future,"Miss songs like this and codeine crazy, that new album is really dogshit lol but i guess thats normal at this point",0
Future,Trap,L2mZJqU5wxI,Future - March Madness (Official Lyric Video),Future,My favorite,0
Future,Trap,L2mZJqU5wxI,Future - March Madness (Official Lyric Video),Future,Why is he dropping all his music again?,0
Future,Trap,L2mZJqU5wxI,Future - March Madness (Official Lyric Video),Future,"Damn, this my ish ...
Takes me back to the DatPiff days...
I miss that shit ‼️",2
Future,Trap,L2mZJqU5wxI,Future - March Madness (Official Lyric Video),Future,Still goin hard 2022🔥🔥🔥,9
Future,Trap,L2mZJqU5wxI,Future - March Madness (Official Lyric Video),Future,FUTURE HENDRIX DIRTY SPRITE LEGENDARY 👽🛸👽🛸👽🛸👽🛸,0
Future,Trap,L2mZJqU5wxI,Future - March Madness (Official Lyric Video),Future,This beat is his best beat ever I wonder who produced it?,4
Future,Trap,L2mZJqU5wxI,Future - March Madness (Official Lyric Video),Future,I get Higher than mercury,0
Future,Trap,L2mZJqU5wxI,Future - March Madness (Official Lyric Video),Future,Remy ma remixed this song when she got out of prison from her 8 year sentence,0
Future,Trap,L2mZJqU5wxI,Future - March Madness (Official Lyric Video),Future,These fucking police can’t touch me these bogus police can’t touch me these fucking niggas can’t touch me. Everything this man say is 🔥🔥,0
Future,Trap,L2mZJqU5wxI,Future - March Madness (Official Lyric Video),Future,Jesus loves you he died on the cross for your sins. Believe in him and you will be saved and go to heaven!,1
Future,Trap,L2mZJqU5wxI,Future - March Madness (Official Lyric Video),Future,Bro Listen this song high you will going to feel like flying 😂,55
Future,Trap,L2mZJqU5wxI,Future - March Madness (Official Lyric Video),Future,🔥🔥🔥🔥,0
Future,Trap,L2mZJqU5wxI,Future - March Madness (Official Lyric Video),Future,On this one imma gonna thank future no cap🧢🧢,0
Future,Trap,L2mZJqU5wxI,Future - March Madness (Official Lyric Video),Future,get me hype asf listen to this classics YOU HAD TO BE THERE TO KNO AFTER THIS DROP  🔥🔥🔥,4
Future,Trap,L2mZJqU5wxI,Future - March Madness (Official Lyric Video),Future,🔥,0
Future,Trap,L2mZJqU5wxI,Future - March Madness (Official Lyric Video),Future,😤🦅💣,0
Future,Trap,L2mZJqU5wxI,Future - March Madness (Official Lyric Video),Future,Masterpiece 💯🔥.. 808 Mafia,0
Future,Trap,L2mZJqU5wxI,Future - March Madness (Official Lyric Video),Future,Now we talking  🔥🔥🔥🔥🔥🔥🔥😱,0
Future,Trap,L2mZJqU5wxI,Future - March Madness (Official Lyric Video),Future,Probably one of the top 3 trap songs ever made,121
Future,Trap,L2mZJqU5wxI,Future - March Madness (Official Lyric Video),Future,Future old songs betta than any new song of any new rappers,1
Future,Trap,L2mZJqU5wxI,Future - March Madness (Official Lyric Video),Future,"The Making Of This Video Looks Crazy 
🧙‍♂️🎥🍑 

https://youtu.be/NXJSGwdx8hA",0
Future,Trap,L2mZJqU5wxI,Future - March Madness (Official Lyric Video),Future,Literally request this song to every dj when I'm out ...I'm turnt the rest of the night,4
Future,Trap,L2mZJqU5wxI,Future - March Madness (Official Lyric Video),Future,Dude I still get chills listening to this masterpiece. I remember when this came out. Junior year of highschool. Just make me appreciate the good times.,85
Future,Trap,L2mZJqU5wxI,Future - March Madness (Official Lyric Video),Future,Did he upload the wrong tape?,0
Future,Trap,L2mZJqU5wxI,Future - March Madness (Official Lyric Video),Future,FUTURE BUMPIN ALL SUMMER 🔝🔝💨💨,0
Future,Trap,L2mZJqU5wxI,Future - March Madness (Official Lyric Video),Future,Always a banger,0
Future,Trap,L2mZJqU5wxI,Future - March Madness (Official Lyric Video),Future,classic,2
Future,Trap,L2mZJqU5wxI,Future - March Madness (Official Lyric Video),Future,Man it time for future to go ape again just stay in his lane in drop that future lingo again nun but music,0
Future,Trap,L2mZJqU5wxI,Future - March Madness (Official Lyric Video),Future,#143,0
Future,Trap,L2mZJqU5wxI,Future - March Madness (Official Lyric Video),Future,💧🚀🚀🚀🚀🚀🚀🚀🚀🚀🚀🚀🚀🚀🚀🚀🚀🚀,0
