artist,genre,video_id,video_title,channel_title,text,likes
Joey Bada$$,Boom bap / Lyric,XoZtqXNLcW8,Joey Bada$$ - Where I Belong (Official Video),Joey Bada$$,"Need an Joey Bada$$,Big Sean, Kendrick Lamar,Kidd Kidd,Dee-1,Troy Ave,Jimi Nu collaboration",2
Joey Bada$$,Boom bap / Lyric,XoZtqXNLcW8,Joey Bada$$ - Where I Belong (Official Video),Joey Bada$$,Just graduated high school couldn’t do it without Joey badass❤,0
Joey Bada$$,Boom bap / Lyric,XoZtqXNLcW8,Joey Bada$$ - Where I Belong (Official Video),Joey Bada$$,I'm living plus,0
Joey Bada$$,Boom bap / Lyric,XoZtqXNLcW8,Joey Bada$$ - Where I Belong (Official Video),Joey Bada$$,Joey was born to rap,0
Joey Bada$$,Boom bap / Lyric,XoZtqXNLcW8,Joey Bada$$ - Where I Belong (Official Video),Joey Bada$$,Damn 26 years okay❤,0
Joey Bada$$,Boom bap / Lyric,XoZtqXNLcW8,Joey Bada$$ - Where I Belong (Official Video),Joey Bada$$,4 000,0
Joey Bada$$,Boom bap / Lyric,XoZtqXNLcW8,Joey Bada$$ - Where I Belong (Official Video),Joey Bada$$,How it feel to know that you the best and  nobody know,2
Joey Bada$$,Boom bap / Lyric,XoZtqXNLcW8,Joey Bada$$ - Where I Belong (Official Video),Joey Bada$$,LES! Shoutout Joey man,1
Joey Bada$$,Boom bap / Lyric,XoZtqXNLcW8,Joey Bada$$ - Where I Belong (Official Video),Joey Bada$$,2026 still listening to this hit 🙌❤️🤟🏼,1
Joey Bada$$,Boom bap / Lyric,XoZtqXNLcW8,Joey Bada$$ - Where I Belong (Official Video),Joey Bada$$,Man where the tracksuit from,0
Joey Bada$$,Boom bap / Lyric,XoZtqXNLcW8,Joey Bada$$ - Where I Belong (Official Video),Joey Bada$$,2026 anybody,2
Joey Bada$$,Boom bap / Lyric,XoZtqXNLcW8,Joey Bada$$ - Where I Belong (Official Video),Joey Bada$$,Praying it all get better,0
Joey Bada$$,Boom bap / Lyric,XoZtqXNLcW8,Joey Bada$$ - Where I Belong (Official Video),Joey Bada$$,My dayyyyssssss Joooooeeyyyyy tell em man,0
Joey Bada$$,Boom bap / Lyric,XoZtqXNLcW8,Joey Bada$$ - Where I Belong (Official Video),Joey Bada$$,"Oof, the beat though especially with earphones 🎧😎😎😎",0
Joey Bada$$,Boom bap / Lyric,XoZtqXNLcW8,Joey Bada$$ - Where I Belong (Official Video),Joey Bada$$,mirachi  matalon Mato A nijah,0
Joey Bada$$,Boom bap / Lyric,XoZtqXNLcW8,Joey Bada$$ - Where I Belong (Official Video),Joey Bada$$,defender prestige Adler,0
Joey Bada$$,Boom bap / Lyric,XoZtqXNLcW8,Joey Bada$$ - Where I Belong (Official Video),Joey Bada$$,7474up,1
Joey Bada$$,Boom bap / Lyric,XoZtqXNLcW8,Joey Bada$$ - Where I Belong (Official Video),Joey Bada$$,2026 still here,3
Joey Bada$$,Boom bap / Lyric,XoZtqXNLcW8,Joey Bada$$ - Where I Belong (Official Video),Joey Bada$$,2026 still here,1
Joey Bada$$,Boom bap / Lyric,XoZtqXNLcW8,Joey Bada$$ - Where I Belong (Official Video),Joey Bada$$,Often took the long way home just to get thoughts off the dome,4
Joey Bada$$,Boom bap / Lyric,XoZtqXNLcW8,Joey Bada$$ - Where I Belong (Official Video),Joey Bada$$,Dude came with this type of style and drop dat trash 🗑️ a$$ last album,0
Joey Bada$$,Boom bap / Lyric,XoZtqXNLcW8,Joey Bada$$ - Where I Belong (Official Video),Joey Bada$$,🔥🔥🔥,1
Joey Bada$$,Boom bap / Lyric,XoZtqXNLcW8,Joey Bada$$ - Where I Belong (Official Video),Joey Bada$$,"I know it’s now or never, often took the long way home, I just levelled up🔥🔥🔥",1
Joey Bada$$,Boom bap / Lyric,XoZtqXNLcW8,Joey Bada$$ - Where I Belong (Official Video),Joey Bada$$,2025,0
Joey Bada$$,Boom bap / Lyric,XoZtqXNLcW8,Joey Bada$$ - Where I Belong (Official Video),Joey Bada$$,.shout out to the nigga who wrote that 1st verse for him 😂😂😂😂,1
Joey Bada$$,Boom bap / Lyric,XoZtqXNLcW8,Joey Bada$$ - Where I Belong (Official Video),Joey Bada$$,"ALL AMERICAN BADASS STILL GOAT ALBUM,PREMIUM,LEGENDARY",0
Joey Bada$$,Boom bap / Lyric,XoZtqXNLcW8,Joey Bada$$ - Where I Belong (Official Video),Joey Bada$$,LES! DOPE,0
Joey Bada$$,Boom bap / Lyric,XoZtqXNLcW8,Joey Bada$$ - Where I Belong (Official Video),Joey Bada$$,Joey feels like the last rapper 🥹❤️💯,2
Joey Bada$$,Boom bap / Lyric,XoZtqXNLcW8,Joey Bada$$ - Where I Belong (Official Video),Joey Bada$$,"I'm a Cali dude all the way through, but I've always loved how much Joey reps NYC and just sounds like the city.",8
Joey Bada$$,Boom bap / Lyric,XoZtqXNLcW8,Joey Bada$$ - Where I Belong (Official Video),Joey Bada$$,Dream 2 come freestyles with the greats legendary growth 💹📈 Billionaires,0
Joey Bada$$,Boom bap / Lyric,XoZtqXNLcW8,Joey Bada$$ - Where I Belong (Official Video),Joey Bada$$,this gives off nyc brooklyn 1996 type of hip hop,3
Joey Bada$$,Boom bap / Lyric,XoZtqXNLcW8,Joey Bada$$ - Where I Belong (Official Video),Joey Bada$$,Well... you might've just made a Joker with this post 😂😂😂😂😂,0
Joey Bada$$,Boom bap / Lyric,XoZtqXNLcW8,Joey Bada$$ - Where I Belong (Official Video),Joey Bada$$,Second verse might be my favorite Joey verse ever,0
Joey Bada$$,Boom bap / Lyric,XoZtqXNLcW8,Joey Bada$$ - Where I Belong (Official Video),Joey Bada$$,Shoutout badass been rockin since waves #90s baby,2
Joey Bada$$,Boom bap / Lyric,XoZtqXNLcW8,Joey Bada$$ - Where I Belong (Official Video),Joey Bada$$,Joey badass a legend 🔥🔥🔥,1
Joey Bada$$,Boom bap / Lyric,XoZtqXNLcW8,Joey Bada$$ - Where I Belong (Official Video),Joey Bada$$,💯💯💯💯🔥🔥🔥🔥🔥🔥🔥🔥🙏🏼🙏🏼🙏🏼🙏🏼🫡🫡🫡🫡🫡🤙🏻🤙🏻🤙🏻🤙🏻🤙🏻,1
Joey Bada$$,Boom bap / Lyric,XoZtqXNLcW8,Joey Bada$$ - Where I Belong (Official Video),Joey Bada$$,"With all due respect, I just haven’t felt Joey’s music the same way since the Summer Knights mixtape. I was a big fan of 1999, but for some reason his music hasn’t hit me like that ever again. I still check out every new drop, but honestly I just don’t feel anything.",2
Joey Bada$$,Boom bap / Lyric,XoZtqXNLcW8,Joey Bada$$ - Where I Belong (Official Video),Joey Bada$$,"Thank you, it's definitely a banger ❤❤❤❤❤ 🔥",1
Joey Bada$$,Boom bap / Lyric,XoZtqXNLcW8,Joey Bada$$ - Where I Belong (Official Video),Joey Bada$$,SICK VISUALS with SICK RAPS...,6
Joey Bada$$,Boom bap / Lyric,XoZtqXNLcW8,Joey Bada$$ - Where I Belong (Official Video),Joey Bada$$,"I remember when I heard the snippet , I played it back about 10 days a day lol 😂🫡",5
Joey Bada$$,Boom bap / Lyric,XoZtqXNLcW8,Joey Bada$$ - Where I Belong (Official Video),Joey Bada$$,King of NY,1
Joey Bada$$,Boom bap / Lyric,XoZtqXNLcW8,Joey Bada$$ - Where I Belong (Official Video),Joey Bada$$,Damn 🔥 📛 ❤,1
Joey Bada$$,Boom bap / Lyric,XoZtqXNLcW8,Joey Bada$$ - Where I Belong (Official Video),Joey Bada$$,"02:48 Satanism symbol, why is that? What side are you on Joey?",1
Joey Bada$$,Boom bap / Lyric,XoZtqXNLcW8,Joey Bada$$ - Where I Belong (Official Video),Joey Bada$$,What a time to be a Hip Hop fan ☠,1
Joey Bada$$,Boom bap / Lyric,XoZtqXNLcW8,Joey Bada$$ - Where I Belong (Official Video),Joey Bada$$,🔥🔥❤️❤️,1
Joey Bada$$,Boom bap / Lyric,XoZtqXNLcW8,Joey Bada$$ - Where I Belong (Official Video),Joey Bada$$,Till 2047.,1
Joey Bada$$,Boom bap / Lyric,XoZtqXNLcW8,Joey Bada$$ - Where I Belong (Official Video),Joey Bada$$,#detroitlove Good$hit🫡🫡,2
Joey Bada$$,Boom bap / Lyric,XoZtqXNLcW8,Joey Bada$$ - Where I Belong (Official Video),Joey Bada$$,Can’t lie this nigga nice,1
Joey Bada$$,Boom bap / Lyric,XoZtqXNLcW8,Joey Bada$$ - Where I Belong (Official Video),Joey Bada$$,Joeeeeeey,1
Joey Bada$$,Boom bap / Lyric,XoZtqXNLcW8,Joey Bada$$ - Where I Belong (Official Video),Joey Bada$$,2:08 HOW IT FEEL TO KNOW THAT U THE BEST AND NOBODY KNOW!!!!,12
Joey Bada$$,Boom bap / Lyric,XoZtqXNLcW8,Joey Bada$$ - Where I Belong (Official Video),Joey Bada$$,"Lyrics

[Intro]
Uh, uh, uh-uh
Yeah (Static Selektah)

[Verse 1]
Back on the set like I never left
I'm taking steps to be the best till they lay me to rest
VVS upon my chest, it got them devious
Ain't no tints on my two-door, I want them see it's us
Cause if I paid enough, them fuckers better see me coming
I used to drive my mama bucket, riding 'round fronting
On Snyder Avenue, building number thirty-four-hunnid
I gave this shit my all or nothing, now my bank bussing
I'm living plush', new crib cost a milli' plus
Six figures on every art piece that's hanging up
You little niggas still spending on the obvious
And if you think I'm flexing now, just wait till I re-up
And just to sum it up, we shining all year long
When I was coming up, they tried to tell me that was wrong
I had to run it up, and now I'm right where I belong
If all my niggas dead and gone, I gotta carry on

[Chorus]
I pray the Lord have mercy on a nigga soul
We reminiscing, reminiscing like it's all we know
Take hollow tips and extra clips everywhere we go
Cause I be taking risk every time that I hit the door
I pray the Lord have mercy on a nigga soul
We reminiscing, reminiscing like it's all we know
Take hollow tips and extra clips everywhere we go
Cause I be taking risk every time that I hit the door

[Verse 2]
Yo
Tryna get my thoughts together
I say a prayer every day, hoping it all get better
I talk to God a lot, these verses is like open letters
I know that nothing really last forever
Like the past, the future don't exist, I know it's now or never
Focused on the present, know my presence is a gift
Just so happen to be good at rapping, that would be my niche
I was only like six when my cousin Richie Rich
Wrote my first verse for me that I would never forget
And since then I was never known to leave a microphone alone
Often took the long way home just to get thoughts off my dome
Mama blowing up my phone, leave her message at the tone
I was getting in my zone, at times I felt so alone
Like how it feel to know that you the best and nobody know
Every punchline a chin check and a body blow
With all disrespect, you niggas still ain't fucking with me though
And never was
Every time they thought they had me down, I just leveled up

[Interlude: BKTIDALWAVE]
They all saw it
I'm from Brooklyn, I rep Brooklyn all day
They killed Biggie
Y'all niggas is killing us and you fucking—
This world is about money, money revolve around money
Just know that I'm from Brooklyn

[Chorus]
I pray the Lord have mercy on a nigga soul
We reminiscing, reminiscing like it's all we know
Take hollow tips and extra clips everywhere we go
Cause I be taking risk every time that I hit the door

[Outro]
Yeah, yeah, yeah, you liked that?
Hey motherfuckers
Joey Bada$$ has just moved, bitch
We talking New York, Brooklyn, motherfucker
Joey's the illest motherfucker doing this rap shit
You digg?
And go and buy this motherfucker shit right now
And tell your grandpa to get it too, motherfuckers
I want an album motherfucker",0
Joey Bada$$,Boom bap / Lyric,XoZtqXNLcW8,Joey Bada$$ - Where I Belong (Official Video),Joey Bada$$,joey check my song Toxxic on my channel. i used the same sample!,0
Joey Bada$$,Boom bap / Lyric,XoZtqXNLcW8,Joey Bada$$ - Where I Belong (Official Video),Joey Bada$$,The beat… the bars… such a vibe,2
Joey Bada$$,Boom bap / Lyric,XoZtqXNLcW8,Joey Bada$$ - Where I Belong (Official Video),Joey Bada$$,Joey,0
Joey Bada$$,Boom bap / Lyric,XoZtqXNLcW8,Joey Bada$$ - Where I Belong (Official Video),Joey Bada$$,Here after JOEY PUT ON FOR NYC,3
Joey Bada$$,Boom bap / Lyric,XoZtqXNLcW8,Joey Bada$$ - Where I Belong (Official Video),Joey Bada$$,production is still Amazing 2 years later,1
Joey Bada$$,Boom bap / Lyric,XoZtqXNLcW8,Joey Bada$$ - Where I Belong (Official Video),Joey Bada$$,🔥🔥🔥🔥❤️✍️🌍,0
Joey Bada$$,Boom bap / Lyric,XoZtqXNLcW8,Joey Bada$$ - Where I Belong (Official Video),Joey Bada$$,👍,0
Joey Bada$$,Boom bap / Lyric,XoZtqXNLcW8,Joey Bada$$ - Where I Belong (Official Video),Joey Bada$$,Unique in the flesh,1
Joey Bada$$,Boom bap / Lyric,XoZtqXNLcW8,Joey Bada$$ - Where I Belong (Official Video),Joey Bada$$,It’s not better then the finals but it might require a response,0
Joey Bada$$,Boom bap / Lyric,XoZtqXNLcW8,Joey Bada$$ - Where I Belong (Official Video),Joey Bada$$,He keeps new york on the map,7
Joey Bada$$,Boom bap / Lyric,XoZtqXNLcW8,Joey Bada$$ - Where I Belong (Official Video),Joey Bada$$,Love your success brotha. You deserve it,9
Joey Bada$$,Boom bap / Lyric,XoZtqXNLcW8,Joey Bada$$ - Where I Belong (Official Video),Joey Bada$$,New york all the way,51
Joey Bada$$,Boom bap / Lyric,XoZtqXNLcW8,Joey Bada$$ - Where I Belong (Official Video),Joey Bada$$,2025 still one of the greatest. This hits my current timeline.,2
Joey Bada$$,Boom bap / Lyric,XoZtqXNLcW8,Joey Bada$$ - Where I Belong (Official Video),Joey Bada$$,People gon pnly start feeling 2000 yr s later,1
Joey Bada$$,Boom bap / Lyric,XoZtqXNLcW8,Joey Bada$$ - Where I Belong (Official Video),Joey Bada$$,the drums on this beat are ass,0
Joey Bada$$,Boom bap / Lyric,XoZtqXNLcW8,Joey Bada$$ - Where I Belong (Official Video),Joey Bada$$,We know,1
Joey Bada$$,Boom bap / Lyric,XoZtqXNLcW8,Joey Bada$$ - Where I Belong (Official Video),Joey Bada$$,10th time playing this 😬😬bars,0
Joey Bada$$,Boom bap / Lyric,XoZtqXNLcW8,Joey Bada$$ - Where I Belong (Official Video),Joey Bada$$,Dude you gotta fucking work with me. I don't know how many times i reached out to you. Dude. No words.,0
Joey Bada$$,Boom bap / Lyric,XoZtqXNLcW8,Joey Bada$$ - Where I Belong (Official Video),Joey Bada$$,I fw the flow gang,5
Joey Bada$$,Boom bap / Lyric,XoZtqXNLcW8,Joey Bada$$ - Where I Belong (Official Video),Joey Bada$$,My all time favourite rapper bro,1
Joey Bada$$,Boom bap / Lyric,XoZtqXNLcW8,Joey Bada$$ - Where I Belong (Official Video),Joey Bada$$,Shout out to all my Kenyan 🇰🇪 fans here,0
Joey Bada$$,Boom bap / Lyric,XoZtqXNLcW8,Joey Bada$$ - Where I Belong (Official Video),Joey Bada$$,The kick really kickin!!!,2
Joey Bada$$,Boom bap / Lyric,XoZtqXNLcW8,Joey Bada$$ - Where I Belong (Official Video),Joey Bada$$,Joey we need more collabs with the beast coast crew and pro era,4
Joey Bada$$,Boom bap / Lyric,XoZtqXNLcW8,Joey Bada$$ - Where I Belong (Official Video),Joey Bada$$,It’s insane how relatable this song is cause I live two blocks away from 3400 Snyder ave. Joey badass is amazing,3
Joey Bada$$,Boom bap / Lyric,XoZtqXNLcW8,Joey Bada$$ - Where I Belong (Official Video),Joey Bada$$,✨,0
Joey Bada$$,Boom bap / Lyric,XoZtqXNLcW8,Joey Bada$$ - Where I Belong (Official Video),Joey Bada$$,I love this comment section,0
Joey Bada$$,Boom bap / Lyric,XoZtqXNLcW8,Joey Bada$$ - Where I Belong (Official Video),Joey Bada$$,Whenever I forget my mission. Joey reminds me.,1
Joey Bada$$,Boom bap / Lyric,XoZtqXNLcW8,Joey Bada$$ - Where I Belong (Official Video),Joey Bada$$,Thabizolo Msimango.❤️,0
Joey Bada$$,Boom bap / Lyric,XoZtqXNLcW8,Joey Bada$$ - Where I Belong (Official Video),Joey Bada$$,Since Rulers back u Got me tuned bro can't wait for wats next,4
Joey Bada$$,Boom bap / Lyric,XoZtqXNLcW8,Joey Bada$$ - Where I Belong (Official Video),Joey Bada$$,This sounds like an authentic Joey. I wish all his tracks were like this,1
Joey Bada$$,Boom bap / Lyric,XoZtqXNLcW8,Joey Bada$$ - Where I Belong (Official Video),Joey Bada$$,Not enough 🤣this is just a song not a beef track😂😂😂J cole will ruin uuu let it goO my dawg💯,1
Joey Bada$$,Boom bap / Lyric,XoZtqXNLcW8,Joey Bada$$ - Where I Belong (Official Video),Joey Bada$$,This some kool bars come lil  harder  to get my vote,0
Joey Bada$$,Boom bap / Lyric,XoZtqXNLcW8,Joey Bada$$ - Where I Belong (Official Video),Joey Bada$$,KEEP ON!,0
Joey Bada$$,Boom bap / Lyric,XoZtqXNLcW8,Joey Bada$$ - Where I Belong (Official Video),Joey Bada$$,10 rap voice.,0
Joey Bada$$,Boom bap / Lyric,XoZtqXNLcW8,Joey Bada$$ - Where I Belong (Official Video),Joey Bada$$,Yes this it,0
Joey Bada$$,Boom bap / Lyric,XoZtqXNLcW8,Joey Bada$$ - Where I Belong (Official Video),Joey Bada$$,Joey is just to nice with it. Straight animal.,0
Joey Bada$$,Boom bap / Lyric,XoZtqXNLcW8,Joey Bada$$ - Where I Belong (Official Video),Joey Bada$$,Drugdealer music...yay hip hop 😂,0
Joey Bada$$,Boom bap / Lyric,XoZtqXNLcW8,Joey Bada$$ - Where I Belong (Official Video),Joey Bada$$,It's like time traveling,1
Joey Bada$$,Boom bap / Lyric,XoZtqXNLcW8,Joey Bada$$ - Where I Belong (Official Video),Joey Bada$$,Plus the beats bro has the gift period listen to his beats too reminds me of the 80s,0
Joey Bada$$,Boom bap / Lyric,XoZtqXNLcW8,Joey Bada$$ - Where I Belong (Official Video),Joey Bada$$,He the best rapper out period is will remain the best rapper... Think about it bar for bar,0
Joey Bada$$,Boom bap / Lyric,XoZtqXNLcW8,Joey Bada$$ - Where I Belong (Official Video),Joey Bada$$,🥺😇 l hope  this is truly  the come back of hip hop    l hope west coast   will respond   not just Kenny    and l hope the  whole  east coast is ready  for smoke 🎉  let get east vs west  part 2,0
Joey Bada$$,Boom bap / Lyric,XoZtqXNLcW8,Joey Bada$$ - Where I Belong (Official Video),Joey Bada$$,So you how fraud he is the city  don't even show up for he video by your self not even respected in he's own city,0
Joey Bada$$,Boom bap / Lyric,XoZtqXNLcW8,Joey Bada$$ - Where I Belong (Official Video),Joey Bada$$,How this cat get the nerve to claim a level of kingship and he couldn't come close to Papoose. Level-Up my ninja before throwing shots and claiming thrones....,2
Joey Bada$$,Boom bap / Lyric,XoZtqXNLcW8,Joey Bada$$ - Where I Belong (Official Video),Joey Bada$$,And if you think I'm bragging just wait until I come back up🥳💎🐐,87
Joey Bada$$,Boom bap / Lyric,XoZtqXNLcW8,Joey Bada$$ - Where I Belong (Official Video),Joey Bada$$,Joey is back 2025,2
Joey Bada$$,Boom bap / Lyric,XoZtqXNLcW8,Joey Bada$$ - Where I Belong (Official Video),Joey Bada$$,Joey is definitely the Golden era ! Keep killing it bro !,1
Joey Bada$$,Boom bap / Lyric,XoZtqXNLcW8,Joey Bada$$ - Where I Belong (Official Video),Joey Bada$$,Goofy ass clown 🤡,0
Joey Bada$$,Boom bap / Lyric,XoZtqXNLcW8,Joey Bada$$ - Where I Belong (Official Video),Joey Bada$$,"“Dis ain’t boom-bap, dis dat 🤜🏽✊🏽🤛🏽”",4
Joey Bada$$,Boom bap / Lyric,XoZtqXNLcW8,Joey Bada$$ - Where I Belong (Official Video),Joey Bada$$,West coast could NEVER go bar for bar with NYC . LIGHTWORK FOR US 💯💯,2
Joey Bada$$,Boom bap / Lyric,XoZtqXNLcW8,Joey Bada$$ - Where I Belong (Official Video),Joey Bada$$,Ts finna be hard,0
Joey Bada$$,Boom bap / Lyric,XoZtqXNLcW8,Joey Bada$$ - Where I Belong (Official Video),Joey Bada$$,Like how it feel to know that you the best and nobody knowwwww🔥🔥🤦🏾‍♂️🤦🏾‍♂️me rn,1
Joey Bada$$,Boom bap / Lyric,XoZtqXNLcW8,Joey Bada$$ - Where I Belong (Official Video),Joey Bada$$,Old school brother for sure.. Been a problem thos brother,0
Joey Bada$$,Boom bap / Lyric,XoZtqXNLcW8,Joey Bada$$ - Where I Belong (Official Video),Joey Bada$$,Thank you  Rich Richie for writing his first verse for em,1
Joey Bada$$,Boom bap / Lyric,XoZtqXNLcW8,Joey Bada$$ - Where I Belong (Official Video),Joey Bada$$,This the sound I need from Joey more,0
Joey Bada$$,Boom bap / Lyric,XoZtqXNLcW8,Joey Bada$$ - Where I Belong (Official Video),Joey Bada$$,"This song is the reminisce of nostalgia  of the 90’s. This is what music should sound like. The feel of the beat, the verses hit way to close to home, the man shows time and time again how this reaches your soul. I can’t even fathom how people listen to modern hip hop and can’t say this isn’t music. This changed my life. The flow itself is like I’m floating in a cloud.",2
Joey Bada$$,Boom bap / Lyric,XoZtqXNLcW8,Joey Bada$$ - Where I Belong (Official Video),Joey Bada$$,This man lowkey got a story like Kobe he ain’t even need college to prove he was nuts. This man made it before a legal adult and that is inspiring in itself 🔥,5
Joey Bada$$,Boom bap / Lyric,XoZtqXNLcW8,Joey Bada$$ - Where I Belong (Official Video),Joey Bada$$,"the blue[rint is do something worth 600,000 in ski flying on a snowboard let the goverment send you out to a war then sit on 2.3 mil",0
Joey Bada$$,Boom bap / Lyric,XoZtqXNLcW8,Joey Bada$$ - Where I Belong (Official Video),Joey Bada$$,You're an amazing artist. I aspire to create with as much passion and articulation. Much love Joey Badass.,0
Joey Bada$$,Boom bap / Lyric,XoZtqXNLcW8,Joey Bada$$ - Where I Belong (Official Video),Joey Bada$$,"This is peak progression, we watched Joey evolve to this💯🔥",0
Joey Bada$$,Boom bap / Lyric,XoZtqXNLcW8,Joey Bada$$ - Where I Belong (Official Video),Joey Bada$$,Grown. Proud,0
Joey Bada$$,Boom bap / Lyric,XoZtqXNLcW8,Joey Bada$$ - Where I Belong (Official Video),Joey Bada$$,Why isn't he on the radio they sleeping on him,0
Joey Bada$$,Boom bap / Lyric,XoZtqXNLcW8,Joey Bada$$ - Where I Belong (Official Video),Joey Bada$$,Damn. Has it been 2 years?? 🔥 ass album still. Need the next already,0
Joey Bada$$,Boom bap / Lyric,XoZtqXNLcW8,Joey Bada$$ - Where I Belong (Official Video),Joey Bada$$,Brooklyn for ever,0
Joey Bada$$,Boom bap / Lyric,XoZtqXNLcW8,Joey Bada$$ - Where I Belong (Official Video),Joey Bada$$,thai en el beat,1
Joey Bada$$,Boom bap / Lyric,XoZtqXNLcW8,Joey Bada$$ - Where I Belong (Official Video),Joey Bada$$,❤❤❤ 🔥 😊,0
Joey Bada$$,Boom bap / Lyric,XoZtqXNLcW8,Joey Bada$$ - Where I Belong (Official Video),Joey Bada$$,timeless🔥,0
Joey Bada$$,Boom bap / Lyric,XoZtqXNLcW8,Joey Bada$$ - Where I Belong (Official Video),Joey Bada$$,When i think of NY rap i think this... Not that Drill shit they copied from Chicago.... That other shit hear today gone tomorrow.,3
Joey Bada$$,Boom bap / Lyric,XoZtqXNLcW8,Joey Bada$$ - Where I Belong (Official Video),Joey Bada$$,Definitely needed this song to be LONGER!! 🥰,0
Joey Bada$$,Boom bap / Lyric,XoZtqXNLcW8,Joey Bada$$ - Where I Belong (Official Video),Joey Bada$$,Man.. if this was your first and last song you should be proud for dis Masterpiece,4
Joey Bada$$,Boom bap / Lyric,XoZtqXNLcW8,Joey Bada$$ - Where I Belong (Official Video),Joey Bada$$,Still sounds like was relisted yesterday. 🎉,0
Joey Bada$$,Boom bap / Lyric,XoZtqXNLcW8,Joey Bada$$ - Where I Belong (Official Video),Joey Bada$$,Ditshego in South Africa Mamelodi going to Sosha,0
Joey Bada$$,Boom bap / Lyric,XoZtqXNLcW8,Joey Bada$$ - Where I Belong (Official Video),Joey Bada$$,47,0
Joey Bada$$,Boom bap / Lyric,XoZtqXNLcW8,Joey Bada$$ - Where I Belong (Official Video),Joey Bada$$,Amazing!!,0
Joey Bada$$,Boom bap / Lyric,XoZtqXNLcW8,Joey Bada$$ - Where I Belong (Official Video),Joey Bada$$,UNIQUE,0
Joey Bada$$,Boom bap / Lyric,XoZtqXNLcW8,Joey Bada$$ - Where I Belong (Official Video),Joey Bada$$,2024 Joeeyyyy,0
Joey Bada$$,Boom bap / Lyric,XoZtqXNLcW8,Joey Bada$$ - Where I Belong (Official Video),Joey Bada$$,back like he never left-j.bada$$,0
Joey Bada$$,Boom bap / Lyric,XoZtqXNLcW8,Joey Bada$$ - Where I Belong (Official Video),Joey Bada$$,This beat is fire,0
Joey Bada$$,Boom bap / Lyric,XoZtqXNLcW8,Joey Bada$$ - Where I Belong (Official Video),Joey Bada$$,🔥🔥🔥,0
Joey Bada$$,Boom bap / Lyric,XoZtqXNLcW8,Joey Bada$$ - Where I Belong (Official Video),Joey Bada$$,Ruthless Rasta USA 🇺🇸 ♾️,0
Joey Bada$$,Boom bap / Lyric,XoZtqXNLcW8,Joey Bada$$ - Where I Belong (Official Video),Joey Bada$$,"Cause if I paid enough, them fuckers better see me comin",2
Joey Bada$$,Boom bap / Lyric,XoZtqXNLcW8,Joey Bada$$ - Where I Belong (Official Video),Joey Bada$$,u gotta put joey on dat list of the best rappers from Queens and NYC,2
Joey Bada$$,Boom bap / Lyric,XoZtqXNLcW8,Joey Bada$$ - Where I Belong (Official Video),Joey Bada$$,portada de su disco 2000 en el min 0:23,1
Joey Bada$$,Boom bap / Lyric,XoZtqXNLcW8,Joey Bada$$ - Where I Belong (Official Video),Joey Bada$$,❤😍🌹😘❤️,1
Joey Bada$$,Boom bap / Lyric,XoZtqXNLcW8,Joey Bada$$ - Where I Belong (Official Video),Joey Bada$$,How can I get in contact with Joey Badass? I need boom bap instrumental beats. I want a feature,1
Joey Bada$$,Boom bap / Lyric,XoZtqXNLcW8,Joey Bada$$ - Where I Belong (Official Video),Joey Bada$$,He's flowing so smoothly on that beat.,1
Joey Bada$$,Boom bap / Lyric,XoZtqXNLcW8,Joey Bada$$ - Where I Belong (Official Video),Joey Bada$$,Been listening ever since this album dropped. thanks for making me appreciate life more. Love!,4
Joey Bada$$,Boom bap / Lyric,XoZtqXNLcW8,Joey Bada$$ - Where I Belong (Official Video),Joey Bada$$,Imagine if Joey was in that rap beef wit Cole n Kendrick thank god he wasn’t cuz there’s no need but shesh it woulda been too legendary and Joey would out shine… just my opinion,1
Joey Bada$$,Boom bap / Lyric,XoZtqXNLcW8,Joey Bada$$ - Where I Belong (Official Video),Joey Bada$$,P.E in the area!,0
Joey Bada$$,Boom bap / Lyric,XoZtqXNLcW8,Joey Bada$$ - Where I Belong (Official Video),Joey Bada$$,"Lyrics:

[Verse 1]
Back on the set like I never left
I'm takin' steps to be the best 'til they lay me to rest
VVS upon my chest, it got them devious
Ain't no tints on my two-door, I want them see it's us
'Cause if I paid enough, them fuckers better see me comin'
I used to drive my mama bucket, ridin' 'round frontin'
On Snyder Avenue, buildin' number thirty-four-hunnid
I gave this shit my all or nothin', now my bank bussin'
I'm livin' plush', new crib cost a milli' plus
Six figures on every art piece that's hangin' up
You little niggas still spendin' on the obvious
And if you think I'm flexin' now, just wait 'til I re-up
And just to sum it up, we shinin' all year long
When I was comin' up, they tried to tell me that was wrong
I had to run it up, and now I'm right where I belong
If all my niggas dead and gone, I gotta carry on

horus]
I pray the Lord have mercy on a nigga soul
We reminiscin', reminiscin' like it's all we know
Take hollow tips and extra clips everywhere we go
'Cause I be takin' risk every time that I hit the door
I pray the Lord have mercy on a nigga soul
We reminiscin', reminiscin' like it's all we know
Take hollow tips and extra clips everywhere we go
'Cause I be takin' risk every time that I hit the door

[Verse 2]
Yo
Tryna get my thoughts together
I say a prayer every day, hopin' it all get better
I talk to God a lot, these verses is like open letters
I know that nothin' really last forever
Like the past, the future don't exist, I know it's now or never
Focused on the present, know my presence is a gift
Just so happen to be good at rappin', that would be my niche
I was only like six when my cousin Richie Rich
Wrote my first verse for me that I would never forget
And since then I was never known to leave a microphone alone
Often took the long way home just to get thoughts off my dome
Mama blowin' up my phone, leave her message at the tone
I was gettin' in my zone, at times I felt so alone
Like how it feel to know that you the best and nobody know
Every punchline a chin check and a body blow
With all disrespect, you niggas still ain't fuckin' with me though
And never was
Every time they thought they had me down, I just leveled up

[Interlude: BKTIDALWAVE]
They all saw it
I'm from Brooklyn, I rep Brooklyn all day
They killed Biggie
Y'all niggas is killin' us and you fuckin'—
This world is about money, money revolve around money
Just know that I'm from Brooklyn

[Chorus]
I pray the Lord have mercy on a nigga soul
We reminiscin', reminiscin' like it's all we know
Take hollow tips and extra clips everywhere we go
'Cause I be takin' risk every time that I hit the door

[Outro]
Yeah, yeah, yeah, you liked that?
Hey motherfuckers
Joey Bada$$ has just moved, bitch
We talkin' New York, Brooklyn, motherfucker
Joey's the illest motherfucker doin' this rap shit
You digg?
And go and buy this motherfucker shit right now
And tell your grandpa to get it too, motherfuckers
I want an album motherfucker",0
Joey Bada$$,Boom bap / Lyric,XoZtqXNLcW8,Joey Bada$$ - Where I Belong (Official Video),Joey Bada$$,🇯🇵,0
Joey Bada$$,Boom bap / Lyric,XoZtqXNLcW8,Joey Bada$$ - Where I Belong (Official Video),Joey Bada$$,🎉🎉🎉🎉,1
Joey Bada$$,Boom bap / Lyric,XoZtqXNLcW8,Joey Bada$$ - Where I Belong (Official Video),Joey Bada$$,"TODAY I OFFICIALLY BECOME A FAN OF THIS MAN…
I bin hearing of him Buh been sleeping on his music. Sorry it took this long big dawg..
❤❤❤❤❤ all the way from Nigeria the motherland ❤❤",3
Joey Bada$$,Boom bap / Lyric,XoZtqXNLcW8,Joey Bada$$ - Where I Belong (Official Video),Joey Bada$$,Dont reactt!! noooo yoo this shtt is fire mann let me get yo autograph thank you,0
Joey Bada$$,Boom bap / Lyric,XoZtqXNLcW8,Joey Bada$$ - Where I Belong (Official Video),Joey Bada$$,Joey is underrated af,5
Joey Bada$$,Boom bap / Lyric,XoZtqXNLcW8,Joey Bada$$ - Where I Belong (Official Video),Joey Bada$$,사랑해요 조이,1
Joey Bada$$,Boom bap / Lyric,XoZtqXNLcW8,Joey Bada$$ - Where I Belong (Official Video),Joey Bada$$,Era poppa man,0
Joey Bada$$,Boom bap / Lyric,XoZtqXNLcW8,Joey Bada$$ - Where I Belong (Official Video),Joey Bada$$,This is the one right here. Cool track to ride round at night in the aux,4
Joey Bada$$,Boom bap / Lyric,XoZtqXNLcW8,Joey Bada$$ - Where I Belong (Official Video),Joey Bada$$,Only 3mil for this is a crime ……,14
Joey Bada$$,Boom bap / Lyric,XoZtqXNLcW8,Joey Bada$$ - Where I Belong (Official Video),Joey Bada$$,I like the 2nd verse. 4 hours of sleep and felt more awake,0
Joey Bada$$,Boom bap / Lyric,XoZtqXNLcW8,Joey Bada$$ - Where I Belong (Official Video),Joey Bada$$,"One thing I know, when it plays you keep pumping the volume, it serenades the souls and the lyrics keep you addicted, my 1st song every morning and it's always fresh",1
Joey Bada$$,Boom bap / Lyric,XoZtqXNLcW8,Joey Bada$$ - Where I Belong (Official Video),Joey Bada$$,Trop sous-estimé ce Joey!  Bon gros rap à l' ancienne 😎😎,2
Joey Bada$$,Boom bap / Lyric,XoZtqXNLcW8,Joey Bada$$ - Where I Belong (Official Video),Joey Bada$$,Stressing 😅😢,0
Joey Bada$$,Boom bap / Lyric,XoZtqXNLcW8,Joey Bada$$ - Where I Belong (Official Video),Joey Bada$$,🇧🇷🇧🇷🇧🇷🇧🇷🇧🇷🇧🇷,1
Joey Bada$$,Boom bap / Lyric,XoZtqXNLcW8,Joey Bada$$ - Where I Belong (Official Video),Joey Bada$$,🔜,0
Joey Bada$$,Boom bap / Lyric,XoZtqXNLcW8,Joey Bada$$ - Where I Belong (Official Video),Joey Bada$$,🎉,0
Joey Bada$$,Boom bap / Lyric,XoZtqXNLcW8,Joey Bada$$ - Where I Belong (Official Video),Joey Bada$$,That's my home address N.O 3400,2
Joey Bada$$,Boom bap / Lyric,XoZtqXNLcW8,Joey Bada$$ - Where I Belong (Official Video),Joey Bada$$,"Yo breda mi a listen uh song dem from 2018
Big up d jamaican links 
Come do a tour a Jamaica",1
Joey Bada$$,Boom bap / Lyric,XoZtqXNLcW8,Joey Bada$$ - Where I Belong (Official Video),Joey Bada$$,À,0
Joey Bada$$,Boom bap / Lyric,XoZtqXNLcW8,Joey Bada$$ - Where I Belong (Official Video),Joey Bada$$,Just discovered him in 2024,0
Joey Bada$$,Boom bap / Lyric,XoZtqXNLcW8,Joey Bada$$ - Where I Belong (Official Video),Joey Bada$$,too much heat for me,1
Joey Bada$$,Boom bap / Lyric,XoZtqXNLcW8,Joey Bada$$ - Where I Belong (Official Video),Joey Bada$$,NIQUE STILL ALIVEEE AHHHHHHH!!!!! WOOOOO,0
Joey Bada$$,Boom bap / Lyric,XoZtqXNLcW8,Joey Bada$$ - Where I Belong (Official Video),Joey Bada$$,been a pleasure.,0
Joey Bada$$,Boom bap / Lyric,XoZtqXNLcW8,Joey Bada$$ - Where I Belong (Official Video),Joey Bada$$,bussin,0
Joey Bada$$,Boom bap / Lyric,XoZtqXNLcW8,Joey Bada$$ - Where I Belong (Official Video),Joey Bada$$,Tryin get my thoughts together I say a prayer everyday hopin it all gets better I talk to god a lot these verses is like open letters,0
Joey Bada$$,Boom bap / Lyric,XoZtqXNLcW8,Joey Bada$$ - Where I Belong (Official Video),Joey Bada$$,This shit Hard too much! 😤😤😤😤,3
Joey Bada$$,Boom bap / Lyric,XoZtqXNLcW8,Joey Bada$$ - Where I Belong (Official Video),Joey Bada$$,This will forever be a classic,15
Joey Bada$$,Boom bap / Lyric,XoZtqXNLcW8,Joey Bada$$ - Where I Belong (Official Video),Joey Bada$$,"Man I cans stop playing this pure talent , lyrics, is the best, I heard , in years pure talent.",0
Joey Bada$$,Boom bap / Lyric,XoZtqXNLcW8,Joey Bada$$ - Where I Belong (Official Video),Joey Bada$$,"That was well done we need to show love so well done skills. My bro killing it , talent, at its best..",0
Joey Bada$$,Boom bap / Lyric,XoZtqXNLcW8,Joey Bada$$ - Where I Belong (Official Video),Joey Bada$$,"Killed , that bars , well , done. Bro got skills. Well done.",0
Joey Bada$$,Boom bap / Lyric,XoZtqXNLcW8,Joey Bada$$ - Where I Belong (Official Video),Joey Bada$$,Love this song. Can zone out & think about Life. No Doubt,0
Joey Bada$$,Boom bap / Lyric,XoZtqXNLcW8,Joey Bada$$ - Where I Belong (Official Video),Joey Bada$$,🔥🔥🔥🔥,0
Joey Bada$$,Boom bap / Lyric,XoZtqXNLcW8,Joey Bada$$ - Where I Belong (Official Video),Joey Bada$$,Willddd styleeee you look like havoc from mob deep tooo🤯,0
Joey Bada$$,Boom bap / Lyric,XoZtqXNLcW8,Joey Bada$$ - Where I Belong (Official Video),Joey Bada$$,Straight fire right here this man never dissappoints,2
Joey Bada$$,Boom bap / Lyric,XoZtqXNLcW8,Joey Bada$$ - Where I Belong (Official Video),Joey Bada$$,It might be pizza time,0
Joey Bada$$,Boom bap / Lyric,XoZtqXNLcW8,Joey Bada$$ - Where I Belong (Official Video),Joey Bada$$,Good to hear NYC rappers sound like they from NYC 🔥,1
Joey Bada$$,Boom bap / Lyric,XoZtqXNLcW8,Joey Bada$$ - Where I Belong (Official Video),Joey Bada$$,Shits real,0
Joey Bada$$,Boom bap / Lyric,XoZtqXNLcW8,Joey Bada$$ - Where I Belong (Official Video),Joey Bada$$,🐐,0
Joey Bada$$,Boom bap / Lyric,XoZtqXNLcW8,Joey Bada$$ - Where I Belong (Official Video),Joey Bada$$,This Beat was Awesome and Joey Rulez,0
Joey Bada$$,Boom bap / Lyric,XoZtqXNLcW8,Joey Bada$$ - Where I Belong (Official Video),Joey Bada$$,RIP UNIQUE,0
Joey Bada$$,Boom bap / Lyric,XoZtqXNLcW8,Joey Bada$$ - Where I Belong (Official Video),Joey Bada$$,R.I.P. Unique.  The realest n*gga.,2
Joey Bada$$,Boom bap / Lyric,XoZtqXNLcW8,Joey Bada$$ - Where I Belong (Official Video),Joey Bada$$,I fuck with that satanic symbol necklace Joey. Goes hard.,0
Joey Bada$$,Boom bap / Lyric,XoZtqXNLcW8,Joey Bada$$ - Where I Belong (Official Video),Joey Bada$$,JOEY BADA$$ .FEAT Travis SCOTT,1
Joey Bada$$,Boom bap / Lyric,XoZtqXNLcW8,Joey Bada$$ - Where I Belong (Official Video),Joey Bada$$,Good flow bro 🎉,2
Joey Bada$$,Boom bap / Lyric,XoZtqXNLcW8,Joey Bada$$ - Where I Belong (Official Video),Joey Bada$$,i love that joey throws it up for his day ones. forever the best and king steelo so proud.,0
Joey Bada$$,Boom bap / Lyric,XoZtqXNLcW8,Joey Bada$$ - Where I Belong (Official Video),Joey Bada$$,JOËY BADASS,1
Joey Bada$$,Boom bap / Lyric,XoZtqXNLcW8,Joey Bada$$ - Where I Belong (Official Video),Joey Bada$$,prada you been here since,0
Joey Bada$$,Boom bap / Lyric,XoZtqXNLcW8,Joey Bada$$ - Where I Belong (Official Video),Joey Bada$$,🍉🍉🍉 🍉🍉🍉 🍉🍉🍉,1
Joey Bada$$,Boom bap / Lyric,XoZtqXNLcW8,Joey Bada$$ - Where I Belong (Official Video),Joey Bada$$,amazing!The old school rap never die!,0
Joey Bada$$,Boom bap / Lyric,XoZtqXNLcW8,Joey Bada$$ - Where I Belong (Official Video),Joey Bada$$,와 좋다,0
Joey Bada$$,Boom bap / Lyric,XoZtqXNLcW8,Joey Bada$$ - Where I Belong (Official Video),Joey Bada$$,God Bless,0
Joey Bada$$,Boom bap / Lyric,XoZtqXNLcW8,Joey Bada$$ - Where I Belong (Official Video),Joey Bada$$,XXXTENTACION 🎉🎉🎉 🎉🎉🎉 🎉🎉🎉,0
Joey Bada$$,Boom bap / Lyric,XoZtqXNLcW8,Joey Bada$$ - Where I Belong (Official Video),Joey Bada$$,DÄYLYT 🎉🎉🎉 🎉🎉🎉 🎉🎉🎉,1
Joey Bada$$,Boom bap / Lyric,XoZtqXNLcW8,Joey Bada$$ - Where I Belong (Official Video),Joey Bada$$,JOEY BADA$$,1
Joey Bada$$,Boom bap / Lyric,XoZtqXNLcW8,Joey Bada$$ - Where I Belong (Official Video),Joey Bada$$,Beat is ❤,0
Joey Bada$$,Boom bap / Lyric,XoZtqXNLcW8,Joey Bada$$ - Where I Belong (Official Video),Joey Bada$$,"1. Cole
2. Kendrick 
3. Bada$$",2
Joey Bada$$,Boom bap / Lyric,XoZtqXNLcW8,Joey Bada$$ - Where I Belong (Official Video),Joey Bada$$,Tastyyyy,0
Joey Bada$$,Boom bap / Lyric,XoZtqXNLcW8,Joey Bada$$ - Where I Belong (Official Video),Joey Bada$$,JOEY É MUITO FODA 🔥🔥!! SEMPRE QUE ESCUTO É VÁRIAS NOSTALGIAS.. BR,4
Joey Bada$$,Boom bap / Lyric,XoZtqXNLcW8,Joey Bada$$ - Where I Belong (Official Video),Joey Bada$$,Always spiritual vibes when I listen to Joey Badass but this one knocking at heaven's gate 🙏🏽,0
Joey Bada$$,Boom bap / Lyric,XoZtqXNLcW8,Joey Bada$$ - Where I Belong (Official Video),Joey Bada$$,💯💯💯,0
Joey Bada$$,Boom bap / Lyric,XoZtqXNLcW8,Joey Bada$$ - Where I Belong (Official Video),Joey Bada$$,Pleeeease someone knows the ID con the green jacket at 0:08 ??,0
Joey Bada$$,Boom bap / Lyric,XoZtqXNLcW8,Joey Bada$$ - Where I Belong (Official Video),Joey Bada$$,Yoooo this chinese beat hit me so hard,0
Joey Bada$$,Boom bap / Lyric,XoZtqXNLcW8,Joey Bada$$ - Where I Belong (Official Video),Joey Bada$$,🔥🔥🔥🔥🔥🔥🔥🔥🔥🔥🔥🔥🔥🔥🔥🔥,1
Joey Bada$$,Boom bap / Lyric,XoZtqXNLcW8,Joey Bada$$ - Where I Belong (Official Video),Joey Bada$$,Can't believe it's already been a year,0
Joey Bada$$,Boom bap / Lyric,XoZtqXNLcW8,Joey Bada$$ - Where I Belong (Official Video),Joey Bada$$,Is he throwing shots at rocky or is joey showing some love,0
Joey Bada$$,Boom bap / Lyric,XoZtqXNLcW8,Joey Bada$$ - Where I Belong (Official Video),Joey Bada$$,"When Nas went ‘ commercial’ people said he sold out but now those songs are classic. Joey , forget those haters",0
Joey Bada$$,Boom bap / Lyric,XoZtqXNLcW8,Joey Bada$$ - Where I Belong (Official Video),Joey Bada$$,"Joey is so slept on.I mean,the dude is something special",0
Joey Bada$$,Boom bap / Lyric,XoZtqXNLcW8,Joey Bada$$ - Where I Belong (Official Video),Joey Bada$$,Coming back to nyc❤,0
Joey Bada$$,Boom bap / Lyric,XoZtqXNLcW8,Joey Bada$$ - Where I Belong (Official Video),Joey Bada$$,Josif has sould his soul to the devil. 😢,0
Joey Bada$$,Boom bap / Lyric,XoZtqXNLcW8,Joey Bada$$ - Where I Belong (Official Video),Joey Bada$$,❤️‍🔥✌️,0
Joey Bada$$,Boom bap / Lyric,XoZtqXNLcW8,Joey Bada$$ - Where I Belong (Official Video),Joey Bada$$,"""And if u think am flxn now jst wyt tll i re-up""


One love 🙏🏾🇿🇦",0
Joey Bada$$,Boom bap / Lyric,XoZtqXNLcW8,Joey Bada$$ - Where I Belong (Official Video),Joey Bada$$,majora's mask typa beat,1
Joey Bada$$,Boom bap / Lyric,XoZtqXNLcW8,Joey Bada$$ - Where I Belong (Official Video),Joey Bada$$,Joey and Statik is such a fire combination,0
Joey Bada$$,Boom bap / Lyric,XoZtqXNLcW8,Joey Bada$$ - Where I Belong (Official Video),Joey Bada$$,He is amazing on Boom Bap 🐐,1
Joey Bada$$,Boom bap / Lyric,XoZtqXNLcW8,Joey Bada$$ - Where I Belong (Official Video),Joey Bada$$,"Been on Joey since 1999, his growth is crazy. And he was already talented at 17, shoutout to Joey. Please keep going man. Thank you for the wonderful project🤞🏽🤞🏽🤞🏽",1
Joey Bada$$,Boom bap / Lyric,XoZtqXNLcW8,Joey Bada$$ - Where I Belong (Official Video),Joey Bada$$,Favorite song atm,0
Joey Bada$$,Boom bap / Lyric,XoZtqXNLcW8,Joey Bada$$ - Where I Belong (Official Video),Joey Bada$$,This goat is at my restaurant but im scared to talk to him 😢 social enxiety,0
Joey Bada$$,Boom bap / Lyric,XoZtqXNLcW8,Joey Bada$$ - Where I Belong (Official Video),Joey Bada$$,1:09 clips or mags?,1
Joey Bada$$,Boom bap / Lyric,XoZtqXNLcW8,Joey Bada$$ - Where I Belong (Official Video),Joey Bada$$,WoW the white producer is dope,1
Joey Bada$$,Boom bap / Lyric,XoZtqXNLcW8,Joey Bada$$ - Where I Belong (Official Video),Joey Bada$$,who da best MCs? KENNY JOEY & COLE. real ones know,0
Joey Bada$$,Boom bap / Lyric,XoZtqXNLcW8,Joey Bada$$ - Where I Belong (Official Video),Joey Bada$$,🔥🤍,0
Joey Bada$$,Boom bap / Lyric,XoZtqXNLcW8,Joey Bada$$ - Where I Belong (Official Video),Joey Bada$$,top notch,0
Joey Bada$$,Boom bap / Lyric,XoZtqXNLcW8,Joey Bada$$ - Where I Belong (Official Video),Joey Bada$$,I can hear Cap steez inspiration In your rap 🙏🏿,1
Joey Bada$$,Boom bap / Lyric,XoZtqXNLcW8,Joey Bada$$ - Where I Belong (Official Video),Joey Bada$$,Joey is so underrated,0
Joey Bada$$,Boom bap / Lyric,XoZtqXNLcW8,Joey Bada$$ - Where I Belong (Official Video),Joey Bada$$,Based on how times change ik Joey aint our new aged pac but wit the way history repeat itself if he really decided to take this shit serious and push his movement wit these vibes hard enough i think he could re blow up and also make that connection in the eyes of fans and the masses cause he been givin some pac vibes these past few years from actin to the music that’d be some clean to see,0
Joey Bada$$,Boom bap / Lyric,XoZtqXNLcW8,Joey Bada$$ - Where I Belong (Official Video),Joey Bada$$,"Thoughts be eatig wit Gianna, rappin sum shit",0
Joey Bada$$,Boom bap / Lyric,XoZtqXNLcW8,Joey Bada$$ - Where I Belong (Official Video),Joey Bada$$,Earz in NY,0
Joey Bada$$,Boom bap / Lyric,XoZtqXNLcW8,Joey Bada$$ - Where I Belong (Official Video),Joey Bada$$,"Made a song bout Brooklyn wit pac son, transcript a capsule.. dont listen to people be majestic fuckin yo own life up gurl",0
Joey Bada$$,Boom bap / Lyric,XoZtqXNLcW8,Joey Bada$$ - Where I Belong (Official Video),Joey Bada$$,"I'll drive straight there needa vehicle n shit, lil boy that cried bout hiz brotha, im tha nighuhz 
Spider bit me on chest, blessed uphold",0
Joey Bada$$,Boom bap / Lyric,XoZtqXNLcW8,Joey Bada$$ - Where I Belong (Official Video),Joey Bada$$,"Gianna n Nas to bump diz
Me n auntie back in NY be a blessin...",0
Joey Bada$$,Boom bap / Lyric,XoZtqXNLcW8,Joey Bada$$ - Where I Belong (Official Video),Joey Bada$$,Still bump diz ova n ova,0
Joey Bada$$,Boom bap / Lyric,XoZtqXNLcW8,Joey Bada$$ - Where I Belong (Official Video),Joey Bada$$,the best song,0
Joey Bada$$,Boom bap / Lyric,XoZtqXNLcW8,Joey Bada$$ - Where I Belong (Official Video),Joey Bada$$,So I’m from Minneapolis right . But we got hoodburbs named Brooklyn center and Brooklyn park . So when bro said IM FROM BROOKLYN I felt that 😌 even tho it ain’t the Brooklyn he’s talkin about 😂❤ thanks for the concert on my bday Joey 4-17-23,0
Joey Bada$$,Boom bap / Lyric,XoZtqXNLcW8,Joey Bada$$ - Where I Belong (Official Video),Joey Bada$$,Back on the set like i never left,0
Joey Bada$$,Boom bap / Lyric,XoZtqXNLcW8,Joey Bada$$ - Where I Belong (Official Video),Joey Bada$$,Back on the $et like i never left.,2
Joey Bada$$,Boom bap / Lyric,XoZtqXNLcW8,Joey Bada$$ - Where I Belong (Official Video),Joey Bada$$,Joey Bada$$ or nothing 🔥🙌🏽🙏🏼,1
Joey Bada$$,Boom bap / Lyric,XoZtqXNLcW8,Joey Bada$$ - Where I Belong (Official Video),Joey Bada$$,💪🏾,0
Joey Bada$$,Boom bap / Lyric,XoZtqXNLcW8,Joey Bada$$ - Where I Belong (Official Video),Joey Bada$$,I hate how these rappers like joey and griselda and stuff bring back the 80s and early 90s sound but not the late 90s early 2000s which is 10 times better…i recently started making beats and would love some feedback!!,0
Joey Bada$$,Boom bap / Lyric,XoZtqXNLcW8,Joey Bada$$ - Where I Belong (Official Video),Joey Bada$$,From DMV to n.y only the real gonna realate,0
Joey Bada$$,Boom bap / Lyric,XoZtqXNLcW8,Joey Bada$$ - Where I Belong (Official Video),Joey Bada$$,Da ultimate G.O.A.T,0
Joey Bada$$,Boom bap / Lyric,XoZtqXNLcW8,Joey Bada$$ - Where I Belong (Official Video),Joey Bada$$,The beat beats ever 😮 FROM BRASIL xD,0
Joey Bada$$,Boom bap / Lyric,XoZtqXNLcW8,Joey Bada$$ - Where I Belong (Official Video),Joey Bada$$,It’s giving 95 till infinity💫,0
Joey Bada$$,Boom bap / Lyric,XoZtqXNLcW8,Joey Bada$$ - Where I Belong (Official Video),Joey Bada$$,Quem som loko!! Um abração diretamente do 🇧🇷🇧🇷,0
Joey Bada$$,Boom bap / Lyric,XoZtqXNLcW8,Joey Bada$$ - Where I Belong (Official Video),Joey Bada$$,Real hiphop is still out there🥺,3
Joey Bada$$,Boom bap / Lyric,XoZtqXNLcW8,Joey Bada$$ - Where I Belong (Official Video),Joey Bada$$,This is real hiphop🔥🚀,20
Joey Bada$$,Boom bap / Lyric,XoZtqXNLcW8,Joey Bada$$ - Where I Belong (Official Video),Joey Bada$$,Man joey badass is so underrated its unbelievable,5
Joey Bada$$,Boom bap / Lyric,XoZtqXNLcW8,Joey Bada$$ - Where I Belong (Official Video),Joey Bada$$,still take the long way home,0
Joey Bada$$,Boom bap / Lyric,XoZtqXNLcW8,Joey Bada$$ - Where I Belong (Official Video),Joey Bada$$,This the song I used to get the day going!🤘🏼,0
Joey Bada$$,Boom bap / Lyric,XoZtqXNLcW8,Joey Bada$$ - Where I Belong (Official Video),Joey Bada$$,"waiting for a new album for year's,  fucking love it.. 'back on the set like i never left'",0
Joey Bada$$,Boom bap / Lyric,XoZtqXNLcW8,Joey Bada$$ - Where I Belong (Official Video),Joey Bada$$,This shit underrated. Joey the God. Love from the raq.,0
Joey Bada$$,Boom bap / Lyric,XoZtqXNLcW8,Joey Bada$$ - Where I Belong (Official Video),Joey Bada$$,This hit different  luvizluv,0
Joey Bada$$,Boom bap / Lyric,XoZtqXNLcW8,Joey Bada$$ - Where I Belong (Official Video),Joey Bada$$,"He's an amazing rapper, I want him and asap rocky to do a collab fr",1
Joey Bada$$,Boom bap / Lyric,XoZtqXNLcW8,Joey Bada$$ - Where I Belong (Official Video),Joey Bada$$,Jesus....,1
Joey Bada$$,Boom bap / Lyric,XoZtqXNLcW8,Joey Bada$$ - Where I Belong (Official Video),Joey Bada$$,"Joey from 35th n Snyder, MY BLOCK. *FLATBUSH STAND UP*",3
Joey Bada$$,Boom bap / Lyric,XoZtqXNLcW8,Joey Bada$$ - Where I Belong (Official Video),Joey Bada$$,Bar after bar,0
Joey Bada$$,Boom bap / Lyric,XoZtqXNLcW8,Joey Bada$$ - Where I Belong (Official Video),Joey Bada$$,lixo,0
Joey Bada$$,Boom bap / Lyric,XoZtqXNLcW8,Joey Bada$$ - Where I Belong (Official Video),Joey Bada$$,lit of pain l,0
Joey Bada$$,Boom bap / Lyric,XoZtqXNLcW8,Joey Bada$$ - Where I Belong (Official Video),Joey Bada$$,lit,0
Joey Bada$$,Boom bap / Lyric,XoZtqXNLcW8,Joey Bada$$ - Where I Belong (Official Video),Joey Bada$$,Like i n3ver left 🔥,0
Joey Bada$$,Boom bap / Lyric,XoZtqXNLcW8,Joey Bada$$ - Where I Belong (Official Video),Joey Bada$$,Best song of the 2020s,0
Joey Bada$$,Boom bap / Lyric,XoZtqXNLcW8,Joey Bada$$ - Where I Belong (Official Video),Joey Bada$$,RIP BROOKLYN 😢She was so funny and real 💯💯💯,1
Joey Bada$$,Boom bap / Lyric,XoZtqXNLcW8,Joey Bada$$ - Where I Belong (Official Video),Joey Bada$$,What is this park's name??? Im going to ny in june and i'd like to visit it.,0
Joey Bada$$,Boom bap / Lyric,XoZtqXNLcW8,Joey Bada$$ - Where I Belong (Official Video),Joey Bada$$,Dude is so fucking cool lmao,1
Joey Bada$$,Boom bap / Lyric,XoZtqXNLcW8,Joey Bada$$ - Where I Belong (Official Video),Joey Bada$$,slow to custom 0.90x speed,0
Joey Bada$$,Boom bap / Lyric,XoZtqXNLcW8,Joey Bada$$ - Where I Belong (Official Video),Joey Bada$$,Hate myself for sleeping in this beet God damn,0
Joey Bada$$,Boom bap / Lyric,XoZtqXNLcW8,Joey Bada$$ - Where I Belong (Official Video),Joey Bada$$,🔥🔥🔥,0
Joey Bada$$,Boom bap / Lyric,XoZtqXNLcW8,Joey Bada$$ - Where I Belong (Official Video),Joey Bada$$,It's cold 🥶 down there,0
Joey Bada$$,Boom bap / Lyric,XoZtqXNLcW8,Joey Bada$$ - Where I Belong (Official Video),Joey Bada$$,"Still got it!


Thanks for this masterpiece 👍🏽",0
Joey Bada$$,Boom bap / Lyric,XoZtqXNLcW8,Joey Bada$$ - Where I Belong (Official Video),Joey Bada$$,🔥🔥🔥,0
Joey Bada$$,Boom bap / Lyric,XoZtqXNLcW8,Joey Bada$$ - Where I Belong (Official Video),Joey Bada$$,I'm from Brooklyn. I rep Brooklyn all day. They kilt biggie. Y'all niggas is killin us. I always repeat that quote lmao 🤣,0
Joey Bada$$,Boom bap / Lyric,XoZtqXNLcW8,Joey Bada$$ - Where I Belong (Official Video),Joey Bada$$,❤️‍🔥❤️‍🔥❤️‍🔥❤️‍🔥❤️‍🔥❤️‍🔥❤️‍🔥❤️‍🔥,0
Joey Bada$$,Boom bap / Lyric,XoZtqXNLcW8,Joey Bada$$ - Where I Belong (Official Video),Joey Bada$$,Real king of New York,1
Joey Bada$$,Boom bap / Lyric,XoZtqXNLcW8,Joey Bada$$ - Where I Belong (Official Video),Joey Bada$$,🤙🇰🇿,0
Joey Bada$$,Boom bap / Lyric,XoZtqXNLcW8,Joey Bada$$ - Where I Belong (Official Video),Joey Bada$$,"Devastating to see King stelo sacrificed just for joey B to have a slightly above failure music career. You would think sacrificing your #1 would at least buy ya some bangers instead of falling flat. Shit, pun intended I Guess  you can say that for both JB and CSteez.",0
Joey Bada$$,Boom bap / Lyric,XoZtqXNLcW8,Joey Bada$$ - Where I Belong (Official Video),Joey Bada$$,On God🪐🎧 Timeless music....hit like if you'll be here 2030+🍂,1
Joey Bada$$,Boom bap / Lyric,XoZtqXNLcW8,Joey Bada$$ - Where I Belong (Official Video),Joey Bada$$,Lil lol,0
Joey Bada$$,Boom bap / Lyric,XoZtqXNLcW8,Joey Bada$$ - Where I Belong (Official Video),Joey Bada$$,big up bredda joey,0
Joey Bada$$,Boom bap / Lyric,XoZtqXNLcW8,Joey Bada$$ - Where I Belong (Official Video),Joey Bada$$,....little niggaz still spending on the obvious,0
Joey Bada$$,Boom bap / Lyric,XoZtqXNLcW8,Joey Bada$$ - Where I Belong (Official Video),Joey Bada$$,this shit go hard my bro,1
Joey Bada$$,Boom bap / Lyric,XoZtqXNLcW8,Joey Bada$$ - Where I Belong (Official Video),Joey Bada$$,Officially one of the best rapper I have ever seen in my life keep going Badass!!! ❤️,1
Joey Bada$$,Boom bap / Lyric,XoZtqXNLcW8,Joey Bada$$ - Where I Belong (Official Video),Joey Bada$$,"With this song, he letting em all know 🔥🔥🔥",1
Joey Bada$$,Boom bap / Lyric,XoZtqXNLcW8,Joey Bada$$ - Where I Belong (Official Video),Joey Bada$$,👁️👁️✉️🖤🤍♥️✍️,2
Joey Bada$$,Boom bap / Lyric,XoZtqXNLcW8,Joey Bada$$ - Where I Belong (Official Video),Joey Bada$$,47 47 47,0
Joey Bada$$,Boom bap / Lyric,XoZtqXNLcW8,Joey Bada$$ - Where I Belong (Official Video),Joey Bada$$,"Remember that Arcade? There was an elevator, a UFO with seat's from what I remember... Then 9/11... I digress, am a mess.. personally feeling blessed. I wish your future to be of success. A message repressed, I confess. If this is what I must accept, surely I had settled for less... Lessons bro..",0
Joey Bada$$,Boom bap / Lyric,XoZtqXNLcW8,Joey Bada$$ - Where I Belong (Official Video),Joey Bada$$,"24 hr span. I had rested possibly two. Here we go, halfway there before the weekend",1
Joey Bada$$,Boom bap / Lyric,XoZtqXNLcW8,Joey Bada$$ - Where I Belong (Official Video),Joey Bada$$,When will I find my place,1
Joey Bada$$,Boom bap / Lyric,XoZtqXNLcW8,Joey Bada$$ - Where I Belong (Official Video),Joey Bada$$,"Increible. Dat shit hace que mi corazon explote. Love hip hop since 1992.craaazy bro, dat s da fckn shit, crema hermanos.",0
Joey Bada$$,Boom bap / Lyric,XoZtqXNLcW8,Joey Bada$$ - Where I Belong (Official Video),Joey Bada$$,"We love you, Joey Bada$$, from Kenya 🇰🇪",11
Joey Bada$$,Boom bap / Lyric,XoZtqXNLcW8,Joey Bada$$ - Where I Belong (Official Video),Joey Bada$$,I love u mannn,0
Joey Bada$$,Boom bap / Lyric,XoZtqXNLcW8,Joey Bada$$ - Where I Belong (Official Video),Joey Bada$$,Joey and Statik never misses,0
Joey Bada$$,Boom bap / Lyric,XoZtqXNLcW8,Joey Bada$$ - Where I Belong (Official Video),Joey Bada$$,ill bop 💣💥,0
Joey Bada$$,Boom bap / Lyric,XoZtqXNLcW8,Joey Bada$$ - Where I Belong (Official Video),Joey Bada$$,Like i nevalefff,0
Joey Bada$$,Boom bap / Lyric,XoZtqXNLcW8,Joey Bada$$ - Where I Belong (Official Video),Joey Bada$$,I will always love you no matter what you will always be my favorite person in the world,0
Joey Bada$$,Boom bap / Lyric,XoZtqXNLcW8,Joey Bada$$ - Where I Belong (Official Video),Joey Bada$$,"“At times I felt so alone, like how it feel to know that you the best and nobody knows” Almost a year ago when this album came out and I still slap this shit never gets old this album was phenomenal! 🐐",7
Joey Bada$$,Boom bap / Lyric,XoZtqXNLcW8,Joey Bada$$ - Where I Belong (Official Video),Joey Bada$$,"And you think i'm flexin now, just wait till i be up...big facts",1
Joey Bada$$,Boom bap / Lyric,XoZtqXNLcW8,Joey Bada$$ - Where I Belong (Official Video),Joey Bada$$,he's so cool,0
Joey Bada$$,Boom bap / Lyric,XoZtqXNLcW8,Joey Bada$$ - Where I Belong (Official Video),Joey Bada$$,🛌+🍃+🎵=🧘🏾‍♂️,0
Joey Bada$$,Boom bap / Lyric,XoZtqXNLcW8,Joey Bada$$ - Where I Belong (Official Video),Joey Bada$$,💯❤,0
Joey Bada$$,Boom bap / Lyric,XoZtqXNLcW8,Joey Bada$$ - Where I Belong (Official Video),Joey Bada$$,This shit made me cry my eyes out. Music makes you feel less alone ❤,7
Joey Bada$$,Boom bap / Lyric,XoZtqXNLcW8,Joey Bada$$ - Where I Belong (Official Video),Joey Bada$$,"“ I gave this shit my all or nothin’, now my bank bussin” 🔥💯",0
Joey Bada$$,Boom bap / Lyric,XoZtqXNLcW8,Joey Bada$$ - Where I Belong (Official Video),Joey Bada$$,So proud of joey,0
Joey Bada$$,Boom bap / Lyric,XoZtqXNLcW8,Joey Bada$$ - Where I Belong (Official Video),Joey Bada$$,I only just found out he skates now that I'm skating I'm a even bigger fan 😄,2
Joey Bada$$,Boom bap / Lyric,XoZtqXNLcW8,Joey Bada$$ - Where I Belong (Official Video),Joey Bada$$,"Cómo me representa Joey,larga vida hermano🇲🇽🔥🔥🔥",0
Joey Bada$$,Boom bap / Lyric,XoZtqXNLcW8,Joey Bada$$ - Where I Belong (Official Video),Joey Bada$$,Love this track,0
Joey Bada$$,Boom bap / Lyric,XoZtqXNLcW8,Joey Bada$$ - Where I Belong (Official Video),Joey Bada$$,Love this guy,0
Joey Bada$$,Boom bap / Lyric,XoZtqXNLcW8,Joey Bada$$ - Where I Belong (Official Video),Joey Bada$$,"Joey badass, underachievers, Flatbush Zombies, pro era, the whole beast coast. 🕉️🙏 My fav music! I think we knew each other in past lives!💯",0
Joey Bada$$,Boom bap / Lyric,XoZtqXNLcW8,Joey Bada$$ - Where I Belong (Official Video),Joey Bada$$,This feels like the natural evolution of classic hip-hop.,0
Joey Bada$$,Boom bap / Lyric,XoZtqXNLcW8,Joey Bada$$ - Where I Belong (Official Video),Joey Bada$$,'23 til infinity.👌,0
Joey Bada$$,Boom bap / Lyric,XoZtqXNLcW8,Joey Bada$$ - Where I Belong (Official Video),Joey Bada$$,I just love Joey for the real vibes you spit.... loving this Queens gift to Hip-hop,0
Joey Bada$$,Boom bap / Lyric,XoZtqXNLcW8,Joey Bada$$ - Where I Belong (Official Video),Joey Bada$$,Every punchline a chin check and a body blow 👊🔥,0
Joey Bada$$,Boom bap / Lyric,XoZtqXNLcW8,Joey Bada$$ - Where I Belong (Official Video),Joey Bada$$,Joey the God,1
Joey Bada$$,Boom bap / Lyric,XoZtqXNLcW8,Joey Bada$$ - Where I Belong (Official Video),Joey Bada$$,I F***  wiffJoey's sh*t!🏌🏾‍♀️🤌🏽,0
Joey Bada$$,Boom bap / Lyric,XoZtqXNLcW8,Joey Bada$$ - Where I Belong (Official Video),Joey Bada$$,1:51 THIS PART GOES SO HARDDDD🔥,2
Joey Bada$$,Boom bap / Lyric,XoZtqXNLcW8,Joey Bada$$ - Where I Belong (Official Video),Joey Bada$$,🔂,0
Joey Bada$$,Boom bap / Lyric,XoZtqXNLcW8,Joey Bada$$ - Where I Belong (Official Video),Joey Bada$$,Often took the long way home just get thoughts off my dome 💭,0
Joey Bada$$,Boom bap / Lyric,XoZtqXNLcW8,Joey Bada$$ - Where I Belong (Official Video),Joey Bada$$,"Skaters always rise to the occasion, 95' till infinity, can't wait to see what else is in store",2
Joey Bada$$,Boom bap / Lyric,XoZtqXNLcW8,Joey Bada$$ - Where I Belong (Official Video),Joey Bada$$,"“Where I Belong”
Joey Bada$$

[Intro]
Uh, uh, uh-uh
Yeah (Static Selektah)

[Verse 1]
Back on the set like I never left
I'm takin' steps to be the best 'til they lay me to rest
VVS upon my chest, it got them devious
Ain't no tints on my two-door, I want them see it's us
'Cause if I paid enough, them fuckers better see me comin'
I used to drive my mama bucket, ridin' 'round frontin'
On Snyder Avenue, buildin' number thirty-four-hunnid
I gave this shit my all or nothin', now my bank bussin'
I'm livin' plush', new crib cost a milli' plus
Six figures on every art piece that's hangin' up
You little niggas still spendin' on the obvious
And if you think I'm flexin' now, just wait 'til I re-up
And just to sum it up, we shinin' all year long
When I was comin' up, they tried to tell me that was wrong
I had to run it up, and now I'm right where I belong
If all my niggas dead and gone, I gotta carry on

[Chorus]
I pray the Lord have mercy on a nigga soul
We reminiscin', reminiscin' like it's all we know
Take hollow tips and extra clips everywhere we go
'Cause I be takin' risk every time that I hit the door
I pray the Lord have mercy on a nigga soul
We reminiscin', reminiscin' like it's all we know
Take hollow tips and extra clips everywhere we go
'Cause I be takin' risk every time that I hit the door

[Verse 2]
Yo
Tryna get my thoughts together
I say a prayer every day, hopin' it all get better
I talk to God a lot, these verses is like open letters
I know that nothin' really last forever
Like the past, the future don't exist, I know it's now or never
Focused on the present, know my presence is a gift
Just so happen to be good at rappin', that would be my niche
I was only like six when my cousin Richie Rich
Wrote my first verse for me that I would never forget
And since then I was never known to leave a microphone alone
Often took the long way home just to get thoughts off my dome
Mama blowin' up my phone, leave her message at the tone
I was gettin' in my zone, at times I felt so alone
Like how it feel to know that you the best and nobody know
Every punchline a chin check and a body blow
With all disrespect, you niggas still ain't fuckin' with me though
And never was
Every time they thought they had me down, I just leveled up

[Interlude: BKTIDALWAVE]
They all saw it
I'm from Brooklyn, I rep Brooklyn all day
They killed Biggie
Y'all niggas is killin' us and you fuckin'—
This world is about money, money revolve around money
Just know that I'm from Brooklyn

[Chorus]
I pray the Lord have mercy on a nigga soul
We reminiscin', reminiscin' like it's all we know
Take hollow tips and extra clips everywhere we go
'Cause I be takin' risk every time that I hit the door

[Outro]
Yeah, yeah, yeah, you liked that?
Hey motherfuckers
Joey Bada$$ has just moved, bitch
We talkin' New York, Brooklyn, motherfucker
Joey's the illest motherfucker doin' this rap shit
You digg?
And go and buy this motherfucker shit right now
And tell your grandpa to get it too, motherfuckers
I want an album motherfucker",2
Joey Bada$$,Boom bap / Lyric,XoZtqXNLcW8,Joey Bada$$ - Where I Belong (Official Video),Joey Bada$$,0003,0
Joey Bada$$,Boom bap / Lyric,XoZtqXNLcW8,Joey Bada$$ - Where I Belong (Official Video),Joey Bada$$,My ex-husband sent me this.  We used to love listening to Joey ❤️,2
Joey Bada$$,Boom bap / Lyric,XoZtqXNLcW8,Joey Bada$$ - Where I Belong (Official Video),Joey Bada$$,mahn🥵,0
Joey Bada$$,Boom bap / Lyric,XoZtqXNLcW8,Joey Bada$$ - Where I Belong (Official Video),Joey Bada$$,Like the past and future don't exist I know it's now or never 🔥,0
Joey Bada$$,Boom bap / Lyric,XoZtqXNLcW8,Joey Bada$$ - Where I Belong (Official Video),Joey Bada$$,Two words!! HIP HOP,0
Joey Bada$$,Boom bap / Lyric,XoZtqXNLcW8,Joey Bada$$ - Where I Belong (Official Video),Joey Bada$$,#Se.un🖤❤️🤍,0
Joey Bada$$,Boom bap / Lyric,XoZtqXNLcW8,Joey Bada$$ - Where I Belong (Official Video),Joey Bada$$,"New crib cost a milli plus, six figures on every art piece thats hangin up",1
Joey Bada$$,Boom bap / Lyric,XoZtqXNLcW8,Joey Bada$$ - Where I Belong (Official Video),Joey Bada$$,that was needed 🙏,0
Joey Bada$$,Boom bap / Lyric,XoZtqXNLcW8,Joey Bada$$ - Where I Belong (Official Video),Joey Bada$$,Joe’s Voice Undersss!!!!,0
Joey Bada$$,Boom bap / Lyric,XoZtqXNLcW8,Joey Bada$$ - Where I Belong (Official Video),Joey Bada$$,Same vibe but he ain talking that ish he was talking when steez was alive... He industry now,0
Joey Bada$$,Boom bap / Lyric,XoZtqXNLcW8,Joey Bada$$ - Where I Belong (Official Video),Joey Bada$$,This shit is so bad it needs parody lyrics.,1
Joey Bada$$,Boom bap / Lyric,XoZtqXNLcW8,Joey Bada$$ - Where I Belong (Official Video),Joey Bada$$,Nice,0
Joey Bada$$,Boom bap / Lyric,XoZtqXNLcW8,Joey Bada$$ - Where I Belong (Official Video),Joey Bada$$,"Something about him,he does it for me",0
Joey Bada$$,Boom bap / Lyric,XoZtqXNLcW8,Joey Bada$$ - Where I Belong (Official Video),Joey Bada$$,Like how it feel to know that you the best and nobody know,2
Joey Bada$$,Boom bap / Lyric,XoZtqXNLcW8,Joey Bada$$ - Where I Belong (Official Video),Joey Bada$$,This is phat!!!!,1
Joey Bada$$,Boom bap / Lyric,XoZtqXNLcW8,Joey Bada$$ - Where I Belong (Official Video),Joey Bada$$,DAMN JOEY,1
Joey Bada$$,Boom bap / Lyric,XoZtqXNLcW8,Joey Bada$$ - Where I Belong (Official Video),Joey Bada$$,Happy birthday Joey I love you,1
Joey Bada$$,Boom bap / Lyric,XoZtqXNLcW8,Joey Bada$$ - Where I Belong (Official Video),Joey Bada$$,This song is a nail in the coffin for who Joey Bada$$ really is. #RIpSteez #47Goons,1
Joey Bada$$,Boom bap / Lyric,XoZtqXNLcW8,Joey Bada$$ - Where I Belong (Official Video),Joey Bada$$,Unique left the game and pick up the mic,6
Joey Bada$$,Boom bap / Lyric,XoZtqXNLcW8,Joey Bada$$ - Where I Belong (Official Video),Joey Bada$$,ON REAPEAT!!,1
Joey Bada$$,Boom bap / Lyric,XoZtqXNLcW8,Joey Bada$$ - Where I Belong (Official Video),Joey Bada$$,"When I first heard this song I was such at aww .how something so soulful can be so raw. His cadence on this track is everything .this is my kinda style there's nothing to prove you can hear that he's a nasty MC pure talent, and it's obvious .",1
Joey Bada$$,Boom bap / Lyric,XoZtqXNLcW8,Joey Bada$$ - Where I Belong (Official Video),Joey Bada$$,🔥🔥🔥,2
Joey Bada$$,Boom bap / Lyric,XoZtqXNLcW8,Joey Bada$$ - Where I Belong (Official Video),Joey Bada$$,"this track it¨s very beauty Bro, other universe or the sounds...  really!",1
Joey Bada$$,Boom bap / Lyric,XoZtqXNLcW8,Joey Bada$$ - Where I Belong (Official Video),Joey Bada$$,Unique is nothing without Joey 😎💯💯,2
Joey Bada$$,Boom bap / Lyric,XoZtqXNLcW8,Joey Bada$$ - Where I Belong (Official Video),Joey Bada$$,🔥,0
Joey Bada$$,Boom bap / Lyric,XoZtqXNLcW8,Joey Bada$$ - Where I Belong (Official Video),Joey Bada$$,Mestre!,0
Joey Bada$$,Boom bap / Lyric,XoZtqXNLcW8,Joey Bada$$ - Where I Belong (Official Video),Joey Bada$$,Why I’m I just finding out it was Joey bada$$ as unique in raising kanan😂,1
Joey Bada$$,Boom bap / Lyric,XoZtqXNLcW8,Joey Bada$$ - Where I Belong (Official Video),Joey Bada$$,I got some dough dough my cousin Hon Philip office for your beautiful  daughter and her mummy. Good night,0
Joey Bada$$,Boom bap / Lyric,XoZtqXNLcW8,Joey Bada$$ - Where I Belong (Official Video),Joey Bada$$,RIP CAPITAL STEEZ RIP MFDOOM 🕊️,2
Joey Bada$$,Boom bap / Lyric,XoZtqXNLcW8,Joey Bada$$ - Where I Belong (Official Video),Joey Bada$$,Joey badman crazy with the flow,0
Joey Bada$$,Boom bap / Lyric,XoZtqXNLcW8,Joey Bada$$ - Where I Belong (Official Video),Joey Bada$$,HAD THIS SONG ON MY PLATE  FOR NEW YEARS... NOW IAM ON MY FOURTH PLATE. TOO NICE 🔥🔥💯,2
Joey Bada$$,Boom bap / Lyric,XoZtqXNLcW8,Joey Bada$$ - Where I Belong (Official Video),Joey Bada$$,me and joey have the same name,6
Joey Bada$$,Boom bap / Lyric,XoZtqXNLcW8,Joey Bada$$ - Where I Belong (Official Video),Joey Bada$$,One of the best albums of 2022 for me! When can we expect a fysical release?,3
Joey Bada$$,Boom bap / Lyric,XoZtqXNLcW8,Joey Bada$$ - Where I Belong (Official Video),Joey Bada$$,Joey IS the truth. Statik a maestro. What a duo.,2
Joey Bada$$,Boom bap / Lyric,XoZtqXNLcW8,Joey Bada$$ - Where I Belong (Official Video),Joey Bada$$,This shit is mesmerizing,1
Joey Bada$$,Boom bap / Lyric,XoZtqXNLcW8,Joey Bada$$ - Where I Belong (Official Video),Joey Bada$$,I will always love you,0
Joey Bada$$,Boom bap / Lyric,XoZtqXNLcW8,Joey Bada$$ - Where I Belong (Official Video),Joey Bada$$,🔥🔥🔥🔥,0
Joey Bada$$,Boom bap / Lyric,XoZtqXNLcW8,Joey Bada$$ - Where I Belong (Official Video),Joey Bada$$,Shine,0
Joey Bada$$,Boom bap / Lyric,XoZtqXNLcW8,Joey Bada$$ - Where I Belong (Official Video),Joey Bada$$,shouts out to my dawg UNIQUE,0
Joey Bada$$,Boom bap / Lyric,XoZtqXNLcW8,Joey Bada$$ - Where I Belong (Official Video),Joey Bada$$,"Joey makes you want to go get money, get fly, and mind ya business.",3
Joey Bada$$,Boom bap / Lyric,XoZtqXNLcW8,Joey Bada$$ - Where I Belong (Official Video),Joey Bada$$,Vibe antiga é muito boa. 🇧🇷🔥,2
Joey Bada$$,Boom bap / Lyric,XoZtqXNLcW8,Joey Bada$$ - Where I Belong (Official Video),Joey Bada$$,"Love Joey, but stick to your roots.  Not digging the opening with all the flexing! I’m here for hip hop...",0
Joey Bada$$,Boom bap / Lyric,XoZtqXNLcW8,Joey Bada$$ - Where I Belong (Official Video),Joey Bada$$,How it feel to know that you the best and nobody knows hit different,1
Joey Bada$$,Boom bap / Lyric,XoZtqXNLcW8,Joey Bada$$ - Where I Belong (Official Video),Joey Bada$$,fuck man this dude is KILLIN whoever makes the beats is incredible wow,0
Joey Bada$$,Boom bap / Lyric,XoZtqXNLcW8,Joey Bada$$ - Where I Belong (Official Video),Joey Bada$$,Dios me los cuide toito,0
Joey Bada$$,Boom bap / Lyric,XoZtqXNLcW8,Joey Bada$$ - Where I Belong (Official Video),Joey Bada$$,OLD SCHOOL NEVER DIE for people like JOEY,0
Joey Bada$$,Boom bap / Lyric,XoZtqXNLcW8,Joey Bada$$ - Where I Belong (Official Video),Joey Bada$$,this is #WhereIBelong,1
Joey Bada$$,Boom bap / Lyric,XoZtqXNLcW8,Joey Bada$$ - Where I Belong (Official Video),Joey Bada$$,album of the year,1
Joey Bada$$,Boom bap / Lyric,XoZtqXNLcW8,Joey Bada$$ - Where I Belong (Official Video),Joey Bada$$,Joey Bada$$ is already one of the greatest to ever do it. Nobody can tell me otherwise.,0
Joey Bada$$,Boom bap / Lyric,XoZtqXNLcW8,Joey Bada$$ - Where I Belong (Official Video),Joey Bada$$,Badmon 🐐,0
Joey Bada$$,Boom bap / Lyric,XoZtqXNLcW8,Joey Bada$$ - Where I Belong (Official Video),Joey Bada$$,"This is what rap is missing with the young heads. Soul, rhyme scheme, entandres, lyrical content, positive messages and story telling. He is a bada$$.",121
Joey Bada$$,Boom bap / Lyric,XoZtqXNLcW8,Joey Bada$$ - Where I Belong (Official Video),Joey Bada$$,,0
Joey Bada$$,Boom bap / Lyric,XoZtqXNLcW8,Joey Bada$$ - Where I Belong (Official Video),Joey Bada$$,"As expected, this music was my #1 in Spotify 2022. Love you Joeyyy",1
Joey Bada$$,Boom bap / Lyric,XoZtqXNLcW8,Joey Bada$$ - Where I Belong (Official Video),Joey Bada$$,You arereal legend,0
Joey Bada$$,Boom bap / Lyric,XoZtqXNLcW8,Joey Bada$$ - Where I Belong (Official Video),Joey Bada$$,Respect for your style,0
Joey Bada$$,Boom bap / Lyric,XoZtqXNLcW8,Joey Bada$$ - Where I Belong (Official Video),Joey Bada$$,Is 95's 🍁❤️‍🔥,0
Joey Bada$$,Boom bap / Lyric,XoZtqXNLcW8,Joey Bada$$ - Where I Belong (Official Video),Joey Bada$$,😍😍😍,0
Joey Bada$$,Boom bap / Lyric,XoZtqXNLcW8,Joey Bada$$ - Where I Belong (Official Video),Joey Bada$$,"Joey BadA$$ is always a go to for me when I need to hear some real lyrical music, keep this in motion bro don’t switch up yo style fam ✊🏽",0
Joey Bada$$,Boom bap / Lyric,XoZtqXNLcW8,Joey Bada$$ - Where I Belong (Official Video),Joey Bada$$,"Yo Joey don't worry, I know your the best. Actually the goat in my eyes",0
Joey Bada$$,Boom bap / Lyric,XoZtqXNLcW8,Joey Bada$$ - Where I Belong (Official Video),Joey Bada$$,Trying to make my beats like him,0
Joey Bada$$,Boom bap / Lyric,XoZtqXNLcW8,Joey Bada$$ - Where I Belong (Official Video),Joey Bada$$,The whole album is a masterpiece,2
Joey Bada$$,Boom bap / Lyric,XoZtqXNLcW8,Joey Bada$$ - Where I Belong (Official Video),Joey Bada$$,This is a all time classic,0
Joey Bada$$,Boom bap / Lyric,XoZtqXNLcW8,Joey Bada$$ - Where I Belong (Official Video),Joey Bada$$,This shit is so lovely,0
Joey Bada$$,Boom bap / Lyric,XoZtqXNLcW8,Joey Bada$$ - Where I Belong (Official Video),Joey Bada$$,🔥 🔥,0
Joey Bada$$,Boom bap / Lyric,XoZtqXNLcW8,Joey Bada$$ - Where I Belong (Official Video),Joey Bada$$,Joey did the cross over like AI killing it on the mic and acting...stay up yo,1
Joey Bada$$,Boom bap / Lyric,XoZtqXNLcW8,Joey Bada$$ - Where I Belong (Official Video),Joey Bada$$,timelessssss,0
Joey Bada$$,Boom bap / Lyric,XoZtqXNLcW8,Joey Bada$$ - Where I Belong (Official Video),Joey Bada$$,Had to make a song dedicated to my favourite rapper. That 90s style is a vibe fr,0
Joey Bada$$,Boom bap / Lyric,XoZtqXNLcW8,Joey Bada$$ - Where I Belong (Official Video),Joey Bada$$,Joey is the best,0
Joey Bada$$,Boom bap / Lyric,XoZtqXNLcW8,Joey Bada$$ - Where I Belong (Official Video),Joey Bada$$,I see why they call bro badass,0
Joey Bada$$,Boom bap / Lyric,XoZtqXNLcW8,Joey Bada$$ - Where I Belong (Official Video),Joey Bada$$,"Respect from Spain, Bada$$ always did it diferent.",0
Joey Bada$$,Boom bap / Lyric,XoZtqXNLcW8,Joey Bada$$ - Where I Belong (Official Video),Joey Bada$$,Joey badass 2000 sound up for ema award for best rap album,0
Joey Bada$$,Boom bap / Lyric,XoZtqXNLcW8,Joey Bada$$ - Where I Belong (Official Video),Joey Bada$$,Just love it😍😍😍,1
Joey Bada$$,Boom bap / Lyric,XoZtqXNLcW8,Joey Bada$$ - Where I Belong (Official Video),Joey Bada$$,So refreshing to hear ...,0
Joey Bada$$,Boom bap / Lyric,XoZtqXNLcW8,Joey Bada$$ - Where I Belong (Official Video),Joey Bada$$,🔥🔥🔥🔥,0
Joey Bada$$,Boom bap / Lyric,XoZtqXNLcW8,Joey Bada$$ - Where I Belong (Official Video),Joey Bada$$,THIS THAT UNIQUE FLOW 🔥🔥🔥🔥🔥🔥🔥🔥🔥💯🤞🏿,0
Joey Bada$$,Boom bap / Lyric,XoZtqXNLcW8,Joey Bada$$ - Where I Belong (Official Video),Joey Bada$$,💜💥,0
Joey Bada$$,Boom bap / Lyric,XoZtqXNLcW8,Joey Bada$$ - Where I Belong (Official Video),Joey Bada$$,His acting is better than his rapping. (Mr. Robot),0
Joey Bada$$,Boom bap / Lyric,XoZtqXNLcW8,Joey Bada$$ - Where I Belong (Official Video),Joey Bada$$,Rip Steez,0
Joey Bada$$,Boom bap / Lyric,XoZtqXNLcW8,Joey Bada$$ - Where I Belong (Official Video),Joey Bada$$,Classic 🔥🔥,0
Joey Bada$$,Boom bap / Lyric,XoZtqXNLcW8,Joey Bada$$ - Where I Belong (Official Video),Joey Bada$$,This man been in the industry far too long to have 305K Subscribers. But I guess there's only 305K real one's 🎭💯,2
Joey Bada$$,Boom bap / Lyric,XoZtqXNLcW8,Joey Bada$$ - Where I Belong (Official Video),Joey Bada$$,“Nothing really last forever”,1
Joey Bada$$,Boom bap / Lyric,XoZtqXNLcW8,Joey Bada$$ - Where I Belong (Official Video),Joey Bada$$,“Nothing really last forever”,2
Joey Bada$$,Boom bap / Lyric,XoZtqXNLcW8,Joey Bada$$ - Where I Belong (Official Video),Joey Bada$$,"Yessss,love the 90's style. The sound,lyrics,your clothing,the massive necklace,the shots,everything is 90's on this. thank you for this,please keep this style up.",20
Joey Bada$$,Boom bap / Lyric,2msMRPdMdWc,Joey Bada$$ - The Ruler&#39;s Back (Official Video),Joey Bada$$,I keep coming back to this song. This ish go hard. And it’ll be even better when the Knicks win the championship. And they will win. And I’m not a Knicks fan but it’s their year!!!!,3
Joey Bada$$,Boom bap / Lyric,2msMRPdMdWc,Joey Bada$$ - The Ruler&#39;s Back (Official Video),Joey Bada$$,That was a fun battle.,2
Joey Bada$$,Boom bap / Lyric,2msMRPdMdWc,Joey Bada$$ - The Ruler&#39;s Back (Official Video),Joey Bada$$,"Need an Joey Bada$$,Cassidy,Vado, Papoose, Jae Millz, A-Boogie With Da Hoodie,Freeway, Beanie Sigel, Young Chris, collaboration",2
Joey Bada$$,Boom bap / Lyric,2msMRPdMdWc,Joey Bada$$ - The Ruler&#39;s Back (Official Video),Joey Bada$$,Raising Kanan brought me here.  I know I'm late.,3
Joey Bada$$,Boom bap / Lyric,2msMRPdMdWc,Joey Bada$$ - The Ruler&#39;s Back (Official Video),Joey Bada$$,"TIL THE BELL SING SING WAT WE WANT ALL THE TIME, SKOOL IS COOLL AS HELL",1
Joey Bada$$,Boom bap / Lyric,2msMRPdMdWc,Joey Bada$$ - The Ruler&#39;s Back (Official Video),Joey Bada$$,back in may2026,1
Joey Bada$$,Boom bap / Lyric,2msMRPdMdWc,Joey Bada$$ - The Ruler&#39;s Back (Official Video),Joey Bada$$,This song so mf 🥶🥶🥶 I swear,4
Joey Bada$$,Boom bap / Lyric,2msMRPdMdWc,Joey Bada$$ - The Ruler&#39;s Back (Official Video),Joey Bada$$,why tf did he ruin this run,0
Joey Bada$$,Boom bap / Lyric,2msMRPdMdWc,Joey Bada$$ - The Ruler&#39;s Back (Official Video),Joey Bada$$,No wonder kendrick just ignored this as a diss track. This shit was trash. I don't get how some of these people are so cocky and yet they aren't thay great and are completely irrelevant. Its kind of insane how needy some of these rappers are.,0
Joey Bada$$,Boom bap / Lyric,2msMRPdMdWc,Joey Bada$$ - The Ruler&#39;s Back (Official Video),Joey Bada$$,A eagle eye 4 to 7 times stronger than the human eye,0
Joey Bada$$,Boom bap / Lyric,2msMRPdMdWc,Joey Bada$$ - The Ruler&#39;s Back (Official Video),Joey Bada$$,Who?,0
Joey Bada$$,Boom bap / Lyric,2msMRPdMdWc,Joey Bada$$ - The Ruler&#39;s Back (Official Video),Joey Bada$$,Fire,1
Joey Bada$$,Boom bap / Lyric,2msMRPdMdWc,Joey Bada$$ - The Ruler&#39;s Back (Official Video),Joey Bada$$,2026 🔥🔥🔥,1
Joey Bada$$,Boom bap / Lyric,2msMRPdMdWc,Joey Bada$$ - The Ruler&#39;s Back (Official Video),Joey Bada$$,Started messing with your music 🎵 since 2012,2
Joey Bada$$,Boom bap / Lyric,2msMRPdMdWc,Joey Bada$$ - The Ruler&#39;s Back (Official Video),Joey Bada$$,Still whack.,1
Joey Bada$$,Boom bap / Lyric,2msMRPdMdWc,Joey Bada$$ - The Ruler&#39;s Back (Official Video),Joey Bada$$,"This is a forever jam. And I'll keep saying it... Your album is one of my 2025 favorites, easy",10
Joey Bada$$,Boom bap / Lyric,2msMRPdMdWc,Joey Bada$$ - The Ruler&#39;s Back (Official Video),Joey Bada$$,Still in rotation a year later & im from the west real rap!!,5
Joey Bada$$,Boom bap / Lyric,2msMRPdMdWc,Joey Bada$$ - The Ruler&#39;s Back (Official Video),Joey Bada$$,I can’t these cats were trying to disrespect this album! Smh,4
Joey Bada$$,Boom bap / Lyric,2msMRPdMdWc,Joey Bada$$ - The Ruler&#39;s Back (Official Video),Joey Bada$$,What’s the song that played at the end???????,0
Joey Bada$$,Boom bap / Lyric,2msMRPdMdWc,Joey Bada$$ - The Ruler&#39;s Back (Official Video),Joey Bada$$,still one of the best to ever do it,5
Joey Bada$$,Boom bap / Lyric,2msMRPdMdWc,Joey Bada$$ - The Ruler&#39;s Back (Official Video),Joey Bada$$,1 year later still peak,7
Joey Bada$$,Boom bap / Lyric,2msMRPdMdWc,Joey Bada$$ - The Ruler&#39;s Back (Official Video),Joey Bada$$,Real ones know that’s wutang mansion,5
Joey Bada$$,Boom bap / Lyric,2msMRPdMdWc,Joey Bada$$ - The Ruler&#39;s Back (Official Video),Joey Bada$$,2026 we here,7
Joey Bada$$,Boom bap / Lyric,2msMRPdMdWc,Joey Bada$$ - The Ruler&#39;s Back (Official Video),Joey Bada$$,Still slappin,5
Joey Bada$$,Boom bap / Lyric,2msMRPdMdWc,Joey Bada$$ - The Ruler&#39;s Back (Official Video),Joey Bada$$,AGAIN!!! joey has always been one of my favorite artist ever since i first heard of him back in the day all his music is really 🔥🔥🔥 asf and timeless idc what nobody says ts never gets old 😅🥶LEGEND🐐🙏 absolute classic he obliterated ts,10
Joey Bada$$,Boom bap / Lyric,2msMRPdMdWc,Joey Bada$$ - The Ruler&#39;s Back (Official Video),Joey Bada$$,RULERS BACK 👑,3
Joey Bada$$,Boom bap / Lyric,2msMRPdMdWc,Joey Bada$$ - The Ruler&#39;s Back (Official Video),Joey Bada$$,This shit corny….. Basic as hell…..,0
Joey Bada$$,Boom bap / Lyric,2msMRPdMdWc,Joey Bada$$ - The Ruler&#39;s Back (Official Video),Joey Bada$$,Heard they was looking for me ok tell em here I come 💪🏽,9
Joey Bada$$,Boom bap / Lyric,2msMRPdMdWc,Joey Bada$$ - The Ruler&#39;s Back (Official Video),Joey Bada$$,If he stuck to this sound his album would have been better,5
Joey Bada$$,Boom bap / Lyric,2msMRPdMdWc,Joey Bada$$ - The Ruler&#39;s Back (Official Video),Joey Bada$$,Name,1
Joey Bada$$,Boom bap / Lyric,2msMRPdMdWc,Joey Bada$$ - The Ruler&#39;s Back (Official Video),Joey Bada$$,eventually the conversation shift from take care vs good kid maad city. to good kid maad city vs 1999. and i think that joey’s been waiting on that for a while now.,2
Joey Bada$$,Boom bap / Lyric,2msMRPdMdWc,Joey Bada$$ - The Ruler&#39;s Back (Official Video),Joey Bada$$,Conductor 🔥,7
Joey Bada$$,Boom bap / Lyric,2msMRPdMdWc,Joey Bada$$ - The Ruler&#39;s Back (Official Video),Joey Bada$$,Yo,1
Joey Bada$$,Boom bap / Lyric,2msMRPdMdWc,Joey Bada$$ - The Ruler&#39;s Back (Official Video),Joey Bada$$,EVERY NEW YEAR WE STILL BUSTIN SHOTS AT THE SKY,2
Joey Bada$$,Boom bap / Lyric,2msMRPdMdWc,Joey Bada$$ - The Ruler&#39;s Back (Official Video),Joey Bada$$,HAPPY ONE YEAR!!!!! ^_^,3
Joey Bada$$,Boom bap / Lyric,2msMRPdMdWc,Joey Bada$$ - The Ruler&#39;s Back (Official Video),Joey Bada$$,IM BACKKK,5
Joey Bada$$,Boom bap / Lyric,2msMRPdMdWc,Joey Bada$$ - The Ruler&#39;s Back (Official Video),Joey Bada$$,watched this at the beginning of the year now im here at the end of the year,157
Joey Bada$$,Boom bap / Lyric,2msMRPdMdWc,Joey Bada$$ - The Ruler&#39;s Back (Official Video),Joey Bada$$,before the new year by 15 minutes,1
Joey Bada$$,Boom bap / Lyric,2msMRPdMdWc,Joey Bada$$ - The Ruler&#39;s Back (Official Video),Joey Bada$$,I was very disappointed joey didn't have more fire beats on ep and album. There were a select few...It didn't gotta sound like this but this was just extra dope on it's own.,1
Joey Bada$$,Boom bap / Lyric,2msMRPdMdWc,Joey Bada$$ - The Ruler&#39;s Back (Official Video),Joey Bada$$,Best beat of 2025 frfr,3
Joey Bada$$,Boom bap / Lyric,2msMRPdMdWc,Joey Bada$$ - The Ruler&#39;s Back (Official Video),Joey Bada$$,Let's go 🔥,1
Joey Bada$$,Boom bap / Lyric,2msMRPdMdWc,Joey Bada$$ - The Ruler&#39;s Back (Official Video),Joey Bada$$,December 2025 energy 💪🏾,2
Joey Bada$$,Boom bap / Lyric,2msMRPdMdWc,Joey Bada$$ - The Ruler&#39;s Back (Official Video),Joey Bada$$,All that noise to flop,0
Joey Bada$$,Boom bap / Lyric,2msMRPdMdWc,Joey Bada$$ - The Ruler&#39;s Back (Official Video),Joey Bada$$,Joey!,2
Joey Bada$$,Boom bap / Lyric,2msMRPdMdWc,Joey Bada$$ - The Ruler&#39;s Back (Official Video),Joey Bada$$,"As the year is coming to an end, just wanna stop by and say thank you again Joey for always reppin the BEAST COAST💪💪💪",2
Joey Bada$$,Boom bap / Lyric,2msMRPdMdWc,Joey Bada$$ - The Ruler&#39;s Back (Official Video),Joey Bada$$,Wish I went to a Prime A$AP mob concert 😭😭😭,1
Joey Bada$$,Boom bap / Lyric,2msMRPdMdWc,Joey Bada$$ - The Ruler&#39;s Back (Official Video),Joey Bada$$,This video is giving me the mid 90s vibe 🔥🔥🔥,3
Joey Bada$$,Boom bap / Lyric,2msMRPdMdWc,Joey Bada$$ - The Ruler&#39;s Back (Official Video),Joey Bada$$,"STAMPED APPROVED OFFICIAL
CERTIFIED by

MICHAEL IRVIN WALKER
GROWN ASS MAN
NO NICK NAMES",2
Joey Bada$$,Boom bap / Lyric,2msMRPdMdWc,Joey Bada$$ - The Ruler&#39;s Back (Official Video),Joey Bada$$,This song sucks.,0
Joey Bada$$,Boom bap / Lyric,2msMRPdMdWc,Joey Bada$$ - The Ruler&#39;s Back (Official Video),Joey Bada$$,"playing ""Dark Aura"" in the video's end",3
Joey Bada$$,Boom bap / Lyric,2msMRPdMdWc,Joey Bada$$ - The Ruler&#39;s Back (Official Video),Joey Bada$$,Does anyone know the song at the end of the video? It’s playing in his car when he pulls off,0
Joey Bada$$,Boom bap / Lyric,2msMRPdMdWc,Joey Bada$$ - The Ruler&#39;s Back (Official Video),Joey Bada$$,YG could never make a diss sound like this☝🏻 yg a glorified druggy,3
Joey Bada$$,Boom bap / Lyric,2msMRPdMdWc,Joey Bada$$ - The Ruler&#39;s Back (Official Video),Joey Bada$$,Joey gonna be the GOAT fr sneaking up on the rap game like the greatest 💯🔥,1
Joey Bada$$,Boom bap / Lyric,2msMRPdMdWc,Joey Bada$$ - The Ruler&#39;s Back (Official Video),Joey Bada$$,True,0
Joey Bada$$,Boom bap / Lyric,2msMRPdMdWc,Joey Bada$$ - The Ruler&#39;s Back (Official Video),Joey Bada$$,2025?,1
Joey Bada$$,Boom bap / Lyric,2msMRPdMdWc,Joey Bada$$ - The Ruler&#39;s Back (Official Video),Joey Bada$$,Remember this fellin Joey...😤 You cant give up bro✊🏿💯💯💯,2
Joey Bada$$,Boom bap / Lyric,2msMRPdMdWc,Joey Bada$$ - The Ruler&#39;s Back (Official Video),Joey Bada$$,Ngl this Wacc bro 🤷🏾‍♂️,3
Joey Bada$$,Boom bap / Lyric,2msMRPdMdWc,Joey Bada$$ - The Ruler&#39;s Back (Official Video),Joey Bada$$,❤❤❤❤,0
Joey Bada$$,Boom bap / Lyric,2msMRPdMdWc,Joey Bada$$ - The Ruler&#39;s Back (Official Video),Joey Bada$$,If we talking bar4bar it's slim pickens/ I rap like I draw pentagrams and kill chickens😤😤💯💯,4
Joey Bada$$,Boom bap / Lyric,2msMRPdMdWc,Joey Bada$$ - The Ruler&#39;s Back (Official Video),Joey Bada$$,I REALLY HATE BOOM BAP PLEASE PICK BETTER BEATS THIS SHIT WEAK AF NO KAP,3
Joey Bada$$,Boom bap / Lyric,2msMRPdMdWc,Joey Bada$$ - The Ruler&#39;s Back (Official Video),Joey Bada$$,“THIS AINT BOOM BAP…..” BARS 🔥,1
Joey Bada$$,Boom bap / Lyric,2msMRPdMdWc,Joey Bada$$ - The Ruler&#39;s Back (Official Video),Joey Bada$$,Kendrick lost without even rapping. New low for Kendoll,4
Joey Bada$$,Boom bap / Lyric,2msMRPdMdWc,Joey Bada$$ - The Ruler&#39;s Back (Official Video),Joey Bada$$,"bruh gave us this. murdered the west coast, then gave us a mid album",2
Joey Bada$$,Boom bap / Lyric,2msMRPdMdWc,Joey Bada$$ - The Ruler&#39;s Back (Official Video),Joey Bada$$,This sshhh craaazy !!!!🙏💯🔥,4
Joey Bada$$,Boom bap / Lyric,2msMRPdMdWc,Joey Bada$$ - The Ruler&#39;s Back (Official Video),Joey Bada$$,Sounds like a sample of nas song watch then niggas from it was written album,1
Joey Bada$$,Boom bap / Lyric,2msMRPdMdWc,Joey Bada$$ - The Ruler&#39;s Back (Official Video),Joey Bada$$,"He dead said ""this that black Air Force energy coming out ya speaker"" nasty business we missed you Joey",5
Joey Bada$$,Boom bap / Lyric,2msMRPdMdWc,Joey Bada$$ - The Ruler&#39;s Back (Official Video),Joey Bada$$,🎉,0
Joey Bada$$,Boom bap / Lyric,2msMRPdMdWc,Joey Bada$$ - The Ruler&#39;s Back (Official Video),Joey Bada$$,🎉,0
Joey Bada$$,Boom bap / Lyric,2msMRPdMdWc,Joey Bada$$ - The Ruler&#39;s Back (Official Video),Joey Bada$$,🎉,0
Joey Bada$$,Boom bap / Lyric,2msMRPdMdWc,Joey Bada$$ - The Ruler&#39;s Back (Official Video),Joey Bada$$,Imagine if Hov co-signed this with a verse,1
Joey Bada$$,Boom bap / Lyric,2msMRPdMdWc,Joey Bada$$ - The Ruler&#39;s Back (Official Video),Joey Bada$$,This a alc beat?,0
Joey Bada$$,Boom bap / Lyric,2msMRPdMdWc,Joey Bada$$ - The Ruler&#39;s Back (Official Video),Joey Bada$$,sounds like he saying your papa loved a man. He says by popular by demand.,0
Joey Bada$$,Boom bap / Lyric,2msMRPdMdWc,Joey Bada$$ - The Ruler&#39;s Back (Official Video),Joey Bada$$,For the system.,0
Joey Bada$$,Boom bap / Lyric,2msMRPdMdWc,Joey Bada$$ - The Ruler&#39;s Back (Official Video),Joey Bada$$,Very fresh!!,3
Joey Bada$$,Boom bap / Lyric,2msMRPdMdWc,Joey Bada$$ - The Ruler&#39;s Back (Official Video),Joey Bada$$,Just understood that kill chickens bar🤯🤯🤯🤯🤯,3
Joey Bada$$,Boom bap / Lyric,2msMRPdMdWc,Joey Bada$$ - The Ruler&#39;s Back (Official Video),Joey Bada$$,주황색바지,0
Joey Bada$$,Boom bap / Lyric,2msMRPdMdWc,Joey Bada$$ - The Ruler&#39;s Back (Official Video),Joey Bada$$,Unpopular Opinion: This should've been AJ Lee's return theme song for WWE. Such a missed opportunity🤣🤣🤣,1
Joey Bada$$,Boom bap / Lyric,2msMRPdMdWc,Joey Bada$$ - The Ruler&#39;s Back (Official Video),Joey Bada$$,Omg yessssss,1
Joey Bada$$,Boom bap / Lyric,2msMRPdMdWc,Joey Bada$$ - The Ruler&#39;s Back (Official Video),Joey Bada$$,Joey really had 2025 on chokehold,2
Joey Bada$$,Boom bap / Lyric,2msMRPdMdWc,Joey Bada$$ - The Ruler&#39;s Back (Official Video),Joey Bada$$,A shootout to Lupe fiasco. Nice!,1
Joey Bada$$,Boom bap / Lyric,2msMRPdMdWc,Joey Bada$$ - The Ruler&#39;s Back (Official Video),Joey Bada$$,"It's Joey's time, salute king",2
Joey Bada$$,Boom bap / Lyric,2msMRPdMdWc,Joey Bada$$ - The Ruler&#39;s Back (Official Video),Joey Bada$$,Spiting bars 🔥🔥🔥🔥,2
Joey Bada$$,Boom bap / Lyric,2msMRPdMdWc,Joey Bada$$ - The Ruler&#39;s Back (Official Video),Joey Bada$$,🔥🔥🔥🔥❤❤❤❤,1
Joey Bada$$,Boom bap / Lyric,2msMRPdMdWc,Joey Bada$$ - The Ruler&#39;s Back (Official Video),Joey Bada$$,Nice music but he needs a stylist,0
Joey Bada$$,Boom bap / Lyric,2msMRPdMdWc,Joey Bada$$ - The Ruler&#39;s Back (Official Video),Joey Bada$$,This shi give me hope that real hip hop still alive ‼️🙏,2
Joey Bada$$,Boom bap / Lyric,2msMRPdMdWc,Joey Bada$$ - The Ruler&#39;s Back (Official Video),Joey Bada$$,Damn where the rapsody verse?,0
Joey Bada$$,Boom bap / Lyric,2msMRPdMdWc,Joey Bada$$ - The Ruler&#39;s Back (Official Video),Joey Bada$$,Dark Aura!,3
Joey Bada$$,Boom bap / Lyric,2msMRPdMdWc,Joey Bada$$ - The Ruler&#39;s Back (Official Video),Joey Bada$$,The only reason you got West Coast nuts all in your mouth and down your throat cuz you're trying to get back in the music game but it's not going to work you had your time and your 15 minutes of fame been up so your little scheme to talk about the west coast to get back in the music game just fell apart,0
Joey Bada$$,Boom bap / Lyric,2msMRPdMdWc,Joey Bada$$ - The Ruler&#39;s Back (Official Video),Joey Bada$$,Anybody that seen this Goofy's rise of music and even when he fell off knows that he sucked in the beginning nobody like that trash hit old school hip hop he tried to make you almost embarrassed the whole culture of Hip Hop no matter if it was East Coast or West Coast cuz you were so terrible at it he must have forgot that with all the money he made,0
Joey Bada$$,Boom bap / Lyric,2msMRPdMdWc,Joey Bada$$ - The Ruler&#39;s Back (Official Video),Joey Bada$$,Too much old school hip hop PP licking by Joey Badass I want to be old school hip hop rapper style cuz he doesn't have his own style goofy little skinny boy turn I'm a cool guy so I'm just the West Coast just to get some Fame look at them talking about what he got like I said people care when he first came out he didn't even know how to make records just bit off of old school hip hop rap,0
Joey Bada$$,Boom bap / Lyric,2msMRPdMdWc,Joey Bada$$ - The Ruler&#39;s Back (Official Video),Joey Bada$$,"I feel like this was written over a hard beat, and then they dropped it over this sample instead",0
Joey Bada$$,Boom bap / Lyric,2msMRPdMdWc,Joey Bada$$ - The Ruler&#39;s Back (Official Video),Joey Bada$$,Anybody catch Dark Aura playing at the end?,4
Joey Bada$$,Boom bap / Lyric,2msMRPdMdWc,Joey Bada$$ - The Ruler&#39;s Back (Official Video),Joey Bada$$,I hope he keeps the sample of that snippet it sounds so good here 😭,1
Joey Bada$$,Boom bap / Lyric,2msMRPdMdWc,Joey Bada$$ - The Ruler&#39;s Back (Official Video),Joey Bada$$,Even if you listen to Let It Breath & Where I Belong. There's a lot of similarities even the music videos 🔥,1
Joey Bada$$,Boom bap / Lyric,2msMRPdMdWc,Joey Bada$$ - The Ruler&#39;s Back (Official Video),Joey Bada$$,Dark Aura at the end?,6
Joey Bada$$,Boom bap / Lyric,2msMRPdMdWc,Joey Bada$$ - The Ruler&#39;s Back (Official Video),Joey Bada$$,whos here after you realized he previewed dark aura at the end of this video 😂,218
Joey Bada$$,Boom bap / Lyric,2msMRPdMdWc,Joey Bada$$ - The Ruler&#39;s Back (Official Video),Joey Bada$$,GOTHAM CITY MUZIK,2
Joey Bada$$,Boom bap / Lyric,2msMRPdMdWc,Joey Bada$$ - The Ruler&#39;s Back (Official Video),Joey Bada$$,Is that dark aura playing at the end?,10
Joey Bada$$,Boom bap / Lyric,2msMRPdMdWc,Joey Bada$$ - The Ruler&#39;s Back (Official Video),Joey Bada$$,Oh my...,0
Joey Bada$$,Boom bap / Lyric,2msMRPdMdWc,Joey Bada$$ - The Ruler&#39;s Back (Official Video),Joey Bada$$,"""Too much west coast D licking"" was lamest bar. So when Atl held it down in that certain era what’s your ""bar"" for that? 😂",1
Joey Bada$$,Boom bap / Lyric,2msMRPdMdWc,Joey Bada$$ - The Ruler&#39;s Back (Official Video),Joey Bada$$,"love the steelo shout out again, man truly loved him.",2
Joey Bada$$,Boom bap / Lyric,2msMRPdMdWc,Joey Bada$$ - The Ruler&#39;s Back (Official Video),Joey Bada$$,"Joey is the one to battle,he is the definition of hip-hop, not Drake, who is doing pop music",3
Joey Bada$$,Boom bap / Lyric,2msMRPdMdWc,Joey Bada$$ - The Ruler&#39;s Back (Official Video),Joey Bada$$,What song joey listening at the end of the song I need  a name?,0
Joey Bada$$,Boom bap / Lyric,2msMRPdMdWc,Joey Bada$$ - The Ruler&#39;s Back (Official Video),Joey Bada$$,🐐,3
Joey Bada$$,Boom bap / Lyric,2msMRPdMdWc,Joey Bada$$ - The Ruler&#39;s Back (Official Video),Joey Bada$$,He has no bad songs,8
Joey Bada$$,Boom bap / Lyric,2msMRPdMdWc,Joey Bada$$ - The Ruler&#39;s Back (Official Video),Joey Bada$$,What’s the song at the end?,0
Joey Bada$$,Boom bap / Lyric,2msMRPdMdWc,Joey Bada$$ - The Ruler&#39;s Back (Official Video),Joey Bada$$,Cheeks,1
Joey Bada$$,Boom bap / Lyric,2msMRPdMdWc,Joey Bada$$ - The Ruler&#39;s Back (Official Video),Joey Bada$$,The Preview of the Track in the whip at the end. We need it Joey! 🙏🏾🔥💫 That Sampleee! ❤️‍🔥,5
Joey Bada$$,Boom bap / Lyric,2msMRPdMdWc,Joey Bada$$ - The Ruler&#39;s Back (Official Video),Joey Bada$$,BOOM BOW BING,1
Joey Bada$$,Boom bap / Lyric,2msMRPdMdWc,Joey Bada$$ - The Ruler&#39;s Back (Official Video),Joey Bada$$,O he's killin Kendrick. Thank god. Kendrick is a hack compared to this dude and he knows it.,4
Joey Bada$$,Boom bap / Lyric,2msMRPdMdWc,Joey Bada$$ - The Ruler&#39;s Back (Official Video),Joey Bada$$,That mic is peakin but this dude is the truth.,0
Joey Bada$$,Boom bap / Lyric,2msMRPdMdWc,Joey Bada$$ - The Ruler&#39;s Back (Official Video),Joey Bada$$,HIP HOPERA🎬🇺🇸🎸🏷🏆,3
Joey Bada$$,Boom bap / Lyric,2msMRPdMdWc,Joey Bada$$ - The Ruler&#39;s Back (Official Video),Joey Bada$$,I had to delete my old comment lol... i cant wait to see the Joey K Dot show down. Joey got this,3
Joey Bada$$,Boom bap / Lyric,2msMRPdMdWc,Joey Bada$$ - The Ruler&#39;s Back (Official Video),Joey Bada$$,yeah this is mid.... he was better when he first came out...JUST GET TO MAKING THE NEXT SEASON OF RAISING KANAN BUDDY..,1
Joey Bada$$,Boom bap / Lyric,2msMRPdMdWc,Joey Bada$$ - The Ruler&#39;s Back (Official Video),Joey Bada$$,🔥🔥🔥🔥🔥🔥🔥🔥🔥🔥🔥🔥🔥🔥🔥🔥🔥🔥🔥🔥,2
Joey Bada$$,Boom bap / Lyric,2msMRPdMdWc,Joey Bada$$ - The Ruler&#39;s Back (Official Video),Joey Bada$$,Rick is the ruler.,1
Joey Bada$$,Boom bap / Lyric,2msMRPdMdWc,Joey Bada$$ - The Ruler&#39;s Back (Official Video),Joey Bada$$,Long Live Joey,2
Joey Bada$$,Boom bap / Lyric,2msMRPdMdWc,Joey Bada$$ - The Ruler&#39;s Back (Official Video),Joey Bada$$,❤❤❤❤,2
Joey Bada$$,Boom bap / Lyric,2msMRPdMdWc,Joey Bada$$ - The Ruler&#39;s Back (Official Video),Joey Bada$$,So who won? Joey or The West Coast?,0
Joey Bada$$,Boom bap / Lyric,2msMRPdMdWc,Joey Bada$$ - The Ruler&#39;s Back (Official Video),Joey Bada$$,That’s it …. ?,0
Joey Bada$$,Boom bap / Lyric,2msMRPdMdWc,Joey Bada$$ - The Ruler&#39;s Back (Official Video),Joey Bada$$,We demand a mixtape Joey,2
Joey Bada$$,Boom bap / Lyric,2msMRPdMdWc,Joey Bada$$ - The Ruler&#39;s Back (Official Video),Joey Bada$$,https://youtu.be/RGEGkpmoQrs?si=nkK85S0Akuwle5-v,0
Joey Bada$$,Boom bap / Lyric,2msMRPdMdWc,Joey Bada$$ - The Ruler&#39;s Back (Official Video),Joey Bada$$,https://youtu.be/RGEGkpmoQrs?si=nkK85S0Akuwle5-v,0
Joey Bada$$,Boom bap / Lyric,2msMRPdMdWc,Joey Bada$$ - The Ruler&#39;s Back (Official Video),Joey Bada$$,Taking a victory lap. There’s levels to this ish.,5
Joey Bada$$,Boom bap / Lyric,2msMRPdMdWc,Joey Bada$$ - The Ruler&#39;s Back (Official Video),Joey Bada$$,this is the house of tony soprano ?,1
Joey Bada$$,Boom bap / Lyric,2msMRPdMdWc,Joey Bada$$ - The Ruler&#39;s Back (Official Video),Joey Bada$$,This is trash asf,1
Joey Bada$$,Boom bap / Lyric,2msMRPdMdWc,Joey Bada$$ - The Ruler&#39;s Back (Official Video),Joey Bada$$,Defending a child predator ain't it you lost all my respect,1
Joey Bada$$,Boom bap / Lyric,2msMRPdMdWc,Joey Bada$$ - The Ruler&#39;s Back (Official Video),Joey Bada$$,whats the song on the outro??,1
Joey Bada$$,Boom bap / Lyric,2msMRPdMdWc,Joey Bada$$ - The Ruler&#39;s Back (Official Video),Joey Bada$$,I'm back...to listen this again all the time since it dropped.,9
Joey Bada$$,Boom bap / Lyric,2msMRPdMdWc,Joey Bada$$ - The Ruler&#39;s Back (Official Video),Joey Bada$$,Shit is fire 🔥 no trucks,2
Joey Bada$$,Boom bap / Lyric,2msMRPdMdWc,Joey Bada$$ - The Ruler&#39;s Back (Official Video),Joey Bada$$,Drop the album now joey,3
Joey Bada$$,Boom bap / Lyric,2msMRPdMdWc,Joey Bada$$ - The Ruler&#39;s Back (Official Video),Joey Bada$$,He's the best rapper for me in 2025,1
Joey Bada$$,Boom bap / Lyric,2msMRPdMdWc,Joey Bada$$ - The Ruler&#39;s Back (Official Video),Joey Bada$$,2:01 this ain’t boom bap…this that boom baow bing,43
Joey Bada$$,Boom bap / Lyric,2msMRPdMdWc,Joey Bada$$ - The Ruler&#39;s Back (Official Video),Joey Bada$$,conductor !!!,3
Joey Bada$$,Boom bap / Lyric,2msMRPdMdWc,Joey Bada$$ - The Ruler&#39;s Back (Official Video),Joey Bada$$,Royce is a better Em without the accolades. He kinda smoked Lu. I love them both tho…,0
Joey Bada$$,Boom bap / Lyric,2msMRPdMdWc,Joey Bada$$ - The Ruler&#39;s Back (Official Video),Joey Bada$$,So we ever gettin that last song at the end,3
Joey Bada$$,Boom bap / Lyric,2msMRPdMdWc,Joey Bada$$ - The Ruler&#39;s Back (Official Video),Joey Bada$$,"Im from the West , Joey is just better",4
Joey Bada$$,Boom bap / Lyric,2msMRPdMdWc,Joey Bada$$ - The Ruler&#39;s Back (Official Video),Joey Bada$$,"Ah , Yoooooo Ibn thats your Boy(Jerzy)",1
Joey Bada$$,Boom bap / Lyric,2msMRPdMdWc,Joey Bada$$ - The Ruler&#39;s Back (Official Video),Joey Bada$$,Glad to see Hip Hop Diss/Battles. Not Hip Hop Beef. Lets Go.,4
Joey Bada$$,Boom bap / Lyric,2msMRPdMdWc,Joey Bada$$ - The Ruler&#39;s Back (Official Video),Joey Bada$$,It’s disgusting how many times I replayed this song…,13
Joey Bada$$,Boom bap / Lyric,2msMRPdMdWc,Joey Bada$$ - The Ruler&#39;s Back (Official Video),Joey Bada$$,Joey B is top,1
Joey Bada$$,Boom bap / Lyric,2msMRPdMdWc,Joey Bada$$ - The Ruler&#39;s Back (Official Video),Joey Bada$$,Yg smoked em tho,1
Joey Bada$$,Boom bap / Lyric,2msMRPdMdWc,Joey Bada$$ - The Ruler&#39;s Back (Official Video),Joey Bada$$,After everything that has happened Kendrick has to respond.,4
Joey Bada$$,Boom bap / Lyric,2msMRPdMdWc,Joey Bada$$ - The Ruler&#39;s Back (Official Video),Joey Bada$$,JBA🎤🎤🎤🎤🎤🔥🔥🔥🔥🔥🔥🔥🔥🔥🔥🔥🔥🔥🔥🔥🔥,2
Joey Bada$$,Boom bap / Lyric,2msMRPdMdWc,Joey Bada$$ - The Ruler&#39;s Back (Official Video),Joey Bada$$,Whats the song at the end?,1
Joey Bada$$,Boom bap / Lyric,2msMRPdMdWc,Joey Bada$$ - The Ruler&#39;s Back (Official Video),Joey Bada$$,What’s the song at the end ? 😮‍💨🔥,2
Joey Bada$$,Boom bap / Lyric,2msMRPdMdWc,Joey Bada$$ - The Ruler&#39;s Back (Official Video),Joey Bada$$,Steelo bar was crazy. LLS,1
Joey Bada$$,Boom bap / Lyric,2msMRPdMdWc,Joey Bada$$ - The Ruler&#39;s Back (Official Video),Joey Bada$$,https://www.youtube.com/watch?v=O3lHxlrPih0,0
Joey Bada$$,Boom bap / Lyric,2msMRPdMdWc,Joey Bada$$ - The Ruler&#39;s Back (Official Video),Joey Bada$$,what sunglasses are those joey?,0
Joey Bada$$,Boom bap / Lyric,2msMRPdMdWc,Joey Bada$$ - The Ruler&#39;s Back (Official Video),Joey Bada$$,You ain't the ruler ...draco beat life ..long live the ruler the stincs run the town...ebk...,2
Joey Bada$$,Boom bap / Lyric,2msMRPdMdWc,Joey Bada$$ - The Ruler&#39;s Back (Official Video),Joey Bada$$,He delivered after this....yes sir!,6
Joey Bada$$,Boom bap / Lyric,2msMRPdMdWc,Joey Bada$$ - The Ruler&#39;s Back (Official Video),Joey Bada$$,"The Ray Vaughn songs are ok but I cannot stop listening to Killuminati Pt2, The Rulers Back, Crash Dummy, The Finals, My Town, and the Red Bull Freestyle. Joey the #1 contender, Kendrick your move 🔥🔥🔥",10
Joey Bada$$,Boom bap / Lyric,2msMRPdMdWc,Joey Bada$$ - The Ruler&#39;s Back (Official Video),Joey Bada$$,Not fire,0
Joey Bada$$,Boom bap / Lyric,2msMRPdMdWc,Joey Bada$$ - The Ruler&#39;s Back (Official Video),Joey Bada$$,He got some bars and good word play but ralfy made it sound effortless “He prolly mad cause the king of New York is ice spice thought he was smokin west coast pack but it was spice”,1
Joey Bada$$,Boom bap / Lyric,2msMRPdMdWc,Joey Bada$$ - The Ruler&#39;s Back (Official Video),Joey Bada$$,This will be the song that changed Joey’s Rap trajectory💪🏾 going forward. All he needs now is for his album to put up some numbers and go mainstream!!,8
Joey Bada$$,Boom bap / Lyric,2msMRPdMdWc,Joey Bada$$ - The Ruler&#39;s Back (Official Video),Joey Bada$$,2:22 JOEY DROP THAT SHIT NOW,10
Joey Bada$$,Boom bap / Lyric,2msMRPdMdWc,Joey Bada$$ - The Ruler&#39;s Back (Official Video),Joey Bada$$,Soulo 👀,1
Joey Bada$$,Boom bap / Lyric,2msMRPdMdWc,Joey Bada$$ - The Ruler&#39;s Back (Official Video),Joey Bada$$,Dropping bombs 💣 👀 🔥 🤪,3
Joey Bada$$,Boom bap / Lyric,2msMRPdMdWc,Joey Bada$$ - The Ruler&#39;s Back (Official Video),Joey Bada$$,"""this for every time they left me out the conversation"" Nice to See Joey in the Conversation !",61
Joey Bada$$,Boom bap / Lyric,2msMRPdMdWc,Joey Bada$$ - The Ruler&#39;s Back (Official Video),Joey Bada$$,As cold as a rapper Pusha T is he always get lil bro’d by malice excuse me NO MALICE,0
Joey Bada$$,Boom bap / Lyric,2msMRPdMdWc,Joey Bada$$ - The Ruler&#39;s Back (Official Video),Joey Bada$$,This my shit🔥🔥🔥,4
Joey Bada$$,Boom bap / Lyric,2msMRPdMdWc,Joey Bada$$ - The Ruler&#39;s Back (Official Video),Joey Bada$$,My bad I was wrong about this song. This hit a whole lot different after Joey Bodies a whole coast.,5
Joey Bada$$,Boom bap / Lyric,2msMRPdMdWc,Joey Bada$$ - The Ruler&#39;s Back (Official Video),Joey Bada$$,You just talking you ain’t even rapping 😭😂,0
Joey Bada$$,Boom bap / Lyric,2msMRPdMdWc,Joey Bada$$ - The Ruler&#39;s Back (Official Video),Joey Bada$$,Ain’t no ruler We Know The Truth,1
Joey Bada$$,Boom bap / Lyric,2msMRPdMdWc,Joey Bada$$ - The Ruler&#39;s Back (Official Video),Joey Bada$$,Clout chase completed. Love the Essence pics,0
Joey Bada$$,Boom bap / Lyric,2msMRPdMdWc,Joey Bada$$ - The Ruler&#39;s Back (Official Video),Joey Bada$$,sheeeesh,0
Joey Bada$$,Boom bap / Lyric,2msMRPdMdWc,Joey Bada$$ - The Ruler&#39;s Back (Official Video),Joey Bada$$,🔥🔥🔥🔥🔥I’m back listening lol,6
Joey Bada$$,Boom bap / Lyric,2msMRPdMdWc,Joey Bada$$ - The Ruler&#39;s Back (Official Video),Joey Bada$$,Joey still busy biting steez's style 🤣,0
Joey Bada$$,Boom bap / Lyric,2msMRPdMdWc,Joey Bada$$ - The Ruler&#39;s Back (Official Video),Joey Bada$$,"https://youtube.com/playlist?list=PLmhl2PQkiFxFUkV05d9rrw1S1BUpYAJ35&si=GdqBmOmcWUNFWnqI

Rap Battle 2025 Recap, U welcome!",1
Joey Bada$$,Boom bap / Lyric,2msMRPdMdWc,Joey Bada$$ - The Ruler&#39;s Back (Official Video),Joey Bada$$,Top 5 silverback ghost,0
Joey Bada$$,Boom bap / Lyric,2msMRPdMdWc,Joey Bada$$ - The Ruler&#39;s Back (Official Video),Joey Bada$$,"Congrats Joey with the win 👏🏆
I called it on the finals but these dudes wanted to prolong it.",8
Joey Bada$$,Boom bap / Lyric,2msMRPdMdWc,Joey Bada$$ - The Ruler&#39;s Back (Official Video),Joey Bada$$,😢😢😢😢This is wack,1
Joey Bada$$,Boom bap / Lyric,2msMRPdMdWc,Joey Bada$$ - The Ruler&#39;s Back (Official Video),Joey Bada$$,Shit 🔥 But K Dot the 🤴,3
Joey Bada$$,Boom bap / Lyric,2msMRPdMdWc,Joey Bada$$ - The Ruler&#39;s Back (Official Video),Joey Bada$$,Bro I remember every one of yall saying this was weak months ago now yall meat riding is crazy,9
Joey Bada$$,Boom bap / Lyric,2msMRPdMdWc,Joey Bada$$ - The Ruler&#39;s Back (Official Video),Joey Bada$$,🔥,2
Joey Bada$$,Boom bap / Lyric,2msMRPdMdWc,Joey Bada$$ - The Ruler&#39;s Back (Official Video),Joey Bada$$,damn you called bro. World domination hunger,11
Joey Bada$$,Boom bap / Lyric,2msMRPdMdWc,Joey Bada$$ - The Ruler&#39;s Back (Official Video),Joey Bada$$,THE ONLY RULER BACK WAS DRAKEO WHEN HE BEAT LIFE💯,1
Joey Bada$$,Boom bap / Lyric,2msMRPdMdWc,Joey Bada$$ - The Ruler&#39;s Back (Official Video),Joey Bada$$,"This is Rap, not the trash they listening to in Compton  .",7
Joey Bada$$,Boom bap / Lyric,2msMRPdMdWc,Joey Bada$$ - The Ruler&#39;s Back (Official Video),Joey Bada$$,"so much jay-z inspiration, title off the blueprint, bars off 22 two's
shout out joey",5
Joey Bada$$,Boom bap / Lyric,2msMRPdMdWc,Joey Bada$$ - The Ruler&#39;s Back (Official Video),Joey Bada$$,"Very good 
This was hard bro ! 🔥
 I'm a rapper, doing my thing here in Brazil. Today I released my version of The Ruler's Back in Portuguese I hope you guys check out my flow",1
Joey Bada$$,Boom bap / Lyric,2msMRPdMdWc,Joey Bada$$ - The Ruler&#39;s Back (Official Video),Joey Bada$$,LETS GO JOEY NEW KING OF NY,11
Joey Bada$$,Boom bap / Lyric,2msMRPdMdWc,Joey Bada$$ - The Ruler&#39;s Back (Official Video),Joey Bada$$,Ok this is the rap that I grew up on.,5
Joey Bada$$,Boom bap / Lyric,2msMRPdMdWc,Joey Bada$$ - The Ruler&#39;s Back (Official Video),Joey Bada$$,Damn Unique 😂,2
Joey Bada$$,Boom bap / Lyric,2msMRPdMdWc,Joey Bada$$ - The Ruler&#39;s Back (Official Video),Joey Bada$$,well... he wasnt lying,5
Joey Bada$$,Boom bap / Lyric,2msMRPdMdWc,Joey Bada$$ - The Ruler&#39;s Back (Official Video),Joey Bada$$,"Kendrick, Joey, JID. The Big 3",17
Joey Bada$$,Boom bap / Lyric,2msMRPdMdWc,Joey Bada$$ - The Ruler&#39;s Back (Official Video),Joey Bada$$,Malawians let's gather here,0
Joey Bada$$,Boom bap / Lyric,2msMRPdMdWc,Joey Bada$$ - The Ruler&#39;s Back (Official Video),Joey Bada$$,🔥🔥‼️,0
Joey Bada$$,Boom bap / Lyric,2msMRPdMdWc,Joey Bada$$ - The Ruler&#39;s Back (Official Video),Joey Bada$$,🔥🫡👑#crownking97,0
Joey Bada$$,Boom bap / Lyric,2msMRPdMdWc,Joey Bada$$ - The Ruler&#39;s Back (Official Video),Joey Bada$$,Go for the crown joey,6
Joey Bada$$,Boom bap / Lyric,2msMRPdMdWc,Joey Bada$$ - The Ruler&#39;s Back (Official Video),Joey Bada$$,So so so so grateful to be a hip hop fan in this decade🙏🙏,12
Joey Bada$$,Boom bap / Lyric,2msMRPdMdWc,Joey Bada$$ - The Ruler&#39;s Back (Official Video),Joey Bada$$,"He needs a real classic. If the next album is mid, none of this meant anything",0
Joey Bada$$,Boom bap / Lyric,2msMRPdMdWc,Joey Bada$$ - The Ruler&#39;s Back (Official Video),Joey Bada$$,Ok but where is the ending song “in my goyard”,3
Joey Bada$$,Boom bap / Lyric,2msMRPdMdWc,Joey Bada$$ - The Ruler&#39;s Back (Official Video),Joey Bada$$,West coast Check the resume .. be careful,0
Joey Bada$$,Boom bap / Lyric,2msMRPdMdWc,Joey Bada$$ - The Ruler&#39;s Back (Official Video),Joey Bada$$,Now we on BRASH DUMMY knew Joey tha KING,3
Joey Bada$$,Boom bap / Lyric,2msMRPdMdWc,Joey Bada$$ - The Ruler&#39;s Back (Official Video),Joey Bada$$,"""Told y’all ni**as I’m back, I bet you feel it now!"" - Joey // I’m here post battle and this track hits different!!!",3
Joey Bada$$,Boom bap / Lyric,2msMRPdMdWc,Joey Bada$$ - The Ruler&#39;s Back (Official Video),Joey Bada$$,Pure slap,3
Joey Bada$$,Boom bap / Lyric,2msMRPdMdWc,Joey Bada$$ - The Ruler&#39;s Back (Official Video),Joey Bada$$,4 months ago i didnt think anyone would care what Joey said,3
Joey Bada$$,Boom bap / Lyric,2msMRPdMdWc,Joey Bada$$ - The Ruler&#39;s Back (Official Video),Joey Bada$$,Favorite track this year so far. Beat is incredible makes you want to spit a 16 😂,3
Joey Bada$$,Boom bap / Lyric,2msMRPdMdWc,Joey Bada$$ - The Ruler&#39;s Back (Official Video),Joey Bada$$,Joey wasn’t lying.. HE BACK!!!,14
Joey Bada$$,Boom bap / Lyric,2msMRPdMdWc,Joey Bada$$ - The Ruler&#39;s Back (Official Video),Joey Bada$$,Joey was just stunt'n on this jawn talk'n his shit. Bars though.,7
Joey Bada$$,Boom bap / Lyric,2msMRPdMdWc,Joey Bada$$ - The Ruler&#39;s Back (Official Video),Joey Bada$$,if dot step in for lyt then cole for joey itll be legendary...all Ws W for the culture,0
Joey Bada$$,Boom bap / Lyric,2msMRPdMdWc,Joey Bada$$ - The Ruler&#39;s Back (Official Video),Joey Bada$$,Sheeeeesh.... 🔥🔥🔥,2
Joey Bada$$,Boom bap / Lyric,2msMRPdMdWc,Joey Bada$$ - The Ruler&#39;s Back (Official Video),Joey Bada$$,Joey been hard,4
Joey Bada$$,Boom bap / Lyric,2msMRPdMdWc,Joey Bada$$ - The Ruler&#39;s Back (Official Video),Joey Bada$$,Back here after joeys victory,533
Joey Bada$$,Boom bap / Lyric,2msMRPdMdWc,Joey Bada$$ - The Ruler&#39;s Back (Official Video),Joey Bada$$,Joey im a big fan can you go to celaya pliiiiiiiiiis😂,1
Joey Bada$$,Boom bap / Lyric,2msMRPdMdWc,Joey Bada$$ - The Ruler&#39;s Back (Official Video),Joey Bada$$,Kendrick knows better he not fuckin with Joey badass really boy get in his bag they really been disrespectful not putting him top 5 lyrical,4
Joey Bada$$,Boom bap / Lyric,2msMRPdMdWc,Joey Bada$$ - The Ruler&#39;s Back (Official Video),Joey Bada$$,🔥🔥🔥🔥,1
Joey Bada$$,Boom bap / Lyric,2msMRPdMdWc,Joey Bada$$ - The Ruler&#39;s Back (Official Video),Joey Bada$$,Well... he proved it.,300
Joey Bada$$,Boom bap / Lyric,2msMRPdMdWc,Joey Bada$$ - The Ruler&#39;s Back (Official Video),Joey Bada$$,Joey is straight rapping. I’m make a compilation of all these songs 🔥,10
Joey Bada$$,Boom bap / Lyric,2msMRPdMdWc,Joey Bada$$ - The Ruler&#39;s Back (Official Video),Joey Bada$$,This aged like the finest fucking wine.,559
Joey Bada$$,Boom bap / Lyric,2msMRPdMdWc,Joey Bada$$ - The Ruler&#39;s Back (Official Video),Joey Bada$$,I just turned 56 and all this time I thought I was the only Joey badass on this planet God bless you are good ⭐⭐⭐⭐⭐,3
Joey Bada$$,Boom bap / Lyric,2msMRPdMdWc,Joey Bada$$ - The Ruler&#39;s Back (Official Video),Joey Bada$$,"Back again, joey, you dominated this battle, bro!",1
Joey Bada$$,Boom bap / Lyric,2msMRPdMdWc,Joey Bada$$ - The Ruler&#39;s Back (Official Video),Joey Bada$$,Its Happening....The Company Man,4
Joey Bada$$,Boom bap / Lyric,2msMRPdMdWc,Joey Bada$$ - The Ruler&#39;s Back (Official Video),Joey Bada$$,Hey question everybody. Is this what started everything?,6
Joey Bada$$,Boom bap / Lyric,2msMRPdMdWc,Joey Bada$$ - The Ruler&#39;s Back (Official Video),Joey Bada$$,This that GOAT SHIT. BEAST!!,0
Joey Bada$$,Boom bap / Lyric,2msMRPdMdWc,Joey Bada$$ - The Ruler&#39;s Back (Official Video),Joey Bada$$,JOEY'S back with that Unique energy.,1
Joey Bada$$,Boom bap / Lyric,2msMRPdMdWc,Joey Bada$$ - The Ruler&#39;s Back (Official Video),Joey Bada$$,This is hip hop 🔥🔥🔥,3
Joey Bada$$,Boom bap / Lyric,2msMRPdMdWc,Joey Bada$$ - The Ruler&#39;s Back (Official Video),Joey Bada$$,Seriously?...Hmm I know alot y'all gon jump on me...but trust me...I aint impressed!!...This nigga got more to prove dawg....I aint got more to say...if this is what sparked all the lyrical sparring...The KungFu Kenny calls...am glad kenny has ignored this whole shit...doesnt make sense...let the kids play....I rest my case,0
Joey Bada$$,Boom bap / Lyric,2msMRPdMdWc,Joey Bada$$ - The Ruler&#39;s Back (Official Video),Joey Bada$$,Joey knew what he started and he's BACK,3
Joey Bada$$,Boom bap / Lyric,2msMRPdMdWc,Joey Bada$$ - The Ruler&#39;s Back (Official Video),Joey Bada$$,Trash af,0
Joey Bada$$,Boom bap / Lyric,2msMRPdMdWc,Joey Bada$$ - The Ruler&#39;s Back (Official Video),Joey Bada$$,Funny how the world works this low budget shit would be called bummy for a new or un know artist but since Joey is known it’s artistic. 😂 🤦🏽‍♂️ nah fuck all that u got money bruh do better,2
Joey Bada$$,Boom bap / Lyric,2msMRPdMdWc,Joey Bada$$ - The Ruler&#39;s Back (Official Video),Joey Bada$$,2:21 I need the song at the end asap!!! 🔥🔥🔥,2
Joey Bada$$,Boom bap / Lyric,2msMRPdMdWc,Joey Bada$$ - The Ruler&#39;s Back (Official Video),Joey Bada$$,🔥🔥🔥🔥🔥 fwy,0
Joey Bada$$,Boom bap / Lyric,2msMRPdMdWc,Joey Bada$$ - The Ruler&#39;s Back (Official Video),Joey Bada$$,He most def got his respect this week,2
Joey Bada$$,Boom bap / Lyric,2msMRPdMdWc,Joey Bada$$ - The Ruler&#39;s Back (Official Video),Joey Bada$$,"Joey and AThug from Harlem need to work 

RAPGOD ALBUM by AThug  IS OFFICIALLY OUT NOW !

https://youtube.com/playlist?list=OLAK5uy_mBxCm1DU05gnqBGFTtrp0RLsOjb-Dc3B8&si=P2s9wAvCOcf7hXyS


It’s been a long, hard journey putting this Rap God album together. All the investments, all the pain, all the sleepless nights—all of it is poured into this.
Track 1: Think and Grow Rich — Inspired by one of the greatest books ever written, and the vision it gave me.
Please take a real listen, from Track 1 to Track 20. Experience it like a full album, the way it was meant to be heard.
This is the number one album of the year. I’m putting my heart and soul on the line for this.
Download it now on iTunes, Ami, and Spotify.
Hit the comments on YouTube. Let’s run these algorithms up from the gate. Let’s make history together!

Tap in. Build with me. Grow with me.

https://youtube.com/playlist?list=OLAK5uy_mBxCm1DU05gnqBGFTtrp0RLsOjb-Dc3B8&si=P2s9wAvCOcf7hXyS

⸻",1
Joey Bada$$,Boom bap / Lyric,2msMRPdMdWc,Joey Bada$$ - The Ruler&#39;s Back (Official Video),Joey Bada$$,"Coming back from the future to say, when I first heard this, I never imagined the legendary battle it would cause!! 5.19 - 5.20 was especially historic. Forgot how crazy this beat was too!",10
Joey Bada$$,Boom bap / Lyric,2msMRPdMdWc,Joey Bada$$ - The Ruler&#39;s Back (Official Video),Joey Bada$$,Real lyrical rap is coming back.,11
Joey Bada$$,Boom bap / Lyric,2msMRPdMdWc,Joey Bada$$ - The Ruler&#39;s Back (Official Video),Joey Bada$$,🚮🗑️🗑️🗑️🗑️,1
Joey Bada$$,Boom bap / Lyric,2msMRPdMdWc,Joey Bada$$ - The Ruler&#39;s Back (Official Video),Joey Bada$$,all bars no bullets!!! 🤎🖤,1
Joey Bada$$,Boom bap / Lyric,2msMRPdMdWc,Joey Bada$$ - The Ruler&#39;s Back (Official Video),Joey Bada$$,I dont know this dude. Is this part of the beef or just someone tryin to get views off the back of it?,1
Joey Bada$$,Boom bap / Lyric,2msMRPdMdWc,Joey Bada$$ - The Ruler&#39;s Back (Official Video),Joey Bada$$,"Why is he dissing Kendrick?  Joey is like the Chinese.  Take your invention and make it better.  He's a cloner that makes others inventions better.  That's why he has no hit songs, but is a dope  I must say",0
Joey Bada$$,Boom bap / Lyric,2msMRPdMdWc,Joey Bada$$ - The Ruler&#39;s Back (Official Video),Joey Bada$$,"Yo I'm from the East and I think this is the best West Coast response I heard so far, well done champ 👏🏿👏🏿🔥🔥💯💯",0
Joey Bada$$,Boom bap / Lyric,2msMRPdMdWc,Joey Bada$$ - The Ruler&#39;s Back (Official Video),Joey Bada$$,I like it but wonders why he didn't get his girl Serayah on it 😮,0
Joey Bada$$,Boom bap / Lyric,2msMRPdMdWc,Joey Bada$$ - The Ruler&#39;s Back (Official Video),Joey Bada$$,Full Joey vs West Breakdown https://youtu.be/fQIaOObD45E?feature=shared,0
Joey Bada$$,Boom bap / Lyric,2msMRPdMdWc,Joey Bada$$ - The Ruler&#39;s Back (Official Video),Joey Bada$$,Joey tapping into his roots and making 2025 the year he makes Dot respond,3
Joey Bada$$,Boom bap / Lyric,2msMRPdMdWc,Joey Bada$$ - The Ruler&#39;s Back (Official Video),Joey Bada$$,King Capital for ever and always but I guess Joey can wear the crown now,0
Joey Bada$$,Boom bap / Lyric,2msMRPdMdWc,Joey Bada$$ - The Ruler&#39;s Back (Official Video),Joey Bada$$,The shot that started the war,8
Joey Bada$$,Boom bap / Lyric,2msMRPdMdWc,Joey Bada$$ - The Ruler&#39;s Back (Official Video),Joey Bada$$,Took out a top 5 battle rapper congrats Joey !!,0
Joey Bada$$,Boom bap / Lyric,2msMRPdMdWc,Joey Bada$$ - The Ruler&#39;s Back (Official Video),Joey Bada$$,12 disses. 12 disses,0
Joey Bada$$,Boom bap / Lyric,2msMRPdMdWc,Joey Bada$$ - The Ruler&#39;s Back (Official Video),Joey Bada$$,These were the shots fired at the West Coast,0
Joey Bada$$,Boom bap / Lyric,2msMRPdMdWc,Joey Bada$$ - The Ruler&#39;s Back (Official Video),Joey Bada$$,1:29 no cap tho,2
Joey Bada$$,Boom bap / Lyric,2msMRPdMdWc,Joey Bada$$ - The Ruler&#39;s Back (Official Video),Joey Bada$$,Joey Bad A$$ doing what none of them other New York niggas try do. Get the west to respond. All hip hop love.,4
Joey Bada$$,Boom bap / Lyric,2msMRPdMdWc,Joey Bada$$ - The Ruler&#39;s Back (Official Video),Joey Bada$$,"May 18,19,20 2025 was caused because of this",9
Joey Bada$$,Boom bap / Lyric,2msMRPdMdWc,Joey Bada$$ - The Ruler&#39;s Back (Official Video),Joey Bada$$,Ray got it... Kenny sitting on the throne. This for the foot soldiers.,1
Joey Bada$$,Boom bap / Lyric,2msMRPdMdWc,Joey Bada$$ - The Ruler&#39;s Back (Official Video),Joey Bada$$,GROUND ZERO,1
Joey Bada$$,Boom bap / Lyric,2msMRPdMdWc,Joey Bada$$ - The Ruler&#39;s Back (Official Video),Joey Bada$$,Joey is doing an amazing job but golden eye and ayo washing this. With that being said I appreciate what he is doing.😂,0
Joey Bada$$,Boom bap / Lyric,2msMRPdMdWc,Joey Bada$$ - The Ruler&#39;s Back (Official Video),Joey Bada$$,Man Joey always been one of my favourites but after this week?? New levels of respect unlocked 🫡,2
Joey Bada$$,Boom bap / Lyric,2msMRPdMdWc,Joey Bada$$ - The Ruler&#39;s Back (Official Video),Joey Bada$$,Kenny claims to be hip hop. Let’s see if he still wants to compete. Drake was on tour when like that dropped. Let’s go Kenny the “messiah”,3
Joey Bada$$,Boom bap / Lyric,2msMRPdMdWc,Joey Bada$$ - The Ruler&#39;s Back (Official Video),Joey Bada$$,Bukkake! 😂,0
Joey Bada$$,Boom bap / Lyric,2msMRPdMdWc,Joey Bada$$ - The Ruler&#39;s Back (Official Video),Joey Bada$$,"The start of it all 😭😭😭😭🔥🔥🔥🔥 
this for everytime they left me out the conversation !!!",6
Joey Bada$$,Boom bap / Lyric,2msMRPdMdWc,Joey Bada$$ - The Ruler&#39;s Back (Official Video),Joey Bada$$,These boys are rapping. Us fans are winning!!!,4
Joey Bada$$,Boom bap / Lyric,2msMRPdMdWc,Joey Bada$$ - The Ruler&#39;s Back (Official Video),Joey Bada$$,Joey rapping like he got dealt a lil meech😂... Mannn he is 💀 them,1
Joey Bada$$,Boom bap / Lyric,2msMRPdMdWc,Joey Bada$$ - The Ruler&#39;s Back (Official Video),Joey Bada$$,So raw!!!,0
Joey Bada$$,Boom bap / Lyric,2msMRPdMdWc,Joey Bada$$ - The Ruler&#39;s Back (Official Video),Joey Bada$$,I just kept hearing Diddy’s voice… ewwy,0
Joey Bada$$,Boom bap / Lyric,2msMRPdMdWc,Joey Bada$$ - The Ruler&#39;s Back (Official Video),Joey Bada$$,Joey looking Like Sprewell in the garden ✍🏾 💪🏾,1
Joey Bada$$,Boom bap / Lyric,2msMRPdMdWc,Joey Bada$$ - The Ruler&#39;s Back (Official Video),Joey Bada$$,"Damn bro, where the album at already?😭",3
Joey Bada$$,Boom bap / Lyric,2msMRPdMdWc,Joey Bada$$ - The Ruler&#39;s Back (Official Video),Joey Bada$$,Reddit sent me here. And I love it.,2
Joey Bada$$,Boom bap / Lyric,2msMRPdMdWc,Joey Bada$$ - The Ruler&#39;s Back (Official Video),Joey Bada$$,"The ""Control verse"" of 2025... got everyone responding.",317
Joey Bada$$,Boom bap / Lyric,2msMRPdMdWc,Joey Bada$$ - The Ruler&#39;s Back (Official Video),Joey Bada$$,"Joey's bars are insane but his flows so boring here in comparison to ray's that it's just not grabbing my attention the same no hate but I can really sit n pay attention to this flow at length he's gotta do something different or he's not gonna make it to ""the finals"" cause ray got a new flow every track n it grabs the attention",0
Joey Bada$$,Boom bap / Lyric,2msMRPdMdWc,Joey Bada$$ - The Ruler&#39;s Back (Official Video),Joey Bada$$,Imagine if Planet Asia and Tristate got on this track as west coast representatives. Now that would be fair squabble!! This track is fire Joey did his thing!!!,0
Joey Bada$$,Boom bap / Lyric,2msMRPdMdWc,Joey Bada$$ - The Ruler&#39;s Back (Official Video),Joey Bada$$,So tough we know the truth. I’m only here cuz I heard some lame LA rappers talking shit lol this song is dope,2
Joey Bada$$,Boom bap / Lyric,2msMRPdMdWc,Joey Bada$$ - The Ruler&#39;s Back (Official Video),Joey Bada$$,I feel he got this look and some words from UK rapper Benny Mails,0
Joey Bada$$,Boom bap / Lyric,2msMRPdMdWc,Joey Bada$$ - The Ruler&#39;s Back (Official Video),Joey Bada$$,Awwww shat,0
Joey Bada$$,Boom bap / Lyric,2msMRPdMdWc,Joey Bada$$ - The Ruler&#39;s Back (Official Video),Joey Bada$$,"Being a Westcoast 🥷🏾, TDE really gotta think this out. Not mad they attacking at all fronts, but Joey is singlehandedly holding his own against the squad. The flows just too smooth, real New York shit. I love where rap is at right now.",3
Joey Bada$$,Boom bap / Lyric,2msMRPdMdWc,Joey Bada$$ - The Ruler&#39;s Back (Official Video),Joey Bada$$,Goku tree of might he was fighting 4 dudes packed em up .,0
Joey Bada$$,Boom bap / Lyric,2msMRPdMdWc,Joey Bada$$ - The Ruler&#39;s Back (Official Video),Joey Bada$$,By far the best West diss of the day,1
Joey Bada$$,Boom bap / Lyric,2msMRPdMdWc,Joey Bada$$ - The Ruler&#39;s Back (Official Video),Joey Bada$$,This is lterally like when piccolo(joey)  combined with nail (capital steez) mfs slept on piccolo look at him now got the power of a dragon .here we are 2025 joey fighting with the gods.,2
Joey Bada$$,Boom bap / Lyric,2msMRPdMdWc,Joey Bada$$ - The Ruler&#39;s Back (Official Video),Joey Bada$$,When you slow it down you realize he using capital steez flow#47,0
Joey Bada$$,Boom bap / Lyric,2msMRPdMdWc,Joey Bada$$ - The Ruler&#39;s Back (Official Video),Joey Bada$$,Hitting that jayz flow,1
Joey Bada$$,Boom bap / Lyric,2msMRPdMdWc,Joey Bada$$ - The Ruler&#39;s Back (Official Video),Joey Bada$$,Dare i say thank you Kendrick for really getting this shit snowballing and thank you for Joey for understanding the game,1
Joey Bada$$,Boom bap / Lyric,2msMRPdMdWc,Joey Bada$$ - The Ruler&#39;s Back (Official Video),Joey Bada$$,Time to lock in 🎥🕴🏾,4
Joey Bada$$,Boom bap / Lyric,2msMRPdMdWc,Joey Bada$$ - The Ruler&#39;s Back (Official Video),Joey Bada$$,Kendrick never actually went against a true lyrical rapper. Not like Joey is doing. All Kendrick does is namedrop people and go into hiding. Prove me wrong,4
Joey Bada$$,Boom bap / Lyric,2msMRPdMdWc,Joey Bada$$ - The Ruler&#39;s Back (Official Video),Joey Bada$$,ROUND OF APPLAUSE!!!,0
Joey Bada$$,Boom bap / Lyric,2msMRPdMdWc,Joey Bada$$ - The Ruler&#39;s Back (Official Video),Joey Bada$$,"I’ve listened to Ray Vaughn, Daylyt, and a few others try to diss on Joey. None of that 💩 stickin’ for real though. This 💩 🔥",0
Joey Bada$$,Boom bap / Lyric,2msMRPdMdWc,Joey Bada$$ - The Ruler&#39;s Back (Official Video),Joey Bada$$,Here from power like my shittt,1
Joey Bada$$,Boom bap / Lyric,2msMRPdMdWc,Joey Bada$$ - The Ruler&#39;s Back (Official Video),Joey Bada$$,🔥🔥🔥🔥🔥🔥🔥🔥🔥 💪🗽,1
Joey Bada$$,Boom bap / Lyric,2msMRPdMdWc,Joey Bada$$ - The Ruler&#39;s Back (Official Video),Joey Bada$$,🔥 📛 🔥,1
Joey Bada$$,Boom bap / Lyric,2msMRPdMdWc,Joey Bada$$ - The Ruler&#39;s Back (Official Video),Joey Bada$$,That dance at 1:20 fire,1
Joey Bada$$,Boom bap / Lyric,2msMRPdMdWc,Joey Bada$$ - The Ruler&#39;s Back (Official Video),Joey Bada$$,joey go bananas,0
Joey Bada$$,Boom bap / Lyric,2msMRPdMdWc,Joey Bada$$ - The Ruler&#39;s Back (Official Video),Joey Bada$$,"I love Joey, Kenny & Vaughn so despite the shots fired i love all my guys getting some attention lately",1
Joey Bada$$,Boom bap / Lyric,2msMRPdMdWc,Joey Bada$$ - The Ruler&#39;s Back (Official Video),Joey Bada$$,Joey rockin the MJF scarf 😂,1
Joey Bada$$,Boom bap / Lyric,2msMRPdMdWc,Joey Bada$$ - The Ruler&#39;s Back (Official Video),Joey Bada$$,never left…you goated,0
Joey Bada$$,Boom bap / Lyric,2msMRPdMdWc,Joey Bada$$ - The Ruler&#39;s Back (Official Video),Joey Bada$$,Joey Badass is the future 🔥🔥🔥,1
Joey Bada$$,Boom bap / Lyric,2msMRPdMdWc,Joey Bada$$ - The Ruler&#39;s Back (Official Video),Joey Bada$$,This shit fire,1
Joey Bada$$,Boom bap / Lyric,2msMRPdMdWc,Joey Bada$$ - The Ruler&#39;s Back (Official Video),Joey Bada$$,"I been fucking heavy with Joey, I wish he had stayed consistent with the music but seeing him back is dope af. 
Im from the Cali and its west side all day but as a hip hop fan this is dope!",5
Joey Bada$$,Boom bap / Lyric,2msMRPdMdWc,Joey Bada$$ - The Ruler&#39;s Back (Official Video),Joey Bada$$,This shit beautiful man,0
Joey Bada$$,Boom bap / Lyric,2msMRPdMdWc,Joey Bada$$ - The Ruler&#39;s Back (Official Video),Joey Bada$$,"I swear from the first beat you know its the way a train whistle blow, CONDUCTOR",0
Joey Bada$$,Boom bap / Lyric,2msMRPdMdWc,Joey Bada$$ - The Ruler&#39;s Back (Official Video),Joey Bada$$,"Joey Bada$$ been that kid, I still bump 1999.",64
Joey Bada$$,Boom bap / Lyric,2msMRPdMdWc,Joey Bada$$ - The Ruler&#39;s Back (Official Video),Joey Bada$$,Bro what are his glases,0
Joey Bada$$,Boom bap / Lyric,2msMRPdMdWc,Joey Bada$$ - The Ruler&#39;s Back (Official Video),Joey Bada$$,Red bull deff exposed this greatness of real mc's....we love it,1
Joey Bada$$,Boom bap / Lyric,2msMRPdMdWc,Joey Bada$$ - The Ruler&#39;s Back (Official Video),Joey Bada$$,Lol joey just killed absoul and big sean plus daylight has no light lol,2
Joey Bada$$,Boom bap / Lyric,2msMRPdMdWc,Joey Bada$$ - The Ruler&#39;s Back (Official Video),Joey Bada$$,"“ This ain boom bap nigga, this that boom bow bing” 😮‍💨😮‍💨 2:02",3
Joey Bada$$,Boom bap / Lyric,2msMRPdMdWc,Joey Bada$$ - The Ruler&#39;s Back (Official Video),Joey Bada$$,the door just closed like a regular car door...,1
Joey Bada$$,Boom bap / Lyric,2msMRPdMdWc,Joey Bada$$ - The Ruler&#39;s Back (Official Video),Joey Bada$$,"Why you ducking Mick Jenkins? You only wanna battle west coast talent, are you afraid of a Chicago emcee? 🤷🏾‍♂️",3
Joey Bada$$,Boom bap / Lyric,2msMRPdMdWc,Joey Bada$$ - The Ruler&#39;s Back (Official Video),Joey Bada$$,Kendrick doesn’t want none! 🤣 he was only bought to go for Drake and still lost 🤣,4
Joey Bada$$,Boom bap / Lyric,2msMRPdMdWc,Joey Bada$$ - The Ruler&#39;s Back (Official Video),Joey Bada$$,"Sir, Kendrick is on victory run 😂he don't see you",1
Joey Bada$$,Boom bap / Lyric,2msMRPdMdWc,Joey Bada$$ - The Ruler&#39;s Back (Official Video),Joey Bada$$,Had to see where it all started,341
Joey Bada$$,Boom bap / Lyric,2msMRPdMdWc,Joey Bada$$ - The Ruler&#39;s Back (Official Video),Joey Bada$$,This shit fire,1
Joey Bada$$,Boom bap / Lyric,2msMRPdMdWc,Joey Bada$$ - The Ruler&#39;s Back (Official Video),Joey Bada$$,🔥🔥🔥🔥🔥🔥🔥🔥🔥💪🗽,1
Joey Bada$$,Boom bap / Lyric,2msMRPdMdWc,Joey Bada$$ - The Ruler&#39;s Back (Official Video),Joey Bada$$,Cj the time is now. Get in that booth cause Joey need another representative,1
Joey Bada$$,Boom bap / Lyric,2msMRPdMdWc,Joey Bada$$ - The Ruler&#39;s Back (Official Video),Joey Bada$$,Here comes a new Challenger!!!,0
Joey Bada$$,Boom bap / Lyric,2msMRPdMdWc,Joey Bada$$ - The Ruler&#39;s Back (Official Video),Joey Bada$$,"Kendrick stans are just as bad as barbies,the beyhive and Taylor swift fans",3
Joey Bada$$,Boom bap / Lyric,2msMRPdMdWc,Joey Bada$$ - The Ruler&#39;s Back (Official Video),Joey Bada$$,"Congratulations Joey, this is officially your control verse.. Everyone in they feelings now 😂😂. Now you know how Kendrick felt 💯",7
Joey Bada$$,Boom bap / Lyric,2msMRPdMdWc,Joey Bada$$ - The Ruler&#39;s Back (Official Video),Joey Bada$$,"I highly recommended everyone check out joey badass , ab soul , big sean red bull cyhper 🫡🔥🔥🔥🔋💯",4
Joey Bada$$,Boom bap / Lyric,2msMRPdMdWc,Joey Bada$$ - The Ruler&#39;s Back (Official Video),Joey Bada$$,Knicks in 6,5
Joey Bada$$,Boom bap / Lyric,2msMRPdMdWc,Joey Bada$$ - The Ruler&#39;s Back (Official Video),Joey Bada$$,Stiupid jib jabbering over a shitty  beat.,0
Joey Bada$$,Boom bap / Lyric,2msMRPdMdWc,Joey Bada$$ - The Ruler&#39;s Back (Official Video),Joey Bada$$,"Nice mini van, where the kids at my boi",1
Joey Bada$$,Boom bap / Lyric,2msMRPdMdWc,Joey Bada$$ - The Ruler&#39;s Back (Official Video),Joey Bada$$,🔥🔥🔥🔥🔥🔥,0
Joey Bada$$,Boom bap / Lyric,2msMRPdMdWc,Joey Bada$$ - The Ruler&#39;s Back (Official Video),Joey Bada$$,It’s crazy looking back at this that joey did a freestyle with Ab-Soul 😂,8
Joey Bada$$,Boom bap / Lyric,2msMRPdMdWc,Joey Bada$$ - The Ruler&#39;s Back (Official Video),Joey Bada$$,"Where is Gay Vaughn? For you it's too much kdot dck lckn 😂😂😂😂

Here after the finals",7
Joey Bada$$,Boom bap / Lyric,2msMRPdMdWc,Joey Bada$$ - The Ruler&#39;s Back (Official Video),Joey Bada$$,Joey badass up 2-0,6
Joey Bada$$,Boom bap / Lyric,2msMRPdMdWc,Joey Bada$$ - The Ruler&#39;s Back (Official Video),Joey Bada$$,meh,0
Joey Bada$$,Boom bap / Lyric,2msMRPdMdWc,Joey Bada$$ - The Ruler&#39;s Back (Official Video),Joey Bada$$,"That ""stupid"" in the end. Sulute to Jay-z",1
Joey Bada$$,Boom bap / Lyric,2msMRPdMdWc,Joey Bada$$ - The Ruler&#39;s Back (Official Video),Joey Bada$$,Who’s back to dissect 🔪,3
Joey Bada$$,Boom bap / Lyric,2msMRPdMdWc,Joey Bada$$ - The Ruler&#39;s Back (Official Video),Joey Bada$$,Bro what’s the song at the end,1
Joey Bada$$,Boom bap / Lyric,2msMRPdMdWc,Joey Bada$$ - The Ruler&#39;s Back (Official Video),Joey Bada$$,Bruh drop that song at the end too,0
Joey Bada$$,Boom bap / Lyric,2msMRPdMdWc,Joey Bada$$ - The Ruler&#39;s Back (Official Video),Joey Bada$$,My nigga Joey's Steezo is on another level.,1
Joey Bada$$,Boom bap / Lyric,2msMRPdMdWc,Joey Bada$$ - The Ruler&#39;s Back (Official Video),Joey Bada$$,"Bro went from Christ conscious to talking bout pentagrams and killing chickens??  BOOOOO!
Gtfoh that shi weak af",2
Joey Bada$$,Boom bap / Lyric,2msMRPdMdWc,Joey Bada$$ - The Ruler&#39;s Back (Official Video),Joey Bada$$,This is Control Part 2 lowkey,4
Joey Bada$$,Boom bap / Lyric,2msMRPdMdWc,Joey Bada$$ - The Ruler&#39;s Back (Official Video),Joey Bada$$,"When the king come back, the game gets nervous. i respect joey for puttin some pressure, its gonna show who really not up to par. we needed this competition",2
Joey Bada$$,Boom bap / Lyric,2msMRPdMdWc,Joey Bada$$ - The Ruler&#39;s Back (Official Video),Joey Bada$$,"Its cool, I need a little more Joey spin back!!! I'm a believer",1
Joey Bada$$,Boom bap / Lyric,2msMRPdMdWc,Joey Bada$$ - The Ruler&#39;s Back (Official Video),Joey Bada$$,"""Give me one reason and I swear I'm on full attack.....""

Ray Vaughn puts out Hoe Era so there's your reason right there to crashout.",1
Joey Bada$$,Boom bap / Lyric,2msMRPdMdWc,Joey Bada$$ - The Ruler&#39;s Back (Official Video),Joey Bada$$,🔥🔥🔥,0
Joey Bada$$,Boom bap / Lyric,2msMRPdMdWc,Joey Bada$$ - The Ruler&#39;s Back (Official Video),Joey Bada$$,🐐,0
Joey Bada$$,Boom bap / Lyric,2msMRPdMdWc,Joey Bada$$ - The Ruler&#39;s Back (Official Video),Joey Bada$$,1:30,0
Joey Bada$$,Boom bap / Lyric,2msMRPdMdWc,Joey Bada$$ - The Ruler&#39;s Back (Official Video),Joey Bada$$,RAY VAUGHN VS JOEY BADA$$ IM HERE FOR IT,13
Joey Bada$$,Boom bap / Lyric,2msMRPdMdWc,Joey Bada$$ - The Ruler&#39;s Back (Official Video),Joey Bada$$,ray vaughn won,1
Joey Bada$$,Boom bap / Lyric,2msMRPdMdWc,Joey Bada$$ - The Ruler&#39;s Back (Official Video),Joey Bada$$,GET ACTIVE STOP ACTIN,1
Joey Bada$$,Boom bap / Lyric,2msMRPdMdWc,Joey Bada$$ - The Ruler&#39;s Back (Official Video),Joey Bada$$,That’s unique?,1
Joey Bada$$,Boom bap / Lyric,2msMRPdMdWc,Joey Bada$$ - The Ruler&#39;s Back (Official Video),Joey Bada$$,All those coming here after watching the Red bull cypher come here Zambia is in the building 🇿🇲🇿🇲🇿🇲,252
Joey Bada$$,Boom bap / Lyric,2msMRPdMdWc,Joey Bada$$ - The Ruler&#39;s Back (Official Video),Joey Bada$$,"KEEP GOING, NOW YOU GONE",0
Joey Bada$$,Boom bap / Lyric,2msMRPdMdWc,Joey Bada$$ - The Ruler&#39;s Back (Official Video),Joey Bada$$,But what’s the song at the end tho,2
Joey Bada$$,Boom bap / Lyric,2msMRPdMdWc,Joey Bada$$ - The Ruler&#39;s Back (Official Video),Joey Bada$$,"Back here after the freestyle, so many people missed what Joey was saying and need to catch up.",0
Joey Bada$$,Boom bap / Lyric,2msMRPdMdWc,Joey Bada$$ - The Ruler&#39;s Back (Official Video),Joey Bada$$,Ab soul could never see joeys pen,3
Joey Bada$$,Boom bap / Lyric,2msMRPdMdWc,Joey Bada$$ - The Ruler&#39;s Back (Official Video),Joey Bada$$,But what was the Dot shot for😭,2
Joey Bada$$,Boom bap / Lyric,2msMRPdMdWc,Joey Bada$$ - The Ruler&#39;s Back (Official Video),Joey Bada$$,"Joey said ""I rap like I draw pentagrams and kill chickens""🔥🔥",3
Joey Bada$$,Boom bap / Lyric,2msMRPdMdWc,Joey Bada$$ - The Ruler&#39;s Back (Official Video),Joey Bada$$,I’m backkkkkk 😤😤💯,0
Joey Bada$$,Boom bap / Lyric,2msMRPdMdWc,Joey Bada$$ - The Ruler&#39;s Back (Official Video),Joey Bada$$,lol this was needed I love being from nyc,0
Joey Bada$$,Boom bap / Lyric,2msMRPdMdWc,Joey Bada$$ - The Ruler&#39;s Back (Official Video),Joey Bada$$,Marlon Craft is better 110% on every level - sorry n ish,0
Joey Bada$$,Boom bap / Lyric,2msMRPdMdWc,Joey Bada$$ - The Ruler&#39;s Back (Official Video),Joey Bada$$,Unique can spit 😂,1
Joey Bada$$,Boom bap / Lyric,2msMRPdMdWc,Joey Bada$$ - The Ruler&#39;s Back (Official Video),Joey Bada$$,Unique this ain’t it 💯,0
Joey Bada$$,Boom bap / Lyric,2msMRPdMdWc,Joey Bada$$ - The Ruler&#39;s Back (Official Video),Joey Bada$$,"Joey Baddassis handsome and immensely talented. I've been a HUGE fan of his for years ever since he dropped his mixtape ""1999"" in 2012. 🎶🎵🎧🎙️💯💯♥️♥️",0
Joey Bada$$,Boom bap / Lyric,2msMRPdMdWc,Joey Bada$$ - The Ruler&#39;s Back (Official Video),Joey Bada$$,Song at the end in the background?,0
Joey Bada$$,Boom bap / Lyric,2msMRPdMdWc,Joey Bada$$ - The Ruler&#39;s Back (Official Video),Joey Bada$$,This is dope but Joey really dont want that smoke. Even ab soul cut different. If steez were alive yal would see joey really just trying to carry what steez left behind. Real battle woulda been steez vs soul or kdot. Rip steez,1
Joey Bada$$,Boom bap / Lyric,2msMRPdMdWc,Joey Bada$$ - The Ruler&#39;s Back (Official Video),Joey Bada$$,"Joey is ""bada$$"" in Power! He makes the show, imo.",2
Joey Bada$$,Boom bap / Lyric,2msMRPdMdWc,Joey Bada$$ - The Ruler&#39;s Back (Official Video),Joey Bada$$,Joey with the good vibes,1
Joey Bada$$,Boom bap / Lyric,2msMRPdMdWc,Joey Bada$$ - The Ruler&#39;s Back (Official Video),Joey Bada$$,Joey bringing bars back   a.k.a. nique ,17
Joey Bada$$,Boom bap / Lyric,2msMRPdMdWc,Joey Bada$$ - The Ruler&#39;s Back (Official Video),Joey Bada$$,"This is kind of sad and comes off as desperate.... 

You know what you don't do when someone is being called the king, say fuck them, I'm the king. 

If he had something to say, he should have just said it. Joey is a punch line rapper who can flow. He needs to stay in his lane because he is not on that level of the game.

There's a reason people aren't talking about this, it's because people do not give a fuck",3
Joey Bada$$,Boom bap / Lyric,2msMRPdMdWc,Joey Bada$$ - The Ruler&#39;s Back (Official Video),Joey Bada$$,🥱,0
Joey Bada$$,Boom bap / Lyric,2msMRPdMdWc,Joey Bada$$ - The Ruler&#39;s Back (Official Video),Joey Bada$$,Where you at lame 😂😂😂wtf happened you came back and ran away again smh fk joey,1
Joey Bada$$,Boom bap / Lyric,2msMRPdMdWc,Joey Bada$$ - The Ruler&#39;s Back (Official Video),Joey Bada$$,Keep rapping Joey,2
Joey Bada$$,Boom bap / Lyric,2msMRPdMdWc,Joey Bada$$ - The Ruler&#39;s Back (Official Video),Joey Bada$$,"Each time I solve an issue that was entirely due to my own human error, I put this song on to celebrate.",17
Joey Bada$$,Boom bap / Lyric,2msMRPdMdWc,Joey Bada$$ - The Ruler&#39;s Back (Official Video),Joey Bada$$,The Best artist,1
Joey Bada$$,Boom bap / Lyric,2msMRPdMdWc,Joey Bada$$ - The Ruler&#39;s Back (Official Video),Joey Bada$$,"As of 4/22/25 im sad to say Joey does not continue his own 1v20 after the MYTHICAL Kendrick and Drake beef. Daylyt bodies this man. 💀 Joey has YET to reply to ""Yhrr""...",1
Joey Bada$$,Boom bap / Lyric,2msMRPdMdWc,Joey Bada$$ - The Ruler&#39;s Back (Official Video),Joey Bada$$,westside gunn type song lol,2
Joey Bada$$,Boom bap / Lyric,2msMRPdMdWc,Joey Bada$$ - The Ruler&#39;s Back (Official Video),Joey Bada$$,Lefty is dope. Can see his growth,1
Joey Bada$$,Boom bap / Lyric,2msMRPdMdWc,Joey Bada$$ - The Ruler&#39;s Back (Official Video),Joey Bada$$,Was this shot at John sacramonis house? #Sopranos,0
Joey Bada$$,Boom bap / Lyric,2msMRPdMdWc,Joey Bada$$ - The Ruler&#39;s Back (Official Video),Joey Bada$$,Aye Joey is this sampled from (Ahmed - Back in the days )??,0
Joey Bada$$,Boom bap / Lyric,2msMRPdMdWc,Joey Bada$$ - The Ruler&#39;s Back (Official Video),Joey Bada$$,Joey NEVER disappoints 🐐🔥🗣💯,2
Joey Bada$$,Boom bap / Lyric,2msMRPdMdWc,Joey Bada$$ - The Ruler&#39;s Back (Official Video),Joey Bada$$,47 !!!!!!,0
Joey Bada$$,Boom bap / Lyric,2msMRPdMdWc,Joey Bada$$ - The Ruler&#39;s Back (Official Video),Joey Bada$$,Some big blunts with wiz 😒 don’t believe it,0
Joey Bada$$,Boom bap / Lyric,2msMRPdMdWc,Joey Bada$$ - The Ruler&#39;s Back (Official Video),Joey Bada$$,Ray Vaughn just set the record straiight🙏🏾🙌🏾🙌🏾🔥❣️💯🙆🏾‍♂️,0
Joey Bada$$,Boom bap / Lyric,2msMRPdMdWc,Joey Bada$$ - The Ruler&#39;s Back (Official Video),Joey Bada$$,"You used to make beautiful music. I just listened to Escape 120. This shit here is nothing alike. Too much Hollywood, too much Diddy and Jay-Z.",0
Joey Bada$$,Boom bap / Lyric,2msMRPdMdWc,Joey Bada$$ - The Ruler&#39;s Back (Official Video),Joey Bada$$,"""It feel so good to be back""

Shady🔥",0
Joey Bada$$,Boom bap / Lyric,2msMRPdMdWc,Joey Bada$$ - The Ruler&#39;s Back (Official Video),Joey Bada$$,Yoooo. Sun just went crazy on that 💩,0
Joey Bada$$,Boom bap / Lyric,2msMRPdMdWc,Joey Bada$$ - The Ruler&#39;s Back (Official Video),Joey Bada$$,This what nique told Raq tho …,0
Joey Bada$$,Boom bap / Lyric,2msMRPdMdWc,Joey Bada$$ - The Ruler&#39;s Back (Official Video),Joey Bada$$,"*USIMAMANE GOT LARRY AND DREEZY*
*KANE GOT ROC AND JAY Z*

YOURP FRIENDS BUT JAY TRIED TO SABOTAGE THE 🦉 LARRY IS FOE WITH DREEZY
BOSSES ARE ENEMIES ARTISTS ARE FRIENDS ❤ AND I'M HERE FOR IT


BUT MAYBE I'M REACHING 😅",0
Joey Bada$$,Boom bap / Lyric,2msMRPdMdWc,Joey Bada$$ - The Ruler&#39;s Back (Official Video),Joey Bada$$,Amin.,2
Joey Bada$$,Boom bap / Lyric,2msMRPdMdWc,Joey Bada$$ - The Ruler&#39;s Back (Official Video),Joey Bada$$,Frère sakamoto x alpha j'ai envie de chialer,0
Joey Bada$$,Boom bap / Lyric,2msMRPdMdWc,Joey Bada$$ - The Ruler&#39;s Back (Official Video),Joey Bada$$,Conductor is a genius.,0
Joey Bada$$,Boom bap / Lyric,2msMRPdMdWc,Joey Bada$$ - The Ruler&#39;s Back (Official Video),Joey Bada$$,Bladee?,0
Joey Bada$$,Boom bap / Lyric,2msMRPdMdWc,Joey Bada$$ - The Ruler&#39;s Back (Official Video),Joey Bada$$,Yup 🔥🔥🔥🔥,2
Joey Bada$$,Boom bap / Lyric,2msMRPdMdWc,Joey Bada$$ - The Ruler&#39;s Back (Official Video),Joey Bada$$,Unique was killing shit in the 90s,7
Joey Bada$$,Boom bap / Lyric,2msMRPdMdWc,Joey Bada$$ - The Ruler&#39;s Back (Official Video),Joey Bada$$,Mannn what is that song at the end 😭,1
Joey Bada$$,Boom bap / Lyric,2msMRPdMdWc,Joey Bada$$ - The Ruler&#39;s Back (Official Video),Joey Bada$$,"https://youtu.be/9-jac3yo3ik?si=HQH3GZQVe5T48g2t
Do you wanna be Free??????",0
Joey Bada$$,Boom bap / Lyric,2msMRPdMdWc,Joey Bada$$ - The Ruler&#39;s Back (Official Video),Joey Bada$$,The ruler to all evil,0
Joey Bada$$,Boom bap / Lyric,2msMRPdMdWc,Joey Bada$$ - The Ruler&#39;s Back (Official Video),Joey Bada$$,Still FIREE,1
Joey Bada$$,Boom bap / Lyric,2msMRPdMdWc,Joey Bada$$ - The Ruler&#39;s Back (Official Video),Joey Bada$$,"I hope Joey get what he deserve, too many rappers without skill but still become mainstream. This man deserve more like kdot and cole.",15
Joey Bada$$,Boom bap / Lyric,2msMRPdMdWc,Joey Bada$$ - The Ruler&#39;s Back (Official Video),Joey Bada$$,Joey good beats on my channel 💯,2
Joey Bada$$,Boom bap / Lyric,2msMRPdMdWc,Joey Bada$$ - The Ruler&#39;s Back (Official Video),Joey Bada$$,"It’s not his first time saying that “Too Much West Coast…”
He said it on “Talking Shit” feat Capital Steez.(iykyk😅)

This a classic.🎱",1
Joey Bada$$,Boom bap / Lyric,2msMRPdMdWc,Joey Bada$$ - The Ruler&#39;s Back (Official Video),Joey Bada$$,🔥🔥🔥,1
Joey Bada$$,Boom bap / Lyric,2msMRPdMdWc,Joey Bada$$ - The Ruler&#39;s Back (Official Video),Joey Bada$$,This one has a twist. JOEY is really UNIQUE.,1
Joey Bada$$,Boom bap / Lyric,2msMRPdMdWc,Joey Bada$$ - The Ruler&#39;s Back (Official Video),Joey Bada$$,Leader of the new-new school,0
Joey Bada$$,Boom bap / Lyric,2msMRPdMdWc,Joey Bada$$ - The Ruler&#39;s Back (Official Video),Joey Bada$$,The Monica heels go crazy Jess!,0
Joey Bada$$,Boom bap / Lyric,2msMRPdMdWc,Joey Bada$$ - The Ruler&#39;s Back (Official Video),Joey Bada$$,This Melodic style go in,1
Joey Bada$$,Boom bap / Lyric,2msMRPdMdWc,Joey Bada$$ - The Ruler&#39;s Back (Official Video),Joey Bada$$,Is that the soprano house?,0
Joey Bada$$,Boom bap / Lyric,2msMRPdMdWc,Joey Bada$$ - The Ruler&#39;s Back (Official Video),Joey Bada$$,"I got murals on my city, fuck a nomination",1
Joey Bada$$,Boom bap / Lyric,2msMRPdMdWc,Joey Bada$$ - The Ruler&#39;s Back (Official Video),Joey Bada$$,One hit wonder,0
Joey Bada$$,Boom bap / Lyric,2msMRPdMdWc,Joey Bada$$ - The Ruler&#39;s Back (Official Video),Joey Bada$$,"Yall Stupod, lmao!😂",0
Joey Bada$$,Boom bap / Lyric,2msMRPdMdWc,Joey Bada$$ - The Ruler&#39;s Back (Official Video),Joey Bada$$,Badman,0
Joey Bada$$,Boom bap / Lyric,2msMRPdMdWc,Joey Bada$$ - The Ruler&#39;s Back (Official Video),Joey Bada$$,Got That brooklyn in me line ...got goosebumps all over my arm when he said that ...its only the real #Brownsville4eva,0
Joey Bada$$,Boom bap / Lyric,2msMRPdMdWc,Joey Bada$$ - The Ruler&#39;s Back (Official Video),Joey Bada$$,They must not know where I’m from 🔥,0
Joey Bada$$,Boom bap / Lyric,2msMRPdMdWc,Joey Bada$$ - The Ruler&#39;s Back (Official Video),Joey Bada$$,Now THIS is hip hop. THIS is rap,2
Joey Bada$$,Boom bap / Lyric,2msMRPdMdWc,Joey Bada$$ - The Ruler&#39;s Back (Official Video),Joey Bada$$,Whachu really mean by the rulers back?!,0
Joey Bada$$,Boom bap / Lyric,2msMRPdMdWc,Joey Bada$$ - The Ruler&#39;s Back (Official Video),Joey Bada$$,Pls don't attack me but for me this guy's only rival is kdot. J. Cole and dot even copied some of this guy's samples and concepts.,1
Joey Bada$$,Boom bap / Lyric,2msMRPdMdWc,Joey Bada$$ - The Ruler&#39;s Back (Official Video),Joey Bada$$,"Hawk who goes yonder? 
It is i richard of nothingham i have news from the east sire
Well speak up man 
Rick the ruller has returned 
Stop-stop-stop lying",0
Joey Bada$$,Boom bap / Lyric,2msMRPdMdWc,Joey Bada$$ - The Ruler&#39;s Back (Official Video),Joey Bada$$,R I.P CapitalSTEEZ,3
Joey Bada$$,Boom bap / Lyric,2msMRPdMdWc,Joey Bada$$ - The Ruler&#39;s Back (Official Video),Joey Bada$$,the sapranos mc mansion is dope,0
Joey Bada$$,Boom bap / Lyric,2msMRPdMdWc,Joey Bada$$ - The Ruler&#39;s Back (Official Video),Joey Bada$$,excellent vocals on the beat and badmon bodied the lyrics.,1
Joey Bada$$,Boom bap / Lyric,2msMRPdMdWc,Joey Bada$$ - The Ruler&#39;s Back (Official Video),Joey Bada$$,EAST COAST NIGGA TILL I DIE,1
Joey Bada$$,Boom bap / Lyric,Fy3070QgHV0,Joey Bada$$ - Zipcodes (Official Video),Joey Bada$$,Yo joey why put diddy if you knew his controversy. Dont say you didnt know lol,0
Joey Bada$$,Boom bap / Lyric,Fy3070QgHV0,Joey Bada$$ - Zipcodes (Official Video),Joey Bada$$,2026 who wit me,19
Joey Bada$$,Boom bap / Lyric,Fy3070QgHV0,Joey Bada$$ - Zipcodes (Official Video),Joey Bada$$,2026 i'm still running this!,0
Joey Bada$$,Boom bap / Lyric,Fy3070QgHV0,Joey Bada$$ - Zipcodes (Official Video),Joey Bada$$,shouting out Diddy at the end there.. did not age well😬,3
Joey Bada$$,Boom bap / Lyric,Fy3070QgHV0,Joey Bada$$ - Zipcodes (Official Video),Joey Bada$$,Dope video 💯,0
Joey Bada$$,Boom bap / Lyric,Fy3070QgHV0,Joey Bada$$ - Zipcodes (Official Video),Joey Bada$$,The vibes on this one are just different,0
Joey Bada$$,Boom bap / Lyric,Fy3070QgHV0,Joey Bada$$ - Zipcodes (Official Video),Joey Bada$$,Damn been sleeping on this album since Wavves,1
Joey Bada$$,Boom bap / Lyric,Fy3070QgHV0,Joey Bada$$ - Zipcodes (Official Video),Joey Bada$$,nice chain fr,0
Joey Bada$$,Boom bap / Lyric,Fy3070QgHV0,Joey Bada$$ - Zipcodes (Official Video),Joey Bada$$,"If you are a designer, you need him.",1
Joey Bada$$,Boom bap / Lyric,Fy3070QgHV0,Joey Bada$$ - Zipcodes (Official Video),Joey Bada$$,Joey made Power so much better.,0
Joey Bada$$,Boom bap / Lyric,Fy3070QgHV0,Joey Bada$$ - Zipcodes (Official Video),Joey Bada$$,“I can show you how to get lit and don’t blow it” … that word play crazy 👊🏾,5
Joey Bada$$,Boom bap / Lyric,Fy3070QgHV0,Joey Bada$$ - Zipcodes (Official Video),Joey Bada$$,Good  music 💪🔥🔥🔥🔥🫡,1
Joey Bada$$,Boom bap / Lyric,Fy3070QgHV0,Joey Bada$$ - Zipcodes (Official Video),Joey Bada$$,Prices lookin like a zip code!,3
Joey Bada$$,Boom bap / Lyric,Fy3070QgHV0,Joey Bada$$ - Zipcodes (Official Video),Joey Bada$$,joey dissing me 💔,0
Joey Bada$$,Boom bap / Lyric,Fy3070QgHV0,Joey Bada$$ - Zipcodes (Official Video),Joey Bada$$,SALUDOS PUEBLA CAPITAL MEXICO,0
Joey Bada$$,Boom bap / Lyric,Fy3070QgHV0,Joey Bada$$ - Zipcodes (Official Video),Joey Bada$$,fire.,1
Joey Bada$$,Boom bap / Lyric,Fy3070QgHV0,Joey Bada$$ - Zipcodes (Official Video),Joey Bada$$,""" I switch zones when it gets cold "" thats fire",2
Joey Bada$$,Boom bap / Lyric,Fy3070QgHV0,Joey Bada$$ - Zipcodes (Official Video),Joey Bada$$,"Pose,to amen pastor amdre and bless pastors Christina++-!",1
Joey Bada$$,Boom bap / Lyric,Fy3070QgHV0,Joey Bada$$ - Zipcodes (Official Video),Joey Bada$$,3:07 Yamaha's boat to Yamaha's piano,2
Joey Bada$$,Boom bap / Lyric,Fy3070QgHV0,Joey Bada$$ - Zipcodes (Official Video),Joey Bada$$,Check my STEEZE🎉,1
Joey Bada$$,Boom bap / Lyric,Fy3070QgHV0,Joey Bada$$ - Zipcodes (Official Video),Joey Bada$$,"Lyrics

[Intro]
Hahaha
You know what I'm saying? Look
We gon' talk our shit on this one (Talk your shit)
Kirk Knight on the beat, keep my cypher complete, look
(Complete, look)

[Verse 1]
Forty K for the Rollie with the leather band, no time to parley
Life is too short, we came a long way
From pissy hallways to court-side up in Barclays (Yeah)
Stunting is a sport, the way I'm balling, we could all play (Balling)
My cup overflowing, I'm feeling fine in this Chardonnay
I dropped seven bands in Rick Owens, it was a calm day
Prices looking like a zip code, I switch zones when it get cold
So they gon' have to throw they shade from far away
I brought it in, walking with your broad down Broadway
Skip the foreplay and brought her back to where the Don lay
It's Brooklyn, get your chain tooken looking like entrées
Parted in my origin, get your troops, call 'em in
I gave 'em fair warnings
I'm up late nights and early mornings
I got a little buzz, I can't afford to miss my calling now
Be the first to arrive and last to leave
Dropped out of school, still voted most likely to succeed (Ow)

[Chorus]
Said I do this with the ease, I collect my fees and then I breeze
Neck on freeze like it's below thirty-two degrees, check my steez
Hold up, nigga, nigga, nigga (Please)

[Verse 2]
Look, off top, fuck the speculation (Yeah)
If rap was a stock, I have a hundred million in evaluation
A hundred thousand hours and you niggas only mastered masturbation
Y'all some pros at procrastination (Hahaha)
I tax those who act slow, never had patience (Never had)
My cat flow got you fat souls in fascination (Haha)
I made her make it clap, then I told her ""Congratulations"" (Yeah)
You fucking with the realest cat since Larry David
Curb your enthusiasm
It's the Creature from the Black Lagoon, snatch your Julie Adams
Most niggas really pooms when you wave the toolie at em' (Boom, boom)
Could've made the Goonies clap
But masked up like MF DOOM, don't know what truly had (Rest in peace)
And firstly, all my wolves is blood thirsty (Yeah)
Ready to shoot from mid-range like they James Worthy
Let a nigga try to hurt me (Try)
He gon' see some bloodhounds, some blue flags
Duck down or move fast and push your own kuf' back, nigga

[Chorus]
Said I do this with the ease, I collect my fees and then I breeze
Neck on freeze like it's below thirty-two degrees, check my steez
Hold up, nigga, nigga, nigga (Please)

[Verse 3]
I can show you how to get lit and don't blow it (Uh)
Cause when you really start getting rich, ain't gotta show it (It's right)
Lifestyle golden, my nigga, now that's trojan (Facts)
Only magnum rounds when I bust and explode 'em
Eight figure nigga, so I'm always getting chosen
Middle of the summer, my ice is still frozen (Brr)
I try to show these niggas the ropes, they let it choke 'em
I got sick of playing with niggas, I started coaching (Yeah)
I ain't worried 'bout y'all hands, cause y'all jokers (Right)
Hit the Royal Flush on niggas, ain't talking Poker (Right)
Acting like my shit don't stink when it's supposed to (Right)
I'm laughing on my way to the bank, I'm in that Rover (Haha)
Bitch, watch that drink on my couch, look, here's a coaster (Here)
Had to cut back on my tokes, get fully focused (Focused)
Cadillac came with a toast, it's fully loaded (Blah)
Ten years killing this game, I'm really goated, nigga (Fucking goat, nigga)

[Outro]
I'm the motherfucking greatest, nigga
I know you hate it, nigga (Yeah)
Most underrated
At least they ain't never underpaying, haha

[Skit]
I don't even know where to start
But you know, it's 2000 shit, man
If y'all wasn't around in the 2000s
You wouldn't know what really going on, you feel me?
We smoking, we drinking
It's good vibes, it's the right vibe
It's the player vibe
2000, we getting this shit right
You feel me? All night
Take that, take that, cause Diddy was just right here, you heard me?
My nigga Joey Bada$$, two-fucking-thousand
We saw it in 99, but now we in 2000
Even though we in 2022 I think, but who's counting?
We just counting money, ya dig?
I don't even know what to say
I'm just here, you feel me?",2
Joey Bada$$,Boom bap / Lyric,Fy3070QgHV0,Joey Bada$$ - Zipcodes (Official Video),Joey Bada$$,King BBE tv rap music 😎💯 YouTube videos,0
Joey Bada$$,Boom bap / Lyric,Fy3070QgHV0,Joey Bada$$ - Zipcodes (Official Video),Joey Bada$$,Unique is here 🙌🏽,2
Joey Bada$$,Boom bap / Lyric,Fy3070QgHV0,Joey Bada$$ - Zipcodes (Official Video),Joey Bada$$,TDE Could never...,10
Joey Bada$$,Boom bap / Lyric,Fy3070QgHV0,Joey Bada$$ - Zipcodes (Official Video),Joey Bada$$,"I see Joey, I like. 
💯 spitter!!  New York, New York!

 🇿🇦",3
Joey Bada$$,Boom bap / Lyric,Fy3070QgHV0,Joey Bada$$ - Zipcodes (Official Video),Joey Bada$$,They goin have to throw they shade from far away!!!,2
Joey Bada$$,Boom bap / Lyric,Fy3070QgHV0,Joey Bada$$ - Zipcodes (Official Video),Joey Bada$$,"I remember that days when Joey was a best rapper in the world, i'm not kidding. 
Now: i don't see who's the best",1
Joey Bada$$,Boom bap / Lyric,Fy3070QgHV0,Joey Bada$$ - Zipcodes (Official Video),Joey Bada$$,Who’s here in 2025 after Ray’s funeral    !!!!!,9
Joey Bada$$,Boom bap / Lyric,Fy3070QgHV0,Joey Bada$$ - Zipcodes (Official Video),Joey Bada$$,Name one ray Vaughn song topping this…. Come on,22
Joey Bada$$,Boom bap / Lyric,Fy3070QgHV0,Joey Bada$$ - Zipcodes (Official Video),Joey Bada$$,Classic shii🎉,2
Joey Bada$$,Boom bap / Lyric,Fy3070QgHV0,Joey Bada$$ - Zipcodes (Official Video),Joey Bada$$,I miss your music in my ears of only you could allow me to bootleg i wont bluetooth i promise...but this is smooth its giving whiskey neat on ice,0
Joey Bada$$,Boom bap / Lyric,Fy3070QgHV0,Joey Bada$$ - Zipcodes (Official Video),Joey Bada$$,The best song on the album  and one of the best song by joey ever,3
Joey Bada$$,Boom bap / Lyric,Fy3070QgHV0,Joey Bada$$ - Zipcodes (Official Video),Joey Bada$$,"Simply Amazing
Some parts of the videos were in venice
I remember when he and chance the rapper went to italy in april 2022",1
Joey Bada$$,Boom bap / Lyric,Fy3070QgHV0,Joey Bada$$ - Zipcodes (Official Video),Joey Bada$$,https://youtu.be/Ws0Ohn1Yyhs?si=_Vw7h7gmkU2Vmyvh,0
Joey Bada$$,Boom bap / Lyric,Fy3070QgHV0,Joey Bada$$ - Zipcodes (Official Video),Joey Bada$$,Kirk Knight on the beat,2
Joey Bada$$,Boom bap / Lyric,Fy3070QgHV0,Joey Bada$$ - Zipcodes (Official Video),Joey Bada$$,Ab soul utely amazing,0
Joey Bada$$,Boom bap / Lyric,Fy3070QgHV0,Joey Bada$$ - Zipcodes (Official Video),Joey Bada$$,Pro Era for Day_Z from A 🔥🆙,1
Joey Bada$$,Boom bap / Lyric,Fy3070QgHV0,Joey Bada$$ - Zipcodes (Official Video),Joey Bada$$,Joey...,0
Joey Bada$$,Boom bap / Lyric,Fy3070QgHV0,Joey Bada$$ - Zipcodes (Official Video),Joey Bada$$,Greg yuna = satanist jew involved in the hollywood cult,0
Joey Bada$$,Boom bap / Lyric,Fy3070QgHV0,Joey Bada$$ - Zipcodes (Official Video),Joey Bada$$,"Leviathan Cross with the masonic eye
Satanist and not even trying to hide it, makes me sick",1
Joey Bada$$,Boom bap / Lyric,Fy3070QgHV0,Joey Bada$$ - Zipcodes (Official Video),Joey Bada$$,"0:35 One eye covered, masonic pyramid in the background
Joey sold his soul to the devil and sacrificed other souls too
Fuck hollywood",1
Joey Bada$$,Boom bap / Lyric,Fy3070QgHV0,Joey Bada$$ - Zipcodes (Official Video),Joey Bada$$,🔥🔥🔥#secondgoldenera🔥🔥🔥,0
Joey Bada$$,Boom bap / Lyric,Fy3070QgHV0,Joey Bada$$ - Zipcodes (Official Video),Joey Bada$$,Coming back to this joint dis was definitely the song of summer 2022,4
Joey Bada$$,Boom bap / Lyric,Fy3070QgHV0,Joey Bada$$ - Zipcodes (Official Video),Joey Bada$$,back by popular demand 2025!! give us more fire!! 🔥 🔥 🔥 🔥 🔥 🔥 🔥,5
Joey Bada$$,Boom bap / Lyric,Fy3070QgHV0,Joey Bada$$ - Zipcodes (Official Video),Joey Bada$$,Daaam that was some real sh🔥🔥🔥🔥🔥🔥,0
Joey Bada$$,Boom bap / Lyric,Fy3070QgHV0,Joey Bada$$ - Zipcodes (Official Video),Joey Bada$$,"see, i can show u how to get rich and not blow it cause when u start getting rich, you aint gotta show it",0
Joey Bada$$,Boom bap / Lyric,Fy3070QgHV0,Joey Bada$$ - Zipcodes (Official Video),Joey Bada$$,This song is sooo underrated 🔥🔥🔥,4
Joey Bada$$,Boom bap / Lyric,Fy3070QgHV0,Joey Bada$$ - Zipcodes (Official Video),Joey Bada$$,❤Chocolate Super Hero shit.,1
Joey Bada$$,Boom bap / Lyric,Fy3070QgHV0,Joey Bada$$ - Zipcodes (Official Video),Joey Bada$$,Diddy cameo didn't age too tough,6
Joey Bada$$,Boom bap / Lyric,Fy3070QgHV0,Joey Bada$$ - Zipcodes (Official Video),Joey Bada$$,🔥🔥🔥🔥,0
Joey Bada$$,Boom bap / Lyric,Fy3070QgHV0,Joey Bada$$ - Zipcodes (Official Video),Joey Bada$$,3:53 This shit sounds crazy after finding out everything Diddy has done 💀,4
Joey Bada$$,Boom bap / Lyric,Fy3070QgHV0,Joey Bada$$ - Zipcodes (Official Video),Joey Bada$$,LFG Joey this is HIP HOP!! East to West North to South cuhz,0
Joey Bada$$,Boom bap / Lyric,Fy3070QgHV0,Joey Bada$$ - Zipcodes (Official Video),Joey Bada$$,8 years till 2001 🎉,2
Joey Bada$$,Boom bap / Lyric,Fy3070QgHV0,Joey Bada$$ - Zipcodes (Official Video),Joey Bada$$,trillll,0
Joey Bada$$,Boom bap / Lyric,Fy3070QgHV0,Joey Bada$$ - Zipcodes (Official Video),Joey Bada$$,We stay outside,0
Joey Bada$$,Boom bap / Lyric,Fy3070QgHV0,Joey Bada$$ - Zipcodes (Official Video),Joey Bada$$,1:38,0
Joey Bada$$,Boom bap / Lyric,Fy3070QgHV0,Joey Bada$$ - Zipcodes (Official Video),Joey Bada$$,BadA$$!!!💯💪👑🏆🎙️💵🥂🍾,0
Joey Bada$$,Boom bap / Lyric,Fy3070QgHV0,Joey Bada$$ - Zipcodes (Official Video),Joey Bada$$,We need a Joey and Larry June cold asap,1
Joey Bada$$,Boom bap / Lyric,Fy3070QgHV0,Joey Bada$$ - Zipcodes (Official Video),Joey Bada$$,cracked up when i saw Diddy in this,0
Joey Bada$$,Boom bap / Lyric,Fy3070QgHV0,Joey Bada$$ - Zipcodes (Official Video),Joey Bada$$,Known Diddy collaborator ... MR. Joey Badass!!!! This beef with Kenny might end soon.,0
Joey Bada$$,Boom bap / Lyric,Fy3070QgHV0,Joey Bada$$ - Zipcodes (Official Video),Joey Bada$$,The 12 tribes of Israel says fk Joey!,0
Joey Bada$$,Boom bap / Lyric,Fy3070QgHV0,Joey Bada$$ - Zipcodes (Official Video),Joey Bada$$,Ayy where was diddy at again?,0
Joey Bada$$,Boom bap / Lyric,Fy3070QgHV0,Joey Bada$$ - Zipcodes (Official Video),Joey Bada$$,This real hip hop 🎉,0
Joey Bada$$,Boom bap / Lyric,Fy3070QgHV0,Joey Bada$$ - Zipcodes (Official Video),Joey Bada$$,"the beat guys, the fucking beat. so soothing.",0
Joey Bada$$,Boom bap / Lyric,Fy3070QgHV0,Joey Bada$$ - Zipcodes (Official Video),Joey Bada$$,This mf 🔥🔥🔥,0
Joey Bada$$,Boom bap / Lyric,Fy3070QgHV0,Joey Bada$$ - Zipcodes (Official Video),Joey Bada$$,Need that jacket,0
Joey Bada$$,Boom bap / Lyric,Fy3070QgHV0,Joey Bada$$ - Zipcodes (Official Video),Joey Bada$$,He just relieved a soul that was under water. 🔥. I know now,0
Joey Bada$$,Boom bap / Lyric,Fy3070QgHV0,Joey Bada$$ - Zipcodes (Official Video),Joey Bada$$,Keeping real hip hop alive…. Old school style,1
Joey Bada$$,Boom bap / Lyric,Fy3070QgHV0,Joey Bada$$ - Zipcodes (Official Video),Joey Bada$$,I'm broader than Brooklyn with your broad down Broadway 🔥🔥🔥🔥😭😭😭,0
Joey Bada$$,Boom bap / Lyric,Fy3070QgHV0,Joey Bada$$ - Zipcodes (Official Video),Joey Bada$$,I KNOW YOU YOUNG JOEY WITH THE FIRTS GOLD SONG THE WAVE 😍🔥🔥🔥🔥🔥🔥🔥❤,0
Joey Bada$$,Boom bap / Lyric,Fy3070QgHV0,Joey Bada$$ - Zipcodes (Official Video),Joey Bada$$,"Still got the vibe Joey, big shout it out from Africa - Angola",0
Joey Bada$$,Boom bap / Lyric,Fy3070QgHV0,Joey Bada$$ - Zipcodes (Official Video),Joey Bada$$,Release steez's tape. Having me waiting since  freshman year,0
Joey Bada$$,Boom bap / Lyric,Fy3070QgHV0,Joey Bada$$ - Zipcodes (Official Video),Joey Bada$$,2:41 is that Diddy?,5
Joey Bada$$,Boom bap / Lyric,Fy3070QgHV0,Joey Bada$$ - Zipcodes (Official Video),Joey Bada$$,❤❤❤❤❤❤❤❤❤❤❤❤❤❤,0
Joey Bada$$,Boom bap / Lyric,Fy3070QgHV0,Joey Bada$$ - Zipcodes (Official Video),Joey Bada$$,2:38 not true shit is not supposed to stink 3:06,0
Joey Bada$$,Boom bap / Lyric,Fy3070QgHV0,Joey Bada$$ - Zipcodes (Official Video),Joey Bada$$,No joke this is one of the best songs I’ve ever heard in my life. Nicks cadence is in on a whole other level. Such a shame that this doesn’t have a billion view.,1
Joey Bada$$,Boom bap / Lyric,Fy3070QgHV0,Joey Bada$$ - Zipcodes (Official Video),Joey Bada$$,"I MADE HER ASS CLAP, MAPPED HER DIRECTION, IN THE WRONG SECTION, WATCH MY ACTION BEFORE JUDGING, IM HANDSOM FUCKING HANDSOM CAUSE I GOT NO BITCHES WANNA GET MORE N MORE BITCHES, SEE IT, I MEAN IT",0
Joey Bada$$,Boom bap / Lyric,Fy3070QgHV0,Joey Bada$$ - Zipcodes (Official Video),Joey Bada$$,"IN MY HEAVY ROTATION ""ATM"" IN 2024 OCTOBER!!! STILL!!! KEEP GRINDING KING ""SALUTE""!!!",0
Joey Bada$$,Boom bap / Lyric,Fy3070QgHV0,Joey Bada$$ - Zipcodes (Official Video),Joey Bada$$,rewatching this now like why was diddy there???,15
Joey Bada$$,Boom bap / Lyric,Fy3070QgHV0,Joey Bada$$ - Zipcodes (Official Video),Joey Bada$$,I fux with uneek,0
Joey Bada$$,Boom bap / Lyric,Fy3070QgHV0,Joey Bada$$ - Zipcodes (Official Video),Joey Bada$$,Diddy?!,5
Joey Bada$$,Boom bap / Lyric,Fy3070QgHV0,Joey Bada$$ - Zipcodes (Official Video),Joey Bada$$,"take that ,  take that , coz Diddy was just here 😂🤣🤣🤣 that aged like milk",181
Joey Bada$$,Boom bap / Lyric,Fy3070QgHV0,Joey Bada$$ - Zipcodes (Official Video),Joey Bada$$,Yo what was Joey doing with diddy 😂😭😭,6
Joey Bada$$,Boom bap / Lyric,Fy3070QgHV0,Joey Bada$$ - Zipcodes (Official Video),Joey Bada$$,"That whole monologue at the end feeling off now, especially knowing Diddy was just there 😂😂😂",2
Joey Bada$$,Boom bap / Lyric,Fy3070QgHV0,Joey Bada$$ - Zipcodes (Official Video),Joey Bada$$,no diddy.,3
Joey Bada$$,Boom bap / Lyric,Fy3070QgHV0,Joey Bada$$ - Zipcodes (Official Video),Joey Bada$$,I play this every morning when clocking in ya heard!?!💯💯💯,1
Joey Bada$$,Boom bap / Lyric,Fy3070QgHV0,Joey Bada$$ - Zipcodes (Official Video),Joey Bada$$,Is that serayah voice in the background?!,2
Joey Bada$$,Boom bap / Lyric,Fy3070QgHV0,Joey Bada$$ - Zipcodes (Official Video),Joey Bada$$,Literally just heard my barber/cousin playing this in the barbershop and had to ask and look it up. Damn this song jams! And the beat 😬🥶,0
Joey Bada$$,Boom bap / Lyric,Fy3070QgHV0,Joey Bada$$ - Zipcodes (Official Video),Joey Bada$$,lil boat ⛵ 1:06,0
Joey Bada$$,Boom bap / Lyric,Fy3070QgHV0,Joey Bada$$ - Zipcodes (Official Video),Joey Bada$$,"""Yall some pros in procrastination...Only thing yall master is masturbation"" will always set the bar high😂",1
Joey Bada$$,Boom bap / Lyric,Fy3070QgHV0,Joey Bada$$ - Zipcodes (Official Video),Joey Bada$$,Take that take that cause diddy was just here,0
Joey Bada$$,Boom bap / Lyric,Fy3070QgHV0,Joey Bada$$ - Zipcodes (Official Video),Joey Bada$$,Dtfl 2024 that diddy take that take that is wild dtfl,0
Joey Bada$$,Boom bap / Lyric,Fy3070QgHV0,Joey Bada$$ - Zipcodes (Official Video),Joey Bada$$,Is it wrong to continue HipPop like thus❤,0
Joey Bada$$,Boom bap / Lyric,Fy3070QgHV0,Joey Bada$$ - Zipcodes (Official Video),Joey Bada$$,IS THAT DIDDY!?,2
Joey Bada$$,Boom bap / Lyric,Fy3070QgHV0,Joey Bada$$ - Zipcodes (Official Video),Joey Bada$$,Basically the sound of my 2023 summer,0
Joey Bada$$,Boom bap / Lyric,Fy3070QgHV0,Joey Bada$$ - Zipcodes (Official Video),Joey Bada$$,Idk which beat sound better this or Larry June imported couches,0
Joey Bada$$,Boom bap / Lyric,Fy3070QgHV0,Joey Bada$$ - Zipcodes (Official Video),Joey Bada$$,"Ayo, might need to “take that, take that” diddy part off of this joint.",13
Joey Bada$$,Boom bap / Lyric,Fy3070QgHV0,Joey Bada$$ - Zipcodes (Official Video),Joey Bada$$,Joey badassxrome streets: The bad ass streets of rome,0
Joey Bada$$,Boom bap / Lyric,Fy3070QgHV0,Joey Bada$$ - Zipcodes (Official Video),Joey Bada$$,"And the sauce? Alfredo of course, there I go again stepping outta line, running off course. Stop playin wit badass",0
Joey Bada$$,Boom bap / Lyric,Fy3070QgHV0,Joey Bada$$ - Zipcodes (Official Video),Joey Bada$$,💎,1
Joey Bada$$,Boom bap / Lyric,Fy3070QgHV0,Joey Bada$$ - Zipcodes (Official Video),Joey Bada$$,“Take that take that cause Diddy was just here” hits different right now 😳,38
Joey Bada$$,Boom bap / Lyric,Fy3070QgHV0,Joey Bada$$ - Zipcodes (Official Video),Joey Bada$$,This beat is INCREDIBLE. So glad Joey copped it but feel like A$AP Rocky coulda scrubbed this joint too.,0
Joey Bada$$,Boom bap / Lyric,Fy3070QgHV0,Joey Bada$$ - Zipcodes (Official Video),Joey Bada$$,Rlly goated 💯,0
Joey Bada$$,Boom bap / Lyric,Fy3070QgHV0,Joey Bada$$ - Zipcodes (Official Video),Joey Bada$$,Joey hella underrated.,0
Joey Bada$$,Boom bap / Lyric,Fy3070QgHV0,Joey Bada$$ - Zipcodes (Official Video),Joey Bada$$,The vibes reminds me of the 1990’s,0
Joey Bada$$,Boom bap / Lyric,Fy3070QgHV0,Joey Bada$$ - Zipcodes (Official Video),Joey Bada$$,PEACE GODDESSES AND GODS! JOEY BADASS IS ILL! ASÈ!,0
Joey Bada$$,Boom bap / Lyric,Fy3070QgHV0,Joey Bada$$ - Zipcodes (Official Video),Joey Bada$$,How does this only have 2 million views wtf,2
Joey Bada$$,Boom bap / Lyric,Fy3070QgHV0,Joey Bada$$ - Zipcodes (Official Video),Joey Bada$$,This shit fire but I see Diddy..that’s what we doing? And you talkin shit…😂😂😂,2
Joey Bada$$,Boom bap / Lyric,Fy3070QgHV0,Joey Bada$$ - Zipcodes (Official Video),Joey Bada$$,Whatever 🎉,0
Joey Bada$$,Boom bap / Lyric,Fy3070QgHV0,Joey Bada$$ - Zipcodes (Official Video),Joey Bada$$,Yeah Joey Badass he a I'll flo'er.Focks wit him.,0
Joey Bada$$,Boom bap / Lyric,Fy3070QgHV0,Joey Bada$$ - Zipcodes (Official Video),Joey Bada$$,"Never stopped fkin with Joey, glad to see him shine",2
Joey Bada$$,Boom bap / Lyric,Fy3070QgHV0,Joey Bada$$ - Zipcodes (Official Video),Joey Bada$$,He dissin the guys? 😂 PE?,0
Joey Bada$$,Boom bap / Lyric,Fy3070QgHV0,Joey Bada$$ - Zipcodes (Official Video),Joey Bada$$,⛽️,0
Joey Bada$$,Boom bap / Lyric,Fy3070QgHV0,Joey Bada$$ - Zipcodes (Official Video),Joey Bada$$,Popped in my head and had to bump it again. Such a good song,0
Joey Bada$$,Boom bap / Lyric,Fy3070QgHV0,Joey Bada$$ - Zipcodes (Official Video),Joey Bada$$,Thank you Joey!  🏎💨,0
Joey Bada$$,Boom bap / Lyric,Fy3070QgHV0,Joey Bada$$ - Zipcodes (Official Video),Joey Bada$$,2M views🔥,1
Joey Bada$$,Boom bap / Lyric,Fy3070QgHV0,Joey Bada$$ - Zipcodes (Official Video),Joey Bada$$,Had to come here in memory of Unique from raising kanan,1
Joey Bada$$,Boom bap / Lyric,Fy3070QgHV0,Joey Bada$$ - Zipcodes (Official Video),Joey Bada$$,masked up like MF DOOM dont know what truly happened 😅,1
Joey Bada$$,Boom bap / Lyric,Fy3070QgHV0,Joey Bada$$ - Zipcodes (Official Video),Joey Bada$$,"Geez, I'm almost 54 years old and this took me back to my college days of hip hop. Job well done young man! 💯❤🔥",3
Joey Bada$$,Boom bap / Lyric,Fy3070QgHV0,Joey Bada$$ - Zipcodes (Official Video),Joey Bada$$,Damn.......Joey is the only 2010s rapper with albums and mixtape that you listen to from track 1 to the very last track without skipping any track....he is the most co-signed by 90s real  emcees and lyricists....boy is just underrated he should be counted amongst J Cole Kendrick Lamar.....he and Mick Jenkins....... facts,1
Joey Bada$$,Boom bap / Lyric,Fy3070QgHV0,Joey Bada$$ - Zipcodes (Official Video),Joey Bada$$,Damn that guy looks like Unique.,1
Joey Bada$$,Boom bap / Lyric,Fy3070QgHV0,Joey Bada$$ - Zipcodes (Official Video),Joey Bada$$,"I knew you had that
 Swagg💯 You remind me of my Nicca Curren$y you guys are sooo FLY😘💞",0
Joey Bada$$,Boom bap / Lyric,Fy3070QgHV0,Joey Bada$$ - Zipcodes (Official Video),Joey Bada$$,"Sou um mano do Underground e meu som vai vira nessa porra 🤟🏻🤟🏻 33 som nesse canal todos feitos no celular, mas todas feitas de coração ♥️ esporo que vcs gostem",0
Joey Bada$$,Boom bap / Lyric,Fy3070QgHV0,Joey Bada$$ - Zipcodes (Official Video),Joey Bada$$,"Yachty sounds average as on this I sware, I don't listen 2 him so if he sounds normal then sheesh sorry fans",0
Joey Bada$$,Boom bap / Lyric,Fy3070QgHV0,Joey Bada$$ - Zipcodes (Official Video),Joey Bada$$,does joey have any joints with benny the butcher? and if so i wont forgive any of u for not tellin me sooner,0
Joey Bada$$,Boom bap / Lyric,Fy3070QgHV0,Joey Bada$$ - Zipcodes (Official Video),Joey Bada$$,❤️‍🩹❤️‍🩹❤️‍🩹,0
Joey Bada$$,Boom bap / Lyric,Fy3070QgHV0,Joey Bada$$ - Zipcodes (Official Video),Joey Bada$$,He is the greatest that's out. Go joey go,0
Joey Bada$$,Boom bap / Lyric,Fy3070QgHV0,Joey Bada$$ - Zipcodes (Official Video),Joey Bada$$,"Joey my favorite artist. He be jamming all the time and I am 45 years on earth, young man got it totally",0
Joey Bada$$,Boom bap / Lyric,Fy3070QgHV0,Joey Bada$$ - Zipcodes (Official Video),Joey Bada$$,my boy @ the louvre,0
Joey Bada$$,Boom bap / Lyric,Fy3070QgHV0,Joey Bada$$ - Zipcodes (Official Video),Joey Bada$$,What Camara is it recorded with?,0
Joey Bada$$,Boom bap / Lyric,Fy3070QgHV0,Joey Bada$$ - Zipcodes (Official Video),Joey Bada$$,Mojaho mlitsane  if you see this...🤣🤣🤣,0
Joey Bada$$,Boom bap / Lyric,Fy3070QgHV0,Joey Bada$$ - Zipcodes (Official Video),Joey Bada$$,I rate this song 11/10,0
Joey Bada$$,Boom bap / Lyric,Fy3070QgHV0,Joey Bada$$ - Zipcodes (Official Video),Joey Bada$$,"Nobody does it like Badmon! Always with the class, flow, word play, the rhymes... All that heat!",1
Joey Bada$$,Boom bap / Lyric,Fy3070QgHV0,Joey Bada$$ - Zipcodes (Official Video),Joey Bada$$,DOOM lives 4Ever,0
Joey Bada$$,Boom bap / Lyric,Fy3070QgHV0,Joey Bada$$ - Zipcodes (Official Video),Joey Bada$$,This is how you make a classic,0
Joey Bada$$,Boom bap / Lyric,Fy3070QgHV0,Joey Bada$$ - Zipcodes (Official Video),Joey Bada$$,Who the fuck produced this album bro?? Damn!!,1
Joey Bada$$,Boom bap / Lyric,Fy3070QgHV0,Joey Bada$$ - Zipcodes (Official Video),Joey Bada$$,This my 1st time even listening to this dude and I must say… I’m impressed! Dude flow is immaculate! I haven’t skipped a track off this album yet. It’s NYC dope!,4
Joey Bada$$,Boom bap / Lyric,Fy3070QgHV0,Joey Bada$$ - Zipcodes (Official Video),Joey Bada$$,god damn joey got no fkn idea how much he fkn helps me get started with my day and stay coasting even if bullshit around me fam .. staying bada$$,0
Joey Bada$$,Boom bap / Lyric,Fy3070QgHV0,Joey Bada$$ - Zipcodes (Official Video),Joey Bada$$,It's the sincerity for me,1
Joey Bada$$,Boom bap / Lyric,Fy3070QgHV0,Joey Bada$$ - Zipcodes (Official Video),Joey Bada$$,diddy gay,0
Joey Bada$$,Boom bap / Lyric,Fy3070QgHV0,Joey Bada$$ - Zipcodes (Official Video),Joey Bada$$,God bless,1
Joey Bada$$,Boom bap / Lyric,Fy3070QgHV0,Joey Bada$$ - Zipcodes (Official Video),Joey Bada$$,Wow,0
Joey Bada$$,Boom bap / Lyric,Fy3070QgHV0,Joey Bada$$ - Zipcodes (Official Video),Joey Bada$$,A better Nas. ..,0
Joey Bada$$,Boom bap / Lyric,Fy3070QgHV0,Joey Bada$$ - Zipcodes (Official Video),Joey Bada$$,Sounds alot like Platinum Chanel by Dom Kennedy,0
Joey Bada$$,Boom bap / Lyric,Fy3070QgHV0,Joey Bada$$ - Zipcodes (Official Video),Joey Bada$$,He owns the city. Badass for mayor.,0
Joey Bada$$,Boom bap / Lyric,Fy3070QgHV0,Joey Bada$$ - Zipcodes (Official Video),Joey Bada$$,Please tell me I’m not the only one that got that Larry David line,0
Joey Bada$$,Boom bap / Lyric,Fy3070QgHV0,Joey Bada$$ - Zipcodes (Official Video),Joey Bada$$,2:55,1
Joey Bada$$,Boom bap / Lyric,Fy3070QgHV0,Joey Bada$$ - Zipcodes (Official Video),Joey Bada$$,Big l,0
Joey Bada$$,Boom bap / Lyric,Fy3070QgHV0,Joey Bada$$ - Zipcodes (Official Video),Joey Bada$$,Lex bubble on the end tlkin his shit big TNT SHIT JU HURDD!!!!   🧨,0
Joey Bada$$,Boom bap / Lyric,Fy3070QgHV0,Joey Bada$$ - Zipcodes (Official Video),Joey Bada$$,chancho de angri bird,0
Joey Bada$$,Boom bap / Lyric,Fy3070QgHV0,Joey Bada$$ - Zipcodes (Official Video),Joey Bada$$,"The great,my nigga❤❤❤",0
Joey Bada$$,Boom bap / Lyric,Fy3070QgHV0,Joey Bada$$ - Zipcodes (Official Video),Joey Bada$$,"My Favorite Song
Joey Bada$$ go in sooo hard on this right here, BANGA! Even tho Joey Bada$$ was just using that *AUTHENTIC VIEWs* to get poppin in the beginning it dont change the fact that he is a real talented trapper..",44
Joey Bada$$,Boom bap / Lyric,Fy3070QgHV0,Joey Bada$$ - Zipcodes (Official Video),Joey Bada$$,"I love his style, it has his own essense",0
Joey Bada$$,Boom bap / Lyric,Fy3070QgHV0,Joey Bada$$ - Zipcodes (Official Video),Joey Bada$$,"Imagine taking almost a decade for your sophomore album, and you say ""y'all some pros at procrastination"" like he ain't just take a decade off 😂",1
Joey Bada$$,Boom bap / Lyric,Fy3070QgHV0,Joey Bada$$ - Zipcodes (Official Video),Joey Bada$$,This giving me 80s vibes 🔥🔥🔥,0
Joey Bada$$,Boom bap / Lyric,Fy3070QgHV0,Joey Bada$$ - Zipcodes (Official Video),Joey Bada$$,かっこよすぎる,3
Joey Bada$$,Boom bap / Lyric,Fy3070QgHV0,Joey Bada$$ - Zipcodes (Official Video),Joey Bada$$,Produced by??🔥🔥🔥,0
Joey Bada$$,Boom bap / Lyric,Fy3070QgHV0,Joey Bada$$ - Zipcodes (Official Video),Joey Bada$$,One of the few traditional Hip Hop artist to sample an 80's City Pop track,0
Joey Bada$$,Boom bap / Lyric,Fy3070QgHV0,Joey Bada$$ - Zipcodes (Official Video),Joey Bada$$,This guy smooth like drawn butta for crabs 🦀 I’m sayin’,0
Joey Bada$$,Boom bap / Lyric,Fy3070QgHV0,Joey Bada$$ - Zipcodes (Official Video),Joey Bada$$,"I feel rich, well im actually rich. Music to go with my Benzo shit",0
Joey Bada$$,Boom bap / Lyric,Fy3070QgHV0,Joey Bada$$ - Zipcodes (Official Video),Joey Bada$$,"Joey ❤ 
I know one day I will be blessed to do a track with you",0
Joey Bada$$,Boom bap / Lyric,Fy3070QgHV0,Joey Bada$$ - Zipcodes (Official Video),Joey Bada$$,Hearing this song played live was transcendent,0
Joey Bada$$,Boom bap / Lyric,Fy3070QgHV0,Joey Bada$$ - Zipcodes (Official Video),Joey Bada$$,Real talk joey is a god.,0
Joey Bada$$,Boom bap / Lyric,Fy3070QgHV0,Joey Bada$$ - Zipcodes (Official Video),Joey Bada$$,MF DOOM bar is nuts,0
Joey Bada$$,Boom bap / Lyric,Fy3070QgHV0,Joey Bada$$ - Zipcodes (Official Video),Joey Bada$$,Joey is before his time 🔥🔥🔥🔥🔥,0
Joey Bada$$,Boom bap / Lyric,Fy3070QgHV0,Joey Bada$$ - Zipcodes (Official Video),Joey Bada$$,Zipcodes Jammer That's Jamming.,1
Joey Bada$$,Boom bap / Lyric,Fy3070QgHV0,Joey Bada$$ - Zipcodes (Official Video),Joey Bada$$,"Funky, soul, hip hop,rap, RnB intemporel à souhait, les origines, la base . Je ne vieilli pas quand j'écoute ses sons😊",0
Joey Bada$$,Boom bap / Lyric,Fy3070QgHV0,Joey Bada$$ - Zipcodes (Official Video),Joey Bada$$,❤️‍🔥❤️‍🔥❤️‍🔥❤️‍🔥❤️‍🔥❤️‍🔥❤️‍🔥❤️‍🔥,0
Joey Bada$$,Boom bap / Lyric,Fy3070QgHV0,Joey Bada$$ - Zipcodes (Official Video),Joey Bada$$,🔥🔥,0
Joey Bada$$,Boom bap / Lyric,Fy3070QgHV0,Joey Bada$$ - Zipcodes (Official Video),Joey Bada$$,You really have a dope message I'm glad I saw you in the interview with 19keys,0
Joey Bada$$,Boom bap / Lyric,Fy3070QgHV0,Joey Bada$$ - Zipcodes (Official Video),Joey Bada$$,"This shit sound like golden era hip hop, im talking 30 keys under the courthouse 😂.",0
Joey Bada$$,Boom bap / Lyric,Fy3070QgHV0,Joey Bada$$ - Zipcodes (Official Video),Joey Bada$$,Where my nicca Chuck?,0
Joey Bada$$,Boom bap / Lyric,Fy3070QgHV0,Joey Bada$$ - Zipcodes (Official Video),Joey Bada$$,"Somebody can explain these bars??

""Curb your enthusiasm
It's the Creature from the Black Lagoon, snatch your Julie Adams
Most niggas really pooms when you wave the toolie at em' (Boom, boom)
Could've made the Goonies clap
But masked up like MF DOOM, don't know what truly had (Rest in peace)""",0
Joey Bada$$,Boom bap / Lyric,Fy3070QgHV0,Joey Bada$$ - Zipcodes (Official Video),Joey Bada$$,I just found this joey been that guy,0
Joey Bada$$,Boom bap / Lyric,Fy3070QgHV0,Joey Bada$$ - Zipcodes (Official Video),Joey Bada$$,I could like this over & over again!,1
Joey Bada$$,Boom bap / Lyric,Fy3070QgHV0,Joey Bada$$ - Zipcodes (Official Video),Joey Bada$$,Top 1% is Struggling,0
Joey Bada$$,Boom bap / Lyric,Fy3070QgHV0,Joey Bada$$ - Zipcodes (Official Video),Joey Bada$$,My fav song off this album,6
Joey Bada$$,Boom bap / Lyric,Fy3070QgHV0,Joey Bada$$ - Zipcodes (Official Video),Joey Bada$$,Respect my General always blessings like Raindrops King ❤️👑,2
Joey Bada$$,Boom bap / Lyric,Fy3070QgHV0,Joey Bada$$ - Zipcodes (Official Video),Joey Bada$$,https://youtu.be/0WGPP_3BPPQ,0
Joey Bada$$,Boom bap / Lyric,Fy3070QgHV0,Joey Bada$$ - Zipcodes (Official Video),Joey Bada$$,Loooooord. Heaaaavy. Fckn creamy softly smoothy freshy viiiiiibeeeeeee. Craaaazzy 4 h.h.since 92 young kidz. Respact h. H,0
Joey Bada$$,Boom bap / Lyric,Fy3070QgHV0,Joey Bada$$ - Zipcodes (Official Video),Joey Bada$$,Glad you're from my island 🏝️ bruh you make me proud to 🇱🇨🇱🇨🇱🇨💥💥💥💯💯💯✅,0
Joey Bada$$,Boom bap / Lyric,Fy3070QgHV0,Joey Bada$$ - Zipcodes (Official Video),Joey Bada$$,When he dropped the chardonnay line I started dread shaking tweaking with this 40 cal and 40oz,0
Joey Bada$$,Boom bap / Lyric,Fy3070QgHV0,Joey Bada$$ - Zipcodes (Official Video),Joey Bada$$,This video has the cleanest photographs foreal,5
Joey Bada$$,Boom bap / Lyric,Fy3070QgHV0,Joey Bada$$ - Zipcodes (Official Video),Joey Bada$$,Yeah this hip hop 💯,1
Joey Bada$$,Boom bap / Lyric,Fy3070QgHV0,Joey Bada$$ - Zipcodes (Official Video),Joey Bada$$,Too smooth wid it,0
Joey Bada$$,Boom bap / Lyric,Fy3070QgHV0,Joey Bada$$ - Zipcodes (Official Video),Joey Bada$$,"That is music, brother, keep it up ❤️ I really enjoy this that they do it with passion, love, not that many people do it and they don't know what they are saying",0
Joey Bada$$,Boom bap / Lyric,Fy3070QgHV0,Joey Bada$$ - Zipcodes (Official Video),Joey Bada$$,"long live joey, never stop making music
Hip hop Boom bap forever 🔥🔥🔥🇲🇽🇲🇽",5
Joey Bada$$,Boom bap / Lyric,Fy3070QgHV0,Joey Bada$$ - Zipcodes (Official Video),Joey Bada$$,Joey is my favorite rapper of all time,1
Joey Bada$$,Boom bap / Lyric,Fy3070QgHV0,Joey Bada$$ - Zipcodes (Official Video),Joey Bada$$,G.O.A.T 🚀,0
Joey Bada$$,Boom bap / Lyric,Fy3070QgHV0,Joey Bada$$ - Zipcodes (Official Video),Joey Bada$$,That 90's vibe era I wanted to be born in.🔥,1
Joey Bada$$,Boom bap / Lyric,Fy3070QgHV0,Joey Bada$$ - Zipcodes (Official Video),Joey Bada$$,Joey Badass is the truth. 🔥,0
Joey Bada$$,Boom bap / Lyric,Fy3070QgHV0,Joey Bada$$ - Zipcodes (Official Video),Joey Bada$$,Joey is the real definition of underrated,2
Joey Bada$$,Boom bap / Lyric,Fy3070QgHV0,Joey Bada$$ - Zipcodes (Official Video),Joey Bada$$,BIG VIBE,0
Joey Bada$$,Boom bap / Lyric,Fy3070QgHV0,Joey Bada$$ - Zipcodes (Official Video),Joey Bada$$,"The photo with him & ab-soul 😢 , love it ❤.",1
Joey Bada$$,Boom bap / Lyric,Fy3070QgHV0,Joey Bada$$ - Zipcodes (Official Video),Joey Bada$$,"go utsd
wdsaw",0
Joey Bada$$,Boom bap / Lyric,Fy3070QgHV0,Joey Bada$$ - Zipcodes (Official Video),Joey Bada$$,"""But masked up like MF DOOM, don't know what truly had"" Joey here mentioning the real GOAT. Sad to lose our villainous hero, glad to still have you to lift our spirits.",0
Joey Bada$$,Boom bap / Lyric,Fy3070QgHV0,Joey Bada$$ - Zipcodes (Official Video),Joey Bada$$,Old school vibe....,0
Joey Bada$$,Boom bap / Lyric,Fy3070QgHV0,Joey Bada$$ - Zipcodes (Official Video),Joey Bada$$,Joey I know you might see this but you most likely won't remember me but you met me on your EFNYtour in cali but you signed my shirt and and you are still from that day @joeybada$$,1
Joey Bada$$,Boom bap / Lyric,Fy3070QgHV0,Joey Bada$$ - Zipcodes (Official Video),Joey Bada$$,Its crazy cause he was born in 95 so he barely lived in the 90s and was still a young kid in the 00’s so he really didn’t get to experience being grown in that era but he makes me feel like hes my age (40) i was already 20 by 2002.. he gives nostalgic vibes,14
Joey Bada$$,Boom bap / Lyric,Fy3070QgHV0,Joey Bada$$ - Zipcodes (Official Video),Joey Bada$$,joey ur music is beautiful,0
Joey Bada$$,Boom bap / Lyric,Fy3070QgHV0,Joey Bada$$ - Zipcodes (Official Video),Joey Bada$$,ABC,0
Joey Bada$$,Boom bap / Lyric,Fy3070QgHV0,Joey Bada$$ - Zipcodes (Official Video),Joey Bada$$,A new fav number thanks to tha 🐐 this goes too hard you’re blessing the world with this sound favorite song and rapper of all time by far,0
Joey Bada$$,Boom bap / Lyric,Fy3070QgHV0,Joey Bada$$ - Zipcodes (Official Video),Joey Bada$$,Nice,0
Joey Bada$$,Boom bap / Lyric,Fy3070QgHV0,Joey Bada$$ - Zipcodes (Official Video),Joey Bada$$,"joey bada$$ is literally my type of rap artist, any shit he comes out with i always fuck with",1
Joey Bada$$,Boom bap / Lyric,Fy3070QgHV0,Joey Bada$$ - Zipcodes (Official Video),Joey Bada$$,the beat🥰🥲,0
Joey Bada$$,Boom bap / Lyric,Fy3070QgHV0,Joey Bada$$ - Zipcodes (Official Video),Joey Bada$$,Best song he’s ever made in my opinion,0
Joey Bada$$,Boom bap / Lyric,Fy3070QgHV0,Joey Bada$$ - Zipcodes (Official Video),Joey Bada$$,Most underrated.,0
Joey Bada$$,Boom bap / Lyric,Fy3070QgHV0,Joey Bada$$ - Zipcodes (Official Video),Joey Bada$$,This my man g😮‍💨,0
Joey Bada$$,Boom bap / Lyric,Fy3070QgHV0,Joey Bada$$ - Zipcodes (Official Video),Joey Bada$$,Always 🐆❤️‍🔥,1
Joey Bada$$,Boom bap / Lyric,Fy3070QgHV0,Joey Bada$$ - Zipcodes (Official Video),Joey Bada$$,🏆🏆🏆🏆,0
Joey Bada$$,Boom bap / Lyric,Fy3070QgHV0,Joey Bada$$ - Zipcodes (Official Video),Joey Bada$$,🔥🔥🔥,0
Joey Bada$$,Boom bap / Lyric,Fy3070QgHV0,Joey Bada$$ - Zipcodes (Official Video),Joey Bada$$,Been listening to Joey for like 8-9y now and holy it seems he didnt change but the elevation this guy went trough is NASTY and Beautiful at the same time,0
Joey Bada$$,Boom bap / Lyric,Fy3070QgHV0,Joey Bada$$ - Zipcodes (Official Video),Joey Bada$$,This is like going to school of life really,1
Joey Bada$$,Boom bap / Lyric,Fy3070QgHV0,Joey Bada$$ - Zipcodes (Official Video),Joey Bada$$,great visual solid edits,2
Joey Bada$$,Boom bap / Lyric,Fy3070QgHV0,Joey Bada$$ - Zipcodes (Official Video),Joey Bada$$,"""Kirk Knight on the beat makes my cypher complete"" a nod to Nas' ""Suede Timbs on my feet make my cypher complete"" on the ""The World is Yours""",2
Joey Bada$$,Boom bap / Lyric,Fy3070QgHV0,Joey Bada$$ - Zipcodes (Official Video),Joey Bada$$,😍😍😍😍,1
Joey Bada$$,Boom bap / Lyric,Fy3070QgHV0,Joey Bada$$ - Zipcodes (Official Video),Joey Bada$$,"My boy Joey a Top 5 rapper, ain’t no debate 💯💯",1
Joey Bada$$,Boom bap / Lyric,Fy3070QgHV0,Joey Bada$$ - Zipcodes (Official Video),Joey Bada$$,Can't stop listening to this one,0
Joey Bada$$,Boom bap / Lyric,Fy3070QgHV0,Joey Bada$$ - Zipcodes (Official Video),Joey Bada$$,I can feel that 90’s vibe,4
Joey Bada$$,Boom bap / Lyric,Fy3070QgHV0,Joey Bada$$ - Zipcodes (Official Video),Joey Bada$$,"Coming up
Vibes",0
Joey Bada$$,Boom bap / Lyric,Fy3070QgHV0,Joey Bada$$ - Zipcodes (Official Video),Joey Bada$$,Love the throwback look and vibe of this video. Joey holding it down for us that enjoy stories with our Hip-Hop 🔥,5
Joey Bada$$,Boom bap / Lyric,Fy3070QgHV0,Joey Bada$$ - Zipcodes (Official Video),Joey Bada$$,snapped on this joint cuz,0
Joey Bada$$,Boom bap / Lyric,Fy3070QgHV0,Joey Bada$$ - Zipcodes (Official Video),Joey Bada$$,Stuck in the elevator with this and Almost forgot that I was locked up,0
Joey Bada$$,Boom bap / Lyric,Fy3070QgHV0,Joey Bada$$ - Zipcodes (Official Video),Joey Bada$$,Can y’all please give my music a chance🙏🏾,0
Joey Bada$$,Boom bap / Lyric,Fy3070QgHV0,Joey Bada$$ - Zipcodes (Official Video),Joey Bada$$,Love this,0
Joey Bada$$,Boom bap / Lyric,Fy3070QgHV0,Joey Bada$$ - Zipcodes (Official Video),Joey Bada$$,Joey got a timeless style. The 90s is badass,8
Joey Bada$$,Boom bap / Lyric,Fy3070QgHV0,Joey Bada$$ - Zipcodes (Official Video),Joey Bada$$,Loving Joey Bad$$. Reminds me old school hip hop. ❤,0
Joey Bada$$,Boom bap / Lyric,Fy3070QgHV0,Joey Bada$$ - Zipcodes (Official Video),Joey Bada$$,This album is for sure a classic!,0
Joey Bada$$,Boom bap / Lyric,Fy3070QgHV0,Joey Bada$$ - Zipcodes (Official Video),Joey Bada$$,THIS PROVES HIP HOP IS NOT DEAD!!,1
Joey Bada$$,Boom bap / Lyric,Fy3070QgHV0,Joey Bada$$ - Zipcodes (Official Video),Joey Bada$$,Big L vibes,0
Joey Bada$$,Boom bap / Lyric,Fy3070QgHV0,Joey Bada$$ - Zipcodes (Official Video),Joey Bada$$,Amazing 👏🏽 90z flow my type of vibez,0
Joey Bada$$,Boom bap / Lyric,Fy3070QgHV0,Joey Bada$$ - Zipcodes (Official Video),Joey Bada$$,Y2K.,0
Joey Bada$$,Boom bap / Lyric,Fy3070QgHV0,Joey Bada$$ - Zipcodes (Official Video),Joey Bada$$,"Much respect for Joeyy. I pray he lives long enough to continue dropping fire hits. And we the fans too, I mean we deserve to grow with our boy.  A like is a toast to that👍",16
Joey Bada$$,Boom bap / Lyric,Fy3070QgHV0,Joey Bada$$ - Zipcodes (Official Video),Joey Bada$$,He is so dope...so refreshing ♥,0
Joey Bada$$,Boom bap / Lyric,Fy3070QgHV0,Joey Bada$$ - Zipcodes (Official Video),Joey Bada$$,2000=🔥🔥,1
Joey Bada$$,Boom bap / Lyric,Fy3070QgHV0,Joey Bada$$ - Zipcodes (Official Video),Joey Bada$$,Okay so this may favorite track off this album 🔥🔥🔥🔥🔥🔥🔥🔥,0
Joey Bada$$,Boom bap / Lyric,Fy3070QgHV0,Joey Bada$$ - Zipcodes (Official Video),Joey Bada$$,🎉,0
Joey Bada$$,Boom bap / Lyric,Fy3070QgHV0,Joey Bada$$ - Zipcodes (Official Video),Joey Bada$$,This is real rap not that new shit,1
Joey Bada$$,Boom bap / Lyric,Fy3070QgHV0,Joey Bada$$ - Zipcodes (Official Video),Joey Bada$$,Hard hard 🔥🔥🔥🔥🤮,0
Joey Bada$$,Boom bap / Lyric,Fy3070QgHV0,Joey Bada$$ - Zipcodes (Official Video),Joey Bada$$,"The crazy part is if they didn’t have problems, I could definitely hear Troy Ave on this track too. It’s crazy what hip hop beef doesn’t allow us to get. Solid track tho 💯",0
Joey Bada$$,Boom bap / Lyric,Fy3070QgHV0,Joey Bada$$ - Zipcodes (Official Video),Joey Bada$$,"I was starting to worry that rap had lost its way. No groove, wack ""beats,"" no style. This is refreshing.",0
Joey Bada$$,Boom bap / Lyric,Fy3070QgHV0,Joey Bada$$ - Zipcodes (Official Video),Joey Bada$$,FREE KING CAPITAL,0
Joey Bada$$,Boom bap / Lyric,Fy3070QgHV0,Joey Bada$$ - Zipcodes (Official Video),Joey Bada$$,Brooklyn we just a different type of vibe that you got to love❤,0
Joey Bada$$,Boom bap / Lyric,Fy3070QgHV0,Joey Bada$$ - Zipcodes (Official Video),Joey Bada$$,Yesssss! I love it!,0
Joey Bada$$,Boom bap / Lyric,Fy3070QgHV0,Joey Bada$$ - Zipcodes (Official Video),Joey Bada$$,My first time listening to him. DOPE!!!,0
Joey Bada$$,Boom bap / Lyric,Fy3070QgHV0,Joey Bada$$ - Zipcodes (Official Video),Joey Bada$$,Giving me them max b vibes 🔥 🔥 keep that classic Ny sound coming bars !,0
Joey Bada$$,Boom bap / Lyric,Fy3070QgHV0,Joey Bada$$ - Zipcodes (Official Video),Joey Bada$$,🔥💯,0
Joey Bada$$,Boom bap / Lyric,Fy3070QgHV0,Joey Bada$$ - Zipcodes (Official Video),Joey Bada$$,I love the 90's feel,0
Joey Bada$$,Boom bap / Lyric,Fy3070QgHV0,Joey Bada$$ - Zipcodes (Official Video),Joey Bada$$,That dude brought WTC on his feet !,0
Joey Bada$$,Boom bap / Lyric,Fy3070QgHV0,Joey Bada$$ - Zipcodes (Official Video),Joey Bada$$,but a good song  joey bad$$,0
Joey Bada$$,Boom bap / Lyric,Fy3070QgHV0,Joey Bada$$ - Zipcodes (Official Video),Joey Bada$$,😍😍😍😍😍,0
Joey Bada$$,Boom bap / Lyric,Fy3070QgHV0,Joey Bada$$ - Zipcodes (Official Video),Joey Bada$$,J badman,0
Joey Bada$$,Boom bap / Lyric,Fy3070QgHV0,Joey Bada$$ - Zipcodes (Official Video),Joey Bada$$,Sell out too soon,0
Joey Bada$$,Boom bap / Lyric,Fy3070QgHV0,Joey Bada$$ - Zipcodes (Official Video),Joey Bada$$,"Oldschool vibez only 😎✌🏿
thats why we fw U 
Shiiiiii always 🔥🔥🔥🔥🔥",0
Joey Bada$$,Boom bap / Lyric,Fy3070QgHV0,Joey Bada$$ - Zipcodes (Official Video),Joey Bada$$,🔥🔥🔥🔥🔥🔥🔥🔥🔥🔥🔥🔥🔥🔥🔥🔥🔥🔥🔥🔥🔥🔥🔥🔥🔥🔥🔥🔥🔥🔥🔥🔥🔥🔥🔥🔥🔥🔥🔥🔥🔥🔥🔥🔥🔥🔥🔥🔥🔥🔥🔥🔥🔥🔥🔥🔥🔥🔥🔥🔥🔥🔥🔥🔥🔥🔥🔥🔥🔥🔥🔥🔥🔥🔥🔥🔥🔥🔥🔥🔥🔥🔥🔥🔥🔥🔥🔥🔥🔥🔥🔥🔥,1
Joey Bada$$,Boom bap / Lyric,Fy3070QgHV0,Joey Bada$$ - Zipcodes (Official Video),Joey Bada$$,"Best track i heard for the 2022! Thanks bro. ""Best money that ya ever spend i promise"".... whole album is underrated! 5 mics for real🔥🎤",2
Joey Bada$$,Boom bap / Lyric,Fy3070QgHV0,Joey Bada$$ - Zipcodes (Official Video),Joey Bada$$,"God Bless, I pray for you.",0
Joey Bada$$,Boom bap / Lyric,Fy3070QgHV0,Joey Bada$$ - Zipcodes (Official Video),Joey Bada$$,Jesus Saves All,0
Joey Bada$$,Boom bap / Lyric,Fy3070QgHV0,Joey Bada$$ - Zipcodes (Official Video),Joey Bada$$,💜🐼💙,1
Joey Bada$$,Boom bap / Lyric,Fy3070QgHV0,Joey Bada$$ - Zipcodes (Official Video),Joey Bada$$,"I've got a newborn and whenever i play this tune, he stops crying 💯👌🏾... The album is 🔥🔥",1
Joey Bada$$,Boom bap / Lyric,Fy3070QgHV0,Joey Bada$$ - Zipcodes (Official Video),Joey Bada$$,💖💖💖💖💖💖💖💖💖💖💖💖💖💖,1
Joey Bada$$,Boom bap / Lyric,Fy3070QgHV0,Joey Bada$$ - Zipcodes (Official Video),Joey Bada$$,I don’t think we’ll ever hear this guy on a drill beat n I think that is dope Af,0
Joey Bada$$,Boom bap / Lyric,Fy3070QgHV0,Joey Bada$$ - Zipcodes (Official Video),Joey Bada$$,"Even though I am more  into emo rap like carti,, trippie, uzi, ken etc and I don't really listen that 90's vibe I am glad there are still talented artists who do that genre.",0
Joey Bada$$,Boom bap / Lyric,Fy3070QgHV0,Joey Bada$$ - Zipcodes (Official Video),Joey Bada$$,Know you that Emcee When Nas & Krs Mentions your Name!!,0
Joey Bada$$,Boom bap / Lyric,Fy3070QgHV0,Joey Bada$$ - Zipcodes (Official Video),Joey Bada$$,"Joey. You deserve that shit my nigga, makes me wanna grind harder. Gotta see Paris too",0
Joey Bada$$,Boom bap / Lyric,Fy3070QgHV0,Joey Bada$$ - Zipcodes (Official Video),Joey Bada$$,This man is Mr. 90s for real,0
Joey Bada$$,Boom bap / Lyric,Fy3070QgHV0,Joey Bada$$ - Zipcodes (Official Video),Joey Bada$$,I was born in the 70's - was not going to listen to a guy named Joey Badass- I am glad I got real homies to put me on- Im about to rock this young mans music for a minute - make up for what I missed,0
Joey Bada$$,Boom bap / Lyric,Fy3070QgHV0,Joey Bada$$ - Zipcodes (Official Video),Joey Bada$$,🔥🔥🔥,0
Joey Bada$$,Boom bap / Lyric,Fy3070QgHV0,Joey Bada$$ - Zipcodes (Official Video),Joey Bada$$,i just love him!!! omgggg ❤. 90’s vibe check! 😍,0
Joey Bada$$,Boom bap / Lyric,Fy3070QgHV0,Joey Bada$$ - Zipcodes (Official Video),Joey Bada$$,He looks like k shine,0
Joey Bada$$,Boom bap / Lyric,Fy3070QgHV0,Joey Bada$$ - Zipcodes (Official Video),Joey Bada$$,Str8 90's💋,0
Joey Bada$$,Boom bap / Lyric,Fy3070QgHV0,Joey Bada$$ - Zipcodes (Official Video),Joey Bada$$,"Still coming with the fire old school sound he came with in the begining of his career, glad to see joey hasn't switched up on the fans who stuck with him since day one🤙",0
Joey Bada$$,Boom bap / Lyric,Fy3070QgHV0,Joey Bada$$ - Zipcodes (Official Video),Joey Bada$$,Very underrated beat is crazy,3
Joey Bada$$,Boom bap / Lyric,Fy3070QgHV0,Joey Bada$$ - Zipcodes (Official Video),Joey Bada$$,"1999 baby ,,, we love u joey",0
Joey Bada$$,Boom bap / Lyric,Fy3070QgHV0,Joey Bada$$ - Zipcodes (Official Video),Joey Bada$$,"I think Joey plays ""Unique better than himself",1
Joey Bada$$,Boom bap / Lyric,Fy3070QgHV0,Joey Bada$$ - Zipcodes (Official Video),Joey Bada$$,Him and Rome Streetz sound familiar lol,0
Joey Bada$$,Boom bap / Lyric,Fy3070QgHV0,Joey Bada$$ - Zipcodes (Official Video),Joey Bada$$,🔥,1
Joey Bada$$,Boom bap / Lyric,Fy3070QgHV0,Joey Bada$$ - Zipcodes (Official Video),Joey Bada$$,🥰🥰🥰,0
Joey Bada$$,Boom bap / Lyric,Fy3070QgHV0,Joey Bada$$ - Zipcodes (Official Video),Joey Bada$$,great one. word to Kirk Neezy on the beat,0
Joey Bada$$,Boom bap / Lyric,Fy3070QgHV0,Joey Bada$$ - Zipcodes (Official Video),Joey Bada$$,How is he only 27?? I’m from NY and this brings me back to the 90’s in NYC.. Raising Kanan brought me here!,0
Joey Bada$$,Boom bap / Lyric,Fy3070QgHV0,Joey Bada$$ - Zipcodes (Official Video),Joey Bada$$,Joey is that dude yo. On repeat.  Literally on repeat,0
Joey Bada$$,Boom bap / Lyric,Fy3070QgHV0,Joey Bada$$ - Zipcodes (Official Video),Joey Bada$$,Then he killing it im Power: Book 3. Didn't know he drops fire like this!!!,0
Joey Bada$$,Boom bap / Lyric,Fy3070QgHV0,Joey Bada$$ - Zipcodes (Official Video),Joey Bada$$,I love how his music always sounds retro and modern at the same time,183
Joey Bada$$,Boom bap / Lyric,Fy3070QgHV0,Joey Bada$$ - Zipcodes (Official Video),Joey Bada$$,Again. This got infinite spins this summer. I love this song.,3
Joey Bada$$,Boom bap / Lyric,Fy3070QgHV0,Joey Bada$$ - Zipcodes (Official Video),Joey Bada$$,Incredible,0
Joey Bada$$,Boom bap / Lyric,Fy3070QgHV0,Joey Bada$$ - Zipcodes (Official Video),Joey Bada$$,God I love Joey. So in it to win it,0
Joey Bada$$,Boom bap / Lyric,Fy3070QgHV0,Joey Bada$$ - Zipcodes (Official Video),Joey Bada$$,Sample???,0
Joey Bada$$,Boom bap / Lyric,Fy3070QgHV0,Joey Bada$$ - Zipcodes (Official Video),Joey Bada$$,90s great music 🎉true rap,0
Joey Bada$$,Boom bap / Lyric,Fy3070QgHV0,Joey Bada$$ - Zipcodes (Official Video),Joey Bada$$,this aint joey this unique lol,1
Joey Bada$$,Boom bap / Lyric,Fy3070QgHV0,Joey Bada$$ - Zipcodes (Official Video),Joey Bada$$,This vid tuff rs rs,0
Joey Bada$$,Boom bap / Lyric,Fy3070QgHV0,Joey Bada$$ - Zipcodes (Official Video),Joey Bada$$,Much respect Joey luv this one,0
Joey Bada$$,Boom bap / Lyric,Fy3070QgHV0,Joey Bada$$ - Zipcodes (Official Video),Joey Bada$$,Perfect flow🎉,0
Joey Bada$$,Boom bap / Lyric,Fy3070QgHV0,Joey Bada$$ - Zipcodes (Official Video),Joey Bada$$,Joey is back 🙌💯,0
Joey Bada$$,Boom bap / Lyric,Fy3070QgHV0,Joey Bada$$ - Zipcodes (Official Video),Joey Bada$$,I miss the 1999-2003 era. Good times.,0
Joey Bada$$,Boom bap / Lyric,Fy3070QgHV0,Joey Bada$$ - Zipcodes (Official Video),Joey Bada$$,🔥🔥,0
Joey Bada$$,Boom bap / Lyric,Fy3070QgHV0,Joey Bada$$ - Zipcodes (Official Video),Joey Bada$$,Nik,0
Joey Bada$$,Boom bap / Lyric,Fy3070QgHV0,Joey Bada$$ - Zipcodes (Official Video),Joey Bada$$,"I uploaded some music, if y’all listen I would really appreciate that🙏",0
Joey Bada$$,Boom bap / Lyric,Fy3070QgHV0,Joey Bada$$ - Zipcodes (Official Video),Joey Bada$$,Joey did it again🔥👍 Ima spark one to that,0
Joey Bada$$,Boom bap / Lyric,Fy3070QgHV0,Joey Bada$$ - Zipcodes (Official Video),Joey Bada$$,the maxwell nyc my new studio,1
Joey Bada$$,Boom bap / Lyric,Fy3070QgHV0,Joey Bada$$ - Zipcodes (Official Video),Joey Bada$$,Thank you Joey the Rap game needs you !!! Blessings stay safe 🙏 young G!!!,0
Joey Bada$$,Boom bap / Lyric,Fy3070QgHV0,Joey Bada$$ - Zipcodes (Official Video),Joey Bada$$,Nobody Cares!,0
Joey Bada$$,Boom bap / Lyric,Fy3070QgHV0,Joey Bada$$ - Zipcodes (Official Video),Joey Bada$$,Joey was talking on this jawn🔥🔥🔥,3
Joey Bada$$,Boom bap / Lyric,Fy3070QgHV0,Joey Bada$$ - Zipcodes (Official Video),Joey Bada$$,🔥🔥🔥🔥🔥,0
Joey Bada$$,Boom bap / Lyric,Fy3070QgHV0,Joey Bada$$ - Zipcodes (Official Video),Joey Bada$$,fits are insane thk,2
Joey Bada$$,Boom bap / Lyric,Fy3070QgHV0,Joey Bada$$ - Zipcodes (Official Video),Joey Bada$$,:),0
Joey Bada$$,Boom bap / Lyric,Fy3070QgHV0,Joey Bada$$ - Zipcodes (Official Video),Joey Bada$$,Joey my king 🥰,0
Joey Bada$$,Boom bap / Lyric,Fy3070QgHV0,Joey Bada$$ - Zipcodes (Official Video),Joey Bada$$,Nice🔥🔥🔥🔥🔥🔥🔥,2
Joey Bada$$,Boom bap / Lyric,Fy3070QgHV0,Joey Bada$$ - Zipcodes (Official Video),Joey Bada$$,Nice🔥🔥🔥🔥🔥🔥🔥,1
Joey Bada$$,Boom bap / Lyric,Fy3070QgHV0,Joey Bada$$ - Zipcodes (Official Video),Joey Bada$$,Among last few niggahs saving the rap game,1
Joey Bada$$,Boom bap / Lyric,Fy3070QgHV0,Joey Bada$$ - Zipcodes (Official Video),Joey Bada$$,one of my favourite track in 2000 🔥🔥🔥🔥,5
Joey Bada$$,Boom bap / Lyric,Fy3070QgHV0,Joey Bada$$ - Zipcodes (Official Video),Joey Bada$$,Joey a mf legend,1
Joey Bada$$,Boom bap / Lyric,Fy3070QgHV0,Joey Bada$$ - Zipcodes (Official Video),Joey Bada$$,Supporting my SR brother. Keep up the great work,1
Joey Bada$$,Boom bap / Lyric,Fy3070QgHV0,Joey Bada$$ - Zipcodes (Official Video),Joey Bada$$,"I have realised in rap music society, that good is bad, and bad is good.

Why is this please?

Murder - good.
Gang war - good.
Guns - good.
Sex with no marrying - good
Shooting people - good
Drug taking - good.
Drug selling - good.
Alcohol - good.
Gambling - good.
Prison - good.
Showing off - good
'Motherfucker' - good
'Nigga' - good.
Gangster people - good",0
Joey Bada$$,Boom bap / Lyric,Fy3070QgHV0,Joey Bada$$ - Zipcodes (Official Video),Joey Bada$$,Love it. ❤️,0
Joey Bada$$,Boom bap / Lyric,Fy3070QgHV0,Joey Bada$$ - Zipcodes (Official Video),Joey Bada$$,Finally good hip hop,1
Joey Bada$$,Boom bap / Lyric,Fy3070QgHV0,Joey Bada$$ - Zipcodes (Official Video),Joey Bada$$,👑,0
Joey Bada$$,Boom bap / Lyric,Fy3070QgHV0,Joey Bada$$ - Zipcodes (Official Video),Joey Bada$$,Ron howard,0
Joey Bada$$,Boom bap / Lyric,Fy3070QgHV0,Joey Bada$$ - Zipcodes (Official Video),Joey Bada$$,"Joey is that guy, flow is effortless with the word play mixing in. Been a fan since i first heard him 🙌",0
Joey Bada$$,Boom bap / Lyric,Fy3070QgHV0,Joey Bada$$ - Zipcodes (Official Video),Joey Bada$$,you da realest joey,1
Joey Bada$$,Boom bap / Lyric,Fy3070QgHV0,Joey Bada$$ - Zipcodes (Official Video),Joey Bada$$,lord lord,2
Joey Bada$$,Boom bap / Lyric,Fy3070QgHV0,Joey Bada$$ - Zipcodes (Official Video),Joey Bada$$,I know those aren't real gang signs.  4:14  I know hip hop is all the same now.,0
Joey Bada$$,Boom bap / Lyric,Fy3070QgHV0,Joey Bada$$ - Zipcodes (Official Video),Joey Bada$$,unique got bars cuh,0
Joey Bada$$,Boom bap / Lyric,Fy3070QgHV0,Joey Bada$$ - Zipcodes (Official Video),Joey Bada$$,"""Most Underrated; Least they ain't never underpay em!!!",0
Joey Bada$$,Boom bap / Lyric,Fy3070QgHV0,Joey Bada$$ - Zipcodes (Official Video),Joey Bada$$,WHY IS HIS MUSIC SO GOOOOODDDDDDDDDD???,3
Joey Bada$$,Boom bap / Lyric,Fy3070QgHV0,Joey Bada$$ - Zipcodes (Official Video),Joey Bada$$,"Thy lyrics 


Hahaha
You know what I'm sayin'? Look
We gon' talk our shit on this one (talk your shit)
Kirk Knight on the beat, keep my cypher complete, look (complete, look)
$40K for the Rollie with the leather band, no time to parley
Life is too short, we came a long way
From pissy hallways to court-side up in Barclays (yeah)
Stuntin' is a sport, the way I'm ballin', we could all play (ballin')
My cup overflowin', I'm feelin' fine in this chardonnay
I dropped seven bands in Rick Owens, it was a calm day
Prices lookin' like a zip code, I switch zones when it get cold
So they gon' have to throw they shade from far away
I brought it in, walkin' with your broad down broadway
Skip the foreplay and brought her back to where the Don lay
It's Brooklyn, get your chain taken lookin' like entrées
Parted in my origin, get your troops, call 'em in
I gave 'em fair warnings
I'm up late nights and early mornings
I got a little buzz, I can't afford to miss my callin' now
Be the first to arrive and last to leave
Dropped out of school, still voted most likely to succeed (ow)
Said I do this with the ease, I collect my fees and then I breeze
Neck on freeze like it's below 32 degrees, check my steez
Hold up, nigga, nigga, nigga (please)
Look, off top for the speculation (yeah)
If rap was a stock, I have a hundred million in evaluation
A hundred thousand hours and you niggas only master masturbation
Y'all some pros at procrastination (hahaha)
I tax those who act slow, never had patience (never had)
My cat flow got you fat souls in fascination (haha)
I made her make it clap, then I told her congratulations (yeah)
You fuckin' with the realest cat since Larry David
Curvy enthusiast, it's Laquesha from the black lagoon, snatch your jewelry ass
Most niggas really pawns when you wave the toolie at em' (boom, boom)
Could've made the goonies clap
But masked up like mf doom, don't know what truly had (rest in peace)
And firstly, all my wolves is blood thirsty (yeah)
Ready to shoot from mid range like they James Worthy
Don't let them niggas try to hurt me (try)
He gon' see some bloodhounds, some blue flags
Duck down or move fast and push your own kuf' back, nigga
Said I do this with the ease, I collect my fees and then I breeze
Neck on freeze like it's below 32 degrees, check my steez
Hold up, nigga, nigga, nigga (please)
Look
I can show you how to get lit and don't blow it (uh)
'Cause when you really start gettin' rich, ain't gotta show it (that's right)
Lifestyle golden, my nigga, now that's trojan (facts)
Only magnum rounds when I bust and explode 'em
Eight figure nigga, so I'm always gettin' chosen
Middle of the summer, my ice is still frozen
I try to show these niggas the roast, they let it choke 'em
I got sick of playin' with niggas, I started coachin' (yeah)
I ain't worried 'bout y'all hands, 'cause y'all jokers (right)
Hit the Royal Flush on niggas, ain't talkin' poker (right)
Actin' like my shit don't stink when it's supposed to (right)
I'm laughin' on my way to the bank, I'm in that rover (haha)
Bitch, watch that drink on my couch, look, here's a coaster (here)
Had to cut back on my toast, get fully focused (focused)
Cadillac came with a toast, it's fully loaded (blah)
Ten years killin' this game, I'm really G.O.A.Ted, nigga (fuckin' G.O.A.T, nigga)
I'm the motherfuckin' greatest, nigga
I know you hate it, nigga, yeah
Most underrated, at least they ain't never underpayin'
Haha
I don't even know where to start
But you know, it's two thousand shit, man
If y'all wasn't around in the 2000s
You wouldn't know what really goin' on, you feel me?
We smokin', we drinkin'
It's good vibes, it's the right vibe
It's the player vibe
Two thousand, we gettin' this shit right
You feel me? All night
Take that, take that, 'cause Diddy was just right here, you heard me?
My nigga Joey Bada$$, two-fuckin'-thousand
We saw it in '99, but now we in two thousand
Even though we in 2022 I think, but who's countin'?
We just countin' money, ya dig?
I don't even know what to say
I'm just here, you feel me?",0
Joey Bada$$,Boom bap / Lyric,Fy3070QgHV0,Joey Bada$$ - Zipcodes (Official Video),Joey Bada$$,Ghetto Gospel,0
Joey Bada$$,Boom bap / Lyric,Fy3070QgHV0,Joey Bada$$ - Zipcodes (Official Video),Joey Bada$$,1:19 Joey really calling everyone out,0
Joey Bada$$,Boom bap / Lyric,Fy3070QgHV0,Joey Bada$$ - Zipcodes (Official Video),Joey Bada$$,watching this at 2am like 1:19,0
Joey Bada$$,Boom bap / Lyric,Fy3070QgHV0,Joey Bada$$ - Zipcodes (Official Video),Joey Bada$$,"this nigga fire on god 

🔥",1
Joey Bada$$,Boom bap / Lyric,Fy3070QgHV0,Joey Bada$$ - Zipcodes (Official Video),Joey Bada$$,Mad love from Boston MA ya heeeard supa slept on my boy 🗣 Big Blessings 🤞🏽,0
Joey Bada$$,Boom bap / Lyric,Fy3070QgHV0,Joey Bada$$ - Zipcodes (Official Video),Joey Bada$$,This song goes so hard it's ridiculous,0
Joey Bada$$,Boom bap / Lyric,Fy3070QgHV0,Joey Bada$$ - Zipcodes (Official Video),Joey Bada$$,Joey badass and cooking soul would be a sick collab,8
Joey Bada$$,Boom bap / Lyric,Fy3070QgHV0,Joey Bada$$ - Zipcodes (Official Video),Joey Bada$$,Boy you snapped. Thought with all that acting you lost it.,0
Joey Bada$$,Boom bap / Lyric,Fy3070QgHV0,Joey Bada$$ - Zipcodes (Official Video),Joey Bada$$,DOPE MC and Great Actor!!!!,0
Joey Bada$$,Boom bap / Lyric,Fy3070QgHV0,Joey Bada$$ - Zipcodes (Official Video),Joey Bada$$,i miss yung natty dread Joey this still 🔥,1
Joey Bada$$,Boom bap / Lyric,Fy3070QgHV0,Joey Bada$$ - Zipcodes (Official Video),Joey Bada$$,One of kirk knights best productions... Straight fire.. 🔥🔥💯,0
Joey Bada$$,Boom bap / Lyric,Fy3070QgHV0,Joey Bada$$ - Zipcodes (Official Video),Joey Bada$$,aaaahhh banger @@@,1
Joey Bada$$,Boom bap / Lyric,Fy3070QgHV0,Joey Bada$$ - Zipcodes (Official Video),Joey Bada$$,2000 is AMAZING!!!!!!!!!!!,0
Joey Bada$$,Boom bap / Lyric,Fy3070QgHV0,Joey Bada$$ - Zipcodes (Official Video),Joey Bada$$,I do it with ease,0
Joey Bada$$,Boom bap / Lyric,Fy3070QgHV0,Joey Bada$$ - Zipcodes (Official Video),Joey Bada$$,这首歌我太喜欢了,0
Joey Bada$$,Boom bap / Lyric,Fy3070QgHV0,Joey Bada$$ - Zipcodes (Official Video),Joey Bada$$,🔥🔥🔥🔥,0
Joey Bada$$,Boom bap / Lyric,Fy3070QgHV0,Joey Bada$$ - Zipcodes (Official Video),Joey Bada$$,The goat,0
Joey Bada$$,Boom bap / Lyric,Fy3070QgHV0,Joey Bada$$ - Zipcodes (Official Video),Joey Bada$$,Metal Gear Solid V: The Phantom Pain soundclip in the beat!,0
Joey Bada$$,Boom bap / Lyric,Fy3070QgHV0,Joey Bada$$ - Zipcodes (Official Video),Joey Bada$$,This give me that AZ school vibe !!!,1
Joey Bada$$,Boom bap / Lyric,Fy3070QgHV0,Joey Bada$$ - Zipcodes (Official Video),Joey Bada$$,Bro you do this old school flow yes sir💪🏿💪🏿💪🏿💪🏿💯💯💯💯💯💯🔥🔥🔥🔥🔥🔥🔥🔥🔥,0
Joey Bada$$,Boom bap / Lyric,Fy3070QgHV0,Joey Bada$$ - Zipcodes (Official Video),Joey Bada$$,What's with all this leviathan bling?,0
Joey Bada$$,Boom bap / Lyric,Fy3070QgHV0,Joey Bada$$ - Zipcodes (Official Video),Joey Bada$$,"Ha, just noticed he used that Metal Gear sound effect of when you get detected while sneaking. ",0
Joey Bada$$,Boom bap / Lyric,Fy3070QgHV0,Joey Bada$$ - Zipcodes (Official Video),Joey Bada$$,Joey sound like Mos Def fr,0
Joey Bada$$,Boom bap / Lyric,Fy3070QgHV0,Joey Bada$$ - Zipcodes (Official Video),Joey Bada$$,Beautiful,0
Joey Bada$$,Boom bap / Lyric,Fy3070QgHV0,Joey Bada$$ - Zipcodes (Official Video),Joey Bada$$,🔥🔥🔥,0
Joey Bada$$,Boom bap / Lyric,Fy3070QgHV0,Joey Bada$$ - Zipcodes (Official Video),Joey Bada$$,We need a Joey and j. Cole mix tape,0
Joey Bada$$,Boom bap / Lyric,Fy3070QgHV0,Joey Bada$$ - Zipcodes (Official Video),Joey Bada$$,❤️,0
Joey Bada$$,Boom bap / Lyric,Fy3070QgHV0,Joey Bada$$ - Zipcodes (Official Video),Joey Bada$$,Brooklyn!!! 🔥,2
Joey Bada$$,Boom bap / Lyric,Fy3070QgHV0,Joey Bada$$ - Zipcodes (Official Video),Joey Bada$$,Klassik 🔦📷🎬💯,0
Joey Bada$$,Boom bap / Lyric,Fy3070QgHV0,Joey Bada$$ - Zipcodes (Official Video),Joey Bada$$,Classic Joey,0
Joey Bada$$,Boom bap / Lyric,Fy3070QgHV0,Joey Bada$$ - Zipcodes (Official Video),Joey Bada$$,https://youtu.be/IbJddh8Zidw,0
Joey Bada$$,Boom bap / Lyric,Fy3070QgHV0,Joey Bada$$ - Zipcodes (Official Video),Joey Bada$$,Joey badass needs to make a song with @mastalenn,0
Joey Bada$$,Boom bap / Lyric,Fy3070QgHV0,Joey Bada$$ - Zipcodes (Official Video),Joey Bada$$,😬🔥🔥,0
Joey Bada$$,Boom bap / Lyric,Fy3070QgHV0,Joey Bada$$ - Zipcodes (Official Video),Joey Bada$$,Definitely MosDef'ish.,0
Joey Bada$$,Boom bap / Lyric,Fy3070QgHV0,Joey Bada$$ - Zipcodes (Official Video),Joey Bada$$,"This guy is so underrated, bar for bar one of the Illest!!!!",0
Joey Bada$$,Boom bap / Lyric,Fy3070QgHV0,Joey Bada$$ - Zipcodes (Official Video),Joey Bada$$,visuals always hit,0
Joey Bada$$,Boom bap / Lyric,Fy3070QgHV0,Joey Bada$$ - Zipcodes (Official Video),Joey Bada$$,Mos Def influence is crazy,0
Joey Bada$$,Boom bap / Lyric,Fy3070QgHV0,Joey Bada$$ - Zipcodes (Official Video),Joey Bada$$,I miss the 90s,0
Joey Bada$$,Boom bap / Lyric,Fy3070QgHV0,Joey Bada$$ - Zipcodes (Official Video),Joey Bada$$,New it was fire as soon as the song started,0
Joey Bada$$,Boom bap / Lyric,Fy3070QgHV0,Joey Bada$$ - Zipcodes (Official Video),Joey Bada$$,GREG 💎🥶,0
Joey Bada$$,Boom bap / Lyric,Fy3070QgHV0,Joey Bada$$ - Zipcodes (Official Video),Joey Bada$$,This joint is Hard!!,0
Joey Bada$$,Boom bap / Lyric,Fy3070QgHV0,Joey Bada$$ - Zipcodes (Official Video),Joey Bada$$,One of my favorite tracks 2000 it’s braggadocios,0
Joey Bada$$,Boom bap / Lyric,Fy3070QgHV0,Joey Bada$$ - Zipcodes (Official Video),Joey Bada$$,💥💥💥,0
Joey Bada$$,Boom bap / Lyric,Fy3070QgHV0,Joey Bada$$ - Zipcodes (Official Video),Joey Bada$$,This is what fans say when they want that old such and such...we aren't saying keep rapping the same way n keep talking about the same shit. We are talking about keep that same passion and hunger to make great music. Joey did that on this!,1
Joey Bada$$,Boom bap / Lyric,Fy3070QgHV0,Joey Bada$$ - Zipcodes (Official Video),Joey Bada$$,I'm 42 years young and been supporting joeybadass since 1999 until now such elegance with his music salute!!!!!!!!,0
Joey Bada$$,Boom bap / Lyric,Fy3070QgHV0,Joey Bada$$ - Zipcodes (Official Video),Joey Bada$$,much love from texas joey im go push yo shit intill they deaf wassup though?,0
Joey Bada$$,Boom bap / Lyric,Fy3070QgHV0,Joey Bada$$ - Zipcodes (Official Video),Joey Bada$$,Fool DELIVERED when he said he'll bring back those 1999 vibes,2
Joey Bada$$,Boom bap / Lyric,Fy3070QgHV0,Joey Bada$$ - Zipcodes (Official Video),Joey Bada$$,Best album of the year,0
Joey Bada$$,Boom bap / Lyric,Fy3070QgHV0,Joey Bada$$ - Zipcodes (Official Video),Joey Bada$$,This song is so hard brooo,0
Joey Bada$$,Boom bap / Lyric,Fy3070QgHV0,Joey Bada$$ - Zipcodes (Official Video),Joey Bada$$,"If you still see the number 47 everywhere,just know you made it to a spiritual level many could not achieve💯",2
Joey Bada$$,Boom bap / Lyric,Fy3070QgHV0,Joey Bada$$ - Zipcodes (Official Video),Joey Bada$$,"I hate coming into these comments , there’s never any criticism whatsoever. Y’all are the reason these rappers get such big ass heads .",0
Joey Bada$$,Boom bap / Lyric,Fy3070QgHV0,Joey Bada$$ - Zipcodes (Official Video),Joey Bada$$,"such an amazing modern flow while also keeping that old 90,s beat this is truly art",4
Joey Bada$$,Boom bap / Lyric,Fy3070QgHV0,Joey Bada$$ - Zipcodes (Official Video),Joey Bada$$,classic,0
Joey Bada$$,Boom bap / Lyric,Fy3070QgHV0,Joey Bada$$ - Zipcodes (Official Video),Joey Bada$$,47 shit,2
Joey Bada$$,Boom bap / Lyric,Fy3070QgHV0,Joey Bada$$ - Zipcodes (Official Video),Joey Bada$$,Classic timeles music classic album 5 🎤,0
Joey Bada$$,Boom bap / Lyric,Fy3070QgHV0,Joey Bada$$ - Zipcodes (Official Video),Joey Bada$$,Thank you for keeping hip hop alive Joey youzs a badass mofukka boyyy,0
Joey Bada$$,Boom bap / Lyric,Fy3070QgHV0,Joey Bada$$ - Zipcodes (Official Video),Joey Bada$$,GRADE A DOPENESS!!,0
Joey Bada$$,Boom bap / Lyric,Fy3070QgHV0,Joey Bada$$ - Zipcodes (Official Video),Joey Bada$$,Same vibes since 1999 won’t ever forget it.,0
Joey Bada$$,Boom bap / Lyric,Fy3070QgHV0,Joey Bada$$ - Zipcodes (Official Video),Joey Bada$$,Coolest MF ever.,3
Joey Bada$$,Boom bap / Lyric,Fy3070QgHV0,Joey Bada$$ - Zipcodes (Official Video),Joey Bada$$,Everything he drops is 🔥🔥🔥🔥🔥and  this is the best one yet! Been listening to him since day one love how you have evolved 👑King! Love this Joey B🌹🌹💕💕💕,0
Joey Bada$$,Boom bap / Lyric,Fy3070QgHV0,Joey Bada$$ - Zipcodes (Official Video),Joey Bada$$,💥💥💥,0
Joey Bada$$,Boom bap / Lyric,Fy3070QgHV0,Joey Bada$$ - Zipcodes (Official Video),Joey Bada$$,💪🏼🍾,0
Joey Bada$$,Boom bap / Lyric,Fy3070QgHV0,Joey Bada$$ - Zipcodes (Official Video),Joey Bada$$,"Been bumping 2000 for days ma Nigga.... It's the best classic album ever in 2022... ""y'all some pro's in procrastination""",0
Joey Bada$$,Boom bap / Lyric,Fy3070QgHV0,Joey Bada$$ - Zipcodes (Official Video),Joey Bada$$,Gassin🔥🔥,0
Joey Bada$$,Boom bap / Lyric,Fy3070QgHV0,Joey Bada$$ - Zipcodes (Official Video),Joey Bada$$,I collect my fees n then I breeze,0
Joey Bada$$,Boom bap / Lyric,Fy3070QgHV0,Joey Bada$$ - Zipcodes (Official Video),Joey Bada$$,😤👑,0
Joey Bada$$,Boom bap / Lyric,Fy3070QgHV0,Joey Bada$$ - Zipcodes (Official Video),Joey Bada$$,mumble cr**per,0
Joey Bada$$,Boom bap / Lyric,Fy3070QgHV0,Joey Bada$$ - Zipcodes (Official Video),Joey Bada$$,🔥 🔥 🔥,1
Joey Bada$$,Boom bap / Lyric,Fy3070QgHV0,Joey Bada$$ - Zipcodes (Official Video),Joey Bada$$,💫💫,0
Joey Bada$$,Boom bap / Lyric,Fy3070QgHV0,Joey Bada$$ - Zipcodes (Official Video),Joey Bada$$,Joey got that Unique flow that character sticks with him A1 🔥🔥🔥🔥🔥,0
Joey Bada$$,Boom bap / Lyric,Fy3070QgHV0,Joey Bada$$ - Zipcodes (Official Video),Joey Bada$$,That line about MF DOOM killed me,2
Joey Bada$$,Boom bap / Lyric,Fy3070QgHV0,Joey Bada$$ - Zipcodes (Official Video),Joey Bada$$,1m views always knew joey would do it always amazing art ty for your work .YOU MADE IT BADA$$😎,3
Joey Bada$$,Boom bap / Lyric,Fy3070QgHV0,Joey Bada$$ - Zipcodes (Official Video),Joey Bada$$,Lauri Markkanen!,0
Joey Bada$$,Boom bap / Lyric,Fy3070QgHV0,Joey Bada$$ - Zipcodes (Official Video),Joey Bada$$,🔥🔥🔥🔥,0
Joey Bada$$,Boom bap / Lyric,Fy3070QgHV0,Joey Bada$$ - Zipcodes (Official Video),Joey Bada$$,This video has such a classic vibe to it. This is the kinda creativity we need in 2022.,4
