artist,genre,video_id,video_title,text,likes
Nas,Boom bap / Lyric,8WYHDfJDPDc,Nelly - Dilemma (Official Music Video) ft. Kelly Rowland,2030 someone else???,0
Nas,Boom bap / Lyric,8WYHDfJDPDc,Nelly - Dilemma (Official Music Video) ft. Kelly Rowland,🙋🏻‍♂️🤔 me encanta 😍 está muy guapa,0
Nas,Boom bap / Lyric,8WYHDfJDPDc,Nelly - Dilemma (Official Music Video) ft. Kelly Rowland,2026,0
Nas,Boom bap / Lyric,8WYHDfJDPDc,Nelly - Dilemma (Official Music Video) ft. Kelly Rowland,Qui est là le 20 juin 2026,0
Nas,Boom bap / Lyric,8WYHDfJDPDc,Nelly - Dilemma (Official Music Video) ft. Kelly Rowland,Best 🎶 ❤,0
Nas,Boom bap / Lyric,8WYHDfJDPDc,Nelly - Dilemma (Official Music Video) ft. Kelly Rowland,Anyone around here 2026?,3
Nas,Boom bap / Lyric,8WYHDfJDPDc,Nelly - Dilemma (Official Music Video) ft. Kelly Rowland,It's almost 25years and still rocking,0
Nas,Boom bap / Lyric,8WYHDfJDPDc,Nelly - Dilemma (Official Music Video) ft. Kelly Rowland,Suiiiiii it’s 2026 June 20 3:00am ❤,0
Nas,Boom bap / Lyric,8WYHDfJDPDc,Nelly - Dilemma (Official Music Video) ft. Kelly Rowland,"This isn't just a song, it's a core memory for anyone who grew up sneaking to watch music videos after school.",1
Nas,Boom bap / Lyric,8WYHDfJDPDc,Nelly - Dilemma (Official Music Video) ft. Kelly Rowland,I love this song ❤🤍💛💜💚💙❤️,1
Nas,Boom bap / Lyric,8WYHDfJDPDc,Nelly - Dilemma (Official Music Video) ft. Kelly Rowland,Anyone today 😂,5
Nas,Boom bap / Lyric,8WYHDfJDPDc,Nelly - Dilemma (Official Music Video) ft. Kelly Rowland,Mehendepectreathrunderaided3blockillarondairestrictedonexit,0
Nas,Boom bap / Lyric,8WYHDfJDPDc,Nelly - Dilemma (Official Music Video) ft. Kelly Rowland,"THE STORY OF MY LIFE??....NAH ITS NOT GOIN DOWN LIKE THAT ....AY YOO ELHAM WATS GOOD YENE TAFACH  WATZ CRACKIN? 


SEE I KEEP THE INSPIRATION COMING TOO....YENE KONJO YA GOTTA LEARN TOO....""I RESPECT THAT AND RIGHT BEFORE I TURNED TO LEAVE""...



ONLY 1 LIFE TO LIVE BABY
...JOIN THE RIGHT SIDE OF HISTORY MINEM AYDELEM
....ITS YOUR CHOICE IM STILL MAKING DUAS FOR YOU AND MS MOON
...",0
Nas,Boom bap / Lyric,8WYHDfJDPDc,Nelly - Dilemma (Official Music Video) ft. Kelly Rowland,I remember being 10 singing this,1
Nas,Boom bap / Lyric,8WYHDfJDPDc,Nelly - Dilemma (Official Music Video) ft. Kelly Rowland,Man I wish I was in Nelly ville,1
Nas,Boom bap / Lyric,8WYHDfJDPDc,Nelly - Dilemma (Official Music Video) ft. Kelly Rowland,Miss Patti LaBelle they must have CEO independent lady,1
Nas,Boom bap / Lyric,8WYHDfJDPDc,Nelly - Dilemma (Official Music Video) ft. Kelly Rowland,Wedding song 2004,1
Nas,Boom bap / Lyric,8WYHDfJDPDc,Nelly - Dilemma (Official Music Video) ft. Kelly Rowland,El mejor,1
Nas,Boom bap / Lyric,8WYHDfJDPDc,Nelly - Dilemma (Official Music Video) ft. Kelly Rowland,Año 2026 . Recordando la juventud 😢,0
Nas,Boom bap / Lyric,8WYHDfJDPDc,Nelly - Dilemma (Official Music Video) ft. Kelly Rowland,Anyone june 18 2026🔥🔥,2
Nas,Boom bap / Lyric,8WYHDfJDPDc,Nelly - Dilemma (Official Music Video) ft. Kelly Rowland,im young but this era of music is much better than now,0
Nas,Boom bap / Lyric,8WYHDfJDPDc,Nelly - Dilemma (Official Music Video) ft. Kelly Rowland,❤❤❤beautiful song,0
Nas,Boom bap / Lyric,8WYHDfJDPDc,Nelly - Dilemma (Official Music Video) ft. Kelly Rowland,This song on 2026😭,0
Nas,Boom bap / Lyric,8WYHDfJDPDc,Nelly - Dilemma (Official Music Video) ft. Kelly Rowland,Its 2026 and im still here. Any one else?,8
Nas,Boom bap / Lyric,8WYHDfJDPDc,Nelly - Dilemma (Official Music Video) ft. Kelly Rowland,"Olha eu aqui novamente em Junho de 2026, essa relíquia eu vou ouvir sempre🤩",1
Nas,Boom bap / Lyric,8WYHDfJDPDc,Nelly - Dilemma (Official Music Video) ft. Kelly Rowland,Krv just do it.,0
Nas,Boom bap / Lyric,8WYHDfJDPDc,Nelly - Dilemma (Official Music Video) ft. Kelly Rowland,Aaaaaa🗣️🗣️🗣️🗣️🔥🔥🔥🔥🔥,1
Nas,Boom bap / Lyric,8WYHDfJDPDc,Nelly - Dilemma (Official Music Video) ft. Kelly Rowland,AHHHHHHHH 🗣🗣🗣🔥🔥🔥,1
Nas,Boom bap / Lyric,8WYHDfJDPDc,Nelly - Dilemma (Official Music Video) ft. Kelly Rowland,what a time to be a teenager when this was released,1
Nas,Boom bap / Lyric,8WYHDfJDPDc,Nelly - Dilemma (Official Music Video) ft. Kelly Rowland,"Kelly na área, porque DEUS é Fiel além das Medidas e do que podemos pensar 🙌🏾🙏🏾🔥.

Amanda e Marcos 🩷💜🩵🇧🇷🌹

SEMPRE 🤫",0
Nas,Boom bap / Lyric,8WYHDfJDPDc,Nelly - Dilemma (Official Music Video) ft. Kelly Rowland,Anyone in june 2026???❤❤,0
Nas,Boom bap / Lyric,8WYHDfJDPDc,Nelly - Dilemma (Official Music Video) ft. Kelly Rowland,I am in June,0
Nas,Boom bap / Lyric,8WYHDfJDPDc,Nelly - Dilemma (Official Music Video) ft. Kelly Rowland,To my dear friend CV who loved this song. RIP.. see ya on the other side. 🙏💞😇,1
Nas,Boom bap / Lyric,8WYHDfJDPDc,Nelly - Dilemma (Official Music Video) ft. Kelly Rowland,❤❤❤❤❤❤❤❤❤😂❤👩🏾🧑🏽‍🦱👩🏾👩🏾👩🏾,1
Nas,Boom bap / Lyric,8WYHDfJDPDc,Nelly - Dilemma (Official Music Video) ft. Kelly Rowland,"Nos dio melodía, nos dio voz, nos dio talento, nos dio paisajes, nos dio talento.... Excelente trabajo!!!",0
Nas,Boom bap / Lyric,8WYHDfJDPDc,Nelly - Dilemma (Official Music Video) ft. Kelly Rowland,2026 pão de queijo.........🥹🐰,0
Nas,Boom bap / Lyric,8WYHDfJDPDc,Nelly - Dilemma (Official Music Video) ft. Kelly Rowland,This is also wisteria lane from DHW,0
Nas,Boom bap / Lyric,8WYHDfJDPDc,Nelly - Dilemma (Official Music Video) ft. Kelly Rowland,#Dilemma 6.17.2026 🧢,1
Nas,Boom bap / Lyric,8WYHDfJDPDc,Nelly - Dilemma (Official Music Video) ft. Kelly Rowland,Anyone .Juny.2026,0
Nas,Boom bap / Lyric,8WYHDfJDPDc,Nelly - Dilemma (Official Music Video) ft. Kelly Rowland,🕺🏾,0
Nas,Boom bap / Lyric,8WYHDfJDPDc,Nelly - Dilemma (Official Music Video) ft. Kelly Rowland,sorry please am from Uganda just asking the fashion in this song is called what.,0
Nas,Boom bap / Lyric,8WYHDfJDPDc,Nelly - Dilemma (Official Music Video) ft. Kelly Rowland,👍👍👍👍👍,0
Nas,Boom bap / Lyric,8WYHDfJDPDc,Nelly - Dilemma (Official Music Video) ft. Kelly Rowland,"Is there anyone in  July, 2026?",2
Nas,Boom bap / Lyric,8WYHDfJDPDc,Nelly - Dilemma (Official Music Video) ft. Kelly Rowland,Mii?! :((....,0
Nas,Boom bap / Lyric,8WYHDfJDPDc,Nelly - Dilemma (Official Music Video) ft. Kelly Rowland,한국 2026년06월17일 오후9시21분 아직도 챙겨 듣는 노래 ㅠㅠ,1
Nas,Boom bap / Lyric,8WYHDfJDPDc,Nelly - Dilemma (Official Music Video) ft. Kelly Rowland,"Who's here june,2026❤❤",2
Nas,Boom bap / Lyric,8WYHDfJDPDc,Nelly - Dilemma (Official Music Video) ft. Kelly Rowland,Here in 2048,0
Nas,Boom bap / Lyric,8WYHDfJDPDc,Nelly - Dilemma (Official Music Video) ft. Kelly Rowland,2026 🥶🔥,0
Nas,Boom bap / Lyric,8WYHDfJDPDc,Nelly - Dilemma (Official Music Video) ft. Kelly Rowland,Nelly !,0
Nas,Boom bap / Lyric,8WYHDfJDPDc,Nelly - Dilemma (Official Music Video) ft. Kelly Rowland,ああ、懐かしい良い歌❤,2
Nas,Boom bap / Lyric,8WYHDfJDPDc,Nelly - Dilemma (Official Music Video) ft. Kelly Rowland,Alguem em 2026??❤,0
Nas,Boom bap / Lyric,8WYHDfJDPDc,Nelly - Dilemma (Official Music Video) ft. Kelly Rowland,17.06.2026 ❤👍🥰,0
Nas,Boom bap / Lyric,8WYHDfJDPDc,Nelly - Dilemma (Official Music Video) ft. Kelly Rowland,Get jail,0
Nas,Boom bap / Lyric,8WYHDfJDPDc,Nelly - Dilemma (Official Music Video) ft. Kelly Rowland,Purely our love song 💛♥️,0
Nas,Boom bap / Lyric,8WYHDfJDPDc,Nelly - Dilemma (Official Music Video) ft. Kelly Rowland,You dont need be anyone baby just you who I love you for person you are beautiful soul ♥️💛🔐,0
Nas,Boom bap / Lyric,8WYHDfJDPDc,Nelly - Dilemma (Official Music Video) ft. Kelly Rowland,"Würde man heute so rumlaufen, würden sie dich auslachen",0
Nas,Boom bap / Lyric,8WYHDfJDPDc,Nelly - Dilemma (Official Music Video) ft. Kelly Rowland,Same street from desperate housewives,0
Nas,Boom bap / Lyric,8WYHDfJDPDc,Nelly - Dilemma (Official Music Video) ft. Kelly Rowland,they be chatting thru excel like its 2026 work,0
Nas,Boom bap / Lyric,8WYHDfJDPDc,Nelly - Dilemma (Official Music Video) ft. Kelly Rowland,"My favorite song from the past, nice to listen to.🙏✌️",1
Nas,Boom bap / Lyric,8WYHDfJDPDc,Nelly - Dilemma (Official Music Video) ft. Kelly Rowland,제가 젤  좋아하는 곡,0
Nas,Boom bap / Lyric,8WYHDfJDPDc,Nelly - Dilemma (Official Music Video) ft. Kelly Rowland,Child yad krta hey wo ymma😭😢...,0
Nas,Boom bap / Lyric,8WYHDfJDPDc,Nelly - Dilemma (Official Music Video) ft. Kelly Rowland,.LA💔👩‍🏫xiwife😭 😢 ymmA,0
Nas,Boom bap / Lyric,8WYHDfJDPDc,Nelly - Dilemma (Official Music Video) ft. Kelly Rowland,"When i listen this song, i should fight with someone even if it's just me and my older mother.",0
Nas,Boom bap / Lyric,8WYHDfJDPDc,Nelly - Dilemma (Official Music Video) ft. Kelly Rowland,She is the best singer and the most beautiful of her past group. Beyonce is overrated!,0
Nas,Boom bap / Lyric,8WYHDfJDPDc,Nelly - Dilemma (Official Music Video) ft. Kelly Rowland,Salam hangat dari Indonesia❤🎉🎉🎉,0
Nas,Boom bap / Lyric,8WYHDfJDPDc,Nelly - Dilemma (Official Music Video) ft. Kelly Rowland,2026 🎉,0
Nas,Boom bap / Lyric,8WYHDfJDPDc,Nelly - Dilemma (Official Music Video) ft. Kelly Rowland,"This emoji will become famous in 2050 🕴️ TRUST THE FUTURE      




😏💋     You😳☺️",0
Nas,Boom bap / Lyric,8WYHDfJDPDc,Nelly - Dilemma (Official Music Video) ft. Kelly Rowland,Who is listening to this masterpiece right now?,0
Nas,Boom bap / Lyric,8WYHDfJDPDc,Nelly - Dilemma (Official Music Video) ft. Kelly Rowland,I like  the song,0
Nas,Boom bap / Lyric,8WYHDfJDPDc,Nelly - Dilemma (Official Music Video) ft. Kelly Rowland,Yooooooo 2026,0
Nas,Boom bap / Lyric,8WYHDfJDPDc,Nelly - Dilemma (Official Music Video) ft. Kelly Rowland,Make room full for Nelly What about a round of applause A new star is born,1
Nas,Boom bap / Lyric,8WYHDfJDPDc,Nelly - Dilemma (Official Music Video) ft. Kelly Rowland,🎉🎉🎉 qui est là en 2026🎉🎉🎉,0
Nas,Boom bap / Lyric,8WYHDfJDPDc,Nelly - Dilemma (Official Music Video) ft. Kelly Rowland,❤,0
Nas,Boom bap / Lyric,8WYHDfJDPDc,Nelly - Dilemma (Official Music Video) ft. Kelly Rowland,Where you at? Holla))),0
Nas,Boom bap / Lyric,8WYHDfJDPDc,Nelly - Dilemma (Official Music Video) ft. Kelly Rowland,I love these two Nelly and Kelly. 2026 hit,0
Nas,Boom bap / Lyric,8WYHDfJDPDc,Nelly - Dilemma (Official Music Video) ft. Kelly Rowland,Aaaaaaaaa❤,0
Nas,Boom bap / Lyric,8WYHDfJDPDc,Nelly - Dilemma (Official Music Video) ft. Kelly Rowland,is patti in the MV?,0
Nas,Boom bap / Lyric,8WYHDfJDPDc,Nelly - Dilemma (Official Music Video) ft. Kelly Rowland,i wonder if he knows he has tape on his face,0
Nas,Boom bap / Lyric,8WYHDfJDPDc,Nelly - Dilemma (Official Music Video) ft. Kelly Rowland,Anyone thinking we’re going old? 2000s uff what Times that casette tape player I still have 290eft  ❤️,0
Nas,Boom bap / Lyric,8WYHDfJDPDc,Nelly - Dilemma (Official Music Video) ft. Kelly Rowland,Brazil in 2026❤,0
Nas,Boom bap / Lyric,8WYHDfJDPDc,Nelly - Dilemma (Official Music Video) ft. Kelly Rowland,Nelly ❤❤,2
Nas,Boom bap / Lyric,8WYHDfJDPDc,Nelly - Dilemma (Official Music Video) ft. Kelly Rowland,Linda,0
Nas,Boom bap / Lyric,8WYHDfJDPDc,Nelly - Dilemma (Official Music Video) ft. Kelly Rowland,Eu,0
Nas,Boom bap / Lyric,8WYHDfJDPDc,Nelly - Dilemma (Official Music Video) ft. Kelly Rowland,2..03,0
Nas,Boom bap / Lyric,8WYHDfJDPDc,Nelly - Dilemma (Official Music Video) ft. Kelly Rowland,33.,0
Nas,Boom bap / Lyric,8WYHDfJDPDc,Nelly - Dilemma (Official Music Video) ft. Kelly Rowland,"Anyone here in June 2026?
Just spent my Sunday listening to old music...felt nostalgic 🥹❤️",0
Nas,Boom bap / Lyric,8WYHDfJDPDc,Nelly - Dilemma (Official Music Video) ft. Kelly Rowland,Brazil 🇧🇷🔥2026,0
Nas,Boom bap / Lyric,8WYHDfJDPDc,Nelly - Dilemma (Official Music Video) ft. Kelly Rowland,Keelllllyyuuuu😂😂😂😂😂respect.,0
Nas,Boom bap / Lyric,8WYHDfJDPDc,Nelly - Dilemma (Official Music Video) ft. Kelly Rowland,"June 2026, who else's there?",1
Nas,Boom bap / Lyric,8WYHDfJDPDc,Nelly - Dilemma (Official Music Video) ft. Kelly Rowland,14th June 2026. Old is gold!,0
Nas,Boom bap / Lyric,8WYHDfJDPDc,Nelly - Dilemma (Official Music Video) ft. Kelly Rowland,escuchandola en el 2026 :P,0
Nas,Boom bap / Lyric,8WYHDfJDPDc,Nelly - Dilemma (Official Music Video) ft. Kelly Rowland,SALVEEE....BRAZIL 1-1 ONTEM NA COPA!!! E KNICKS WINS ONTEM :) BORAAAAA 14-6-26 AS 12-30 DOMINGO!,0
Nas,Boom bap / Lyric,8WYHDfJDPDc,Nelly - Dilemma (Official Music Video) ft. Kelly Rowland,"When this song was released, we had only had personal computers for about 15 years, internet for less than 10 years, and mobile phones were relatively new in 2002.",1
Nas,Boom bap / Lyric,8WYHDfJDPDc,Nelly - Dilemma (Official Music Video) ft. Kelly Rowland,14/6/2026🔥,1
Nas,Boom bap / Lyric,8WYHDfJDPDc,Nelly - Dilemma (Official Music Video) ft. Kelly Rowland,Life really was so much better back when this came out,0
Nas,Boom bap / Lyric,8WYHDfJDPDc,Nelly - Dilemma (Official Music Video) ft. Kelly Rowland,. 💕,0
Nas,Boom bap / Lyric,8WYHDfJDPDc,Nelly - Dilemma (Official Music Video) ft. Kelly Rowland,"Ia no existe algo asi,que tiempo mas tiernos",0
Nas,Boom bap / Lyric,8WYHDfJDPDc,Nelly - Dilemma (Official Music Video) ft. Kelly Rowland,👏👏👏👍👍❤️❤️❤️,0
Nas,Boom bap / Lyric,8WYHDfJDPDc,Nelly - Dilemma (Official Music Video) ft. Kelly Rowland,2026 ❤,0
Nas,Boom bap / Lyric,8WYHDfJDPDc,Nelly - Dilemma (Official Music Video) ft. Kelly Rowland,Brutal.,1
Nas,Boom bap / Lyric,8WYHDfJDPDc,Nelly - Dilemma (Official Music Video) ft. Kelly Rowland,Anyone in 2027?,0
Nas,Boom bap / Lyric,8WYHDfJDPDc,Nelly - Dilemma (Official Music Video) ft. Kelly Rowland,Esto y una marihuana re bien!!!,0
Nas,Boom bap / Lyric,8WYHDfJDPDc,Nelly - Dilemma (Official Music Video) ft. Kelly Rowland,I hate SREGGIN.,0
Nas,Boom bap / Lyric,8WYHDfJDPDc,Nelly - Dilemma (Official Music Video) ft. Kelly Rowland,This song was so underrated 🙌🏼,1
Nas,Boom bap / Lyric,8WYHDfJDPDc,Nelly - Dilemma (Official Music Video) ft. Kelly Rowland,Anyone in June 2026?? 🙌🏼🖤,0
Nas,Boom bap / Lyric,8WYHDfJDPDc,Nelly - Dilemma (Official Music Video) ft. Kelly Rowland,Me gustó muchooo 🥸,0
Nas,Boom bap / Lyric,8WYHDfJDPDc,Nelly - Dilemma (Official Music Video) ft. Kelly Rowland,AHH,0
Nas,Boom bap / Lyric,8WYHDfJDPDc,Nelly - Dilemma (Official Music Video) ft. Kelly Rowland,❤❤ adoro esse música 🎶,0
Nas,Boom bap / Lyric,8WYHDfJDPDc,Nelly - Dilemma (Official Music Video) ft. Kelly Rowland,Juin 2026🎉,0
Nas,Boom bap / Lyric,8WYHDfJDPDc,Nelly - Dilemma (Official Music Video) ft. Kelly Rowland,Después de tanto tiempo una de las presentaciones más deplorables de Shakira  😢,0
Nas,Boom bap / Lyric,8WYHDfJDPDc,Nelly - Dilemma (Official Music Video) ft. Kelly Rowland,Meeee,0
Nas,Boom bap / Lyric,8WYHDfJDPDc,Nelly - Dilemma (Official Music Video) ft. Kelly Rowland,Yoyoyo! We in da heazy 2026,0
Nas,Boom bap / Lyric,8WYHDfJDPDc,Nelly - Dilemma (Official Music Video) ft. Kelly Rowland,June 2026❤❤❤,0
Nas,Boom bap / Lyric,8WYHDfJDPDc,Nelly - Dilemma (Official Music Video) ft. Kelly Rowland,Uyyy.... Recuerdo antes de irme ala escuela la escuchaba y miraba  por MTV... Si o sii.. ❤,0
Nas,Boom bap / Lyric,8WYHDfJDPDc,Nelly - Dilemma (Official Music Video) ft. Kelly Rowland,Em 2026 e ainda amo esse som Meu Deus❤,0
Nas,Boom bap / Lyric,8WYHDfJDPDc,Nelly - Dilemma (Official Music Video) ft. Kelly Rowland,Back those days🥹🫶💕,4
Nas,Boom bap / Lyric,8WYHDfJDPDc,Nelly - Dilemma (Official Music Video) ft. Kelly Rowland,"Look how love , life , people  was that time 🥹",0
Nas,Boom bap / Lyric,8WYHDfJDPDc,Nelly - Dilemma (Official Music Video) ft. Kelly Rowland,damn,0
Nas,Boom bap / Lyric,8WYHDfJDPDc,Nelly - Dilemma (Official Music Video) ft. Kelly Rowland,👍😢😮,0
Nas,Boom bap / Lyric,8WYHDfJDPDc,Nelly - Dilemma (Official Music Video) ft. Kelly Rowland,Esta habla de un chico que se mudó a su vesimdario y aunq tiene novio narra que aún Hasi le gusta y cada q está con su novio no deja de pensar en el chico,0
Nas,Boom bap / Lyric,8WYHDfJDPDc,Nelly - Dilemma (Official Music Video) ft. Kelly Rowland,I'm here,0
Nas,Boom bap / Lyric,8WYHDfJDPDc,Nelly - Dilemma (Official Music Video) ft. Kelly Rowland,As much as he tried that plaster never caught on...lol,0
Nas,Boom bap / Lyric,8WYHDfJDPDc,Nelly - Dilemma (Official Music Video) ft. Kelly Rowland,Nutdrugs,0
Nas,Boom bap / Lyric,8WYHDfJDPDc,Nelly - Dilemma (Official Music Video) ft. Kelly Rowland,Anyone in June 2026,0
Nas,Boom bap / Lyric,8WYHDfJDPDc,Nelly - Dilemma (Official Music Video) ft. Kelly Rowland,I'm here 2026,0
Nas,Boom bap / Lyric,8WYHDfJDPDc,Nelly - Dilemma (Official Music Video) ft. Kelly Rowland,❤❤❤❤,0
Nas,Boom bap / Lyric,8WYHDfJDPDc,Nelly - Dilemma (Official Music Video) ft. Kelly Rowland,Me recuerda a mi tía😭😭😭😭😭,1
Nas,Boom bap / Lyric,8WYHDfJDPDc,Nelly - Dilemma (Official Music Video) ft. Kelly Rowland,❤Yes in 2026 ilove ashly,0
Nas,Boom bap / Lyric,8WYHDfJDPDc,Nelly - Dilemma (Official Music Video) ft. Kelly Rowland,Alguém em 2027 ??,0
Nas,Boom bap / Lyric,8WYHDfJDPDc,Nelly - Dilemma (Official Music Video) ft. Kelly Rowland,"Nelly é pesado 🔥🔥🔥🔥🔥🔥
12 June 2026",0
Nas,Boom bap / Lyric,8WYHDfJDPDc,Nelly - Dilemma (Official Music Video) ft. Kelly Rowland,Brazil is here!!!,1
Nas,Boom bap / Lyric,8WYHDfJDPDc,Nelly - Dilemma (Official Music Video) ft. Kelly Rowland,Anyone un 2050??? 🔥🫶🏽,0
Nas,Boom bap / Lyric,8WYHDfJDPDc,Nelly - Dilemma (Official Music Video) ft. Kelly Rowland,יד חזקה יש לי,0
Nas,Boom bap / Lyric,8WYHDfJDPDc,Nelly - Dilemma (Official Music Video) ft. Kelly Rowland,"Bom, é repetitivo mas idai
QUEM VIVEU OS ANOS 90 E 2000, sem dúvidas foi muito feliz.",0
Nas,Boom bap / Lyric,8WYHDfJDPDc,Nelly - Dilemma (Official Music Video) ft. Kelly Rowland,3:15 people used to chat in excel sheets?,0
Nas,Boom bap / Lyric,8WYHDfJDPDc,Nelly - Dilemma (Official Music Video) ft. Kelly Rowland,2033😎,0
Nas,Boom bap / Lyric,8WYHDfJDPDc,Nelly - Dilemma (Official Music Video) ft. Kelly Rowland,Más volumen para este tema 2026,0
Nas,Boom bap / Lyric,8WYHDfJDPDc,Nelly - Dilemma (Official Music Video) ft. Kelly Rowland,This song is my entire childhood 😂🤍,0
Nas,Boom bap / Lyric,8WYHDfJDPDc,Nelly - Dilemma (Official Music Video) ft. Kelly Rowland,Anyone June 2026 ?,0
Nas,Boom bap / Lyric,8WYHDfJDPDc,Nelly - Dilemma (Official Music Video) ft. Kelly Rowland,תשלום אמיתי מרוקאי,0
Nas,Boom bap / Lyric,8WYHDfJDPDc,Nelly - Dilemma (Official Music Video) ft. Kelly Rowland,עושה מה שבאלי הבנת חנה חייק,0
Nas,Boom bap / Lyric,8WYHDfJDPDc,Nelly - Dilemma (Official Music Video) ft. Kelly Rowland,נשאר ער כמה שבאלי,0
Nas,Boom bap / Lyric,8WYHDfJDPDc,Nelly - Dilemma (Official Music Video) ft. Kelly Rowland,Seeing the legendary Patti LaBelle in the music video is so cool with Nelly and Kelly remixing the song she originally did way back in the 70s or 80s,0
Nas,Boom bap / Lyric,8WYHDfJDPDc,Nelly - Dilemma (Official Music Video) ft. Kelly Rowland,Classic hit 🎯,0
Nas,Boom bap / Lyric,8WYHDfJDPDc,Nelly - Dilemma (Official Music Video) ft. Kelly Rowland,Jun 2026,3
Nas,Boom bap / Lyric,8WYHDfJDPDc,Nelly - Dilemma (Official Music Video) ft. Kelly Rowland,🤍,0
Nas,Boom bap / Lyric,8WYHDfJDPDc,Nelly - Dilemma (Official Music Video) ft. Kelly Rowland,11.06.2026,1
Nas,Boom bap / Lyric,8WYHDfJDPDc,Nelly - Dilemma (Official Music Video) ft. Kelly Rowland,My favorite   long beach  music lbc where u at? This is are your 🎶 music clock ⏰️  it 👌  in baddies  in Los Angeles and long beach   say you here 🤔?,0
Nas,Boom bap / Lyric,8WYHDfJDPDc,Nelly - Dilemma (Official Music Video) ft. Kelly Rowland,June  2026,1
Nas,Boom bap / Lyric,8WYHDfJDPDc,Nelly - Dilemma (Official Music Video) ft. Kelly Rowland,My forever favorite song by Nelly,1
Nas,Boom bap / Lyric,8WYHDfJDPDc,Nelly - Dilemma (Official Music Video) ft. Kelly Rowland,Anyone in June 2026?,1
Nas,Boom bap / Lyric,8WYHDfJDPDc,Nelly - Dilemma (Official Music Video) ft. Kelly Rowland,16년전 노래맞나…진짜 개쌉근본중근본 개좋아,1
Nas,Boom bap / Lyric,8WYHDfJDPDc,Nelly - Dilemma (Official Music Video) ft. Kelly Rowland,Uhhhh,1
Nas,Boom bap / Lyric,8WYHDfJDPDc,Nelly - Dilemma (Official Music Video) ft. Kelly Rowland,why they used to dress like this because they were lying,2
Nas,Boom bap / Lyric,8WYHDfJDPDc,Nelly - Dilemma (Official Music Video) ft. Kelly Rowland,Vient Réussie d'écr 😅😢😂😢,1
Nas,Boom bap / Lyric,8WYHDfJDPDc,Nelly - Dilemma (Official Music Video) ft. Kelly Rowland,Sopra bien 😂🎉❤😅😮😢,1
Nas,Boom bap / Lyric,8WYHDfJDPDc,Nelly - Dilemma (Official Music Video) ft. Kelly Rowland,Anyone in june 2026???❤❤,1
Nas,Boom bap / Lyric,8WYHDfJDPDc,Nelly - Dilemma (Official Music Video) ft. Kelly Rowland,Charles Réussie 😂😅😮❤😢😅,1
Nas,Boom bap / Lyric,8WYHDfJDPDc,Nelly - Dilemma (Official Music Video) ft. Kelly Rowland,Yes love a girl named Meli!,1
Nas,Boom bap / Lyric,8WYHDfJDPDc,Nelly - Dilemma (Official Music Video) ft. Kelly Rowland,uno de los mejores,1
Nas,Boom bap / Lyric,8WYHDfJDPDc,Nelly - Dilemma (Official Music Video) ft. Kelly Rowland,Zaraya,1
Nas,Boom bap / Lyric,8WYHDfJDPDc,Nelly - Dilemma (Official Music Video) ft. Kelly Rowland,Tudo era bom... minha mãe tava viva.,1
Nas,Boom bap / Lyric,8WYHDfJDPDc,Nelly - Dilemma (Official Music Video) ft. Kelly Rowland,Sempre. Desde 2008,1
Nas,Boom bap / Lyric,8WYHDfJDPDc,Nelly - Dilemma (Official Music Video) ft. Kelly Rowland,"COMTINUE HEARING THIS SONG, I LOVE IT VERY MUCH. JUNE OF 2026...",1
Nas,Boom bap / Lyric,8WYHDfJDPDc,Nelly - Dilemma (Official Music Video) ft. Kelly Rowland,💖,1
Nas,Boom bap / Lyric,8WYHDfJDPDc,Nelly - Dilemma (Official Music Video) ft. Kelly Rowland,In 2026 🎉,1
Nas,Boom bap / Lyric,8WYHDfJDPDc,Nelly - Dilemma (Official Music Video) ft. Kelly Rowland,You know what We All miss? ?... A Good 90's mix tape... remember those? ? .... There is no vibe like 90's vibe..... ❤❤❤❤,3
Nas,Boom bap / Lyric,8WYHDfJDPDc,Nelly - Dilemma (Official Music Video) ft. Kelly Rowland,This deserves 1.8B views,3
Nas,Boom bap / Lyric,8WYHDfJDPDc,Nelly - Dilemma (Official Music Video) ft. Kelly Rowland,İts my favorite in my life❤,1
Nas,Boom bap / Lyric,8WYHDfJDPDc,Nelly - Dilemma (Official Music Video) ft. Kelly Rowland,Stranger than heaven DLC,1
Nas,Boom bap / Lyric,8WYHDfJDPDc,Nelly - Dilemma (Official Music Video) ft. Kelly Rowland,❤️💕,1
Nas,Boom bap / Lyric,8WYHDfJDPDc,Nelly - Dilemma (Official Music Video) ft. Kelly Rowland,"This song never get old ❤ classic, to much memories",1
Nas,Boom bap / Lyric,8WYHDfJDPDc,Nelly - Dilemma (Official Music Video) ft. Kelly Rowland,0:22,1
Nas,Boom bap / Lyric,8WYHDfJDPDc,Nelly - Dilemma (Official Music Video) ft. Kelly Rowland,Carpet rapist song,1
Nas,Boom bap / Lyric,8WYHDfJDPDc,Nelly - Dilemma (Official Music Video) ft. Kelly Rowland,Anyone 10 June 2026,1
Nas,Boom bap / Lyric,8WYHDfJDPDc,Nelly - Dilemma (Official Music Video) ft. Kelly Rowland,🎉🎉🎉🎉🎉,1
Nas,Boom bap / Lyric,8WYHDfJDPDc,Nelly - Dilemma (Official Music Video) ft. Kelly Rowland,It’s June 2026 lets see how many legends are listening to this banger,1
Nas,Boom bap / Lyric,8WYHDfJDPDc,Nelly - Dilemma (Official Music Video) ft. Kelly Rowland,Anyone in June 2026?,20
Nas,Boom bap / Lyric,8WYHDfJDPDc,Nelly - Dilemma (Official Music Video) ft. Kelly Rowland,KMAAN GROA🧕🏿,1
Nas,Boom bap / Lyric,8WYHDfJDPDc,Nelly - Dilemma (Official Music Video) ft. Kelly Rowland,"#GreetingsFromPhillipines 🇵🇭  #GreetingsFromPasay 😊🎉
June 10, 2026✅",2
Nas,Boom bap / Lyric,8WYHDfJDPDc,Nelly - Dilemma (Official Music Video) ft. Kelly Rowland,Jel,1
Nas,Boom bap / Lyric,8WYHDfJDPDc,Nelly - Dilemma (Official Music Video) ft. Kelly Rowland,we all we got MT- PayRoll Tha Mafia Boss of the Mafia Team,1
Nas,Boom bap / Lyric,8WYHDfJDPDc,Nelly - Dilemma (Official Music Video) ft. Kelly Rowland,🔥🔥🔥🔥,1
Nas,Boom bap / Lyric,8WYHDfJDPDc,Nelly - Dilemma (Official Music Video) ft. Kelly Rowland,This song will never die as long as humans exist on earth...,2
Nas,Boom bap / Lyric,8WYHDfJDPDc,Nelly - Dilemma (Official Music Video) ft. Kelly Rowland,Nelly no rock in rio ❤,2
Nas,Boom bap / Lyric,8WYHDfJDPDc,Nelly - Dilemma (Official Music Video) ft. Kelly Rowland,20 years ago...when you were young,3
Nas,Boom bap / Lyric,8WYHDfJDPDc,Nelly - Dilemma (Official Music Video) ft. Kelly Rowland,20 yıl onceyi hatırladım😢,1
Nas,Boom bap / Lyric,8WYHDfJDPDc,Nelly - Dilemma (Official Music Video) ft. Kelly Rowland,I was really young when i what this MV. I thought it talk about the ex. But now im grow up and understand the lyrics 🥹🥹🥹 gosh 🤣 i sing the intro every morning on the way i go to work 🥹🥹,1
Nas,Boom bap / Lyric,8WYHDfJDPDc,Nelly - Dilemma (Official Music Video) ft. Kelly Rowland,KMAAN groo 🧕🏻,1
Nas,Boom bap / Lyric,8WYHDfJDPDc,Nelly - Dilemma (Official Music Video) ft. Kelly Rowland,10,1
Nas,Boom bap / Lyric,8WYHDfJDPDc,Nelly - Dilemma (Official Music Video) ft. Kelly Rowland,Anyone in June 2026???,19
Nas,Boom bap / Lyric,8WYHDfJDPDc,Nelly - Dilemma (Official Music Video) ft. Kelly Rowland,Legend has it that Kelly is still waiting for Nelly's reply via Excel.,2
Nas,Boom bap / Lyric,8WYHDfJDPDc,Nelly - Dilemma (Official Music Video) ft. Kelly Rowland,Anyone in 2026,2
Nas,Boom bap / Lyric,8WYHDfJDPDc,Nelly - Dilemma (Official Music Video) ft. Kelly Rowland,"As a 9 yr old I used to sing 
No matter what I do 
All I think about is you 
Even where to put my ""BOOBS""
And I ain't even a girl 😂😂",0
Nas,Boom bap / Lyric,8WYHDfJDPDc,Nelly - Dilemma (Official Music Video) ft. Kelly Rowland,😢,0
Nas,Boom bap / Lyric,8WYHDfJDPDc,Nelly - Dilemma (Official Music Video) ft. Kelly Rowland,😂,1
Nas,Boom bap / Lyric,8WYHDfJDPDc,Nelly - Dilemma (Official Music Video) ft. Kelly Rowland,❤,0
Nas,Boom bap / Lyric,8WYHDfJDPDc,Nelly - Dilemma (Official Music Video) ft. Kelly Rowland,Me,0
Nas,Boom bap / Lyric,8WYHDfJDPDc,Nelly - Dilemma (Official Music Video) ft. Kelly Rowland,Me,0
Nas,Boom bap / Lyric,8WYHDfJDPDc,Nelly - Dilemma (Official Music Video) ft. Kelly Rowland,Me 1:41,0
Nas,Boom bap / Lyric,8WYHDfJDPDc,Nelly - Dilemma (Official Music Video) ft. Kelly Rowland,Me,1
Nas,Boom bap / Lyric,8WYHDfJDPDc,Nelly - Dilemma (Official Music Video) ft. Kelly Rowland,Октябрь 2021,1
Nas,Boom bap / Lyric,8WYHDfJDPDc,Nelly - Dilemma (Official Music Video) ft. Kelly Rowland,Кто нибудь в 2026?,0
Nas,Boom bap / Lyric,8WYHDfJDPDc,Nelly - Dilemma (Official Music Video) ft. Kelly Rowland,My favourite song ❤❤❤,1
Nas,Boom bap / Lyric,8WYHDfJDPDc,Nelly - Dilemma (Official Music Video) ft. Kelly Rowland,Anyone in 2050 ???,0
Nas,Boom bap / Lyric,8WYHDfJDPDc,Nelly - Dilemma (Official Music Video) ft. Kelly Rowland,Today 2026❤,0
Nas,Boom bap / Lyric,8WYHDfJDPDc,Nelly - Dilemma (Official Music Video) ft. Kelly Rowland,Al fin lo encontre,0
Nas,Boom bap / Lyric,8WYHDfJDPDc,Nelly - Dilemma (Official Music Video) ft. Kelly Rowland,Esse demais,0
Nas,Boom bap / Lyric,8WYHDfJDPDc,Nelly - Dilemma (Official Music Video) ft. Kelly Rowland,Fascinante,0
Nas,Boom bap / Lyric,8WYHDfJDPDc,Nelly - Dilemma (Official Music Video) ft. Kelly Rowland,Anyone in Dec 2027,0
Nas,Boom bap / Lyric,8WYHDfJDPDc,Nelly - Dilemma (Official Music Video) ft. Kelly Rowland,June 2026 anyone?????,0
Nas,Boom bap / Lyric,8WYHDfJDPDc,Nelly - Dilemma (Official Music Video) ft. Kelly Rowland,"Désolé je m’appelle Angélique, je travaille depuis l’âge de 15 ans, bientôt je vais faire 49 ans dans pas longtemps. Oh là voilà je travaille six jours 1490 € par mois depuis 15 ans en France voilà voilà bisous à tous les gens qui me fait gratuitement que je vous envoie des vidéos. Bisous😇",0
Nas,Boom bap / Lyric,8WYHDfJDPDc,Nelly - Dilemma (Official Music Video) ft. Kelly Rowland,Zaraya,1
Nas,Boom bap / Lyric,8WYHDfJDPDc,Nelly - Dilemma (Official Music Video) ft. Kelly Rowland,Anyone in June 2026? 🤟,0
Nas,Boom bap / Lyric,8WYHDfJDPDc,Nelly - Dilemma (Official Music Video) ft. Kelly Rowland,Nostalgia,1
Nas,Boom bap / Lyric,8WYHDfJDPDc,Nelly - Dilemma (Official Music Video) ft. Kelly Rowland,"after 16 years this song only got 188 views , wow😅",2
Nas,Boom bap / Lyric,8WYHDfJDPDc,Nelly - Dilemma (Official Music Video) ft. Kelly Rowland,About time.,2
Nas,Boom bap / Lyric,8WYHDfJDPDc,Nelly - Dilemma (Official Music Video) ft. Kelly Rowland,Never realised this song is about cheating,2
Nas,Boom bap / Lyric,8WYHDfJDPDc,Nelly - Dilemma (Official Music Video) ft. Kelly Rowland,I am from tiktok 😂😂,0
Nas,Boom bap / Lyric,8WYHDfJDPDc,Nelly - Dilemma (Official Music Video) ft. Kelly Rowland,Anyone june 2026????,0
Nas,Boom bap / Lyric,8WYHDfJDPDc,Nelly - Dilemma (Official Music Video) ft. Kelly Rowland,Vine a ver el mensaje en Excel,0
Nas,Boom bap / Lyric,8WYHDfJDPDc,Nelly - Dilemma (Official Music Video) ft. Kelly Rowland,❤,1
Nas,Boom bap / Lyric,8WYHDfJDPDc,Nelly - Dilemma (Official Music Video) ft. Kelly Rowland,🔥🔥🔥,1
Nas,Boom bap / Lyric,8WYHDfJDPDc,Nelly - Dilemma (Official Music Video) ft. Kelly Rowland,Ele vem pro rock in rio o glória ❤,1
Nas,Boom bap / Lyric,8WYHDfJDPDc,Nelly - Dilemma (Official Music Video) ft. Kelly Rowland,"Quando tocava essa música na rua, certeza que era o carro do churros passando… kkkk muito bom",0
Nas,Boom bap / Lyric,8WYHDfJDPDc,Nelly - Dilemma (Official Music Video) ft. Kelly Rowland,Anyone today,4
Nas,Boom bap / Lyric,8WYHDfJDPDc,Nelly - Dilemma (Official Music Video) ft. Kelly Rowland,Man this song takes me back to roller ring skating. Feels like a lifetime ago,3
Nas,Boom bap / Lyric,8WYHDfJDPDc,Nelly - Dilemma (Official Music Video) ft. Kelly Rowland,"ONE OF THE BEST SONG EVER

-2026-",1
Nas,Boom bap / Lyric,8WYHDfJDPDc,Nelly - Dilemma (Official Music Video) ft. Kelly Rowland,Love❤,0
Nas,Boom bap / Lyric,8WYHDfJDPDc,Nelly - Dilemma (Official Music Video) ft. Kelly Rowland,❤clasico.muy buena cancion,2
Nas,Boom bap / Lyric,8WYHDfJDPDc,Nelly - Dilemma (Official Music Video) ft. Kelly Rowland,"DMX He was always angry because... he needed to be good, where in his two guises, where is his eternal struggle with that, with what is accepted, with what was from that to him... where he got angry and sent everything to the devil... he immediately went to drink with those things and with him with what was from that to himself",0
Nas,Boom bap / Lyric,8WYHDfJDPDc,Nelly - Dilemma (Official Music Video) ft. Kelly Rowland,Love this song❤❤❤,1
Nas,Boom bap / Lyric,8WYHDfJDPDc,Nelly - Dilemma (Official Music Video) ft. Kelly Rowland,Anyone in 2026,1
Nas,Boom bap / Lyric,8WYHDfJDPDc,Nelly - Dilemma (Official Music Video) ft. Kelly Rowland,😂❤😂🎉😢😮😅kann einer Taxxxxiii rufen müssßte nu Tabak haben❤😂🎉❤😂😢😢😢😢😢😢😅😅😅😅😮😮😮😮😮🎉🎉🎉😂😂😂😂😂😂❤❤❤❤❤❤,0
Nas,Boom bap / Lyric,8WYHDfJDPDc,Nelly - Dilemma (Official Music Video) ft. Kelly Rowland,Q clásico ♥️♥️♥️♥️,0
Nas,Boom bap / Lyric,8WYHDfJDPDc,Nelly - Dilemma (Official Music Video) ft. Kelly Rowland,Anyone in May 2026,0
Nas,Boom bap / Lyric,8WYHDfJDPDc,Nelly - Dilemma (Official Music Video) ft. Kelly Rowland,Memories,0
Nas,Boom bap / Lyric,8WYHDfJDPDc,Nelly - Dilemma (Official Music Video) ft. Kelly Rowland,June 2026,0
Nas,Boom bap / Lyric,8WYHDfJDPDc,Nelly - Dilemma (Official Music Video) ft. Kelly Rowland,Someone give me my first bump 😂,0
Nas,Boom bap / Lyric,8WYHDfJDPDc,Nelly - Dilemma (Official Music Video) ft. Kelly Rowland,"❤🎉SANTÉ À MADAME QUENUM NELLY NADIA MARLYSE LA SURPUISSANTE, ✌️ ✌️ LA GRANDE DAME, RESPECTS, ✌️ JOIE, BONHEUR, LONGÉVITÉ, PROSPÉRITÉ, SUCCÈS, TRIOMPHE, RÉUSSITES, AMOUR  GLOIRE ET BEAUTÉ, VICTOIRES ✌️ ✌️ ✌️ ✌️ ✌️ ✌️ ✌️ ✌️RICHESSES ET FORTUNES ✌️ ✌️VICTOIRES ✌️ ✌️ ✌️ ✌️ ✌️ ✌️ ✌️ ✌️ LA VICTORIEUSE ✌️ ✌️ ✌️ VICTOIRES, LA SURPUISSANCE ✌️ ✌️ ✌️ ✌️ ✌️ ✌️ ✌️ ✌️ ✌️ ✌️ ✌️ ✌️ ✌️ ✌️ ✌️ ✌️ ✌️ ✌️ ✌️ ✌️ ✌️ ✌️ ✌️ ✌️ ✌️ ✌️ ✌️ ✌️ ✌️VICTOIRES ✌️ ✌️ ✌️ ✌️ ✌️ ✌️ ✌️ ✌️ ✌️ ✌️ ✌️ J'HABITE AU MANS EN FRANCE ✌️ ✌️J'AI LES GUNS, VICTOIRES ✌️ ✌️ ✌️ ✌️ ✌️ ✌️ ✌️ ✌️ ✌️ ✌️ ✌️VICTOIRES ✌️ ✌️ ✌️ ✌️ ✌️ ✌️ ✌️ ✌️ ✌️ ✌️ ✌️ ✌️FÊTES 🎁 🥳 🎁 🥳 🎁 🥳 🎁 🥳 🎁 🥳 🎁 🥳🎁 🥳 🎀 🎉 🎊 🎈 🎁 🥳 🎀 🎉 🎊 🎈 🎁 FÊTES 🎁 🥳 🎁 🥳 🎁 🥳  ✌️ 🥳 ✌️ 🥳 ✌️ 🥳 ✌️ 🥳 ✌️ 🥳 ✌️ 🥳 ✌️FEUX 🔥 🔥 🔥 🔥 🔥 🔥 🔥 🔥 🔥 🔥 🔥 🔥 🔥 🔥 🔥 🔥 🔥 🔥 🔥 🔥 🔥 🔥 🔥 🔥 🔥 🔥 🔥 🔥 🔥 🔥 🔥 🔥 🔥 🔥",0
Nas,Boom bap / Lyric,8WYHDfJDPDc,Nelly - Dilemma (Official Music Video) ft. Kelly Rowland,6 de junio 11:33,1
Nas,Boom bap / Lyric,8WYHDfJDPDc,Nelly - Dilemma (Official Music Video) ft. Kelly Rowland,Anyone here in 2026?,2
Nas,Boom bap / Lyric,8WYHDfJDPDc,Nelly - Dilemma (Official Music Video) ft. Kelly Rowland,Los negros crean joyas sin ofender 😎👍,0
Nas,Boom bap / Lyric,8WYHDfJDPDc,Nelly - Dilemma (Official Music Video) ft. Kelly Rowland,Why did she send a message through excel?,0
Nas,Boom bap / Lyric,8WYHDfJDPDc,Nelly - Dilemma (Official Music Video) ft. Kelly Rowland,Rock in Rio 2026 🇧🇷🇧🇷🇧🇷,0
Nas,Boom bap / Lyric,8WYHDfJDPDc,Nelly - Dilemma (Official Music Video) ft. Kelly Rowland,Microsoft Excel: The best program to cheat on your wife / husband since 2002,0
Nas,Boom bap / Lyric,8WYHDfJDPDc,Nelly - Dilemma (Official Music Video) ft. Kelly Rowland,"This year,This month 
 everyone",0
Nas,Boom bap / Lyric,8WYHDfJDPDc,Nelly - Dilemma (Official Music Video) ft. Kelly Rowland,I can't forget this song,0
Nas,Boom bap / Lyric,8WYHDfJDPDc,Nelly - Dilemma (Official Music Video) ft. Kelly Rowland,Ah .. the 90s .... AI Free !!!,0
Nas,Boom bap / Lyric,8WYHDfJDPDc,Nelly - Dilemma (Official Music Video) ft. Kelly Rowland,This sound is played at almost every wedding and ceremony; it's iconic.,0
Nas,Boom bap / Lyric,8WYHDfJDPDc,Nelly - Dilemma (Official Music Video) ft. Kelly Rowland,Un véritable chef d’œuvre intemporel que j’ai découvert un 31 Décembre lors d’une soirée et jusqu’en 2026 ce son est toujours d’actualité car tout a réussi de la mélodie à qualité de la sonorité et de l’arrangement,1
Nas,Boom bap / Lyric,8WYHDfJDPDc,Nelly - Dilemma (Official Music Video) ft. Kelly Rowland,What’s with the band aid Nelly?😂,1
Nas,Boom bap / Lyric,8WYHDfJDPDc,Nelly - Dilemma (Official Music Video) ft. Kelly Rowland,Still good,1
Nas,Boom bap / Lyric,8WYHDfJDPDc,Nelly - Dilemma (Official Music Video) ft. Kelly Rowland,"June 6, David Bailey from central West Virginia ❤💪💪",0
Nas,Boom bap / Lyric,8WYHDfJDPDc,Nelly - Dilemma (Official Music Video) ft. Kelly Rowland,When black culture still had its glory,1
Nas,Boom bap / Lyric,8WYHDfJDPDc,Nelly - Dilemma (Official Music Video) ft. Kelly Rowland,Best,0
Nas,Boom bap / Lyric,8WYHDfJDPDc,Nelly - Dilemma (Official Music Video) ft. Kelly Rowland,Dr  Dre,0
Nas,Boom bap / Lyric,8WYHDfJDPDc,Nelly - Dilemma (Official Music Video) ft. Kelly Rowland,Amor está canción es de mis favoritas ❤❤❤,0
Nas,Boom bap / Lyric,8WYHDfJDPDc,Nelly - Dilemma (Official Music Video) ft. Kelly Rowland,Who's still listening to this song in 2026🇸🇸🇸🇸,2
Nas,Boom bap / Lyric,8WYHDfJDPDc,Nelly - Dilemma (Official Music Video) ft. Kelly Rowland,Still listening of this,0
Nas,Boom bap / Lyric,8WYHDfJDPDc,Nelly - Dilemma (Official Music Video) ft. Kelly Rowland,How can anyone say Drake is bigger???,0
Nas,Boom bap / Lyric,8WYHDfJDPDc,Nelly - Dilemma (Official Music Video) ft. Kelly Rowland,Still listening to this song lovely song 😍😍❤❤❤❤,0
Nas,Boom bap / Lyric,8WYHDfJDPDc,Nelly - Dilemma (Official Music Video) ft. Kelly Rowland,Algun mexican?,1
Nas,Boom bap / Lyric,8WYHDfJDPDc,Nelly - Dilemma (Official Music Video) ft. Kelly Rowland,June 2026??,0
Nas,Boom bap / Lyric,8WYHDfJDPDc,Nelly - Dilemma (Official Music Video) ft. Kelly Rowland,Soy Argentino sin embargo me gusta esta cancion hermano 😎,0
Nas,Boom bap / Lyric,8WYHDfJDPDc,Nelly - Dilemma (Official Music Video) ft. Kelly Rowland,"Ambassador means special peoples that become co King  and Queen. They use to be have diplomatic immunity, even if they doing bad things .
Love you 😊😊😊😊❤",0
Nas,Boom bap / Lyric,8WYHDfJDPDc,Nelly - Dilemma (Official Music Video) ft. Kelly Rowland,Peoples means not King and Queen. They feed by Kingdom or country.,0
Nas,Boom bap / Lyric,8WYHDfJDPDc,Nelly - Dilemma (Official Music Video) ft. Kelly Rowland,Leader means people that become people King or Queen and give order to they people.,0
Nas,Boom bap / Lyric,8WYHDfJDPDc,Nelly - Dilemma (Official Music Video) ft. Kelly Rowland,An,0
Nas,Boom bap / Lyric,8WYHDfJDPDc,Nelly - Dilemma (Official Music Video) ft. Kelly Rowland,w enta e reveja 😅a sua partir de e em phu de e em phu com um amigo que é,0
Nas,Boom bap / Lyric,8WYHDfJDPDc,Nelly - Dilemma (Official Music Video) ft. Kelly Rowland,This song came in my life when I couldn’t stop thinking bout someone it’s so relatable,0
Nas,Boom bap / Lyric,8WYHDfJDPDc,Nelly - Dilemma (Official Music Video) ft. Kelly Rowland,"Still vibing to this absolute classic! And let's be honest, Kelly Rowland trying to send a text message using a Microsoft Excel spreadsheet will forever be the most legendary and iconic music video moment of all time. 😂",0
Nas,Boom bap / Lyric,8WYHDfJDPDc,Nelly - Dilemma (Official Music Video) ft. Kelly Rowland,No hay ningun colombiano,0
Nas,Boom bap / Lyric,8WYHDfJDPDc,Nelly - Dilemma (Official Music Video) ft. Kelly Rowland,Anyone in june 2026,0
Nas,Boom bap / Lyric,8WYHDfJDPDc,Nelly - Dilemma (Official Music Video) ft. Kelly Rowland,gaafffffffffffffff,1
Nas,Boom bap / Lyric,8WYHDfJDPDc,Nelly - Dilemma (Official Music Video) ft. Kelly Rowland,❤❤❤,1
Nas,Boom bap / Lyric,8WYHDfJDPDc,Nelly - Dilemma (Official Music Video) ft. Kelly Rowland,Ya... Am dr. Noor,0
Nas,Boom bap / Lyric,8WYHDfJDPDc,Nelly - Dilemma (Official Music Video) ft. Kelly Rowland,Anyone in June 2026?… 🎉,3
Nas,Boom bap / Lyric,8WYHDfJDPDc,Nelly - Dilemma (Official Music Video) ft. Kelly Rowland,"Did somebody notice the word ""chicken"" in the background?",0
Nas,Boom bap / Lyric,8WYHDfJDPDc,Nelly - Dilemma (Official Music Video) ft. Kelly Rowland,🎸🎸🎸,0
Nas,Boom bap / Lyric,8WYHDfJDPDc,Nelly - Dilemma (Official Music Video) ft. Kelly Rowland,Anyone 2026 June?,7
Nas,Boom bap / Lyric,8WYHDfJDPDc,Nelly - Dilemma (Official Music Video) ft. Kelly Rowland,Anyone in 2027,1
Nas,Boom bap / Lyric,8WYHDfJDPDc,Nelly - Dilemma (Official Music Video) ft. Kelly Rowland,Did anyone else search “Music Video with Texting on Excel”?,0
Nas,Boom bap / Lyric,8WYHDfJDPDc,Nelly - Dilemma (Official Music Video) ft. Kelly Rowland,في احد من2026؟,1
Nas,Boom bap / Lyric,8WYHDfJDPDc,Nelly - Dilemma (Official Music Video) ft. Kelly Rowland,Juillet 2027 😂❤😂,1
Nas,Boom bap / Lyric,8WYHDfJDPDc,Nelly - Dilemma (Official Music Video) ft. Kelly Rowland,Anyone in Juni 2026?,0
Nas,Boom bap / Lyric,8WYHDfJDPDc,Nelly - Dilemma (Official Music Video) ft. Kelly Rowland,"About Time 2013 movie, i instantly liked this song",0
Nas,Boom bap / Lyric,8WYHDfJDPDc,Nelly - Dilemma (Official Music Video) ft. Kelly Rowland,🎉❤😂,0
Nas,Boom bap / Lyric,8WYHDfJDPDc,Nelly - Dilemma (Official Music Video) ft. Kelly Rowland,Alguém de 2026 😍🇧🇷,0
Nas,Boom bap / Lyric,8WYHDfJDPDc,Nelly - Dilemma (Official Music Video) ft. Kelly Rowland,04/06/2026 música braba 👏🏻👏🏻,0
Nas,Boom bap / Lyric,8WYHDfJDPDc,Nelly - Dilemma (Official Music Video) ft. Kelly Rowland,That vivian guy😂,1
Nas,Boom bap / Lyric,8WYHDfJDPDc,Nelly - Dilemma (Official Music Video) ft. Kelly Rowland,0:42 the bass in here,1
Nas,Boom bap / Lyric,8WYHDfJDPDc,Nelly - Dilemma (Official Music Video) ft. Kelly Rowland,I didn't know Patti LaBelle was in this video until today!,1
Nas,Boom bap / Lyric,8WYHDfJDPDc,Nelly - Dilemma (Official Music Video) ft. Kelly Rowland,Brazilin Rock in Rio 🟩🟨,1
Nas,Boom bap / Lyric,8WYHDfJDPDc,Nelly - Dilemma (Official Music Video) ft. Kelly Rowland,Now Nelly is married to Ashanti and they have a son and he's a grandpa to,2
Nas,Boom bap / Lyric,8WYHDfJDPDc,Nelly - Dilemma (Official Music Video) ft. Kelly Rowland,June 2026 anyone? ❤,11
Nas,Boom bap / Lyric,8WYHDfJDPDc,Nelly - Dilemma (Official Music Video) ft. Kelly Rowland,Haven't heard anything from Nelly in years  .  Has he retired or something  ?,3
Nas,Boom bap / Lyric,8WYHDfJDPDc,Nelly - Dilemma (Official Music Video) ft. Kelly Rowland,god saves your soul!,2
Nas,Boom bap / Lyric,8WYHDfJDPDc,Nelly - Dilemma (Official Music Video) ft. Kelly Rowland,Brasil hexa da copa 2026,1
Nas,Boom bap / Lyric,8WYHDfJDPDc,Nelly - Dilemma (Official Music Video) ft. Kelly Rowland,Brazil 2026,1
Nas,Boom bap / Lyric,8WYHDfJDPDc,Nelly - Dilemma (Official Music Video) ft. Kelly Rowland,No Need to ask if we're Here We Never Left. ❤,0
Nas,Boom bap / Lyric,8WYHDfJDPDc,Nelly - Dilemma (Official Music Video) ft. Kelly Rowland,Welcome to June 2026.. ✨,0
Nas,Boom bap / Lyric,8WYHDfJDPDc,Nelly - Dilemma (Official Music Video) ft. Kelly Rowland,Yeah,0
Nas,Boom bap / Lyric,8WYHDfJDPDc,Nelly - Dilemma (Official Music Video) ft. Kelly Rowland,The best years at music,0
Nas,Boom bap / Lyric,8WYHDfJDPDc,Nelly - Dilemma (Official Music Video) ft. Kelly Rowland,2026 gather here,3
Nas,Boom bap / Lyric,8WYHDfJDPDc,Nelly - Dilemma (Official Music Video) ft. Kelly Rowland,"Anyone in 2027😂❤ 
Love you guys ❤",0
Nas,Boom bap / Lyric,8WYHDfJDPDc,Nelly - Dilemma (Official Music Video) ft. Kelly Rowland,Я с 1986 года! Это песня про нашу любовь! 2004 году школу закончили! Она моя жена и у нкс 3 детей!❤,1
Nas,Boom bap / Lyric,8WYHDfJDPDc,Nelly - Dilemma (Official Music Video) ft. Kelly Rowland,Anyone 4 june 2026❤,1
Nas,Boom bap / Lyric,8WYHDfJDPDc,Nelly - Dilemma (Official Music Video) ft. Kelly Rowland,"June 2026.
Anyone here ?

Anytime you like my comment, I will be coming back to watch this masterpiece ❤",0
Nas,Boom bap / Lyric,8WYHDfJDPDc,Nelly - Dilemma (Official Music Video) ft. Kelly Rowland,June 2026?❤,0
Nas,Boom bap / Lyric,8WYHDfJDPDc,Nelly - Dilemma (Official Music Video) ft. Kelly Rowland,When everyone was still Alive🥹 Anyone 2026 June?,24
Nas,Boom bap / Lyric,8WYHDfJDPDc,Nelly - Dilemma (Official Music Video) ft. Kelly Rowland,Anyone in June 2026,0
Nas,Boom bap / Lyric,8WYHDfJDPDc,Nelly - Dilemma (Official Music Video) ft. Kelly Rowland,"The contrast between the beautiful melody and the painful story is incredible. It sounds like love, but it feels like heartbreak at the same time",0
Nas,Boom bap / Lyric,8WYHDfJDPDc,Nelly - Dilemma (Official Music Video) ft. Kelly Rowland,My teenager years ❤❤,1
Nas,Boom bap / Lyric,8WYHDfJDPDc,Nelly - Dilemma (Official Music Video) ft. Kelly Rowland,❤❤❤❤,1
Nas,Boom bap / Lyric,8WYHDfJDPDc,Nelly - Dilemma (Official Music Video) ft. Kelly Rowland,e QUANDO ELE LANÇAR ESSA NO RIRRRR,0
Nas,Boom bap / Lyric,8WYHDfJDPDc,Nelly - Dilemma (Official Music Video) ft. Kelly Rowland,Who randomly came to this masterpiece,1
Nas,Boom bap / Lyric,8WYHDfJDPDc,Nelly - Dilemma (Official Music Video) ft. Kelly Rowland,Ohhhhuuu ohhhuuuu Anyone in 2026 ❤,0
Nas,Boom bap / Lyric,8WYHDfJDPDc,Nelly - Dilemma (Official Music Video) ft. Kelly Rowland,❤,0
Nas,Boom bap / Lyric,8WYHDfJDPDc,Nelly - Dilemma (Official Music Video) ft. Kelly Rowland,Anyone ☃️☃️☃️☃️,0
Nas,Boom bap / Lyric,8WYHDfJDPDc,Nelly - Dilemma (Official Music Video) ft. Kelly Rowland,june 2026???,0
Nas,Boom bap / Lyric,8WYHDfJDPDc,Nelly - Dilemma (Official Music Video) ft. Kelly Rowland,I,0
Nas,Boom bap / Lyric,8WYHDfJDPDc,Nelly - Dilemma (Official Music Video) ft. Kelly Rowland,4:15,1
Nas,Boom bap / Lyric,8WYHDfJDPDc,Nelly - Dilemma (Official Music Video) ft. Kelly Rowland,Anyone in June 2026?❤🔥🔥,2
Nas,Boom bap / Lyric,8WYHDfJDPDc,Nelly - Dilemma (Official Music Video) ft. Kelly Rowland,1.8 billion views is crazy,1
Nas,Boom bap / Lyric,8WYHDfJDPDc,Nelly - Dilemma (Official Music Video) ft. Kelly Rowland,Larry Hughes with the Lance Alworth jersey.,0
Nas,Boom bap / Lyric,8WYHDfJDPDc,Nelly - Dilemma (Official Music Video) ft. Kelly Rowland,Anyone June 2026?,0
Nas,Boom bap / Lyric,8WYHDfJDPDc,Nelly - Dilemma (Official Music Video) ft. Kelly Rowland,Joyeux 😊,0
Nas,Boom bap / Lyric,8WYHDfJDPDc,Nelly - Dilemma (Official Music Video) ft. Kelly Rowland,Je suis français mais votre musique m'inspire à continuer la musique ❤😊🎉,1
Nas,Boom bap / Lyric,8WYHDfJDPDc,Nelly - Dilemma (Official Music Video) ft. Kelly Rowland,C'est parfait,1
Nas,Boom bap / Lyric,8WYHDfJDPDc,Nelly - Dilemma (Official Music Video) ft. Kelly Rowland,2026 ❤❤❤,0
Nas,Boom bap / Lyric,8WYHDfJDPDc,Nelly - Dilemma (Official Music Video) ft. Kelly Rowland,Anyone in june 2026?,0
Nas,Boom bap / Lyric,8WYHDfJDPDc,Nelly - Dilemma (Official Music Video) ft. Kelly Rowland,Anyone in June 2026. Love this song 🎵 ❤️💙,1
Nas,Boom bap / Lyric,8WYHDfJDPDc,Nelly - Dilemma (Official Music Video) ft. Kelly Rowland,The best❤,0
Nas,Boom bap / Lyric,8WYHDfJDPDc,Nelly - Dilemma (Official Music Video) ft. Kelly Rowland,🇧🇷,0
Nas,Boom bap / Lyric,8WYHDfJDPDc,Nelly - Dilemma (Official Music Video) ft. Kelly Rowland,Anyone 3 June 2026 let's gather here,15
Nas,Boom bap / Lyric,8WYHDfJDPDc,Nelly - Dilemma (Official Music Video) ft. Kelly Rowland,Anyone still here in June 2026 ?,1
Nas,Boom bap / Lyric,8WYHDfJDPDc,Nelly - Dilemma (Official Music Video) ft. Kelly Rowland,June 2026❤,0
Nas,Boom bap / Lyric,8WYHDfJDPDc,Nelly - Dilemma (Official Music Video) ft. Kelly Rowland,Still here June 2026,0
Nas,Boom bap / Lyric,8WYHDfJDPDc,Nelly - Dilemma (Official Music Video) ft. Kelly Rowland,"I love adultery.
Being unfaithful to my significant other is one of my favorite activities of all time. 
It should be highly romanticized.",0
Nas,Boom bap / Lyric,8WYHDfJDPDc,Nelly - Dilemma (Official Music Video) ft. Kelly Rowland,"June , 2026 ..Anyone?",0
Nas,Boom bap / Lyric,8WYHDfJDPDc,Nelly - Dilemma (Official Music Video) ft. Kelly Rowland,2026🎉,0
Nas,Boom bap / Lyric,8WYHDfJDPDc,Nelly - Dilemma (Official Music Video) ft. Kelly Rowland,2:49,1
Nas,Boom bap / Lyric,8WYHDfJDPDc,Nelly - Dilemma (Official Music Video) ft. Kelly Rowland,Chi qua dopo il video di Bad bad bad per vedere se è uguale? 🤣,0
Nas,Boom bap / Lyric,8WYHDfJDPDc,Nelly - Dilemma (Official Music Video) ft. Kelly Rowland,Brazil ouvindo desde de 2015,2
Nas,Boom bap / Lyric,8WYHDfJDPDc,Nelly - Dilemma (Official Music Video) ft. Kelly Rowland,2026 🔥🔥,1
Nas,Boom bap / Lyric,8WYHDfJDPDc,Nelly - Dilemma (Official Music Video) ft. Kelly Rowland,3:15 ...Microsoft excel texting via Nokia 9210 😄,1
Nas,Boom bap / Lyric,8WYHDfJDPDc,Nelly - Dilemma (Official Music Video) ft. Kelly Rowland,2026. Still good!!! ❤🎉,1
Nas,Boom bap / Lyric,8WYHDfJDPDc,Nelly - Dilemma (Official Music Video) ft. Kelly Rowland,"Nelly using a bandage on her face to cover a pimple, young people nowadays using star-shaped stickers ⭐️",0
Nas,Boom bap / Lyric,8WYHDfJDPDc,Nelly - Dilemma (Official Music Video) ft. Kelly Rowland,Vai Corinthians,1
Nas,Boom bap / Lyric,8WYHDfJDPDc,Nelly - Dilemma (Official Music Video) ft. Kelly Rowland,This will never get old guys، may 2026?,0
Nas,Boom bap / Lyric,8WYHDfJDPDc,Nelly - Dilemma (Official Music Video) ft. Kelly Rowland,June 2026 anyone,0
Nas,Boom bap / Lyric,8WYHDfJDPDc,Nelly - Dilemma (Official Music Video) ft. Kelly Rowland,Buen Rolón,0
Nas,Boom bap / Lyric,8WYHDfJDPDc,Nelly - Dilemma (Official Music Video) ft. Kelly Rowland,Em busca do amor ❤️,0
Nas,Boom bap / Lyric,8WYHDfJDPDc,Nelly - Dilemma (Official Music Video) ft. Kelly Rowland,Gone are those days 😍😍😍😍,0
Nas,Boom bap / Lyric,8WYHDfJDPDc,Nelly - Dilemma (Official Music Video) ft. Kelly Rowland,It's June 2026 and I'm still here🥲,1
Nas,Boom bap / Lyric,8WYHDfJDPDc,Nelly - Dilemma (Official Music Video) ft. Kelly Rowland,Vybe 2000,2
Nas,Boom bap / Lyric,8WYHDfJDPDc,Nelly - Dilemma (Official Music Video) ft. Kelly Rowland,June 2026 anyone?,2
Nas,Boom bap / Lyric,8WYHDfJDPDc,Nelly - Dilemma (Official Music Video) ft. Kelly Rowland,"June 1st🥳🎉🎉, 2026",2
Nas,Boom bap / Lyric,8WYHDfJDPDc,Nelly - Dilemma (Official Music Video) ft. Kelly Rowland,June 2026 anyone listening 🎧,4
Nas,Boom bap / Lyric,8WYHDfJDPDc,Nelly - Dilemma (Official Music Video) ft. Kelly Rowland,June listening let's gather here🎉❤,0
Nas,Boom bap / Lyric,8WYHDfJDPDc,Nelly - Dilemma (Official Music Video) ft. Kelly Rowland,Sei una bad bad bad bad,0
Nas,Boom bap / Lyric,8WYHDfJDPDc,Nelly - Dilemma (Official Music Video) ft. Kelly Rowland,Chi dal video di shiva,1
Nas,Boom bap / Lyric,8WYHDfJDPDc,Nelly - Dilemma (Official Music Video) ft. Kelly Rowland,2027🎉,0
Nas,Boom bap / Lyric,8WYHDfJDPDc,Nelly - Dilemma (Official Music Video) ft. Kelly Rowland,I love it,0
Nas,Boom bap / Lyric,8WYHDfJDPDc,Nelly - Dilemma (Official Music Video) ft. Kelly Rowland,1st June 2026 😊,0
Nas,Boom bap / Lyric,8WYHDfJDPDc,Nelly - Dilemma (Official Music Video) ft. Kelly Rowland,Bills I love oh no matter what I do 😂,1
Nas,Boom bap / Lyric,8WYHDfJDPDc,Nelly - Dilemma (Official Music Video) ft. Kelly Rowland,May 31st 2026!,0
Nas,Boom bap / Lyric,8WYHDfJDPDc,Nelly - Dilemma (Official Music Video) ft. Kelly Rowland,June 1 2026 babyy!,0
Nas,Boom bap / Lyric,8WYHDfJDPDc,Nelly - Dilemma (Official Music Video) ft. Kelly Rowland,Esse cara que canta essa música?qual é  o nome.e dessa música?,0
Nas,Boom bap / Lyric,8WYHDfJDPDc,Nelly - Dilemma (Official Music Video) ft. Kelly Rowland,The music is really driving me crazy,0
Nas,Boom bap / Lyric,8WYHDfJDPDc,Nelly - Dilemma (Official Music Video) ft. Kelly Rowland,Uauuu beleza❤,2
Nas,Boom bap / Lyric,8WYHDfJDPDc,Nelly - Dilemma (Official Music Video) ft. Kelly Rowland,2026🎉🎉,1
Nas,Boom bap / Lyric,8WYHDfJDPDc,Nelly - Dilemma (Official Music Video) ft. Kelly Rowland,Still here.,1
Nas,Boom bap / Lyric,8WYHDfJDPDc,Nelly - Dilemma (Official Music Video) ft. Kelly Rowland,💞,0
Nas,Boom bap / Lyric,8WYHDfJDPDc,Nelly - Dilemma (Official Music Video) ft. Kelly Rowland,大学生の頃が蘇る😂,2
Nas,Boom bap / Lyric,8WYHDfJDPDc,Nelly - Dilemma (Official Music Video) ft. Kelly Rowland,GTA SAN ANDREAS,0
Nas,Boom bap / Lyric,8WYHDfJDPDc,Nelly - Dilemma (Official Music Video) ft. Kelly Rowland,Gryr 0:48 0:48 twg 0:48 0:48 0:48 0:48 0:48 0:48 0:48 0:48 0:48 is e,0
Nas,Boom bap / Lyric,8WYHDfJDPDc,Nelly - Dilemma (Official Music Video) ft. Kelly Rowland,All i think about is u,1
Nas,Boom bap / Lyric,8WYHDfJDPDc,Nelly - Dilemma (Official Music Video) ft. Kelly Rowland,Айкенша😂,0
Nas,Boom bap / Lyric,8WYHDfJDPDc,Nelly - Dilemma (Official Music Video) ft. Kelly Rowland,Musik neym islandi seccadem Mehmet seyit oglu  islandi seccam ilahi,0
Nas,Boom bap / Lyric,8WYHDfJDPDc,Nelly - Dilemma (Official Music Video) ft. Kelly Rowland,"Volto, sempre aqui para ver esse clássico",0
Nas,Boom bap / Lyric,8WYHDfJDPDc,Nelly - Dilemma (Official Music Video) ft. Kelly Rowland,"Rock in rio 2026
Eu quero viver esse momento!!!!!!! Obrigado DEUUUUUS",0
Nas,Boom bap / Lyric,8WYHDfJDPDc,Nelly - Dilemma (Official Music Video) ft. Kelly Rowland,Anyone in may 2026??,0
Nas,Boom bap / Lyric,8WYHDfJDPDc,Nelly - Dilemma (Official Music Video) ft. Kelly Rowland,la diferencia entre un freestyler y un rappero de verdad,0
Nas,Boom bap / Lyric,8WYHDfJDPDc,Nelly - Dilemma (Official Music Video) ft. Kelly Rowland,2026 welcom,0
Nas,Boom bap / Lyric,8WYHDfJDPDc,Nelly - Dilemma (Official Music Video) ft. Kelly Rowland,ولا عربي سامعها 😂,0
Nas,Boom bap / Lyric,8WYHDfJDPDc,Nelly - Dilemma (Official Music Video) ft. Kelly Rowland,Someone in 2026 my husband secretly loves the song🕊️,4
Nas,Boom bap / Lyric,8WYHDfJDPDc,Nelly - Dilemma (Official Music Video) ft. Kelly Rowland,I Know This Song Long Ago,0
Nas,Boom bap / Lyric,8WYHDfJDPDc,Nelly - Dilemma (Official Music Video) ft. Kelly Rowland,Everly fresh❤💯,0
Nas,Boom bap / Lyric,8WYHDfJDPDc,Nelly - Dilemma (Official Music Video) ft. Kelly Rowland,❤️🎶🎧,0
Nas,Boom bap / Lyric,8WYHDfJDPDc,Nelly - Dilemma (Official Music Video) ft. Kelly Rowland,MTV & MYX channels days 😅🥲🇵🇭,0
Nas,Boom bap / Lyric,8WYHDfJDPDc,Nelly - Dilemma (Official Music Video) ft. Kelly Rowland,Danko 💯,0
Nas,Boom bap / Lyric,8WYHDfJDPDc,Nelly - Dilemma (Official Music Video) ft. Kelly Rowland,Let's be honest Nelly had hits,2
Nas,Boom bap / Lyric,8WYHDfJDPDc,Nelly - Dilemma (Official Music Video) ft. Kelly Rowland,Beautiful girl and no naked👌 i love this time when clip was not vulgar,0
Nas,Boom bap / Lyric,8WYHDfJDPDc,Nelly - Dilemma (Official Music Video) ft. Kelly Rowland,Me❤,0
Nas,Boom bap / Lyric,8WYHDfJDPDc,Nelly - Dilemma (Official Music Video) ft. Kelly Rowland,Anyone here from Tomodachi Life?,1
Nas,Boom bap / Lyric,8WYHDfJDPDc,Nelly - Dilemma (Official Music Video) ft. Kelly Rowland,Dreamy✨❤️‍🔥🤤,0
Nas,Boom bap / Lyric,8WYHDfJDPDc,Nelly - Dilemma (Official Music Video) ft. Kelly Rowland,What is gone 31 may 2026,4
Nas,Boom bap / Lyric,8WYHDfJDPDc,Nelly - Dilemma (Official Music Video) ft. Kelly Rowland,Why is she texting in an excel spreadsheet and expecting a reply?,0
Nas,Boom bap / Lyric,r7qovpFAGrQ,Lil Nas X - Old Town Road (Official Video) ft. Billy Ray Cyrus,NASARATI 2 OTW https://www.youtube.com/playlist?list=PLaJrsJZtcK8MSo8FL3JpAhzlyM6YtJt_5,12745
Nas,Boom bap / Lyric,r7qovpFAGrQ,Lil Nas X - Old Town Road (Official Video) ft. Billy Ray Cyrus,While coming out the store,0
Nas,Boom bap / Lyric,r7qovpFAGrQ,Lil Nas X - Old Town Road (Official Video) ft. Billy Ray Cyrus,Yo there is six seven I am not brainrotted just sayin,0
Nas,Boom bap / Lyric,r7qovpFAGrQ,Lil Nas X - Old Town Road (Official Video) ft. Billy Ray Cyrus,0:41 who's hungry😊,0
Nas,Boom bap / Lyric,r7qovpFAGrQ,Lil Nas X - Old Town Road (Official Video) ft. Billy Ray Cyrus,មណ្ឌលព័ត៌មានស្ត្រី,0
Nas,Boom bap / Lyric,r7qovpFAGrQ,Lil Nas X - Old Town Road (Official Video) ft. Billy Ray Cyrus,Can't tell me  nothing🎶🎶🎶,0
Nas,Boom bap / Lyric,r7qovpFAGrQ,Lil Nas X - Old Town Road (Official Video) ft. Billy Ray Cyrus,A,1
Nas,Boom bap / Lyric,r7qovpFAGrQ,Lil Nas X - Old Town Road (Official Video) ft. Billy Ray Cyrus,I prefer him looking like this 🌹,0
Nas,Boom bap / Lyric,r7qovpFAGrQ,Lil Nas X - Old Town Road (Official Video) ft. Billy Ray Cyrus,Jermaine and his friend can't tell me nothing they are from old Town Alexandria they lived right next to me in the hood Alexandria project they are not Africans don't list to these dumb lying clowns I'm the only African they know,0
Nas,Boom bap / Lyric,r7qovpFAGrQ,Lil Nas X - Old Town Road (Official Video) ft. Billy Ray Cyrus,Dembele,0
Nas,Boom bap / Lyric,r7qovpFAGrQ,Lil Nas X - Old Town Road (Official Video) ft. Billy Ray Cyrus,wdym its been six years?????,0
Nas,Boom bap / Lyric,r7qovpFAGrQ,Lil Nas X - Old Town Road (Official Video) ft. Billy Ray Cyrus,"Hat down, cross town, livin' like a rockstar
Spent a lot of money on my brand new guitar 1:38  
Pls continue 😢",2
Nas,Boom bap / Lyric,r7qovpFAGrQ,Lil Nas X - Old Town Road (Official Video) ft. Billy Ray Cyrus,He poured all his masculinity into this song and transformed ! 😂😂,0
Nas,Boom bap / Lyric,r7qovpFAGrQ,Lil Nas X - Old Town Road (Official Video) ft. Billy Ray Cyrus,👍,0
Nas,Boom bap / Lyric,r7qovpFAGrQ,Lil Nas X - Old Town Road (Official Video) ft. Billy Ray Cyrus,"Nunca te esqueceremos OliverTree, espero que esteja bem e com o anjos no céu 🙏",1
Nas,Boom bap / Lyric,r7qovpFAGrQ,Lil Nas X - Old Town Road (Official Video) ft. Billy Ray Cyrus,six seven,0
Nas,Boom bap / Lyric,r7qovpFAGrQ,Lil Nas X - Old Town Road (Official Video) ft. Billy Ray Cyrus,I think Today i Will take you as my horse to the old town road,0
Nas,Boom bap / Lyric,r7qovpFAGrQ,Lil Nas X - Old Town Road (Official Video) ft. Billy Ray Cyrus,1:16 67 in big 2020,0
Nas,Boom bap / Lyric,r7qovpFAGrQ,Lil Nas X - Old Town Road (Official Video) ft. Billy Ray Cyrus,Old town in the world I love your song,0
Nas,Boom bap / Lyric,r7qovpFAGrQ,Lil Nas X - Old Town Road (Official Video) ft. Billy Ray Cyrus,Anyone in June 2026,0
Nas,Boom bap / Lyric,r7qovpFAGrQ,Lil Nas X - Old Town Road (Official Video) ft. Billy Ray Cyrus,Go,0
Nas,Boom bap / Lyric,r7qovpFAGrQ,Lil Nas X - Old Town Road (Official Video) ft. Billy Ray Cyrus,"34 Ghosts IV by Nine Inch Nails, for anyone wondering",1
Nas,Boom bap / Lyric,r7qovpFAGrQ,Lil Nas X - Old Town Road (Official Video) ft. Billy Ray Cyrus,who noticed that 67 at 1:18 like dude predicted the future,3
Nas,Boom bap / Lyric,r7qovpFAGrQ,Lil Nas X - Old Town Road (Official Video) ft. Billy Ray Cyrus,This is one Roblox songg,0
Nas,Boom bap / Lyric,r7qovpFAGrQ,Lil Nas X - Old Town Road (Official Video) ft. Billy Ray Cyrus,Iya sih lagu old town road itu keren banget pas jaman covid 😅,0
Nas,Boom bap / Lyric,r7qovpFAGrQ,Lil Nas X - Old Town Road (Official Video) ft. Billy Ray Cyrus,Esperando ese vídeo con ansias eres lo máximo tilin,0
Nas,Boom bap / Lyric,r7qovpFAGrQ,Lil Nas X - Old Town Road (Official Video) ft. Billy Ray Cyrus,Who’s here in 2026 June?,0
Nas,Boom bap / Lyric,r7qovpFAGrQ,Lil Nas X - Old Town Road (Official Video) ft. Billy Ray Cyrus,Anyone on 19 june 2026,0
Nas,Boom bap / Lyric,r7qovpFAGrQ,Lil Nas X - Old Town Road (Official Video) ft. Billy Ray Cyrus,1:15  predicted the two numbers after five meme,0
Nas,Boom bap / Lyric,r7qovpFAGrQ,Lil Nas X - Old Town Road (Official Video) ft. Billy Ray Cyrus,I remember listening to fortnite piano remixes of this like three years ago man😭,0
Nas,Boom bap / Lyric,r7qovpFAGrQ,Lil Nas X - Old Town Road (Official Video) ft. Billy Ray Cyrus,7 years ago exactly,0
Nas,Boom bap / Lyric,r7qovpFAGrQ,Lil Nas X - Old Town Road (Official Video) ft. Billy Ray Cyrus,Baltimore,0
Nas,Boom bap / Lyric,r7qovpFAGrQ,Lil Nas X - Old Town Road (Official Video) ft. Billy Ray Cyrus,HOW DID THEY PREDICT 67-,0
Nas,Boom bap / Lyric,r7qovpFAGrQ,Lil Nas X - Old Town Road (Official Video) ft. Billy Ray Cyrus,67,0
Nas,Boom bap / Lyric,r7qovpFAGrQ,Lil Nas X - Old Town Road (Official Video) ft. Billy Ray Cyrus,I from Québec ❤,1
Nas,Boom bap / Lyric,r7qovpFAGrQ,Lil Nas X - Old Town Road (Official Video) ft. Billy Ray Cyrus,Im french😂😅,2
Nas,Boom bap / Lyric,r7qovpFAGrQ,Lil Nas X - Old Town Road (Official Video) ft. Billy Ray Cyrus,I love the cowboy style,2
Nas,Boom bap / Lyric,r7qovpFAGrQ,Lil Nas X - Old Town Road (Official Video) ft. Billy Ray Cyrus,Because,2
Nas,Boom bap / Lyric,r7qovpFAGrQ,Lil Nas X - Old Town Road (Official Video) ft. Billy Ray Cyrus,His voice so,8
Nas,Boom bap / Lyric,r7qovpFAGrQ,Lil Nas X - Old Town Road (Official Video) ft. Billy Ray Cyrus,🗣️ Si tú come conflay,1
Nas,Boom bap / Lyric,r7qovpFAGrQ,Lil Nas X - Old Town Road (Official Video) ft. Billy Ray Cyrus,_£8✓,0
Nas,Boom bap / Lyric,r7qovpFAGrQ,Lil Nas X - Old Town Road (Official Video) ft. Billy Ray Cyrus,"Cool, double cool! 👍👍🎉🎊😎 🏇",0
Nas,Boom bap / Lyric,r7qovpFAGrQ,Lil Nas X - Old Town Road (Official Video) ft. Billy Ray Cyrus,Any one in 2026,0
Nas,Boom bap / Lyric,r7qovpFAGrQ,Lil Nas X - Old Town Road (Official Video) ft. Billy Ray Cyrus,I hear this in rec room,0
Nas,Boom bap / Lyric,r7qovpFAGrQ,Lil Nas X - Old Town Road (Official Video) ft. Billy Ray Cyrus,"AAAAAAAA WTF? OMG?!? THIS IS PERFECTION, ABSOLUTELY PERFORMANCE❤️👈😖👉❤️",0
Nas,Boom bap / Lyric,r7qovpFAGrQ,Lil Nas X - Old Town Road (Official Video) ft. Billy Ray Cyrus,🥰🥰🥰🥰🥰🥰🥰🥰🥰🥰,0
Nas,Boom bap / Lyric,r7qovpFAGrQ,Lil Nas X - Old Town Road (Official Video) ft. Billy Ray Cyrus,Man I’m sick of waiting.!   When’s lil nas  x gonna ride into my town ?  ( Billy ray very much optional ),0
Nas,Boom bap / Lyric,r7qovpFAGrQ,Lil Nas X - Old Town Road (Official Video) ft. Billy Ray Cyrus,WoW,0
Nas,Boom bap / Lyric,r7qovpFAGrQ,Lil Nas X - Old Town Road (Official Video) ft. Billy Ray Cyrus,1:15 on the left of the orange hat on the wall… sorry,0
Nas,Boom bap / Lyric,r7qovpFAGrQ,Lil Nas X - Old Town Road (Official Video) ft. Billy Ray Cyrus,2026😢,0
Nas,Boom bap / Lyric,r7qovpFAGrQ,Lil Nas X - Old Town Road (Official Video) ft. Billy Ray Cyrus,"Guys if u don't know , this is th only song that nasty x acted like a real man",0
Nas,Boom bap / Lyric,r7qovpFAGrQ,Lil Nas X - Old Town Road (Official Video) ft. Billy Ray Cyrus,قبل ما تشدو زملة 😢,0
Nas,Boom bap / Lyric,r7qovpFAGrQ,Lil Nas X - Old Town Road (Official Video) ft. Billy Ray Cyrus,"Who's ready for Lil Nas X's return, healthy and strong and ready to make music?",0
Nas,Boom bap / Lyric,r7qovpFAGrQ,Lil Nas X - Old Town Road (Official Video) ft. Billy Ray Cyrus,1:14 lil nas predicted 67 earlier than speed's chat in 2023,0
Nas,Boom bap / Lyric,r7qovpFAGrQ,Lil Nas X - Old Town Road (Official Video) ft. Billy Ray Cyrus,Are u gay?,0
Nas,Boom bap / Lyric,r7qovpFAGrQ,Lil Nas X - Old Town Road (Official Video) ft. Billy Ray Cyrus,2099😅,0
Nas,Boom bap / Lyric,r7qovpFAGrQ,Lil Nas X - Old Town Road (Official Video) ft. Billy Ray Cyrus,1:24-2:06 best part of song,1
Nas,Boom bap / Lyric,r7qovpFAGrQ,Lil Nas X - Old Town Road (Official Video) ft. Billy Ray Cyrus,I want to do the 18th,2
Nas,Boom bap / Lyric,r7qovpFAGrQ,Lil Nas X - Old Town Road (Official Video) ft. Billy Ray Cyrus,Se você não blasfêmiase com Deus eu ainda seria ouviria suas músicas😢...,1
Nas,Boom bap / Lyric,r7qovpFAGrQ,Lil Nas X - Old Town Road (Official Video) ft. Billy Ray Cyrus,"Your hat shouldbe Stetson, not Gucci lmao...a Gucci cowboy hat..",1
Nas,Boom bap / Lyric,r7qovpFAGrQ,Lil Nas X - Old Town Road (Official Video) ft. Billy Ray Cyrus,Any one 18june 2026 1:07,0
Nas,Boom bap / Lyric,r7qovpFAGrQ,Lil Nas X - Old Town Road (Official Video) ft. Billy Ray Cyrus,who's here after realizing that billy ray Cyrus is the father of Miley Cyrus,1
Nas,Boom bap / Lyric,r7qovpFAGrQ,Lil Nas X - Old Town Road (Official Video) ft. Billy Ray Cyrus,Yo,0
Nas,Boom bap / Lyric,r7qovpFAGrQ,Lil Nas X - Old Town Road (Official Video) ft. Billy Ray Cyrus,Y'all remember when Lil Nas X pretended to be gay for clout? #metoo,0
Nas,Boom bap / Lyric,r7qovpFAGrQ,Lil Nas X - Old Town Road (Official Video) ft. Billy Ray Cyrus,I remember this🥲,2
Nas,Boom bap / Lyric,r7qovpFAGrQ,Lil Nas X - Old Town Road (Official Video) ft. Billy Ray Cyrus,Ahi sale el papá de hanna montana,0
Nas,Boom bap / Lyric,r7qovpFAGrQ,Lil Nas X - Old Town Road (Official Video) ft. Billy Ray Cyrus,2026🥱,0
Nas,Boom bap / Lyric,r7qovpFAGrQ,Lil Nas X - Old Town Road (Official Video) ft. Billy Ray Cyrus,Any legends here in 2026,0
Nas,Boom bap / Lyric,r7qovpFAGrQ,Lil Nas X - Old Town Road (Official Video) ft. Billy Ray Cyrus,six seven 1:17,0
Nas,Boom bap / Lyric,r7qovpFAGrQ,Lil Nas X - Old Town Road (Official Video) ft. Billy Ray Cyrus,this was one of my beast song ever in 2019,0
Nas,Boom bap / Lyric,r7qovpFAGrQ,Lil Nas X - Old Town Road (Official Video) ft. Billy Ray Cyrus,🔥💛🔥🇰🇪,1
Nas,Boom bap / Lyric,r7qovpFAGrQ,Lil Nas X - Old Town Road (Official Video) ft. Billy Ray Cyrus,Fah🔥,0
Nas,Boom bap / Lyric,r7qovpFAGrQ,Lil Nas X - Old Town Road (Official Video) ft. Billy Ray Cyrus,Any onne 17 June 2026 ?,282
Nas,Boom bap / Lyric,r7qovpFAGrQ,Lil Nas X - Old Town Road (Official Video) ft. Billy Ray Cyrus,67 1:16  ??????,0
Nas,Boom bap / Lyric,r7qovpFAGrQ,Lil Nas X - Old Town Road (Official Video) ft. Billy Ray Cyrus,I love you❤🎉,1
Nas,Boom bap / Lyric,r7qovpFAGrQ,Lil Nas X - Old Town Road (Official Video) ft. Billy Ray Cyrus,He had great music before he was gay,0
Nas,Boom bap / Lyric,r7qovpFAGrQ,Lil Nas X - Old Town Road (Official Video) ft. Billy Ray Cyrus,From horse ridding to meat ridding,1
Nas,Boom bap / Lyric,r7qovpFAGrQ,Lil Nas X - Old Town Road (Official Video) ft. Billy Ray Cyrus,😁,0
Nas,Boom bap / Lyric,r7qovpFAGrQ,Lil Nas X - Old Town Road (Official Video) ft. Billy Ray Cyrus,رجولته انتهت في هذا كليب 😂😂😂😂,0
Nas,Boom bap / Lyric,r7qovpFAGrQ,Lil Nas X - Old Town Road (Official Video) ft. Billy Ray Cyrus,6 years ago there were 67??,1
Nas,Boom bap / Lyric,r7qovpFAGrQ,Lil Nas X - Old Town Road (Official Video) ft. Billy Ray Cyrus,.,0
Nas,Boom bap / Lyric,r7qovpFAGrQ,Lil Nas X - Old Town Road (Official Video) ft. Billy Ray Cyrus,Is there any 🇱🇾?!,2
Nas,Boom bap / Lyric,r7qovpFAGrQ,Lil Nas X - Old Town Road (Official Video) ft. Billy Ray Cyrus,He poured all his masculinity into this song.,6
Nas,Boom bap / Lyric,r7qovpFAGrQ,Lil Nas X - Old Town Road (Official Video) ft. Billy Ray Cyrus,يا قي,0
Nas,Boom bap / Lyric,r7qovpFAGrQ,Lil Nas X - Old Town Road (Official Video) ft. Billy Ray Cyrus,Wanna Fuck my Horseee i can Fuck My Horsee Horse Horse,0
Nas,Boom bap / Lyric,r7qovpFAGrQ,Lil Nas X - Old Town Road (Official Video) ft. Billy Ray Cyrus,*twigz4tiffany*,0
Nas,Boom bap / Lyric,r7qovpFAGrQ,Lil Nas X - Old Town Road (Official Video) ft. Billy Ray Cyrus,Anyone 2026????,2
Nas,Boom bap / Lyric,r7qovpFAGrQ,Lil Nas X - Old Town Road (Official Video) ft. Billy Ray Cyrus,"HAHAHAHAHA OH MY GOSH, this videoclipe is very great, congratsss <3",0
Nas,Boom bap / Lyric,r7qovpFAGrQ,Lil Nas X - Old Town Road (Official Video) ft. Billy Ray Cyrus,Gay African 🤢🤢🤢,0
Nas,Boom bap / Lyric,r7qovpFAGrQ,Lil Nas X - Old Town Road (Official Video) ft. Billy Ray Cyrus,Messi Messi Messi 👍👍👍,2
Nas,Boom bap / Lyric,r7qovpFAGrQ,Lil Nas X - Old Town Road (Official Video) ft. Billy Ray Cyrus,I haven’t been able to accept the dramatic change that my life took in the time between 2019 and now.,1
Nas,Boom bap / Lyric,r7qovpFAGrQ,Lil Nas X - Old Town Road (Official Video) ft. Billy Ray Cyrus,Alguém de 2026?,1
Nas,Boom bap / Lyric,r7qovpFAGrQ,Lil Nas X - Old Town Road (Official Video) ft. Billy Ray Cyrus,"People in 2026 seeing that the song got 1.5b views
👇",1
Nas,Boom bap / Lyric,r7qovpFAGrQ,Lil Nas X - Old Town Road (Official Video) ft. Billy Ray Cyrus,🎉🎉🎉🎉🎉🎉🎉 love lol ❤❤❤,1
Nas,Boom bap / Lyric,r7qovpFAGrQ,Lil Nas X - Old Town Road (Official Video) ft. Billy Ray Cyrus,Back when he was straight🤣🤣,1
Nas,Boom bap / Lyric,r7qovpFAGrQ,Lil Nas X - Old Town Road (Official Video) ft. Billy Ray Cyrus,0:37 The 'e' at the end of Porsche actually isn't silent so it's pronounced [ˈpɔʁʃə].,1
Nas,Boom bap / Lyric,r7qovpFAGrQ,Lil Nas X - Old Town Road (Official Video) ft. Billy Ray Cyrus,"Lil nax 
2019: 🤠🐴 
2020: 🎅❄️
2021:👹😈
2022:..",10
Nas,Boom bap / Lyric,r7qovpFAGrQ,Lil Nas X - Old Town Road (Official Video) ft. Billy Ray Cyrus,🎉🎉🎉🎉🎉🎉🎉🎉🎉🎉❤❤❤❤❤❤❤,1
Nas,Boom bap / Lyric,r7qovpFAGrQ,Lil Nas X - Old Town Road (Official Video) ft. Billy Ray Cyrus,مافهمت,2
Nas,Boom bap / Lyric,r7qovpFAGrQ,Lil Nas X - Old Town Road (Official Video) ft. Billy Ray Cyrus,اخخخ قطر كل رجولته هنا ☹️,0
Nas,Boom bap / Lyric,r7qovpFAGrQ,Lil Nas X - Old Town Road (Official Video) ft. Billy Ray Cyrus,"Lil na x is amazing, it made me relive the good old days of Cowboy in 2019 and now I'm watching it again, but I admit it's complicated to separate the artist from the work!!:335🤠❄️🎅😈👹",0
Nas,Boom bap / Lyric,r7qovpFAGrQ,Lil Nas X - Old Town Road (Official Video) ft. Billy Ray Cyrus,10 years since xxx,0
Nas,Boom bap / Lyric,r7qovpFAGrQ,Lil Nas X - Old Town Road (Official Video) ft. Billy Ray Cyrus,1:18 67😂😂😂😂😂,1
Nas,Boom bap / Lyric,r7qovpFAGrQ,Lil Nas X - Old Town Road (Official Video) ft. Billy Ray Cyrus,This is so goooood,0
Nas,Boom bap / Lyric,r7qovpFAGrQ,Lil Nas X - Old Town Road (Official Video) ft. Billy Ray Cyrus,me realizing its Miley Cyrus's father 😮,0
Nas,Boom bap / Lyric,r7qovpFAGrQ,Lil Nas X - Old Town Road (Official Video) ft. Billy Ray Cyrus,67 on the wall before the meme guy was even born,1
Nas,Boom bap / Lyric,r7qovpFAGrQ,Lil Nas X - Old Town Road (Official Video) ft. Billy Ray Cyrus,1.5 Billion 🎉,0
Nas,Boom bap / Lyric,r7qovpFAGrQ,Lil Nas X - Old Town Road (Official Video) ft. Billy Ray Cyrus,Cowboy baby,1
Nas,Boom bap / Lyric,r7qovpFAGrQ,Lil Nas X - Old Town Road (Official Video) ft. Billy Ray Cyrus,His manhood ended with this song 💔,3
Nas,Boom bap / Lyric,r7qovpFAGrQ,Lil Nas X - Old Town Road (Official Video) ft. Billy Ray Cyrus,Provider 67 somebody see the 67 in the wall say b a look closely you can see 6 7 how is 67 in here this really 6 years ago how did you do that bro 6 7,1
Nas,Boom bap / Lyric,r7qovpFAGrQ,Lil Nas X - Old Town Road (Official Video) ft. Billy Ray Cyrus,When I see 67 in the world 67 bro you've been old movies to go in 6 years what does 67 there,1
Nas,Boom bap / Lyric,r7qovpFAGrQ,Lil Nas X - Old Town Road (Official Video) ft. Billy Ray Cyrus,This guy is gay? Right,0
Nas,Boom bap / Lyric,r7qovpFAGrQ,Lil Nas X - Old Town Road (Official Video) ft. Billy Ray Cyrus,Before zmlaa,0
Nas,Boom bap / Lyric,r7qovpFAGrQ,Lil Nas X - Old Town Road (Official Video) ft. Billy Ray Cyrus,"No final do clipe o personagem mrr, o cara já tava previndo",0
Nas,Boom bap / Lyric,r7qovpFAGrQ,Lil Nas X - Old Town Road (Official Video) ft. Billy Ray Cyrus,😮😮😮😮,0
Nas,Boom bap / Lyric,r7qovpFAGrQ,Lil Nas X - Old Town Road (Official Video) ft. Billy Ray Cyrus,His manhood ended with this song.,0
Nas,Boom bap / Lyric,r7qovpFAGrQ,Lil Nas X - Old Town Road (Official Video) ft. Billy Ray Cyrus,R.I.P Oliver Tree💐😞🕊️😔🥺,2
Nas,Boom bap / Lyric,r7qovpFAGrQ,Lil Nas X - Old Town Road (Official Video) ft. Billy Ray Cyrus,billy ruined this btw old version is much better,0
Nas,Boom bap / Lyric,r7qovpFAGrQ,Lil Nas X - Old Town Road (Official Video) ft. Billy Ray Cyrus,Lil x the pup,0
Nas,Boom bap / Lyric,r7qovpFAGrQ,Lil Nas X - Old Town Road (Official Video) ft. Billy Ray Cyrus,1:15 oooooo 67,2
Nas,Boom bap / Lyric,r7qovpFAGrQ,Lil Nas X - Old Town Road (Official Video) ft. Billy Ray Cyrus,Absolute peak,0
Nas,Boom bap / Lyric,r7qovpFAGrQ,Lil Nas X - Old Town Road (Official Video) ft. Billy Ray Cyrus,67 1:15,3
Nas,Boom bap / Lyric,r7qovpFAGrQ,Lil Nas X - Old Town Road (Official Video) ft. Billy Ray Cyrus,Hey that's a banger,0
Nas,Boom bap / Lyric,r7qovpFAGrQ,Lil Nas X - Old Town Road (Official Video) ft. Billy Ray Cyrus,Im came for this bcz fifa world cup song,0
Nas,Boom bap / Lyric,r7qovpFAGrQ,Lil Nas X - Old Town Road (Official Video) ft. Billy Ray Cyrus,The King.,0
Nas,Boom bap / Lyric,r7qovpFAGrQ,Lil Nas X - Old Town Road (Official Video) ft. Billy Ray Cyrus,sososoooosoossososossososo,0
Nas,Boom bap / Lyric,r7qovpFAGrQ,Lil Nas X - Old Town Road (Official Video) ft. Billy Ray Cyrus,Vinicius JR,0
Nas,Boom bap / Lyric,r7qovpFAGrQ,Lil Nas X - Old Town Road (Official Video) ft. Billy Ray Cyrus,isee 67 in this song but This song was released in 2019,0
Nas,Boom bap / Lyric,r7qovpFAGrQ,Lil Nas X - Old Town Road (Official Video) ft. Billy Ray Cyrus,1:16  dude look at the left .. ￼￼,0
Nas,Boom bap / Lyric,r7qovpFAGrQ,Lil Nas X - Old Town Road (Official Video) ft. Billy Ray Cyrus,"I remember singing this while playing fortnite with some people from school, I'm feeling nostalgic for that rn",0
Nas,Boom bap / Lyric,r7qovpFAGrQ,Lil Nas X - Old Town Road (Official Video) ft. Billy Ray Cyrus,2:34 bro literally died due to falling from height 😢,0
Nas,Boom bap / Lyric,r7qovpFAGrQ,Lil Nas X - Old Town Road (Official Video) ft. Billy Ray Cyrus,❤❤❤❤❤❤❤❤❤❤,0
Nas,Boom bap / Lyric,r7qovpFAGrQ,Lil Nas X - Old Town Road (Official Video) ft. Billy Ray Cyrus,رجولتو كاملا سلاها فهاد الأغنية 🙂💔,3
Nas,Boom bap / Lyric,r7qovpFAGrQ,Lil Nas X - Old Town Road (Official Video) ft. Billy Ray Cyrus,Notice how some of the ads are way louder that some of these songs like there allmost whispering mean while you got some lady talking about pre-ejaculation and her voice is way louder than the artist voice your trying to listen to🤦‍♂️💔😭🙏❤😅,0
Nas,Boom bap / Lyric,r7qovpFAGrQ,Lil Nas X - Old Town Road (Official Video) ft. Billy Ray Cyrus,1:16 67 prediction,1
Nas,Boom bap / Lyric,r7qovpFAGrQ,Lil Nas X - Old Town Road (Official Video) ft. Billy Ray Cyrus,Hoolllyyy 1.5B views,2
Nas,Boom bap / Lyric,r7qovpFAGrQ,Lil Nas X - Old Town Road (Official Video) ft. Billy Ray Cyrus,Anyone in 2026?👇,0
Nas,Boom bap / Lyric,r7qovpFAGrQ,Lil Nas X - Old Town Road (Official Video) ft. Billy Ray Cyrus,Whos here in june 2026,1
Nas,Boom bap / Lyric,r7qovpFAGrQ,Lil Nas X - Old Town Road (Official Video) ft. Billy Ray Cyrus,Tu come conflei y yo con la ley 🗣️,0
Nas,Boom bap / Lyric,r7qovpFAGrQ,Lil Nas X - Old Town Road (Official Video) ft. Billy Ray Cyrus,Gay,1
Nas,Boom bap / Lyric,r7qovpFAGrQ,Lil Nas X - Old Town Road (Official Video) ft. Billy Ray Cyrus,And im 12,0
Nas,Boom bap / Lyric,r7qovpFAGrQ,Lil Nas X - Old Town Road (Official Video) ft. Billy Ray Cyrus,I remember listening to this song all the time when i was 7 and 8,0
Nas,Boom bap / Lyric,r7qovpFAGrQ,Lil Nas X - Old Town Road (Official Video) ft. Billy Ray Cyrus,last song as man btw,0
Nas,Boom bap / Lyric,r7qovpFAGrQ,Lil Nas X - Old Town Road (Official Video) ft. Billy Ray Cyrus,Anyone in 2026 June 14,13
Nas,Boom bap / Lyric,r7qovpFAGrQ,Lil Nas X - Old Town Road (Official Video) ft. Billy Ray Cyrus,Nasci em 2015 a minha e https://youtu.be/r7qovpFAGrQ?is=794f1WP0guV_fVm4,0
Nas,Boom bap / Lyric,r7qovpFAGrQ,Lil Nas X - Old Town Road (Official Video) ft. Billy Ray Cyrus,es una buena musica,0
Nas,Boom bap / Lyric,r7qovpFAGrQ,Lil Nas X - Old Town Road (Official Video) ft. Billy Ray Cyrus,Play red dead redemption 2 whit this song so Nice👍👍💪💪,0
Nas,Boom bap / Lyric,r7qovpFAGrQ,Lil Nas X - Old Town Road (Official Video) ft. Billy Ray Cyrus,He lost his last shred of manhood in this song😂😂,1
Nas,Boom bap / Lyric,r7qovpFAGrQ,Lil Nas X - Old Town Road (Official Video) ft. Billy Ray Cyrus,“Lil nas and mood” is the combo twin🤞🔥💀🗣️🗣️🥀,3
Nas,Boom bap / Lyric,r7qovpFAGrQ,Lil Nas X - Old Town Road (Official Video) ft. Billy Ray Cyrus,0:51 is just fire💀💀💀,0
Nas,Boom bap / Lyric,r7qovpFAGrQ,Lil Nas X - Old Town Road (Official Video) ft. Billy Ray Cyrus,lil nas x prime,1
Nas,Boom bap / Lyric,r7qovpFAGrQ,Lil Nas X - Old Town Road (Official Video) ft. Billy Ray Cyrus,Was is BTS in this one???,0
Nas,Boom bap / Lyric,r7qovpFAGrQ,Lil Nas X - Old Town Road (Official Video) ft. Billy Ray Cyrus,is there anyone watching from 2026,0
Nas,Boom bap / Lyric,r7qovpFAGrQ,Lil Nas X - Old Town Road (Official Video) ft. Billy Ray Cyrus,2019 ro 2026?,0
Nas,Boom bap / Lyric,r7qovpFAGrQ,Lil Nas X - Old Town Road (Official Video) ft. Billy Ray Cyrus,احدت تعليق,0
Nas,Boom bap / Lyric,r7qovpFAGrQ,Lil Nas X - Old Town Road (Official Video) ft. Billy Ray Cyrus,Last viewer,0
Nas,Boom bap / Lyric,r7qovpFAGrQ,Lil Nas X - Old Town Road (Official Video) ft. Billy Ray Cyrus,I love this song so much ❤❤❤,0
Nas,Boom bap / Lyric,r7qovpFAGrQ,Lil Nas X - Old Town Road (Official Video) ft. Billy Ray Cyrus,Anyone in 2026❤,1
Nas,Boom bap / Lyric,r7qovpFAGrQ,Lil Nas X - Old Town Road (Official Video) ft. Billy Ray Cyrus,We miss old lil nas not gay nas😢,1
Nas,Boom bap / Lyric,r7qovpFAGrQ,Lil Nas X - Old Town Road (Official Video) ft. Billy Ray Cyrus,6 years ago...Can we go back to that? The world feels like an author that lost his/her own plot...It's not that complicated.,2
Nas,Boom bap / Lyric,r7qovpFAGrQ,Lil Nas X - Old Town Road (Official Video) ft. Billy Ray Cyrus,Someone in 2026?,1
Nas,Boom bap / Lyric,r7qovpFAGrQ,Lil Nas X - Old Town Road (Official Video) ft. Billy Ray Cyrus,How Friend Inside Me be pulling up in chapter 5,0
Nas,Boom bap / Lyric,r7qovpFAGrQ,Lil Nas X - Old Town Road (Official Video) ft. Billy Ray Cyrus,come back kid,2
Nas,Boom bap / Lyric,r7qovpFAGrQ,Lil Nas X - Old Town Road (Official Video) ft. Billy Ray Cyrus,رجولتو كلها خلصت على هذي الأغنية,0
Nas,Boom bap / Lyric,r7qovpFAGrQ,Lil Nas X - Old Town Road (Official Video) ft. Billy Ray Cyrus,Anyone in june 2026 ?,1
Nas,Boom bap / Lyric,r7qovpFAGrQ,Lil Nas X - Old Town Road (Official Video) ft. Billy Ray Cyrus,What a legend,1
Nas,Boom bap / Lyric,r7qovpFAGrQ,Lil Nas X - Old Town Road (Official Video) ft. Billy Ray Cyrus,1:15 67??,0
Nas,Boom bap / Lyric,r7qovpFAGrQ,Lil Nas X - Old Town Road (Official Video) ft. Billy Ray Cyrus,No way there’s 67 on the glass of the shop😂😂,2
Nas,Boom bap / Lyric,r7qovpFAGrQ,Lil Nas X - Old Town Road (Official Video) ft. Billy Ray Cyrus,"Lil Nas Evolution : 
2019 : 🤩😍
2021 : 😈👺
2026 : 💀☠",2
Nas,Boom bap / Lyric,r7qovpFAGrQ,Lil Nas X - Old Town Road (Official Video) ft. Billy Ray Cyrus,Who’s here after being here before??😅😊,0
Nas,Boom bap / Lyric,r7qovpFAGrQ,Lil Nas X - Old Town Road (Official Video) ft. Billy Ray Cyrus,1:18 67,0
Nas,Boom bap / Lyric,r7qovpFAGrQ,Lil Nas X - Old Town Road (Official Video) ft. Billy Ray Cyrus,2026! 🎉🎉🎉🎉🎉🎉,0
Nas,Boom bap / Lyric,r7qovpFAGrQ,Lil Nas X - Old Town Road (Official Video) ft. Billy Ray Cyrus,Is anyone there?😂,3
Nas,Boom bap / Lyric,r7qovpFAGrQ,Lil Nas X - Old Town Road (Official Video) ft. Billy Ray Cyrus,They were doing a little dance moves 🎉🎉🎉🎉😂😂,0
Nas,Boom bap / Lyric,r7qovpFAGrQ,Lil Nas X - Old Town Road (Official Video) ft. Billy Ray Cyrus,🎉yayayaaasysasss,0
Nas,Boom bap / Lyric,r7qovpFAGrQ,Lil Nas X - Old Town Road (Official Video) ft. Billy Ray Cyrus,❤,0
Nas,Boom bap / Lyric,r7qovpFAGrQ,Lil Nas X - Old Town Road (Official Video) ft. Billy Ray Cyrus,Alguien esta2026?😅,0
Nas,Boom bap / Lyric,r7qovpFAGrQ,Lil Nas X - Old Town Road (Official Video) ft. Billy Ray Cyrus,https://www.youtube.com/watch?v=awzNHuGqoMc&list=RD-GhKwhFwiA8&index=12,0
Nas,Boom bap / Lyric,r7qovpFAGrQ,Lil Nas X - Old Town Road (Official Video) ft. Billy Ray Cyrus,Cool 😎😎😎😎😎😎😎😎😎😎😎😎😎😎😎😎😎😎😎😎😎😎😎😎,0
Nas,Boom bap / Lyric,r7qovpFAGrQ,Lil Nas X - Old Town Road (Official Video) ft. Billy Ray Cyrus,Bro could've been the best singer but he chose to be the best stripper,0
Nas,Boom bap / Lyric,r7qovpFAGrQ,Lil Nas X - Old Town Road (Official Video) ft. Billy Ray Cyrus,Who came here from The kid playing piano to foltyn,0
Nas,Boom bap / Lyric,r7qovpFAGrQ,Lil Nas X - Old Town Road (Official Video) ft. Billy Ray Cyrus,Yes,0
Nas,Boom bap / Lyric,r7qovpFAGrQ,Lil Nas X - Old Town Road (Official Video) ft. Billy Ray Cyrus,2026,0
Nas,Boom bap / Lyric,r7qovpFAGrQ,Lil Nas X - Old Town Road (Official Video) ft. Billy Ray Cyrus,I see 67,0
Nas,Boom bap / Lyric,r7qovpFAGrQ,Lil Nas X - Old Town Road (Official Video) ft. Billy Ray Cyrus,Hi lil Nas ex,0
Nas,Boom bap / Lyric,r7qovpFAGrQ,Lil Nas X - Old Town Road (Official Video) ft. Billy Ray Cyrus,"""yeah this song is about riding a dihh "" u don't have to thanks  me for running 😅😅",0
Nas,Boom bap / Lyric,r7qovpFAGrQ,Lil Nas X - Old Town Road (Official Video) ft. Billy Ray Cyrus,carried 2019,0
Nas,Boom bap / Lyric,r7qovpFAGrQ,Lil Nas X - Old Town Road (Official Video) ft. Billy Ray Cyrus,how i feel e.v.e.r.y. day,0
Nas,Boom bap / Lyric,r7qovpFAGrQ,Lil Nas X - Old Town Road (Official Video) ft. Billy Ray Cyrus,he is gonna ride it alright🥀🥀,7
Nas,Boom bap / Lyric,r7qovpFAGrQ,Lil Nas X - Old Town Road (Official Video) ft. Billy Ray Cyrus,Ai xem muộn không,1
Nas,Boom bap / Lyric,r7qovpFAGrQ,Lil Nas X - Old Town Road (Official Video) ft. Billy Ray Cyrus,Yeah tôi sẽ lấy con ngựa,0
Nas,Boom bap / Lyric,r7qovpFAGrQ,Lil Nas X - Old Town Road (Official Video) ft. Billy Ray Cyrus,He embodied all his masculinity in this masterpiece 💜,0
Nas,Boom bap / Lyric,r7qovpFAGrQ,Lil Nas X - Old Town Road (Official Video) ft. Billy Ray Cyrus,😎,0
Nas,Boom bap / Lyric,r7qovpFAGrQ,Lil Nas X - Old Town Road (Official Video) ft. Billy Ray Cyrus,Awesome,0
Nas,Boom bap / Lyric,r7qovpFAGrQ,Lil Nas X - Old Town Road (Official Video) ft. Billy Ray Cyrus,Love it,0
Nas,Boom bap / Lyric,r7qovpFAGrQ,Lil Nas X - Old Town Road (Official Video) ft. Billy Ray Cyrus,Anyone watching these songs rn?,1
Nas,Boom bap / Lyric,r7qovpFAGrQ,Lil Nas X - Old Town Road (Official Video) ft. Billy Ray Cyrus,Me,0
Nas,Boom bap / Lyric,r7qovpFAGrQ,Lil Nas X - Old Town Road (Official Video) ft. Billy Ray Cyrus,☝😮‍💨👇👆🫵😮‍💨😮‍💨☝🤔🙄🤣😂🤣😂😇😇😇😇😇😇😇😎🥰🥰🥰🥰🥰🥰🥰😍😍😍😍😍😘😘😘😘🤩🤩🤩🤩🤩🤩🤩🧐🧐🧐🧐🥳🥳🥳🥳😫😖😣😶‍🌫🤭🤐🪷🪷🪷🪷🪷🪷🪷🤍💖👉 ราหุลอาร์ม สมพงษ์ ผสมพืช,1
Nas,Boom bap / Lyric,r7qovpFAGrQ,Lil Nas X - Old Town Road (Official Video) ft. Billy Ray Cyrus,"This came out when I was in 5th grade, now I just graduated high school, I miss when this classic was relased",3
Nas,Boom bap / Lyric,r7qovpFAGrQ,Lil Nas X - Old Town Road (Official Video) ft. Billy Ray Cyrus,Og,0
Nas,Boom bap / Lyric,r7qovpFAGrQ,Lil Nas X - Old Town Road (Official Video) ft. Billy Ray Cyrus,❤❤❤❤😊😊😊😊😊😊😂😂😂🎉 1:44,0
Nas,Boom bap / Lyric,r7qovpFAGrQ,Lil Nas X - Old Town Road (Official Video) ft. Billy Ray Cyrus,Kkkkkkkk,0
Nas,Boom bap / Lyric,r7qovpFAGrQ,Lil Nas X - Old Town Road (Official Video) ft. Billy Ray Cyrus,watching this after i found out its about ridin dih,0
Nas,Boom bap / Lyric,r7qovpFAGrQ,Lil Nas X - Old Town Road (Official Video) ft. Billy Ray Cyrus,"Someone watch in 2026
👇
👇",1
Nas,Boom bap / Lyric,r7qovpFAGrQ,Lil Nas X - Old Town Road (Official Video) ft. Billy Ray Cyrus,OG 🥹,0
Nas,Boom bap / Lyric,r7qovpFAGrQ,Lil Nas X - Old Town Road (Official Video) ft. Billy Ray Cyrus,People who are watching this in 2026 👇,0
Nas,Boom bap / Lyric,r7qovpFAGrQ,Lil Nas X - Old Town Road (Official Video) ft. Billy Ray Cyrus,nee sdies die gaaniwerki,0
Nas,Boom bap / Lyric,r7qovpFAGrQ,Lil Nas X - Old Town Road (Official Video) ft. Billy Ray Cyrus,Goated,0
Nas,Boom bap / Lyric,r7qovpFAGrQ,Lil Nas X - Old Town Road (Official Video) ft. Billy Ray Cyrus,I got the horses in da back.,2
Nas,Boom bap / Lyric,r7qovpFAGrQ,Lil Nas X - Old Town Road (Official Video) ft. Billy Ray Cyrus,1:39,0
Nas,Boom bap / Lyric,r7qovpFAGrQ,Lil Nas X - Old Town Road (Official Video) ft. Billy Ray Cyrus,Anyone from juin 2026?💃🧚‍♀️,0
Nas,Boom bap / Lyric,r7qovpFAGrQ,Lil Nas X - Old Town Road (Official Video) ft. Billy Ray Cyrus,"Me gustaría escuchar esta: The Barbarian Writer of a Martial Arts Dating Sim, ya la estaba leyendo pero a veces no tengo tiempo y aunque es parecida a algunas que ya están en el canal son del tipo que entretienen",0
Nas,Boom bap / Lyric,r7qovpFAGrQ,Lil Nas X - Old Town Road (Official Video) ft. Billy Ray Cyrus,Who’s here 2026,4
Nas,Boom bap / Lyric,r7qovpFAGrQ,Lil Nas X - Old Town Road (Official Video) ft. Billy Ray Cyrus,Is anyone just randomly watching the old songs?,714
Nas,Boom bap / Lyric,r7qovpFAGrQ,Lil Nas X - Old Town Road (Official Video) ft. Billy Ray Cyrus,He came back to the hood in sTyLe,0
Nas,Boom bap / Lyric,r7qovpFAGrQ,Lil Nas X - Old Town Road (Official Video) ft. Billy Ray Cyrus,"Me sees 67 after the new fit ""GOD DAMN IT!""",0
Nas,Boom bap / Lyric,r7qovpFAGrQ,Lil Nas X - Old Town Road (Official Video) ft. Billy Ray Cyrus,why still have 67,0
Nas,Boom bap / Lyric,r7qovpFAGrQ,Lil Nas X - Old Town Road (Official Video) ft. Billy Ray Cyrus,whos here at 2026? ,0
Nas,Boom bap / Lyric,r7qovpFAGrQ,Lil Nas X - Old Town Road (Official Video) ft. Billy Ray Cyrus,"Did anyone else noticeat 1:16 
67🕵😲",1
Nas,Boom bap / Lyric,r7qovpFAGrQ,Lil Nas X - Old Town Road (Official Video) ft. Billy Ray Cyrus,SAW THIS SONG ON RESPECT SHORTS IN 2022 AND CAME BACK TO THIS IN 2026😂😂😂,1
Nas,Boom bap / Lyric,r7qovpFAGrQ,Lil Nas X - Old Town Road (Official Video) ft. Billy Ray Cyrus,❤️♥️❤️👍👍👍,1
Nas,Boom bap / Lyric,r7qovpFAGrQ,Lil Nas X - Old Town Road (Official Video) ft. Billy Ray Cyrus,😢lil nas now🏳️‍⚧️,2
Nas,Boom bap / Lyric,r7qovpFAGrQ,Lil Nas X - Old Town Road (Official Video) ft. Billy Ray Cyrus,e,2
Nas,Boom bap / Lyric,r7qovpFAGrQ,Lil Nas X - Old Town Road (Official Video) ft. Billy Ray Cyrus,😂,1
Nas,Boom bap / Lyric,r7qovpFAGrQ,Lil Nas X - Old Town Road (Official Video) ft. Billy Ray Cyrus,Again 2026😂🇹🇿,1
Nas,Boom bap / Lyric,r7qovpFAGrQ,Lil Nas X - Old Town Road (Official Video) ft. Billy Ray Cyrus,Un video muy oscuro,0
Nas,Boom bap / Lyric,r7qovpFAGrQ,Lil Nas X - Old Town Road (Official Video) ft. Billy Ray Cyrus,Is lenny in rdr2,0
Nas,Boom bap / Lyric,r7qovpFAGrQ,Lil Nas X - Old Town Road (Official Video) ft. Billy Ray Cyrus,ههههه هل من احد في هاذ الزمن 2026😂Is anyone in 2026? 🇩🇿,1
Nas,Boom bap / Lyric,r7qovpFAGrQ,Lil Nas X - Old Town Road (Official Video) ft. Billy Ray Cyrus,This song is not about riding a horse is it about riding a D. listen to the lyrics carefully,1
Nas,Boom bap / Lyric,r7qovpFAGrQ,Lil Nas X - Old Town Road (Official Video) ft. Billy Ray Cyrus,"Lil Nas X featuring Billy Ray Cyrus ""Old Town Road (Remix)",0
Nas,Boom bap / Lyric,r7qovpFAGrQ,Lil Nas X - Old Town Road (Official Video) ft. Billy Ray Cyrus,Lil Nas X before the disaster,0
Nas,Boom bap / Lyric,r7qovpFAGrQ,Lil Nas X - Old Town Road (Official Video) ft. Billy Ray Cyrus,1:16 six seven????,0
Nas,Boom bap / Lyric,r7qovpFAGrQ,Lil Nas X - Old Town Road (Official Video) ft. Billy Ray Cyrus,Anyone in 2026,0
Nas,Boom bap / Lyric,r7qovpFAGrQ,Lil Nas X - Old Town Road (Official Video) ft. Billy Ray Cyrus,Can’t nobody tell me nothing,1
Nas,Boom bap / Lyric,r7qovpFAGrQ,Lil Nas X - Old Town Road (Official Video) ft. Billy Ray Cyrus,Everyone in 2026 😊,2
Nas,Boom bap / Lyric,r7qovpFAGrQ,Lil Nas X - Old Town Road (Official Video) ft. Billy Ray Cyrus,wowwwwwwww,0
Nas,Boom bap / Lyric,r7qovpFAGrQ,Lil Nas X - Old Town Road (Official Video) ft. Billy Ray Cyrus,"I'm from Nepal 🇳🇵 
Like a this song 😊😻 
But I know song 😅",1
Nas,Boom bap / Lyric,r7qovpFAGrQ,Lil Nas X - Old Town Road (Official Video) ft. Billy Ray Cyrus,It's sad to think how 2020 was 6 years ago.,1
Nas,Boom bap / Lyric,r7qovpFAGrQ,Lil Nas X - Old Town Road (Official Video) ft. Billy Ray Cyrus,2026,1
Nas,Boom bap / Lyric,r7qovpFAGrQ,Lil Nas X - Old Town Road (Official Video) ft. Billy Ray Cyrus,2026😢😢,1
Nas,Boom bap / Lyric,r7qovpFAGrQ,Lil Nas X - Old Town Road (Official Video) ft. Billy Ray Cyrus,Not me realising he's not talking about horses..,0
Nas,Boom bap / Lyric,r7qovpFAGrQ,Lil Nas X - Old Town Road (Official Video) ft. Billy Ray Cyrus,Its been 6 years gosh,0
Nas,Boom bap / Lyric,r7qovpFAGrQ,Lil Nas X - Old Town Road (Official Video) ft. Billy Ray Cyrus,Wym by I’m gonna ride till I can’t no more,1
Nas,Boom bap / Lyric,r7qovpFAGrQ,Lil Nas X - Old Town Road (Official Video) ft. Billy Ray Cyrus,Bro I just found out this song is about riding dick childhood ruined,1
Nas,Boom bap / Lyric,r7qovpFAGrQ,Lil Nas X - Old Town Road (Official Video) ft. Billy Ray Cyrus,"When we went to the county fair, i asked my son where the horses were.  He didn't know.  I said, ""they got the horses in the back!""  He was so embarrassed, it was great. 😂",0
Nas,Boom bap / Lyric,r7qovpFAGrQ,Lil Nas X - Old Town Road (Official Video) ft. Billy Ray Cyrus,"Lil Nas
then  ✌️
Now 💅🏿",2
Nas,Boom bap / Lyric,r7qovpFAGrQ,Lil Nas X - Old Town Road (Official Video) ft. Billy Ray Cyrus,Lil Nas x now 🌈🌈🌈🌈🌈🌈🌈,1
Nas,Boom bap / Lyric,r7qovpFAGrQ,Lil Nas X - Old Town Road (Official Video) ft. Billy Ray Cyrus,1.5b,0
Nas,Boom bap / Lyric,r7qovpFAGrQ,Lil Nas X - Old Town Road (Official Video) ft. Billy Ray Cyrus,We all come here to make sure we understood what he is riding is DIH or Horse lol!,1
Nas,Boom bap / Lyric,r7qovpFAGrQ,Lil Nas X - Old Town Road (Official Video) ft. Billy Ray Cyrus,"""...he gone cry on that free throw line...watch....he gone cry on that free through line""
-dravo kris
-""fuck wrong wit'em(just make it....AHAHAHAHGAGAGA OMG JAKIIIII AHAHAGS) Lightskin step",1
Nas,Boom bap / Lyric,r7qovpFAGrQ,Lil Nas X - Old Town Road (Official Video) ft. Billy Ray Cyrus,"childhood 
❤❤❤",0
Nas,Boom bap / Lyric,r7qovpFAGrQ,Lil Nas X - Old Town Road (Official Video) ft. Billy Ray Cyrus,"""lpl zahve thats a tax deductible for the hour trade scheme so tell mag to note that....seeee you make that every morning and just made a 20% sale tip that goes right to your account on evety sale and then you fan go back and actyally beat a circle clubs ass on investments cus if SHAKIIIII(pffffft...here vro...you takle this buleciafe stting sge gonnnnne love the size of ya shells in these and if they dint fit that LAZY ASS FREE THRO DIPPER moonwalker mikey said ""count the rings SHAKKIIII their nuce right....you see the diamonds and designs...amd the curved they looik like...i fomt know royal like the price of a cloud...(pffffft or a free throygh bet hehrheheg)
-Mike ""gimme that burger""small fry club🃏",0
Nas,Boom bap / Lyric,r7qovpFAGrQ,Lil Nas X - Old Town Road (Official Video) ft. Billy Ray Cyrus,Better than Shakira’s World Cup song this year. This gives the Waka Waka vibes. This should be official World Cup Song,0
Nas,Boom bap / Lyric,r7qovpFAGrQ,Lil Nas X - Old Town Road (Official Video) ft. Billy Ray Cyrus,J’ai fait une danse dessus cette chanson,0
Nas,Boom bap / Lyric,r7qovpFAGrQ,Lil Nas X - Old Town Road (Official Video) ft. Billy Ray Cyrus,Any1 in 2026😅?,4
Nas,Boom bap / Lyric,r7qovpFAGrQ,Lil Nas X - Old Town Road (Official Video) ft. Billy Ray Cyrus,Кто русский,1
Nas,Boom bap / Lyric,r7qovpFAGrQ,Lil Nas X - Old Town Road (Official Video) ft. Billy Ray Cyrus,I can’t believe all this time this song was about riding dick,1
Nas,Boom bap / Lyric,r7qovpFAGrQ,Lil Nas X - Old Town Road (Official Video) ft. Billy Ray Cyrus,I had no idea this song was about riding dih 😂😂😂😂😂😂😂,1
Nas,Boom bap / Lyric,r7qovpFAGrQ,Lil Nas X - Old Town Road (Official Video) ft. Billy Ray Cyrus,1.5B views in like 6 years,1
Nas,Boom bap / Lyric,r7qovpFAGrQ,Lil Nas X - Old Town Road (Official Video) ft. Billy Ray Cyrus,1.5B views is wild work,1
Nas,Boom bap / Lyric,r7qovpFAGrQ,Lil Nas X - Old Town Road (Official Video) ft. Billy Ray Cyrus,1.5B views is wild,1
Nas,Boom bap / Lyric,r7qovpFAGrQ,Lil Nas X - Old Town Road (Official Video) ft. Billy Ray Cyrus,always takes us back to the COVID era lol,0
Nas,Boom bap / Lyric,r7qovpFAGrQ,Lil Nas X - Old Town Road (Official Video) ft. Billy Ray Cyrus,67,0
Nas,Boom bap / Lyric,r7qovpFAGrQ,Lil Nas X - Old Town Road (Official Video) ft. Billy Ray Cyrus,67,0
Nas,Boom bap / Lyric,r7qovpFAGrQ,Lil Nas X - Old Town Road (Official Video) ft. Billy Ray Cyrus,This one of the many existed before Ai,0
Nas,Boom bap / Lyric,r7qovpFAGrQ,Lil Nas X - Old Town Road (Official Video) ft. Billy Ray Cyrus,The song reminds me of Muney,0
Nas,Boom bap / Lyric,r7qovpFAGrQ,Lil Nas X - Old Town Road (Official Video) ft. Billy Ray Cyrus,استنزف قع رجولتو على ھاد الغنية,1
Nas,Boom bap / Lyric,r7qovpFAGrQ,Lil Nas X - Old Town Road (Official Video) ft. Billy Ray Cyrus,Who's watching this in 2400?,0
Nas,Boom bap / Lyric,r7qovpFAGrQ,Lil Nas X - Old Town Road (Official Video) ft. Billy Ray Cyrus,1:15 No fuckin way they predicted the cold future,0
Nas,Boom bap / Lyric,r7qovpFAGrQ,Lil Nas X - Old Town Road (Official Video) ft. Billy Ray Cyrus,So ahead,0
Nas,Boom bap / Lyric,r7qovpFAGrQ,Lil Nas X - Old Town Road (Official Video) ft. Billy Ray Cyrus,1:15 - 67 ?,13
Nas,Boom bap / Lyric,r7qovpFAGrQ,Lil Nas X - Old Town Road (Official Video) ft. Billy Ray Cyrus,1:14 how did the 67 get there,1
Nas,Boom bap / Lyric,r7qovpFAGrQ,Lil Nas X - Old Town Road (Official Video) ft. Billy Ray Cyrus,Anyone in 2026 ❤❤❤❤❤❤❤ I AM IN JUNE 9th and having lots of fun,0
Nas,Boom bap / Lyric,r7qovpFAGrQ,Lil Nas X - Old Town Road (Official Video) ft. Billy Ray Cyrus,8.06.2026,0
Nas,Boom bap / Lyric,r7qovpFAGrQ,Lil Nas X - Old Town Road (Official Video) ft. Billy Ray Cyrus,Riding a dihh..:⁠-⁠D,0
Nas,Boom bap / Lyric,r7qovpFAGrQ,Lil Nas X - Old Town Road (Official Video) ft. Billy Ray Cyrus,1:16 67,1
Nas,Boom bap / Lyric,r7qovpFAGrQ,Lil Nas X - Old Town Road (Official Video) ft. Billy Ray Cyrus,RDR 2,0
Nas,Boom bap / Lyric,r7qovpFAGrQ,Lil Nas X - Old Town Road (Official Video) ft. Billy Ray Cyrus,Who Here 2026 homie,0
Nas,Boom bap / Lyric,r7qovpFAGrQ,Lil Nas X - Old Town Road (Official Video) ft. Billy Ray Cyrus,Oh Matata😮,0
Nas,Boom bap / Lyric,r7qovpFAGrQ,Lil Nas X - Old Town Road (Official Video) ft. Billy Ray Cyrus,Old town old memories,1
Nas,Boom bap / Lyric,r7qovpFAGrQ,Lil Nas X - Old Town Road (Official Video) ft. Billy Ray Cyrus,Wow me lovli,0
Nas,Boom bap / Lyric,r7qovpFAGrQ,Lil Nas X - Old Town Road (Official Video) ft. Billy Ray Cyrus,2026☠☠,0
Nas,Boom bap / Lyric,r7qovpFAGrQ,Lil Nas X - Old Town Road (Official Video) ft. Billy Ray Cyrus,Ok.   In.  😂😂😂😂,0
Nas,Boom bap / Lyric,r7qovpFAGrQ,Lil Nas X - Old Town Road (Official Video) ft. Billy Ray Cyrus,"2019 cowboy
2026 comeboy",0
Nas,Boom bap / Lyric,r7qovpFAGrQ,Lil Nas X - Old Town Road (Official Video) ft. Billy Ray Cyrus,Coming up on 4th of July. This is the united states!!!,0
Nas,Boom bap / Lyric,r7qovpFAGrQ,Lil Nas X - Old Town Road (Official Video) ft. Billy Ray Cyrus,"I tell you, this song and you are trash. 
TOLD YAH SOMETHING SON. 
Learn what your privates are for.
You dare steal life from plants and animals to get POOPOO on your PP? spit in the face to the creator.
your gangs karma is coming.",0
Nas,Boom bap / Lyric,r7qovpFAGrQ,Lil Nas X - Old Town Road (Official Video) ft. Billy Ray Cyrus,🎶🎶🎵🎵🎵🎵🎶🎵🎵🎶🎵🎵🎵🎶🎵🎵🎵🎵🎵🎵🎸🤐💬,0
Nas,Boom bap / Lyric,r7qovpFAGrQ,Lil Nas X - Old Town Road (Official Video) ft. Billy Ray Cyrus,It's amazing,0
Nas,Boom bap / Lyric,r7qovpFAGrQ,Lil Nas X - Old Town Road (Official Video) ft. Billy Ray Cyrus,Nanone uRwanda🇷🇼,0
Nas,Boom bap / Lyric,r7qovpFAGrQ,Lil Nas X - Old Town Road (Official Video) ft. Billy Ray Cyrus,67,0
Nas,Boom bap / Lyric,r7qovpFAGrQ,Lil Nas X - Old Town Road (Official Video) ft. Billy Ray Cyrus,💚💚💚💚💚💚💚💚💚💚💚💚💚💚💚💚💚💚💚💚💚💚,0
Nas,Boom bap / Lyric,r7qovpFAGrQ,Lil Nas X - Old Town Road (Official Video) ft. Billy Ray Cyrus,This song must be  in  RDR2❤,0
Nas,Boom bap / Lyric,r7qovpFAGrQ,Lil Nas X - Old Town Road (Official Video) ft. Billy Ray Cyrus,Kzymmmgmmmm15❤🎉€,0
Nas,Boom bap / Lyric,r7qovpFAGrQ,Lil Nas X - Old Town Road (Official Video) ft. Billy Ray Cyrus,fly high brother 🕊,0
Nas,Boom bap / Lyric,r7qovpFAGrQ,Lil Nas X - Old Town Road (Official Video) ft. Billy Ray Cyrus,This song is the best,0
Nas,Boom bap / Lyric,r7qovpFAGrQ,Lil Nas X - Old Town Road (Official Video) ft. Billy Ray Cyrus,Who is randomly listening to this on the 8 or 9th of July,8
Nas,Boom bap / Lyric,r7qovpFAGrQ,Lil Nas X - Old Town Road (Official Video) ft. Billy Ray Cyrus,Alguien que hable inglés me traduce plis 😮 súper bien ❤,0
Nas,Boom bap / Lyric,r7qovpFAGrQ,Lil Nas X - Old Town Road (Official Video) ft. Billy Ray Cyrus,I miss this song 😢😢,0
Nas,Boom bap / Lyric,r7qovpFAGrQ,Lil Nas X - Old Town Road (Official Video) ft. Billy Ray Cyrus,It's so good that I've listened to it hundreds of times.😍,0
Nas,Boom bap / Lyric,r7qovpFAGrQ,Lil Nas X - Old Town Road (Official Video) ft. Billy Ray Cyrus,"А вам известно, что мистера Lil Nas подвесили бы за яйца, на первом же суку дерева, который попадется на просторах штата Алабама или Мисиссипи в 1861 году. Вот бы была умора))))",1
Nas,Boom bap / Lyric,r7qovpFAGrQ,Lil Nas X - Old Town Road (Official Video) ft. Billy Ray Cyrus,Muito bom essa música,1
Nas,Boom bap / Lyric,r7qovpFAGrQ,Lil Nas X - Old Town Road (Official Video) ft. Billy Ray Cyrus,Anyone 2026 june 8,2
Nas,Boom bap / Lyric,r7qovpFAGrQ,Lil Nas X - Old Town Road (Official Video) ft. Billy Ray Cyrus,لايدخل الجنة ديوث,0
Nas,Boom bap / Lyric,r7qovpFAGrQ,Lil Nas X - Old Town Road (Official Video) ft. Billy Ray Cyrus,اللعنه من كان قد يتصور أن صاحب هذه التحفة الفنية ذات الطابع الرجولي سوف يصبح شاذ جنسياً🤦🏻,0
Nas,Boom bap / Lyric,r7qovpFAGrQ,Lil Nas X - Old Town Road (Official Video) ft. Billy Ray Cyrus,Suck me dry so I can eat your existence,0
Nas,Boom bap / Lyric,r7qovpFAGrQ,Lil Nas X - Old Town Road (Official Video) ft. Billy Ray Cyrus,"Brents song to me, when he wished me ill will,",0
Nas,Boom bap / Lyric,r7qovpFAGrQ,Lil Nas X - Old Town Road (Official Video) ft. Billy Ray Cyrus,🎉❤🎉❤❤,1
Nas,Boom bap / Lyric,r7qovpFAGrQ,Lil Nas X - Old Town Road (Official Video) ft. Billy Ray Cyrus,I randomly remembered this song existed,3
Nas,Boom bap / Lyric,r7qovpFAGrQ,Lil Nas X - Old Town Road (Official Video) ft. Billy Ray Cyrus,I miss the pre quarantine world,15
Nas,Boom bap / Lyric,r7qovpFAGrQ,Lil Nas X - Old Town Road (Official Video) ft. Billy Ray Cyrus,I miss this LIL NAS X,4
Nas,Boom bap / Lyric,r7qovpFAGrQ,Lil Nas X - Old Town Road (Official Video) ft. Billy Ray Cyrus,Waw❤,1
Nas,Boom bap / Lyric,r7qovpFAGrQ,Lil Nas X - Old Town Road (Official Video) ft. Billy Ray Cyrus,Bring device that make dick long so I can bless boys who want long dick and device to increase height 😘😘😜,1
Nas,Boom bap / Lyric,r7qovpFAGrQ,Lil Nas X - Old Town Road (Official Video) ft. Billy Ray Cyrus,1:16 Reference 67 on The wall,6
Nas,Boom bap / Lyric,r7qovpFAGrQ,Lil Nas X - Old Town Road (Official Video) ft. Billy Ray Cyrus,This and playing red dead redemption 2...,0
Nas,Boom bap / Lyric,r7qovpFAGrQ,Lil Nas X - Old Town Road (Official Video) ft. Billy Ray Cyrus,". this guy got 1.5 fucking billion views like WTF like more than Sabrina Carpenter and fucking video not even in it that would be like 100,000 people at least one of his things like this is this is like crazy.",0
Nas,Boom bap / Lyric,r7qovpFAGrQ,Lil Nas X - Old Town Road (Official Video) ft. Billy Ray Cyrus,I hope world add many best song same same with this legend song❤❤❤❤❤😊😊,0
Nas,Boom bap / Lyric,r7qovpFAGrQ,Lil Nas X - Old Town Road (Official Video) ft. Billy Ray Cyrus,💯,0
Nas,Boom bap / Lyric,r7qovpFAGrQ,Lil Nas X - Old Town Road (Official Video) ft. Billy Ray Cyrus,WHO IS IN 6/7/2027😂😂😂😂,4
Nas,Boom bap / Lyric,r7qovpFAGrQ,Lil Nas X - Old Town Road (Official Video) ft. Billy Ray Cyrus,Who came from TikTok?,1
Nas,Boom bap / Lyric,r7qovpFAGrQ,Lil Nas X - Old Town Road (Official Video) ft. Billy Ray Cyrus,bro there is 67 on the glass of the shop and ts shit is 6 years ago was 6 7 meme even there wtf?,0
Nas,Boom bap / Lyric,r7qovpFAGrQ,Lil Nas X - Old Town Road (Official Video) ft. Billy Ray Cyrus,Who else came from the Dih video,1
Nas,Boom bap / Lyric,r7qovpFAGrQ,Lil Nas X - Old Town Road (Official Video) ft. Billy Ray Cyrus,"[Intro: Billy Ray Cyrus]
Oh, oh-oh
Oh

[Chorus: Billy Ray Cyrus]
Yeah, I'm gonna take my horse to the old town road
I'm gonna ride 'til I can't no more
I'm gonna take my horse to the old town road
I'm gonna ride 'til I can't no more (Kio, Kio)

[Verse 1: Lil Nas X]
I got the horses in the back
Horse tack is attached
Hat is matte black
Got the boots that's black to match
Ridin' on a horse, ha
You can whip your Porsche
I been in the valley
You ain't been up off that porch, now

[Refrain: Lil Nas X]
Can't nobody tell me nothin'
You can't tell me nothin'
Can't nobody tell me nothin'
You can't tell me nothin'
You might also like
Old Town Road
Lil Nas X
Sticky
Drake
BREAK MY SOUL
Beyoncé
[Verse 2: Lil Nas X]
Ridin' on a tractor
Lean all in my bladder
Cheated on my baby
You can go and ask her
My life is a movie
Bull ridin' and boobies
Cowboy hat from Gucci
Wrangler on my booty

[Refrain: Lil Nas X]
Can't nobody tell me nothin'
You can't tell me nothin'
Can't nobody tell me nothin'
You can't tell me nothin'

[Chorus: Lil Nas X]
Yeah, I'm gonna take my horse to the old town road
I'm gonna ride 'til I can't no more
I'm gonna take my horse to the old town road
I'm gonna ride 'til I can't no more

[Verse 3: Billy Ray Cyrus]
Hat down, cross town, livin' like a rockstar
Spent a lot of money on my brand new guitar
Baby's got a habit: diamond rings and Fendi sports bras
Ridin' down Rodeo in my Maserati sports car
Got no stress, I've been through all that
I'm like a Marlboro Man so I kick on back
Wish I could roll on back to that old town road
I wanna ride 'til I can't no more
[Chorus: Lil Nas X & Billy Ray Cyrus]
Yeah, I'm gonna take my horse to the old town road
I'm gonna ride 'til I can't no more
I'm gonna take my horse to the old town road
I'm gonna ride 'til I can't no more",0
Nas,Boom bap / Lyric,r7qovpFAGrQ,Lil Nas X - Old Town Road (Official Video) ft. Billy Ray Cyrus,I remember this song 😅😅,0
Nas,Boom bap / Lyric,r7qovpFAGrQ,Lil Nas X - Old Town Road (Official Video) ft. Billy Ray Cyrus,My life is a movie,2
Nas,Boom bap / Lyric,r7qovpFAGrQ,Lil Nas X - Old Town Road (Official Video) ft. Billy Ray Cyrus,He’s gay,1
Nas,Boom bap / Lyric,r7qovpFAGrQ,Lil Nas X - Old Town Road (Official Video) ft. Billy Ray Cyrus,"Black people, black horse what a vid",0
Nas,Boom bap / Lyric,r7qovpFAGrQ,Lil Nas X - Old Town Road (Official Video) ft. Billy Ray Cyrus,EU VOU JOGAR BRAWL STARS,0
Nas,Boom bap / Lyric,r7qovpFAGrQ,Lil Nas X - Old Town Road (Official Video) ft. Billy Ray Cyrus,2019 free fire,0
Nas,Boom bap / Lyric,r7qovpFAGrQ,Lil Nas X - Old Town Road (Official Video) ft. Billy Ray Cyrus,Dang it's good,0
Nas,Boom bap / Lyric,r7qovpFAGrQ,Lil Nas X - Old Town Road (Official Video) ft. Billy Ray Cyrus,Rap,0
Nas,Boom bap / Lyric,r7qovpFAGrQ,Lil Nas X - Old Town Road (Official Video) ft. Billy Ray Cyrus,😊🎉bravo,0
Nas,Boom bap / Lyric,r7qovpFAGrQ,Lil Nas X - Old Town Road (Official Video) ft. Billy Ray Cyrus,2026!,0
Nas,Boom bap / Lyric,r7qovpFAGrQ,Lil Nas X - Old Town Road (Official Video) ft. Billy Ray Cyrus,"In my opinion, this is the best country sound of our generation.",0
Nas,Boom bap / Lyric,r7qovpFAGrQ,Lil Nas X - Old Town Road (Official Video) ft. Billy Ray Cyrus,الرجلة ديالو سالات كاملة فهاد الاغنية,0
Nas,Boom bap / Lyric,r7qovpFAGrQ,Lil Nas X - Old Town Road (Official Video) ft. Billy Ray Cyrus,Can nobody tell me nothing❤😅😅 am gonna take my horse to Montero road listen to his songs till I came no more❤😂🔥🔥,0
Nas,Boom bap / Lyric,r7qovpFAGrQ,Lil Nas X - Old Town Road (Official Video) ft. Billy Ray Cyrus,Omg 😮 105 000 000 vu,0
Nas,Boom bap / Lyric,r7qovpFAGrQ,Lil Nas X - Old Town Road (Official Video) ft. Billy Ray Cyrus,❤Song,1
Nas,Boom bap / Lyric,r7qovpFAGrQ,Lil Nas X - Old Town Road (Official Video) ft. Billy Ray Cyrus,1:15 i flinched like a traumatized child when i saw that number,0
Nas,Boom bap / Lyric,r7qovpFAGrQ,Lil Nas X - Old Town Road (Official Video) ft. Billy Ray Cyrus,En yeni,0
Nas,Boom bap / Lyric,r7qovpFAGrQ,Lil Nas X - Old Town Road (Official Video) ft. Billy Ray Cyrus,Can’t nobody tell me nothing,0
Nas,Boom bap / Lyric,r7qovpFAGrQ,Lil Nas X - Old Town Road (Official Video) ft. Billy Ray Cyrus,0:53 0:55 0:56 0:56 0:56 0:57 0:57 0:57 0:57 0:58 0:58 0:58 0:58 0:59 0:59 0:59 0:59 1:00 1:00 1:00 1:00 1:00 1:01 1:01 1:01 1:01 1:02 1:03 1:03 1:03 1:03 1:04 1:04 1:04 1:04 1:05 1:05,1
Nas,Boom bap / Lyric,r7qovpFAGrQ,Lil Nas X - Old Town Road (Official Video) ft. Billy Ray Cyrus,First time I heard this music in rambo movie and I became fan of this song.,0
Nas,Boom bap / Lyric,r7qovpFAGrQ,Lil Nas X - Old Town Road (Official Video) ft. Billy Ray Cyrus,"I just found out that this song is about riding dih.. 🫪
My childhood is cooked 🌚",1
Nas,Boom bap / Lyric,r7qovpFAGrQ,Lil Nas X - Old Town Road (Official Video) ft. Billy Ray Cyrus,"this song is fire bro this is my favorite  
👆",1
Nas,Boom bap / Lyric,r7qovpFAGrQ,Lil Nas X - Old Town Road (Official Video) ft. Billy Ray Cyrus,Why is the white ass guy singing when thats how black people sing,0
Nas,Boom bap / Lyric,r7qovpFAGrQ,Lil Nas X - Old Town Road (Official Video) ft. Billy Ray Cyrus,"Till this day I have no idea why this song was such a hit. I know music is a matter of taste, but it's just boring",0
Nas,Boom bap / Lyric,r7qovpFAGrQ,Lil Nas X - Old Town Road (Official Video) ft. Billy Ray Cyrus,Who's here in 2026,0
Nas,Boom bap / Lyric,r7qovpFAGrQ,Lil Nas X - Old Town Road (Official Video) ft. Billy Ray Cyrus,red dead horse 2,0
Nas,Boom bap / Lyric,r7qovpFAGrQ,Lil Nas X - Old Town Road (Official Video) ft. Billy Ray Cyrus,Any anybody see there is 67 1:16,1
Nas,Boom bap / Lyric,r7qovpFAGrQ,Lil Nas X - Old Town Road (Official Video) ft. Billy Ray Cyrus,.,0
Nas,Boom bap / Lyric,r7qovpFAGrQ,Lil Nas X - Old Town Road (Official Video) ft. Billy Ray Cyrus,im from the future,0
Nas,Boom bap / Lyric,r7qovpFAGrQ,Lil Nas X - Old Town Road (Official Video) ft. Billy Ray Cyrus,after all this time i thought he always said “imma rub my booty” 1:09,0
Nas,Boom bap / Lyric,r7qovpFAGrQ,Lil Nas X - Old Town Road (Official Video) ft. Billy Ray Cyrus,0:47 0:48 0:48 0:49 0:49 0:49 0:49,0
Nas,Boom bap / Lyric,r7qovpFAGrQ,Lil Nas X - Old Town Road (Official Video) ft. Billy Ray Cyrus,Can someone speak Vietnamese,0
Nas,Boom bap / Lyric,r7qovpFAGrQ,Lil Nas X - Old Town Road (Official Video) ft. Billy Ray Cyrus,This song ain't about riding horses btw,0
Nas,Boom bap / Lyric,r7qovpFAGrQ,Lil Nas X - Old Town Road (Official Video) ft. Billy Ray Cyrus,From laoa🇱🇦🇱🇦🇱🇦,0
Nas,Boom bap / Lyric,r7qovpFAGrQ,Lil Nas X - Old Town Road (Official Video) ft. Billy Ray Cyrus,G. O. A. TTTTTTTTTTTTTTTTT,0
Nas,Boom bap / Lyric,r7qovpFAGrQ,Lil Nas X - Old Town Road (Official Video) ft. Billy Ray Cyrus,who is in 2026 june 5,32
Nas,Boom bap / Lyric,r7qovpFAGrQ,Lil Nas X - Old Town Road (Official Video) ft. Billy Ray Cyrus,2026 ?,0
Nas,Boom bap / Lyric,r7qovpFAGrQ,Lil Nas X - Old Town Road (Official Video) ft. Billy Ray Cyrus,This is amazing🔥💪🇺🇸,0
Nas,Boom bap / Lyric,r7qovpFAGrQ,Lil Nas X - Old Town Road (Official Video) ft. Billy Ray Cyrus,Canción de un negrito en caballo [ así la encontre ],0
Nas,Boom bap / Lyric,r7qovpFAGrQ,Lil Nas X - Old Town Road (Official Video) ft. Billy Ray Cyrus,Bro got the lil huz😭😂,0
Nas,Boom bap / Lyric,r7qovpFAGrQ,Lil Nas X - Old Town Road (Official Video) ft. Billy Ray Cyrus,11) Польша,1
Nas,Boom bap / Lyric,r7qovpFAGrQ,Lil Nas X - Old Town Road (Official Video) ft. Billy Ray Cyrus,2026🎉🎉🎉🎉🎉🎉😮😢😢,1
Nas,Boom bap / Lyric,r7qovpFAGrQ,Lil Nas X - Old Town Road (Official Video) ft. Billy Ray Cyrus,Bff jalynn Emme ❤😊,1
Nas,Boom bap / Lyric,r7qovpFAGrQ,Lil Nas X - Old Town Road (Official Video) ft. Billy Ray Cyrus,My grandmother always tell me that they have fun back in the day this make me this how it was back in the day,4
Nas,Boom bap / Lyric,r7qovpFAGrQ,Lil Nas X - Old Town Road (Official Video) ft. Billy Ray Cyrus,"5/06/2026
Who's proudly here??",7
Nas,Boom bap / Lyric,r7qovpFAGrQ,Lil Nas X - Old Town Road (Official Video) ft. Billy Ray Cyrus,Rockstar have to put this song in red dead redemption 3.,1
Nas,Boom bap / Lyric,r7qovpFAGrQ,Lil Nas X - Old Town Road (Official Video) ft. Billy Ray Cyrus,I just realise he know the Future 67,0
Nas,Boom bap / Lyric,r7qovpFAGrQ,Lil Nas X - Old Town Road (Official Video) ft. Billy Ray Cyrus,Yeah tôi sẽ lấy con ngựa,0
Nas,Boom bap / Lyric,r7qovpFAGrQ,Lil Nas X - Old Town Road (Official Video) ft. Billy Ray Cyrus,Brad Pitt with a washboard?,0
Nas,Boom bap / Lyric,r7qovpFAGrQ,Lil Nas X - Old Town Road (Official Video) ft. Billy Ray Cyrus,متتعاودش ازح,0
Nas,Boom bap / Lyric,r7qovpFAGrQ,Lil Nas X - Old Town Road (Official Video) ft. Billy Ray Cyrus,Yea he rides the horse alright😂,0
Nas,Boom bap / Lyric,r7qovpFAGrQ,Lil Nas X - Old Town Road (Official Video) ft. Billy Ray Cyrus,Last dance as man 😂,0
Nas,Boom bap / Lyric,r7qovpFAGrQ,Lil Nas X - Old Town Road (Official Video) ft. Billy Ray Cyrus,His only good melody,0
Nas,Boom bap / Lyric,r7qovpFAGrQ,Lil Nas X - Old Town Road (Official Video) ft. Billy Ray Cyrus,This is awesome omg. 🤘😂,0
Nas,Boom bap / Lyric,r7qovpFAGrQ,Lil Nas X - Old Town Road (Official Video) ft. Billy Ray Cyrus,1:15 67,0
Nas,Boom bap / Lyric,r7qovpFAGrQ,Lil Nas X - Old Town Road (Official Video) ft. Billy Ray Cyrus,Toschen ops,0
Nas,Boom bap / Lyric,r7qovpFAGrQ,Lil Nas X - Old Town Road (Official Video) ft. Billy Ray Cyrus,2027😎💀🔥,1
Nas,Boom bap / Lyric,r7qovpFAGrQ,Lil Nas X - Old Town Road (Official Video) ft. Billy Ray Cyrus,💜,0
Nas,Boom bap / Lyric,r7qovpFAGrQ,Lil Nas X - Old Town Road (Official Video) ft. Billy Ray Cyrus,💜💜💜💜💜💜,0
Nas,Boom bap / Lyric,r7qovpFAGrQ,Lil Nas X - Old Town Road (Official Video) ft. Billy Ray Cyrus,I'm sorry I made you cry my darling but need to trust my vision I love you,0
Nas,Boom bap / Lyric,r7qovpFAGrQ,Lil Nas X - Old Town Road (Official Video) ft. Billy Ray Cyrus,👍,0
Nas,Boom bap / Lyric,r7qovpFAGrQ,Lil Nas X - Old Town Road (Official Video) ft. Billy Ray Cyrus,You can not ride  with me 😊,0
Nas,Boom bap / Lyric,r7qovpFAGrQ,Lil Nas X - Old Town Road (Official Video) ft. Billy Ray Cyrus,🎉❤😂,0
Nas,Boom bap / Lyric,r7qovpFAGrQ,Lil Nas X - Old Town Road (Official Video) ft. Billy Ray Cyrus,"1.
2. D.
3. M..N",0
Nas,Boom bap / Lyric,r7qovpFAGrQ,Lil Nas X - Old Town Road (Official Video) ft. Billy Ray Cyrus,🤠 This song is proof that music has no boundaries. Country + Rap = Legendary.,0
Nas,Boom bap / Lyric,r7qovpFAGrQ,Lil Nas X - Old Town Road (Official Video) ft. Billy Ray Cyrus,Anyone watching in 5th june 2026?,0
Nas,Boom bap / Lyric,r7qovpFAGrQ,Lil Nas X - Old Town Road (Official Video) ft. Billy Ray Cyrus,Lil nas x old town road,0
Nas,Boom bap / Lyric,r7qovpFAGrQ,Lil Nas X - Old Town Road (Official Video) ft. Billy Ray Cyrus,👌🏻👌🏻👌🏻😮‍💨😮‍💨,0
Nas,Boom bap / Lyric,r7qovpFAGrQ,Lil Nas X - Old Town Road (Official Video) ft. Billy Ray Cyrus,"At 1 minute an 15 seconds in it said ""6-7"" before the meme came out😢",1
Nas,Boom bap / Lyric,r7qovpFAGrQ,Lil Nas X - Old Town Road (Official Video) ft. Billy Ray Cyrus,Anyone in jun 2026 ? 👇,0
Nas,Boom bap / Lyric,r7qovpFAGrQ,Lil Nas X - Old Town Road (Official Video) ft. Billy Ray Cyrus,Addicted to this song,0
Nas,Boom bap / Lyric,r7qovpFAGrQ,Lil Nas X - Old Town Road (Official Video) ft. Billy Ray Cyrus,did he say eppstein road 101dtrump square?,0
Nas,Boom bap / Lyric,r7qovpFAGrQ,Lil Nas X - Old Town Road (Official Video) ft. Billy Ray Cyrus,Lil gay x,0
Nas,Boom bap / Lyric,r7qovpFAGrQ,Lil Nas X - Old Town Road (Official Video) ft. Billy Ray Cyrus,How's,1
Nas,Boom bap / Lyric,r7qovpFAGrQ,Lil Nas X - Old Town Road (Official Video) ft. Billy Ray Cyrus,Jakim cudem takie gówno ma 6.5 miliona wyświetleń XDDDDD też umiem tak rapować każdy tak umie. Ale syf,0
Nas,Boom bap / Lyric,r7qovpFAGrQ,Lil Nas X - Old Town Road (Official Video) ft. Billy Ray Cyrus,Who here in 2026😅,1
Nas,Boom bap / Lyric,r7qovpFAGrQ,Lil Nas X - Old Town Road (Official Video) ft. Billy Ray Cyrus,2026 ? ...,1
Nas,Boom bap / Lyric,r7qovpFAGrQ,Lil Nas X - Old Town Road (Official Video) ft. Billy Ray Cyrus,Let’s go ronaldo let’s go,1
Nas,Boom bap / Lyric,6JnGBs88sL0,Nelly Furtado - Say It Right (Official Music Video),What race is Nelly,0
Nas,Boom bap / Lyric,6JnGBs88sL0,Nelly Furtado - Say It Right (Official Music Video),Israel 🇮🇱,0
Nas,Boom bap / Lyric,6JnGBs88sL0,Nelly Furtado - Say It Right (Official Music Video),🇧🇷,0
Nas,Boom bap / Lyric,6JnGBs88sL0,Nelly Furtado - Say It Right (Official Music Video),Does GTA 5 have this song ?,0
Nas,Boom bap / Lyric,6JnGBs88sL0,Nelly Furtado - Say It Right (Official Music Video),Obra de arte 😊,1
Nas,Boom bap / Lyric,6JnGBs88sL0,Nelly Furtado - Say It Right (Official Music Video),2026 тут?,1
Nas,Boom bap / Lyric,6JnGBs88sL0,Nelly Furtado - Say It Right (Official Music Video),Allah,1
Nas,Boom bap / Lyric,6JnGBs88sL0,Nelly Furtado - Say It Right (Official Music Video),Say it 📖 Right,1
Nas,Boom bap / Lyric,6JnGBs88sL0,Nelly Furtado - Say It Right (Official Music Video),You either got it 📖 or you don't,1
Nas,Boom bap / Lyric,6JnGBs88sL0,Nelly Furtado - Say It Right (Official Music Video),Дуже гарно.,0
Nas,Boom bap / Lyric,6JnGBs88sL0,Nelly Furtado - Say It Right (Official Music Video),"ı here , where are youuu",0
Nas,Boom bap / Lyric,6JnGBs88sL0,Nelly Furtado - Say It Right (Official Music Video),Good times that the songs was really best but is gone 😢,0
Nas,Boom bap / Lyric,6JnGBs88sL0,Nelly Furtado - Say It Right (Official Music Video),Sevgili beren bu özgüven ve geleceği bu kadar fütursuzca düşünmenden dolayı ticarete atılman gerektiğini düşünüyorum…bu özgüven ancak ticari bir başarı ile taçlandırılır..,0
Nas,Boom bap / Lyric,6JnGBs88sL0,Nelly Furtado - Say It Right (Official Music Video),"Nelly Furtado: bla-bla-bla-bla...
Timbaland: eh... eh.... eh.....",2
Nas,Boom bap / Lyric,6JnGBs88sL0,Nelly Furtado - Say It Right (Official Music Video),Happy 17th Anniversary 🎊🎉,0
Nas,Boom bap / Lyric,6JnGBs88sL0,Nelly Furtado - Say It Right (Official Music Video),I can't believe this guy of all people succumbed to AI.,2
Nas,Boom bap / Lyric,6JnGBs88sL0,Nelly Furtado - Say It Right (Official Music Video),",הסוף שלכם הגיע",0
Nas,Boom bap / Lyric,6JnGBs88sL0,Nelly Furtado - Say It Right (Official Music Video),"""Eh"",colaboration",1
Nas,Boom bap / Lyric,6JnGBs88sL0,Nelly Furtado - Say It Right (Official Music Video),THIS SONG IS ABOUT LISTENING TO THE WORDS OF JESUS ONLY IN THE RED LETTERS IN SPECIAL BIBLES ONLINE,1
Nas,Boom bap / Lyric,6JnGBs88sL0,Nelly Furtado - Say It Right (Official Music Video),THIS VIDEO CHOICE ALMOST KILLED THE GREAT WORDS IN THE SONG FIX IT OR YOU ARE CURSED,1
Nas,Boom bap / Lyric,6JnGBs88sL0,Nelly Furtado - Say It Right (Official Music Video),"Slv todo povo do inferno, fogo nos crente, olho por olho dentro por dente",0
Nas,Boom bap / Lyric,6JnGBs88sL0,Nelly Furtado - Say It Right (Official Music Video),"My favorite Nelly song, but real fans would likely pick other singles for radio play 🔥",0
Nas,Boom bap / Lyric,6JnGBs88sL0,Nelly Furtado - Say It Right (Official Music Video),My ex girlfriend looked just like Nelly. Was so in love with her. And she broke my heart and soul. 😢😢😢,0
Nas,Boom bap / Lyric,6JnGBs88sL0,Nelly Furtado - Say It Right (Official Music Video),good🎉🎉🎉,0
Nas,Boom bap / Lyric,6JnGBs88sL0,Nelly Furtado - Say It Right (Official Music Video),Miss when music like this was a normal thing.,3
Nas,Boom bap / Lyric,6JnGBs88sL0,Nelly Furtado - Say It Right (Official Music Video),"We they thank you for this song 🙏 we take it on our Channel, because it is unforgettable. See you",0
Nas,Boom bap / Lyric,6JnGBs88sL0,Nelly Furtado - Say It Right (Official Music Video),Timbaland is cute!!😍 can I have it?  😂,0
Nas,Boom bap / Lyric,6JnGBs88sL0,Nelly Furtado - Say It Right (Official Music Video),2026 anyone???😎😎😎,3
Nas,Boom bap / Lyric,6JnGBs88sL0,Nelly Furtado - Say It Right (Official Music Video),My god the middle dancer is like a GOD,0
Nas,Boom bap / Lyric,6JnGBs88sL0,Nelly Furtado - Say It Right (Official Music Video),My youth ❤,0
Nas,Boom bap / Lyric,6JnGBs88sL0,Nelly Furtado - Say It Right (Official Music Video),Km I'm,0
Nas,Boom bap / Lyric,6JnGBs88sL0,Nelly Furtado - Say It Right (Official Music Video),НЕВЕРОЯТНО КРАСИВО!!! СУПЕР!!! ❤❤❤,1
Nas,Boom bap / Lyric,6JnGBs88sL0,Nelly Furtado - Say It Right (Official Music Video),❤❤❤,1
Nas,Boom bap / Lyric,6JnGBs88sL0,Nelly Furtado - Say It Right (Official Music Video),❤❤❤❤🌹👌,1
Nas,Boom bap / Lyric,6JnGBs88sL0,Nelly Furtado - Say It Right (Official Music Video),❤❤❤❤❤❤❤❤❤❤❤❤❤❤❤😊❤❤❤❤❤❤❤❤❤❤❤❤weeeeeeeeeeee LOVE you 😍 ❤❤❤❤❤❤❤❤❤❤❤,1
Nas,Boom bap / Lyric,6JnGBs88sL0,Nelly Furtado - Say It Right (Official Music Video),"Man, I wish I had gotten more into Nelly back in the late aughts because damn she is so fine and talented.",1
Nas,Boom bap / Lyric,6JnGBs88sL0,Nelly Furtado - Say It Right (Official Music Video),"Сё налмална не валнуйтесь, дереву зызни вадиська не нузна, пейте, пейцте, всё вам и васым деткам😊",0
Nas,Boom bap / Lyric,6JnGBs88sL0,Nelly Furtado - Say It Right (Official Music Video),we were born for an era that never came,3
Nas,Boom bap / Lyric,6JnGBs88sL0,Nelly Furtado - Say It Right (Official Music Video),The electronic guitar from 3:26 gives me the floods outro shiver.,0
Nas,Boom bap / Lyric,6JnGBs88sL0,Nelly Furtado - Say It Right (Official Music Video),2026,0
Nas,Boom bap / Lyric,6JnGBs88sL0,Nelly Furtado - Say It Right (Official Music Video),Big hit piece; So well done! ❤️,1
Nas,Boom bap / Lyric,6JnGBs88sL0,Nelly Furtado - Say It Right (Official Music Video),June 2026❤,1
Nas,Boom bap / Lyric,6JnGBs88sL0,Nelly Furtado - Say It Right (Official Music Video),песня класс,2
Nas,Boom bap / Lyric,6JnGBs88sL0,Nelly Furtado - Say It Right (Official Music Video),Müzik ve dansçıların müzik ile uyumu çok iyi!,1
Nas,Boom bap / Lyric,6JnGBs88sL0,Nelly Furtado - Say It Right (Official Music Video),3:36 3:39,0
Nas,Boom bap / Lyric,6JnGBs88sL0,Nelly Furtado - Say It Right (Official Music Video),"Hay🎉
3:07 3:08 3:10 3:12",0
Nas,Boom bap / Lyric,6JnGBs88sL0,Nelly Furtado - Say It Right (Official Music Video),"Qualche giorno fa, 20 anni di ""Loose"" ❤!",0
Nas,Boom bap / Lyric,6JnGBs88sL0,Nelly Furtado - Say It Right (Official Music Video),Dédicace a Carina picante,0
Nas,Boom bap / Lyric,6JnGBs88sL0,Nelly Furtado - Say It Right (Official Music Video),"This Brings So Much Nostalgia from the Mtv Days ❤, The Choreography Is Amazing the Guy In The Background Looks Like Channing Tatum With The Dance Moves🎉",1
Nas,Boom bap / Lyric,6JnGBs88sL0,Nelly Furtado - Say It Right (Official Music Video),.il,0
Nas,Boom bap / Lyric,6JnGBs88sL0,Nelly Furtado - Say It Right (Official Music Video),esta cancion me iso recordar a por amar a ciegas de arcangel,0
Nas,Boom bap / Lyric,6JnGBs88sL0,Nelly Furtado - Say It Right (Official Music Video),"🗣️Hey, dododododo hey!",0
Nas,Boom bap / Lyric,6JnGBs88sL0,Nelly Furtado - Say It Right (Official Music Video),I used to watch this video every morning on vh1 before I went to middle school ❤️,2
Nas,Boom bap / Lyric,6JnGBs88sL0,Nelly Furtado - Say It Right (Official Music Video),"Nelly got jams.  Her & Timbaland…welp, everyone & Timbaland basically, lol…musical magic. 🎶🪄👏🏻🙌🏻🙏🏻🫶🏻",1
Nas,Boom bap / Lyric,6JnGBs88sL0,Nelly Furtado - Say It Right (Official Music Video),❤,0
Nas,Boom bap / Lyric,6JnGBs88sL0,Nelly Furtado - Say It Right (Official Music Video),Eu aqui assistindo no meu Poco X6 pro 😂,0
Nas,Boom bap / Lyric,6JnGBs88sL0,Nelly Furtado - Say It Right (Official Music Video),❤️🥺,0
Nas,Boom bap / Lyric,6JnGBs88sL0,Nelly Furtado - Say It Right (Official Music Video),Cheiro de começo do You Tube,0
Nas,Boom bap / Lyric,6JnGBs88sL0,Nelly Furtado - Say It Right (Official Music Video),Good,1
Nas,Boom bap / Lyric,6JnGBs88sL0,Nelly Furtado - Say It Right (Official Music Video),fanum,0
Nas,Boom bap / Lyric,6JnGBs88sL0,Nelly Furtado - Say It Right (Official Music Video),اغنية رياضة امريك,0
Nas,Boom bap / Lyric,6JnGBs88sL0,Nelly Furtado - Say It Right (Official Music Video),Happy Seventeen birtyday to this music❤❤❤❤🎉🎉,0
Nas,Boom bap / Lyric,6JnGBs88sL0,Nelly Furtado - Say It Right (Official Music Video),"I was born 2 weeks after this song came out. I wish I was an adult back then, this era must've been peak to live through! The music is next level😭",3
Nas,Boom bap / Lyric,6JnGBs88sL0,Nelly Furtado - Say It Right (Official Music Video),Was für ein unglaubliches Gesicht.........,1
Nas,Boom bap / Lyric,6JnGBs88sL0,Nelly Furtado - Say It Right (Official Music Video),I would pay to get just one morning of vibes getting ready for school watching mtv 😢😢,0
Nas,Boom bap / Lyric,6JnGBs88sL0,Nelly Furtado - Say It Right (Official Music Video),1:07,0
Nas,Boom bap / Lyric,6JnGBs88sL0,Nelly Furtado - Say It Right (Official Music Video),Hamsı harda performansdaaa,1
Nas,Boom bap / Lyric,6JnGBs88sL0,Nelly Furtado - Say It Right (Official Music Video),17 years ago 🎉🎉🎉,5
Nas,Boom bap / Lyric,6JnGBs88sL0,Nelly Furtado - Say It Right (Official Music Video),А как зовут министра иносранных дел рб например?,0
Nas,Boom bap / Lyric,6JnGBs88sL0,Nelly Furtado - Say It Right (Official Music Video),June 2026,1
Nas,Boom bap / Lyric,6JnGBs88sL0,Nelly Furtado - Say It Right (Official Music Video),"16.05.2026
Hello ⛱️🌞🌊🍹 Goodbye school 🎒",0
Nas,Boom bap / Lyric,6JnGBs88sL0,Nelly Furtado - Say It Right (Official Music Video),"This was, is and will ever be Sean's best colab!... 2026, and still counting.",1
Nas,Boom bap / Lyric,6JnGBs88sL0,Nelly Furtado - Say It Right (Official Music Video),2026❤❤❤,0
Nas,Boom bap / Lyric,6JnGBs88sL0,Nelly Furtado - Say It Right (Official Music Video),Die Kinder von heutzutage wachsen ganz anders auf als wie wir früher und das anfängt ja schon an im Eltern Haus und dann kommt die Schule das war zu unsere Zeit alles ganz anders da mussten unsre Eltern keine Angst haben das uns was passiert in der Schule und nee wie heutzutage weiß man nee ob man sein Kind wieder sehen tut das ist von zeit zu zeit immer schlimmer geworden 😱😞,0
Nas,Boom bap / Lyric,6JnGBs88sL0,Nelly Furtado - Say It Right (Official Music Video),2026 still 🔥 fire 🔥,0
Nas,Boom bap / Lyric,6JnGBs88sL0,Nelly Furtado - Say It Right (Official Music Video),I remember this song playing on the radio all day when I had an affair with my co-worker in 2007. I fucked-up the relationship as my job. he...hehe,0
Nas,Boom bap / Lyric,6JnGBs88sL0,Nelly Furtado - Say It Right (Official Music Video),😊❤god Says do not lie🫵,1
Nas,Boom bap / Lyric,6JnGBs88sL0,Nelly Furtado - Say It Right (Official Music Video),"En tout cas je me suis rendu compte qu'en France faut pas rigoler du tout avec les journalistes 
Parce que franchement ils ont pas l'air mais ils sont très intelligents 
Vous savez ce qu'ils ont remarqué avant tout le monde ?
Non ?
Qu'il y avait eu 3000 morts le 11 septembre 2001 
Moi je pensais juste c'était des gros Mongols 
Mais apparemment ils doivent être calée dans l'histoire de la race humaine et du passé de compagnie est intelligent",0
Nas,Boom bap / Lyric,6JnGBs88sL0,Nelly Furtado - Say It Right (Official Music Video),Wow. Memories.,0
Nas,Boom bap / Lyric,6JnGBs88sL0,Nelly Furtado - Say It Right (Official Music Video),🤪,0
Nas,Boom bap / Lyric,6JnGBs88sL0,Nelly Furtado - Say It Right (Official Music Video),😘,0
Nas,Boom bap / Lyric,6JnGBs88sL0,Nelly Furtado - Say It Right (Official Music Video),🥰🦞🥵вначале,0
Nas,Boom bap / Lyric,6JnGBs88sL0,Nelly Furtado - Say It Right (Official Music Video),Ай вил шоу ю,0
Nas,Boom bap / Lyric,6JnGBs88sL0,Nelly Furtado - Say It Right (Official Music Video),Sevgili dinliyecilerime YUOTUBIYE SEVGILERLE GELSIN TENKYOUSEVGILER❤❤❤ SAYGILAR🎉🎉😅,0
Nas,Boom bap / Lyric,6JnGBs88sL0,Nelly Furtado - Say It Right (Official Music Video),Nellyq❤1numara kralicemiz😅,0
Nas,Boom bap / Lyric,6JnGBs88sL0,Nelly Furtado - Say It Right (Official Music Video),Kliye 1❤❤numara😅,0
Nas,Boom bap / Lyric,6JnGBs88sL0,Nelly Furtado - Say It Right (Official Music Video),i proudly coded this into my myspace background :*),2
Nas,Boom bap / Lyric,6JnGBs88sL0,Nelly Furtado - Say It Right (Official Music Video),Это наверное лучшее время когда я впервые услышал эту песню. Даже воспоминания греют душу,0
Nas,Boom bap / Lyric,6JnGBs88sL0,Nelly Furtado - Say It Right (Official Music Video),"They played it one time in 60 minutes on MTV. 
And we stayed glued to the screen 😀",1
Nas,Boom bap / Lyric,6JnGBs88sL0,Nelly Furtado - Say It Right (Official Music Video),"อยากรู้อะไร/ทำไรนักร้องทุกท่านทุกคน/ถึงให้เกลียดปัญญา ติดตามเพราะอะไร/ไม่ว่าใครก็ไม่มีวันเข้าใจเรื่องแบบนี้เงินซื้อได้/ที่เหลื่อคิดเอง.......




2)❤❤❤",0
Nas,Boom bap / Lyric,6JnGBs88sL0,Nelly Furtado - Say It Right (Official Music Video),THIS VIDEO CHOICE ALMOST KILLED THE GREAT WORDS IN THE SONG FIX IT OR YOU ARE CURSED,1
Nas,Boom bap / Lyric,6JnGBs88sL0,Nelly Furtado - Say It Right (Official Music Video),THIS SONG IS ABOUT LISTENING TO THE WORDS OF JESUS ONLY IN THE RED LETTERS IN SPECIAL BIBLES ONLINE,1
Nas,Boom bap / Lyric,6JnGBs88sL0,Nelly Furtado - Say It Right (Official Music Video),SONG GREAT BUT CHANGE VIDEO BLACK AND WHITE DONT MATCH,1
Nas,Boom bap / Lyric,6JnGBs88sL0,Nelly Furtado - Say It Right (Official Music Video),My god ... this does something to me. Proud of being from this era .,1
Nas,Boom bap / Lyric,6JnGBs88sL0,Nelly Furtado - Say It Right (Official Music Video),Surreal,0
Nas,Boom bap / Lyric,6JnGBs88sL0,Nelly Furtado - Say It Right (Official Music Video),Wow 👌,1
Nas,Boom bap / Lyric,6JnGBs88sL0,Nelly Furtado - Say It Right (Official Music Video),"Not the song, but We are getting older",1
Nas,Boom bap / Lyric,6JnGBs88sL0,Nelly Furtado - Say It Right (Official Music Video),homie lowkey tweaking,0
Nas,Boom bap / Lyric,6JnGBs88sL0,Nelly Furtado - Say It Right (Official Music Video),Black The Girl Is Nelly Furto See. It Well Say Aee. I Rather Fuck Wario Lmao 👀 Wario. I'm Happy Man. Lmao Lol 😂..,1
Nas,Boom bap / Lyric,6JnGBs88sL0,Nelly Furtado - Say It Right (Official Music Video),Moses Said Where My Games.,1
Nas,Boom bap / Lyric,6JnGBs88sL0,Nelly Furtado - Say It Right (Official Music Video),"Oh, those were beautiful days gone by, never to be replaced! My older brother had a radio, haha, I used to listen to it a lot. ❤❤",0
Nas,Boom bap / Lyric,6JnGBs88sL0,Nelly Furtado - Say It Right (Official Music Video),"When this song came out... i was this young boy who fell in love in the pure beauty of Nelly, fast forward to todays time... my wife is still jealous of her :D",0
Nas,Boom bap / Lyric,6JnGBs88sL0,Nelly Furtado - Say It Right (Official Music Video),The background male vocal added everything that is needed....,0
Nas,Boom bap / Lyric,6JnGBs88sL0,Nelly Furtado - Say It Right (Official Music Video),giorgio by moroder,0
Nas,Boom bap / Lyric,6JnGBs88sL0,Nelly Furtado - Say It Right (Official Music Video),Hi nelly furtado I what to meet you in person Claudia,1
Nas,Boom bap / Lyric,6JnGBs88sL0,Nelly Furtado - Say It Right (Official Music Video),"Absolutely fabulous choreography in this video and yes, I remember this song. Love the rain too",0
Nas,Boom bap / Lyric,6JnGBs88sL0,Nelly Furtado - Say It Right (Official Music Video),This Jam Has So Much Power!,0
Nas,Boom bap / Lyric,6JnGBs88sL0,Nelly Furtado - Say It Right (Official Music Video),I love,0
Nas,Boom bap / Lyric,6JnGBs88sL0,Nelly Furtado - Say It Right (Official Music Video),"1,2 BI ❤❤",0
Nas,Boom bap / Lyric,6JnGBs88sL0,Nelly Furtado - Say It Right (Official Music Video),"Cacildes!!!

https://www.888win5.win/?id=194056749
https://ai7.ltd?code=RszR4Jsf
https://www.888win5.win/?id=194056749
https://ai7.ltd?code=RszR4Jsf
https://www.888win5.win/?id=194056749
https://ai7.ltd?code=RszR4Jsf
https://www.888win5.win/?id=194056749
https://ai7.ltd?code=RszR4Jsf
https://www.888win5.win/?id=194056749
https://ai7.ltd?code=RszR4Jsf",0
Nas,Boom bap / Lyric,6JnGBs88sL0,Nelly Furtado - Say It Right (Official Music Video),TheFinITeOfthungs...,0
Nas,Boom bap / Lyric,6JnGBs88sL0,Nelly Furtado - Say It Right (Official Music Video),RealityifLife:eitherUareOrNot..,0
Nas,Boom bap / Lyric,6JnGBs88sL0,Nelly Furtado - Say It Right (Official Music Video),Who’s the cute shirtless dancer with the white pants? 😍,1
Nas,Boom bap / Lyric,6JnGBs88sL0,Nelly Furtado - Say It Right (Official Music Video),Elle est tellement belle nelly❤❤❤❤,1
Nas,Boom bap / Lyric,6JnGBs88sL0,Nelly Furtado - Say It Right (Official Music Video),timeless music 2026,1
Nas,Boom bap / Lyric,6JnGBs88sL0,Nelly Furtado - Say It Right (Official Music Video),❤❤❤❤❤❤❤❤❤❤❤❤,1
Nas,Boom bap / Lyric,6JnGBs88sL0,Nelly Furtado - Say It Right (Official Music Video),Антихрист тащится,1
Nas,Boom bap / Lyric,6JnGBs88sL0,Nelly Furtado - Say It Right (Official Music Video),Моя девочка исполнилась 16 лет❤,1
Nas,Boom bap / Lyric,6JnGBs88sL0,Nelly Furtado - Say It Right (Official Music Video),اريد الاغنيه,0
Nas,Boom bap / Lyric,6JnGBs88sL0,Nelly Furtado - Say It Right (Official Music Video),Nelly I missed you 💕,0
Nas,Boom bap / Lyric,6JnGBs88sL0,Nelly Furtado - Say It Right (Official Music Video),Came here because of a viral video on IG😅,0
Nas,Boom bap / Lyric,6JnGBs88sL0,Nelly Furtado - Say It Right (Official Music Video),"20 years ago my dad was a 57 year old retiree and this was a pumping jam in his car, if my mom was still alive then she would have had a shit fit all over him for listening to music so loud in his car. 10 years later in 2016 he passed and this still remains a great memory of him",0
Nas,Boom bap / Lyric,6JnGBs88sL0,Nelly Furtado - Say It Right (Official Music Video),epic music.,0
Nas,Boom bap / Lyric,6JnGBs88sL0,Nelly Furtado - Say It Right (Official Music Video),Something like that 😜 pays forward to hearing back from the last known post 🏣 📯,0
Nas,Boom bap / Lyric,6JnGBs88sL0,Nelly Furtado - Say It Right (Official Music Video),"3:32 
Kebap pick  kebab  pick kabab. E. 😂",0
Nas,Boom bap / Lyric,6JnGBs88sL0,Nelly Furtado - Say It Right (Official Music Video),abi manifest hileli şarkısının başında senin şarkının başındaki müziği kullanmış haberin olsun ben farkettim ödülümü verirsin artık tşk,0
Nas,Boom bap / Lyric,6JnGBs88sL0,Nelly Furtado - Say It Right (Official Music Video),"Damn! 16yrs! I feel old. Remember listening on an office laptop where it was already purchased with itunes. Omg, just brought back all the memories! Good times!",0
Nas,Boom bap / Lyric,6JnGBs88sL0,Nelly Furtado - Say It Right (Official Music Video),،،،،،،،💀،،،،،،22،،،،،،❤،،،،،،،،🪦,0
Nas,Boom bap / Lyric,6JnGBs88sL0,Nelly Furtado - Say It Right (Official Music Video),Anyone 2026 😢,0
Nas,Boom bap / Lyric,6JnGBs88sL0,Nelly Furtado - Say It Right (Official Music Video),Love Nelly. https://youtu.be/Y6Wfjl0UsMI?is=A-MwHZLbFymA5AOF,1
Nas,Boom bap / Lyric,6JnGBs88sL0,Nelly Furtado - Say It Right (Official Music Video),Her voice can even make a daveil dance on a trorn,0
Nas,Boom bap / Lyric,6JnGBs88sL0,Nelly Furtado - Say It Right (Official Music Video),I am inlove with a lady since i was 11 yrs she have golden voice,0
Nas,Boom bap / Lyric,6JnGBs88sL0,Nelly Furtado - Say It Right (Official Music Video),хотел эту соску,0
Nas,Boom bap / Lyric,6JnGBs88sL0,Nelly Furtado - Say It Right (Official Music Video),из дагестана,0
Nas,Boom bap / Lyric,6JnGBs88sL0,Nelly Furtado - Say It Right (Official Music Video),антихрист имам магьди тащится,0
Nas,Boom bap / Lyric,6JnGBs88sL0,Nelly Furtado - Say It Right (Official Music Video),Don't try!,0
Nas,Boom bap / Lyric,6JnGBs88sL0,Nelly Furtado - Say It Right (Official Music Video),Mi piace tanto Nelly Furtado ❤❤❤❤Giusi,0
Nas,Boom bap / Lyric,6JnGBs88sL0,Nelly Furtado - Say It Right (Official Music Video),Este  chico  hermoso  despertó a una leyenda a nueva generación  .el trabajo de  jaffar río a lo extraordinario,0
Nas,Boom bap / Lyric,6JnGBs88sL0,Nelly Furtado - Say It Right (Official Music Video),I was 18😊😊,0
Nas,Boom bap / Lyric,6JnGBs88sL0,Nelly Furtado - Say It Right (Official Music Video),❤,0
Nas,Boom bap / Lyric,6JnGBs88sL0,Nelly Furtado - Say It Right (Official Music Video),Nostalgic feelings of the time during my days on campus at the University of Papua New Guinea,2
Nas,Boom bap / Lyric,6JnGBs88sL0,Nelly Furtado - Say It Right (Official Music Video),Gapp egasiini tapadii😂🎉🎉🎉🎉,0
Nas,Boom bap / Lyric,6JnGBs88sL0,Nelly Furtado - Say It Right (Official Music Video),Io.,0
Nas,Boom bap / Lyric,6JnGBs88sL0,Nelly Furtado - Say It Right (Official Music Video),400 odommm boldiii,1
Nas,Boom bap / Lyric,6JnGBs88sL0,Nelly Furtado - Say It Right (Official Music Video),Am I intimidating?,0
Nas,Boom bap / Lyric,6JnGBs88sL0,Nelly Furtado - Say It Right (Official Music Video),this song is     no time line needed.,2
Nas,Boom bap / Lyric,6JnGBs88sL0,Nelly Furtado - Say It Right (Official Music Video),I LOVE YOU NOURA,0
Nas,Boom bap / Lyric,6JnGBs88sL0,Nelly Furtado - Say It Right (Official Music Video),The dancers nearly messed the whole video up,0
Nas,Boom bap / Lyric,6JnGBs88sL0,Nelly Furtado - Say It Right (Official Music Video),mi amor platónico hasta apartir de este mundo 💞,0
Nas,Boom bap / Lyric,6JnGBs88sL0,Nelly Furtado - Say It Right (Official Music Video),❤❤❤,0
Nas,Boom bap / Lyric,6JnGBs88sL0,Nelly Furtado - Say It Right (Official Music Video),Schee nelli,1
Nas,Boom bap / Lyric,6JnGBs88sL0,Nelly Furtado - Say It Right (Official Music Video),My heart starts missing a beat every time! and and you re always on my mind! Everytime!,0
Nas,Boom bap / Lyric,6JnGBs88sL0,Nelly Furtado - Say It Right (Official Music Video),Timbaland outdid himself with that instrumental and hook.  Dude is a genius sound designer.,1
Nas,Boom bap / Lyric,6JnGBs88sL0,Nelly Furtado - Say It Right (Official Music Video),my first time at the club and i vividly remember this music video was playing on one of them small tv screens in 2007. 😭 those were the days,1
Nas,Boom bap / Lyric,6JnGBs88sL0,Nelly Furtado - Say It Right (Official Music Video),From Portugal 💪💪⚽⚽🇵🇹🇵🇹,0
Nas,Boom bap / Lyric,6JnGBs88sL0,Nelly Furtado - Say It Right (Official Music Video),Anything Tims put his his hands on 🔥🔥,0
Nas,Boom bap / Lyric,6JnGBs88sL0,Nelly Furtado - Say It Right (Official Music Video),2026 anyone ? :),11
Nas,Boom bap / Lyric,6JnGBs88sL0,Nelly Furtado - Say It Right (Official Music Video),Can we please return to 2006,1
Nas,Boom bap / Lyric,6JnGBs88sL0,Nelly Furtado - Say It Right (Official Music Video),Jak to jest Nelly Furtado to ja jestem papież,0
Nas,Boom bap / Lyric,6JnGBs88sL0,Nelly Furtado - Say It Right (Official Music Video),✅🇧🇷👏🏻🔥,0
Nas,Boom bap / Lyric,6JnGBs88sL0,Nelly Furtado - Say It Right (Official Music Video),2026,0
Nas,Boom bap / Lyric,6JnGBs88sL0,Nelly Furtado - Say It Right (Official Music Video),Sharon Valetta Pittsburgh pa,0
Nas,Boom bap / Lyric,6JnGBs88sL0,Nelly Furtado - Say It Right (Official Music Video),"Nelly Furtado i follo you , i m'y your fans from République of Congo Brazzaville.",0
Nas,Boom bap / Lyric,6JnGBs88sL0,Nelly Furtado - Say It Right (Official Music Video),"I can`t believe it`s been almost 20 years since this beautiful song was released. Still rocks, still love it.",2
Nas,Boom bap / Lyric,6JnGBs88sL0,Nelly Furtado - Say It Right (Official Music Video),2026 june 12 assemble,1
Nas,Boom bap / Lyric,6JnGBs88sL0,Nelly Furtado - Say It Right (Official Music Video),2026  June 11,1
Nas,Boom bap / Lyric,6JnGBs88sL0,Nelly Furtado - Say It Right (Official Music Video),"Even in 2026, when I hear this song I think of the girl I had a crush on in 2006 who I thought looked like Nelly. She's married now and had their first child this year.",1
Nas,Boom bap / Lyric,6JnGBs88sL0,Nelly Furtado - Say It Right (Official Music Video),Que tiempos... Mi juventud. Wow. Mucho tiempo sin escuchar esta canción y a Nelly en general,0
Nas,Boom bap / Lyric,6JnGBs88sL0,Nelly Furtado - Say It Right (Official Music Video),Who is she?,0
Nas,Boom bap / Lyric,6JnGBs88sL0,Nelly Furtado - Say It Right (Official Music Video),"Still here, mom )",0
Nas,Boom bap / Lyric,6JnGBs88sL0,Nelly Furtado - Say It Right (Official Music Video),Here in June 2026 - As a Muslim Estagfaar cause its music but i miss this era :(,0
Nas,Boom bap / Lyric,6JnGBs88sL0,Nelly Furtado - Say It Right (Official Music Video),❤❤❤❤❤❤❤,1
Nas,Boom bap / Lyric,6JnGBs88sL0,Nelly Furtado - Say It Right (Official Music Video),gerçek kaçış,0
Nas,Boom bap / Lyric,6JnGBs88sL0,Nelly Furtado - Say It Right (Official Music Video),Electronics Music best to over my life,1
Nas,Boom bap / Lyric,6JnGBs88sL0,Nelly Furtado - Say It Right (Official Music Video),🌎 160.000 ✅️ !!! 🗺,1
Nas,Boom bap / Lyric,6JnGBs88sL0,Nelly Furtado - Say It Right (Official Music Video),"I like this song ,love from turkey",1
Nas,Boom bap / Lyric,6JnGBs88sL0,Nelly Furtado - Say It Right (Official Music Video),Qui est là en 2026?,3
Nas,Boom bap / Lyric,6JnGBs88sL0,Nelly Furtado - Say It Right (Official Music Video),👼,0
Nas,Boom bap / Lyric,6JnGBs88sL0,Nelly Furtado - Say It Right (Official Music Video),🙏,0
Nas,Boom bap / Lyric,6JnGBs88sL0,Nelly Furtado - Say It Right (Official Music Video),☠️⚰️⚱️💀,0
Nas,Boom bap / Lyric,6JnGBs88sL0,Nelly Furtado - Say It Right (Official Music Video),🤸💁🤷🙋,0
Nas,Boom bap / Lyric,6JnGBs88sL0,Nelly Furtado - Say It Right (Official Music Video),You and me 🙃,0
Nas,Boom bap / Lyric,6JnGBs88sL0,Nelly Furtado - Say It Right (Official Music Video),From Me To You,1
Nas,Boom bap / Lyric,6JnGBs88sL0,Nelly Furtado - Say It Right (Official Music Video),❤,1
Nas,Boom bap / Lyric,6JnGBs88sL0,Nelly Furtado - Say It Right (Official Music Video),"I'm in my early 40s now and this song definitely makes it into the top 20 of all songs, when it comes to the degree that it still touches my soul. Also... That means it's one of the songs, that hurt the most to listen to.

The memories of good times, in younger years. Well, back then I thought life was hard... Now I know life mostly got harder, as I got older. And I want those days back. 😅

But I guess that's part of being young... And it's good that young people don't really know what's coming for many of them. Adulthood, felling less and less alive, dealing with the fact that it's true what they say - that time does go by fast, in hindsight. Well, here we go. Awesome song! 🩵",0
Nas,Boom bap / Lyric,6JnGBs88sL0,Nelly Furtado - Say It Right (Official Music Video),I was here June 2026,5
Nas,Boom bap / Lyric,6JnGBs88sL0,Nelly Furtado - Say It Right (Official Music Video),Beautiful music video,3
Nas,Boom bap / Lyric,6JnGBs88sL0,Nelly Furtado - Say It Right (Official Music Video),1:14 XDDD,1
Nas,Boom bap / Lyric,6JnGBs88sL0,Nelly Furtado - Say It Right (Official Music Video),Hello in 2026 😂😂😂😂,34
Nas,Boom bap / Lyric,6JnGBs88sL0,Nelly Furtado - Say It Right (Official Music Video),"Tomb raider, gta not is remake",0
Nas,Boom bap / Lyric,6JnGBs88sL0,Nelly Furtado - Say It Right (Official Music Video),Anyone listening this masterpiece today. ❤,24
Nas,Boom bap / Lyric,6JnGBs88sL0,Nelly Furtado - Say It Right (Official Music Video),Nelly was the queen back then.,6
Nas,Boom bap / Lyric,6JnGBs88sL0,Nelly Furtado - Say It Right (Official Music Video),There's no woman more iconic than Nelly Furtado; she automatically makes you want to dance. She should release new music. ❤,1
Nas,Boom bap / Lyric,6JnGBs88sL0,Nelly Furtado - Say It Right (Official Music Video),11.06.2026🔥,5
Nas,Boom bap / Lyric,6JnGBs88sL0,Nelly Furtado - Say It Right (Official Music Video),M,2
Nas,Boom bap / Lyric,6JnGBs88sL0,Nelly Furtado - Say It Right (Official Music Video),"Great video: she looks amazing, and the random dude's 'yeah' clips are, to me, hilarious",0
Nas,Boom bap / Lyric,6JnGBs88sL0,Nelly Furtado - Say It Right (Official Music Video),Anyone in june 2007,13
Nas,Boom bap / Lyric,6JnGBs88sL0,Nelly Furtado - Say It Right (Official Music Video),Lets Go . !   🌠🌌,1
Nas,Boom bap / Lyric,6JnGBs88sL0,Nelly Furtado - Say It Right (Official Music Video),"Good times these were..
June 2026 now :)",3
Nas,Boom bap / Lyric,6JnGBs88sL0,Nelly Furtado - Say It Right (Official Music Video),Remember this one...???.awww....❤❤❤❤,1
Nas,Boom bap / Lyric,6JnGBs88sL0,Nelly Furtado - Say It Right (Official Music Video),❤❤❤❤❤,1
Nas,Boom bap / Lyric,6JnGBs88sL0,Nelly Furtado - Say It Right (Official Music Video),Sedon?😂,0
Nas,Boom bap / Lyric,6JnGBs88sL0,Nelly Furtado - Say It Right (Official Music Video),💪🏿,0
Nas,Boom bap / Lyric,6JnGBs88sL0,Nelly Furtado - Say It Right (Official Music Video),كه ركي؟😂,0
Nas,Boom bap / Lyric,6JnGBs88sL0,Nelly Furtado - Say It Right (Official Music Video),انرژي😂,0
Nas,Boom bap / Lyric,6JnGBs88sL0,Nelly Furtado - Say It Right (Official Music Video),❤,0
Nas,Boom bap / Lyric,6JnGBs88sL0,Nelly Furtado - Say It Right (Official Music Video),"Meanwhile, it’s June 10, 2026 at 6:10 am, and this record brings back so many memories ! Nelly was always a force to be reckoned with ! ❤️❤️❤️",3
Nas,Boom bap / Lyric,6JnGBs88sL0,Nelly Furtado - Say It Right (Official Music Video),Shaytan 😂😂🎉🎉🎉❤❤,0
Nas,Boom bap / Lyric,6JnGBs88sL0,Nelly Furtado - Say It Right (Official Music Video),Olganimda saginma😂🎉🎉🎉🎉,1
Nas,Boom bap / Lyric,6JnGBs88sL0,Nelly Furtado - Say It Right (Official Music Video),Dohtrrr shu zorr😂🎉🎉🎉🎉❤❤,0
Nas,Boom bap / Lyric,6JnGBs88sL0,Nelly Furtado - Say It Right (Official Music Video),Haa kizamiikk guching kizimaaa yetammi akami sevasanmi sheribay 😂🎉🎉🎉🎉🎉❤❤,1
Nas,Boom bap / Lyric,6JnGBs88sL0,Nelly Furtado - Say It Right (Official Music Video),Zorr issh bobtii chmolahfzjajh,0
Nas,Boom bap / Lyric,6JnGBs88sL0,Nelly Furtado - Say It Right (Official Music Video),June 🎉2026,1
Nas,Boom bap / Lyric,6JnGBs88sL0,Nelly Furtado - Say It Right (Official Music Video),Nallie G Approved This Masterpiece 🏆,1
Nas,Boom bap / Lyric,6JnGBs88sL0,Nelly Furtado - Say It Right (Official Music Video),Music is the closest thing we have to a time machine.,1
Nas,Boom bap / Lyric,6JnGBs88sL0,Nelly Furtado - Say It Right (Official Music Video),Anyone in June 10 2026❤,6
Nas,Boom bap / Lyric,6JnGBs88sL0,Nelly Furtado - Say It Right (Official Music Video),Still A Banger in 26'🔥,3
Nas,Boom bap / Lyric,6JnGBs88sL0,Nelly Furtado - Say It Right (Official Music Video),Həsanağa Burdasan? 😂,0
Nas,Boom bap / Lyric,6JnGBs88sL0,Nelly Furtado - Say It Right (Official Music Video),09/06/2026,0
Nas,Boom bap / Lyric,6JnGBs88sL0,Nelly Furtado - Say It Right (Official Music Video),لا,0
Nas,Boom bap / Lyric,6JnGBs88sL0,Nelly Furtado - Say It Right (Official Music Video),"🥰 0:57 

1:04",1
Nas,Boom bap / Lyric,6JnGBs88sL0,Nelly Furtado - Say It Right (Official Music Video),I REALLY REMEMBER I USED TO LİSTEN TO THİS SONG FROM 12 A.M TO 12 P.M LİKE A CRAZYYYYY İN 2013. AND NOW I CAME HERE TO BRİNG BACKKKK OLD MYSELF😭🙏🏻,1
Nas,Boom bap / Lyric,6JnGBs88sL0,Nelly Furtado - Say It Right (Official Music Video),Hello is 10 June 2026👋,1
Nas,Boom bap / Lyric,6JnGBs88sL0,Nelly Furtado - Say It Right (Official Music Video),Je l'ai téléchargé je l'écoute 100 fois par jour. Je persiste et je signe : c'est le Désenchantée 2.0,1
Nas,Boom bap / Lyric,6JnGBs88sL0,Nelly Furtado - Say It Right (Official Music Video),Вот что искал 😂😅,1
Nas,Boom bap / Lyric,6JnGBs88sL0,Nelly Furtado - Say It Right (Official Music Video),"Whenever a helicopter passes overhead, my brain automatically prepares for the opening sequence... I’m just standing there waiting for Nelly Furtado to start singing out of nowhere lol",2
Nas,Boom bap / Lyric,6JnGBs88sL0,Nelly Furtado - Say It Right (Official Music Video),this is better off as a ballad,1
Nas,Boom bap / Lyric,6JnGBs88sL0,Nelly Furtado - Say It Right (Official Music Video),"Let’s get 50K likes on this comment and I’ll record a dance to this song. I don’t know how to dance, but while it’s collecting likes, I’ll learn",3
Nas,Boom bap / Lyric,6JnGBs88sL0,Nelly Furtado - Say It Right (Official Music Video),"Freak-freak, girl
Hey
You don't mean nothing at all to me, hey
Hey
In the day, in the night
Say it right, say it all
Either got it or you don't
You either stand or you fall
When your will is broken
When it slips from your hand
When there's no time for joking
There's a hole in the plan
Oh, you don't mean nothing at all to me (hey, oh-oh, hey)
No, you don't mean nothing at all to me (hey, oh-oh, hey)
But you got what it takes to set me free (hey, oh-oh, hey)
Oh, you could mean everything to me (hey, oh-oh, hey)
I can't say (say) that I'm not (not)
At a loss (loss) and at fault (fault)
I can't say (say) that I don't (don't)
Love the light (light) and the dark
I can't say that I don't (don't)
Know that I am alive
And I love what I feel (feel)
I could show (show you) you tonight, you tonight
Oh, you don't mean nothing at all to me (hey, oh-oh, hey)
No, you don't mean nothing at all to me (hey, oh-oh, hey)
But you got what it takes to set me free (hey, oh-oh, hey)
Oh, you could mean everything to me (hey, oh-oh, hey)
From my hands, I could give you something that I made
From my mouth, I could sing you another brick that I laid
From my body (from my body) I could show you (I could show you)
A place (a place) God knows (that only God knows)
You should know, this space is holy (oh-oh-oh-oh)
Do you really wanna go? (Two, three, four)
Hey, hey, hey
You don't mean nothin' at all to me
Hey, hey
You don't mean nothing when I think about something
Hey, hey, hey
You don't mean nothin' at all to me
Hey, hey
You don't mean nothing when I think about something",1
Nas,Boom bap / Lyric,6JnGBs88sL0,Nelly Furtado - Say It Right (Official Music Video),Essa música baila Marrocos 😂,2
Nas,Boom bap / Lyric,6JnGBs88sL0,Nelly Furtado - Say It Right (Official Music Video),2026 lock in🎉🎉🎉❤❤😂,0
Nas,Boom bap / Lyric,6JnGBs88sL0,Nelly Furtado - Say It Right (Official Music Video),"Freak-freak, girl
Hey
You don't mean nothing at all to me, hey
Hey
In the day, in the night
Say it right, say it all
Either got it or you don't
You either stand or you fall
When your will is broken
When it slips from your hand
When there's no time for joking
There's a hole in the plan
Oh, you don't mean nothing at all to me (hey, oh-oh, hey)
No, you don't mean nothing at all to me (hey, oh-oh, hey)
But you got what it takes to set me free (hey, oh-oh, hey)
Oh, you could mean everything to me (hey, oh-oh, hey)
I can't say (say) that I'm not (not)
At a loss (loss) and at fault (fault)
I can't say (say) that I don't (don't)
Love the light (light) and the dark
I can't say that I don't (don't)
Know that I am alive
And I love what I feel (feel)
I could show (show you) you tonight, you tonight
Oh, you don't mean nothing at all to me (hey, oh-oh, hey)
No, you don't mean nothing at all to me (hey, oh-oh, hey)
But you got what it takes to set me free (hey, oh-oh, hey)
Oh, you could mean everything to me (hey, oh-oh, hey)
From my hands, I could give you something that I made
From my mouth, I could sing you another brick that I laid
From my body (from my body) I could show you (I could show you)
A place (a place) God knows (that only God knows)
You should know, this space is holy (oh-oh-oh-oh)
Do you really wanna go? (Two, three, four)
Hey, hey, hey
You don't mean nothin' at all to me
Hey, hey
You don't mean nothing when I think about something
Hey, hey, hey
You don't mean nothin' at all to me
Hey, hey
You don't mean nothing when I think about something",0
Nas,Boom bap / Lyric,6JnGBs88sL0,Nelly Furtado - Say It Right (Official Music Video),Canadians usually are slimmer than people in the US... must be something wrong with our food or lifestyle...  but it seems the society there just wants us to be workaholics and feed us with fast foods... sort of like how farmers having some cows and make them produce milk... so we are the cows... and it is like the Matrix now,0
Nas,Boom bap / Lyric,6JnGBs88sL0,Nelly Furtado - Say It Right (Official Music Video),"June 2026 guys
Who is with me ✌️",2
Nas,Boom bap / Lyric,6JnGBs88sL0,Nelly Furtado - Say It Right (Official Music Video),You all mean everything to me....❤,0
Nas,Boom bap / Lyric,6JnGBs88sL0,Nelly Furtado - Say It Right (Official Music Video),"Твой Робинсон,это мой Сикорский,запомни это ,как и Локхед Мартин😂❤",0
Nas,Boom bap / Lyric,6JnGBs88sL0,Nelly Furtado - Say It Right (Official Music Video),،،،،،،،💀،،،،22،،،،،،،،💪،،،،،،،،،،🪦,0
Nas,Boom bap / Lyric,6JnGBs88sL0,Nelly Furtado - Say It Right (Official Music Video),Yo Amo A Nelly Furtado ❤❤😊❤😊😊❤🌸🌺🌸🌺🌹🌺😍😍🥰😘😍😘😘😍😘🌹😘😘🌹😘🌸😘🌹😘😘🌹😘🌹😘🌹😘🌹😘😘🌹😘🌹😘🌸😘😘🌹😘🌹😘🌹😘🌹😘🌹😘🌹😘😘🌹😘🌹😘🌹😘😘🌺🌺🥰🌺😍🌸🌸🌹😘🌸🌺🌸🌺🌸😘🌸🌸😘🌸🌺🌹🌺😍🌺😍🌺😍🌺😘🌸🌺🌹🌺🌹🌺😍🌺😍🌺🥰,1
Nas,Boom bap / Lyric,6JnGBs88sL0,Nelly Furtado - Say It Right (Official Music Video),not sure why but I thought I heard of this song since 1980s... when doing homework and stuff... only to find out today it is released in 2006,0
Nas,Boom bap / Lyric,6JnGBs88sL0,Nelly Furtado - Say It Right (Official Music Video),"Anos 2000 os melhores anos de todos os tempos, queríamos o futuro é não sabíamos que nesse mesmo futuro a melhor parte da vida aconteceu nos anos 00's.",1
Nas,Boom bap / Lyric,6JnGBs88sL0,Nelly Furtado - Say It Right (Official Music Video),"HHHHHHEEEEEEEEYYYYYYYYY     




HHHHHHHHEEEEEEEEYYYYYYYYY",0
Nas,Boom bap / Lyric,6JnGBs88sL0,Nelly Furtado - Say It Right (Official Music Video),איפה שני הבנים של ביבי?,0
Nas,Boom bap / Lyric,6JnGBs88sL0,Nelly Furtado - Say It Right (Official Music Video),Anyone here in 2026?,2
Nas,Boom bap / Lyric,6JnGBs88sL0,Nelly Furtado - Say It Right (Official Music Video),2026,0
Nas,Boom bap / Lyric,6JnGBs88sL0,Nelly Furtado - Say It Right (Official Music Video),2026  warm remembered on my childhood 😢,1
Nas,Boom bap / Lyric,6JnGBs88sL0,Nelly Furtado - Say It Right (Official Music Video),Man I miss my childhood....,1
Nas,Boom bap / Lyric,6JnGBs88sL0,Nelly Furtado - Say It Right (Official Music Video),Bin kurz davor,0
Nas,Boom bap / Lyric,6JnGBs88sL0,Nelly Furtado - Say It Right (Official Music Video),3:13 where did i hear this before??,0
Nas,Boom bap / Lyric,6JnGBs88sL0,Nelly Furtado - Say It Right (Official Music Video),2026 already  😢😢 it was just like yesterday 😢,0
Nas,Boom bap / Lyric,6JnGBs88sL0,Nelly Furtado - Say It Right (Official Music Video),"на момент съемок Нелли 27 лет, сейчас ей 47... 10 лет прошло, как она поменялась",0
Nas,Boom bap / Lyric,6JnGBs88sL0,Nelly Furtado - Say It Right (Official Music Video),🎉,0
Nas,Boom bap / Lyric,6JnGBs88sL0,Nelly Furtado - Say It Right (Official Music Video),I love  Nelly,0
Nas,Boom bap / Lyric,6JnGBs88sL0,Nelly Furtado - Say It Right (Official Music Video),I came here from a problematic self defense video,0
Nas,Boom bap / Lyric,6JnGBs88sL0,Nelly Furtado - Say It Right (Official Music Video),Gnk gsr,0
Nas,Boom bap / Lyric,6JnGBs88sL0,Nelly Furtado - Say It Right (Official Music Video),20 years and this song is still vibing ❤️,1
Nas,Boom bap / Lyric,6JnGBs88sL0,Nelly Furtado - Say It Right (Official Music Video),😊😊😊😍😍😍😘😘😘,0
Nas,Boom bap / Lyric,6JnGBs88sL0,Nelly Furtado - Say It Right (Official Music Video),Why dose this hit hard in 2026??,3
Nas,Boom bap / Lyric,6JnGBs88sL0,Nelly Furtado - Say It Right (Official Music Video),Who's here June 2026 ! 🙆👍👏🙌🙌🙌🙌,192
Nas,Boom bap / Lyric,6JnGBs88sL0,Nelly Furtado - Say It Right (Official Music Video),"So under rated, I listened to this album on a loop at night, when it first came out, it still hits.  Divine feminine unlocked 😘",0
Nas,Boom bap / Lyric,6JnGBs88sL0,Nelly Furtado - Say It Right (Official Music Video),What did she see??!,0
Nas,Boom bap / Lyric,6JnGBs88sL0,Nelly Furtado - Say It Right (Official Music Video),🥶,0
Nas,Boom bap / Lyric,6JnGBs88sL0,Nelly Furtado - Say It Right (Official Music Video),I’m here for the ey ey ey,0
Nas,Boom bap / Lyric,6JnGBs88sL0,Nelly Furtado - Say It Right (Official Music Video),Llo kiero desil una palabra le hoi haitana gole para en tral esa palabra Hai kien sabe si esa palabra da suerte Ai canajo esa palabra bueno eso era,0
Nas,Boom bap / Lyric,6JnGBs88sL0,Nelly Furtado - Say It Right (Official Music Video),The guy I have a crush on means nothing to me. But he could help set me free one day...,1
Nas,Boom bap / Lyric,6JnGBs88sL0,Nelly Furtado - Say It Right (Official Music Video),2026 ❤❤❤,0
Nas,Boom bap / Lyric,6JnGBs88sL0,Nelly Furtado - Say It Right (Official Music Video),Anyone in June 2026?,380
Nas,Boom bap / Lyric,6JnGBs88sL0,Nelly Furtado - Say It Right (Official Music Video),🤩🤩🤩,0
Nas,Boom bap / Lyric,6JnGBs88sL0,Nelly Furtado - Say It Right (Official Music Video),Nwelly is a Bad ass,0
Nas,Boom bap / Lyric,6JnGBs88sL0,Nelly Furtado - Say It Right (Official Music Video),Raleigh nc   Flint mi,0
Nas,Boom bap / Lyric,6JnGBs88sL0,Nelly Furtado - Say It Right (Official Music Video),Yes,0
Nas,Boom bap / Lyric,6JnGBs88sL0,Nelly Furtado - Say It Right (Official Music Video),❤🎉😊😊,0
Nas,Boom bap / Lyric,6JnGBs88sL0,Nelly Furtado - Say It Right (Official Music Video),"me encanta ese,  e, que agrega el moreno, y obviamente como canta nellly",0
Nas,Boom bap / Lyric,6JnGBs88sL0,Nelly Furtado - Say It Right (Official Music Video),Nelly ❤,0
Nas,Boom bap / Lyric,6JnGBs88sL0,Nelly Furtado - Say It Right (Official Music Video),Não tenho saudade. Mas essa  música!!!!,1
Nas,Boom bap / Lyric,6JnGBs88sL0,Nelly Furtado - Say It Right (Official Music Video),Охуенный трек,0
Nas,Boom bap / Lyric,6JnGBs88sL0,Nelly Furtado - Say It Right (Official Music Video),I love this music this is my favorite music ❤❤❤❤❤,1
Nas,Boom bap / Lyric,6JnGBs88sL0,Nelly Furtado - Say It Right (Official Music Video),2026❤,0
Nas,Boom bap / Lyric,6JnGBs88sL0,Nelly Furtado - Say It Right (Official Music Video),Timbaland will forever go down as one of the goats of music production 🙌 👌 👏,1
Nas,Boom bap / Lyric,6JnGBs88sL0,Nelly Furtado - Say It Right (Official Music Video),"Yes, yes, purest Era of music 🎶 🎵 👏 😍 

Shame to them born afterward 😂😂😂",0
Nas,Boom bap / Lyric,6JnGBs88sL0,Nelly Furtado - Say It Right (Official Music Video),"I must play this song 5 times a week. Great song! Still great June 5, 2026",3
Nas,Boom bap / Lyric,6JnGBs88sL0,Nelly Furtado - Say It Right (Official Music Video),Back then when women didn't ruin their face with fillers and botox,1
Nas,Boom bap / Lyric,6JnGBs88sL0,Nelly Furtado - Say It Right (Official Music Video),"First result for ""oh you oh me""",0
Nas,Boom bap / Lyric,6JnGBs88sL0,Nelly Furtado - Say It Right (Official Music Video),,0
Nas,Boom bap / Lyric,6JnGBs88sL0,Nelly Furtado - Say It Right (Official Music Video),June 2026 🎉,0
Nas,Boom bap / Lyric,6JnGBs88sL0,Nelly Furtado - Say It Right (Official Music Video),Nelly. I Love you. ❤❤❤,1
Nas,Boom bap / Lyric,6JnGBs88sL0,Nelly Furtado - Say It Right (Official Music Video),I thought she said she's a lie and that she has a place that she knows and the space is unholy do you really wanna go? 234,1
Nas,Boom bap / Lyric,6JnGBs88sL0,Nelly Furtado - Say It Right (Official Music Video),Yeah. There's nothing else period.,1
Nas,Boom bap / Lyric,6JnGBs88sL0,Nelly Furtado - Say It Right (Official Music Video),Ok a will I never knew what it was. I thought it was what your willing to do,1
Nas,Boom bap / Lyric,6JnGBs88sL0,Nelly Furtado - Say It Right (Official Music Video),Its  im 2026 still here,0
Nas,Boom bap / Lyric,6JnGBs88sL0,Nelly Furtado - Say It Right (Official Music Video),2026❤,0
Nas,Boom bap / Lyric,6JnGBs88sL0,Nelly Furtado - Say It Right (Official Music Video),People just don't realize that mid 2000's was the absolute peak of western music,126
Nas,Boom bap / Lyric,6JnGBs88sL0,Nelly Furtado - Say It Right (Official Music Video),"The eldest of Gen Z will be 29 this year . Almost 30 years old. Gen Z aren’t the young ones anymore. But one thing we can all do , is all gather here few times a year and leave our footprint, for the future young adults of the future that will be here in 2040-2050. Commenting. And reading our comments from 25 years ago .",5
Nas,Boom bap / Lyric,6JnGBs88sL0,Nelly Furtado - Say It Right (Official Music Video),This 'Glamorous' and 'Buy you a drank' were my favourite teenage songs,1
Nas,Boom bap / Lyric,6JnGBs88sL0,Nelly Furtado - Say It Right (Official Music Video),This song with its classic beat was recently goes viral again after years of existing. 🥹,0
Nas,Boom bap / Lyric,6JnGBs88sL0,Nelly Furtado - Say It Right (Official Music Video),This song sounds even better in 2026 than it did in 2006.,1
Nas,Boom bap / Lyric,6JnGBs88sL0,Nelly Furtado - Say It Right (Official Music Video),É prazeroso voltar aqui..,1
Nas,Boom bap / Lyric,6JnGBs88sL0,Nelly Furtado - Say It Right (Official Music Video),Mix tv 2026,0
Nas,Boom bap / Lyric,6JnGBs88sL0,Nelly Furtado - Say It Right (Official Music Video),Who pressed the damn fast forward button in my life man.,2
Nas,Boom bap / Lyric,6JnGBs88sL0,Nelly Furtado - Say It Right (Official Music Video),No❤,1
Nas,Boom bap / Lyric,6JnGBs88sL0,Nelly Furtado - Say It Right (Official Music Video),Lovely song 🎵 ❤❤,1
Nas,Boom bap / Lyric,6JnGBs88sL0,Nelly Furtado - Say It Right (Official Music Video),La mily,0
Nas,Boom bap / Lyric,6JnGBs88sL0,Nelly Furtado - Say It Right (Official Music Video),❤,0
Nas,Boom bap / Lyric,6JnGBs88sL0,Nelly Furtado - Say It Right (Official Music Video),Anyone from 2030?,0
Nas,Boom bap / Lyric,6JnGBs88sL0,Nelly Furtado - Say It Right (Official Music Video),Who are dancers boys? ❤❤❤,0
Nas,Boom bap / Lyric,6JnGBs88sL0,Nelly Furtado - Say It Right (Official Music Video),Kdy prilet❤❤❤❤❤😂😂,0
Nas,Boom bap / Lyric,6JnGBs88sL0,Nelly Furtado - Say It Right (Official Music Video),🙋‍♀️🙋‍♀️🙋‍♀️2026,0
Nas,Boom bap / Lyric,6JnGBs88sL0,Nelly Furtado - Say It Right (Official Music Video),Salut a tous et très bonne journée ❤❤❤❤❤❤🎉🎉🎉🎉,0
Nas,Boom bap / Lyric,6JnGBs88sL0,Nelly Furtado - Say It Right (Official Music Video),"I still listening this,,, greetings from 2026",0
Nas,Boom bap / Lyric,6JnGBs88sL0,Nelly Furtado - Say It Right (Official Music Video),"Cash Recieved
Via
Tyga Sir",0
Nas,Boom bap / Lyric,6JnGBs88sL0,Nelly Furtado - Say It Right (Official Music Video),H,0
Nas,Boom bap / Lyric,6JnGBs88sL0,Nelly Furtado - Say It Right (Official Music Video),Nelly❤✨,0
Nas,Boom bap / Lyric,6JnGBs88sL0,Nelly Furtado - Say It Right (Official Music Video),You don't mean nothing at all to me,1
Nas,Boom bap / Lyric,6JnGBs88sL0,Nelly Furtado - Say It Right (Official Music Video),Quién en el año 2026 que joya 💎🤌,5
Nas,Boom bap / Lyric,6JnGBs88sL0,Nelly Furtado - Say It Right (Official Music Video),I had this song as a ringtone. Timeless banger!!!,0
Nas,Boom bap / Lyric,6JnGBs88sL0,Nelly Furtado - Say It Right (Official Music Video),Anybody here 🎉,1
Nas,Boom bap / Lyric,6JnGBs88sL0,Nelly Furtado - Say It Right (Official Music Video),Love Nelly!!,0
Nas,Boom bap / Lyric,6JnGBs88sL0,Nelly Furtado - Say It Right (Official Music Video),Cadê os brasileiros??? Essa música marcou uma era no Brasil. Um brinde a todos nós millenials que sabemos o quanto músicas dessa época representaram nossa infância e adolescência. 🍷,1
Nas,Boom bap / Lyric,6JnGBs88sL0,Nelly Furtado - Say It Right (Official Music Video),This was famous on MTV. Miss that era where yt has no ads what soever,3
Nas,Boom bap / Lyric,6JnGBs88sL0,Nelly Furtado - Say It Right (Official Music Video),"Это тебе моя Любовь

https://youtu.be/RElbxL-sFDU?si=TWu4ckraE-M7OZ6p",0
Nas,Boom bap / Lyric,6JnGBs88sL0,Nelly Furtado - Say It Right (Official Music Video),А можно за себя поставить миллиард лайков?,0
Nas,Boom bap / Lyric,6JnGBs88sL0,Nelly Furtado - Say It Right (Official Music Video),im happy..,0
Nas,Boom bap / Lyric,6JnGBs88sL0,Nelly Furtado - Say It Right (Official Music Video),Man the 2000’s were special!,0
Nas,Boom bap / Lyric,6JnGBs88sL0,Nelly Furtado - Say It Right (Official Music Video),June 2026?,0
Nas,Boom bap / Lyric,6JnGBs88sL0,Nelly Furtado - Say It Right (Official Music Video),Qual o Instagram dos dancers? ❤❤❤,0
Nas,Boom bap / Lyric,6JnGBs88sL0,Nelly Furtado - Say It Right (Official Music Video),Polska słucha i pozdrawia 🎧🎶🔥🧔‍♂️✌️,1
Nas,Boom bap / Lyric,6JnGBs88sL0,Nelly Furtado - Say It Right (Official Music Video),this sound like childhood,0
Nas,Boom bap / Lyric,6JnGBs88sL0,Nelly Furtado - Say It Right (Official Music Video),❤😢😮Blessings to her family and friends...And of course I 🙏 she is at peace as well. 😇😟🤧,0
Nas,Boom bap / Lyric,6JnGBs88sL0,Nelly Furtado - Say It Right (Official Music Video),100 kg  less,0
Nas,Boom bap / Lyric,6JnGBs88sL0,Nelly Furtado - Say It Right (Official Music Video),2006 🤣🤣🤣🤣🤣🤣🤣🤣❤️,0
Nas,Boom bap / Lyric,6JnGBs88sL0,Nelly Furtado - Say It Right (Official Music Video),êh,0
Nas,Boom bap / Lyric,6JnGBs88sL0,Nelly Furtado - Say It Right (Official Music Video),...mis de rijd van toen😪❤,0
Nas,Boom bap / Lyric,6JnGBs88sL0,Nelly Furtado - Say It Right (Official Music Video),,1
Nas,Boom bap / Lyric,6JnGBs88sL0,Nelly Furtado - Say It Right (Official Music Video),One of the best songs from 2010 decade!,0
Nas,Boom bap / Lyric,6JnGBs88sL0,Nelly Furtado - Say It Right (Official Music Video),What Id give to go clubbing in long street Cape Town in 2008,1
Nas,Boom bap / Lyric,6JnGBs88sL0,Nelly Furtado - Say It Right (Official Music Video),2009 anyone?,0
Nas,Boom bap / Lyric,6JnGBs88sL0,Nelly Furtado - Say It Right (Official Music Video),02 06 2026❤❤❤,0
Nas,Boom bap / Lyric,6JnGBs88sL0,Nelly Furtado - Say It Right (Official Music Video),https://youtu.be/6JnGBs88sL0?si=VNsdpzaqyZL3S8gF,0
Nas,Boom bap / Lyric,6JnGBs88sL0,Nelly Furtado - Say It Right (Official Music Video),https://youtu.be/6JnGBs88sL0?si=icJbXwwhoaYWBGl6,0
Nas,Boom bap / Lyric,6JnGBs88sL0,Nelly Furtado - Say It Right (Official Music Video),I Love you Baby- Nelly Kim Furtado,0
Nas,Boom bap / Lyric,6JnGBs88sL0,Nelly Furtado - Say It Right (Official Music Video),Rosi Melanie Mi gute dinge,1
Nas,Boom bap / Lyric,6JnGBs88sL0,Nelly Furtado - Say It Right (Official Music Video),"al,gujem em 2026 junho?",0
Nas,Boom bap / Lyric,6JnGBs88sL0,Nelly Furtado - Say It Right (Official Music Video),2026 😢,0
Nas,Boom bap / Lyric,6JnGBs88sL0,Nelly Furtado - Say It Right (Official Music Video),Диназаворлар қайда,0
Nas,Boom bap / Lyric,6JnGBs88sL0,Nelly Furtado - Say It Right (Official Music Video),💪🇧🇬,0
Nas,Boom bap / Lyric,6JnGBs88sL0,Nelly Furtado - Say It Right (Official Music Video),I fell in love with Tim's beat the first time I heard 'same OG' by ginuwine,0
Nas,Boom bap / Lyric,6JnGBs88sL0,Nelly Furtado - Say It Right (Official Music Video),"J E S US, they didn't care 🙏✝️👼🗡️🕯️",0
Nas,Boom bap / Lyric,6JnGBs88sL0,Nelly Furtado - Say It Right (Official Music Video),Who made the beat? Absolutely fire till this day.,0
Nas,Boom bap / Lyric,6JnGBs88sL0,Nelly Furtado - Say It Right (Official Music Video),someone in June 2026,2
Nas,Boom bap / Lyric,6JnGBs88sL0,Nelly Furtado - Say It Right (Official Music Video),2026🎉🎉🎉,0
Nas,Boom bap / Lyric,6JnGBs88sL0,Nelly Furtado - Say It Right (Official Music Video),Armegdon,0
Nas,Boom bap / Lyric,6JnGBs88sL0,Nelly Furtado - Say It Right (Official Music Video),"In 2007 somehow this song gave me a feeling that stayed with me and made me realize: The person I am with isn't really interested in me and my life.
We broke up.
At first I was sad. Then I focused on friends and on what mattered to me.
In 2016 I met someone who I realized, could mean everything to me.
In 2026 we danced to this song at our wedding.
Thank you, Nelly. And to everyone else: *You* are the one who can set yourself free.",2
Nas,Boom bap / Lyric,6JnGBs88sL0,Nelly Furtado - Say It Right (Official Music Video),"16 лет прошло, кажется не давно, а столько времени прошло.
Спасибо Вам Нелли и вашему коллективу, за ваш труд и творчество. 
Здоровья Вам и вашей семье.
Храни Господь вас и нас всех и даруей мира во всем мире.
С уважением, Россия, Москва!
❤❤❤❤❤❤❤❤❤❤❤❤",0
Nas,Boom bap / Lyric,6JnGBs88sL0,Nelly Furtado - Say It Right (Official Music Video),This song slaps steel,0
Nas,Boom bap / Lyric,6JnGBs88sL0,Nelly Furtado - Say It Right (Official Music Video),16:02 junho,0
Nas,Boom bap / Lyric,6JnGBs88sL0,Nelly Furtado - Say It Right (Official Music Video),❤,0
Nas,Boom bap / Lyric,6JnGBs88sL0,Nelly Furtado - Say It Right (Official Music Video),What was the contribution of Timbaland in this vdo? Eh!,2
Nas,Boom bap / Lyric,6JnGBs88sL0,Nelly Furtado - Say It Right (Official Music Video),I like girl dancers 🥰🥰🥰🥰🥰🥰🥰🥰🥰🥰🥰🥰🥰🥰🥰🥰🥰🥰🥰🥰🥰🥰🥰🥰🥰🥰🥰🥰🥰,0
Nas,Boom bap / Lyric,6JnGBs88sL0,Nelly Furtado - Say It Right (Official Music Video),I don’t like boys dancers 😢,0
Nas,Boom bap / Lyric,6JnGBs88sL0,Nelly Furtado - Say It Right (Official Music Video),C'est très bien la musique,0
Nas,Boom bap / Lyric,6JnGBs88sL0,Nelly Furtado - Say It Right (Official Music Video),😂,0
Nas,Boom bap / Lyric,6JnGBs88sL0,Nelly Furtado - Say It Right (Official Music Video),Wow 😮😮😮😮,0
Nas,Boom bap / Lyric,6JnGBs88sL0,Nelly Furtado - Say It Right (Official Music Video),❤❤❤,0
Nas,Boom bap / Lyric,6JnGBs88sL0,Nelly Furtado - Say It Right (Official Music Video),🤙🤙🤙2050🤙🤙🤙,1
Nas,Boom bap / Lyric,6JnGBs88sL0,Nelly Furtado - Say It Right (Official Music Video),Anyone in 2000 Bc?,0
Nas,Boom bap / Lyric,6JnGBs88sL0,Nelly Furtado - Say It Right (Official Music Video),Nelly furtado... I pity her for having to put up with this man's malodorous breath. Notice his blackened teeth. Too close for comfort for Nelly. Can smell his stinky mouth through my screen.,0
Nas,Boom bap / Lyric,6JnGBs88sL0,Nelly Furtado - Say It Right (Official Music Video),"привет из Ферганы,  июнь, 2026 год",0
Nas,Boom bap / Lyric,6JnGBs88sL0,Nelly Furtado - Say It Right (Official Music Video),Memories 💪🏾,0
Nas,Boom bap / Lyric,6JnGBs88sL0,Nelly Furtado - Say It Right (Official Music Video),"I guess it's true that woman's ""job"" is to teach because why lots of us also teach a grown ass man to do some basic sh*t",0
Nas,Boom bap / Lyric,6JnGBs88sL0,Nelly Furtado - Say It Right (Official Music Video),Отправить в кндр на перевоспитание офуели совсем,0
Nas,Boom bap / Lyric,6JnGBs88sL0,Nelly Furtado - Say It Right (Official Music Video),Time travel back to 2010,0
Nas,Boom bap / Lyric,6JnGBs88sL0,Nelly Furtado - Say It Right (Official Music Video),Im here 2026,0
Nas,Boom bap / Lyric,6JnGBs88sL0,Nelly Furtado - Say It Right (Official Music Video),❤😢take me back,0
Nas,Boom bap / Lyric,6JnGBs88sL0,Nelly Furtado - Say It Right (Official Music Video),Anyone June 2026?,1
Nas,Boom bap / Lyric,6JnGBs88sL0,Nelly Furtado - Say It Right (Official Music Video),Me❤,0
Nas,Boom bap / Lyric,6JnGBs88sL0,Nelly Furtado - Say It Right (Official Music Video),YAN ANG TOTOONG DOCUMENTO.,0
Nas,Boom bap / Lyric,6JnGBs88sL0,Nelly Furtado - Say It Right (Official Music Video),2026,0
Nas,Boom bap / Lyric,6JnGBs88sL0,Nelly Furtado - Say It Right (Official Music Video),On 2010 on CD player  2013 mp3 drive 2026 Bluetooth headset but same song ......,0
Nas,Boom bap / Lyric,6JnGBs88sL0,Nelly Furtado - Say It Right (Official Music Video),😌,0
Nas,Boom bap / Lyric,6JnGBs88sL0,Nelly Furtado - Say It Right (Official Music Video),"This was exactly what I needed, thanks!",0
Nas,Boom bap / Lyric,6JnGBs88sL0,Nelly Furtado - Say It Right (Official Music Video),"Nelly and Timbaland, this will and even always is such a masterpiece by you two! Great job for you both once again!",0
Nas,Boom bap / Lyric,6JnGBs88sL0,Nelly Furtado - Say It Right (Official Music Video),??,0
Nas,Boom bap / Lyric,6JnGBs88sL0,Nelly Furtado - Say It Right (Official Music Video),space is cloning? 3:08 🤨,3
Nas,Boom bap / Lyric,6JnGBs88sL0,Nelly Furtado - Say It Right (Official Music Video),so glad i was born when i was.,0
Nas,Boom bap / Lyric,6JnGBs88sL0,Nelly Furtado - Say It Right (Official Music Video),I chose peace over complicated and confused with me period. I worked hard for a living under my maiden surname and addresses for me period. Her husband BRE graveyard Death season 2 phosphate calories from previous orders and ordeals and horrific injuries are not allowed to use it on their website for me period. Poisoning people were talking about it all period. Horrible headache yesterday and she was my favourite person films for me period. My deceased daughter died at home from previous schools period. I kept my eyes open now.,0
Nas,Boom bap / Lyric,6JnGBs88sL0,Nelly Furtado - Say It Right (Official Music Video),Born 2 Die .,0
Nas,Boom bap / Lyric,6JnGBs88sL0,Nelly Furtado - Say It Right (Official Music Video),"best part is when he says ""A""",12
Nas,Boom bap / Lyric,6JnGBs88sL0,Nelly Furtado - Say It Right (Official Music Video),🌎🌏🌍❤️❤️❤️🙏🙏🙏,0
Nas,Boom bap / Lyric,6JnGBs88sL0,Nelly Furtado - Say It Right (Official Music Video),⏲️⏲️⏲️⏲️.,0
Nas,Boom bap / Lyric,6JnGBs88sL0,Nelly Furtado - Say It Right (Official Music Video),😇🙏🏻.,0
Nas,Boom bap / Lyric,6JnGBs88sL0,Nelly Furtado - Say It Right (Official Music Video),...✨🩵🌙🪷🪽...I miss You my Heartbeat 💓..🥀☯️🌙...I need in You so...🌒💌🌬️...  @rkive  ... This song my nostalgia...🥀❤️‍🩹✨🪽...,0
Nas,Boom bap / Lyric,6JnGBs88sL0,Nelly Furtado - Say It Right (Official Music Video),...✨🩵🌙🪷🪽...I miss You my Heartbeat 💓..🥀☯️🌙...I need in You so...🌒💌🌬️...  @rkive  ... This song my nostalgia...🥀❤️‍🩹✨🪽...,0
Nas,Boom bap / Lyric,6JnGBs88sL0,Nelly Furtado - Say It Right (Official Music Video),I want to be enslaved by Nelly Furtado,1
Nas,Boom bap / Lyric,6JnGBs88sL0,Nelly Furtado - Say It Right (Official Music Video),never ever ONE . NONE !!  EVER !!,0
Nas,Boom bap / Lyric,6JnGBs88sL0,Nelly Furtado - Say It Right (Official Music Video),💋  😈  🖕  😫  hahaha 🧨🧨🧨,0
Nas,Boom bap / Lyric,6JnGBs88sL0,Nelly Furtado - Say It Right (Official Music Video),D+❤,0
Nas,Boom bap / Lyric,6JnGBs88sL0,Nelly Furtado - Say It Right (Official Music Video),yeah,0
Nas,Boom bap / Lyric,6JnGBs88sL0,Nelly Furtado - Say It Right (Official Music Video),"quien en mayo 2026, en esta obra de arte",0
Nas,Boom bap / Lyric,6JnGBs88sL0,Nelly Furtado - Say It Right (Official Music Video),1.06.2026.,0
Nas,Boom bap / Lyric,6JnGBs88sL0,Nelly Furtado - Say It Right (Official Music Video),"Brasileiros: ""Quando eu te encontraaar é sequência de loveziiiim""",1
Nas,Boom bap / Lyric,6JnGBs88sL0,Nelly Furtado - Say It Right (Official Music Video),QUEM ESTÁ A OUVIR EM 2026 🇵🇹 ? FALA UMA FÃ PORTUGUESA 🇵🇹,1
