artist,genre,video_id,video_title,channel_title,text,likes
Young Thug,Trap,Tz6OUIjtM6E,Young Thug &quot;Best Friend&quot;,Young Thug,Young Thug- Anybody feat Nicki Minaj,0
Young Thug,Trap,Tz6OUIjtM6E,Young Thug &quot;Best Friend&quot;,Young Thug,100 people that i can't wait to replace ♡,1
Young Thug,Trap,Tz6OUIjtM6E,Young Thug &quot;Best Friend&quot;,Young Thug,Literally young thugs best track,2
Young Thug,Trap,Tz6OUIjtM6E,Young Thug &quot;Best Friend&quot;,Young Thug,"Just like that, time flies.",0
Young Thug,Trap,Tz6OUIjtM6E,Young Thug &quot;Best Friend&quot;,Young Thug,"God damn, we're getting old.",1
Young Thug,Trap,Tz6OUIjtM6E,Young Thug &quot;Best Friend&quot;,Young Thug,"What's up big crit



Thissss gross



66:23 lil hirl",0
Young Thug,Trap,Tz6OUIjtM6E,Young Thug &quot;Best Friend&quot;,Young Thug,Extras. Extra...😮🇦🇲🏳️‍🌈,0
Young Thug,Trap,Tz6OUIjtM6E,Young Thug &quot;Best Friend&quot;,Young Thug,"2:00 pull up

2 fei
















11mac




On the kid",0
Young Thug,Trap,Tz6OUIjtM6E,Young Thug &quot;Best Friend&quot;,Young Thug,"He said they all be taking d, in Atlanta SMH😂",0
Young Thug,Trap,Tz6OUIjtM6E,Young Thug &quot;Best Friend&quot;,Young Thug,2026 June nighasssl,0
Young Thug,Trap,Tz6OUIjtM6E,Young Thug &quot;Best Friend&quot;,Young Thug,#FreeLilDurk,0
Young Thug,Trap,Tz6OUIjtM6E,Young Thug &quot;Best Friend&quot;,Young Thug,That shit at 0:15 is sus🤨,0
Young Thug,Trap,Tz6OUIjtM6E,Young Thug &quot;Best Friend&quot;,Young Thug,This takes me way back❤😂. Was 22 living in my first home that I bought. Bumpin tf out of this and the neighbors callin the cops 😂❤,0
Young Thug,Trap,Tz6OUIjtM6E,Young Thug &quot;Best Friend&quot;,Young Thug,Songwriter,2
Young Thug,Trap,Tz6OUIjtM6E,Young Thug &quot;Best Friend&quot;,Young Thug,Still here in 2026 🔥 still a banger,5
Young Thug,Trap,Tz6OUIjtM6E,Young Thug &quot;Best Friend&quot;,Young Thug,🎉🎉,0
Young Thug,Trap,Tz6OUIjtM6E,Young Thug &quot;Best Friend&quot;,Young Thug,"The black culture is screwed man. 
This music is garbage and is good for no one except degenerates",1
Young Thug,Trap,Tz6OUIjtM6E,Young Thug &quot;Best Friend&quot;,Young Thug,This video shows that a woman was behind Takeoff death look with your mind.,0
Young Thug,Trap,Tz6OUIjtM6E,Young Thug &quot;Best Friend&quot;,Young Thug,Who's still here in 2026!,0
Young Thug,Trap,Tz6OUIjtM6E,Young Thug &quot;Best Friend&quot;,Young Thug,2026?,0
Young Thug,Trap,Tz6OUIjtM6E,Young Thug &quot;Best Friend&quot;,Young Thug,@Yurr,0
Young Thug,Trap,Tz6OUIjtM6E,Young Thug &quot;Best Friend&quot;,Young Thug,10 yrs later pure greatness!,0
Young Thug,Trap,Tz6OUIjtM6E,Young Thug &quot;Best Friend&quot;,Young Thug,2026??,0
Young Thug,Trap,Tz6OUIjtM6E,Young Thug &quot;Best Friend&quot;,Young Thug,2029💙,0
Young Thug,Trap,Tz6OUIjtM6E,Young Thug &quot;Best Friend&quot;,Young Thug,Yo,1
Young Thug,Trap,Tz6OUIjtM6E,Young Thug &quot;Best Friend&quot;,Young Thug,Always on 1,2
Young Thug,Trap,Tz6OUIjtM6E,Young Thug &quot;Best Friend&quot;,Young Thug,Do anybody else notice dog with the red hair when his arms grow it it reminds me of mortal Kombat,0
Young Thug,Trap,Tz6OUIjtM6E,Young Thug &quot;Best Friend&quot;,Young Thug,Y'all still here 2026???,0
Young Thug,Trap,Tz6OUIjtM6E,Young Thug &quot;Best Friend&quot;,Young Thug,Much Love,1
Young Thug,Trap,Tz6OUIjtM6E,Young Thug &quot;Best Friend&quot;,Young Thug,ME lisa,1
Young Thug,Trap,Tz6OUIjtM6E,Young Thug &quot;Best Friend&quot;,Young Thug,Young thug ❤💯💪🥶,0
Young Thug,Trap,Tz6OUIjtM6E,Young Thug &quot;Best Friend&quot;,Young Thug,Yes three classes one a keeper,0
Young Thug,Trap,Tz6OUIjtM6E,Young Thug &quot;Best Friend&quot;,Young Thug,Keeper over there,0
Young Thug,Trap,Tz6OUIjtM6E,Young Thug &quot;Best Friend&quot;,Young Thug,Leader of the bees,0
Young Thug,Trap,Tz6OUIjtM6E,Young Thug &quot;Best Friend&quot;,Young Thug,Best friend E.B.F.F.E.F.L.,1
Young Thug,Trap,Tz6OUIjtM6E,Young Thug &quot;Best Friend&quot;,Young Thug,Faith is your friendship,0
Young Thug,Trap,Tz6OUIjtM6E,Young Thug &quot;Best Friend&quot;,Young Thug,10 years ago … heyyeaaahhhhhh,0
Young Thug,Trap,Tz6OUIjtM6E,Young Thug &quot;Best Friend&quot;,Young Thug,this is literally dogshit mumble rap. why do people watch this garbage,0
Young Thug,Trap,Tz6OUIjtM6E,Young Thug &quot;Best Friend&quot;,Young Thug,2026 and this still hard😭,1
Young Thug,Trap,Tz6OUIjtM6E,Young Thug &quot;Best Friend&quot;,Young Thug,"Thugger, I am begging you not to get into any Brazilian helicopters.",0
Young Thug,Trap,Tz6OUIjtM6E,Young Thug &quot;Best Friend&quot;,Young Thug,O cara meteu o estilo de paulista tropeiro 😂😂,0
Young Thug,Trap,Tz6OUIjtM6E,Young Thug &quot;Best Friend&quot;,Young Thug,0:12 is wild,0
Young Thug,Trap,Tz6OUIjtM6E,Young Thug &quot;Best Friend&quot;,Young Thug,And good Luck about the Work Musique 🎹🎹🎹🎶🎹🎹🎶🎶🎶🪂💫🎃🤓🏫🏫🤓,0
Young Thug,Trap,Tz6OUIjtM6E,Young Thug &quot;Best Friend&quot;,Young Thug,Good evening my best Favorite in YouTube and i Like Your best Style Video Clips 🤓💫💫🎃🤓🏫,0
Young Thug,Trap,Tz6OUIjtM6E,Young Thug &quot;Best Friend&quot;,Young Thug,❤ 🌹 ❤ I concer 💯% @ 168 @ ₩€@|< ❤ 🌹 ❤,0
Young Thug,Trap,Tz6OUIjtM6E,Young Thug &quot;Best Friend&quot;,Young Thug,"I would love love to attend one of your concerts when you’re here in Houston, Texas a.k.a. Drake",0
Young Thug,Trap,Tz6OUIjtM6E,Young Thug &quot;Best Friend&quot;,Young Thug,You’re amazing Young Thug❤,0
Young Thug,Trap,Tz6OUIjtM6E,Young Thug &quot;Best Friend&quot;,Young Thug,I love you Young Thug❤🎉😮😊,0
Young Thug,Trap,Tz6OUIjtM6E,Young Thug &quot;Best Friend&quot;,Young Thug,New Jersey Shit,0
Young Thug,Trap,Tz6OUIjtM6E,Young Thug &quot;Best Friend&quot;,Young Thug,"(I'm robot🤳)
 I'm coming the future someone listening in 3033?",0
Young Thug,Trap,Tz6OUIjtM6E,Young Thug &quot;Best Friend&quot;,Young Thug,Oshiet,0
Young Thug,Trap,Tz6OUIjtM6E,Young Thug &quot;Best Friend&quot;,Young Thug,June 9th 2026?,0
Young Thug,Trap,Tz6OUIjtM6E,Young Thug &quot;Best Friend&quot;,Young Thug,young thug是goat！,0
Young Thug,Trap,Tz6OUIjtM6E,Young Thug &quot;Best Friend&quot;,Young Thug,This song is actually so fucking hard it's insane,1
Young Thug,Trap,Tz6OUIjtM6E,Young Thug &quot;Best Friend&quot;,Young Thug,Sup,0
Young Thug,Trap,Tz6OUIjtM6E,Young Thug &quot;Best Friend&quot;,Young Thug,🤖 follow up 🎊,0
Young Thug,Trap,Tz6OUIjtM6E,Young Thug &quot;Best Friend&quot;,Young Thug,больной,0
Young Thug,Trap,Tz6OUIjtM6E,Young Thug &quot;Best Friend&quot;,Young Thug,2026 and over never going to stop,0
Young Thug,Trap,Tz6OUIjtM6E,Young Thug &quot;Best Friend&quot;,Young Thug,2026 anyone,1
Young Thug,Trap,Tz6OUIjtM6E,Young Thug &quot;Best Friend&quot;,Young Thug,I lk to sing lk this. amazing style youngthug gats,0
Young Thug,Trap,Tz6OUIjtM6E,Young Thug &quot;Best Friend&quot;,Young Thug,Fiveid3,0
Young Thug,Trap,Tz6OUIjtM6E,Young Thug &quot;Best Friend&quot;,Young Thug,Ybreadyifurnotnewborntwoonceagainontopofoverofthetopofmyworldismysisthereanymoreonefrommenewbornyoungthugliketwostayalifeliveingonceauponatimeistherestimesdonefromthebothdiffencesislikewhoiamandwhoareyouhuhputingslikewatfromformingsnewbornmagjickurdadblaxkmale,1
Young Thug,Trap,Tz6OUIjtM6E,Young Thug &quot;Best Friend&quot;,Young Thug,0:51 😮😮,0
Young Thug,Trap,Tz6OUIjtM6E,Young Thug &quot;Best Friend&quot;,Young Thug,"people compare thug to gunna? Lets be real, thug da goat theres no gunna without thug, pioneer of the atlanta rap. Thugs da goat",0
Young Thug,Trap,Tz6OUIjtM6E,Young Thug &quot;Best Friend&quot;,Young Thug,Elmo Monster,0
Young Thug,Trap,Tz6OUIjtM6E,Young Thug &quot;Best Friend&quot;,Young Thug,my reefer louder than my speaker 🌬️🔥💨💯 true smokers know.....,0
Young Thug,Trap,Tz6OUIjtM6E,Young Thug &quot;Best Friend&quot;,Young Thug,This shit going crazy 😮🚁,0
Young Thug,Trap,Tz6OUIjtM6E,Young Thug &quot;Best Friend&quot;,Young Thug,Prime thug,2
Young Thug,Trap,Tz6OUIjtM6E,Young Thug &quot;Best Friend&quot;,Young Thug,n ational treassor,0
Young Thug,Trap,Tz6OUIjtM6E,Young Thug &quot;Best Friend&quot;,Young Thug,Yo,0
Young Thug,Trap,Tz6OUIjtM6E,Young Thug &quot;Best Friend&quot;,Young Thug,2026🎉,1
Young Thug,Trap,Tz6OUIjtM6E,Young Thug &quot;Best Friend&quot;,Young Thug,Young🔥🔥🔥thug alone 👍,0
Young Thug,Trap,Tz6OUIjtM6E,Young Thug &quot;Best Friend&quot;,Young Thug,Lezanti luister iets Anders,0
Young Thug,Trap,Tz6OUIjtM6E,Young Thug &quot;Best Friend&quot;,Young Thug,Yo,0
Young Thug,Trap,Tz6OUIjtM6E,Young Thug &quot;Best Friend&quot;,Young Thug,June 2026 ❤,0
Young Thug,Trap,Tz6OUIjtM6E,Young Thug &quot;Best Friend&quot;,Young Thug,The Weeknd- Try Me,0
Young Thug,Trap,Tz6OUIjtM6E,Young Thug &quot;Best Friend&quot;,Young Thug,GAOT 🔥,0
Young Thug,Trap,Tz6OUIjtM6E,Young Thug &quot;Best Friend&quot;,Young Thug,You Can't Kill Who Was Already Dead Years Ago - RA,0
Young Thug,Trap,Tz6OUIjtM6E,Young Thug &quot;Best Friend&quot;,Young Thug,,0
Young Thug,Trap,Tz6OUIjtM6E,Young Thug &quot;Best Friend&quot;,Young Thug,He’s the pac of my generation,0
Young Thug,Trap,Tz6OUIjtM6E,Young Thug &quot;Best Friend&quot;,Young Thug,Missing my best friend 🤧,2
Young Thug,Trap,Tz6OUIjtM6E,Young Thug &quot;Best Friend&quot;,Young Thug,2026😊anyone here?,0
Young Thug,Trap,Tz6OUIjtM6E,Young Thug &quot;Best Friend&quot;,Young Thug,05/2026 ?,0
Young Thug,Trap,Tz6OUIjtM6E,Young Thug &quot;Best Friend&quot;,Young Thug,🎉❤,0
Young Thug,Trap,Tz6OUIjtM6E,Young Thug &quot;Best Friend&quot;,Young Thug,2026??,1
Young Thug,Trap,Tz6OUIjtM6E,Young Thug &quot;Best Friend&quot;,Young Thug,0:41 HEYEAAAAAAAHHHHHHHHHH🔥🔥🔥🔥🔥 0:43,1
Young Thug,Trap,Tz6OUIjtM6E,Young Thug &quot;Best Friend&quot;,Young Thug,Mama loves you thug ❤❤❤❤❤❤,1
Young Thug,Trap,Tz6OUIjtM6E,Young Thug &quot;Best Friend&quot;,Young Thug,DIVEST ☣️☣️☣️☣️☣️,1
Young Thug,Trap,Tz6OUIjtM6E,Young Thug &quot;Best Friend&quot;,Young Thug,1:32-1:35 Hitten Dem Folks 😭🤣,2
Young Thug,Trap,Tz6OUIjtM6E,Young Thug &quot;Best Friend&quot;,Young Thug,this will always be my hype song,1
Young Thug,Trap,Tz6OUIjtM6E,Young Thug &quot;Best Friend&quot;,Young Thug,2026 anybody ?,2
Young Thug,Trap,Tz6OUIjtM6E,Young Thug &quot;Best Friend&quot;,Young Thug,"My wonderfull this will no no, no well this will my name will be a i am lingvist",1
Young Thug,Trap,Tz6OUIjtM6E,Young Thug &quot;Best Friend&quot;,Young Thug,Ain’t $hit Change East Side Decatur still getting it ….. Don’t do no talking better ……Bless all our $onS Da $hooter$,0
Young Thug,Trap,Tz6OUIjtM6E,Young Thug &quot;Best Friend&quot;,Young Thug,Take dem boyz to school swagonometry,0
Young Thug,Trap,Tz6OUIjtM6E,Young Thug &quot;Best Friend&quot;,Young Thug,Tf was that opening scene about lmao,0
Young Thug,Trap,Tz6OUIjtM6E,Young Thug &quot;Best Friend&quot;,Young Thug,"‘That boy want smoke I’ll drop my lo right now, come get high with us’ is CRAZY 

I don’t condone violence but that’s lyrical genius",0
Young Thug,Trap,Tz6OUIjtM6E,Young Thug &quot;Best Friend&quot;,Young Thug,Pensée a mon enceinte 50 w,0
Young Thug,Trap,Tz6OUIjtM6E,Young Thug &quot;Best Friend&quot;,Young Thug,YYYYYYYYYYYYYYYYEEEEEEEEEEAAAAA!!,0
Young Thug,Trap,Tz6OUIjtM6E,Young Thug &quot;Best Friend&quot;,Young Thug,She just s dumb ass lucky just like me ... Yah .,0
Young Thug,Trap,Tz6OUIjtM6E,Young Thug &quot;Best Friend&quot;,Young Thug,🔥🔥🔥🔥🔥🔥🔥,0
Young Thug,Trap,Tz6OUIjtM6E,Young Thug &quot;Best Friend&quot;,Young Thug,Go check the last leak yall,0
Young Thug,Trap,Tz6OUIjtM6E,Young Thug &quot;Best Friend&quot;,Young Thug,Good news: I time traveled and this is the National Anthem of 2064.,0
Young Thug,Trap,Tz6OUIjtM6E,Young Thug &quot;Best Friend&quot;,Young Thug,❤2026..,1
Young Thug,Trap,Tz6OUIjtM6E,Young Thug &quot;Best Friend&quot;,Young Thug,Amen,0
Young Thug,Trap,Tz6OUIjtM6E,Young Thug &quot;Best Friend&quot;,Young Thug,Free Thug for the end of the World Fight!!!!,0
Young Thug,Trap,Tz6OUIjtM6E,Young Thug &quot;Best Friend&quot;,Young Thug,❤IUI,2
Young Thug,Trap,Tz6OUIjtM6E,Young Thug &quot;Best Friend&quot;,Young Thug,🔥👂🏾🔥👂🏾🔥👂🏾🔥👂🏾🔥👂🏾🔥👂🏾,0
Young Thug,Trap,Tz6OUIjtM6E,Young Thug &quot;Best Friend&quot;,Young Thug,2026 ????? 🎉,1
Young Thug,Trap,Tz6OUIjtM6E,Young Thug &quot;Best Friend&quot;,Young Thug,"""Every artist who hop on this beat be snapping.""🙂‍↔️🤞🏽🫀🇿🇦🥳🔥",1
Young Thug,Trap,Tz6OUIjtM6E,Young Thug &quot;Best Friend&quot;,Young Thug,2026 and beyond 🤘🏾,1
Young Thug,Trap,Tz6OUIjtM6E,Young Thug &quot;Best Friend&quot;,Young Thug,Swagonometry 🎉❤,2
Young Thug,Trap,Tz6OUIjtM6E,Young Thug &quot;Best Friend&quot;,Young Thug,Anyone 2026,2
Young Thug,Trap,Tz6OUIjtM6E,Young Thug &quot;Best Friend&quot;,Young Thug,Yess,1
Young Thug,Trap,Tz6OUIjtM6E,Young Thug &quot;Best Friend&quot;,Young Thug,OKAY THATS MAH BEST FRIEND. BESTIE MY BEST FRIEND. 💨💨💯😎,0
Young Thug,Trap,Tz6OUIjtM6E,Young Thug &quot;Best Friend&quot;,Young Thug,334M,0
Young Thug,Trap,Tz6OUIjtM6E,Young Thug &quot;Best Friend&quot;,Young Thug,Slime yb or thug?,1
Young Thug,Trap,Tz6OUIjtM6E,Young Thug &quot;Best Friend&quot;,Young Thug,2026🔥🔥🔥,0
Young Thug,Trap,Tz6OUIjtM6E,Young Thug &quot;Best Friend&quot;,Young Thug,Roaches on the stove!,0
Young Thug,Trap,Tz6OUIjtM6E,Young Thug &quot;Best Friend&quot;,Young Thug,😂😂😂😂,0
Young Thug,Trap,Tz6OUIjtM6E,Young Thug &quot;Best Friend&quot;,Young Thug,Yo,0
Young Thug,Trap,Tz6OUIjtM6E,Young Thug &quot;Best Friend&quot;,Young Thug,Yo,0
Young Thug,Trap,Tz6OUIjtM6E,Young Thug &quot;Best Friend&quot;,Young Thug,2:34 it's time to start talking about mental illness in the black community,0
Young Thug,Trap,Tz6OUIjtM6E,Young Thug &quot;Best Friend&quot;,Young Thug,Uncle kreeee,0
Young Thug,Trap,Tz6OUIjtM6E,Young Thug &quot;Best Friend&quot;,Young Thug,Go Best frend's please its YT KING  THANK YOU! 👍👍💪👌 Poland!!!,0
Young Thug,Trap,Tz6OUIjtM6E,Young Thug &quot;Best Friend&quot;,Young Thug,Ot genius flow,0
Young Thug,Trap,Tz6OUIjtM6E,Young Thug &quot;Best Friend&quot;,Young Thug,Still 🔥,1
Young Thug,Trap,Tz6OUIjtM6E,Young Thug &quot;Best Friend&quot;,Young Thug,Bros head playing tricks on the centre of the table 😅😅,0
Young Thug,Trap,Tz6OUIjtM6E,Young Thug &quot;Best Friend&quot;,Young Thug,Thank God for my dad,1
Young Thug,Trap,Tz6OUIjtM6E,Young Thug &quot;Best Friend&quot;,Young Thug,TRAPPING 🎉🎉🎉🎉🎉,1
Young Thug,Trap,Tz6OUIjtM6E,Young Thug &quot;Best Friend&quot;,Young Thug,Bro must be inspecting them muffler bearings when he's just randomly looking under the rear of the car,0
Young Thug,Trap,Tz6OUIjtM6E,Young Thug &quot;Best Friend&quot;,Young Thug,"En el nombre de Allah (Dios), el Compasivo, el Misericordioso.

La paz sea con aquellos que siguen la guía.

Hemos enviado un mensajero a cada comunidad: ""Adorad a Allah y apartaos de los Tagut.""Y hubo entre ellos a quien Allah guió, pero hubo en quien se hizo realidad el extravío.Recorred pues la tierra y ved cómo acabaron los que negaron la verdad. Corán (16:36)

Taghut: significa cualquier cosa adorada además de Allah (Dios).

Hay cinco cabezas de taghut

Satanás: El instigador supremo que incita a la gente a desobedecer a Alá (Dios) y a adorar a otros.
Aquel que es adorado y se complace con ello: Alguien (o algo) adorado además de Alá (Dios), que se complace con esa adoración (por ejemplo, ídolos, santos fallecidos adorados falsamente).
Quien afirma conocer lo Oculto (Ghayb): Alguien que afirma falsamente conocer asuntos ocultos, que pertenecen solo a Alá (Dios).
Quien incita a la gente a adorarse a sí mismo: Un líder o figura que invita activamente a otros a adorarle, independientemente de si cumplen o no.
Quien no juzga con base en lo que Alá ha revelado: Un gobernante o autoridad que sustituye la ley divina de Alá con leyes humanas, desviando a la gente del camino de Dios.

Y no he creado a los genios y a los hombres sino para que Me adoren. Corán (51:56)

""Él es Quien creó la muerte y la vida para probaros y ver cuál de vosotros sería mejor en obras. Corán (67:2)

Realmente la práctica de Adoración ante Allah es el Islam. Corán (3:19)

Y quien desee otra práctica de Adoración que no sea el Islam. no le será aceptada y en la Última Vida será de los perdedores. Corán (3:85)

Toda alma probará la muerte. Y el Día del Levantamiento se os pagará cumplidamente la retribución que os corresponda.Quien sea alejado del Fuego e introducido en el Jardín, habrá triunfado. La vida de este mundo no es sino el disfrute engañoso de lo que se acaba. Corán (3:185)

La vida del mundo no es sino juego y distracción, la verdadera vida es la morada de la Última Vida, si supieran. Corán (29:64)

Ni vuestra consanguinidad ni vuestros hijos os servirán el Día del Levantamiento. Cada uno de vosotros tendrá el juicio que le corresponda. Allah ve lo que hacéis. Corán (60:3)

Y al que está ciego para el recuerdo del Misericordioso le asignamos un demonio que se convierte en su compañero inseparable. Y éstos les apartan del camino mientras ellos se creen guiados. Corán (43:36-37)",1
Young Thug,Trap,Tz6OUIjtM6E,Young Thug &quot;Best Friend&quot;,Young Thug,"In the name of Allah(God), the Most Gracious, the Most Merciful

Peace be with those who follow the guidance

And We certainly sent into every nation a messenger, [saying], ""Worship Allah and avoid Taghut."" And among them were those whom Allah guided, and among them were those upon whom error was [deservedly] decreed. So proceed through the earth and observe how was the end of the deniers. Quran (16:36)

Taghut: means anything worshipped besides Allah(God).

There are five heads of taghut

Satan: The ultimate instigator who calls people to disobey Allah(God) and worship others.
The one worshipped and pleased with it: Someone (or something) worshipped besides Allah(God), who is content with that worship (e.g., idols, deceased saints worshipped falsely).
The one who claims knowledge of the Unseen (Ghayb): Someone who falsely asserts knowledge of hidden matters, which belongs only to Allah(God).
The one who calls people to worship himself: A leader or figure who actively invites others to worship him, regardless of whether they comply.
The one who judges by other than what Allah has revealed: A ruler or authority who substitutes Allah's divine law with man-made laws, leading people away from God's path. 

I did not create jinn and humans except to worship Me. Quran (51:56)

He] who created death and life to test you [as to] which of you is best in deed Quran (67:2)

Indeed, the religion in the sight of Allah is Islam. Quran (3:19)

Whoever seeks a way other than Islam,1 it will never be accepted from them, and in the Hereafter they will be among the losers. Quran (3:85)

Every soul will taste death. And you will only receive your full reward on the Day of Judgment. Whoever is spared from the Fire and is admitted into Paradise will ˹indeed˺ triumph, whereas the life of this world is no more than the delusion of enjoyment. Quran (3:185)

And this worldly life is not but diversion and amusement. And indeed, the home of the Hereafter - that is the [eternal] life, if only they knew. Quran (29:64)

Neither your relatives nor children will benefit you on Judgment Day—He will decide between you ˹all˺. For Allah is All-Seeing of what you do. Quran (60:3)

And whoever turns a blind eye to the Reminder of the Most Compassionate, We place at the disposal of each a devilish one as their close associate, who will certainly hinder them from the ˹Right˺ Way while they think they are ˹rightly˺ guided. Quran (43:36-37)",1
Young Thug,Trap,Tz6OUIjtM6E,Young Thug &quot;Best Friend&quot;,Young Thug,"Can't deny Young Thug been in his bag since day one, but that AUTHENTIC VIEWS DAWT CAWM boost is on another level! Dude’s literally unstoppable now. 🔥💥",15
Young Thug,Trap,Tz6OUIjtM6E,Young Thug &quot;Best Friend&quot;,Young Thug,Just REALLY watching this video after all these years.. these fools are at my FAV hiking spot in GA.,0
Young Thug,Trap,Tz6OUIjtM6E,Young Thug &quot;Best Friend&quot;,Young Thug,0:26 0:40 0:49,0
Young Thug,Trap,Tz6OUIjtM6E,Young Thug &quot;Best Friend&quot;,Young Thug,Yo,0
Young Thug,Trap,Tz6OUIjtM6E,Young Thug &quot;Best Friend&quot;,Young Thug,#young thug @ #TSG,1
Young Thug,Trap,Tz6OUIjtM6E,Young Thug &quot;Best Friend&quot;,Young Thug,Carti sister kee 😂😂 0:09,0
Young Thug,Trap,Tz6OUIjtM6E,Young Thug &quot;Best Friend&quot;,Young Thug,2026 who here? 🔥,2
Young Thug,Trap,Tz6OUIjtM6E,Young Thug &quot;Best Friend&quot;,Young Thug,May 2026.,1
Young Thug,Trap,Tz6OUIjtM6E,Young Thug &quot;Best Friend&quot;,Young Thug,2026?,4
Young Thug,Trap,Tz6OUIjtM6E,Young Thug &quot;Best Friend&quot;,Young Thug,May 2026 from Angola 🇦🇴❤👌,0
Young Thug,Trap,Tz6OUIjtM6E,Young Thug &quot;Best Friend&quot;,Young Thug,How am I finally seeing this gem,1
Young Thug,Trap,Tz6OUIjtM6E,Young Thug &quot;Best Friend&quot;,Young Thug,https://youtu.be/JfFBlKiqDVQ?si=4VF_Yp1gozCmS8wA,0
Young Thug,Trap,Tz6OUIjtM6E,Young Thug &quot;Best Friend&quot;,Young Thug,https://youtu.be/JfFBlKiqDVQ?si=4VF_Yp1gozCmS8wA,0
Young Thug,Trap,Tz6OUIjtM6E,Young Thug &quot;Best Friend&quot;,Young Thug,https://youtu.be/JfFBlKiqDVQ?si=4VF_Yp1gozCmS8wA,0
Young Thug,Trap,Tz6OUIjtM6E,Young Thug &quot;Best Friend&quot;,Young Thug,https://youtu.be/JfFBlKiqDVQ?si=4VF_Yp1gozCmS8wA,0
Young Thug,Trap,Tz6OUIjtM6E,Young Thug &quot;Best Friend&quot;,Young Thug,https://youtu.be/JfFBlKiqDVQ?si=4VF_Yp1gozCmS8wA,0
Young Thug,Trap,Tz6OUIjtM6E,Young Thug &quot;Best Friend&quot;,Young Thug,https://youtu.be/JfFBlKiqDVQ?si=4VF_Yp1gozCmS8wA,0
Young Thug,Trap,Tz6OUIjtM6E,Young Thug &quot;Best Friend&quot;,Young Thug,Anyone in may 2026,0
Young Thug,Trap,Tz6OUIjtM6E,Young Thug &quot;Best Friend&quot;,Young Thug,Fettish wap,0
Young Thug,Trap,Tz6OUIjtM6E,Young Thug &quot;Best Friend&quot;,Young Thug,Wyat,0
Young Thug,Trap,Tz6OUIjtM6E,Young Thug &quot;Best Friend&quot;,Young Thug,Wap,0
Young Thug,Trap,Tz6OUIjtM6E,Young Thug &quot;Best Friend&quot;,Young Thug,Zap,0
Young Thug,Trap,Tz6OUIjtM6E,Young Thug &quot;Best Friend&quot;,Young Thug,Dillon bolt,0
Young Thug,Trap,Tz6OUIjtM6E,Young Thug &quot;Best Friend&quot;,Young Thug,Land year light,0
Young Thug,Trap,Tz6OUIjtM6E,Young Thug &quot;Best Friend&quot;,Young Thug,2026🤪🦾😮‍💨,1
Young Thug,Trap,Tz6OUIjtM6E,Young Thug &quot;Best Friend&quot;,Young Thug,The shorties was snapping in the back lol,0
Young Thug,Trap,Tz6OUIjtM6E,Young Thug &quot;Best Friend&quot;,Young Thug,❤❤,1
Young Thug,Trap,Tz6OUIjtM6E,Young Thug &quot;Best Friend&quot;,Young Thug,still a banger in 2026,6
Young Thug,Trap,Tz6OUIjtM6E,Young Thug &quot;Best Friend&quot;,Young Thug,Swaganometry,0
Young Thug,Trap,Tz6OUIjtM6E,Young Thug &quot;Best Friend&quot;,Young Thug,2026,0
Young Thug,Trap,Tz6OUIjtM6E,Young Thug &quot;Best Friend&quot;,Young Thug,"Should be a lesson for all the wanna be thugs that think that life style is fun...All these dudes are dead already, you dont live past 30, sometimes dont even make it to 20, and for what? Nobody thinks your hard and nobody is scared of you except your ""ops"" which are people just like you anyways so what are you really doing other than contributing to your own downfall?",0
Young Thug,Trap,Tz6OUIjtM6E,Young Thug &quot;Best Friend&quot;,Young Thug,Thug is the only trapp shit i respect,3
Young Thug,Trap,Tz6OUIjtM6E,Young Thug &quot;Best Friend&quot;,Young Thug,🧑🏽‍🦱🧠👨🏾‍🦲🧠🗣️🗣️,1
Young Thug,Trap,Tz6OUIjtM6E,Young Thug &quot;Best Friend&quot;,Young Thug,@15 secs is wild,0
Young Thug,Trap,Tz6OUIjtM6E,Young Thug &quot;Best Friend&quot;,Young Thug,Ref ❤,0
Young Thug,Trap,Tz6OUIjtM6E,Young Thug &quot;Best Friend&quot;,Young Thug,2026🎉❤ still my ringtone,0
Young Thug,Trap,Tz6OUIjtM6E,Young Thug &quot;Best Friend&quot;,Young Thug,I love how they in the woods just dancing,0
Young Thug,Trap,Tz6OUIjtM6E,Young Thug &quot;Best Friend&quot;,Young Thug,Big Sam’s Club. Business,0
Young Thug,Trap,Tz6OUIjtM6E,Young Thug &quot;Best Friend&quot;,Young Thug,Grocery Wood in,0
Young Thug,Trap,Tz6OUIjtM6E,Young Thug &quot;Best Friend&quot;,Young Thug,Slim thick Driving & getting Ate,0
Young Thug,Trap,Tz6OUIjtM6E,Young Thug &quot;Best Friend&quot;,Young Thug,This is some renaissance shit,89
Young Thug,Trap,Tz6OUIjtM6E,Young Thug &quot;Best Friend&quot;,Young Thug,Someone help me find the exact fit he has on in that car .,0
Young Thug,Trap,Tz6OUIjtM6E,Young Thug &quot;Best Friend&quot;,Young Thug,2026🎉,0
Young Thug,Trap,Tz6OUIjtM6E,Young Thug &quot;Best Friend&quot;,Young Thug,🇹🇭🇹🇭,0
Young Thug,Trap,Tz6OUIjtM6E,Young Thug &quot;Best Friend&quot;,Young Thug,"trth that this song goes out to all my best frieds including,,,, 
wa",0
Young Thug,Trap,Tz6OUIjtM6E,Young Thug &quot;Best Friend&quot;,Young Thug,💃🏾💃🏾💃🏾💃🏾,0
Young Thug,Trap,Tz6OUIjtM6E,Young Thug &quot;Best Friend&quot;,Young Thug,1:03 💪🔥🔥🔥🔥🔥,1
Young Thug,Trap,Tz6OUIjtM6E,Young Thug &quot;Best Friend&quot;,Young Thug,"float like a butterfly, sting like a ...(Bumble)BeeEEE ... or (Mumble)Bee, not sure if you guyz like that title, no disrespect, I think it's Dope ...",0
Young Thug,Trap,Tz6OUIjtM6E,Young Thug &quot;Best Friend&quot;,Young Thug,Came here from that guy’s TikTok video to check his level of accuracy,2
Young Thug,Trap,Tz6OUIjtM6E,Young Thug &quot;Best Friend&quot;,Young Thug,🔥🔥🔥🔗⛓️‍💥,0
Young Thug,Trap,Tz6OUIjtM6E,Young Thug &quot;Best Friend&quot;,Young Thug,Why did I think this was trippie redd,0
Young Thug,Trap,Tz6OUIjtM6E,Young Thug &quot;Best Friend&quot;,Young Thug,2026 anyone? 😊,1
Young Thug,Trap,Tz6OUIjtM6E,Young Thug &quot;Best Friend&quot;,Young Thug,Best friend,1
Young Thug,Trap,Tz6OUIjtM6E,Young Thug &quot;Best Friend&quot;,Young Thug,2026?!?!,2
Young Thug,Trap,Tz6OUIjtM6E,Young Thug &quot;Best Friend&quot;,Young Thug,Dreadful lyrics.,0
Young Thug,Trap,Tz6OUIjtM6E,Young Thug &quot;Best Friend&quot;,Young Thug,Thats my bestie my bestie my bestie my bestfriend. GO BESTFRIEND,1
Young Thug,Trap,Tz6OUIjtM6E,Young Thug &quot;Best Friend&quot;,Young Thug,Still Jamming the hardest trap song in 2026 💯🔥,1
Young Thug,Trap,Tz6OUIjtM6E,Young Thug &quot;Best Friend&quot;,Young Thug,Alguém 2026??,2
Young Thug,Trap,Tz6OUIjtM6E,Young Thug &quot;Best Friend&quot;,Young Thug,"ThUg'GUH....DHEY DONT KNOW...SO....quote...U LOOKED OUT 4..me..I AINT....GONE NEVA 4GET DAT....DATS Y...I.,....IM GONE AX..........DID U SAVE....WEEZY'@..,LIFE...... ¿? #TIME2HEAL......LUV",1
Young Thug,Trap,Tz6OUIjtM6E,Young Thug &quot;Best Friend&quot;,Young Thug,I made my bff a video off this video cause she was my bff that’s it ik the song don’t fit but oh well but kinda do cause she stole my crush away and called me otp while she was giving her head and that hurt till this day 😢,0
Young Thug,Trap,Tz6OUIjtM6E,Young Thug &quot;Best Friend&quot;,Young Thug,Ysl4life,0
Young Thug,Trap,Tz6OUIjtM6E,Young Thug &quot;Best Friend&quot;,Young Thug,Anyone in 2026 ? 🎉,0
Young Thug,Trap,Tz6OUIjtM6E,Young Thug &quot;Best Friend&quot;,Young Thug,That's my best friend that's my best friend 🔥,3
Young Thug,Trap,Tz6OUIjtM6E,Young Thug &quot;Best Friend&quot;,Young Thug,🐐🙏🔥🔥,0
Young Thug,Trap,Tz6OUIjtM6E,Young Thug &quot;Best Friend&quot;,Young Thug,My brudda unfortunately lost his life. Almost injuring others in the process. This was our favorite artist back in the day. Rip big bro 😢,1
Young Thug,Trap,Tz6OUIjtM6E,Young Thug &quot;Best Friend&quot;,Young Thug,Dis 🎉the 💧😊,0
Young Thug,Trap,Tz6OUIjtM6E,Young Thug &quot;Best Friend&quot;,Young Thug,When art was art,1
Young Thug,Trap,Tz6OUIjtM6E,Young Thug &quot;Best Friend&quot;,Young Thug,Chevrolet logo shape bend with aluminium rods glued between cardboard circle cuts is Rolex homemades mommy,0
Young Thug,Trap,Tz6OUIjtM6E,Young Thug &quot;Best Friend&quot;,Young Thug,I feel like young thug influenced a Lotta people to smoke weed.,2
Young Thug,Trap,Tz6OUIjtM6E,Young Thug &quot;Best Friend&quot;,Young Thug,2026 anyone?,0
Young Thug,Trap,Tz6OUIjtM6E,Young Thug &quot;Best Friend&quot;,Young Thug,2:00,1
Young Thug,Trap,Tz6OUIjtM6E,Young Thug &quot;Best Friend&quot;,Young Thug,Well ysl 4 life didn't last did it lmao,0
Young Thug,Trap,Tz6OUIjtM6E,Young Thug &quot;Best Friend&quot;,Young Thug,Yo,0
Young Thug,Trap,Tz6OUIjtM6E,Young Thug &quot;Best Friend&quot;,Young Thug,Yo,0
Young Thug,Trap,Tz6OUIjtM6E,Young Thug &quot;Best Friend&quot;,Young Thug,Vanilla ice collected wnough for himselpf,0
Young Thug,Trap,Tz6OUIjtM6E,Young Thug &quot;Best Friend&quot;,Young Thug,"Is Google your best friend, google is definitely my best friend, shout out to google! 🎉🎉🎉🎉",0
Young Thug,Trap,Tz6OUIjtM6E,Young Thug &quot;Best Friend&quot;,Young Thug,Eat that booty like groceries,0
Young Thug,Trap,Tz6OUIjtM6E,Young Thug &quot;Best Friend&quot;,Young Thug,u da real best friend,1
Young Thug,Trap,Tz6OUIjtM6E,Young Thug &quot;Best Friend&quot;,Young Thug,Young thug and Lil baby need to do a mixtape fr,1
Young Thug,Trap,Tz6OUIjtM6E,Young Thug &quot;Best Friend&quot;,Young Thug,It s god,0
Young Thug,Trap,Tz6OUIjtM6E,Young Thug &quot;Best Friend&quot;,Young Thug,Where's my best friend straight best frien never da end💨🐎 💨💨🐎🎶☄️,1
Young Thug,Trap,Tz6OUIjtM6E,Young Thug &quot;Best Friend&quot;,Young Thug,"Take them boys to school, swagonometry
Bitch I'm bleeding bad, like a bumble bee
Hold up! Hold it, hold it, nigga proceed
I'ma eat that booty just like groceries
Eat on that coochie, lay that bitch down like ""let's do it""
No Tiger bitch, eat that wood, eat that wood
Supplier, bitch, I got pistols, no wood
I want them tacos that are Meagan Good
Helicopter choppin' with the buz
Stuff them racks inside them if they nudge
Bang that other side, nigga curb
And my reefer louder than a speaker
Yeah my niece is hanging with The Beatles
If you ever find her, better keep her
Thirty seven cameras for the sneakers
Goin' out like Ox or Beanie Sigel
Send a cop, I can't wait to mistreat 'em
Forcin' your ho, I can't wait to mislead 'em
And beat 'em, they ain't my people",1
Young Thug,Trap,Tz6OUIjtM6E,Young Thug &quot;Best Friend&quot;,Young Thug,"3:11 ""KEEP A RACHET""",1
Young Thug,Trap,Tz6OUIjtM6E,Young Thug &quot;Best Friend&quot;,Young Thug,2026❤🎉😂,0
Young Thug,Trap,Tz6OUIjtM6E,Young Thug &quot;Best Friend&quot;,Young Thug,Yo,0
Young Thug,Trap,Tz6OUIjtM6E,Young Thug &quot;Best Friend&quot;,Young Thug,Yo,0
Young Thug,Trap,Tz6OUIjtM6E,Young Thug &quot;Best Friend&quot;,Young Thug,who here in April 2026,0
Young Thug,Trap,Tz6OUIjtM6E,Young Thug &quot;Best Friend&quot;,Young Thug,3000,0
Young Thug,Trap,Tz6OUIjtM6E,Young Thug &quot;Best Friend&quot;,Young Thug,April 2026?,0
Young Thug,Trap,Tz6OUIjtM6E,Young Thug &quot;Best Friend&quot;,Young Thug,❤❤❤❤#tyesha I'm still listening and here a fan forever!,1
Young Thug,Trap,Tz6OUIjtM6E,Young Thug &quot;Best Friend&quot;,Young Thug,ENITYCOVERAGE ON CAR INSURANCE,0
Young Thug,Trap,Tz6OUIjtM6E,Young Thug &quot;Best Friend&quot;,Young Thug,❤❤❤❤❤❤❤,0
Young Thug,Trap,Tz6OUIjtM6E,Young Thug &quot;Best Friend&quot;,Young Thug,هههههههه,0
Young Thug,Trap,Tz6OUIjtM6E,Young Thug &quot;Best Friend&quot;,Young Thug,This has hella views since I was 12,0
Young Thug,Trap,Tz6OUIjtM6E,Young Thug &quot;Best Friend&quot;,Young Thug,2026 hellooooooo,1
Young Thug,Trap,Tz6OUIjtM6E,Young Thug &quot;Best Friend&quot;,Young Thug,I used to love rap music until I heard Young Thug... now I love Young Thug's music.. F rap yall can have it back lol,0
Young Thug,Trap,Tz6OUIjtM6E,Young Thug &quot;Best Friend&quot;,Young Thug,Yo,0
Young Thug,Trap,Tz6OUIjtM6E,Young Thug &quot;Best Friend&quot;,Young Thug,Yo,0
Young Thug,Trap,Tz6OUIjtM6E,Young Thug &quot;Best Friend&quot;,Young Thug,Yo,0
Young Thug,Trap,Tz6OUIjtM6E,Young Thug &quot;Best Friend&quot;,Young Thug,Yo,0
Young Thug,Trap,Tz6OUIjtM6E,Young Thug &quot;Best Friend&quot;,Young Thug,Yo,0
Young Thug,Trap,Tz6OUIjtM6E,Young Thug &quot;Best Friend&quot;,Young Thug,Yo,0
Young Thug,Trap,Tz6OUIjtM6E,Young Thug &quot;Best Friend&quot;,Young Thug,Yo,0
Young Thug,Trap,Tz6OUIjtM6E,Young Thug &quot;Best Friend&quot;,Young Thug,Yo,0
Young Thug,Trap,Tz6OUIjtM6E,Young Thug &quot;Best Friend&quot;,Young Thug,"Young Thug’s song “Best Friend” is really rhythmic, isn’t it? 😊",1
Young Thug,Trap,Tz6OUIjtM6E,Young Thug &quot;Best Friend&quot;,Young Thug,No one can ever beat Thugger like never ever,2
Young Thug,Trap,Tz6OUIjtM6E,Young Thug &quot;Best Friend&quot;,Young Thug,2026 anyone,2
Young Thug,Trap,Tz6OUIjtM6E,Young Thug &quot;Best Friend&quot;,Young Thug,2026STILL THUGGER❤‍🔥,0
Young Thug,Trap,Tz6OUIjtM6E,Young Thug &quot;Best Friend&quot;,Young Thug,Its tree 🔊,0
Young Thug,Trap,Tz6OUIjtM6E,Young Thug &quot;Best Friend&quot;,Young Thug,I love you Jeffrey,0
Young Thug,Trap,Tz6OUIjtM6E,Young Thug &quot;Best Friend&quot;,Young Thug,Ya know,0
Young Thug,Trap,Tz6OUIjtM6E,Young Thug &quot;Best Friend&quot;,Young Thug,Vdvagdffgggwfefdsvgfffffgggdffdddfdfdfdfdfffdfsfsdsw❤❤❤❤❤❤,0
Young Thug,Trap,Tz6OUIjtM6E,Young Thug &quot;Best Friend&quot;,Young Thug,Sheesh gotta side eye the so called nerds even 😂,0
Young Thug,Trap,Tz6OUIjtM6E,Young Thug &quot;Best Friend&quot;,Young Thug,Mexicans are black,0
Young Thug,Trap,Tz6OUIjtM6E,Young Thug &quot;Best Friend&quot;,Young Thug,2 aPPLe WaTCHeS oN FaCeTiMe WiTH SPiDeR YSL aF,0
Young Thug,Trap,Tz6OUIjtM6E,Young Thug &quot;Best Friend&quot;,Young Thug,2026 still classic,0
Young Thug,Trap,Tz6OUIjtM6E,Young Thug &quot;Best Friend&quot;,Young Thug,1:53 he hittn that shit omm,8
Young Thug,Trap,Tz6OUIjtM6E,Young Thug &quot;Best Friend&quot;,Young Thug,I miss this thug for real,0
Young Thug,Trap,Tz6OUIjtM6E,Young Thug &quot;Best Friend&quot;,Young Thug,What's up heb I'm governed like this. Is this the way it goes CIA?,0
Young Thug,Trap,Tz6OUIjtM6E,Young Thug &quot;Best Friend&quot;,Young Thug,2026 April who’s bumping this hit,10
Young Thug,Trap,Tz6OUIjtM6E,Young Thug &quot;Best Friend&quot;,Young Thug,I forgot that he made sp5ider😂,0
Young Thug,Trap,Tz6OUIjtM6E,Young Thug &quot;Best Friend&quot;,Young Thug,👇Anyone april 2026,1
Young Thug,Trap,Tz6OUIjtM6E,Young Thug &quot;Best Friend&quot;,Young Thug,UFO,1
Young Thug,Trap,Tz6OUIjtM6E,Young Thug &quot;Best Friend&quot;,Young Thug,Favorite song ever...?  mosquito !!,3
Young Thug,Trap,Tz6OUIjtM6E,Young Thug &quot;Best Friend&quot;,Young Thug,Batch No.Ordered,0
Young Thug,Trap,Tz6OUIjtM6E,Young Thug &quot;Best Friend&quot;,Young Thug,thugger jackson,1
Young Thug,Trap,Tz6OUIjtM6E,Young Thug &quot;Best Friend&quot;,Young Thug,I was just about to go steal his man he lucky.,0
Young Thug,Trap,Tz6OUIjtM6E,Young Thug &quot;Best Friend&quot;,Young Thug,I listen to this song every day.     awesome.good drop to it. sounds real good . kick ass lyrics,0
Young Thug,Trap,Tz6OUIjtM6E,Young Thug &quot;Best Friend&quot;,Young Thug,"""Find one in every car.. You'll see. 🎄""
~Miller",0
Young Thug,Trap,Tz6OUIjtM6E,Young Thug &quot;Best Friend&quot;,Young Thug,2026 were you at ?????,1
Young Thug,Trap,Tz6OUIjtM6E,Young Thug &quot;Best Friend&quot;,Young Thug,"Till this day, there's no one like thugga",2
Young Thug,Trap,Tz6OUIjtM6E,Young Thug &quot;Best Friend&quot;,Young Thug,2026 April anyone?,1
Young Thug,Trap,Tz6OUIjtM6E,Young Thug &quot;Best Friend&quot;,Young Thug,I have so many beats that I want to introduce to them that would be phenomenal,0
Young Thug,Trap,Tz6OUIjtM6E,Young Thug &quot;Best Friend&quot;,Young Thug,The Goat 2026 🇬🇭🇬🇭🇬🇭🇬🇭🇬🇭,2
Young Thug,Trap,Tz6OUIjtM6E,Young Thug &quot;Best Friend&quot;,Young Thug,Young thug is timeless. His music never ages. Unlike us 🤙🏼,0
Young Thug,Trap,Tz6OUIjtM6E,Young Thug &quot;Best Friend&quot;,Young Thug,I love his songs ❤,1
Young Thug,Trap,Tz6OUIjtM6E,Young Thug &quot;Best Friend&quot;,Young Thug,I'm gonna tell my kids this was MJ in his prime.,2
Young Thug,Trap,Tz6OUIjtM6E,Young Thug &quot;Best Friend&quot;,Young Thug,pedrada,0
Young Thug,Trap,Tz6OUIjtM6E,Young Thug &quot;Best Friend&quot;,Young Thug,😂😂😂😂😂😂😂😂😂😂,1
Young Thug,Trap,Tz6OUIjtM6E,Young Thug &quot;Best Friend&quot;,Young Thug,0:52,0
Young Thug,Trap,Tz6OUIjtM6E,Young Thug &quot;Best Friend&quot;,Young Thug,صدق الله العظيم,1
Young Thug,Trap,Tz6OUIjtM6E,Young Thug &quot;Best Friend&quot;,Young Thug,Mirrorrrrrrer memior get overrrr hwreeee finish themmmm simsss,0
Young Thug,Trap,Tz6OUIjtM6E,Young Thug &quot;Best Friend&quot;,Young Thug,You must be hella dumb with your sisters,0
Young Thug,Trap,Tz6OUIjtM6E,Young Thug &quot;Best Friend&quot;,Young Thug,Lolllll,0
Young Thug,Trap,Tz6OUIjtM6E,Young Thug &quot;Best Friend&quot;,Young Thug,And back at chaaaaa,0
Young Thug,Trap,Tz6OUIjtM6E,Young Thug &quot;Best Friend&quot;,Young Thug,So you think Alvin spending 131 million dollars out of my federal reserve bank account and im homeless is annoynoumus having for peace or division tricking the nations.,0
Young Thug,Trap,Tz6OUIjtM6E,Young Thug &quot;Best Friend&quot;,Young Thug,swaganomitry🔥🔥🔥🔥🔥🔥🔥,0
Young Thug,Trap,Tz6OUIjtM6E,Young Thug &quot;Best Friend&quot;,Young Thug,Vocal Stim Olympics,0
Young Thug,Trap,Tz6OUIjtM6E,Young Thug &quot;Best Friend&quot;,Young Thug,I know  right you have full control no resistance from me,1
Young Thug,Trap,Tz6OUIjtM6E,Young Thug &quot;Best Friend&quot;,Young Thug,2026?,0
Young Thug,Trap,Tz6OUIjtM6E,Young Thug &quot;Best Friend&quot;,Young Thug,2026 anyone?,2
Young Thug,Trap,Tz6OUIjtM6E,Young Thug &quot;Best Friend&quot;,Young Thug,тебя схавали бро,0
Young Thug,Trap,Tz6OUIjtM6E,Young Thug &quot;Best Friend&quot;,Young Thug,Here to get hype for Coachella 2026,0
Young Thug,Trap,Tz6OUIjtM6E,Young Thug &quot;Best Friend&quot;,Young Thug,Yes big Legende Young Thug Gangster vor Life Gang 🎉😊,2
Young Thug,Trap,Tz6OUIjtM6E,Young Thug &quot;Best Friend&quot;,Young Thug,2026 still banger,2
Young Thug,Trap,Tz6OUIjtM6E,Young Thug &quot;Best Friend&quot;,Young Thug,2026 who ere,0
Young Thug,Trap,Tz6OUIjtM6E,Young Thug &quot;Best Friend&quot;,Young Thug,Take Them Boyz 2 School Swagganometree 🔥,11
Young Thug,Trap,Tz6OUIjtM6E,Young Thug &quot;Best Friend&quot;,Young Thug,"Uff, when I was in high school 🎧",1
Young Thug,Trap,Tz6OUIjtM6E,Young Thug &quot;Best Friend&quot;,Young Thug,If thats my best friend..... kermit wtf you attttt.attitude. Candice is know you dont like me but for what? Your mom loves me. Your brother loves me!😍🤩😘,0
Young Thug,Trap,Tz6OUIjtM6E,Young Thug &quot;Best Friend&quot;,Young Thug,Musical Savant!,1
Young Thug,Trap,Tz6OUIjtM6E,Young Thug &quot;Best Friend&quot;,Young Thug,The flo is tight,2
Young Thug,Trap,Tz6OUIjtM6E,Young Thug &quot;Best Friend&quot;,Young Thug,We smoking playa de,0
Young Thug,Trap,Tz6OUIjtM6E,Young Thug &quot;Best Friend&quot;,Young Thug,Light them up playboy,0
Young Thug,Trap,Tz6OUIjtM6E,Young Thug &quot;Best Friend&quot;,Young Thug,I am pretty good,0
Young Thug,Trap,Tz6OUIjtM6E,Young Thug &quot;Best Friend&quot;,Young Thug,Alan witnessed greatness,0
Young Thug,Trap,Tz6OUIjtM6E,Young Thug &quot;Best Friend&quot;,Young Thug,"Ok, I got an idea ADK is the name of the song",0
Young Thug,Trap,Tz6OUIjtM6E,Young Thug &quot;Best Friend&quot;,Young Thug,2026?,2
Young Thug,Trap,Tz6OUIjtM6E,Young Thug &quot;Best Friend&quot;,Young Thug,anyone in 2026🎙️🤭,0
Young Thug,Trap,Tz6OUIjtM6E,Young Thug &quot;Best Friend&quot;,Young Thug,"Applied numbers 15, 5, 40, and 31",0
Young Thug,Trap,Tz6OUIjtM6E,Young Thug &quot;Best Friend&quot;,Young Thug,🤞🏿.,3
Young Thug,Trap,Tz6OUIjtM6E,Young Thug &quot;Best Friend&quot;,Young Thug,❤❤❤❤❤❤❤,1
Young Thug,Trap,Tz6OUIjtM6E,Young Thug &quot;Best Friend&quot;,Young Thug,🤣🤣🤣,3
Young Thug,Trap,Tz6OUIjtM6E,Young Thug &quot;Best Friend&quot;,Young Thug,This thug yesd,0
Young Thug,Trap,Tz6OUIjtM6E,Young Thug &quot;Best Friend&quot;,Young Thug,The production was definitely amateurish. So many flaws I recognize now that I didn’t see at first because the song was that damn good.  The cameraman has no clue on how to avoid reflections. And the car door opening scene was so botched 😂 but I guess it doesn’t matter cause the video got over a quarter of a billion views.,1
Young Thug,Trap,Tz6OUIjtM6E,Young Thug &quot;Best Friend&quot;,Young Thug,Alguém dia 21/03/26 ????,0
Young Thug,Trap,Tz6OUIjtM6E,Young Thug &quot;Best Friend&quot;,Young Thug,YouTube Leroy Wells American idol,0
Young Thug,Trap,Tz6OUIjtM6E,Young Thug &quot;Best Friend&quot;,Young Thug,So. So.,0
Young Thug,Trap,Tz6OUIjtM6E,Young Thug &quot;Best Friend&quot;,Young Thug,Make. Over,0
Young Thug,Trap,Tz6OUIjtM6E,Young Thug &quot;Best Friend&quot;,Young Thug,"YSL for life, bitch
Yeah fuck you, your momma and everything else
Free the GOAT!
That's my best friend, that's my best friend, flexin'
Big ol' booty bitch missus from Texas, what's next is
I'm gon' skeet off, lil nigga come catch me, catch me
And that's my bestie, my bestie, my best friend, go best friend
Nigga livin' TTG and everything is still on fleek
Bad bitch rollin' wit' me, she gon' smile cause she on fleek
Hundred thousand dollars inside my pants, my shit on fleek
Hey-yeah!
Take them boys to school, swagonometry
Bitch I'm bleeding bad, like a bumble bee
Hold up! Hold it, hold it, nigga proceed
I'ma eat that booty just like groceries
Eat on that coochie, lay that bitch down like ""let's do it""
No Tiger bitch, eat that wood, eat that wood
Supplier, bitch, I got pistols, no wood
I want them tacos that are Meagan Good
Helicopter choppin' with the buz
Stuff them racks inside them if they nudge
Bang that other side, nigga curb
And my reefer louder than a speaker
Yeah my niece is hanging with The Beatles
If you ever find her, better keep her
Thirty seven cameras for the sneakers
Goin' out like Ox or Beanie Sigel
Send a cop, I can't wait to mistreat 'em
Forcin' your ho, I can't wait to mislead 'em
And beat 'em, they ain't my people
That's my best friend, that's my best friend, flexin'
Big ol' booty bitch missus from Texas, what's next is
I'm gon' skeet off, lil nigga come catch me, catch me
And that's my bestie, my bestie, my best friend, go best friend
Nigga livin' TTG and everything is still on fleek
Bad bitch rollin' wit' me, she gon' smile cause she on fleek
Hundred thousand dollars inside my pants, my shit on fleek
Hey-yeah!
Let me tell you how I spent a couple hundreds today
I done cut back on that lean, I'm on that Hen' and D'ussé
Don't do no talkin' when you see him, you better shoot in his face
I got a hundred bitches that can't wait to replace
Michael Jackson nigga, Thugger Jackson moon walkin'
The S.L.I.M.E. army tool shopping
Me a horny goat, I'm boolin' at the bull stop
No I can't get arrested cause I'm talkin' bout my necklace
I'mma put that bitch in the buck, I'm a dog, let's get stuck
My lil' sister Dora, eat them Lucky Charms and give me luck
Waddup cus? Here yo' cup, call my Bloods, bring my bup
Your crew suck, don't got bucks, these ain't drugs nigga
That's my best friend, that's my best friend, flexin'
Big ol' booty bitch missus from Texas, what's next is
I'm gon' skeet off, lil nigga come catch me, catch me
And that's my bestie, my bestie, my best friend, go best friend
Nigga livin' TTG and everything is still on fleek
Bad bitch rollin' wit' me, she gon' smile cause she on fleek
Hundred thousand dollars inside my pants, my shit on fleek
Hey-yeah!",1
Young Thug,Trap,Tz6OUIjtM6E,Young Thug &quot;Best Friend&quot;,Young Thug,🧑🏽‍🦱what,1
Young Thug,Trap,Tz6OUIjtM6E,Young Thug &quot;Best Friend&quot;,Young Thug,2026,0
Young Thug,Trap,Tz6OUIjtM6E,Young Thug &quot;Best Friend&quot;,Young Thug,2026 I'm here sorry I can't help it 🔥 🎉,0
Young Thug,Trap,Tz6OUIjtM6E,Young Thug &quot;Best Friend&quot;,Young Thug,I'm here.,8
Young Thug,Trap,Tz6OUIjtM6E,Young Thug &quot;Best Friend&quot;,Young Thug,"Anyone 2026 match 
Love from india 🤍🤍 🇮🇳 


This song still 🔥🔥🔜 
Relevant to this day amazing music 🎶🎵🎵",0
Young Thug,Trap,Tz6OUIjtM6E,Young Thug &quot;Best Friend&quot;,Young Thug,2026 anyone 🔥,0
Young Thug,Trap,Tz6OUIjtM6E,Young Thug &quot;Best Friend&quot;,Young Thug,SWAGANOMENTRYY,2
Young Thug,Trap,Tz6OUIjtM6E,Young Thug &quot;Best Friend&quot;,Young Thug,16.3.26❤😊,0
Young Thug,Trap,Tz6OUIjtM6E,Young Thug &quot;Best Friend&quot;,Young Thug,This is one of those generational things you just had to be there for. It was so stupid even at the time but slapped so hard. How the fuck have we fallen so hard,0
Young Thug,Trap,Tz6OUIjtM6E,Young Thug &quot;Best Friend&quot;,Young Thug,man how can you listen to this and not think thug is the goat,1
Young Thug,Trap,Tz6OUIjtM6E,Young Thug &quot;Best Friend&quot;,Young Thug,❤we not dancing wit our nihgaz in the night time,0
Young Thug,Trap,Tz6OUIjtM6E,Young Thug &quot;Best Friend&quot;,Young Thug,Tokyo love you girl but my boy done the biz,0
Young Thug,Trap,Tz6OUIjtM6E,Young Thug &quot;Best Friend&quot;,Young Thug,Young thug prime,0
Young Thug,Trap,Tz6OUIjtM6E,Young Thug &quot;Best Friend&quot;,Young Thug,can't believe it's 10 years ago already,0
Young Thug,Trap,Tz6OUIjtM6E,Young Thug &quot;Best Friend&quot;,Young Thug,yoo the dancers so tuff🎉🎉❤❤,1
Young Thug,Trap,Tz6OUIjtM6E,Young Thug &quot;Best Friend&quot;,Young Thug,Had a dude on top of em haha yal niggas gay af,1
Young Thug,Trap,Tz6OUIjtM6E,Young Thug &quot;Best Friend&quot;,Young Thug,Georgia bulldogs Hawks Falcons Georgia Tech Georgia State Albany Valdosta Kennesaw State Georgia Aquarium Georgia Children's Museum,0
Young Thug,Trap,Tz6OUIjtM6E,Young Thug &quot;Best Friend&quot;,Young Thug,Vid stil tuff till this day,1
Young Thug,Trap,Tz6OUIjtM6E,Young Thug &quot;Best Friend&quot;,Young Thug,I done cut down on the lean im on that henn ducea,2
Young Thug,Trap,Tz6OUIjtM6E,Young Thug &quot;Best Friend&quot;,Young Thug,If you eva find em betta keep em,2
Young Thug,Trap,Tz6OUIjtM6E,Young Thug &quot;Best Friend&quot;,Young Thug,Thugga yeah ysl for life fukk you your best friend mama father and everything else,0
Young Thug,Trap,Tz6OUIjtM6E,Young Thug &quot;Best Friend&quot;,Young Thug,wth us attorney,0
Young Thug,Trap,Tz6OUIjtM6E,Young Thug &quot;Best Friend&quot;,Young Thug,10 years ago we discussed the election,0
Young Thug,Trap,Tz6OUIjtM6E,Young Thug &quot;Best Friend&quot;,Young Thug,That boy went crazy,1
Young Thug,Trap,Tz6OUIjtM6E,Young Thug &quot;Best Friend&quot;,Young Thug,🐐🤴🏾🦍😮‍💨🌹,1
Young Thug,Trap,Tz6OUIjtM6E,Young Thug &quot;Best Friend&quot;,Young Thug,2026 bihhh still  hard af!!!,0
Young Thug,Trap,Tz6OUIjtM6E,Young Thug &quot;Best Friend&quot;,Young Thug,Hot boys 4 life,0
Young Thug,Trap,Tz6OUIjtM6E,Young Thug &quot;Best Friend&quot;,Young Thug,who’s still here listening to this song?,1
Young Thug,Trap,Tz6OUIjtM6E,Young Thug &quot;Best Friend&quot;,Young Thug,Song go 🚶‍♀️ hard 😮😮😮😮,1
Young Thug,Trap,Tz6OUIjtM6E,Young Thug &quot;Best Friend&quot;,Young Thug,I swear this is also in my top 5 by thug and been my favorite song since I first heard it back in the day I still play this all the time also this is exactly why hes still a legend and my favorite artist his music is incredible awesome and amazing man 😂🔥🔥🔥🐐💯absolute classic no question,18
Young Thug,Trap,Tz6OUIjtM6E,Young Thug &quot;Best Friend&quot;,Young Thug,2026 anyone?,3
Young Thug,Trap,Tz6OUIjtM6E,Young Thug &quot;Best Friend&quot;,Young Thug,0:44,0
Young Thug,Trap,Tz6OUIjtM6E,Young Thug &quot;Best Friend&quot;,Young Thug,2026,1
Young Thug,Trap,Tz6OUIjtM6E,Young Thug &quot;Best Friend&quot;,Young Thug,I m haïtian yong thug my gang préféré,2
Young Thug,Trap,Tz6OUIjtM6E,Young Thug &quot;Best Friend&quot;,Young Thug,My.  Wowo.          Hame. No. Kids. Ou t.   My. Wowo.      Fat.  Cat.  Neen.    No.     1.   ..hand    far. Fat.        .cat.    my. Wo wo....to to. My  need. No.   1. Cat 🐈,0
Young Thug,Trap,Tz6OUIjtM6E,Young Thug &quot;Best Friend&quot;,Young Thug,2026?,1
Young Thug,Trap,Tz6OUIjtM6E,Young Thug &quot;Best Friend&quot;,Young Thug,Catherine.  Here. Me.    Just. Me.   Hare.       🐈,0
Young Thug,Trap,Tz6OUIjtM6E,Young Thug &quot;Best Friend&quot;,Young Thug,THATS MY BESTIE,0
Young Thug,Trap,Tz6OUIjtM6E,Young Thug &quot;Best Friend&quot;,Young Thug,if u was a teenager durin the 2010s listenin to thugga felt like watching Jordan in the 90s,0
Young Thug,Trap,Tz6OUIjtM6E,Young Thug &quot;Best Friend&quot;,Young Thug,Best friend forever,1
Young Thug,Trap,Tz6OUIjtM6E,Young Thug &quot;Best Friend&quot;,Young Thug,March/2026 ❤,1
Young Thug,Trap,Tz6OUIjtM6E,Young Thug &quot;Best Friend&quot;,Young Thug,HeyeaaaaaaAaaAAAAAAAAH,0
Young Thug,Trap,Tz6OUIjtM6E,Young Thug &quot;Best Friend&quot;,Young Thug,2030 here,0
Young Thug,Trap,Tz6OUIjtM6E,Young Thug &quot;Best Friend&quot;,Young Thug,Swagnometria,0
Young Thug,Trap,Tz6OUIjtM6E,Young Thug &quot;Best Friend&quot;,Young Thug,Let's. Get it  better  yall. That. It  thst alll. WAKE   YAll.  My opinion,1
Young Thug,Trap,Tz6OUIjtM6E,Young Thug &quot;Best Friend&quot;,Young Thug,Whoopty dooo,0
Young Thug,Trap,Tz6OUIjtM6E,Young Thug &quot;Best Friend&quot;,Young Thug,💩💩💩🍀💩🍀😊,0
Young Thug,Trap,Tz6OUIjtM6E,Young Thug &quot;Best Friend&quot;,Young Thug,Swaganometry,2
Young Thug,Trap,Tz6OUIjtM6E,Young Thug &quot;Best Friend&quot;,Young Thug,2026 any body?,0
Young Thug,Trap,Tz6OUIjtM6E,Young Thug &quot;Best Friend&quot;,Young Thug,My lil sista dora eat them lucky charms and give me luck🍀,0
Young Thug,Trap,Tz6OUIjtM6E,Young Thug &quot;Best Friend&quot;,Young Thug,"Just about to tattoo "" swaganometry"" on my leg and thought ide have a go at this song again banger 🤞",0
Young Thug,Trap,Tz6OUIjtM6E,Young Thug &quot;Best Friend&quot;,Young Thug,BAD BITCH ROLLING WITH ME SHE GON SMILE CAUSE SHE ON FLEEEEEK 🗣️,0
Young Thug,Trap,Tz6OUIjtM6E,Young Thug &quot;Best Friend&quot;,Young Thug,What is the girl scream sound effect used at like 0:15 called or what other songs did he put it in I got one stuck in my head just can’t figure out the title lol.,1
Young Thug,Trap,Tz6OUIjtM6E,Young Thug &quot;Best Friend&quot;,Young Thug,Hold up why isn't the the cancel culture that f**** with me f****** with him he doing white face i can't get away with black face why is no one saying that sht come on !,0
Young Thug,Trap,Tz6OUIjtM6E,Young Thug &quot;Best Friend&quot;,Young Thug,"I feel like a time traveler right now 😢😅❤



2026 let gather here",1
Young Thug,Trap,Tz6OUIjtM6E,Young Thug &quot;Best Friend&quot;,Young Thug,it 2026 and still here any one with me?,4
Young Thug,Trap,Tz6OUIjtM6E,Young Thug &quot;Best Friend&quot;,Young Thug,🎉🎉 7:45 P.M. 🎉 FEBRUARY 25TH 2026 🎉,0
Young Thug,Trap,Tz6OUIjtM6E,Young Thug &quot;Best Friend&quot;,Young Thug,Yo,0
Young Thug,Trap,Tz6OUIjtM6E,Young Thug &quot;Best Friend&quot;,Young Thug,GOAT,0
Young Thug,Trap,Tz6OUIjtM6E,Young Thug &quot;Best Friend&quot;,Young Thug,Believe Jesus Christ word of God God in the flesh who came down to earth to die for our sins and rose again on the third day beating Satan death and hell. Believe this and u r guaranteed heaven,1
Young Thug,Trap,Tz6OUIjtM6E,Young Thug &quot;Best Friend&quot;,Young Thug,What meme aint hti vu Luxembourg knwo gi I man because leade fod royal guard yws,0
Young Thug,Trap,Tz6OUIjtM6E,Young Thug &quot;Best Friend&quot;,Young Thug,2026 ?,1
Young Thug,Trap,Tz6OUIjtM6E,Young Thug &quot;Best Friend&quot;,Young Thug,Likeeee a bumblebeeeeeeeeeeeeeeeeeeeeeeeeeeeeeee,0
Young Thug,Trap,Tz6OUIjtM6E,Young Thug &quot;Best Friend&quot;,Young Thug,ISSO ERA O TRAP MEU FILHO,0
Young Thug,Trap,Tz6OUIjtM6E,Young Thug &quot;Best Friend&quot;,Young Thug,Don’t do it,0
Young Thug,Trap,Tz6OUIjtM6E,Young Thug &quot;Best Friend&quot;,Young Thug,🔥🔥🔥🔥,1
Young Thug,Trap,Tz6OUIjtM6E,Young Thug &quot;Best Friend&quot;,Young Thug,Yo,0
Young Thug,Trap,Tz6OUIjtM6E,Young Thug &quot;Best Friend&quot;,Young Thug,Yo,0
Young Thug,Trap,Tz6OUIjtM6E,Young Thug &quot;Best Friend&quot;,Young Thug,Yo,0
Young Thug,Trap,Tz6OUIjtM6E,Young Thug &quot;Best Friend&quot;,Young Thug,Yo,0
Young Thug,Trap,Tz6OUIjtM6E,Young Thug &quot;Best Friend&quot;,Young Thug,Keep your self in hell Mesa your self,0
Young Thug,Trap,Tz6OUIjtM6E,Young Thug &quot;Best Friend&quot;,Young Thug,Keep me posted out of hell,0
Young Thug,Trap,Tz6OUIjtM6E,Young Thug &quot;Best Friend&quot;,Young Thug,need a Choppa? Nah just play juicy j #Tgod,0
Young Thug,Trap,Tz6OUIjtM6E,Young Thug &quot;Best Friend&quot;,Young Thug,20 hearing this at the club in chicago. Im 32 still hear this at 2am dj knows thats best friend,1
Young Thug,Trap,Tz6OUIjtM6E,Young Thug &quot;Best Friend&quot;,Young Thug,1:00,1
Young Thug,Trap,Tz6OUIjtM6E,Young Thug &quot;Best Friend&quot;,Young Thug,Yo,0
Young Thug,Trap,Tz6OUIjtM6E,Young Thug &quot;Best Friend&quot;,Young Thug,Yo,0
Young Thug,Trap,Tz6OUIjtM6E,Young Thug &quot;Best Friend&quot;,Young Thug,THUG  WHAT'S UP  I AM HERE,2
Young Thug,Trap,Tz6OUIjtM6E,Young Thug &quot;Best Friend&quot;,Young Thug,JBL.   JESUS BLOOD LIVES ONLY,1
Young Thug,Trap,Tz6OUIjtM6E,Young Thug &quot;Best Friend&quot;,Young Thug,AWARDS OWE TO U ALL,1
Young Thug,Trap,Tz6OUIjtM6E,Young Thug &quot;Best Friend&quot;,Young Thug,This a buckhead/north Atlanta backyard if I ever seen one.  Equipped with the woods leading down to a lake. Shout out to thug. I pass by his old crib on roxboro by Lenox all the time.,0
Young Thug,Trap,Tz6OUIjtM6E,Young Thug &quot;Best Friend&quot;,Young Thug,🔥🔥🔥🔥🔥🔥🔥,0
Young Thug,Trap,Tz6OUIjtM6E,Young Thug &quot;Best Friend&quot;,Young Thug,Their you are with the gun playing with the son,0
Young Thug,Trap,Tz6OUIjtM6E,Young Thug &quot;Best Friend&quot;,Young Thug,"What's truly sad is that there's a whole generation that has no idea of what music, melody, singing or lyrics are. There is not one ounce of talent whatsoever in this so called song & artist.",0
Young Thug,Trap,Tz6OUIjtM6E,Young Thug &quot;Best Friend&quot;,Young Thug,i love you young thug,1
Young Thug,Trap,Tz6OUIjtM6E,Young Thug &quot;Best Friend&quot;,Young Thug,2026??,0
Young Thug,Trap,Tz6OUIjtM6E,Young Thug &quot;Best Friend&quot;,Young Thug,Anyone else in February 2026,1
Young Thug,Trap,Tz6OUIjtM6E,Young Thug &quot;Best Friend&quot;,Young Thug,Yo,0
Young Thug,Trap,Tz6OUIjtM6E,Young Thug &quot;Best Friend&quot;,Young Thug,Yo,0
Young Thug,Trap,leJNDpm_G10,Young Thug - Hot ft. Gunna &amp; Travis Scott [Official Music Video],Young Thug,❤❤❤❤,0
Young Thug,Trap,leJNDpm_G10,Young Thug - Hot ft. Gunna &amp; Travis Scott [Official Music Video],Young Thug,So much memories with this song,0
Young Thug,Trap,leJNDpm_G10,Young Thug - Hot ft. Gunna &amp; Travis Scott [Official Music Video],Young Thug,😅 I will not come back tomorrow morning 😊,0
Young Thug,Trap,leJNDpm_G10,Young Thug - Hot ft. Gunna &amp; Travis Scott [Official Music Video],Young Thug,He really kick the door meng. i'm still hot yo 🔥 🔥,0
Young Thug,Trap,leJNDpm_G10,Young Thug - Hot ft. Gunna &amp; Travis Scott [Official Music Video],Young Thug,It’s lit,0
Young Thug,Trap,leJNDpm_G10,Young Thug - Hot ft. Gunna &amp; Travis Scott [Official Music Video],Young Thug,Ils font ça expres acruellement,0
Young Thug,Trap,leJNDpm_G10,Young Thug - Hot ft. Gunna &amp; Travis Scott [Official Music Video],Young Thug,The legendary meme,0
Young Thug,Trap,leJNDpm_G10,Young Thug - Hot ft. Gunna &amp; Travis Scott [Official Music Video],Young Thug,Travis scott got the best verse,0
Young Thug,Trap,leJNDpm_G10,Young Thug - Hot ft. Gunna &amp; Travis Scott [Official Music Video],Young Thug,Who’s here after the news of tay keith’s death?,2
Young Thug,Trap,leJNDpm_G10,Young Thug - Hot ft. Gunna &amp; Travis Scott [Official Music Video],Young Thug,R.I.P tay Keith from japan,3
Young Thug,Trap,leJNDpm_G10,Young Thug - Hot ft. Gunna &amp; Travis Scott [Official Music Video],Young Thug,R.i.p tay Keith 🕊️🕊️,7
Young Thug,Trap,leJNDpm_G10,Young Thug - Hot ft. Gunna &amp; Travis Scott [Official Music Video],Young Thug,Rip tay keith,1
Young Thug,Trap,leJNDpm_G10,Young Thug - Hot ft. Gunna &amp; Travis Scott [Official Music Video],Young Thug,Young thug Life❤❤❤,0
Young Thug,Trap,leJNDpm_G10,Young Thug - Hot ft. Gunna &amp; Travis Scott [Official Music Video],Young Thug,😮😮😮😮😮❤❤,0
Young Thug,Trap,leJNDpm_G10,Young Thug - Hot ft. Gunna &amp; Travis Scott [Official Music Video],Young Thug,geyest chemistry between thug and trav,0
Young Thug,Trap,leJNDpm_G10,Young Thug - Hot ft. Gunna &amp; Travis Scott [Official Music Video],Young Thug,3.30 the finał boss is aproaching,0
Young Thug,Trap,leJNDpm_G10,Young Thug - Hot ft. Gunna &amp; Travis Scott [Official Music Video],Young Thug,Qui est là en 2026,2
Young Thug,Trap,leJNDpm_G10,Young Thug - Hot ft. Gunna &amp; Travis Scott [Official Music Video],Young Thug,2026,0
Young Thug,Trap,leJNDpm_G10,Young Thug - Hot ft. Gunna &amp; Travis Scott [Official Music Video],Young Thug,the song is fire,0
Young Thug,Trap,leJNDpm_G10,Young Thug - Hot ft. Gunna &amp; Travis Scott [Official Music Video],Young Thug,"""Travis Scott translation is the hard one""",0
Young Thug,Trap,leJNDpm_G10,Young Thug - Hot ft. Gunna &amp; Travis Scott [Official Music Video],Young Thug,still hot,2
Young Thug,Trap,leJNDpm_G10,Young Thug - Hot ft. Gunna &amp; Travis Scott [Official Music Video],Young Thug,Yessss sirrrrr,0
Young Thug,Trap,leJNDpm_G10,Young Thug - Hot ft. Gunna &amp; Travis Scott [Official Music Video],Young Thug,"June 15,2026",0
Young Thug,Trap,leJNDpm_G10,Young Thug - Hot ft. Gunna &amp; Travis Scott [Official Music Video],Young Thug,4:25 Danm 🤫😂,0
Young Thug,Trap,leJNDpm_G10,Young Thug - Hot ft. Gunna &amp; Travis Scott [Official Music Video],Young Thug,3:21⚔️⚔️,0
Young Thug,Trap,leJNDpm_G10,Young Thug - Hot ft. Gunna &amp; Travis Scott [Official Music Video],Young Thug,Hot,3
Young Thug,Trap,leJNDpm_G10,Young Thug - Hot ft. Gunna &amp; Travis Scott [Official Music Video],Young Thug,Hi,0
Young Thug,Trap,leJNDpm_G10,Young Thug - Hot ft. Gunna &amp; Travis Scott [Official Music Video],Young Thug,!!!!!!!!!!!!!!!!!!!!!!!!!!!!!!!!!!!!!,0
Young Thug,Trap,leJNDpm_G10,Young Thug - Hot ft. Gunna &amp; Travis Scott [Official Music Video],Young Thug,Young 🌱,0
Young Thug,Trap,leJNDpm_G10,Young Thug - Hot ft. Gunna &amp; Travis Scott [Official Music Video],Young Thug,Travis scott licking his licks 90% of his screen time on the music videa,0
Young Thug,Trap,leJNDpm_G10,Young Thug - Hot ft. Gunna &amp; Travis Scott [Official Music Video],Young Thug,That still be my Summer 2026 anthem,0
Young Thug,Trap,leJNDpm_G10,Young Thug - Hot ft. Gunna &amp; Travis Scott [Official Music Video],Young Thug,GTA ahh song,0
Young Thug,Trap,leJNDpm_G10,Young Thug - Hot ft. Gunna &amp; Travis Scott [Official Music Video],Young Thug,Something like badness,0
Young Thug,Trap,leJNDpm_G10,Young Thug - Hot ft. Gunna &amp; Travis Scott [Official Music Video],Young Thug,How much for the Trio to perform this heat 🥵,0
Young Thug,Trap,leJNDpm_G10,Young Thug - Hot ft. Gunna &amp; Travis Scott [Official Music Video],Young Thug,GTA ahh song,0
Young Thug,Trap,leJNDpm_G10,Young Thug - Hot ft. Gunna &amp; Travis Scott [Official Music Video],Young Thug,🗣️Haaa haaaa haaa haaaaa,0
Young Thug,Trap,leJNDpm_G10,Young Thug - Hot ft. Gunna &amp; Travis Scott [Official Music Video],Young Thug,Gunna be like - calm - aura farming - ego & low sound  ✌️,0
Young Thug,Trap,leJNDpm_G10,Young Thug - Hot ft. Gunna &amp; Travis Scott [Official Music Video],Young Thug,"Smart kids doing their thing lol ,I just find my heart's desire falling ❤❤❤❤❤dwang",0
Young Thug,Trap,leJNDpm_G10,Young Thug - Hot ft. Gunna &amp; Travis Scott [Official Music Video],Young Thug,Bpp whole some 🎉🎉🎉,0
Young Thug,Trap,leJNDpm_G10,Young Thug - Hot ft. Gunna &amp; Travis Scott [Official Music Video],Young Thug,What’s up,0
Young Thug,Trap,leJNDpm_G10,Young Thug - Hot ft. Gunna &amp; Travis Scott [Official Music Video],Young Thug,Yoooooooo,0
Young Thug,Trap,leJNDpm_G10,Young Thug - Hot ft. Gunna &amp; Travis Scott [Official Music Video],Young Thug,A braba,0
Young Thug,Trap,leJNDpm_G10,Young Thug - Hot ft. Gunna &amp; Travis Scott [Official Music Video],Young Thug,Well done!,0
Young Thug,Trap,leJNDpm_G10,Young Thug - Hot ft. Gunna &amp; Travis Scott [Official Music Video],Young Thug,Booba feat SDM DOLCE CAMARA????,0
Young Thug,Trap,leJNDpm_G10,Young Thug - Hot ft. Gunna &amp; Travis Scott [Official Music Video],Young Thug,Booba Dolce Camara,0
Young Thug,Trap,leJNDpm_G10,Young Thug - Hot ft. Gunna &amp; Travis Scott [Official Music Video],Young Thug,Anyone come from that EAS hack from Washington or looking this song up after hearing about it,0
Young Thug,Trap,leJNDpm_G10,Young Thug - Hot ft. Gunna &amp; Travis Scott [Official Music Video],Young Thug,Randomly 🍑 🍑 🍑  Throws Ass and Hips I've got issues 🫶😂🤣😂🤦,0
Young Thug,Trap,leJNDpm_G10,Young Thug - Hot ft. Gunna &amp; Travis Scott [Official Music Video],Young Thug,Back again 💥🎇🤯 l,1
Young Thug,Trap,leJNDpm_G10,Young Thug - Hot ft. Gunna &amp; Travis Scott [Official Music Video],Young Thug,"Absolutely insane
No matter how old it was. Can't deny Young Thug  been in his bag since day one, but that AUTHENTIC VIEWS DAWT CAWM boost is on another level! Dude’s literally unstoppable now. 🔥💥",7
Young Thug,Trap,leJNDpm_G10,Young Thug - Hot ft. Gunna &amp; Travis Scott [Official Music Video],Young Thug,"June ,2026 who's still here❤❤❤❤for scott",9
Young Thug,Trap,leJNDpm_G10,Young Thug - Hot ft. Gunna &amp; Travis Scott [Official Music Video],Young Thug,2:07 🤤,1
Young Thug,Trap,leJNDpm_G10,Young Thug - Hot ft. Gunna &amp; Travis Scott [Official Music Video],Young Thug,Young Thig had to kick a door when he was 5 is the biggest lie I’ve ever heard 😂😂😂😂,2
Young Thug,Trap,leJNDpm_G10,Young Thug - Hot ft. Gunna &amp; Travis Scott [Official Music Video],Young Thug,THEM TRUMPET DO SOMETHING TO MY SOUL WHEN IM LIT‼️🔥🚒,2
Young Thug,Trap,leJNDpm_G10,Young Thug - Hot ft. Gunna &amp; Travis Scott [Official Music Video],Young Thug,A priest inform is hell in the all of Psalms sin,0
Young Thug,Trap,leJNDpm_G10,Young Thug - Hot ft. Gunna &amp; Travis Scott [Official Music Video],Young Thug,The worst song I've heard fr,0
Young Thug,Trap,leJNDpm_G10,Young Thug - Hot ft. Gunna &amp; Travis Scott [Official Music Video],Young Thug,You tried to diss got everything locked 🔒🔐,2
Young Thug,Trap,leJNDpm_G10,Young Thug - Hot ft. Gunna &amp; Travis Scott [Official Music Video],Young Thug,This is what sam Smith meant he said said fire on fire,0
Young Thug,Trap,leJNDpm_G10,Young Thug - Hot ft. Gunna &amp; Travis Scott [Official Music Video],Young Thug,"Sorete de musica, pero el meme es el GOAT",0
Young Thug,Trap,leJNDpm_G10,Young Thug - Hot ft. Gunna &amp; Travis Scott [Official Music Video],Young Thug,June 8 2026 anyone ??,0
Young Thug,Trap,leJNDpm_G10,Young Thug - Hot ft. Gunna &amp; Travis Scott [Official Music Video],Young Thug,it really hit different when thug said  🦅 🦅 🦅 while the spotify transcribes it as skrrt,2
Young Thug,Trap,leJNDpm_G10,Young Thug - Hot ft. Gunna &amp; Travis Scott [Official Music Video],Young Thug,Bro this is my favorite song when I was 5 and it is still hitting,1
Young Thug,Trap,leJNDpm_G10,Young Thug - Hot ft. Gunna &amp; Travis Scott [Official Music Video],Young Thug,Lowkey the worst rap,0
Young Thug,Trap,leJNDpm_G10,Young Thug - Hot ft. Gunna &amp; Travis Scott [Official Music Video],Young Thug,holy hell its the original 0:27,0
Young Thug,Trap,leJNDpm_G10,Young Thug - Hot ft. Gunna &amp; Travis Scott [Official Music Video],Young Thug,❤❤,1
Young Thug,Trap,leJNDpm_G10,Young Thug - Hot ft. Gunna &amp; Travis Scott [Official Music Video],Young Thug,HOT,1
Young Thug,Trap,leJNDpm_G10,Young Thug - Hot ft. Gunna &amp; Travis Scott [Official Music Video],Young Thug,They still ain’t paid the source. Rick flair drip can from Richard Francis being attacked by police in graysferry Philadelphia,0
Young Thug,Trap,leJNDpm_G10,Young Thug - Hot ft. Gunna &amp; Travis Scott [Official Music Video],Young Thug,There's no fireman video that will pass what thugga did in this one.... Can't wait for Kendrick's clown a$$ vid,0
Young Thug,Trap,leJNDpm_G10,Young Thug - Hot ft. Gunna &amp; Travis Scott [Official Music Video],Young Thug,Since 2k20,1
Young Thug,Trap,leJNDpm_G10,Young Thug - Hot ft. Gunna &amp; Travis Scott [Official Music Video],Young Thug,Hot..🌶,0
Young Thug,Trap,leJNDpm_G10,Young Thug - Hot ft. Gunna &amp; Travis Scott [Official Music Video],Young Thug,I'd be pissed if the fighter walking rapping doing a scene,1
Young Thug,Trap,leJNDpm_G10,Young Thug - Hot ft. Gunna &amp; Travis Scott [Official Music Video],Young Thug,چه موزیکی بود حاجی🫠🔥👏,1
Young Thug,Trap,leJNDpm_G10,Young Thug - Hot ft. Gunna &amp; Travis Scott [Official Music Video],Young Thug,❤❤,1
Young Thug,Trap,leJNDpm_G10,Young Thug - Hot ft. Gunna &amp; Travis Scott [Official Music Video],Young Thug,Kenya locked in,6
Young Thug,Trap,leJNDpm_G10,Young Thug - Hot ft. Gunna &amp; Travis Scott [Official Music Video],Young Thug,Too active ‘26,2
Young Thug,Trap,leJNDpm_G10,Young Thug - Hot ft. Gunna &amp; Travis Scott [Official Music Video],Young Thug,its like watching the mona lisa being painted,4
Young Thug,Trap,leJNDpm_G10,Young Thug - Hot ft. Gunna &amp; Travis Scott [Official Music Video],Young Thug,🇬🇦😍☺️❤je suis  amoureux de  cette  musique,1
Young Thug,Trap,leJNDpm_G10,Young Thug - Hot ft. Gunna &amp; Travis Scott [Official Music Video],Young Thug,"❤❤❤❤cette  musique  ces un karten
😅😅",0
Young Thug,Trap,leJNDpm_G10,Young Thug - Hot ft. Gunna &amp; Travis Scott [Official Music Video],Young Thug,"😂😢🇬🇦ces en haut 

De ce que  attendent",0
Young Thug,Trap,leJNDpm_G10,Young Thug - Hot ft. Gunna &amp; Travis Scott [Official Music Video],Young Thug,Ces merveilleux ❤😂😮,1
Young Thug,Trap,leJNDpm_G10,Young Thug - Hot ft. Gunna &amp; Travis Scott [Official Music Video],Young Thug,0:29 the gunna writing fire meme,1
Young Thug,Trap,leJNDpm_G10,Young Thug - Hot ft. Gunna &amp; Travis Scott [Official Music Video],Young Thug,0:29 when Shakespeare wrote his first book,2
Young Thug,Trap,leJNDpm_G10,Young Thug - Hot ft. Gunna &amp; Travis Scott [Official Music Video],Young Thug,www,1
Young Thug,Trap,leJNDpm_G10,Young Thug - Hot ft. Gunna &amp; Travis Scott [Official Music Video],Young Thug,Lit Travis Scott 🔥🔥🔥 vers,1
Young Thug,Trap,leJNDpm_G10,Young Thug - Hot ft. Gunna &amp; Travis Scott [Official Music Video],Young Thug,"3rd June 2026.
Where y'all at?",1
Young Thug,Trap,leJNDpm_G10,Young Thug - Hot ft. Gunna &amp; Travis Scott [Official Music Video],Young Thug,June??,1
Young Thug,Trap,leJNDpm_G10,Young Thug - Hot ft. Gunna &amp; Travis Scott [Official Music Video],Young Thug,"#jjba
[ Adam Warlock

5 players : 0s , 2s , 6s , 8s , 10s : Played Simultaneously ]

This in reality so I turned the whole hole off

Skrillex Repeater
Artificial Stands battle
the so unturnt city it will pop up once or twice in the United States then close itself off
... Has the guidelines with a Pennywise call ...
& why I want all these dumb* clowns off the backscatter ID tags and satellite tracking systems

according to the timeline we're in jojolion

======
======
[ -> 0s, 24s, 42s : played Simultaneously
Plan B and Bananarama ]

To get people really fighting
This is the plasmon knot tied to yo momma
that starts all life

You won't need plan B anymore you'll only need a light tweezer beam and a night night forever light

... Now turn it to Japanese so I can give you the whole Calligraphy and Pictogram art ...
this is also for some shiddy sentient life : A computer out competes it all the time.


... This is on a raytheon
synthetic graphics card ... 
before I go into photonic surgery with solenoid symphony
which doesn't mean what you think it means

===
===
[ vision and wonderman
4 players : 0s, ~0.1s, 89s, 98s : played simultaneously ]

Sexagesimal systems to catch hexidecimal systems
... Catching information on the first torpedo ever launched by a server & trying to supernaut the first USSR satellites

Recovering Data Systems that seem lost in decoherence & creating a learning machine to fill in the lost file knots
... lists skyrmions and some hyperbole

NOTE : Marvel side has a lot on Vibranium and Stark's hidden contracts to compromise anyone who has it outside of Wakanda
Wade gets hired a lot for these since he agrees to release Hangar 18 documents directly to him

===
===
[ -> 3 players : 0s, 64s, 80s : Played Simultaneously 
More likely Black Widow combined with Church Turing Thesis ]
Belladonna and Treeseason Shell for API
so they can fix themselves & start removing Driver programming
Qubit decoherence shows up here with some Archimedes knot",0
Young Thug,Trap,leJNDpm_G10,Young Thug - Hot ft. Gunna &amp; Travis Scott [Official Music Video],Young Thug,❤❤❤,0
Young Thug,Trap,leJNDpm_G10,Young Thug - Hot ft. Gunna &amp; Travis Scott [Official Music Video],Young Thug,who still here listening to this song 2026.....Gunna verse still fresh AF,0
Young Thug,Trap,leJNDpm_G10,Young Thug - Hot ft. Gunna &amp; Travis Scott [Official Music Video],Young Thug,Cartier eye...,0
Young Thug,Trap,leJNDpm_G10,Young Thug - Hot ft. Gunna &amp; Travis Scott [Official Music Video],Young Thug,Odell line hit different now 🔥🔥🔥,0
Young Thug,Trap,leJNDpm_G10,Young Thug - Hot ft. Gunna &amp; Travis Scott [Official Music Video],Young Thug,Fan,0
Young Thug,Trap,leJNDpm_G10,Young Thug - Hot ft. Gunna &amp; Travis Scott [Official Music Video],Young Thug,"This entire music video is literally just the ""This is fine"" meme",0
Young Thug,Trap,leJNDpm_G10,Young Thug - Hot ft. Gunna &amp; Travis Scott [Official Music Video],Young Thug,Gave me a fake at first,0
Young Thug,Trap,leJNDpm_G10,Young Thug - Hot ft. Gunna &amp; Travis Scott [Official Music Video],Young Thug,🎉 hot,1
Young Thug,Trap,leJNDpm_G10,Young Thug - Hot ft. Gunna &amp; Travis Scott [Official Music Video],Young Thug,Все кабаны на месте,0
Young Thug,Trap,leJNDpm_G10,Young Thug - Hot ft. Gunna &amp; Travis Scott [Official Music Video],Young Thug,Travis scott 💪,0
Young Thug,Trap,leJNDpm_G10,Young Thug - Hot ft. Gunna &amp; Travis Scott [Official Music Video],Young Thug,Ces le tage❤❤❤,0
Young Thug,Trap,leJNDpm_G10,Young Thug - Hot ft. Gunna &amp; Travis Scott [Official Music Video],Young Thug,😂😮🎉🎉,0
Young Thug,Trap,leJNDpm_G10,Young Thug - Hot ft. Gunna &amp; Travis Scott [Official Music Video],Young Thug,Man of the match in this song it deserves young thug 😂👌👐,1
Young Thug,Trap,leJNDpm_G10,Young Thug - Hot ft. Gunna &amp; Travis Scott [Official Music Video],Young Thug,hhhhhhhh,0
Young Thug,Trap,leJNDpm_G10,Young Thug - Hot ft. Gunna &amp; Travis Scott [Official Music Video],Young Thug,"MONEY MOTI 
GORI NAAR
KAALI GADDI 
KALA MAAL


BSS EHO CHAHIDA YRR🔥🔥",0
Young Thug,Trap,leJNDpm_G10,Young Thug - Hot ft. Gunna &amp; Travis Scott [Official Music Video],Young Thug,❤❤,0
Young Thug,Trap,leJNDpm_G10,Young Thug - Hot ft. Gunna &amp; Travis Scott [Official Music Video],Young Thug,Anyone today???,72
Young Thug,Trap,leJNDpm_G10,Young Thug - Hot ft. Gunna &amp; Travis Scott [Official Music Video],Young Thug,This music video hard asf😭,5
Young Thug,Trap,leJNDpm_G10,Young Thug - Hot ft. Gunna &amp; Travis Scott [Official Music Video],Young Thug,When I heard that song for the first time nee it got me crazy 😇🥶🥶,1
Young Thug,Trap,leJNDpm_G10,Young Thug - Hot ft. Gunna &amp; Travis Scott [Official Music Video],Young Thug,3:13 the most beautiful part is coming baby🔥🔥🔥Travis is coming baby❤️‍🔥❤️‍🔥❤️‍🔥,0
Young Thug,Trap,leJNDpm_G10,Young Thug - Hot ft. Gunna &amp; Travis Scott [Official Music Video],Young Thug,"Anyone this month ?
Can't deny Young Thug been in his bag since day one, but that AUTHENTIC VIEWS DAWT CAWM boost is on another level! Dude’s literally unstoppable now. 🔥💥",4
Young Thug,Trap,leJNDpm_G10,Young Thug - Hot ft. Gunna &amp; Travis Scott [Official Music Video],Young Thug,I can't understand what the hell Thug is saying but I still vibe to his verse like crazy,2
Young Thug,Trap,leJNDpm_G10,Young Thug - Hot ft. Gunna &amp; Travis Scott [Official Music Video],Young Thug,Booba instru dolce camara,0
Young Thug,Trap,leJNDpm_G10,Young Thug - Hot ft. Gunna &amp; Travis Scott [Official Music Video],Young Thug,❤❤❤❤,0
Young Thug,Trap,leJNDpm_G10,Young Thug - Hot ft. Gunna &amp; Travis Scott [Official Music Video],Young Thug,2026 still hot,0
Young Thug,Trap,leJNDpm_G10,Young Thug - Hot ft. Gunna &amp; Travis Scott [Official Music Video],Young Thug,Middle of 2026 crew wya🔥,0
Young Thug,Trap,leJNDpm_G10,Young Thug - Hot ft. Gunna &amp; Travis Scott [Official Music Video],Young Thug,Juntaram os melhores do planeta,1
Young Thug,Trap,leJNDpm_G10,Young Thug - Hot ft. Gunna &amp; Travis Scott [Official Music Video],Young Thug,"""Travis você tem apenas 60 segundos""
Travis: 3:32",0
Young Thug,Trap,leJNDpm_G10,Young Thug - Hot ft. Gunna &amp; Travis Scott [Official Music Video],Young Thug,Fire,0
Young Thug,Trap,leJNDpm_G10,Young Thug - Hot ft. Gunna &amp; Travis Scott [Official Music Video],Young Thug,hello gunna,0
Young Thug,Trap,leJNDpm_G10,Young Thug - Hot ft. Gunna &amp; Travis Scott [Official Music Video],Young Thug,Greatest music video oat,5
Young Thug,Trap,leJNDpm_G10,Young Thug - Hot ft. Gunna &amp; Travis Scott [Official Music Video],Young Thug,Yooooo THUG KILLED IT ON THE VERSE.👏👏👏👏😎,2
Young Thug,Trap,leJNDpm_G10,Young Thug - Hot ft. Gunna &amp; Travis Scott [Official Music Video],Young Thug,We need to give Thug a (pass)!?,0
Young Thug,Trap,leJNDpm_G10,Young Thug - Hot ft. Gunna &amp; Travis Scott [Official Music Video],Young Thug,Thug deserves[ PASS],0
Young Thug,Trap,leJNDpm_G10,Young Thug - Hot ft. Gunna &amp; Travis Scott [Official Music Video],Young Thug,still hot like yesterday,0
Young Thug,Trap,leJNDpm_G10,Young Thug - Hot ft. Gunna &amp; Travis Scott [Official Music Video],Young Thug,2026 we up still,12
Young Thug,Trap,leJNDpm_G10,Young Thug - Hot ft. Gunna &amp; Travis Scott [Official Music Video],Young Thug,Скажи по-русски.,0
Young Thug,Trap,leJNDpm_G10,Young Thug - Hot ft. Gunna &amp; Travis Scott [Official Music Video],Young Thug,Perfect song in GTA5,3
Young Thug,Trap,leJNDpm_G10,Young Thug - Hot ft. Gunna &amp; Travis Scott [Official Music Video],Young Thug,The creativity?! 🎉😂❤,0
Young Thug,Trap,leJNDpm_G10,Young Thug - Hot ft. Gunna &amp; Travis Scott [Official Music Video],Young Thug,it's hot  🔥🔥,0
Young Thug,Trap,leJNDpm_G10,Young Thug - Hot ft. Gunna &amp; Travis Scott [Official Music Video],Young Thug,"Thug said he kicked the door when he was 5y, to make this fire for sure",0
Young Thug,Trap,leJNDpm_G10,Young Thug - Hot ft. Gunna &amp; Travis Scott [Official Music Video],Young Thug,Still hot 🔥,0
Young Thug,Trap,leJNDpm_G10,Young Thug - Hot ft. Gunna &amp; Travis Scott [Official Music Video],Young Thug,That Song is in gta 5 ifruit radio,1
Young Thug,Trap,leJNDpm_G10,Young Thug - Hot ft. Gunna &amp; Travis Scott [Official Music Video],Young Thug,Kazakhstan 🇰🇿,2
Young Thug,Trap,leJNDpm_G10,Young Thug - Hot ft. Gunna &amp; Travis Scott [Official Music Video],Young Thug,I'm right here,1
Young Thug,Trap,leJNDpm_G10,Young Thug - Hot ft. Gunna &amp; Travis Scott [Official Music Video],Young Thug,The beat on this waaay too harddd,3
Young Thug,Trap,leJNDpm_G10,Young Thug - Hot ft. Gunna &amp; Travis Scott [Official Music Video],Young Thug,All of UK now 30° heatwave ya dunnooooo 🏄,4
Young Thug,Trap,leJNDpm_G10,Young Thug - Hot ft. Gunna &amp; Travis Scott [Official Music Video],Young Thug,The landlord was standing outside when they made this shit...,1
Young Thug,Trap,leJNDpm_G10,Young Thug - Hot ft. Gunna &amp; Travis Scott [Official Music Video],Young Thug,I love when this comes on in gta 😮‍💨🔥,1
Young Thug,Trap,leJNDpm_G10,Young Thug - Hot ft. Gunna &amp; Travis Scott [Official Music Video],Young Thug,"It was just the numbers, I tell you it’s not.",1
Young Thug,Trap,leJNDpm_G10,Young Thug - Hot ft. Gunna &amp; Travis Scott [Official Music Video],Young Thug,0:29 history was made,4
Young Thug,Trap,leJNDpm_G10,Young Thug - Hot ft. Gunna &amp; Travis Scott [Official Music Video],Young Thug,"2 Corinthians 5:7 (KJV)  (For we walk by faith, not by sight:) lust is dangerous brothers and sisters.",4
Young Thug,Trap,leJNDpm_G10,Young Thug - Hot ft. Gunna &amp; Travis Scott [Official Music Video],Young Thug,😂😂😂😊,0
Young Thug,Trap,leJNDpm_G10,Young Thug - Hot ft. Gunna &amp; Travis Scott [Official Music Video],Young Thug,"ts was made 6 yrs ago and still my fav song on repeat, one of the only songs that got me jackin my head back and forth",0
Young Thug,Trap,leJNDpm_G10,Young Thug - Hot ft. Gunna &amp; Travis Scott [Official Music Video],Young Thug,From Tanzania 🇹🇿  (East Afica)   We love you Young Thug  every day  I listen ua 🎶,7
Young Thug,Trap,leJNDpm_G10,Young Thug - Hot ft. Gunna &amp; Travis Scott [Official Music Video],Young Thug,"I'm just enjoying everything ""bout this Master piece ❤",1
Young Thug,Trap,leJNDpm_G10,Young Thug - Hot ft. Gunna &amp; Travis Scott [Official Music Video],Young Thug,"""Vivan los travestis de zona sur""",0
Young Thug,Trap,leJNDpm_G10,Young Thug - Hot ft. Gunna &amp; Travis Scott [Official Music Video],Young Thug,GTA still bringing me here,2
Young Thug,Trap,leJNDpm_G10,Young Thug - Hot ft. Gunna &amp; Travis Scott [Official Music Video],Young Thug,GTA 5,0
Young Thug,Trap,leJNDpm_G10,Young Thug - Hot ft. Gunna &amp; Travis Scott [Official Music Video],Young Thug,Best move huh 🎉❤😊😂,0
Young Thug,Trap,leJNDpm_G10,Young Thug - Hot ft. Gunna &amp; Travis Scott [Official Music Video],Young Thug,0:57,2
Young Thug,Trap,leJNDpm_G10,Young Thug - Hot ft. Gunna &amp; Travis Scott [Official Music Video],Young Thug,"This Hot, Why, Do I love this so much? This like Drum Line banging those drums and playing the drumline

I took the Bentley coupe back,
then I hopped in a Cayenne (Skrrt)


""I had to kick the door when I was 5.""",0
Young Thug,Trap,leJNDpm_G10,Young Thug - Hot ft. Gunna &amp; Travis Scott [Official Music Video],Young Thug,This official video is so funny 🤣😂😂😂😂😂😂😂😂😂😂😂😂😂😂😂😂😂😂😂😂,0
Young Thug,Trap,leJNDpm_G10,Young Thug - Hot ft. Gunna &amp; Travis Scott [Official Music Video],Young Thug,Damned that kill ́all’́'’❤,0
Young Thug,Trap,leJNDpm_G10,Young Thug - Hot ft. Gunna &amp; Travis Scott [Official Music Video],Young Thug,Gunna bodying LaFlame in a song called HOT gotta be studied,0
Young Thug,Trap,leJNDpm_G10,Young Thug - Hot ft. Gunna &amp; Travis Scott [Official Music Video],Young Thug,🔥🔥🔥🔥🔥,1
Young Thug,Trap,leJNDpm_G10,Young Thug - Hot ft. Gunna &amp; Travis Scott [Official Music Video],Young Thug,Milk and cookies,0
Young Thug,Trap,leJNDpm_G10,Young Thug - Hot ft. Gunna &amp; Travis Scott [Official Music Video],Young Thug,Boss man in a suit and a tie everything fits him can't question why,2
Young Thug,Trap,leJNDpm_G10,Young Thug - Hot ft. Gunna &amp; Travis Scott [Official Music Video],Young Thug,peak 2023 high school football game music,0
Young Thug,Trap,leJNDpm_G10,Young Thug - Hot ft. Gunna &amp; Travis Scott [Official Music Video],Young Thug,2026,0
Young Thug,Trap,leJNDpm_G10,Young Thug - Hot ft. Gunna &amp; Travis Scott [Official Music Video],Young Thug,"Me 2026❤🎉, direct from Mozambique 🇲🇿.",0
Young Thug,Trap,leJNDpm_G10,Young Thug - Hot ft. Gunna &amp; Travis Scott [Official Music Video],Young Thug,Yaa this is fire fr🔥🔥🔥🔥🔥🔥🔥🔥🔥🔥🔥🔥🔥,0
Young Thug,Trap,leJNDpm_G10,Young Thug - Hot ft. Gunna &amp; Travis Scott [Official Music Video],Young Thug,Gta 5,1
Young Thug,Trap,leJNDpm_G10,Young Thug - Hot ft. Gunna &amp; Travis Scott [Official Music Video],Young Thug,"Nigeria 🇳🇬 here , this is fire .. listened countless times 🔥",0
Young Thug,Trap,leJNDpm_G10,Young Thug - Hot ft. Gunna &amp; Travis Scott [Official Music Video],Young Thug,lets break the notch again gunna,0
Young Thug,Trap,leJNDpm_G10,Young Thug - Hot ft. Gunna &amp; Travis Scott [Official Music Video],Young Thug,Travis Is The Best...😎,0
Young Thug,Trap,leJNDpm_G10,Young Thug - Hot ft. Gunna &amp; Travis Scott [Official Music Video],Young Thug,Travis 🐐,0
Young Thug,Trap,leJNDpm_G10,Young Thug - Hot ft. Gunna &amp; Travis Scott [Official Music Video],Young Thug,20/05/40🎉🎉🎉,0
Young Thug,Trap,leJNDpm_G10,Young Thug - Hot ft. Gunna &amp; Travis Scott [Official Music Video],Young Thug,трэвис скотт просто разьебал 🫨🎧👊🏼,0
Young Thug,Trap,leJNDpm_G10,Young Thug - Hot ft. Gunna &amp; Travis Scott [Official Music Video],Young Thug,اغنية باري هههههههه😂,1
Young Thug,Trap,leJNDpm_G10,Young Thug - Hot ft. Gunna &amp; Travis Scott [Official Music Video],Young Thug,"The fact this shit was put on GTA, is crazy. And it fits so damn well.",0
Young Thug,Trap,leJNDpm_G10,Young Thug - Hot ft. Gunna &amp; Travis Scott [Official Music Video],Young Thug,Summertime 2026 playlists YSL THUGGERR THUGGERR MFFF🐍 🐐🕷️ 🥳🥃🌊,1
Young Thug,Trap,leJNDpm_G10,Young Thug - Hot ft. Gunna &amp; Travis Scott [Official Music Video],Young Thug,still perfect.,0
Young Thug,Trap,leJNDpm_G10,Young Thug - Hot ft. Gunna &amp; Travis Scott [Official Music Video],Young Thug,hamza playboy era,1
Young Thug,Trap,leJNDpm_G10,Young Thug - Hot ft. Gunna &amp; Travis Scott [Official Music Video],Young Thug,🔥🔥🔥,0
Young Thug,Trap,leJNDpm_G10,Young Thug - Hot ft. Gunna &amp; Travis Scott [Official Music Video],Young Thug,goatet song,0
Young Thug,Trap,leJNDpm_G10,Young Thug - Hot ft. Gunna &amp; Travis Scott [Official Music Video],Young Thug,Madden brought me back hear,0
Young Thug,Trap,leJNDpm_G10,Young Thug - Hot ft. Gunna &amp; Travis Scott [Official Music Video],Young Thug,Anyone on 14 th MAY 2026???,3
Young Thug,Trap,leJNDpm_G10,Young Thug - Hot ft. Gunna &amp; Travis Scott [Official Music Video],Young Thug,2026:❤,2
Young Thug,Trap,leJNDpm_G10,Young Thug - Hot ft. Gunna &amp; Travis Scott [Official Music Video],Young Thug,صلصال أكتب,0
Young Thug,Trap,leJNDpm_G10,Young Thug - Hot ft. Gunna &amp; Travis Scott [Official Music Video],Young Thug,GTA V 👀👀,0
Young Thug,Trap,leJNDpm_G10,Young Thug - Hot ft. Gunna &amp; Travis Scott [Official Music Video],Young Thug,🇿🇲,0
Young Thug,Trap,leJNDpm_G10,Young Thug - Hot ft. Gunna &amp; Travis Scott [Official Music Video],Young Thug,2026 it's lit 🔥🔥🔥🤧,1
Young Thug,Trap,leJNDpm_G10,Young Thug - Hot ft. Gunna &amp; Travis Scott [Official Music Video],Young Thug,Yo yo yo who f*ck on the grammy !!!!…… 🔥🔥🔥,0
Young Thug,Trap,leJNDpm_G10,Young Thug - Hot ft. Gunna &amp; Travis Scott [Official Music Video],Young Thug,Who is lost listening on May 2026 sunday,13
Young Thug,Trap,leJNDpm_G10,Young Thug - Hot ft. Gunna &amp; Travis Scott [Official Music Video],Young Thug,IT'S LIT🔥🔥🔥,0
Young Thug,Trap,leJNDpm_G10,Young Thug - Hot ft. Gunna &amp; Travis Scott [Official Music Video],Young Thug,Its hot here in Mombasa Kenya fam👌,1
Young Thug,Trap,leJNDpm_G10,Young Thug - Hot ft. Gunna &amp; Travis Scott [Official Music Video],Young Thug,Keep on making these songs that I love it on game,1
Young Thug,Trap,leJNDpm_G10,Young Thug - Hot ft. Gunna &amp; Travis Scott [Official Music Video],Young Thug,I just discovered this topic in 2026. GOOD,0
Young Thug,Trap,leJNDpm_G10,Young Thug - Hot ft. Gunna &amp; Travis Scott [Official Music Video],Young Thug,0:30 your welcome,0
Young Thug,Trap,leJNDpm_G10,Young Thug - Hot ft. Gunna &amp; Travis Scott [Official Music Video],Young Thug,🙊🙈🙉 Marseille 💪 usa kabyle Algéria ✈️🚀🛸🛶🫶✌️😼🤝,0
Young Thug,Trap,leJNDpm_G10,Young Thug - Hot ft. Gunna &amp; Travis Scott [Official Music Video],Young Thug,The song is FIRE ✍️ 🔥 🔥 🔥,1
Young Thug,Trap,leJNDpm_G10,Young Thug - Hot ft. Gunna &amp; Travis Scott [Official Music Video],Young Thug,0:40,0
Young Thug,Trap,leJNDpm_G10,Young Thug - Hot ft. Gunna &amp; Travis Scott [Official Music Video],Young Thug,This video make sense now knowing Gunna was writing for the whole camp (house),1
Young Thug,Trap,leJNDpm_G10,Young Thug - Hot ft. Gunna &amp; Travis Scott [Official Music Video],Young Thug,Dolce camara,1
Young Thug,Trap,leJNDpm_G10,Young Thug - Hot ft. Gunna &amp; Travis Scott [Official Music Video],Young Thug,0:40,0
Young Thug,Trap,leJNDpm_G10,Young Thug - Hot ft. Gunna &amp; Travis Scott [Official Music Video],Young Thug,"This song reminds me of ridind to my bunker, dodging sweats and gettin paid 🎉",0
Young Thug,Trap,leJNDpm_G10,Young Thug - Hot ft. Gunna &amp; Travis Scott [Official Music Video],Young Thug,My 2 favorite song,0
Young Thug,Trap,leJNDpm_G10,Young Thug - Hot ft. Gunna &amp; Travis Scott [Official Music Video],Young Thug,😊😊😊😊😊😊😊😊😊😊😊😊😊 3:43,0
Young Thug,Trap,leJNDpm_G10,Young Thug - Hot ft. Gunna &amp; Travis Scott [Official Music Video],Young Thug,0:27 It's the meme 🔥,3
Young Thug,Trap,leJNDpm_G10,Young Thug - Hot ft. Gunna &amp; Travis Scott [Official Music Video],Young Thug,Wunna,4
Young Thug,Trap,leJNDpm_G10,Young Thug - Hot ft. Gunna &amp; Travis Scott [Official Music Video],Young Thug,2026 u all ain’t shit,0
Young Thug,Trap,leJNDpm_G10,Young Thug - Hot ft. Gunna &amp; Travis Scott [Official Music Video],Young Thug,"In the name of Allah(God), the Most Gracious, the Most Merciful

Peace be with those who follow the guidance

And We certainly sent into every nation a messenger, [saying], ""Worship Allah and avoid Taghut."" And among them were those whom Allah guided, and among them were those upon whom error was [deservedly] decreed. So proceed through the earth and observe how was the end of the deniers. Quran (16:36)

Taghut: means anything worshipped besides Allah(God).

There are five heads of taghut

Satan: The ultimate instigator who calls people to disobey Allah(God) and worship others.
The one worshipped and pleased with it: Someone (or something) worshipped besides Allah(God), who is content with that worship (e.g., idols, deceased saints worshipped falsely).
The one who claims knowledge of the Unseen (Ghayb): Someone who falsely asserts knowledge of hidden matters, which belongs only to Allah(God).
The one who calls people to worship himself: A leader or figure who actively invites others to worship him, regardless of whether they comply.
The one who judges by other than what Allah has revealed: A ruler or authority who substitutes Allah's divine law with man-made laws, leading people away from God's path. 

I did not create jinn and humans except to worship Me. Quran (51:56)

He] who created death and life to test you [as to] which of you is best in deed Quran (67:2)

Indeed, the religion in the sight of Allah is Islam. Quran (3:19)

Whoever seeks a way other than Islam,1 it will never be accepted from them, and in the Hereafter they will be among the losers. Quran (3:85)

Every soul will taste death. And you will only receive your full reward on the Day of Judgment. Whoever is spared from the Fire and is admitted into Paradise will ˹indeed˺ triumph, whereas the life of this world is no more than the delusion of enjoyment. Quran (3:185)

And this worldly life is not but diversion and amusement. And indeed, the home of the Hereafter - that is the [eternal] life, if only they knew. Quran (29:64)

Neither your relatives nor children will benefit you on Judgment Day—He will decide between you ˹all˺. For Allah is All-Seeing of what you do. Quran (60:3)

And whoever turns a blind eye to the Reminder of the Most Compassionate, We place at the disposal of each a devilish one as their close associate, who will certainly hinder them from the ˹Right˺ Way while they think they are ˹rightly˺ guided. Quran (43:36-37)",1
Young Thug,Trap,leJNDpm_G10,Young Thug - Hot ft. Gunna &amp; Travis Scott [Official Music Video],Young Thug,"En el nombre de Allah (Dios), el Compasivo, el Misericordioso.

La paz sea con aquellos que siguen la guía.

Hemos enviado un mensajero a cada comunidad: ""Adorad a Allah y apartaos de los Tagut.""Y hubo entre ellos a quien Allah guió, pero hubo en quien se hizo realidad el extravío.Recorred pues la tierra y ved cómo acabaron los que negaron la verdad. Corán (16:36)

Taghut: significa cualquier cosa adorada además de Allah (Dios).

Hay cinco cabezas de taghut

Satanás: El instigador supremo que incita a la gente a desobedecer a Alá (Dios) y a adorar a otros.
Aquel que es adorado y se complace con ello: Alguien (o algo) adorado además de Alá (Dios), que se complace con esa adoración (por ejemplo, ídolos, santos fallecidos adorados falsamente).
Quien afirma conocer lo Oculto (Ghayb): Alguien que afirma falsamente conocer asuntos ocultos, que pertenecen solo a Alá (Dios).
Quien incita a la gente a adorarse a sí mismo: Un líder o figura que invita activamente a otros a adorarle, independientemente de si cumplen o no.
Quien no juzga con base en lo que Alá ha revelado: Un gobernante o autoridad que sustituye la ley divina de Alá con leyes humanas, desviando a la gente del camino de Dios.

Y no he creado a los genios y a los hombres sino para que Me adoren. Corán (51:56)

""Él es Quien creó la muerte y la vida para probaros y ver cuál de vosotros sería mejor en obras. Corán (67:2)

Realmente la práctica de Adoración ante Allah es el Islam. Corán (3:19)

Y quien desee otra práctica de Adoración que no sea el Islam. no le será aceptada y en la Última Vida será de los perdedores. Corán (3:85)

Toda alma probará la muerte. Y el Día del Levantamiento se os pagará cumplidamente la retribución que os corresponda.Quien sea alejado del Fuego e introducido en el Jardín, habrá triunfado. La vida de este mundo no es sino el disfrute engañoso de lo que se acaba. Corán (3:185)

La vida del mundo no es sino juego y distracción, la verdadera vida es la morada de la Última Vida, si supieran. Corán (29:64)

Ni vuestra consanguinidad ni vuestros hijos os servirán el Día del Levantamiento. Cada uno de vosotros tendrá el juicio que le corresponda. Allah ve lo que hacéis. Corán (60:3)

Y al que está ciego para el recuerdo del Misericordioso le asignamos un demonio que se convierte en su compañero inseparable. Y éstos les apartan del camino mientras ellos se creen guiados. Corán (43:36-37)",1
Young Thug,Trap,leJNDpm_G10,Young Thug - Hot ft. Gunna &amp; Travis Scott [Official Music Video],Young Thug,tututtutututututututu ,0
Young Thug,Trap,leJNDpm_G10,Young Thug - Hot ft. Gunna &amp; Travis Scott [Official Music Video],Young Thug,Feels it just came out,0
Young Thug,Trap,leJNDpm_G10,Young Thug - Hot ft. Gunna &amp; Travis Scott [Official Music Video],Young Thug,"That bridge just gave me chills. Pure, unadulterated talent",0
Young Thug,Trap,leJNDpm_G10,Young Thug - Hot ft. Gunna &amp; Travis Scott [Official Music Video],Young Thug,Healing in every note,0
Young Thug,Trap,leJNDpm_G10,Young Thug - Hot ft. Gunna &amp; Travis Scott [Official Music Video],Young Thug,A literal masterpiece. Keep shining! ✨,0
Young Thug,Trap,leJNDpm_G10,Young Thug - Hot ft. Gunna &amp; Travis Scott [Official Music Video],Young Thug,Gunna runing the whole meme game with speed 🔥,0
Young Thug,Trap,leJNDpm_G10,Young Thug - Hot ft. Gunna &amp; Travis Scott [Official Music Video],Young Thug,2026 🎉,0
Young Thug,Trap,leJNDpm_G10,Young Thug - Hot ft. Gunna &amp; Travis Scott [Official Music Video],Young Thug,Verse 2 đâu anh,0
Young Thug,Trap,leJNDpm_G10,Young Thug - Hot ft. Gunna &amp; Travis Scott [Official Music Video],Young Thug,RIGHT HERE,0
Young Thug,Trap,leJNDpm_G10,Young Thug - Hot ft. Gunna &amp; Travis Scott [Official Music Video],Young Thug,Look mom i can fly,0
Young Thug,Trap,leJNDpm_G10,Young Thug - Hot ft. Gunna &amp; Travis Scott [Official Music Video],Young Thug,11/05/2026🎉,0
Young Thug,Trap,leJNDpm_G10,Young Thug - Hot ft. Gunna &amp; Travis Scott [Official Music Video],Young Thug,this the coldest shit ever,0
Young Thug,Trap,leJNDpm_G10,Young Thug - Hot ft. Gunna &amp; Travis Scott [Official Music Video],Young Thug,this is the best song i've ever heard frfr🔥🔥🔥🔥,1
Young Thug,Trap,leJNDpm_G10,Young Thug - Hot ft. Gunna &amp; Travis Scott [Official Music Video],Young Thug,I live and love in Atlanta we cool,0
Young Thug,Trap,leJNDpm_G10,Young Thug - Hot ft. Gunna &amp; Travis Scott [Official Music Video],Young Thug,Those who remember this from gta rqdio,0
Young Thug,Trap,leJNDpm_G10,Young Thug - Hot ft. Gunna &amp; Travis Scott [Official Music Video],Young Thug,Iceman 😅,0
Young Thug,Trap,leJNDpm_G10,Young Thug - Hot ft. Gunna &amp; Travis Scott [Official Music Video],Young Thug,Hot like LAVA BOYZ 2026 🔥🔥🔥,0
Young Thug,Trap,leJNDpm_G10,Young Thug - Hot ft. Gunna &amp; Travis Scott [Official Music Video],Young Thug,Boogie Man,0
Young Thug,Trap,leJNDpm_G10,Young Thug - Hot ft. Gunna &amp; Travis Scott [Official Music Video],Young Thug,"This where Domani and all his kids get they talent from of course Tiny too…but come on Domani’s talent is pure genes look at his dad still rocking. I was jamming to T.I when I was 18, this is pure talent and nostalgia 🙌🏾🙌🏾🔥🔥🔥💜",0
Young Thug,Trap,leJNDpm_G10,Young Thug - Hot ft. Gunna &amp; Travis Scott [Official Music Video],Young Thug,"One of the hardest beats ever produced
Can't deny Travis Scott been in his bag since day one, but that AUTHENTIC VIEWS DAWT CAWM boost is on another level! Dude’s literally unstoppable now. 🔥💥",14
Young Thug,Trap,leJNDpm_G10,Young Thug - Hot ft. Gunna &amp; Travis Scott [Official Music Video],Young Thug,🔥🔥,0
Young Thug,Trap,leJNDpm_G10,Young Thug - Hot ft. Gunna &amp; Travis Scott [Official Music Video],Young Thug,0:28 His writing is on fire✋🏻🤨✋🏻,2
Young Thug,Trap,leJNDpm_G10,Young Thug - Hot ft. Gunna &amp; Travis Scott [Official Music Video],Young Thug,Dolce Camara,1
Young Thug,Trap,leJNDpm_G10,Young Thug - Hot ft. Gunna &amp; Travis Scott [Official Music Video],Young Thug,0:28 if you were looking,3
Young Thug,Trap,leJNDpm_G10,Young Thug - Hot ft. Gunna &amp; Travis Scott [Official Music Video],Young Thug,Qui est ici pour voir si booba a copié avec dolce camara ?,1
Young Thug,Trap,leJNDpm_G10,Young Thug - Hot ft. Gunna &amp; Travis Scott [Official Music Video],Young Thug,Gunna u are my one but run when u see thug cuz wow,1
Young Thug,Trap,leJNDpm_G10,Young Thug - Hot ft. Gunna &amp; Travis Scott [Official Music Video],Young Thug,"Everything litty, I love when it's hot
Turned up the city, I
broke off the notch
Got some more millis, I keep me a knot
I created history and made me a lot
He tried to diss me and ended on Fox
We call 'em chopsticks
'cause they gonna chop
Took her out of Follies
'cause her pussy pop
I run it like Nike, we got it on lock


Cartier eye
I'm the bossman in a suit but no tie
I can't be sober, I gotta stay high
Pour me some syrup in a Canada Dry
Ridin' in the spaceship
like Bonnie and Clyde
Don't worry, baby, I keep me some fire
Shenenehs and Birkins, she cannot decide
The latest Mercedes her go-to surprise
Don't sleep on miss
lady, her pussy a prize
Dick in her back while
I'm grippin' her sides
Bigger Maybach, this ain't regular size
We really fly, we like pelican glide
Bitch, you ain't slick,
I can tell the disguise
Upgraded my wrist, put
baguettes in that Sky
She sing, I might sign her
and change her whole life
I told her to gargle
and work on her highs

Everything litty, I love when it's hot
Turned up the city, I
broke off the notch
Got some more millis, I keep me a knot
I created history and made me a lot
He tried to diss me and ended on Fox
We call 'em chopsticks
'cause they gonna chop
Took her out of Follies
'cause her pussy pop
I run it like Nike, we got it on lock

Cash, money, checks, cash
Addy, Birkin, brand new extendos
I just wanna fuck the bitch by myself
I just passed her to
the dawg like my Sprite


I took the Bentley coupe back,
then I hopped in a Cayenne (Skrrt)
I put the bitch in the front of the
Bentley, in front of the driver (Skrrt)
Ayy, man, this shit there the
weed you can't smoke in the Rolls
Royce, woah, woah (Yeah, yeah)
I'm still double cupped up, I'm
drinkin', I shoot off your tires, huh
(Doo-doo-doo-doo-doo-doo-doo-doo)
I'm in the coupe by myself
I had to kick a door when I was 5
Keep the awards on the shelf
Whole sixteen round in the fire
I'm sick and tired of these
young niggas act like they
firin', they tellin' these lies
Actin' like they the ones created this
and they get all the drip from my guys
Yeah, Cartier eyes
Cartier coat, Cartiers the watch
Cartier love, Cartier the thot

Cartier specs, buffalo on the side
Princess cut diamonds,
they Cartier, yeah
Cartier bag for the Cartier thot
Sky Wrangler coupe with
two hundred the dash
Cartier jeans, ain't no way I can sag
Ain't no way I'ma ever gon' go out bad
Man I can't go out, no way I'ma go out
I just grip on her ass and I show out
I sit like a champ and
I wait on a hold-out
I just whip up a new Chanel Patek
I whip with the wrist and
I don't break the door out
Turn the whole top floor to a whorehouse
Hundred racks in ones, dude
brought the flood out (Oh)


Cash, money, checks, cash (Ooh, ah)
Addy, Birkin, brand new extendos (Ooh)
I just wanna fuck the
bitch by myself (Ah)
I just passed her to the dawg
like my Sprite (Ooh, it's lit)

Hot like the 504 Boyz how I
move through the lobby (Hot)
Since '012, La Flame been hot just
to show you the timeframe (La Flame)
Hundred mil' down on my desk, but
I'm still up deciding (Straight up)
Match the M's in my account to the
truck in my driveway (Skrrt, skrrt)
I'm in that four-door by myself

Know it's a hundred more niggas outside
Know they gon' ride 'til the death (Ooh)
Had some good years,
ain't no way I get tired
I gotta do what I feel
Every day Super Bowl, fuck it, oh well
I put a lot on myself
In the field, Richard Mille
on like Odell (Let's go)
She slid her hand down my pants just
to grab the torpedo (Doo-doo-doo)
I had to go back and link with my slimes
like I'm thirteen and zero (It's lit)
I told her, ""Baby, this not
the remix, this a part of the
sequel"" (Part of the seq')
No, we not livin' the same, we
not makin' the same, we not
equal (No), yeah, yeah, yeah
Look, mom, I can fly
Had some troubles, put
that shit in the sky
Brought the angels, know
the devil would try
It's so hot, you thought Paris
Hilton done said it (Yeah, yeah)
When we come out, we can't help but
leave damage (Yeah, yeah, yeah)
Afterparty, Astroworld out
the planet (Yeah, yeah)
Laid the map out, but
they didn't understand it
When I'm home, know that
I fuck on a Grammy, yeah",0
Young Thug,Trap,leJNDpm_G10,Young Thug - Hot ft. Gunna &amp; Travis Scott [Official Music Video],Young Thug,"""I'm in a coupe by myself """,1
Young Thug,Trap,leJNDpm_G10,Young Thug - Hot ft. Gunna &amp; Travis Scott [Official Music Video],Young Thug,Stil hilla hot 2027,2
Young Thug,Trap,leJNDpm_G10,Young Thug - Hot ft. Gunna &amp; Travis Scott [Official Music Video],Young Thug,2026 gang,0
Young Thug,Trap,leJNDpm_G10,Young Thug - Hot ft. Gunna &amp; Travis Scott [Official Music Video],Young Thug,2026,0
Young Thug,Trap,leJNDpm_G10,Young Thug - Hot ft. Gunna &amp; Travis Scott [Official Music Video],Young Thug,Black Americans are talented,1
Young Thug,Trap,leJNDpm_G10,Young Thug - Hot ft. Gunna &amp; Travis Scott [Official Music Video],Young Thug,Alguien en mayo del 2026,0
Young Thug,Trap,leJNDpm_G10,Young Thug - Hot ft. Gunna &amp; Travis Scott [Official Music Video],Young Thug,0:28 for the ones finding the meme,2
Young Thug,Trap,leJNDpm_G10,Young Thug - Hot ft. Gunna &amp; Travis Scott [Official Music Video],Young Thug,Dolce camara de Booba 😅😅😅 partagé par Booba,1
Young Thug,Trap,leJNDpm_G10,Young Thug - Hot ft. Gunna &amp; Travis Scott [Official Music Video],Young Thug,Gunna no compétition 😮😊,0
Young Thug,Trap,leJNDpm_G10,Young Thug - Hot ft. Gunna &amp; Travis Scott [Official Music Video],Young Thug,Alguém do Brasil 2026?,0
Young Thug,Trap,leJNDpm_G10,Young Thug - Hot ft. Gunna &amp; Travis Scott [Official Music Video],Young Thug,Thank you Travis Scott for your verse 😭🔥🔥🔥,0
Young Thug,Trap,leJNDpm_G10,Young Thug - Hot ft. Gunna &amp; Travis Scott [Official Music Video],Young Thug,i invented you nihgga,0
Young Thug,Trap,leJNDpm_G10,Young Thug - Hot ft. Gunna &amp; Travis Scott [Official Music Video],Young Thug,On va leur donner xD,1
Young Thug,Trap,leJNDpm_G10,Young Thug - Hot ft. Gunna &amp; Travis Scott [Official Music Video],Young Thug,What youtuber uses this as their intro?,1
Young Thug,Trap,leJNDpm_G10,Young Thug - Hot ft. Gunna &amp; Travis Scott [Official Music Video],Young Thug,2026 gang let's rock ours here,5
Young Thug,Trap,leJNDpm_G10,Young Thug - Hot ft. Gunna &amp; Travis Scott [Official Music Video],Young Thug,🔥 🔥 🔥 2026 My new RINGTONE,2
Young Thug,Trap,leJNDpm_G10,Young Thug - Hot ft. Gunna &amp; Travis Scott [Official Music Video],Young Thug,Send hate,0
Young Thug,Trap,leJNDpm_G10,Young Thug - Hot ft. Gunna &amp; Travis Scott [Official Music Video],Young Thug,travis Scott 🎈 part,3
Young Thug,Trap,leJNDpm_G10,Young Thug - Hot ft. Gunna &amp; Travis Scott [Official Music Video],Young Thug,Who's hera in 2028,2
Young Thug,Trap,leJNDpm_G10,Young Thug - Hot ft. Gunna &amp; Travis Scott [Official Music Video],Young Thug,This is where the meme comes from?,2
Young Thug,Trap,leJNDpm_G10,Young Thug - Hot ft. Gunna &amp; Travis Scott [Official Music Video],Young Thug,"This video is pure energy 🔥 The beat goes insanely hard, and Young Thug just floats on it with that unique flow. Gunna brings smooth vibes, and Travis Scott adds that signature hype. The visuals match the track perfectly — chaotic, stylish, and unforgettable. Definitely a track you keep on repeat.",1
Young Thug,Trap,leJNDpm_G10,Young Thug - Hot ft. Gunna &amp; Travis Scott [Official Music Video],Young Thug,"every time i listen to this song, it's so hot that i can' stand it.",0
Young Thug,Trap,leJNDpm_G10,Young Thug - Hot ft. Gunna &amp; Travis Scott [Official Music Video],Young Thug,"Crazy ass beat, trash ass lyrics! I'll def slap that instrumental!!",0
Young Thug,Trap,leJNDpm_G10,Young Thug - Hot ft. Gunna &amp; Travis Scott [Official Music Video],Young Thug,"Wheezy outta here
Hot, hot, hot, hot
Hot, hot, hot, hot
Hot, hot, hot, hot (Damn)
Hot, hot, hot, hot

Everything litty, I love when it's hot
Turned up the city, I broke off the notch
Got some more millis, I keep me a knot
I created history and made me a lot (Uh)
He tried to diss me and ended on Fox
We call 'em chopsticks 'cause they gonna chop
Took her out of Follies 'cause her pussy pop
I run it like Nike, we got it on lock

Cartier eye
I'm the bossman in a suit but no tie
I can't be sober, I gotta stay high
Poured me some syrup in a Canada Dry (Uh)
Ridin' in the spaceship like Bonnie and Clyde (Uh)
Don't worry, baby, I keep me some fire
Chanaynays and Birkins, she cannot decide (Chanaynay)
The latest Mercedes her go-to surprise (Uh)
Don't sleep on miss lady, her pussy a prize
Dig in her back while I'm grippin' her sides (Hot)
Bigger Maybach, this ain't regular size
We really fly, we like pelican glide (Fly)
Bitch, you ain't slick, I can tell the disguise
Upgraded my wrist, put baguettes in that Sky (Upgrade)
She sing, I might sign her and change her whole life
I told her to gargle and work on her highs (Hey)

Everything litty, I love when it's hot
Turned up the city, I broke off the notch
Got some more millis, I keep me a knot
I created history and made me a lot (Uh)
He tried to diss me and ended on Fox
We call 'em chopsticks 'cause they gonna chop
Took her out of Follies 'cause her pussy pop (Pop)
I run it like Nike, we got it on lock

Cash, money, checks, cash
Addy, Birkin, brand new extendos
I just wanna fuck the bitch by myself
I just passed her to the dawg like my Sprite

I took the Bentley coupe back, then I hopped in a Cayenne (Skrrt)
I put the bitch in the front of the Bentley, in front of the driver (Skrrt)
Ayy, man, this synthetic weed, you can't smoke in the Rolls Royce, woah, woah (Yeah, yeah)
I'm still double cupped up, I'm drinkin', I shoot off your tires, huh (Doo-doo-doo-doo-doo-doo-doo-doo)
I'm in the coupe by myself
I had to kick a door when I was five
Keep the awards on the shelf
Whole sixteen round in the fire
I'm sick and tired of these young niggas act like they firin', they tellin' these lies
Actin' like they the ones created this and they get all the drip from my guys
Yeah, Cartier eyes
Cartier coat, Cartiers the watch
Cartier love, Cartier the thot
Cartier specs, buffalo on the side
Princess cut diamonds, they Cartier, yeah
Cartier bag for the Cartier thot
Sky Wrangler coupe with two hundred the dash
Cartier jeans, ain't no way I can sag
Ain't no way I'ma ever gon' go out bad
I can't go out, no way, I won't go out
I just grip on her ass and I show out
I sit like a champ and I wait on a hold-out
I just whip up a new Chanel Patek
I whip with the wrist and I don't break the door out
Turn the whole top floor to a whorehouse
Hundred racks in ones, dude brought the flood out

Hot like the 504 Boyz how I move through the lobby (Hot)
Since '012, La Flame been hot just to show you the timeframe (La Flame)
Hundred mil' down on my desk, but I'm still up deciding (Straight up)
Match the M's in my account to the truck in my driveway (Skrrt, skrrt)
I'm in that four-door by myself
Know it's a hundred more niggas outside
Know they gon' ride 'til the death (Ooh)
Had some good years, ain't no way I get tired
I gotta do what I feel
Every day Super Bowl, fuck it, oh well
I put a lot on myself
In the field, Richard Mille on like Odell (Let's go)
She slid her hand down my pants just to grab the torpedo (Doo-doo-doo)
I had to go back and link with my slimes like I'm thirteen and zero (It's lit)
I told her, ""Baby, this not the remix, this a part of the sequel"" (Part of the seq')
No, we not livin' the same, we not makin' the same, we not equal (No), yeah, yeah, yeah
Look, mom, I can fly
Had some troubles, put that shit in the sky
Brought the angels, know the devil would try
It's so hot, you thought Paris Hilton done said it (Yeah, yeah)
When we come out, we can't help but leave damage (Yeah, yeah, yeah)
Afterparty, Astroworld out the planet (Yeah, yeah)
Laid the map out, but they didn't understand it
When I'm home, know that I fuck on a Grammy, yeah

Hot, hot, hot, hot
Hot, hot, hot, hot
Hot, hot, hot, hot, damn
Hot, hot, hot",0
Young Thug,Trap,leJNDpm_G10,Young Thug - Hot ft. Gunna &amp; Travis Scott [Official Music Video],Young Thug,got this from gta 😂 so lit,1
Young Thug,Trap,leJNDpm_G10,Young Thug - Hot ft. Gunna &amp; Travis Scott [Official Music Video],Young Thug,Was there a snake? I saw snake.,0
Young Thug,Trap,leJNDpm_G10,Young Thug - Hot ft. Gunna &amp; Travis Scott [Official Music Video],Young Thug,Ok dexter 🔥🔥🔥🔥,1
Young Thug,Trap,leJNDpm_G10,Young Thug - Hot ft. Gunna &amp; Travis Scott [Official Music Video],Young Thug,Yeah yeah,0
Young Thug,Trap,leJNDpm_G10,Young Thug - Hot ft. Gunna &amp; Travis Scott [Official Music Video],Young Thug,Gunna still ate,0
Young Thug,Trap,leJNDpm_G10,Young Thug - Hot ft. Gunna &amp; Travis Scott [Official Music Video],Young Thug,The fact that we may never get this Collab again is EGREGIOUS.,12
Young Thug,Trap,leJNDpm_G10,Young Thug - Hot ft. Gunna &amp; Travis Scott [Official Music Video],Young Thug,0:29 writing fire ahh gif,2
Young Thug,Trap,leJNDpm_G10,Young Thug - Hot ft. Gunna &amp; Travis Scott [Official Music Video],Young Thug,EVERYTHING LITTY I LOVE WHEN ITS HOT,0
Young Thug,Trap,leJNDpm_G10,Young Thug - Hot ft. Gunna &amp; Travis Scott [Official Music Video],Young Thug,finnaly i found meme material,0
Young Thug,Trap,leJNDpm_G10,Young Thug - Hot ft. Gunna &amp; Travis Scott [Official Music Video],Young Thug,GUNNA PART HIT  HARD,1
Young Thug,Trap,leJNDpm_G10,Young Thug - Hot ft. Gunna &amp; Travis Scott [Official Music Video],Young Thug,Thug's verse is so underrated 😭,3
Young Thug,Trap,leJNDpm_G10,Young Thug - Hot ft. Gunna &amp; Travis Scott [Official Music Video],Young Thug,I heard this on gta,0
Young Thug,Trap,leJNDpm_G10,Young Thug - Hot ft. Gunna &amp; Travis Scott [Official Music Video],Young Thug,It's legit and they all GOATS ..😎,0
Young Thug,Trap,leJNDpm_G10,Young Thug - Hot ft. Gunna &amp; Travis Scott [Official Music Video],Young Thug,Happy birthday bro🎉,0
Young Thug,Trap,leJNDpm_G10,Young Thug - Hot ft. Gunna &amp; Travis Scott [Official Music Video],Young Thug,You won't play with a child again...nuns like head games don't have reading bedtime stories..,0
Young Thug,Trap,leJNDpm_G10,Young Thug - Hot ft. Gunna &amp; Travis Scott [Official Music Video],Young Thug,Yeah me,0
Young Thug,Trap,leJNDpm_G10,Young Thug - Hot ft. Gunna &amp; Travis Scott [Official Music Video],Young Thug,4/29/26 here,1
Young Thug,Trap,leJNDpm_G10,Young Thug - Hot ft. Gunna &amp; Travis Scott [Official Music Video],Young Thug,2:24 man wtf is that ad-lib 😅😂😂😂,0
Young Thug,Trap,leJNDpm_G10,Young Thug - Hot ft. Gunna &amp; Travis Scott [Official Music Video],Young Thug,GTA🎉🎉,0
Young Thug,Trap,leJNDpm_G10,Young Thug - Hot ft. Gunna &amp; Travis Scott [Official Music Video],Young Thug,2026 still pure🔥🔥🔥🔥🔥🔥🔥🔥🔥🔥🔥💯💯💯💯🥰🥰❤️❤️❤️❤️❤️,2
Young Thug,Trap,leJNDpm_G10,Young Thug - Hot ft. Gunna &amp; Travis Scott [Official Music Video],Young Thug,Coachella!,0
Young Thug,Trap,leJNDpm_G10,Young Thug - Hot ft. Gunna &amp; Travis Scott [Official Music Video],Young Thug,This song is amazing 😮 😮  its hot 🔥 when am in a bad mood I play ▶ this song 🔥,0
Young Thug,Trap,leJNDpm_G10,Young Thug - Hot ft. Gunna &amp; Travis Scott [Official Music Video],Young Thug,Hot 🥵,1
Young Thug,Trap,leJNDpm_G10,Young Thug - Hot ft. Gunna &amp; Travis Scott [Official Music Video],Young Thug,2026 SLIME,0
Young Thug,Trap,leJNDpm_G10,Young Thug - Hot ft. Gunna &amp; Travis Scott [Official Music Video],Young Thug,Why is young thug carrying an axe in a fire,0
Young Thug,Trap,leJNDpm_G10,Young Thug - Hot ft. Gunna &amp; Travis Scott [Official Music Video],Young Thug,"I'm such an idiot for taking this one for granted , but the radio do that",0
Young Thug,Trap,leJNDpm_G10,Young Thug - Hot ft. Gunna &amp; Travis Scott [Official Music Video],Young Thug,"Glo killed that verse! Mop, mop, mop! Ayee",0
Young Thug,Trap,leJNDpm_G10,Young Thug - Hot ft. Gunna &amp; Travis Scott [Official Music Video],Young Thug,if she don't like GUNNA......i don't WUNNA,2
Young Thug,Trap,leJNDpm_G10,Young Thug - Hot ft. Gunna &amp; Travis Scott [Official Music Video],Young Thug,Goated,1
Young Thug,Trap,leJNDpm_G10,Young Thug - Hot ft. Gunna &amp; Travis Scott [Official Music Video],Young Thug,Ski,0
Young Thug,Trap,leJNDpm_G10,Young Thug - Hot ft. Gunna &amp; Travis Scott [Official Music Video],Young Thug,nice,0
Young Thug,Trap,leJNDpm_G10,Young Thug - Hot ft. Gunna &amp; Travis Scott [Official Music Video],Young Thug,"Uuuhhhh 🔥🔥🔥 singers icening, song burning",1
Young Thug,Trap,leJNDpm_G10,Young Thug - Hot ft. Gunna &amp; Travis Scott [Official Music Video],Young Thug,Nice one,0
Young Thug,Trap,leJNDpm_G10,Young Thug - Hot ft. Gunna &amp; Travis Scott [Official Music Video],Young Thug,Who is here after Kaluputic… the Ethiopian 🇪🇹 new Fashion killer who used this soundtrack 1:55,0
Young Thug,Trap,leJNDpm_G10,Young Thug - Hot ft. Gunna &amp; Travis Scott [Official Music Video],Young Thug,Gunna🐸,1
Young Thug,Trap,leJNDpm_G10,Young Thug - Hot ft. Gunna &amp; Travis Scott [Official Music Video],Young Thug,Travis is hotter than an oven,0
Young Thug,Trap,leJNDpm_G10,Young Thug - Hot ft. Gunna &amp; Travis Scott [Official Music Video],Young Thug,Thug was taked for about 24 seconds just to spin the venues with firetruck,0
Young Thug,Trap,leJNDpm_G10,Young Thug - Hot ft. Gunna &amp; Travis Scott [Official Music Video],Young Thug,Here before 300mln views,0
Young Thug,Trap,leJNDpm_G10,Young Thug - Hot ft. Gunna &amp; Travis Scott [Official Music Video],Young Thug,GUNNA:IT'S LIT,1
Young Thug,Trap,leJNDpm_G10,Young Thug - Hot ft. Gunna &amp; Travis Scott [Official Music Video],Young Thug,The songs so good the house is on fire 🔥,1
Young Thug,Trap,leJNDpm_G10,Young Thug - Hot ft. Gunna &amp; Travis Scott [Official Music Video],Young Thug,Yo yo yo,0
Young Thug,Trap,leJNDpm_G10,Young Thug - Hot ft. Gunna &amp; Travis Scott [Official Music Video],Young Thug,Back in 2026 this shiiiiit ITZ LITTTTTT,15
Young Thug,Trap,leJNDpm_G10,Young Thug - Hot ft. Gunna &amp; Travis Scott [Official Music Video],Young Thug,Wsp my nigga,0
Young Thug,Trap,leJNDpm_G10,Young Thug - Hot ft. Gunna &amp; Travis Scott [Official Music Video],Young Thug,👌🏾💯...suit wit no tie 😎 00:59,0
Young Thug,Trap,leJNDpm_G10,Young Thug - Hot ft. Gunna &amp; Travis Scott [Official Music Video],Young Thug,Glad I'm here in 2026😜❤️,0
Young Thug,Trap,leJNDpm_G10,Young Thug - Hot ft. Gunna &amp; Travis Scott [Official Music Video],Young Thug,The flute instrumental is hot 🔥,2
Young Thug,Trap,leJNDpm_G10,Young Thug - Hot ft. Gunna &amp; Travis Scott [Official Music Video],Young Thug,3:53 hit a 67 before its creation 😭🥀,0
Young Thug,Trap,leJNDpm_G10,Young Thug - Hot ft. Gunna &amp; Travis Scott [Official Music Video],Young Thug,When the  flute when WEEEOWWWEEE OWEEEE  😩😩😩🪈🪈🪈 I FELT THAT,0
Young Thug,Trap,leJNDpm_G10,Young Thug - Hot ft. Gunna &amp; Travis Scott [Official Music Video],Young Thug,The Atlanta formula: 808’s high hats and adlibs,1
Young Thug,Trap,leJNDpm_G10,Young Thug - Hot ft. Gunna &amp; Travis Scott [Official Music Video],Young Thug,Boring to me,0
Young Thug,Trap,leJNDpm_G10,Young Thug - Hot ft. Gunna &amp; Travis Scott [Official Music Video],Young Thug,Travis siempre rompiendo,0
Young Thug,Trap,leJNDpm_G10,Young Thug - Hot ft. Gunna &amp; Travis Scott [Official Music Video],Young Thug,ผมเป็นคนไทยครับ 3 ตำนานโคตรชอบเลย 3 คนนี้🎉🎉🎉🎉🇹🇭🏠🎊🎊🎊🤘🤘💪💪💪💚💚🥦,0
Young Thug,Trap,leJNDpm_G10,Young Thug - Hot ft. Gunna &amp; Travis Scott [Official Music Video],Young Thug,Bro gunna in this sounds like yeat,3
Young Thug,Trap,leJNDpm_G10,Young Thug - Hot ft. Gunna &amp; Travis Scott [Official Music Video],Young Thug,"Yo, Jeff",2
Young Thug,Trap,leJNDpm_G10,Young Thug - Hot ft. Gunna &amp; Travis Scott [Official Music Video],Young Thug,Liars LOL😊,0
Young Thug,Trap,leJNDpm_G10,Young Thug - Hot ft. Gunna &amp; Travis Scott [Official Music Video],Young Thug,"""Take p out the alphabet"",peak creativity 😂😂😂...",0
Young Thug,Trap,leJNDpm_G10,Young Thug - Hot ft. Gunna &amp; Travis Scott [Official Music Video],Young Thug,3:30 It's Lit🔥🔥,0
Young Thug,Trap,leJNDpm_G10,Young Thug - Hot ft. Gunna &amp; Travis Scott [Official Music Video],Young Thug,Keep it 💯,1
Young Thug,Trap,leJNDpm_G10,Young Thug - Hot ft. Gunna &amp; Travis Scott [Official Music Video],Young Thug,I hate they fell out,0
Young Thug,Trap,leJNDpm_G10,Young Thug - Hot ft. Gunna &amp; Travis Scott [Official Music Video],Young Thug,i'm  sick of these ......,0
Young Thug,Trap,leJNDpm_G10,Young Thug - Hot ft. Gunna &amp; Travis Scott [Official Music Video],Young Thug,I watch this video I remember travel Scott,0
Young Thug,Trap,leJNDpm_G10,Young Thug - Hot ft. Gunna &amp; Travis Scott [Official Music Video],Young Thug,0:30  that one meme,0
Young Thug,Trap,leJNDpm_G10,Young Thug - Hot ft. Gunna &amp; Travis Scott [Official Music Video],Young Thug,Pe smg,0
Young Thug,Trap,leJNDpm_G10,Young Thug - Hot ft. Gunna &amp; Travis Scott [Official Music Video],Young Thug,10 Sony and jensen,0
Young Thug,Trap,leJNDpm_G10,Young Thug - Hot ft. Gunna &amp; Travis Scott [Official Music Video],Young Thug,Hot,0
Young Thug,Trap,leJNDpm_G10,Young Thug - Hot ft. Gunna &amp; Travis Scott [Official Music Video],Young Thug,Nice 2026 🇧🇷,2
Young Thug,Trap,leJNDpm_G10,Young Thug - Hot ft. Gunna &amp; Travis Scott [Official Music Video],Young Thug,Who here in 2026 April 👀,4
Young Thug,Trap,leJNDpm_G10,Young Thug - Hot ft. Gunna &amp; Travis Scott [Official Music Video],Young Thug,2026👀,0
Young Thug,Trap,leJNDpm_G10,Young Thug - Hot ft. Gunna &amp; Travis Scott [Official Music Video],Young Thug,Thank you for sharing Christmas 🎄🎁🎄🎁🎄🎁🎄🎁🎄🎁🎄🎁🎄🎁🎄🎁🎄🎁🎄🎁,1
Young Thug,Trap,leJNDpm_G10,Young Thug - Hot ft. Gunna &amp; Travis Scott [Official Music Video],Young Thug,1%song 99% gta radio,1
Young Thug,Trap,leJNDpm_G10,Young Thug - Hot ft. Gunna &amp; Travis Scott [Official Music Video],Young Thug,GUNNA kill this track 🔥🔥🔥,2
Young Thug,Trap,leJNDpm_G10,Young Thug - Hot ft. Gunna &amp; Travis Scott [Official Music Video],Young Thug,🎉🎉🎉🎉🎉FC🇹🇭🇹🇭🇹🇭🔥🔥🔥🔥💪💪🥦💚💚💚💚,0
Young Thug,Trap,leJNDpm_G10,Young Thug - Hot ft. Gunna &amp; Travis Scott [Official Music Video],Young Thug,$,1
Young Thug,Trap,leJNDpm_G10,Young Thug - Hot ft. Gunna &amp; Travis Scott [Official Music Video],Young Thug,3 on🔥,0
Young Thug,Trap,leJNDpm_G10,Young Thug - Hot ft. Gunna &amp; Travis Scott [Official Music Video],Young Thug,How come the song is for Young thug yet  Gunna  carried the song,0
Young Thug,Trap,leJNDpm_G10,Young Thug - Hot ft. Gunna &amp; Travis Scott [Official Music Video],Young Thug,0:27 best part,0
Young Thug,Trap,leJNDpm_G10,Young Thug - Hot ft. Gunna &amp; Travis Scott [Official Music Video],Young Thug,ও নাইস ওয়ান্ডারফুল ফ্যান্টাস্টিক 🇧🇩🇧🇩🇧🇩🇧🇩oh nice wonderful fantastic,0
Young Thug,Trap,leJNDpm_G10,Young Thug - Hot ft. Gunna &amp; Travis Scott [Official Music Video],Young Thug,GTA 5 gang,0
Young Thug,Trap,leJNDpm_G10,Young Thug - Hot ft. Gunna &amp; Travis Scott [Official Music Video],Young Thug,Legendary shi!!!!!✨✨✨✨,0
Young Thug,Trap,leJNDpm_G10,Young Thug - Hot ft. Gunna &amp; Travis Scott [Official Music Video],Young Thug,Yt Don't have captions for Thugger,0
Young Thug,Trap,leJNDpm_G10,Young Thug - Hot ft. Gunna &amp; Travis Scott [Official Music Video],Young Thug,😂😂😂,0
Young Thug,Trap,leJNDpm_G10,Young Thug - Hot ft. Gunna &amp; Travis Scott [Official Music Video],Young Thug,Trav killed this beat fr,0
Young Thug,Trap,leJNDpm_G10,Young Thug - Hot ft. Gunna &amp; Travis Scott [Official Music Video],Young Thug,This makes me glad I grew up in the 90s. Much better music,0
Young Thug,Trap,leJNDpm_G10,Young Thug - Hot ft. Gunna &amp; Travis Scott [Official Music Video],Young Thug,H💥T,1
Young Thug,Trap,leJNDpm_G10,Young Thug - Hot ft. Gunna &amp; Travis Scott [Official Music Video],Young Thug,2026?🔥,15
Young Thug,Trap,leJNDpm_G10,Young Thug - Hot ft. Gunna &amp; Travis Scott [Official Music Video],Young Thug,Did he mention Cartier? 😅,0
Young Thug,Trap,leJNDpm_G10,Young Thug - Hot ft. Gunna &amp; Travis Scott [Official Music Video],Young Thug,My smoke detector is going off! 😮 🔥,1
Young Thug,Trap,leJNDpm_G10,Young Thug - Hot ft. Gunna &amp; Travis Scott [Official Music Video],Young Thug,NOTHING WAS THE SAME 😅😅😅,2
Young Thug,Trap,leJNDpm_G10,Young Thug - Hot ft. Gunna &amp; Travis Scott [Official Music Video],Young Thug,Gtaaaaa,1
Young Thug,Trap,leJNDpm_G10,Young Thug - Hot ft. Gunna &amp; Travis Scott [Official Music Video],Young Thug,"Hot (remix) (feat. Gunna & Travis Scott)
Young Thug
(Wheezy outta here)

Hot, hot, hot, hot
Hot, hot, hot, hot
Hot, hot, hot, hot
Hot, hot, hot, hot

Everything litty, I love when it's hot
Turned up the city, I broke off the notch
Got some more millis, I keep me a knot
I created history and made me a lot
He tried to diss me and ended on Fox
We call them chopsticks 'cause they gonna chop
Took her out of Follies 'cause her pussy pop
I run it like Nike, we got it on lock

Cartier eye
I'm the bossman in a suit, but no tie
I can't be sober, I gotta stay high
Pour me some syrup in a Canada Dry
Ridin' in the spaceship like Bonnie and Clyde
Don't worry, baby, I keep me some fire
Shenenehs and Birkins, she cannot decide
The latest Mercedes her go-to surprise
Don't sleep on miss lady, her pussy a prize
Dick in her back while I'm grippin' her sides
Bigger Maybach, this ain't regular size
We really fly, we like pelican glide
Bitch, you ain't slick, I can tell the disguise
Upgraded my wrist, put baguettes in that Sky
She sing, I might sign her and change her whole life
I told her to gargle and work on her highs

Everything litty, I love when it's hot
Turned up the city, I broke off the notch
Got some more millis, I keep me a knot
I created history and made me a lot
He tried to diss me and ended on Fox
We call them chopsticks 'cause they gonna chop
Took her out of Follies 'cause her pussy pop
I run it like Nike, we got it on lock

Cash, money, checks, cash
Addy, Birkin, brand new extendos
I just wanna fuck the bitch by myself
I just passed her to the dawg like my Sprite

I took the Bentley coupe back, then I hopped in a Cayenne
I put the bitch in the front of the Bentley, in front of the driver
Ayy, man, this synthetic weed
You can't smoke in the Rolls-Royce, woah, woah
I'm still double cupped up, I'm drinkin', I shoot off your tires, huh

I'm in the coupe by myself
I had to kick a door when I was 5
Keep the awards on the shelf
Whole sixteen round in the fire
I'm sick and tired of these young niggas act like they firin', they tellin' these lies
Actin' like they the ones created this and they get all the drip from my guys

Yeah, Cartier eyes
Cartier coat, Cartier's the watch
Cartier love, Cartier, the thot
Cartier specs, buffalo on the side
Princess cut diamonds, they Cartier, yeah
Cartier bag for the Cartier thot
Sky Wrangler coupe with two hundred the dash
Cartier jeans, ain't no way I can sag
Ain't no way I'ma ever gon' go out bad
I can't go out, no way I'ma go out
I just grip on her ass and I show out
I sit like a champ and I wait on a hold-out
I just whip up a new Chanel Patek
I whip with the wrist and I don't break the door out
Turn the whole top floor to a whorehouse
Hundred racks in ones, dude brought the flood out (ooh)

Cash, money, checks, cash
Addy, Birkin, brand new extendos
I just wanna fuck the bitch by myself
I just passed her to the dawg like my Sprite (it's lit)

Hot like the 504 Boyz how I move through the lobby (hot)
Since '012, La Flame been hot just to show you the timeframe (La Flame)
Hundred mil' down on my desk, but I'm still up decidin' (straight up)
Match the M's in my account to the truck in my driveway

I'm in that four-door by myself
Know it's a hundred more niggas outside
Know they gon' ride 'til the death
Had some good years, ain't no way I get tired
I gotta do what I feel
Every day Super Bowl, fuck it, oh, well
I put a lot on myself
In the field, Richard Mille on like Odell (let's go)

She slid her hand down my pants just to grab the torpedo
I had to go back and link with my slimes like I'm thirteen and zero (it's lit)
I told her: Baby, this not the remix, this a part of the sequel (part of the seq')
No, we not livin' the same, we not makin' the same, we not equal (no)
Yah, yah, yah

Look, mom, I can fly
Had some troubles, put that shit in the sky
Brought the angels, know the devil would try
It's so hot, you thought Paris Hilton done said it (yeah, yeah)
When we come out, we can't help but leave damage (yeah, yeah, yeah)
Afterparty, Astroworld out the planet (yeah, yeah)
Laid the map out, but they didn't understand it
When I'm home, know that I fuck on a Grammy, yeah

Hot, hot, hot, hot
Hot, hot, hot, hot
Hot, hot, hot, hot, damn
Hot, hot, hot, hot

Written by: Young Thug, Travis Scott, Gunna, Wheezy.
Sent by Nunx
.
Subtitled by Gonçalo.
Revised by Alexia.
Did you see an error? Send us your revision.



More songs by Young Thug
Hot (remix) (feat. Gunna & Travis Scott)
Options
Pick Up the Phone (feat. Travi$ Scott)
Options
Hot (feat. Gunna)
O",0
Young Thug,Trap,leJNDpm_G10,Young Thug - Hot ft. Gunna &amp; Travis Scott [Official Music Video],Young Thug,Young thog 2:07 🔥,0
Young Thug,Trap,leJNDpm_G10,Young Thug - Hot ft. Gunna &amp; Travis Scott [Official Music Video],Young Thug,I hope it will be like the lady gaga update and btw in the emot i hope it will be gabriela 🤞🤞🤞,0
Young Thug,Trap,leJNDpm_G10,Young Thug - Hot ft. Gunna &amp; Travis Scott [Official Music Video],Young Thug,No matter the year this songs still banger 🔥🔥🔥🔥,0
Young Thug,Trap,leJNDpm_G10,Young Thug - Hot ft. Gunna &amp; Travis Scott [Official Music Video],Young Thug,Meus sinceros foda se,0
Young Thug,Trap,leJNDpm_G10,Young Thug - Hot ft. Gunna &amp; Travis Scott [Official Music Video],Young Thug,Who’s here after Coachella 🔥,4
Young Thug,Trap,leJNDpm_G10,Young Thug - Hot ft. Gunna &amp; Travis Scott [Official Music Video],Young Thug,😂🇳🇦,0
Young Thug,Trap,leJNDpm_G10,Young Thug - Hot ft. Gunna &amp; Travis Scott [Official Music Video],Young Thug,نغمات التي يستمله Barry tube,1
Young Thug,Trap,leJNDpm_G10,Young Thug - Hot ft. Gunna &amp; Travis Scott [Official Music Video],Young Thug,Hot😊 w 🔥🔥🔥🔥🔥🔥👑👑👑,2
Young Thug,Trap,leJNDpm_G10,Young Thug - Hot ft. Gunna &amp; Travis Scott [Official Music Video],Young Thug,Rip leggenda,1
Young Thug,Trap,leJNDpm_G10,Young Thug - Hot ft. Gunna &amp; Travis Scott [Official Music Video],Young Thug,Cartier thot I felt that,1
Young Thug,Trap,leJNDpm_G10,Young Thug - Hot ft. Gunna &amp; Travis Scott [Official Music Video],Young Thug,It’s lit,1
Young Thug,Trap,leJNDpm_G10,Young Thug - Hot ft. Gunna &amp; Travis Scott [Official Music Video],Young Thug,The most aura in a song,1
Young Thug,Trap,leJNDpm_G10,Young Thug - Hot ft. Gunna &amp; Travis Scott [Official Music Video],Young Thug,Young thug🔥🔥,1
Young Thug,Trap,leJNDpm_G10,Young Thug - Hot ft. Gunna &amp; Travis Scott [Official Music Video],Young Thug,At this point ima disappointed in young thug and gunna equally for not fixing this ish man,1
Young Thug,Trap,leJNDpm_G10,Young Thug - Hot ft. Gunna &amp; Travis Scott [Official Music Video],Young Thug,Its 2026,1
Young Thug,Trap,leJNDpm_G10,Young Thug - Hot ft. Gunna &amp; Travis Scott [Official Music Video],Young Thug,"How comes it ain't reached 1B views, it's already HOT 🔥 🔥",2
Young Thug,Trap,leJNDpm_G10,Young Thug - Hot ft. Gunna &amp; Travis Scott [Official Music Video],Young Thug,this flute😭0:44,4
Young Thug,Trap,leJNDpm_G10,Young Thug - Hot ft. Gunna &amp; Travis Scott [Official Music Video],Young Thug,"This song hit different when one of yo homies gone.

Can't deny Young Thug  been in his bag since day one, but that AUTHENTIC VIEWS DAWT CAWM boost is on another level! Dude’s literally unstoppable now. 🔥💥",3
Young Thug,Trap,leJNDpm_G10,Young Thug - Hot ft. Gunna &amp; Travis Scott [Official Music Video],Young Thug,ALGUÉM 2026 🇧🇷🇧🇷🇧🇷,3
Young Thug,Trap,leJNDpm_G10,Young Thug - Hot ft. Gunna &amp; Travis Scott [Official Music Video],Young Thug,Won’t lie it’s hard to listen to thug and gunna now,1
Young Thug,Trap,leJNDpm_G10,Young Thug - Hot ft. Gunna &amp; Travis Scott [Official Music Video],Young Thug,smoking my joint while felling this joint damnnnnnnnnnnn,1
Young Thug,Trap,leJNDpm_G10,Young Thug - Hot ft. Gunna &amp; Travis Scott [Official Music Video],Young Thug,"I created history and made me a lot
He tried to diss me and ended on Fox",2
Young Thug,Trap,leJNDpm_G10,Young Thug - Hot ft. Gunna &amp; Travis Scott [Official Music Video],Young Thug,IFruit radio on top,3
Young Thug,Trap,leJNDpm_G10,Young Thug - Hot ft. Gunna &amp; Travis Scott [Official Music Video],Young Thug,Hey son what you listening to :gta,1
Young Thug,Trap,leJNDpm_G10,Young Thug - Hot ft. Gunna &amp; Travis Scott [Official Music Video],Young Thug,The beat of this song is too powerful. Kudos to the beatmaker.,5
Young Thug,Trap,leJNDpm_G10,Young Thug - Hot ft. Gunna &amp; Travis Scott [Official Music Video],Young Thug,"This Young Thug guy is good, wish someone could create English versions of his songs",2
Young Thug,Trap,leJNDpm_G10,Young Thug - Hot ft. Gunna &amp; Travis Scott [Official Music Video],Young Thug,"When travis said ""ooooooooooooooooaaaaaaaaaaaaaaa......... OOOOOOOOOOOOOOO👽👽👽👽👽👽👽👽🤖🤖🤖🤖🤖🤖🤖"" i felt it",3
Young Thug,Trap,leJNDpm_G10,Young Thug - Hot ft. Gunna &amp; Travis Scott [Official Music Video],Young Thug,"""Heyarjuayinamia"" hits different🗣️🗣️",1
Young Thug,Trap,leJNDpm_G10,Young Thug - Hot ft. Gunna &amp; Travis Scott [Official Music Video],Young Thug,Jusqu'à 2028 je vais écouter ❤❤,1
Young Thug,Trap,leJNDpm_G10,Young Thug - Hot ft. Gunna &amp; Travis Scott [Official Music Video],Young Thug,No Panicans 🤫🇮🇱🇺🇸,1
Young Thug,Trap,leJNDpm_G10,Young Thug - Hot ft. Gunna &amp; Travis Scott [Official Music Video],Young Thug,Gta ppl understand,2
Young Thug,Trap,leJNDpm_G10,Young Thug - Hot ft. Gunna &amp; Travis Scott [Official Music Video],Young Thug,2026 and am still here,3
Young Thug,Trap,leJNDpm_G10,Young Thug - Hot ft. Gunna &amp; Travis Scott [Official Music Video],Young Thug,Still Here Haters!,5
Young Thug,Trap,leJNDpm_G10,Young Thug - Hot ft. Gunna &amp; Travis Scott [Official Music Video],Young Thug,Gta5 copied your music,2
Young Thug,Trap,leJNDpm_G10,Young Thug - Hot ft. Gunna &amp; Travis Scott [Official Music Video],Young Thug,2026?! Hot fr!!!!!!,4
Young Thug,Trap,leJNDpm_G10,Young Thug - Hot ft. Gunna &amp; Travis Scott [Official Music Video],Young Thug,3:53 o Travis manda um sixseven,2
Young Thug,Trap,leJNDpm_G10,Young Thug - Hot ft. Gunna &amp; Travis Scott [Official Music Video],Young Thug,"Nessa musica ate hoje eu não consigo falar quem levou quem, essa musica é uma relikia😊",2
Young Thug,Trap,leJNDpm_G10,Young Thug - Hot ft. Gunna &amp; Travis Scott [Official Music Video],Young Thug,So this is where the meme came from??,2
Young Thug,Trap,leJNDpm_G10,Young Thug - Hot ft. Gunna &amp; Travis Scott [Official Music Video],Young Thug,Hot nest songs in 2020,2
Young Thug,Trap,leJNDpm_G10,Young Thug - Hot ft. Gunna &amp; Travis Scott [Official Music Video],Young Thug,4/8/2026,3
Young Thug,Trap,leJNDpm_G10,Young Thug - Hot ft. Gunna &amp; Travis Scott [Official Music Video],Young Thug,Wooooow🎉,1
Young Thug,Trap,leJNDpm_G10,Young Thug - Hot ft. Gunna &amp; Travis Scott [Official Music Video],Young Thug,My kids will like this song in 2036 I swear.,3
Young Thug,Trap,leJNDpm_G10,Young Thug - Hot ft. Gunna &amp; Travis Scott [Official Music Video],Young Thug,Still to this day one of the dopest beat on planet Earth,2
Young Thug,Trap,leJNDpm_G10,Young Thug - Hot ft. Gunna &amp; Travis Scott [Official Music Video],Young Thug,ITS LIT! 2026!,2
Young Thug,Trap,leJNDpm_G10,Young Thug - Hot ft. Gunna &amp; Travis Scott [Official Music Video],Young Thug,One of favorite song lyrics 🔥🔥,1
Young Thug,Trap,leJNDpm_G10,Young Thug - Hot ft. Gunna &amp; Travis Scott [Official Music Video],Young Thug,2026 🇧🇷🔥,1
Young Thug,Trap,leJNDpm_G10,Young Thug - Hot ft. Gunna &amp; Travis Scott [Official Music Video],Young Thug,какой смысл от куплета трэвиса? это тупо перепетый куплет тага,2
Young Thug,Trap,leJNDpm_G10,Young Thug - Hot ft. Gunna &amp; Travis Scott [Official Music Video],Young Thug,Slime❤,0
Young Thug,Trap,leJNDpm_G10,Young Thug - Hot ft. Gunna &amp; Travis Scott [Official Music Video],Young Thug,Hi👌,0
Young Thug,Trap,leJNDpm_G10,Young Thug - Hot ft. Gunna &amp; Travis Scott [Official Music Video],Young Thug,Anyone here before the ww3,0
Young Thug,Trap,leJNDpm_G10,Young Thug - Hot ft. Gunna &amp; Travis Scott [Official Music Video],Young Thug,Gta also have this song,0
Young Thug,Trap,leJNDpm_G10,Young Thug - Hot ft. Gunna &amp; Travis Scott [Official Music Video],Young Thug,Wintertodt vibes.,0
Young Thug,Trap,leJNDpm_G10,Young Thug - Hot ft. Gunna &amp; Travis Scott [Official Music Video],Young Thug,I cannot stay sober i gotta stay high,1
Young Thug,Trap,leJNDpm_G10,Young Thug - Hot ft. Gunna &amp; Travis Scott [Official Music Video],Young Thug,💯💯💯,1
Young Thug,Trap,leJNDpm_G10,Young Thug - Hot ft. Gunna &amp; Travis Scott [Official Music Video],Young Thug,Gsda2aeaewwqwwqaaawaAQ IN QQQQQQQWWW 2WD TO IN W QQQQQEEE EEEE I CAN GET ❤ GDDDDD E,1
Young Thug,Trap,leJNDpm_G10,Young Thug - Hot ft. Gunna &amp; Travis Scott [Official Music Video],Young Thug,"We're everybody at in 2026😤😀,y'all here with me?",4
Young Thug,Trap,leJNDpm_G10,Young Thug - Hot ft. Gunna &amp; Travis Scott [Official Music Video],Young Thug,"Everything litty I keep me a fire, I love whn it's hot 🔥😍🥵💘😅😂❤👀💥👿❤️‍🔥💯",1
Young Thug,Trap,leJNDpm_G10,Young Thug - Hot ft. Gunna &amp; Travis Scott [Official Music Video],Young Thug,Wheezy out of here,1
Young Thug,Trap,leJNDpm_G10,Young Thug - Hot ft. Gunna &amp; Travis Scott [Official Music Video],Young Thug,Yes,2
Young Thug,Trap,_-QxSh19nDI,Young Thug &quot;Power&quot;,Young Thug,❤❤❤❤❤❤❤❤❤Bang,0
Young Thug,Trap,_-QxSh19nDI,Young Thug &quot;Power&quot;,Young Thug,🔥🔥🔥💯💪🏾,0
Young Thug,Trap,_-QxSh19nDI,Young Thug &quot;Power&quot;,Young Thug,😂😂😂,0
Young Thug,Trap,_-QxSh19nDI,Young Thug &quot;Power&quot;,Young Thug,2026🕷️🕸️,0
Young Thug,Trap,_-QxSh19nDI,Young Thug &quot;Power&quot;,Young Thug,2026 anyone?,0
Young Thug,Trap,_-QxSh19nDI,Young Thug &quot;Power&quot;,Young Thug,"macKenzieeeee scotttttttttt
$teven Johnson???¿",0
Young Thug,Trap,_-QxSh19nDI,Young Thug &quot;Power&quot;,Young Thug,My love❤,0
Young Thug,Trap,_-QxSh19nDI,Young Thug &quot;Power&quot;,Young Thug,I invoke the dragon,0
Young Thug,Trap,_-QxSh19nDI,Young Thug &quot;Power&quot;,Young Thug,even 10 years ago i did knew it that he will be successful,0
Young Thug,Trap,_-QxSh19nDI,Young Thug &quot;Power&quot;,Young Thug,Big benny binny be my big binny binny 😂😂😂,0
Young Thug,Trap,_-QxSh19nDI,Young Thug &quot;Power&quot;,Young Thug,And bye 🎹🎶🎶🪂💫🎃🤓❤❤,0
Young Thug,Trap,_-QxSh19nDI,Young Thug &quot;Power&quot;,Young Thug,Good evening my best Favorite and thank you very much,2
Young Thug,Trap,_-QxSh19nDI,Young Thug &quot;Power&quot;,Young Thug,Say what say whatt,0
Young Thug,Trap,_-QxSh19nDI,Young Thug &quot;Power&quot;,Young Thug,HAPPY FATHER'S DAY TO ALL THE DADZ XOXO ALWAYS BROOKLYN BAABE FAV 😘🪻🪻 🐐🐐🐐🐐🐐🐐🐐🐐🐐🐐🐐🦋🦋🦋🦋🦋🦋🍉🍉🍉🍉🍉🍉🍉🍉👑👑👑👑👑👑👑🤎🤎🤎🤎🙏🙏🙏🙏🙏🙏🙏🙏🤣🤣🤣🤣🤣🤣,0
Young Thug,Trap,_-QxSh19nDI,Young Thug &quot;Power&quot;,Young Thug,2:05  If I gat legs B you know am gonna get it $$,1
Young Thug,Trap,_-QxSh19nDI,Young Thug &quot;Power&quot;,Young Thug,2026❤,0
Young Thug,Trap,_-QxSh19nDI,Young Thug &quot;Power&quot;,Young Thug,Colombinos escuchando ?? 💯🇨🇴🇺🇸,0
Young Thug,Trap,_-QxSh19nDI,Young Thug &quot;Power&quot;,Young Thug,SC x,0
Young Thug,Trap,_-QxSh19nDI,Young Thug &quot;Power&quot;,Young Thug,"This dude, I've listened to his music since I was a young boy at grade 8 today iam 41 years of age still listening to music that motivates me through some life challenges❤ ❤❤❤❤❤",0
Young Thug,Trap,_-QxSh19nDI,Young Thug &quot;Power&quot;,Young Thug,Brodie I feel this one you want be disappointed I’m fina go #Logan,1
Young Thug,Trap,_-QxSh19nDI,Young Thug &quot;Power&quot;,Young Thug,2k16 is the new 2k26 🎉🎉🎉,0
Young Thug,Trap,_-QxSh19nDI,Young Thug &quot;Power&quot;,Young Thug,Zw1 Zimbabwe 🇿🇼 Central Intelligence Organisation zw1/zw1 enter Beata Boombastic anti virus zw1/,0
Young Thug,Trap,_-QxSh19nDI,Young Thug &quot;Power&quot;,Young Thug,Zw1 Zimbabwe 🇿🇼 Central Intelligence Organisation zw1/zw1 enter Beata Boombastic anti virus zw1/,0
Young Thug,Trap,_-QxSh19nDI,Young Thug &quot;Power&quot;,Young Thug,Zw1 Zimbabwe 🇿🇼 Central Intelligence Organisation zw1/zw1 enter Beata Boombastic anti virus zw1/,0
Young Thug,Trap,_-QxSh19nDI,Young Thug &quot;Power&quot;,Young Thug,"Bitch, I dig it, I eat ice cream with my chickens 🐔 
I spoiled my bitch and now she acting like a brat (yeah, yeah). 
Prince, move over.",0
Young Thug,Trap,_-QxSh19nDI,Young Thug &quot;Power&quot;,Young Thug,Hi,1
Young Thug,Trap,_-QxSh19nDI,Young Thug &quot;Power&quot;,Young Thug,Yo,1
Young Thug,Trap,_-QxSh19nDI,Young Thug &quot;Power&quot;,Young Thug,The older his music gets the more i am going to appreciate it 👌🏼,0
Young Thug,Trap,_-QxSh19nDI,Young Thug &quot;Power&quot;,Young Thug,"Can't deny Young Thug been in his bag since day one, but that AUTHENTIC VIEWS DAWT CAWM boost is on another level! Dude’s literally unstoppable now. 🔥💥",5
Young Thug,Trap,_-QxSh19nDI,Young Thug &quot;Power&quot;,Young Thug,Nothing wrong with not traveling though. Love. Hopefully thugger and I work together in the future.,1
Young Thug,Trap,_-QxSh19nDI,Young Thug &quot;Power&quot;,Young Thug,Young thug sounds good.,1
Young Thug,Trap,_-QxSh19nDI,Young Thug &quot;Power&quot;,Young Thug,Caught up in the system. Maybe I one day I escaped the system.,1
Young Thug,Trap,_-QxSh19nDI,Young Thug &quot;Power&quot;,Young Thug,Blessed. I can’t go no where in travel. Sad. Straight though. All love. Dwl.,0
Young Thug,Trap,_-QxSh19nDI,Young Thug &quot;Power&quot;,Young Thug,STOP,1
Young Thug,Trap,_-QxSh19nDI,Young Thug &quot;Power&quot;,Young Thug,GLORIA A DEUS CRIADOOOR,1
Young Thug,Trap,_-QxSh19nDI,Young Thug &quot;Power&quot;,Young Thug,ESTE É LÚÇIFFER,1
Young Thug,Trap,_-QxSh19nDI,Young Thug &quot;Power&quot;,Young Thug,2026 Bolivia en la pen house 🇧🇴,2
Young Thug,Trap,_-QxSh19nDI,Young Thug &quot;Power&quot;,Young Thug,❤,2
Young Thug,Trap,_-QxSh19nDI,Young Thug &quot;Power&quot;,Young Thug,Today anybody,0
Young Thug,Trap,_-QxSh19nDI,Young Thug &quot;Power&quot;,Young Thug,Work up thinking about this song I so relate to it this year can't believe we ten year this year feels like yesterday...🎉🎉🎉🎉,1
Young Thug,Trap,_-QxSh19nDI,Young Thug &quot;Power&quot;,Young Thug,Power is goated 🔥🙌,0
Young Thug,Trap,_-QxSh19nDI,Young Thug &quot;Power&quot;,Young Thug,"13 bumpin this in a middle school full of mexicans & they all loved it.  memories bro, memories",1
Young Thug,Trap,_-QxSh19nDI,Young Thug &quot;Power&quot;,Young Thug,"power 
dropping jewels 
digits
blaming Jesus 
miss my dogs     BEST OF ALL TIME",2
Young Thug,Trap,_-QxSh19nDI,Young Thug &quot;Power&quot;,Young Thug,2026 may who here,31
Young Thug,Trap,_-QxSh19nDI,Young Thug &quot;Power&quot;,Young Thug,May,2
Young Thug,Trap,_-QxSh19nDI,Young Thug &quot;Power&quot;,Young Thug,Me,0
Young Thug,Trap,_-QxSh19nDI,Young Thug &quot;Power&quot;,Young Thug,Familia Pascual loveee❤❤❤,1
Young Thug,Trap,_-QxSh19nDI,Young Thug &quot;Power&quot;,Young Thug,ten years later,1
Young Thug,Trap,_-QxSh19nDI,Young Thug &quot;Power&quot;,Young Thug,2026 ??? 😍😍😍,0
Young Thug,Trap,_-QxSh19nDI,Young Thug &quot;Power&quot;,Young Thug,"Everything is perfect except Micheal, he's struggle to have a conversation in english I can see that.....and am to😂",0
Young Thug,Trap,_-QxSh19nDI,Young Thug &quot;Power&quot;,Young Thug,🔥🔥🔥,0
Young Thug,Trap,_-QxSh19nDI,Young Thug &quot;Power&quot;,Young Thug,😢😢 esta musica 😢😢😢 merecuerda mi peores momento😢😢 Dios mio esta  vidad solo me aadado  basura,0
Young Thug,Trap,_-QxSh19nDI,Young Thug &quot;Power&quot;,Young Thug,Bring back 2015 thug,1
Young Thug,Trap,_-QxSh19nDI,Young Thug &quot;Power&quot;,Young Thug,yep,0
Young Thug,Trap,_-QxSh19nDI,Young Thug &quot;Power&quot;,Young Thug,They gonna make their shit about the devil satan and snakes to keep you out their grass because they rich rich they don’t want yall in them on them around them 💯,1
Young Thug,Trap,_-QxSh19nDI,Young Thug &quot;Power&quot;,Young Thug,😊😊😊,1
Young Thug,Trap,_-QxSh19nDI,Young Thug &quot;Power&quot;,Young Thug,Poweeeer,1
Young Thug,Trap,_-QxSh19nDI,Young Thug &quot;Power&quot;,Young Thug,Always we need to bust him out,0
Young Thug,Trap,_-QxSh19nDI,Young Thug &quot;Power&quot;,Young Thug,"Young Thug has had sex with Birdman.
Think about that.",0
Young Thug,Trap,_-QxSh19nDI,Young Thug &quot;Power&quot;,Young Thug,Anyone listening to this today?? ❤,0
Young Thug,Trap,_-QxSh19nDI,Young Thug &quot;Power&quot;,Young Thug,Like if you was in High School bumping this🔥🔥,0
Young Thug,Trap,_-QxSh19nDI,Young Thug &quot;Power&quot;,Young Thug,💃🏼🕺💃🏿🕺🏾💃🕺🏿💃🏽🕺🏻💃🏻🌎🌏🌍❤️❤️❤️🙏🙏🙏,1
Young Thug,Trap,_-QxSh19nDI,Young Thug &quot;Power&quot;,Young Thug,Yess,1
Young Thug,Trap,_-QxSh19nDI,Young Thug &quot;Power&quot;,Young Thug,His dance moves...lean Power😂,0
Young Thug,Trap,_-QxSh19nDI,Young Thug &quot;Power&quot;,Young Thug,❤❤❤❤🤘💯,0
Young Thug,Trap,_-QxSh19nDI,Young Thug &quot;Power&quot;,Young Thug,What up slim🥃,0
Young Thug,Trap,_-QxSh19nDI,Young Thug &quot;Power&quot;,Young Thug,🇨🇴🇨🇴🇨🇴🇨🇴🇨🇴🇨🇴🇨🇴 2026 siento el power,0
Young Thug,Trap,_-QxSh19nDI,Young Thug &quot;Power&quot;,Young Thug,Albert Doise,1
Young Thug,Trap,_-QxSh19nDI,Young Thug &quot;Power&quot;,Young Thug,any kenyans 🇰🇪 in the house 🤚,0
Young Thug,Trap,_-QxSh19nDI,Young Thug &quot;Power&quot;,Young Thug,Lol,2
Young Thug,Trap,_-QxSh19nDI,Young Thug &quot;Power&quot;,Young Thug,Lawaurerrrrr,1
Young Thug,Trap,_-QxSh19nDI,Young Thug &quot;Power&quot;,Young Thug,Power Time go,0
Young Thug,Trap,_-QxSh19nDI,Young Thug &quot;Power&quot;,Young Thug,🔥🔥,0
Young Thug,Trap,_-QxSh19nDI,Young Thug &quot;Power&quot;,Young Thug,"Big Terry boys  clubhouse Saturday night set shit off party .
May 15th 2026  
Precise  area LA
Longs area hwy number l9 between  Longs and  the bottom Loris south Carolina 

Reden Boro road second right off of main entrance road 
Called Cedar Branch road hwy 9
Big Dan's sports bar 
Mrs Maria Marsha Ann, carry Ann
Starring choosy lover,
The vice president Jimmy W.
Cruiser Brusier .
Hurricane Trinna J
Shake and bake 
Like nephew 
Shake shake 
Jump drop  scrape the Pots
With the clean up Man and Japanese Jackson 
Terry and jap 
Im trying to get there Saturday morning around 1am
Lee Marvin Livingston 
Father
Mr Marshall B Livingston
Murk
Nephew of 5 Gs *************
Liston
Loston
Sanford
Chancy
Marvin (jewey)
Livingston.
😮shir  thats Lee Livingston 
Marvin Livingston 
Just 
Lee.Marvin Trump 😅😂",0
Young Thug,Trap,_-QxSh19nDI,Young Thug &quot;Power&quot;,Young Thug,nah prime thug was a menace,0
Young Thug,Trap,_-QxSh19nDI,Young Thug &quot;Power&quot;,Young Thug,thugga so hard,1
Young Thug,Trap,_-QxSh19nDI,Young Thug &quot;Power&quot;,Young Thug,Yeppp Still listening Today 2026 Thanks for Sharing 👍,1
Young Thug,Trap,_-QxSh19nDI,Young Thug &quot;Power&quot;,Young Thug,Can't believe it's 10 years already blonde thugga was him fr 🔥🔥🔥,0
Young Thug,Trap,_-QxSh19nDI,Young Thug &quot;Power&quot;,Young Thug,Anyone watching now🔥🔥,2
Young Thug,Trap,_-QxSh19nDI,Young Thug &quot;Power&quot;,Young Thug,Jeffrey ❤,1
Young Thug,Trap,_-QxSh19nDI,Young Thug &quot;Power&quot;,Young Thug,Pop smokea power ybz young bosses,1
Young Thug,Trap,_-QxSh19nDI,Young Thug &quot;Power&quot;,Young Thug,"En el nombre de Allah (Dios), el Compasivo, el Misericordioso.

La paz sea con aquellos que siguen la guía.

Hemos enviado un mensajero a cada comunidad: ""Adorad a Allah y apartaos de los Tagut.""Y hubo entre ellos a quien Allah guió, pero hubo en quien se hizo realidad el extravío.Recorred pues la tierra y ved cómo acabaron los que negaron la verdad. Corán (16:36)

Taghut: significa cualquier cosa adorada además de Allah (Dios).

Hay cinco cabezas de taghut

Satanás: El instigador supremo que incita a la gente a desobedecer a Alá (Dios) y a adorar a otros.
Aquel que es adorado y se complace con ello: Alguien (o algo) adorado además de Alá (Dios), que se complace con esa adoración (por ejemplo, ídolos, santos fallecidos adorados falsamente).
Quien afirma conocer lo Oculto (Ghayb): Alguien que afirma falsamente conocer asuntos ocultos, que pertenecen solo a Alá (Dios).
Quien incita a la gente a adorarse a sí mismo: Un líder o figura que invita activamente a otros a adorarle, independientemente de si cumplen o no.
Quien no juzga con base en lo que Alá ha revelado: Un gobernante o autoridad que sustituye la ley divina de Alá con leyes humanas, desviando a la gente del camino de Dios.

Y no he creado a los genios y a los hombres sino para que Me adoren. Corán (51:56)

""Él es Quien creó la muerte y la vida para probaros y ver cuál de vosotros sería mejor en obras. Corán (67:2)

Realmente la práctica de Adoración ante Allah es el Islam. Corán (3:19)

Y quien desee otra práctica de Adoración que no sea el Islam. no le será aceptada y en la Última Vida será de los perdedores. Corán (3:85)

Toda alma probará la muerte. Y el Día del Levantamiento se os pagará cumplidamente la retribución que os corresponda.Quien sea alejado del Fuego e introducido en el Jardín, habrá triunfado. La vida de este mundo no es sino el disfrute engañoso de lo que se acaba. Corán (3:185)

La vida del mundo no es sino juego y distracción, la verdadera vida es la morada de la Última Vida, si supieran. Corán (29:64)

Ni vuestra consanguinidad ni vuestros hijos os servirán el Día del Levantamiento. Cada uno de vosotros tendrá el juicio que le corresponda. Allah ve lo que hacéis. Corán (60:3)

Y al que está ciego para el recuerdo del Misericordioso le asignamos un demonio que se convierte en su compañero inseparable. Y éstos les apartan del camino mientras ellos se creen guiados. Corán (43:36-37)",2
Young Thug,Trap,_-QxSh19nDI,Young Thug &quot;Power&quot;,Young Thug,"In the name of Allah(God), the Most Gracious, the Most Merciful

Peace be with those who follow the guidance

And We certainly sent into every nation a messenger, [saying], ""Worship Allah and avoid Taghut."" And among them were those whom Allah guided, and among them were those upon whom error was [deservedly] decreed. So proceed through the earth and observe how was the end of the deniers. Quran (16:36)

Taghut: means anything worshipped besides Allah(God).

There are five heads of taghut

Satan: The ultimate instigator who calls people to disobey Allah(God) and worship others.
The one worshipped and pleased with it: Someone (or something) worshipped besides Allah(God), who is content with that worship (e.g., idols, deceased saints worshipped falsely).
The one who claims knowledge of the Unseen (Ghayb): Someone who falsely asserts knowledge of hidden matters, which belongs only to Allah(God).
The one who calls people to worship himself: A leader or figure who actively invites others to worship him, regardless of whether they comply.
The one who judges by other than what Allah has revealed: A ruler or authority who substitutes Allah's divine law with man-made laws, leading people away from God's path. 

I did not create jinn and humans except to worship Me. Quran (51:56)

He] who created death and life to test you [as to] which of you is best in deed Quran (67:2)

Indeed, the religion in the sight of Allah is Islam. Quran (3:19)

Whoever seeks a way other than Islam,1 it will never be accepted from them, and in the Hereafter they will be among the losers. Quran (3:85)

Every soul will taste death. And you will only receive your full reward on the Day of Judgment. Whoever is spared from the Fire and is admitted into Paradise will ˹indeed˺ triumph, whereas the life of this world is no more than the delusion of enjoyment. Quran (3:185)

And this worldly life is not but diversion and amusement. And indeed, the home of the Hereafter - that is the [eternal] life, if only they knew. Quran (29:64)

Neither your relatives nor children will benefit you on Judgment Day—He will decide between you ˹all˺. For Allah is All-Seeing of what you do. Quran (60:3)

And whoever turns a blind eye to the Reminder of the Most Compassionate, We place at the disposal of each a devilish one as their close associate, who will certainly hinder them from the ˹Right˺ Way while they think they are ˹rightly˺ guided. Quran (43:36-37)",1
Young Thug,Trap,_-QxSh19nDI,Young Thug &quot;Power&quot;,Young Thug,"Can't deny Young Thug been in his bag since day one, but that AUTHENTIC VIEWS DAWT CAWM boost is on another level! Dude’s literally unstoppable now. 🔥💥",8
Young Thug,Trap,_-QxSh19nDI,Young Thug &quot;Power&quot;,Young Thug,Miss old thug,1
Young Thug,Trap,_-QxSh19nDI,Young Thug &quot;Power&quot;,Young Thug,Still here. Present. #TSG,2
Young Thug,Trap,_-QxSh19nDI,Young Thug &quot;Power&quot;,Young Thug,2026 ❤🎉,1
Young Thug,Trap,_-QxSh19nDI,Young Thug &quot;Power&quot;,Young Thug,hes actually rapping,0
Young Thug,Trap,_-QxSh19nDI,Young Thug &quot;Power&quot;,Young Thug,its not,0
Young Thug,Trap,_-QxSh19nDI,Young Thug &quot;Power&quot;,Young Thug,💡 🧠🌇🔥 🎓,1
Young Thug,Trap,_-QxSh19nDI,Young Thug &quot;Power&quot;,Young Thug,🇦🇼🇦🇼🇦🇼,0
Young Thug,Trap,_-QxSh19nDI,Young Thug &quot;Power&quot;,Young Thug,Thugerrr❤ 🏆🏆,0
Young Thug,Trap,_-QxSh19nDI,Young Thug &quot;Power&quot;,Young Thug,Yes big Legende Young Thug anybody 2026 🎉🎉🎉🎉😊,2
Young Thug,Trap,_-QxSh19nDI,Young Thug &quot;Power&quot;,Young Thug,"I still rememebr when this shit dropped and i though he said "" first you get that money then you get that power up""😂😂it took me so long to find this years ago thinking it was called power up😂",0
Young Thug,Trap,_-QxSh19nDI,Young Thug &quot;Power&quot;,Young Thug,It's crazy that this is old school now,51
Young Thug,Trap,_-QxSh19nDI,Young Thug &quot;Power&quot;,Young Thug,Raw,1
Young Thug,Trap,_-QxSh19nDI,Young Thug &quot;Power&quot;,Young Thug,MC Murad forever,0
Young Thug,Trap,_-QxSh19nDI,Young Thug &quot;Power&quot;,Young Thug,Btch I 🪏 it I eat 🍦 wit my 🍗   😂,0
Young Thug,Trap,_-QxSh19nDI,Young Thug &quot;Power&quot;,Young Thug,boooooommmmmm,0
Young Thug,Trap,_-QxSh19nDI,Young Thug &quot;Power&quot;,Young Thug,Get behind the house,0
Young Thug,Trap,_-QxSh19nDI,Young Thug &quot;Power&quot;,Young Thug,"If I got legs, bitch, you know I'm gonna get it

Y’all ain’t hear dat nigga !!!!",1
Young Thug,Trap,_-QxSh19nDI,Young Thug &quot;Power&quot;,Young Thug,May 6th ❤,0
Young Thug,Trap,_-QxSh19nDI,Young Thug &quot;Power&quot;,Young Thug,10 years I’m big 10 ATL let me in!! 🙏🏾❤️,1
Young Thug,Trap,_-QxSh19nDI,Young Thug &quot;Power&quot;,Young Thug,"May 2026, anyone??😎",1
Young Thug,Trap,_-QxSh19nDI,Young Thug &quot;Power&quot;,Young Thug,"GABRIEL DOMINIC AND ANNA A. ANTHONY VAYE AND PREZTON G. VAYE.
ANNA_K3LLY50...
ANNA A. ANTHONY VAYE AND PREZTON G. VAYE.",0
Young Thug,Trap,_-QxSh19nDI,Young Thug &quot;Power&quot;,Young Thug,Weed  hit different 10 years ago blasting this song,0
Young Thug,Trap,_-QxSh19nDI,Young Thug &quot;Power&quot;,Young Thug,I miss this thug that lil black MF had hits back to back,0
Young Thug,Trap,_-QxSh19nDI,Young Thug &quot;Power&quot;,Young Thug,Long live Quan man🙏🙏🙏🙏,1
Young Thug,Trap,_-QxSh19nDI,Young Thug &quot;Power&quot;,Young Thug,Still slimes Best Song,2
Young Thug,Trap,_-QxSh19nDI,Young Thug &quot;Power&quot;,Young Thug,"Had to rip my trousers that year to dress like young thug.
I'm a Mad fan 😂😂",0
Young Thug,Trap,_-QxSh19nDI,Young Thug &quot;Power&quot;,Young Thug,Who's here may 2026?,3
Young Thug,Trap,_-QxSh19nDI,Young Thug &quot;Power&quot;,Young Thug,i miss skinny thug 😭,0
Young Thug,Trap,_-QxSh19nDI,Young Thug &quot;Power&quot;,Young Thug,2:00 i eat ice cream with my chicken,1
Young Thug,Trap,_-QxSh19nDI,Young Thug &quot;Power&quot;,Young Thug,MAY 2026??,2
Young Thug,Trap,_-QxSh19nDI,Young Thug &quot;Power&quot;,Young Thug,🇧🇷🇧🇷🇧🇷,1
Young Thug,Trap,_-QxSh19nDI,Young Thug &quot;Power&quot;,Young Thug,Listen at .65 playback speed … pleaseeeee,2
Young Thug,Trap,_-QxSh19nDI,Young Thug &quot;Power&quot;,Young Thug,Dope music video 🎤🎵🎶💯💥🔥✌🏽🤘🏽,1
Young Thug,Trap,_-QxSh19nDI,Young Thug &quot;Power&quot;,Young Thug,THE STREETS ARE A MYSTERY... these Busta tell on each other and the whole GANG,2
Young Thug,Trap,_-QxSh19nDI,Young Thug &quot;Power&quot;,Young Thug,Umthandazo,1
Young Thug,Trap,_-QxSh19nDI,Young Thug &quot;Power&quot;,Young Thug,Power 2026 ❤❤❤❤❤,2
Young Thug,Trap,_-QxSh19nDI,Young Thug &quot;Power&quot;,Young Thug,Nga i created u nga 😂❤,4
Young Thug,Trap,_-QxSh19nDI,Young Thug &quot;Power&quot;,Young Thug,he gotta be a top ten all time best he came with something different and had a good short run,0
Young Thug,Trap,_-QxSh19nDI,Young Thug &quot;Power&quot;,Young Thug,Even a glitch is man made...so is this song🙏,0
Young Thug,Trap,_-QxSh19nDI,Young Thug &quot;Power&quot;,Young Thug,Bebe zendaya got me saying that Bebe snow dog sled,0
Young Thug,Trap,_-QxSh19nDI,Young Thug &quot;Power&quot;,Young Thug,Man!! this song takes me back ❤,0
Young Thug,Trap,_-QxSh19nDI,Young Thug &quot;Power&quot;,Young Thug,"Flash Back: Riding through my city ATL in my late 20s candy painted TTOP Monte Carlo on 26s, Windows down going from club to club parking lots. Watching all the 304s breaking their necks to see who that is beating the parking lot down. GOOOD TIMESS MAN lol...",0
Young Thug,Trap,_-QxSh19nDI,Young Thug &quot;Power&quot;,Young Thug,2026 thuggaholic,0
Young Thug,Trap,_-QxSh19nDI,Young Thug &quot;Power&quot;,Young Thug,GOATTTTT FOR REALLL,1
Young Thug,Trap,_-QxSh19nDI,Young Thug &quot;Power&quot;,Young Thug,2026🇧🇷🎶,0
Young Thug,Trap,_-QxSh19nDI,Young Thug &quot;Power&quot;,Young Thug,banger kl atemporal ctmmm,0
Young Thug,Trap,_-QxSh19nDI,Young Thug &quot;Power&quot;,Young Thug,She got good head so she welcome to my business,0
Young Thug,Trap,_-QxSh19nDI,Young Thug &quot;Power&quot;,Young Thug,This n Codeine crazy go well together,0
Young Thug,Trap,_-QxSh19nDI,Young Thug &quot;Power&quot;,Young Thug,Hola ❤.,0
Young Thug,Trap,_-QxSh19nDI,Young Thug &quot;Power&quot;,Young Thug,Masterpiece 💯,0
Young Thug,Trap,_-QxSh19nDI,Young Thug &quot;Power&quot;,Young Thug,Dam Atlanta was definitely a different person in 2016 😂😂😂,0
Young Thug,Trap,_-QxSh19nDI,Young Thug &quot;Power&quot;,Young Thug,"Bro please come Germany we love you, Leipzig Ukraine",0
Young Thug,Trap,_-QxSh19nDI,Young Thug &quot;Power&quot;,Young Thug,2026🎉,0
Young Thug,Trap,_-QxSh19nDI,Young Thug &quot;Power&quot;,Young Thug,This is just garbage. Ass. Wtf is wrong with these people,0
Young Thug,Trap,_-QxSh19nDI,Young Thug &quot;Power&quot;,Young Thug,2030 you here yet ? Is this still a hit ? 🔥🔥🔥,0
Young Thug,Trap,_-QxSh19nDI,Young Thug &quot;Power&quot;,Young Thug,Amazing,0
Young Thug,Trap,_-QxSh19nDI,Young Thug &quot;Power&quot;,Young Thug,The best song of Young Thug,0
Young Thug,Trap,_-QxSh19nDI,Young Thug &quot;Power&quot;,Young Thug,Still a banger,0
Young Thug,Trap,_-QxSh19nDI,Young Thug &quot;Power&quot;,Young Thug,This song still hits harder in 2026 no cap...anyone believe me?,1
Young Thug,Trap,_-QxSh19nDI,Young Thug &quot;Power&quot;,Young Thug,best bass song,1
Young Thug,Trap,_-QxSh19nDI,Young Thug &quot;Power&quot;,Young Thug,What a time to be alive when this dropped,2
Young Thug,Trap,_-QxSh19nDI,Young Thug &quot;Power&quot;,Young Thug,Real song young thug real tru,0
Young Thug,Trap,_-QxSh19nDI,Young Thug &quot;Power&quot;,Young Thug,COACHELLLAAAA BABBBYYYYYYYY🎉🎉🎉🎉🎉🎉🎉🎉❤❤❤❤❤❤❤❤❤❤,1
Young Thug,Trap,_-QxSh19nDI,Young Thug &quot;Power&quot;,Young Thug,GUCCI?,0
Young Thug,Trap,_-QxSh19nDI,Young Thug &quot;Power&quot;,Young Thug,THIS SONG IS LEGENDARY YOUNG THUG IS A TRUE RAPPER,2
Young Thug,Trap,_-QxSh19nDI,Young Thug &quot;Power&quot;,Young Thug,Щоп он Нойки,0
Young Thug,Trap,_-QxSh19nDI,Young Thug &quot;Power&quot;,Young Thug,Битщ блоко блоко он ниггга овридой,0
Young Thug,Trap,_-QxSh19nDI,Young Thug &quot;Power&quot;,Young Thug,Прошй он гив мой мони,0
Young Thug,Trap,_-QxSh19nDI,Young Thug &quot;Power&quot;,Young Thug,Рилли рилли он мой нок,0
Young Thug,Trap,_-QxSh19nDI,Young Thug &quot;Power&quot;,Young Thug,Йонг Тог,0
Young Thug,Trap,_-QxSh19nDI,Young Thug &quot;Power&quot;,Young Thug,Всё Чили розыск,0
Young Thug,Trap,_-QxSh19nDI,Young Thug &quot;Power&quot;,Young Thug,Rip 🪦,0
Young Thug,Trap,_-QxSh19nDI,Young Thug &quot;Power&quot;,Young Thug,Banger ‼️💯 definitely 💪🏽👊🏾,0
Young Thug,Trap,_-QxSh19nDI,Young Thug &quot;Power&quot;,Young Thug,She got head so she welcome  2 my beanie slept bar ever,1
Young Thug,Trap,_-QxSh19nDI,Young Thug &quot;Power&quot;,Young Thug,They will never make me hate this man,3
Young Thug,Trap,_-QxSh19nDI,Young Thug &quot;Power&quot;,Young Thug,Before I go without a sack,0
Young Thug,Trap,_-QxSh19nDI,Young Thug &quot;Power&quot;,Young Thug,Summer 2016,0
Young Thug,Trap,_-QxSh19nDI,Young Thug &quot;Power&quot;,Young Thug,The solid um um girl feet of public exposure,2
Young Thug,Trap,_-QxSh19nDI,Young Thug &quot;Power&quot;,Young Thug,The solid um um man kind excersizes of of public park running and running shoes culture!,0
Young Thug,Trap,_-QxSh19nDI,Young Thug &quot;Power&quot;,Young Thug,Петухи,0
Young Thug,Trap,_-QxSh19nDI,Young Thug &quot;Power&quot;,Young Thug,Тебе,0
Young Thug,Trap,_-QxSh19nDI,Young Thug &quot;Power&quot;,Young Thug,тебе,0
Young Thug,Trap,_-QxSh19nDI,Young Thug &quot;Power&quot;,Young Thug,"Отущила
Так всё цирк стоп
Забрал тридцатку боевых потронов на Потроон к ДК Бабушки Друга не мешай мне я пишу",0
Young Thug,Trap,_-QxSh19nDI,Young Thug &quot;Power&quot;,Young Thug,Да я понимаю обчество,0
Young Thug,Trap,_-QxSh19nDI,Young Thug &quot;Power&quot;,Young Thug,Юристов любимая замашка онороксио исправь снащала мне,0
Young Thug,Trap,_-QxSh19nDI,Young Thug &quot;Power&quot;,Young Thug,Педрилки законные,0
Young Thug,Trap,_-QxSh19nDI,Young Thug &quot;Power&quot;,Young Thug,Слепоты ноль щто за протонзио,0
Young Thug,Trap,_-QxSh19nDI,Young Thug &quot;Power&quot;,Young Thug,Я и не вёл себя не по Уставу в Слипщенко токльо хостл,0
Young Thug,Trap,_-QxSh19nDI,Young Thug &quot;Power&quot;,Young Thug,Не по Уставу,0
Young Thug,Trap,_-QxSh19nDI,Young Thug &quot;Power&quot;,Young Thug,Ей понравилось^^,0
Young Thug,Trap,_-QxSh19nDI,Young Thug &quot;Power&quot;,Young Thug,I remember walking to This to school in 10th grade 10 years went to quick😂,4
Young Thug,Trap,_-QxSh19nDI,Young Thug &quot;Power&quot;,Young Thug,2026 🙌,0
Young Thug,Trap,_-QxSh19nDI,Young Thug &quot;Power&quot;,Young Thug,Wife gone I'm so lonely God please answer me 😭💔😭 all alone 💔😭 but alive 😭🙏 wish I could win 🙏 a prize like that Charger sweepstakes ❤God hear Answer me 🙏❤️🙏❤️🙏♥️,1
Young Thug,Trap,_-QxSh19nDI,Young Thug &quot;Power&quot;,Young Thug,2026 December Anyone Here?,1
Young Thug,Trap,_-QxSh19nDI,Young Thug &quot;Power&quot;,Young Thug,I love you young thug,2
Young Thug,Trap,_-QxSh19nDI,Young Thug &quot;Power&quot;,Young Thug,Dam I'm old ts was 10 years ago,0
Young Thug,Trap,_-QxSh19nDI,Young Thug &quot;Power&quot;,Young Thug,Eyy hahaha,1
Young Thug,Trap,_-QxSh19nDI,Young Thug &quot;Power&quot;,Young Thug,People who heard of it or listened to it but didn't comment banger!!!!,3
Young Thug,Trap,_-QxSh19nDI,Young Thug &quot;Power&quot;,Young Thug,The first song am gonna play when am rich (this song will never get old🔥),1
Young Thug,Trap,_-QxSh19nDI,Young Thug &quot;Power&quot;,Young Thug,🇧🇷👽🚀👊🏿,0
Young Thug,Trap,_-QxSh19nDI,Young Thug &quot;Power&quot;,Young Thug,2026 anyone ?,6
Young Thug,Trap,_-QxSh19nDI,Young Thug &quot;Power&quot;,Young Thug,Hell yeah always $ then power well powderr,0
Young Thug,Trap,_-QxSh19nDI,Young Thug &quot;Power&quot;,Young Thug,Lil baby so sexi wish we could hook up,1
Young Thug,Trap,_-QxSh19nDI,Young Thug &quot;Power&quot;,Young Thug,"Maaaaaan high school was a hell of time when thug when was droppin shit like this. Shit was revolutionary for rap music, came in and changed the game.",5
Young Thug,Trap,_-QxSh19nDI,Young Thug &quot;Power&quot;,Young Thug,April 1 2026 anyone,0
Young Thug,Trap,_-QxSh19nDI,Young Thug &quot;Power&quot;,Young Thug,RIP gone forever hell bound 🧾🪢👻👿👿👿,0
Young Thug,Trap,_-QxSh19nDI,Young Thug &quot;Power&quot;,Young Thug,Meke meksa,0
Young Thug,Trap,_-QxSh19nDI,Young Thug &quot;Power&quot;,Young Thug,Black panther,0
Young Thug,Trap,_-QxSh19nDI,Young Thug &quot;Power&quot;,Young Thug,2026,0
Young Thug,Trap,_-QxSh19nDI,Young Thug &quot;Power&quot;,Young Thug,صدق الله العظيم,0
Young Thug,Trap,_-QxSh19nDI,Young Thug &quot;Power&quot;,Young Thug,Next level editing 🔥,0
Young Thug,Trap,_-QxSh19nDI,Young Thug &quot;Power&quot;,Young Thug,Rest in peace to older brother 😢this was one of he's favourite songs 🎉❤,2
Young Thug,Trap,_-QxSh19nDI,Young Thug &quot;Power&quot;,Young Thug,PiII,0
Young Thug,Trap,_-QxSh19nDI,Young Thug &quot;Power&quot;,Young Thug,♌️ 8/9 🔥🎶🔥🎶🔥🎶🔥🎶🔥🎶🔥,1
Young Thug,Trap,_-QxSh19nDI,Young Thug &quot;Power&quot;,Young Thug,I hope they spend less than 1000 when making this video.,0
Young Thug,Trap,_-QxSh19nDI,Young Thug &quot;Power&quot;,Young Thug,Greatest hits ❤,0
Young Thug,Trap,_-QxSh19nDI,Young Thug &quot;Power&quot;,Young Thug,Alony in 2026,1
Young Thug,Trap,_-QxSh19nDI,Young Thug &quot;Power&quot;,Young Thug,Blow your candles out dead bitch...damn that shit cold😂,0
Young Thug,Trap,_-QxSh19nDI,Young Thug &quot;Power&quot;,Young Thug,2026 still banger 🏆🏆🏆🏆🏆,0
Young Thug,Trap,_-QxSh19nDI,Young Thug &quot;Power&quot;,Young Thug,did yall come chekin if theres 2026 people watching on every banger of thug? thats the way.,1
Young Thug,Trap,_-QxSh19nDI,Young Thug &quot;Power&quot;,Young Thug,❤❤❤😂😂😂 Men. this song. it s wow,0
Young Thug,Trap,_-QxSh19nDI,Young Thug &quot;Power&quot;,Young Thug,No blouser,1
Young Thug,Trap,_-QxSh19nDI,Young Thug &quot;Power&quot;,Young Thug,🌧️,0
Young Thug,Trap,_-QxSh19nDI,Young Thug &quot;Power&quot;,Young Thug,We god,0
Young Thug,Trap,_-QxSh19nDI,Young Thug &quot;Power&quot;,Young Thug,Ok❤,0
Young Thug,Trap,_-QxSh19nDI,Young Thug &quot;Power&quot;,Young Thug,2026 we here ❤,2
Young Thug,Trap,_-QxSh19nDI,Young Thug &quot;Power&quot;,Young Thug,Still bangs 🔥🔥🔥,1
Young Thug,Trap,_-QxSh19nDI,Young Thug &quot;Power&quot;,Young Thug,This was my go to after lil Wayne went on his skate board journey😂 what a time to be alive,0
Young Thug,Trap,_-QxSh19nDI,Young Thug &quot;Power&quot;,Young Thug,HERE FOR BIG HOMIE !!!! 💜YE,0
Young Thug,Trap,_-QxSh19nDI,Young Thug &quot;Power&quot;,Young Thug,Let's go to Atlanta with our laywers🎉,0
Young Thug,Trap,_-QxSh19nDI,Young Thug &quot;Power&quot;,Young Thug,Power 🐍💎😈🪄🖤,2
Young Thug,Trap,_-QxSh19nDI,Young Thug &quot;Power&quot;,Young Thug,"it's too hard bro I cant. been here since 16, here in 26. Thugger you the fuckin goat.",2
Young Thug,Trap,_-QxSh19nDI,Young Thug &quot;Power&quot;,Young Thug,,1
Young Thug,Trap,_-QxSh19nDI,Young Thug &quot;Power&quot;,Young Thug,bro how can you listen to this and not think young thug is the goat,4
Young Thug,Trap,_-QxSh19nDI,Young Thug &quot;Power&quot;,Young Thug,11,0
Young Thug,Trap,_-QxSh19nDI,Young Thug &quot;Power&quot;,Young Thug,All my Jehovah witnesses witness,0
Young Thug,Trap,_-QxSh19nDI,Young Thug &quot;Power&quot;,Young Thug,❤❤❤❤❤❤❤ even today ke Lesotho,0
Young Thug,Trap,_-QxSh19nDI,Young Thug &quot;Power&quot;,Young Thug,Thung❤😅🎉,0
Young Thug,Trap,_-QxSh19nDI,Young Thug &quot;Power&quot;,Young Thug,1:38  video,0
Young Thug,Trap,_-QxSh19nDI,Young Thug &quot;Power&quot;,Young Thug,2026 and still bumping hard asf 🫶🏾,0
Young Thug,Trap,_-QxSh19nDI,Young Thug &quot;Power&quot;,Young Thug,this beat alone.. masterpiece.,3
Young Thug,Trap,_-QxSh19nDI,Young Thug &quot;Power&quot;,Young Thug,2026.. no words can't explain this1..,3
Young Thug,Trap,_-QxSh19nDI,Young Thug &quot;Power&quot;,Young Thug,🔥,0
Young Thug,Trap,_-QxSh19nDI,Young Thug &quot;Power&quot;,Young Thug,Cat vape,0
Young Thug,Trap,_-QxSh19nDI,Young Thug &quot;Power&quot;,Young Thug,The Beautiful Nigerian Powerhouse ❤,0
Young Thug,Trap,_-QxSh19nDI,Young Thug &quot;Power&quot;,Young Thug,I love young thugs song power,0
Young Thug,Trap,_-QxSh19nDI,Young Thug &quot;Power&quot;,Young Thug,2026 ? Still a banger💯,0
Young Thug,Trap,_-QxSh19nDI,Young Thug &quot;Power&quot;,Young Thug,still into 2026,1
Young Thug,Trap,_-QxSh19nDI,Young Thug &quot;Power&quot;,Young Thug,Poppin poppin,1
Young Thug,Trap,_-QxSh19nDI,Young Thug &quot;Power&quot;,Young Thug,🥉🥉🥉💵💵🤑🕶️🍾🍾🚬🖕🇮🇪🔫💪🔥🥉🥉🥉,1
Young Thug,Trap,_-QxSh19nDI,Young Thug &quot;Power&quot;,Young Thug,Fucking industry plant,0
Young Thug,Trap,_-QxSh19nDI,Young Thug &quot;Power&quot;,Young Thug,2026🎉,0
Young Thug,Trap,_-QxSh19nDI,Young Thug &quot;Power&quot;,Young Thug,I have them centanped waiting in wall,0
Young Thug,Trap,_-QxSh19nDI,Young Thug &quot;Power&quot;,Young Thug,❤ ❤❤the chillest,0
Young Thug,Trap,_-QxSh19nDI,Young Thug &quot;Power&quot;,Young Thug,I caught it HumdoAllah,0
Young Thug,Trap,_-QxSh19nDI,Young Thug &quot;Power&quot;,Young Thug,50 years later. On my favorite couch and i put this on and my grandkids look at me like wth is that😂😂,0
Young Thug,Trap,_-QxSh19nDI,Young Thug &quot;Power&quot;,Young Thug,Did I eat too fast?,0
Young Thug,Trap,_-QxSh19nDI,Young Thug &quot;Power&quot;,Young Thug,I be holding my seat on my ass,0
Young Thug,Trap,_-QxSh19nDI,Young Thug &quot;Power&quot;,Young Thug,It's a young thug power,1
Young Thug,Trap,_-QxSh19nDI,Young Thug &quot;Power&quot;,Young Thug,"Intro]
(We got London on da Track)

[Chorus]
First you get that money, then you get that power
If he tune his nose up, boy, he on that powder
Now you walk around with fifty in your trousers
Diamonds boolin' on my chest, no fuckin' blouser
Bitch, I make it rain shower, you dig that?
They won't know a thing about you if you zip that
Hit 'em with that blocka-blocka, nigga, get back
Feed it, beat it, never crack, dig that (Sheesh, sheesh)



 ASTROPICAL “Me Pasa (Piscis)” Lyrics & Meaning | Genius Verified

[Verse 1]
Before I go without a sack, I swag pack (Sheesh, sheesh)
I spoiled my bitch and now she actin' like a brat (Yeah, yeah)
I met Alex, I know Jimmy, he got racks (Skrrt, skrrt)
Yeah, yeah, bitch, I'm bleedin' like a tat (Yeah, yeah)
Roll it, roll it for me on your back (Roll it, roll it)
Just for show, my diamonds yellow like a taxi (Woo, woo)
I'm a cat, I'ma chase all them pussy rats (Ah), yeah (Ah, ah)
Pussy nigga better not look back
Or, or else I'm killin' 'em, hey, and that's a fact (Sheesh)
Get blood all on my Timberlands, she make a nigga say, ""What?"" (What?)
I swear to God she feelin' 'em
She sucked like eight dicks, I call her octagon (Hey)

[Chorus]
First you get that money, then you get that power
If he tune his nose up, boy, he on that powder
Now you walk around with fifty in your trousers
Diamonds boolin' on my chest, no fuckin' blouser (Yeah)
Bitch, I make it rain shower, you dig that?
They won't know a thing about you if you zip that
Hit 'em with that blocka-blocka, nigga, get back (Blatt, blatt, blatt)
Feed it, beat it, never crack, dig that (Sheesh, sheesh)

[Verse 2]
Bitch, I dig it, I eat ice cream with my chicken (Rich nigga)
Bitch, I'm rich just like a Simmons, not Lil Diggy (Real Simmons)
If I got legs, bitch, you know I'm gonna get it (Walk, walk)
She got good head, so she welcome to my Bentley (Woo)
Big Bentley, this that big Bentley, Bentley (What? What?)
Ridin' 'round with the semi 'cause I know these niggas envy (Hah)
Is you mad 'bout Instagram or how I kick my pimpin'? (Pimp)
Hey, you keep that Ace of Spades, I'm sippin'
I'm a rocket, rocket, I can't stop it, stop it
I'm a GTV boy, bitch, I'm poppin', poppin'
I need coke, need coke like, ""Where the fuck is papi?""
If you try to run off, you know we popped your noggin (Pop, pop, ah)",0
Young Thug,Trap,_-QxSh19nDI,Young Thug &quot;Power&quot;,Young Thug,who is here everyday.💥,2
Young Thug,Trap,_-QxSh19nDI,Young Thug &quot;Power&quot;,Young Thug,She likes popin molly she likes sukking dik she wants me to get Instagram but I ain't wit that shit,1
Young Thug,Trap,_-QxSh19nDI,Young Thug &quot;Power&quot;,Young Thug,I love you ❤,0
Young Thug,Trap,_-QxSh19nDI,Young Thug &quot;Power&quot;,Young Thug,🇿🇦,0
Young Thug,Trap,_-QxSh19nDI,Young Thug &quot;Power&quot;,Young Thug,She suck like 8 dicks I call her octagon😅😅😅😅,0
Young Thug,Trap,_-QxSh19nDI,Young Thug &quot;Power&quot;,Young Thug,Till 2026 playing from high school back then.,0
Young Thug,Trap,_-QxSh19nDI,Young Thug &quot;Power&quot;,Young Thug,Bangerrrrr 2026 🔥,1
Young Thug,Trap,_-QxSh19nDI,Young Thug &quot;Power&quot;,Young Thug,🔥,0
Young Thug,Trap,_-QxSh19nDI,Young Thug &quot;Power&quot;,Young Thug,They wouldn’t know a thang about ya if you zip that 🦍🗣️🤏🏽📝🔥🔥🔥 still here,0
Young Thug,Trap,_-QxSh19nDI,Young Thug &quot;Power&quot;,Young Thug,It is still being heard in Mexico nggggssssssss,2
Young Thug,Trap,_-QxSh19nDI,Young Thug &quot;Power&quot;,Young Thug,⚡,0
Young Thug,Trap,_-QxSh19nDI,Young Thug &quot;Power&quot;,Young Thug,Ice cream with my chickens🎉🎉🎉,0
Young Thug,Trap,_-QxSh19nDI,Young Thug &quot;Power&quot;,Young Thug,One of the best songs ever made,2
Young Thug,Trap,_-QxSh19nDI,Young Thug &quot;Power&quot;,Young Thug,I love you so much young thug 🎉,1
Young Thug,Trap,_-QxSh19nDI,Young Thug &quot;Power&quot;,Young Thug,All day every day Amen 🙏🏽🙇🏽‍♂️❤,3
Young Thug,Trap,_-QxSh19nDI,Young Thug &quot;Power&quot;,Young Thug,Power,1
Young Thug,Trap,_-QxSh19nDI,Young Thug &quot;Power&quot;,Young Thug,2026 ❌ miss the old thugga,1
Young Thug,Trap,_-QxSh19nDI,Young Thug &quot;Power&quot;,Young Thug,It goes hard when high,5
Young Thug,Trap,_-QxSh19nDI,Young Thug &quot;Power&quot;,Young Thug,Never listened to young thug my ex just told me that the babbbby listens to young thug,1
Young Thug,Trap,_-QxSh19nDI,Young Thug &quot;Power&quot;,Young Thug,First u get the money then u get the power,3
Young Thug,Trap,_-QxSh19nDI,Young Thug &quot;Power&quot;,Young Thug,I m here 4 march 26 ❤❤,0
Young Thug,Trap,_-QxSh19nDI,Young Thug &quot;Power&quot;,Young Thug,"BANGERS after BANGER 
. YALL. CAUGHT THE END ...HE TRUH IN
 I WANA ROCK YA BODY* JUSTIN TIM REFERENCE",0
Young Thug,Trap,_-QxSh19nDI,Young Thug &quot;Power&quot;,Young Thug,Remixed,0
Young Thug,Trap,_-QxSh19nDI,Young Thug &quot;Power&quot;,Young Thug,2026?,9
Young Thug,Trap,_-QxSh19nDI,Young Thug &quot;Power&quot;,Young Thug,Nigeria,0
Young Thug,Trap,_-QxSh19nDI,Young Thug &quot;Power&quot;,Young Thug,I remember when nobody understood what thug was saying but still bumping cuz😂🔥🔥,1
Young Thug,Trap,_-QxSh19nDI,Young Thug &quot;Power&quot;,Young Thug,When a trap song hard 👂 you listen once and feel nastelgia as if you knew it😏😏❤,2
Young Thug,Trap,_-QxSh19nDI,Young Thug &quot;Power&quot;,Young Thug,Once u get that money then u get that power !!🤌🏾🤌🏾,2
Young Thug,Trap,_-QxSh19nDI,Young Thug &quot;Power&quot;,Young Thug,Power check list !!hit this up,0
Young Thug,Trap,_-QxSh19nDI,Young Thug &quot;Power&quot;,Young Thug,"2026 

🇿🇦",1
Young Thug,Trap,_-QxSh19nDI,Young Thug &quot;Power&quot;,Young Thug,Is that what he seeing in his glasses wgot,0
Young Thug,Trap,_-QxSh19nDI,Young Thug &quot;Power&quot;,Young Thug,2:39 thug can hoop fr,0
Young Thug,Trap,_-QxSh19nDI,Young Thug &quot;Power&quot;,Young Thug,Modern marvels on story,0
Young Thug,Trap,_-QxSh19nDI,Young Thug &quot;Power&quot;,Young Thug,Video games on story television,0
Young Thug,Trap,_-QxSh19nDI,Young Thug &quot;Power&quot;,Young Thug,Basketball,0
Young Thug,Trap,_-QxSh19nDI,Young Thug &quot;Power&quot;,Young Thug,who here living to see 2076🥳🥳🥳,1
Young Thug,Trap,_-QxSh19nDI,Young Thug &quot;Power&quot;,Young Thug,If anyone  in these comments did y'all here that in the background 2:55 Cause I know I'm not tripping,1
Young Thug,Trap,_-QxSh19nDI,Young Thug &quot;Power&quot;,Young Thug,Blood,1
Young Thug,Trap,_-QxSh19nDI,Young Thug &quot;Power&quot;,Young Thug,Believe in Jesus Christ that he is God word of God God in the flesh died for our sins was buried and rose again the third day beating death Satan and hell. Believe this and u r guaranteed heaven,2
Young Thug,Trap,_-QxSh19nDI,Young Thug &quot;Power&quot;,Young Thug,2014-2017 thug is top 10 rappers oat,3
Young Thug,Trap,_-QxSh19nDI,Young Thug &quot;Power&quot;,Young Thug,essa aq sempre foi a vibe porra !!!!,0
Young Thug,Trap,_-QxSh19nDI,Young Thug &quot;Power&quot;,Young Thug,BEST BANGER EVER 10 YRS DOWN STILL 🔥,2
Young Thug,Trap,_-QxSh19nDI,Young Thug &quot;Power&quot;,Young Thug,No way we got Lenin on the track! 🤘😭✨,3
Young Thug,Trap,_-QxSh19nDI,Young Thug &quot;Power&quot;,Young Thug,Diamonds 💎🫶,0
Young Thug,Trap,_-QxSh19nDI,Young Thug &quot;Power&quot;,Young Thug,2027???,0
Young Thug,Trap,_-QxSh19nDI,Young Thug &quot;Power&quot;,Young Thug,Still here in 2026 and forever,3
Young Thug,Trap,_-QxSh19nDI,Young Thug &quot;Power&quot;,Young Thug,Lil black bryans old man,0
Young Thug,Trap,_-QxSh19nDI,Young Thug &quot;Power&quot;,Young Thug,"""fuck the government?"" *Scrunching face cocking head sideways with bottom lip out* ""oh yeah if they could they would fuck you first""....*looking back and forth* ""that's true""",0
Young Thug,Trap,_-QxSh19nDI,Young Thug &quot;Power&quot;,Young Thug,"I'm probably getting the message now in full clarity 

2026 anyone here with me/ Money $ power",0
Young Thug,Trap,_-QxSh19nDI,Young Thug &quot;Power&quot;,Young Thug,South africa were are you,0
Young Thug,Trap,_-QxSh19nDI,Young Thug &quot;Power&quot;,Young Thug,🥷🥷🏡,0
Young Thug,Trap,_-QxSh19nDI,Young Thug &quot;Power&quot;,Young Thug,Facts,0
Young Thug,Trap,_-QxSh19nDI,Young Thug &quot;Power&quot;,Young Thug,February 2026 and we’re here💯,49
Young Thug,Trap,_-QxSh19nDI,Young Thug &quot;Power&quot;,Young Thug,Sing just for the f of it no matter people don't understand 😂,1
Young Thug,Trap,_-QxSh19nDI,Young Thug &quot;Power&quot;,Young Thug,Vist our blood at the pyramid the spirit got you young why h3 a real one never snatched,0
Young Thug,Trap,_-QxSh19nDI,Young Thug &quot;Power&quot;,Young Thug,🎃🪔🚪,0
Young Thug,Trap,_-QxSh19nDI,Young Thug &quot;Power&quot;,Young Thug,Weyuat,2
Young Thug,Trap,_-QxSh19nDI,Young Thug &quot;Power&quot;,Young Thug,Kekra ta lavé,2
Young Thug,Trap,_-QxSh19nDI,Young Thug &quot;Power&quot;,Young Thug,SEDATIONRAILINGROADING CARES FOR TO ANY PAPERWORKS PHEFLIAS PHOBOS ISTRAIERS ISTRUIEARS SPOLIAERS SOPLIANS SUPLIENS FREMIERS FRANMIER FASMINCES BEGIAGES BESAIGES HEMIORIALS HEIORS MIOERS MONDUIALS RASTOOLS CRIENCES BERIMELS SPINNES SPINFES OBIASATBRACTICS SUIERS SADIEXES CREIATOMS STERFROS IN THERE SABROES PHILOTRES SAPLIOEANS SORBORIANS SARNARS BEIAWCES HERIAWCES SLOFANS SLOBANS SOFIAS REPACTRAICS ABEULIOEANSBUELIOEANS CANTUSWALAS POOFS TULEWS K VEMGRUS VEMGRUS STUIFERS POGIESIEUMS MALGENCED MAGUIEST LUDIUASHES PAGESIESUMS BOGESIEUIEUMS LUGRIENCES AUGRIUENCES AFLIENCES MARFISTAS BIIERS BIOERS BAHUWAIUS MAHUBAUS DUHAIUS LIFRUCENES LOPIERAS SPUNCOS SPOLOS LIMIOARCHES PENCUIALS RENCUIALS AVERGOS PERVGOS HERLIEANS FERVGOS LETVGOS LEVGOS SPONBLAXES K K SWEILS KRANTES BARDWIMS MUREVOS BUREVOS AVVERISIZZIURESOLADRUES MENCHLOS PENCHLOS LIBRIENS LUPRENS SCULIMERS LAPESESESINTIENTESESAPOCOS PACOS MOLGRES MASTRES MANLOS BIENCOS BIENCOS BACERNS EBRONS PUIERS FEMDARS PEMDARS LANDONS LAMBRIENS K SWEILS SWEAOLS BASTRAALLAHS INSTRALIEARS ISCASLOS PHEMBLIOEANS FARBACKS FARSAWAYS BECAFARSAWAYS SCHOLIAS FULUERS ENLUSACHUSTASENMUSACHUSTAS MECHUSTAS LAFLOIDERS MARFLOIEANS REBRUTIS IRAS SETRIENCES PESTRLIEARS WIBRENS WOMBS HIBRIENS PUICHATOS PHICATOS MUCHO DINEROS MERZERIANS PERZEIEARNS LIGESSIVES SAPOLIEANS SORBORIANS SARNARS DESPRONSDESPRUENSNEEPRINS GUASWES CHIPPAS PANEROS SUILMERS CAFUS ARTICCARS LUGRIENCES AUGRIUENCES AFLIENCES LULINCES LULINENCS LUIFIEREANS PERZEIEARNS MERLERZIEANS JENKINS STUDIEMYERSIRELANDSSCOTTISH CARTERSECHEWAIS STEFRESOSASMEDIATESUS PHOLICAS LIMIANCHES STERPERIAS PUIERS GRUESNALS FULIERS STILERS SUBLIERS MASTRAFAS K VEMGRUS INFERING WITH LIVING NOR DEADFOLKSUNFUCKINGKIDS UNABANDON BARFUS LIFERIAS INCURIEARS UNFAKE UNASS MARFLOIEANS REBRUTIS IRAS SETRIENCES LUGRIENCES AUGRIUENCES AFLIENCES SAPLOIEANS SORBORIANS SARNARS BEIAWCES HERIAWCES SLOFANS SLOBANS STUOIFIAS 4.6 BILLIONS SAPLIOEANS SORBORIANS ESAALLAHVMAHUBABAHUWAUS FARSBACKS FARSAWAYS BECAFARSAWAYS MIDWAYS MEDIATES US IMMEDIATELY AFFECTS IRELANDS SCOTTISH HUDSONS BRASTROLS BRASMILS SPONLAUSES BIROACHES SULUERS MANNEHS NNAJISKILPATRICKS CRANSOLS TREUBLAS BUELAS BECALURLOS KUIASERS KUIAHES SMALL TOWNS RUIAHES COUNTYS STATES MESDERINERS MESTERINERS MASTASINERS SOUBIERNS SOBERIERNS SANOS SANAS VIVENDS VIVANS VIXEANS LITRIENCES ANYWHERE STATILUTES GOLHAMSBAKERS GRIGGSSTONESBOLDENS K K K WALKERSSMITGS FERRANDS JACKSONS JOHNSONS SADIERS SADIEXES AURORASSHIRLEYTEMPLE FUYOUSFUUS HEMATOLOGYNIST FRANJERS FREMIERS UGRIENCES REGRIENCES LIFUREUAS TAMBLENS LIGREST LUGRUIATA MAGRIENCED LAPRIENCES IN THERE SALAHS SALBAHS SALOCS SALOCHS BERCHOLOS MESTERINERS MASTASINERS MASTIONERS WERE OUT BRAMOLS BRAMPOLS BRANIERS BROMIERS BROTRAIERSSOIERIEUMS PUBERULOS LIGRESSTIVES REBRUTIS IRAS SETRIENCES K VEMGRUS STUIFERS STUAIFERS POIGESIEASIUMS MAGENCED MALGENCED LUDIOASDES AVVERISMUREVOSBUREVOS STRATICS LIBRENS LIPEARS TAMBREINS PHOBOIUS PHOBES LUFRIENCES CLOSE OUR DOORS SOBERNS BACDERINS BLACIKS FAIENS FLAIENS KERMIELS AMUPERS AMIPERS SOFLIAN SLOPIANS BIOGMENS ANYWHERE PUIERS SMUIERS SAMUIERS TRAPLIIEANS SREXES POIAECHES SOPLIANS BOJANS BOLOANENS BOJELS MONCLIEARS FRADROS SPEIFIEARS LIPOERANS MONPLIEANS SABENCED SEDAIOUS BELINS INAULIEARS INASLIEARS PHEMBLIOEANS FARBACKS FARSAWAYS BECAFARSAWAYS MIDWAYS MEDIATES US FUYOUSFUUS LOLALAWANA DEISCHERAMERASMANNEHSNNAJISCARTERSIRELANDSSCOTTISHGOLHAMSBAKERSGRIGGSVADELSKILPATRICKSSUAHJOHNPRENUTNASIAARIESSHYMIRIAHKEYZARIAHDEVONSALPRIEAONS MANNEHSNNAJISKILPATRICKS JENKINS STUDIEMYERSIRELANDSSCOTTISH CARTERSECHEWAIS JOHNSONWALKERSFERRANDSSMITH IRELANDS SCOTTISH K K K TRAPODES TRIAPOUDERS VEM BROS FENBROS VEMEAOUS VELMOS VAJOICS AMEAOURS AMOURS POLICS POLLECTICS PULLIESINS LINICHES LIMINCHES SARNARS DESPRONSDESPRUENSNEEPRINS GUASWES PESTRELIEARS PUESALOS PUEABLOS FACOS LAPESESESINTIENTESESAPOCOS SALOMS HELIEUMS RAMES RADONS RAPLENES MENCHLOS PENCHLOS LIBRIENS LUPRENS SCULIMERS KLAN LOVE PUIERS MASTASINERS FULBES SOUBEIRUNS MESTERINERS K K VEMGRUS VEMGRUS PUBOIUS PUBUSA PUFUSAS CHECKS CUTS CHECKS KUTS CLEARED SEVEN EXTRA 3.6 BILLIONS IN THERE BERCHOLOS MESTERINERS MESDERINERS PESTRLIEARS WERE ALL OUT LISTENING ANYWHERE ANYTIME APPRECIATE YOUR BUSINESS HIGHLY FAVORED,0
Young Thug,Trap,_-QxSh19nDI,Young Thug &quot;Power&quot;,Young Thug,Still on this 2026 fire 🔥,1
Young Thug,Trap,_-QxSh19nDI,Young Thug &quot;Power&quot;,Young Thug,2027 nigga we here,0
Young Thug,Trap,_-QxSh19nDI,Young Thug &quot;Power&quot;,Young Thug,🎉🎉🎉,0
Young Thug,Trap,_-QxSh19nDI,Young Thug &quot;Power&quot;,Young Thug,This song will never get old🔥🔥🔥🔥2026,2
Young Thug,Trap,_-QxSh19nDI,Young Thug &quot;Power&quot;,Young Thug,удали,1
Young Thug,Trap,_-QxSh19nDI,Young Thug &quot;Power&quot;,Young Thug,🙏🏻,0
Young Thug,Trap,_-QxSh19nDI,Young Thug &quot;Power&quot;,Young Thug,Welcome,0
Young Thug,Trap,_-QxSh19nDI,Young Thug &quot;Power&quot;,Young Thug,Kekra ta allumé,1
Young Thug,Trap,_-QxSh19nDI,Young Thug &quot;Power&quot;,Young Thug,maybe,0
Young Thug,Trap,_-QxSh19nDI,Young Thug &quot;Power&quot;,Young Thug,Top 👍🏾 2026,0
Young Thug,Trap,_-QxSh19nDI,Young Thug &quot;Power&quot;,Young Thug,It's 2026 and I'm still jamming to this banger 🔥,0
Young Thug,Trap,_-QxSh19nDI,Young Thug &quot;Power&quot;,Young Thug,🎉🎉🎉2026,0
Young Thug,Trap,_-QxSh19nDI,Young Thug &quot;Power&quot;,Young Thug,Damnnn this was 10yrs ago and still bangin!! Ayeee! 😮😎🔥🤌🏼,1
Young Thug,Trap,_-QxSh19nDI,Young Thug &quot;Power&quot;,Young Thug,February 11 2026  21:10,0
Young Thug,Trap,_-QxSh19nDI,Young Thug &quot;Power&quot;,Young Thug,Juicy Dey,0
Young Thug,Trap,_-QxSh19nDI,Young Thug &quot;Power&quot;,Young Thug,Buju fida,0
Young Thug,Trap,_-QxSh19nDI,Young Thug &quot;Power&quot;,Young Thug,I still don't understand what the fuck this song soo addicted,0
Young Thug,Trap,_-QxSh19nDI,Young Thug &quot;Power&quot;,Young Thug,I don’t know if it’s just me or what but this sounds like a YNW Melly song,1
Young Thug,Trap,_-QxSh19nDI,Young Thug &quot;Power&quot;,Young Thug,First get money then got power,3
Young Thug,Trap,_-QxSh19nDI,Young Thug &quot;Power&quot;,Young Thug,Item With that Blocka Blocka🔥🔥🔥🔥🔥,1
Young Thug,Trap,_-QxSh19nDI,Young Thug &quot;Power&quot;,Young Thug,Este men copiandose de DICC y Puimp Flaco ses,0
Young Thug,Trap,_-QxSh19nDI,Young Thug &quot;Power&quot;,Young Thug,This song is actual dog shit,0
Young Thug,Trap,_-QxSh19nDI,Young Thug &quot;Power&quot;,Young Thug,"Power is a Williams, You take slime And I take Tookie Williams I need a song Hard one Thug Thug",0
Young Thug,Trap,_-QxSh19nDI,Young Thug &quot;Power&quot;,Young Thug,Only One Young Thug Respectfully Respecting Da Respected Real Talk Respect,1
Young Thug,Trap,_-QxSh19nDI,Young Thug &quot;Power&quot;,Young Thug,Power 2026❤,3
Young Thug,Trap,_-QxSh19nDI,Young Thug &quot;Power&quot;,Young Thug,Anything anytime !!! ❤,0
Young Thug,Trap,_-QxSh19nDI,Young Thug &quot;Power&quot;,Young Thug,Banger grave,0
Young Thug,Trap,_-QxSh19nDI,Young Thug &quot;Power&quot;,Young Thug,Hino,0
Young Thug,Trap,_-QxSh19nDI,Young Thug &quot;Power&quot;,Young Thug,🔥🔥🔥🐐,0
Young Thug,Trap,_-QxSh19nDI,Young Thug &quot;Power&quot;,Young Thug,Stand tall 😂🇹🇦😎💃🎵 2:15,0
Young Thug,Trap,_-QxSh19nDI,Young Thug &quot;Power&quot;,Young Thug,"República Dominicana, 2026,🇩🇴🇩🇴🇩🇴🇩🇴🇩🇴🇩🇴🇩🇴🇩🇴🇩🇴🇩🇴🇩🇴🇩🇴🇩🇴 popopopo",0
Young Thug,Trap,_-QxSh19nDI,Young Thug &quot;Power&quot;,Young Thug,1976 Anyone!?,0
Young Thug,Trap,_-QxSh19nDI,Young Thug &quot;Power&quot;,Young Thug,"Power/ best friend / pussy / no way /   like.... young thug or nothing bro 
Even my lil bro.    His so much in love with no way hit",0
Young Thug,Trap,_-QxSh19nDI,Young Thug &quot;Power&quot;,Young Thug,"""fuckin the deficit""",0
Young Thug,Trap,_-QxSh19nDI,Young Thug &quot;Power&quot;,Young Thug,Sounds like the fuckin man by 50 cent - lil gren,0
Young Thug,Trap,_-QxSh19nDI,Young Thug &quot;Power&quot;,Young Thug,🙏🏻,0
Young Thug,Trap,_-QxSh19nDI,Young Thug &quot;Power&quot;,Young Thug,"I have in my minds an outcome of the intentions well given the well given to be the blessing In are foundation the foundation to be charished the wanna Beas to be the blessings of there hatred 

Other want better 
Others want rats 
Others have a feeling that I don’t care well guess why I Andy am not scared I’m I. The middle of the pain  I told everyone from the begging none lisend that not my fault know I will get rid of everyone",0
Young Thug,Trap,_-QxSh19nDI,Young Thug &quot;Power&quot;,Young Thug,Uk we out here blood🦾💯,0
Young Thug,Trap,_-QxSh19nDI,Young Thug &quot;Power&quot;,Young Thug,❤,0
Young Thug,Trap,_-QxSh19nDI,Young Thug &quot;Power&quot;,Young Thug,2026 we here!!!!!,6
Young Thug,Trap,_-QxSh19nDI,Young Thug &quot;Power&quot;,Young Thug,I’m here young thug your fan from Nigeria,0
Young Thug,Trap,_-QxSh19nDI,Young Thug &quot;Power&quot;,Young Thug,Money is power,0
Young Thug,Trap,_-QxSh19nDI,Young Thug &quot;Power&quot;,Young Thug,Bicth I digg it i eat ice cream with chicken 😂😂,0
Young Thug,Trap,_-QxSh19nDI,Young Thug &quot;Power&quot;,Young Thug,Le Pouvoir,1
Young Thug,Trap,_-QxSh19nDI,Young Thug &quot;Power&quot;,Young Thug,"💪✌️🌎🇵🇱🇺🇸🎶🎧🤝,🔴",0
Young Thug,Trap,_-QxSh19nDI,Young Thug &quot;Power&quot;,Young Thug,FL💯😇🙏🏼,0
Young Thug,Trap,_-QxSh19nDI,Young Thug &quot;Power&quot;,Young Thug,2026 playing hit,1
Young Thug,Trap,_-QxSh19nDI,Young Thug &quot;Power&quot;,Young Thug,Such a hard tune,1
Young Thug,Trap,_-QxSh19nDI,Young Thug &quot;Power&quot;,Young Thug,I miss new jersey and no just a hospital care take you please 🥺,0
Young Thug,Trap,_-QxSh19nDI,Young Thug &quot;Power&quot;,Young Thug,Watch SpongeBob SquarePants please,0
Young Thug,Trap,_-QxSh19nDI,Young Thug &quot;Power&quot;,Young Thug,What poke?,0
Young Thug,Trap,_-QxSh19nDI,Young Thug &quot;Power&quot;,Young Thug,We together this is Tish are good morning so far I like it I'm Tink and no one more than I love ya too my friend.,0
Young Thug,Trap,_-QxSh19nDI,Young Thug &quot;Power&quot;,Young Thug,2026 tô aí,0
Young Thug,Trap,_-QxSh19nDI,Young Thug &quot;Power&quot;,Young Thug,Still 💪💪💪💪🔥🔥🔥🔥🥶🥶🥶🥶🎯🎯🎯🎯🎉🎉🎉🎉😤🫡💨💨💨💨🥂🍾💯2026,0
Young Thug,Trap,_-QxSh19nDI,Young Thug &quot;Power&quot;,Young Thug,Prime Young Thug,1
Young Thug,Trap,_-QxSh19nDI,Young Thug &quot;Power&quot;,Young Thug,They want know a thing about you if you zip that 💯💯,0
Young Thug,Trap,_-QxSh19nDI,Young Thug &quot;Power&quot;,Young Thug,Swishers,0
Young Thug,Trap,_-QxSh19nDI,Young Thug &quot;Power&quot;,Young Thug,Black and milds*,0
Young Thug,Trap,_-QxSh19nDI,Young Thug &quot;Power&quot;,Young Thug,This is my fav song 💥💥💥,0
Young Thug,Trap,_-QxSh19nDI,Young Thug &quot;Power&quot;,Young Thug,Lol 😂🔥 R.I.P JuniorKing,0
Young Thug,Trap,_-QxSh19nDI,Young Thug &quot;Power&quot;,Young Thug,Cleyton,1
Young Thug,Trap,_-QxSh19nDI,Young Thug &quot;Power&quot;,Young Thug,2026 🎉,5
Young Thug,Trap,_-QxSh19nDI,Young Thug &quot;Power&quot;,Young Thug,Crazy my people bean aka beelbe shot all his first million views str8 outta Ypsilanti Michigan and he still does AMAZING VIDEOS he also shot Wit that and other check bro out,0
Young Thug,Trap,_-QxSh19nDI,Young Thug &quot;Power&quot;,Young Thug,Lil Gren was here.,0
Young Thug,Trap,_-QxSh19nDI,Young Thug &quot;Power&quot;,Young Thug,1:55,1
Young Thug,Trap,_-QxSh19nDI,Young Thug &quot;Power&quot;,Young Thug,Ymegggggg2🎉🎉🎉😂😂🎉I 🎉😮😅😊😢❤🎉😂🎉😂😂😂😂❤,0
Young Thug,Trap,_-QxSh19nDI,Young Thug &quot;Power&quot;,Young Thug,Liv❤ o0u❤w yyyyyud give same9,0
Young Thug,Trap,_-QxSh19nDI,Young Thug &quot;Power&quot;,Young Thug,beelzebub,0
Young Thug,Trap,_-QxSh19nDI,Young Thug &quot;Power&quot;,Young Thug,#10yrslater this SONG  STILL SLAPS HARD 2026 2027 2028 2029 2030 2031 2045💤🤟🏻,2
Young Thug,Trap,_-QxSh19nDI,Young Thug &quot;Power&quot;,Young Thug,I miss these days.,0
Young Thug,Trap,_-QxSh19nDI,Young Thug &quot;Power&quot;,Young Thug,prime thug era,2
Young Thug,Trap,_-QxSh19nDI,Young Thug &quot;Power&quot;,Young Thug,Or 3 idk I cant see!,0
Young Thug,Trap,_-QxSh19nDI,Young Thug &quot;Power&quot;,Young Thug,Messed up here. And cut my dick fuckin some bitch? Dickhead put 3 staples in me working m on promises. Im 4 females,0
Young Thug,Trap,_-QxSh19nDI,Young Thug &quot;Power&quot;,Young Thug,ah esta es la versión en ingles de la de dicc,0
Young Thug,Trap,_-QxSh19nDI,Young Thug &quot;Power&quot;,Young Thug,This is a bahd song,0
Young Thug,Trap,_-QxSh19nDI,Young Thug &quot;Power&quot;,Young Thug,Give everything to have 2015 thug back,3
Young Thug,Trap,_-QxSh19nDI,Young Thug &quot;Power&quot;,Young Thug,❤❤,0
Young Thug,Trap,_-QxSh19nDI,Young Thug &quot;Power&quot;,Young Thug,Preserve this in a museum,0
Young Thug,Trap,_-QxSh19nDI,Young Thug &quot;Power&quot;,Young Thug,First Song of The Day💯👌🏾,1
Young Thug,Trap,_-QxSh19nDI,Young Thug &quot;Power&quot;,Young Thug,Yes!!!!!,0
Young Thug,Trap,_-QxSh19nDI,Young Thug &quot;Power&quot;,Young Thug,Who gets last 😂?,0
Young Thug,Trap,_-QxSh19nDI,Young Thug &quot;Power&quot;,Young Thug,2026 anyone,2
Young Thug,Trap,_-QxSh19nDI,Young Thug &quot;Power&quot;,Young Thug,Bro in white was missing every shot 😂😂,6
Young Thug,Trap,_-QxSh19nDI,Young Thug &quot;Power&quot;,Young Thug,2026 anyone?,0
Young Thug,Trap,_-QxSh19nDI,Young Thug &quot;Power&quot;,Young Thug,20……..,0
Young Thug,Trap,_-QxSh19nDI,Young Thug &quot;Power&quot;,Young Thug,This song is so nostalgic...takes me way back good times and bad times,3
Young Thug,Trap,_-QxSh19nDI,Young Thug &quot;Power&quot;,Young Thug,(903) still listening! On 2026,0
Young Thug,Trap,_-QxSh19nDI,Young Thug &quot;Power&quot;,Young Thug,This song is till 2035,0
Young Thug,Trap,_-QxSh19nDI,Young Thug &quot;Power&quot;,Young Thug,2026 another one for this,0
Young Thug,Trap,_-QxSh19nDI,Young Thug &quot;Power&quot;,Young Thug,"Sold my soul to the devil to be rich and famous
❤❤❤❤",0
Young Thug,Trap,_-QxSh19nDI,Young Thug &quot;Power&quot;,Young Thug,I dig it I eat ice cream with my chickens 🐓 1:58,0
Young Thug,Trap,_-QxSh19nDI,Young Thug &quot;Power&quot;,Young Thug,😊😊😊😊😊😊😊😊😊😊😊😊,0
Young Thug,Trap,_-QxSh19nDI,Young Thug &quot;Power&quot;,Young Thug,2026 🎉,1
Young Thug,Trap,_-QxSh19nDI,Young Thug &quot;Power&quot;,Young Thug,"Before I go without a sack, I swag pack",2
Young Thug,Trap,_-QxSh19nDI,Young Thug &quot;Power&quot;,Young Thug,2026 we are here 🎉🎉🎉,0
Young Thug,Trap,_-QxSh19nDI,Young Thug &quot;Power&quot;,Young Thug,diddy energy,0
Young Thug,Trap,_-QxSh19nDI,Young Thug &quot;Power&quot;,Young Thug,Joe what's happening keep your head up im from Chicago Ave and Pulaski i dig your music joe ALMIGHTY CVL I'm rooting for you a need some more music from you joe luv joe,0
