artist,genre,video_id,video_title,channel_title,text,likes
Future,Trap,QPUMiC-IIl8,Future &quot;No Matter What&quot; [Official Video],Future,before future was FUTURE,0
Future,Trap,QPUMiC-IIl8,Future &quot;No Matter What&quot; [Official Video],Future,2026 I'm here,0
Future,Trap,QPUMiC-IIl8,Future &quot;No Matter What&quot; [Official Video],Future,It would be so dope if had anniversary concert for Astronaut Status 🙏🏾❤️,1
Future,Trap,QPUMiC-IIl8,Future &quot;No Matter What&quot; [Official Video],Future,2026🔥🔥🔥🩵🩵🩵🩵🙏🏽🙏🏽🙏🏽🙏🏽🙏🏽🙏🏽,1
Future,Trap,QPUMiC-IIl8,Future &quot;No Matter What&quot; [Official Video],Future,I got 2 of em n one passed away on me a few mos ago,0
Future,Trap,QPUMiC-IIl8,Future &quot;No Matter What&quot; [Official Video],Future,No matter what ❤🙏,2
Future,Trap,QPUMiC-IIl8,Future &quot;No Matter What&quot; [Official Video],Future,Right❤,1
Future,Trap,QPUMiC-IIl8,Future &quot;No Matter What&quot; [Official Video],Future,og fute,0
Future,Trap,QPUMiC-IIl8,Future &quot;No Matter What&quot; [Official Video],Future,2026 found my homie and my best friend now a baby otwwww yuhhhh🤞🫶🤘💯,0
Future,Trap,QPUMiC-IIl8,Future &quot;No Matter What&quot; [Official Video],Future,They can’t literally sing. Omg I bet the concerts suck,0
Future,Trap,QPUMiC-IIl8,Future &quot;No Matter What&quot; [Official Video],Future,"RIP the other wifey. 🦋👐🏾
Miss you Lew
Miss you Sebastian 
Love you Wan 💋

Loved yall 😍🗽😩♥️",1
Future,Trap,QPUMiC-IIl8,Future &quot;No Matter What&quot; [Official Video],Future,Wtf this high siddity girl wanna do wit a astronaut kid❤,0
Future,Trap,QPUMiC-IIl8,Future &quot;No Matter What&quot; [Official Video],Future,Qatar,0
Future,Trap,QPUMiC-IIl8,Future &quot;No Matter What&quot; [Official Video],Future,28 year old prime future then comes 2012 🥶🥶,0
Future,Trap,QPUMiC-IIl8,Future &quot;No Matter What&quot; [Official Video],Future,J9ãàññà,0
Future,Trap,QPUMiC-IIl8,Future &quot;No Matter What&quot; [Official Video],Future,We need this future back🥺😭😭❤️,1
Future,Trap,QPUMiC-IIl8,Future &quot;No Matter What&quot; [Official Video],Future,Astronaut status 🥶✌️,1
Future,Trap,QPUMiC-IIl8,Future &quot;No Matter What&quot; [Official Video],Future,🔥🔥🔥💙💙💙💙🤞🏾,0
Future,Trap,QPUMiC-IIl8,Future &quot;No Matter What&quot; [Official Video],Future,"GABRIEL DOMINIC AND ANNA A. ANTHONY VAYE AND PREZTON G. VAYE.
ANNA_K3LLY50...
ANNA_KELLY50...",0
Future,Trap,QPUMiC-IIl8,Future &quot;No Matter What&quot; [Official Video],Future,Who is with me in 2026,0
Future,Trap,QPUMiC-IIl8,Future &quot;No Matter What&quot; [Official Video],Future,🔑 ❤💯💯💯🦉😎😎🇨🇦☎️🔒🔒🔒🔑💍,0
Future,Trap,QPUMiC-IIl8,Future &quot;No Matter What&quot; [Official Video],Future,"This Right Here is the only Future I know!!!!!!! 
✨👆✨😍✨👆✨
👑2026.. To the Future..
✨👑✨😜",0
Future,Trap,QPUMiC-IIl8,Future &quot;No Matter What&quot; [Official Video],Future,This my gem,0
Future,Trap,QPUMiC-IIl8,Future &quot;No Matter What&quot; [Official Video],Future,ADC 185440 battery 2nd degree 8 counts un read rights Miranda rights every charges no rights read,0
Future,Trap,QPUMiC-IIl8,Future &quot;No Matter What&quot; [Official Video],Future,Colorblind,0
Future,Trap,QPUMiC-IIl8,Future &quot;No Matter What&quot; [Official Video],Future,King of Arkansas King of Florida,0
Future,Trap,QPUMiC-IIl8,Future &quot;No Matter What&quot; [Official Video],Future,He said he’s gonna cum out of his dick like a palm tree lol,0
Future,Trap,QPUMiC-IIl8,Future &quot;No Matter What&quot; [Official Video],Future,This nigga been in the game 15 years bro 😭,0
Future,Trap,QPUMiC-IIl8,Future &quot;No Matter What&quot; [Official Video],Future,them flipagram days 😂,1
Future,Trap,QPUMiC-IIl8,Future &quot;No Matter What&quot; [Official Video],Future,NMW! 🤩,0
Future,Trap,QPUMiC-IIl8,Future &quot;No Matter What&quot; [Official Video],Future,"Future, we need this type of beat again...",7
Future,Trap,QPUMiC-IIl8,Future &quot;No Matter What&quot; [Official Video],Future,Still listening in 2026 🔥🔥🔥🔥🔥🔥🔥🔥🔥💯,2
Future,Trap,QPUMiC-IIl8,Future &quot;No Matter What&quot; [Official Video],Future,Or is it lye lye I'm just trying to understand,0
Future,Trap,QPUMiC-IIl8,Future &quot;No Matter What&quot; [Official Video],Future,Lie lie is that a last  name,0
Future,Trap,QPUMiC-IIl8,Future &quot;No Matter What&quot; [Official Video],Future,Ghost lie,0
Future,Trap,QPUMiC-IIl8,Future &quot;No Matter What&quot; [Official Video],Future,For my father-in-law Don Ramon no future they will have,0
Future,Trap,QPUMiC-IIl8,Future &quot;No Matter What&quot; [Official Video],Future,2026 13 years strong 💪🏽 🔥,1
Future,Trap,QPUMiC-IIl8,Future &quot;No Matter What&quot; [Official Video],Future,New Future aint seeing this 😅,1
Future,Trap,QPUMiC-IIl8,Future &quot;No Matter What&quot; [Official Video],Future,Classic knew this before the fame who else,1
Future,Trap,QPUMiC-IIl8,Future &quot;No Matter What&quot; [Official Video],Future,❤😮,0
Future,Trap,QPUMiC-IIl8,Future &quot;No Matter What&quot; [Official Video],Future,Good song my favorite ❤❤❤❤,1
Future,Trap,QPUMiC-IIl8,Future &quot;No Matter What&quot; [Official Video],Future,This song will always be 🔥 is my favorite,0
Future,Trap,QPUMiC-IIl8,Future &quot;No Matter What&quot; [Official Video],Future,❤2026 Anyone!?!?!,0
Future,Trap,QPUMiC-IIl8,Future &quot;No Matter What&quot; [Official Video],Future,2026 ❤,1
Future,Trap,QPUMiC-IIl8,Future &quot;No Matter What&quot; [Official Video],Future,This Terrible,0
Future,Trap,QPUMiC-IIl8,Future &quot;No Matter What&quot; [Official Video],Future,🎉prime future,0
Future,Trap,QPUMiC-IIl8,Future &quot;No Matter What&quot; [Official Video],Future,2028,0
Future,Trap,QPUMiC-IIl8,Future &quot;No Matter What&quot; [Official Video],Future,It is under Apple Music.. it’s under the astronaut status mixtape/album,0
Future,Trap,QPUMiC-IIl8,Future &quot;No Matter What&quot; [Official Video],Future,The Duke Dennis Era of Future 🔥🔥🔥🔥🔥😭,32
Future,Trap,QPUMiC-IIl8,Future &quot;No Matter What&quot; [Official Video],Future,0:24 ❤❤❤,1
Future,Trap,QPUMiC-IIl8,Future &quot;No Matter What&quot; [Official Video],Future,Here,0
Future,Trap,QPUMiC-IIl8,Future &quot;No Matter What&quot; [Official Video],Future,Koz where you at? 😂,0
Future,Trap,QPUMiC-IIl8,Future &quot;No Matter What&quot; [Official Video],Future,Never gets old,1
Future,Trap,QPUMiC-IIl8,Future &quot;No Matter What&quot; [Official Video],Future,2026 and not on Apple Music at all 🤦🏼‍♂️,1
Future,Trap,QPUMiC-IIl8,Future &quot;No Matter What&quot; [Official Video],Future,I<3kre.,0
Future,Trap,QPUMiC-IIl8,Future &quot;No Matter What&quot; [Official Video],Future,"""pluto sung aint give no fuhh""🤝💯",0
Future,Trap,QPUMiC-IIl8,Future &quot;No Matter What&quot; [Official Video],Future,FINALLY ON APPLE MUSIC !!!,2
Future,Trap,QPUMiC-IIl8,Future &quot;No Matter What&quot; [Official Video],Future,We was pose to neva end Lionell 😩❤️‍🩹 Wish u the best babe 😘,0
Future,Trap,QPUMiC-IIl8,Future &quot;No Matter What&quot; [Official Video],Future,💯💯💯,0
Future,Trap,QPUMiC-IIl8,Future &quot;No Matter What&quot; [Official Video],Future,TRAP QUEEN JackieB 🎉🎉🎉🎉🎉,1
Future,Trap,QPUMiC-IIl8,Future &quot;No Matter What&quot; [Official Video],Future,Future you the best 2026 I’m still on,22
Future,Trap,QPUMiC-IIl8,Future &quot;No Matter What&quot; [Official Video],Future,I love this beat,0
Future,Trap,QPUMiC-IIl8,Future &quot;No Matter What&quot; [Official Video],Future,❤❤ I can’t believe this still smacks. 2026,1
Future,Trap,QPUMiC-IIl8,Future &quot;No Matter What&quot; [Official Video],Future,Future  FOREVAA!!!!Jan 2026🎉,12
Future,Trap,QPUMiC-IIl8,Future &quot;No Matter What&quot; [Official Video],Future,Here 2026,1
Future,Trap,QPUMiC-IIl8,Future &quot;No Matter What&quot; [Official Video],Future,No matter what ❤,0
Future,Trap,QPUMiC-IIl8,Future &quot;No Matter What&quot; [Official Video],Future,Apple Needs Thisssss ‼️,1
Future,Trap,QPUMiC-IIl8,Future &quot;No Matter What&quot; [Official Video],Future,Ayeeeee 2026 where yall at😂❤️,1
Future,Trap,QPUMiC-IIl8,Future &quot;No Matter What&quot; [Official Video],Future,2026,0
Future,Trap,QPUMiC-IIl8,Future &quot;No Matter What&quot; [Official Video],Future,2026 and this not on Apple Music,199
Future,Trap,QPUMiC-IIl8,Future &quot;No Matter What&quot; [Official Video],Future,2026,0
Future,Trap,QPUMiC-IIl8,Future &quot;No Matter What&quot; [Official Video],Future,Ur loyalty to him ain't my concern me cause ur Loyal,1
Future,Trap,QPUMiC-IIl8,Future &quot;No Matter What&quot; [Official Video],Future,"0:33 🤙 blue
Be lyin İf said this aİnt remind me of a friend, a liľ ex of mine. İThink it was written about us 😮😮
1:29 but Ay—
“Sometimes a Bond is Better than a Title” ⚃L",0
Future,Trap,QPUMiC-IIl8,Future &quot;No Matter What&quot; [Official Video],Future,January 8 2026🔥,0
Future,Trap,QPUMiC-IIl8,Future &quot;No Matter What&quot; [Official Video],Future,2026 gang,27
Future,Trap,QPUMiC-IIl8,Future &quot;No Matter What&quot; [Official Video],Future,2026,0
Future,Trap,QPUMiC-IIl8,Future &quot;No Matter What&quot; [Official Video],Future,Got the tattoo for proof stay looking down on me young buck you was a angel sent from Heaven ©️⚓️,0
Future,Trap,QPUMiC-IIl8,Future &quot;No Matter What&quot; [Official Video],Future,I'm here 2026❤,64
Future,Trap,QPUMiC-IIl8,Future &quot;No Matter What&quot; [Official Video],Future,2026 ??,1
Future,Trap,QPUMiC-IIl8,Future &quot;No Matter What&quot; [Official Video],Future,2026 any listeners ?,322
Future,Trap,QPUMiC-IIl8,Future &quot;No Matter What&quot; [Official Video],Future,2026 who’s in hea,2
Future,Trap,QPUMiC-IIl8,Future &quot;No Matter What&quot; [Official Video],Future,1st in 2❤k❤2❤6,0
Future,Trap,QPUMiC-IIl8,Future &quot;No Matter What&quot; [Official Video],Future,2026🎉🎉🎉 I'm here,0
Future,Trap,QPUMiC-IIl8,Future &quot;No Matter What&quot; [Official Video],Future,Who’s here in 2026?,0
Future,Trap,QPUMiC-IIl8,Future &quot;No Matter What&quot; [Official Video],Future,"So Dem 💯📨📩✉️💌📧'sWe're Stolen By Danny Burras @Danny Lavell Or Danny Lavelle 💯🐜💯-@Him 👍👍👍💯💯👍👍👍💯🔫's-&-💯🔚's-💯🌉Instead Of Thee 💯🤥'sLie's Thee 💯 Truth Is 🔔📯📢📣🔈🔉🔊🔍🔍🔍🪬🪬🧿🔮🔮🧿🧿🔮🔎🔎 Real Us He Took Dem Didn't Tell Us He was 💯🐜💯💯👍's Mean 👍 and 💯🛣️ Fake 💯🛤️ He is 🙂‍↕️'s Mean 👍's 👍's 👍's 👍's He Put Us Who Sold Us Those On Laughtime Play &Chill Instead Of Us Puttin Him On It 💯🔰💯💯🚭 Fake💯🔰💯💯💯💯🌉💯💯💯Instead Of Thee 🤥'sLie's Thee Truth Is 💯👍's 👍's 👍's 👍's Den Came 🔙 Instead Of Thee 💯🤥""sLie's Stole 💯R e a l 📱's & 📳's & 📲's With 💯🛤️♠️♦️'s in 💯📲's & 📳's &  📱's We J u s t F i n i s h e d Y o u r 💯🐜💯-G's 💯🔫in-B e a t i n O u r D i c k O f -💯-🍾-🍾-🥝-🛑's In Feb B-100 💯🔫in-On Shitter In 💯🪱💯💯🔫-💯🔙-💯🌉-I n s t e a d  O f  T h e e 🅾️🅰️🅰️🅰️💯-Lie's-T h e e R e a l T r u t h ' s 👍's 👍's 🅾️'s 🅰️'s 🅰️'s 🅰️'s 🅰️'s 💯👍's 💯🔫's ⛳'s 🎮's 🕹️'s 🖲️'s. 💯🅰️👍's 👍's 👍's 👍's. V",0
Future,Trap,QPUMiC-IIl8,Future &quot;No Matter What&quot; [Official Video],Future,https://youtu.be/TV2jgzWcHuE?si=PrbGk1B4cA6S1TF_,0
Future,Trap,QPUMiC-IIl8,Future &quot;No Matter What&quot; [Official Video],Future,Lil 50 Remix bouton,1
Future,Trap,QPUMiC-IIl8,Future &quot;No Matter What&quot; [Official Video],Future,❤100,0
Future,Trap,QPUMiC-IIl8,Future &quot;No Matter What&quot; [Official Video],Future,Fundraising funeral for uncle and mother,0
Future,Trap,QPUMiC-IIl8,Future &quot;No Matter What&quot; [Official Video],Future,Smoke tool 🔧 😴 👌 baptized shhhhears,0
Future,Trap,QPUMiC-IIl8,Future &quot;No Matter What&quot; [Official Video],Future,Meet with swiss army and taxidermy parts given 💜 💕 ❤️ 😊,0
Future,Trap,QPUMiC-IIl8,Future &quot;No Matter What&quot; [Official Video],Future,xd jestem z polski,0
Future,Trap,QPUMiC-IIl8,Future &quot;No Matter What&quot; [Official Video],Future,This is the da real one,0
Future,Trap,QPUMiC-IIl8,Future &quot;No Matter What&quot; [Official Video],Future,0:16,0
Future,Trap,QPUMiC-IIl8,Future &quot;No Matter What&quot; [Official Video],Future,Who Still here ?,0
Future,Trap,QPUMiC-IIl8,Future &quot;No Matter What&quot; [Official Video],Future,I’m here 2025🔥🔥🔥🔥,1
Future,Trap,QPUMiC-IIl8,Future &quot;No Matter What&quot; [Official Video],Future,🔥🔥🔥💯,0
Future,Trap,QPUMiC-IIl8,Future &quot;No Matter What&quot; [Official Video],Future,🔥,0
Future,Trap,QPUMiC-IIl8,Future &quot;No Matter What&quot; [Official Video],Future,0:53 her friend was cuter in my opinion ❤,5
Future,Trap,QPUMiC-IIl8,Future &quot;No Matter What&quot; [Official Video],Future,Who there in 2026?...,1
Future,Trap,QPUMiC-IIl8,Future &quot;No Matter What&quot; [Official Video],Future,🫂💯🪔🪶❣️🌹,0
Future,Trap,QPUMiC-IIl8,Future &quot;No Matter What&quot; [Official Video],Future,You got to respect good music period 😮❤💯,0
Future,Trap,QPUMiC-IIl8,Future &quot;No Matter What&quot; [Official Video],Future,future I forgot to tell the transgenders waxed your song thank Billiewilliekyrabridge ENJOY!,0
Future,Trap,QPUMiC-IIl8,Future &quot;No Matter What&quot; [Official Video],Future,3:14 that’s first time hearing that beat in the back on this song like that. fw this version heavy hell yea 🎉🎉🎉🎉🥰,8
Future,Trap,QPUMiC-IIl8,Future &quot;No Matter What&quot; [Official Video],Future,2025 still 🔥🔥☄️🦅,0
Future,Trap,QPUMiC-IIl8,Future &quot;No Matter What&quot; [Official Video],Future,Still 2025,0
Future,Trap,QPUMiC-IIl8,Future &quot;No Matter What&quot; [Official Video],Future,Definitely about my MJ Sr ☝🏽🥰🥰💪🏽🇺🇸,1
Future,Trap,QPUMiC-IIl8,Future &quot;No Matter What&quot; [Official Video],Future,2025 still here sharing love❤❤❤,1
Future,Trap,QPUMiC-IIl8,Future &quot;No Matter What&quot; [Official Video],Future,Senior Year,0
Future,Trap,QPUMiC-IIl8,Future &quot;No Matter What&quot; [Official Video],Future,"Jaguar Harrison, ""????husband?""",0
Future,Trap,QPUMiC-IIl8,Future &quot;No Matter What&quot; [Official Video],Future,And before Eddie long they did what else to you bruh dont play with me and if you dont cry out with me on fbi or TMZ I wont let up Kassedi y'all not running for your life anymore damne them,0
Future,Trap,QPUMiC-IIl8,Future &quot;No Matter What&quot; [Official Video],Future,Bruh and stop mf playing or I'm letting all of em know what they took you threw Memphis Kassedi and chins up and bless our team you know they not mafiaing a motherloans thing else neither and Ciara know why show picked our last name when y'all both was running for y'all life that year and we do too and no we not letting up Kassedi look out for my Chayse Chozen Josh and beejay not Ms oselen josh he let em know what really happened too us and before I let some sum else happened to any of us or the the dont la's we wont stop telling the FBI and you better not either yeah,0
Future,Trap,QPUMiC-IIl8,Future &quot;No Matter What&quot; [Official Video],Future,This shit hard 😂,1
Future,Trap,QPUMiC-IIl8,Future &quot;No Matter What&quot; [Official Video],Future,Whoa here in 2026 & beyond 22 years and beyond. #future❤,0
Future,Trap,QPUMiC-IIl8,Future &quot;No Matter What&quot; [Official Video],Future,"🖤🔥
0:00",1
Future,Trap,QPUMiC-IIl8,Future &quot;No Matter What&quot; [Official Video],Future,So what happened to tht bond 😂,1
Future,Trap,QPUMiC-IIl8,Future &quot;No Matter What&quot; [Official Video],Future,I miss the old future with dread rocks man❤,1
Future,Trap,QPUMiC-IIl8,Future &quot;No Matter What&quot; [Official Video],Future,"""I found my homie and my bestie""",2
Future,Trap,QPUMiC-IIl8,Future &quot;No Matter What&quot; [Official Video],Future,2025 🫱🏾‍🫲🏿,0
Future,Trap,QPUMiC-IIl8,Future &quot;No Matter What&quot; [Official Video],Future,I love this song,0
Future,Trap,QPUMiC-IIl8,Future &quot;No Matter What&quot; [Official Video],Future,NO MATTER WHAT 🤞🏾😎😎,0
Future,Trap,QPUMiC-IIl8,Future &quot;No Matter What&quot; [Official Video],Future,"Guess what..
❕️‼️❗️♾️❤️‍🔥💞💯
I'mmmmmmmmmm
Baaaaaaaaaaaaaaccccck !!
This was me & my hubby banger in 2012
ESPECIALLY while he was locked up.. This song,
VIBE-ENERGY-PROMISES-GAVE HOPE❕️
‼️❕️❗️❤️‍🔥♾️💯💞❣️❣️",3
Future,Trap,QPUMiC-IIl8,Future &quot;No Matter What&quot; [Official Video],Future,2025 October,1
Future,Trap,QPUMiC-IIl8,Future &quot;No Matter What&quot; [Official Video],Future,2025 who here 💕,1
Future,Trap,QPUMiC-IIl8,Future &quot;No Matter What&quot; [Official Video],Future,2025 ❤,0
Future,Trap,QPUMiC-IIl8,Future &quot;No Matter What&quot; [Official Video],Future,Who here 2025,0
Future,Trap,QPUMiC-IIl8,Future &quot;No Matter What&quot; [Official Video],Future,Play this and then play the Too Fast video 🔥,0
Future,Trap,QPUMiC-IIl8,Future &quot;No Matter What&quot; [Official Video],Future,JamminG 🎉🎉🎉🎉🎉,1
Future,Trap,QPUMiC-IIl8,Future &quot;No Matter What&quot; [Official Video],Future,Only a few know why,0
Future,Trap,QPUMiC-IIl8,Future &quot;No Matter What&quot; [Official Video],Future,"You doing better however I'm proud of you. Remember though ""THINK""",1
Future,Trap,QPUMiC-IIl8,Future &quot;No Matter What&quot; [Official Video],Future,Back again 9-29-25,0
Future,Trap,QPUMiC-IIl8,Future &quot;No Matter What&quot; [Official Video],Future,2025 no Apple Music wthelly?!?!?,0
Future,Trap,QPUMiC-IIl8,Future &quot;No Matter What&quot; [Official Video],Future,I’m here in 2025. I will Never be tired of this song 😜,0
Future,Trap,QPUMiC-IIl8,Future &quot;No Matter What&quot; [Official Video],Future,I'm hitting up 2026 for the FUTURE,22
Future,Trap,QPUMiC-IIl8,Future &quot;No Matter What&quot; [Official Video],Future,This T-are-Nisha With Swagged Out Entertainment and I'm future fan wow,0
Future,Trap,QPUMiC-IIl8,Future &quot;No Matter What&quot; [Official Video],Future,2k25❤😊,2
Future,Trap,QPUMiC-IIl8,Future &quot;No Matter What&quot; [Official Video],Future,Who bumpin this bih in 2025,1
Future,Trap,QPUMiC-IIl8,Future &quot;No Matter What&quot; [Official Video],Future,2025 and still 🔥,1
Future,Trap,QPUMiC-IIl8,Future &quot;No Matter What&quot; [Official Video],Future,This song never gets old❤❤,0
Future,Trap,QPUMiC-IIl8,Future &quot;No Matter What&quot; [Official Video],Future,J.D Power,0
Future,Trap,QPUMiC-IIl8,Future &quot;No Matter What&quot; [Official Video],Future,Why we can’t download this on Apple Music? 👀,0
Future,Trap,QPUMiC-IIl8,Future &quot;No Matter What&quot; [Official Video],Future,I'm just wondering why this isn't on Apple Music,0
Future,Trap,QPUMiC-IIl8,Future &quot;No Matter What&quot; [Official Video],Future,My hubby and I have been together 13 years. We have been through hell and back. He meant that shit when we got together and he sent me this. 😭❤️,1
Future,Trap,QPUMiC-IIl8,Future &quot;No Matter What&quot; [Official Video],Future,@Taylove 9/2025,1
Future,Trap,QPUMiC-IIl8,Future &quot;No Matter What&quot; [Official Video],Future,No Matter what MB !! 🩵🩷💍👑💋💕♾️💯💫✨,0
Future,Trap,QPUMiC-IIl8,Future &quot;No Matter What&quot; [Official Video],Future,"I can't see you as myself 
❤❤
Nope I don't love you
as
Waterboy
or
PU$$YCAT
Y'AALL GO PLAY $ports
Coaches and
Coach
Shoe
You know name brand stuff
Go to your real parents
Them crackers",0
Future,Trap,QPUMiC-IIl8,Future &quot;No Matter What&quot; [Official Video],Future,Here in 2025❤❤,1
Future,Trap,QPUMiC-IIl8,Future &quot;No Matter What&quot; [Official Video],Future,😂😂😂 this song i cant take it seriously,0
Future,Trap,QPUMiC-IIl8,Future &quot;No Matter What&quot; [Official Video],Future,Me,0
Future,Trap,QPUMiC-IIl8,Future &quot;No Matter What&quot; [Official Video],Future,❤❤❤❤,0
Future,Trap,QPUMiC-IIl8,Future &quot;No Matter What&quot; [Official Video],Future,Da memories from this shi😢,0
Future,Trap,QPUMiC-IIl8,Future &quot;No Matter What&quot; [Official Video],Future,They don’t know about loyalty till we leave cause They got Options ❤ Would be funny if we had options too,0
Future,Trap,QPUMiC-IIl8,Future &quot;No Matter What&quot; [Official Video],Future,Nigga s can’t handle it if we turned the tables on they ass ❤,0
Future,Trap,QPUMiC-IIl8,Future &quot;No Matter What&quot; [Official Video],Future,"No, matter what? Same",0
Future,Trap,QPUMiC-IIl8,Future &quot;No Matter What&quot; [Official Video],Future,🔥🔥💯💪🫡❤️🔥,0
Future,Trap,QPUMiC-IIl8,Future &quot;No Matter What&quot; [Official Video],Future,I forgot about this one 🔥🔥,0
Future,Trap,QPUMiC-IIl8,Future &quot;No Matter What&quot; [Official Video],Future,I still send this to her even tho she got a man and family she still mine 😊,0
Future,Trap,QPUMiC-IIl8,Future &quot;No Matter What&quot; [Official Video],Future,Why is this still not on Apple Music,0
Future,Trap,QPUMiC-IIl8,Future &quot;No Matter What&quot; [Official Video],Future,only ghosts and ain’t never say no bitches. Listen to this.20254️⃣💯👑,0
Future,Trap,QPUMiC-IIl8,Future &quot;No Matter What&quot; [Official Video],Future,💙🔐🔐🔐💯💯🙌🏾,0
Future,Trap,QPUMiC-IIl8,Future &quot;No Matter What&quot; [Official Video],Future,2025 💗,1
Future,Trap,QPUMiC-IIl8,Future &quot;No Matter What&quot; [Official Video],Future,Who here in 2025,1
Future,Trap,QPUMiC-IIl8,Future &quot;No Matter What&quot; [Official Video],Future,2025 July like if you here,0
Future,Trap,QPUMiC-IIl8,Future &quot;No Matter What&quot; [Official Video],Future,I’m here in 2025 and still a hit 🔥,3
Future,Trap,QPUMiC-IIl8,Future &quot;No Matter What&quot; [Official Video],Future,Such a good song 🥲🥲,0
Future,Trap,QPUMiC-IIl8,Future &quot;No Matter What&quot; [Official Video],Future,The fact that this song is not on Apple Music is a crime,96
Future,Trap,QPUMiC-IIl8,Future &quot;No Matter What&quot; [Official Video],Future,2025 🎉 July! I been here from the very beginning ❤ Astronomical,0
Future,Trap,QPUMiC-IIl8,Future &quot;No Matter What&quot; [Official Video],Future,Who's playing this song 2025 ?❤,1
Future,Trap,QPUMiC-IIl8,Future &quot;No Matter What&quot; [Official Video],Future,You got to liv and learn to make mistakes to be the man 👨 ❤,0
Future,Trap,QPUMiC-IIl8,Future &quot;No Matter What&quot; [Official Video],Future,🔥🔥,0
Future,Trap,QPUMiC-IIl8,Future &quot;No Matter What&quot; [Official Video],Future,July 2025.. jamming @ work,1
Future,Trap,QPUMiC-IIl8,Future &quot;No Matter What&quot; [Official Video],Future,I miss the old future music 😩😢,3
Future,Trap,QPUMiC-IIl8,Future &quot;No Matter What&quot; [Official Video],Future,Bob Marley Jr.,0
Future,Trap,QPUMiC-IIl8,Future &quot;No Matter What&quot; [Official Video],Future,Why is this not on Apple Music thoughhhhhh ❤2025,4
Future,Trap,QPUMiC-IIl8,Future &quot;No Matter What&quot; [Official Video],Future,@Breeze2x,1
Future,Trap,QPUMiC-IIl8,Future &quot;No Matter What&quot; [Official Video],Future,This should’ve been on Apple Music,2
Future,Trap,QPUMiC-IIl8,Future &quot;No Matter What&quot; [Official Video],Future,Me,0
Future,Trap,QPUMiC-IIl8,Future &quot;No Matter What&quot; [Official Video],Future,Love this song,2
Future,Trap,QPUMiC-IIl8,Future &quot;No Matter What&quot; [Official Video],Future,rules  vant  bend  time  coming  again  sistet  my  bend  jesse,0
Future,Trap,QPUMiC-IIl8,Future &quot;No Matter What&quot; [Official Video],Future,Why can't I find this song on apple music ?,0
Future,Trap,QPUMiC-IIl8,Future &quot;No Matter What&quot; [Official Video],Future,2025 and i cant find on apple music🙁,0
Future,Trap,QPUMiC-IIl8,Future &quot;No Matter What&quot; [Official Video],Future,Apple Music need it,1
Future,Trap,QPUMiC-IIl8,Future &quot;No Matter What&quot; [Official Video],Future,Why this ain’t on Apple Music,0
Future,Trap,QPUMiC-IIl8,Future &quot;No Matter What&quot; [Official Video],Future,Was in middle school when this came out brought back hella memories,0
Future,Trap,QPUMiC-IIl8,Future &quot;No Matter What&quot; [Official Video],Future,This reminds me of  my friends,0
Future,Trap,QPUMiC-IIl8,Future &quot;No Matter What&quot; [Official Video],Future,"Sister me myself here for yous took.,!?",0
Future,Trap,QPUMiC-IIl8,Future &quot;No Matter What&quot; [Official Video],Future,No more children than his.,0
Future,Trap,QPUMiC-IIl8,Future &quot;No Matter What&quot; [Official Video],Future,"Brothers and girlfriends listen will get to stay that someone deshon trust and go to for support partnership s 💯 🙌 👏 👌 black man supported by strong white woman.,!?",0
Future,Trap,QPUMiC-IIl8,Future &quot;No Matter What&quot; [Official Video],Future,Brings back memories lol. I hope she doing well in life. ❤️,0
Future,Trap,QPUMiC-IIl8,Future &quot;No Matter What&quot; [Official Video],Future,Lamontttyyyy ❤❤❤❤❤,1
Future,Trap,QPUMiC-IIl8,Future &quot;No Matter What&quot; [Official Video],Future,2025 still a hit 🎉,6
Future,Trap,QPUMiC-IIl8,Future &quot;No Matter What&quot; [Official Video],Future,2025🎉,2
Future,Trap,QPUMiC-IIl8,Future &quot;No Matter What&quot; [Official Video],Future,2014 💔 💔 💔,0
Future,Trap,QPUMiC-IIl8,Future &quot;No Matter What&quot; [Official Video],Future,still slaps🔥,1
Future,Trap,QPUMiC-IIl8,Future &quot;No Matter What&quot; [Official Video],Future,2011-12 future was untouchable,1
Future,Trap,QPUMiC-IIl8,Future &quot;No Matter What&quot; [Official Video],Future,Straight classics this song never get old 2me  !!! 🔥 📛 👨‍🚒,2
Future,Trap,QPUMiC-IIl8,Future &quot;No Matter What&quot; [Official Video],Future,R.I.P Sammy ❤🥹❤️❤️❤️❤️❤️❤️,0
Future,Trap,QPUMiC-IIl8,Future &quot;No Matter What&quot; [Official Video],Future,No matter what ❤😂😅😮😢🎉,0
Future,Trap,QPUMiC-IIl8,Future &quot;No Matter What&quot; [Official Video],Future,OMG RIDER,1
Future,Trap,QPUMiC-IIl8,Future &quot;No Matter What&quot; [Official Video],Future,Writer though writers the best one he has,1
Future,Trap,QPUMiC-IIl8,Future &quot;No Matter What&quot; [Official Video],Future,Favorite,1
Future,Trap,QPUMiC-IIl8,Future &quot;No Matter What&quot; [Official Video],Future,"This was back when he used to actually TALK, now he barely speaks words. Shit ain’t the same.",2
Future,Trap,QPUMiC-IIl8,Future &quot;No Matter What&quot; [Official Video],Future,🇧🇷🗿,1
Future,Trap,QPUMiC-IIl8,Future &quot;No Matter What&quot; [Official Video],Future,I love that girl till thw death of me!! ♈️ ❤ ♌️,1
Future,Trap,QPUMiC-IIl8,Future &quot;No Matter What&quot; [Official Video],Future,2025 and I’m still here,1
Future,Trap,QPUMiC-IIl8,Future &quot;No Matter What&quot; [Official Video],Future,💯💯,0
Future,Trap,QPUMiC-IIl8,Future &quot;No Matter What&quot; [Official Video],Future,No rules,0
Future,Trap,QPUMiC-IIl8,Future &quot;No Matter What&quot; [Official Video],Future,Know thatttt I'm Dat 💤🖤🌍💤💤,2
Future,Trap,QPUMiC-IIl8,Future &quot;No Matter What&quot; [Official Video],Future,“D To my 9 Word 2Her ❤”,2
Future,Trap,QPUMiC-IIl8,Future &quot;No Matter What&quot; [Official Video],Future,May 2025 😅 anyone else? been bumping this since I was 10 😂 I’m 25 now 🎉,0
Future,Trap,QPUMiC-IIl8,Future &quot;No Matter What&quot; [Official Video],Future,why is this not on apple music?,0
Future,Trap,QPUMiC-IIl8,Future &quot;No Matter What&quot; [Official Video],Future,called a classicc,1
Future,Trap,QPUMiC-IIl8,Future &quot;No Matter What&quot; [Official Video],Future,Still my go too ❤,0
Future,Trap,QPUMiC-IIl8,Future &quot;No Matter What&quot; [Official Video],Future,Not popping up on Apple Music why!!!,1
Future,Trap,QPUMiC-IIl8,Future &quot;No Matter What&quot; [Official Video],Future,I’m back again.. Lord willing,1
Future,Trap,QPUMiC-IIl8,Future &quot;No Matter What&quot; [Official Video],Future,New Future can’t compare to old Future 💯,0
Future,Trap,QPUMiC-IIl8,Future &quot;No Matter What&quot; [Official Video],Future,Need this on apple music,0
Future,Trap,QPUMiC-IIl8,Future &quot;No Matter What&quot; [Official Video],Future,Here in 2025 Reminiscing. Hard...,0
Future,Trap,QPUMiC-IIl8,Future &quot;No Matter What&quot; [Official Video],Future,2025 n I still get butterflies ❤️❤️ love this song,1
Future,Trap,QPUMiC-IIl8,Future &quot;No Matter What&quot; [Official Video],Future,🔥,0
Future,Trap,QPUMiC-IIl8,Future &quot;No Matter What&quot; [Official Video],Future,6 April 2005 I'm still here,0
Future,Trap,QPUMiC-IIl8,Future &quot;No Matter What&quot; [Official Video],Future,What’s up. Always best friends,0
Future,Trap,QPUMiC-IIl8,Future &quot;No Matter What&quot; [Official Video],Future,2025,1
Future,Trap,QPUMiC-IIl8,Future &quot;No Matter What&quot; [Official Video],Future,We here in 2025 ❤,1
Future,Trap,QPUMiC-IIl8,Future &quot;No Matter What&quot; [Official Video],Future,One day I will produce a beat like this,1
Future,Trap,QPUMiC-IIl8,Future &quot;No Matter What&quot; [Official Video],Future,Mee,0
Future,Trap,QPUMiC-IIl8,Future &quot;No Matter What&quot; [Official Video],Future,I'm here in 2025,1
Future,Trap,QPUMiC-IIl8,Future &quot;No Matter What&quot; [Official Video],Future,KMH❤,0
Future,Trap,QPUMiC-IIl8,Future &quot;No Matter What&quot; [Official Video],Future,2025🎉,1
Future,Trap,QPUMiC-IIl8,Future &quot;No Matter What&quot; [Official Video],Future,"N errybody who was my highschool friend turned into my mom bc she wanna disappearmmmhhmmeeuu , n didntbdieee",0
Future,Trap,QPUMiC-IIl8,Future &quot;No Matter What&quot; [Official Video],Future,This is how me n my man met in 2023,0
Future,Trap,QPUMiC-IIl8,Future &quot;No Matter What&quot; [Official Video],Future,2025,1
Future,Trap,QPUMiC-IIl8,Future &quot;No Matter What&quot; [Official Video],Future,2025👀👀,1
Future,Trap,QPUMiC-IIl8,Future &quot;No Matter What&quot; [Official Video],Future,3/21. You know exactly where you were when this song first came out. I guarantee you play this song at least 10 times straight. Everybody was going through it back then. 😂,0
Future,Trap,QPUMiC-IIl8,Future &quot;No Matter What&quot; [Official Video],Future,I gots to get mines regardless,0
Future,Trap,QPUMiC-IIl8,Future &quot;No Matter What&quot; [Official Video],Future,But I guarantee you I will always get what I need with or without their help,0
Future,Trap,QPUMiC-IIl8,Future &quot;No Matter What&quot; [Official Video],Future,Is the man cuz I'm feeding all them motherfukers right now that's why I'm the boss you don't always what you you don't always get what you want in life,0
Future,Trap,QPUMiC-IIl8,Future &quot;No Matter What&quot; [Official Video],Future,There you go still wasting time,0
Future,Trap,QPUMiC-IIl8,Future &quot;No Matter What&quot; [Official Video],Future,Lewis Jamia Johnson 🧬🇭🇹🐊🎰💜,1
Future,Trap,QPUMiC-IIl8,Future &quot;No Matter What&quot; [Official Video],Future,My song until the end of time,0
Future,Trap,QPUMiC-IIl8,Future &quot;No Matter What&quot; [Official Video],Future,2025? Or just me?😭💕,1
Future,Trap,QPUMiC-IIl8,Future &quot;No Matter What&quot; [Official Video],Future,Why this not on Apple Music,0
Future,Trap,QPUMiC-IIl8,Future &quot;No Matter What&quot; [Official Video],Future,Whose here in 2025....,553
Future,Trap,QPUMiC-IIl8,Future &quot;No Matter What&quot; [Official Video],Future,From 2017 to 2022 I'll forever love you R.I.Love Cordero 🖤🖤🤲🏼🤲🏼🤞🏼 01/21/1987----08/03/2022,2
Future,Trap,QPUMiC-IIl8,Future &quot;No Matter What&quot; [Official Video],Future,Never gets old!,0
Future,Trap,QPUMiC-IIl8,Future &quot;No Matter What&quot; [Official Video],Future,2025 me  and my hoes,0
Future,Trap,QPUMiC-IIl8,Future &quot;No Matter What&quot; [Official Video],Future,We here in 2025!,0
Future,Trap,QPUMiC-IIl8,Future &quot;No Matter What&quot; [Official Video],Future,2025? This that old future 😩🔥,1
Future,Trap,QPUMiC-IIl8,Future &quot;No Matter What&quot; [Official Video],Future,Bro where issss dis n Apple Music,1
Future,Trap,QPUMiC-IIl8,Future &quot;No Matter What&quot; [Official Video],Future,0:48,0
Future,Trap,QPUMiC-IIl8,Future &quot;No Matter What&quot; [Official Video],Future,0:49,0
Future,Trap,QPUMiC-IIl8,Future &quot;No Matter What&quot; [Official Video],Future,1:03,0
Future,Trap,QPUMiC-IIl8,Future &quot;No Matter What&quot; [Official Video],Future,Smart Water ... Años,0
Future,Trap,QPUMiC-IIl8,Future &quot;No Matter What&quot; [Official Video],Future,2025 we STILL IN HERE. FOREVER EVA.,0
Future,Trap,QPUMiC-IIl8,Future &quot;No Matter What&quot; [Official Video],Future,I honestly think they were kicking it at one point but it got toxic 🤣🤣🤣,0
Future,Trap,QPUMiC-IIl8,Future &quot;No Matter What&quot; [Official Video],Future,2025🎉,0
Future,Trap,QPUMiC-IIl8,Future &quot;No Matter What&quot; [Official Video],Future,❤❤❤❤❤❤,0
Future,Trap,QPUMiC-IIl8,Future &quot;No Matter What&quot; [Official Video],Future,Still here 🔥💯,1
Future,Trap,QPUMiC-IIl8,Future &quot;No Matter What&quot; [Official Video],Future,Who playin in 2025,0
Future,Trap,QPUMiC-IIl8,Future &quot;No Matter What&quot; [Official Video],Future,Big Loyal 💯,0
Future,Trap,QPUMiC-IIl8,Future &quot;No Matter What&quot; [Official Video],Future,Who’s here 2025,0
Future,Trap,QPUMiC-IIl8,Future &quot;No Matter What&quot; [Official Video],Future,still here in 2025?!,0
Future,Trap,QPUMiC-IIl8,Future &quot;No Matter What&quot; [Official Video],Future,0:17 this part go hard,23
Future,Trap,QPUMiC-IIl8,Future &quot;No Matter What&quot; [Official Video],Future,When he said “tellemianmeantointervenewithhismainthingyoumymainflingitookhermanstream” i felt that,0
Future,Trap,QPUMiC-IIl8,Future &quot;No Matter What&quot; [Official Video],Future,Sweetz&GoRillah❤️,0
Future,Trap,QPUMiC-IIl8,Future &quot;No Matter What&quot; [Official Video],Future,2025 anyone,1
Future,Trap,QPUMiC-IIl8,Future &quot;No Matter What&quot; [Official Video],Future,Yooooo 2025,1
Future,Trap,QPUMiC-IIl8,Future &quot;No Matter What&quot; [Official Video],Future,2025,0
Future,Trap,QPUMiC-IIl8,Future &quot;No Matter What&quot; [Official Video],Future,2025 we here dis mf so hard,0
Future,Trap,QPUMiC-IIl8,Future &quot;No Matter What&quot; [Official Video],Future,Who playing this still in 2025🎉🎉,0
Future,Trap,QPUMiC-IIl8,Future &quot;No Matter What&quot; [Official Video],Future,I love this song top 1 inlove u to lil Wayne but this top 1,0
Future,Trap,QPUMiC-IIl8,Future &quot;No Matter What&quot; [Official Video],Future,🥰 No matter what🤞🏾,1
Future,Trap,QPUMiC-IIl8,Future &quot;No Matter What&quot; [Official Video],Future,Playin this my wedding,1
Future,Trap,QPUMiC-IIl8,Future &quot;No Matter What&quot; [Official Video],Future,Who’s playing 2025😂,2
Future,Trap,QPUMiC-IIl8,Future &quot;No Matter What&quot; [Official Video],Future,This song reminds me of my kids dad I used to sing this song to him all the time,0
Future,Trap,QPUMiC-IIl8,Future &quot;No Matter What&quot; [Official Video],Future,they need to add this apple music like damn 🤣🙄,0
Future,Trap,QPUMiC-IIl8,Future &quot;No Matter What&quot; [Official Video],Future,🎉,0
Future,Trap,QPUMiC-IIl8,Future &quot;No Matter What&quot; [Official Video],Future,Who here in 2025 ? 👀,73
Future,Trap,QPUMiC-IIl8,Future &quot;No Matter What&quot; [Official Video],Future,Who’s here in 2025? ❤️,2
Future,Trap,QPUMiC-IIl8,Future &quot;No Matter What&quot; [Official Video],Future,⬇️Who here 2025 🤧🤝🏾,3
Future,Trap,QPUMiC-IIl8,Future &quot;No Matter What&quot; [Official Video],Future,Hendrix neva get old!,1
Future,Trap,QPUMiC-IIl8,Future &quot;No Matter What&quot; [Official Video],Future,2k25 ❤,5
Future,Trap,QPUMiC-IIl8,Future &quot;No Matter What&quot; [Official Video],Future,2025?,1
Future,Trap,QPUMiC-IIl8,Future &quot;No Matter What&quot; [Official Video],Future,Who is here in 2025?,2
Future,Trap,QPUMiC-IIl8,Future &quot;No Matter What&quot; [Official Video],Future,2025?? Wya,2
Future,Trap,QPUMiC-IIl8,Future &quot;No Matter What&quot; [Official Video],Future,"I’m here in 2025💪 this song 🎵 will forever go hard!! Reminds me of  a guy who I was kicking it with, but we were never in a relationship!! My guy forever!!",4
Future,Trap,QPUMiC-IIl8,Future &quot;No Matter What&quot; [Official Video],Future,No matter what keep that bun to the very end f*** with that n**** man,1
Future,Trap,QPUMiC-IIl8,Future &quot;No Matter What&quot; [Official Video],Future,2025?,2
Future,Trap,QPUMiC-IIl8,Future &quot;No Matter What&quot; [Official Video],Future,Mannn,1
Future,Trap,QPUMiC-IIl8,Future &quot;No Matter What&quot; [Official Video],Future,2025?,3
Future,Trap,QPUMiC-IIl8,Future &quot;No Matter What&quot; [Official Video],Future,2025 any1?,3
Future,Trap,QPUMiC-IIl8,Future &quot;No Matter What&quot; [Official Video],Future,Who here in 2025,38
Future,Trap,QPUMiC-IIl8,Future &quot;No Matter What&quot; [Official Video],Future,Here in 2025🫦🙏🏿🙏🏿,1
Future,Trap,QPUMiC-IIl8,Future &quot;No Matter What&quot; [Official Video],Future,Anyone 2025,2
Future,Trap,QPUMiC-IIl8,Future &quot;No Matter What&quot; [Official Video],Future,That was cam song  my x,1
Future,Trap,QPUMiC-IIl8,Future &quot;No Matter What&quot; [Official Video],Future,2025,1
Future,Trap,QPUMiC-IIl8,Future &quot;No Matter What&quot; [Official Video],Future,He shoulda listen to Ciara and stayed in this lane,1
Future,Trap,QPUMiC-IIl8,Future &quot;No Matter What&quot; [Official Video],Future,who playing this in 2025 😂,4
Future,Trap,QPUMiC-IIl8,Future &quot;No Matter What&quot; [Official Video],Future,25’ 🎉 🗣️,1
Future,Trap,QPUMiC-IIl8,Future &quot;No Matter What&quot; [Official Video],Future,2025❤,2
Future,Trap,QPUMiC-IIl8,Future &quot;No Matter What&quot; [Official Video],Future,No matter what baby #14 yrs strong,1
Future,Trap,QPUMiC-IIl8,Future &quot;No Matter What&quot; [Official Video],Future,2025 stillll here😂,2
Future,Trap,QPUMiC-IIl8,Future &quot;No Matter What&quot; [Official Video],Future,Here in 2025❤🤞,2
Future,Trap,QPUMiC-IIl8,Future &quot;No Matter What&quot; [Official Video],Future,2025 😂,2
Future,Trap,QPUMiC-IIl8,Future &quot;No Matter What&quot; [Official Video],Future,Who here in 2025❤,2
Future,Trap,QPUMiC-IIl8,Future &quot;No Matter What&quot; [Official Video],Future,Who still listening in 2025 👀❓,3
Future,Trap,QPUMiC-IIl8,Future &quot;No Matter What&quot; [Official Video],Future,2025 ? i’ll never get tired of this song 🔥,408
Future,Trap,QPUMiC-IIl8,Future &quot;No Matter What&quot; [Official Video],Future,Still here in 2025😭,12
Future,Trap,QPUMiC-IIl8,Future &quot;No Matter What&quot; [Official Video],Future,Still slappin in 2025!!!,2
Future,Trap,QPUMiC-IIl8,Future &quot;No Matter What&quot; [Official Video],Future,If feel bad for anyone that doesn’t have that no matter what,1
Future,Trap,QPUMiC-IIl8,Future &quot;No Matter What&quot; [Official Video],Future,I'm the last one standing cuz this just me,1
Future,Trap,QPUMiC-IIl8,Future &quot;No Matter What&quot; [Official Video],Future,"“ We can talk whatever , we can fuck whenever , it’s like we walking on rose petals “ ❤",4
Future,Trap,QPUMiC-IIl8,Future &quot;No Matter What&quot; [Official Video],Future,Who here in 2030 ?,35
Future,Trap,QPUMiC-IIl8,Future &quot;No Matter What&quot; [Official Video],Future,😂😂😂,1
Future,Trap,QPUMiC-IIl8,Future &quot;No Matter What&quot; [Official Video],Future,Who playin in 2025😂😂😂😂,8
Future,Trap,QPUMiC-IIl8,Future &quot;No Matter What&quot; [Official Video],Future,Here in 2025,1
Future,Trap,QPUMiC-IIl8,Future &quot;No Matter What&quot; [Official Video],Future,2025!,2
Future,Trap,QPUMiC-IIl8,Future &quot;No Matter What&quot; [Official Video],Future,Who playing this in 2025? 😂 it’s the second week of the year,1
Future,Trap,QPUMiC-IIl8,Future &quot;No Matter What&quot; [Official Video],Future,2025 still hitting ❤ Hit that like button 🥰,1
Future,Trap,QPUMiC-IIl8,Future &quot;No Matter What&quot; [Official Video],Future,2025??😂,1
Future,Trap,QPUMiC-IIl8,Future &quot;No Matter What&quot; [Official Video],Future,2k25,0
Future,Trap,QPUMiC-IIl8,Future &quot;No Matter What&quot; [Official Video],Future,2025🎉,0
Future,Trap,QPUMiC-IIl8,Future &quot;No Matter What&quot; [Official Video],Future,Who still listening in 2025? She gon be there for the kid no matter what 😘,0
Future,Trap,QPUMiC-IIl8,Future &quot;No Matter What&quot; [Official Video],Future,"Nobody: 

Me: 13 days into 2025 🗣️We met through a mutual friend! 🤣🤣🥹🥹",0
Future,Trap,QPUMiC-IIl8,Future &quot;No Matter What&quot; [Official Video],Future,Who playin it in 2025 🔥,2
Future,Trap,QPUMiC-IIl8,Future &quot;No Matter What&quot; [Official Video],Future,2025 anybody???,2
Future,Trap,QPUMiC-IIl8,Future &quot;No Matter What&quot; [Official Video],Future,Who playing in 2025?? 🎉,2
Future,Trap,QPUMiC-IIl8,Future &quot;No Matter What&quot; [Official Video],Future,Rip to this future its ftb now 😂,2
Future,Trap,QPUMiC-IIl8,Future &quot;No Matter What&quot; [Official Video],Future,2025 any one ❤???,2
Future,Trap,QPUMiC-IIl8,Future &quot;No Matter What&quot; [Official Video],Future,Chips it out,0
Future,Trap,QPUMiC-IIl8,Future &quot;No Matter What&quot; [Official Video],Future,Spit guards guards cloned,0
Future,Trap,QPUMiC-IIl8,Future &quot;No Matter What&quot; [Official Video],Future,You tube dr phd baby made,0
Future,Trap,QPUMiC-IIl8,Future &quot;No Matter What&quot; [Official Video],Future,Woof see catalogs about loonies and apollo coins and currency and presidential candidates,0
Future,Trap,QPUMiC-IIl8,Future &quot;No Matter What&quot; [Official Video],Future,2025🙂‍↕️,0
Future,Trap,QPUMiC-IIl8,Future &quot;No Matter What&quot; [Official Video],Future,Here in 2025,0
Future,Trap,QPUMiC-IIl8,Future &quot;No Matter What&quot; [Official Video],Future,2025 …,0
Future,Trap,QPUMiC-IIl8,Future &quot;No Matter What&quot; [Official Video],Future,2025 🤯,1
Future,Trap,QPUMiC-IIl8,Future &quot;No Matter What&quot; [Official Video],Future,who listening with me in 2025 ? 😁,0
Future,Trap,QPUMiC-IIl8,Future &quot;No Matter What&quot; [Official Video],Future,Who playing it 2025,2
Future,Trap,QPUMiC-IIl8,Future &quot;No Matter What&quot; [Official Video],Future,Who I’m here in 2025🎉🎉,0
Future,Trap,QPUMiC-IIl8,Future &quot;No Matter What&quot; [Official Video],Future,2025?? ❤😂,1
Future,Trap,QPUMiC-IIl8,Future &quot;No Matter What&quot; [Official Video],Future,2025 👀,2
Future,Trap,QPUMiC-IIl8,Future &quot;No Matter What&quot; [Official Video],Future,who here 2025,2
Future,Trap,QPUMiC-IIl8,Future &quot;No Matter What&quot; [Official Video],Future,Here in 2025!!!,4
Future,Trap,QPUMiC-IIl8,Future &quot;No Matter What&quot; [Official Video],Future,"I always kinda wondered "" HOW HE SAYS HE KNOWS THAT SHE'S LOYAL"" ??😮 When she already belongs to some one else at that time !! But i still love thia damn song 😊😊",2
Future,Trap,QPUMiC-IIl8,Future &quot;No Matter What&quot; [Official Video],Future,Dis still heat no matter what in 2025!!,0
Future,Trap,QPUMiC-IIl8,Future &quot;No Matter What&quot; [Official Video],Future,Who here in 2025,146
Future,Trap,QPUMiC-IIl8,Future &quot;No Matter What&quot; [Official Video],Future,2025 😎😎,2
Future,Trap,QPUMiC-IIl8,Future &quot;No Matter What&quot; [Official Video],Future,No matter what,0
Future,Trap,QPUMiC-IIl8,Future &quot;No Matter What&quot; [Official Video],Future,2025 🩵,1
Future,Trap,QPUMiC-IIl8,Future &quot;No Matter What&quot; [Official Video],Future,2025?,1
Future,Trap,QPUMiC-IIl8,Future &quot;No Matter What&quot; [Official Video],Future,2025 check in,0
Future,Trap,QPUMiC-IIl8,Future &quot;No Matter What&quot; [Official Video],Future,2025🎉,0
Future,Trap,QPUMiC-IIl8,Future &quot;No Matter What&quot; [Official Video],Future,This reminds me of my bestie lunaqueen I love her,0
Future,Trap,QPUMiC-IIl8,Future &quot;No Matter What&quot; [Official Video],Future,2025 Anyone?,1
Future,Trap,QPUMiC-IIl8,Future &quot;No Matter What&quot; [Official Video],Future,who playin it in 2025,1
Future,Trap,QPUMiC-IIl8,Future &quot;No Matter What&quot; [Official Video],Future,Who’s playing it in 2025?,0
Future,Trap,QPUMiC-IIl8,Future &quot;No Matter What&quot; [Official Video],Future,Taking this sht to 2025,0
Future,Trap,QPUMiC-IIl8,Future &quot;No Matter What&quot; [Official Video],Future,I found my homie and best friend in 2022 and still rockin strong 💯,0
Future,Trap,QPUMiC-IIl8,Future &quot;No Matter What&quot; [Official Video],Future,13 years ago is crazy!!! But I’m here 😂,0
Future,Trap,QPUMiC-IIl8,Future &quot;No Matter What&quot; [Official Video],Future,This song goes on repeat at least twice a day!!! This mf riiddeee❤,1
Future,Trap,QPUMiC-IIl8,Future &quot;No Matter What&quot; [Official Video],Future,He got two he interested in prursuing just not same time,0
Future,Trap,QPUMiC-IIl8,Future &quot;No Matter What&quot; [Official Video],Future,Why isn’t this on Apple Music yet?,0
Future,Trap,QPUMiC-IIl8,Future &quot;No Matter What&quot; [Official Video],Future,how eva it go namimsayin 🤞🏿🔥,2
Future,Trap,QPUMiC-IIl8,Future &quot;No Matter What&quot; [Official Video],Future,Ending 2024 and going into 2025 still loving this song NO MATTER WHAT ‼️,1
Future,Trap,QPUMiC-IIl8,Future &quot;No Matter What&quot; [Official Video],Future,Who playing this in 2025!,0
Future,Trap,QPUMiC-IIl8,Future &quot;No Matter What&quot; [Official Video],Future,Thats it for us huh bae twinkle,0
Future,Trap,QPUMiC-IIl8,Future &quot;No Matter What&quot; [Official Video],Future,"No matter what, that what they say, that the game they play,(We'll it's gonna have to be shown to me-for get the words come correct,i got eyes every where,i want to (See)Show (1982)Feb/2/1982.Social Security Last four:7696.Shantina Izora Yarber /Laster.",0
Future,Trap,QPUMiC-IIl8,Future &quot;No Matter What&quot; [Official Video],Future,"I'm back,Life love's me,1982LearnMe/7696-SweetTea/Dymond FOREVER.BlueBlack.Rainbow colors.All. Colors.(Fillstone-Graygoose Sauce.🎉 Digit's Code 🤑🤑🤑🤑🤑🤑🤑-💙🖤(Clue)$$$$$$$$$.",0
Future,Trap,QPUMiC-IIl8,Future &quot;No Matter What&quot; [Official Video],Future,Didnt kodak remix this song? Or made sum type cover to this? If so let me kno wich song,0
Future,Trap,QPUMiC-IIl8,Future &quot;No Matter What&quot; [Official Video],Future,Me and my husband🤣🗣️listening in 2024😂❤,1
Future,Trap,QPUMiC-IIl8,Future &quot;No Matter What&quot; [Official Video],Future,Dec 2024,1
Future,Trap,QPUMiC-IIl8,Future &quot;No Matter What&quot; [Official Video],Future,STILL HERE 2024,1
Future,Trap,QPUMiC-IIl8,Future &quot;No Matter What&quot; [Official Video],Future,2024,0
Future,Trap,QPUMiC-IIl8,Future &quot;No Matter What&quot; [Official Video],Future,🖤🔥,0
Future,Trap,QPUMiC-IIl8,Future &quot;No Matter What&quot; [Official Video],Future,Me and her use to get down to this one,0
Future,Trap,QPUMiC-IIl8,Future &quot;No Matter What&quot; [Official Video],Future,Yesss,0
Future,Trap,QPUMiC-IIl8,Future &quot;No Matter What&quot; [Official Video],Future,I love this song ❤,0
Future,Trap,QPUMiC-IIl8,Future &quot;No Matter What&quot; [Official Video],Future,Memd❤❤,0
Future,Trap,QPUMiC-IIl8,Future &quot;No Matter What&quot; [Official Video],Future,Swears 2024 November 30th who is listening ❤❤❤,0
Future,Trap,QPUMiC-IIl8,Future &quot;No Matter What&quot; [Official Video],Future,Omg i miss this future... 😭,0
Future,Trap,QPUMiC-IIl8,Future &quot;No Matter What&quot; [Official Video],Future,This song is still going hard!,0
Future,Trap,QPUMiC-IIl8,Future &quot;No Matter What&quot; [Official Video],Future,If you don’t know this song we can’t be friends 💪🏾💪🏾,0
Future,Trap,QPUMiC-IIl8,Future &quot;No Matter What&quot; [Official Video],Future,It’s 2024 I’m still fkn wit dis!! 😩,0
Future,Trap,QPUMiC-IIl8,Future &quot;No Matter What&quot; [Official Video],Future,No matter what,1
Future,Trap,QPUMiC-IIl8,Future &quot;No Matter What&quot; [Official Video],Future,Awww cute future,0
Future,Trap,QPUMiC-IIl8,Future &quot;No Matter What&quot; [Official Video],Future,❤❤❤❤,0
Future,Trap,QPUMiC-IIl8,Future &quot;No Matter What&quot; [Official Video],Future,@jrjr5999 me n my homegrl will rocc this till the end of time my nicca!!!,0
Future,Trap,QPUMiC-IIl8,Future &quot;No Matter What&quot; [Official Video],Future,One of them ones,0
Future,Trap,QPUMiC-IIl8,Future &quot;No Matter What&quot; [Official Video],Future,November 2024 ♏🦂,1
Future,Trap,QPUMiC-IIl8,Future &quot;No Matter What&quot; [Official Video],Future,November 2024 anyone?,19
Future,Trap,QPUMiC-IIl8,Future &quot;No Matter What&quot; [Official Video],Future,This my shitt,1
Future,Trap,QPUMiC-IIl8,Future &quot;No Matter What&quot; [Official Video],Future,Still🔥🔥🔥,0
Future,Trap,QPUMiC-IIl8,Future &quot;No Matter What&quot; [Official Video],Future,Estudando pra ver se lanço a braba em 2025 !!,0
Future,Trap,QPUMiC-IIl8,Future &quot;No Matter What&quot; [Official Video],Future,No matter what,0
Future,Trap,QPUMiC-IIl8,Future &quot;No Matter What&quot; [Official Video],Future,2025,0
Future,Trap,QPUMiC-IIl8,Future &quot;No Matter What&quot; [Official Video],Future,2024 🤞🏾🤞🏾🤞🏾🤞🏾🤞🏾🤞🏾,1
Future,Trap,QPUMiC-IIl8,Future &quot;No Matter What&quot; [Official Video],Future,Old future hit different,6
Future,Trap,QPUMiC-IIl8,Future &quot;No Matter What&quot; [Official Video],Future,2024😂,0
Future,Trap,QPUMiC-IIl8,Future &quot;No Matter What&quot; [Official Video],Future,N 82nd St,0
Future,Trap,QPUMiC-IIl8,Future &quot;No Matter What&quot; [Official Video],Future,"MALINDA ""BEAUTY NEW NEW"" SHEPPERSON",0
Future,Trap,QPUMiC-IIl8,Future &quot;No Matter What&quot; [Official Video],Future,😎 bro,0
Future,Trap,QPUMiC-IIl8,Future &quot;No Matter What&quot; [Official Video],Future,2024 still bumping this,0
Future,Trap,QPUMiC-IIl8,Future &quot;No Matter What&quot; [Official Video],Future,I’m still here in 2024,0
Future,Trap,QPUMiC-IIl8,Future &quot;No Matter What&quot; [Official Video],Future,Future is more famous than drake...where im from.,1
Future,Trap,QPUMiC-IIl8,Future &quot;No Matter What&quot; [Official Video],Future,I CANT STOP LISTENING TO THIS SO THIS IS A OG SONG AND OUR CHILDHOOD SONG 🖤,0
Future,Trap,QPUMiC-IIl8,Future &quot;No Matter What&quot; [Official Video],Future,I got jealous of couples because i feel nobody wants to cuddle with me 😢,0
Future,Trap,QPUMiC-IIl8,Future &quot;No Matter What&quot; [Official Video],Future,Listening Today On 9-25-2024 & For Eternity! 😍🫶🏽,2
Future,Trap,QPUMiC-IIl8,Future &quot;No Matter What&quot; [Official Video],Future,2025 coming up .. who all been here since day 1 👀💯🔥,0
Future,Trap,QPUMiC-IIl8,Future &quot;No Matter What&quot; [Official Video],Future,Need to be added to Apple Music,1
Future,Trap,QPUMiC-IIl8,Future &quot;No Matter What&quot; [Official Video],Future,Meeeeeeee until the day I die,0
Future,Trap,QPUMiC-IIl8,Future &quot;No Matter What&quot; [Official Video],Future,Rip Rich Homie Quan 🕊️🕊️,0
Future,Trap,QPUMiC-IIl8,Future &quot;No Matter What&quot; [Official Video],Future,Bless our song 2013 until…❤,0
Future,Trap,QPUMiC-IIl8,Future &quot;No Matter What&quot; [Official Video],Future,I remember my boyfriend that's in jail for nothing when I listen this song,0
Future,Trap,QPUMiC-IIl8,Future &quot;No Matter What&quot; [Official Video],Future,This song just popped in my head today 😂,0
Future,Trap,QPUMiC-IIl8,Future &quot;No Matter What&quot; [Official Video],Future,Who’s here after the concert 2024 🎉,0
Future,Trap,QPUMiC-IIl8,Future &quot;No Matter What&quot; [Official Video],Future,Still my fav song ❤,1
Future,Trap,QPUMiC-IIl8,Future &quot;No Matter What&quot; [Official Video],Future,I need this on apple music,0
Future,Trap,QPUMiC-IIl8,Future &quot;No Matter What&quot; [Official Video],Future,I love dis song sm❤,1
Future,Trap,QPUMiC-IIl8,Future &quot;No Matter What&quot; [Official Video],Future,Yeah Lauren S did me wrong but we could of made it work but the disrespect was too far gone,1
Future,Trap,QPUMiC-IIl8,Future &quot;No Matter What&quot; [Official Video],Future,No cap this nigga low key sounds horrible/ horrific,0
Future,Trap,QPUMiC-IIl8,Future &quot;No Matter What&quot; [Official Video],Future,Name me loyal 😍 shaquesha lol 😆,0
Future,Trap,QPUMiC-IIl8,Future &quot;No Matter What&quot; [Official Video],Future,Im the only loyal one lol yup 👍💯 lol 😆,0
Future,Trap,QPUMiC-IIl8,Future &quot;No Matter What&quot; [Official Video],Future,Jeromy Maurice Green Unlimited Stadiums Full Of All The Money iN The Universe Multiple Times Unlimited Multiple Times Unlimited Universe Multiple Times Unlimited Free Masons Multiple Times Magic Psychic Future Unlimited immortal Multiple Times 💚💚💚🪄🪄🪄🪄🪄🪄🪄🪄🍩🫶🏼,1
Future,Trap,QPUMiC-IIl8,Future &quot;No Matter What&quot; [Official Video],Future,My favorite song from Future🤞🏽,0
Future,Trap,QPUMiC-IIl8,Future &quot;No Matter What&quot; [Official Video],Future,still playing this in 2024 ‼💪🏾,2
Future,Trap,QPUMiC-IIl8,Future &quot;No Matter What&quot; [Official Video],Future,I like your song it's really great 🔥🔥🔥 🔥🔥,0
Future,Trap,QPUMiC-IIl8,Future &quot;No Matter What&quot; [Official Video],Future,lover boy future is longggg gone 😂😂😂,2
Future,Trap,QPUMiC-IIl8,Future &quot;No Matter What&quot; [Official Video],Future,Sir Future you're the Greatest !,2
Future,Trap,QPUMiC-IIl8,Future &quot;No Matter What&quot; [Official Video],Future,2024 still hit❤😂,1
Future,Trap,QPUMiC-IIl8,Future &quot;No Matter What&quot; [Official Video],Future,I think we all wish we had a Bestfriend 💯💯... Classic,0
Future,Trap,QPUMiC-IIl8,Future &quot;No Matter What&quot; [Official Video],Future,This is my ringtone for my man 😂😂😂😂😂❤ ❤,0
Future,Trap,QPUMiC-IIl8,Future &quot;No Matter What&quot; [Official Video],Future,Brasil 2024 alguém escutando?,0
Future,Trap,QPUMiC-IIl8,Future &quot;No Matter What&quot; [Official Video],Future,Im still listening to it,2
Future,Trap,QPUMiC-IIl8,Future &quot;No Matter What&quot; [Official Video],Future,2024,0
Future,Trap,QPUMiC-IIl8,Future &quot;No Matter What&quot; [Official Video],Future,2525🎉🎉🎉🎉🎉🎉🎉🎉🎉🎉🎉🎉,0
Future,Trap,QPUMiC-IIl8,Future &quot;No Matter What&quot; [Official Video],Future,Who is playing on August ❤,1
Future,Trap,QPUMiC-IIl8,Future &quot;No Matter What&quot; [Official Video],Future,444 😌,0
Future,Trap,QPUMiC-IIl8,Future &quot;No Matter What&quot; [Official Video],Future,This listening 2024 it bring back memories of what a name n the song was it n still goin in🎼🎤,0
Future,Trap,QPUMiC-IIl8,Future &quot;No Matter What&quot; [Official Video],Future,Agosto 2024❤❤❤❤,0
Future,Trap,QPUMiC-IIl8,Future &quot;No Matter What&quot; [Official Video],Future,I d9nt care if u lock u and jawn n romeo and juliets corvette honey u will never step to me and say it i remmeber u beibg at kmart special ed hoe,0
Future,Trap,QPUMiC-IIl8,Future &quot;No Matter What&quot; [Official Video],Future,😭😭😭😭😭😭🕠,0
Future,Trap,QPUMiC-IIl8,Future &quot;No Matter What&quot; [Official Video],Future,I found my homie & my best friend 😩,1
Future,Trap,QPUMiC-IIl8,Future &quot;No Matter What&quot; [Official Video],Future,At least 💯 views from me 😅,0
Future,Trap,QPUMiC-IIl8,Future &quot;No Matter What&quot; [Official Video],Future,Damn man,1
Future,Trap,QPUMiC-IIl8,Future &quot;No Matter What&quot; [Official Video],Future,I am,0
Future,Trap,QPUMiC-IIl8,Future &quot;No Matter What&quot; [Official Video],Future,Don’t you hate when you listen to old ass banger and it just reminds you of your first heart break 😂😭 im 29 now and that heart break still hurt,1
Future,Trap,QPUMiC-IIl8,Future &quot;No Matter What&quot; [Official Video],Future,2024❤.,2
Future,Trap,QPUMiC-IIl8,Future &quot;No Matter What&quot; [Official Video],Future,Still one of my faves ❤️,1
Future,Trap,QPUMiC-IIl8,Future &quot;No Matter What&quot; [Official Video],Future,0:48-1:04,1
Future,Trap,QPUMiC-IIl8,Future &quot;No Matter What&quot; [Official Video],Future,"Yu had your eyes on me the whole time, I could see it thru my lens 😂",0
Future,Trap,QPUMiC-IIl8,Future &quot;No Matter What&quot; [Official Video],Future,Why isn’t this on Apple Music 🤦🏾‍♂️🤦🏾‍♂️🤦🏾‍♂️ after all these years,0
Future,Trap,QPUMiC-IIl8,Future &quot;No Matter What&quot; [Official Video],Future,Free my bestie 🫶🏾🫶🏾🫶🏾❤️,0
Future,Trap,QPUMiC-IIl8,Future &quot;No Matter What&quot; [Official Video],Future,Wild I only know about this song because this women I fell for in 2024 and she dedicated this song to me just to only turn around and break my heart... Such a Cold Dark World we live in😔💔🙌,2
Future,Trap,QPUMiC-IIl8,Future &quot;No Matter What&quot; [Official Video],Future,Who still here from 2024,1
Future,Trap,QPUMiC-IIl8,Future &quot;No Matter What&quot; [Official Video],Future,yesssamen it happens,1
Future,Trap,QPUMiC-IIl8,Future &quot;No Matter What&quot; [Official Video],Future,yesssamen,0
Future,Trap,QPUMiC-IIl8,Future &quot;No Matter What&quot; [Official Video],Future,pineapples 🍍 upside cake donuts 🍩 😋,1
Future,Trap,QPUMiC-IIl8,Future &quot;No Matter What&quot; [Official Video],Future,!!,0
Future,Trap,QPUMiC-IIl8,Future &quot;No Matter What&quot; [Official Video],Future,witchcraft,0
Future,Trap,QPUMiC-IIl8,Future &quot;No Matter What&quot; [Official Video],Future,Yesssamen,0
Future,Trap,QPUMiC-IIl8,Future &quot;No Matter What&quot; [Official Video],Future,Menstruation pm,0
Future,Trap,QPUMiC-IIl8,Future &quot;No Matter What&quot; [Official Video],Future,Worm 🪱 protections secrets yous pm underwe a r,0
Future,Trap,QPUMiC-IIl8,Future &quot;No Matter What&quot; [Official Video],Future,Prepare reproduction systems,0
Future,Trap,QPUMiC-IIl8,Future &quot;No Matter What&quot; [Official Video],Future,Cicero  meet you there,0
Future,Trap,QPUMiC-IIl8,Future &quot;No Matter What&quot; [Official Video],Future,Jul 2024 anybody?,0
Future,Trap,QPUMiC-IIl8,Future &quot;No Matter What&quot; [Official Video],Future,We still bumping this bit in 2024! 🔥🔥,0
Future,Trap,QPUMiC-IIl8,Future &quot;No Matter What&quot; [Official Video],Future,🎉,0
Future,Trap,QPUMiC-IIl8,Future &quot;No Matter What&quot; [Official Video],Future,💯✊🏽🪃😎🫡🔥,0
Future,Trap,QPUMiC-IIl8,Future &quot;No Matter What&quot; [Official Video],Future,This used to my shit,4
Future,Trap,QPUMiC-IIl8,Future &quot;No Matter What&quot; [Official Video],Future,He played this song to me singing holding my hand in left me for somebody else days later 😂,1
Future,Trap,QPUMiC-IIl8,Future &quot;No Matter What&quot; [Official Video],Future,they need to add this to apple music,0
Future,Trap,QPUMiC-IIl8,Future &quot;No Matter What&quot; [Official Video],Future,My ex sent me this song but she just bi polar k taylor hope she reads this,1
Future,Trap,QPUMiC-IIl8,Future &quot;No Matter What&quot; [Official Video],Future,Why isn’t this on apple music,0
Future,Trap,QPUMiC-IIl8,Future &quot;No Matter What&quot; [Official Video],Future,💪🏾💯,0
Future,Trap,QPUMiC-IIl8,Future &quot;No Matter What&quot; [Official Video],Future,Me still jammin in 2024 and I still going to be jammin this in 2025,6
Future,Trap,QPUMiC-IIl8,Future &quot;No Matter What&quot; [Official Video],Future,To this day 🔥,0
Future,Trap,QPUMiC-IIl8,Future &quot;No Matter What&quot; [Official Video],Future,Why isn’t it on Apple Music 😢,0
Future,Trap,QPUMiC-IIl8,Future &quot;No Matter What&quot; [Official Video],Future,Make another one With th KE on tha Track He is a Legend ..,0
Future,Trap,QPUMiC-IIl8,Future &quot;No Matter What&quot; [Official Video],Future,His old music feels so magical idk how to describe it,1
Future,Trap,QPUMiC-IIl8,Future &quot;No Matter What&quot; [Official Video],Future,"Who listening to this in 2024🎉 
👇🏾",2
Future,Trap,QPUMiC-IIl8,Future &quot;No Matter What&quot; [Official Video],Future,Still 🔥,0
Future,Trap,QPUMiC-IIl8,Future &quot;No Matter What&quot; [Official Video],Future,2024 and this still hit different 😭🫶🏾,1
Future,Trap,QPUMiC-IIl8,Future &quot;No Matter What&quot; [Official Video],Future,Am in,0
Future,Trap,QPUMiC-IIl8,Future &quot;No Matter What&quot; [Official Video],Future,2024 still singing this at the top of my lungs 😭,0
Future,Trap,QPUMiC-IIl8,Future &quot;No Matter What&quot; [Official Video],Future,😂😂😂nigga had a heart?,2
Future,Trap,QPUMiC-IIl8,Future &quot;No Matter What&quot; [Official Video],Future,Me😂😂😂,0
Future,Trap,QPUMiC-IIl8,Future &quot;No Matter What&quot; [Official Video],Future,2024 🎉🎉🎉🎉,0
Future,Trap,QPUMiC-IIl8,Future &quot;No Matter What&quot; [Official Video],Future,Honestly one of the best songs of the 2010/2024 era,13
Future,Trap,QPUMiC-IIl8,Future &quot;No Matter What&quot; [Official Video],Future,2024 why’s this not on Apple Music 😢,1
Future,Trap,QPUMiC-IIl8,Future &quot;No Matter What&quot; [Official Video],Future,I love this song ❤❤❤,0
Future,Trap,QPUMiC-IIl8,Future &quot;No Matter What&quot; [Official Video],Future,2024 still stuck in this era,0
Future,Trap,QPUMiC-IIl8,Future &quot;No Matter What&quot; [Official Video],Future,"Dis my shit 😩💕💕 
#sbm",0
Future,Trap,QPUMiC-IIl8,Future &quot;No Matter What&quot; [Official Video],Future,still here 2024😅,3
Future,Trap,QPUMiC-IIl8,Future &quot;No Matter What&quot; [Official Video],Future,2024 wya ?,0
Future,Trap,QPUMiC-IIl8,Future &quot;No Matter What&quot; [Official Video],Future,❤,0
Future,Trap,QPUMiC-IIl8,Future &quot;No Matter What&quot; [Official Video],Future,The girls look so mid 2000,0
Future,Trap,QPUMiC-IIl8,Future &quot;No Matter What&quot; [Official Video],Future,His name future for a reason,0
Future,Trap,QPUMiC-IIl8,Future &quot;No Matter What&quot; [Official Video],Future,2024😂😂😂😂,0
Future,Trap,QPUMiC-IIl8,Future &quot;No Matter What&quot; [Official Video],Future,My baby daddy sent me this today this was “our” song in highschool 🤣❤️,2
Future,Trap,QPUMiC-IIl8,Future &quot;No Matter What&quot; [Official Video],Future,2:06 lol yw,0
Future,Trap,QPUMiC-IIl8,Future &quot;No Matter What&quot; [Official Video],Future,2:07,0
Future,Trap,QPUMiC-IIl8,Future &quot;No Matter What&quot; [Official Video],Future,sent ts to like 6 shorties back then,0
Future,Trap,QPUMiC-IIl8,Future &quot;No Matter What&quot; [Official Video],Future,How cares music is music ❤❤❤❤,0
Future,Trap,QPUMiC-IIl8,Future &quot;No Matter What&quot; [Official Video],Future,Me😂😂,0
Future,Trap,QPUMiC-IIl8,Future &quot;No Matter What&quot; [Official Video],Future,"I thought I came up with the pinky promise lol
Ali",2
Future,Trap,QPUMiC-IIl8,Future &quot;No Matter What&quot; [Official Video],Future,🪢💞♾️🚬📿❤️‍🩹🙏🎭🙊🙉🙈😇🫗🧩,1
Future,Trap,QPUMiC-IIl8,Future &quot;No Matter What&quot; [Official Video],Future,"Music can have you so hypnotized that you tend to put yourself into the song... Realizing that you can't decifer between what's real and what's imagination
Not just any song or artist, but particular these songs I've been hearing latley",2
Future,Trap,QPUMiC-IIl8,Future &quot;No Matter What&quot; [Official Video],Future,🤞🤞😘,0
Future,Trap,QPUMiC-IIl8,Future &quot;No Matter What&quot; [Official Video],Future,2024 and this shii still hit,1
Future,Trap,QPUMiC-IIl8,Future &quot;No Matter What&quot; [Official Video],Future,Pee mune rose 🌹 ❤,0
Future,Trap,QPUMiC-IIl8,Future &quot;No Matter What&quot; [Official Video],Future,2025 this shit still a bop,0
Future,Trap,QPUMiC-IIl8,Future &quot;No Matter What&quot; [Official Video],Future,2024,0
Future,Trap,QPUMiC-IIl8,Future &quot;No Matter What&quot; [Official Video],Future,"I miss this future 🤦🏾‍♀️ I don’t like this playboy, dead beat dad, f*ck boy. That’s not why he started as. He was the hood Romeo.",3
Future,Trap,QPUMiC-IIl8,Future &quot;No Matter What&quot; [Official Video],Future,Who here in 2024?,1
Future,Trap,QPUMiC-IIl8,Future &quot;No Matter What&quot; [Official Video],Future,lol i still love this song so much 😭,0
Future,Trap,QPUMiC-IIl8,Future &quot;No Matter What&quot; [Official Video],Future,My shit here let's vibe,0
Future,Trap,QPUMiC-IIl8,Future &quot;No Matter What&quot; [Official Video],Future,"My FAV FUTURE song 2024 STIL HERE
Wish this was on apple!",0
Future,Trap,QPUMiC-IIl8,Future &quot;No Matter What&quot; [Official Video],Future,He made a pinky promise 2 me❤❤❤❤❤,0
Future,Trap,QPUMiC-IIl8,Future &quot;No Matter What&quot; [Official Video],Future,Why i cant find this on apple???,1
Future,Trap,QPUMiC-IIl8,Future &quot;No Matter What&quot; [Official Video],Future,why this not on apple music 🙄,0
Future,Trap,QPUMiC-IIl8,Future &quot;No Matter What&quot; [Official Video],Future,Future is very underrated. I’ve always liked this kind of stuff then and now,0
Future,Trap,QPUMiC-IIl8,Future &quot;No Matter What&quot; [Official Video],Future,Big boogie,0
Future,Trap,QPUMiC-IIl8,Future &quot;No Matter What&quot; [Official Video],Future,My ex Diamond dedicated this song to me. Its still one of my favorite songs 💜,1
Future,Trap,QPUMiC-IIl8,Future &quot;No Matter What&quot; [Official Video],Future,This song make me cry everytime yo,1
Future,Trap,QPUMiC-IIl8,Future &quot;No Matter What&quot; [Official Video],Future,Lil 50 - No Matter What,0
Future,Trap,QPUMiC-IIl8,Future &quot;No Matter What&quot; [Official Video],Future,Still my fave 24,0
Future,Trap,QPUMiC-IIl8,Future &quot;No Matter What&quot; [Official Video],Future,I like this song 😊,0
Future,Trap,QPUMiC-IIl8,Future &quot;No Matter What&quot; [Official Video],Future,4/27/2024 10:31pm....🥰,1
Future,Trap,QPUMiC-IIl8,Future &quot;No Matter What&quot; [Official Video],Future,2924 🥶,0
Future,Trap,QPUMiC-IIl8,Future &quot;No Matter What&quot; [Official Video],Future,still listening april 2024! bless all us here amen. 🐐🎖,1
Future,Trap,QPUMiC-IIl8,Future &quot;No Matter What&quot; [Official Video],Future,Song still slaps 🎉 2024,2
Future,Trap,QPUMiC-IIl8,Future &quot;No Matter What&quot; [Official Video],Future,Happy birthday 🎉look away spray gold chain,1
Future,Trap,QPUMiC-IIl8,Future &quot;No Matter What&quot; [Official Video],Future,NO MATTER WHAT,3
Future,Trap,QPUMiC-IIl8,Future &quot;No Matter What&quot; [Official Video],Future,No matter what lol,8
Future,Trap,QPUMiC-IIl8,Future &quot;No Matter What&quot; [Official Video],Future,New clothes remix I goin to party 🎉 kimora dead update,0
Future,Trap,QPUMiC-IIl8,Future &quot;No Matter What&quot; [Official Video],Future,He need to put this on streaming,4
Future,Trap,QPUMiC-IIl8,Future &quot;No Matter What&quot; [Official Video],Future,Can't lie 😂😂😂 he dat NIGGA NOW WE NEED A ROCKO AN FUTURE CLASSIC HIT AGAIN💪🏾💪🏾💪🏾🏌🏿‍♂️,2
Future,Trap,QPUMiC-IIl8,Future &quot;No Matter What&quot; [Official Video],Future,Future is still good but man back then he was just on another level,0
Future,Trap,QPUMiC-IIl8,Future &quot;No Matter What&quot; [Official Video],Future,5/2/24‼️🛸,0
Future,Trap,QPUMiC-IIl8,Future &quot;No Matter What&quot; [Official Video],Future,2024,1
Future,Trap,QPUMiC-IIl8,Future &quot;No Matter What&quot; [Official Video],Future,Classic 🔥,0
Future,Trap,QPUMiC-IIl8,Future &quot;No Matter What&quot; [Official Video],Future,2024 🖤 # RRR WEST DALLAS TX,0
Future,Trap,QPUMiC-IIl8,Future &quot;No Matter What&quot; [Official Video],Future,This was my shit ❤,1
Future,Trap,QPUMiC-IIl8,Future &quot;No Matter What&quot; [Official Video],Future,2024,0
Future,Trap,QPUMiC-IIl8,Future &quot;No Matter What&quot; [Official Video],Future,KE is a Legend🙏🙏🙏,0
Future,Trap,QPUMiC-IIl8,Future &quot;No Matter What&quot; [Official Video],Future,2024 Been rocking the new whole time ♥️♥️,1
Future,Trap,QPUMiC-IIl8,Future &quot;No Matter What&quot; [Official Video],Future,Is this on Apple??? I can’t find it 😩😩😩,3
Future,Trap,QPUMiC-IIl8,Future &quot;No Matter What&quot; [Official Video],Future,Who still Here in 24,27
Future,Trap,QPUMiC-IIl8,Future &quot;No Matter What&quot; [Official Video],Future,2024 this still my shit,0
Future,Trap,QPUMiC-IIl8,Future &quot;No Matter What&quot; [Official Video],Future,🌺🌺🌺🌺🌺,0
Future,Trap,QPUMiC-IIl8,Future &quot;No Matter What&quot; [Official Video],Future,bro looks like a local nigerian rapper back then 😭,0
Future,Trap,QPUMiC-IIl8,Future &quot;No Matter What&quot; [Official Video],Future,❤,0
Future,Trap,QPUMiC-IIl8,Future &quot;No Matter What&quot; [Official Video],Future,We all amazing and never give up kids keep dreaming high,0
Future,Trap,QPUMiC-IIl8,Future &quot;No Matter What&quot; [Official Video],Future,Why this not Apple Music 😩😭🤍,1
Future,Trap,QPUMiC-IIl8,Future &quot;No Matter What&quot; [Official Video],Future,❤,1
Future,Trap,QPUMiC-IIl8,Future &quot;No Matter What&quot; [Official Video],Future,Ts 4Eva Legendary 🔥🦅,1
Future,Trap,QPUMiC-IIl8,Future &quot;No Matter What&quot; [Official Video],Future,2024 still goes hard 💪🏽🫶🏻🤙🏽,0
Future,Trap,QPUMiC-IIl8,Future &quot;No Matter What&quot; [Official Video],Future,2024🔥,0
Future,Trap,QPUMiC-IIl8,Future &quot;No Matter What&quot; [Official Video],Future,I would do anything to bring back these days. Young teenager not knowing what life would be like in my 20's,2
Future,Trap,QPUMiC-IIl8,Future &quot;No Matter What&quot; [Official Video],Future,Me,0
Future,Trap,QPUMiC-IIl8,Future &quot;No Matter What&quot; [Official Video],Future,Future is me Iam him lol,1
Future,Trap,QPUMiC-IIl8,Future &quot;No Matter What&quot; [Official Video],Future,2025 who going into the new year speaking the new year into existence we going into 2025  No Matter Wat🫶🏽,2
Future,Trap,QPUMiC-IIl8,Future &quot;No Matter What&quot; [Official Video],Future,Shi hittin still ngl😮‍💨,0
Future,Trap,QPUMiC-IIl8,Future &quot;No Matter What&quot; [Official Video],Future,Listening in 2024❤❤,0
Future,Trap,QPUMiC-IIl8,Future &quot;No Matter What&quot; [Official Video],Future,2024,0
Future,Trap,QPUMiC-IIl8,Future &quot;No Matter What&quot; [Official Video],Future,I found my homies and best friend,1
Future,Trap,QPUMiC-IIl8,Future &quot;No Matter What&quot; [Official Video],Future,Astronaut kick,1
Future,Trap,QPUMiC-IIl8,Future &quot;No Matter What&quot; [Official Video],Future,We meet to discuss to a friend you had your eyes on me the hold time,1
Future,Trap,QPUMiC-IIl8,Future &quot;No Matter What&quot; [Official Video],Future,No matter what ye,1
Future,Trap,QPUMiC-IIl8,Future &quot;No Matter What&quot; [Official Video],Future,3-28-24,0
Future,Trap,QPUMiC-IIl8,Future &quot;No Matter What&quot; [Official Video],Future,Still bumping,0
Future,Trap,QPUMiC-IIl8,Future &quot;No Matter What&quot; [Official Video],Future,Still hitting home in 2024🖤✨,0
Future,Trap,QPUMiC-IIl8,Future &quot;No Matter What&quot; [Official Video],Future,If your still jamming in 2024 ur a legend 💯,392
Future,Trap,QPUMiC-IIl8,Future &quot;No Matter What&quot; [Official Video],Future,I’m 17 now and I still hear and listen to this song 2000s kid,1
Future,Trap,QPUMiC-IIl8,Future &quot;No Matter What&quot; [Official Video],Future,2024 ❤,1
Future,Trap,QPUMiC-IIl8,Future &quot;No Matter What&quot; [Official Video],Future,NO MATTER WHAT 🤞🏽😎😎,4
Future,Trap,QPUMiC-IIl8,Future &quot;No Matter What&quot; [Official Video],Future,Grown man vibes only,0
Future,Trap,QPUMiC-IIl8,Future &quot;No Matter What&quot; [Official Video],Future,Me That boy AceDaBosMane,0
Future,Trap,QPUMiC-IIl8,Future &quot;No Matter What&quot; [Official Video],Future,Good times.,0
Future,Trap,QPUMiC-IIl8,Future &quot;No Matter What&quot; [Official Video],Future,now THIS is a song ‼,1
Future,Trap,QPUMiC-IIl8,Future &quot;No Matter What&quot; [Official Video],Future,2024?,2
Future,Trap,QPUMiC-IIl8,Future &quot;No Matter What&quot; [Official Video],Future,Who listen to this masterpiece in 2024,0
Future,Trap,QPUMiC-IIl8,Future &quot;No Matter What&quot; [Official Video],Future,Can’t beat the old Future! 2024 ❤❤❤❤,69
Future,Trap,QPUMiC-IIl8,Future &quot;No Matter What&quot; [Official Video],Future,😊,0
Future,Trap,QPUMiC-IIl8,Future &quot;No Matter What&quot; [Official Video],Future,2024 🎉 this still-bop,2
Future,Trap,QPUMiC-IIl8,Future &quot;No Matter What&quot; [Official Video],Future,Take me back🥲i havent listened to future since 2014,1
Future,Trap,QPUMiC-IIl8,Future &quot;No Matter What&quot; [Official Video],Future,💝,1
Future,Trap,QPUMiC-IIl8,Future &quot;No Matter What&quot; [Official Video],Future,2024 and atill hitting ❤,0
Future,Trap,QPUMiC-IIl8,Future &quot;No Matter What&quot; [Official Video],Future,Shii it still hit in 2024. 💯❤️‍🔥,1
Future,Trap,QPUMiC-IIl8,Future &quot;No Matter What&quot; [Official Video],Future,2024 shawtynem,0
Future,Trap,QPUMiC-IIl8,Future &quot;No Matter What&quot; [Official Video],Future,That old future you had to be there,1
Future,Trap,QPUMiC-IIl8,Future &quot;No Matter What&quot; [Official Video],Future,2024,0
Future,Trap,QPUMiC-IIl8,Future &quot;No Matter What&quot; [Official Video],Future,No matter what,0
Future,Trap,QPUMiC-IIl8,Future &quot;No Matter What&quot; [Official Video],Future,Foe i was 3 when I hard ts im 15 na,0
Future,Trap,QPUMiC-IIl8,Future &quot;No Matter What&quot; [Official Video],Future,This was my man and my song. He passed in 2019. Listening to this makes me sad but also makes my heart feel full. RIP Justice.🖤❤,2
Future,Trap,QPUMiC-IIl8,Future &quot;No Matter What&quot; [Official Video],Future,2024❤❤❤😂,2
Future,Trap,QPUMiC-IIl8,Future &quot;No Matter What&quot; [Official Video],Future,This Guy is from Nigeria 💕💕😘,1
Future,Trap,QPUMiC-IIl8,Future &quot;No Matter What&quot; [Official Video],Future,Still here!!,0
Future,Trap,QPUMiC-IIl8,Future &quot;No Matter What&quot; [Official Video],Future,2024,0
Future,Trap,FLkC4ombo9A,Future - Tycoon (Official Music Video),Future,"Iubire, te rog.. i get you. Forgive me",0
Future,Trap,FLkC4ombo9A,Future - Tycoon (Official Music Video),Future,May 2026🎉,0
Future,Trap,FLkC4ombo9A,Future - Tycoon (Official Music Video),Future,You prob here cause you saw Carti post.,0
Future,Trap,FLkC4ombo9A,Future - Tycoon (Official Music Video),Future,he got all the hoez in his videos,0
Future,Trap,FLkC4ombo9A,Future - Tycoon (Official Music Video),Future,🦅🦅🦅🦅,1
Future,Trap,FLkC4ombo9A,Future - Tycoon (Official Music Video),Future,2026!,0
Future,Trap,FLkC4ombo9A,Future - Tycoon (Official Music Video),Future,"2026 anyone
Can't deny Future been in his bag since day one, but that AUTHENTIC VIEWS DAWT CAWM boost is on another level! Dude’s literally unstoppable now. 🔥",10
Future,Trap,FLkC4ombo9A,Future - Tycoon (Official Music Video),Future,2026 👌🏼,0
Future,Trap,FLkC4ombo9A,Future - Tycoon (Official Music Video),Future,2026 🤲🏽💫🫡,0
Future,Trap,FLkC4ombo9A,Future - Tycoon (Official Music Video),Future,🤣🤣🤣😭😭😭,0
Future,Trap,FLkC4ombo9A,Future - Tycoon (Official Music Video),Future,2026 march😭🔥,2
Future,Trap,FLkC4ombo9A,Future - Tycoon (Official Music Video),Future,I’m still staring at the candle,1
Future,Trap,FLkC4ombo9A,Future - Tycoon (Official Music Video),Future,🎉🎉🎉,0
Future,Trap,FLkC4ombo9A,Future - Tycoon (Official Music Video),Future,Goated song forever,3
Future,Trap,FLkC4ombo9A,Future - Tycoon (Official Music Video),Future,🔥🔥🔥,0
Future,Trap,FLkC4ombo9A,Future - Tycoon (Official Music Video),Future,Kirkwood GA ATL free band EST Zone 6  👑future 🏆🏆🏆🏆🏆all time legendary 🇺🇸true street 💯😎💥😎💯💥😎💯💥😎💯💥😎💯💥😎💯💥😎 if You can make it out the 6 that’s amazing where you from bumping 2026,1
Future,Trap,FLkC4ombo9A,Future - Tycoon (Official Music Video),Future,meee,0
Future,Trap,FLkC4ombo9A,Future - Tycoon (Official Music Video),Future,"Future is still the sexiest rap artist alive 2026.🌹🫦
I said wtf I said.
Hate that he's a Scorpio though.🙄",0
Future,Trap,FLkC4ombo9A,Future - Tycoon (Official Music Video),Future,wish my friends listen to this song rn   happy to be alive as u future. yo nun1 fan from iran,1
Future,Trap,FLkC4ombo9A,Future - Tycoon (Official Music Video),Future,I luv Future,0
Future,Trap,FLkC4ombo9A,Future - Tycoon (Official Music Video),Future,2026 STILL LOCKED IN,0
Future,Trap,FLkC4ombo9A,Future - Tycoon (Official Music Video),Future,King Pluto❤,1
Future,Trap,FLkC4ombo9A,Future - Tycoon (Official Music Video),Future,❤masterpiece,1
Future,Trap,FLkC4ombo9A,Future - Tycoon (Official Music Video),Future,Starting 2026 right 💯,0
Future,Trap,FLkC4ombo9A,Future - Tycoon (Official Music Video),Future,2026 anyone?,4
Future,Trap,FLkC4ombo9A,Future - Tycoon (Official Music Video),Future,2026 anyone,135
Future,Trap,FLkC4ombo9A,Future - Tycoon (Official Music Video),Future,2026 FUTURE IS STILL A TYCOON,1
Future,Trap,FLkC4ombo9A,Future - Tycoon (Official Music Video),Future,"Future will always keep throwin viral 
because of his voice.
   he is byin vews  fram 💖💖 HIPVIEWS DAWT CAWM 💖💖",2
Future,Trap,FLkC4ombo9A,Future - Tycoon (Official Music Video),Future,🔥🔥,0
Future,Trap,FLkC4ombo9A,Future - Tycoon (Official Music Video),Future,I dont care if I don't matter to others I matter to God thats all that matters I just need my money I matter to me,0
Future,Trap,FLkC4ombo9A,Future - Tycoon (Official Music Video),Future,still underated,0
Future,Trap,FLkC4ombo9A,Future - Tycoon (Official Music Video),Future,Goutmane,0
Future,Trap,FLkC4ombo9A,Future - Tycoon (Official Music Video),Future,🔥🔥🔥🔥🔥🔥🦅,0
Future,Trap,FLkC4ombo9A,Future - Tycoon (Official Music Video),Future,💯 🎉,0
Future,Trap,FLkC4ombo9A,Future - Tycoon (Official Music Video),Future,彼は偉大な顔立ちだね,0
Future,Trap,FLkC4ombo9A,Future - Tycoon (Official Music Video),Future,Pimp C lives on through Future 😂 LLPimp,0
Future,Trap,FLkC4ombo9A,Future - Tycoon (Official Music Video),Future,😮❤,0
Future,Trap,FLkC4ombo9A,Future - Tycoon (Official Music Video),Future,This is my life theme music,0
Future,Trap,FLkC4ombo9A,Future - Tycoon (Official Music Video),Future,Trap = FUTURE,0
Future,Trap,FLkC4ombo9A,Future - Tycoon (Official Music Video),Future,Banger ✨️🕯🪆🕯,0
Future,Trap,FLkC4ombo9A,Future - Tycoon (Official Music Video),Future,Ab Woods,0
Future,Trap,FLkC4ombo9A,Future - Tycoon (Official Music Video),Future,2:12,1
Future,Trap,FLkC4ombo9A,Future - Tycoon (Official Music Video),Future,CANT WAIT TO GO TO A PLUTO CONCERT,2
Future,Trap,FLkC4ombo9A,Future - Tycoon (Official Music Video),Future,🔥🔥🔥🔥🔥🔥🔥🔥,1
Future,Trap,FLkC4ombo9A,Future - Tycoon (Official Music Video),Future,The only tycoon I known of is D. Hall,1
Future,Trap,FLkC4ombo9A,Future - Tycoon (Official Music Video),Future,Staring at the  candle,1
Future,Trap,FLkC4ombo9A,Future - Tycoon (Official Music Video),Future,💪✊,1
Future,Trap,FLkC4ombo9A,Future - Tycoon (Official Music Video),Future,On God😊,1
Future,Trap,FLkC4ombo9A,Future - Tycoon (Official Music Video),Future,"5 years later, shit still so hard",1
Future,Trap,FLkC4ombo9A,Future - Tycoon (Official Music Video),Future,🎉,1
Future,Trap,FLkC4ombo9A,Future - Tycoon (Official Music Video),Future,Dammmm riding ina ghost Patrick swazy he watched the movie 🎬,1
Future,Trap,FLkC4ombo9A,Future - Tycoon (Official Music Video),Future,✊📐🌞🍶😀🧬🐐💖⚡,0
Future,Trap,FLkC4ombo9A,Future - Tycoon (Official Music Video),Future,❤❤❤,0
Future,Trap,FLkC4ombo9A,Future - Tycoon (Official Music Video),Future,RIP SCOOTER,0
Future,Trap,FLkC4ombo9A,Future - Tycoon (Official Music Video),Future,luvvvv this songg,0
Future,Trap,FLkC4ombo9A,Future - Tycoon (Official Music Video),Future,Gang nem,1
Future,Trap,FLkC4ombo9A,Future - Tycoon (Official Music Video),Future,1:01 🔥🔥🔥🔥🔥🔥🔥,0
Future,Trap,FLkC4ombo9A,Future - Tycoon (Official Music Video),Future,🔥🔥,0
Future,Trap,FLkC4ombo9A,Future - Tycoon (Official Music Video),Future,🔥🔥🔥,0
Future,Trap,FLkC4ombo9A,Future - Tycoon (Official Music Video),Future,Got damm i feel like future im a tycoon,1
Future,Trap,FLkC4ombo9A,Future - Tycoon (Official Music Video),Future,I’m here in “2025” who else here,0
Future,Trap,FLkC4ombo9A,Future - Tycoon (Official Music Video),Future,❤,0
Future,Trap,FLkC4ombo9A,Future - Tycoon (Official Music Video),Future,", 😭icon",0
Future,Trap,FLkC4ombo9A,Future - Tycoon (Official Music Video),Future,Feel the pain on me it nixxa it dont MATTER😇😇😇😇😇😇😇😇😇😇😇😇😇😇😇😇,0
Future,Trap,FLkC4ombo9A,Future - Tycoon (Official Music Video),Future,In Sesotho - KWETA BY FUTURE,0
Future,Trap,FLkC4ombo9A,Future - Tycoon (Official Music Video),Future,🔥🔥,0
Future,Trap,FLkC4ombo9A,Future - Tycoon (Official Music Video),Future,Top 5 Dead or alive,1
Future,Trap,FLkC4ombo9A,Future - Tycoon (Official Music Video),Future,🔥🔥🥲❤,0
Future,Trap,FLkC4ombo9A,Future - Tycoon (Official Music Video),Future,Dis bih future had wit em through da video was so fine,2
Future,Trap,FLkC4ombo9A,Future - Tycoon (Official Music Video),Future,We still here 2025?,0
Future,Trap,FLkC4ombo9A,Future - Tycoon (Official Music Video),Future,No matter who or what you’ve done Jesus loves all and forgives,0
Future,Trap,FLkC4ombo9A,Future - Tycoon (Official Music Video),Future,Jesus loves all,0
Future,Trap,FLkC4ombo9A,Future - Tycoon (Official Music Video),Future,Niang matam Kartier médina gounas 😅,0
Future,Trap,FLkC4ombo9A,Future - Tycoon (Official Music Video),Future,"I’m not a damn poser, so I’m tryna find an exit. 🔥🔥🔥🔥",1
Future,Trap,FLkC4ombo9A,Future - Tycoon (Official Music Video),Future,That Patrick swayze lime 🔥 futures always a good vibe,0
Future,Trap,FLkC4ombo9A,Future - Tycoon (Official Music Video),Future,2025,1
Future,Trap,FLkC4ombo9A,Future - Tycoon (Official Music Video),Future,Just got some bitch whacked at a dinner,0
Future,Trap,FLkC4ombo9A,Future - Tycoon (Official Music Video),Future,2025 Anyone ?,117
Future,Trap,FLkC4ombo9A,Future - Tycoon (Official Music Video),Future,Hail old hip hop,0
Future,Trap,FLkC4ombo9A,Future - Tycoon (Official Music Video),Future,It’s da mthfn blood 🦅🦅,0
Future,Trap,FLkC4ombo9A,Future - Tycoon (Official Music Video),Future,That was the time of Durk you can hear it STTS3 is still till this day a classic. I miss the music before 20s Hndrxx and FUTURE were soo good,2
Future,Trap,FLkC4ombo9A,Future - Tycoon (Official Music Video),Future,Staring at the candle... Feel the pain on me,0
Future,Trap,FLkC4ombo9A,Future - Tycoon (Official Music Video),Future,🫶🏽,0
Future,Trap,FLkC4ombo9A,Future - Tycoon (Official Music Video),Future,Play this literally DAILY.,2
Future,Trap,FLkC4ombo9A,Future - Tycoon (Official Music Video),Future,Street dangerous ✊,0
Future,Trap,FLkC4ombo9A,Future - Tycoon (Official Music Video),Future,"I don’t really love Rap , but when I listen Future me make me crazy. For him , I can love rap forever . Future is another level , when you listen he’s music , we can say that we have one of the best rapper in world. Good than 2Pac for me . I can’t wait to move in Atlanta, to see him . Thank you future , anytime I get stress I listen your music because you have fucking crazy skills in Rap",1
Future,Trap,FLkC4ombo9A,Future - Tycoon (Official Music Video),Future,I miss you FUTURE 4 EVA EVA,0
Future,Trap,FLkC4ombo9A,Future - Tycoon (Official Music Video),Future,🎧💨💵,0
Future,Trap,FLkC4ombo9A,Future - Tycoon (Official Music Video),Future,2025 Still 🌪️,4
Future,Trap,FLkC4ombo9A,Future - Tycoon (Official Music Video),Future,Nonstop future music on my mind,0
Future,Trap,FLkC4ombo9A,Future - Tycoon (Official Music Video),Future,It’s 2025 who’s still listening to this banger 🔊 🔥,2
Future,Trap,FLkC4ombo9A,Future - Tycoon (Official Music Video),Future,2025 still listening,6
Future,Trap,FLkC4ombo9A,Future - Tycoon (Official Music Video),Future,does anyone know who this model is ?,0
Future,Trap,FLkC4ombo9A,Future - Tycoon (Official Music Video),Future,"What's why he's the GOAT, bangers, and consistency",0
Future,Trap,FLkC4ombo9A,Future - Tycoon (Official Music Video),Future,Streets dangerous!,0
Future,Trap,FLkC4ombo9A,Future - Tycoon (Official Music Video),Future,Took the draco on a PJ ain't playing ☹️,5
Future,Trap,FLkC4ombo9A,Future - Tycoon (Official Music Video),Future,2,1
Future,Trap,FLkC4ombo9A,Future - Tycoon (Official Music Video),Future,I want a chinchilla sheet😢,1
Future,Trap,FLkC4ombo9A,Future - Tycoon (Official Music Video),Future,Jammin 2024 with FUTURE TYCOON,1
Future,Trap,FLkC4ombo9A,Future - Tycoon (Official Music Video),Future,Dallas Rest,0
Future,Trap,FLkC4ombo9A,Future - Tycoon (Official Music Video),Future,Future,0
Future,Trap,FLkC4ombo9A,Future - Tycoon (Official Music Video),Future,Who is the video girl ?,0
Future,Trap,FLkC4ombo9A,Future - Tycoon (Official Music Video),Future,2:33,0
Future,Trap,FLkC4ombo9A,Future - Tycoon (Official Music Video),Future,I drink nothing but water because I’m holy 😭,0
Future,Trap,FLkC4ombo9A,Future - Tycoon (Official Music Video),Future,"“Never seen a bitch that look that beautiful, but deep down inside she really dirty” 😤",0
Future,Trap,FLkC4ombo9A,Future - Tycoon (Official Music Video),Future,Music,0
Future,Trap,FLkC4ombo9A,Future - Tycoon (Official Music Video),Future,🐐,0
Future,Trap,FLkC4ombo9A,Future - Tycoon (Official Music Video),Future,0:00,0
Future,Trap,FLkC4ombo9A,Future - Tycoon (Official Music Video),Future,🔥🔥🔥🔥,0
Future,Trap,FLkC4ombo9A,Future - Tycoon (Official Music Video),Future,Thx😁,1
Future,Trap,FLkC4ombo9A,Future - Tycoon (Official Music Video),Future,🔥🔥🔥🔥,0
Future,Trap,FLkC4ombo9A,Future - Tycoon (Official Music Video),Future,Still here 2024,1
Future,Trap,FLkC4ombo9A,Future - Tycoon (Official Music Video),Future,Patrick swaezy,1
Future,Trap,FLkC4ombo9A,Future - Tycoon (Official Music Video),Future,❤❤❤❤❤,0
Future,Trap,FLkC4ombo9A,Future - Tycoon (Official Music Video),Future,2024 anybody,0
Future,Trap,FLkC4ombo9A,Future - Tycoon (Official Music Video),Future,##1191,0
Future,Trap,FLkC4ombo9A,Future - Tycoon (Official Music Video),Future,Most underrated future song,4
Future,Trap,FLkC4ombo9A,Future - Tycoon (Official Music Video),Future,I Love Future With Short Long Dreads Dreadlocks and Big Long Dreadlocks Who is American Rapper One Of My Favorite Rapper And Artist Lil Uzi Vert,2
Future,Trap,FLkC4ombo9A,Future - Tycoon (Official Music Video),Future,4##5969,0
Future,Trap,FLkC4ombo9A,Future - Tycoon (Official Music Video),Future,deceasedvictoriasecretsprays-$-42red,0
Future,Trap,FLkC4ombo9A,Future - Tycoon (Official Music Video),Future,deceasedspacesecret-$-7red,0
Future,Trap,FLkC4ombo9A,Future - Tycoon (Official Music Video),Future,toolongswh2,0
Future,Trap,FLkC4ombo9A,Future - Tycoon (Official Music Video),Future,Ben Franks,0
Future,Trap,FLkC4ombo9A,Future - Tycoon (Official Music Video),Future,SOULSSSSS,0
Future,Trap,FLkC4ombo9A,Future - Tycoon (Official Music Video),Future,Underrated,1
Future,Trap,FLkC4ombo9A,Future - Tycoon (Official Music Video),Future,2024❤❤,0
Future,Trap,FLkC4ombo9A,Future - Tycoon (Official Music Video),Future,Call me Young Future ☝🏾😌,0
Future,Trap,FLkC4ombo9A,Future - Tycoon (Official Music Video),Future,This needs a 100 Million Views 🔥💯,1
Future,Trap,FLkC4ombo9A,Future - Tycoon (Official Music Video),Future,This guy knows the true impact of his words 💯,3
Future,Trap,FLkC4ombo9A,Future - Tycoon (Official Music Video),Future,i keep thinking thats ciara in the thumbnail,0
Future,Trap,FLkC4ombo9A,Future - Tycoon (Official Music Video),Future,I ain going back..nah,0
Future,Trap,FLkC4ombo9A,Future - Tycoon (Official Music Video),Future,😅🥰🥰😗🥰😃😘😗,0
Future,Trap,FLkC4ombo9A,Future - Tycoon (Official Music Video),Future,I’m a raccacoooooon😂,0
Future,Trap,FLkC4ombo9A,Future - Tycoon (Official Music Video),Future,2:50 very tycoonish,2
Future,Trap,FLkC4ombo9A,Future - Tycoon (Official Music Video),Future,2024 🔥🔥🔥🔥🔥🔥🔥💯👌,0
Future,Trap,FLkC4ombo9A,Future - Tycoon (Official Music Video),Future,Just another underrated hit i spun back to a few years later 🐐🙇🏾‍♂️,13
Future,Trap,FLkC4ombo9A,Future - Tycoon (Official Music Video),Future,Anyone know what a PJ is?,1
Future,Trap,FLkC4ombo9A,Future - Tycoon (Official Music Video),Future,anyone???,0
Future,Trap,FLkC4ombo9A,Future - Tycoon (Official Music Video),Future,future A GOAT,1
Future,Trap,FLkC4ombo9A,Future - Tycoon (Official Music Video),Future,Good music will never be affected by time because it's a feeling.,4
Future,Trap,FLkC4ombo9A,Future - Tycoon (Official Music Video),Future,🔥🔥🔥🔥🔥🔥🔥🔥🔥🔥🔥🔥🔥🔥🔥🔥🔥🔥🔥🔥🔥🔥🔥🔥🔥🔥🔥🔥,0
Future,Trap,FLkC4ombo9A,Future - Tycoon (Official Music Video),Future,"Best Future song, Way too Underrated🔥🔥🔥🔥",3
Future,Trap,FLkC4ombo9A,Future - Tycoon (Official Music Video),Future,always my fav song,0
Future,Trap,FLkC4ombo9A,Future - Tycoon (Official Music Video),Future,always my fav song,0
Future,Trap,FLkC4ombo9A,Future - Tycoon (Official Music Video),Future,🔥🔥🔥🔥,0
Future,Trap,FLkC4ombo9A,Future - Tycoon (Official Music Video),Future,is that lori harvy?,0
Future,Trap,FLkC4ombo9A,Future - Tycoon (Official Music Video),Future,Future - Tycoon (Official Music Video),0
Future,Trap,FLkC4ombo9A,Future - Tycoon (Official Music Video),Future,anyone know the name or Ig of this video vixen,1
Future,Trap,FLkC4ombo9A,Future - Tycoon (Official Music Video),Future,Preach 🙌🏼 to my soul 🤞🏼🔥🔥🔥🔥🔥🔥🔥,1
Future,Trap,FLkC4ombo9A,Future - Tycoon (Official Music Video),Future,Free Weez 🦅,0
Future,Trap,FLkC4ombo9A,Future - Tycoon (Official Music Video),Future,🦅🔥🔥🔥,0
Future,Trap,FLkC4ombo9A,Future - Tycoon (Official Music Video),Future,If you ever had an addiction you know what he saying.,1
Future,Trap,FLkC4ombo9A,Future - Tycoon (Official Music Video),Future,Good future ❤❤❤,0
Future,Trap,FLkC4ombo9A,Future - Tycoon (Official Music Video),Future,The dance you do when you know you bouta get some good ass pussy 3:08😂😂😂,3
Future,Trap,FLkC4ombo9A,Future - Tycoon (Official Music Video),Future,This that Pluto future  I been missing keep up tha great work big homie A1FBG all day everyday,0
Future,Trap,FLkC4ombo9A,Future - Tycoon (Official Music Video),Future,Free Philip,0
Future,Trap,FLkC4ombo9A,Future - Tycoon (Official Music Video),Future,Hit,0
Future,Trap,FLkC4ombo9A,Future - Tycoon (Official Music Video),Future,💎💯🫡💯💰🙏💰👑😤🎬🎓🦻😭🛵🙊🤩🎩🕶️🏧🙈👽💐😌😀📢🧤,1
Future,Trap,FLkC4ombo9A,Future - Tycoon (Official Music Video),Future,💯💰🫡👽💰💯📢🧤📀🎬🙊😁💎🎧💐🏧🎩🙈👑🥅🕶️🦻😌😭🛵😀,1
Future,Trap,FLkC4ombo9A,Future - Tycoon (Official Music Video),Future,🤞🏾✨,0
Future,Trap,FLkC4ombo9A,Future - Tycoon (Official Music Video),Future,top 3 best future song idc,6
Future,Trap,FLkC4ombo9A,Future - Tycoon (Official Music Video),Future,So underrated song,1
Future,Trap,FLkC4ombo9A,Future - Tycoon (Official Music Video),Future,Huh well i be,0
Future,Trap,FLkC4ombo9A,Future - Tycoon (Official Music Video),Future,This is like my favorite music video by future idk why,0
Future,Trap,FLkC4ombo9A,Future - Tycoon (Official Music Video),Future,Desert cut so tuff🔥🔥,1
Future,Trap,FLkC4ombo9A,Future - Tycoon (Official Music Video),Future,Tycoon shit forever,0
Future,Trap,FLkC4ombo9A,Future - Tycoon (Official Music Video),Future,Massive cruise 🤠,0
Future,Trap,FLkC4ombo9A,Future - Tycoon (Official Music Video),Future,🔥🔥🔥🔥🔥🔥🔥🔥🔥🔥🔥🔥🔥🔥🔥🔥🔥,0
Future,Trap,FLkC4ombo9A,Future - Tycoon (Official Music Video),Future,Future is the Best guy on earth...,0
Future,Trap,FLkC4ombo9A,Future - Tycoon (Official Music Video),Future,Goat,0
Future,Trap,FLkC4ombo9A,Future - Tycoon (Official Music Video),Future,Not A Thug💜♒,0
Future,Trap,FLkC4ombo9A,Future - Tycoon (Official Music Video),Future,This ish trash. Why yall like this dude? No real rap talent,0
Future,Trap,FLkC4ombo9A,Future - Tycoon (Official Music Video),Future,one of underrated song‼︎,2
Future,Trap,FLkC4ombo9A,Future - Tycoon (Official Music Video),Future,Who's the video vixen? I need her @😢❤,1
Future,Trap,FLkC4ombo9A,Future - Tycoon (Official Music Video),Future,Twin choppers on me they my favorite,0
Future,Trap,FLkC4ombo9A,Future - Tycoon (Official Music Video),Future,"look at the devil's Snakes real good .

Trophies of Niggas",0
Future,Trap,FLkC4ombo9A,Future - Tycoon (Official Music Video),Future,They kno a thousand cutters goin off if they come for me…Uno Gang 27 they gone gun for me too Trim 🔥🔥🔥,0
Future,Trap,FLkC4ombo9A,Future - Tycoon (Official Music Video),Future,Gettin so damn geeked i been praying,0
Future,Trap,FLkC4ombo9A,Future - Tycoon (Official Music Video),Future,I love the Brown Skin Boy With Short Long Dreads Dreadlocks Future He Is So Handsome To Me,0
Future,Trap,FLkC4ombo9A,Future - Tycoon (Official Music Video),Future,Damn ni99a I remember when you did that girl dirty😂,0
Future,Trap,FLkC4ombo9A,Future - Tycoon (Official Music Video),Future,I remember in the beginning of COVID 2020 nobody was dropping any real bangers then this came out,0
Future,Trap,FLkC4ombo9A,Future - Tycoon (Official Music Video),Future,"The Goat 🐐 
PROTECT FUTURE BY ALL COST!!!",0
Future,Trap,FLkC4ombo9A,Future - Tycoon (Official Music Video),Future,2023 tycoon shitt SC2ATL 🕯️📿🗡️,0
Future,Trap,FLkC4ombo9A,Future - Tycoon (Official Music Video),Future,This boy is my best for life ❤❤future love you 🥰,1
Future,Trap,FLkC4ombo9A,Future - Tycoon (Official Music Video),Future,Future want in 🔥🔥🔥🔥🔥,0
Future,Trap,FLkC4ombo9A,Future - Tycoon (Official Music Video),Future,maaan one of his most underated song ever.....,1
Future,Trap,FLkC4ombo9A,Future - Tycoon (Official Music Video),Future,yoooo dreamybull,0
Future,Trap,FLkC4ombo9A,Future - Tycoon (Official Music Video),Future,❤❤❤❤,0
Future,Trap,FLkC4ombo9A,Future - Tycoon (Official Music Video),Future,Ima tell my kids that this was Obama,0
Future,Trap,FLkC4ombo9A,Future - Tycoon (Official Music Video),Future,🕯,0
Future,Trap,FLkC4ombo9A,Future - Tycoon (Official Music Video),Future,This song and video is fire and so is future he is the GOAT he never will fall off periodttttt ❤,1
Future,Trap,FLkC4ombo9A,Future - Tycoon (Official Music Video),Future,Happy 3rd Anniversary,1
Future,Trap,FLkC4ombo9A,Future - Tycoon (Official Music Video),Future,FREEBANDZ,2
Future,Trap,FLkC4ombo9A,Future - Tycoon (Official Music Video),Future,imagine how this will sound in the next 5 years🥲😮‍💨,1
Future,Trap,FLkC4ombo9A,Future - Tycoon (Official Music Video),Future,BANGER,0
Future,Trap,FLkC4ombo9A,Future - Tycoon (Official Music Video),Future,add white button down to dress code!!!!,1
Future,Trap,FLkC4ombo9A,Future - Tycoon (Official Music Video),Future,"Took that Draco on a Pj , I ain’t playing‼️🔥",1
Future,Trap,FLkC4ombo9A,Future - Tycoon (Official Music Video),Future,100,0
Future,Trap,FLkC4ombo9A,Future - Tycoon (Official Music Video),Future,💜👍,0
Future,Trap,FLkC4ombo9A,Future - Tycoon (Official Music Video),Future,Chey ⏱️,0
Future,Trap,FLkC4ombo9A,Future - Tycoon (Official Music Video),Future,Dear God I am ready for my true soulmate in my life just help me with my own spot and my music career Amen,0
Future,Trap,FLkC4ombo9A,Future - Tycoon (Official Music Video),Future,Dear God thank you very much for everything in my life I pray in the Blood of Jesus Christ I pray Amen,1
Future,Trap,FLkC4ombo9A,Future - Tycoon (Official Music Video),Future,so real,0
Future,Trap,FLkC4ombo9A,Future - Tycoon (Official Music Video),Future,Bin listing from the start 🥰🥰😎🤠,0
Future,Trap,FLkC4ombo9A,Future - Tycoon (Official Music Video),Future,🔥🔥🔥,0
Future,Trap,FLkC4ombo9A,Future - Tycoon (Official Music Video),Future,Repent Jesus is coming back 🙌,264
Future,Trap,FLkC4ombo9A,Future - Tycoon (Official Music Video),Future,A whole type of vibe ❤,7
Future,Trap,FLkC4ombo9A,Future - Tycoon (Official Music Video),Future,Future rockin them dreads,1
Future,Trap,FLkC4ombo9A,Future - Tycoon (Official Music Video),Future,"Future go in sooo hard on this right here, straight up BANGER! He aint like all them artists who just be goin HAM ON THE GRAM by usin dat *ig rocket*   to get followers up on the gram like them Island Boys dun did",6
Future,Trap,FLkC4ombo9A,Future - Tycoon (Official Music Video),Future,I think so tho but idk,0
Future,Trap,FLkC4ombo9A,Future - Tycoon (Official Music Video),Future,"Anyone can clarify for me ?
Please was it futures throat that was finna be cut by a machete??",1
Future,Trap,FLkC4ombo9A,Future - Tycoon (Official Music Video),Future,Future♥,0
Future,Trap,FLkC4ombo9A,Future - Tycoon (Official Music Video),Future,I really appreciate that Future made two official videos for this PERFECT song !!!! I personally prefer the desert 🏜️ video more but this joint is in his too 10 !!,1
Future,Trap,FLkC4ombo9A,Future - Tycoon (Official Music Video),Future,♫♫♪♪♪,1
Future,Trap,FLkC4ombo9A,Future - Tycoon (Official Music Video),Future,Cisco ads got em balling emphasis on the g/ing,0
Future,Trap,FLkC4ombo9A,Future - Tycoon (Official Music Video),Future,beat so smooth and bangs,0
Future,Trap,FLkC4ombo9A,Future - Tycoon (Official Music Video),Future,"I been get activist
I to bed it 
Trying off dope 
U nos and OTM
FBG gonna with 
Ha 
I came Magna Carta 
3 up 6 the street be hacktid",0
Future,Trap,FLkC4ombo9A,Future - Tycoon (Official Music Video),Future,some days i only listen to future his music is too addictive,1
Future,Trap,FLkC4ombo9A,Future - Tycoon (Official Music Video),Future,You gotta feel the vibe!!!!,0
Future,Trap,FLkC4ombo9A,Future - Tycoon (Official Music Video),Future,Videos like this is exactly why I’m a Future fan. If you get it you get it,0
Future,Trap,FLkC4ombo9A,Future - Tycoon (Official Music Video),Future,Wow!,0
Future,Trap,FLkC4ombo9A,Future - Tycoon (Official Music Video),Future,"One of my fav Black Young Male Rapper's & Singer's with dreads longer than mine
Wanna get mine's like he's though",0
Future,Trap,FLkC4ombo9A,Future - Tycoon (Official Music Video),Future,I love your song from 2016 still better Future😇😇😇,0
Future,Trap,FLkC4ombo9A,Future - Tycoon (Official Music Video),Future,Im a top tycoon is why dey hate me👑,1
Future,Trap,FLkC4ombo9A,Future - Tycoon (Official Music Video),Future,Who the Ciara look alike?,0
Future,Trap,FLkC4ombo9A,Future - Tycoon (Official Music Video),Future,Maestro 🎙,0
Future,Trap,FLkC4ombo9A,Future - Tycoon (Official Music Video),Future,Future…,0
Future,Trap,FLkC4ombo9A,Future - Tycoon (Official Music Video),Future,Not allLat,0
Future,Trap,FLkC4ombo9A,Future - Tycoon (Official Music Video),Future,Already,0
Future,Trap,FLkC4ombo9A,Future - Tycoon (Official Music Video),Future,That Patrick swayze line will forever be tuff!,0
Future,Trap,FLkC4ombo9A,Future - Tycoon (Official Music Video),Future,I'm top until they throw the sheets on me full  ghost roll Royce made out bricks,0
Future,Trap,FLkC4ombo9A,Future - Tycoon (Official Music Video),Future,Tycoon,0
Future,Trap,FLkC4ombo9A,Future - Tycoon (Official Music Video),Future,Future is the Future of rap!! Please pin this comment @Future!?,0
Future,Trap,FLkC4ombo9A,Future - Tycoon (Official Music Video),Future,only G's listen to this,0
Future,Trap,FLkC4ombo9A,Future - Tycoon (Official Music Video),Future,banger,2
Future,Trap,FLkC4ombo9A,Future - Tycoon (Official Music Video),Future,the name is endless preaching,1
Future,Trap,FLkC4ombo9A,Future - Tycoon (Official Music Video),Future,If you’re still listening to this song like this and subscribe 💪🏾,2
Future,Trap,FLkC4ombo9A,Future - Tycoon (Official Music Video),Future,Real Future fans FTW,1
Future,Trap,FLkC4ombo9A,Future - Tycoon (Official Music Video),Future,every time I feel sad...this song makes me feel like a mf billionaire 👑,2
Future,Trap,FLkC4ombo9A,Future - Tycoon (Official Music Video),Future,BUT LIKE WHY THIS AINT’T PLATINUM ??!!!,0
Future,Trap,FLkC4ombo9A,Future - Tycoon (Official Music Video),Future,This song get better everytime you listen ong,1
Future,Trap,FLkC4ombo9A,Future - Tycoon (Official Music Video),Future,We're his suga dad,0
Future,Trap,FLkC4ombo9A,Future - Tycoon (Official Music Video),Future,Omg Supa wack drakco on the street dangerous u,0
Future,Trap,FLkC4ombo9A,Future - Tycoon (Official Music Video),Future,Future helping young boys become men,0
Future,Trap,FLkC4ombo9A,Future - Tycoon (Official Music Video),Future,future is the undisputed godfather of trap that aint ever gon change,1
Future,Trap,FLkC4ombo9A,Future - Tycoon (Official Music Video),Future,I was in prison on the yard wit this on repeat 🔥🔥🔥👏👏👏‼️‼️,1
Future,Trap,FLkC4ombo9A,Future - Tycoon (Official Music Video),Future,Im going to win the lottery and be just like future.,0
Future,Trap,FLkC4ombo9A,Future - Tycoon (Official Music Video),Future,Who the model,0
Future,Trap,FLkC4ombo9A,Future - Tycoon (Official Music Video),Future,Throw away a cougar she didn't wanna leave,0
Future,Trap,FLkC4ombo9A,Future - Tycoon (Official Music Video),Future,Why haven't I heard this song 😫,0
Future,Trap,FLkC4ombo9A,Future - Tycoon (Official Music Video),Future,nice.,0
Future,Trap,FLkC4ombo9A,Future - Tycoon (Official Music Video),Future,Future is my favorite rapper!!! I for one definitely feel his ups an downs in his 🎵 music,1
Future,Trap,FLkC4ombo9A,Future - Tycoon (Official Music Video),Future,"Tycoon Lyrics
[Intro]
(DY Krazy)
Starin' at the candle
Feel the pain on me, nigga, it don't matter
Get my currency exchanged, got my bands up

[Chorus]
I'm a ty-tycoon, that's why they hate me
'Til they throw the sheets on me, I'm goin' crazy
Got Balencis on my feet, they can't take me
I know I ain't gon' be deceased 'til I'm like eighty
I been gettin' so damn geeked, I been prayin'
I been chinchilla sheet wherever I'm stayin'
Took that Draco on the PJ, I ain't playin'
I ain't goin', no, no, streets dangerous

[Verse 2]
Fully auto on the seat, ain't lettin' you take it
I ain't going, no, no, I'ma spray it
Let my dogs off the leash, you gon' hate it
Twin choppers on me, they my favorite, yeah, yeah
Catch me rollin' in the Ghost, Patrick Swayze
Travelin' all across the coast for this gravy
Buyin' gold by the pound, I upgraded
I came from Lil Mexico, a nigga made it
Posted up outside the store, I'm the greatest
If you can make it out the bricks, that's amazing
I got my gang from out the 6, ain't no tradin'
You know the side where it's two guns blazin'

[Chorus]
I'm a ty-tycoon, that's why they hate me (I'm a ty-tycoon)
'Til they throw the sheets on me, I'm goin' crazy ('Til they throw the sheets on me)
Got Balencis on my feet, they can't take me (Gotta keep Balencis on me)
I know I ain't gon' be deceased 'til I'm like eighty (Yeah, I ain't gon' be deceased, no)
I been gettin' so damn geeked, I been prayin' (Yeah, I'm geeked, man, I'm geeked up)
I been chinchilla sheet wherever I'm stayin' (Got my chinchilla sheets up)
Took that Draco on the PJ, I ain't playin' (Took the Draco on the P, brrt)
I ain't goin', no, no, streets dangerous (I ain't goin', no, no, streets dangerous)

[Post-Chorus]
Yeah
I ain't goin', no, no
I ain't goin', no, no, streets dangerous (Trap)
I ain't goin', no, no (Yeah, what you do?)
I chinchilla'd all my sheets wherever I'm stayin' (I chinchilla'd all my sheets)
I been gettin' so fuckin' geeked, I been prayin' (I been gettin' so fuckin' geeked)
Had that Draco on the PJ, I ain't playin' (Took the Draco on the PJ)
I ain't goin', no, no, streets dangerous (I ain't goin', I ain't goin')

[Outro]
Starin' at the candle
Feel the pain on me, nigga, it don't matter
Get my currency exchanged, got my bands up",0
Future,Trap,FLkC4ombo9A,Future - Tycoon (Official Music Video),Future,1000000000000% auto tune,0
Future,Trap,FLkC4ombo9A,Future - Tycoon (Official Music Video),Future,BIG TYCOON,0
Future,Trap,FLkC4ombo9A,Future - Tycoon (Official Music Video),Future,"°🤍🕊🙏🏿🕊🤲🏿🕊💪🏿🤍
 💜🤴🏿💰🤎🤫🙏🏿🤲🏿💜
 Tycoon🎵🎶🗝🎵🎶
~💰💨💊💰💨💊💰~",1
Future,Trap,FLkC4ombo9A,Future - Tycoon (Official Music Video),Future,Future without the sunglasses look like the uncle u never see only at certain times and people wonder y,1
Future,Trap,FLkC4ombo9A,Future - Tycoon (Official Music Video),Future,Damn this hit!!,0
Future,Trap,FLkC4ombo9A,Future - Tycoon (Official Music Video),Future,To ppl that didn't know he saying he a new 🌊 wave,0
Future,Trap,FLkC4ombo9A,Future - Tycoon (Official Music Video),Future,"a wealthy, powerful person in business or industry",0
Future,Trap,FLkC4ombo9A,Future - Tycoon (Official Music Video),Future,💙💙,0
Future,Trap,FLkC4ombo9A,Future - Tycoon (Official Music Video),Future,I had no idea who future was a year ago. He's now one of my favorite rappers,0
Future,Trap,FLkC4ombo9A,Future - Tycoon (Official Music Video),Future,I wanna get high nd ride round to this shxdd,0
Future,Trap,FLkC4ombo9A,Future - Tycoon (Official Music Video),Future,🐐🐐🐐🐐🐐🐐🐐🐐,0
Future,Trap,FLkC4ombo9A,Future - Tycoon (Official Music Video),Future,The Future Hendrix experience,1
Future,Trap,FLkC4ombo9A,Future - Tycoon (Official Music Video),Future,🤷🤐,0
Future,Trap,FLkC4ombo9A,Future - Tycoon (Official Music Video),Future,There is a sweet spot in every future songs❤️,11
Future,Trap,FLkC4ombo9A,Future - Tycoon (Official Music Video),Future,I know I ain't gon' be deceased till I'm like eighty. FUTURE forecasting and predicting his future💯💯💯,0
Future,Trap,FLkC4ombo9A,Future - Tycoon (Official Music Video),Future,Most unstoppable wave of all time,1
Future,Trap,FLkC4ombo9A,Future - Tycoon (Official Music Video),Future,Goat,0
Future,Trap,FLkC4ombo9A,Future - Tycoon (Official Music Video),Future,Future is beautiful!! Love him,0
Future,Trap,FLkC4ombo9A,Future - Tycoon (Official Music Video),Future,The greatest ever,0
Future,Trap,FLkC4ombo9A,Future - Tycoon (Official Music Video),Future,I Played This Shit While In My Cell ! I Wanna Thank You For Gettin' Me Thru Some Of The Worst Times In My Life . 🙏 #Like This If Future Got You Thru Your Hardships In Life . Ive Been Around Since #1000 I'ma REAL FUTURE FAN 🦅 !,1
Future,Trap,FLkC4ombo9A,Future - Tycoon (Official Music Video),Future,O my god wildddddd hey why I had to hear 🙉🙉🙉🙉🙉🙉🙉 wildddddd hey this song wildddddd hey now I am insane wildddddd hey just lost my mind wildddddd,0
Future,Trap,FLkC4ombo9A,Future - Tycoon (Official Music Video),Future,I always love his music from the masc off...Future is a genius of this type of music,0
Future,Trap,FLkC4ombo9A,Future - Tycoon (Official Music Video),Future,💥💥💥💥💥💥💥👌,0
Future,Trap,FLkC4ombo9A,Future - Tycoon (Official Music Video),Future,WHO IS THIS WOMAN ?  ??,0
Future,Trap,FLkC4ombo9A,Future - Tycoon (Official Music Video),Future,Till they throw the sheets on me I'm going crazy.,0
Future,Trap,FLkC4ombo9A,Future - Tycoon (Official Music Video),Future,RIP YOUNG DOLPH,1
Future,Trap,FLkC4ombo9A,Future - Tycoon (Official Music Video),Future,"https://youtube.com/shorts/qPQLH3bNHng?feature=share 


Милый попугай издаёт милые звуки",0
Future,Trap,FLkC4ombo9A,Future - Tycoon (Official Music Video),Future,My favorite song no cap,0
Future,Trap,FLkC4ombo9A,Future - Tycoon (Official Music Video),Future,👏🏻🔥🔥,0
Future,Trap,FLkC4ombo9A,Future - Tycoon (Official Music Video),Future,TYCOON🦅,0
Future,Trap,FLkC4ombo9A,Future - Tycoon (Official Music Video),Future,This video deserve 100M views 🔥,0
Future,Trap,FLkC4ombo9A,Future - Tycoon (Official Music Video),Future,ok who’s the model tho???? she pretty asf,1
Future,Trap,FLkC4ombo9A,Future - Tycoon (Official Music Video),Future,He looks like my dad,2
Future,Trap,FLkC4ombo9A,Future - Tycoon (Official Music Video),Future,goat,1
Future,Trap,FLkC4ombo9A,Future - Tycoon (Official Music Video),Future,Ima big dog they a little son to me lol,1
Future,Trap,FLkC4ombo9A,Future - Tycoon (Official Music Video),Future,Future is the Future,0
Future,Trap,FLkC4ombo9A,Future - Tycoon (Official Music Video),Future,time flies so fast I forget to pray,1
Future,Trap,FLkC4ombo9A,Future - Tycoon (Official Music Video),Future,"when he has his glasses on, he looks like black Markiplier",0
Future,Trap,FLkC4ombo9A,Future - Tycoon (Official Music Video),Future,That bish bad,0
Future,Trap,FLkC4ombo9A,Future - Tycoon (Official Music Video),Future,❤❤❤,1
Future,Trap,FLkC4ombo9A,Future - Tycoon (Official Music Video),Future,"North, Texas.",0
Future,Trap,FLkC4ombo9A,Future - Tycoon (Official Music Video),Future,"Glendale, Texas.",0
Future,Trap,FLkC4ombo9A,Future - Tycoon (Official Music Video),Future,Marcel nico,0
Future,Trap,FLkC4ombo9A,Future - Tycoon (Official Music Video),Future,Jenny,0
Future,Trap,FLkC4ombo9A,Future - Tycoon (Official Music Video),Future,Shit rapper sounds all the same,1
Future,Trap,FLkC4ombo9A,Future - Tycoon (Official Music Video),Future,#HOWITWAS!!!,0
Future,Trap,FLkC4ombo9A,Future - Tycoon (Official Music Video),Future,This is insane.....🎤🎤🚀🚀,1
Future,Trap,FLkC4ombo9A,Future - Tycoon (Official Music Video),Future,https://youtu.be/wV93W0WlOgI,0
Future,Trap,FLkC4ombo9A,Future - Tycoon (Official Music Video),Future,Future has never made a bad album...💯💪🔥🔥🔥🔥🔥,0
Future,Trap,FLkC4ombo9A,Future - Tycoon (Official Music Video),Future,How she wearing sunglasses and it’s dark out 🤦🏻‍♀️,1
Future,Trap,FLkC4ombo9A,Future - Tycoon (Official Music Video),Future,"Catch me rollin in a ghost patrick swayze,  travellin all across the coast for this gravy… flame 🔥",1
Future,Trap,FLkC4ombo9A,Future - Tycoon (Official Music Video),Future,777 that candle is the most important thing you need to remember,0
Future,Trap,FLkC4ombo9A,Future - Tycoon (Official Music Video),Future,2:06,0
Future,Trap,FLkC4ombo9A,Future - Tycoon (Official Music Video),Future,Future looking like a grandfather,0
Future,Trap,FLkC4ombo9A,Future - Tycoon (Official Music Video),Future,Fukked up how da Goat fell out w Da Don da Gift of Gab saved My life,0
Future,Trap,FLkC4ombo9A,Future - Tycoon (Official Music Video),Future,Imma play dis for my daughters n tell em dis da national anthem,2
Future,Trap,FLkC4ombo9A,Future - Tycoon (Official Music Video),Future,“I’m a Top top 🦝 that’s why they hate me”,0
Future,Trap,FLkC4ombo9A,Future - Tycoon (Official Music Video),Future,My anthem when I become a Tycoon in 5 years.,0
Future,Trap,FLkC4ombo9A,Future - Tycoon (Official Music Video),Future,1:50-2:15 that flow was effortlessly fire,2
Future,Trap,FLkC4ombo9A,Future - Tycoon (Official Music Video),Future,Hahaha Future in his feelings about a female😅everyone who leaves him upgrades like crazy.,0
Future,Trap,FLkC4ombo9A,Future - Tycoon (Official Music Video),Future,Best future song ever!,0
Future,Trap,FLkC4ombo9A,Future - Tycoon (Official Music Video),Future,بابا تعال اخذني,0
Future,Trap,FLkC4ombo9A,Future - Tycoon (Official Music Video),Future,🖐️,0
Future,Trap,FLkC4ombo9A,Future - Tycoon (Official Music Video),Future,Who tf doesn’t listen to Future ??,1
Future,Trap,FLkC4ombo9A,Future - Tycoon (Official Music Video),Future,I need this future again soon !!,0
Future,Trap,FLkC4ombo9A,Future - Tycoon (Official Music Video),Future,That's y they hate me!!,0
Future,Trap,FLkC4ombo9A,Future - Tycoon (Official Music Video),Future,Tycoon Yeahh 1:53 - 1:54,0
Future,Trap,FLkC4ombo9A,Future - Tycoon (Official Music Video),Future,Somebody tell me who the girl is in the video????,0
Future,Trap,FLkC4ombo9A,Future - Tycoon (Official Music Video),Future,This is honestly in my top 5 all time future favourites,9
Future,Trap,FLkC4ombo9A,Future - Tycoon (Official Music Video),Future,ain't goin no no no,0
Future,Trap,FLkC4ombo9A,Future - Tycoon (Official Music Video),Future,i want to clean my memory and listen Tycoon for first time again :(,2
Future,Trap,FLkC4ombo9A,Future - Tycoon (Official Music Video),Future,"The nostalgic blade preauricularly own because perfume ideally stuff beyond a helpful mint. relieved, ruddy sand",0
Future,Trap,FLkC4ombo9A,Future - Tycoon (Official Music Video),Future,"The long-term popcorn strangely greet because tuna radiologically heal unlike a magnificent church. troubled, aboard gold",0
Future,Trap,FLkC4ombo9A,Future - Tycoon (Official Music Video),Future,If you like this you getting money 💵 and it's ABG😏,0
Future,Trap,FLkC4ombo9A,Future - Tycoon (Official Music Video),Future,Bro is really the pioneer to these new rap high life vibes,1
Future,Trap,FLkC4ombo9A,Future - Tycoon (Official Music Video),Future,Who is the woman in this video?,1
Future,Trap,FLkC4ombo9A,Future - Tycoon (Official Music Video),Future,nigga it don’t matter get my currency🙏🛸🛸🛸,0
Future,Trap,FLkC4ombo9A,Future - Tycoon (Official Music Video),Future,Roblox tycoon 😂,1
Future,Trap,FLkC4ombo9A,Future - Tycoon (Official Music Video),Future,dis such a fuckin masterpiece,1
Future,Trap,FLkC4ombo9A,Future - Tycoon (Official Music Video),Future,Ppl hate on Future so much.... This a hiiiiiit only 7 Mil views wtf??? I put all my bitches on to this 🔥,1
Future,Trap,FLkC4ombo9A,Future - Tycoon (Official Music Video),Future,💯,0
Future,Trap,FLkC4ombo9A,Future - Tycoon (Official Music Video),Future,💯💯💯,1
Future,Trap,FLkC4ombo9A,Future - Tycoon (Official Music Video),Future,🔥🔥🔥,0
Future,Trap,FLkC4ombo9A,Future - Tycoon (Official Music Video),Future,The goat,0
Future,Trap,FLkC4ombo9A,Future - Tycoon (Official Music Video),Future,Bravo 👏🏻 long time I don't see video or lyrics without  saying  hoes or bitchestwerkin I luv future,1
Future,Trap,FLkC4ombo9A,Future - Tycoon (Official Music Video),Future,"Dont mind me, just Praying for a nip slip",1
Future,Trap,FLkC4ombo9A,Future - Tycoon (Official Music Video),Future,tycoon 4real,0
Future,Trap,FLkC4ombo9A,Future - Tycoon (Official Music Video),Future,Bitcoin is the most profitable investment online if only you trade with a professional broker,13
Future,Trap,FLkC4ombo9A,Future - Tycoon (Official Music Video),Future,kinda 🔥 ngl,0
Future,Trap,FLkC4ombo9A,Future - Tycoon (Official Music Video),Future,Future looks Like His Girlfriend,0
Future,Trap,FLkC4ombo9A,Future - Tycoon (Official Music Video),Future,even future is 100years he will neva fall that 4sure,1
Future,Trap,FLkC4ombo9A,Future - Tycoon (Official Music Video),Future,jet is ok,0
Future,Trap,FLkC4ombo9A,Future - Tycoon (Official Music Video),Future,I saw by him 4 times bigger,0
Future,Trap,FLkC4ombo9A,Future - Tycoon (Official Music Video),Future,cheap car,0
Future,Trap,FLkC4ombo9A,Future - Tycoon (Official Music Video),Future,high it should be,0
Future,Trap,FLkC4ombo9A,Future - Tycoon (Official Music Video),Future,God straight ahead,0
Future,Trap,FLkC4ombo9A,Future - Tycoon (Official Music Video),Future,me not,0
Future,Trap,FLkC4ombo9A,Future - Tycoon (Official Music Video),Future,2:19 who they are looking,0
Future,Trap,FLkC4ombo9A,Future - Tycoon (Official Music Video),Future,necessary this 2:14,0
Future,Trap,FLkC4ombo9A,Future - Tycoon (Official Music Video),Future,this guy shooting normal clothes,0
Future,Trap,FLkC4ombo9A,Future - Tycoon (Official Music Video),Future,these no cool murders,0
Future,Trap,FLkC4ombo9A,Future - Tycoon (Official Music Video),Future,I know 😳  whats big,0
Future,Trap,FLkC4ombo9A,Future - Tycoon (Official Music Video),Future,this garage needs 3000 and 234 people for ready,0
Future,Trap,FLkC4ombo9A,Future - Tycoon (Official Music Video),Future,30 or 78,0
Future,Trap,FLkC4ombo9A,Future - Tycoon (Official Music Video),Future,👨 many helped him,0
Future,Trap,FLkC4ombo9A,Future - Tycoon (Official Music Video),Future,Skreets,0
Future,Trap,FLkC4ombo9A,Future - Tycoon (Official Music Video),Future,Ill be in touch after I roll one,0
Future,Trap,FLkC4ombo9A,Future - Tycoon (Official Music Video),Future,Yeah,0
Future,Trap,FLkC4ombo9A,Future - Tycoon (Official Music Video),Future,While he sings not but in HIS  house,0
Future,Trap,FLkC4ombo9A,Future - Tycoon (Official Music Video),Future,They lied Him just to shoot Him,0
Future,Trap,FLkC4ombo9A,Future - Tycoon (Official Music Video),Future,Killing him in official video ohhhh  my heart ha ha ha ha ha ha    ha        ha hahahahahahahaha,0
Future,Trap,FLkC4ombo9A,Future - Tycoon (Official Music Video),Future,They forgot they are in movie to,0
Future,Trap,FLkC4ombo9A,Future - Tycoon (Official Music Video),Future,But better they call Him,0
Future,Trap,FLkC4ombo9A,Future - Tycoon (Official Music Video),Future,Future should call them,0
Future,Trap,FLkC4ombo9A,Future - Tycoon (Official Music Video),Future,Whole world saw them,0
Future,Trap,FLkC4ombo9A,Future - Tycoon (Official Music Video),Future,He made them famous to,0
Future,Trap,FLkC4ombo9A,Future - Tycoon (Official Music Video),Future,Ask them swear to Jesus    you didnt want?,0
Future,Trap,FLkC4ombo9A,Future - Tycoon (Official Music Video),Future,A call maybe,0
Future,Trap,FLkC4ombo9A,Future - Tycoon (Official Music Video),Future,What to do with them ?,0
Future,Trap,FLkC4ombo9A,Future - Tycoon (Official Music Video),Future,Hahahaha,0
Future,Trap,FLkC4ombo9A,Future - Tycoon (Official Music Video),Future,Woody one,0
Future,Trap,FLkC4ombo9A,Future - Tycoon (Official Music Video),Future,Young thupra,0
Future,Trap,FLkC4ombo9A,Future - Tycoon (Official Music Video),Future,Only for the swag to but for the song with young thug,0
Future,Trap,FLkC4ombo9A,Future - Tycoon (Official Music Video),Future,They wanted to shoot him dead,0
Future,Trap,FLkC4ombo9A,Future - Tycoon (Official Music Video),Future,😇,0
Future,Trap,FLkC4ombo9A,Future - Tycoon (Official Music Video),Future,Trump dont go to work tomorrow hahahahahaha,0
Future,Trap,FLkC4ombo9A,Future - Tycoon (Official Music Video),Future,Ohhhhhhh me dead,0
Future,Trap,FLkC4ombo9A,Future - Tycoon (Official Music Video),Future,With the gun  ohhhhhhhhhhh kukuuuuuuuuuuuuuu per mueeeeeee ohhhhh per jet temmmmeeeeeee,0
Future,Trap,FLkC4ombo9A,Future - Tycoon (Official Music Video),Future,Got my gear   cool,0
Future,Trap,FLkC4ombo9A,Future - Tycoon (Official Music Video),Future,Im tap tap,0
Future,Trap,FLkC4ombo9A,Future - Tycoon (Official Music Video),Future,Ive bean praying yeaaah,0
Future,Trap,FLkC4ombo9A,Future - Tycoon (Official Music Video),Future,Future has great long sexy hair lol :-)!,2
Future,Trap,FLkC4ombo9A,Future - Tycoon (Official Music Video),Future,Great song! I just love it! Didn't know that Future is also and singer not just a good rapper lol!,1
Future,Trap,FLkC4ombo9A,Future - Tycoon (Official Music Video),Future,One of my prefered songs I like eveything about this even the seven small beats are missing but another time bye,0
Future,Trap,FLkC4ombo9A,Future - Tycoon (Official Music Video),Future,"Songs hits different man, he telling the real truth guys especially in this song!",1
Future,Trap,FLkC4ombo9A,Future - Tycoon (Official Music Video),Future,"The sable octopus ecologically receive because substance orly check outside a half menu. bad, scared fog",0
Future,Trap,FLkC4ombo9A,Future - Tycoon (Official Music Video),Future,Q3,0
Future,Trap,FLkC4ombo9A,Future - Tycoon (Official Music Video),Future,Pure Growth ♥️🦅🦅🦅,0
Future,Trap,FLkC4ombo9A,Future - Tycoon (Official Music Video),Future,"The infamous recorder positionally juggle because garlic extraorally bat abaft a amazing clock. grateful gratis, absorbing ambulance",0
Future,Trap,FLkC4ombo9A,Future - Tycoon (Official Music Video),Future,"The inexpensive sex electronmicroscopically paint because freighter evidently pick since a well-off swim. encouraging, dark half-brother",0
Future,Trap,FLkC4ombo9A,Future - Tycoon (Official Music Video),Future,very nice,0
Future,Trap,FLkC4ombo9A,Future - Tycoon (Official Music Video),Future,Imagine being Future for a whole year then having to go back to your life,1
Future,Trap,FLkC4ombo9A,Future - Tycoon (Official Music Video),Future,Shawty looks like Ciara,0
Future,Trap,FLkC4ombo9A,Future - Tycoon (Official Music Video),Future,future never loose,0
Future,Trap,FLkC4ombo9A,Future - Tycoon (Official Music Video),Future,You not a future fan if not fuck with this song. The song is like a story almost. Dude telling his downsides of being rich and bored etc,1
Future,Trap,FLkC4ombo9A,Future - Tycoon (Official Music Video),Future,2021😂,0
Future,Trap,FLkC4ombo9A,Future - Tycoon (Official Music Video),Future,🥰🥰🥰,0
Future,Trap,FLkC4ombo9A,Future - Tycoon (Official Music Video),Future,This got me through 2020,0
Future,Trap,FLkC4ombo9A,Future - Tycoon (Official Music Video),Future,Love you brother ❤❤,0
Future,Trap,FLkC4ombo9A,Future - Tycoon (Official Music Video),Future,Yo what Rolls Royce is that?,0
Future,Trap,FLkC4ombo9A,Future - Tycoon (Official Music Video),Future,I send hitters from everywhere they had to dead it,0
Future,Trap,FLkC4ombo9A,Future - Tycoon (Official Music Video),Future,🤟🤟🤟🤟🎶🎶🎶,0
Future,Trap,FLkC4ombo9A,Future - Tycoon (Official Music Video),Future,They try to cut a nigga throat with a machete,0
Future,Trap,FLkC4ombo9A,Future - Tycoon (Official Music Video),Future,Future cant get a platinum without drake NO CAP,2
Future,Trap,FLkC4ombo9A,Future - Tycoon (Official Music Video),Future,This song is everything. And the beat is just soothing,4
Future,Trap,FLkC4ombo9A,Future - Tycoon (Official Music Video),Future,Its time for another Tunechi and Hendrixx collab🔥🔥🔥,0
Future,Trap,FLkC4ombo9A,Future - Tycoon (Official Music Video),Future,“What you do?”,1
Future,Trap,FLkC4ombo9A,Future - Tycoon (Official Music Video),Future,"If they don’t play this at my funeral, I ain’t dying.",249
Future,Trap,FLkC4ombo9A,Future - Tycoon (Official Music Video),Future,I’m getting her passport stamped we going steady 😎,0
Future,Trap,FLkC4ombo9A,Future - Tycoon (Official Music Video),Future,🇧🇩🇧🇩🇧🇩🇧🇩🇧🇩💯💯💯❤️❤️❤️💬💬💬💌💌💌💌👏👏👏🌹🌹🌹,0
Future,Trap,FLkC4ombo9A,Future - Tycoon (Official Music Video),Future,Street dangerous I ain't going nowhere..#tycoon,0
Future,Trap,FLkC4ombo9A,Future - Tycoon (Official Music Video),Future,🌴😎💯,0
Future,Trap,FLkC4ombo9A,Future - Tycoon (Official Music Video),Future,"2021 still here     ❤❤     ❤❤  
❤💓💓❤💓💓❤  
❤💓💓💓💓💓❤  
     ❤💓💓💓❤  
          ❤💓❤  
               ❤",0
Future,Trap,FLkC4ombo9A,Future - Tycoon (Official Music Video),Future,wishing best from 2021.,0
Future,Trap,FLkC4ombo9A,Future - Tycoon (Official Music Video),Future,"Am I tripping I think I am but that homegirl
 is video kind of looks like Ciara a little bit",0
Future,Trap,FLkC4ombo9A,Future - Tycoon (Official Music Video),Future,As a big future fan I’m ashamed to admit I’m just now discovering this video today 😔,5
Future,Trap,FLkC4ombo9A,Future - Tycoon (Official Music Video),Future,Trump 2021 - 2024 🥳🥳🥳 from AUS,0
Future,Trap,FLkC4ombo9A,Future - Tycoon (Official Music Video),Future,فیوچر ، من از ایران به شما میگویم خیلی قدرتمندی.💪💪💪💪❤,0
Future,Trap,FLkC4ombo9A,Future - Tycoon (Official Music Video),Future,Finesse King,3
Future,Trap,FLkC4ombo9A,Future - Tycoon (Official Music Video),Future,I love this song...I don't know why they hate me....#Givethanks #banger,0
Future,Trap,FLkC4ombo9A,Future - Tycoon (Official Music Video),Future,"Cool
https://youtu.be/HUHlRO7yWLw",0
Future,Trap,FLkC4ombo9A,Future - Tycoon (Official Music Video),Future,Fait,0
Future,Trap,FLkC4ombo9A,Future - Tycoon (Official Music Video),Future,Gainde? I want to trained for my hook tousong. Please!!!,0
Future,Trap,FLkC4ombo9A,Future - Tycoon (Official Music Video),Future,I hated this song at 1st then heard it again n it started to hit different,0
Future,Trap,FLkC4ombo9A,Future - Tycoon (Official Music Video),Future,"Click twice on bleu write, he present(different origine)(just read)clique sur ce lien 2 fois il presente different origine (lisant) https://www.facebook.com/p.elisabe. my facebook is yesuh laulau click bleu write for coming inside  mon facebook est yesuh laulau  clique sur ce écrit bleu pour entrer à l'interieur mon facebook
-
Speak at other people around You Yesuh laulau
Parle à autre personne autour de toi yesuh laulau
-
(say my name bb rexha ft J balvin ft David Guetta)
+ 
va marié un methis (clip girl have fun)
=holidays dizze rascal
sa fait ce clip clique dessus1min15
https://youtu.be/ANE9A5osUes
-
C'est son rôle=Doja cat rules 
(Con altura Rosalia)
Akon Smak that
Feel this moment Christina ft pitbull
Vente PACA  Ricky Martin
--baby i like it emerique iglesias ft pitbull
---say my name bb rehxa
--- break heart taio cruz
iggy azelea team ou fancy
- kylie minogue ft taio cruz
what about us pink
+
(Methis) girl have fun
floss in the bank
chris brown les chanson

=mami  
Julian Peretta
Joackim Noah basketteur
Castle freya Ridings
Timber kesha ft pitbull 
mazifikolo love potion",0
Future,Trap,FLkC4ombo9A,Future - Tycoon (Official Music Video),Future,Shit wrong tycoon song,0
Future,Trap,FLkC4ombo9A,Future - Tycoon (Official Music Video),Future,honestly can sas this is one of his best songs it deserves a lot more credit,2
Future,Trap,FLkC4ombo9A,Future - Tycoon (Official Music Video),Future,"If you're a fan of Future ,that means you're an intellectual , deep ghetto , bohemian , disciplined , rebel , introvert , extrovert , exhibitionist , artistic , expressive , extravagant , arrogant , romantic , charismatic , aficionado , rich , poor , perfectionist , hyperactive , wise , athletic , ambitious , tremendous  -  ALL THE BEST TO ALL OF YOU - HAPPY NEW YEAR -  2021  - TIME TO MAKE IT ! POSITIVE AND ELATED VIBES!",0
Future,Trap,FLkC4ombo9A,Future - Tycoon (Official Music Video),Future,I'm Big Dawg they a lil son to me,0
Future,Trap,FLkC4ombo9A,Future - Tycoon (Official Music Video),Future,Wtf I was listening to The Whole album on here and now it’s gone!😭😭,0
Future,Trap,FLkC4ombo9A,Future - Tycoon (Official Music Video),Future,Future Is Just Making Our Fature!!!,1
Future,Trap,FLkC4ombo9A,Future - Tycoon (Official Music Video),Future,i can see Uzi on this,0
Future,Trap,FLkC4ombo9A,Future - Tycoon (Official Music Video),Future,BANDS UP,0
Future,Trap,FLkC4ombo9A,Future - Tycoon (Official Music Video),Future,"Hey! If she can get away from shooters in a Wraith, we rich folk need drivers like that!",0
Future,Trap,FLkC4ombo9A,Future - Tycoon (Official Music Video),Future,"i havent followed his new shit but hes dropping better bars than most still , slept on",0
Future,Trap,FLkC4ombo9A,Future - Tycoon (Official Music Video),Future,💜💜,0
Future,Trap,FLkC4ombo9A,Future - Tycoon (Official Music Video),Future,This song is so under appreciated,6
Future,Trap,FLkC4ombo9A,Future - Tycoon (Official Music Video),Future,"Starin' at the candle
Feel the pain on me, nigga, it don't matter
Got my currency exchanged, got my bands up

I'm a ty-tycoon, that's why they hate me (Wheezy outta here)
'Til they throw the sheets on me I'm goin' crazy
Got Balencis on my feet, they can't take me
I know I ain't gon' be deceased 'til I'm like eighty
I been gettin' so damn geeked, I been prayin'
I been chinchilla sheet wherever I'm stayin'
Took that Draco on a PJ, ain't playin'
I ain't goin', no, no, street's dangerous

Ain't got Actavis, so fuck it, I had to red it
I sent hitters from everywhere, they had to dead it
You know my niggas, they bangin' the same color spaghetti
I got my transport up and I got my Getty
I'm gettin' her passport stamped, we goin' steady
They try to cut a nigga throat off with a machete
I know my lil' bro gon' kick a door and let that lead hit
I'm not a imposer so I'm tryna find a exit
They know it's a thousand cutters hittin' off if they come for me
Uno gang, twenty-seven, they gon' gun for me
ABK gon' broad day you and get it done for me
I'ma big dog, they a lil' son to me

I'm a ty-tycoon, that's why they hate me
'Til they throw the sheets on me I'm goin' crazy
Got Balencis on my feet, they can't take me
I know I ain't gon' be deceased 'til I'm like eighty
I been gettin' so damn geeked, I been prayin'
I been chinchilla sheet wherever I'm stayin'
Took that Draco on a PJ, ain't playin'
I ain't goin', no, no, street's dangerous

Fully auto on the seat, ain't let you take it
I ain't goin' no, no, I'ma spray it
Let my dogs off the leash, you gon' hate it
Twin choppers on me, they my favorite, yeah, yeah
Catch me rollin' in the Ghost, Patrick Swayze
Travelin' all across the coast for this gravy
Buyin' gold by the pound, I upgraded
I came from lil' Mexico, a nigga made it
Posted up outside the store, I'm the greatest
If you can make it out the bricks, that's amazin'
I got my gang from out the 6, ain't no tradin'
You know the side was two guns blazin'

I'm a ty-tycoon, that's why they hate me (I'm a ty-tycoon)
'Til they throw the sheets on me I'm goin' crazy ('til they throw the sheets on me)
Got Balencis on my feet, they can't take me (got Balencis on me)
I know I ain't gon' be deceased 'til I'm like eighty (yeah, ain't gon' be deceased, no)
I been gettin' so damn geeked, I been prayin' (yeah, I'm geeked, man, I'm geeked up)
I been chinchilla sheet wherever I'm stayin' (yeah, I'm chinchilla sheets up)
Took that Draco on a PJ, ain't playin' (took the Draco on a P, what up)
I ain't goin', no, no, street's dangerous (ain't goin' no, no, street's dangerous)

Yeah, I ain't goin' no, no
I ain't goin', no, no, street's dangerous
Trap
I ain't goin', no, no
Yeah, what you do?

I chinchilla all of my sheets wherever I'm stayin' (I chinchilla all of my sh-)
I been gettin' so fuckin' geeked, I been prayin' (I been gettin' so fuckin' geeked)
Got that Draco on a PJ, ain't playin' (took the Draco on a PJ)
I ain't goin', no, no, street's dangerous (I ain't goin', I ain't goin')

Starin' at the candle
Feel the pain on me, nigga, it don't matter
Get my currency exchange, got my bands up",1
Future,Trap,FLkC4ombo9A,Future - Tycoon (Official Music Video),Future,"Hi! for you who stopped to read this comment, I ask attention once again to our project that is reaching people from all over the world with the good deed of helping those who are in need of a donation, which for you may be little for a family here in Brazil will mean a lot.
No matter what the value, what matters is your good deeds towards others, besides feeding those who are really hungry!
Contact us at watssap +11 (83) 99638-3004 and find out how to send your donation!
God bless you all",0
Future,Trap,FLkC4ombo9A,Future - Tycoon (Official Music Video),Future,Twin choppers player,0
Future,Trap,FLkC4ombo9A,Future - Tycoon (Official Music Video),Future,😰😰😰,1
Future,Trap,FLkC4ombo9A,Future - Tycoon (Official Music Video),Future,Future 🙌🏼🙌🏼🙌🏼,0
Future,Trap,FLkC4ombo9A,Future - Tycoon (Official Music Video),Future,This shit should have had over 200 mill. I'm getting 2015 Future vibes off this one.,4
Future,Trap,FLkC4ombo9A,Future - Tycoon (Official Music Video),Future,"he's is g.o.a.t
🐐🐐🐐🐐🐐",0
Future,Trap,FLkC4ombo9A,Future - Tycoon (Official Music Video),Future,One thing Future Never Fails to Deliver the Dopest music 🎶 🙌  the beats the lyrics and go Soooooo 🙌 💯 Hard in the Paint 🥳🤘💫❤,0
Future,Trap,FLkC4ombo9A,Future - Tycoon (Official Music Video),Future,this one krazy,0
Future,Trap,FLkC4ombo9A,Future - Tycoon (Official Music Video),Future,Can't do nothing but feel this 💯💯💯💯💯,1
Future,Trap,FLkC4ombo9A,Future - Tycoon (Official Music Video),Future,This is bad,0
Future,Trap,FLkC4ombo9A,Future - Tycoon (Official Music Video),Future,"Yo watsgood ? We’ve got topshelf quality bud, ⛽️ 💨 🔥🔥🔥all indoor grown with best quality results....edibles,shrooms,shatter,rosins,wax etc,all them strains⛽️💨📲🔌📦🌎🇺🇸🇬🇧✅                    add me up on snapchat @hillmike2020 for sum real deals.... SMS:+14242346013",0
Future,Trap,FLkC4ombo9A,Future - Tycoon (Official Music Video),Future,"Yo watsgood ? We’ve got topshelf quality bud, ⛽️ 💨 🔥🔥🔥all indoor grown with best quality results....edibles,shrooms,shatter,rosins,wax etc,all them strains⛽️💨📲🔌📦🌎🇺🇸🇬🇧✅                    add me up on snapchat @hillmike2020 for sum real deals.... SMS:+14242346013",0
Future,Trap,FLkC4ombo9A,Future - Tycoon (Official Music Video),Future,"@e40 #HBD #GLDGANG #TeamGLD @thelumpiacompany @e.cuarentatequila @e40sluricane #HappyBirthday #Sunday #Scorpio #ScorpioSeason @nfl @shopgld @fdsportsbook @traxamillion @sickwiditrecords #TheClick #Instagram #instafood @fatburger @thrillist @nudgetext @infatuation_sf @dothebay @earlstevensselections @kuiperbeltspirits @tycoonspirits #Music @billboard #ExplorePage
#SupportSFLivingLegends #Love #Viral #ReelLifeReels #worldstar #ViralVideos #FillMOELEGENDS #Weed #TeamFindVohnte 🎁🎁

🎤✅Friendly Reminder: 
#Open🎤Mondaze tomorrow 
11/16/20/20 
🎥The Show Starts @10am PST 

🐝Like @saweetie #TapInChallenge 
DM ✌🏽 @kanyewest Secur 
yoUR 22-45minutes of #ShineTime
Arriving Rite On Time 
🎤Get Rite @JenZenWorld 

Every☝🏿Welcome 🌍🌏🌎

🎶⬆️🔜 #Boss #Tycoon dipped in @officialveganmob @sauceyapp ♾🎁🎁

Click link in bio foe yoUR #Free #Drinks #Drinks @backwoods_cigars @vice @hennessy @remymartinus",0
Future,Trap,FLkC4ombo9A,Future - Tycoon (Official Music Video),Future,Chick looks like the female version of Quavo,0
Future,Trap,FLkC4ombo9A,Future - Tycoon (Official Music Video),Future,Past,0
Future,Trap,FLkC4ombo9A,Future - Tycoon (Official Music Video),Future,what a hit,2
Future,Trap,FLkC4ombo9A,Future - Tycoon (Official Music Video),Future,Listening to this song every morning to get me going,1
Future,Trap,FLkC4ombo9A,Future - Tycoon (Official Music Video),Future,I love this song!! Prolly the best one out the whole album ❤️💯😍,0
Future,Trap,FLkC4ombo9A,Future - Tycoon (Official Music Video),Future,Yes so true that I am,0
Future,Trap,FLkC4ombo9A,Future - Tycoon (Official Music Video),Future,Man ain’t no way this ain’t playing at the presidential inauguration,0
Future,Trap,FLkC4ombo9A,Future - Tycoon (Official Music Video),Future,She bad af,0
Future,Trap,FLkC4ombo9A,Future - Tycoon (Official Music Video),Future,I love you 💕❤️😘,0
Future,Trap,FLkC4ombo9A,Future - Tycoon (Official Music Video),Future,I’m trying to find that exit,0
Future,Trap,FLkC4ombo9A,Future - Tycoon (Official Music Video),Future,10 toes down,0
Future,Trap,FLkC4ombo9A,Future - Tycoon (Official Music Video),Future,Future candle candle candle candle candle candle candle candle candle,0
Future,Trap,FLkC4ombo9A,Future - Tycoon (Official Music Video),Future,who's the girl in the video,0
Future,Trap,FLkC4ombo9A,Future - Tycoon (Official Music Video),Future,This song make me wanna shed a tear 😢,0
Future,Trap,FLkC4ombo9A,Future - Tycoon (Official Music Video),Future,This song is so fucking underrated,0
Future,Trap,FLkC4ombo9A,Future - Tycoon (Official Music Video),Future,"When six nine calls out Future, claims his two million followers and views. 

Yet Future almost triple his numbers on every single video and has a higher net worth than Sixnine, plus is a far more inspirational.

Keep flexing hard Future, we got you.",5
Future,Trap,FLkC4ombo9A,Future - Tycoon (Official Music Video),Future,I never knew he played roblox tycoons,1
Future,Trap,FLkC4ombo9A,Future - Tycoon (Official Music Video),Future,Who the girl with him,0
Future,Trap,FLkC4ombo9A,Future - Tycoon (Official Music Video),Future,"https://www.billboard.com/articles/business/chart-beat/9390364/future-has-fourth-most-billboard-hot-100-entries-ever 

  4 platinum albums 4 gold albums and 2 platinum mixtapes  in 9 years. future fucked the game up he was screaming future Hendrix before we understood his greatness",0
Future,Trap,FLkC4ombo9A,Future - Tycoon (Official Music Video),Future,I LOVE this,0
Future,Trap,FLkC4ombo9A,Future - Tycoon (Official Music Video),Future,OCTOBER 2020,0
Future,Trap,FLkC4ombo9A,Future - Tycoon (Official Music Video),Future,Never look back,0
Future,Trap,FLkC4ombo9A,Future - Tycoon (Official Music Video),Future,https://youtu.be/u2CUK-Rgdoc,0
Future,Trap,FLkC4ombo9A,Future - Tycoon (Official Music Video),Future,🔥🔥🔥,0
Future,Trap,FLkC4ombo9A,Future - Tycoon (Official Music Video),Future,This is the best of 💰,0
Future,Trap,FLkC4ombo9A,Future - Tycoon (Official Music Video),Future,💯💯💯💯💲💲😒😒💲💲💲💲💲💲😤⛽️⛽️⛽️⛽️⛽️⛽️⛽️,0
Future,Trap,FLkC4ombo9A,Future - Tycoon (Official Music Video),Future,Is it just me or does that girl look like a younger ciara?,0
Future,Trap,FLkC4ombo9A,Future - Tycoon (Official Music Video),Future,Give this man 10 grammies🏆,1
Future,Trap,FLkC4ombo9A,Future - Tycoon (Official Music Video),Future,Took dat draco ona pj ain playing 🤦🏾‍♂️,0
Future,Trap,FLkC4ombo9A,Future - Tycoon (Official Music Video),Future,This song so underrated,1
Future,Trap,FLkC4ombo9A,Future - Tycoon (Official Music Video),Future,Nigga the goat,1
Future,Trap,FLkC4ombo9A,Future - Tycoon (Official Music Video),Future,https://youtu.be/3zhg_p0iPoE Ayyyyyyuy!!,0
Future,Trap,FLkC4ombo9A,Future - Tycoon (Official Music Video),Future,I agree and my fave niece her name iz Future,0
Future,Trap,FLkC4ombo9A,Future - Tycoon (Official Music Video),Future,subscribe me please,0
Future,Trap,FLkC4ombo9A,Future - Tycoon (Official Music Video),Future,Her name is Ashley ilene her instagram is ashleyilene.g,0
Future,Trap,FLkC4ombo9A,Future - Tycoon (Official Music Video),Future,Her instagram is: ashleyilene.g,1
Future,Trap,FLkC4ombo9A,Future - Tycoon (Official Music Video),Future,Patrick swayze  those words drive me crazy it so strange babe,1
Future,Trap,FLkC4ombo9A,Future - Tycoon (Official Music Video),Future,🙄😉😎,0
Future,Trap,FLkC4ombo9A,Future - Tycoon (Official Music Video),Future,What’s the chicks name man? She lit af,0
Future,Trap,FLkC4ombo9A,Future - Tycoon (Official Music Video),Future,I pray that everyone that reads this gets corona..,0
Future,Trap,FLkC4ombo9A,Future - Tycoon (Official Music Video),Future,One day I will proudly say I made it,0
Future,Trap,FLkC4ombo9A,Future - Tycoon (Official Music Video),Future,He's not even talking is air. He is a real tycoon.,0
Future,Trap,FLkC4ombo9A,Future - Tycoon (Official Music Video),Future,"Check out the Travis Scott burger 🍔 reaction. 
https://www.youtube.com/watch?v=wORWh3l1OU4&feature=share",0
Future,Trap,FLkC4ombo9A,Future - Tycoon (Official Music Video),Future,"My favourite ❤️🔥❤️song , beat Wow, beat wow, sound wow, back ground beat sound wow, wording beautiful, back ground voice beautiful, 🎹 nice, back ground beat sound wow, ending ❤️.",0
Future,Trap,FLkC4ombo9A,Future - Tycoon (Official Music Video),Future,All I want is the girl’s name😭,1
Future,Trap,FLkC4ombo9A,Future - Tycoon (Official Music Video),Future,https://youtu.be/h6SWw11YBhg,0
Future,Trap,FLkC4ombo9A,Future - Tycoon (Official Music Video),Future,bro future an icon no cap,0
Future,Trap,FLkC4ombo9A,Future - Tycoon (Official Music Video),Future,Future is the 🐐,0
Future,Trap,FLkC4ombo9A,Future - Tycoon (Official Music Video),Future,😎,0
Future,Trap,FLkC4ombo9A,Future - Tycoon (Official Music Video),Future,All of future songs just have nice vibe💯💨✊,0
Future,Trap,FLkC4ombo9A,Future - Tycoon (Official Music Video),Future,Foooooooor💖💖 future the goood waw🌟🌟🌟,0
Future,Trap,FLkC4ombo9A,Future - Tycoon (Official Music Video),Future,I bet this nigga doesn't know a single one of these girls' names,0
Future,Trap,FLkC4ombo9A,Future - Tycoon (Official Music Video),Future,"Starring at the candle, feel the pain on me nigga it don't matter",0
Future,Trap,FLkC4ombo9A,Future - Tycoon (Official Music Video),Future,God given...Future 💯💯,0
Future,Trap,FLkC4ombo9A,Future - Tycoon (Official Music Video),Future,"J'aime beaucoup cette chanson,
Et j adore futurreee!",0
Future,Trap,FLkC4ombo9A,Future - Tycoon (Official Music Video),Future,IM A BIG DAWG THEY  A  LITTLE SON TO ME,1
Future,Trap,FLkC4ombo9A,Future - Tycoon (Official Music Video),Future,Catch me rollin ina ghost Patrick swayze,0
Future,Trap,FLkC4ombo9A,Future - Tycoon (Official Music Video),Future,This song fire 🔥 as fuck been listening to it non stop,0
Future,Trap,FLkC4ombo9A,Future - Tycoon (Official Music Video),Future,https://youtu.be/f2NJLNxreiw,0
Future,Trap,FLkC4ombo9A,Future - Tycoon (Official Music Video),Future,This gonna be the first song I play when I make my first mil,13
Future,Trap,FLkC4ombo9A,Future - Tycoon (Official Music Video),Future,I laid down in the mud hole so they wouldn't get their feet dirty,0
Future,Trap,FLkC4ombo9A,Future - Tycoon (Official Music Video),Future,"My herpes is cured and it's miracle healing. Thanks to Dr. Bali who cure my Genital #Herpes
I was in trouble when doctor told me that I have been diagnosed with Genital Herpes. I thought about my Family, how they will feel if they knew, i was also felling pains in my Anus and vagina. I lost hope and I wept all day, but one day I was surfing the internet I found about Dr. Bali on how he cured a lady with natural herbs, I decided to contact him through his mobile number, i also wrote him letter through his email address. he guided me. I asked him for solutions and he prepared a herbal remedy and send to me,when i received it, i started taking it as directed. Thank God, now everything is fine, I’m cured by Dr. Bali herbal medicine, I’m very thankful to God and very happy with my wife and family. You can contact him through his email address on drbalihome@gmail.com Tel/Whats-App: +2348120933032 
doctor page https://drbalisolutioncenter.jimdofree.com",0
Future,Trap,FLkC4ombo9A,Future - Tycoon (Official Music Video),Future,Check out https://youtu.be/7nporzi01Jc,0
Future,Trap,FLkC4ombo9A,Future - Tycoon (Official Music Video),Future,I think you are a master of your own style,1
Future,Trap,FLkC4ombo9A,Future - Tycoon (Official Music Video),Future,just try IGROCKET DOT COM for fame.,3
Future,Trap,FLkC4ombo9A,Future - Tycoon (Official Music Video),Future,Most people don’t like my comments... not tryna get likes just hope everyone that sees this has a good day,1
Future,Trap,FLkC4ombo9A,Future - Tycoon (Official Music Video),Future,"Third cleanest song I’ve heard from future
1. Trillionaire
2.fine China 
3. Tycoon",6
Future,Trap,FLkC4ombo9A,Future - Tycoon (Official Music Video),Future,Yo I'm high asf,2
Future,Trap,FLkC4ombo9A,Future - Tycoon (Official Music Video),Future,fire,0
Future,Trap,FLkC4ombo9A,Future - Tycoon (Official Music Video),Future,The real Boss Tycoon is Mac Dre!,0
Future,Trap,FLkC4ombo9A,Future - Tycoon (Official Music Video),Future,Sinbad you payed off your loan,0
Future,Trap,FLkC4ombo9A,Future - Tycoon (Official Music Video),Future,109 more albums from me. 4 to 15,0
Future,Trap,FLkC4ombo9A,Future - Tycoon (Official Music Video),Future,Yall not out ya,0
Future,Trap,FLkC4ombo9A,Future - Tycoon (Official Music Video),Future,Then the dates wrongs. 76 to 86 stop playing with me. 4 latinos out. Then musicans composer,0
Future,Trap,FLkC4ombo9A,Future - Tycoon (Official Music Video),Future,You try to be inappropriate on 20 sheets one time 📜📜📜📜📜📜,0
Future,Trap,FLkC4ombo9A,Future - Tycoon (Official Music Video),Future,I am proud of you Guy. Ty-tycoon,0
Future,Trap,FLkC4ombo9A,Future - Tycoon (Official Music Video),Future,"Wheeeew  ""let my thought out the leash they gon hate it "" 🔥🔥🔥🔥",0
Future,Trap,FLkC4ombo9A,Future - Tycoon (Official Music Video),Future,Future the trap king,0
Future,Trap,FLkC4ombo9A,Future - Tycoon (Official Music Video),Future,"LANÇAMENTO!!!!777

https://www.youtube.com/watch?v=PktCW9HVX_Y",1
Future,Trap,FLkC4ombo9A,Future - Tycoon (Official Music Video),Future,Mommy boy. Let me try something.,0
Future,Trap,FLkC4ombo9A,Future - Tycoon (Official Music Video),Future,Yall family aint pay your way.,0
Future,Trap,FLkC4ombo9A,Future - Tycoon (Official Music Video),Future,I need that barry bond on that house.,0
Future,Trap,FLkC4ombo9A,Future - Tycoon (Official Music Video),Future,Like a zit. Had to pop they asses.,0
Future,Trap,FLkC4ombo9A,Future - Tycoon (Official Music Video),Future,Ian Goin Noo Nooo Streetz Dangerous 💭,0
Future,Trap,FLkC4ombo9A,Future - Tycoon (Official Music Video),Future,God damn 🐐 🐐🐐🐐,0
Future,Trap,FLkC4ombo9A,Future - Tycoon (Official Music Video),Future,Why is this lowkey the best song on High Off Life,0
Future,Trap,FLkC4ombo9A,Future - Tycoon (Official Music Video),Future,Flame,0
Future,Trap,FLkC4ombo9A,Future - Tycoon (Official Music Video),Future,This is too hard,0
Future,Trap,FLkC4ombo9A,Future - Tycoon (Official Music Video),Future,Here is a dope Future type beat 🤯https://youtu.be/eSXM63Pltkw,0
Future,Trap,FLkC4ombo9A,Future - Tycoon (Official Music Video),Future,😘😘😘😘😘🍁🍁🍁🍁🍁🍁👊👊👊👊👊❤❤❤❤❤❤👏👏👏👏👏😍😍😍😍😍🔥🔥🔥🔥🔥🔥,1
Future,Trap,FLkC4ombo9A,Future - Tycoon (Official Music Video),Future,Sippin on beer then this song came up now I’m on lean,0
Future,Trap,FLkC4ombo9A,Future - Tycoon (Official Music Video),Future,Beautyful,0
Future,Trap,FLkC4ombo9A,Future - Tycoon (Official Music Video),Future,Bad a road family,1
Future,Trap,FLkC4ombo9A,Future - Tycoon (Official Music Video),Future,This nigga snapped on dis jawn,1
Future,Trap,FLkC4ombo9A,Future - Tycoon (Official Music Video),Future,"We license seller of top cali buds for medical and recreational. For more information WhatsApp or text on +1(719)2991842
or snap ( Ellisonfeddy20)
or shop on our dispensary holyweed420.com",0
Future,Trap,FLkC4ombo9A,Future - Tycoon (Official Music Video),Future,Where are the future Tycoons here?,1
Future,Trap,FLkC4ombo9A,Future - Tycoon (Official Music Video),Future,Man I thought the girl was futures ex,1
Future,Trap,FLkC4ombo9A,Future - Tycoon (Official Music Video),Future,Yei no no go no=>Streets are dangerous ❤️💋💫👑,0
Future,Trap,FLkC4ombo9A,Future - Tycoon (Official Music Video),Future,Baby Pluto is a Tie Tide Tycoon and that's why we all hate his story.Stories are different and can not be shared by Narrative..fuck the world for FBG you youn terrorists or flame spits..Just kno the meanin of being a tie tide tycoon and that's why friends around (fan)choose to not hate him❤️,2
Future,Trap,FLkC4ombo9A,Future - Tycoon (Official Music Video),Future,Love this song but not the Memories 🙄,0
Future,Trap,FLkC4ombo9A,Future - Tycoon (Official Music Video),Future,Im glad he kicked the cup and he shining. I wish he would speak on how he got over the drugs. Thats a struggle. I also wonder how he feels about juice wrlds death,1
Future,Trap,FLkC4ombo9A,Future - Tycoon (Official Music Video),Future,Every time i hear this song i get excited idk if its the beat or future or both but he need to make more music like this,5
Future,Trap,FLkC4ombo9A,Future - Tycoon (Official Music Video),Future,I love it when Hendrix shoots videos where we can see his eyes.,3
Future,Trap,FLkC4ombo9A,Future - Tycoon (Official Music Video),Future,👾👽💰💰💰💰💰💰💰💰💰💰💰💰💰💰💰💰💰💰💰💰💰💰💰💰,0
Future,Trap,FLkC4ombo9A,Future - Tycoon (Official Music Video),Future,L Ride to this #cruzn,0
Future,Trap,FLkC4ombo9A,Future - Tycoon (Official Music Video),Future,🇱🇷 I'm a big dog they a son to me,0
Future,Trap,FLkC4ombo9A,Future - Tycoon (Official Music Video),Future,No comments about the girl got me tweakin,1
Future,Trap,FLkC4ombo9A,Future - Tycoon (Official Music Video),Future,Big up 👌,0
Future,Trap,FLkC4ombo9A,Future - Tycoon (Official Music Video),Future,Underrated asf🔥🔥🔥,0
Future,Trap,FLkC4ombo9A,Future - Tycoon (Official Music Video),Future,"when you got a CEO office, bunker, and MC lockup",6
Future,Trap,FLkC4ombo9A,Future - Tycoon (Official Music Video),Future,Why she looks. Like cierra,0
Future,Trap,FLkC4ombo9A,Future - Tycoon (Official Music Video),Future,He is hottt,0
Future,Trap,FLkC4ombo9A,Future - Tycoon (Official Music Video),Future,Official,0
Future,Trap,FLkC4ombo9A,Future - Tycoon (Official Music Video),Future,Meeting u has officially been registered as my dream.,1
Future,Trap,FLkC4ombo9A,Future - Tycoon (Official Music Video),Future,Best rapper hands down👌🏾,1
Future,Trap,FLkC4ombo9A,Future - Tycoon (Official Music Video),Future,DJ KING A YOU A FOOL FOR THIS ONE,0
Future,Trap,FLkC4ombo9A,Future - Tycoon (Official Music Video),Future,He be having the baddest bitches in his videos 👍,0
Future,Trap,FLkC4ombo9A,Future - Tycoon (Official Music Video),Future,Do you have any kids,0
Future,Trap,FLkC4ombo9A,Future - Tycoon (Official Music Video),Future,If u can make out of the bricks that’s amazing 🙏🏽,0
Future,Trap,FLkC4ombo9A,Future - Tycoon (Official Music Video),Future,💯🙌🙌🙌🙌🙌🙌❤👌🔥🔥🔥🔥🔥📿📿📿📿,0
Future,Trap,FLkC4ombo9A,Future - Tycoon (Official Music Video),Future,Love it Bae...🌈🌹🧱,0
Future,Trap,FLkC4ombo9A,Future - Tycoon (Official Music Video),Future,Ik this has nothing to do with this song but someone took a shit where im working at and its upsetting me everytime i jave to smell it,0
Future,Trap,FLkC4ombo9A,Future - Tycoon (Official Music Video),Future,2:16 future ready to risk it all,0
Future,Trap,FLkC4ombo9A,Future - Tycoon (Official Music Video),Future,00p0,0
Future,Trap,FLkC4ombo9A,Future - Tycoon (Official Music Video),Future,"”Im a Big dog, they a little son to me” - Future Vs the rap game 💯",0
Future,Trap,FLkC4ombo9A,Future - Tycoon (Official Music Video),Future,Future   ft eminem    what a song 😍😎,0
Future,Trap,FLkC4ombo9A,Future - Tycoon (Official Music Video),Future,My guy,0
Future,Trap,FLkC4ombo9A,Future - Tycoon (Official Music Video),Future,this is fucking awesome nice eyelids and stick,0
Future,Trap,FLkC4ombo9A,Future - Tycoon (Official Music Video),Future,⭐️⭐️⭐️⭐️⭐️💟,0
Future,Trap,FLkC4ombo9A,Future - Tycoon (Official Music Video),Future,"The day its goodbye to you all,the day im set free,the witch in the film and audience ruined my life,anyway cameras and recorders get out of my life please,and take the audience and government with you,oh and evil magicians,trying to torture someone for money and fame,go back to your old entertainment and watch your life not mine.",0
Future,Trap,FLkC4ombo9A,Future - Tycoon (Official Music Video),Future,Visit Nigeria again please 🇳🇬🇳🇬🇳🇬🇳🇬🇳🇬🇳🇬🇳🇬 Future no.1,1
Future,Trap,FLkC4ombo9A,Future - Tycoon (Official Music Video),Future,michaelplema96@gmail.com,0
Future,Trap,FLkC4ombo9A,Future - Tycoon (Official Music Video),Future,Future hella on it all the time and I fw it. He finna go down in history 🐐,2
Future,Trap,FLkC4ombo9A,Future - Tycoon (Official Music Video),Future,0:25 the way they looking at each other 😍😂,5
Future,Trap,FLkC4ombo9A,Future - Tycoon (Official Music Video),Future,future you are ok,0
Future,Trap,FLkC4ombo9A,Future - Tycoon (Official Music Video),Future,"Damn I just heard this song and it reminds me how people always go to old hits and say “we didn’t know we were only creating memories” and emphasizing the changes in our lives in such a short period of time , but I know once this song is 2 years old we gonna be lookin back saying the same thing... Times were crazy in 2020 but I still had my people w me thru it and I could say I lived my best life despite the circumstances... Can you? 👁",2
Future,Trap,FLkC4ombo9A,Future - Tycoon (Official Music Video),Future,GG FBG UK 🇬🇧,0
Future,Trap,FLkC4ombo9A,Future - Tycoon (Official Music Video),Future,this the best song in futures new album,1
Future,Trap,FLkC4ombo9A,Future - Tycoon (Official Music Video),Future,Anyone else catch those Trailer Park Boys references ? :  “Layee” & “Swayzee”,0
Future,Trap,FLkC4ombo9A,Future - Tycoon (Official Music Video),Future,Future you the soul of rap bro... Love you man,5
Future,Trap,FLkC4ombo9A,Future - Tycoon (Official Music Video),Future,This my fave future song at the moment .,3
Future,Trap,FLkC4ombo9A,Future - Tycoon (Official Music Video),Future,This made me TAKE IT BACK to his early days #Pluto #TurnOnTheLights ... ✊🏽🧚🏾‍♀️,6
Future,Trap,FLkC4ombo9A,Future - Tycoon (Official Music Video),Future,FUTURE IS THE FUCKING GOAT,0
Future,Trap,FLkC4ombo9A,Future - Tycoon (Official Music Video),Future,This song is perfect 😩,1
Future,Trap,FLkC4ombo9A,Future - Tycoon (Official Music Video),Future,Ya but da Wraith thoe,0
Future,Trap,FLkC4ombo9A,Future - Tycoon (Official Music Video),Future,Dem pretty young thangs in the video mang goddam,1
Future,Trap,L2mZJqU5wxI,Future - March Madness (Official Lyric Video),Future,🎉🎉 ballin,0
Future,Trap,L2mZJqU5wxI,Future - March Madness (Official Lyric Video),Future,What month is 🎉 this,0
Future,Trap,L2mZJqU5wxI,Future - March Madness (Official Lyric Video),Future,i am,1
Future,Trap,L2mZJqU5wxI,Future - March Madness (Official Lyric Video),Future,og trey 8ight,0
Future,Trap,L2mZJqU5wxI,Future - March Madness (Official Lyric Video),Future,Future different all his music going hard and skooly,2
Future,Trap,L2mZJqU5wxI,Future - March Madness (Official Lyric Video),Future,Still here in 2026 Future Hendrix Dirty Sprite Legendary 🔥,0
Future,Trap,L2mZJqU5wxI,Future - March Madness (Official Lyric Video),Future,Spaceship music,0
Future,Trap,L2mZJqU5wxI,Future - March Madness (Official Lyric Video),Future,May.16th 2026; ish still going in!!,0
Future,Trap,L2mZJqU5wxI,Future - March Madness (Official Lyric Video),Future,Wtv that fcken meannn 💪🏾,0
Future,Trap,L2mZJqU5wxI,Future - March Madness (Official Lyric Video),Future,Still here after 1 hour of staring at the screen with the same song on repeat...,1
Future,Trap,L2mZJqU5wxI,Future - March Madness (Official Lyric Video),Future,2026 THIS SHIT STILL WAVY,1
Future,Trap,L2mZJqU5wxI,Future - March Madness (Official Lyric Video),Future,March 2027,2
Future,Trap,L2mZJqU5wxI,Future - March Madness (Official Lyric Video),Future,This music Is immortal.🤯🤯🔥🔥🔥,5
Future,Trap,L2mZJqU5wxI,Future - March Madness (Official Lyric Video),Future,Guy dabbing to this in a vine first brought me here,1
Future,Trap,L2mZJqU5wxI,Future - March Madness (Official Lyric Video),Future,"5-21-26

10:10PM",0
Future,Trap,L2mZJqU5wxI,Future - March Madness (Official Lyric Video),Future,2026 Yall here?,1
Future,Trap,L2mZJqU5wxI,Future - March Madness (Official Lyric Video),Future,2026 April type vibes,1
Future,Trap,L2mZJqU5wxI,Future - March Madness (Official Lyric Video),Future,From 2015/2016 house parties to the club this song is timeless,1
Future,Trap,L2mZJqU5wxI,Future - March Madness (Official Lyric Video),Future,Elite,2
Future,Trap,L2mZJqU5wxI,Future - March Madness (Official Lyric Video),Future,Crazy how till this day he is still in his prime,7
Future,Trap,L2mZJqU5wxI,Future - March Madness (Official Lyric Video),Future,My question..please somebody answer this...what the hell was in that contract to make Pooh take it to that extreeme to want to get out of that contract like that?,0
Future,Trap,L2mZJqU5wxI,Future - March Madness (Official Lyric Video),Future,Right because u have never been a recipient...,0
Future,Trap,L2mZJqU5wxI,Future - March Madness (Official Lyric Video),Future,1 April 2026,1
Future,Trap,L2mZJqU5wxI,Future - March Madness (Official Lyric Video),Future,"March 31, 2026.",0
Future,Trap,L2mZJqU5wxI,Future - March Madness (Official Lyric Video),Future,march 30th 2026 illatron all day,1
Future,Trap,L2mZJqU5wxI,Future - March Madness (Official Lyric Video),Future,"The Reigning Champion 💯
2026..still",2
Future,Trap,L2mZJqU5wxI,Future - March Madness (Official Lyric Video),Future,It’s almost sounds like freestyle when you wake up with productive energy and prefer to smoke weed to check on the last beat you made couple days ago during the March time,0
Future,Trap,L2mZJqU5wxI,Future - March Madness (Official Lyric Video),Future,This song forever gonna hit!!,2
Future,Trap,L2mZJqU5wxI,Future - March Madness (Official Lyric Video),Future,Came back cuz I’m mad in march,1
Future,Trap,L2mZJqU5wxI,Future - March Madness (Official Lyric Video),Future,I love Big Brudda Stay Up Stay Blessed Mane,0
Future,Trap,L2mZJqU5wxI,Future - March Madness (Official Lyric Video),Future,"Dress it up and make it real for me

Whatever that ever means

Dirty soda in a styrofoam
Spend a day to get my mind blown
Dress it up and go to NASA
200 miles on the dash

And gotta roll a pound up and gas it
Switching lanes in a Grand Rapide
We the ones that kept it
cool with all these people
Til these people start acting

Shoot a homeboy like a film in a movie
Homie, gone let 'em have it
Ballin' like the March Madness
All these cops shooting people, tragic

I'm the one that's living lavish
Like I'm playing for the Mavericks
I didn't wanna do the girl, the molly
made me do her even though she average

Dirty muddy in a cup
45 by my gut
My young homie in a cut
Taking you out for some Jordans

Let's count this money, no rushin'
I'm on a one way, flushin'
Loud pack smelling musty
These dunkin' police can't touch me

These bogus police can't touch me
These dunkin' people can't touch me
Apply the pressure with the VVS
I drive the foreign like it was a Chevy

Drive the foreign like
it was a Ch-skrrrrtt
Lift it up and gone and off-set it
Do a cougar like she Halle Berry
Future Hendrix, dirty sprite, legendary

Dirty soda in a styrofoam
Spend a day to get my mind blown
Dress it up and go to NASA
200 miles on the dash

And gotta roll a pound up and gas it
Switching lanes in a Grand Rapide
We the ones that kept it cool
with all these people 'til
these people start acting
Shoot a homeboy like a film in a
movie, homie, gone let 'em have it

Ballin' like the March Madness
All these cops shooting people, tragic
I'm the one that's living lavish
Like I'm playing for the Mavericks

I didn't wanna do the girl, the molly
made me do her even though she average

Stuck on a basic girl
We gone wake up and smoke
on some blunt and do

She gone keep it so
real with a homie that-
I'ma come back and always
gone do with her
Bend a curve in a spur
like it’s a Marta bus
I was working and serving in Nautica
I get high 'til I'm higher than Mercury
Mess around teach you that recipe
Mess around, you gone be out of here
Make her say ha like a homeboy was Juve
Soon as that work hit
the city, we move it
Post up in Onyx and shoot us a movie
Post up in Onyx and shoot us a movie
Take the tool inside the club, just
incase a homeboy ever gotta use it
Get a pint of code an pour it up, homie

Dirty soda in a styrofoam
Spend a day to get my mind blown
Dress it up and go to NASA
200 miles on the dash
And gotta roll a pound up and gas it
Switching lanes in a Grand Rapide
We the ones that kept it cool
with all these people 'til
these people start acting
Shoot a homeboy like a film in a
movie, homie, gone let 'em have it
Ballin' like the March Madness
All these cops shooting people, tragic
I'm the one that's living lavish
Like I'm playing for the Mavericks
I didn't wanna do the girl, the molly
made me do her even though she average

These bogus police can't touch me
These dunkin' people can't touch me
Apply the pressure with the VVS
I drive the foreign like it was a Chevy
Drive the foreign like
it was a Ch-skrrrrtt
Lift it up and gone and off-set it
Do a cougar like she Halle Berry
Future Hendrix, dirty sprite, legendary

Dirty soda in a styrofoam
Spend a day to get my mind blown
Dress it up and go to NASA
200 miles on the dash
And gotta roll a pound up and gas it
Switching lanes in a Grand Rapide
We the ones that kept it cool
with all these people 'til
these people start acting
Shoot a homeboy like a film in a
movie, homie, gone let 'em have it
Ballin' like the March Madness
All these cops shooting people, tragic
I'm the one that's living lavish
Like I'm playing for the Mavericks
I didn't wanna do the girl, the molly
made me do her even though she average",1
Future,Trap,L2mZJqU5wxI,Future - March Madness (Official Lyric Video),Future,WHATEVER THAT FUCKING MEAN,1
Future,Trap,L2mZJqU5wxI,Future - March Madness (Official Lyric Video),Future,❤,0
Future,Trap,L2mZJqU5wxI,Future - March Madness (Official Lyric Video),Future,"March 19th, 2026🎉🎉🎉🎉😂😂😂😂😂",0
Future,Trap,L2mZJqU5wxI,Future - March Madness (Official Lyric Video),Future,March 18 2026 and I’m balling like its March Madness 💯💯,0
Future,Trap,L2mZJqU5wxI,Future - March Madness (Official Lyric Video),Future,Welp its march so welcome to the march madness,1
Future,Trap,L2mZJqU5wxI,Future - March Madness (Official Lyric Video),Future,Dress it up and make real for me,0
Future,Trap,L2mZJqU5wxI,Future - March Madness (Official Lyric Video),Future,March madness 2026 TE AMO❤,0
Future,Trap,L2mZJqU5wxI,Future - March Madness (Official Lyric Video),Future,2026 we here 👑🔥🔥🔥🔥👊🏽🤙💯,2
Future,Trap,L2mZJqU5wxI,Future - March Madness (Official Lyric Video),Future,had to come back in 2026,0
Future,Trap,L2mZJqU5wxI,Future - March Madness (Official Lyric Video),Future,AND DOOO🎉,0
Future,Trap,L2mZJqU5wxI,Future - March Madness (Official Lyric Video),Future,2026 Now,0
Future,Trap,L2mZJqU5wxI,Future - March Madness (Official Lyric Video),Future,Proud ass theives Actors,0
Future,Trap,L2mZJqU5wxI,Future - March Madness (Official Lyric Video),Future,Fuck a Cougar like she Halle Berry Future Hendrix dirty sprite legendary 🔥🔥🔥🔥,0
Future,Trap,L2mZJqU5wxI,Future - March Madness (Official Lyric Video),Future,💃🏻💃🏻💃🏻💃🏻let’s tf goOoo,0
Future,Trap,L2mZJqU5wxI,Future - March Madness (Official Lyric Video),Future,Who ready for 2026 march madness🎉,2
Future,Trap,L2mZJqU5wxI,Future - March Madness (Official Lyric Video),Future,"Here on 1st 2026.It's March Madness for real, countries really be blowing each other up.
Subscribe to this channel for calm work /study /chill music 🙏",0
Future,Trap,L2mZJqU5wxI,Future - March Madness (Official Lyric Video),Future,March madnesssss 1st,0
Future,Trap,L2mZJqU5wxI,Future - March Madness (Official Lyric Video),Future,March 1 2026,150
Future,Trap,L2mZJqU5wxI,Future - March Madness (Official Lyric Video),Future,as soon as i clicked i knew it was an adventure,0
Future,Trap,L2mZJqU5wxI,Future - March Madness (Official Lyric Video),Future,2026 MARCH MADNESS LETS GOOOO A MONTH TO REMEMBER MAY JESUS CHRIST BE WITH US ALL AMEN 🙏🏾.,54
Future,Trap,L2mZJqU5wxI,Future - March Madness (Official Lyric Video),Future,Whatever that fuck mean Nostalgia,0
Future,Trap,L2mZJqU5wxI,Future - March Madness (Official Lyric Video),Future,Its Al.ost .arch yall turn tf up🎉🎉🎉,0
Future,Trap,L2mZJqU5wxI,Future - March Madness (Official Lyric Video),Future,🇯🇲March 4 Lonoke court🇯🇲,0
Future,Trap,L2mZJqU5wxI,Future - March Madness (Official Lyric Video),Future,🎉2026🎉,0
Future,Trap,L2mZJqU5wxI,Future - March Madness (Official Lyric Video),Future,❤❤❤,1
Future,Trap,L2mZJqU5wxI,Future - March Madness (Official Lyric Video),Future,"For those loving this beat..
Check out TARENTINO..808 MAFIA.. VIDEO CALLED DECONSTRUCTED!! Where fam break down this beat.. Track by Track!?!?",0
Future,Trap,L2mZJqU5wxI,Future - March Madness (Official Lyric Video),Future,Mad YouTube music doesn't include the mafia sketches.,2
Future,Trap,L2mZJqU5wxI,Future - March Madness (Official Lyric Video),Future,"""Take the tool inside da club incase a nigga ever gotta use it ,Get a pint a code and pour it up nigga"" 😂😂😂😂",0
Future,Trap,L2mZJqU5wxI,Future - March Madness (Official Lyric Video),Future,Here cuz i cant forget this banger,2
Future,Trap,L2mZJqU5wxI,Future - March Madness (Official Lyric Video),Future,This should be on gta 6,3
Future,Trap,L2mZJqU5wxI,Future - March Madness (Official Lyric Video),Future,Glad he don’t taste dik on this 🔥 track,0
Future,Trap,L2mZJqU5wxI,Future - March Madness (Official Lyric Video),Future,😢💔😢🩶🩶🩶 Brittney Oliver,1
Future,Trap,L2mZJqU5wxI,Future - March Madness (Official Lyric Video),Future,"6:24 look at how fuccin bland those old logos looks😂😂. The mast brown and gray ig, and the dull blues of the others",0
Future,Trap,L2mZJqU5wxI,Future - March Madness (Official Lyric Video),Future,3/3 BABY MARCH MADNESS,2
Future,Trap,L2mZJqU5wxI,Future - March Madness (Official Lyric Video),Future,Jan 2026,0
Future,Trap,L2mZJqU5wxI,Future - March Madness (Official Lyric Video),Future,2026 gang,21
Future,Trap,L2mZJqU5wxI,Future - March Madness (Official Lyric Video),Future,Bust down!,0
Future,Trap,L2mZJqU5wxI,Future - March Madness (Official Lyric Video),Future,2026 🎉🎉❤❤,0
Future,Trap,L2mZJqU5wxI,Future - March Madness (Official Lyric Video),Future,What ever that fuckin mean,0
Future,Trap,L2mZJqU5wxI,Future - March Madness (Official Lyric Video),Future,Ha,0
Future,Trap,L2mZJqU5wxI,Future - March Madness (Official Lyric Video),Future,March Madness,0
Future,Trap,L2mZJqU5wxI,Future - March Madness (Official Lyric Video),Future,Bringing this in right to 2026,0
Future,Trap,L2mZJqU5wxI,Future - March Madness (Official Lyric Video),Future,Average 🎉❤,0
Future,Trap,L2mZJqU5wxI,Future - March Madness (Official Lyric Video),Future,🎉,0
Future,Trap,L2mZJqU5wxI,Future - March Madness (Official Lyric Video),Future,3:14 Desecrated...,0
Future,Trap,L2mZJqU5wxI,Future - March Madness (Official Lyric Video),Future,😮,0
Future,Trap,L2mZJqU5wxI,Future - March Madness (Official Lyric Video),Future,Fave!,0
Future,Trap,L2mZJqU5wxI,Future - March Madness (Official Lyric Video),Future,🦅💙😎🔥🔥🔥🔥🔥🔥🔥,0
Future,Trap,L2mZJqU5wxI,Future - March Madness (Official Lyric Video),Future,🫶🏾💪🏾♾️,0
Future,Trap,L2mZJqU5wxI,Future - March Madness (Official Lyric Video),Future,MANE 🔥🔥🔥,1
Future,Trap,L2mZJqU5wxI,Future - March Madness (Official Lyric Video),Future,Anyone here in 2026,1
Future,Trap,L2mZJqU5wxI,Future - March Madness (Official Lyric Video),Future,This shit still too hard it's nothing like this sound since this hit respect to this track like wu tang ice cream nothing like it out here,0
Future,Trap,L2mZJqU5wxI,Future - March Madness (Official Lyric Video),Future,My favorite Future song by far!!!,8
Future,Trap,L2mZJqU5wxI,Future - March Madness (Official Lyric Video),Future,"My Birthday in March, so U kno im luvin dis🔥🔥🔥gotta be one of his best.",1
Future,Trap,L2mZJqU5wxI,Future - March Madness (Official Lyric Video),Future,Years later and this joint is still a f'n anthem that turns the whole crowd up 🔥🔥🔥,3
Future,Trap,L2mZJqU5wxI,Future - March Madness (Official Lyric Video),Future,❤,0
Future,Trap,L2mZJqU5wxI,Future - March Madness (Official Lyric Video),Future,remember when pain took off the autotune we love him more now.,0
Future,Trap,L2mZJqU5wxI,Future - March Madness (Official Lyric Video),Future,2:39 2:40 🎉🎉🎉🎉 2:43 2:45,1
Future,Trap,L2mZJqU5wxI,Future - March Madness (Official Lyric Video),Future,"Fav future song, I blast this at full volume when I drive",1
Future,Trap,L2mZJqU5wxI,Future - March Madness (Official Lyric Video),Future,DRESS IT UP & MAKE IT REAL FOR ME 😎,0
Future,Trap,L2mZJqU5wxI,Future - March Madness (Official Lyric Video),Future,Deepintelligenthiphop,1
Future,Trap,L2mZJqU5wxI,Future - March Madness (Official Lyric Video),Future,Here cause of unc,2
Future,Trap,L2mZJqU5wxI,Future - March Madness (Official Lyric Video),Future,Still in rotation 2025🔥🔥🔥,2
Future,Trap,L2mZJqU5wxI,Future - March Madness (Official Lyric Video),Future,1:06 🗣️ LISTEN!,39
Future,Trap,L2mZJqU5wxI,Future - March Madness (Official Lyric Video),Future,"Band sounds good!!

Dr. Chip great job!!",0
Future,Trap,L2mZJqU5wxI,Future - March Madness (Official Lyric Video),Future,broke up wit my chick and i need yall rn lmao. we got this dawgs,5
Future,Trap,L2mZJqU5wxI,Future - March Madness (Official Lyric Video),Future,Unc that sound like dmx got me here 😂,215
Future,Trap,L2mZJqU5wxI,Future - March Madness (Official Lyric Video),Future,Always finna spin the block on this banger,9
Future,Trap,L2mZJqU5wxI,Future - March Madness (Official Lyric Video),Future,Future was on a different level back then,48
Future,Trap,L2mZJqU5wxI,Future - March Madness (Official Lyric Video),Future,Og Made me double back,428
Future,Trap,L2mZJqU5wxI,Future - March Madness (Official Lyric Video),Future,Here because of that old man trending on tik tok,157
Future,Trap,L2mZJqU5wxI,Future - March Madness (Official Lyric Video),Future,What a time to be alive... this shit is classic timeless music we was really outside thuggin when this was out hella memories,4
Future,Trap,L2mZJqU5wxI,Future - March Madness (Official Lyric Video),Future,Heavy 🔥,5
Future,Trap,L2mZJqU5wxI,Future - March Madness (Official Lyric Video),Future,TIMELESS,6
Future,Trap,L2mZJqU5wxI,Future - March Madness (Official Lyric Video),Future,Whatever that fucking mean 😅,3
Future,Trap,L2mZJqU5wxI,Future - March Madness (Official Lyric Video),Future,Gone always jam ❤❤❤2025,1
Future,Trap,L2mZJqU5wxI,Future - March Madness (Official Lyric Video),Future,deepintelligenthiphop anthem,2
Future,Trap,L2mZJqU5wxI,Future - March Madness (Official Lyric Video),Future,🔥🔥🔥🔥🔥🔥🔥🔥🔥🔥🔥🔥,4
Future,Trap,L2mZJqU5wxI,Future - March Madness (Official Lyric Video),Future,hahaha...,1
Future,Trap,L2mZJqU5wxI,Future - March Madness (Official Lyric Video),Future,a voz do futuro,0
Future,Trap,L2mZJqU5wxI,Future - March Madness (Official Lyric Video),Future,a voz do futuro,2
Future,Trap,L2mZJqU5wxI,Future - March Madness (Official Lyric Video),Future,Uzi gon hard at this,1
Future,Trap,L2mZJqU5wxI,Future - March Madness (Official Lyric Video),Future,Mood swings or Upsets you bounce back an thank about the reactions gone happen,1
Future,Trap,L2mZJqU5wxI,Future - March Madness (Official Lyric Video),Future,This song so  Hard it’s Ridiculous,1
Future,Trap,L2mZJqU5wxI,Future - March Madness (Official Lyric Video),Future,2025 I'm here🎉🎉🎉,2
Future,Trap,L2mZJqU5wxI,Future - March Madness (Official Lyric Video),Future,Until end of time,1
Future,Trap,L2mZJqU5wxI,Future - March Madness (Official Lyric Video),Future,Here in 2025,10
Future,Trap,L2mZJqU5wxI,Future - March Madness (Official Lyric Video),Future,27-May 2025 12.33PM I'm here,1
Future,Trap,L2mZJqU5wxI,Future - March Madness (Official Lyric Video),Future,May 2025?,0
Future,Trap,L2mZJqU5wxI,Future - March Madness (Official Lyric Video),Future,Best future song of all time,2
Future,Trap,L2mZJqU5wxI,Future - March Madness (Official Lyric Video),Future,"Here after, Abel mentions it as his goat future song  on Goat Talk.",6
Future,Trap,L2mZJqU5wxI,Future - March Madness (Official Lyric Video),Future,2025💯🚀,0
Future,Trap,L2mZJqU5wxI,Future - March Madness (Official Lyric Video),Future,🫡🏆👑🦄🌄😇✊🏽,0
Future,Trap,L2mZJqU5wxI,Future - March Madness (Official Lyric Video),Future,⚡⚡⚡,0
Future,Trap,L2mZJqU5wxI,Future - March Madness (Official Lyric Video),Future,I love your song so much ❤😊❤😊❤😊❤😊❤😊❤😊❤😊😊❤😊😊❤😊😊😊😊😊❤❤❤❤❤❤❤❤❤❤❤❤❤😊❤😊😊❤😊❤,0
Future,Trap,L2mZJqU5wxI,Future - March Madness (Official Lyric Video),Future,"This and Low Life are future’s best songs, both 12/10s at least 🔥🔥",2
Future,Trap,L2mZJqU5wxI,Future - March Madness (Official Lyric Video),Future,Yeah,1
Future,Trap,L2mZJqU5wxI,Future - March Madness (Official Lyric Video),Future,🔥🔥🔥🔥🔥🔥🔥,0
Future,Trap,L2mZJqU5wxI,Future - March Madness (Official Lyric Video),Future,I like song,0
Future,Trap,L2mZJqU5wxI,Future - March Madness (Official Lyric Video),Future,"This song go so hard ..... i just played it and had to run dis bihh back 
Fuk on a basic  bih we gone wake up smoke a blunt den fuk she gone keep it so real wit ah 🥷 dat ima always come back and fuk wit her   .... snaped 💪💪💪",0
Future,Trap,L2mZJqU5wxI,Future - March Madness (Official Lyric Video),Future,"""Dirty muddy in the cup, the .45 by my gut"" Gator Boys stay HOT!",2
Future,Trap,L2mZJqU5wxI,Future - March Madness (Official Lyric Video),Future,Dis junt tuff,0
Future,Trap,L2mZJqU5wxI,Future - March Madness (Official Lyric Video),Future,❤,0
Future,Trap,L2mZJqU5wxI,Future - March Madness (Official Lyric Video),Future,Every March  since it dropped ⚰️🥀,1
Future,Trap,L2mZJqU5wxI,Future - March Madness (Official Lyric Video),Future,Cooper Flagg,0
Future,Trap,L2mZJqU5wxI,Future - March Madness (Official Lyric Video),Future,This song hit year round not just in March and been a hit since i was 18 19 💪,5
Future,Trap,L2mZJqU5wxI,Future - March Madness (Official Lyric Video),Future,Dammit 3 days late lol. Its April 3rd! 😂,0
Future,Trap,L2mZJqU5wxI,Future - March Madness (Official Lyric Video),Future,"These are the truest, most unorthodox, honest, hardest, most confusing yet eloquently explained lyrics I’ve ever read!",0
Future,Trap,L2mZJqU5wxI,Future - March Madness (Official Lyric Video),Future,It'll be April tomorrow enough madness for me love 😂😂❤❤,3
Future,Trap,L2mZJqU5wxI,Future - March Madness (Official Lyric Video),Future,Drive the foreign like it was a Chevy 💨,2
Future,Trap,L2mZJqU5wxI,Future - March Madness (Official Lyric Video),Future,669 . sounds love it 6,0
Future,Trap,L2mZJqU5wxI,Future - March Madness (Official Lyric Video),Future,March 2025 who here??,2
Future,Trap,L2mZJqU5wxI,Future - March Madness (Official Lyric Video),Future,Marlocsta aka jigga biggavelli loso biggavelli max b Rambo Beamon Watts baby loc 103rd,1
Future,Trap,L2mZJqU5wxI,Future - March Madness (Official Lyric Video),Future,March 2025,1
Future,Trap,L2mZJqU5wxI,Future - March Madness (Official Lyric Video),Future,March Madness littt,1
Future,Trap,L2mZJqU5wxI,Future - March Madness (Official Lyric Video),Future,March Madness 2025. Timeless track,0
Future,Trap,L2mZJqU5wxI,Future - March Madness (Official Lyric Video),Future,You know it’s march madness future 🔥🔥,4
Future,Trap,L2mZJqU5wxI,Future - March Madness (Official Lyric Video),Future,I play this every march,0
Future,Trap,L2mZJqU5wxI,Future - March Madness (Official Lyric Video),Future,"Dress it up; make it real for me  Hahaha , whatever that fuccin means🤴🏿. #2052 helloooo anyone here?",1
Future,Trap,L2mZJqU5wxI,Future - March Madness (Official Lyric Video),Future,came from that short 😂,2
Future,Trap,L2mZJqU5wxI,Future - March Madness (Official Lyric Video),Future,Marching 2025🎉🎉🎉,0
Future,Trap,L2mZJqU5wxI,Future - March Madness (Official Lyric Video),Future,“Living lavish like I’m playing for the mavericks” Nico Harris traded Luka for AD this song is timeless,4
Future,Trap,L2mZJqU5wxI,Future - March Madness (Official Lyric Video),Future,March 2025 here 🙌🏾,2
Future,Trap,L2mZJqU5wxI,Future - March Madness (Official Lyric Video),Future,Inspirational,1
Future,Trap,L2mZJqU5wxI,Future - March Madness (Official Lyric Video),Future,Is anyone here in 2037,2
Future,Trap,L2mZJqU5wxI,Future - March Madness (Official Lyric Video),Future,March 2025,1
Future,Trap,L2mZJqU5wxI,Future - March Madness (Official Lyric Video),Future,How can someone not love this song 🤦🏿‍♂️,0
Future,Trap,L2mZJqU5wxI,Future - March Madness (Official Lyric Video),Future,U want David f to get back with me ❤more in love and connect to me i manifesting god universe Venus goddess plz help me make him come back to me soon 🙏🙏🙏🙏🤞🤞🤞🤞💫💫💫✨✨✨❤️❤️❤️🤴🏻👸🏻💋♦️🇲🇽💰,1
Future,Trap,L2mZJqU5wxI,Future - March Madness (Official Lyric Video),Future,MARCH MADNESS 🤪,0
Future,Trap,L2mZJqU5wxI,Future - March Madness (Official Lyric Video),Future,Nostalgia at its absolute BEST 🔥,1
Future,Trap,L2mZJqU5wxI,Future - March Madness (Official Lyric Video),Future,💃🏾💃🏾3/3/25,0
Future,Trap,L2mZJqU5wxI,Future - March Madness (Official Lyric Video),Future,It's that time. March Madness,79
Future,Trap,L2mZJqU5wxI,Future - March Madness (Official Lyric Video),Future,March madness 🔥 🔥 😮‍💨 🙌🏾,2
Future,Trap,L2mZJqU5wxI,Future - March Madness (Official Lyric Video),Future,march madneeeeeeeeess,1
Future,Trap,L2mZJqU5wxI,Future - March Madness (Official Lyric Video),Future,March 1 2025,10
Future,Trap,L2mZJqU5wxI,Future - March Madness (Official Lyric Video),Future,March 1st,0
Future,Trap,L2mZJqU5wxI,Future - March Madness (Official Lyric Video),Future,It's my time it's March Madness,53
Future,Trap,L2mZJqU5wxI,Future - March Madness (Official Lyric Video),Future,March madness 🎉,0
Future,Trap,L2mZJqU5wxI,Future - March Madness (Official Lyric Video),Future,march 2025,0
Future,Trap,L2mZJqU5wxI,Future - March Madness (Official Lyric Video),Future,Fuck around & teach you that recipe 😁💪💯,0
Future,Trap,L2mZJqU5wxI,Future - March Madness (Official Lyric Video),Future,This vs 2 phones?,1
Future,Trap,L2mZJqU5wxI,Future - March Madness (Official Lyric Video),Future,"Hendrix is locked up in Jones county ..
They Raped Dirty sprite 😮😊🎉",0
Future,Trap,L2mZJqU5wxI,Future - March Madness (Official Lyric Video),Future,What a time!,0
Future,Trap,L2mZJqU5wxI,Future - March Madness (Official Lyric Video),Future,Im fuckin fried,0
Future,Trap,L2mZJqU5wxI,Future - March Madness (Official Lyric Video),Future,The song we didn't know we all needed😂❤❤❤,2
Future,Trap,L2mZJqU5wxI,Future - March Madness (Official Lyric Video),Future,Is this supposed to be made for kids when restricted mode is on? 🤔,0
Future,Trap,L2mZJqU5wxI,Future - March Madness (Official Lyric Video),Future,Still in my playlist❤,1
Future,Trap,L2mZJqU5wxI,Future - March Madness (Official Lyric Video),Future,This man could litterally make a whole new music video for this song and drop it rn and it’s still gon do numbers.😤🚀🔥🔥🔥🔥,2
Future,Trap,L2mZJqU5wxI,Future - March Madness (Official Lyric Video),Future,Still here I never left February 1st 2025 😝🦅🦅🦅🦅🦅🦅😍😍😍😍😍💯💯💯💯 freeband,0
Future,Trap,L2mZJqU5wxI,Future - March Madness (Official Lyric Video),Future,"whenever it plays, i put it on repeat 🌵🦅",15
Future,Trap,L2mZJqU5wxI,Future - March Madness (Official Lyric Video),Future,Nostalgia ah intro,2
Future,Trap,L2mZJqU5wxI,Future - March Madness (Official Lyric Video),Future,anyone here 2025?,280
Future,Trap,L2mZJqU5wxI,Future - March Madness (Official Lyric Video),Future,2025 Gang!!!!!,70
Future,Trap,L2mZJqU5wxI,Future - March Madness (Official Lyric Video),Future,2025🔥🔥🔥,1
Future,Trap,L2mZJqU5wxI,Future - March Madness (Official Lyric Video),Future,Still going 🎩💯💯,2
Future,Trap,L2mZJqU5wxI,Future - March Madness (Official Lyric Video),Future,Yes I love it on my playlist I fks wit future period..💙💪🏿💯,1
Future,Trap,L2mZJqU5wxI,Future - March Madness (Official Lyric Video),Future,2025 🎉,1
Future,Trap,L2mZJqU5wxI,Future - March Madness (Official Lyric Video),Future,2025 happy new year everybody,7
Future,Trap,L2mZJqU5wxI,Future - March Madness (Official Lyric Video),Future,"DRESS IT UP, MAKE IT REAL 4ME🔥🔥🔥",3
Future,Trap,L2mZJqU5wxI,Future - March Madness (Official Lyric Video),Future,2024,2
Future,Trap,L2mZJqU5wxI,Future - March Madness (Official Lyric Video),Future,“I’m the one living lavish like I’m playing for the Mavericks”,25
Future,Trap,L2mZJqU5wxI,Future - March Madness (Official Lyric Video),Future,"Let me be the first to say it
I will be here all 2025!!!🔥🔥",2
Future,Trap,L2mZJqU5wxI,Future - March Madness (Official Lyric Video),Future,Anybody listening to this in 2024,19
Future,Trap,L2mZJqU5wxI,Future - March Madness (Official Lyric Video),Future,Absolute masterpiece,1
Future,Trap,L2mZJqU5wxI,Future - March Madness (Official Lyric Video),Future,Who in 2024 never get old ❤!!!!!,1
Future,Trap,L2mZJqU5wxI,Future - March Madness (Official Lyric Video),Future,Pidd,2
Future,Trap,L2mZJqU5wxI,Future - March Madness (Official Lyric Video),Future,Atl sh*t. Put it down for the Georgia and the South,2
Future,Trap,L2mZJqU5wxI,Future - March Madness (Official Lyric Video),Future,I been Listening to this binging off uppers and liquor that part “I didn’t wanna f the b Molly made me f her even tho she average” made my body tingle,1
Future,Trap,L2mZJqU5wxI,Future - March Madness (Official Lyric Video),Future,0:15,3
Future,Trap,L2mZJqU5wxI,Future - March Madness (Official Lyric Video),Future,This song is  Hard!!!!!!!!!,6
Future,Trap,L2mZJqU5wxI,Future - March Madness (Official Lyric Video),Future,#1  of all times,2
Future,Trap,L2mZJqU5wxI,Future - March Madness (Official Lyric Video),Future,Buh,1
Future,Trap,L2mZJqU5wxI,Future - March Madness (Official Lyric Video),Future,😅,1
Future,Trap,L2mZJqU5wxI,Future - March Madness (Official Lyric Video),Future,2024song,1
Future,Trap,L2mZJqU5wxI,Future - March Madness (Official Lyric Video),Future,Anybody here in 2024?,76
Future,Trap,L2mZJqU5wxI,Future - March Madness (Official Lyric Video),Future,Bruh,1
Future,Trap,L2mZJqU5wxI,Future - March Madness (Official Lyric Video),Future,K.h.s.a.a. 1 a thru 6a title holder 120 counties is satan until 1 of 119 take that crown this year.,2
Future,Trap,L2mZJqU5wxI,Future - March Madness (Official Lyric Video),Future,One of the best Future songs ever!,30
Future,Trap,L2mZJqU5wxI,Future - March Madness (Official Lyric Video),Future,Forever legend 🎉,1
Future,Trap,L2mZJqU5wxI,Future - March Madness (Official Lyric Video),Future,I discovered it today.,1
Future,Trap,L2mZJqU5wxI,Future - March Madness (Official Lyric Video),Future,Best Fewtch song ever,1
Future,Trap,L2mZJqU5wxI,Future - March Madness (Official Lyric Video),Future,This shi right here,1
Future,Trap,L2mZJqU5wxI,Future - March Madness (Official Lyric Video),Future,I been trapping this shit wrong 😂,1
Future,Trap,L2mZJqU5wxI,Future - March Madness (Official Lyric Video),Future,Real time screen recording,1
Future,Trap,L2mZJqU5wxI,Future - March Madness (Official Lyric Video),Future,Screen recording 🤦🏾‍♂️,1
Future,Trap,L2mZJqU5wxI,Future - March Madness (Official Lyric Video),Future,Ah men of culture we meet again,2
Future,Trap,L2mZJqU5wxI,Future - March Madness (Official Lyric Video),Future,Simply awesome🎉😂❤,1
Future,Trap,L2mZJqU5wxI,Future - March Madness (Official Lyric Video),Future,This MF HERRRRE!!!!🔥🔥🔥🔥 WILL 4EVA BE THAT SHIT!,3
Future,Trap,L2mZJqU5wxI,Future - March Madness (Official Lyric Video),Future,STILL a banger🔥,1
Future,Trap,L2mZJqU5wxI,Future - March Madness (Official Lyric Video),Future,"it's ""March Madness""",1
Future,Trap,L2mZJqU5wxI,Future - March Madness (Official Lyric Video),Future,😂 I don’t know bout y’all but I can’t hear this song when I’m gassed! It’s on repeat the whole time!!!💯💪🏽💪🏽,0
Future,Trap,L2mZJqU5wxI,Future - March Madness (Official Lyric Video),Future,Who Listening in 2024,23
Future,Trap,L2mZJqU5wxI,Future - March Madness (Official Lyric Video),Future,I ❤ this song this is a classic,1
Future,Trap,L2mZJqU5wxI,Future - March Madness (Official Lyric Video),Future,Present still🎉,0
Future,Trap,L2mZJqU5wxI,Future - March Madness (Official Lyric Video),Future,We the Ones who kept it Koo,0
Future,Trap,L2mZJqU5wxI,Future - March Madness (Official Lyric Video),Future,🔥 📛 👨‍🚒,1
Future,Trap,L2mZJqU5wxI,Future - March Madness (Official Lyric Video),Future,August 2024 and song still banging,0
Future,Trap,L2mZJqU5wxI,Future - March Madness (Official Lyric Video),Future,Not really lyrical. Just like sounds and beats.,0
Future,Trap,L2mZJqU5wxI,Future - March Madness (Official Lyric Video),Future,"FUTURE... CAN'T TOUCH ME!.... ALWAYS.. FOREVER LOVE ❣️😘 
PEACH, ✌️",2
Future,Trap,L2mZJqU5wxI,Future - March Madness (Official Lyric Video),Future,Time stopped for Future on this ONE....,18
Future,Trap,L2mZJqU5wxI,Future - March Madness (Official Lyric Video),Future,2024 still🔥🔥🔥🔥🔥,3
Future,Trap,L2mZJqU5wxI,Future - March Madness (Official Lyric Video),Future,STR 🔥🔥🔥,2
Future,Trap,L2mZJqU5wxI,Future - March Madness (Official Lyric Video),Future,2024!!!!! I’m here,1
Future,Trap,L2mZJqU5wxI,Future - March Madness (Official Lyric Video),Future,MY SHIT!!! STILL TO THIS DAY,3
Future,Trap,L2mZJqU5wxI,Future - March Madness (Official Lyric Video),Future,"I must admit that Kendrick  snapped  on this  song, and Drake took a loss. But i still like Drakes  music better and vibe  with his albums  more. So for  me nothing changed.",4
Future,Trap,L2mZJqU5wxI,Future - March Madness (Official Lyric Video),Future,😮.,0
Future,Trap,L2mZJqU5wxI,Future - March Madness (Official Lyric Video),Future,Pluto reigns supreme 🤴🏿🤴🏿🤴🏿,0
Future,Trap,L2mZJqU5wxI,Future - March Madness (Official Lyric Video),Future,One hot track future forever love it🔥🔥🔥🔥🔥 💪🏿❣️,0
Future,Trap,L2mZJqU5wxI,Future - March Madness (Official Lyric Video),Future,This song slowed with bass boosted,0
Future,Trap,L2mZJqU5wxI,Future - March Madness (Official Lyric Video),Future,Maart mafheid,0
Future,Trap,L2mZJqU5wxI,Future - March Madness (Official Lyric Video),Future,Who's here in 2027!? 😎,8
Future,Trap,L2mZJqU5wxI,Future - March Madness (Official Lyric Video),Future,how's this is not the biggest hit of future??,1
Future,Trap,L2mZJqU5wxI,Future - March Madness (Official Lyric Video),Future,When he said I was working and serving at Nautica I felt that because I did the same exact thing 💯,0
Future,Trap,L2mZJqU5wxI,Future - March Madness (Official Lyric Video),Future,"❤❤❤yessss March,April,May,June,July,madness Ballin like March Madness baby..",19
Future,Trap,L2mZJqU5wxI,Future - March Madness (Official Lyric Video),Future,One of THEE MOST heavenly engineered beats ever made idc,15
Future,Trap,L2mZJqU5wxI,Future - March Madness (Official Lyric Video),Future,Junteenth 2024,1
Future,Trap,L2mZJqU5wxI,Future - March Madness (Official Lyric Video),Future,Like I'm playing for the Celtics!,1
Future,Trap,L2mZJqU5wxI,Future - March Madness (Official Lyric Video),Future,Cool &$$ video,1
Future,Trap,L2mZJqU5wxI,Future - March Madness (Official Lyric Video),Future,Why the beat the same as rich how im dying by Hotboii?🤣,0
Future,Trap,L2mZJqU5wxI,Future - March Madness (Official Lyric Video),Future,God did,0
Future,Trap,L2mZJqU5wxI,Future - March Madness (Official Lyric Video),Future,My pre game music,2
Future,Trap,L2mZJqU5wxI,Future - March Madness (Official Lyric Video),Future,My boy be snapping🗣️,2
Future,Trap,L2mZJqU5wxI,Future - March Madness (Official Lyric Video),Future,I want to get super lit and go crazy in the club off this song😂😂❤,7
Future,Trap,L2mZJqU5wxI,Future - March Madness (Official Lyric Video),Future,"Tr
Ue",1
Future,Trap,L2mZJqU5wxI,Future - March Madness (Official Lyric Video),Future,this is so adiccting,1
Future,Trap,L2mZJqU5wxI,Future - March Madness (Official Lyric Video),Future,I never liked future until I smoked and it's been my shit ever since lol,2
Future,Trap,L2mZJqU5wxI,Future - March Madness (Official Lyric Video),Future,Very cool perfect 🎉,0
Future,Trap,L2mZJqU5wxI,Future - March Madness (Official Lyric Video),Future,"🎉🔥 dopeazztrack MSN is bout it boo boo 😊😮❤SaraStorie GurL N.O., LA / Starshipelle ESP LLC _ Living Lavish : March Madness 24",0
Future,Trap,L2mZJqU5wxI,Future - March Madness (Official Lyric Video),Future,Still the greatest song Future did imo,0
Future,Trap,L2mZJqU5wxI,Future - March Madness (Official Lyric Video),Future,8⁠-⁠)Go,0
Future,Trap,L2mZJqU5wxI,Future - March Madness (Official Lyric Video),Future,2024❤,1
Future,Trap,L2mZJqU5wxI,Future - March Madness (Official Lyric Video),Future,Came back to this cause march madness going crazy rn,1
Future,Trap,L2mZJqU5wxI,Future - March Madness (Official Lyric Video),Future,"March Madness just started, so we back here fr🔥🔥",1
Future,Trap,L2mZJqU5wxI,Future - March Madness (Official Lyric Video),Future,Pluto mis ragge,0
Future,Trap,L2mZJqU5wxI,Future - March Madness (Official Lyric Video),Future,Ah yes a timeless classic 🤝🏽🙌🏽,44
Future,Trap,L2mZJqU5wxI,Future - March Madness (Official Lyric Video),Future,I feel like someone walked into the studio right as he was starting and handed him that adlib n he was confused af😂,6
Future,Trap,L2mZJqU5wxI,Future - March Madness (Official Lyric Video),Future,Dress it up and go to NASA,17
Future,Trap,L2mZJqU5wxI,Future - March Madness (Official Lyric Video),Future,0:9 go hard,1
Future,Trap,L2mZJqU5wxI,Future - March Madness (Official Lyric Video),Future,The strippers in Houston love this!!,0
Future,Trap,L2mZJqU5wxI,Future - March Madness (Official Lyric Video),Future,we here in March 2024🫡 timeless masterpiece,272
Future,Trap,L2mZJqU5wxI,Future - March Madness (Official Lyric Video),Future,1:20 to 1:52 🔥🤟,2
Future,Trap,L2mZJqU5wxI,Future - March Madness (Official Lyric Video),Future,2024🎉🎉🎉🎉❤,1
Future,Trap,L2mZJqU5wxI,Future - March Madness (Official Lyric Video),Future,It's March the month of love and war,2
Future,Trap,L2mZJqU5wxI,Future - March Madness (Official Lyric Video),Future,"March 1, 2024",2
Future,Trap,L2mZJqU5wxI,Future - March Madness (Official Lyric Video),Future,It’s that time. March baby 🎉,92
Future,Trap,L2mZJqU5wxI,Future - March Madness (Official Lyric Video),Future,2024 wya,0
Future,Trap,L2mZJqU5wxI,Future - March Madness (Official Lyric Video),Future,👽👽👽👽👽🛸,0
Future,Trap,L2mZJqU5wxI,Future - March Madness (Official Lyric Video),Future,Fck flames 🔥….. This sht still LAVA 🌋,0
Future,Trap,L2mZJqU5wxI,Future - March Madness (Official Lyric Video),Future,Who atill bang this 2024 ?,3
Future,Trap,L2mZJqU5wxI,Future - March Madness (Official Lyric Video),Future,GOAT,1
Future,Trap,L2mZJqU5wxI,Future - March Madness (Official Lyric Video),Future,Tried doing the flip and still failing,0
Future,Trap,L2mZJqU5wxI,Future - March Madness (Official Lyric Video),Future,WE THE ONE WHO KEPT WITH THOSE NIGGA TIL THESE  NIGGA STARTED ACTING # FOREVER CLASSIC 💪🏽💯,0
Future,Trap,L2mZJqU5wxI,Future - March Madness (Official Lyric Video),Future,"Tâke yøu øut før sum jørdans~ 

👑💎👑💎👑💎👑

🌹🌹🌹🌹🌹

🖤🖤🖤🖤",0
Future,Trap,L2mZJqU5wxI,Future - March Madness (Official Lyric Video),Future,Ya it doesn’t,0
Future,Trap,L2mZJqU5wxI,Future - March Madness (Official Lyric Video),Future,"FUCK ØN Å BÂSIC B I T C H 🌹


                       -BEARZZ 💎",1
Future,Trap,L2mZJqU5wxI,Future - March Madness (Official Lyric Video),Future,After March Madness you just have Inside The Mattress next on the queue...,0
Future,Trap,L2mZJqU5wxI,Future - March Madness (Official Lyric Video),Future,New Theme Song Everyday is MARCH MADNESS!!!!!!!!!!!!,0
Future,Trap,L2mZJqU5wxI,Future - March Madness (Official Lyric Video),Future,Future - March Madesss (Official Lyric Video),1
Future,Trap,L2mZJqU5wxI,Future - March Madness (Official Lyric Video),Future,THIS MY THEME SONG FOR MY BIRTHDAY #MARCH9TH MARCH MADNESS! WHERE IS ALL MY MARCH PISCES AT?,0
Future,Trap,L2mZJqU5wxI,Future - March Madness (Official Lyric Video),Future,You got 24hrs to get you some cash,0
Future,Trap,L2mZJqU5wxI,Future - March Madness (Official Lyric Video),Future,Say ..im playing this shit the rest of my days...if anybody dont like this hit...imaa pull down on em!,1
Future,Trap,L2mZJqU5wxI,Future - March Madness (Official Lyric Video),Future,Ho Wheek pt 🎊 is the 😮🎉 3:40 years,1
Future,Trap,L2mZJqU5wxI,Future - March Madness (Official Lyric Video),Future,This an anime type beat lol,0
Future,Trap,L2mZJqU5wxI,Future - March Madness (Official Lyric Video),Future,"This song gives off a certain vibe, it’s hard to explain,but it makes you want to live fast.",1
Future,Trap,L2mZJqU5wxI,Future - March Madness (Official Lyric Video),Future,Daddy love u and eyesz isz too to two2 keep up the good work,0
Future,Trap,L2mZJqU5wxI,Future - March Madness (Official Lyric Video),Future,I am who i am!,1
Future,Trap,L2mZJqU5wxI,Future - March Madness (Official Lyric Video),Future,"Don’t talk to me 
Just talk to my lil dude’s 
Don’t talk to me 
Just talk to my lil dude’s 
Fuck with me you gonna lose",0
Future,Trap,L2mZJqU5wxI,Future - March Madness (Official Lyric Video),Future,2023❤,0
Future,Trap,L2mZJqU5wxI,Future - March Madness (Official Lyric Video),Future,👍🏼,1
Future,Trap,L2mZJqU5wxI,Future - March Madness (Official Lyric Video),Future,Jamming out to this is ain't even MARCH YET 💝💯❣️😍❤️🥳💕💪🏽🎈🥰♐♐💯💯,2
Future,Trap,L2mZJqU5wxI,Future - March Madness (Official Lyric Video),Future,2023,1
Future,Trap,L2mZJqU5wxI,Future - March Madness (Official Lyric Video),Future,It’s September 2023 but my bday in March,2
Future,Trap,L2mZJqU5wxI,Future - March Madness (Official Lyric Video),Future,I will not be fine,0
Future,Trap,L2mZJqU5wxI,Future - March Madness (Official Lyric Video),Future,2023🔥🔥🔥🔥🔥🔥 NASA,0
Future,Trap,L2mZJqU5wxI,Future - March Madness (Official Lyric Video),Future,😂good mf times,1
Future,Trap,L2mZJqU5wxI,Future - March Madness (Official Lyric Video),Future,I always thought he said “take you out for some drugs”,0
Future,Trap,L2mZJqU5wxI,Future - March Madness (Official Lyric Video),Future,"Bro, somebody did a sample on this and he’s never better than the original❤️❤️❤️",0
Future,Trap,L2mZJqU5wxI,Future - March Madness (Official Lyric Video),Future,Always fire 🔥 always going to be apart of my playlist,2
Future,Trap,L2mZJqU5wxI,Future - March Madness (Official Lyric Video),Future,2023 🔥 like of here at ‘23,0
Future,Trap,L2mZJqU5wxI,Future - March Madness (Official Lyric Video),Future,If she keep it so real w a nigga that im gon come back and always gon fw her,2
Future,Trap,L2mZJqU5wxI,Future - March Madness (Official Lyric Video),Future,Mumble rap 😂,0
Future,Trap,L2mZJqU5wxI,Future - March Madness (Official Lyric Video),Future,ass,0
Future,Trap,L2mZJqU5wxI,Future - March Madness (Official Lyric Video),Future,This is that one song I keep skipping but when I heard it daaaaaaamn that was my honest reaction,0
Future,Trap,L2mZJqU5wxI,Future - March Madness (Official Lyric Video),Future,Blasting my Lamborghini down the road..,1
Future,Trap,L2mZJqU5wxI,Future - March Madness (Official Lyric Video),Future,👀kept it cool till the nigga started acting,1
Future,Trap,L2mZJqU5wxI,Future - March Madness (Official Lyric Video),Future,Aye still a jam in 2023,0
Future,Trap,L2mZJqU5wxI,Future - March Madness (Official Lyric Video),Future,Where do I find these space beats,0
Future,Trap,L2mZJqU5wxI,Future - March Madness (Official Lyric Video),Future,Boom 💥,1
Future,Trap,L2mZJqU5wxI,Future - March Madness (Official Lyric Video),Future,Here in 2023,0
Future,Trap,L2mZJqU5wxI,Future - March Madness (Official Lyric Video),Future,sudmint       sudmint,0
Future,Trap,L2mZJqU5wxI,Future - March Madness (Official Lyric Video),Future,trek  bars,0
Future,Trap,L2mZJqU5wxI,Future - March Madness (Official Lyric Video),Future,starmars,0
Future,Trap,L2mZJqU5wxI,Future - March Madness (Official Lyric Video),Future,"Future is really HIM !!!
🐐🐐🐐🐐",1
Future,Trap,L2mZJqU5wxI,Future - March Madness (Official Lyric Video),Future,https://music.youtube.com/watch?v=61KAPwI94jU&feature=share,0
Future,Trap,L2mZJqU5wxI,Future - March Madness (Official Lyric Video),Future,THIS S**T HIT HARD FOR ME IN MANY WAYS. . LIFE IS A LESSON THAT IS EVERYDAY LEARNING YOU LEARN AS YOU GO THROUGH IT,76
Future,Trap,L2mZJqU5wxI,Future - March Madness (Official Lyric Video),Future,It’s march,0
Future,Trap,L2mZJqU5wxI,Future - March Madness (Official Lyric Video),Future,"""Dirty soda in a styrofoam""💯",1
Future,Trap,L2mZJqU5wxI,Future - March Madness (Official Lyric Video),Future,Getting that march madness $$$$ here in Vegas,3
Future,Trap,L2mZJqU5wxI,Future - March Madness (Official Lyric Video),Future,Meek mill brought me back this to hard😂🤝🏾💯💯💯💯💯,1
Future,Trap,L2mZJqU5wxI,Future - March Madness (Official Lyric Video),Future,"Hi Future Im BlueyBlue! 
Always Dreamed big being Just Like You Man!",4
Future,Trap,L2mZJqU5wxI,Future - March Madness (Official Lyric Video),Future,I'm gonna try to listen to this every day until April 1st. Great song 👍👍,1
Future,Trap,L2mZJqU5wxI,Future - March Madness (Official Lyric Video),Future,Man it took me 10 months to figure out this is a fire basketball song.,3
Future,Trap,L2mZJqU5wxI,Future - March Madness (Official Lyric Video),Future,Pluto?👀😳🤫,1
Future,Trap,L2mZJqU5wxI,Future - March Madness (Official Lyric Video),Future,trap king,2
Future,Trap,L2mZJqU5wxI,Future - March Madness (Official Lyric Video),Future,"My birthday, march 19 pisces ♓️ gang 🤪 love this song",0
Future,Trap,L2mZJqU5wxI,Future - March Madness (Official Lyric Video),Future,its time again,2
Future,Trap,L2mZJqU5wxI,Future - March Madness (Official Lyric Video),Future,Yuhhh 🔥,0
Future,Trap,L2mZJqU5wxI,Future - March Madness (Official Lyric Video),Future,The more future gets old the more intelligent he becomes in dropping phenomenal Hits 🐂☕,13
Future,Trap,L2mZJqU5wxI,Future - March Madness (Official Lyric Video),Future,2023 🔥 this song is still hard af,0
Future,Trap,L2mZJqU5wxI,Future - March Madness (Official Lyric Video),Future,We da ones who kept it kool til all these n×××as started actin.,1
Future,Trap,L2mZJqU5wxI,Future - March Madness (Official Lyric Video),Future,Ayyy ayyy ayyy!,1
Future,Trap,L2mZJqU5wxI,Future - March Madness (Official Lyric Video),Future,🚮,0
Future,Trap,L2mZJqU5wxI,Future - March Madness (Official Lyric Video),Future,Whatever that fuckin mean,1
Future,Trap,L2mZJqU5wxI,Future - March Madness (Official Lyric Video),Future,1:16 he mentions (OFFSET ) THATS BEFORE THE MEGOS CAME OUT * true profit,5
Future,Trap,L2mZJqU5wxI,Future - March Madness (Official Lyric Video),Future,I can turn up to this song all the way to old age ASTOGNAUT STATUSSSSSSS #TURNUP,1
Future,Trap,L2mZJqU5wxI,Future - March Madness (Official Lyric Video),Future,If you’d didn’t cry to this song then you need let that emotion out,0
Future,Trap,L2mZJqU5wxI,Future - March Madness (Official Lyric Video),Future,WOW,0
Future,Trap,L2mZJqU5wxI,Future - March Madness (Official Lyric Video),Future,I’m late asf…just now listing to this 🤦🏾‍♂️ this shit bang,1
Future,Trap,L2mZJqU5wxI,Future - March Madness (Official Lyric Video),Future,Still on my 📱 since day one,0
Future,Trap,L2mZJqU5wxI,Future - March Madness (Official Lyric Video),Future,He got the extraterrestrials on this beat 👽🚀🪐,0
Future,Trap,L2mZJqU5wxI,Future - March Madness (Official Lyric Video),Future,Can we get Hoodfoot Mo Atlas royalties for this song?,0
Future,Trap,L2mZJqU5wxI,Future - March Madness (Official Lyric Video),Future,Banger,1
Future,Trap,L2mZJqU5wxI,Future - March Madness (Official Lyric Video),Future,This song sits at a very high ranking seat in the Trap Music Hall of Fame. We'll be listening to this in 2030,88
Future,Trap,L2mZJqU5wxI,Future - March Madness (Official Lyric Video),Future,Making the lyric video in another galaxy was genius!,8
Future,Trap,L2mZJqU5wxI,Future - March Madness (Official Lyric Video),Future,this is song ilike from 2017 old but gold❤❤❤,0
Future,Trap,L2mZJqU5wxI,Future - March Madness (Official Lyric Video),Future,my favorite song till this day,11
Future,Trap,L2mZJqU5wxI,Future - March Madness (Official Lyric Video),Future,"Listen to the instrumental.....

FUTURE IS THE MELODY. THATS WHATS DOPE ABOUT THE SONG",82
Future,Trap,L2mZJqU5wxI,Future - March Madness (Official Lyric Video),Future,My favorite Future song 🎵  THIS HOE A WHOLE VIBE,2
Future,Trap,L2mZJqU5wxI,Future - March Madness (Official Lyric Video),Future,🔥 song,0
Future,Trap,L2mZJqU5wxI,Future - March Madness (Official Lyric Video),Future,This song FIRE 🔥 🔥🔥🔥🔥🔥🔥🔥,2
Future,Trap,L2mZJqU5wxI,Future - March Madness (Official Lyric Video),Future,timeless 💫🛸❤️‍🔥,5
Future,Trap,L2mZJqU5wxI,Future - March Madness (Official Lyric Video),Future,Pp,0
Future,Trap,L2mZJqU5wxI,Future - March Madness (Official Lyric Video),Future,Whatever that FUQIN mean,0
Future,Trap,L2mZJqU5wxI,Future - March Madness (Official Lyric Video),Future,It’s a classic,4
Future,Trap,L2mZJqU5wxI,Future - March Madness (Official Lyric Video),Future,For ever classic,0
Future,Trap,L2mZJqU5wxI,Future - March Madness (Official Lyric Video),Future,Still waiting for the NCAA to add this to March Madness officially,1
Future,Trap,L2mZJqU5wxI,Future - March Madness (Official Lyric Video),Future,Greatest song!!!,1
Future,Trap,L2mZJqU5wxI,Future - March Madness (Official Lyric Video),Future,Q,0
Future,Trap,L2mZJqU5wxI,Future - March Madness (Official Lyric Video),Future,"Miss songs like this and codeine crazy, that new album is really dogshit lol but i guess thats normal at this point",0
Future,Trap,L2mZJqU5wxI,Future - March Madness (Official Lyric Video),Future,My favorite,0
Future,Trap,L2mZJqU5wxI,Future - March Madness (Official Lyric Video),Future,Why is he dropping all his music again?,0
Future,Trap,L2mZJqU5wxI,Future - March Madness (Official Lyric Video),Future,"Damn, this my ish ...
Takes me back to the DatPiff days...
I miss that shit ‼️",2
Future,Trap,L2mZJqU5wxI,Future - March Madness (Official Lyric Video),Future,Still goin hard 2022🔥🔥🔥,9
Future,Trap,L2mZJqU5wxI,Future - March Madness (Official Lyric Video),Future,FUTURE HENDRIX DIRTY SPRITE LEGENDARY 👽🛸👽🛸👽🛸👽🛸,0
Future,Trap,L2mZJqU5wxI,Future - March Madness (Official Lyric Video),Future,This beat is his best beat ever I wonder who produced it?,4
Future,Trap,L2mZJqU5wxI,Future - March Madness (Official Lyric Video),Future,I get Higher than mercury,0
Future,Trap,L2mZJqU5wxI,Future - March Madness (Official Lyric Video),Future,Remy ma remixed this song when she got out of prison from her 8 year sentence,0
Future,Trap,L2mZJqU5wxI,Future - March Madness (Official Lyric Video),Future,These fucking police can’t touch me these bogus police can’t touch me these fucking niggas can’t touch me. Everything this man say is 🔥🔥,0
Future,Trap,L2mZJqU5wxI,Future - March Madness (Official Lyric Video),Future,Jesus loves you he died on the cross for your sins. Believe in him and you will be saved and go to heaven!,1
Future,Trap,L2mZJqU5wxI,Future - March Madness (Official Lyric Video),Future,Bro Listen this song high you will going to feel like flying 😂,55
Future,Trap,L2mZJqU5wxI,Future - March Madness (Official Lyric Video),Future,🔥🔥🔥🔥,0
Future,Trap,L2mZJqU5wxI,Future - March Madness (Official Lyric Video),Future,On this one imma gonna thank future no cap🧢🧢,0
Future,Trap,L2mZJqU5wxI,Future - March Madness (Official Lyric Video),Future,get me hype asf listen to this classics YOU HAD TO BE THERE TO KNO AFTER THIS DROP  🔥🔥🔥,4
Future,Trap,L2mZJqU5wxI,Future - March Madness (Official Lyric Video),Future,🔥,0
Future,Trap,L2mZJqU5wxI,Future - March Madness (Official Lyric Video),Future,😤🦅💣,0
Future,Trap,L2mZJqU5wxI,Future - March Madness (Official Lyric Video),Future,Masterpiece 💯🔥.. 808 Mafia,0
Future,Trap,L2mZJqU5wxI,Future - March Madness (Official Lyric Video),Future,Now we talking  🔥🔥🔥🔥🔥🔥🔥😱,0
Future,Trap,L2mZJqU5wxI,Future - March Madness (Official Lyric Video),Future,Probably one of the top 3 trap songs ever made,121
Future,Trap,L2mZJqU5wxI,Future - March Madness (Official Lyric Video),Future,Future old songs betta than any new song of any new rappers,1
Future,Trap,L2mZJqU5wxI,Future - March Madness (Official Lyric Video),Future,"The Making Of This Video Looks Crazy 
🧙‍♂️🎥🍑 

https://youtu.be/NXJSGwdx8hA",0
Future,Trap,L2mZJqU5wxI,Future - March Madness (Official Lyric Video),Future,Literally request this song to every dj when I'm out ...I'm turnt the rest of the night,4
Future,Trap,L2mZJqU5wxI,Future - March Madness (Official Lyric Video),Future,Dude I still get chills listening to this masterpiece. I remember when this came out. Junior year of highschool. Just make me appreciate the good times.,85
Future,Trap,L2mZJqU5wxI,Future - March Madness (Official Lyric Video),Future,Did he upload the wrong tape?,0
Future,Trap,L2mZJqU5wxI,Future - March Madness (Official Lyric Video),Future,FUTURE BUMPIN ALL SUMMER 🔝🔝💨💨,0
Future,Trap,L2mZJqU5wxI,Future - March Madness (Official Lyric Video),Future,Always a banger,0
Future,Trap,L2mZJqU5wxI,Future - March Madness (Official Lyric Video),Future,classic,2
Future,Trap,L2mZJqU5wxI,Future - March Madness (Official Lyric Video),Future,Man it time for future to go ape again just stay in his lane in drop that future lingo again nun but music,0
Future,Trap,L2mZJqU5wxI,Future - March Madness (Official Lyric Video),Future,#143,0
Future,Trap,L2mZJqU5wxI,Future - March Madness (Official Lyric Video),Future,💧🚀🚀🚀🚀🚀🚀🚀🚀🚀🚀🚀🚀🚀🚀🚀🚀🚀,0
Future,Trap,L2mZJqU5wxI,Future - March Madness (Official Lyric Video),Future,🔥🔥🔥 waiting on new album,0
Future,Trap,L2mZJqU5wxI,Future - March Madness (Official Lyric Video),Future,hit,0
Future,Trap,L2mZJqU5wxI,Future - March Madness (Official Lyric Video),Future,MAKE HER SAY HA LIKE A NIGGA WAS JUVE,0
Future,Trap,L2mZJqU5wxI,Future - March Madness (Official Lyric Video),Future,oh so its NASA..,0
Future,Trap,L2mZJqU5wxI,Future - March Madness (Official Lyric Video),Future,"Always sounds good no matter how many times I play, always will sound good 🔥🔥",25
Future,Trap,L2mZJqU5wxI,Future - March Madness (Official Lyric Video),Future,"🌟LANÇAMENTO 🚀
Música Nova deixa seu comentário 💎💦
https://youtu.be/SLt2j2qIK_M",1
Future,Trap,L2mZJqU5wxI,Future - March Madness (Official Lyric Video),Future,"crazy vibes pluto, I already expected this from you. thanks for the sound. listening from Angola",8
Future,Trap,L2mZJqU5wxI,Future - March Madness (Official Lyric Video),Future,the best,0
Future,Trap,L2mZJqU5wxI,Future - March Madness (Official Lyric Video),Future,This shit never get old,8
Future,Trap,L2mZJqU5wxI,Future - March Madness (Official Lyric Video),Future,one of the best songs he ever made,29
Future,Trap,L2mZJqU5wxI,Future - March Madness (Official Lyric Video),Future,Aye i remember when he dropped this a long time ago still fyyeeeee till this day ong i still be listening to it in my whip ong,0
Future,Trap,L2mZJqU5wxI,Future - March Madness (Official Lyric Video),Future,classic,0
Future,Trap,L2mZJqU5wxI,Future - March Madness (Official Lyric Video),Future,This is a hood classic,4
Future,Trap,L2mZJqU5wxI,Future - March Madness (Official Lyric Video),Future,Repeat. 🔥,1
Future,Trap,L2mZJqU5wxI,Future - March Madness (Official Lyric Video),Future,Please do not take this to tiktok 😭,0
Future,Trap,L2mZJqU5wxI,Future - March Madness (Official Lyric Video),Future,fire,0
Future,Trap,L2mZJqU5wxI,Future - March Madness (Official Lyric Video),Future,Muito bom Future! 🔥✨👽👏🏼🇧🇷,8
Future,Trap,L2mZJqU5wxI,Future - March Madness (Official Lyric Video),Future,Future is a huge inspiration to me and I WILL produce a song for him one day.,41
Future,Trap,L2mZJqU5wxI,Future - March Madness (Official Lyric Video),Future,https://youtube.com/channel/UCHGKqh2g005Qszm5BtHl7IA,0
Future,Trap,L2mZJqU5wxI,Future - March Madness (Official Lyric Video),Future,in ten years aint nobody gon remember future uploading a lyric video years after the release. THE WIZRD,0
Future,Trap,L2mZJqU5wxI,Future - March Madness (Official Lyric Video),Future,classic,0
Future,Trap,L2mZJqU5wxI,Future - March Madness (Official Lyric Video),Future,🔥🔥🔥🔥🔥🔥🔥,0
Future,Trap,L2mZJqU5wxI,Future - March Madness (Official Lyric Video),Future,This Can Never Get Old 🦅🔥🔥🔥,7
Future,Trap,L2mZJqU5wxI,Future - March Madness (Official Lyric Video),Future,This goes brazy melodies🔥🔥🔥🔥🚀🚀🚀🛸🛸🛸,6
Future,Trap,L2mZJqU5wxI,Future - March Madness (Official Lyric Video),Future,Stop being lazy future and release new music.,0
Future,Trap,L2mZJqU5wxI,Future - March Madness (Official Lyric Video),Future,After all these years ☠️,0
Future,Trap,L2mZJqU5wxI,Future - March Madness (Official Lyric Video),Future,This is the best trap anthem of all time,0
Future,Trap,L2mZJqU5wxI,Future - March Madness (Official Lyric Video),Future,New Future 🔥🔥🔥🔥 https://youtu.be/6F4ZvG0kOYU,0
Future,Trap,L2mZJqU5wxI,Future - March Madness (Official Lyric Video),Future,Master pice,0
Future,Trap,L2mZJqU5wxI,Future - March Madness (Official Lyric Video),Future,This album is going to be lit,0
Future,Trap,L2mZJqU5wxI,Future - March Madness (Official Lyric Video),Future,Best future song 🎶,0
Future,Trap,L2mZJqU5wxI,Future - March Madness (Official Lyric Video),Future,Bro trying to make sure his channel works b4 he drops 🤣😭💯,1
Future,Trap,L2mZJqU5wxI,Future - March Madness (Official Lyric Video),Future,Maybe his best song ever imo,2
Future,Trap,L2mZJqU5wxI,Future - March Madness (Official Lyric Video),Future,nice!,0
Future,Trap,L2mZJqU5wxI,Future - March Madness (Official Lyric Video),Future,Smokepurpp thought this was a new release.,0
Future,Trap,L2mZJqU5wxI,Future - March Madness (Official Lyric Video),Future,Da!! Goat/ @ it all gain!!!!,0
Future,Trap,L2mZJqU5wxI,Future - March Madness (Official Lyric Video),Future,hahaha whatever that fuckin means,0
Future,Trap,L2mZJqU5wxI,Future - March Madness (Official Lyric Video),Future,2016 this song came out and Life Was Good 👹👹👹,2
Future,Trap,L2mZJqU5wxI,Future - March Madness (Official Lyric Video),Future,this song helped me through so many hard times and still does.,181
Future,Trap,L2mZJqU5wxI,Future - March Madness (Official Lyric Video),Future,He knows how much the fans appreciate this song he had to release a lyric video for it🐐🔥🔥,0
Future,Trap,L2mZJqU5wxI,Future - March Madness (Official Lyric Video),Future,This album gonna be amazing! Proud of you Future,1
Future,Trap,L2mZJqU5wxI,Future - March Madness (Official Lyric Video),Future,This NEVER Gets OLD! 👽,2
Future,Trap,L2mZJqU5wxI,Future - March Madness (Official Lyric Video),Future,Classic,0
Future,Trap,L2mZJqU5wxI,Future - March Madness (Official Lyric Video),Future,Back when he had talent,0
Future,Trap,L2mZJqU5wxI,Future - March Madness (Official Lyric Video),Future,Run this up to a milli our guy needs the cho 💴,1
Future,Trap,L2mZJqU5wxI,Future - March Madness (Official Lyric Video),Future,Future adopt me already!,0
Future,Trap,L2mZJqU5wxI,Future - March Madness (Official Lyric Video),Future,Song still go hard asl,2
Future,Trap,L2mZJqU5wxI,Future - March Madness (Official Lyric Video),Future,Certified hood classic for  sure,1
Future,Trap,L2mZJqU5wxI,Future - March Madness (Official Lyric Video),Future,PLUTO PLUTO PLUTO PLUTO,1
Future,Trap,L2mZJqU5wxI,Future - March Madness (Official Lyric Video),Future,Classic,1
Future,Trap,L2mZJqU5wxI,Future - March Madness (Official Lyric Video),Future,"BRASILLLLLL    

🔥🔥🔥🔥🔥",1
Future,Trap,L2mZJqU5wxI,Future - March Madness (Official Lyric Video),Future,I know why future is releasing his music again and it's a smart thing statute of limitations what's up the 7 years is overweight he releasing it again because it's paying him nobody else,0
Future,Trap,L2mZJqU5wxI,Future - March Madness (Official Lyric Video),Future,💎,2
Future,Trap,L2mZJqU5wxI,Future - March Madness (Official Lyric Video),Future,Timeless! I blast this every few months and remember what I was missing. 🔥🔥,115
Future,Trap,L2mZJqU5wxI,Future - March Madness (Official Lyric Video),Future,"FANS OF FUTURE INSIDE AND OUTSIDE AFRICA, LIKE, AND COMMENTS UNDER THIS POST!!!! 🇳🇬🇳🇬🇳🇬🇳🇬🇳🇬🇳🇬🇳🇬🇳🇬🇳🇬🇳🇬",0
Future,Trap,L2mZJqU5wxI,Future - March Madness (Official Lyric Video),Future,Anyone to introduce me to Cytpto😓,0
Future,Trap,L2mZJqU5wxI,Future - March Madness (Official Lyric Video),Future,Best Future songs,4
Future,Trap,L2mZJqU5wxI,Future - March Madness (Official Lyric Video),Future,1 BR  aqui💥💣❤🔥,1
Future,Trap,L2mZJqU5wxI,Future - March Madness (Official Lyric Video),Future,Sensational,1
Future,Trap,L2mZJqU5wxI,Future - March Madness (Official Lyric Video),Future,🫠🫣😱♥️❤️,0
Future,Trap,L2mZJqU5wxI,Future - March Madness (Official Lyric Video),Future,Braba,1
Future,Trap,L2mZJqU5wxI,Future - March Madness (Official Lyric Video),Future,🔥🐐,2
Future,Trap,L2mZJqU5wxI,Future - March Madness (Official Lyric Video),Future,TIMELESS PLUTO 🔥🔥🔥,4
Future,Trap,L2mZJqU5wxI,Future - March Madness (Official Lyric Video),Future,Dope Dope,1
Future,Trap,L2mZJqU5wxI,Future - March Madness (Official Lyric Video),Future,Ready for Pluto to DROP 🔥🔥🔥,1
Future,Trap,L2mZJqU5wxI,Future - March Madness (Official Lyric Video),Future,"Kauan Novatto

Eu morro com esse beat",1
Future,Trap,L2mZJqU5wxI,Future - March Madness (Official Lyric Video),Future,✊🔺️🔺️🔺️🔺️🔺️🔺️✊✊✊✊✊✊✊🔺️🔺️🔺️🔺️🔺️🔺️🔺️🔺️🔺️🔺️🔺️🔺️🔺️🔺️🔺️🔺️🔺️🔺️🔺️🔺️🔺️🔺️🔺️🔺️🔺️🔺️🔺️🔺️🔺️🔺️🔺️🔺️🔺️🔺️🔺️🔺️,0
Future,Trap,L2mZJqU5wxI,Future - March Madness (Official Lyric Video),Future,❤❤❤❤❤❤❤🇩🇿,0
Future,Trap,L2mZJqU5wxI,Future - March Madness (Official Lyric Video),Future,An oldie but a goodie,1
Future,Trap,L2mZJqU5wxI,Future - March Madness (Official Lyric Video),Future,Certified Hood Classic,11
Future,Trap,L2mZJqU5wxI,Future - March Madness (Official Lyric Video),Future,You cant get mad... with the lyrics too,2
Future,Trap,L2mZJqU5wxI,Future - March Madness (Official Lyric Video),Future,After all these years someone found at what he’s saying,4
Future,Trap,L2mZJqU5wxI,Future - March Madness (Official Lyric Video),Future,imovie type lyric video,0
Future,Trap,L2mZJqU5wxI,Future - March Madness (Official Lyric Video),Future,Hit the like button if u believe your FUTURE is bright 💡,1
Future,Trap,L2mZJqU5wxI,Future - March Madness (Official Lyric Video),Future,Goated song,2
Future,Trap,L2mZJqU5wxI,Future - March Madness (Official Lyric Video),Future,the album gonna be heat,7
Future,Trap,L2mZJqU5wxI,Future - March Madness (Official Lyric Video),Future,My favorite forever I love your music 🔥❤️❤️❤️,1
Future,Trap,L2mZJqU5wxI,Future - March Madness (Official Lyric Video),Future,So many memories,3
Future,Trap,L2mZJqU5wxI,Future - March Madness (Official Lyric Video),Future,Future Hendrix dirty sprite legendary 🥱,1
Future,Trap,L2mZJqU5wxI,Future - March Madness (Official Lyric Video),Future,Yessir trap goat no cap,1
Future,Trap,L2mZJqU5wxI,Future - March Madness (Official Lyric Video),Future,The best song of all time,9
Future,Trap,L2mZJqU5wxI,Future - March Madness (Official Lyric Video),Future,Classsssic 🔥,3
Future,Trap,L2mZJqU5wxI,Future - March Madness (Official Lyric Video),Future,LEGENDARY SUPER FUTURE,1
Future,Trap,L2mZJqU5wxI,Future - March Madness (Official Lyric Video),Future,So 🔥🔥🔥🔥🔥,0
Future,Trap,L2mZJqU5wxI,Future - March Madness (Official Lyric Video),Future,He knows how much the fans appreciate this song he had to release a lyric video for it🐐🔥🔥,269
Future,Trap,L2mZJqU5wxI,Future - March Madness (Official Lyric Video),Future,crazy this song released in 2015 one of my favorite song 🔥,2
Future,Trap,L2mZJqU5wxI,Future - March Madness (Official Lyric Video),Future,Run it tf back…. This song is hotter then any song on billboard.. @future can we get much madness 2022,2
Future,Trap,L2mZJqU5wxI,Future - March Madness (Official Lyric Video),Future,.,0
Future,Trap,L2mZJqU5wxI,Future - March Madness (Official Lyric Video),Future,Early comers  indicate,0
Future,Trap,L2mZJqU5wxI,Future - March Madness (Official Lyric Video),Future,Take me back,1
Future,Trap,L2mZJqU5wxI,Future - March Madness (Official Lyric Video),Future,Why is he uploading this,1
Future,Trap,L2mZJqU5wxI,Future - March Madness (Official Lyric Video),Future,"I didn't know how heavy this song was until Breezy did that front flip on stage! 
🔥🔥🔥🔥👑",48
Future,Trap,L2mZJqU5wxI,Future - March Madness (Official Lyric Video),Future,W,0
Future,Trap,L2mZJqU5wxI,Future - March Madness (Official Lyric Video),Future,Fortnite,0
Future,Trap,L2mZJqU5wxI,Future - March Madness (Official Lyric Video),Future,4/29 😎🅿️,0
Future,Trap,L2mZJqU5wxI,Future - March Madness (Official Lyric Video),Future,This NEVER Gets OLD! 👽,639
Future,Trap,L2mZJqU5wxI,Future - March Madness (Official Lyric Video),Future,Bday in March this are song,1
Future,Trap,L2mZJqU5wxI,Future - March Madness (Official Lyric Video),Future,🔥🔥🔥🔥🔥🔥🔥🔥,0
Future,Trap,L2mZJqU5wxI,Future - March Madness (Official Lyric Video),Future,What you on Brodie,0
Future,Trap,L2mZJqU5wxI,Future - March Madness (Official Lyric Video),Future,Woau woah woah wtf us going on,0
Future,Trap,L2mZJqU5wxI,Future - March Madness (Official Lyric Video),Future,💚💚💚💚,0
Future,Trap,L2mZJqU5wxI,Future - March Madness (Official Lyric Video),Future,Still a goated song,6
Future,Trap,L2mZJqU5wxI,Future - March Madness (Official Lyric Video),Future,200 miles on the dash...,2
Future,Trap,L2mZJqU5wxI,Future - March Madness (Official Lyric Video),Future,The Future 🔥🔥,0
Future,Trap,L2mZJqU5wxI,Future - March Madness (Official Lyric Video),Future,Top 5 trap song oat don't @ me,1
Future,Trap,L2mZJqU5wxI,Future - March Madness (Official Lyric Video),Future,Helll nahhhh 😆😆,0
Future,Trap,L2mZJqU5wxI,Future - March Madness (Official Lyric Video),Future,FUTURE DROPPING NEW HEAT🔥🔥,4
Future,Trap,L2mZJqU5wxI,Future - March Madness (Official Lyric Video),Future,One of the best song he did 🔥,121
Future,Trap,L2mZJqU5wxI,Future - March Madness (Official Lyric Video),Future,More🧤🎵🎵🎵,0
Future,Trap,L2mZJqU5wxI,Future - March Madness (Official Lyric Video),Future,"Bit late future, this is in the past",0
Future,Trap,L2mZJqU5wxI,Future - March Madness (Official Lyric Video),Future,This song is everything.😋❤️,23
Future,Trap,L2mZJqU5wxI,Future - March Madness (Official Lyric Video),Future,This so random lol but still a classic🔥,0
Future,Trap,L2mZJqU5wxI,Future - March Madness (Official Lyric Video),Future,😍😍😍😍😍😍🤩🤩🤩,0
Future,Trap,L2mZJqU5wxI,Future - March Madness (Official Lyric Video),Future,early,0
Future,Trap,L2mZJqU5wxI,Future - March Madness (Official Lyric Video),Future,🐐,0
Future,Trap,L2mZJqU5wxI,Future - March Madness (Official Lyric Video),Future,🔥❤️😘,0
Future,Trap,L2mZJqU5wxI,Future - March Madness (Official Lyric Video),Future,The beats are fire,0
Future,Trap,L2mZJqU5wxI,Future - March Madness (Official Lyric Video),Future,G🐐🌊,0
Future,Trap,L2mZJqU5wxI,Future - March Madness (Official Lyric Video),Future,First person here,0
Future,Trap,L2mZJqU5wxI,Future - March Madness (Official Lyric Video),Future,This album gonna be amazing! Proud of you Future,133
Future,Trap,L2mZJqU5wxI,Future - March Madness (Official Lyric Video),Future,second,0
Future,Trap,L2mZJqU5wxI,Future - March Madness (Official Lyric Video),Future,In the back of our minds lay the nastiest liness that the dope MC’s never came with,0
Future,Trap,L2mZJqU5wxI,Future - March Madness (Official Lyric Video),Future,Wtf,0
Future,Trap,L2mZJqU5wxI,Future - March Madness (Official Lyric Video),Future,🔥🥳,1
Future,Trap,L2mZJqU5wxI,Future - March Madness (Official Lyric Video),Future,I love your song 👍👍,3
Future,Trap,L2mZJqU5wxI,Future - March Madness (Official Lyric Video),Future,Masterpiece ❤️🔥,14
Future,Trap,L2mZJqU5wxI,Future - March Madness (Official Lyric Video),Future,Anyone know if future dropping a second album?,0
Future,Trap,L2mZJqU5wxI,Future - March Madness (Official Lyric Video),Future,Fav one 🔥,1
Future,Trap,L2mZJqU5wxI,Future - March Madness (Official Lyric Video),Future,I feel bad for everyone that don’t know this song been out,1
Future,Trap,L2mZJqU5wxI,Future - March Madness (Official Lyric Video),Future,Yoooo,0
Future,Trap,L2mZJqU5wxI,Future - March Madness (Official Lyric Video),Future,45 by my gut,1
Future,Trap,L2mZJqU5wxI,Future - March Madness (Official Lyric Video),Future,🔥🔥🔥,1
Future,Trap,L2mZJqU5wxI,Future - March Madness (Official Lyric Video),Future,Cant wait for the album 🤩,7
Future,Trap,L2mZJqU5wxI,Future - March Madness (Official Lyric Video),Future,Toxic,0
Future,Trap,L2mZJqU5wxI,Future - March Madness (Official Lyric Video),Future,Hard,1
Future,Trap,L2mZJqU5wxI,Future - March Madness (Official Lyric Video),Future,YOUNG SUPA,0
Future,Trap,L2mZJqU5wxI,Future - March Madness (Official Lyric Video),Future,Great 😊,0
Future,Trap,L2mZJqU5wxI,Future - March Madness (Official Lyric Video),Future,Classic 🔥🔥☔🐐💯,0
Future,Trap,L2mZJqU5wxI,Future - March Madness (Official Lyric Video),Future,"Song still a banger after years, sheesh🤦🏽‍♂️🤟🏽",99
Future,Trap,L2mZJqU5wxI,Future - March Madness (Official Lyric Video),Future,well this is random...,0
Future,Trap,L2mZJqU5wxI,Future - March Madness (Official Lyric Video),Future,Future for president,0
Future,Trap,L2mZJqU5wxI,Future - March Madness (Official Lyric Video),Future,Future the goat🐐,1
Future,Trap,L2mZJqU5wxI,Future - March Madness (Official Lyric Video),Future,future im confused,0
Future,Trap,L2mZJqU5wxI,Future - March Madness (Official Lyric Video),Future,Bro how many times u gon drop this lmao,1
Future,Trap,L2mZJqU5wxI,Future - March Madness (Official Lyric Video),Future,Lil late,1
Future,Trap,L2mZJqU5wxI,Future - March Madness (Official Lyric Video),Future,💯❤️,0
Future,Trap,L2mZJqU5wxI,Future - March Madness (Official Lyric Video),Future,King 👑 pluto,0
Future,Trap,L2mZJqU5wxI,Future - March Madness (Official Lyric Video),Future,😭😂,0
Future,Trap,L2mZJqU5wxI,Future - March Madness (Official Lyric Video),Future,Future Goated💯💯,1
Future,Trap,L2mZJqU5wxI,Future - March Madness (Official Lyric Video),Future,I’ve always wondered what he be saying in this song,9
Future,Trap,L2mZJqU5wxI,Future - March Madness (Official Lyric Video),Future,🔥🔥,0
Future,Trap,L2mZJqU5wxI,Future - March Madness (Official Lyric Video),Future,HERE B4 100😤😤😤🖕🏾🖕🏾💪🏾💪🏾💪🏾💪🏾💪🏾💪🏾,0
Future,Trap,L2mZJqU5wxI,Future - March Madness (Official Lyric Video),Future,bra this old ahh song,1
Future,Trap,L2mZJqU5wxI,Future - March Madness (Official Lyric Video),Future,Skrrrr,0
Future,Trap,L2mZJqU5wxI,Future - March Madness (Official Lyric Video),Future,Late,0
Future,Trap,L2mZJqU5wxI,Future - March Madness (Official Lyric Video),Future,why so late 😭,0
Future,Trap,L2mZJqU5wxI,Future - March Madness (Official Lyric Video),Future,1st 🔥🇲🇿,0
Future,Trap,L2mZJqU5wxI,Future - March Madness (Official Lyric Video),Future,Second,0
Future,Trap,L2mZJqU5wxI,Future - March Madness (Official Lyric Video),Future,First,1
Future,Trap,L2mZJqU5wxI,Future - March Madness (Official Lyric Video),Future,Goated song,0
Future,Trap,L2mZJqU5wxI,Future - March Madness (Official Lyric Video),Future,2nd,1
Future,Trap,L2mZJqU5wxI,Future - March Madness (Official Lyric Video),Future,Nah I’m first,0
Future,Trap,L2mZJqU5wxI,Future - March Madness (Official Lyric Video),Future,Tf ?,0
Future,Trap,L2mZJqU5wxI,Future - March Madness (Official Lyric Video),Future,First,0
Future,Trap,foX39ecfvm0,Future - Neva End (Official Lyric Video),Future,💯💯💯💯💯💯💯💯💯💯💯💯💯💯💯💯💯💯💯💯💯🖤🖤🖤🖤🖤🖤🖤🖤🖤🖤🖤🖤🖤🖤❤️‍🔥❤️‍🔥❤️‍🔥❤️‍🔥❤️‍🔥❤️‍🔥❤️‍🔥❤️‍🔥❤️‍🔥❤️‍🔥❤️‍🔥❤️❤️❤️❤️❤️❤️❤️❤️❤️❤️❤️❤️❤️❤️❤️❤️❤️,0
Future,Trap,foX39ecfvm0,Future - Neva End (Official Lyric Video),Future,🔥🔥🔥🔥🔥🔥,0
Future,Trap,foX39ecfvm0,Future - Neva End (Official Lyric Video),Future,This had me in a ten year relationship 😂,1
Future,Trap,foX39ecfvm0,Future - Neva End (Official Lyric Video),Future,I like this version sooooo much better than the Kelly Rowland version,0
Future,Trap,foX39ecfvm0,Future - Neva End (Official Lyric Video),Future,I love this song,0
Future,Trap,foX39ecfvm0,Future - Neva End (Official Lyric Video),Future,Futuro  infinito ♾️,0
Future,Trap,foX39ecfvm0,Future - Neva End (Official Lyric Video),Future,😮,0
Future,Trap,foX39ecfvm0,Future - Neva End (Official Lyric Video),Future,I used 2 fuck da brakes off my BM to this……. Jeeez laweez 😅,2
Future,Trap,foX39ecfvm0,Future - Neva End (Official Lyric Video),Future,Shit I Rock 50 whenever possible Legend right here,0
Future,Trap,foX39ecfvm0,Future - Neva End (Official Lyric Video),Future,This 💩 still hit bottom of my ❤️. 😭,0
Future,Trap,foX39ecfvm0,Future - Neva End (Official Lyric Video),Future,Took LL Cool J spot with this one.,0
Future,Trap,foX39ecfvm0,Future - Neva End (Official Lyric Video),Future,❤❤❤,0
Future,Trap,foX39ecfvm0,Future - Neva End (Official Lyric Video),Future,2026. Still 🔥.,0
Future,Trap,foX39ecfvm0,Future - Neva End (Official Lyric Video),Future,Still here 2036 🎉,0
Future,Trap,foX39ecfvm0,Future - Neva End (Official Lyric Video),Future,🙌🏾🔥🔥🔥,0
Future,Trap,foX39ecfvm0,Future - Neva End (Official Lyric Video),Future,Sorry your baby daddy split us up,0
Future,Trap,foX39ecfvm0,Future - Neva End (Official Lyric Video),Future,He ain't going nowhere!!! 🎉❤😊,0
Future,Trap,foX39ecfvm0,Future - Neva End (Official Lyric Video),Future,Why did Apple Music take this song off their platform?,2
Future,Trap,foX39ecfvm0,Future - Neva End (Official Lyric Video),Future,Who else was in high school when this drop,0
Future,Trap,foX39ecfvm0,Future - Neva End (Official Lyric Video),Future,2026 endless vibe,1
Future,Trap,foX39ecfvm0,Future - Neva End (Official Lyric Video),Future,Butterfly tattoo.... BAM.,0
Future,Trap,foX39ecfvm0,Future - Neva End (Official Lyric Video),Future,2026 still 🔥,0
Future,Trap,foX39ecfvm0,Future - Neva End (Official Lyric Video),Future,This computer siund is FIRE,0
Future,Trap,foX39ecfvm0,Future - Neva End (Official Lyric Video),Future,What song is this????,0
Future,Trap,foX39ecfvm0,Future - Neva End (Official Lyric Video),Future,Only time i feel alive is when i taste,0
Future,Trap,foX39ecfvm0,Future - Neva End (Official Lyric Video),Future,2026??,1
Future,Trap,foX39ecfvm0,Future - Neva End (Official Lyric Video),Future,2026,2
Future,Trap,foX39ecfvm0,Future - Neva End (Official Lyric Video),Future,Who's here in 2026🎉,106
Future,Trap,foX39ecfvm0,Future - Neva End (Official Lyric Video),Future,2026 and still valid,0
Future,Trap,foX39ecfvm0,Future - Neva End (Official Lyric Video),Future,The beat thooo so nostalgic 😂 reminds me of high school class of 2013,2
Future,Trap,foX39ecfvm0,Future - Neva End (Official Lyric Video),Future,🦋,1
Future,Trap,foX39ecfvm0,Future - Neva End (Official Lyric Video),Future,Send this to dreamers strip club,1
Future,Trap,foX39ecfvm0,Future - Neva End (Official Lyric Video),Future,Who's here in 2026 😂😅❤🎉,3
Future,Trap,foX39ecfvm0,Future - Neva End (Official Lyric Video),Future,Cod,0
Future,Trap,foX39ecfvm0,Future - Neva End (Official Lyric Video),Future,West is the BEST,0
Future,Trap,foX39ecfvm0,Future - Neva End (Official Lyric Video),Future,Dodgers Future,0
Future,Trap,foX39ecfvm0,Future - Neva End (Official Lyric Video),Future,October 2025 👍🏿👍🏿👍🏿,0
Future,Trap,foX39ecfvm0,Future - Neva End (Official Lyric Video),Future,2025 😭😘,0
Future,Trap,foX39ecfvm0,Future - Neva End (Official Lyric Video),Future,I wish they had the regular version uncensored on DSP’s 😪,0
Future,Trap,foX39ecfvm0,Future - Neva End (Official Lyric Video),Future,jolitt❤2025❤boi,4
Future,Trap,foX39ecfvm0,Future - Neva End (Official Lyric Video),Future,2025 Still 🔥,5
Future,Trap,foX39ecfvm0,Future - Neva End (Official Lyric Video),Future,❤❤❤❤❤❤❤❤❤❤,3
Future,Trap,foX39ecfvm0,Future - Neva End (Official Lyric Video),Future,"Crewell lane 
Wow 😳",1
Future,Trap,foX39ecfvm0,Future - Neva End (Official Lyric Video),Future,I love liquor and fire bud mixed with ts go hard frrr,5
Future,Trap,foX39ecfvm0,Future - Neva End (Official Lyric Video),Future,❤,0
Future,Trap,foX39ecfvm0,Future - Neva End (Official Lyric Video),Future,“We here baby”,0
Future,Trap,foX39ecfvm0,Future - Neva End (Official Lyric Video),Future,2025 still 🔥,20
Future,Trap,foX39ecfvm0,Future - Neva End (Official Lyric Video),Future,Anyone still listening in 2025?,6
Future,Trap,foX39ecfvm0,Future - Neva End (Official Lyric Video),Future,JULY 2025 ?,0
Future,Trap,foX39ecfvm0,Future - Neva End (Official Lyric Video),Future,2025 anyone..?🫣,0
Future,Trap,foX39ecfvm0,Future - Neva End (Official Lyric Video),Future,Thee hubby 😍 had to dedicate this one ..❤lol love u boii .,0
Future,Trap,foX39ecfvm0,Future - Neva End (Official Lyric Video),Future,0:06,0
Future,Trap,foX39ecfvm0,Future - Neva End (Official Lyric Video),Future,Let's the past behind us and go far away where nobody can find us..,10
Future,Trap,foX39ecfvm0,Future - Neva End (Official Lyric Video),Future,Ultimate toxic relationship song 😂 you know that man is bad for you but he can make it feel so fucking good,2
Future,Trap,foX39ecfvm0,Future - Neva End (Official Lyric Video),Future,2025,0
Future,Trap,foX39ecfvm0,Future - Neva End (Official Lyric Video),Future,Marco!!!!,0
Future,Trap,foX39ecfvm0,Future - Neva End (Official Lyric Video),Future,This take me back to 2012 in the raq . Long live my brother Beezy Imy dawg,0
Future,Trap,foX39ecfvm0,Future - Neva End (Official Lyric Video),Future,2025 👀,0
Future,Trap,foX39ecfvm0,Future - Neva End (Official Lyric Video),Future,It's end.,0
Future,Trap,foX39ecfvm0,Future - Neva End (Official Lyric Video),Future,Still here in 2025?🎉,2
Future,Trap,foX39ecfvm0,Future - Neva End (Official Lyric Video),Future,"I heard this song in my dream while I was in jail , the sound is definitely heaven sent",1
Future,Trap,foX39ecfvm0,Future - Neva End (Official Lyric Video),Future,2025 still dawg 😛,1
Future,Trap,foX39ecfvm0,Future - Neva End (Official Lyric Video),Future,good songs dont really age do they?,1
Future,Trap,foX39ecfvm0,Future - Neva End (Official Lyric Video),Future,u got all the questions and ik all the answers 🙂‍↕️,0
Future,Trap,foX39ecfvm0,Future - Neva End (Official Lyric Video),Future,2025 🔥👍🏼🤗,0
Future,Trap,foX39ecfvm0,Future - Neva End (Official Lyric Video),Future,Underrated song,3
Future,Trap,foX39ecfvm0,Future - Neva End (Official Lyric Video),Future,Who's here in 2025?,90
Future,Trap,foX39ecfvm0,Future - Neva End (Official Lyric Video),Future,I didnt know this 1 existed lmao. 🤦🏾‍♀️🤦🏾‍♀️,1
Future,Trap,foX39ecfvm0,Future - Neva End (Official Lyric Video),Future,2025,1
Future,Trap,foX39ecfvm0,Future - Neva End (Official Lyric Video),Future,The remix sucks,2
Future,Trap,foX39ecfvm0,Future - Neva End (Official Lyric Video),Future,"2012 this dropped, 8th grade for me, my ex & i had a song & it was this one lmaoo just heard this after a long time bruh, the memories hittin hard, Future always been pressure & im glad i grew up to this Future 💯",26
Future,Trap,foX39ecfvm0,Future - Neva End (Official Lyric Video),Future,2025,1
Future,Trap,foX39ecfvm0,Future - Neva End (Official Lyric Video),Future,2025 and it's still a banger,1
Future,Trap,foX39ecfvm0,Future - Neva End (Official Lyric Video),Future,2025 who??,1
Future,Trap,foX39ecfvm0,Future - Neva End (Official Lyric Video),Future,I was junior in high school going through changes at a young age i made it through this song bring back memories   i will forever cherish this song me and my 1 love she let me go bc family and friends and grown people always remember  you can do anything  you put your mind to i graduate school i showed myself i can do it i seen her at the party on graduation night i turnt the hell up ❤❤❤❤❤❤,0
Future,Trap,foX39ecfvm0,Future - Neva End (Official Lyric Video),Future,You were a genuines when you made this one shawty you snapped 🔥,2
Future,Trap,foX39ecfvm0,Future - Neva End (Official Lyric Video),Future,nevaa endd,1
Future,Trap,foX39ecfvm0,Future - Neva End (Official Lyric Video),Future,December 15 2024 and I’m still in love 😻,1
Future,Trap,foX39ecfvm0,Future - Neva End (Official Lyric Video),Future,Hail Mary 🌠😎🕸️🔥,0
Future,Trap,foX39ecfvm0,Future - Neva End (Official Lyric Video),Future,December 2024 and dis mfa still slappin,3
Future,Trap,foX39ecfvm0,Future - Neva End (Official Lyric Video),Future,I like his version wayy better,2
Future,Trap,foX39ecfvm0,Future - Neva End (Official Lyric Video),Future,They dont know,2
Future,Trap,foX39ecfvm0,Future - Neva End (Official Lyric Video),Future,I miss this Future!!,0
Future,Trap,foX39ecfvm0,Future - Neva End (Official Lyric Video),Future,always love migos made it through the struggle 🎉👑📞,0
Future,Trap,foX39ecfvm0,Future - Neva End (Official Lyric Video),Future,Heyhey,0
Future,Trap,foX39ecfvm0,Future - Neva End (Official Lyric Video),Future,Hard rock made it end  .,1
Future,Trap,foX39ecfvm0,Future - Neva End (Official Lyric Video),Future,"MALINDA ""BEAUTY NEW NEW"" SHEPPERSON ™️",0
Future,Trap,foX39ecfvm0,Future - Neva End (Official Lyric Video),Future,What song is that,0
Future,Trap,foX39ecfvm0,Future - Neva End (Official Lyric Video),Future,its like our life has jsssss begannn,1
Future,Trap,foX39ecfvm0,Future - Neva End (Official Lyric Video),Future,I’m back,1
Future,Trap,foX39ecfvm0,Future - Neva End (Official Lyric Video),Future,Butterfly Butterfly,0
Future,Trap,foX39ecfvm0,Future - Neva End (Official Lyric Video),Future,🔥🔥,0
Future,Trap,foX39ecfvm0,Future - Neva End (Official Lyric Video),Future,Rach&Erickson 💜🖤 2021 till forever..,0
Future,Trap,foX39ecfvm0,Future - Neva End (Official Lyric Video),Future,Pin 5015,1
Future,Trap,foX39ecfvm0,Future - Neva End (Official Lyric Video),Future,I was in middle school when this dropped. Good days maneeee lol,0
Future,Trap,foX39ecfvm0,Future - Neva End (Official Lyric Video),Future,❤❤❤,0
Future,Trap,foX39ecfvm0,Future - Neva End (Official Lyric Video),Future,This song had me in a chokehold. Me and my boyfriend was locked in. This was our song 😂😂😂 now sir my husband. 😂😂😂 took a sip of that tea..,2
Future,Trap,foX39ecfvm0,Future - Neva End (Official Lyric Video),Future,Newest,1
Future,Trap,foX39ecfvm0,Future - Neva End (Official Lyric Video),Future,MALINDA MALINDA MALINDA😊,0
Future,Trap,foX39ecfvm0,Future - Neva End (Official Lyric Video),Future,Who’s here for the original not the Kelly Rowland remix,52
Future,Trap,foX39ecfvm0,Future - Neva End (Official Lyric Video),Future,When we get to die the year 3000 future we will be the future too,0
Future,Trap,foX39ecfvm0,Future - Neva End (Official Lyric Video),Future,This song made me cry ❤❤❤❤,0
Future,Trap,foX39ecfvm0,Future - Neva End (Official Lyric Video),Future,2024 still 🔥,85
Future,Trap,foX39ecfvm0,Future - Neva End (Official Lyric Video),Future,2024 and beyond.,3
Future,Trap,foX39ecfvm0,Future - Neva End (Official Lyric Video),Future,Afterlife reproduction systems wants to meet another reproduction systematic familiar with for after lifetime insurance and plans incompleteness complex will s and testimonials,0
Future,Trap,foX39ecfvm0,Future - Neva End (Official Lyric Video),Future,In the afterlife,1
Future,Trap,foX39ecfvm0,Future - Neva End (Official Lyric Video),Future,Remember agreement don't kill o bury my reproduction systeming,0
Future,Trap,foX39ecfvm0,Future - Neva End (Official Lyric Video),Future,Omg I feel old asf. 🤣 I was a sophomore in High school when this came out 😳The nostalgia😩I still love this song 😩🔥🥰,49
Future,Trap,foX39ecfvm0,Future - Neva End (Official Lyric Video),Future,Future - Neva End (Official Lyric Video),5
Future,Trap,foX39ecfvm0,Future - Neva End (Official Lyric Video),Future,I love listening to this outside in car when the stars ✨ out ! 🥺🦋✅,6
Future,Trap,foX39ecfvm0,Future - Neva End (Official Lyric Video),Future,1:37,1
Future,Trap,foX39ecfvm0,Future - Neva End (Official Lyric Video),Future,Love this ❤,1
Future,Trap,foX39ecfvm0,Future - Neva End (Official Lyric Video),Future,"Psalms 118:8
It is better to trust in the LORD than to put confidence in man.",17
Future,Trap,foX39ecfvm0,Future - Neva End (Official Lyric Video),Future,What a time to be alive when this song came out!!,48
Future,Trap,foX39ecfvm0,Future - Neva End (Official Lyric Video),Future,Old future will always be hard 😢,21
Future,Trap,foX39ecfvm0,Future - Neva End (Official Lyric Video),Future,Me and My Baby Father song till this day and we heard it in 2012. That’s my boy,3
Future,Trap,foX39ecfvm0,Future - Neva End (Official Lyric Video),Future,Accidentally clicked on remix and read the comments but crazy to see how everyone came back to this 10 years later with so much love and positivity in their heart,20
Future,Trap,foX39ecfvm0,Future - Neva End (Official Lyric Video),Future,This song got me thru my pen bid no cap,0
Future,Trap,foX39ecfvm0,Future - Neva End (Official Lyric Video),Future,This Dilemma with Nelly 2.0 certified classic 🔥,0
Future,Trap,foX39ecfvm0,Future - Neva End (Official Lyric Video),Future,Why only the Remix available on Apple Music instead of the original?,2
Future,Trap,foX39ecfvm0,Future - Neva End (Official Lyric Video),Future,3:18,0
Future,Trap,foX39ecfvm0,Future - Neva End (Official Lyric Video),Future,Furture,0
Future,Trap,foX39ecfvm0,Future - Neva End (Official Lyric Video),Future,Salute…SilentThoughts,0
Future,Trap,foX39ecfvm0,Future - Neva End (Official Lyric Video),Future,I HAVENT HURDD THIS IN SOOOO LONG,2
Future,Trap,foX39ecfvm0,Future - Neva End (Official Lyric Video),Future,Shots out to her u know who u are❤❤❤❤❤❤❤❤❤❤❤❤❤❤❤❤❤,3
Future,Trap,foX39ecfvm0,Future - Neva End (Official Lyric Video),Future,Kelly is the reason why I fks with this song,2
Future,Trap,foX39ecfvm0,Future - Neva End (Official Lyric Video),Future,still my favourite song,26
Future,Trap,foX39ecfvm0,Future - Neva End (Official Lyric Video),Future,Here's to a love lost...,8
Future,Trap,foX39ecfvm0,Future - Neva End (Official Lyric Video),Future,We dont wanna end in 2023❤,1
Future,Trap,foX39ecfvm0,Future - Neva End (Official Lyric Video),Future,We don’t wanna neva end,8
Future,Trap,foX39ecfvm0,Future - Neva End (Official Lyric Video),Future,"Laura & Damian 
Perfectly Imperfect 
Neva Ending
D real deal",2
Future,Trap,foX39ecfvm0,Future - Neva End (Official Lyric Video),Future,2023 🫶🏾,0
Future,Trap,foX39ecfvm0,Future - Neva End (Official Lyric Video),Future,"We don't want it
We don't want
We don't want it neva end
We don't want
We don't want it neva end
We don't want
We don't want it neva end
We don't want it neva

We don't want it neva end
It's like our life is just begin
You walkin' out, you comin' back again
'Cause we became the best of friends
You got all the questions and I know all the answers
I took your heart, girl, holding it up for ransom
We don't want it neva end
We don't want
We don't want it neva end
We don't want it

I could tell you was into me, from my instant chemistry
As I reflect memory, you ride or you die for me
I'll go to war over you I don't give a fuck about showing you
You know what it is, Shorty, forever my lil shawty
Long as I'm swimmin' in Benjamins, you shop with no limited
You'll see reminisce every session, know you'll come back again
I know you can't breath without me, you gon' need the oxygen
I damn near gave you an overdose, on my own medicine
I took a sip of your tea and I ain't been right ever since
As I think to myself what'd it have been heaven sent
Let's put the past behind us
And go far away where nobody can find us

We don't want it neva end
It's like our life is just begin
You walkin' out, you comin' back again
'Cause we became the best of friends
You got all the questions and I know all the answers
I took your heart, girl, holding it up for ransom
We don't want it neva end
We don't want
We don't want it neva end
We don't want it

You could leave today, I bet you'll come back tomorrow
I could see the haters comin' from a mile off
And it's only preparin' us, for what we got comin'
If they come your way, and you feel like runnin'
Run in my direction, and don't you run from me
'Cause anytime we get together, we gon' stunt them
And I'm applyin' major pressure, feel it in your stomach
It's lightnin', it's thunderin', it is striking got me wonderin'
Butterfly, butterfly
When you gon' ever leave?
Any time you leave my side
I know you comin' back
I know you comin' back to me

We don't want it neva end
It's like our life is just begin
You walkin' out, you comin' back again
'Cause we became the best of friends
You got all the questions and I know all the answers
I took your heart, girl, holding it up for ransom
We don't want it neva end
We don't want
We don't want it neva end
We don't want it

Is there anything you wanna know?
Is there any place you rather be?
You walk until your feet get sore
I bet you walking back
I bet you walking back to me
Actually that's a guarantee
Our friendship was guaranteed
You got my ego in another league
I ain't tryna be cocky
I got your heart in my pocket

We don't want it neva end
It's like our life is just begin
You walkin' out, you comin' back again
'Cause we became the best of friends
You got all the questions and I know all the answers
I took your heart, girl, holding it up for ransom
We don't want it neva end
We don't want
We don't want it neva end
We don't want it",4
Future,Trap,foX39ecfvm0,Future - Neva End (Official Lyric Video),Future,My shit back in 2013. Good times,4
Future,Trap,foX39ecfvm0,Future - Neva End (Official Lyric Video),Future,Might be the best Future song ever 😅,7
Future,Trap,foX39ecfvm0,Future - Neva End (Official Lyric Video),Future,I’ve been on this man music since I was 10. As I get older and start to go through life I understand him far more than just his music. I wish I could go back to the innocent and young kid i was when this song came out.❤,40
Future,Trap,foX39ecfvm0,Future - Neva End (Official Lyric Video),Future,This song was back in 2013 for me during college. Has a lot of meaning,11
Future,Trap,foX39ecfvm0,Future - Neva End (Official Lyric Video),Future,This song make me sad so many great memories man 🔥🔥🔥🇺🇸,0
Future,Trap,foX39ecfvm0,Future - Neva End (Official Lyric Video),Future,HAPPY NEW YEARS 2023 IM HERE PLAYING THIS ON THE BIG SPEAKER CAUSE BAE SITING RIGHT HERE MAD 😂😍😍,1
Future,Trap,foX39ecfvm0,Future - Neva End (Official Lyric Video),Future,I love ts 😩😩😩😩😩😩,0
Future,Trap,foX39ecfvm0,Future - Neva End (Official Lyric Video),Future,Shit 🔥🔥🚒,1
Future,Trap,foX39ecfvm0,Future - Neva End (Official Lyric Video),Future,5:04,0
Future,Trap,foX39ecfvm0,Future - Neva End (Official Lyric Video),Future,My mom play this song so long ago this get me emotional and memories 😢,11
Future,Trap,foX39ecfvm0,Future - Neva End (Official Lyric Video),Future,First time i got sum pussy walked home to this song feeling like the man back in 2011 😂😂,0
Future,Trap,foX39ecfvm0,Future - Neva End (Official Lyric Video),Future,Ayeeeee,0
Future,Trap,foX39ecfvm0,Future - Neva End (Official Lyric Video),Future,certified,0
Future,Trap,foX39ecfvm0,Future - Neva End (Official Lyric Video),Future,🥀,0
Future,Trap,foX39ecfvm0,Future - Neva End (Official Lyric Video),Future,Forever classic,1
Future,Trap,foX39ecfvm0,Future - Neva End (Official Lyric Video),Future,This song suck without Kelly Rowland.,3
Future,Trap,foX39ecfvm0,Future - Neva End (Official Lyric Video),Future,When I was pregnant with my baby she used to do twirls in my stomach to this song 😂,6
Future,Trap,foX39ecfvm0,Future - Neva End (Official Lyric Video),Future,🔥🔥🔥🔥,4
Future,Trap,foX39ecfvm0,Future - Neva End (Official Lyric Video),Future,👸🌎👑🇬🇭💞💯,0
Future,Trap,foX39ecfvm0,Future - Neva End (Official Lyric Video),Future,Mauri and Chris want to never end,2
Future,Trap,foX39ecfvm0,Future - Neva End (Official Lyric Video),Future,Jakayla don’t wanna never end,2
Future,Trap,foX39ecfvm0,Future - Neva End (Official Lyric Video),Future,We don’t want to never end❤️‍🔥❤️‍🔥💇🏾‍♀️💇🏾‍♀️💇🏾‍♀️🫰🏾🫰🏾,0
Future,Trap,foX39ecfvm0,Future - Neva End (Official Lyric Video),Future,"I Remember this song from high school, went thru some good times and bad, but hey you can’t win every day. 🤷🏼‍♂️",13
Future,Trap,foX39ecfvm0,Future - Neva End (Official Lyric Video),Future,I am here 😘 babe 💞 we Don't ever wanna end,0
Future,Trap,foX39ecfvm0,Future - Neva End (Official Lyric Video),Future,"Fuck my heart up for ransom. This song gets ya lost in the lyrics, and any kind of love ppl want with The one their #1 their always and forever. The love that goes beyond the universe!!! 💯💯💯💯
#pluto other  #Scorpio's know.",2
Future,Trap,foX39ecfvm0,Future - Neva End (Official Lyric Video),Future,"Came out my 10th grade year and now I’m Bacc , thinking about somebody who probably not thinking about me 😞",2
Future,Trap,foX39ecfvm0,Future - Neva End (Official Lyric Video),Future,Drinking a case. A 24 pack of Budweisers n feeling myself looking  for those last 2beers in the case listening to this!! Trust me life ain’t easy!! Just looking for a vibe!! Gotta survive for a great vibe!!💯💯,7
Future,Trap,foX39ecfvm0,Future - Neva End (Official Lyric Video),Future,3:22,1
Future,Trap,foX39ecfvm0,Future - Neva End (Official Lyric Video),Future,This song will always be legendary,112
Future,Trap,foX39ecfvm0,Future - Neva End (Official Lyric Video),Future,Future is a simp,0
Future,Trap,foX39ecfvm0,Future - Neva End (Official Lyric Video),Future,if you still listenin to pluto in 2022 you a goat,13
Future,Trap,foX39ecfvm0,Future - Neva End (Official Lyric Video),Future,I love the remix with kelly rowland better,2
Future,Trap,foX39ecfvm0,Future - Neva End (Official Lyric Video),Future,Add this back to Apple Music!!!!😞,15
Future,Trap,foX39ecfvm0,Future - Neva End (Official Lyric Video),Future,Not talking about ciara,2
Future,Trap,foX39ecfvm0,Future - Neva End (Official Lyric Video),Future,I hated that other version With Kelly Rowland I like this version way better.,2
Future,Trap,foX39ecfvm0,Future - Neva End (Official Lyric Video),Future,Always felt the best version didn't have Kelly on it (no diss)... Thanx for this classic from a decade ago ‼️,138
Future,Trap,foX39ecfvm0,Future - Neva End (Official Lyric Video),Future,Wat happen to this future wen he made hits,1
Future,Trap,foX39ecfvm0,Future - Neva End (Official Lyric Video),Future,💕,0
Future,Trap,foX39ecfvm0,Future - Neva End (Official Lyric Video),Future,12th grade I just finished high school ohhhhhweeeeee,2
Future,Trap,foX39ecfvm0,Future - Neva End (Official Lyric Video),Future,Future is a huge inspiration to me and I WILL produce a song for him one day.,14
Future,Trap,foX39ecfvm0,Future - Neva End (Official Lyric Video),Future,what ???,0
Future,Trap,foX39ecfvm0,Future - Neva End (Official Lyric Video),Future,We don’t wanna,0
Future,Trap,foX39ecfvm0,Future - Neva End (Official Lyric Video),Future,This song really take me back 😂,5
Future,Trap,foX39ecfvm0,Future - Neva End (Official Lyric Video),Future,"I got a young N hungry MOBSTAR by Razor Ray out of Daytona Beach, FL... 🎵Spits what he's living + Really with the Really🤘🏿💯

https://youtu.be/jIOH-ytr4bE",0
Future,Trap,foX39ecfvm0,Future - Neva End (Official Lyric Video),Future,I remember this when this song came out I was in 3rd grade didn't know what that meant now I graduated highschool and I sing this to my girlfriend all the time that's our song funny how much happens in 10 years,8
Future,Trap,foX39ecfvm0,Future - Neva End (Official Lyric Video),Future,Future is one of the reasons i wanna rap,10
Future,Trap,foX39ecfvm0,Future - Neva End (Official Lyric Video),Future,Real ones been known this shit 9 years old,1
Future,Trap,foX39ecfvm0,Future - Neva End (Official Lyric Video),Future,I never knew how hard the bass hits in this song until this visual,5
Future,Trap,foX39ecfvm0,Future - Neva End (Official Lyric Video),Future,hndrxx,0
Future,Trap,foX39ecfvm0,Future - Neva End (Official Lyric Video),Future,💧🚀🚀🚀🚀🚀🚀🚀🚀🚀🚀🚀🚀🚀🚀🚀🚀🚀,2
Future,Trap,foX39ecfvm0,Future - Neva End (Official Lyric Video),Future,#ONElove,1
Future,Trap,foX39ecfvm0,Future - Neva End (Official Lyric Video),Future,#143,1
Future,Trap,foX39ecfvm0,Future - Neva End (Official Lyric Video),Future,💤,0
Future,Trap,foX39ecfvm0,Future - Neva End (Official Lyric Video),Future,is he saying he going back to the old future?,5
Future,Trap,foX39ecfvm0,Future - Neva End (Official Lyric Video),Future,I remember i use to play alot of future back in them pluto days my ppls use to say he was trash but now they future fans,26
Future,Trap,foX39ecfvm0,Future - Neva End (Official Lyric Video),Future,Timeless Music 💯,113
Future,Trap,foX39ecfvm0,Future - Neva End (Official Lyric Video),Future,Brings back memories fasho,15
Future,Trap,foX39ecfvm0,Future - Neva End (Official Lyric Video),Future,Why he putting all the old classics back on yt??,1
Future,Trap,foX39ecfvm0,Future - Neva End (Official Lyric Video),Future,"This almost hurt to listen to, such a good song but the memories mannnn",89
Future,Trap,foX39ecfvm0,Future - Neva End (Official Lyric Video),Future,Most underrated 👑,0
Future,Trap,foX39ecfvm0,Future - Neva End (Official Lyric Video),Future,Future e Mike Will made it é igual viajar no tempo... Neva end 😭,12
Future,Trap,foX39ecfvm0,Future - Neva End (Official Lyric Video),Future,Ok Future aye still a banger,3
Future,Trap,foX39ecfvm0,Future - Neva End (Official Lyric Video),Future,Your the best king for music and I could replay this again and Again ♥ :),15
Future,Trap,foX39ecfvm0,Future - Neva End (Official Lyric Video),Future,Damn Man Lets Age Well Listen To Classics When We Was Younger Lil Wayne N Dem N Die Lit 🤘🏾🖤 No Generation Gone Be Better Den Ours 😈🖤,15
Future,Trap,foX39ecfvm0,Future - Neva End (Official Lyric Video),Future,the nostalgia omg,83
Future,Trap,foX39ecfvm0,Future - Neva End (Official Lyric Video),Future,Still Fire,4
Future,Trap,foX39ecfvm0,Future - Neva End (Official Lyric Video),Future,This song came out right after me & my prom date broke up. I felt like I was fighting demons but Future helped me get thru it 😂,681
Future,Trap,foX39ecfvm0,Future - Neva End (Official Lyric Video),Future,Future In his lil wayne mode right now re- releasing music videos with lyrics. I feel it,60
Future,Trap,foX39ecfvm0,Future - Neva End (Official Lyric Video),Future,anyone know why these vids are being posted?,4
Future,Trap,foX39ecfvm0,Future - Neva End (Official Lyric Video),Future,Essa ta brabaaaa #BRASIL🇧🇷🇧🇷🇧🇷,12
Future,Trap,foX39ecfvm0,Future - Neva End (Official Lyric Video),Future,"I'm going to be on top of the MUSIC INDUSTRY, I promise 🌎😈✅🚀",5
Future,Trap,foX39ecfvm0,Future - Neva End (Official Lyric Video),Future,"future you re god of music broo, i liked",4
Future,Trap,foX39ecfvm0,Future - Neva End (Official Lyric Video),Future,Narrative of Self is the result of a feedback loop between “Separate Self” & Cosmos🎈,1
Future,Trap,foX39ecfvm0,Future - Neva End (Official Lyric Video),Future,This is the future I remember. But there's more better stuff,44
Future,Trap,foX39ecfvm0,Future - Neva End (Official Lyric Video),Future,this is a certified hood classic.,128
Future,Trap,foX39ecfvm0,Future - Neva End (Official Lyric Video),Future,Classic,0
Future,Trap,foX39ecfvm0,Future - Neva End (Official Lyric Video),Future,GOOOOOODD,1
Future,Trap,foX39ecfvm0,Future - Neva End (Official Lyric Video),Future,The king of misogyny has spoken,5
Future,Trap,foX39ecfvm0,Future - Neva End (Official Lyric Video),Future,When this song first dropped it had Chicago in a chokehold fr 🔥,113
Future,Trap,foX39ecfvm0,Future - Neva End (Official Lyric Video),Future,The real question is who really invented Mac and cheese,6
Future,Trap,foX39ecfvm0,Future - Neva End (Official Lyric Video),Future,１,0
Future,Trap,ZJqBRiDRrCU,Future - Same Damn Time (Official Lyric Video),Future,Me when I see Garett and Dean,2
Future,Trap,ZJqBRiDRrCU,Future - Same Damn Time (Official Lyric Video),Future,Keep trying to tell me to slow down and go home at the same damn time,0
Future,Trap,ZJqBRiDRrCU,Future - Same Damn Time (Official Lyric Video),Future,2026🔥🔥,0
Future,Trap,ZJqBRiDRrCU,Future - Same Damn Time (Official Lyric Video),Future,😈sponge bob toothbrush,0
Future,Trap,ZJqBRiDRrCU,Future - Same Damn Time (Official Lyric Video),Future,Future needs to fix this on YouTube music. They only have the clean version.,0
Future,Trap,ZJqBRiDRrCU,Future - Same Damn Time (Official Lyric Video),Future,AT. THE. SAME. DAMN. TIME.,2
Future,Trap,ZJqBRiDRrCU,Future - Same Damn Time (Official Lyric Video),Future,"* Everybody else vibing in doom match *
Daredevil:",2
Future,Trap,ZJqBRiDRrCU,Future - Same Damn Time (Official Lyric Video),Future,Ice Spice could never,2
Future,Trap,ZJqBRiDRrCU,Future - Same Damn Time (Official Lyric Video),Future,Akon Version is better,1
Future,Trap,ZJqBRiDRrCU,Future - Same Damn Time (Official Lyric Video),Future,Came here after a Zeno video on tiktok ❤❤❤,4
Future,Trap,ZJqBRiDRrCU,Future - Same Damn Time (Official Lyric Video),Future,Balinnnn🎉🎉🎉🎉🎉,2
Future,Trap,ZJqBRiDRrCU,Future - Same Damn Time (Official Lyric Video),Future,"Does anyone notice that beat of the track ""Eyesight"" that slayr has dropped today sounds like this song. It seems like being slowed down a little bit",10
Future,Trap,ZJqBRiDRrCU,Future - Same Damn Time (Official Lyric Video),Future,Who's here in 2026 🤩,12
Future,Trap,ZJqBRiDRrCU,Future - Same Damn Time (Official Lyric Video),Future,Got this from a Gojo edit... 💜,3
Future,Trap,ZJqBRiDRrCU,Future - Same Damn Time (Official Lyric Video),Future,1:40,2
Future,Trap,ZJqBRiDRrCU,Future - Same Damn Time (Official Lyric Video),Future,What YB gone play after this come on? Let’s be honest 😂😂❤,9
Future,Trap,ZJqBRiDRrCU,Future - Same Damn Time (Official Lyric Video),Future,Still dope 13 years later,1
Future,Trap,ZJqBRiDRrCU,Future - Same Damn Time (Official Lyric Video),Future,2026,5
Future,Trap,ZJqBRiDRrCU,Future - Same Damn Time (Official Lyric Video),Future,2:34,0
Future,Trap,ZJqBRiDRrCU,Future - Same Damn Time (Official Lyric Video),Future,someone 2027?,25
Future,Trap,ZJqBRiDRrCU,Future - Same Damn Time (Official Lyric Video),Future,2026 anyone?,0
Future,Trap,ZJqBRiDRrCU,Future - Same Damn Time (Official Lyric Video),Future,I can't believe I found this gem from a Blonde Blazer edit on Instagram 😂,1
Future,Trap,ZJqBRiDRrCU,Future - Same Damn Time (Official Lyric Video),Future,You had to be there,9
Future,Trap,ZJqBRiDRrCU,Future - Same Damn Time (Official Lyric Video),Future,@WallStreetTrapper Sent me here...,0
Future,Trap,ZJqBRiDRrCU,Future - Same Damn Time (Official Lyric Video),Future,Someone at 2026?!❤,25
Future,Trap,ZJqBRiDRrCU,Future - Same Damn Time (Official Lyric Video),Future,"He says ""Traffickin them Yao Mings"" ?! This whole time I thought he was sayin ""Traffickin them Yahmeans"" 😂😂",3
Future,Trap,ZJqBRiDRrCU,Future - Same Damn Time (Official Lyric Video),Future,This song Just hits 😂,1
Future,Trap,ZJqBRiDRrCU,Future - Same Damn Time (Official Lyric Video),Future,"Bach anbdee nass,كو خجحلليلةلانالت",0
Future,Trap,ZJqBRiDRrCU,Future - Same Damn Time (Official Lyric Video),Future,"my uncle and cousin made me a woman at the same dam time
dirty",1
Future,Trap,ZJqBRiDRrCU,Future - Same Damn Time (Official Lyric Video),Future,Yuyu manipulating Astra's shit by this song:,0
Future,Trap,ZJqBRiDRrCU,Future - Same Damn Time (Official Lyric Video),Future,Max B Asap Rocky didnt do this sample justice,1
Future,Trap,ZJqBRiDRrCU,Future - Same Damn Time (Official Lyric Video),Future,The fact the Marvel Rivals twerk videos brought me to this song is hilarious lol,0
Future,Trap,ZJqBRiDRrCU,Future - Same Damn Time (Official Lyric Video),Future,"Here because of Mia Goth and Jacob  Elordi edit lolz, what an aura farming song",2
Future,Trap,ZJqBRiDRrCU,Future - Same Damn Time (Official Lyric Video),Future,Going crazyyyyyyyyyyyyy,3
Future,Trap,ZJqBRiDRrCU,Future - Same Damn Time (Official Lyric Video),Future,"⚠️ REPENT, AND BELIEVE THE GOSPEL💯 Jesus is the Way ✝️",0
Future,Trap,ZJqBRiDRrCU,Future - Same Damn Time (Official Lyric Video),Future,2:56,0
Future,Trap,ZJqBRiDRrCU,Future - Same Damn Time (Official Lyric Video),Future,"The game rigged, they let Future in",0
Future,Trap,ZJqBRiDRrCU,Future - Same Damn Time (Official Lyric Video),Future,1:28,0
Future,Trap,ZJqBRiDRrCU,Future - Same Damn Time (Official Lyric Video),Future,Same damn time,0
Future,Trap,ZJqBRiDRrCU,Future - Same Damn Time (Official Lyric Video),Future,I don t get tired of listening to it,3
Future,Trap,ZJqBRiDRrCU,Future - Same Damn Time (Official Lyric Video),Future,Still here in 2025 🔥😈🔥,2
Future,Trap,ZJqBRiDRrCU,Future - Same Damn Time (Official Lyric Video),Future,2:56,1
Future,Trap,ZJqBRiDRrCU,Future - Same Damn Time (Official Lyric Video),Future,1:52,0
Future,Trap,ZJqBRiDRrCU,Future - Same Damn Time (Official Lyric Video),Future,1:28,0
Future,Trap,ZJqBRiDRrCU,Future - Same Damn Time (Official Lyric Video),Future,"I'm working two remote jobs making 325k at the same damn time, same damn time!",0
Future,Trap,ZJqBRiDRrCU,Future - Same Damn Time (Official Lyric Video),Future,2:56 ❤❤,1
Future,Trap,ZJqBRiDRrCU,Future - Same Damn Time (Official Lyric Video),Future,They are moving forward. As for me...,0
Future,Trap,ZJqBRiDRrCU,Future - Same Damn Time (Official Lyric Video),Future,"2:52
:)",0
Future,Trap,ZJqBRiDRrCU,Future - Same Damn Time (Official Lyric Video),Future,AT THE SAME DAMN TIME,1
Future,Trap,ZJqBRiDRrCU,Future - Same Damn Time (Official Lyric Video),Future,I guess he's good at multitasking!,0
Future,Trap,ZJqBRiDRrCU,Future - Same Damn Time (Official Lyric Video),Future,Me trying to act nonchalant in the airport while this is blasting in my headphones,8
Future,Trap,ZJqBRiDRrCU,Future - Same Damn Time (Official Lyric Video),Future,2025?,2
Future,Trap,ZJqBRiDRrCU,Future - Same Damn Time (Official Lyric Video),Future,👇 anyone here in 2025??,2
Future,Trap,ZJqBRiDRrCU,Future - Same Damn Time (Official Lyric Video),Future,This song is ridiculous and dope at the same damn time!✨️,8
Future,Trap,ZJqBRiDRrCU,Future - Same Damn Time (Official Lyric Video),Future,I’m listening to this outside on my speaker and the people walking past are looking at we weird lolll (I’m also in my pj’s I’m the middle of the day🤷‍♀️),105
Future,Trap,ZJqBRiDRrCU,Future - Same Damn Time (Official Lyric Video),Future,i would let my kid listen to this,13
Future,Trap,ZJqBRiDRrCU,Future - Same Damn Time (Official Lyric Video),Future,ts fire on bd,3
Future,Trap,ZJqBRiDRrCU,Future - Same Damn Time (Official Lyric Video),Future,@PamBondi @BritneySpears ❤❤❤❤,1
Future,Trap,ZJqBRiDRrCU,Future - Same Damn Time (Official Lyric Video),Future,Dope as fuck 🔥🔥🔥,1
Future,Trap,ZJqBRiDRrCU,Future - Same Damn Time (Official Lyric Video),Future,Who here in 2025 😮😅❤,33
Future,Trap,ZJqBRiDRrCU,Future - Same Damn Time (Official Lyric Video),Future,Future does not disappoint but the remix with ludacris is better,0
Future,Trap,ZJqBRiDRrCU,Future - Same Damn Time (Official Lyric Video),Future,Those Dante and Vergil edits 🥀,14
Future,Trap,ZJqBRiDRrCU,Future - Same Damn Time (Official Lyric Video),Future,Placing 3 parlays at the same damn time,3
Future,Trap,ZJqBRiDRrCU,Future - Same Damn Time (Official Lyric Video),Future,2:56,0
Future,Trap,ZJqBRiDRrCU,Future - Same Damn Time (Official Lyric Video),Future,2025 🔥🔥🔥🔥,2
Future,Trap,ZJqBRiDRrCU,Future - Same Damn Time (Official Lyric Video),Future,DIFFERENT ❤,3
Future,Trap,ZJqBRiDRrCU,Future - Same Damn Time (Official Lyric Video),Future,0:20,0
Future,Trap,ZJqBRiDRrCU,Future - Same Damn Time (Official Lyric Video),Future,I’m levitating,3
Future,Trap,ZJqBRiDRrCU,Future - Same Damn Time (Official Lyric Video),Future,I'm drinking Pepsi and Baja blast at the same damn time,2
Future,Trap,ZJqBRiDRrCU,Future - Same Damn Time (Official Lyric Video),Future,Future gotta link back with Sonny its been years,2
Future,Trap,ZJqBRiDRrCU,Future - Same Damn Time (Official Lyric Video),Future,"So apparently Gucci mane is not an idiot. 😮 Well damn-
 Gucci voice.",1
Future,Trap,ZJqBRiDRrCU,Future - Same Damn Time (Official Lyric Video),Future,199019901991199119696969198919891010188888793131312222211125252989810201888879987654321252535452529891010188881111*t,3
Future,Trap,ZJqBRiDRrCU,Future - Same Damn Time (Official Lyric Video),Future,2024 🎉🎉🎉,1
Future,Trap,ZJqBRiDRrCU,Future - Same Damn Time (Official Lyric Video),Future,Wind break?,0
Future,Trap,ZJqBRiDRrCU,Future - Same Damn Time (Official Lyric Video),Future,Get out the way(s?),0
Future,Trap,ZJqBRiDRrCU,Future - Same Damn Time (Official Lyric Video),Future,"Cut hair, Care?",1
Future,Trap,ZJqBRiDRrCU,Future - Same Damn Time (Official Lyric Video),Future,Go make music,0
Future,Trap,ZJqBRiDRrCU,Future - Same Damn Time (Official Lyric Video),Future,Future - Same Damn Time (Official Lyric Video),2
Future,Trap,ZJqBRiDRrCU,Future - Same Damn Time (Official Lyric Video),Future,AT THE SAME DAMN TIMMMMMMMMMMMMMMMMMMMMMMM,3
Future,Trap,ZJqBRiDRrCU,Future - Same Damn Time (Official Lyric Video),Future,Future mixtape run in 2011 was insane! 🔥🔥🔥,95
Future,Trap,ZJqBRiDRrCU,Future - Same Damn Time (Official Lyric Video),Future,Still 🔥 all these years later. I was a youngan when this song first dropped. Now I’m 24🙏🏻,11
Future,Trap,ZJqBRiDRrCU,Future - Same Damn Time (Official Lyric Video),Future,@future Remembered the old days at the same damn time😎❤️,7
Future,Trap,ZJqBRiDRrCU,Future - Same Damn Time (Official Lyric Video),Future,Same time,63
Future,Trap,ZJqBRiDRrCU,Future - Same Damn Time (Official Lyric Video),Future,timeless!,5
Future,Trap,ZJqBRiDRrCU,Future - Same Damn Time (Official Lyric Video),Future,Fuck yea,3
Future,Trap,ZJqBRiDRrCU,Future - Same Damn Time (Official Lyric Video),Future,Urudu room,0
Future,Trap,ZJqBRiDRrCU,Future - Same Damn Time (Official Lyric Video),Future,pencil writing mahatama gandhi formula ABC Albert emc=2  no colour no paint Kada nioise shih rashi astronaut Jitendra Petroleum bappo future,0
Future,Trap,ZJqBRiDRrCU,Future - Same Damn Time (Official Lyric Video),Future,Yoshwer dada photo frame white   Patlara chada faliya Time travel clock ⏰,0
Future,Trap,ZJqBRiDRrCU,Future - Same Damn Time (Official Lyric Video),Future,Formula time e=mc2,0
Future,Trap,ZJqBRiDRrCU,Future - Same Damn Time (Official Lyric Video),Future,I'm drinking sun drop and turning on air conditioning and sleeping at the same damn time that's my joke and song,0
Future,Trap,ZJqBRiDRrCU,Future - Same Damn Time (Official Lyric Video),Future,_Bruh yesss😭🗣🙏_,6
Future,Trap,ZJqBRiDRrCU,Future - Same Damn Time (Official Lyric Video),Future,"Man this sounds like Gucci Mane at his beginning , i liked this type of beats so much ❤️ , what memories . 
Guccu Mane had a Track named pusha man , its almost the same vibes",1
Future,Trap,ZJqBRiDRrCU,Future - Same Damn Time (Official Lyric Video),Future,"3 GOATED VERSES  BACK TO BACK TO BACK; BETTER THAN JORDAN, DON'T @ ME!!!!",7
Future,Trap,ZJqBRiDRrCU,Future - Same Damn Time (Official Lyric Video),Future,Future really put in his work - has hits for DAYSSS 🔥,4
Future,Trap,ZJqBRiDRrCU,Future - Same Damn Time (Official Lyric Video),Future,I be listening to his old and new songs at the SAME DAMN TIME,28
Future,Trap,ZJqBRiDRrCU,Future - Same Damn Time (Official Lyric Video),Future,"Damn, it's been 10 years already, damn time sho be flying.... We need the old future back.",7
Future,Trap,ZJqBRiDRrCU,Future - Same Damn Time (Official Lyric Video),Future,Toni montana,0
Future,Trap,ZJqBRiDRrCU,Future - Same Damn Time (Official Lyric Video),Future,Future is a huge inspiration to me and I WILL produce a song for him one day.,9
Future,Trap,ZJqBRiDRrCU,Future - Same Damn Time (Official Lyric Video),Future,Future is Beyonce for men.,2
Future,Trap,ZJqBRiDRrCU,Future - Same Damn Time (Official Lyric Video),Future,Awwww🌹👽😈,2
Future,Trap,ZJqBRiDRrCU,Future - Same Damn Time (Official Lyric Video),Future,Naw he didn't!!  bring back ain no way around it too,2
Future,Trap,ZJqBRiDRrCU,Future - Same Damn Time (Official Lyric Video),Future,Answer,0
Future,Trap,ZJqBRiDRrCU,Future - Same Damn Time (Official Lyric Video),Future,This was my shit when it first came out,5
Future,Trap,ZJqBRiDRrCU,Future - Same Damn Time (Official Lyric Video),Future,"Man the strippers at club fuego in hyattesville MD used to twerk ass to this back in 2011. I remember it like it was yesterday.. all of them now are currently way past their prime of beauty. But man, some of the finest strippers you’d ever see at fuegos here in MD. I was a bouncer an it was a dark period of my life but also the most memorable period of my life as well.",4
Future,Trap,ZJqBRiDRrCU,Future - Same Damn Time (Official Lyric Video),Future,Who's here before 10M views?,3
Future,Trap,ZJqBRiDRrCU,Future - Same Damn Time (Official Lyric Video),Future,🥵,1
Future,Trap,ZJqBRiDRrCU,Future - Same Damn Time (Official Lyric Video),Future,“Future” for a reason! Way ahead of his time!,13
Future,Trap,ZJqBRiDRrCU,Future - Same Damn Time (Official Lyric Video),Future,Remastered for the win! Ownership,2
Future,Trap,ZJqBRiDRrCU,Future - Same Damn Time (Official Lyric Video),Future,Top 5 Smartest decisions,2
Future,Trap,ZJqBRiDRrCU,Future - Same Damn Time (Official Lyric Video),Future,He pretty smart for putting some old songs on this album,10
Future,Trap,ZJqBRiDRrCU,Future - Same Damn Time (Official Lyric Video),Future,Yea 🔥 Neighbors about to hate me 💯,6
Future,Trap,ZJqBRiDRrCU,Future - Same Damn Time (Official Lyric Video),Future,10 yrs later still My fav track of Pluto 👨🏿‍🚀,21
Future,Trap,ZJqBRiDRrCU,Future - Same Damn Time (Official Lyric Video),Future,Still 💪💪👏👏,2
Future,Trap,ZJqBRiDRrCU,Future - Same Damn Time (Official Lyric Video),Future,A Classic 💤,1
Future,Trap,ZJqBRiDRrCU,Future - Same Damn Time (Official Lyric Video),Future,This mf sold mid? 🫣,0
Future,Trap,ZJqBRiDRrCU,Future - Same Damn Time (Official Lyric Video),Future,classic. first verse sound like something riff raff would spit,3
Future,Trap,ZJqBRiDRrCU,Future - Same Damn Time (Official Lyric Video),Future,Super future 🐐,4
Future,Trap,ZJqBRiDRrCU,Future - Same Damn Time (Official Lyric Video),Future,I was 20 when this bitch dropped damn 🤣,0
Future,Trap,ZJqBRiDRrCU,Future - Same Damn Time (Official Lyric Video),Future,Most underrated 👑,2
Future,Trap,ZJqBRiDRrCU,Future - Same Damn Time (Official Lyric Video),Future,This still goes as hard as it did 10 years ago 🔥,44
Future,Trap,ZJqBRiDRrCU,Future - Same Damn Time (Official Lyric Video),Future,future showing you niggas he been doing this shit ! (GODFATHER) he was rockstar before the star rocked,5
Future,Trap,ZJqBRiDRrCU,Future - Same Damn Time (Official Lyric Video),Future,Can’t believe it’s been 10 years already 🔥🔥,1
Future,Trap,ZJqBRiDRrCU,Future - Same Damn Time (Official Lyric Video),Future,Man I remember this whole album,7
Future,Trap,ZJqBRiDRrCU,Future - Same Damn Time (Official Lyric Video),Future,Hits on hits,3
Future,Trap,ZJqBRiDRrCU,Future - Same Damn Time (Official Lyric Video),Future,💃🏼💃🏼💃🏼,1
Future,Trap,ZJqBRiDRrCU,Future - Same Damn Time (Official Lyric Video),Future,Spinning this in the DJ booth at the strip clubs when it dropped those were the nights,2
Future,Trap,ZJqBRiDRrCU,Future - Same Damn Time (Official Lyric Video),Future,Todays kids will never know how hard this was when it first dropped & the P Diddy Remix to go with it 🔥,203
Future,Trap,ZJqBRiDRrCU,Future - Same Damn Time (Official Lyric Video),Future,We need Trap future back🔥,112
Future,Trap,ZJqBRiDRrCU,Future - Same Damn Time (Official Lyric Video),Future,I was so confused for a hot minute but hey bring back the old classics!,19
Future,Trap,ZJqBRiDRrCU,Future - Same Damn Time (Official Lyric Video),Future,I remember this song 😯,2
Future,Trap,ZJqBRiDRrCU,Future - Same Damn Time (Official Lyric Video),Future,never heard a harder verse like that first verse  🥵🥵💥💥💥,17
Future,Trap,ZJqBRiDRrCU,Future - Same Damn Time (Official Lyric Video),Future,Only the OGs know bout this,114
Future,Trap,ZJqBRiDRrCU,Future - Same Damn Time (Official Lyric Video),Future,Future Really showing us he's the god of multitasking 🙌,96
Future,Trap,ZJqBRiDRrCU,Future - Same Damn Time (Official Lyric Video),Future,It wouldn't happen to be at the same time?,1
Future,Trap,ZJqBRiDRrCU,Future - Same Damn Time (Official Lyric Video),Future,At da same damn time‼️‼️‼️,3
Future,Trap,ZJqBRiDRrCU,Future - Same Damn Time (Official Lyric Video),Future,"I'm going to be on top of the MUSIC INDUSTRY, I promise 🌎😈✅🚀",5
Future,Trap,ZJqBRiDRrCU,Future - Same Damn Time (Official Lyric Video),Future,fuegooo 🔥🔥🔥🔥🔥❤‍🔥,1
Future,Trap,ZJqBRiDRrCU,Future - Same Damn Time (Official Lyric Video),Future,Still dope 10 years later,567
Future,Trap,ZJqBRiDRrCU,Future - Same Damn Time (Official Lyric Video),Future,We’re caught up playing the impassioned protagonist in our Subjective Narrative of Self🎈,4
Future,Trap,ZJqBRiDRrCU,Future - Same Damn Time (Official Lyric Video),Future,Pluto,0
Future,Trap,ZJqBRiDRrCU,Future - Same Damn Time (Official Lyric Video),Future,Yeeesss GOOOOD🔥🔥🔥,1
Future,Trap,ZJqBRiDRrCU,Future - Same Damn Time (Official Lyric Video),Future,Future the best multitasker ever,99
Future,Trap,ZJqBRiDRrCU,Future - Same Damn Time (Official Lyric Video),Future,This man got 6 baby mamas AT THE SAME TIME,155
Future,Trap,prTEqR7p69s,Future - You Deserve It (Official Lyric Video),Future,0:02 2:37,1
Future,Trap,prTEqR7p69s,Future - You Deserve It (Official Lyric Video),Future,"You deserve it, bro",0
Future,Trap,prTEqR7p69s,Future - You Deserve It (Official Lyric Video),Future,2026 You Deserve It Migo You Deserve it,5
Future,Trap,prTEqR7p69s,Future - You Deserve It (Official Lyric Video),Future,❤,0
Future,Trap,prTEqR7p69s,Future - You Deserve It (Official Lyric Video),Future,Me and my moms used to play this she put me on and every time I hear it rip her I just lock in in life and go even harder for her this our shit turn tf up in the comments,0
Future,Trap,prTEqR7p69s,Future - You Deserve It (Official Lyric Video),Future,"2026, wya?!",0
Future,Trap,prTEqR7p69s,Future - You Deserve It (Official Lyric Video),Future,Do I really 🎉,0
Future,Trap,prTEqR7p69s,Future - You Deserve It (Official Lyric Video),Future,❤2026🎉,0
Future,Trap,prTEqR7p69s,Future - You Deserve It (Official Lyric Video),Future,2026 🎉,0
Future,Trap,prTEqR7p69s,Future - You Deserve It (Official Lyric Video),Future,Wow,0
Future,Trap,prTEqR7p69s,Future - You Deserve It (Official Lyric Video),Future,😮,0
Future,Trap,prTEqR7p69s,Future - You Deserve It (Official Lyric Video),Future,Ferragamo belts I got 1 🅱️een wanting to dress dis way since I was like 14 but the others clothes R cool 2 🎉😹,0
Future,Trap,prTEqR7p69s,Future - You Deserve It (Official Lyric Video),Future,Future You Deserve It Lyrics ❤,0
Future,Trap,prTEqR7p69s,Future - You Deserve It (Official Lyric Video),Future,Done cried to this,0
Future,Trap,prTEqR7p69s,Future - You Deserve It (Official Lyric Video),Future,❤❤❤,0
Future,Trap,prTEqR7p69s,Future - You Deserve It (Official Lyric Video),Future,"Crazy Future came a long from this song, respect the hustle & grind, didn’t hit his prime til his 30’s really, Future just reminds you to keep going",0
Future,Trap,prTEqR7p69s,Future - You Deserve It (Official Lyric Video),Future,😂😂😂😂😂🔥🔥🔥🔥,0
Future,Trap,prTEqR7p69s,Future - You Deserve It (Official Lyric Video),Future,I DESERVE IT BASS BE HITTING 🗣️📣🔊🔈🔉🥊🥊🎤🥳🐐👸🏾💋,2
Future,Trap,prTEqR7p69s,Future - You Deserve It (Official Lyric Video),Future,Feb2026 💪🏾🔥💨💨💨 #FreeBandGang,5
Future,Trap,prTEqR7p69s,Future - You Deserve It (Official Lyric Video),Future,Just the other day lil cousin call me from school & said..,1
Future,Trap,prTEqR7p69s,Future - You Deserve It (Official Lyric Video),Future,my dad played this song im coming here to listen to,15
Future,Trap,prTEqR7p69s,Future - You Deserve It (Official Lyric Video),Future,2026 type Sh,0
Future,Trap,prTEqR7p69s,Future - You Deserve It (Official Lyric Video),Future,1 m views 🎉🎉🎉🎉,1
Future,Trap,prTEqR7p69s,Future - You Deserve It (Official Lyric Video),Future,I got a promotion at work today! You deserve it!!!,2
Future,Trap,prTEqR7p69s,Future - You Deserve It (Official Lyric Video),Future,I am the one God luv.,0
Future,Trap,prTEqR7p69s,Future - You Deserve It (Official Lyric Video),Future,Made it through some impossible situations 😢 you deserve it 🙏 when I considered on ending it all but the love of Christ kept me ❤ keep going y'all it will all get better SOON if you don't quit,1
Future,Trap,prTEqR7p69s,Future - You Deserve It (Official Lyric Video),Future,Let me show y'all who I am,0
Future,Trap,prTEqR7p69s,Future - You Deserve It (Official Lyric Video),Future,"Prime future never disappoints, and always on fire 🔥 🔥🔥🔥🔥🔥🔥🔥🔥🔥 …….. Anyone still listening?",0
Future,Trap,prTEqR7p69s,Future - You Deserve It (Official Lyric Video),Future,2:34 definitely snapped and when she get older she’s not going to be nothing nice daddy girls rule the world🥰🐐,0
Future,Trap,prTEqR7p69s,Future - You Deserve It (Official Lyric Video),Future,What is the song called in 3,0
Future,Trap,prTEqR7p69s,Future - You Deserve It (Official Lyric Video),Future,Future if your seeing then please go back to your old self,0
Future,Trap,prTEqR7p69s,Future - You Deserve It (Official Lyric Video),Future,Remember listening to this in my 05 crown Vic in 2010…. Now I’m listening to it in my 05 Nissan xterra in 2025 😂 🤷‍♂️,0
Future,Trap,prTEqR7p69s,Future - You Deserve It (Official Lyric Video),Future,☝🏻👤☕️,0
Future,Trap,prTEqR7p69s,Future - You Deserve It (Official Lyric Video),Future,"I was in the dungeon, purchasing?  He was buying work from ppls from the Dungeon Family using?? 😂",0
Future,Trap,prTEqR7p69s,Future - You Deserve It (Official Lyric Video),Future,AREAAAA,0
Future,Trap,prTEqR7p69s,Future - You Deserve It (Official Lyric Video),Future,This song 14 years old,0
Future,Trap,prTEqR7p69s,Future - You Deserve It (Official Lyric Video),Future,Spirl,0
Future,Trap,prTEqR7p69s,Future - You Deserve It (Official Lyric Video),Future,Cookie,0
Future,Trap,prTEqR7p69s,Future - You Deserve It (Official Lyric Video),Future,Me,0
Future,Trap,prTEqR7p69s,Future - You Deserve It (Official Lyric Video),Future,Turkey,0
Future,Trap,prTEqR7p69s,Future - You Deserve It (Official Lyric Video),Future,🎊🎊🎊🎊,0
Future,Trap,prTEqR7p69s,Future - You Deserve It (Official Lyric Video),Future,2025 if you not here get here this my motivation song every morning,5
Future,Trap,prTEqR7p69s,Future - You Deserve It (Official Lyric Video),Future,2025 makes me think of me and my little brother when he was alive back in the day riding and blowing bumping with 2 kicker 12s in the trunk of a hoopty good dayz,1
Future,Trap,prTEqR7p69s,Future - You Deserve It (Official Lyric Video),Future,"JD Power::204::305::Christopher Blackmon::Jakeia McCormick::psalms 100:1-5::SELAH
MY ALPHA EN OMEGA IN JESUS NAME",0
Future,Trap,prTEqR7p69s,Future - You Deserve It (Official Lyric Video),Future,"HEY FUT. U.R.E. HEY! PAY CLOSE ATTENTION, MESSIAH IS AFTER YOUR HEART. NO LIMITS KING!",1
Future,Trap,prTEqR7p69s,Future - You Deserve It (Official Lyric Video),Future,Hey BABY? FUTURE? WHOA!! THIS VOCAL IS UNPRECEDENTED,1
Future,Trap,prTEqR7p69s,Future - You Deserve It (Official Lyric Video),Future,Hey BABY? FUTURE? WHOA!! THIS VOCAL IS UNPRECEDENTED,1
Future,Trap,prTEqR7p69s,Future - You Deserve It (Official Lyric Video),Future,"Hey BABY? FUTURE, I HAVE TO BE WITH YOU AS MY VERY OWN KING! PLEASE THANK YOU, IF IT PLEASE THE KING. SINCE MESSIAH BLESSED YOU OUT. Of all asia. Whoa!",0
Future,Trap,prTEqR7p69s,Future - You Deserve It (Official Lyric Video),Future,Still here 10/14/25,0
Future,Trap,prTEqR7p69s,Future - You Deserve It (Official Lyric Video),Future,Still One of the best Beats ever made.!,3
Future,Trap,prTEqR7p69s,Future - You Deserve It (Official Lyric Video),Future,2025 & Beyond,0
Future,Trap,prTEqR7p69s,Future - You Deserve It (Official Lyric Video),Future,0:01-0:46-1:08-1:59-2:21-3:12,2
Future,Trap,prTEqR7p69s,Future - You Deserve It (Official Lyric Video),Future,0:31-0:38-1:44-1:51-2:57-3:04,2
Future,Trap,prTEqR7p69s,Future - You Deserve It (Official Lyric Video),Future,0:16-0:23-1:29-1:36-2:43-2:50,2
Future,Trap,prTEqR7p69s,Future - You Deserve It (Official Lyric Video),Future,future right off the first album with this certified hood classic. the goat.,3
Future,Trap,prTEqR7p69s,Future - You Deserve It (Official Lyric Video),Future,2025 ❤,0
Future,Trap,prTEqR7p69s,Future - You Deserve It (Official Lyric Video),Future,🚮🚮🚮🚮🚮🚮🚮🚮🚮🚮🚮🚮🚮🚮🚮🚮🚮🚮🚮🚮🚮🚮🚮🚮🚮🚮🚮🚮🚮🚮 ngl bihh,0
Future,Trap,prTEqR7p69s,Future - You Deserve It (Official Lyric Video),Future,Real Pluto Energy,1
Future,Trap,prTEqR7p69s,Future - You Deserve It (Official Lyric Video),Future,"Work DONE!
Snap bk w Gods WORD 


IE. JESUS WALKS",0
Future,Trap,prTEqR7p69s,Future - You Deserve It (Official Lyric Video),Future,"2025 , still bumping like rn at this moment 💪🏾❤️",0
Future,Trap,prTEqR7p69s,Future - You Deserve It (Official Lyric Video),Future,A FOREVA EPIC CLASSIC,0
Future,Trap,prTEqR7p69s,Future - You Deserve It (Official Lyric Video),Future,❤❤❤❤❤,0
Future,Trap,prTEqR7p69s,Future - You Deserve It (Official Lyric Video),Future,Hey guys some time ago I lost my heart. Have you seen it by any chance?,0
Future,Trap,prTEqR7p69s,Future - You Deserve It (Official Lyric Video),Future,"June 30 ,25",0
Future,Trap,prTEqR7p69s,Future - You Deserve It (Official Lyric Video),Future,"❤❤❤🎉🎉🎉SKE-YEET  IN  CASE UUU ( UNIVERSE FAMILY 🎉🎉🎉❤❤❤) EVERRR HAVE A QUESTION ABOUT UUU &&& IF UUU DESERVE IT 🎉🎉🎉4SHO HIGH 5ZZ 🎉🎉SOLID 6 UUU MIGGIEFREAKY RIGHT UUU ✅️ 😉 🎉🎉🎉DESERVE THE BEST OF THE BEST 🎉🎉🎉BECAUSE UUURRR AMAZING 🎉🎉🎉UNIQUELY MADE ,🎉🎉🎉JESUS ❤❤❤",0
Future,Trap,prTEqR7p69s,Future - You Deserve It (Official Lyric Video),Future,2025 anybody??,0
Future,Trap,prTEqR7p69s,Future - You Deserve It (Official Lyric Video),Future,I stay by myself for real cause the snow came once a year before they left me out here bitch hahaha 😂🧾 no love,1
Future,Trap,prTEqR7p69s,Future - You Deserve It (Official Lyric Video),Future,Universe 2 just have one life to live hahaha with me 🧾 yeah 💯🧾😁 bye myself hahaha 👋🏽🤘🏽👋🏽 I'm the realest they never told me they was sorry for the first time,0
Future,Trap,prTEqR7p69s,Future - You Deserve It (Official Lyric Video),Future,Bitch the universe 2 runs like a movie for real and y'all hiding from me for real y'all not loyal im Daiman universe 2 know heart bitch im creole and I'm happy good don't change my mind are life im good goD 💯🤘🏽🎉🇺🇲 until the end sunrise good life bye myself hahaha 🧾🤎,0
Future,Trap,prTEqR7p69s,Future - You Deserve It (Official Lyric Video),Future,You deserve every single bit of it. 😂😂😂😂😂🎉🎉🎉🎉,0
Future,Trap,prTEqR7p69s,Future - You Deserve It (Official Lyric Video),Future,Yeah  yeah,0
Future,Trap,prTEqR7p69s,Future - You Deserve It (Official Lyric Video),Future,2025..still,2
Future,Trap,prTEqR7p69s,Future - You Deserve It (Official Lyric Video),Future,I paid attention my way,0
Future,Trap,prTEqR7p69s,Future - You Deserve It (Official Lyric Video),Future,Still hits years later in 2025,0
Future,Trap,prTEqR7p69s,Future - You Deserve It (Official Lyric Video),Future,That's what's up,0
Future,Trap,prTEqR7p69s,Future - You Deserve It (Official Lyric Video),Future,Yessah you deserve it ❤,0
Future,Trap,prTEqR7p69s,Future - You Deserve It (Official Lyric Video),Future,2025 still here,0
Future,Trap,prTEqR7p69s,Future - You Deserve It (Official Lyric Video),Future,Mannn say still grinding to did shii Here in 2025 super still dat guy 🫡💯💸🦅#FreeBandzForever,0
Future,Trap,prTEqR7p69s,Future - You Deserve It (Official Lyric Video),Future,2025,0
Future,Trap,prTEqR7p69s,Future - You Deserve It (Official Lyric Video),Future,This Song will always hit!! Who here in 2025?,60
Future,Trap,prTEqR7p69s,Future - You Deserve It (Official Lyric Video),Future,That's what's up,0
Future,Trap,prTEqR7p69s,Future - You Deserve It (Official Lyric Video),Future,"I was cool as hell when this came out, about 19, couldn’t tell me ish. 😎😂",4
Future,Trap,prTEqR7p69s,Future - You Deserve It (Official Lyric Video),Future,Remember bumping this thinking about my middle school gf🤣🤣🤣,6
Future,Trap,prTEqR7p69s,Future - You Deserve It (Official Lyric Video),Future,Take me to target studio,0
Future,Trap,prTEqR7p69s,Future - You Deserve It (Official Lyric Video),Future,No guns allowed haadow,0
Future,Trap,prTEqR7p69s,Future - You Deserve It (Official Lyric Video),Future,Crimson records,0
Future,Trap,prTEqR7p69s,Future - You Deserve It (Official Lyric Video),Future,Fahalia,0
Future,Trap,prTEqR7p69s,Future - You Deserve It (Official Lyric Video),Future,I want you to show up right now at my house Dr 1300 I want you to sign up and I want you to fly over here on North shore line airline and I want you to come over to my house and I want you to sing to my son and my daughter and her friends I'm going to get me a hotel I want you to pick me fahilia alder Graham up my name is Dr filia 0:15 0:16 0:18 0:19,0
Future,Trap,prTEqR7p69s,Future - You Deserve It (Official Lyric Video),Future,"Again n again n again I feel future on this especially when you handle your business,!!!! REAL TALK!!!",0
Future,Trap,prTEqR7p69s,Future - You Deserve It (Official Lyric Video),Future,2025 y’all don’t know bout future been here since the first mixtape,4
Future,Trap,prTEqR7p69s,Future - You Deserve It (Official Lyric Video),Future,🤞🏽❤️❤️❤️🏆👑💸🏰⭐️🥇💰👑,0
Future,Trap,prTEqR7p69s,Future - You Deserve It (Official Lyric Video),Future,yes sir,0
Future,Trap,prTEqR7p69s,Future - You Deserve It (Official Lyric Video),Future,2025,1
Future,Trap,prTEqR7p69s,Future - You Deserve It (Official Lyric Video),Future,im not doing anything kingdom folds~,0
Future,Trap,prTEqR7p69s,Future - You Deserve It (Official Lyric Video),Future,listen to this one if youll hear no more ok V~,0
Future,Trap,prTEqR7p69s,Future - You Deserve It (Official Lyric Video),Future,🎉🎉Who Here 12/21/24 😊 ?,0
Future,Trap,prTEqR7p69s,Future - You Deserve It (Official Lyric Video),Future,God doesn't make mistakes,0
Future,Trap,prTEqR7p69s,Future - You Deserve It (Official Lyric Video),Future,Make me God ➕,0
Future,Trap,prTEqR7p69s,Future - You Deserve It (Official Lyric Video),Future,I deserve more hours,1
Future,Trap,prTEqR7p69s,Future - You Deserve It (Official Lyric Video),Future,This song was ahead of its time. Still so so good in 2024,19
Future,Trap,prTEqR7p69s,Future - You Deserve It (Official Lyric Video),Future,"""I believe in keeping it 1000 en staying humble""🥺🥺❤️❤️❤️🙏🏻",1
Future,Trap,prTEqR7p69s,Future - You Deserve It (Official Lyric Video),Future,I’m so happy future made it man. His music get me through alot . The REALEST nigga in the industry 💯,70
Future,Trap,prTEqR7p69s,Future - You Deserve It (Official Lyric Video),Future,2024,1
Future,Trap,prTEqR7p69s,Future - You Deserve It (Official Lyric Video),Future,RIP RICO 🙏🏾,2
Future,Trap,prTEqR7p69s,Future - You Deserve It (Official Lyric Video),Future,On my mama i deserve it,0
Future,Trap,prTEqR7p69s,Future - You Deserve It (Official Lyric Video),Future,"2024 and I'm STILL here! 🎉🙌🏾

This a mfing NOSTALGIC, TIMELESS, CLASSIC!! 😩🤞🏾💞🤞🏾 NO CAP! 🧢

I promise I miss this lil era SOOO MUCH. OMG!! What a time to be alive. 

Future songs 💐🌹💐 DEFINITELY make you feel some type of way, FOR REAL FOR REAL! 💯 Heartfelt songs such as this, and when he talk that upper echelon talk in his music.",4
Future,Trap,prTEqR7p69s,Future - You Deserve It (Official Lyric Video),Future,How ya lil cousin doing Future,0
Future,Trap,prTEqR7p69s,Future - You Deserve It (Official Lyric Video),Future,You deserve it,0
Future,Trap,prTEqR7p69s,Future - You Deserve It (Official Lyric Video),Future,I almost cried hearing this just now. I just received my 2nd degree😭🎉🎉,4
Future,Trap,prTEqR7p69s,Future - You Deserve It (Official Lyric Video),Future,💖💯💜✝️🛐,0
Future,Trap,prTEqR7p69s,Future - You Deserve It (Official Lyric Video),Future,2012,0
Future,Trap,prTEqR7p69s,Future - You Deserve It (Official Lyric Video),Future,"This song brought tears to my eyes July, 14th 2024. I’ve been dealing with congestive heart failure, now end stage failure for nearly 3 years. Just woke up to the best news of my life, the hospital found a heart!! It’s been a journey!! I’m so grateful for my donor and a new lease on life. I definitely deserve it!!!!",299
Future,Trap,prTEqR7p69s,Future - You Deserve It (Official Lyric Video),Future,I love this song  I think about all my accomplishments  and say to myself you deserve it,7
Future,Trap,prTEqR7p69s,Future - You Deserve It (Official Lyric Video),Future,2024 ❤,1
Future,Trap,prTEqR7p69s,Future - You Deserve It (Official Lyric Video),Future,Love this song 🎧 ❤,0
Future,Trap,prTEqR7p69s,Future - You Deserve It (Official Lyric Video),Future,This song gon be on tt soon watch,1
Future,Trap,prTEqR7p69s,Future - You Deserve It (Official Lyric Video),Future,Am still bumping this shit 2024 💯💯🔥🔥🔥🔥🔥🔥,2
Future,Trap,prTEqR7p69s,Future - You Deserve It (Official Lyric Video),Future,Straight classics 👌,1
Future,Trap,prTEqR7p69s,Future - You Deserve It (Official Lyric Video),Future,Favorite album,1
Future,Trap,prTEqR7p69s,Future - You Deserve It (Official Lyric Video),Future,Who’s here in 2024,54
Future,Trap,prTEqR7p69s,Future - You Deserve It (Official Lyric Video),Future,What’s the track,0
Future,Trap,prTEqR7p69s,Future - You Deserve It (Official Lyric Video),Future,Ll,0
Future,Trap,prTEqR7p69s,Future - You Deserve It (Official Lyric Video),Future,Deserve what,0
Future,Trap,prTEqR7p69s,Future - You Deserve It (Official Lyric Video),Future,🩸💯💪🏾 2024,1
Future,Trap,prTEqR7p69s,Future - You Deserve It (Official Lyric Video),Future,LET'S FUCKING GO #USEDCAR,0
Future,Trap,prTEqR7p69s,Future - You Deserve It (Official Lyric Video),Future,"This hits so nice right now it's making me ball happy tears, I feel this so hard. Praise Allah, our GOD is good. The path I've been on hasn't been easy there is prosperity in healing and letting go I love you future thank you so much you've helped me through this journey more than you know thank you for your contribution to the earth and collective consciousness. Starseeds unite ❤🙏👽",5
Future,Trap,prTEqR7p69s,Future - You Deserve It (Official Lyric Video),Future,"I used to listen to this over and over with my best friend Scotty B. It was during one of the worst times in my life and one of the worst times in his life. One night he saved me from an overdose and the next night I saved him from an overdose. We were living together in my grandparents basement. We looked out for each other and never did the other wrong. One day I was having a rough time. I wanted to get clean and turn my life around and actually be happy and all I could do was cry. I told him that I believed that I was destined to be miserable and use until I die but it wouldn’t happen for a long time because I was meant to suffer. We talked and he told me that I’m supposed to be happy and healthy and that I deserve to be happy and healthy. That someday I will be clean and happy and healthy and I’ll be able to look back at those dark times and be grateful for not giving up. Then he said listen and played this song. He was right, I made it. Sadly he didn’t. We were able to get clean but he relapsed last January and overdosed. I missed his call and wasn’t there to save him. RIP Scotty B",3
Future,Trap,prTEqR7p69s,Future - You Deserve It (Official Lyric Video),Future,106understatement,0
Future,Trap,prTEqR7p69s,Future - You Deserve It (Official Lyric Video),Future,This future mom favorite song by him 💯,41
Future,Trap,prTEqR7p69s,Future - You Deserve It (Official Lyric Video),Future,Cool 😂,0
Future,Trap,prTEqR7p69s,Future - You Deserve It (Official Lyric Video),Future,Use to bump this in my box Chevy.  Now my broke ass bumping it on a slammed honda sleeper bike 🤣,4
Future,Trap,prTEqR7p69s,Future - You Deserve It (Official Lyric Video),Future,*Proud of myself for all I've accomplished. Had to come back to listen to this.*,27
Future,Trap,prTEqR7p69s,Future - You Deserve It (Official Lyric Video),Future,bring tears to my eyes,0
Future,Trap,prTEqR7p69s,Future - You Deserve It (Official Lyric Video),Future,Amen😂,0
Future,Trap,prTEqR7p69s,Future - You Deserve It (Official Lyric Video),Future,Still My shitttt 🔥🔥🔥🔥,0
Future,Trap,prTEqR7p69s,Future - You Deserve It (Official Lyric Video),Future,"To my husband and my son dada Boss man Walt we've been doing it for the past 3 years and I AM SO GRATEFUL FOR THE OPPORTUNITY TO BE ABLE TO DO IT FOR THE REST OF LIVES WITH THE MAN WHO I WAS CREATED FROM HIS RIB....


❤❤❤❤❤
NOW WITH OUT FURTHER ADO LET'S LIVE IT UP CUZ WE MADE IT TO THE TOP ❤️♊♊- FOREVER THE WIFE/LIFE OF A SELFMADE BOSS...",2
Future,Trap,prTEqR7p69s,Future - You Deserve It (Official Lyric Video),Future,Fuck it,0
Future,Trap,prTEqR7p69s,Future - You Deserve It (Official Lyric Video),Future,🔥🔥🔥,0
Future,Trap,prTEqR7p69s,Future - You Deserve It (Official Lyric Video),Future,☀️☀️☀️☀️☀️☀️☀️☀️,0
Future,Trap,prTEqR7p69s,Future - You Deserve It (Official Lyric Video),Future,THE ROUTE I CHOSE TO TAKE... THROUGH THE JUNGLE!,3
Future,Trap,prTEqR7p69s,Future - You Deserve It (Official Lyric Video),Future,❤❤❤❤❤ I remember the first time I heard this song and I knew that I would always come to this one when I get discouraged and I bounced back every fucking time 🎉😅😊,7
Future,Trap,prTEqR7p69s,Future - You Deserve It (Official Lyric Video),Future,Howdy,0
Future,Trap,prTEqR7p69s,Future - You Deserve It (Official Lyric Video),Future,Fuc yeah we can all get it an forget that mest up past we had an them fake friends.,1
Future,Trap,prTEqR7p69s,Future - You Deserve It (Official Lyric Video),Future,I ALWAYS LOSE MY COOL,3
Future,Trap,prTEqR7p69s,Future - You Deserve It (Official Lyric Video),Future,I know you see it.!!!,0
Future,Trap,prTEqR7p69s,Future - You Deserve It (Official Lyric Video),Future,My favorite song hey,0
Future,Trap,prTEqR7p69s,Future - You Deserve It (Official Lyric Video),Future,Mi n Connie Shopp don shopp so dues she's,0
Future,Trap,prTEqR7p69s,Future - You Deserve It (Official Lyric Video),Future,I use to bump this in my 1996 Mercury sable 😮,2
Future,Trap,prTEqR7p69s,Future - You Deserve It (Official Lyric Video),Future,"Absolutely, I do work very hard for my money",1
Future,Trap,prTEqR7p69s,Future - You Deserve It (Official Lyric Video),Future,Here cause of Yrg Hitz Story🤣🤣,1
Future,Trap,prTEqR7p69s,Future - You Deserve It (Official Lyric Video),Future,🎉😢 #professorsmall,0
Future,Trap,prTEqR7p69s,Future - You Deserve It (Official Lyric Video),Future,I got in my 1st shootout cuz my step-dad  refused 2 pay for his crack. Dem bois said dey wuz gne shoot my house up so I did what I did I deserve all the blessings no clout chase jus my life,0
Future,Trap,prTEqR7p69s,Future - You Deserve It (Official Lyric Video),Future,2023-✨💃✨,3
Future,Trap,prTEqR7p69s,Future - You Deserve It (Official Lyric Video),Future,Prime future was untouched,25
Future,Trap,prTEqR7p69s,Future - You Deserve It (Official Lyric Video),Future,My 2023 deserves it! 🤞🏿,0
Future,Trap,prTEqR7p69s,Future - You Deserve It (Official Lyric Video),Future,"I just got hip to this song in 2023. I ain't mad,  i'm glad i found it 🔥",20
Future,Trap,prTEqR7p69s,Future - You Deserve It (Official Lyric Video),Future,Congratulations Bang.... you MURDAAA THAT SHIT✊🏿✊🏿✊🏿 you the MFN truth lil baby💋,1
Future,Trap,prTEqR7p69s,Future - You Deserve It (Official Lyric Video),Future,I deserve it ☝️,6
Future,Trap,prTEqR7p69s,Future - You Deserve It (Official Lyric Video),Future,You are enough ♡,3
Future,Trap,prTEqR7p69s,Future - You Deserve It (Official Lyric Video),Future,🏁,0
Future,Trap,prTEqR7p69s,Future - You Deserve It (Official Lyric Video),Future,🤪😘😜✌🧠👩‍🔬👨‍💻📈📉🧠,0
Future,Trap,prTEqR7p69s,Future - You Deserve It (Official Lyric Video),Future,I deserve every dime of my privacy,0
Future,Trap,prTEqR7p69s,Future - You Deserve It (Official Lyric Video),Future,U dESERVE IT!.,0
Future,Trap,prTEqR7p69s,Future - You Deserve It (Official Lyric Video),Future,https://youtu.be/jG4oHkEhl0k,0
Future,Trap,prTEqR7p69s,Future - You Deserve It (Official Lyric Video),Future,OLD FUTURE ❤,13
Future,Trap,prTEqR7p69s,Future - You Deserve It (Official Lyric Video),Future,FUTURE,0
Future,Trap,prTEqR7p69s,Future - You Deserve It (Official Lyric Video),Future,"Future, YOU DESERVE THAT SHIT! Trap God one of the best to ever do it.",15
Future,Trap,prTEqR7p69s,Future - You Deserve It (Official Lyric Video),Future,#Pluto 🦅🤴🏽🅿️💙💪🏾💯 #Superfly #ToxicDoctor #INEVERLIKEDYOU #NoAdvance2 #OhReally #Monster #BeastMode #BeastMode2 #AstronautStatus #MyTurnDeluxe #CityOnLock #Culture #AllOutNow #TuneIn 2 #UpNextEnt ✊🏾😎,1
Future,Trap,prTEqR7p69s,Future - You Deserve It (Official Lyric Video),Future,(Hit the stink faceeeee) loveeee futureeee,1
Future,Trap,prTEqR7p69s,Future - You Deserve It (Official Lyric Video),Future,This my favorite one,1
Future,Trap,prTEqR7p69s,Future - You Deserve It (Official Lyric Video),Future,shii too fire 🔥🔥,2
Future,Trap,prTEqR7p69s,Future - You Deserve It (Official Lyric Video),Future,Future is a huge inspiration to me and I WILL produce a song for him one day.,9
Future,Trap,prTEqR7p69s,Future - You Deserve It (Official Lyric Video),Future,Tune in or be respectfully tuned out! 5-20-22 https://youtu.be/xsGHHHSowkk,0
Future,Trap,prTEqR7p69s,Future - You Deserve It (Official Lyric Video),Future,"Future spittin BARS, I wasn't ready loll",1
Future,Trap,prTEqR7p69s,Future - You Deserve It (Official Lyric Video),Future,👻💪⚡️🙌✨️Manifested his Future 💯🗣💥💎,0
Future,Trap,prTEqR7p69s,Future - You Deserve It (Official Lyric Video),Future,He must got his masters. Smart AF,1
Future,Trap,prTEqR7p69s,Future - You Deserve It (Official Lyric Video),Future,💋😤,0
Future,Trap,prTEqR7p69s,Future - You Deserve It (Official Lyric Video),Future,legit🔥🔥,1
Future,Trap,prTEqR7p69s,Future - You Deserve It (Official Lyric Video),Future,Kevin Samuels brought me here,0
Future,Trap,prTEqR7p69s,Future - You Deserve It (Official Lyric Video),Future,Was in 6 th grade wen he dropped this 22 now and still jam this bitch lik he just dropped it 😭😭😭🤦🏾‍♂️,1
Future,Trap,prTEqR7p69s,Future - You Deserve It (Official Lyric Video),Future,YOU DESERVE IT!!!😭😭😭😭,0
Future,Trap,prTEqR7p69s,Future - You Deserve It (Official Lyric Video),Future,💥,0
Future,Trap,prTEqR7p69s,Future - You Deserve It (Official Lyric Video),Future,🥰 thanks,0
Future,Trap,prTEqR7p69s,Future - You Deserve It (Official Lyric Video),Future,Forever my jam!,7
Future,Trap,prTEqR7p69s,Future - You Deserve It (Official Lyric Video),Future,This song definitely in my playlist,24
Future,Trap,prTEqR7p69s,Future - You Deserve It (Official Lyric Video),Future,Freemydawgs love4life,0
Future,Trap,prTEqR7p69s,Future - You Deserve It (Official Lyric Video),Future,Can't wait for the new album!!!!!!,4
Future,Trap,prTEqR7p69s,Future - You Deserve It (Official Lyric Video),Future,I'm in it w/u sign the below,0
Future,Trap,prTEqR7p69s,Future - You Deserve It (Official Lyric Video),Future,Hope to run into your presents again.,0
Future,Trap,prTEqR7p69s,Future - You Deserve It (Official Lyric Video),Future,🥰💜,0
Future,Trap,prTEqR7p69s,Future - You Deserve It (Official Lyric Video),Future,Motivational Pluto!,2
Future,Trap,prTEqR7p69s,Future - You Deserve It (Official Lyric Video),Future,Why is he suddenly uploading all these old tracks ? :p,1
Future,Trap,prTEqR7p69s,Future - You Deserve It (Official Lyric Video),Future,Do y’all remember the feeling when  this song dropped on the album,11
Future,Trap,prTEqR7p69s,Future - You Deserve It (Official Lyric Video),Future,PLUTO back at ittttt 🔥🔥 issa good reminder of old vibes,42
Future,Trap,prTEqR7p69s,Future - You Deserve It (Official Lyric Video),Future,Most underrated 👑,1
Future,Trap,prTEqR7p69s,Future - You Deserve It (Official Lyric Video),Future,New Tape When,0
Future,Trap,prTEqR7p69s,Future - You Deserve It (Official Lyric Video),Future,just what i needed 😤🙌,0
Future,Trap,prTEqR7p69s,Future - You Deserve It (Official Lyric Video),Future,I think this might be the worst fuckin album I have ever heard wtf,1
Future,Trap,prTEqR7p69s,Future - You Deserve It (Official Lyric Video),Future,So like is this your way of retiring or what cuz im crying 😒,1
Future,Trap,prTEqR7p69s,Future - You Deserve It (Official Lyric Video),Future,I'm glad some of the legends starting to remind people bring back some of these hood classics 💪🏾,158
Future,Trap,prTEqR7p69s,Future - You Deserve It (Official Lyric Video),Future,real hood classic 💯,16
Future,Trap,prTEqR7p69s,Future - You Deserve It (Official Lyric Video),Future,🔥🔥🔥,2
Future,Trap,prTEqR7p69s,Future - You Deserve It (Official Lyric Video),Future,I was bumping this back in college in 1994,11
Future,Trap,prTEqR7p69s,Future - You Deserve It (Official Lyric Video),Future,This years old...but still goes in,59
Future,Trap,prTEqR7p69s,Future - You Deserve It (Official Lyric Video),Future,😍,1
Future,Trap,prTEqR7p69s,Future - You Deserve It (Official Lyric Video),Future,legendary music😎😎👿,6
Future,Trap,prTEqR7p69s,Future - You Deserve It (Official Lyric Video),Future,https://youtu.be/H3JrdCtB7Rk,0
Future,Trap,prTEqR7p69s,Future - You Deserve It (Official Lyric Video),Future,Future please collab with Lil Nas X,4
Future,Trap,prTEqR7p69s,Future - You Deserve It (Official Lyric Video),Future,Yeaaaaaaaaaa future!!!!,2
Future,Trap,prTEqR7p69s,Future - You Deserve It (Official Lyric Video),Future,bruh i heard this song when i was 10,4
Future,Trap,prTEqR7p69s,Future - You Deserve It (Official Lyric Video),Future,"I used to bump this in my 97' Green Honda Civic, now I'm in da big Bently",346
Future,Trap,prTEqR7p69s,Future - You Deserve It (Official Lyric Video),Future,Classic,3
Future,Trap,prTEqR7p69s,Future - You Deserve It (Official Lyric Video),Future,Another Chicago summer classic 🔥,13
Future,Trap,prTEqR7p69s,Future - You Deserve It (Official Lyric Video),Future,Yea i was listening to this before i had kids that are 5th graders now 😂😂 #FireMarshallFuture 🦅,27
Future,Trap,prTEqR7p69s,Future - You Deserve It (Official Lyric Video),Future,I Can hear this song all over tiktok.....,4
Future,Trap,prTEqR7p69s,Future - You Deserve It (Official Lyric Video),Future,"I'm going to be on top of the MUSIC INDUSTRY, I promise 🌎😈✅🚀",2
Future,Trap,prTEqR7p69s,Future - You Deserve It (Official Lyric Video),Future,OG Pluto fans kno,25
Future,Trap,prTEqR7p69s,Future - You Deserve It (Official Lyric Video),Future,Sign me wilburn🙏,1
Future,Trap,prTEqR7p69s,Future - You Deserve It (Official Lyric Video),Future,Sign me future 🙏❤️🔥,1
Future,Trap,prTEqR7p69s,Future - You Deserve It (Official Lyric Video),Future,First,1
Future,Trap,prTEqR7p69s,Future - You Deserve It (Official Lyric Video),Future,"One doesn’t experience self transcendence, the illusion of self only dissipates}~🎈",4
Future,Trap,prTEqR7p69s,Future - You Deserve It (Official Lyric Video),Future,GOOOODD🔥🔥🔥🔥🔥,3
Future,Trap,prTEqR7p69s,Future - You Deserve It (Official Lyric Video),Future,Future lyin out his ass he got like 20 baby mamas which one is he talkin about????,1
Future,Trap,prTEqR7p69s,Future - You Deserve It (Official Lyric Video),Future,this song came out 9 years ago,51
Future,Trap,prTEqR7p69s,Future - You Deserve It (Official Lyric Video),Future,"Earlier here....2022
forex apes here",1
Future,Trap,prTEqR7p69s,Future - You Deserve It (Official Lyric Video),Future,This hoe came out like 10 years ago still a banger though,1
Future,Trap,prTEqR7p69s,Future - You Deserve It (Official Lyric Video),Future,Always gotta be you future,6
Future,Trap,prTEqR7p69s,Future - You Deserve It (Official Lyric Video),Future,Early,1
Future,Trap,prTEqR7p69s,Future - You Deserve It (Official Lyric Video),Future,🔥🔥🔥🔥🔥🔥,3
Future,Trap,prTEqR7p69s,Future - You Deserve It (Official Lyric Video),Future,The real question is who really invented Mac and cheese,8
Future,Trap,prTEqR7p69s,Future - You Deserve It (Official Lyric Video),Future,Mük,0
