artist,genre,video_id,video_title,channel_title,text,likes
J. Cole,Boom bap / Lyric,W5hSdGt2M8w,J. Cole – Work Out (Official Music Video),J. Cole,biebers brother?,0
J. Cole,Boom bap / Lyric,W5hSdGt2M8w,J. Cole – Work Out (Official Music Video),J. Cole,🔥🔥🔥🔥🐝🩶,0
J. Cole,Boom bap / Lyric,W5hSdGt2M8w,J. Cole – Work Out (Official Music Video),J. Cole,Who's here 2026🎉,0
J. Cole,Boom bap / Lyric,W5hSdGt2M8w,J. Cole – Work Out (Official Music Video),J. Cole,God bless Kanye for that one measure that birthed this whole beat..,0
J. Cole,Boom bap / Lyric,W5hSdGt2M8w,J. Cole – Work Out (Official Music Video),J. Cole,Omg 2 door fords 😂,1
J. Cole,Boom bap / Lyric,W5hSdGt2M8w,J. Cole – Work Out (Official Music Video),J. Cole,"@ahmadhamilton5386,KINGDAVON&7777777 J.COLE-WORK OUT OFFICIAL MUSIC VIDEO 6/21/2026",0
J. Cole,Boom bap / Lyric,W5hSdGt2M8w,J. Cole – Work Out (Official Music Video),J. Cole,Gah damn I forgot how hot he was,0
J. Cole,Boom bap / Lyric,W5hSdGt2M8w,J. Cole – Work Out (Official Music Video),J. Cole,Yea this a banger. Try listening to a song from from 17 yrs old +,0
J. Cole,Boom bap / Lyric,W5hSdGt2M8w,J. Cole – Work Out (Official Music Video),J. Cole,This song was popping out went I was learning English and I was trying to figure out was this song talking about lol well it’s 2026 and still don’t understand it at all 😂,0
J. Cole,Boom bap / Lyric,W5hSdGt2M8w,J. Cole – Work Out (Official Music Video),J. Cole,WAR - 🌃🪖💂‍♂️📽️🗾🎚️🗣️🦾,0
J. Cole,Boom bap / Lyric,W5hSdGt2M8w,J. Cole – Work Out (Official Music Video),J. Cole,PSALMS 31 🎓 🪖🗾🐾🎚️🚂📽️🌃🌊🥉🏀🎓🦾♐🇯🇵📽️💯,0
J. Cole,Boom bap / Lyric,W5hSdGt2M8w,J. Cole – Work Out (Official Music Video),J. Cole,AMEN PSALMS 31 AMEN 🪖🙏🏀🔞🙏,0
J. Cole,Boom bap / Lyric,W5hSdGt2M8w,J. Cole – Work Out (Official Music Video),J. Cole,I am sorry Nas but you just wanted to hate. This song was good and still is,1
J. Cole,Boom bap / Lyric,W5hSdGt2M8w,J. Cole – Work Out (Official Music Video),J. Cole,forever a banger fr,0
J. Cole,Boom bap / Lyric,W5hSdGt2M8w,J. Cole – Work Out (Official Music Video),J. Cole,#IheartRadio,0
J. Cole,Boom bap / Lyric,W5hSdGt2M8w,J. Cole – Work Out (Official Music Video),J. Cole,#Dreamworks,0
J. Cole,Boom bap / Lyric,W5hSdGt2M8w,J. Cole – Work Out (Official Music Video),J. Cole,#VaynerMedia,0
J. Cole,Boom bap / Lyric,W5hSdGt2M8w,J. Cole – Work Out (Official Music Video),J. Cole,❤ jcole,0
J. Cole,Boom bap / Lyric,W5hSdGt2M8w,J. Cole – Work Out (Official Music Video),J. Cole,🎉❤ur welcome 919,0
J. Cole,Boom bap / Lyric,W5hSdGt2M8w,J. Cole – Work Out (Official Music Video),J. Cole,15 years flew by 😩😩,1
J. Cole,Boom bap / Lyric,W5hSdGt2M8w,J. Cole – Work Out (Official Music Video),J. Cole,I heard this song when they came out with that “if life was a song” been hooked since a kid 😂,1
J. Cole,Boom bap / Lyric,W5hSdGt2M8w,J. Cole – Work Out (Official Music Video),J. Cole,Same model Pinnaple video music from Rick Ross and Drake,0
J. Cole,Boom bap / Lyric,W5hSdGt2M8w,J. Cole – Work Out (Official Music Video),J. Cole,Money can't buyy your love cuz its over-priced 1:26,0
J. Cole,Boom bap / Lyric,W5hSdGt2M8w,J. Cole – Work Out (Official Music Video),J. Cole,No ways this is Cole,1
J. Cole,Boom bap / Lyric,W5hSdGt2M8w,J. Cole – Work Out (Official Music Video),J. Cole,Takin me back to my early 20s 15 years ago😂,0
J. Cole,Boom bap / Lyric,W5hSdGt2M8w,J. Cole – Work Out (Official Music Video),J. Cole,Hehhshhs baupabrhs. Ahsbeupwsaahsbbaipahs rus. Aahsbeupabeaopabrusbaahs rus. Hsbriowqqu bais bipabyus  aipabs. Saahsbeupabeipahsbbaahsbejwqqusbbipahhossbj,0
J. Cole,Boom bap / Lyric,W5hSdGt2M8w,J. Cole – Work Out (Official Music Video),J. Cole,2026,1
J. Cole,Boom bap / Lyric,W5hSdGt2M8w,J. Cole – Work Out (Official Music Video),J. Cole,Frl tho,1
J. Cole,Boom bap / Lyric,W5hSdGt2M8w,J. Cole – Work Out (Official Music Video),J. Cole,born some eimmortales,0
J. Cole,Boom bap / Lyric,W5hSdGt2M8w,J. Cole – Work Out (Official Music Video),J. Cole,ty for reproducing,1
J. Cole,Boom bap / Lyric,W5hSdGt2M8w,J. Cole – Work Out (Official Music Video),J. Cole,The dunk on 1:30 is crazy,1
J. Cole,Boom bap / Lyric,W5hSdGt2M8w,J. Cole – Work Out (Official Music Video),J. Cole,"2026, who here?",0
J. Cole,Boom bap / Lyric,W5hSdGt2M8w,J. Cole – Work Out (Official Music Video),J. Cole,🇸🇦❤️🦅♟️🦅❤️♟️🥷🏼🎩🔥‼️🔥🔥🔥🔥🔥♟️🎩🇸🇦🦅🇸🇦🦅🇸🇦🦅,1
J. Cole,Boom bap / Lyric,W5hSdGt2M8w,J. Cole – Work Out (Official Music Video),J. Cole,I found out this banger on the radio,0
J. Cole,Boom bap / Lyric,W5hSdGt2M8w,J. Cole – Work Out (Official Music Video),J. Cole,I didn't know this was a J.Cole track. I always thought this was by Chris Brown for some reason. What the fuck 😂,0
J. Cole,Boom bap / Lyric,W5hSdGt2M8w,J. Cole – Work Out (Official Music Video),J. Cole,Damn he was sexy,0
J. Cole,Boom bap / Lyric,W5hSdGt2M8w,J. Cole – Work Out (Official Music Video),J. Cole,I’ve allways treated people with the most respect  NO MATTER WHAT OR WHO THEY ARE UNTIL THEY DISRESPECT,0
J. Cole,Boom bap / Lyric,W5hSdGt2M8w,J. Cole – Work Out (Official Music Video),J. Cole,Ian think we dot. Knoe joke cath eitns og wrap gon go protect joke dhe play thst ahit,0
J. Cole,Boom bap / Lyric,W5hSdGt2M8w,J. Cole – Work Out (Official Music Video),J. Cole,.so what's life like take a chance roll a dice 🎲 😢,0
J. Cole,Boom bap / Lyric,W5hSdGt2M8w,J. Cole – Work Out (Official Music Video),J. Cole,Great 👌 but to commercial,0
J. Cole,Boom bap / Lyric,W5hSdGt2M8w,J. Cole – Work Out (Official Music Video),J. Cole,Nas ass was tripping. This is a hit😂,0
J. Cole,Boom bap / Lyric,W5hSdGt2M8w,J. Cole – Work Out (Official Music Video),J. Cole,im only hear for the night 🤍,0
J. Cole,Boom bap / Lyric,W5hSdGt2M8w,J. Cole – Work Out (Official Music Video),J. Cole,❤❤❤,1
J. Cole,Boom bap / Lyric,W5hSdGt2M8w,J. Cole – Work Out (Official Music Video),J. Cole,BEST SONG IN 2020,1
J. Cole,Boom bap / Lyric,W5hSdGt2M8w,J. Cole – Work Out (Official Music Video),J. Cole,... 🎉,0
J. Cole,Boom bap / Lyric,W5hSdGt2M8w,J. Cole – Work Out (Official Music Video),J. Cole,06/10/26,2
J. Cole,Boom bap / Lyric,W5hSdGt2M8w,J. Cole – Work Out (Official Music Video),J. Cole,I know a lot of music and I love this song ❤,1
J. Cole,Boom bap / Lyric,W5hSdGt2M8w,J. Cole – Work Out (Official Music Video),J. Cole,Fucking banger,13
J. Cole,Boom bap / Lyric,W5hSdGt2M8w,J. Cole – Work Out (Official Music Video),J. Cole,Vessie Jodie hazel hui,0
J. Cole,Boom bap / Lyric,W5hSdGt2M8w,J. Cole – Work Out (Official Music Video),J. Cole,"@lyrics2challenged, this was 5 years ago 😂",2
J. Cole,Boom bap / Lyric,W5hSdGt2M8w,J. Cole – Work Out (Official Music Video),J. Cole,Sideline story such a banger 8.7/10,0
J. Cole,Boom bap / Lyric,W5hSdGt2M8w,J. Cole – Work Out (Official Music Video),J. Cole,$$$$$$$$$$#$$$$🎉🎉😢😮😅😊😊😊❤😮😮😅,2
J. Cole,Boom bap / Lyric,W5hSdGt2M8w,J. Cole – Work Out (Official Music Video),J. Cole,Motumbo niles,2
J. Cole,Boom bap / Lyric,W5hSdGt2M8w,J. Cole – Work Out (Official Music Video),J. Cole,❤❤❤❤❤❤❤❤❤,2
J. Cole,Boom bap / Lyric,W5hSdGt2M8w,J. Cole – Work Out (Official Music Video),J. Cole,I love music,1
J. Cole,Boom bap / Lyric,W5hSdGt2M8w,J. Cole – Work Out (Official Music Video),J. Cole,9/6/2026,1
J. Cole,Boom bap / Lyric,W5hSdGt2M8w,J. Cole – Work Out (Official Music Video),J. Cole,Everytime I hear this I think about my baby mamas 😅😢,2
J. Cole,Boom bap / Lyric,W5hSdGt2M8w,J. Cole – Work Out (Official Music Video),J. Cole,😩🌸💐,1
J. Cole,Boom bap / Lyric,W5hSdGt2M8w,J. Cole – Work Out (Official Music Video),J. Cole,July 2026?,1
J. Cole,Boom bap / Lyric,W5hSdGt2M8w,J. Cole – Work Out (Official Music Video),J. Cole,Straight up,2
J. Cole,Boom bap / Lyric,W5hSdGt2M8w,J. Cole – Work Out (Official Music Video),J. Cole,Subscribe,1
J. Cole,Boom bap / Lyric,W5hSdGt2M8w,J. Cole – Work Out (Official Music Video),J. Cole,SANTA CRUZ!,0
J. Cole,Boom bap / Lyric,W5hSdGt2M8w,J. Cole – Work Out (Official Music Video),J. Cole,Akways a banger!,4
J. Cole,Boom bap / Lyric,W5hSdGt2M8w,J. Cole – Work Out (Official Music Video),J. Cole,The beginning 😌,2
J. Cole,Boom bap / Lyric,W5hSdGt2M8w,J. Cole – Work Out (Official Music Video),J. Cole,The eyes and facial expressions is absolute Cinema,4
J. Cole,Boom bap / Lyric,W5hSdGt2M8w,J. Cole – Work Out (Official Music Video),J. Cole,Lightskin ahh song,0
J. Cole,Boom bap / Lyric,W5hSdGt2M8w,J. Cole – Work Out (Official Music Video),J. Cole,2026 anybody,6
J. Cole,Boom bap / Lyric,W5hSdGt2M8w,J. Cole – Work Out (Official Music Video),J. Cole,"J Cole you are number 1 belive in yourself kindly give me song like this I waiting from last 13 years,",1
J. Cole,Boom bap / Lyric,W5hSdGt2M8w,J. Cole – Work Out (Official Music Video),J. Cole,Njayam🐶🔥👨‍🚒,1
J. Cole,Boom bap / Lyric,W5hSdGt2M8w,J. Cole – Work Out (Official Music Video),J. Cole,0:09,0
J. Cole,Boom bap / Lyric,W5hSdGt2M8w,J. Cole – Work Out (Official Music Video),J. Cole,Own boss,0
J. Cole,Boom bap / Lyric,W5hSdGt2M8w,J. Cole – Work Out (Official Music Video),J. Cole,act like you see me I get it make it happen,0
J. Cole,Boom bap / Lyric,W5hSdGt2M8w,J. Cole – Work Out (Official Music Video),J. Cole,Is this the song that let Nas down?,0
J. Cole,Boom bap / Lyric,W5hSdGt2M8w,J. Cole – Work Out (Official Music Video),J. Cole,Wake up guys this song is 5yrs agooo😮,2
J. Cole,Boom bap / Lyric,W5hSdGt2M8w,J. Cole – Work Out (Official Music Video),J. Cole,Says 5 years ago but ogs know this Banger been out way longer,1
J. Cole,Boom bap / Lyric,W5hSdGt2M8w,J. Cole – Work Out (Official Music Video),J. Cole,He was handsome with this hairstyle❤ this one is still a vibe right here🎶,0
J. Cole,Boom bap / Lyric,W5hSdGt2M8w,J. Cole – Work Out (Official Music Video),J. Cole,my light skin goat,1
J. Cole,Boom bap / Lyric,W5hSdGt2M8w,J. Cole – Work Out (Official Music Video),J. Cole,Teach daughte roaky it take hour but il do wtf good vocal couj realy taught to sign 35 minutes if she realy enst o be single arrist jome,0
J. Cole,Boom bap / Lyric,W5hSdGt2M8w,J. Cole – Work Out (Official Music Video),J. Cole,"2025 anyone?
👇🏽",1
J. Cole,Boom bap / Lyric,W5hSdGt2M8w,J. Cole – Work Out (Official Music Video),J. Cole,"@ADRIANSUTING_B5B
WHO   S
STILL
LISTENING
TO
THIS
BANGER
IN
2026",0
J. Cole,Boom bap / Lyric,W5hSdGt2M8w,J. Cole – Work Out (Official Music Video),J. Cole,❤,0
J. Cole,Boom bap / Lyric,W5hSdGt2M8w,J. Cole – Work Out (Official Music Video),J. Cole,Gen Xer who would listen to this banger with her Milllenial son on the way to and from high school. Still bumpin' it 15 years later.,1
J. Cole,Boom bap / Lyric,W5hSdGt2M8w,J. Cole – Work Out (Official Music Video),J. Cole,.....,0
J. Cole,Boom bap / Lyric,W5hSdGt2M8w,J. Cole – Work Out (Official Music Video),J. Cole,This should have a billion views,0
J. Cole,Boom bap / Lyric,W5hSdGt2M8w,J. Cole – Work Out (Official Music Video),J. Cole,🔥🔥🔥🔥👑👑,0
J. Cole,Boom bap / Lyric,W5hSdGt2M8w,J. Cole – Work Out (Official Music Video),J. Cole,It hit different when the lyrics real asf 😭🫱🏾‍🫲🏽🤪,0
J. Cole,Boom bap / Lyric,W5hSdGt2M8w,J. Cole – Work Out (Official Music Video),J. Cole,bro i was trying to find it now its here!!!!,0
J. Cole,Boom bap / Lyric,W5hSdGt2M8w,J. Cole – Work Out (Official Music Video),J. Cole,DAM  ANOTHER ONE  ! Gone. Stay focus on that which is RIGHT,0
J. Cole,Boom bap / Lyric,W5hSdGt2M8w,J. Cole – Work Out (Official Music Video),J. Cole,Is he meant to be flat?,0
J. Cole,Boom bap / Lyric,W5hSdGt2M8w,J. Cole – Work Out (Official Music Video),J. Cole,I had a tank Cannon mac11 sniper rifle machete a chainsaw ak47 shotgun tech9 an a .38 by my dick an my lower leg was a 380 an cheaker board chess with a crocodile spine an my right leg Flamethrower nitrogas box chain saw another machete shotgun tech9 38 an these were called my angel wings women come All over the world to sleep with these wings just think I had 5 Beretta before an pag leg but I taught you how to skateboard with gun on my hip ull ate my greatest accomplishments  Mario brothers I'll always be ur french fry marshmallow Casper pitbull u start talking br Telling me that I love u journey mom can I go w😮ith him were is he u give me the name journey at 3 yrs after listening to this song  while u watch my ass shot tattoo my angel wing goes out to my baby momma drama ak47 mac11 glocks an 9s shotgun pop pop pop it's made for women to levitate over another woman who's disrespectful an burning ur baby daddy I'm forever an ever be ur don von king pinkietoe,1
J. Cole,Boom bap / Lyric,W5hSdGt2M8w,J. Cole – Work Out (Official Music Video),J. Cole,06:07,0
J. Cole,Boom bap / Lyric,W5hSdGt2M8w,J. Cole – Work Out (Official Music Video),J. Cole,01:01,0
J. Cole,Boom bap / Lyric,W5hSdGt2M8w,J. Cole – Work Out (Official Music Video),J. Cole,0:45,1
J. Cole,Boom bap / Lyric,W5hSdGt2M8w,J. Cole – Work Out (Official Music Video),J. Cole,0:28,0
J. Cole,Boom bap / Lyric,W5hSdGt2M8w,J. Cole – Work Out (Official Music Video),J. Cole,0:17,0
J. Cole,Boom bap / Lyric,W5hSdGt2M8w,J. Cole – Work Out (Official Music Video),J. Cole,#ScottPendelbury 1:48,0
J. Cole,Boom bap / Lyric,W5hSdGt2M8w,J. Cole – Work Out (Official Music Video),J. Cole,#HarleyReid 1:34,0
J. Cole,Boom bap / Lyric,W5hSdGt2M8w,J. Cole – Work Out (Official Music Video),J. Cole,179000 KING OR GING ALCOY RD PLATINUM I FREE RUSSIA AGAINST BABYLON 🏴󠁧󠁢󠁳󠁣󠁴󠁿,0
J. Cole,Boom bap / Lyric,W5hSdGt2M8w,J. Cole – Work Out (Official Music Video),J. Cole,O'Malley$,0
J. Cole,Boom bap / Lyric,W5hSdGt2M8w,J. Cole – Work Out (Official Music Video),J. Cole,He was so young wtf,0
J. Cole,Boom bap / Lyric,W5hSdGt2M8w,J. Cole – Work Out (Official Music Video),J. Cole,5-23-26,0
J. Cole,Boom bap / Lyric,W5hSdGt2M8w,J. Cole – Work Out (Official Music Video),J. Cole,I like that he doesn’t have lyrics for any song he a real one,0
J. Cole,Boom bap / Lyric,W5hSdGt2M8w,J. Cole – Work Out (Official Music Video),J. Cole,El Classico,0
J. Cole,Boom bap / Lyric,W5hSdGt2M8w,J. Cole – Work Out (Official Music Video),J. Cole,"COMMENTS
15K
CANCELE
0
SECONDS
AGO",0
J. Cole,Boom bap / Lyric,W5hSdGt2M8w,J. Cole – Work Out (Official Music Video),J. Cole,"@ADRIANSUTING_B5B
WHOS
STILL
LISTENING
TO
THIS
BANGER
IN
2026",0
J. Cole,Boom bap / Lyric,W5hSdGt2M8w,J. Cole – Work Out (Official Music Video),J. Cole,Necklace as earrings is sooooo early 2010’s coded 😭🤏🏾,0
J. Cole,Boom bap / Lyric,W5hSdGt2M8w,J. Cole – Work Out (Official Music Video),J. Cole,2026,0
J. Cole,Boom bap / Lyric,W5hSdGt2M8w,J. Cole – Work Out (Official Music Video),J. Cole,Nostalgia,0
J. Cole,Boom bap / Lyric,W5hSdGt2M8w,J. Cole – Work Out (Official Music Video),J. Cole,He was so cute here! 😍🥰,1
J. Cole,Boom bap / Lyric,W5hSdGt2M8w,J. Cole – Work Out (Official Music Video),J. Cole,Thank you for sharing Christmas 🎄🎁🎄🎁🎄🎁🎄🎁🎄🎁🎄🎁🎄🎁🎄🎁🎄🎁🎄🎁🎄🎁🎄🎁🎄🎁🎄🎁🎄🎁,1
J. Cole,Boom bap / Lyric,W5hSdGt2M8w,J. Cole – Work Out (Official Music Video),J. Cole,Aqui está o comentário brasileiro que você estava procurando 🇧🇷,0
J. Cole,Boom bap / Lyric,W5hSdGt2M8w,J. Cole – Work Out (Official Music Video),J. Cole,That's the last chance you getting with that girl like you couldn't even get with that girl but you still have that on your brain huh,0
J. Cole,Boom bap / Lyric,W5hSdGt2M8w,J. Cole – Work Out (Official Music Video),J. Cole,VERY Beautiful looking girls especially the brown one,0
J. Cole,Boom bap / Lyric,W5hSdGt2M8w,J. Cole – Work Out (Official Music Video),J. Cole,"J Cole ,😎",2
J. Cole,Boom bap / Lyric,W5hSdGt2M8w,J. Cole – Work Out (Official Music Video),J. Cole,0:01 Paula Abdul bought me here.,0
J. Cole,Boom bap / Lyric,W5hSdGt2M8w,J. Cole – Work Out (Official Music Video),J. Cole,crazy how this song inspired top 3 off born sinner✌,0
J. Cole,Boom bap / Lyric,W5hSdGt2M8w,J. Cole – Work Out (Official Music Video),J. Cole,Everybody I'll admit it for us all,1
J. Cole,Boom bap / Lyric,W5hSdGt2M8w,J. Cole – Work Out (Official Music Video),J. Cole,Oh oh oh.,1
J. Cole,Boom bap / Lyric,W5hSdGt2M8w,J. Cole – Work Out (Official Music Video),J. Cole,05/2026 Anyone remember our high school days? #Classof2012,2
J. Cole,Boom bap / Lyric,W5hSdGt2M8w,J. Cole – Work Out (Official Music Video),J. Cole,Guys no offense I'm gay😂,1
J. Cole,Boom bap / Lyric,W5hSdGt2M8w,J. Cole – Work Out (Official Music Video),J. Cole,❤🎉,0
J. Cole,Boom bap / Lyric,W5hSdGt2M8w,J. Cole – Work Out (Official Music Video),J. Cole,Is that Bernice?,1
J. Cole,Boom bap / Lyric,W5hSdGt2M8w,J. Cole – Work Out (Official Music Video),J. Cole,2026 ?,0
J. Cole,Boom bap / Lyric,W5hSdGt2M8w,J. Cole – Work Out (Official Music Video),J. Cole,sales=comission+target 😎,0
J. Cole,Boom bap / Lyric,W5hSdGt2M8w,J. Cole – Work Out (Official Music Video),J. Cole,Curator,0
J. Cole,Boom bap / Lyric,W5hSdGt2M8w,J. Cole – Work Out (Official Music Video),J. Cole,Should have sold dick probably would have made more..,1
J. Cole,Boom bap / Lyric,W5hSdGt2M8w,J. Cole – Work Out (Official Music Video),J. Cole,🖤,2
J. Cole,Boom bap / Lyric,W5hSdGt2M8w,J. Cole – Work Out (Official Music Video),J. Cole,🎉🎉🎉🎉🎉,0
J. Cole,Boom bap / Lyric,W5hSdGt2M8w,J. Cole – Work Out (Official Music Video),J. Cole,stole this piece from kanye,0
J. Cole,Boom bap / Lyric,W5hSdGt2M8w,J. Cole – Work Out (Official Music Video),J. Cole,Drowzy vssg13 2026 still a banger fuck you mean,0
J. Cole,Boom bap / Lyric,W5hSdGt2M8w,J. Cole – Work Out (Official Music Video),J. Cole,Last Seen 🔱,0
J. Cole,Boom bap / Lyric,W5hSdGt2M8w,J. Cole – Work Out (Official Music Video),J. Cole,200M’s 🎉🎉🎉🎉,0
J. Cole,Boom bap / Lyric,W5hSdGt2M8w,J. Cole – Work Out (Official Music Video),J. Cole,Aint trying to be part of some pretty boys  shit but this is what they slowed you down for..,0
J. Cole,Boom bap / Lyric,W5hSdGt2M8w,J. Cole – Work Out (Official Music Video),J. Cole,Who’s here after 200M views!! Our boy Cole isn’t top three but the top 1,0
J. Cole,Boom bap / Lyric,W5hSdGt2M8w,J. Cole – Work Out (Official Music Video),J. Cole,1:33 ❤,0
J. Cole,Boom bap / Lyric,W5hSdGt2M8w,J. Cole – Work Out (Official Music Video),J. Cole,2k26 still ✅,1
J. Cole,Boom bap / Lyric,W5hSdGt2M8w,J. Cole – Work Out (Official Music Video),J. Cole,🔥,0
J. Cole,Boom bap / Lyric,W5hSdGt2M8w,J. Cole – Work Out (Official Music Video),J. Cole,I Remeber playing this when it came out holy shit time flys,0
J. Cole,Boom bap / Lyric,W5hSdGt2M8w,J. Cole – Work Out (Official Music Video),J. Cole,Times flies,18
J. Cole,Boom bap / Lyric,W5hSdGt2M8w,J. Cole – Work Out (Official Music Video),J. Cole,DOO DOO DOO DOO DOOOOO DOO 🔥🔥🔥🔥🔥,2
J. Cole,Boom bap / Lyric,W5hSdGt2M8w,J. Cole – Work Out (Official Music Video),J. Cole,Angelo coronado.  I hope you miss me because I miss you too😭 my boy,1
J. Cole,Boom bap / Lyric,W5hSdGt2M8w,J. Cole – Work Out (Official Music Video),J. Cole,🔥🔥🔥,1
J. Cole,Boom bap / Lyric,W5hSdGt2M8w,J. Cole – Work Out (Official Music Video),J. Cole,This was only 5 years ago? WTF. How is that possible? It has to have at least been 10 years ago,1
J. Cole,Boom bap / Lyric,W5hSdGt2M8w,J. Cole – Work Out (Official Music Video),J. Cole,is that bernice ????,4
J. Cole,Boom bap / Lyric,W5hSdGt2M8w,J. Cole – Work Out (Official Music Video),J. Cole,2026❤we in it❤,8
J. Cole,Boom bap / Lyric,W5hSdGt2M8w,J. Cole – Work Out (Official Music Video),J. Cole,I salute y'all in this afternoon of 6th March 2026.... Who else love this song 🔥💐,4
J. Cole,Boom bap / Lyric,W5hSdGt2M8w,J. Cole – Work Out (Official Music Video),J. Cole,Anyone 2026 🎉🎉 for the summer,1
J. Cole,Boom bap / Lyric,W5hSdGt2M8w,J. Cole – Work Out (Official Music Video),J. Cole,"Aged very well J Cole by far had the baddest of the baddies in this video you couldn’t unconvince me with, that would take a lot of explanations",6
J. Cole,Boom bap / Lyric,W5hSdGt2M8w,J. Cole – Work Out (Official Music Video),J. Cole,Who's that goddess? 🔥🔥🔥,2
J. Cole,Boom bap / Lyric,W5hSdGt2M8w,J. Cole – Work Out (Official Music Video),J. Cole,2026!!!,6
J. Cole,Boom bap / Lyric,W5hSdGt2M8w,J. Cole – Work Out (Official Music Video),J. Cole,This song will always take me back,2
J. Cole,Boom bap / Lyric,W5hSdGt2M8w,J. Cole – Work Out (Official Music Video),J. Cole,200m views,1
J. Cole,Boom bap / Lyric,W5hSdGt2M8w,J. Cole – Work Out (Official Music Video),J. Cole,Any one 2026 / may,1
J. Cole,Boom bap / Lyric,W5hSdGt2M8w,J. Cole – Work Out (Official Music Video),J. Cole,❤❤❤,1
J. Cole,Boom bap / Lyric,W5hSdGt2M8w,J. Cole – Work Out (Official Music Video),J. Cole,Who listening to this classic in 2026❤,1
J. Cole,Boom bap / Lyric,W5hSdGt2M8w,J. Cole – Work Out (Official Music Video),J. Cole,He was too hars on himself on this one...might be an all timer,1
J. Cole,Boom bap / Lyric,W5hSdGt2M8w,J. Cole – Work Out (Official Music Video),J. Cole,If you still come here more often consider yourself a real one!🔥🫂,5
J. Cole,Boom bap / Lyric,W5hSdGt2M8w,J. Cole – Work Out (Official Music Video),J. Cole,I got this song off tiktok,1
J. Cole,Boom bap / Lyric,W5hSdGt2M8w,J. Cole – Work Out (Official Music Video),J. Cole,My favorite song ever and the best song EVER made take me back to the best times in my life ❤,1
J. Cole,Boom bap / Lyric,W5hSdGt2M8w,J. Cole – Work Out (Official Music Video),J. Cole,Hydra,1
J. Cole,Boom bap / Lyric,W5hSdGt2M8w,J. Cole – Work Out (Official Music Video),J. Cole,Electric hydraulic,1
J. Cole,Boom bap / Lyric,W5hSdGt2M8w,J. Cole – Work Out (Official Music Video),J. Cole,Mambo class i fired,1
J. Cole,Boom bap / Lyric,W5hSdGt2M8w,J. Cole – Work Out (Official Music Video),J. Cole,Mambo ganstar,1
J. Cole,Boom bap / Lyric,W5hSdGt2M8w,J. Cole – Work Out (Official Music Video),J. Cole,Tai,1
J. Cole,Boom bap / Lyric,W5hSdGt2M8w,J. Cole – Work Out (Official Music Video),J. Cole,Me,1
J. Cole,Boom bap / Lyric,W5hSdGt2M8w,J. Cole – Work Out (Official Music Video),J. Cole,whos here 2026,1
J. Cole,Boom bap / Lyric,W5hSdGt2M8w,J. Cole – Work Out (Official Music Video),J. Cole,He basically giving a description of what “work out” means. Gotta kno what song he rebounding off.,2
J. Cole,Boom bap / Lyric,W5hSdGt2M8w,J. Cole – Work Out (Official Music Video),J. Cole,Man who that we could time travel I hate this new year,1
J. Cole,Boom bap / Lyric,W5hSdGt2M8w,J. Cole – Work Out (Official Music Video),J. Cole,0:41 the background vocal is so mesmerising,26
J. Cole,Boom bap / Lyric,W5hSdGt2M8w,J. Cole – Work Out (Official Music Video),J. Cole,J Cole is hard. Been bumping this for years I honestly think 50 cent made/wrote this one….. shhhhh lmao lmao,0
J. Cole,Boom bap / Lyric,W5hSdGt2M8w,J. Cole – Work Out (Official Music Video),J. Cole,So it's life take a chance role the Dice,0
J. Cole,Boom bap / Lyric,W5hSdGt2M8w,J. Cole – Work Out (Official Music Video),J. Cole,30 april 2026?,3
J. Cole,Boom bap / Lyric,W5hSdGt2M8w,J. Cole – Work Out (Official Music Video),J. Cole,Straight up tell now tell me do you really wanna love me forever (ohh ohh ohh)or is just a hit an runnnn “work out for me” -j cole 😭,0
J. Cole,Boom bap / Lyric,W5hSdGt2M8w,J. Cole – Work Out (Official Music Video),J. Cole,nimetulia tu na medi na hii doba !!ngori sana Cole,2
J. Cole,Boom bap / Lyric,W5hSdGt2M8w,J. Cole – Work Out (Official Music Video),J. Cole,2026 anyone?,2
J. Cole,Boom bap / Lyric,W5hSdGt2M8w,J. Cole – Work Out (Official Music Video),J. Cole,will be making water all night 😎 1:27,5
J. Cole,Boom bap / Lyric,W5hSdGt2M8w,J. Cole – Work Out (Official Music Video),J. Cole,How many people sampled Kanye till this day?At the time this was a huge flex,0
J. Cole,Boom bap / Lyric,W5hSdGt2M8w,J. Cole – Work Out (Official Music Video),J. Cole,I found this song at the gym!!,1
J. Cole,Boom bap / Lyric,W5hSdGt2M8w,J. Cole – Work Out (Official Music Video),J. Cole,This low-key fire,0
J. Cole,Boom bap / Lyric,W5hSdGt2M8w,J. Cole – Work Out (Official Music Video),J. Cole,now its a time machine ! and it sends lessons from your younger self !!!!,0
J. Cole,Boom bap / Lyric,W5hSdGt2M8w,J. Cole – Work Out (Official Music Video),J. Cole,who's here before it hits 200m views??!,1
J. Cole,Boom bap / Lyric,W5hSdGt2M8w,J. Cole – Work Out (Official Music Video),J. Cole,Rizz ass song,0
J. Cole,Boom bap / Lyric,W5hSdGt2M8w,J. Cole – Work Out (Official Music Video),J. Cole,2026 represent,1
J. Cole,Boom bap / Lyric,W5hSdGt2M8w,J. Cole – Work Out (Official Music Video),J. Cole,Anonymous boooooooo 💀🕊️,0
J. Cole,Boom bap / Lyric,W5hSdGt2M8w,J. Cole – Work Out (Official Music Video),J. Cole,this suckssss so much !!,1
J. Cole,Boom bap / Lyric,W5hSdGt2M8w,J. Cole – Work Out (Official Music Video),J. Cole,Yall stop playing with Cole 🐐,1
J. Cole,Boom bap / Lyric,W5hSdGt2M8w,J. Cole – Work Out (Official Music Video),J. Cole,🔥,0
J. Cole,Boom bap / Lyric,W5hSdGt2M8w,J. Cole – Work Out (Official Music Video),J. Cole,2026 anybody??,2
J. Cole,Boom bap / Lyric,W5hSdGt2M8w,J. Cole – Work Out (Official Music Video),J. Cole,I wonder how Ye felt when he first this,0
J. Cole,Boom bap / Lyric,W5hSdGt2M8w,J. Cole – Work Out (Official Music Video),J. Cole,For Nas to say he was disappointed towards cole dropping this song is crazy 😂,3
J. Cole,Boom bap / Lyric,W5hSdGt2M8w,J. Cole – Work Out (Official Music Video),J. Cole,R.I.P Tommy AKA Gunnz,0
J. Cole,Boom bap / Lyric,W5hSdGt2M8w,J. Cole – Work Out (Official Music Video),J. Cole,Nothing can make me hate on Cole,1
J. Cole,Boom bap / Lyric,W5hSdGt2M8w,J. Cole – Work Out (Official Music Video),J. Cole,Tbh this song makes me think of this girl I really like but no one knows I like her including her but I'm not sure if she actually likes me back & that's why I'd rather keep my crush too myself because I can't take getting hurt anymore just for loving someone,1
J. Cole,Boom bap / Lyric,W5hSdGt2M8w,J. Cole – Work Out (Official Music Video),J. Cole,Major here 23rd of April...boy from Naturena...sithi South taa,0
J. Cole,Boom bap / Lyric,W5hSdGt2M8w,J. Cole – Work Out (Official Music Video),J. Cole,Neva new this was a Kanye west sample 😂,1
J. Cole,Boom bap / Lyric,W5hSdGt2M8w,J. Cole – Work Out (Official Music Video),J. Cole,April 2026🤙,5
J. Cole,Boom bap / Lyric,W5hSdGt2M8w,J. Cole – Work Out (Official Music Video),J. Cole,Absolute garbage 😂,0
J. Cole,Boom bap / Lyric,W5hSdGt2M8w,J. Cole – Work Out (Official Music Video),J. Cole,Sounds even better in 2026 🔥🔥🔥⛹️,1
J. Cole,Boom bap / Lyric,W5hSdGt2M8w,J. Cole – Work Out (Official Music Video),J. Cole,my boy jumper doo doo,3
J. Cole,Boom bap / Lyric,W5hSdGt2M8w,J. Cole – Work Out (Official Music Video),J. Cole,"Can we mention Paula Abdul? 
Please?",0
J. Cole,Boom bap / Lyric,W5hSdGt2M8w,J. Cole – Work Out (Official Music Video),J. Cole,Me,0
J. Cole,Boom bap / Lyric,W5hSdGt2M8w,J. Cole – Work Out (Official Music Video),J. Cole,F*ck Nas mahn this hard🔥,1
J. Cole,Boom bap / Lyric,W5hSdGt2M8w,J. Cole – Work Out (Official Music Video),J. Cole,Such a good looking guy I'm a fan,1
J. Cole,Boom bap / Lyric,W5hSdGt2M8w,J. Cole – Work Out (Official Music Video),J. Cole,Yhsujj,0
J. Cole,Boom bap / Lyric,W5hSdGt2M8w,J. Cole – Work Out (Official Music Video),J. Cole,Im pulling huzz,1
J. Cole,Boom bap / Lyric,W5hSdGt2M8w,J. Cole – Work Out (Official Music Video),J. Cole,"Roger Troutman 
California Love- 2 Pac 
Work out plan- Kanye
Work out J. Cole 

Any more ??",0
J. Cole,Boom bap / Lyric,W5hSdGt2M8w,J. Cole – Work Out (Official Music Video),J. Cole,🔥🔥🔥,0
J. Cole,Boom bap / Lyric,W5hSdGt2M8w,J. Cole – Work Out (Official Music Video),J. Cole,Holy shit j Cole sucks,0
J. Cole,Boom bap / Lyric,W5hSdGt2M8w,J. Cole – Work Out (Official Music Video),J. Cole,Me af,0
J. Cole,Boom bap / Lyric,W5hSdGt2M8w,J. Cole – Work Out (Official Music Video),J. Cole,2026 💔 Z,0
J. Cole,Boom bap / Lyric,W5hSdGt2M8w,J. Cole – Work Out (Official Music Video),J. Cole,First comment,0
J. Cole,Boom bap / Lyric,W5hSdGt2M8w,J. Cole – Work Out (Official Music Video),J. Cole,Always knew about this song. Never really listened to it being a kanye fan. For some reason this pissed me off. But its so fire.,0
J. Cole,Boom bap / Lyric,W5hSdGt2M8w,J. Cole – Work Out (Official Music Video),J. Cole,Hmm he looks like,1
J. Cole,Boom bap / Lyric,W5hSdGt2M8w,J. Cole – Work Out (Official Music Video),J. Cole,I am I love has songs,0
J. Cole,Boom bap / Lyric,W5hSdGt2M8w,J. Cole – Work Out (Official Music Video),J. Cole,Not bad for a little kid but a god damn grown man tf,1
J. Cole,Boom bap / Lyric,W5hSdGt2M8w,J. Cole – Work Out (Official Music Video),J. Cole,this sample goes hard! If yk yk,0
J. Cole,Boom bap / Lyric,W5hSdGt2M8w,J. Cole – Work Out (Official Music Video),J. Cole,2026 people?🎉,0
J. Cole,Boom bap / Lyric,W5hSdGt2M8w,J. Cole – Work Out (Official Music Video),J. Cole,Bumping this right now. 2026🎉,0
J. Cole,Boom bap / Lyric,W5hSdGt2M8w,J. Cole – Work Out (Official Music Video),J. Cole,who is still listening to this banger in 2026,7
J. Cole,Boom bap / Lyric,W5hSdGt2M8w,J. Cole – Work Out (Official Music Video),J. Cole,Thank you 👑Honorable Superman🪖 Judge🎓🕶️ form your truly 🇲🇽😂😂❤🇺🇸🏴‍☠️HIGH3R90🪬 LONG LIVE 🎆🎇🎖️🎖️🏅🥇🏆⛱️SANDMAN SANCHEZ 👑 🤎🤝🧭⚓🪖,0
J. Cole,Boom bap / Lyric,W5hSdGt2M8w,J. Cole – Work Out (Official Music Video),J. Cole,After the Sample Clearing Video 😭🔥🔥,0
J. Cole,Boom bap / Lyric,W5hSdGt2M8w,J. Cole – Work Out (Official Music Video),J. Cole,Never was a real thing 🙄,1
J. Cole,Boom bap / Lyric,W5hSdGt2M8w,J. Cole – Work Out (Official Music Video),J. Cole,"“Them boys cool; me, I’m on fire.”",1
J. Cole,Boom bap / Lyric,W5hSdGt2M8w,J. Cole – Work Out (Official Music Video),J. Cole,We still here🎉,2
J. Cole,Boom bap / Lyric,W5hSdGt2M8w,J. Cole – Work Out (Official Music Video),J. Cole,I lost my Mom just over 3 months ago. She was the best mom anyone could ever ask for 😢I miss her 24/7 365 😢,9
J. Cole,Boom bap / Lyric,W5hSdGt2M8w,J. Cole – Work Out (Official Music Video),J. Cole,"Once I heard this CD,been on repeat and I'm 39 now.Still here,Still going!!!!!",1
J. Cole,Boom bap / Lyric,W5hSdGt2M8w,J. Cole – Work Out (Official Music Video),J. Cole,After Cole's debut in CBA...,1
J. Cole,Boom bap / Lyric,W5hSdGt2M8w,J. Cole – Work Out (Official Music Video),J. Cole,I can swear this song aint from 5 yrs ago...its atleast 14yrs old,4
J. Cole,Boom bap / Lyric,W5hSdGt2M8w,J. Cole – Work Out (Official Music Video),J. Cole,It's 11th April 2026 who's here before it hits over 200 million views?!🔥,11
J. Cole,Boom bap / Lyric,W5hSdGt2M8w,J. Cole – Work Out (Official Music Video),J. Cole,Anyone here in 2026?,1
J. Cole,Boom bap / Lyric,W5hSdGt2M8w,J. Cole – Work Out (Official Music Video),J. Cole,The U.S. Drake.,0
J. Cole,Boom bap / Lyric,W5hSdGt2M8w,J. Cole – Work Out (Official Music Video),J. Cole,Smooth production quality.,1
J. Cole,Boom bap / Lyric,W5hSdGt2M8w,J. Cole – Work Out (Official Music Video),J. Cole,goated playlist lowk,0
J. Cole,Boom bap / Lyric,W5hSdGt2M8w,J. Cole – Work Out (Official Music Video),J. Cole,do do do do doo doo,0
J. Cole,Boom bap / Lyric,W5hSdGt2M8w,J. Cole – Work Out (Official Music Video),J. Cole,This song will always be a banger I’m just letting songs play on my phone and this came on and I’m just jamming out,1
J. Cole,Boom bap / Lyric,W5hSdGt2M8w,J. Cole – Work Out (Official Music Video),J. Cole,Ayye,0
J. Cole,Boom bap / Lyric,W5hSdGt2M8w,J. Cole – Work Out (Official Music Video),J. Cole,but chur,0
J. Cole,Boom bap / Lyric,W5hSdGt2M8w,J. Cole – Work Out (Official Music Video),J. Cole,i aint no ho,0
J. Cole,Boom bap / Lyric,W5hSdGt2M8w,J. Cole – Work Out (Official Music Video),J. Cole,hahahahahahahaha,0
J. Cole,Boom bap / Lyric,W5hSdGt2M8w,J. Cole – Work Out (Official Music Video),J. Cole,😊,0
J. Cole,Boom bap / Lyric,W5hSdGt2M8w,J. Cole – Work Out (Official Music Video),J. Cole,"Check out his new music ,",0
J. Cole,Boom bap / Lyric,W5hSdGt2M8w,J. Cole – Work Out (Official Music Video),J. Cole,Classic forever,0
J. Cole,Boom bap / Lyric,W5hSdGt2M8w,J. Cole – Work Out (Official Music Video),J. Cole,Anyone in 2027?,1
J. Cole,Boom bap / Lyric,W5hSdGt2M8w,J. Cole – Work Out (Official Music Video),J. Cole,Listen Fred,0
J. Cole,Boom bap / Lyric,W5hSdGt2M8w,J. Cole – Work Out (Official Music Video),J. Cole,💯💛🫡,0
J. Cole,Boom bap / Lyric,W5hSdGt2M8w,J. Cole – Work Out (Official Music Video),J. Cole,The Squirrels in the yard already tried,0
J. Cole,Boom bap / Lyric,W5hSdGt2M8w,J. Cole – Work Out (Official Music Video),J. Cole,Ever since I hear that person yelling in the back through the entire song I can no longer listen to it with out hearing it😂,0
J. Cole,Boom bap / Lyric,W5hSdGt2M8w,J. Cole – Work Out (Official Music Video),J. Cole,🌬,1
J. Cole,Boom bap / Lyric,W5hSdGt2M8w,J. Cole – Work Out (Official Music Video),J. Cole,Me,0
J. Cole,Boom bap / Lyric,W5hSdGt2M8w,J. Cole – Work Out (Official Music Video),J. Cole,2026],1
J. Cole,Boom bap / Lyric,W5hSdGt2M8w,J. Cole – Work Out (Official Music Video),J. Cole,as much as I miss her.  as much as I want her back.  im convinced it wont happen.,1
J. Cole,Boom bap / Lyric,W5hSdGt2M8w,J. Cole – Work Out (Official Music Video),J. Cole,"I want to see you work out for me, work out for me
Ay, we got a good thing
Don't know if I'ma see you again
But is that a good thing?
'Cause girl, I can't be your man, no, ma'am
I know what's on your brain
You probably hoped it never would end
Like, ""Is it the real thing, or is it just a one-night stand?""
Well then
Let me see you get high, then go low
Now, girl, won't you drop that thang down to the floor?
I'm here for one night, how far will you go?
I wanna see you (work out for me, work out for me)
High, then go low
Now, girl, won't you drop that thang down to the floor?
I'm here for one night, how far will you go? (For me)
I wanna see you (work out for me, work out for me)
She like them boys with the big ol' chains
Ride around town in the big ol' Range
I knew her when I rocked big ol' jeans
Now the little nigga doin' big ol' things
Would you look at that? I came back for her
Just to give it to you, like you asked for it
Man, that thang in them jeans too fat for her
Rebounds, so I caught it off the backboard
I told her, ""Baby girl, come here
Know I run the town even when I ain't from there""
And I brag hardly, but just to show up at this party
I made what yo' nigga make in one year
That's unfair, but so is life, take a chance, roll a dice
Money can't buy you love 'cause it's overpriced
Don't overthink, uh, just hope it's right
I'm only here for the night
Ay, we got a good thing
Don't know if I'ma see you again
But is that a good thing?
'Cause girl, I can't be your man, no, ma'am
I know what's on your brain
You probably hoped it never would end
Like, ""Is it the real thing, or is it just a one-night stand?""
Well then
Let me see you get high, then go low
Now, girl, won't you drop that thang down to the floor?
I'm here for one night, how far will you go?
I wanna see you (work out for me, work out for me)
High, then go low
Now, girl, won't you drop that thang down to the floor?
I'm here for one night, how far will you go? (For me)
I wanna see you (work out for me, work out for me)
Carolina Blue kicks, fresh on the scene
Hottest nigga on the block, damn, girl, you're mean
They be startin' shit, but it's yo' world
On my Martin shit, ""You go, girl!""
She bad and she know it
Some niggas save hoes, I'm not that heroic
Could you be my escort?
'Cause just like them two door Fords
Damn, they don't make 'em like you no more
Cole World, real Cole World
Them boys cool, me, I'm on fire
Know what's on my mind
Tryna see what's on yours tonight, uh, tonight, uh, tonight
Move slow, 'cause you wanna live fast
Up late so you'll probably skip class
Life is a test so before the night pass, get right, uh, get right
Ay, we've got a good thing
Don't know if I'ma see you again
But is that a good thing?
'Cause girl, I can't be your man, no ma'am
I know what's on your brain
You probably hoped it never would end
Like, ""Is it the real thing, or is it just a one-night stand?""
Well then (Cole World)
Straight up, now tell me, ""Do you really wanna love me forever?"" (Oh, oh, oh)
Or is it just a hit-and-run? (Well, Ay)
Straight up, I tell ya, I just really wanna cut when we together (oh, oh, oh)
Come here, girl, let's get it on (work out for me, work out for me)
Ay, straight up, now tell me, ""Do you really wanna love me forever?"" (Oh, oh, oh)
Or is it just a hit-and-run? (Huh, well)
Straight up, I tell ya, I just really wanna cut when we together (oh, oh, oh)
Come here, girl, let's get it on (work out for me, work out for me)",0
J. Cole,Boom bap / Lyric,W5hSdGt2M8w,J. Cole – Work Out (Official Music Video),J. Cole,You my nigga I shit I wanna  spit but only with you,0
J. Cole,Boom bap / Lyric,W5hSdGt2M8w,J. Cole – Work Out (Official Music Video),J. Cole,😊,0
J. Cole,Boom bap / Lyric,W5hSdGt2M8w,J. Cole – Work Out (Official Music Video),J. Cole,Dont sleep on J COLE ❤🏆⭐️⭐️⭐️⭐️⭐️,0
J. Cole,Boom bap / Lyric,W5hSdGt2M8w,J. Cole – Work Out (Official Music Video),J. Cole,❤❤❤🔥🔥🔥💯🆗️🌹🌹🌹🌹🌹🌹🌹🌹🌹🌹🌹,0
J. Cole,Boom bap / Lyric,W5hSdGt2M8w,J. Cole – Work Out (Official Music Video),J. Cole,"Met a lady, on our first night she played this, she's an ex now😢everytime I miss her I just come here and listen to this masterpiece 🔥😊",0
J. Cole,Boom bap / Lyric,W5hSdGt2M8w,J. Cole – Work Out (Official Music Video),J. Cole,"I am Italian. Excuse me for any mistakes... There's no point in writing ""who here in 2026?"". The yoghurt expires, not the music.💗",7
J. Cole,Boom bap / Lyric,W5hSdGt2M8w,J. Cole – Work Out (Official Music Video),J. Cole,Tell me bro ain't looking back like that was corny still making ms😂,1
J. Cole,Boom bap / Lyric,W5hSdGt2M8w,J. Cole – Work Out (Official Music Video),J. Cole,Aye aye love j cole,3
J. Cole,Boom bap / Lyric,W5hSdGt2M8w,J. Cole – Work Out (Official Music Video),J. Cole,💥,1
J. Cole,Boom bap / Lyric,W5hSdGt2M8w,J. Cole – Work Out (Official Music Video),J. Cole,"'Nas heard your single, said he hate that shit'",0
J. Cole,Boom bap / Lyric,W5hSdGt2M8w,J. Cole – Work Out (Official Music Video),J. Cole,0:47 😮 0:51 😅❤,0
J. Cole,Boom bap / Lyric,W5hSdGt2M8w,J. Cole – Work Out (Official Music Video),J. Cole,Srry Nas but ur wrong about this song,0
J. Cole,Boom bap / Lyric,W5hSdGt2M8w,J. Cole – Work Out (Official Music Video),J. Cole,"Nicest lady w escort my grandmas friends or Kay G, old school she was so kind did my nails a sweetheart Thankyou Mrs Kay",0
J. Cole,Boom bap / Lyric,W5hSdGt2M8w,J. Cole – Work Out (Official Music Video),J. Cole,It sounds like 69 cents luv ting song,0
J. Cole,Boom bap / Lyric,W5hSdGt2M8w,J. Cole – Work Out (Official Music Video),J. Cole,"Diabolical song. I checked the financial decisions of the colleges i applied to while this song was playing and got the craziest scholarship grants ever 🕳
Thank you Jermaine Cole for blessing my life.",0
J. Cole,Boom bap / Lyric,W5hSdGt2M8w,J. Cole – Work Out (Official Music Video),J. Cole,🥶,0
J. Cole,Boom bap / Lyric,W5hSdGt2M8w,J. Cole – Work Out (Official Music Video),J. Cole,Fair play this man is wicked love his lyrics I can relate to being locked up but not blowing up like he has big up mazza from south Wales Merthyr Tydfil 🔥🔥🔥🔥,0
J. Cole,Boom bap / Lyric,W5hSdGt2M8w,J. Cole – Work Out (Official Music Video),J. Cole,My j Cole break over ever since he did the Camron interview 😂,0
J. Cole,Boom bap / Lyric,W5hSdGt2M8w,J. Cole – Work Out (Official Music Video),J. Cole,Worried age play factor over training altitude cause flatlining Warriors ain't going out insignificant,0
J. Cole,Boom bap / Lyric,W5hSdGt2M8w,J. Cole – Work Out (Official Music Video),J. Cole,i swear i want her! 😩,2
J. Cole,Boom bap / Lyric,W5hSdGt2M8w,J. Cole – Work Out (Official Music Video),J. Cole,I'm still here,2
J. Cole,Boom bap / Lyric,W5hSdGt2M8w,J. Cole – Work Out (Official Music Video),J. Cole,Lil Ole Jermaine With Every Ounce Of Strength In his Veins 💜,2
J. Cole,Boom bap / Lyric,W5hSdGt2M8w,J. Cole – Work Out (Official Music Video),J. Cole,🎧🎶💖,0
J. Cole,Boom bap / Lyric,W5hSdGt2M8w,J. Cole – Work Out (Official Music Video),J. Cole,"Still here babes, Jcole no drama in any wayyyy. I love it here",0
J. Cole,Boom bap / Lyric,W5hSdGt2M8w,J. Cole – Work Out (Official Music Video),J. Cole,"I'm glad he call this song ""embarrassing """,3
J. Cole,Boom bap / Lyric,W5hSdGt2M8w,J. Cole – Work Out (Official Music Video),J. Cole,When hip hop is hip hop 2009-2014,1
J. Cole,Boom bap / Lyric,W5hSdGt2M8w,J. Cole – Work Out (Official Music Video),J. Cole,Almost a decade since I've been jamming to let Nas down I learned today that it's this song that caused the fall out and I understand why Cole felt hurt cuz this a true classic,0
J. Cole,Boom bap / Lyric,W5hSdGt2M8w,J. Cole – Work Out (Official Music Video),J. Cole,Nas as hating on this. Knigx crazy 😂,0
J. Cole,Boom bap / Lyric,W5hSdGt2M8w,J. Cole – Work Out (Official Music Video),J. Cole,Searched this people here…more,0
J. Cole,Boom bap / Lyric,W5hSdGt2M8w,J. Cole – Work Out (Official Music Video),J. Cole,Pure Talent Exhibition 💯,0
J. Cole,Boom bap / Lyric,W5hSdGt2M8w,J. Cole – Work Out (Official Music Video),J. Cole,"Frfr
2:58",0
J. Cole,Boom bap / Lyric,W5hSdGt2M8w,J. Cole – Work Out (Official Music Video),J. Cole,who is jamming this right now,0
J. Cole,Boom bap / Lyric,W5hSdGt2M8w,J. Cole – Work Out (Official Music Video),J. Cole,"I LOVE this song, but never saw the video. Why he keep doing crazy eyes like that?????",1
J. Cole,Boom bap / Lyric,W5hSdGt2M8w,J. Cole – Work Out (Official Music Video),J. Cole,2026,0
J. Cole,Boom bap / Lyric,W5hSdGt2M8w,J. Cole – Work Out (Official Music Video),J. Cole,tis for Eddie. GET PEGGED,1
J. Cole,Boom bap / Lyric,W5hSdGt2M8w,J. Cole – Work Out (Official Music Video),J. Cole,i had not heard about this case before watching this video,0
J. Cole,Boom bap / Lyric,W5hSdGt2M8w,J. Cole – Work Out (Official Music Video),J. Cole,This song remind me of my ex-girlfriend Keri Baton😊🎉🎉🎉,0
J. Cole,Boom bap / Lyric,W5hSdGt2M8w,J. Cole – Work Out (Official Music Video),J. Cole,Am here march 2026,0
J. Cole,Boom bap / Lyric,W5hSdGt2M8w,J. Cole – Work Out (Official Music Video),J. Cole,📌📍,0
J. Cole,Boom bap / Lyric,W5hSdGt2M8w,J. Cole – Work Out (Official Music Video),J. Cole,shit trash,0
J. Cole,Boom bap / Lyric,W5hSdGt2M8w,J. Cole – Work Out (Official Music Video),J. Cole,Me,0
J. Cole,Boom bap / Lyric,W5hSdGt2M8w,J. Cole – Work Out (Official Music Video),J. Cole,"This is some deep shit. Hits my soul. We all been through this shit. Damn ... makes us stronger, but built big walls up...  ❤❤❤",0
J. Cole,Boom bap / Lyric,W5hSdGt2M8w,J. Cole – Work Out (Official Music Video),J. Cole,❤❤❤❤❤❤❤❤❤❤❤❤❤❤❤❤❤❤❤❤❤❤❤❤❤❤❤❤❤❤❤❤❤❤❤❤❤❤❤❤❤❤❤❤❤❤❤❤❤❤❤❤❤❤❤❤❤❤❤❤❤❤❤❤❤❤,1
J. Cole,Boom bap / Lyric,W5hSdGt2M8w,J. Cole – Work Out (Official Music Video),J. Cole,My song,1
J. Cole,Boom bap / Lyric,W5hSdGt2M8w,J. Cole – Work Out (Official Music Video),J. Cole,🤗,1
J. Cole,Boom bap / Lyric,W5hSdGt2M8w,J. Cole – Work Out (Official Music Video),J. Cole,💯🙋,1
J. Cole,Boom bap / Lyric,W5hSdGt2M8w,J. Cole – Work Out (Official Music Video),J. Cole,Q hombre ma bellooo,1
J. Cole,Boom bap / Lyric,W5hSdGt2M8w,J. Cole – Work Out (Official Music Video),J. Cole,This song belongs to and Wesley Cortez and Carlette Smith. The lyrics to speak to us it's beautiful music they called it a good song❤😢😢😢 J.Cole. did a good job Making music Couples.,2
J. Cole,Boom bap / Lyric,W5hSdGt2M8w,J. Cole – Work Out (Official Music Video),J. Cole,❤,1
J. Cole,Boom bap / Lyric,W5hSdGt2M8w,J. Cole – Work Out (Official Music Video),J. Cole,Who’s Here after the FALL OFF?!,7
J. Cole,Boom bap / Lyric,W5hSdGt2M8w,J. Cole – Work Out (Official Music Video),J. Cole,Takes me back to middle school/freshman year !,1
J. Cole,Boom bap / Lyric,W5hSdGt2M8w,J. Cole – Work Out (Official Music Video),J. Cole,❤❤❤🔥🔥🔥👍🫶🫶,1
J. Cole,Boom bap / Lyric,W5hSdGt2M8w,J. Cole – Work Out (Official Music Video),J. Cole,You kno I run da town even when I ain't from their,1
J. Cole,Boom bap / Lyric,W5hSdGt2M8w,J. Cole – Work Out (Official Music Video),J. Cole,Rebound and i caught her off the bakk board,1
J. Cole,Boom bap / Lyric,W5hSdGt2M8w,J. Cole – Work Out (Official Music Video),J. Cole,I got a couple past due bills i won't get spascific,2
J. Cole,Boom bap / Lyric,W5hSdGt2M8w,J. Cole – Work Out (Official Music Video),J. Cole,I love this song and is there any sexy dudes,2
J. Cole,Boom bap / Lyric,W5hSdGt2M8w,J. Cole – Work Out (Official Music Video),J. Cole,Man that thang n them jeans to fat fo it,2
J. Cole,Boom bap / Lyric,W5hSdGt2M8w,J. Cole – Work Out (Official Music Video),J. Cole,Do you really want to love me fo eva or is it just a hit n run,2
J. Cole,Boom bap / Lyric,W5hSdGt2M8w,J. Cole – Work Out (Official Music Video),J. Cole,Wtf why is it uploaded 5 years ago? Its muuuch older and had video always,2
J. Cole,Boom bap / Lyric,W5hSdGt2M8w,J. Cole – Work Out (Official Music Video),J. Cole,classsssssssssssssssic,1
J. Cole,Boom bap / Lyric,W5hSdGt2M8w,J. Cole – Work Out (Official Music Video),J. Cole,"she knows, she knows",1
J. Cole,Boom bap / Lyric,W5hSdGt2M8w,J. Cole – Work Out (Official Music Video),J. Cole,Never knew he sampled Paula Abdul song till today lol,1
J. Cole,Boom bap / Lyric,W5hSdGt2M8w,J. Cole – Work Out (Official Music Video),J. Cole,March 2026 Who's still here 😂😂,40
J. Cole,Boom bap / Lyric,W5hSdGt2M8w,J. Cole – Work Out (Official Music Video),J. Cole,"I want to see you work out for me, work out for me

Ay, we got a good thing
Don't know if I'ma see you again
But is that a good thing?
'Cause girl, I can't be your man, no, ma'am
I know what's on your brain
You probably hoped it never would end
Like, ""Is it the real thing, or is it just a one-night stand?""
Well then

Let me see you get high, then go low
Now, girl, won't you drop that thang down to the floor?
I'm here for one night, how far will you go?
I wanna see you (work out for me, work out for me)

High, then go low
Now, girl, won't you drop that thang down to the floor?
I'm here for one night, how far will you go? (For me)
I wanna see you (work out for me, work out for me)

She like them boys with the big ol' chains
Ride around town in the big ol' Range
I knew her when I rocked big ol' jeans
Now the little nigga doin' big ol' things
Would you look at that? I came back for her
Just to give it to you, like you asked for it
Man, that thang in them jeans too fat for her
Rebounds, so I caught it off the backboard

I told her, ""Baby girl, come here
Know I run the town even when I ain't from there""
And I brag hardly, but just to show up at this party
I made what yo' nigga make in one year
That's unfair, but so is life, take a chance, roll a dice
Money can't buy you love 'cause it's overpriced
Don't overthink, uh, just hope it's right
I'm only here for the night

Ay, we got a good thing
Don't know if I'ma see you again
But is that a good thing?
'Cause girl, I can't be your man, no, ma'am
I know what's on your brain
You probably hoped it never would end
Like, ""Is it the real thing, or is it just a one-night stand?""
Well then

Let me see you get high, then go low
Now, girl, won't you drop that thang down to the floor?
I'm here for one night, how far will you go?
I wanna see you (work out for me, work out for me)

High, then go low
Now, girl, won't you drop that thang down to the floor?
I'm here for one night, how far will you go? (For me)
I wanna see you (work out for me, work out for me)

Carolina Blue kicks, fresh on the scene
Hottest nigga on the block, damn, girl, you're mean
They be startin' shit, but it's yo' world
On my Martin shit, ""You go, girl!""
She bad and she know it
Some niggas save hoes, I'm not that heroic
Could you be my escort?
'Cause just like them two door Fords
Damn, they don't make 'em like you no more

Cole World, real Cole World
Them boys cool, me, I'm on fire
Know what's on my mind
Tryna see what's on yours tonight, uh, tonight, uh, tonight
Move slow, 'cause you wanna live fast
Up late so you'll probably skip class
Life is a test so before the night pass, get right, uh, get right

Ay, we've got a good thing
Don't know if I'ma see you again
But is that a good thing?
'Cause girl, I can't be your man, no ma'am
I know what's on your brain
You probably hoped it never would end
Like, ""Is it the real thing, or is it just a one-night stand?""
Well then (Cole World)

Straight up, now tell me, ""Do you really wanna love me forever?"" (Oh, oh, oh)
Or is it just a hit-and-run? (Well, Ay)
Straight up, I tell ya, I just really wanna cut when we together (oh, oh, oh)
Come here, girl, let's get it on (work out for me, work out for me)
Ay, straight up, now tell me, ""Do you really wanna love me forever?"" (Oh, oh, oh)
Or is it just a hit-and-run? (Huh, well)
Straight up, I tell ya, I just really wanna cut when we together (oh, oh, oh)
Come here, girl, let's get it on (work out for me, work out for me)",1
J. Cole,Boom bap / Lyric,W5hSdGt2M8w,J. Cole – Work Out (Official Music Video),J. Cole,After all these years and The sound effects are still killing me,1
J. Cole,Boom bap / Lyric,W5hSdGt2M8w,J. Cole – Work Out (Official Music Video),J. Cole,"He nice boy, reminds me of another rapper who kills Everytime and don't get his credit.Kxnf Crooked",1
J. Cole,Boom bap / Lyric,W5hSdGt2M8w,J. Cole – Work Out (Official Music Video),J. Cole,I think about the Twerk Team everytime I hear this,0
J. Cole,Boom bap / Lyric,W5hSdGt2M8w,J. Cole – Work Out (Official Music Video),J. Cole,Paula Abdul????,1
J. Cole,Boom bap / Lyric,W5hSdGt2M8w,J. Cole – Work Out (Official Music Video),J. Cole,Tyson chandelier😂,1
J. Cole,Boom bap / Lyric,W5hSdGt2M8w,J. Cole – Work Out (Official Music Video),J. Cole,Kendrick could never,10
J. Cole,Boom bap / Lyric,W5hSdGt2M8w,J. Cole – Work Out (Official Music Video),J. Cole,Back when I was in high school,1
J. Cole,Boom bap / Lyric,W5hSdGt2M8w,J. Cole – Work Out (Official Music Video),J. Cole,"so as life 
take a chance roll a dice",1
J. Cole,Boom bap / Lyric,W5hSdGt2M8w,J. Cole – Work Out (Official Music Video),J. Cole,Ooohhh will we survive the work out 🔥,0
J. Cole,Boom bap / Lyric,W5hSdGt2M8w,J. Cole – Work Out (Official Music Video),J. Cole,Modern day evry nigga rapper season finely one came through with real talent!!!  All can try but success is rare!!!!!  Truth talking in rimes with timely manner should be the  theme of the game! Salute J cee,0
J. Cole,Boom bap / Lyric,W5hSdGt2M8w,J. Cole – Work Out (Official Music Video),J. Cole,2:49 they always easing a damn punk in there somewhere 😂,1
J. Cole,Boom bap / Lyric,W5hSdGt2M8w,J. Cole – Work Out (Official Music Video),J. Cole,Really?  Hahaha I loved this song when I was in school now im like ew love urself dude im good... im love me some burna 😊,0
J. Cole,Boom bap / Lyric,W5hSdGt2M8w,J. Cole – Work Out (Official Music Video),J. Cole,This is the song that put me on Cole and I been a fan ever since lol. I used to see this video all the time on 106 and Park when I was in junior high. He’s come so far in his career since this but dare I say that this song is a classic now?!,0
J. Cole,Boom bap / Lyric,W5hSdGt2M8w,J. Cole – Work Out (Official Music Video),J. Cole,2:35 Cole world real Cole world,3
J. Cole,Boom bap / Lyric,W5hSdGt2M8w,J. Cole – Work Out (Official Music Video),J. Cole,Нестареющая классика,0
J. Cole,Boom bap / Lyric,W5hSdGt2M8w,J. Cole – Work Out (Official Music Video),J. Cole,This is such a good song 😊,0
J. Cole,Boom bap / Lyric,W5hSdGt2M8w,J. Cole – Work Out (Official Music Video),J. Cole,Ahuevo ❤,0
J. Cole,Boom bap / Lyric,W5hSdGt2M8w,J. Cole – Work Out (Official Music Video),J. Cole,March 2026❤,0
J. Cole,Boom bap / Lyric,W5hSdGt2M8w,J. Cole – Work Out (Official Music Video),J. Cole,If am not wrong the original sample is Kanye's workout plan???,1
J. Cole,Boom bap / Lyric,W5hSdGt2M8w,J. Cole – Work Out (Official Music Video),J. Cole,J Cole dropped braggers every time 🏆💯,7
J. Cole,Boom bap / Lyric,W5hSdGt2M8w,J. Cole – Work Out (Official Music Video),J. Cole,Still bumping this in 2065,2
J. Cole,Boom bap / Lyric,W5hSdGt2M8w,J. Cole – Work Out (Official Music Video),J. Cole,Is that Sneako?,0
J. Cole,Boom bap / Lyric,W5hSdGt2M8w,J. Cole – Work Out (Official Music Video),J. Cole,Is this sample Stronger?,0
J. Cole,Boom bap / Lyric,W5hSdGt2M8w,J. Cole – Work Out (Official Music Video),J. Cole,0:47 kill that’s Bernice Burgos I just realized that’s her 😂😂😂😂😂😂😂😂,35
J. Cole,Boom bap / Lyric,W5hSdGt2M8w,J. Cole – Work Out (Official Music Video),J. Cole,Im js confused on radio stations like in IHeartRadio the instrument sounds different and not the same can someone explain to me how the instrument changes when in radio stations? Ik all have to use HE AAC 1 Or 2 to have ur station in IHeart.,3
J. Cole,Boom bap / Lyric,W5hSdGt2M8w,J. Cole – Work Out (Official Music Video),J. Cole,How'd nas not like this 😮,3
J. Cole,Boom bap / Lyric,W5hSdGt2M8w,J. Cole – Work Out (Official Music Video),J. Cole,This is the song that gave us let Nas down😥❤️,1
J. Cole,Boom bap / Lyric,W5hSdGt2M8w,J. Cole – Work Out (Official Music Video),J. Cole,I was about 10 yrs old when this song came out such a chill song and good vibe back in those days it just felt,0
J. Cole,Boom bap / Lyric,W5hSdGt2M8w,J. Cole – Work Out (Official Music Video),J. Cole,This touched my heart bro 😢,1
J. Cole,Boom bap / Lyric,W5hSdGt2M8w,J. Cole – Work Out (Official Music Video),J. Cole,Who still listen to this bullshit in 2026 😂😂😂,0
J. Cole,Boom bap / Lyric,W5hSdGt2M8w,J. Cole – Work Out (Official Music Video),J. Cole,Up late so u probably skip class life is a test so before the night pass 🔥,1
J. Cole,Boom bap / Lyric,W5hSdGt2M8w,J. Cole – Work Out (Official Music Video),J. Cole,i wanna love you forever        you would forever be my g,0
J. Cole,Boom bap / Lyric,W5hSdGt2M8w,J. Cole – Work Out (Official Music Video),J. Cole,0:23-0:24,0
J. Cole,Boom bap / Lyric,W5hSdGt2M8w,J. Cole – Work Out (Official Music Video),J. Cole,There’s no way this song let nas down. 2026 and it’s still got me in awe,3
J. Cole,Boom bap / Lyric,W5hSdGt2M8w,J. Cole – Work Out (Official Music Video),J. Cole,A personal Classic and favorite song I like hearing has that Ye sampled song called the workout plan exposing Jeffery Epstein and his buddies 4:01,0
J. Cole,Boom bap / Lyric,W5hSdGt2M8w,J. Cole – Work Out (Official Music Video),J. Cole,Let the girls look ugly liking something Jake s likes,0
J. Cole,Boom bap / Lyric,W5hSdGt2M8w,J. Cole – Work Out (Official Music Video),J. Cole,❤,1
J. Cole,Boom bap / Lyric,W5hSdGt2M8w,J. Cole – Work Out (Official Music Video),J. Cole,Anyone in 2026 👑kingpesso fucking with it 🤘🏼🚀,1
J. Cole,Boom bap / Lyric,W5hSdGt2M8w,J. Cole – Work Out (Official Music Video),J. Cole,🔥🔥🔥🔥,1
J. Cole,Boom bap / Lyric,W5hSdGt2M8w,J. Cole – Work Out (Official Music Video),J. Cole,This song hits this 2026,4
J. Cole,Boom bap / Lyric,W5hSdGt2M8w,J. Cole – Work Out (Official Music Video),J. Cole,Right now ❤,1
J. Cole,Boom bap / Lyric,W5hSdGt2M8w,J. Cole – Work Out (Official Music Video),J. Cole,Trash fuckin song and I'm upset it came up on the suggestions.,0
J. Cole,Boom bap / Lyric,W5hSdGt2M8w,J. Cole – Work Out (Official Music Video),J. Cole,"Mixed feelings on this song. It takes me back to a simpler time. But also a pretty crazy time in my life trying to figure out what kind of woman I wanted to be. Songs like this didn't help. I wish these rappers would consider the message they are sending to young women and men. Like just put out, it's just sex, have fun and don't have expectations. That's wrong. But then they all have daughters and are all tight as hell when they get to a dating age smh mixed feelings",3
J. Cole,Boom bap / Lyric,W5hSdGt2M8w,J. Cole – Work Out (Official Music Video),J. Cole,"I don’t give a fuck what Nas thinks about this song, he robbed us of getting more of this vibe, dude was just salty cole went mainstream with this song. Will always be a banger bro",2
J. Cole,Boom bap / Lyric,W5hSdGt2M8w,J. Cole – Work Out (Official Music Video),J. Cole,Just notice this he stole the ending of Kanye west song call the workout,0
J. Cole,Boom bap / Lyric,W5hSdGt2M8w,J. Cole – Work Out (Official Music Video),J. Cole,Ayeee who’s bumping February 2026 ?!,0
J. Cole,Boom bap / Lyric,W5hSdGt2M8w,J. Cole – Work Out (Official Music Video),J. Cole,🧊,0
J. Cole,Boom bap / Lyric,W5hSdGt2M8w,J. Cole – Work Out (Official Music Video),J. Cole,fresh banger,1
J. Cole,Boom bap / Lyric,W5hSdGt2M8w,J. Cole – Work Out (Official Music Video),J. Cole,This should use this song on the movie called Goat,0
J. Cole,Boom bap / Lyric,W5hSdGt2M8w,J. Cole – Work Out (Official Music Video),J. Cole,2026?,0
J. Cole,Boom bap / Lyric,W5hSdGt2M8w,J. Cole – Work Out (Official Music Video),J. Cole,"2026 and same vibe foor me
MAGNIFIQUE",0
J. Cole,Boom bap / Lyric,W5hSdGt2M8w,J. Cole – Work Out (Official Music Video),J. Cole,I'm trusting n u bbg ❤,0
J. Cole,Boom bap / Lyric,W5hSdGt2M8w,J. Cole – Work Out (Official Music Video),J. Cole,Them big parties and travel songs😂 one of them,0
J. Cole,Boom bap / Lyric,W5hSdGt2M8w,J. Cole – Work Out (Official Music Video),J. Cole,February 18 gym theme song!!🫡,1
J. Cole,Boom bap / Lyric,W5hSdGt2M8w,J. Cole – Work Out (Official Music Video),J. Cole,Who's Here in 2026? 🔥🔥🔥👌,13
J. Cole,Boom bap / Lyric,W5hSdGt2M8w,J. Cole – Work Out (Official Music Video),J. Cole,J Cole has a song for every situation you've ever faced as a male ❤❤,1
J. Cole,Boom bap / Lyric,W5hSdGt2M8w,J. Cole – Work Out (Official Music Video),J. Cole,12/12/2026🇿🇦,4
J. Cole,Boom bap / Lyric,W5hSdGt2M8w,J. Cole – Work Out (Official Music Video),J. Cole,How was 2011 soo long ago?,0
J. Cole,Boom bap / Lyric,W5hSdGt2M8w,J. Cole – Work Out (Official Music Video),J. Cole,"""I hate this!"" -- Nas",3
J. Cole,Boom bap / Lyric,W5hSdGt2M8w,J. Cole – Work Out (Official Music Video),J. Cole,Real cole always ❤,0
J. Cole,Boom bap / Lyric,W5hSdGt2M8w,J. Cole – Work Out (Official Music Video),J. Cole,"The song has always been good, but is it just me or is the music video awkward af? Lol like most of it doesn’t really go with the song? 🤷‍♀️",1
J. Cole,Boom bap / Lyric,W5hSdGt2M8w,J. Cole – Work Out (Official Music Video),J. Cole,Buzz cut Cole is always a classic,2
J. Cole,Boom bap / Lyric,W5hSdGt2M8w,J. Cole – Work Out (Official Music Video),J. Cole,People who still listen to this in. 2026,2
J. Cole,Boom bap / Lyric,W5hSdGt2M8w,J. Cole – Work Out (Official Music Video),J. Cole,This is the song that Cole hated the most,1
J. Cole,Boom bap / Lyric,W5hSdGt2M8w,J. Cole – Work Out (Official Music Video),J. Cole,This song popped up on my YouTube recommended feed so j.cole is my favorite artist ever and the brother is still in his prime.,0
J. Cole,Boom bap / Lyric,W5hSdGt2M8w,J. Cole – Work Out (Official Music Video),J. Cole,A timeless classic,7
J. Cole,Boom bap / Lyric,W5hSdGt2M8w,J. Cole – Work Out (Official Music Video),J. Cole,Bernice burgos been hot since the beginning of the world,2
J. Cole,Boom bap / Lyric,W5hSdGt2M8w,J. Cole – Work Out (Official Music Video),J. Cole,Shit!,0
J. Cole,Boom bap / Lyric,W5hSdGt2M8w,J. Cole – Work Out (Official Music Video),J. Cole,You let nas down,0
J. Cole,Boom bap / Lyric,W5hSdGt2M8w,J. Cole – Work Out (Official Music Video),J. Cole,AYEEEEEEEE 😭👉🏻👠👠💃💃🤏🏻🤏🏻🤏🏻2-13-2026,1
J. Cole,Boom bap / Lyric,W5hSdGt2M8w,J. Cole – Work Out (Official Music Video),J. Cole,It’s crazy to think that this the song that NAS didn’t like lol,4
J. Cole,Boom bap / Lyric,W5hSdGt2M8w,J. Cole – Work Out (Official Music Video),J. Cole,Why does everyone think I'm a model,1
J. Cole,Boom bap / Lyric,W5hSdGt2M8w,J. Cole – Work Out (Official Music Video),J. Cole,It's a J. Cole song,0
J. Cole,Boom bap / Lyric,W5hSdGt2M8w,J. Cole – Work Out (Official Music Video),J. Cole,From this to the Fall Off...timeless,1
J. Cole,Boom bap / Lyric,W5hSdGt2M8w,J. Cole – Work Out (Official Music Video),J. Cole,My favorite rap song EVER A,0
J. Cole,Boom bap / Lyric,W5hSdGt2M8w,J. Cole – Work Out (Official Music Video),J. Cole,ts is a banger,2
J. Cole,Boom bap / Lyric,W5hSdGt2M8w,J. Cole – Work Out (Official Music Video),J. Cole,Almost 15 years ago wow. I was 10 back then now I’m 25🫡,1
J. Cole,Boom bap / Lyric,W5hSdGt2M8w,J. Cole – Work Out (Official Music Video),J. Cole,February 2026?,0
J. Cole,Boom bap / Lyric,W5hSdGt2M8w,J. Cole – Work Out (Official Music Video),J. Cole,You listening to this.,0
J. Cole,Boom bap / Lyric,W5hSdGt2M8w,J. Cole – Work Out (Official Music Video),J. Cole,This was my song in varsity I miss those days.... time flies,3
J. Cole,Boom bap / Lyric,W5hSdGt2M8w,J. Cole – Work Out (Official Music Video),J. Cole,.,0
J. Cole,Boom bap / Lyric,W5hSdGt2M8w,J. Cole – Work Out (Official Music Video),J. Cole,Big bro,0
J. Cole,Boom bap / Lyric,W5hSdGt2M8w,J. Cole – Work Out (Official Music Video),J. Cole,who was brought here by firtana? like this song ❤,1
J. Cole,Boom bap / Lyric,W5hSdGt2M8w,J. Cole – Work Out (Official Music Video),J. Cole,"They want the whole family gay, no thank you. What funeral",0
J. Cole,Boom bap / Lyric,W5hSdGt2M8w,J. Cole – Work Out (Official Music Video),J. Cole,How feels discover ts banger in the big 2026 🥀🎉✌️,0
J. Cole,Boom bap / Lyric,W5hSdGt2M8w,J. Cole – Work Out (Official Music Video),J. Cole,I can’t believe his fan base hated this,0
J. Cole,Boom bap / Lyric,W5hSdGt2M8w,J. Cole – Work Out (Official Music Video),J. Cole,why did tis G.O.A.T  LEAVE USSS,0
J. Cole,Boom bap / Lyric,W5hSdGt2M8w,J. Cole – Work Out (Official Music Video),J. Cole,He shouldve stayed in this lane,2
J. Cole,Boom bap / Lyric,W5hSdGt2M8w,J. Cole – Work Out (Official Music Video),J. Cole,Oh ok I thought I was the only one in 2026,32
J. Cole,Boom bap / Lyric,W5hSdGt2M8w,J. Cole – Work Out (Official Music Video),J. Cole,2026✅,0
J. Cole,Boom bap / Lyric,W5hSdGt2M8w,J. Cole – Work Out (Official Music Video),J. Cole,Can anyone hear a cat meow?,1
J. Cole,Boom bap / Lyric,W5hSdGt2M8w,J. Cole – Work Out (Official Music Video),J. Cole,Feb 8 😜✌️,0
J. Cole,Boom bap / Lyric,W5hSdGt2M8w,J. Cole – Work Out (Official Music Video),J. Cole,Listening to this song on 8th February 2026 at 1557 hrs IST.,2
J. Cole,Boom bap / Lyric,W5hSdGt2M8w,J. Cole – Work Out (Official Music Video),J. Cole,Kanye x work out plan ❤,1
J. Cole,Boom bap / Lyric,W5hSdGt2M8w,J. Cole – Work Out (Official Music Video),J. Cole,First time I heard this was at a strip club lol,0
J. Cole,Boom bap / Lyric,W5hSdGt2M8w,J. Cole – Work Out (Official Music Video),J. Cole,Who back here after the fall off dropped?,2
J. Cole,Boom bap / Lyric,W5hSdGt2M8w,J. Cole – Work Out (Official Music Video),J. Cole,"This is the Myspace Era. Emmanuel Parris saw me naked and he is a Marines. My son is gay and so the mother. And this is what you get it revoked. You are worst than a Dog. Why are you writing people. You are kind. I did it, I will go to jail to be murdered. I don't want to be friends. So it is Richard Smith of St. Augustine FL going to jail for KFC",0
J. Cole,Boom bap / Lyric,W5hSdGt2M8w,J. Cole – Work Out (Official Music Video),J. Cole,"At first, it sounded like work out by J. Cole😂😂",3
J. Cole,Boom bap / Lyric,W5hSdGt2M8w,J. Cole – Work Out (Official Music Video),J. Cole,You always look like that don't turn yourself into a hole different person you're so pretty  take it off so you look more pretty,2
J. Cole,Boom bap / Lyric,W5hSdGt2M8w,J. Cole – Work Out (Official Music Video),J. Cole,New J cole just drop had to come back to the beginning,2
J. Cole,Boom bap / Lyric,W5hSdGt2M8w,J. Cole – Work Out (Official Music Video),J. Cole,Who here before the fall off album?,24
J. Cole,Boom bap / Lyric,W5hSdGt2M8w,J. Cole – Work Out (Official Music Video),J. Cole,idgaf if nas ain’t like this song. its fun lol,13
J. Cole,Boom bap / Lyric,W5hSdGt2M8w,J. Cole – Work Out (Official Music Video),J. Cole,"Looking back, the whole “Let Nas Down” thing and all the discussions surrounding this song, it’s a just a fucking jam. Every party this joint come on at or anytime it just plays out in the wild, I always see people having a great time to the song. It’s a classic as far as I’m concerned.",2
J. Cole,Boom bap / Lyric,W5hSdGt2M8w,J. Cole – Work Out (Official Music Video),J. Cole,Forever a Jermaine lover❤.,0
J. Cole,Boom bap / Lyric,W5hSdGt2M8w,J. Cole – Work Out (Official Music Video),J. Cole,2.6.26 🔥,24
J. Cole,Boom bap / Lyric,W5hSdGt2M8w,J. Cole – Work Out (Official Music Video),J. Cole,sounds like someone is stepping on a cat's tail wtf is that noise,1
J. Cole,Boom bap / Lyric,W5hSdGt2M8w,J. Cole – Work Out (Official Music Video),J. Cole,Shout out bk ! #deanpark,0
J. Cole,Boom bap / Lyric,W5hSdGt2M8w,J. Cole – Work Out (Official Music Video),J. Cole,Is it just me or do I wish people can stop saying who is here in 2026 because literally turn off legendary oldest songs is getting filled with new gens,2
J. Cole,Boom bap / Lyric,W5hSdGt2M8w,J. Cole – Work Out (Official Music Video),J. Cole,Still a hit in 2026🔥🔥🫵,0
J. Cole,Boom bap / Lyric,W5hSdGt2M8w,J. Cole – Work Out (Official Music Video),J. Cole,This is a banger!! 🔥🔥 I don't understand why Nas hated it,4
J. Cole,Boom bap / Lyric,W5hSdGt2M8w,J. Cole – Work Out (Official Music Video),J. Cole,yo J. Cole is really fire bro I forgot about this song,0
J. Cole,Boom bap / Lyric,W5hSdGt2M8w,J. Cole – Work Out (Official Music Video),J. Cole,bernice🥰🥰🥰,1
J. Cole,Boom bap / Lyric,W5hSdGt2M8w,J. Cole – Work Out (Official Music Video),J. Cole,THAT'S EXCELLENT !!!!,4
J. Cole,Boom bap / Lyric,W5hSdGt2M8w,J. Cole – Work Out (Official Music Video),J. Cole,The Kanye sample is wild 🔥,1
J. Cole,Boom bap / Lyric,W5hSdGt2M8w,J. Cole – Work Out (Official Music Video),J. Cole,I and Chinenye Nwogu in Luton Town 2011. Good memories...,0
J. Cole,Boom bap / Lyric,W5hSdGt2M8w,J. Cole – Work Out (Official Music Video),J. Cole,Listening this in 2026❤,6
J. Cole,Boom bap / Lyric,W5hSdGt2M8w,J. Cole – Work Out (Official Music Video),J. Cole,Love this song forever,0
J. Cole,Boom bap / Lyric,W5hSdGt2M8w,J. Cole – Work Out (Official Music Video),J. Cole,That's a whole married man... 🙈,1
J. Cole,Boom bap / Lyric,W5hSdGt2M8w,J. Cole – Work Out (Official Music Video),J. Cole,🔥🔥🔥🔥🤷🏽‍♂️,1
J. Cole,Boom bap / Lyric,W5hSdGt2M8w,J. Cole – Work Out (Official Music Video),J. Cole,2026 real Cole fans ? 🐐,0
J. Cole,Boom bap / Lyric,W5hSdGt2M8w,J. Cole – Work Out (Official Music Video),J. Cole,Another banger to the playlist,0
J. Cole,Boom bap / Lyric,W5hSdGt2M8w,J. Cole – Work Out (Official Music Video),J. Cole,8 Shaw's Belmont St Brockton.  08 Shaw's Belmont St Brockton,0
J. Cole,Boom bap / Lyric,W5hSdGt2M8w,J. Cole – Work Out (Official Music Video),J. Cole,It was this girl I really liked and she had my attention well She was going on the first night 🤦🏽‍♂️ I had to play this song when I dropped her off she didn’t understand she was vibing to the song and happy lmao she haven’t heard from since,0
J. Cole,Boom bap / Lyric,W5hSdGt2M8w,J. Cole – Work Out (Official Music Video),J. Cole,IVE BEEN TO THAT PARK,0
J. Cole,Boom bap / Lyric,W5hSdGt2M8w,J. Cole – Work Out (Official Music Video),J. Cole,Hit n nun nun girls condom off get it tested,0
J. Cole,Boom bap / Lyric,W5hSdGt2M8w,J. Cole – Work Out (Official Music Video),J. Cole,i cant believe this song let nas down,1
J. Cole,Boom bap / Lyric,W5hSdGt2M8w,J. Cole – Work Out (Official Music Video),J. Cole,"Whoa whose is here in 2026,like for real.j Cole residence please say forever 🎉 love from South Africa 🇿🇦",5
J. Cole,Boom bap / Lyric,W5hSdGt2M8w,J. Cole – Work Out (Official Music Video),J. Cole,Real lyraclist.,0
J. Cole,Boom bap / Lyric,W5hSdGt2M8w,J. Cole – Work Out (Official Music Video),J. Cole,whos here after birthday blizzard,0
J. Cole,Boom bap / Lyric,W5hSdGt2M8w,J. Cole – Work Out (Official Music Video),J. Cole,😂😂😂,1
J. Cole,Boom bap / Lyric,W5hSdGt2M8w,J. Cole – Work Out (Official Music Video),J. Cole,The beats 🔥,0
J. Cole,Boom bap / Lyric,W5hSdGt2M8w,J. Cole – Work Out (Official Music Video),J. Cole,🔥🔥🔥2026 facts,0
J. Cole,Boom bap / Lyric,W5hSdGt2M8w,J. Cole – Work Out (Official Music Video),J. Cole,0:20 0:23 0:24 0:24 0:24 0:25 0:25 0:25 0:25 0:25 0:25 0:25 0:26 0:26 0:26 0:26 0:26 0:26 0:26 0:27 0:27 0:27 0:27 0:27 0:27 0:28 0:28 0:28 0:28 0:28 0:28 0:28 0:29 0:29 0:29 0:29 0:29 0:29 0:30 0:30 0:30 0:30 0:30 0:30 0:30 0:30 0:31 0:31 0:31 0:31 0:31 0:31 0:32 0:32 0:32 0:32 0:32 0:33 0:33 0:33 0:33 0:33 0:33 0:33 0:34 0:34 0:34 0:34 0:34 0:34 0:34 0:35 0:35 0:35 0:35 0:35 0:35 0:36 0:36 0:36 0:36 0:36 0:36 0:37 0:37 0:37 0:37 0:37 0:37 0:38 0:38 0:38 0:38 0:38 0:38 0:39 0:39 0:39 0:39 0:39 0:39 0:40 0:40 0:40 0:40 0:40 0:41,2
J. Cole,Boom bap / Lyric,W5hSdGt2M8w,J. Cole – Work Out (Official Music Video),J. Cole,🎉🎉🎉🎉🎉🎉🎉🎉🎉🎉🎉🎉,1
J. Cole,Boom bap / Lyric,W5hSdGt2M8w,J. Cole – Work Out (Official Music Video),J. Cole,Bernice Burgos so hot,0
J. Cole,Boom bap / Lyric,W5hSdGt2M8w,J. Cole – Work Out (Official Music Video),J. Cole,Yessiiiir❤❤,2
J. Cole,Boom bap / Lyric,W5hSdGt2M8w,J. Cole – Work Out (Official Music Video),J. Cole,When he says let's go skoden lol,0
J. Cole,Boom bap / Lyric,W5hSdGt2M8w,J. Cole – Work Out (Official Music Video),J. Cole,Even 5 years later I’m having chills remembering the first time i heard this masterpiece. Thx Mr.cole,0
J. Cole,Boom bap / Lyric,W5hSdGt2M8w,J. Cole – Work Out (Official Music Video),J. Cole,To this banger,2
J. Cole,Boom bap / Lyric,W5hSdGt2M8w,J. Cole – Work Out (Official Music Video),J. Cole,2036 🎉🎉,0
J. Cole,Boom bap / Lyric,W5hSdGt2M8w,J. Cole – Work Out (Official Music Video),J. Cole,Blend fruits an vegetables together drink 3 times a day 🎉 long life 🎉  they angels/Gods when they leave earth💌🎉,0
J. Cole,Boom bap / Lyric,W5hSdGt2M8w,J. Cole – Work Out (Official Music Video),J. Cole,"No nudity 
No violence 
No swearing
Just 100%pure vibes.",14
J. Cole,Boom bap / Lyric,W5hSdGt2M8w,J. Cole – Work Out (Official Music Video),J. Cole,We will miss you men 😭😭😭😭😭😭😭😭,0
J. Cole,Boom bap / Lyric,W5hSdGt2M8w,J. Cole – Work Out (Official Music Video),J. Cole,COLE WORLD ❤🎉 THIS HITS DIFFERENT AT 30 🎉❤ This man really changed my perspective of life as a kid and now as a man am proud to stay solid on my believes and not turn a social zombie ❤🙏🏼,0
J. Cole,Boom bap / Lyric,W5hSdGt2M8w,J. Cole – Work Out (Official Music Video),J. Cole,Unfortunately once you hear the weird screaming sound in the background of the song it becomes horrible to listen to.,0
J. Cole,Boom bap / Lyric,W5hSdGt2M8w,J. Cole – Work Out (Official Music Video),J. Cole,Who here after he say nas spoke about y he made this song in a sad way,0
J. Cole,Boom bap / Lyric,W5hSdGt2M8w,J. Cole – Work Out (Official Music Video),J. Cole,Let Nas Down.,0
J. Cole,Boom bap / Lyric,W5hSdGt2M8w,J. Cole – Work Out (Official Music Video),J. Cole,Telling the truth,0
J. Cole,Boom bap / Lyric,W5hSdGt2M8w,J. Cole – Work Out (Official Music Video),J. Cole,"I always loved this song , especially because I was a Paula Abdul fan as a young kid and loved J. Cole as I got older/when he came out so this sample was on point!❤",0
J. Cole,Boom bap / Lyric,W5hSdGt2M8w,J. Cole – Work Out (Official Music Video),J. Cole,I thought this song was at least 10years old,0
J. Cole,Boom bap / Lyric,W5hSdGt2M8w,J. Cole – Work Out (Official Music Video),J. Cole,Bro was tweaking on this video,1
J. Cole,Boom bap / Lyric,W5hSdGt2M8w,J. Cole – Work Out (Official Music Video),J. Cole,"Hi there my friend whoever is reading this! Im Joseph!👋😄 I have an important message to share with you! It’s not just an important message but it’s THE MOST important message in the world that you must hear because you are such a precious person! Please, it is totally worth it! Read this message! May God bless you abundantly! “The LORD is good and he is near to the brokenhearted and saves those who are crushed in spirit.” Psalms 34:18 Our God is good! ❤️ Let me share a bad news and a good news. But after you hear the good news, the bad news won't matter. 


First, this is the bad news: We are all sinners and after we die, we must face the punishment for all of our sins by spending eternity in hell which is terrifying and horrible. 

BUT here's the good news: God still loves us soo much unconditionally and does not want us to go to hell, that he sent Jesus Christ, his only Son, to take the punishment for all of our sins instead of us on our behalf, by dying on the cross. Even though we deserve to go to hell, Jesus shed his blood, dying an excruciating death on the cross, to save us from going to hell and so that we can rather have eternal life with him in his beautiful kingdom that's full of overflowing happiness :) On the 3rd day after Jesus died, he rose back from the dead, proving and declaring that the debt for all of our sins has been paid :) Jesus has saved us from going to hell. We no longer have a price to pay. We don't have to go to hell, but now we can go to heaven because he paid the price for all of our sins on our behalf. This is why our Lord Jesus Christ is our Savior! 

HOWEVER, there is a simple thing that God requires us to do before he lets us into heaven, which many people sadly miss on doing. That is to simply accept and believe in our hearts that Christ is our Savior :) It's so simple all we have to do to go to heaven is just believe!! So although Jesus died for everyone, only those who truly believe in him go to heaven. Many people sadly miss on it. Either they have never heard of Jesus, or they deny Jesus, refusing to believe in him. Please accept and believe in Jesus Christ as your Savior! 

Also, another thing that God wants is that he wants us to repent: to change our bad, sinful minds and get out of our sinful lifestyle. If we say with our mouths that Jesus is our Savior but don’t turn away from our sins that’s not true genuine faith and not taking Jesus seriously. If we would believe in Jesus as our Savior, we would also believe in him as our Lord. To make him our Lord means to simply love him back, have a relationship with him, acknowledge him in every aspect, situation, and ways which therefore should cause us to repent. Jesus loves us so much and he wants us to be holy like him. He wants us to love him back who laid down his life for us and get out of our sinful lifestyle. He does not like sin. Jesus is holy and righteous. He cannot tolerate a careless, sinful lifestyle. Please turn from your sins to God and believe in Jesus as your Lord and Savior! ❤️

God really loves you so much far more than you can ever imagine! You are so very precious to him! He wants an intimate relationship with you. He wants to be your best friend. God wants to be with you always! God wants to give you overflowing happiness and peace that this world cannot offer! Relationship with God is better than anything else! Personally knowing and having a relationship with God will bring true joy and peace and hope always even in hardship because you know that you are loved by God and that he is with you everywhere you go and that one day you will be so full of joy in his kingdom with him forever! God is so good and loving and he wants to give you the best things! I want to tell you that whatever problems you have, bring them all to God! Call out to him! He hears you! He knows all about what you do and your thoughts. He understands your struggles. In times when you shed tears, God sees your sorrowful tears and he hears you cry. If you call out to him, he will certainly answer and give you help my dear friend! He loves you very much! Remember he is the creator of the universe and everything in it including us humans! God is the Most High! There is NOTHING that is not in God’s hands and there is NOTHING impossible for God to do! Everything is possible with God! God is always there for you with open arms, ready to embrace you :) God bless you!!! 🫶😁",0
J. Cole,Boom bap / Lyric,W5hSdGt2M8w,J. Cole – Work Out (Official Music Video),J. Cole,if you MISS J cole when he was J COLE just work out for me on the comments or likes,1
J. Cole,Boom bap / Lyric,W5hSdGt2M8w,J. Cole – Work Out (Official Music Video),J. Cole,J Cole will forever be in the big 3 just bc he didn’t want to be in a fake rap beef doesn’t mean he’s not still one of the greatest,1
J. Cole,Boom bap / Lyric,W5hSdGt2M8w,J. Cole – Work Out (Official Music Video),J. Cole,Who's here 2026,43
J. Cole,Boom bap / Lyric,W5hSdGt2M8w,J. Cole – Work Out (Official Music Video),J. Cole,Doo doo doo doo dooo do do,2
J. Cole,Boom bap / Lyric,W5hSdGt2M8w,J. Cole – Work Out (Official Music Video),J. Cole,"Sitting on a fence and a Bench hoping things work out,   A todd  little normal for me. ""I am not your Negro.""  Urban League and United Negroe Colleges. Uua Assoc Ca. Natalie T. LA.",0
J. Cole,Boom bap / Lyric,W5hSdGt2M8w,J. Cole – Work Out (Official Music Video),J. Cole,Shut up,0
J. Cole,Boom bap / Lyric,W5hSdGt2M8w,J. Cole – Work Out (Official Music Video),J. Cole,"This aged like fine wine, wow.",0
J. Cole,Boom bap / Lyric,W5hSdGt2M8w,J. Cole – Work Out (Official Music Video),J. Cole,I am,0
J. Cole,Boom bap / Lyric,W5hSdGt2M8w,J. Cole – Work Out (Official Music Video),J. Cole,🔥🔥🔥🔥🔥,0
J. Cole,Boom bap / Lyric,W5hSdGt2M8w,J. Cole – Work Out (Official Music Video),J. Cole,Rest In Peace Cuhs I love You Hope You Smile'in Down On Us 💯💯💯🙏🫶🫶🫶,1
J. Cole,Boom bap / Lyric,W5hSdGt2M8w,J. Cole – Work Out (Official Music Video),J. Cole,I feel old 24 🧍🏽🫩my back hurt,9
J. Cole,Boom bap / Lyric,W5hSdGt2M8w,J. Cole – Work Out (Official Music Video),J. Cole,I respect all music,1
J. Cole,Boom bap / Lyric,W5hSdGt2M8w,J. Cole – Work Out (Official Music Video),J. Cole,Is a good song,2
J. Cole,Boom bap / Lyric,W5hSdGt2M8w,J. Cole – Work Out (Official Music Video),J. Cole,I love this song ❤🎉,0
J. Cole,Boom bap / Lyric,W5hSdGt2M8w,J. Cole – Work Out (Official Music Video),J. Cole,Anyone in 2026?,0
J. Cole,Boom bap / Lyric,W5hSdGt2M8w,J. Cole – Work Out (Official Music Video),J. Cole,So idk if im hearing something but I swear I hear a girl either weezing or moaning weirdly everyonce in a while in the background of the song 😂,1
J. Cole,Boom bap / Lyric,W5hSdGt2M8w,J. Cole – Work Out (Official Music Video),J. Cole,❤,0
J. Cole,Boom bap / Lyric,W5hSdGt2M8w,J. Cole – Work Out (Official Music Video),J. Cole,I can’t hear nun but clappin 😭,1
J. Cole,Boom bap / Lyric,W5hSdGt2M8w,J. Cole – Work Out (Official Music Video),J. Cole,"J COLE THE MOAT REAL MF IN NY. THATS MY BOY. In time Square someone said is that J?? Called him out and they brought bleachers out in time square for him to perform. There was m I never and panties flying everywhere. Lol. He donated it all to the homeless right there on the curb. Meanwhile I'm trying find my short betch in the 3 story Victoria's secret while other girls modeling for me. She so short, I can't see her over a shoe rack. Lol😂",0
J. Cole,Boom bap / Lyric,W5hSdGt2M8w,J. Cole – Work Out (Official Music Video),J. Cole,🥺🎀✨💕🌸🦋🩵🦇🖤💐,1
J. Cole,Boom bap / Lyric,W5hSdGt2M8w,J. Cole – Work Out (Official Music Video),J. Cole,💿,0
J. Cole,Boom bap / Lyric,W5hSdGt2M8w,J. Cole – Work Out (Official Music Video),J. Cole,"I don't know  , but  shorty in the middle  ? I hate doing that  ! Hey come here  ! Me ? No , shorty in the middle  !😂😂",0
J. Cole,Boom bap / Lyric,W5hSdGt2M8w,J. Cole – Work Out (Official Music Video),J. Cole,The best part 3:39,26
J. Cole,Boom bap / Lyric,W5hSdGt2M8w,J. Cole – Work Out (Official Music Video),J. Cole,my answer when someone asks me drake or kendrik,1
J. Cole,Boom bap / Lyric,W5hSdGt2M8w,J. Cole – Work Out (Official Music Video),J. Cole,Lil famous is right now,6
J. Cole,Boom bap / Lyric,W5hSdGt2M8w,J. Cole – Work Out (Official Music Video),J. Cole,Crazy how Bernice still a video vixen once you get her you all da way lit 😍🔥😅,0
J. Cole,Boom bap / Lyric,W5hSdGt2M8w,J. Cole – Work Out (Official Music Video),J. Cole,❤,1
J. Cole,Boom bap / Lyric,W5hSdGt2M8w,J. Cole – Work Out (Official Music Video),J. Cole,Go chiefs,1
J. Cole,Boom bap / Lyric,W5hSdGt2M8w,J. Cole – Work Out (Official Music Video),J. Cole,I'm from Fayetteville NC like J Cole.  This song always puts me in a good mood and I never get tired of it.  Love me some J Cole ❤️❤️❤️,0
J. Cole,Boom bap / Lyric,W5hSdGt2M8w,J. Cole – Work Out (Official Music Video),J. Cole,"Reminds me of my junior year in high school... 2011. I was on probation in my hometown but i took off to a lil town 3 hours away w my homegirls , we got pulled over cuz they swerved like a mf comjng out of the backroads i got sent in cuz we was all teens underage but I wasn't even drinkjng lmao.. sat 3 days in a rez jail smfh... got a ride home in a tribal cop car to my house. Real talk lol",0
J. Cole,Boom bap / Lyric,W5hSdGt2M8w,J. Cole – Work Out (Official Music Video),J. Cole,🔥,1
J. Cole,Boom bap / Lyric,W5hSdGt2M8w,J. Cole – Work Out (Official Music Video),J. Cole,"ngl this the song I play to get my exes of my mind

is that just me or 🥲",1
J. Cole,Boom bap / Lyric,W5hSdGt2M8w,J. Cole – Work Out (Official Music Video),J. Cole,This song is not 5 years old….lol more like 10-13yrs now,0
J. Cole,Boom bap / Lyric,W5hSdGt2M8w,J. Cole – Work Out (Official Music Video),J. Cole,Who listen to this banger after the fall off announcement,11
J. Cole,Boom bap / Lyric,W5hSdGt2M8w,J. Cole – Work Out (Official Music Video),J. Cole,i like this,0
J. Cole,Boom bap / Lyric,W5hSdGt2M8w,J. Cole – Work Out (Official Music Video),J. Cole,"I was listening to Kanye - ""The New Work Out plan"". When I realised where this sample came from. Honestly genius.",0
J. Cole,Boom bap / Lyric,W5hSdGt2M8w,J. Cole – Work Out (Official Music Video),J. Cole,❤❤❤,0
J. Cole,Boom bap / Lyric,W5hSdGt2M8w,J. Cole – Work Out (Official Music Video),J. Cole,Love j Cole f ever,0
J. Cole,Boom bap / Lyric,W5hSdGt2M8w,J. Cole – Work Out (Official Music Video),J. Cole,Clips of your food four your soul and lively hood,0
J. Cole,Boom bap / Lyric,W5hSdGt2M8w,J. Cole – Work Out (Official Music Video),J. Cole,I know this album sold sidelined 50¢......fitty.......this wrap #sportcenter #stadiumGEAR§ #stadiumGOODS muse sick reel really really every majors.....✨Peace of athletic academic Mind set huddles free throws strike B'aller alert anthem....🎻,0
J. Cole,Boom bap / Lyric,W5hSdGt2M8w,J. Cole – Work Out (Official Music Video),J. Cole,"14 January, 2026 
and this song is still a banger 🤟🏽💯🔊🔥🔥🔥",0
J. Cole,Boom bap / Lyric,W5hSdGt2M8w,J. Cole – Work Out (Official Music Video),J. Cole,Who's here after Memphis bleek clip ?,7
J. Cole,Boom bap / Lyric,W5hSdGt2M8w,J. Cole – Work Out (Official Music Video),J. Cole,Me,0
J. Cole,Boom bap / Lyric,W5hSdGt2M8w,J. Cole – Work Out (Official Music Video),J. Cole,2026❤ ehĥyy,0
J. Cole,Boom bap / Lyric,W5hSdGt2M8w,J. Cole – Work Out (Official Music Video),J. Cole,✌️👏☝️,0
J. Cole,Boom bap / Lyric,W5hSdGt2M8w,J. Cole – Work Out (Official Music Video),J. Cole,ultimate hooping w da bros song like that sh*t works out,0
J. Cole,Boom bap / Lyric,W5hSdGt2M8w,J. Cole – Work Out (Official Music Video),J. Cole,Miss bein in high school sometimes for the simple fact J Cole was everywhere,10
J. Cole,Boom bap / Lyric,W5hSdGt2M8w,J. Cole – Work Out (Official Music Video),J. Cole,He needs to make a comeback ngl,2
J. Cole,Boom bap / Lyric,W5hSdGt2M8w,J. Cole – Work Out (Official Music Video),J. Cole,🔥🔥🔥🔥🔥🔥,2
J. Cole,Boom bap / Lyric,W5hSdGt2M8w,J. Cole – Work Out (Official Music Video),J. Cole,This song is dope since Day 1,3
J. Cole,Boom bap / Lyric,W5hSdGt2M8w,J. Cole – Work Out (Official Music Video),J. Cole,how did he manage to get such a coo-ooh-oold beat,3
J. Cole,Boom bap / Lyric,W5hSdGt2M8w,J. Cole – Work Out (Official Music Video),J. Cole,🎉,0
J. Cole,Boom bap / Lyric,W5hSdGt2M8w,J. Cole – Work Out (Official Music Video),J. Cole,Big heartbreak 2026?,2
J. Cole,Boom bap / Lyric,W5hSdGt2M8w,J. Cole – Work Out (Official Music Video),J. Cole,"I never know he had no hair at the start by the way, raise your hand if you’re 2026  who is 2026 here??",0
J. Cole,Boom bap / Lyric,W5hSdGt2M8w,J. Cole – Work Out (Official Music Video),J. Cole,9th Jan. '26❤💯🔥🔥🔥,0
J. Cole,Boom bap / Lyric,W5hSdGt2M8w,J. Cole – Work Out (Official Music Video),J. Cole,"Would really like to recommend jhope's ""on the street ft J cole""  if anyone hasnt heard it 🙌🏻",0
J. Cole,Boom bap / Lyric,W5hSdGt2M8w,J. Cole – Work Out (Official Music Video),J. Cole,My fav❤😊song,0
J. Cole,Boom bap / Lyric,W5hSdGt2M8w,J. Cole – Work Out (Official Music Video),J. Cole,I’m here in 2026,3
J. Cole,Boom bap / Lyric,W5hSdGt2M8w,J. Cole – Work Out (Official Music Video),J. Cole,I'm right here,0
J. Cole,Boom bap / Lyric,W5hSdGt2M8w,J. Cole – Work Out (Official Music Video),J. Cole,ay we got a good thanng,0
J. Cole,Boom bap / Lyric,W5hSdGt2M8w,J. Cole – Work Out (Official Music Video),J. Cole,2026????😅,0
J. Cole,Boom bap / Lyric,W5hSdGt2M8w,J. Cole – Work Out (Official Music Video),J. Cole,Got that ish on repeat,0
J. Cole,Boom bap / Lyric,W5hSdGt2M8w,J. Cole – Work Out (Official Music Video),J. Cole,Anyone here in 2026 ?🔥🔥🔥💪🏾💯🔥🔥🔥,56
J. Cole,Boom bap / Lyric,W5hSdGt2M8w,J. Cole – Work Out (Official Music Video),J. Cole,Why this song popping up in my head 1/6/26 6 am,0
J. Cole,Boom bap / Lyric,W5hSdGt2M8w,J. Cole – Work Out (Official Music Video),J. Cole,Can't believe you let Nas down,0
J. Cole,Boom bap / Lyric,W5hSdGt2M8w,J. Cole – Work Out (Official Music Video),J. Cole,"Why the change from ""that"" to ""you"" in the bit about the escort? Kinda ruins the double entendre there, as he is referencing the Ford Escort I'm pretty sure lol.",0
J. Cole,Boom bap / Lyric,W5hSdGt2M8w,J. Cole – Work Out (Official Music Video),J. Cole,Ask for more tangible evidence the topic is interesting but the evidence is more intriguing,0
J. Cole,Boom bap / Lyric,W5hSdGt2M8w,J. Cole – Work Out (Official Music Video),J. Cole,Man I can't believe this came out 5 years ago it's crazy😂😂😂❤,0
J. Cole,Boom bap / Lyric,W5hSdGt2M8w,J. Cole – Work Out (Official Music Video),J. Cole,A remix with 50 would be wild for a n anniversary song,0
J. Cole,Boom bap / Lyric,W5hSdGt2M8w,J. Cole – Work Out (Official Music Video),J. Cole,J cole = @stephen curry 😮,0
J. Cole,Boom bap / Lyric,W5hSdGt2M8w,J. Cole – Work Out (Official Music Video),J. Cole,Cool how he’s not just frontn like he plays ball,0
J. Cole,Boom bap / Lyric,W5hSdGt2M8w,J. Cole – Work Out (Official Music Video),J. Cole,2026 here!!!🎉,2
J. Cole,Boom bap / Lyric,W5hSdGt2M8w,J. Cole – Work Out (Official Music Video),J. Cole,"Unpopular opinion, she's a 10, but he ain't...she can find a way more handsome man",6
J. Cole,Boom bap / Lyric,W5hSdGt2M8w,J. Cole – Work Out (Official Music Video),J. Cole,Jan 3 2026.,0
J. Cole,Boom bap / Lyric,W5hSdGt2M8w,J. Cole – Work Out (Official Music Video),J. Cole,Ay this that real shi,1
J. Cole,Boom bap / Lyric,W5hSdGt2M8w,J. Cole – Work Out (Official Music Video),J. Cole,J Cole & Kanye West 🔥,0
J. Cole,Boom bap / Lyric,W5hSdGt2M8w,J. Cole – Work Out (Official Music Video),J. Cole,Who's here in 2026😂,7
J. Cole,Boom bap / Lyric,W5hSdGt2M8w,J. Cole – Work Out (Official Music Video),J. Cole,2026 anyone?,5
J. Cole,Boom bap / Lyric,W5hSdGt2M8w,J. Cole – Work Out (Official Music Video),J. Cole,Who's still listening to this banger in 2026🎉,2475
J. Cole,Boom bap / Lyric,W5hSdGt2M8w,J. Cole – Work Out (Official Music Video),J. Cole,2026 🎉❤,0
J. Cole,Boom bap / Lyric,W5hSdGt2M8w,J. Cole – Work Out (Official Music Video),J. Cole,gG,0
J. Cole,Boom bap / Lyric,W5hSdGt2M8w,J. Cole – Work Out (Official Music Video),J. Cole,Who's listening to this in 2026 🎉😊,1
J. Cole,Boom bap / Lyric,W5hSdGt2M8w,J. Cole – Work Out (Official Music Video),J. Cole,Songs ass,1
J. Cole,Boom bap / Lyric,W5hSdGt2M8w,J. Cole – Work Out (Official Music Video),J. Cole,Who's here in 2026?,16
J. Cole,Boom bap / Lyric,W5hSdGt2M8w,J. Cole – Work Out (Official Music Video),J. Cole,15 years later 🎉,0
J. Cole,Boom bap / Lyric,W5hSdGt2M8w,J. Cole – Work Out (Official Music Video),J. Cole,Who’s still listening to this banger in 2026🎉,981
J. Cole,Boom bap / Lyric,W5hSdGt2M8w,J. Cole – Work Out (Official Music Video),J. Cole,My screen for comments is black can't see anything,0
J. Cole,Boom bap / Lyric,W5hSdGt2M8w,J. Cole – Work Out (Official Music Video),J. Cole,Anyone 2026,1
J. Cole,Boom bap / Lyric,W5hSdGt2M8w,J. Cole – Work Out (Official Music Video),J. Cole,"Didn't J cole get this from Kanye's new workout plan?, yes I'm a true kanye fan :)",0
J. Cole,Boom bap / Lyric,W5hSdGt2M8w,J. Cole – Work Out (Official Music Video),J. Cole,🙏,0
J. Cole,Boom bap / Lyric,W5hSdGt2M8w,J. Cole – Work Out (Official Music Video),J. Cole,I discovered work out randomly years ago 😂 I was just listening to music and dis music video popped up and boom I loved work out ever since,0
J. Cole,Boom bap / Lyric,W5hSdGt2M8w,J. Cole – Work Out (Official Music Video),J. Cole,I’m here from the Breakfast Club interview 😊 with Bernice Bergos,1
J. Cole,Boom bap / Lyric,W5hSdGt2M8w,J. Cole – Work Out (Official Music Video),J. Cole,Just Cuz Cole World? - MorganGtheG,4
J. Cole,Boom bap / Lyric,W5hSdGt2M8w,J. Cole – Work Out (Official Music Video),J. Cole,Me texting the Firemen everyday lol. Just cuz i like J Cole guys? Lol. They're like Mmmmm she likes J Cole 😂😂😂🎉🎉😂😂😂🎉🎉🎉,6
J. Cole,Boom bap / Lyric,W5hSdGt2M8w,J. Cole – Work Out (Official Music Video),J. Cole,Man Nas was trippin !!! This shit fire 🔥😂,3
J. Cole,Boom bap / Lyric,W5hSdGt2M8w,J. Cole – Work Out (Official Music Video),J. Cole,2011 when we stills listen MTV BASE the original music,2
J. Cole,Boom bap / Lyric,W5hSdGt2M8w,J. Cole – Work Out (Official Music Video),J. Cole,anyone still listening to this hit,0
J. Cole,Boom bap / Lyric,W5hSdGt2M8w,J. Cole – Work Out (Official Music Video),J. Cole,2026🎉,1
J. Cole,Boom bap / Lyric,W5hSdGt2M8w,J. Cole – Work Out (Official Music Video),J. Cole,"Have you seen me workout?

This morning #google haha #youtube #Kundani",0
J. Cole,Boom bap / Lyric,W5hSdGt2M8w,J. Cole – Work Out (Official Music Video),J. Cole,🎉🎉🎉🎉🎉cayoosahabeebrfantotlpouma,0
J. Cole,Boom bap / Lyric,W5hSdGt2M8w,J. Cole – Work Out (Official Music Video),J. Cole,Doo doo doo doo doo-oo 🔥🔥,0
J. Cole,Boom bap / Lyric,W5hSdGt2M8w,J. Cole – Work Out (Official Music Video),J. Cole,Like a lasrr wallet safe to like 😮😮😮,0
J. Cole,Boom bap / Lyric,W5hSdGt2M8w,J. Cole – Work Out (Official Music Video),J. Cole,When joke meat g I rls i say immediately im sercure,0
J. Cole,Boom bap / Lyric,W5hSdGt2M8w,J. Cole – Work Out (Official Music Video),J. Cole,Core is my m 😢😢😢😢😢😢😢😢😢,1
J. Cole,Boom bap / Lyric,W5hSdGt2M8w,J. Cole – Work Out (Official Music Video),J. Cole,"2011..shit i was a few years outta high-school, finally old enough to go to the club, had my first own spot and a shitty ass whip I bought myself. 

Good times.",0
J. Cole,Boom bap / Lyric,W5hSdGt2M8w,J. Cole – Work Out (Official Music Video),J. Cole,Password,0
J. Cole,Boom bap / Lyric,W5hSdGt2M8w,J. Cole – Work Out (Official Music Video),J. Cole,I was today years old when I realized this is just a remix or Paula Abdul’s Straight Up😅,1
J. Cole,Boom bap / Lyric,W5hSdGt2M8w,J. Cole – Work Out (Official Music Video),J. Cole,MAHER ISLEM,0
J. Cole,Boom bap / Lyric,W5hSdGt2M8w,J. Cole – Work Out (Official Music Video),J. Cole,12/23/25,0
J. Cole,Boom bap / Lyric,W5hSdGt2M8w,J. Cole – Work Out (Official Music Video),J. Cole,Where did music with a feeling go 😢,1
J. Cole,Boom bap / Lyric,W5hSdGt2M8w,J. Cole – Work Out (Official Music Video),J. Cole,"I want to see you work out for me, work out for me
Ay, we got a good thing
Don't know if I'ma see you again
But is that a good thing?
'Cause girl, I can't be your man, no, ma'am
I know what's on your brain
You probably hoped it never would end
Like, ""Is it the real thing, or is it just a one-night stand?""
Well then
Let me see you get high, then go low
Now, girl, won't you drop that thang down to the floor?
I'm here for one night, how far will you go?
I wanna see you (work out for me, work out for me)
High, then go low
Now, girl, won't you drop that thang down to the floor?
I'm here for one night, how far will you go? (For me)
I wanna see you (work out for me, work out for me)
She like them boys with the big ol' chains
Ride around town in the big ol' Range
I knew her when I rocked big ol' jeans
Now the little nigga doin' big ol' things
Would you look at that? I came back for her
Just to give it to you, like you asked for it
Man, that thang in them jeans too fat for her
Rebounds, so I caught it off the backboard
I told her, ""Baby girl, come here
Know I run the town even when I ain't from there""
And I brag hardly, but just to show up at this party
I made what yo' nigga make in one year
That's unfair, but so is life, take a chance, roll a dice
Money can't buy you love 'cause it's overpriced
Don't overthink, uh, just hope it's right
I'm only here for the night
Ay, we got a good thing
Don't know if I'ma see you again
But is that a good thing?
'Cause girl, I can't be your man, no, ma'am
I know what's on your brain
You probably hoped it never would end
Like, ""Is it the real thing, or is it just a one-night stand?""
Well then
Let me see you get high, then go low
Now, girl, won't you drop that thang down to the floor?
I'm here for one night, how far will you go?
I wanna see you (work out for me, work out for me)
High, then go low
Now, girl, won't you drop that thang down to the floor?
I'm here for one night, how far will you go? (For me)
I wanna see you (work out for me, work out for me)
Carolina Blue kicks, fresh on the scene
Hottest nigga on the block, damn, girl, you're mean
They be startin' shit, but it's yo' world
On my Martin shit, ""You go, girl!""
She bad and she know it
Some niggas save hoes, I'm not that heroic
Could you be my escort?
'Cause just like them two door Fords
Damn, they don't make 'em like you no more
Cole World, real Cole World
Them boys cool, me, I'm on fire
Know what's on my mind
Tryna see what's on yours tonight, uh, tonight, uh, tonight
Move slow, 'cause you wanna live fast
Up late so you'll probably skip class
Life is a test so before the night pass, get right, uh, get right
Ay, we've got a good thing
Don't know if I'ma see you again
But is that a good thing?
'Cause girl, I can't be your man, no ma'am
I know what's on your brain
You probably hoped it never would end
Like, ""Is it the real thing, or is it just a one-night stand?""
Well then (Cole World)
Straight up, now tell me, ""Do you really wanna love me forever?"" (Oh, oh, oh)
Or is it just a hit-and-run? (Well, Ay)
Straight up, I tell ya, I just really wanna cut when we together (oh, oh, oh)
Come here, girl, let's get it on (work out for me, work out for me)
Ay, straight up, now tell me, ""Do you really wanna love me forever?"" (Oh, oh, oh)
Or is it just a hit-and-run? (Huh, well)
Straight up, I tell ya, I just really wanna cut when we together (oh, oh, oh)
Come here, girl, let's get it on (work out for me, work out for me)",1
J. Cole,Boom bap / Lyric,W5hSdGt2M8w,J. Cole – Work Out (Official Music Video),J. Cole,This is jcoles first song I think,0
J. Cole,Boom bap / Lyric,W5hSdGt2M8w,J. Cole – Work Out (Official Music Video),J. Cole,Madonna. Sweet.,0
J. Cole,Boom bap / Lyric,W5hSdGt2M8w,J. Cole – Work Out (Official Music Video),J. Cole,Hello J Cole your worth owe me 30 million for making this whole song about me coward!!,0
J. Cole,Boom bap / Lyric,W5hSdGt2M8w,J. Cole – Work Out (Official Music Video),J. Cole,I'm a zero not a hero 😂😂😂,0
J. Cole,Boom bap / Lyric,W5hSdGt2M8w,J. Cole – Work Out (Official Music Video),J. Cole,❤,1
J. Cole,Boom bap / Lyric,W5hSdGt2M8w,J. Cole – Work Out (Official Music Video),J. Cole,He had that Early Ti flow,0
J. Cole,Boom bap / Lyric,W5hSdGt2M8w,J. Cole – Work Out (Official Music Video),J. Cole,What’s this sampled off,0
J. Cole,Boom bap / Lyric,W5hSdGt2M8w,J. Cole – Work Out (Official Music Video),J. Cole,🔥🪽,0
J. Cole,Boom bap / Lyric,W5hSdGt2M8w,J. Cole – Work Out (Official Music Video),J. Cole,Ok. Is that how you work out a disagreement. No. Then we grow up.,0
J. Cole,Boom bap / Lyric,W5hSdGt2M8w,J. Cole – Work Out (Official Music Video),J. Cole,I’m finna spazz out am I jus nii figurin out dats Bernice Burgos 👀🤤,1
J. Cole,Boom bap / Lyric,W5hSdGt2M8w,J. Cole – Work Out (Official Music Video),J. Cole,I'm litsening to this song right now while I'm planning on going to ask out my girl in a few minute's☮️!!,2
J. Cole,Boom bap / Lyric,W5hSdGt2M8w,J. Cole – Work Out (Official Music Video),J. Cole,If it's one night then fuck off then I don't need you then because if it's men or is it girl now work like this and you see it then bag,0
J. Cole,Boom bap / Lyric,W5hSdGt2M8w,J. Cole – Work Out (Official Music Video),J. Cole,1:22,0
J. Cole,Boom bap / Lyric,W5hSdGt2M8w,J. Cole – Work Out (Official Music Video),J. Cole,pwoe,1
J. Cole,Boom bap / Lyric,W5hSdGt2M8w,J. Cole – Work Out (Official Music Video),J. Cole,Kkk,0
J. Cole,Boom bap / Lyric,W5hSdGt2M8w,J. Cole – Work Out (Official Music Video),J. Cole,Rico 🎉,0
J. Cole,Boom bap / Lyric,W5hSdGt2M8w,J. Cole – Work Out (Official Music Video),J. Cole,N we gotta good thang,1
J. Cole,Boom bap / Lyric,W5hSdGt2M8w,J. Cole – Work Out (Official Music Video),J. Cole,Is this the song that let nas down?,1
J. Cole,Boom bap / Lyric,W5hSdGt2M8w,J. Cole – Work Out (Official Music Video),J. Cole,Any one 2025 🎉😮,0
J. Cole,Boom bap / Lyric,W5hSdGt2M8w,J. Cole – Work Out (Official Music Video),J. Cole,😊 j cole😊😊,0
J. Cole,Boom bap / Lyric,W5hSdGt2M8w,J. Cole – Work Out (Official Music Video),J. Cole,Throwback fr 🔥,0
J. Cole,Boom bap / Lyric,e8CLsYzE5wk,J. Cole - MIDDLE CHILD (Official Audio),J. Cole,Please pray for me,0
J. Cole,Boom bap / Lyric,e8CLsYzE5wk,J. Cole - MIDDLE CHILD (Official Audio),J. Cole,June 2026 who's here,0
J. Cole,Boom bap / Lyric,e8CLsYzE5wk,J. Cole - MIDDLE CHILD (Official Audio),J. Cole,Drake n J.Cole album would be straight 🔥,0
J. Cole,Boom bap / Lyric,e8CLsYzE5wk,J. Cole - MIDDLE CHILD (Official Audio),J. Cole,The look alikes are impressive ill give u that,0
J. Cole,Boom bap / Lyric,e8CLsYzE5wk,J. Cole - MIDDLE CHILD (Official Audio),J. Cole,Cole is the Chosen by Jesus,0
J. Cole,Boom bap / Lyric,e8CLsYzE5wk,J. Cole - MIDDLE CHILD (Official Audio),J. Cole,2:05,0
J. Cole,Boom bap / Lyric,e8CLsYzE5wk,J. Cole - MIDDLE CHILD (Official Audio),J. Cole,2:06,0
J. Cole,Boom bap / Lyric,e8CLsYzE5wk,J. Cole - MIDDLE CHILD (Official Audio),J. Cole,The real ones is dying the fake ones is lit no lie smfh RIPMO3,0
J. Cole,Boom bap / Lyric,e8CLsYzE5wk,J. Cole - MIDDLE CHILD (Official Audio),J. Cole,"God hears you all. New Universe assembled, made, created / Built for Real Love to flourish on this earth in the new never ending world with nothing but gods orders.",2
J. Cole,Boom bap / Lyric,e8CLsYzE5wk,J. Cole - MIDDLE CHILD (Official Audio),J. Cole,2:05,0
J. Cole,Boom bap / Lyric,e8CLsYzE5wk,J. Cole - MIDDLE CHILD (Official Audio),J. Cole,2:06,0
J. Cole,Boom bap / Lyric,e8CLsYzE5wk,J. Cole - MIDDLE CHILD (Official Audio),J. Cole,Lebron ain’t getting nobody no chips only curry does that,0
J. Cole,Boom bap / Lyric,e8CLsYzE5wk,J. Cole - MIDDLE CHILD (Official Audio),J. Cole,Still fire!!,1
J. Cole,Boom bap / Lyric,e8CLsYzE5wk,J. Cole - MIDDLE CHILD (Official Audio),J. Cole,“ money in yo palm don’t make u real”,1
J. Cole,Boom bap / Lyric,e8CLsYzE5wk,J. Cole - MIDDLE CHILD (Official Audio),J. Cole,I know every word,0
J. Cole,Boom bap / Lyric,e8CLsYzE5wk,J. Cole - MIDDLE CHILD (Official Audio),J. Cole,This is my favorite song,1
J. Cole,Boom bap / Lyric,e8CLsYzE5wk,J. Cole - MIDDLE CHILD (Official Audio),J. Cole,Keep it coming so I dont feel bad please,0
J. Cole,Boom bap / Lyric,e8CLsYzE5wk,J. Cole - MIDDLE CHILD (Official Audio),J. Cole,Now send every bitch up here u think that will stand up for raping women.,0
J. Cole,Boom bap / Lyric,e8CLsYzE5wk,J. Cole - MIDDLE CHILD (Official Audio),J. Cole,"RESETORIO
THIS
CASA
NUEVA",0
J. Cole,Boom bap / Lyric,e8CLsYzE5wk,J. Cole - MIDDLE CHILD (Official Audio),J. Cole,Damn 7 years? Time really be flyin 😶,1
J. Cole,Boom bap / Lyric,e8CLsYzE5wk,J. Cole - MIDDLE CHILD (Official Audio),J. Cole,x ov x sendies x,1
J. Cole,Boom bap / Lyric,e8CLsYzE5wk,J. Cole - MIDDLE CHILD (Official Audio),J. Cole,Me,0
J. Cole,Boom bap / Lyric,e8CLsYzE5wk,J. Cole - MIDDLE CHILD (Official Audio),J. Cole,This should be a creed to save black culture!!!!,0
J. Cole,Boom bap / Lyric,e8CLsYzE5wk,J. Cole - MIDDLE CHILD (Official Audio),J. Cole,Oh jes,0
J. Cole,Boom bap / Lyric,e8CLsYzE5wk,J. Cole - MIDDLE CHILD (Official Audio),J. Cole,Relax its ur game not mine.  Couldn't figure out why I was getting stronger and more confident those 4 months? 😂,1
J. Cole,Boom bap / Lyric,e8CLsYzE5wk,J. Cole - MIDDLE CHILD (Official Audio),J. Cole,WHO ELSE 2026,6
J. Cole,Boom bap / Lyric,e8CLsYzE5wk,J. Cole - MIDDLE CHILD (Official Audio),J. Cole,I wish Kodak had more guidance too J cole. 😢. Not waiting for that gangster to die. Want him to live.,0
J. Cole,Boom bap / Lyric,e8CLsYzE5wk,J. Cole - MIDDLE CHILD (Official Audio),J. Cole,I JUSTT POUUREDD SOMETHIINGG INN MYYY CUPPPPPP!!!!!!!,1
J. Cole,Boom bap / Lyric,e8CLsYzE5wk,J. Cole - MIDDLE CHILD (Official Audio),J. Cole,"You good, T-Minus?
Niggas been countin' me out
I'm countin' my bullets, I'm loadin' my clips
I'm writin' down names, I'm makin' a list
I'm checkin' it twice, and I'm gettin' 'em hit
The real ones been dyin', the fake ones is lit
The game is off balance, I'm back on my shit
The Bentley is dirty, my sneakers is dirty
But that's how I like it, you all on my dick
I'm all in my bag, this hard as it get
I do not snort powder, I might take a sip
I might hit the blunt, but I'm liable to trip
I ain't poppin' no pill, but you do as you wish
I roll with some fiends, I love 'em to death
I got a few mil' but not all of them rich
What good is the bread if my niggas is broke?
What good is first class if my niggas can't sit?
That's my next mission, that's why I can't quit
Just like LeBron, get my niggas more chips
Just put the Rollie right back on my wrist
This watch came from Drizzy, he gave me a gift
Back when the rap game was prayin' I'd diss
They act like two legends cannot coexist
But I'd never beef with a nigga for nothin'
If I smoke a rapper, it's gon' be legit
It won't be for clout, it won't be for fame
It won't be 'cause my shit ain't sellin' the same
It won't be to sell you my latest lil' sneakers
It won't be 'cause some nigga slid in my lane
Everything grows, it's destined to change
I love you lil' niggas, I'm glad that you came
I hope that you scrape every dollar you can
I hope you know money won't erase the pain
To the OGs, I'm thankin' you now
Was watchin' you when you was pavin' the ground
I copied your cadence, I mirrored your style
I studied the greats, I'm the greatest right now
Fuck if you feel me, you ain't got a choice
Now I ain't do no promo, still made all that noise
This shit gon' be different, I set my intentions
I promise to slap all that hate out your voice
Niggas been countin' me out
I'm countin' my bullets, I'm loadin' my clips
I'm writin' down names, I'm makin' a list
I'm checkin' it twice, and I'm gettin' 'em hit
The real ones been dyin', the fake ones is lit
The game is off balance, I'm back on my shit
The Bentley is dirty, my sneakers is dirty
But that's how I like it, you all on my dick
I just poured somethin' in my cup
I've been wantin' somethin' I can feel
Promise I am never lettin' up
Money in your palm don't make you real
Foot is on they neck, I got 'em stuck
I'ma give 'em somethin' they can feel
If it ain't 'bout the squad, don't give a fuck
Pistol in your hand don't make you real
I'm dead in the middle of two generations
I'm little bro and big bro all at once
Just left the lab with young 21 Savage
I'm 'bout to go and meet Jigga for lunch
Had a long talk with the young nigga Kodak
Reminded me of young niggas from 'Ville
Straight out the projects, no fakin', just honest
I wish that he had more guidance, for real
Too many niggas in cycle of jail
Spending they birthdays inside of a cell
We coming from a long bloodline of trauma
We raised by our mamas, Lord, we gotta heal
We hurting our sisters, the babies as well
We killing our brothers, they poisoned the well
Distorted self-image, we set up to fail
I'ma make sure that the real gon' prevail, nigga
I just poured somethin' in my cup
I've been wantin' somethin' I can feel
Promise I am never lettin' up
Money in your palm don't make you real
Foot is on they neck, I got 'em stuck
I'ma give 'em somethin' they can feel
If it ain't 'bout the squad, don't give a fuck
Pistol in your hand don't make you real
Money in your palm don't make you real
Pistol in your hand don't make you real
Money in your palm don't make you real",2
J. Cole,Boom bap / Lyric,e8CLsYzE5wk,J. Cole - MIDDLE CHILD (Official Audio),J. Cole,Best J Cole song,1
J. Cole,Boom bap / Lyric,e8CLsYzE5wk,J. Cole - MIDDLE CHILD (Official Audio),J. Cole,I'm the middle child in my den.,0
J. Cole,Boom bap / Lyric,e8CLsYzE5wk,J. Cole - MIDDLE CHILD (Official Audio),J. Cole,Here till 2043,0
J. Cole,Boom bap / Lyric,e8CLsYzE5wk,J. Cole - MIDDLE CHILD (Official Audio),J. Cole,"Dont be fooled by the Rocks that he got, … 🎶🎶",0
J. Cole,Boom bap / Lyric,e8CLsYzE5wk,J. Cole - MIDDLE CHILD (Official Audio),J. Cole,Oregon,0
J. Cole,Boom bap / Lyric,e8CLsYzE5wk,J. Cole - MIDDLE CHILD (Official Audio),J. Cole,Paranoia trigger nomics is like a peace of mind...,0
J. Cole,Boom bap / Lyric,e8CLsYzE5wk,J. Cole - MIDDLE CHILD (Official Audio),J. Cole,This the Cole we looking for now respectfully of course,0
J. Cole,Boom bap / Lyric,e8CLsYzE5wk,J. Cole - MIDDLE CHILD (Official Audio),J. Cole,"2:11 ""Middle Child"" 🤯",0
J. Cole,Boom bap / Lyric,e8CLsYzE5wk,J. Cole - MIDDLE CHILD (Official Audio),J. Cole,"I have 9 siblings I was the 6th born dead in the middle of little Italy little did we know we riddled two men who didn't do Diddy, or whatever that big letter guy said",0
J. Cole,Boom bap / Lyric,e8CLsYzE5wk,J. Cole - MIDDLE CHILD (Official Audio),J. Cole,fiends but I love em to death,0
J. Cole,Boom bap / Lyric,e8CLsYzE5wk,J. Cole - MIDDLE CHILD (Official Audio),J. Cole,Man everything got me thinking abt the JE files 😂😭,1
J. Cole,Boom bap / Lyric,e8CLsYzE5wk,J. Cole - MIDDLE CHILD (Official Audio),J. Cole,And How It’s A Hate Crime When They Trick Us Straight Man First We Ain’t Gay At All,0
J. Cole,Boom bap / Lyric,e8CLsYzE5wk,J. Cole - MIDDLE CHILD (Official Audio),J. Cole,2026 who still here?,207
J. Cole,Boom bap / Lyric,e8CLsYzE5wk,J. Cole - MIDDLE CHILD (Official Audio),J. Cole,Crazy how this song is 7 years old now,26
J. Cole,Boom bap / Lyric,e8CLsYzE5wk,J. Cole - MIDDLE CHILD (Official Audio),J. Cole,Cole snapped on this,1
J. Cole,Boom bap / Lyric,e8CLsYzE5wk,J. Cole - MIDDLE CHILD (Official Audio),J. Cole,this song hard,1
J. Cole,Boom bap / Lyric,e8CLsYzE5wk,J. Cole - MIDDLE CHILD (Official Audio),J. Cole,Still banging in '26,2
J. Cole,Boom bap / Lyric,e8CLsYzE5wk,J. Cole - MIDDLE CHILD (Official Audio),J. Cole,0:51 he really wasnt lying at all,27
J. Cole,Boom bap / Lyric,e8CLsYzE5wk,J. Cole - MIDDLE CHILD (Official Audio),J. Cole,"My prediction of 24 songs were correct, cole mf world 🌍😭",0
J. Cole,Boom bap / Lyric,e8CLsYzE5wk,J. Cole - MIDDLE CHILD (Official Audio),J. Cole,Everywhere there are places and the'yr Dangers,0
J. Cole,Boom bap / Lyric,e8CLsYzE5wk,J. Cole - MIDDLE CHILD (Official Audio),J. Cole,Here in 2026🎉,10
J. Cole,Boom bap / Lyric,e8CLsYzE5wk,J. Cole - MIDDLE CHILD (Official Audio),J. Cole,"Fine he didnt get in for HC.... he should get in for GM then... he did BOTH for years and ni one falks about it!

First ballot in the peoples eyes

Sincerely,
A Giants fan",0
J. Cole,Boom bap / Lyric,e8CLsYzE5wk,J. Cole - MIDDLE CHILD (Official Audio),J. Cole,The Mayor of Kingstown brought me here.,2
J. Cole,Boom bap / Lyric,e8CLsYzE5wk,J. Cole - MIDDLE CHILD (Official Audio),J. Cole,Who’s here in 2026?,2
J. Cole,Boom bap / Lyric,e8CLsYzE5wk,J. Cole - MIDDLE CHILD (Official Audio),J. Cole,7 year anniversary today on this song I will always listen to this song and artist one of the realest ones,1
J. Cole,Boom bap / Lyric,e8CLsYzE5wk,J. Cole - MIDDLE CHILD (Official Audio),J. Cole,"Internet city's old intro, anyone agree or remember?",0
J. Cole,Boom bap / Lyric,e8CLsYzE5wk,J. Cole - MIDDLE CHILD (Official Audio),J. Cole,Heyyyyy let’s gooooo 💃🏾💃🏾🔥🔥🔥🔥🔥🔥🔥🔥🔥🔥🍻💯💯💯💯still the s??? In 2026’YES SIRR’’ 🍻💃🏾,1
J. Cole,Boom bap / Lyric,e8CLsYzE5wk,J. Cole - MIDDLE CHILD (Official Audio),J. Cole,"Rest in peace sis,(latanya)she was the middle child!!",6
J. Cole,Boom bap / Lyric,e8CLsYzE5wk,J. Cole - MIDDLE CHILD (Official Audio),J. Cole,Dopest video ever made,8
J. Cole,Boom bap / Lyric,e8CLsYzE5wk,J. Cole - MIDDLE CHILD (Official Audio),J. Cole,"If this was cut of the Fall off for ""Not being good enough"" that album must be constant 11/10s because this is a 10/10. Use this comment to prove your here 2026",19
J. Cole,Boom bap / Lyric,e8CLsYzE5wk,J. Cole - MIDDLE CHILD (Official Audio),J. Cole,Who's here in 2026???,1
J. Cole,Boom bap / Lyric,e8CLsYzE5wk,J. Cole - MIDDLE CHILD (Official Audio),J. Cole,2026,1
J. Cole,Boom bap / Lyric,e8CLsYzE5wk,J. Cole - MIDDLE CHILD (Official Audio),J. Cole,❤️‍🔥🫂❤️‍🔥,1
J. Cole,Boom bap / Lyric,e8CLsYzE5wk,J. Cole - MIDDLE CHILD (Official Audio),J. Cole,W4TTP. 2026... Still real.,0
J. Cole,Boom bap / Lyric,e8CLsYzE5wk,J. Cole - MIDDLE CHILD (Official Audio),J. Cole,2k26💙💜💯,1
J. Cole,Boom bap / Lyric,e8CLsYzE5wk,J. Cole - MIDDLE CHILD (Official Audio),J. Cole,🔥🔥🔥🔥🔥🔥🔥🔥🔥🔥,0
J. Cole,Boom bap / Lyric,e8CLsYzE5wk,J. Cole - MIDDLE CHILD (Official Audio),J. Cole,Whenever I'm I'm the shit i remember this song and as an older brother it makes me wanna do good for the sake of me and the younger siblings while paying my respects to those before me thank you for reminding me of that,0
J. Cole,Boom bap / Lyric,e8CLsYzE5wk,J. Cole - MIDDLE CHILD (Official Audio),J. Cole,1:48,1
J. Cole,Boom bap / Lyric,e8CLsYzE5wk,J. Cole - MIDDLE CHILD (Official Audio),J. Cole,"""I NEED IT... BAD, RN!!!"" #December2025 👿😈😤",0
J. Cole,Boom bap / Lyric,e8CLsYzE5wk,J. Cole - MIDDLE CHILD (Official Audio),J. Cole,i ufkin love this,0
J. Cole,Boom bap / Lyric,e8CLsYzE5wk,J. Cole - MIDDLE CHILD (Official Audio),J. Cole,"The real ones is dying the fake ones is lit…nothing truer than that, authenticity is dying and these sheep brains run shit rn it’s sick.",0
J. Cole,Boom bap / Lyric,e8CLsYzE5wk,J. Cole - MIDDLE CHILD (Official Audio),J. Cole,When you have one brother.. who is the middle man?,0
J. Cole,Boom bap / Lyric,e8CLsYzE5wk,J. Cole - MIDDLE CHILD (Official Audio),J. Cole,"Nobody ever:

That one Nazi that got away:
“Im loading my clips Writing down names Making a list”",1
J. Cole,Boom bap / Lyric,e8CLsYzE5wk,J. Cole - MIDDLE CHILD (Official Audio),J. Cole,This was when lil.baby was actually a good artist. Pretty sure he was told he can't make songs like this after this came out.  His music ain't been the same since.,0
J. Cole,Boom bap / Lyric,e8CLsYzE5wk,J. Cole - MIDDLE CHILD (Official Audio),J. Cole,💜💜💜💜💜👣💜👣👣💜👣👣 1:44 1:44 1:44 1:44 1:44 1:45,0
J. Cole,Boom bap / Lyric,e8CLsYzE5wk,J. Cole - MIDDLE CHILD (Official Audio),J. Cole,0:04 0:04 0:04 0:04 0:04 0:04 0:05 0:05 0:05 0:05 0:05 0:05 🎤🎤🎤🎤🎤🎤🎤🎤🎤🎤👣👣👣👣👣💜💜💜💜💜💜🛡️🛡️🛡️🛡️🛡️🛡️🛡️🖋️🖋️🖋️🖋️🖋️🖋️🖋️🎤🎤🎤 0:18 0:18 0:18 0:19 0:19,0
J. Cole,Boom bap / Lyric,e8CLsYzE5wk,J. Cole - MIDDLE CHILD (Official Audio),J. Cole,He went for that,0
J. Cole,Boom bap / Lyric,e8CLsYzE5wk,J. Cole - MIDDLE CHILD (Official Audio),J. Cole,1.25x go stupid 🔥🔥🔥🔥🔥🔥,0
J. Cole,Boom bap / Lyric,e8CLsYzE5wk,J. Cole - MIDDLE CHILD (Official Audio),J. Cole,big J.cole fan I just sub to his account I'm sure many ppl love Jcole and don't even sub to his channel that's why bro ain't got 10M yet we too busy listening to the bangers we can't focus,1
J. Cole,Boom bap / Lyric,e8CLsYzE5wk,J. Cole - MIDDLE CHILD (Official Audio),J. Cole,Do you have your personal mixture preference for us to have a toast?,0
J. Cole,Boom bap / Lyric,e8CLsYzE5wk,J. Cole - MIDDLE CHILD (Official Audio),J. Cole,1:48,2
J. Cole,Boom bap / Lyric,e8CLsYzE5wk,J. Cole - MIDDLE CHILD (Official Audio),J. Cole,"Am I a middle child?!, it's (was)6 of us, it's two younger than me and three older than me....",0
J. Cole,Boom bap / Lyric,e8CLsYzE5wk,J. Cole - MIDDLE CHILD (Official Audio),J. Cole,JCole I am the middle child,1
J. Cole,Boom bap / Lyric,e8CLsYzE5wk,J. Cole - MIDDLE CHILD (Official Audio),J. Cole,Хахахахахаха,0
J. Cole,Boom bap / Lyric,e8CLsYzE5wk,J. Cole - MIDDLE CHILD (Official Audio),J. Cole,november 2025,0
J. Cole,Boom bap / Lyric,e8CLsYzE5wk,J. Cole - MIDDLE CHILD (Official Audio),J. Cole,Awesome Song Indeed. 💖💖,0
J. Cole,Boom bap / Lyric,e8CLsYzE5wk,J. Cole - MIDDLE CHILD (Official Audio),J. Cole,(Young thugs-Hot - ft gunna) sounds the same backing sound LMAO,0
J. Cole,Boom bap / Lyric,e8CLsYzE5wk,J. Cole - MIDDLE CHILD (Official Audio),J. Cole,INSPIRED❣️❣️❣️❣️❣️❣️❣️❣️❣️❣️,0
J. Cole,Boom bap / Lyric,e8CLsYzE5wk,J. Cole - MIDDLE CHILD (Official Audio),J. Cole,"Transcendent, the first time I heard this I’m pretty sure that biggie sat up and one day J. Cole will stand and talk to biggie and Tupac at the same time❤",0
J. Cole,Boom bap / Lyric,e8CLsYzE5wk,J. Cole - MIDDLE CHILD (Official Audio),J. Cole,Their are a lot of them in a lot of locations,0
J. Cole,Boom bap / Lyric,e8CLsYzE5wk,J. Cole - MIDDLE CHILD (Official Audio),J. Cole,🎉🎉😮😮,1
J. Cole,Boom bap / Lyric,e8CLsYzE5wk,J. Cole - MIDDLE CHILD (Official Audio),J. Cole,"You, crybabies.",0
J. Cole,Boom bap / Lyric,e8CLsYzE5wk,J. Cole - MIDDLE CHILD (Official Audio),J. Cole,Why he using the N word. SMH you know they get paid for that… gotta read between the lines…. No idols anybody can get this critique,0
J. Cole,Boom bap / Lyric,e8CLsYzE5wk,J. Cole - MIDDLE CHILD (Official Audio),J. Cole,It's fire 🔥🔥,0
J. Cole,Boom bap / Lyric,e8CLsYzE5wk,J. Cole - MIDDLE CHILD (Official Audio),J. Cole,3:15,1
J. Cole,Boom bap / Lyric,e8CLsYzE5wk,J. Cole - MIDDLE CHILD (Official Audio),J. Cole,3:17,0
J. Cole,Boom bap / Lyric,e8CLsYzE5wk,J. Cole - MIDDLE CHILD (Official Audio),J. Cole,🔫 ALL!!,0
J. Cole,Boom bap / Lyric,e8CLsYzE5wk,J. Cole - MIDDLE CHILD (Official Audio),J. Cole,Who's here Oct 2025,4
J. Cole,Boom bap / Lyric,e8CLsYzE5wk,J. Cole - MIDDLE CHILD (Official Audio),J. Cole,2:00,0
J. Cole,Boom bap / Lyric,e8CLsYzE5wk,J. Cole - MIDDLE CHILD (Official Audio),J. Cole,"[Intro]
You good, T-Minus?

[Refrain]
Niggas been countin' me out
I'm countin' my bullets, I'm loadin' my clips
I'm writin' down names, I'm makin' a list
I'm checkin' it twice and I'm gettin' 'em hit
The real ones been dyin', the fake ones is lit
The game is off balance, I'm back on my shit
The Bentley is dirty, my sneakers is dirty
But that's how I like it, you all on my dick

[Verse 1]
I'm all in my bag, this hard as it get
I do not snort powder, I might take a sip
I might hit the blunt, but I'm liable to trip
I ain't poppin' no pill, but you do as you wish
I roll with some fiends, I love 'em to death
I got a few mil' but not all of them rich
What good is the bread if my niggas is broke?
What good is first class if my niggas can't sit?
That's my next mission, that's why I can't quit
Just like LeBron, get my niggas more chips
Just put the Rollie right back on my wrist
This watch came from Drizzy, he gave me a gift
Back when the rap game was prayin' I'd diss
They act like two legends cannot coexist
But I'd never beef with a nigga for nothin'
If I smoke a rapper, it's gon' be legit
It won't be for clout, it won't be for fame
It won't be 'cause my shit ain't sellin' the same
It won't be to sell you my latest lil' sneakers
It won't be 'cause some nigga slid in my lane
Everything grows, it's destined to change
I love you lil' niggas, I'm glad that you came
I hope that you scrape every dollar you can
I hope you know money won't erase the pain
To the OGs, I'm thankin' you now
Was watchin' you when you was pavin' the ground
I copied your cadence, I mirrored your style
I studied the greats, I'm the greatest right now
Fuck if you feel me, you ain't got a choice
I ain't do no promo, still made all that noise
This year gon' be different, I set my intentions
I promise to slap all that hate out your voice
 [Refrain]
Niggas been countin' me out
I'm countin' my bullets, I'm loadin' my clips
I'm writin' down names, I'm makin' a list
I'm checkin' it twice and I'm gettin' 'em hit
The real ones been dyin', the fake ones is lit
The game is off balance, I'm back on my shit
The Bentley is dirty, my sneakers is dirty
But that's how I like it, you all on my dick

[Chorus]
I just poured somethin' in my cup
I've been wantin' somethin' I can feel
Promise I am never lettin' up
Money in your palm don't make you real
Foot is on they neck, I got 'em stuck
I'ma give 'em somethin' they can feel
If it ain't 'bout the squad, don't give a fuck
Pistol in your hand don't make you real

[Verse 2]
I'm dead in the middle of two generations
I'm little bro and big bro all at once
Just left the lab with young 21 Savage
I'm 'bout to go and meet Jigga for lunch
Had a long talk with the young nigga Kodak
Reminded me of young niggas from 'Ville
Straight out the projects, no fakin', just honest
I wish that he had more guidance, for real
Too many niggas in cycle of jail
Spending they birthdays inside of a cell
We coming from a long bloodline of trauma
We raised by our mamas, Lord, we gotta heal
We hurting our sisters, the babies as well
We killing our brothers, they poisoned the well
Distorted self-image, we set up to fail
I'ma make sure that the real gon' prevail, nigga
 [Chorus]
I just poured somethin' in my cup
I've been wantin' somethin' I can feel
Promise I am never lettin' up
Money in your palm don't make you real
Foot is on they neck, I got 'em stuck
I'ma give 'em somethin' they can feel
If it ain't 'bout the squad, don't give a fuck
Pistol in your hand don't make you real

[Outro]
Money in your palm don't make you real
Pistol in your hand don't make you real
Money in your palm don't make you real",1
J. Cole,Boom bap / Lyric,e8CLsYzE5wk,J. Cole - MIDDLE CHILD (Official Audio),J. Cole,0:47,1
J. Cole,Boom bap / Lyric,e8CLsYzE5wk,J. Cole - MIDDLE CHILD (Official Audio),J. Cole,Anyone here in 2025,0
J. Cole,Boom bap / Lyric,e8CLsYzE5wk,J. Cole - MIDDLE CHILD (Official Audio),J. Cole,Wwwww,0
J. Cole,Boom bap / Lyric,e8CLsYzE5wk,J. Cole - MIDDLE CHILD (Official Audio),J. Cole,Why was this better than his dis?,1
J. Cole,Boom bap / Lyric,e8CLsYzE5wk,J. Cole - MIDDLE CHILD (Official Audio),J. Cole,I'm glad that you came,1
J. Cole,Boom bap / Lyric,e8CLsYzE5wk,J. Cole - MIDDLE CHILD (Official Audio),J. Cole,2025 still fire‼️🔥❤,2
J. Cole,Boom bap / Lyric,e8CLsYzE5wk,J. Cole - MIDDLE CHILD (Official Audio),J. Cole,❤,0
J. Cole,Boom bap / Lyric,e8CLsYzE5wk,J. Cole - MIDDLE CHILD (Official Audio),J. Cole,❤,0
J. Cole,Boom bap / Lyric,e8CLsYzE5wk,J. Cole - MIDDLE CHILD (Official Audio),J. Cole,Pistol in ur hand dont make ypu real,1
J. Cole,Boom bap / Lyric,e8CLsYzE5wk,J. Cole - MIDDLE CHILD (Official Audio),J. Cole,2025,0
J. Cole,Boom bap / Lyric,e8CLsYzE5wk,J. Cole - MIDDLE CHILD (Official Audio),J. Cole,#SMACKIN,0
J. Cole,Boom bap / Lyric,e8CLsYzE5wk,J. Cole - MIDDLE CHILD (Official Audio),J. Cole,Hey Cole wanna compare lists? Think we might have some shit in common,0
J. Cole,Boom bap / Lyric,e8CLsYzE5wk,J. Cole - MIDDLE CHILD (Official Audio),J. Cole,It won't be because my shit ain't selling the same.,1
J. Cole,Boom bap / Lyric,e8CLsYzE5wk,J. Cole - MIDDLE CHILD (Official Audio),J. Cole,but that's how i like my cole,1
J. Cole,Boom bap / Lyric,e8CLsYzE5wk,J. Cole - MIDDLE CHILD (Official Audio),J. Cole,Young Thug really needed that angel dust 😭,1
J. Cole,Boom bap / Lyric,e8CLsYzE5wk,J. Cole - MIDDLE CHILD (Official Audio),J. Cole,Would have been better without the word dick,0
J. Cole,Boom bap / Lyric,e8CLsYzE5wk,J. Cole - MIDDLE CHILD (Official Audio),J. Cole,1:08 no lie…,5
J. Cole,Boom bap / Lyric,e8CLsYzE5wk,J. Cole - MIDDLE CHILD (Official Audio),J. Cole,Love it!,0
J. Cole,Boom bap / Lyric,e8CLsYzE5wk,J. Cole - MIDDLE CHILD (Official Audio),J. Cole,1:48,0
J. Cole,Boom bap / Lyric,e8CLsYzE5wk,J. Cole - MIDDLE CHILD (Official Audio),J. Cole,Classic... It will remain forever,0
J. Cole,Boom bap / Lyric,e8CLsYzE5wk,J. Cole - MIDDLE CHILD (Official Audio),J. Cole,The orange and lime green pack,0
J. Cole,Boom bap / Lyric,e8CLsYzE5wk,J. Cole - MIDDLE CHILD (Official Audio),J. Cole,I'm a middle child ❤️‍🩹,0
J. Cole,Boom bap / Lyric,e8CLsYzE5wk,J. Cole - MIDDLE CHILD (Official Audio),J. Cole,the victory song,0
J. Cole,Boom bap / Lyric,e8CLsYzE5wk,J. Cole - MIDDLE CHILD (Official Audio),J. Cole,💫💥💫💥💫💥💫,0
J. Cole,Boom bap / Lyric,e8CLsYzE5wk,J. Cole - MIDDLE CHILD (Official Audio),J. Cole,😎🔥🔥🔥🔥🔥,0
J. Cole,Boom bap / Lyric,e8CLsYzE5wk,J. Cole - MIDDLE CHILD (Official Audio),J. Cole,2025 WeStillOuches❤😊,1
J. Cole,Boom bap / Lyric,e8CLsYzE5wk,J. Cole - MIDDLE CHILD (Official Audio),J. Cole,im the oldest,0
J. Cole,Boom bap / Lyric,e8CLsYzE5wk,J. Cole - MIDDLE CHILD (Official Audio),J. Cole,2025 🔥,0
J. Cole,Boom bap / Lyric,e8CLsYzE5wk,J. Cole - MIDDLE CHILD (Official Audio),J. Cole,1:09,0
J. Cole,Boom bap / Lyric,e8CLsYzE5wk,J. Cole - MIDDLE CHILD (Official Audio),J. Cole,Let the people shouting from ghe bushes shoe dey face,0
J. Cole,Boom bap / Lyric,e8CLsYzE5wk,J. Cole - MIDDLE CHILD (Official Audio),J. Cole,2025 anyone,30
J. Cole,Boom bap / Lyric,e8CLsYzE5wk,J. Cole - MIDDLE CHILD (Official Audio),J. Cole,2:00 at this point I'm drinking straight out the bottle 🍼😊😅,0
J. Cole,Boom bap / Lyric,e8CLsYzE5wk,J. Cole - MIDDLE CHILD (Official Audio),J. Cole,🪙🪙👛👛,0
J. Cole,Boom bap / Lyric,e8CLsYzE5wk,J. Cole - MIDDLE CHILD (Official Audio),J. Cole,👑,0
J. Cole,Boom bap / Lyric,e8CLsYzE5wk,J. Cole - MIDDLE CHILD (Official Audio),J. Cole,The fact I ain’t gone hear momma no more from takeoff 😢,0
J. Cole,Boom bap / Lyric,e8CLsYzE5wk,J. Cole - MIDDLE CHILD (Official Audio),J. Cole,Argentina,0
J. Cole,Boom bap / Lyric,e8CLsYzE5wk,J. Cole - MIDDLE CHILD (Official Audio),J. Cole,The idea is that your thoughts matter... I ain't gay... So? Do they really matter?,1
J. Cole,Boom bap / Lyric,e8CLsYzE5wk,J. Cole - MIDDLE CHILD (Official Audio),J. Cole,Who's here in 2025? 🫣,1
J. Cole,Boom bap / Lyric,e8CLsYzE5wk,J. Cole - MIDDLE CHILD (Official Audio),J. Cole,My trump crashout theme,0
J. Cole,Boom bap / Lyric,e8CLsYzE5wk,J. Cole - MIDDLE CHILD (Official Audio),J. Cole,2025,0
J. Cole,Boom bap / Lyric,e8CLsYzE5wk,J. Cole - MIDDLE CHILD (Official Audio),J. Cole,Who’s here in 2025?!!?,44
J. Cole,Boom bap / Lyric,e8CLsYzE5wk,J. Cole - MIDDLE CHILD (Official Audio),J. Cole,2069??,0
J. Cole,Boom bap / Lyric,e8CLsYzE5wk,J. Cole - MIDDLE CHILD (Official Audio),J. Cole,2025?? Anyone??,2
J. Cole,Boom bap / Lyric,e8CLsYzE5wk,J. Cole - MIDDLE CHILD (Official Audio),J. Cole,6 years later an this still hit 🗣️,1
J. Cole,Boom bap / Lyric,e8CLsYzE5wk,J. Cole - MIDDLE CHILD (Official Audio),J. Cole,"THIS IS FUCKING TRASH , NO USA RAPPERS CAN FUCK WITH US ENGLAND FOREVER",1
J. Cole,Boom bap / Lyric,e8CLsYzE5wk,J. Cole - MIDDLE CHILD (Official Audio),J. Cole,2025,1
J. Cole,Boom bap / Lyric,e8CLsYzE5wk,J. Cole - MIDDLE CHILD (Official Audio),J. Cole,"2025 and this song is still dope yow
*I just pour something in my cup*",0
J. Cole,Boom bap / Lyric,e8CLsYzE5wk,J. Cole - MIDDLE CHILD (Official Audio),J. Cole,"""If I smoke a nigga it's gon be legit"" word",1
J. Cole,Boom bap / Lyric,e8CLsYzE5wk,J. Cole - MIDDLE CHILD (Official Audio),J. Cole,HDCP,0
J. Cole,Boom bap / Lyric,e8CLsYzE5wk,J. Cole - MIDDLE CHILD (Official Audio),J. Cole,People in Texas rn…,0
J. Cole,Boom bap / Lyric,e8CLsYzE5wk,J. Cole - MIDDLE CHILD (Official Audio),J. Cole,oms all da old songs makin a comeback again,2
J. Cole,Boom bap / Lyric,e8CLsYzE5wk,J. Cole - MIDDLE CHILD (Official Audio),J. Cole,You all on my dck🫵,0
J. Cole,Boom bap / Lyric,e8CLsYzE5wk,J. Cole - MIDDLE CHILD (Official Audio),J. Cole,"who's here in 2025 
👇",1
J. Cole,Boom bap / Lyric,e8CLsYzE5wk,J. Cole - MIDDLE CHILD (Official Audio),J. Cole,Who at 1:58 pm?,0
J. Cole,Boom bap / Lyric,e8CLsYzE5wk,J. Cole - MIDDLE CHILD (Official Audio),J. Cole,2025 fuck those below,0
J. Cole,Boom bap / Lyric,e8CLsYzE5wk,J. Cole - MIDDLE CHILD (Official Audio),J. Cole,Que? Si no esta Francis ? Я и мы AVE?(&$;:,0
J. Cole,Boom bap / Lyric,e8CLsYzE5wk,J. Cole - MIDDLE CHILD (Official Audio),J. Cole,2025 gangy,1
J. Cole,Boom bap / Lyric,e8CLsYzE5wk,J. Cole - MIDDLE CHILD (Official Audio),J. Cole,2025 anyone?,0
J. Cole,Boom bap / Lyric,e8CLsYzE5wk,J. Cole - MIDDLE CHILD (Official Audio),J. Cole,"Im from Algeria and I know a lot of tricks,  j cole is genius man",0
J. Cole,Boom bap / Lyric,e8CLsYzE5wk,J. Cole - MIDDLE CHILD (Official Audio),J. Cole,This shi hard🔥🔥🔥🔥🔥🔥🔥,0
J. Cole,Boom bap / Lyric,e8CLsYzE5wk,J. Cole - MIDDLE CHILD (Official Audio),J. Cole,1:48,1
J. Cole,Boom bap / Lyric,e8CLsYzE5wk,J. Cole - MIDDLE CHILD (Official Audio),J. Cole,1:49,0
J. Cole,Boom bap / Lyric,e8CLsYzE5wk,J. Cole - MIDDLE CHILD (Official Audio),J. Cole,Who's here in 2025 June!!!!,1
J. Cole,Boom bap / Lyric,e8CLsYzE5wk,J. Cole - MIDDLE CHILD (Official Audio),J. Cole,2025?,1
J. Cole,Boom bap / Lyric,e8CLsYzE5wk,J. Cole - MIDDLE CHILD (Official Audio),J. Cole,"You lost me a ""Clips""",0
J. Cole,Boom bap / Lyric,e8CLsYzE5wk,J. Cole - MIDDLE CHILD (Official Audio),J. Cole,Who's here 2025🤷,2
J. Cole,Boom bap / Lyric,e8CLsYzE5wk,J. Cole - MIDDLE CHILD (Official Audio),J. Cole,vvs,0
J. Cole,Boom bap / Lyric,e8CLsYzE5wk,J. Cole - MIDDLE CHILD (Official Audio),J. Cole,Who’s in 2025,14
J. Cole,Boom bap / Lyric,e8CLsYzE5wk,J. Cole - MIDDLE CHILD (Official Audio),J. Cole,THIS SONG PERFECTLY DESCRIBES HOW MILLENNIALS SEE GEN Z,2
J. Cole,Boom bap / Lyric,e8CLsYzE5wk,J. Cole - MIDDLE CHILD (Official Audio),J. Cole,6 years later and this song still slaps,3
J. Cole,Boom bap / Lyric,e8CLsYzE5wk,J. Cole - MIDDLE CHILD (Official Audio),J. Cole,Slam that like there's no 2morrow,0
J. Cole,Boom bap / Lyric,e8CLsYzE5wk,J. Cole - MIDDLE CHILD (Official Audio),J. Cole,I'm one tho,1
J. Cole,Boom bap / Lyric,e8CLsYzE5wk,J. Cole - MIDDLE CHILD (Official Audio),J. Cole,NO ONE,0
J. Cole,Boom bap / Lyric,e8CLsYzE5wk,J. Cole - MIDDLE CHILD (Official Audio),J. Cole,2025,1
J. Cole,Boom bap / Lyric,e8CLsYzE5wk,J. Cole - MIDDLE CHILD (Official Audio),J. Cole,InternetCity nostalgia for those who know,2
J. Cole,Boom bap / Lyric,e8CLsYzE5wk,J. Cole - MIDDLE CHILD (Official Audio),J. Cole,1:09,0
J. Cole,Boom bap / Lyric,e8CLsYzE5wk,J. Cole - MIDDLE CHILD (Official Audio),J. Cole,0:05,2
J. Cole,Boom bap / Lyric,e8CLsYzE5wk,J. Cole - MIDDLE CHILD (Official Audio),J. Cole,0:06,0
J. Cole,Boom bap / Lyric,e8CLsYzE5wk,J. Cole - MIDDLE CHILD (Official Audio),J. Cole,"Jeeeezus… for real the non non non stop bars are disgusting…, effortless… he says he’s the goat for bait… but… second guess!!!",1
J. Cole,Boom bap / Lyric,e8CLsYzE5wk,J. Cole - MIDDLE CHILD (Official Audio),J. Cole,1:10,1
J. Cole,Boom bap / Lyric,e8CLsYzE5wk,J. Cole - MIDDLE CHILD (Official Audio),J. Cole,Sanger to Fresno transo,0
J. Cole,Boom bap / Lyric,e8CLsYzE5wk,J. Cole - MIDDLE CHILD (Official Audio),J. Cole,Here,0
J. Cole,Boom bap / Lyric,e8CLsYzE5wk,J. Cole - MIDDLE CHILD (Official Audio),J. Cole,Who here forever ❤🎉🎉😂,6
J. Cole,Boom bap / Lyric,e8CLsYzE5wk,J. Cole - MIDDLE CHILD (Official Audio),J. Cole,No cap this is a banger,0
J. Cole,Boom bap / Lyric,e8CLsYzE5wk,J. Cole - MIDDLE CHILD (Official Audio),J. Cole,"In a perfect world, this song gives me purpose.  


Might I add that I’m a hairstylist and my industry eats the young. So bad, only 20 percent of hairstylists stay in hair for more than 5 years. 

I’m on year 6 and I can’t help but dream about one day, if I could ever provide satisfying careers, and benefits. And *create* a team of professionals that don’t have to know how bad it was.",1
J. Cole,Boom bap / Lyric,e8CLsYzE5wk,J. Cole - MIDDLE CHILD (Official Audio),J. Cole,2015 2018 and 2022 were the best years to be a j cole fan.  let’s hope the fall of finally frickin drops soon 😂 we waitin jermaine!  cmon big dawg! lol,0
J. Cole,Boom bap / Lyric,e8CLsYzE5wk,J. Cole - MIDDLE CHILD (Official Audio),J. Cole,Who’s here in 2026 ?,0
J. Cole,Boom bap / Lyric,e8CLsYzE5wk,J. Cole - MIDDLE CHILD (Official Audio),J. Cole,Aye turn up,0
J. Cole,Boom bap / Lyric,e8CLsYzE5wk,J. Cole - MIDDLE CHILD (Official Audio),J. Cole,Yuh,0
J. Cole,Boom bap / Lyric,e8CLsYzE5wk,J. Cole - MIDDLE CHILD (Official Audio),J. Cole,SRILL BUMPIN,0
J. Cole,Boom bap / Lyric,e8CLsYzE5wk,J. Cole - MIDDLE CHILD (Official Audio),J. Cole,How the fk is this 6 years ago 😭,6
J. Cole,Boom bap / Lyric,e8CLsYzE5wk,J. Cole - MIDDLE CHILD (Official Audio),J. Cole,"You good, T-Minus?
Niggas been countin' me out
I'm countin' my bullets, I'm loadin' my clips
I'm writin' down names, I'm makin' a list
I'm checkin' it twice, and I'm gettin' 'em hit
The real ones been dyin', the fake ones is lit
The game is off balance, I'm back on my shit
The Bentley is dirty, my sneakers is dirty
But that's how I like it, you all on my dick
I'm all in my bag, this hard as it get
I do not snort powder, I might take a sip
I might hit the blunt, but I'm liable to trip
I ain't poppin' no pill, but you do as you wish
I roll with some fiends, I love 'em to death
I got a few mil' but not all of them rich
What good is the bread if my niggas is broke?
What good is first class if my niggas can't sit?
That's my next mission, that's why I can't quit
Just like LeBron, get my niggas more chips
Just put the Rollie right back on my wrist
This watch came from Drizzy, he gave me a gift
Back when the rap game was prayin' I'd diss
They act like two legends cannot coexist
But I'd never beef with a nigga for nothin'
If I smoke a rapper, it's gon' be legit
It won't be for clout, it won't be for fame
It won't be 'cause my shit ain't sellin' the same
It won't be to sell you my latest lil' sneakers
It won't be 'cause some nigga slid in my lane
Everything grows, it's destined to change
I love you lil' niggas, I'm glad that you came
I hope that you scrape every dollar you can
I hope you know money won't erase the pain
To the OGs, I'm thankin' you now
Was watchin' you when you was pavin' the ground
I copied your cadence, I mirrored your style
I studied the greats, I'm the greatest right now
Fuck if you feel me, you ain't got a choice
Now I ain't do no promo, still made all that noise
This shit gon' be different, I set my intentions
I promise to slap all that hate out your voice
Niggas been countin' me out
I'm countin' my bullets, I'm loadin' my clips
I'm writin' down names, I'm makin' a list
I'm checkin' it twice, and I'm gettin' 'em hit
The real ones been dyin', the fake ones is lit
The game is off balance, I'm back on my shit
The Bentley is dirty, my sneakers is dirty
But that's how I like it, you all on my dick
I just poured somethin' in my cup
I've been wantin' somethin' I can feel
Promise I am never lettin' up
Money in your palm don't make you real
Foot is on they neck, I got 'em stuck
I'ma give 'em somethin' they can feel
If it ain't 'bout the squad, don't give a fuck
Pistol in your hand don't make you real
I'm dead in the middle of two generations
I'm little bro and big bro all at once
Just left the lab with young 21 Savage
I'm 'bout to go and meet Jigga for lunch
Had a long talk with the young nigga Kodak
Reminded me of young niggas from 'Ville
Straight out the projects, no fakin', just honest
I wish that he had more guidance, for real
Too many niggas in cycle of jail
Spending they birthdays inside of a cell
We coming from a long bloodline of trauma
We raised by our mamas, Lord, we gotta heal
We hurting our sisters, the babies as well
We killing our brothers, they poisoned the well
Distorted self-image, we set up to fail
I'ma make sure that the real gon' prevail, nigga
I just poured somethin' in my cup
I've been wantin' somethin' I can feel
Promise I am never lettin' up
Money in your palm don't make you real
Foot is on they neck, I got 'em stuck
I'ma give 'em somethin' they can feel
If it ain't 'bout the squad, don't give a fuck
Pistol in your hand don't make you real
Money in your palm don't make you real
Pistol in your hand don't make you real
Money in your palm don't make you real",1
J. Cole,Boom bap / Lyric,e8CLsYzE5wk,J. Cole - MIDDLE CHILD (Official Audio),J. Cole,this song is so NBA vibes,3
J. Cole,Boom bap / Lyric,e8CLsYzE5wk,J. Cole - MIDDLE CHILD (Official Audio),J. Cole,1:41,0
J. Cole,Boom bap / Lyric,e8CLsYzE5wk,J. Cole - MIDDLE CHILD (Official Audio),J. Cole,2025 and im still here!,3
J. Cole,Boom bap / Lyric,e8CLsYzE5wk,J. Cole - MIDDLE CHILD (Official Audio),J. Cole,Love this song... 😮,0
J. Cole,Boom bap / Lyric,e8CLsYzE5wk,J. Cole - MIDDLE CHILD (Official Audio),J. Cole,ℳ𝓎 𝒻𝒶𝓋ℯ 𝓈ℴ𝓃𝑔,2
J. Cole,Boom bap / Lyric,e8CLsYzE5wk,J. Cole - MIDDLE CHILD (Official Audio),J. Cole,6 years later good asf,1
J. Cole,Boom bap / Lyric,e8CLsYzE5wk,J. Cole - MIDDLE CHILD (Official Audio),J. Cole,This song makes me focus more,2
J. Cole,Boom bap / Lyric,e8CLsYzE5wk,J. Cole - MIDDLE CHILD (Official Audio),J. Cole,1:45,0
J. Cole,Boom bap / Lyric,e8CLsYzE5wk,J. Cole - MIDDLE CHILD (Official Audio),J. Cole,💯,0
J. Cole,Boom bap / Lyric,e8CLsYzE5wk,J. Cole - MIDDLE CHILD (Official Audio),J. Cole,me,0
J. Cole,Boom bap / Lyric,e8CLsYzE5wk,J. Cole - MIDDLE CHILD (Official Audio),J. Cole,Who aint,0
J. Cole,Boom bap / Lyric,e8CLsYzE5wk,J. Cole - MIDDLE CHILD (Official Audio),J. Cole,American Dad latest episode “Silicon Steve” brought me here 😂,1
J. Cole,Boom bap / Lyric,e8CLsYzE5wk,J. Cole - MIDDLE CHILD (Official Audio),J. Cole,5 March 2025,1
J. Cole,Boom bap / Lyric,e8CLsYzE5wk,J. Cole - MIDDLE CHILD (Official Audio),J. Cole,George pig 😢,0
J. Cole,Boom bap / Lyric,e8CLsYzE5wk,J. Cole - MIDDLE CHILD (Official Audio),J. Cole,2025,2
J. Cole,Boom bap / Lyric,e8CLsYzE5wk,J. Cole - MIDDLE CHILD (Official Audio),J. Cole,“They act like 2 legends can not coexist” ts hits different now..,11
J. Cole,Boom bap / Lyric,e8CLsYzE5wk,J. Cole - MIDDLE CHILD (Official Audio),J. Cole,❤❤❤❤,1
J. Cole,Boom bap / Lyric,e8CLsYzE5wk,J. Cole - MIDDLE CHILD (Official Audio),J. Cole,“WHoSe HeRE iN 2025!?” You unoriginal fucktards.,3
J. Cole,Boom bap / Lyric,e8CLsYzE5wk,J. Cole - MIDDLE CHILD (Official Audio),J. Cole,Here in 2025🙏🤙,1
J. Cole,Boom bap / Lyric,e8CLsYzE5wk,J. Cole - MIDDLE CHILD (Official Audio),J. Cole,sigma,0
J. Cole,Boom bap / Lyric,e8CLsYzE5wk,J. Cole - MIDDLE CHILD (Official Audio),J. Cole,who’s here in 2025 💎,6
J. Cole,Boom bap / Lyric,e8CLsYzE5wk,J. Cole - MIDDLE CHILD (Official Audio),J. Cole,Che base ragazzi !!!,0
J. Cole,Boom bap / Lyric,e8CLsYzE5wk,J. Cole - MIDDLE CHILD (Official Audio),J. Cole,Who’s here 2025,3
J. Cole,Boom bap / Lyric,e8CLsYzE5wk,J. Cole - MIDDLE CHILD (Official Audio),J. Cole,TWIDLE THAT ENDING INTO A NEW UNBORN KINGDOM THAT MONEY IN YOUR HAND DON'T MAKE YOU REALM IN YOUR PALM THERE IS A LITTLE FEELINGS OF,0
J. Cole,Boom bap / Lyric,e8CLsYzE5wk,J. Cole - MIDDLE CHILD (Official Audio),J. Cole,0:49,0
J. Cole,Boom bap / Lyric,e8CLsYzE5wk,J. Cole - MIDDLE CHILD (Official Audio),J. Cole,THIS WOULD BE SOME OF THE AUDIO THAT WAS COPIED FROM THE AUDIO OF JON FEROE.,0
J. Cole,Boom bap / Lyric,e8CLsYzE5wk,J. Cole - MIDDLE CHILD (Official Audio),J. Cole,2019 till forever!!🏆🔥💯,4
J. Cole,Boom bap / Lyric,e8CLsYzE5wk,J. Cole - MIDDLE CHILD (Official Audio),J. Cole,Happy g day j Cole🎉🎉🎉🎉🎉,1
J. Cole,Boom bap / Lyric,e8CLsYzE5wk,J. Cole - MIDDLE CHILD (Official Audio),J. Cole,Happy 40th Birthday J Cole!!! 🎂,1
J. Cole,Boom bap / Lyric,e8CLsYzE5wk,J. Cole - MIDDLE CHILD (Official Audio),J. Cole,Who here in 2025,3
J. Cole,Boom bap / Lyric,e8CLsYzE5wk,J. Cole - MIDDLE CHILD (Official Audio),J. Cole,.,0
J. Cole,Boom bap / Lyric,e8CLsYzE5wk,J. Cole - MIDDLE CHILD (Official Audio),J. Cole,who is here in 2025,1
J. Cole,Boom bap / Lyric,e8CLsYzE5wk,J. Cole - MIDDLE CHILD (Official Audio),J. Cole,THREE PATHS TO GLORY THAT'S WHY I'M CHOOSING ONLY ONE REASON IN THE SECOND PLACE.,0
J. Cole,Boom bap / Lyric,e8CLsYzE5wk,J. Cole - MIDDLE CHILD (Official Audio),J. Cole,PROTECT MIND. PROTECT MIND. PROTECT MIND.,0
J. Cole,Boom bap / Lyric,e8CLsYzE5wk,J. Cole - MIDDLE CHILD (Official Audio),J. Cole,My new song. MIDDLE CHILD. This how I’m coming all year.,0
J. Cole,Boom bap / Lyric,e8CLsYzE5wk,J. Cole - MIDDLE CHILD (Official Audio),J. Cole,YOU HAVE TO PROTECT MY ITEMS.,0
J. Cole,Boom bap / Lyric,e8CLsYzE5wk,J. Cole - MIDDLE CHILD (Official Audio),J. Cole,YOU HAVE TO DEFEND ME IN THE ENTIRE HOUSE AND EVEN OUTSIDE THE HOUSE BECAUSE SOMETIMES I GO TO THE TARGET STORE.,0
J. Cole,Boom bap / Lyric,e8CLsYzE5wk,J. Cole - MIDDLE CHILD (Official Audio),J. Cole,I AM ON TINDER RIGHT NOW.,0
J. Cole,Boom bap / Lyric,e8CLsYzE5wk,J. Cole - MIDDLE CHILD (Official Audio),J. Cole,IT WOULD BE ALL OF THE WORDS AND IDEAS THE ENTIRETY AND TOTALITY OF EVERYTHING SINCE 1989.,0
J. Cole,Boom bap / Lyric,e8CLsYzE5wk,J. Cole - MIDDLE CHILD (Official Audio),J. Cole,ONCE AGAIN THESE PEOPLE HAVE TO DISCONTINUE ANY NEGATIVE ATTACK TYPE OF THING. I AM THE CORRECT PERSON THIS ENTIRE TIME.,0
J. Cole,Boom bap / Lyric,e8CLsYzE5wk,J. Cole - MIDDLE CHILD (Official Audio),J. Cole,YOU HAVE TO PROTECT ME FROM THE TECHNOLOGY SATELLITE THING. ALSO STOP MESSING WITH FOOD AND DRINK.,0
J. Cole,Boom bap / Lyric,e8CLsYzE5wk,J. Cole - MIDDLE CHILD (Official Audio),J. Cole,PROTECT ME FROM EVERYTHING POSSIBLE.,1
J. Cole,Boom bap / Lyric,e8CLsYzE5wk,J. Cole - MIDDLE CHILD (Official Audio),J. Cole,ALL OF THE WORDS AND IDEAS SINCE 1989.,0
J. Cole,Boom bap / Lyric,e8CLsYzE5wk,J. Cole - MIDDLE CHILD (Official Audio),J. Cole,I AM THE CORRECT CREATIVE GENIUS PERSON SINCE 1989.,0
J. Cole,Boom bap / Lyric,e8CLsYzE5wk,J. Cole - MIDDLE CHILD (Official Audio),J. Cole,IT WOULD BE THE ENTERTAINMENT INDUSTRY WORDS AND IDEAS SINCE 1989. ALSO ALL THE OTHER WORDS AND IDEAS.,0
J. Cole,Boom bap / Lyric,e8CLsYzE5wk,J. Cole - MIDDLE CHILD (Official Audio),J. Cole,I WAS THE FIRST PERSON. JON FEROE I WILL BE AVAILABLE TO REACH AT ANY TIME ON MY CELL PHONE. I AM CURRENTLY ALIVE JUST SURVIVING RIGHT NOW.,0
J. Cole,Boom bap / Lyric,e8CLsYzE5wk,J. Cole - MIDDLE CHILD (Official Audio),J. Cole,ALL OF THE AUDIO IS GANGSTER AS A MFER.,0
J. Cole,Boom bap / Lyric,e8CLsYzE5wk,J. Cole - MIDDLE CHILD (Official Audio),J. Cole,YOU HAVE TO PROTECT MY BRAIN AND WHOLE BODY AND PENIS. IT WOULD BE ALL OF THE AUDIO.,0
J. Cole,Boom bap / Lyric,e8CLsYzE5wk,J. Cole - MIDDLE CHILD (Official Audio),J. Cole,IT WOULD BE BECAUSE OF THE TORTUROUS TALKING TO ME. YOU PEOPLE AREN'T REALLY AWARE OF WHAT IT WAS LIKE TO EXPERIENCE MY LIFE THIS ENTIRE TIME.,0
J. Cole,Boom bap / Lyric,e8CLsYzE5wk,J. Cole - MIDDLE CHILD (Official Audio),J. Cole,THIS WHOLE THING IS PART OF THE AUDIO OF ME. THESE PEOPLE ARE COPYING ALL OF THE AUDIO OF ME.,0
J. Cole,Boom bap / Lyric,e8CLsYzE5wk,J. Cole - MIDDLE CHILD (Official Audio),J. Cole,"""MIDDLE CHILD"" is a standout track in Cole's catalog",1
J. Cole,Boom bap / Lyric,e8CLsYzE5wk,J. Cole - MIDDLE CHILD (Official Audio),J. Cole,2025,0
J. Cole,Boom bap / Lyric,e8CLsYzE5wk,J. Cole - MIDDLE CHILD (Official Audio),J. Cole,Who here 2025,4
J. Cole,Boom bap / Lyric,e8CLsYzE5wk,J. Cole - MIDDLE CHILD (Official Audio),J. Cole,2025❤,1
J. Cole,Boom bap / Lyric,e8CLsYzE5wk,J. Cole - MIDDLE CHILD (Official Audio),J. Cole,2025 ? 🎉,0
J. Cole,Boom bap / Lyric,e8CLsYzE5wk,J. Cole - MIDDLE CHILD (Official Audio),J. Cole,Perfect to listen to during revelations,1
J. Cole,Boom bap / Lyric,e8CLsYzE5wk,J. Cole - MIDDLE CHILD (Official Audio),J. Cole,Ah shit here we go again,1
J. Cole,Boom bap / Lyric,e8CLsYzE5wk,J. Cole - MIDDLE CHILD (Official Audio),J. Cole,Who is in here in 2024,0
J. Cole,Boom bap / Lyric,e8CLsYzE5wk,J. Cole - MIDDLE CHILD (Official Audio),J. Cole,Who’s here 2025🎉,0
J. Cole,Boom bap / Lyric,e8CLsYzE5wk,J. Cole - MIDDLE CHILD (Official Audio),J. Cole,Who’s here 2025? 🫶🏾 🔥,1
J. Cole,Boom bap / Lyric,e8CLsYzE5wk,J. Cole - MIDDLE CHILD (Official Audio),J. Cole,1:40,0
J. Cole,Boom bap / Lyric,e8CLsYzE5wk,J. Cole - MIDDLE CHILD (Official Audio),J. Cole,"Damn a 2024, who is here in 2025?",0
J. Cole,Boom bap / Lyric,e8CLsYzE5wk,J. Cole - MIDDLE CHILD (Official Audio),J. Cole,2025,0
J. Cole,Boom bap / Lyric,e8CLsYzE5wk,J. Cole - MIDDLE CHILD (Official Audio),J. Cole,Ⓜ️Ⓜ️Ⓜ️,0
J. Cole,Boom bap / Lyric,e8CLsYzE5wk,J. Cole - MIDDLE CHILD (Official Audio),J. Cole,Who’s here in 2025?,3
J. Cole,Boom bap / Lyric,e8CLsYzE5wk,J. Cole - MIDDLE CHILD (Official Audio),J. Cole,People in 2025🎉,1
J. Cole,Boom bap / Lyric,e8CLsYzE5wk,J. Cole - MIDDLE CHILD (Official Audio),J. Cole,Who's here in 2025,3
J. Cole,Boom bap / Lyric,e8CLsYzE5wk,J. Cole - MIDDLE CHILD (Official Audio),J. Cole,Who,0
J. Cole,Boom bap / Lyric,e8CLsYzE5wk,J. Cole - MIDDLE CHILD (Official Audio),J. Cole,Jcole if you ever see this your verse about first class with your boys. Formed my small child brain to make it to the top while never leaving my people behind. I'm thankful for you and the perspective you gave me 5 years ago.,0
J. Cole,Boom bap / Lyric,e8CLsYzE5wk,J. Cole - MIDDLE CHILD (Official Audio),J. Cole,2025 still🔥,2
J. Cole,Boom bap / Lyric,e8CLsYzE5wk,J. Cole - MIDDLE CHILD (Official Audio),J. Cole,Yo I would smoke hella weed in the car with Marlon Wayans getting hella high ASF with this bumping loud as fuck 😂😂😂😂😂😂😂😂,0
J. Cole,Boom bap / Lyric,e8CLsYzE5wk,J. Cole - MIDDLE CHILD (Official Audio),J. Cole,Bad ass sound,0
J. Cole,Boom bap / Lyric,e8CLsYzE5wk,J. Cole - MIDDLE CHILD (Official Audio),J. Cole,Dayton?,0
J. Cole,Boom bap / Lyric,e8CLsYzE5wk,J. Cole - MIDDLE CHILD (Official Audio),J. Cole,💋,0
J. Cole,Boom bap / Lyric,e8CLsYzE5wk,J. Cole - MIDDLE CHILD (Official Audio),J. Cole,Hi,0
J. Cole,Boom bap / Lyric,e8CLsYzE5wk,J. Cole - MIDDLE CHILD (Official Audio),J. Cole,YOU EVER WONDER WHY MOVING YOUR HEAD IN THE INFINITY SYMBOLS MOTION WORKS FOR EVERY SONG THAT WAS EVER WRITTEN. JUST LIKE STEVEY WONDER BLIND CANT SEE HOW OTHERS ARE DANCING HIMSELF IN THE INFINITY SYMBOLS EMOTION,0
J. Cole,Boom bap / Lyric,e8CLsYzE5wk,J. Cole - MIDDLE CHILD (Official Audio),J. Cole,This song shit omm,0
J. Cole,Boom bap / Lyric,e8CLsYzE5wk,J. Cole - MIDDLE CHILD (Official Audio),J. Cole,Bering Sea 🌊 💙 ✨️ 😍 ❤️ 💕 🌊,0
J. Cole,Boom bap / Lyric,e8CLsYzE5wk,J. Cole - MIDDLE CHILD (Official Audio),J. Cole,"""I studied the greats... I'm the greatest right now"" ",1
J. Cole,Boom bap / Lyric,e8CLsYzE5wk,J. Cole - MIDDLE CHILD (Official Audio),J. Cole,Me dumb ass,0
J. Cole,Boom bap / Lyric,e8CLsYzE5wk,J. Cole - MIDDLE CHILD (Official Audio),J. Cole,0:49 0:54 that shit fucking hit he's being honest ASF,2
J. Cole,Boom bap / Lyric,e8CLsYzE5wk,J. Cole - MIDDLE CHILD (Official Audio),J. Cole,this song is a fire,1
J. Cole,Boom bap / Lyric,e8CLsYzE5wk,J. Cole - MIDDLE CHILD (Official Audio),J. Cole,Who here 2024😂,2
J. Cole,Boom bap / Lyric,e8CLsYzE5wk,J. Cole - MIDDLE CHILD (Official Audio),J. Cole,Booty,0
J. Cole,Boom bap / Lyric,e8CLsYzE5wk,J. Cole - MIDDLE CHILD (Official Audio),J. Cole,Love it,0
J. Cole,Boom bap / Lyric,e8CLsYzE5wk,J. Cole - MIDDLE CHILD (Official Audio),J. Cole,"Real ones been dying, fake ones is lit",1
J. Cole,Boom bap / Lyric,e8CLsYzE5wk,J. Cole - MIDDLE CHILD (Official Audio),J. Cole,Nggaz been counting me out still in 2024,1
J. Cole,Boom bap / Lyric,e8CLsYzE5wk,J. Cole - MIDDLE CHILD (Official Audio),J. Cole,I’m in a band and I play this,2
J. Cole,Boom bap / Lyric,e8CLsYzE5wk,J. Cole - MIDDLE CHILD (Official Audio),J. Cole,"I love it. 
J. Cole goes in soo hard on this right here! Only reason he is getting more hits is cuz he is just watching that short on my channel explaining how all these rappers out here be blowing up so big",5
J. Cole,Boom bap / Lyric,e8CLsYzE5wk,J. Cole - MIDDLE CHILD (Official Audio),J. Cole,Trumps presidential song for 2024!,1
J. Cole,Boom bap / Lyric,e8CLsYzE5wk,J. Cole - MIDDLE CHILD (Official Audio),J. Cole,Like j Cole said real ones are dying the fakes ones are lit,1
J. Cole,Boom bap / Lyric,e8CLsYzE5wk,J. Cole - MIDDLE CHILD (Official Audio),J. Cole,Bro be killing his whole family in one song 💀,2
J. Cole,Boom bap / Lyric,e8CLsYzE5wk,J. Cole - MIDDLE CHILD (Official Audio),J. Cole,2024,1
J. Cole,Boom bap / Lyric,e8CLsYzE5wk,J. Cole - MIDDLE CHILD (Official Audio),J. Cole,Alguien? 31 Octubre 2024,1
J. Cole,Boom bap / Lyric,e8CLsYzE5wk,J. Cole - MIDDLE CHILD (Official Audio),J. Cole,type shi,0
J. Cole,Boom bap / Lyric,e8CLsYzE5wk,J. Cole - MIDDLE CHILD (Official Audio),J. Cole,2024❤❤❤,0
J. Cole,Boom bap / Lyric,e8CLsYzE5wk,J. Cole - MIDDLE CHILD (Official Audio),J. Cole,"#JCOLE. 👑💯🎤
TIME TO TURN. UPPPPP",0
J. Cole,Boom bap / Lyric,e8CLsYzE5wk,J. Cole - MIDDLE CHILD (Official Audio),J. Cole,who's here in 2065? 🙏🏼,2
J. Cole,Boom bap / Lyric,e8CLsYzE5wk,J. Cole - MIDDLE CHILD (Official Audio),J. Cole,Eulah Fords,0
J. Cole,Boom bap / Lyric,e8CLsYzE5wk,J. Cole - MIDDLE CHILD (Official Audio),J. Cole,Toy Loaf,0
J. Cole,Boom bap / Lyric,e8CLsYzE5wk,J. Cole - MIDDLE CHILD (Official Audio),J. Cole,Yasmin Trafficway,0
J. Cole,Boom bap / Lyric,e8CLsYzE5wk,J. Cole - MIDDLE CHILD (Official Audio),J. Cole,Savion Radial,0
J. Cole,Boom bap / Lyric,e8CLsYzE5wk,J. Cole - MIDDLE CHILD (Official Audio),J. Cole,Mable Dale,0
J. Cole,Boom bap / Lyric,e8CLsYzE5wk,J. Cole - MIDDLE CHILD (Official Audio),J. Cole,Breitenberg Harbors,0
J. Cole,Boom bap / Lyric,e8CLsYzE5wk,J. Cole - MIDDLE CHILD (Official Audio),J. Cole,Citlalli Ville,0
J. Cole,Boom bap / Lyric,e8CLsYzE5wk,J. Cole - MIDDLE CHILD (Official Audio),J. Cole,Gulgowski Mills,0
J. Cole,Boom bap / Lyric,e8CLsYzE5wk,J. Cole - MIDDLE CHILD (Official Audio),J. Cole,Ahmad Islands,0
J. Cole,Boom bap / Lyric,e8CLsYzE5wk,J. Cole - MIDDLE CHILD (Official Audio),J. Cole,I'm  coming,0
J. Cole,Boom bap / Lyric,e8CLsYzE5wk,J. Cole - MIDDLE CHILD (Official Audio),J. Cole,2024 here!!!!,2
J. Cole,Boom bap / Lyric,e8CLsYzE5wk,J. Cole - MIDDLE CHILD (Official Audio),J. Cole,Johnny Passage,0
J. Cole,Boom bap / Lyric,e8CLsYzE5wk,J. Cole - MIDDLE CHILD (Official Audio),J. Cole,Wehner Groves,0
J. Cole,Boom bap / Lyric,e8CLsYzE5wk,J. Cole - MIDDLE CHILD (Official Audio),J. Cole,Present and listening because i know this song have a meaning about happening right now,1
J. Cole,Boom bap / Lyric,e8CLsYzE5wk,J. Cole - MIDDLE CHILD (Official Audio),J. Cole,Fouseyyyy,0
J. Cole,Boom bap / Lyric,e8CLsYzE5wk,J. Cole - MIDDLE CHILD (Official Audio),J. Cole,Steuber Parkway,0
J. Cole,Boom bap / Lyric,e8CLsYzE5wk,J. Cole - MIDDLE CHILD (Official Audio),J. Cole,Beer Stream,0
J. Cole,Boom bap / Lyric,e8CLsYzE5wk,J. Cole - MIDDLE CHILD (Official Audio),J. Cole,Delta Spurs,0
J. Cole,Boom bap / Lyric,e8CLsYzE5wk,J. Cole - MIDDLE CHILD (Official Audio),J. Cole,Imagine if this was dropped after Kendrick’s not like us 😢,0
J. Cole,Boom bap / Lyric,e8CLsYzE5wk,J. Cole - MIDDLE CHILD (Official Audio),J. Cole,Who's the middle child,0
J. Cole,Boom bap / Lyric,e8CLsYzE5wk,J. Cole - MIDDLE CHILD (Official Audio),J. Cole,Russel Springs,0
J. Cole,Boom bap / Lyric,e8CLsYzE5wk,J. Cole - MIDDLE CHILD (Official Audio),J. Cole,2024,1
J. Cole,Boom bap / Lyric,e8CLsYzE5wk,J. Cole - MIDDLE CHILD (Official Audio),J. Cole,Wehner Crossing,0
J. Cole,Boom bap / Lyric,e8CLsYzE5wk,J. Cole - MIDDLE CHILD (Official Audio),J. Cole,On Repeat 🔂 2024 ❤🎉😊,2
J. Cole,Boom bap / Lyric,e8CLsYzE5wk,J. Cole - MIDDLE CHILD (Official Audio),J. Cole,Rice Camp,0
J. Cole,Boom bap / Lyric,e8CLsYzE5wk,J. Cole - MIDDLE CHILD (Official Audio),J. Cole,Who here in 2026?,3
J. Cole,Boom bap / Lyric,e8CLsYzE5wk,J. Cole - MIDDLE CHILD (Official Audio),J. Cole,❤❤❤❤❤❤❤,0
J. Cole,Boom bap / Lyric,e8CLsYzE5wk,J. Cole - MIDDLE CHILD (Official Audio),J. Cole,Plug walk,0
J. Cole,Boom bap / Lyric,e8CLsYzE5wk,J. Cole - MIDDLE CHILD (Official Audio),J. Cole,John Cleaner,0
J. Cole,Boom bap / Lyric,e8CLsYzE5wk,J. Cole - MIDDLE CHILD (Official Audio),J. Cole,Stronger,0
J. Cole,Boom bap / Lyric,e8CLsYzE5wk,J. Cole - MIDDLE CHILD (Official Audio),J. Cole,Prey,0
J. Cole,Boom bap / Lyric,e8CLsYzE5wk,J. Cole - MIDDLE CHILD (Official Audio),J. Cole,🏳️‍⚧️,0
J. Cole,Boom bap / Lyric,e8CLsYzE5wk,J. Cole - MIDDLE CHILD (Official Audio),J. Cole,This would be a great time to drop a continuation to this song called Middle MAN I state where you stand at this moment!!!!,1
J. Cole,Boom bap / Lyric,e8CLsYzE5wk,J. Cole - MIDDLE CHILD (Official Audio),J. Cole,"3 weeks later... ""I just poured somethin' in my cup"" 🎉😌",0
J. Cole,Boom bap / Lyric,e8CLsYzE5wk,J. Cole - MIDDLE CHILD (Official Audio),J. Cole,Sayy whatt,0
J. Cole,Boom bap / Lyric,e8CLsYzE5wk,J. Cole - MIDDLE CHILD (Official Audio),J. Cole,Schaefer Gateway,0
J. Cole,Boom bap / Lyric,e8CLsYzE5wk,J. Cole - MIDDLE CHILD (Official Audio),J. Cole,All bro had to do was come with this energy against kendrick. But he still the best in my books,2
J. Cole,Boom bap / Lyric,e8CLsYzE5wk,J. Cole - MIDDLE CHILD (Official Audio),J. Cole,Gunnar Place,0
J. Cole,Boom bap / Lyric,e8CLsYzE5wk,J. Cole - MIDDLE CHILD (Official Audio),J. Cole,Turcotte Vista,0
J. Cole,Boom bap / Lyric,e8CLsYzE5wk,J. Cole - MIDDLE CHILD (Official Audio),J. Cole,Someone 2024 11.9,0
J. Cole,Boom bap / Lyric,e8CLsYzE5wk,J. Cole - MIDDLE CHILD (Official Audio),J. Cole,Travis Scott Mafia part 1,0
J. Cole,Boom bap / Lyric,e8CLsYzE5wk,J. Cole - MIDDLE CHILD (Official Audio),J. Cole,Nannie Estate,0
J. Cole,Boom bap / Lyric,e8CLsYzE5wk,J. Cole - MIDDLE CHILD (Official Audio),J. Cole,Thank you,0
J. Cole,Boom bap / Lyric,e8CLsYzE5wk,J. Cole - MIDDLE CHILD (Official Audio),J. Cole,You are gift to the world!,0
J. Cole,Boom bap / Lyric,e8CLsYzE5wk,J. Cole - MIDDLE CHILD (Official Audio),J. Cole,Where's Santa is what I wanna know,0
J. Cole,Boom bap / Lyric,e8CLsYzE5wk,J. Cole - MIDDLE CHILD (Official Audio),J. Cole,B Cole all day eyery day,0
J. Cole,Boom bap / Lyric,e8CLsYzE5wk,J. Cole - MIDDLE CHILD (Official Audio),J. Cole,We coolin str8 bmx blood moon vibes 🌘,1
J. Cole,Boom bap / Lyric,e8CLsYzE5wk,J. Cole - MIDDLE CHILD (Official Audio),J. Cole,"Hi this is Arlo...
I think my brother works on the premise that at a small enough level matter starts to disobey laws of physics (quantum physics) and how the universe is basically made up of vibration (string theory)🎼🎵",0
J. Cole,Boom bap / Lyric,e8CLsYzE5wk,J. Cole - MIDDLE CHILD (Official Audio),J. Cole,panis to sa limang araw ni bugoy na koykoy hahahahah,0
J. Cole,Boom bap / Lyric,e8CLsYzE5wk,J. Cole - MIDDLE CHILD (Official Audio),J. Cole,This is 🔥🔥🔥🔥🔥,1
J. Cole,Boom bap / Lyric,e8CLsYzE5wk,J. Cole - MIDDLE CHILD (Official Audio),J. Cole,J Cole snapped on this one 💪🏾,2
J. Cole,Boom bap / Lyric,e8CLsYzE5wk,J. Cole - MIDDLE CHILD (Official Audio),J. Cole,"Hey J. Cole, please respond to this comment if you can anyways I just wanted to tell you that I am a huge huge fan of you. I was listening to music since always five years old and I haven’t listened to it for years so I’m back. I’m nine years old, I just turned on couple days ago love you gotta go bye-bye",1
J. Cole,Boom bap / Lyric,e8CLsYzE5wk,J. Cole - MIDDLE CHILD (Official Audio),J. Cole,The song I played when I first discovered the Subaru BRZ premium 2014 inside of Need for Speed 2014 This song reminds me of that car and I will forever love this song,1
J. Cole,Boom bap / Lyric,e8CLsYzE5wk,J. Cole - MIDDLE CHILD (Official Audio),J. Cole,We gone have to see what’s next after the beef…grippy,0
J. Cole,Boom bap / Lyric,e8CLsYzE5wk,J. Cole - MIDDLE CHILD (Official Audio),J. Cole,Same nigga who made grippy,1
J. Cole,Boom bap / Lyric,e8CLsYzE5wk,J. Cole - MIDDLE CHILD (Official Audio),J. Cole,🤴🏾,0
J. Cole,Boom bap / Lyric,e8CLsYzE5wk,J. Cole - MIDDLE CHILD (Official Audio),J. Cole,"We do not fight with flesh and blood, period.",0
J. Cole,Boom bap / Lyric,e8CLsYzE5wk,J. Cole - MIDDLE CHILD (Official Audio),J. Cole,"They 🏥tend to seek and form relationships outside of the immediate family, bruh",0
J. Cole,Boom bap / Lyric,e8CLsYzE5wk,J. Cole - MIDDLE CHILD (Official Audio),J. Cole,1:12 2:12,0
J. Cole,Boom bap / Lyric,e8CLsYzE5wk,J. Cole - MIDDLE CHILD (Official Audio),J. Cole,01:12 2:12,0
J. Cole,Boom bap / Lyric,e8CLsYzE5wk,J. Cole - MIDDLE CHILD (Official Audio),J. Cole,"i just took a penis in my butt, i just wanted something i could feel",3
J. Cole,Boom bap / Lyric,e8CLsYzE5wk,J. Cole - MIDDLE CHILD (Official Audio),J. Cole,😉🙃,0
J. Cole,Boom bap / Lyric,e8CLsYzE5wk,J. Cole - MIDDLE CHILD (Official Audio),J. Cole,People who came back to this song are real ones,4
J. Cole,Boom bap / Lyric,e8CLsYzE5wk,J. Cole - MIDDLE CHILD (Official Audio),J. Cole,For me dis one of da Best 2019 rap hit of all time,2
J. Cole,Boom bap / Lyric,e8CLsYzE5wk,J. Cole - MIDDLE CHILD (Official Audio),J. Cole,Has anyone seen the video of that one fat nigga pouring milk on himself to this beat 😂😂😂🍆,0
J. Cole,Boom bap / Lyric,e8CLsYzE5wk,J. Cole - MIDDLE CHILD (Official Audio),J. Cole,Nostalgia,0
J. Cole,Boom bap / Lyric,e8CLsYzE5wk,J. Cole - MIDDLE CHILD (Official Audio),J. Cole,Me,0
J. Cole,Boom bap / Lyric,e8CLsYzE5wk,J. Cole - MIDDLE CHILD (Official Audio),J. Cole,🐿️🐿️🐿️🐿️🐿️🐿️🐿️🐿️🐿️🐿️🐿️🐿️,0
J. Cole,Boom bap / Lyric,e8CLsYzE5wk,J. Cole - MIDDLE CHILD (Official Audio),J. Cole,🎉 here for it 2024,0
J. Cole,Boom bap / Lyric,e8CLsYzE5wk,J. Cole - MIDDLE CHILD (Official Audio),J. Cole,I’m here studying why he always sounds so good hoping I can replicate his music but make it my own. I wish I knew what I’m doing but I don’t. I’m kinda ready to understand. I’ll buy my self a little computer so I can try to do sum,1
J. Cole,Boom bap / Lyric,e8CLsYzE5wk,J. Cole - MIDDLE CHILD (Official Audio),J. Cole,"""Kendrick just opened his mouth"" 🗣🗣🗣🔥🔥🔥🔥🔥",1
J. Cole,Boom bap / Lyric,e8CLsYzE5wk,J. Cole - MIDDLE CHILD (Official Audio),J. Cole,He doin his mission make me proud dreamville💯💯💪,0
J. Cole,Boom bap / Lyric,e8CLsYzE5wk,J. Cole - MIDDLE CHILD (Official Audio),J. Cole,Imagine if this was a kendrick diss,0
J. Cole,Boom bap / Lyric,e8CLsYzE5wk,J. Cole - MIDDLE CHILD (Official Audio),J. Cole,Diamond baby ❤❤🎉,0
J. Cole,Boom bap / Lyric,e8CLsYzE5wk,J. Cole - MIDDLE CHILD (Official Audio),J. Cole,Fallow my JEFE s ejemplo,0
J. Cole,Boom bap / Lyric,e8CLsYzE5wk,J. Cole - MIDDLE CHILD (Official Audio),J. Cole,Keep rapping like this style cole.,0
J. Cole,Boom bap / Lyric,e8CLsYzE5wk,J. Cole - MIDDLE CHILD (Official Audio),J. Cole,This was my love who committed suicide on tuesday favourite song. Can’t stop listening to it. He got me into Jcole.,1
J. Cole,Boom bap / Lyric,e8CLsYzE5wk,J. Cole - MIDDLE CHILD (Official Audio),J. Cole,One of my favorite jamz.................,0
J. Cole,Boom bap / Lyric,e8CLsYzE5wk,J. Cole - MIDDLE CHILD (Official Audio),J. Cole,NYC assholes,1
J. Cole,Boom bap / Lyric,e8CLsYzE5wk,J. Cole - MIDDLE CHILD (Official Audio),J. Cole,😅😈🔥💯🤣😂😅😆❤️😀🎉😎,1
J. Cole,Boom bap / Lyric,e8CLsYzE5wk,J. Cole - MIDDLE CHILD (Official Audio),J. Cole,You like a good bro like you're not anything,1
J. Cole,Boom bap / Lyric,e8CLsYzE5wk,J. Cole - MIDDLE CHILD (Official Audio),J. Cole,N**** you're not smart so keep on going,1
J. Cole,Boom bap / Lyric,e8CLsYzE5wk,J. Cole - MIDDLE CHILD (Official Audio),J. Cole,Oh yeah you want to change me bro I'm your homie bro in a back smack you house slip your legs down in John Brown his stomach and I like riding your stomach and hold on your arms,1
J. Cole,Boom bap / Lyric,e8CLsYzE5wk,J. Cole - MIDDLE CHILD (Official Audio),J. Cole,Then do something about I know a little man bro I'm a teenager I got one more year I'll be a fool when your teenager like okay bro look at your stupid dumbass,1
J. Cole,Boom bap / Lyric,e8CLsYzE5wk,J. Cole - MIDDLE CHILD (Official Audio),J. Cole,Play Banda do s*** either crap you got hurt bad you start crying and being laying on the floor oh my face,1
J. Cole,Boom bap / Lyric,e8CLsYzE5wk,J. Cole - MIDDLE CHILD (Official Audio),J. Cole,You're afraid like a p****,1
J. Cole,Boom bap / Lyric,e8CLsYzE5wk,J. Cole - MIDDLE CHILD (Official Audio),J. Cole,Like the girl anyway bro Rosemary and it kind of look like your face does it look like this with reflection on a dream marrow😅 a funny face,1
J. Cole,Boom bap / Lyric,e8CLsYzE5wk,J. Cole - MIDDLE CHILD (Official Audio),J. Cole,How crack it open make a nozzle not breathe,1
J. Cole,Boom bap / Lyric,e8CLsYzE5wk,J. Cole - MIDDLE CHILD (Official Audio),J. Cole,This is stupid as hell,0
J. Cole,Boom bap / Lyric,e8CLsYzE5wk,J. Cole - MIDDLE CHILD (Official Audio),J. Cole,You don't know what the hell you saying speak proper English,0
J. Cole,Boom bap / Lyric,e8CLsYzE5wk,J. Cole - MIDDLE CHILD (Official Audio),J. Cole,Stop playing for your dumbass,0
J. Cole,Boom bap / Lyric,e8CLsYzE5wk,J. Cole - MIDDLE CHILD (Official Audio),J. Cole,"Fun fact : you don't count bullets or load clips , you count rounds and load mags , this makes me believe he's not a gun owner but still great song. 👌",0
J. Cole,Boom bap / Lyric,e8CLsYzE5wk,J. Cole - MIDDLE CHILD (Official Audio),J. Cole,"Kendrick ""i don't have a hating bone in my body""
Also kendrick "" i hate the way you walk the way you talk, i hate the way you dress,  i hate the way you sneak diss""",1
J. Cole,Boom bap / Lyric,e8CLsYzE5wk,J. Cole - MIDDLE CHILD (Official Audio),J. Cole,Can we get another one of these this year?,0
J. Cole,Boom bap / Lyric,e8CLsYzE5wk,J. Cole - MIDDLE CHILD (Official Audio),J. Cole,Me,0
J. Cole,Boom bap / Lyric,e8CLsYzE5wk,J. Cole - MIDDLE CHILD (Official Audio),J. Cole,2020 vibes.,1
J. Cole,Boom bap / Lyric,e8CLsYzE5wk,J. Cole - MIDDLE CHILD (Official Audio),J. Cole,i heard this back in 2019-2020. still come back to it,0
J. Cole,Boom bap / Lyric,e8CLsYzE5wk,J. Cole - MIDDLE CHILD (Official Audio),J. Cole,inspiring shitttttttt,0
J. Cole,Boom bap / Lyric,e8CLsYzE5wk,J. Cole - MIDDLE CHILD (Official Audio),J. Cole,This song 🎵🔥,0
J. Cole,Boom bap / Lyric,e8CLsYzE5wk,J. Cole - MIDDLE CHILD (Official Audio),J. Cole,Because of @prachyam,0
J. Cole,Boom bap / Lyric,e8CLsYzE5wk,J. Cole - MIDDLE CHILD (Official Audio),J. Cole,"I have just heard this on Mayors of kingstown. I'm a metal guy, love blues and I'm usually listening to Slash or killswitch engage. Never heard this music but really enjoying it. Guess I'm on a start of a new journey of discovery.",1
J. Cole,Boom bap / Lyric,e8CLsYzE5wk,J. Cole - MIDDLE CHILD (Official Audio),J. Cole,It was THAT GOOD that I replayed it 30 times,2
J. Cole,Boom bap / Lyric,e8CLsYzE5wk,J. Cole - MIDDLE CHILD (Official Audio),J. Cole,After binayak podcast,0
J. Cole,Boom bap / Lyric,e8CLsYzE5wk,J. Cole - MIDDLE CHILD (Official Audio),J. Cole,🚷👀,1
J. Cole,Boom bap / Lyric,e8CLsYzE5wk,J. Cole - MIDDLE CHILD (Official Audio),J. Cole,Such vibe when we the middle child 😏,2
J. Cole,Boom bap / Lyric,e8CLsYzE5wk,J. Cole - MIDDLE CHILD (Official Audio),J. Cole,I’m here in 2024,8
J. Cole,Boom bap / Lyric,e8CLsYzE5wk,J. Cole - MIDDLE CHILD (Official Audio),J. Cole,"the real ones been dieing the fake ones was lit 


best line
🙏",9
J. Cole,Boom bap / Lyric,e8CLsYzE5wk,J. Cole - MIDDLE CHILD (Official Audio),J. Cole,Anyone 3019 ?,1
J. Cole,Boom bap / Lyric,e8CLsYzE5wk,J. Cole - MIDDLE CHILD (Official Audio),J. Cole,Waitse nfana yoo o lit 🔥🔥🔥,0
J. Cole,Boom bap / Lyric,e8CLsYzE5wk,J. Cole - MIDDLE CHILD (Official Audio),J. Cole,🙉THIS HITTSS SOOO MUCH HARDER NOW!!💯💯,2
J. Cole,Boom bap / Lyric,e8CLsYzE5wk,J. Cole - MIDDLE CHILD (Official Audio),J. Cole,I’m very glad J-Cole dropped out. I love him and would hate to see Kendrick kill him.,13
J. Cole,Boom bap / Lyric,e8CLsYzE5wk,J. Cole - MIDDLE CHILD (Official Audio),J. Cole,🗣️🔉📡🛰️,2
J. Cole,Boom bap / Lyric,e8CLsYzE5wk,J. Cole - MIDDLE CHILD (Official Audio),J. Cole,Who is here in 2028🙏,3
J. Cole,Boom bap / Lyric,e8CLsYzE5wk,J. Cole - MIDDLE CHILD (Official Audio),J. Cole,🐐.  Fuck a beef for clout.,8
J. Cole,Boom bap / Lyric,e8CLsYzE5wk,J. Cole - MIDDLE CHILD (Official Audio),J. Cole,how relevant is the second verse on this today,5
J. Cole,Boom bap / Lyric,e8CLsYzE5wk,J. Cole - MIDDLE CHILD (Official Audio),J. Cole,I don’t wear jewelry but the watch came Kendrick Lamar he sent me a gift,4
J. Cole,Boom bap / Lyric,e8CLsYzE5wk,J. Cole - MIDDLE CHILD (Official Audio),J. Cole,"J. Cole:

""I'd never beef with a nigga for nothin'
If I smoke a rapper, it's gon' be legit
It won't be for clout, it won't be for fame
It won't be 'cause my shit ain't sellin' the same
It won't be to sell you my latest lil' sneakers
It won't be 'cause some nigga slid in my lane""

J cole already said he not on that ego trippin, gotta prove myself shit, and I personally got noting but respect for him.",40
J. Cole,Boom bap / Lyric,e8CLsYzE5wk,J. Cole - MIDDLE CHILD (Official Audio),J. Cole,"J cole was right 
-circa 2024 beef",4
J. Cole,Boom bap / Lyric,e8CLsYzE5wk,J. Cole - MIDDLE CHILD (Official Audio),J. Cole,The only winner of the current feud.  Saw the crown being in the mud and said nope,14
J. Cole,Boom bap / Lyric,e8CLsYzE5wk,J. Cole - MIDDLE CHILD (Official Audio),J. Cole,"And I quote, ""If I smoke with a raper it will be legit""",11
J. Cole,Boom bap / Lyric,e8CLsYzE5wk,J. Cole - MIDDLE CHILD (Official Audio),J. Cole,Who’s here after Kendrick ended Drake?,84
J. Cole,Boom bap / Lyric,e8CLsYzE5wk,J. Cole - MIDDLE CHILD (Official Audio),J. Cole,This song hits diff now,76
J. Cole,Boom bap / Lyric,e8CLsYzE5wk,J. Cole - MIDDLE CHILD (Official Audio),J. Cole,Who's here after the kendrick diss?,8
J. Cole,Boom bap / Lyric,e8CLsYzE5wk,J. Cole - MIDDLE CHILD (Official Audio),J. Cole,"Drake 1  money ,fame
Cole 2  respect, peace
Dot 3 lyrics ,culture",6
J. Cole,Boom bap / Lyric,e8CLsYzE5wk,J. Cole - MIDDLE CHILD (Official Audio),J. Cole,That kdot shit was weak ..but this song was his peak,1
J. Cole,Boom bap / Lyric,e8CLsYzE5wk,J. Cole - MIDDLE CHILD (Official Audio),J. Cole,On repeat 2024 😊,0
J. Cole,Boom bap / Lyric,e8CLsYzE5wk,J. Cole - MIDDLE CHILD (Official Audio),J. Cole,WHOS HERE IN 2029 ☠️☠️😭😭🙏🙏🙏,2
J. Cole,Boom bap / Lyric,e8CLsYzE5wk,J. Cole - MIDDLE CHILD (Official Audio),J. Cole,Love ittt,1
J. Cole,Boom bap / Lyric,e8CLsYzE5wk,J. Cole - MIDDLE CHILD (Official Audio),J. Cole,SCRAPE DOLLARS,0
J. Cole,Boom bap / Lyric,e8CLsYzE5wk,J. Cole - MIDDLE CHILD (Official Audio),J. Cole,2024?,1
J. Cole,Boom bap / Lyric,e8CLsYzE5wk,J. Cole - MIDDLE CHILD (Official Audio),J. Cole,Who is here in 2078,0
J. Cole,Boom bap / Lyric,e8CLsYzE5wk,J. Cole - MIDDLE CHILD (Official Audio),J. Cole,"Here first time as a Middle Child. Now, I'll track this young rapper. 🙏

""Middle Child Syndrome"" story.",2
J. Cole,Boom bap / Lyric,e8CLsYzE5wk,J. Cole - MIDDLE CHILD (Official Audio),J. Cole,"""I'd never beef with a nigga for nothin if i smoke a rapper it's gon be legit. it won't be for clout, it won't be fame, it won't be cause my shit ain't selling the same, it won't be to sell you my latest lil sneakers, it won't be cause some nigga slid in my lane.' remembering these lyrics and then hearing his apology to kendrick makes so much sense. i'll always respect j cole as an artist because he realized that shit with kdot was pointless and was pressured into doing the diss track when it didn't sit right with him.",196
J. Cole,Boom bap / Lyric,e8CLsYzE5wk,J. Cole - MIDDLE CHILD (Official Audio),J. Cole,Who’s here after he apologized 😢,9
J. Cole,Boom bap / Lyric,e8CLsYzE5wk,J. Cole - MIDDLE CHILD (Official Audio),J. Cole,He should came with this vibe when he dropped that diss,7
J. Cole,Boom bap / Lyric,e8CLsYzE5wk,J. Cole - MIDDLE CHILD (Official Audio),J. Cole,“I will never beef with a nigga for nothing” he told us Kendrick is pointless,9
J. Cole,Boom bap / Lyric,e8CLsYzE5wk,J. Cole - MIDDLE CHILD (Official Audio),J. Cole,Me,0
J. Cole,Boom bap / Lyric,e8CLsYzE5wk,J. Cole - MIDDLE CHILD (Official Audio),J. Cole,I came here to cleanse my palate after hearing that apology,3
J. Cole,Boom bap / Lyric,e8CLsYzE5wk,J. Cole - MIDDLE CHILD (Official Audio),J. Cole,"You know what it makes sense now…Cole has been so caught up in the middle child identity over the years when it came time to finally exit that role with the emergence of the Kdot beef he said, “you know what…I’m the middle child let me stay in my lane and apologize”. He isn’t used to being in the front…he’s more comfortable when he feels overshadowed",0
J. Cole,Boom bap / Lyric,e8CLsYzE5wk,J. Cole - MIDDLE CHILD (Official Audio),J. Cole,Damn,0
J. Cole,Boom bap / Lyric,e8CLsYzE5wk,J. Cole - MIDDLE CHILD (Official Audio),J. Cole,Who's here after Cole got dissed by Kendrick😂,0
J. Cole,Boom bap / Lyric,e8CLsYzE5wk,J. Cole - MIDDLE CHILD (Official Audio),J. Cole,"Everytime i hear middle child by j cole, all i hear is i just put a dick up in my but. I just wanted something i could feeeeeel.",1
J. Cole,Boom bap / Lyric,e8CLsYzE5wk,J. Cole - MIDDLE CHILD (Official Audio),J. Cole,0:47 So thats who he was talking about,2
J. Cole,Boom bap / Lyric,e8CLsYzE5wk,J. Cole - MIDDLE CHILD (Official Audio),J. Cole,Kendrick 😢its a cold world😂,3
J. Cole,Boom bap / Lyric,e8CLsYzE5wk,J. Cole - MIDDLE CHILD (Official Audio),J. Cole,Me,0
J. Cole,Boom bap / Lyric,e8CLsYzE5wk,J. Cole - MIDDLE CHILD (Official Audio),J. Cole,You need GRAMMYs 🎉❤ keeping it 💯 REAL 🥰💖🎊💐💰💋,1
J. Cole,Boom bap / Lyric,e8CLsYzE5wk,J. Cole - MIDDLE CHILD (Official Audio),J. Cole,Foot on kendrick's neck he gon give him something he can feel ☻️🖤,0
J. Cole,Boom bap / Lyric,e8CLsYzE5wk,J. Cole - MIDDLE CHILD (Official Audio),J. Cole,"In 2024, this Cole flow is flawless still. Mad love to K Dot, but I think this diss beef has no relevance. Both they old joints bounced. Both they new joints crack. Listen and enjoy.....",1
J. Cole,Boom bap / Lyric,e8CLsYzE5wk,J. Cole - MIDDLE CHILD (Official Audio),J. Cole,Me,0
J. Cole,Boom bap / Lyric,e8CLsYzE5wk,J. Cole - MIDDLE CHILD (Official Audio),J. Cole,Anyone here in 2024,0
J. Cole,Boom bap / Lyric,e8CLsYzE5wk,J. Cole - MIDDLE CHILD (Official Audio),J. Cole,Buts that's how i like it yall on my dick😂,2
J. Cole,Boom bap / Lyric,e8CLsYzE5wk,J. Cole - MIDDLE CHILD (Official Audio),J. Cole,Shoot done be legit nuhh,0
J. Cole,Boom bap / Lyric,e8CLsYzE5wk,J. Cole - MIDDLE CHILD (Official Audio),J. Cole,N* done count me out 💅🏾,0
J. Cole,Boom bap / Lyric,e8CLsYzE5wk,J. Cole - MIDDLE CHILD (Official Audio),J. Cole,KDOT DONE FULFILLED YPUR WISH!🗣🗣💀🔥💵🗣💀🔥🔥🗣🗣💯💯💯💯,3
J. Cole,Boom bap / Lyric,e8CLsYzE5wk,J. Cole - MIDDLE CHILD (Official Audio),J. Cole,2024 and this still hitin’,6
J. Cole,Boom bap / Lyric,e8CLsYzE5wk,J. Cole - MIDDLE CHILD (Official Audio),J. Cole,The Earilest at the convenience,1
J. Cole,Boom bap / Lyric,e8CLsYzE5wk,J. Cole - MIDDLE CHILD (Official Audio),J. Cole,j cole is definitely top 3 best rappers in this gen,2
J. Cole,Boom bap / Lyric,e8CLsYzE5wk,J. Cole - MIDDLE CHILD (Official Audio),J. Cole,Jcole I love you man I wish I can go to one of your concerts maybe if you have any of them ❤😊,0
J. Cole,Boom bap / Lyric,e8CLsYzE5wk,J. Cole - MIDDLE CHILD (Official Audio),J. Cole,Just like LeBron cuz my niggas want chips 😮😮😮,0
J. Cole,Boom bap / Lyric,e8CLsYzE5wk,J. Cole - MIDDLE CHILD (Official Audio),J. Cole,5 YEARS AND IT STILL FIRE❤!,11
J. Cole,Boom bap / Lyric,e8CLsYzE5wk,J. Cole - MIDDLE CHILD (Official Audio),J. Cole,i’m the lonely child,0
J. Cole,Boom bap / Lyric,e8CLsYzE5wk,J. Cole - MIDDLE CHILD (Official Audio),J. Cole,5 yrs strong! 🔥🔥,0
J. Cole,Boom bap / Lyric,e8CLsYzE5wk,J. Cole - MIDDLE CHILD (Official Audio),J. Cole,"To think this shit was supposed to be in The Fall-Off, can you imagine what he been cooking😩😩",1
J. Cole,Boom bap / Lyric,e8CLsYzE5wk,J. Cole - MIDDLE CHILD (Official Audio),J. Cole,"Em went from ""Just dont give a  f"" to a BLM female. Sad really. Think about all the shit he said back in the day.  Now he wants to be the politcally correct white dude. Not the Em I grew up with. Very sad.",0
J. Cole,Boom bap / Lyric,e8CLsYzE5wk,J. Cole - MIDDLE CHILD (Official Audio),J. Cole,who’s here in 2024🙏🏾,917
J. Cole,Boom bap / Lyric,e8CLsYzE5wk,J. Cole - MIDDLE CHILD (Official Audio),J. Cole,"We coming from a long bloodline of trauma, we raised by our mommas LAWD WE GOTTA HEAL",0
J. Cole,Boom bap / Lyric,e8CLsYzE5wk,J. Cole - MIDDLE CHILD (Official Audio),J. Cole,Money in your palm don't make you real,0
J. Cole,Boom bap / Lyric,e8CLsYzE5wk,J. Cole - MIDDLE CHILD (Official Audio),J. Cole,this song will always be Legendary,0
J. Cole,Boom bap / Lyric,e8CLsYzE5wk,J. Cole - MIDDLE CHILD (Official Audio),J. Cole,"“The real ones been dying, the fake ones lit” 🔥",0
J. Cole,Boom bap / Lyric,e8CLsYzE5wk,J. Cole - MIDDLE CHILD (Official Audio),J. Cole,This song is so dope repeat all year long ❤🎉❤❤,0
J. Cole,Boom bap / Lyric,e8CLsYzE5wk,J. Cole - MIDDLE CHILD (Official Audio),J. Cole,Good song,0
J. Cole,Boom bap / Lyric,e8CLsYzE5wk,J. Cole - MIDDLE CHILD (Official Audio),J. Cole,the first time I listen to this song it was fired j.cole your the goat,0
J. Cole,Boom bap / Lyric,e8CLsYzE5wk,J. Cole - MIDDLE CHILD (Official Audio),J. Cole,Happy birthday family thanks for the hits,0
J. Cole,Boom bap / Lyric,e8CLsYzE5wk,J. Cole - MIDDLE CHILD (Official Audio),J. Cole,2024....still bangs!!,1
J. Cole,Boom bap / Lyric,e8CLsYzE5wk,J. Cole - MIDDLE CHILD (Official Audio),J. Cole,it's been officially 5 years since this song came out.,1
J. Cole,Boom bap / Lyric,e8CLsYzE5wk,J. Cole - MIDDLE CHILD (Official Audio),J. Cole,💜 .,0
J. Cole,Boom bap / Lyric,e8CLsYzE5wk,J. Cole - MIDDLE CHILD (Official Audio),J. Cole,Aye cole you think you can make a song for addiction need a new playlist to bump,0
J. Cole,Boom bap / Lyric,e8CLsYzE5wk,J. Cole - MIDDLE CHILD (Official Audio),J. Cole,2024🎉,0
J. Cole,Boom bap / Lyric,e8CLsYzE5wk,J. Cole - MIDDLE CHILD (Official Audio),J. Cole,who here in 2024,0
J. Cole,Boom bap / Lyric,e8CLsYzE5wk,J. Cole - MIDDLE CHILD (Official Audio),J. Cole,He got those horns from call of duty,0
J. Cole,Boom bap / Lyric,e8CLsYzE5wk,J. Cole - MIDDLE CHILD (Official Audio),J. Cole,Happy new years,0
J. Cole,Boom bap / Lyric,e8CLsYzE5wk,J. Cole - MIDDLE CHILD (Official Audio),J. Cole,"Nahhh, you just want fame. Ualya",0
J. Cole,Boom bap / Lyric,e8CLsYzE5wk,J. Cole - MIDDLE CHILD (Official Audio),J. Cole,Imma give em some they can feel,0
J. Cole,Boom bap / Lyric,e8CLsYzE5wk,J. Cole - MIDDLE CHILD (Official Audio),J. Cole,Straight flame 🔥,0
J. Cole,Boom bap / Lyric,e8CLsYzE5wk,J. Cole - MIDDLE CHILD (Official Audio),J. Cole,THIS SHIT HITS,0
J. Cole,Boom bap / Lyric,e8CLsYzE5wk,J. Cole - MIDDLE CHILD (Official Audio),J. Cole,Masterpiece,0
J. Cole,Boom bap / Lyric,e8CLsYzE5wk,J. Cole - MIDDLE CHILD (Official Audio),J. Cole,Miss my soldier from the ward,0
J. Cole,Boom bap / Lyric,e8CLsYzE5wk,J. Cole - MIDDLE CHILD (Official Audio),J. Cole,medyo maangas lang,0
J. Cole,Boom bap / Lyric,e8CLsYzE5wk,J. Cole - MIDDLE CHILD (Official Audio),J. Cole,i just took a penis in my butt,0
J. Cole,Boom bap / Lyric,e8CLsYzE5wk,J. Cole - MIDDLE CHILD (Official Audio),J. Cole,J. Cole is a talented artists but honestly he mostly got carried by the beat with this one,0
J. Cole,Boom bap / Lyric,e8CLsYzE5wk,J. Cole - MIDDLE CHILD (Official Audio),J. Cole,Word,0
J. Cole,Boom bap / Lyric,e8CLsYzE5wk,J. Cole - MIDDLE CHILD (Official Audio),J. Cole,wish i had an opportunity to meet him i got so much to ask. he the rap goat fosho which no one cant deny no mo,0
J. Cole,Boom bap / Lyric,e8CLsYzE5wk,J. Cole - MIDDLE CHILD (Official Audio),J. Cole,"word cant describe his greateness, i admire his ability tho his rapping is on another level ongggggg",0
J. Cole,Boom bap / Lyric,e8CLsYzE5wk,J. Cole - MIDDLE CHILD (Official Audio),J. Cole,"shit been on repeat since it dropped i fw cole so hard, thats my fav rapper so far",0
J. Cole,Boom bap / Lyric,e8CLsYzE5wk,J. Cole - MIDDLE CHILD (Official Audio),J. Cole,I’m Irish ☘️,0
J. Cole,Boom bap / Lyric,e8CLsYzE5wk,J. Cole - MIDDLE CHILD (Official Audio),J. Cole,Cole - we appreciate you so much,0
J. Cole,Boom bap / Lyric,e8CLsYzE5wk,J. Cole - MIDDLE CHILD (Official Audio),J. Cole,It’s so good 23/11,0
J. Cole,Boom bap / Lyric,e8CLsYzE5wk,J. Cole - MIDDLE CHILD (Official Audio),J. Cole,"3:11 AM 20th November 23, on loop",2
J. Cole,Boom bap / Lyric,e8CLsYzE5wk,J. Cole - MIDDLE CHILD (Official Audio),J. Cole,"As of November 16th, 2023
Still here listening to this song, and still alive + kicking.
J Cole, Lil Revive, Jake Hill, and various artists have honestly helped me get through rough times.
Thank you.

To anyone reading this: 
You are not alone in the struggle of trying to remain sane, in rapidly evolving times—  
Life will get better, there is always life at the end of the tunnel.
Regardless of how foggy, and muddled it may appear inside such tunnel.
Push through everyone.
Love y’all and stay healthy.
Best wishes to everyone here ❤🌅",11
J. Cole,Boom bap / Lyric,e8CLsYzE5wk,J. Cole - MIDDLE CHILD (Official Audio),J. Cole,Buffalo mentatilty,0
J. Cole,Boom bap / Lyric,e8CLsYzE5wk,J. Cole - MIDDLE CHILD (Official Audio),J. Cole,W song,1
J. Cole,Boom bap / Lyric,e8CLsYzE5wk,J. Cole - MIDDLE CHILD (Official Audio),J. Cole,My history teacher played this while o was working it caught me off guard,0
J. Cole,Boom bap / Lyric,e8CLsYzE5wk,J. Cole - MIDDLE CHILD (Official Audio),J. Cole,Ay just became a middle child after 27 years this is lit always will be,0
J. Cole,Boom bap / Lyric,e8CLsYzE5wk,J. Cole - MIDDLE CHILD (Official Audio),J. Cole,"This song it still bangs, I remember the first day I heard this jam, when I was a young lad. J Cole you 🔥🔥🔥🔥🔥🎵🎵🎵.",0
J. Cole,Boom bap / Lyric,e8CLsYzE5wk,J. Cole - MIDDLE CHILD (Official Audio),J. Cole,This song slaps harder than the belt when I got a b+ in maths,1
J. Cole,Boom bap / Lyric,e8CLsYzE5wk,J. Cole - MIDDLE CHILD (Official Audio),J. Cole,the thing is tho he's not using autotune and he still sound fire in his singing lines.,0
J. Cole,Boom bap / Lyric,e8CLsYzE5wk,J. Cole - MIDDLE CHILD (Official Audio),J. Cole,If you like real hip hop check this out!!! https://youtu.be/5tNqFhECf8c?si=I9lP6Uh12_AgWiEV,0
J. Cole,Boom bap / Lyric,e8CLsYzE5wk,J. Cole - MIDDLE CHILD (Official Audio),J. Cole,GYAT,0
J. Cole,Boom bap / Lyric,e8CLsYzE5wk,J. Cole - MIDDLE CHILD (Official Audio),J. Cole,Her,0
J. Cole,Boom bap / Lyric,e8CLsYzE5wk,J. Cole - MIDDLE CHILD (Official Audio),J. Cole,shit lit fr 🔥,1
J. Cole,Boom bap / Lyric,e8CLsYzE5wk,J. Cole - MIDDLE CHILD (Official Audio),J. Cole,Wtf?,0
J. Cole,Boom bap / Lyric,e8CLsYzE5wk,J. Cole - MIDDLE CHILD (Official Audio),J. Cole,🤚🤚,0
J. Cole,Boom bap / Lyric,e8CLsYzE5wk,J. Cole - MIDDLE CHILD (Official Audio),J. Cole,"I'm A Middle Child
Unfortunately YALL Feel Me 
Fellow Middle Children Rule!
👍👍👍👍👍👍👍👍👍👍👍👍👍🙏🙏🙏🙏🙏🙏🙏🙏🙏🙏🙏🙏🙏✌✌✌✌✌✌✌✌✌✌✌✌✌💘💘💘💘💘💘💘💘💘💘💘💘💘🇺🇸🇺🇸🇺🇸🇺🇸🇺🇸🇺🇸🇺🇸🇺🇸🇺🇸🇺🇸🇺🇸🇺🇸🇺🇸",0
J. Cole,Boom bap / Lyric,e8CLsYzE5wk,J. Cole - MIDDLE CHILD (Official Audio),J. Cole,😢 long!,0
J. Cole,Boom bap / Lyric,e8CLsYzE5wk,J. Cole - MIDDLE CHILD (Official Audio),J. Cole,Love jaycole he Soo dope this song goes hard,0
J. Cole,Boom bap / Lyric,e8CLsYzE5wk,J. Cole - MIDDLE CHILD (Official Audio),J. Cole,"The production is absolutely crazy . I can hear every single sound on the beat , it’s very layered and Laps like a perfect sandwich",2
J. Cole,Boom bap / Lyric,e8CLsYzE5wk,J. Cole - MIDDLE CHILD (Official Audio),J. Cole,Ll(living legend),0
J. Cole,Boom bap / Lyric,e8CLsYzE5wk,J. Cole - MIDDLE CHILD (Official Audio),J. Cole,The beat drop is cold,0
J. Cole,Boom bap / Lyric,e8CLsYzE5wk,J. Cole - MIDDLE CHILD (Official Audio),J. Cole,"Four years later this HIT is for me one of the best I have ever listened to in terms of USA RAP, you are a real one (as we say back home) @jcole ...",0
J. Cole,Boom bap / Lyric,e8CLsYzE5wk,J. Cole - MIDDLE CHILD (Official Audio),J. Cole,"Four years later this HIT is for me one of the best I have ever listened to in terms of USA RAP, you are a real one (as we say back home) @jcole ...",6
J. Cole,Boom bap / Lyric,e8CLsYzE5wk,J. Cole - MIDDLE CHILD (Official Audio),J. Cole,You must know the difference is I am not a celebrity I am a famous,0
J. Cole,Boom bap / Lyric,e8CLsYzE5wk,J. Cole - MIDDLE CHILD (Official Audio),J. Cole,I am not a celebrity you will never see me on the runway however you know when it comes to fame I am there,0
J. Cole,Boom bap / Lyric,e8CLsYzE5wk,J. Cole - MIDDLE CHILD (Official Audio),J. Cole,I mean with Fame you know I was always a people person I wanted them to see me,0
J. Cole,Boom bap / Lyric,e8CLsYzE5wk,J. Cole - MIDDLE CHILD (Official Audio),J. Cole,Thank u YOUTUBE FOR RECOMMENDING THIS LEGEND ❤,1
J. Cole,Boom bap / Lyric,e8CLsYzE5wk,J. Cole - MIDDLE CHILD (Official Audio),J. Cole,1:43,0
J. Cole,Boom bap / Lyric,e8CLsYzE5wk,J. Cole - MIDDLE CHILD (Official Audio),J. Cole,1:42,0
J. Cole,Boom bap / Lyric,e8CLsYzE5wk,J. Cole - MIDDLE CHILD (Official Audio),J. Cole,0:07,1
J. Cole,Boom bap / Lyric,e8CLsYzE5wk,J. Cole - MIDDLE CHILD (Official Audio),J. Cole,Kids are getting arrested for posting this song of social media. It’s fucking stupid,2
J. Cole,Boom bap / Lyric,e8CLsYzE5wk,J. Cole - MIDDLE CHILD (Official Audio),J. Cole,Damn. Every song this dude makes has sooo much meaning,2
J. Cole,Boom bap / Lyric,e8CLsYzE5wk,J. Cole - MIDDLE CHILD (Official Audio),J. Cole,Please buy security for yourself you matter to me J. cole.,4
J. Cole,Boom bap / Lyric,e8CLsYzE5wk,J. Cole - MIDDLE CHILD (Official Audio),J. Cole,💋,1
J. Cole,Boom bap / Lyric,e8CLsYzE5wk,J. Cole - MIDDLE CHILD (Official Audio),J. Cole,2023,1
J. Cole,Boom bap / Lyric,e8CLsYzE5wk,J. Cole - MIDDLE CHILD (Official Audio),J. Cole,"“Money don’t erase the pain.”  🔪 

“Everything grows it’s destined too change.”",1
J. Cole,Boom bap / Lyric,e8CLsYzE5wk,J. Cole - MIDDLE CHILD (Official Audio),J. Cole,I love your song its so cool,0
J. Cole,Boom bap / Lyric,e8CLsYzE5wk,J. Cole - MIDDLE CHILD (Official Audio),J. Cole,"I take a year to comment dis, i got depressed, anxiety, anxiety attack, stressed out and a lot, but dis music, only dis music i watched whole vid while playing, i feel free frfr, hope dis kind of vid out more, if im Spiderman I'll always swing when im stressed, i believe dis will fix my pain for sure, i shared my thoughts cause hope to see fellin same as me 👍🏿",0
J. Cole,Boom bap / Lyric,e8CLsYzE5wk,J. Cole - MIDDLE CHILD (Official Audio),J. Cole,This is my fav Song,0
J. Cole,Boom bap / Lyric,e8CLsYzE5wk,J. Cole - MIDDLE CHILD (Official Audio),J. Cole,Memories,0
J. Cole,Boom bap / Lyric,e8CLsYzE5wk,J. Cole - MIDDLE CHILD (Official Audio),J. Cole,This song gives me chills. Cole went there 💥🔥🔥,2
J. Cole,Boom bap / Lyric,e8CLsYzE5wk,J. Cole - MIDDLE CHILD (Official Audio),J. Cole,Im the middle child,0
J. Cole,Boom bap / Lyric,e8CLsYzE5wk,J. Cole - MIDDLE CHILD (Official Audio),J. Cole,This is 4 years old… time flying man😭,1
J. Cole,Boom bap / Lyric,e8CLsYzE5wk,J. Cole - MIDDLE CHILD (Official Audio),J. Cole,not me liking comments from years ago 😑😶😐,1
J. Cole,Boom bap / Lyric,e8CLsYzE5wk,J. Cole - MIDDLE CHILD (Official Audio),J. Cole,"You good, T-Minus?

Niggas been countin' me out
I'm countin' my bullets, I'm loadin' my clips
I'm writin' down names, I'm makin' a list
I'm checkin' it twice and I'm gettin' 'em hit
The real ones been dyin', the fake ones is lit
The game is off balance, I'm back on my shit
The Bentley is dirty, my sneakers is dirty
But that's how I like it, you all on my dick

I'm all in my bag, this hard as it get
I do not snort powder, I might take a sip
I might hit the blunt, but I'm liable to trip
I ain't poppin' no pill, but you do as you wish
I roll with some fiends, I love 'em to death
I got a few mil' but not all of them rich
What good is the bread if my niggas is broke?
What good is first class if my niggas can't sit?

That's my next mission, that's why I can't quit
Just like LeBron, get my niggas more chips
Just put the Rollie right back on my wrist
This watch came from Drizzy, he gave me a gift
Back when the rap game was prayin' I'd diss
They act like two legends cannot coexist
But I'd never beef with a nigga for nothin'
If I smoke a rapper, it's gon' be legit

It won't be for clout, it won't be for fame
It won't be 'cause my shit ain't sellin' the same
It won't be to sell you my latest lil' sneakers
It won't be 'cause some nigga slid in my lane
Everything grows, it's destined to change
I love you lil' niggas, I'm glad that you came
I hope that you scrape every dollar you can
I hope you know money won't erase the pain

To the OGs, I'm thankin' you now
Was watchin' you when you was pavin' the ground
I copied your cadence, I mirrored your style
I studied the greats, I'm the greatest right now
Fuck if you feel me, you ain't got a choice
Now I ain't do no promo, still made all that noise
This shit gon' be different, I set my intentions
I promise to slap all that hate out your voice

Niggas been countin' me out
I'm countin' my bullets, I'm loadin' my clips
I'm writin' down names, I'm makin' a list
I'm checkin' it twice and I'm gettin' 'em hit
The real ones been dyin', the fake ones is lit
The game is off balance, I'm back on my shit
The Bentley is dirty, my sneakers is dirty
But that's how I like it, you all on my dick

I just poured somethin' in my cup
I've been wantin' somethin' I can feel
Promise I am never lettin' up
Money in your palm don't make you real
Foot is on they neck, I got 'em stuck
I'ma give 'em somethin' they can feel
If it ain't 'bout the squad, don't give a fuck
Pistol in your hand don't make you real

I'm dead in the middle of two generations
I'm little bro and big bro all at once
Just left the lab with young 21 Savage
I'm 'bout to go and meet Jigga for lunch
Had a long talk with the young nigga Kodak
Reminded me of young niggas from 'Ville
Straight out the projects, no fakin', just honest
I wish that he had more guidance, for real

Too many niggas in cycle of jail
Spending they birthdays inside of a cell
We coming from a long bloodline of trauma
We raised by our mamas, Lord we gotta heal
We hurting our sisters, the babies as well
We killing our brothers, they poisoned the well
Distorted self image, we set up to fail
I'ma make sure that the real gon' prevail, nigga

I just poured somethin' in my cup
I've been wantin' somethin' I can feel
Promise I am never lettin' up
Money in your palm don't make you real
Foot is on they neck, I got 'em stuck
I'ma give 'em somethin' they can feel
If it ain't 'bout the squad, don't give a fuck
Pistol in your hand don't make you real

Money in your palm don't make you real
Pistol in your hand don't make you real

Money in your palm don't make you real",3
J. Cole,Boom bap / Lyric,e8CLsYzE5wk,J. Cole - MIDDLE CHILD (Official Audio),J. Cole,He's not talking to any of y'all cuz you fake ASF and his Numbers are better than the denture rappers you got on my stuff.,0
J. Cole,Boom bap / Lyric,e8CLsYzE5wk,J. Cole - MIDDLE CHILD (Official Audio),J. Cole,😊😊😊😊😊,0
J. Cole,Boom bap / Lyric,e8CLsYzE5wk,J. Cole - MIDDLE CHILD (Official Audio),J. Cole,🤘,0
J. Cole,Boom bap / Lyric,e8CLsYzE5wk,J. Cole - MIDDLE CHILD (Official Audio),J. Cole,Love your music,0
J. Cole,Boom bap / Lyric,e8CLsYzE5wk,J. Cole - MIDDLE CHILD (Official Audio),J. Cole,What up bro! I have always loved your music. Love & Respect...Hotboimu$ic 😮,0
J. Cole,Boom bap / Lyric,e8CLsYzE5wk,J. Cole - MIDDLE CHILD (Official Audio),J. Cole,F he is nba2k23 now,0
J. Cole,Boom bap / Lyric,e8CLsYzE5wk,J. Cole - MIDDLE CHILD (Official Audio),J. Cole,Im on that zesty timing 🤫😏😘,2
J. Cole,Boom bap / Lyric,e8CLsYzE5wk,J. Cole - MIDDLE CHILD (Official Audio),J. Cole,Bars of God🎉,1
J. Cole,Boom bap / Lyric,e8CLsYzE5wk,J. Cole - MIDDLE CHILD (Official Audio),J. Cole,Dope,1
J. Cole,Boom bap / Lyric,e8CLsYzE5wk,J. Cole - MIDDLE CHILD (Official Audio),J. Cole,I have repect for j cole. The remix on paula abdule was a hitter but dude get creative. You know your jammed,2
J. Cole,Boom bap / Lyric,e8CLsYzE5wk,J. Cole - MIDDLE CHILD (Official Audio),J. Cole,FR,0
J. Cole,Boom bap / Lyric,e8CLsYzE5wk,J. Cole - MIDDLE CHILD (Official Audio),J. Cole,I had to come again ❤cos track 💥💥☀️,0
J. Cole,Boom bap / Lyric,e8CLsYzE5wk,J. Cole - MIDDLE CHILD (Official Audio),J. Cole,"The song 🗿
The man🗿
The singer 🗿
The instrumental 🗿
The viewers 🗿
The song listener 🗿
The saver of the song🗿
The one who added this song in his playlist 🗿
All who listens it 🗿
The nerves of the body 🗿
The blood streaming at speed of light after hearing this🗿
The comments🗿
The thoughts while writing this 🗿
My hands while typing this 🗿
The keyboard 🗿
The alphabets 🗿
YouTube 🗿
Thumbnail 🗿
Subtitle 🗿
This comment 🗿
Those who likes this comment 🗿
Those who comment in this 🗿
Those who start a convo in this comment 🗿
Those who comment '🗿' 🗿",10
J. Cole,Boom bap / Lyric,e8CLsYzE5wk,J. Cole - MIDDLE CHILD (Official Audio),J. Cole,J cole please do a song with eminem featured on it,0
J. Cole,Boom bap / Lyric,e8CLsYzE5wk,J. Cole - MIDDLE CHILD (Official Audio),J. Cole,🍁🔮,0
J. Cole,Boom bap / Lyric,e8CLsYzE5wk,J. Cole - MIDDLE CHILD (Official Audio),J. Cole,This songs is fire,0
J. Cole,Boom bap / Lyric,e8CLsYzE5wk,J. Cole - MIDDLE CHILD (Official Audio),J. Cole,This maybe one of the top or best rap songs ever made,3
J. Cole,Boom bap / Lyric,e8CLsYzE5wk,J. Cole - MIDDLE CHILD (Official Audio),J. Cole,Shii still slap,1
J. Cole,Boom bap / Lyric,e8CLsYzE5wk,J. Cole - MIDDLE CHILD (Official Audio),J. Cole,Goat of rap fr,3
J. Cole,Boom bap / Lyric,e8CLsYzE5wk,J. Cole - MIDDLE CHILD (Official Audio),J. Cole,All lotta middle kids in da comment s hey,1
J. Cole,Boom bap / Lyric,e8CLsYzE5wk,J. Cole - MIDDLE CHILD (Official Audio),J. Cole,"Ik I’m late to the song but this is what rapping should be ,not flexing all there shit they have",1
J. Cole,Boom bap / Lyric,e8CLsYzE5wk,J. Cole - MIDDLE CHILD (Official Audio),J. Cole,❤😢😊🎉,0
J. Cole,Boom bap / Lyric,e8CLsYzE5wk,J. Cole - MIDDLE CHILD (Official Audio),J. Cole,May the wolves at your door be great.,0
J. Cole,Boom bap / Lyric,e8CLsYzE5wk,J. Cole - MIDDLE CHILD (Official Audio),J. Cole,"""""It's a magazine""""",0
J. Cole,Boom bap / Lyric,e8CLsYzE5wk,J. Cole - MIDDLE CHILD (Official Audio),J. Cole,S/O cole .. my guy fin wake up tomorrow with the 7 mil subs . 👊🏽 #coleworld,0
J. Cole,Boom bap / Lyric,e8CLsYzE5wk,J. Cole - MIDDLE CHILD (Official Audio),J. Cole,4 years this shi still hit,1
J. Cole,Boom bap / Lyric,e8CLsYzE5wk,J. Cole - MIDDLE CHILD (Official Audio),J. Cole,Been 4 years and it still a banger,1
J. Cole,Boom bap / Lyric,e8CLsYzE5wk,J. Cole - MIDDLE CHILD (Official Audio),J. Cole,This voice kinda reminds me of Barack,0
J. Cole,Boom bap / Lyric,e8CLsYzE5wk,J. Cole - MIDDLE CHILD (Official Audio),J. Cole,Check his records. He won by himself 💃🏾🥰🤎😝😝👀,0
J. Cole,Boom bap / Lyric,e8CLsYzE5wk,J. Cole - MIDDLE CHILD (Official Audio),J. Cole,Like this shut right here,0
J. Cole,Boom bap / Lyric,e8CLsYzE5wk,J. Cole - MIDDLE CHILD (Official Audio),J. Cole,What a great mf song,1
J. Cole,Boom bap / Lyric,e8CLsYzE5wk,J. Cole - MIDDLE CHILD (Official Audio),J. Cole,The Bentley is dirty and the snickers is dirty,0
J. Cole,Boom bap / Lyric,e8CLsYzE5wk,J. Cole - MIDDLE CHILD (Official Audio),J. Cole,"Money doesn't erase the pain, but it helps. 💯",1
J. Cole,Boom bap / Lyric,e8CLsYzE5wk,J. Cole - MIDDLE CHILD (Official Audio),J. Cole,the fact this lost a album award to Cardi B,1
J. Cole,Boom bap / Lyric,e8CLsYzE5wk,J. Cole - MIDDLE CHILD (Official Audio),J. Cole,Still a banger im 2023,3
J. Cole,Boom bap / Lyric,e8CLsYzE5wk,J. Cole - MIDDLE CHILD (Official Audio),J. Cole,Is it possible to bring lunar soil down to earth to replace earths natural soil?,0
J. Cole,Boom bap / Lyric,e8CLsYzE5wk,J. Cole - MIDDLE CHILD (Official Audio),J. Cole,This sh*t fire bro🔥🔥🔥🔥🔥🔥🔥🔥,2
J. Cole,Boom bap / Lyric,e8CLsYzE5wk,J. Cole - MIDDLE CHILD (Official Audio),J. Cole,Not called clips they are mags,1
J. Cole,Boom bap / Lyric,e8CLsYzE5wk,J. Cole - MIDDLE CHILD (Official Audio),J. Cole,2023 let’s go,3
J. Cole,Boom bap / Lyric,e8CLsYzE5wk,J. Cole - MIDDLE CHILD (Official Audio),J. Cole,❤️‍🔥❤️‍🔥❤️‍🔥,0
J. Cole,Boom bap / Lyric,e8CLsYzE5wk,J. Cole - MIDDLE CHILD (Official Audio),J. Cole,"Bro can i cover this, I am a middle child too homie",0
J. Cole,Boom bap / Lyric,e8CLsYzE5wk,J. Cole - MIDDLE CHILD (Official Audio),J. Cole,Cant un hear the sus version,1
J. Cole,Boom bap / Lyric,e8CLsYzE5wk,J. Cole - MIDDLE CHILD (Official Audio),J. Cole,"Heart on my sleeve brought me here 

Long live the real",0
J. Cole,Boom bap / Lyric,e8CLsYzE5wk,J. Cole - MIDDLE CHILD (Official Audio),J. Cole,It won't be coz some nigga slid in my lane,0
J. Cole,Boom bap / Lyric,e8CLsYzE5wk,J. Cole - MIDDLE CHILD (Official Audio),J. Cole,It's been 4 years and its still a hype up song!,0
J. Cole,Boom bap / Lyric,e8CLsYzE5wk,J. Cole - MIDDLE CHILD (Official Audio),J. Cole,Who's here cuz they heard it on Mayor of Kingstown?,0
J. Cole,Boom bap / Lyric,e8CLsYzE5wk,J. Cole - MIDDLE CHILD (Official Audio),J. Cole,They are Mags!!!! Not clips 😂😂😂😂😂,1
J. Cole,Boom bap / Lyric,e8CLsYzE5wk,J. Cole - MIDDLE CHILD (Official Audio),J. Cole,"""What is first class if my niggas cant sit""-J Cole",0
J. Cole,Boom bap / Lyric,e8CLsYzE5wk,J. Cole - MIDDLE CHILD (Official Audio),J. Cole,Shits good even today,0
J. Cole,Boom bap / Lyric,e8CLsYzE5wk,J. Cole - MIDDLE CHILD (Official Audio),J. Cole,This song hits hard bro,1
J. Cole,Boom bap / Lyric,e8CLsYzE5wk,J. Cole - MIDDLE CHILD (Official Audio),J. Cole,They are mags not clips.........,4
J. Cole,Boom bap / Lyric,e8CLsYzE5wk,J. Cole - MIDDLE CHILD (Official Audio),J. Cole,Cole world,0
J. Cole,Boom bap / Lyric,e8CLsYzE5wk,J. Cole - MIDDLE CHILD (Official Audio),J. Cole,They act like two legends can’t coexist 😡,1
J. Cole,Boom bap / Lyric,e8CLsYzE5wk,J. Cole - MIDDLE CHILD (Official Audio),J. Cole,Best song of the past 5 years,0
J. Cole,Boom bap / Lyric,e8CLsYzE5wk,J. Cole - MIDDLE CHILD (Official Audio),J. Cole,This hits different when you're actually a middle child.,1
J. Cole,Boom bap / Lyric,e8CLsYzE5wk,J. Cole - MIDDLE CHILD (Official Audio),J. Cole,god this couldn;t sell toda.,0
J. Cole,Boom bap / Lyric,e8CLsYzE5wk,J. Cole - MIDDLE CHILD (Official Audio),J. Cole,mintx ddbdw,0
J. Cole,Boom bap / Lyric,e8CLsYzE5wk,J. Cole - MIDDLE CHILD (Official Audio),J. Cole,Best baseball walkup song oat,0
J. Cole,Boom bap / Lyric,e8CLsYzE5wk,J. Cole - MIDDLE CHILD (Official Audio),J. Cole,Hi,0
J. Cole,Boom bap / Lyric,e8CLsYzE5wk,J. Cole - MIDDLE CHILD (Official Audio),J. Cole,Who knew that the unknown niggas who he mentioned in this song 4 years later literally are some of the biggest rap names,1
J. Cole,Boom bap / Lyric,e8CLsYzE5wk,J. Cole - MIDDLE CHILD (Official Audio),J. Cole,"""The real are going to prevail""",0
J. Cole,Boom bap / Lyric,e8CLsYzE5wk,J. Cole - MIDDLE CHILD (Official Audio),J. Cole,2023 this a good one,0
J. Cole,Boom bap / Lyric,e8CLsYzE5wk,J. Cole - MIDDLE CHILD (Official Audio),J. Cole,J Cole,0
J. Cole,Boom bap / Lyric,e8CLsYzE5wk,J. Cole - MIDDLE CHILD (Official Audio),J. Cole,❤❤❤❤❤❤❤❤❤i love this,0
J. Cole,Boom bap / Lyric,e8CLsYzE5wk,J. Cole - MIDDLE CHILD (Official Audio),J. Cole,Yo this song is great,0
J. Cole,Boom bap / Lyric,e8CLsYzE5wk,J. Cole - MIDDLE CHILD (Official Audio),J. Cole,MONEY IN YOUR PALM DONT MAKE YOU REAL —J.cole,0
J. Cole,Boom bap / Lyric,e8CLsYzE5wk,J. Cole - MIDDLE CHILD (Official Audio),J. Cole,On loops March 8th 2023 THIS SONG NEVER DIESSS,0
J. Cole,Boom bap / Lyric,e8CLsYzE5wk,J. Cole - MIDDLE CHILD (Official Audio),J. Cole,Listening to this while getting ready for a tournament is a different type of power.,0
J. Cole,Boom bap / Lyric,e8CLsYzE5wk,J. Cole - MIDDLE CHILD (Official Audio),J. Cole,2023 and I'm still here😌🖤,0
J. Cole,Boom bap / Lyric,ufynqs_COF4,J. Cole - Kevin&#39;s Heart,J. Cole,Kev❤,0
J. Cole,Boom bap / Lyric,ufynqs_COF4,J. Cole - Kevin&#39;s Heart,J. Cole,"The mirror part is me all my life, but not because theirs 2 parties. I looked at this video differently, on another level. The song is so deep. That girl from that summer.  Theirs beauty in the struggle,  and ugliness in the success.",0
J. Cole,Boom bap / Lyric,ufynqs_COF4,J. Cole - Kevin&#39;s Heart,J. Cole,This gotta be the best music video ever,0
J. Cole,Boom bap / Lyric,ufynqs_COF4,J. Cole - Kevin&#39;s Heart,J. Cole,Here now,1
J. Cole,Boom bap / Lyric,ufynqs_COF4,J. Cole - Kevin&#39;s Heart,J. Cole,i got a kevin hart commercial while watching this,0
J. Cole,Boom bap / Lyric,ufynqs_COF4,J. Cole - Kevin&#39;s Heart,J. Cole,"“what's done in the dark always finds a way to shine, I done way too much if you saw you might just go blind”🥲",1
J. Cole,Boom bap / Lyric,ufynqs_COF4,J. Cole - Kevin&#39;s Heart,J. Cole,That bassline though 🔥,1
J. Cole,Boom bap / Lyric,ufynqs_COF4,J. Cole - Kevin&#39;s Heart,J. Cole,the stroller scene jc in the on the other side of the shelves😭😭,0
J. Cole,Boom bap / Lyric,ufynqs_COF4,J. Cole - Kevin&#39;s Heart,J. Cole,Dawayns rock😮?,0
J. Cole,Boom bap / Lyric,ufynqs_COF4,J. Cole - Kevin&#39;s Heart,J. Cole,Better than any movie that nigga been in for sure lmao,0
J. Cole,Boom bap / Lyric,ufynqs_COF4,J. Cole - Kevin&#39;s Heart,J. Cole,Yo that was PEAK CINEMA,0
J. Cole,Boom bap / Lyric,ufynqs_COF4,J. Cole - Kevin&#39;s Heart,J. Cole,Now J.Cole need to make a song called Kevin's Roast 😂😂 that would be a hit tho.,0
J. Cole,Boom bap / Lyric,ufynqs_COF4,J. Cole - Kevin&#39;s Heart,J. Cole,j cole was  literally suffering in silence becos he loooks....... not famous 😅,1
J. Cole,Boom bap / Lyric,ufynqs_COF4,J. Cole - Kevin&#39;s Heart,J. Cole,And here we are again lol,0
J. Cole,Boom bap / Lyric,ufynqs_COF4,J. Cole - Kevin&#39;s Heart,J. Cole,Damn this song is 8yrs old! And still completely fire and relevant 5/24/26. See yall next year,2
J. Cole,Boom bap / Lyric,ufynqs_COF4,J. Cole - Kevin&#39;s Heart,J. Cole,Dead what it feels like. The whole world knows,0
J. Cole,Boom bap / Lyric,ufynqs_COF4,J. Cole - Kevin&#39;s Heart,J. Cole,He didn't wash his hands,1
J. Cole,Boom bap / Lyric,ufynqs_COF4,J. Cole - Kevin&#39;s Heart,J. Cole,Here after the Roast! 🎬🤷🏽🇺🇸🎼👊🏾❤️🥶🩸,0
J. Cole,Boom bap / Lyric,ufynqs_COF4,J. Cole - Kevin&#39;s Heart,J. Cole,Him getting jcole to write a song for him to try get some appeal back not being mentioned at the roast id criminal 😂,0
J. Cole,Boom bap / Lyric,ufynqs_COF4,J. Cole - Kevin&#39;s Heart,J. Cole,What if.,0
J. Cole,Boom bap / Lyric,ufynqs_COF4,J. Cole - Kevin&#39;s Heart,J. Cole,i fucking love kevin hart,0
J. Cole,Boom bap / Lyric,ufynqs_COF4,J. Cole - Kevin&#39;s Heart,J. Cole,"""They tell me what's done in the dark will find a way to shine

I done did so much that when you see you might go blind

What's done in the dark will always find a way to shine

I done did so much that when you see you might go blind""-J.cole ",0
J. Cole,Boom bap / Lyric,ufynqs_COF4,J. Cole - Kevin&#39;s Heart,J. Cole,May 2026 🎉???????,2
J. Cole,Boom bap / Lyric,ufynqs_COF4,J. Cole - Kevin&#39;s Heart,J. Cole,If i take this cookie then one day i do a time. 🎉,0
J. Cole,Boom bap / Lyric,ufynqs_COF4,J. Cole - Kevin&#39;s Heart,J. Cole,Only nigerians are supposed to understand this video but it's like it's all over the world,0
J. Cole,Boom bap / Lyric,ufynqs_COF4,J. Cole - Kevin&#39;s Heart,J. Cole,@1:50 I would’ve folded back when this video first came out and I still would to this day 😂,3
J. Cole,Boom bap / Lyric,ufynqs_COF4,J. Cole - Kevin&#39;s Heart,J. Cole,Diddy’s Heart 😂,0
J. Cole,Boom bap / Lyric,ufynqs_COF4,J. Cole - Kevin&#39;s Heart,J. Cole,April 2026❤❤🔥🔥,0
J. Cole,Boom bap / Lyric,ufynqs_COF4,J. Cole - Kevin&#39;s Heart,J. Cole,Cole 👑,0
J. Cole,Boom bap / Lyric,ufynqs_COF4,J. Cole - Kevin&#39;s Heart,J. Cole,Aparna Sethi vs Ankit Chettiars for faux pas posh sins 1928 to 2015 rip alban anthony rose a m sibrian 2023,1
J. Cole,Boom bap / Lyric,ufynqs_COF4,J. Cole - Kevin&#39;s Heart,J. Cole,✌️,0
J. Cole,Boom bap / Lyric,ufynqs_COF4,J. Cole - Kevin&#39;s Heart,J. Cole,"""you're only human...learn from it.""",3
J. Cole,Boom bap / Lyric,ufynqs_COF4,J. Cole - Kevin&#39;s Heart,J. Cole,"Masterpiece, thanks cole for blessing us with your songs in so toxic hip-hop culture .",0
J. Cole,Boom bap / Lyric,ufynqs_COF4,J. Cole - Kevin&#39;s Heart,J. Cole,"Saturday March 21st, 2026 I was here 🎯",80
J. Cole,Boom bap / Lyric,ufynqs_COF4,J. Cole - Kevin&#39;s Heart,J. Cole,Idc what nobody say Cole levels above everybody in the industry in music,0
J. Cole,Boom bap / Lyric,ufynqs_COF4,J. Cole - Kevin&#39;s Heart,J. Cole,Dick hands on jacket is cray,0
J. Cole,Boom bap / Lyric,ufynqs_COF4,J. Cole - Kevin&#39;s Heart,J. Cole,I still want that jacket,0
J. Cole,Boom bap / Lyric,ufynqs_COF4,J. Cole - Kevin&#39;s Heart,J. Cole,Real quick when he is checking out at the store they make sure to show the pineapple… pineapple is the sign for swingers…,0
J. Cole,Boom bap / Lyric,ufynqs_COF4,J. Cole - Kevin&#39;s Heart,J. Cole,Still here on 2026,1
J. Cole,Boom bap / Lyric,ufynqs_COF4,J. Cole - Kevin&#39;s Heart,J. Cole,"He was low key just talking about Diddy ""what's done in the dark will find a way to shine. I done did so much when you see you might go blind ""😂😂😂",0
J. Cole,Boom bap / Lyric,ufynqs_COF4,J. Cole - Kevin&#39;s Heart,J. Cole,Kod is close to being worse. I listen to wack beat on the album but it's better than views,0
J. Cole,Boom bap / Lyric,ufynqs_COF4,J. Cole - Kevin&#39;s Heart,J. Cole,#SadAsFuck,0
J. Cole,Boom bap / Lyric,ufynqs_COF4,J. Cole - Kevin&#39;s Heart,J. Cole,Who's working 4 who? Can't tell,0
J. Cole,Boom bap / Lyric,ufynqs_COF4,J. Cole - Kevin&#39;s Heart,J. Cole,Who's waiting 4 ur down fll,0
J. Cole,Boom bap / Lyric,ufynqs_COF4,J. Cole - Kevin&#39;s Heart,J. Cole,KOD such an underrated album,1
J. Cole,Boom bap / Lyric,ufynqs_COF4,J. Cole - Kevin&#39;s Heart,J. Cole,2026?,5
J. Cole,Boom bap / Lyric,ufynqs_COF4,J. Cole - Kevin&#39;s Heart,J. Cole,I burst out laughing when seeing this joint and Kevin Hart is actually in the video,1
J. Cole,Boom bap / Lyric,ufynqs_COF4,J. Cole - Kevin&#39;s Heart,J. Cole,I've been playing this album since it dropped. I can't believe that this is the first time im seeing the music video 😮,0
J. Cole,Boom bap / Lyric,ufynqs_COF4,J. Cole - Kevin&#39;s Heart,J. Cole,0:03 got birds on his head,0
J. Cole,Boom bap / Lyric,ufynqs_COF4,J. Cole - Kevin&#39;s Heart,J. Cole,Nice!,0
J. Cole,Boom bap / Lyric,ufynqs_COF4,J. Cole - Kevin&#39;s Heart,J. Cole,succesful men have a hard time escaping pussy while broke men have a hard time getting pussy,3
J. Cole,Boom bap / Lyric,ufynqs_COF4,J. Cole - Kevin&#39;s Heart,J. Cole,we honestly just need another KOD,15
J. Cole,Boom bap / Lyric,ufynqs_COF4,J. Cole - Kevin&#39;s Heart,J. Cole,can someone give the link to the jacket for me ?,2
J. Cole,Boom bap / Lyric,ufynqs_COF4,J. Cole - Kevin&#39;s Heart,J. Cole,I'm watching all his video in this channel😢the end is near,1
J. Cole,Boom bap / Lyric,ufynqs_COF4,J. Cole - Kevin&#39;s Heart,J. Cole,This song clears the fall off negl,2
J. Cole,Boom bap / Lyric,ufynqs_COF4,J. Cole - Kevin&#39;s Heart,J. Cole,"Like damn man. Kevin’s Heart, January 28th, Chaining Day. Friday Night Lights, 4YEO, KOD, The Come Up, 2014 Forest Hills Drive. Cole, we really losing you? I knew this day would come, but I don’t think I’m ready. 

In the end though. All journeys must come to an end, once all heights are reached. You did what you always thought you could’ve, and then some.

Thank you Cole.",30
J. Cole,Boom bap / Lyric,ufynqs_COF4,J. Cole - Kevin&#39;s Heart,J. Cole,The FALL OFF bout to be crazy🤯. 02/06/26,1
J. Cole,Boom bap / Lyric,ufynqs_COF4,J. Cole - Kevin&#39;s Heart,J. Cole,This is def my 💩 but uhhh this is my first time seeing this video 🤷🏽‍♂️,2
J. Cole,Boom bap / Lyric,ufynqs_COF4,J. Cole - Kevin&#39;s Heart,J. Cole,Kevin we still on for the first dinner from the old number,0
J. Cole,Boom bap / Lyric,ufynqs_COF4,J. Cole - Kevin&#39;s Heart,J. Cole,Though for real big bruh!!!! All that just end up right back here all over again,0
J. Cole,Boom bap / Lyric,ufynqs_COF4,J. Cole - Kevin&#39;s Heart,J. Cole,You made my momma try and kick me out Kevin from laughing too hard,0
J. Cole,Boom bap / Lyric,ufynqs_COF4,J. Cole - Kevin&#39;s Heart,J. Cole,Still a banger,0
J. Cole,Boom bap / Lyric,ufynqs_COF4,J. Cole - Kevin&#39;s Heart,J. Cole,THE FALL OFF OTW,4
J. Cole,Boom bap / Lyric,ufynqs_COF4,J. Cole - Kevin&#39;s Heart,J. Cole,This song was perfect. As a reformed player it’s so relatable. I got caught cheating when this song came out. That was the last time I ever cheated btw,1
J. Cole,Boom bap / Lyric,ufynqs_COF4,J. Cole - Kevin&#39;s Heart,J. Cole,Whose hear in january 2026❤️🔥🫡,265
J. Cole,Boom bap / Lyric,ufynqs_COF4,J. Cole - Kevin&#39;s Heart,J. Cole,"1,2,3 ...j'ai lâche mon like",0
J. Cole,Boom bap / Lyric,ufynqs_COF4,J. Cole - Kevin&#39;s Heart,J. Cole,Kevin took accountability I know this is old but I respect him for that,1
J. Cole,Boom bap / Lyric,ufynqs_COF4,J. Cole - Kevin&#39;s Heart,J. Cole,When is Dwayne’s Johnson dropping?,1
J. Cole,Boom bap / Lyric,ufynqs_COF4,J. Cole - Kevin&#39;s Heart,J. Cole,What's done in the dark will find a way to shine...,21
J. Cole,Boom bap / Lyric,ufynqs_COF4,J. Cole - Kevin&#39;s Heart,J. Cole,gotta gwt back to this and thank it for saving me ba k the,2
J. Cole,Boom bap / Lyric,ufynqs_COF4,J. Cole - Kevin&#39;s Heart,J. Cole,Pleaae J I Beg you....Please Drop Something Smooth like this!! Just 5 songs atleast....Asseblief my Grootman!!!😭😭😭,2
J. Cole,Boom bap / Lyric,ufynqs_COF4,J. Cole - Kevin&#39;s Heart,J. Cole,Listen j you just touched my heart and soul my face been crying since 8 years but this song made me smile I appreciate you,0
J. Cole,Boom bap / Lyric,ufynqs_COF4,J. Cole - Kevin&#39;s Heart,J. Cole,Fire,1
J. Cole,Boom bap / Lyric,ufynqs_COF4,J. Cole - Kevin&#39;s Heart,J. Cole,Damn Kevin is a good name,1
J. Cole,Boom bap / Lyric,ufynqs_COF4,J. Cole - Kevin&#39;s Heart,J. Cole,2:47😅😂😂😂😂😂,0
J. Cole,Boom bap / Lyric,ufynqs_COF4,J. Cole - Kevin&#39;s Heart,J. Cole,I know damn well that wasn't Blaza struggling with that baby stroller in that store aisle😂,0
J. Cole,Boom bap / Lyric,ufynqs_COF4,J. Cole - Kevin&#39;s Heart,J. Cole,When a criminal tries to be the victim 😂,0
J. Cole,Boom bap / Lyric,ufynqs_COF4,J. Cole - Kevin&#39;s Heart,J. Cole,2025 ❤❤❤❤❤,1
J. Cole,Boom bap / Lyric,ufynqs_COF4,J. Cole - Kevin&#39;s Heart,J. Cole,"Visuals for this or like for ""neighbors"" give so much insight into his lyrics and shows how great of a lyricist he is a real poet.",0
J. Cole,Boom bap / Lyric,ufynqs_COF4,J. Cole - Kevin&#39;s Heart,J. Cole,who's here 7 years later,3
J. Cole,Boom bap / Lyric,ufynqs_COF4,J. Cole - Kevin&#39;s Heart,J. Cole,"really like what you are doing here and appreciate it very much but I just wanted to say that if you look at all religions you'll find out that all they teach you is good morals and if that were to be what's needed to go to heaven every religion would be a way to heaven therefore many ways to heaven but there is a religion which stands out and says your good deeds won't get you to heaven and that's Christianity and it says for you to get to heaven is one way and it said by the son of GOD ( Jesus Christ ) that he is the way the truth and the life so pls before it's too late atleast read the bible for yourself to find out and ask HIM and he'll answer literally anything and he'll reach out to you, read John 3 16 and I would like to end with Jesus Christ loves you and remember John 3 16 and remember to believe and obey and love and may GOD bless you all 🙏🏾🙏🏾.",0
J. Cole,Boom bap / Lyric,ufynqs_COF4,J. Cole - Kevin&#39;s Heart,J. Cole,K,0
J. Cole,Boom bap / Lyric,ufynqs_COF4,J. Cole - Kevin&#39;s Heart,J. Cole,Tabla Namba 315,0
J. Cole,Boom bap / Lyric,ufynqs_COF4,J. Cole - Kevin&#39;s Heart,J. Cole,i miss you alexandria. you be in my dreams. ❤🫩,0
J. Cole,Boom bap / Lyric,ufynqs_COF4,J. Cole - Kevin&#39;s Heart,J. Cole,Im here in 2025,2
J. Cole,Boom bap / Lyric,ufynqs_COF4,J. Cole - Kevin&#39;s Heart,J. Cole,He didn't wash his hands. I got dick hands on my jacket now😂,0
J. Cole,Boom bap / Lyric,ufynqs_COF4,J. Cole - Kevin&#39;s Heart,J. Cole,He thought he fool me,0
J. Cole,Boom bap / Lyric,ufynqs_COF4,J. Cole - Kevin&#39;s Heart,J. Cole,For janee prase,0
J. Cole,Boom bap / Lyric,ufynqs_COF4,J. Cole - Kevin&#39;s Heart,J. Cole,Made this in Mexico,0
J. Cole,Boom bap / Lyric,ufynqs_COF4,J. Cole - Kevin&#39;s Heart,J. Cole,"All of your mind was fears that would come true, back of my mind, back of my mind was you... .. I feel like a fukboi...",0
J. Cole,Boom bap / Lyric,ufynqs_COF4,J. Cole - Kevin&#39;s Heart,J. Cole,Wow!!!! And I was thinking about…… the end of the video,0
J. Cole,Boom bap / Lyric,ufynqs_COF4,J. Cole - Kevin&#39;s Heart,J. Cole,La chanson à du flow,0
J. Cole,Boom bap / Lyric,ufynqs_COF4,J. Cole - Kevin&#39;s Heart,J. Cole,This shit was so bad like what the fuck was all that,0
J. Cole,Boom bap / Lyric,ufynqs_COF4,J. Cole - Kevin&#39;s Heart,J. Cole,"She my number one I don't need nothing on the side
Said that I was done for good and don't want no more lies
But my phone be blowing up, temptations on my line
I stare at the screen a while before I press decline
But she plants the seed and it still lingers in my mind
Told myself I'm strong enough to shake it and I'm trying
But I'm only human, I know loving you's a crime
If I take this cookie now one day I'll do the time
Slip me a xanny at once (Somebody)
I got the earth in a blunt (Smoke)
I get the skirt when I want (Skrrt)
I get the skirt when I want (Skrrt)
Due to the money aroma (Somebody)
My girl she got a diploma (Smoke)
She got wife written all over
She got wife written all over
All a nigga know is how to fuck a good thing up
Run from the pain, sip lean, smoke tree up
When I'm in your town press pound hit me up
When I'm in your town press pound hit me up
Only if you down and you slurp good D up
If the work good I'll be back for the re-up
Hate when I creep and the phone wake me up
Fake like I'm sleep knowing damn well I be up
Monkey on my back and I walk a hundred miles
Guilt make a nigga feel fake when he smile
Love can confuse the mind of a child
'Cause love wouldn't lie like I lie and it's wild
Wanna have my cake and another cake too
Even if the baker don't bake like you
Even when the flavor don't taste like you
So I'm back mobbing with the late night crew
All in your mind with fears that would come true
The back of my mind, the back of my mind was you
Wishing that I could blind myself from view
And only have eyes, and only have eyes for you
Slip me a xanny at once (Somebody)
I got the earth in a blunt (Smoke)
I get the skirt when I want (Skrrt)
I get the skirt when I want (Skrrt)
Due to the money aroma (Somebody)
My girl she got a diploma (Smoke)
She got wife written all over
She got wife written all over
I'm a fake nigga and it's never been clearer
Can't see myself when I look in the mirror
Can't see myself when I look in the mirror
Can't see myself when I look in the mirror
I'm a fake nigga and it's never been clearer
Can't see myself when I look in the mirror
Can't see myself when I look in the mirror
Can't see myself when I look in the mirror
She my number one I don't need nothing on the side
Said that I was done for good and don't want no more lies
But my phone be blowing up, temptations on my line
I stare at the screen a while before I press decline
But she plants the seed and it still lingers in my mind
Told myself I'm strong enough to shake it and I'm trying
But I'm only human, I know loving you's a crime
If I take this cookie now one day I'll do the time
I love her, I don't want to lose her
I'm selfish, I know that I use her
My ego get stroke and I bruise her
My ego get stroke and I bruise her
My actions I know they confusin'
At home I look happy as usual
On the road I'm a mack, I'm a chooser
I'm a addict, I'm maskin' that
Kevin's Heart
They tell me what's done in the dark will find a way to shine
I done did so much that when you see you might go blind
What's done in the dark will always find a way to shine
I done did so much that when you see you might go blind",0
J. Cole,Boom bap / Lyric,ufynqs_COF4,J. Cole - Kevin&#39;s Heart,J. Cole,😂🎉❤😢,0
J. Cole,Boom bap / Lyric,ufynqs_COF4,J. Cole - Kevin&#39;s Heart,J. Cole,"""He didnt wash his hands"" got me rolling😭",0
J. Cole,Boom bap / Lyric,ufynqs_COF4,J. Cole - Kevin&#39;s Heart,J. Cole,i love this song ngl,1
J. Cole,Boom bap / Lyric,ufynqs_COF4,J. Cole - Kevin&#39;s Heart,J. Cole,Who's here in 2026😂?❤,9
J. Cole,Boom bap / Lyric,ufynqs_COF4,J. Cole - Kevin&#39;s Heart,J. Cole,you just watch the hour glass time how long is this,0
J. Cole,Boom bap / Lyric,ufynqs_COF4,J. Cole - Kevin&#39;s Heart,J. Cole,you know that horn goes into the heart,0
J. Cole,Boom bap / Lyric,ufynqs_COF4,J. Cole - Kevin&#39;s Heart,J. Cole,didn’t think Kevin would be the first thing 😂😂,0
J. Cole,Boom bap / Lyric,ufynqs_COF4,J. Cole - Kevin&#39;s Heart,J. Cole,Is this music video a movie or its just a music vid,0
J. Cole,Boom bap / Lyric,ufynqs_COF4,J. Cole - Kevin&#39;s Heart,J. Cole,"If anyone has a heart, can someone please pray for me, lust is my downfall and pride, i have a beautiful fiance, but those stares inflate my ego, and every time i start talking with a girl, my life is a hell, i start losing money, i start losing everything, she has caught me more than 5 times texting, and she has been there on my toughest times. Now i say she is crazy but i made her crazy. PLEASE pray for me, damn near everyday ive been crying",3
J. Cole,Boom bap / Lyric,ufynqs_COF4,J. Cole - Kevin&#39;s Heart,J. Cole,Imagine the whole world judging you. I'm glad Kevin made it thru this ❤❤❤,0
J. Cole,Boom bap / Lyric,ufynqs_COF4,J. Cole - Kevin&#39;s Heart,J. Cole,Genius❤,0
J. Cole,Boom bap / Lyric,ufynqs_COF4,J. Cole - Kevin&#39;s Heart,J. Cole,Who's here in 2025??..,2
J. Cole,Boom bap / Lyric,ufynqs_COF4,J. Cole - Kevin&#39;s Heart,J. Cole,"My ex will sing this one day sadly, don't want that for him or myself... I'm sad. But it's okay. I hope he treats the next well, I will not come back.",0
J. Cole,Boom bap / Lyric,ufynqs_COF4,J. Cole - Kevin&#39;s Heart,J. Cole,🎉🎉🎉🎉🎉🎉🎉,0
J. Cole,Boom bap / Lyric,ufynqs_COF4,J. Cole - Kevin&#39;s Heart,J. Cole,whos waiting for Wonkas Willy? 💔💔🥀🥀,0
J. Cole,Boom bap / Lyric,ufynqs_COF4,J. Cole - Kevin&#39;s Heart,J. Cole,They acting like the person in the car is supposed to be a thot or something but if I saw Kevin in person I might blow him a lil kiss,1
J. Cole,Boom bap / Lyric,ufynqs_COF4,J. Cole - Kevin&#39;s Heart,J. Cole,Ahhhhh Good stuff😮‍💨,0
J. Cole,Boom bap / Lyric,ufynqs_COF4,J. Cole - Kevin&#39;s Heart,J. Cole,4:39 he missed it all because of that hand,12
J. Cole,Boom bap / Lyric,ufynqs_COF4,J. Cole - Kevin&#39;s Heart,J. Cole,Love the movie reference of the bathroom scene,0
J. Cole,Boom bap / Lyric,ufynqs_COF4,J. Cole - Kevin&#39;s Heart,J. Cole,The Smith’s Will comment was goated. 😅😂,40
J. Cole,Boom bap / Lyric,ufynqs_COF4,J. Cole - Kevin&#39;s Heart,J. Cole,He’s a good assassin,0
J. Cole,Boom bap / Lyric,ufynqs_COF4,J. Cole - Kevin&#39;s Heart,J. Cole,7,0
J. Cole,Boom bap / Lyric,ufynqs_COF4,J. Cole - Kevin&#39;s Heart,J. Cole,I planted an avocado tree you seen the youtube,0
J. Cole,Boom bap / Lyric,ufynqs_COF4,J. Cole - Kevin&#39;s Heart,J. Cole,Choose Wisely 😉 😅,0
J. Cole,Boom bap / Lyric,ufynqs_COF4,J. Cole - Kevin&#39;s Heart,J. Cole,🖤♥️,0
J. Cole,Boom bap / Lyric,ufynqs_COF4,J. Cole - Kevin&#39;s Heart,J. Cole,So trust no man,0
J. Cole,Boom bap / Lyric,ufynqs_COF4,J. Cole - Kevin&#39;s Heart,J. Cole,"Man I thought this came out recently, they’ve been playing it a lot on the radio",1
J. Cole,Boom bap / Lyric,ufynqs_COF4,J. Cole - Kevin&#39;s Heart,J. Cole,That jacket 🔥,0
J. Cole,Boom bap / Lyric,ufynqs_COF4,J. Cole - Kevin&#39;s Heart,J. Cole,I love this song so much,1
J. Cole,Boom bap / Lyric,ufynqs_COF4,J. Cole - Kevin&#39;s Heart,J. Cole,2025 anyone?,65
J. Cole,Boom bap / Lyric,ufynqs_COF4,J. Cole - Kevin&#39;s Heart,J. Cole,who still listening in 2025,12
J. Cole,Boom bap / Lyric,ufynqs_COF4,J. Cole - Kevin&#39;s Heart,J. Cole,Whose here after the Astronomer Coldplay incident?,0
J. Cole,Boom bap / Lyric,ufynqs_COF4,J. Cole - Kevin&#39;s Heart,J. Cole,I’ve always been wondering for years. Who’s the baddie in the car scene ?,1
J. Cole,Boom bap / Lyric,ufynqs_COF4,J. Cole - Kevin&#39;s Heart,J. Cole,Forever a classic..,3
J. Cole,Boom bap / Lyric,ufynqs_COF4,J. Cole - Kevin&#39;s Heart,J. Cole,"Damnnnn he didn’t wash his hands, now I gat dick hands on my jackets 😂😂😂😂😂😂😂😅😅😅😅😅",2
J. Cole,Boom bap / Lyric,ufynqs_COF4,J. Cole - Kevin&#39;s Heart,J. Cole,We need Dwayne's Johnson next pls and a very good music video for it 😢🎉🎉,2
J. Cole,Boom bap / Lyric,ufynqs_COF4,J. Cole - Kevin&#39;s Heart,J. Cole,Wash them hands!,1
J. Cole,Boom bap / Lyric,ufynqs_COF4,J. Cole - Kevin&#39;s Heart,J. Cole,small man big heart!,1
J. Cole,Boom bap / Lyric,ufynqs_COF4,J. Cole - Kevin&#39;s Heart,J. Cole,2025 and Kevin still the funniest dude,1
J. Cole,Boom bap / Lyric,ufynqs_COF4,J. Cole - Kevin&#39;s Heart,J. Cole,"Dope video, but that bathroom scene still pisses me off 😂💀",1
J. Cole,Boom bap / Lyric,ufynqs_COF4,J. Cole - Kevin&#39;s Heart,J. Cole,name of the movie,2
J. Cole,Boom bap / Lyric,ufynqs_COF4,J. Cole - Kevin&#39;s Heart,J. Cole,You dirty dog… 😳🤦🏾‍♂️😂 what 🤷🏾‍♂️ I didn’t do nothing… lol,3
J. Cole,Boom bap / Lyric,ufynqs_COF4,J. Cole - Kevin&#39;s Heart,J. Cole,June 2025 who's here,3
J. Cole,Boom bap / Lyric,ufynqs_COF4,J. Cole - Kevin&#39;s Heart,J. Cole,nice tesla,2
J. Cole,Boom bap / Lyric,ufynqs_COF4,J. Cole - Kevin&#39;s Heart,J. Cole,Video and song mad underrated,3
J. Cole,Boom bap / Lyric,ufynqs_COF4,J. Cole - Kevin&#39;s Heart,J. Cole,2025 peeps,1
J. Cole,Boom bap / Lyric,ufynqs_COF4,J. Cole - Kevin&#39;s Heart,J. Cole,I respect it because he stepped out in front of the bus instead of being pushed under it. #kevinhart,1
J. Cole,Boom bap / Lyric,ufynqs_COF4,J. Cole - Kevin&#39;s Heart,J. Cole,Over here fighting with the stroller talking about too much potential you got fans over lil bro😂😂😂😂❤,1
J. Cole,Boom bap / Lyric,ufynqs_COF4,J. Cole - Kevin&#39;s Heart,J. Cole,Loving it,1
J. Cole,Boom bap / Lyric,ufynqs_COF4,J. Cole - Kevin&#39;s Heart,J. Cole,I swear this album doesn't get enough love. A lot of people didnt like KOD. I absolutely loved it .. just like every come album,21
J. Cole,Boom bap / Lyric,ufynqs_COF4,J. Cole - Kevin&#39;s Heart,J. Cole,❤🎉,1
J. Cole,Boom bap / Lyric,ufynqs_COF4,J. Cole - Kevin&#39;s Heart,J. Cole,Still listening 2025,2
J. Cole,Boom bap / Lyric,ufynqs_COF4,J. Cole - Kevin&#39;s Heart,J. Cole,He didn't wash his hands and I got his dck hands on my jacket now,0
J. Cole,Boom bap / Lyric,ufynqs_COF4,J. Cole - Kevin&#39;s Heart,J. Cole,my friend Gage thought kevin was ice cube. he's a retarded one,0
J. Cole,Boom bap / Lyric,ufynqs_COF4,J. Cole - Kevin&#39;s Heart,J. Cole,2:43 that booty bump was diabolical 💀💀💀 knocked him into the shelf 😂😂😂😂,0
J. Cole,Boom bap / Lyric,ufynqs_COF4,J. Cole - Kevin&#39;s Heart,J. Cole,Back here in 2025,50
J. Cole,Boom bap / Lyric,ufynqs_COF4,J. Cole - Kevin&#39;s Heart,J. Cole,This song is my favourite on the album and my second favourite song from J Cole(my favourite is l e t  g o  m y  h a n d). When is Cole dropping Kanye's West???,1
J. Cole,Boom bap / Lyric,ufynqs_COF4,J. Cole - Kevin&#39;s Heart,J. Cole,He didn't wash his hands was crazy 🤣🤣,5
J. Cole,Boom bap / Lyric,ufynqs_COF4,J. Cole - Kevin&#39;s Heart,J. Cole,This song is looking real suspect js😂😂,0
J. Cole,Boom bap / Lyric,ufynqs_COF4,J. Cole - Kevin&#39;s Heart,J. Cole,"""I got dick hand on my jacket"" 😭😭🥀💔",1
J. Cole,Boom bap / Lyric,ufynqs_COF4,J. Cole - Kevin&#39;s Heart,J. Cole,kevin heart is sad he misses diddy his boyfriend,0
J. Cole,Boom bap / Lyric,ufynqs_COF4,J. Cole - Kevin&#39;s Heart,J. Cole,Then why did he cheat,0
J. Cole,Boom bap / Lyric,ufynqs_COF4,J. Cole - Kevin&#39;s Heart,J. Cole,2025 check in! Let's go!,8
J. Cole,Boom bap / Lyric,ufynqs_COF4,J. Cole - Kevin&#39;s Heart,J. Cole,immaculate,0
J. Cole,Boom bap / Lyric,ufynqs_COF4,J. Cole - Kevin&#39;s Heart,J. Cole,"Growing up, listening to this song it's getting more relatable and experiencing dating first hand loving a person and staying committed is difficult and alot of man don't get it or talk about it you know it's wrong but it just happens and I think that's what the ""choose wisely"" means",2
J. Cole,Boom bap / Lyric,ufynqs_COF4,J. Cole - Kevin&#39;s Heart,J. Cole,One of the best fr,2
J. Cole,Boom bap / Lyric,ufynqs_COF4,J. Cole - Kevin&#39;s Heart,J. Cole,Only a man will do this u will never see a female accept the blame it’s always someone else’s fault respect to this guy fr💯,0
J. Cole,Boom bap / Lyric,ufynqs_COF4,J. Cole - Kevin&#39;s Heart,J. Cole,For cole,0
J. Cole,Boom bap / Lyric,ufynqs_COF4,J. Cole - Kevin&#39;s Heart,J. Cole,"Where my 20 vape thc pens? 
8:50 a.m. April 29, 2025. 
BA",0
J. Cole,Boom bap / Lyric,ufynqs_COF4,J. Cole - Kevin&#39;s Heart,J. Cole,I'm waiting for Shannon's Sharp!,1
J. Cole,Boom bap / Lyric,ufynqs_COF4,J. Cole - Kevin&#39;s Heart,J. Cole,I got dick hands on my jacket 😂😂,1
J. Cole,Boom bap / Lyric,ufynqs_COF4,J. Cole - Kevin&#39;s Heart,J. Cole,He ain't wash his hands😂,2
J. Cole,Boom bap / Lyric,ufynqs_COF4,J. Cole - Kevin&#39;s Heart,J. Cole,💯,0
J. Cole,Boom bap / Lyric,ufynqs_COF4,J. Cole - Kevin&#39;s Heart,J. Cole,Let's get Cardi's B,3
J. Cole,Boom bap / Lyric,ufynqs_COF4,J. Cole - Kevin&#39;s Heart,J. Cole,Waiting for Tigers Wood,0
J. Cole,Boom bap / Lyric,ufynqs_COF4,J. Cole - Kevin&#39;s Heart,J. Cole,He is just so cringe to me,0
J. Cole,Boom bap / Lyric,ufynqs_COF4,J. Cole - Kevin&#39;s Heart,J. Cole,this song help me thru my break up and i understand this song alot more,1
J. Cole,Boom bap / Lyric,ufynqs_COF4,J. Cole - Kevin&#39;s Heart,J. Cole,Half you fucking sickos putting dick hands on everything. Trash,0
J. Cole,Boom bap / Lyric,ufynqs_COF4,J. Cole - Kevin&#39;s Heart,J. Cole,"I’m a little late but this song is fire, and Kevin letting this song drop is next level integrity",2
J. Cole,Boom bap / Lyric,ufynqs_COF4,J. Cole - Kevin&#39;s Heart,J. Cole,I got cheated on after 19 years😢. This has new meaning,1
J. Cole,Boom bap / Lyric,ufynqs_COF4,J. Cole - Kevin&#39;s Heart,J. Cole,I did not like the songs on this album but now there some my favorites. This one especially,0
J. Cole,Boom bap / Lyric,ufynqs_COF4,J. Cole - Kevin&#39;s Heart,J. Cole,"I tattooed it on my own arm, dummy.",0
J. Cole,Boom bap / Lyric,ufynqs_COF4,J. Cole - Kevin&#39;s Heart,J. Cole,Will smith ?,1
J. Cole,Boom bap / Lyric,ufynqs_COF4,J. Cole - Kevin&#39;s Heart,J. Cole,2025 anyone?,3
J. Cole,Boom bap / Lyric,ufynqs_COF4,J. Cole - Kevin&#39;s Heart,J. Cole,"Crazy that I haven’t seen this until now, lots of respect to Kevin. There aren’t many celebrities willing to express their true selves, be vulnerable or even admit they were wrong.",234
J. Cole,Boom bap / Lyric,ufynqs_COF4,J. Cole - Kevin&#39;s Heart,J. Cole,i cant listen to song with kevin with straight face 🤣🤣 nobody can ni99a xD,0
J. Cole,Boom bap / Lyric,ufynqs_COF4,J. Cole - Kevin&#39;s Heart,J. Cole,"The amount of people showing love to the visuls for this album 10/10

I am healing my heart before he drops the Fall Off lol him apologizing to Kenny hurt my soul, but I was a Cole way before all of that!! COLE WORLD!",5
J. Cole,Boom bap / Lyric,ufynqs_COF4,J. Cole - Kevin&#39;s Heart,J. Cole,Favorite song on the project,2
J. Cole,Boom bap / Lyric,ufynqs_COF4,J. Cole - Kevin&#39;s Heart,J. Cole,03/05/2025!!!,2
J. Cole,Boom bap / Lyric,ufynqs_COF4,J. Cole - Kevin&#39;s Heart,J. Cole,I need Dwaynes Johnson,0
J. Cole,Boom bap / Lyric,ufynqs_COF4,J. Cole - Kevin&#39;s Heart,J. Cole,2025  still here 🗣️,7
J. Cole,Boom bap / Lyric,ufynqs_COF4,J. Cole - Kevin&#39;s Heart,J. Cole,"Still waiting on that "" Will's Smith & Wesson",0
J. Cole,Boom bap / Lyric,ufynqs_COF4,J. Cole - Kevin&#39;s Heart,J. Cole,My most favorite song next to no promises by a boogie ™️©️,0
J. Cole,Boom bap / Lyric,ufynqs_COF4,J. Cole - Kevin&#39;s Heart,J. Cole,dick hands lol,2
J. Cole,Boom bap / Lyric,ufynqs_COF4,J. Cole - Kevin&#39;s Heart,J. Cole,2025 anyone?,9
J. Cole,Boom bap / Lyric,ufynqs_COF4,J. Cole - Kevin&#39;s Heart,J. Cole,2025🎉,1
J. Cole,Boom bap / Lyric,ufynqs_COF4,J. Cole - Kevin&#39;s Heart,J. Cole,Who's Waiting for John's Dyaneson,0
J. Cole,Boom bap / Lyric,ufynqs_COF4,J. Cole - Kevin&#39;s Heart,J. Cole,2025 and I'm still here.,4
J. Cole,Boom bap / Lyric,ufynqs_COF4,J. Cole - Kevin&#39;s Heart,J. Cole,2025 anyone?,5
J. Cole,Boom bap / Lyric,ufynqs_COF4,J. Cole - Kevin&#39;s Heart,J. Cole,2025 and it still hits deep....kelvins heart,3
J. Cole,Boom bap / Lyric,ufynqs_COF4,J. Cole - Kevin&#39;s Heart,J. Cole,i that dick hands 😂😅,0
J. Cole,Boom bap / Lyric,ufynqs_COF4,J. Cole - Kevin&#39;s Heart,J. Cole,🔥🔥🔥🔥🔥🔥🔥🔥,1
J. Cole,Boom bap / Lyric,ufynqs_COF4,J. Cole - Kevin&#39;s Heart,J. Cole,best track on kod tbh,2
J. Cole,Boom bap / Lyric,ufynqs_COF4,J. Cole - Kevin&#39;s Heart,J. Cole,Who else almost clicked off the beginning,0
J. Cole,Boom bap / Lyric,ufynqs_COF4,J. Cole - Kevin&#39;s Heart,J. Cole,2025 anyone❤️❤️,23
J. Cole,Boom bap / Lyric,ufynqs_COF4,J. Cole - Kevin&#39;s Heart,J. Cole,"Someone else said ""Kendrick.....here is your worry"" and I can't stop thinking about it",1
J. Cole,Boom bap / Lyric,ufynqs_COF4,J. Cole - Kevin&#39;s Heart,J. Cole,Ill never stop rewatching Kevin's heart,1
J. Cole,Boom bap / Lyric,ufynqs_COF4,J. Cole - Kevin&#39;s Heart,J. Cole,Brooo this shiiii underrrrated,3
J. Cole,Boom bap / Lyric,ufynqs_COF4,J. Cole - Kevin&#39;s Heart,J. Cole,This was serious till the bthrm scene lol,1
J. Cole,Boom bap / Lyric,ufynqs_COF4,J. Cole - Kevin&#39;s Heart,J. Cole,Kendrick's Llama.😭,1
J. Cole,Boom bap / Lyric,ufynqs_COF4,J. Cole - Kevin&#39;s Heart,J. Cole,And they get mad about trump saying they let you grab them by the p. 🤦🏾‍♀️,1
J. Cole,Boom bap / Lyric,ufynqs_COF4,J. Cole - Kevin&#39;s Heart,J. Cole,i don’t understand what he do?,1
J. Cole,Boom bap / Lyric,ufynqs_COF4,J. Cole - Kevin&#39;s Heart,J. Cole,I listened to this song for a long time but now I can finally relate the lyrics to my current situation evolving my dad’s infidelity… 💔,3
J. Cole,Boom bap / Lyric,ufynqs_COF4,J. Cole - Kevin&#39;s Heart,J. Cole,🔥,1
J. Cole,Boom bap / Lyric,ufynqs_COF4,J. Cole - Kevin&#39;s Heart,J. Cole,Waiting for Johny's Sins,1
J. Cole,Boom bap / Lyric,ufynqs_COF4,J. Cole - Kevin&#39;s Heart,J. Cole,My mind 😢😢😢😢,2
J. Cole,Boom bap / Lyric,ufynqs_COF4,J. Cole - Kevin&#39;s Heart,J. Cole,"I love this song , Kevin's wife is so fine and he's well him so",1
J. Cole,Boom bap / Lyric,ufynqs_COF4,J. Cole - Kevin&#39;s Heart,J. Cole,I didn't know this song had any connection to Kevin Hart until a couple weeks ago. 😂,1
J. Cole,Boom bap / Lyric,ufynqs_COF4,J. Cole - Kevin&#39;s Heart,J. Cole,i got dick hands on my jackets,1
J. Cole,Boom bap / Lyric,ufynqs_COF4,J. Cole - Kevin&#39;s Heart,J. Cole,00:11 col3RappbIGG,0
J. Cole,Boom bap / Lyric,ufynqs_COF4,J. Cole - Kevin&#39;s Heart,J. Cole,2024?,0
J. Cole,Boom bap / Lyric,ufynqs_COF4,J. Cole - Kevin&#39;s Heart,J. Cole,But thats tWIS TWISAYIN No more lies bitch im going in i do it again im like kevns heart i do this like endin,0
J. Cole,Boom bap / Lyric,ufynqs_COF4,J. Cole - Kevin&#39;s Heart,J. Cole,Who’s here in 2024😊,5
J. Cole,Boom bap / Lyric,ufynqs_COF4,J. Cole - Kevin&#39;s Heart,J. Cole,Who’s waiting for Chris’s rock,2
J. Cole,Boom bap / Lyric,ufynqs_COF4,J. Cole - Kevin&#39;s Heart,J. Cole,Who else can’t stop thinking about” The Wood”when they hear this,0
J. Cole,Boom bap / Lyric,ufynqs_COF4,J. Cole - Kevin&#39;s Heart,J. Cole,BEAUTIFUL VISUALS😂❤🎉,0
J. Cole,Boom bap / Lyric,ufynqs_COF4,J. Cole - Kevin&#39;s Heart,J. Cole,The toilet scene from think like a man😮,1
J. Cole,Boom bap / Lyric,ufynqs_COF4,J. Cole - Kevin&#39;s Heart,J. Cole,Amazing how much music can be an outlet. It was definitely Kevin's outlet,1
J. Cole,Boom bap / Lyric,ufynqs_COF4,J. Cole - Kevin&#39;s Heart,J. Cole,you cant tell me this wasnt j calling hart out broooo. 2024 me calls this as his involvement in the diddy hole. ill be back in a few years to check how my prediction goes,0
J. Cole,Boom bap / Lyric,ufynqs_COF4,J. Cole - Kevin&#39;s Heart,J. Cole,this masterpiece is underrated asf...,1
J. Cole,Boom bap / Lyric,ufynqs_COF4,J. Cole - Kevin&#39;s Heart,J. Cole,6 years ago holy shit I was in high school in love listening to this.,0
J. Cole,Boom bap / Lyric,ufynqs_COF4,J. Cole - Kevin&#39;s Heart,J. Cole,"She my number one I don't need nothing on the side
Said that I was done for good and don't want no more lies
But my phone be blowing up, temptations on my line
I stare at the screen a while before I press decline
But she plants the seed and it still lingers in my mind
Told myself I'm strong enough to shake it and I'm trying
But I'm only human, I know loving you's a crime
If I take this cookie now one day I'll do the time
Slip me a xanny at once (Somebody)
I got the earth in a blunt (Smoke)
I get the skirt when I want (Skrrt)
I get the skirt when I want (Skrrt)
Due to the money aroma (Somebody)
My girl she got a diploma (Smoke)
She got wife written all over
She got wife written all over
All a nigga know is how to fuck a good thing up
Run from the pain, sip lean, smoke tree up
When I'm in your town press pound hit me up
When I'm in your town press pound hit me up
Only if you down and you slurp good D up
If the work good I'll be back for the re-up
Hate when I creep and the phone wake me up
Fake like I'm sleep knowing damn well I be up
Monkey on my back and I walk a hundred miles
Guilt make a nigga feel fake when he smile
Love can confuse the mind of a child
'Cause love wouldn't lie like I lie and it's wild
Wanna have my cake and another cake too
Even if the baker don't bake like you
Even when the flavor don't taste like you
So I'm back mobbing with the late night crew
All in your mind with fears that would come true
The back of my mind, the back of my mind was you
Wishing that I could blind myself from view
And only have eyes, and only have eyes for you
Slip me a xanny at once (Somebody)
I got the earth in a blunt (Smoke)
I get the skirt when I want (Skrrt)
I get the skirt when I want (Skrrt)
Due to the money aroma (Somebody)
My girl she got a diploma (Smoke)
She got wife written all over
She got wife written all over
I'm a fake nigga and it's never been clearer
Can't see myself when I look in the mirror
Can't see myself when I look in the mirror
Can't see myself when I look in the mirror
I'm a fake nigga and it's never been clearer
Can't see myself when I look in the mirror
Can't see myself when I look in the mirror
Can't see myself when I look in the mirror
She my number one I don't need nothing on the side
Said that I was done for good and don't want no more lies
But my phone be blowing up, temptations on my line
I stare at the screen a while before I press decline
But she plants the seed and it still lingers in my mind
Told myself I'm strong enough to shake it and I'm trying
But I'm only human, I know loving you's a crime
If I take this cookie now one day I'll do the time
I love her, I don't want to lose her
I'm selfish, I know that I use her
My ego get stroke and I bruise her
My ego get stroke and I bruise her
My actions I know they confusin'
At home I look happy as usual
On the road I'm a mack, I'm a chooser
I'm a addict, I'm maskin' that
Kevin's Heart
They tell me what's done in the dark will find a way to shine
I done did so much that when you see you might go blind
What's done in the dark will always find a way to shine
I done did so much that when you see you might go blind",1
J. Cole,Boom bap / Lyric,ufynqs_COF4,J. Cole - Kevin&#39;s Heart,J. Cole,2010s was crazy damn,0
J. Cole,Boom bap / Lyric,ufynqs_COF4,J. Cole - Kevin&#39;s Heart,J. Cole,"Beat is so nostalgic
J. Cole goes in soo hard on this right here! Only reason he is getting more hits is cuz he is just watching that short on my channel explaining how all these rappers out here be blowing up so big",1
J. Cole,Boom bap / Lyric,ufynqs_COF4,J. Cole - Kevin&#39;s Heart,J. Cole,Tapping in from 2024,5
J. Cole,Boom bap / Lyric,ufynqs_COF4,J. Cole - Kevin&#39;s Heart,J. Cole,this song speaks volumes now..,1
J. Cole,Boom bap / Lyric,ufynqs_COF4,J. Cole - Kevin&#39;s Heart,J. Cole,I no right dad,0
J. Cole,Boom bap / Lyric,ufynqs_COF4,J. Cole - Kevin&#39;s Heart,J. Cole,"i love that we can see normal, annoyed Kevin, make it a movie, 1h30 of kevin not screamin just annoyed by everyday interaction from the fame",0
J. Cole,Boom bap / Lyric,ufynqs_COF4,J. Cole - Kevin&#39;s Heart,J. Cole,Whose waiting for diddys pee 😂,0
J. Cole,Boom bap / Lyric,ufynqs_COF4,J. Cole - Kevin&#39;s Heart,J. Cole,"1:11
1:10 1:14 1:16",0
J. Cole,Boom bap / Lyric,ufynqs_COF4,J. Cole - Kevin&#39;s Heart,J. Cole,Song is actually about Kevin and Diddy’s relationship lmfao,0
J. Cole,Boom bap / Lyric,ufynqs_COF4,J. Cole - Kevin&#39;s Heart,J. Cole,Who’s here for Diddys pee 😂😂😂😂😂,0
J. Cole,Boom bap / Lyric,ufynqs_COF4,J. Cole - Kevin&#39;s Heart,J. Cole,2024,1
J. Cole,Boom bap / Lyric,ufynqs_COF4,J. Cole - Kevin&#39;s Heart,J. Cole,Geva !!!!,0
J. Cole,Boom bap / Lyric,ufynqs_COF4,J. Cole - Kevin&#39;s Heart,J. Cole,1:56 Gurl…,1
J. Cole,Boom bap / Lyric,ufynqs_COF4,J. Cole - Kevin&#39;s Heart,J. Cole,God Bless,0
J. Cole,Boom bap / Lyric,ufynqs_COF4,J. Cole - Kevin&#39;s Heart,J. Cole,This is one of my favorite Cole songs I love the beat and it’s just a vibe thank you Cole 🙏🏾,2
J. Cole,Boom bap / Lyric,ufynqs_COF4,J. Cole - Kevin&#39;s Heart,J. Cole,Cole tell us what life we living fr fr,2
J. Cole,Boom bap / Lyric,ufynqs_COF4,J. Cole - Kevin&#39;s Heart,J. Cole,Hulk’s Hogan bouta be a banger,0
J. Cole,Boom bap / Lyric,ufynqs_COF4,J. Cole - Kevin&#39;s Heart,J. Cole,"Looking back at this, I'm remembering KOD was an album about dealing with sin. That flew right over my head at the time.",11
J. Cole,Boom bap / Lyric,ufynqs_COF4,J. Cole - Kevin&#39;s Heart,J. Cole,"Man, I loved Cole always felt the music but I mortally I can’t stand with someone who can rock with the devil. Cole preaches to better yourself but will associate with the worst of them. Something ain’t right. It’s sad to see.",5
J. Cole,Boom bap / Lyric,ufynqs_COF4,J. Cole - Kevin&#39;s Heart,J. Cole,Amooo,0
J. Cole,Boom bap / Lyric,ufynqs_COF4,J. Cole - Kevin&#39;s Heart,J. Cole,2024?,2
J. Cole,Boom bap / Lyric,ufynqs_COF4,J. Cole - Kevin&#39;s Heart,J. Cole,Tears in my eyes. Jermaine Cole this is so beautiful 🦍,0
J. Cole,Boom bap / Lyric,ufynqs_COF4,J. Cole - Kevin&#39;s Heart,J. Cole,"🤔 Dang... I think this says a lot, especially because he chose to be diddy's friend. Did he start by running errands?",3
J. Cole,Boom bap / Lyric,ufynqs_COF4,J. Cole - Kevin&#39;s Heart,J. Cole,Who waiting for chris's rock,3
J. Cole,Boom bap / Lyric,ufynqs_COF4,J. Cole - Kevin&#39;s Heart,J. Cole,Guy what if Cole; In the song is tell us about what Kevin did in the All White party's that Diddy hosted 🧐,3
J. Cole,Boom bap / Lyric,ufynqs_COF4,J. Cole - Kevin&#39;s Heart,J. Cole,Who waiting for Puff Daddy,1
J. Cole,Boom bap / Lyric,ufynqs_COF4,J. Cole - Kevin&#39;s Heart,J. Cole,2024 and it's showing up after Diddy's arrest? Ironic.,3
J. Cole,Boom bap / Lyric,ufynqs_COF4,J. Cole - Kevin&#39;s Heart,J. Cole,"Just in case any information is revealed later
edit:
I just had a bad feeling is all",1
J. Cole,Boom bap / Lyric,ufynqs_COF4,J. Cole - Kevin&#39;s Heart,J. Cole,Why'd they take down she knows,1
J. Cole,Boom bap / Lyric,ufynqs_COF4,J. Cole - Kevin&#39;s Heart,J. Cole,sitting here for when this gets taken down after P Diddy and Kevin Hart gets arrested,2
J. Cole,Boom bap / Lyric,ufynqs_COF4,J. Cole - Kevin&#39;s Heart,J. Cole,Kevin heart was at the diddy party,7
J. Cole,Boom bap / Lyric,ufynqs_COF4,J. Cole - Kevin&#39;s Heart,J. Cole,"Maaaaan KOD, ASTROWORLD & SWIMMING really made my 2018",0
J. Cole,Boom bap / Lyric,ufynqs_COF4,J. Cole - Kevin&#39;s Heart,J. Cole,Over-Goated G.O.A.T,2
J. Cole,Boom bap / Lyric,ufynqs_COF4,J. Cole - Kevin&#39;s Heart,J. Cole,"thinking about it now and re listening to this song, now bare with me when i say this and COULD be wrong but what if this is all about the diddy stuff going on 🤔🤔🤔🤔",2
J. Cole,Boom bap / Lyric,ufynqs_COF4,J. Cole - Kevin&#39;s Heart,J. Cole,Cole why your song SHE KNOWS all taken down across YouTube,5
J. Cole,Boom bap / Lyric,ufynqs_COF4,J. Cole - Kevin&#39;s Heart,J. Cole,his best song,3
J. Cole,Boom bap / Lyric,ufynqs_COF4,J. Cole - Kevin&#39;s Heart,J. Cole,F this somgg😊,1
J. Cole,Boom bap / Lyric,ufynqs_COF4,J. Cole - Kevin&#39;s Heart,J. Cole,Rewatching this after 2024 is crazy 😂 diddy taking everyone down with him,2
J. Cole,Boom bap / Lyric,ufynqs_COF4,J. Cole - Kevin&#39;s Heart,J. Cole,4:06 you hawk gyatt tuah be kidding me,0
J. Cole,Boom bap / Lyric,ufynqs_COF4,J. Cole - Kevin&#39;s Heart,J. Cole,well... whats done in the dark will always find a way to shine is true i guess mr. kevin,1
J. Cole,Boom bap / Lyric,ufynqs_COF4,J. Cole - Kevin&#39;s Heart,J. Cole,oraleee,0
J. Cole,Boom bap / Lyric,ufynqs_COF4,J. Cole - Kevin&#39;s Heart,J. Cole,Hits different now that we know Kevin Hart was at the diddy parties 💀,45
J. Cole,Boom bap / Lyric,ufynqs_COF4,J. Cole - Kevin&#39;s Heart,J. Cole,This video is so special.,0
J. Cole,Boom bap / Lyric,ufynqs_COF4,J. Cole - Kevin&#39;s Heart,J. Cole,Who’s here after Kevin hart got exposed for freak offs,25
J. Cole,Boom bap / Lyric,ufynqs_COF4,J. Cole - Kevin&#39;s Heart,J. Cole,"Yooo this video is 5:25 long because Kevin Hart is 5'2.5"" tall!!",5
J. Cole,Boom bap / Lyric,ufynqs_COF4,J. Cole - Kevin&#39;s Heart,J. Cole,“He didn’t wash his hands”😂😂,3
J. Cole,Boom bap / Lyric,ufynqs_COF4,J. Cole - Kevin&#39;s Heart,J. Cole,Who's here in 2024,6
J. Cole,Boom bap / Lyric,ufynqs_COF4,J. Cole - Kevin&#39;s Heart,J. Cole,Had to come back and watch this video,0
J. Cole,Boom bap / Lyric,ufynqs_COF4,J. Cole - Kevin&#39;s Heart,J. Cole,This song sucks. I like J Cole but this is trash,0
J. Cole,Boom bap / Lyric,ufynqs_COF4,J. Cole - Kevin&#39;s Heart,J. Cole,Who's here in 2024,0
J. Cole,Boom bap / Lyric,ufynqs_COF4,J. Cole - Kevin&#39;s Heart,J. Cole,It’s taken several years for me to understand this song and video 🫣,7
J. Cole,Boom bap / Lyric,ufynqs_COF4,J. Cole - Kevin&#39;s Heart,J. Cole,Kevin hart or Kevin’s heart,0
J. Cole,Boom bap / Lyric,ufynqs_COF4,J. Cole - Kevin&#39;s Heart,J. Cole,Such a cuck song,0
J. Cole,Boom bap / Lyric,ufynqs_COF4,J. Cole - Kevin&#39;s Heart,J. Cole,But he wasn't driving around looking all pitiful UNTIL he got caught. That fool invited the girl BACK to L.A. and spent a whole other weekend with her AFTERWARDS. He was only sad when he got found out. Boy F you!,1
J. Cole,Boom bap / Lyric,ufynqs_COF4,J. Cole - Kevin&#39;s Heart,J. Cole,Who’s here in 2024??,0
J. Cole,Boom bap / Lyric,ufynqs_COF4,J. Cole - Kevin&#39;s Heart,J. Cole,Why is this only 63m views?,3
J. Cole,Boom bap / Lyric,ufynqs_COF4,J. Cole - Kevin&#39;s Heart,J. Cole,Everyone thinks this songs only about Kevin but it’s also about Cole.,1
J. Cole,Boom bap / Lyric,ufynqs_COF4,J. Cole - Kevin&#39;s Heart,J. Cole,"Cheated on my girlfriend of 3 years. I’m the absolute biggest piece of shit there is, and feel like the scum of the earth. Like the end of the video said, choose wisely guys… that tiny ego trip and bull shit validation isn’t worth the castle that you are building. I’m sorry Ashleigh.",2
J. Cole,Boom bap / Lyric,ufynqs_COF4,J. Cole - Kevin&#39;s Heart,J. Cole,Its 2024. Im in my bed listening to the entire KOD album AGAIN.🏆✅,8
J. Cole,Boom bap / Lyric,ufynqs_COF4,J. Cole - Kevin&#39;s Heart,J. Cole,Bless Kevin’s heart❤,4
J. Cole,Boom bap / Lyric,ufynqs_COF4,J. Cole - Kevin&#39;s Heart,J. Cole,❤,1
J. Cole,Boom bap / Lyric,ufynqs_COF4,J. Cole - Kevin&#39;s Heart,J. Cole,#codebelew 🎉🎉❤,1
J. Cole,Boom bap / Lyric,ufynqs_COF4,J. Cole - Kevin&#39;s Heart,J. Cole,2024 bitches!,5
J. Cole,Boom bap / Lyric,ufynqs_COF4,J. Cole - Kevin&#39;s Heart,J. Cole,"That pineapple (no industry pun) at least I believe, is a portfolio reference",1
J. Cole,Boom bap / Lyric,ufynqs_COF4,J. Cole - Kevin&#39;s Heart,J. Cole,"You know, I’m not one for keeping up with pop news, so I don’t know anything about the premise of this video. All I can say is from my perspective, I love the video cause I like Kevin Hart. Well done. That’s in leu of reading the comments on here.",1
J. Cole,Boom bap / Lyric,ufynqs_COF4,J. Cole - Kevin&#39;s Heart,J. Cole,<3,0
J. Cole,Boom bap / Lyric,ufynqs_COF4,J. Cole - Kevin&#39;s Heart,J. Cole,Dwayne’s Johnson,0
J. Cole,Boom bap / Lyric,ufynqs_COF4,J. Cole - Kevin&#39;s Heart,J. Cole,"This is what most men struggle with. I wish I could say ""few"" or ""some""

Unfortunately, I can't. 😢💔🙏🏾

The very thing I DO NOT WANT TO DO I find myself doing just that. Consumed by my sinful nature. Wretched men we are. 

REFERENCE: Roman's 7: 14-25",1
J. Cole,Boom bap / Lyric,ufynqs_COF4,J. Cole - Kevin&#39;s Heart,J. Cole,She got wife written an I love her❤😂🎉,0
J. Cole,Boom bap / Lyric,ufynqs_COF4,J. Cole - Kevin&#39;s Heart,J. Cole,"What about ""Dwayne's The Rock""?",2
J. Cole,Boom bap / Lyric,ufynqs_COF4,J. Cole - Kevin&#39;s Heart,J. Cole,Amazing song 2:07,3
J. Cole,Boom bap / Lyric,ufynqs_COF4,J. Cole - Kevin&#39;s Heart,J. Cole,Kevin shart,3
J. Cole,Boom bap / Lyric,ufynqs_COF4,J. Cole - Kevin&#39;s Heart,J. Cole,NAHH u got it😂😂💯,1
J. Cole,Boom bap / Lyric,ufynqs_COF4,J. Cole - Kevin&#39;s Heart,J. Cole,2024 anyone?,24
J. Cole,Boom bap / Lyric,ufynqs_COF4,J. Cole - Kevin&#39;s Heart,J. Cole,❤,0
J. Cole,Boom bap / Lyric,ufynqs_COF4,J. Cole - Kevin&#39;s Heart,J. Cole,Cole world,0
J. Cole,Boom bap / Lyric,ufynqs_COF4,J. Cole - Kevin&#39;s Heart,J. Cole,#smite,0
J. Cole,Boom bap / Lyric,ufynqs_COF4,J. Cole - Kevin&#39;s Heart,J. Cole,tf cole doing with the stroller 😭😭,0
J. Cole,Boom bap / Lyric,ufynqs_COF4,J. Cole - Kevin&#39;s Heart,J. Cole,😂😂 he didn't wash his hands i got d hands on my jacket,0
J. Cole,Boom bap / Lyric,ufynqs_COF4,J. Cole - Kevin&#39;s Heart,J. Cole,Big 3 the bottom 2 are arguing like  children,1
J. Cole,Boom bap / Lyric,ufynqs_COF4,J. Cole - Kevin&#39;s Heart,J. Cole,"Kevin’s Heart: 🗿
Jay’s Cold:🗿
Aubrey’s Drake:🤪😜
Destin’s Route: 🗿🗿
Kendrick’s Lamar: 🗿🍷",1
J. Cole,Boom bap / Lyric,ufynqs_COF4,J. Cole - Kevin&#39;s Heart,J. Cole,Whos waiting for Alicia's key 🔑,0
J. Cole,Boom bap / Lyric,ufynqs_COF4,J. Cole - Kevin&#39;s Heart,J. Cole,❤❤❤,0
J. Cole,Boom bap / Lyric,ufynqs_COF4,J. Cole - Kevin&#39;s Heart,J. Cole,you’re such a dog 😂,0
J. Cole,Boom bap / Lyric,ufynqs_COF4,J. Cole - Kevin&#39;s Heart,J. Cole,Who's listening in 2024,48
J. Cole,Boom bap / Lyric,ufynqs_COF4,J. Cole - Kevin&#39;s Heart,J. Cole,Who's waiting for Donald's trump?,5
J. Cole,Boom bap / Lyric,ufynqs_COF4,J. Cole - Kevin&#39;s Heart,J. Cole,Kai stream,4
J. Cole,Boom bap / Lyric,ufynqs_COF4,J. Cole - Kevin&#39;s Heart,J. Cole,The misaligned tesla trim tho,0
J. Cole,Boom bap / Lyric,ufynqs_COF4,J. Cole - Kevin&#39;s Heart,J. Cole,Grandma's face,0
J. Cole,Boom bap / Lyric,ufynqs_COF4,J. Cole - Kevin&#39;s Heart,J. Cole,Its an everyman struggle,2
J. Cole,Boom bap / Lyric,ufynqs_COF4,J. Cole - Kevin&#39;s Heart,J. Cole,This hits hard!!! 💀👀,0
J. Cole,Boom bap / Lyric,ufynqs_COF4,J. Cole - Kevin&#39;s Heart,J. Cole,Loooks,0
J. Cole,Boom bap / Lyric,ufynqs_COF4,J. Cole - Kevin&#39;s Heart,J. Cole,Been a while since I last heard this.  Probably will be the last time in a very long time.,0
J. Cole,Boom bap / Lyric,ufynqs_COF4,J. Cole - Kevin&#39;s Heart,J. Cole,went from this masterpiece to grippy 😭😭,4
J. Cole,Boom bap / Lyric,ufynqs_COF4,J. Cole - Kevin&#39;s Heart,J. Cole,J Cole spoke to my soul with this one,0
J. Cole,Boom bap / Lyric,ufynqs_COF4,J. Cole - Kevin&#39;s Heart,J. Cole,Is a one great song by cole dedicated to comedian kevin hart well that was nice inspiration and good lyrics.,0
J. Cole,Boom bap / Lyric,ufynqs_COF4,J. Cole - Kevin&#39;s Heart,J. Cole,"Kai REALLY shoudlve played this song when Kev was over, hope he does it for the 24 hour. I think its a potential bonding moment for them.",1
J. Cole,Boom bap / Lyric,ufynqs_COF4,J. Cole - Kevin&#39;s Heart,J. Cole,Cole is cool ❤,0
J. Cole,Boom bap / Lyric,ufynqs_COF4,J. Cole - Kevin&#39;s Heart,J. Cole,"Waiting for ""lil baby's baby*",0
J. Cole,Boom bap / Lyric,ufynqs_COF4,J. Cole - Kevin&#39;s Heart,J. Cole,❤️💯💯💯💯💯2024,0
J. Cole,Boom bap / Lyric,ufynqs_COF4,J. Cole - Kevin&#39;s Heart,J. Cole,2:49 i love how they dont recognize Cole bc of how lowkey he is,0
J. Cole,Boom bap / Lyric,ufynqs_COF4,J. Cole - Kevin&#39;s Heart,J. Cole,"Como já dizia Chicoin ""EU TENTEI! NÃO SER MOLEQUE COM VOCÊ EU TENTEI!""",0
J. Cole,Boom bap / Lyric,ufynqs_COF4,J. Cole - Kevin&#39;s Heart,J. Cole,who listen in 2024,0
J. Cole,Boom bap / Lyric,ufynqs_COF4,J. Cole - Kevin&#39;s Heart,J. Cole,god the chorus is just so good,0
J. Cole,Boom bap / Lyric,ufynqs_COF4,J. Cole - Kevin&#39;s Heart,J. Cole,2:22 this part always hits me hard in all the wrong ways</3,0
J. Cole,Boom bap / Lyric,ufynqs_COF4,J. Cole - Kevin&#39;s Heart,J. Cole,"Pre-Chorus]
She my number one, I don't need nothing on the side
Said that I was done for good and don't want no more lies
But my phone be blowing up, temptations on my line
I stare at the screen a while before I press decline
But she plants a seed and it still lingers in my mind
Told myself I'm strong enough to shake it and I'm trying
But I'm only human, I know loving you's a crime
If I take this cookie now one day I'll do the time",0
J. Cole,Boom bap / Lyric,ufynqs_COF4,J. Cole - Kevin&#39;s Heart,J. Cole,Surprising this song is still slept on,0
J. Cole,Boom bap / Lyric,ufynqs_COF4,J. Cole - Kevin&#39;s Heart,J. Cole,I stare at the screen for a while before I press decline 😢,1
J. Cole,Boom bap / Lyric,ufynqs_COF4,J. Cole - Kevin&#39;s Heart,J. Cole,😂😂 fuckkkk this is relatable,0
J. Cole,Boom bap / Lyric,ufynqs_COF4,J. Cole - Kevin&#39;s Heart,J. Cole,sleep deprived mention,0
J. Cole,Boom bap / Lyric,ufynqs_COF4,J. Cole - Kevin&#39;s Heart,J. Cole,sleep deprived mention,4
J. Cole,Boom bap / Lyric,ufynqs_COF4,J. Cole - Kevin&#39;s Heart,J. Cole,Who’s hee in 2024 during the rap beef 0:14,11
J. Cole,Boom bap / Lyric,ufynqs_COF4,J. Cole - Kevin&#39;s Heart,J. Cole,j.coles efforts to undo the shopping chair @2:47 is mr.perfect,1
J. Cole,Boom bap / Lyric,ufynqs_COF4,J. Cole - Kevin&#39;s Heart,J. Cole,Monkey on my back and im walking hundred miles.....,0
J. Cole,Boom bap / Lyric,ufynqs_COF4,J. Cole - Kevin&#39;s Heart,J. Cole,Jjjjhujh❤❤❤,0
J. Cole,Boom bap / Lyric,ufynqs_COF4,J. Cole - Kevin&#39;s Heart,J. Cole,🌹,0
J. Cole,Boom bap / Lyric,ufynqs_COF4,J. Cole - Kevin&#39;s Heart,J. Cole,She my number one I don’t need nothing on the side,1
J. Cole,Boom bap / Lyric,ufynqs_COF4,J. Cole - Kevin&#39;s Heart,J. Cole,I thought the one guy was pissing on Kevin 😭,0
J. Cole,Boom bap / Lyric,ufynqs_COF4,J. Cole - Kevin&#39;s Heart,J. Cole,🔈🔉🔊,2
J. Cole,Boom bap / Lyric,ufynqs_COF4,J. Cole - Kevin&#39;s Heart,J. Cole,I got dicC hands on my jac🧥 et now 😂,1
J. Cole,Boom bap / Lyric,ufynqs_COF4,J. Cole - Kevin&#39;s Heart,J. Cole,Who's here after j cole diss to kendrick 😂😂?,2
J. Cole,Boom bap / Lyric,ufynqs_COF4,J. Cole - Kevin&#39;s Heart,J. Cole,Who else here because the new album don’t beat this,1
J. Cole,Boom bap / Lyric,ufynqs_COF4,J. Cole - Kevin&#39;s Heart,J. Cole,You will be surprised how many dick hands you touch daily 😂😂😂,2
J. Cole,Boom bap / Lyric,ufynqs_COF4,J. Cole - Kevin&#39;s Heart,J. Cole,Hillary’s Clinton,0
J. Cole,Boom bap / Lyric,ufynqs_COF4,J. Cole - Kevin&#39;s Heart,J. Cole,...✨️🥀🍃 #breh💥,1
J. Cole,Boom bap / Lyric,ufynqs_COF4,J. Cole - Kevin&#39;s Heart,J. Cole,"man, I've been listening to this song since 2019 and only nowadays can I truly understand and identify with what he's singing, I've lived through this shit, I know what it's like to feel like you made a mistake with the right woman, Cole sings things in this song that I live for real",5
J. Cole,Boom bap / Lyric,ufynqs_COF4,J. Cole - Kevin&#39;s Heart,J. Cole,Waiting for Mauro's iCARDi to the world,1
J. Cole,Boom bap / Lyric,ufynqs_COF4,J. Cole - Kevin&#39;s Heart,J. Cole,When is the carrying of Jim coming out,0
J. Cole,Boom bap / Lyric,ufynqs_COF4,J. Cole - Kevin&#39;s Heart,J. Cole,I got dick hands on my jacket🤣🤣🤣🤣🤣,1
J. Cole,Boom bap / Lyric,ufynqs_COF4,J. Cole - Kevin&#39;s Heart,J. Cole,10:18AM//3-29-24,1
J. Cole,Boom bap / Lyric,ufynqs_COF4,J. Cole - Kevin&#39;s Heart,J. Cole,"where's smith's will?
where's aubrey's drake?
where's bill's gates?
where's snap's chat?",2
J. Cole,Boom bap / Lyric,ufynqs_COF4,J. Cole - Kevin&#39;s Heart,J. Cole,Who's waiting for Snoop's Dog😂😂😂,1
J. Cole,Boom bap / Lyric,ufynqs_COF4,J. Cole - Kevin&#39;s Heart,J. Cole,Heads up people this tablet was created by Aubrey,0
J. Cole,Boom bap / Lyric,ufynqs_COF4,J. Cole - Kevin&#39;s Heart,J. Cole,Its 2024 and if you’re seeing this then you’re a real one ❤,4
J. Cole,Boom bap / Lyric,ufynqs_COF4,J. Cole - Kevin&#39;s Heart,J. Cole,I really bump this every other day it's march 2024,0
J. Cole,Boom bap / Lyric,ufynqs_COF4,J. Cole - Kevin&#39;s Heart,J. Cole,When will we get Dwayne's johnson,0
J. Cole,Boom bap / Lyric,ufynqs_COF4,J. Cole - Kevin&#39;s Heart,J. Cole,"That “That’s right man, go back to Gail” reference 😂😂",0
J. Cole,Boom bap / Lyric,ufynqs_COF4,J. Cole - Kevin&#39;s Heart,J. Cole,Alguém 2024?,1
J. Cole,Boom bap / Lyric,ufynqs_COF4,J. Cole - Kevin&#39;s Heart,J. Cole,"Kevin Just Very Lucky!
My boy J.Cole got his back in every way with this tune.. not mention this is a lyrical masterpiece🔥💯",0
J. Cole,Boom bap / Lyric,ufynqs_COF4,J. Cole - Kevin&#39;s Heart,J. Cole,Im waiting for Chris's rock 😂😂,1
J. Cole,Boom bap / Lyric,ufynqs_COF4,J. Cole - Kevin&#39;s Heart,J. Cole,Keep being the j Cole td bro since it hit the 22s 24s you became a fckn got the way you be doing it 👑,1
J. Cole,Boom bap / Lyric,ufynqs_COF4,J. Cole - Kevin&#39;s Heart,J. Cole,"Don’t care who you are, just about every man be confused asf on them strollers 2:49",1
J. Cole,Boom bap / Lyric,ufynqs_COF4,J. Cole - Kevin&#39;s Heart,J. Cole,this speaks like crazy Kevin a Real one for this,0
J. Cole,Boom bap / Lyric,ufynqs_COF4,J. Cole - Kevin&#39;s Heart,J. Cole,Little did we know Kevin hart is an industry plant,1
J. Cole,Boom bap / Lyric,ufynqs_COF4,J. Cole - Kevin&#39;s Heart,J. Cole,"He didn't wash his hands, I got dick hands on my jacket now",2
J. Cole,Boom bap / Lyric,ufynqs_COF4,J. Cole - Kevin&#39;s Heart,J. Cole,still waiting on kevin heart to drop Jermaine Cole's,3
J. Cole,Boom bap / Lyric,ufynqs_COF4,J. Cole - Kevin&#39;s Heart,J. Cole,Listening in school 😚😚,1
J. Cole,Boom bap / Lyric,ufynqs_COF4,J. Cole - Kevin&#39;s Heart,J. Cole,Dan,0
J. Cole,Boom bap / Lyric,ufynqs_COF4,J. Cole - Kevin&#39;s Heart,J. Cole,Who's waiting for Lucas' joy in her?,0
J. Cole,Boom bap / Lyric,ufynqs_COF4,J. Cole - Kevin&#39;s Heart,J. Cole,nice,0
J. Cole,Boom bap / Lyric,ufynqs_COF4,J. Cole - Kevin&#39;s Heart,J. Cole,Who's waiting for James bond 😅,1
J. Cole,Boom bap / Lyric,ufynqs_COF4,J. Cole - Kevin&#39;s Heart,J. Cole,🎹🔊🎸🥁🪕📻🎻🎺🎼🎷🎛🪘🎧🪘🎚🪗🎙🔉🎶🔉🎤🎵📯📣📢🔈👑🔥🔥🔥🔥🔥,0
J. Cole,Boom bap / Lyric,ufynqs_COF4,J. Cole - Kevin&#39;s Heart,J. Cole,"""imma fake nigga and it's never been clearer. Can't see myself when I looked in the mirror""",0
J. Cole,Boom bap / Lyric,ufynqs_COF4,J. Cole - Kevin&#39;s Heart,J. Cole,2:00 sigma Kevin moment,0
J. Cole,Boom bap / Lyric,ufynqs_COF4,J. Cole - Kevin&#39;s Heart,J. Cole,This is the type of song you will sing in the shower,2
J. Cole,Boom bap / Lyric,ufynqs_COF4,J. Cole - Kevin&#39;s Heart,J. Cole,"""I got dick hands on my jacket now""😂",0
J. Cole,Boom bap / Lyric,ufynqs_COF4,J. Cole - Kevin&#39;s Heart,J. Cole,🙌,0
J. Cole,Boom bap / Lyric,ufynqs_COF4,J. Cole - Kevin&#39;s Heart,J. Cole,Please learn to forgive ❤❤❤,0
J. Cole,Boom bap / Lyric,ufynqs_COF4,J. Cole - Kevin&#39;s Heart,J. Cole,Everybody been thru it that loves someone but falls to temptation ❤❤❤ we all human,1
J. Cole,Boom bap / Lyric,ufynqs_COF4,J. Cole - Kevin&#39;s Heart,J. Cole,the real asal kolhar  feat j open very few ppl are transperent and cole real cole is good asal kolar is bad i drop comment while ppl be dropping beats than whatvi pray not bomb coz life lessons are worth sharing this song is called choose wisely the album's name,0
J. Cole,Boom bap / Lyric,ufynqs_COF4,J. Cole - Kevin&#39;s Heart,J. Cole,I came back 2024 just to hear tgus classic 😩,1
J. Cole,Boom bap / Lyric,ufynqs_COF4,J. Cole - Kevin&#39;s Heart,J. Cole,J cole is so underrated,1
J. Cole,Boom bap / Lyric,ufynqs_COF4,J. Cole - Kevin&#39;s Heart,J. Cole,give me johnson’s rock🗣️🗣️❗️❗️,0
J. Cole,Boom bap / Lyric,ufynqs_COF4,J. Cole - Kevin&#39;s Heart,J. Cole,hard as Smith’s Will,1
J. Cole,Boom bap / Lyric,ufynqs_COF4,J. Cole - Kevin&#39;s Heart,J. Cole,coming back to this it definitely slaps,0
J. Cole,Boom bap / Lyric,ufynqs_COF4,J. Cole - Kevin&#39;s Heart,J. Cole,2024?,1
J. Cole,Boom bap / Lyric,ufynqs_COF4,J. Cole - Kevin&#39;s Heart,J. Cole,W music video,0
J. Cole,Boom bap / Lyric,ufynqs_COF4,J. Cole - Kevin&#39;s Heart,J. Cole,Oh you wanna be a funny guy don't make me break your Kevin heart boiiii,0
J. Cole,Boom bap / Lyric,ufynqs_COF4,J. Cole - Kevin&#39;s Heart,J. Cole,😇man this really takes me back,0
J. Cole,Boom bap / Lyric,ufynqs_COF4,J. Cole - Kevin&#39;s Heart,J. Cole,2024,0
J. Cole,Boom bap / Lyric,ufynqs_COF4,J. Cole - Kevin&#39;s Heart,J. Cole,let's see who's listening this in February 2024,2
J. Cole,Boom bap / Lyric,ufynqs_COF4,J. Cole - Kevin&#39;s Heart,J. Cole,They so dumb😂😂,1
J. Cole,Boom bap / Lyric,ufynqs_COF4,J. Cole - Kevin&#39;s Heart,J. Cole,Kev. Already you told the joke knowing 😒 this was covid . I'm mike roach.  Understand loyalty 💯  switch up on me and we erase your DNA,0
J. Cole,Boom bap / Lyric,ufynqs_COF4,J. Cole - Kevin&#39;s Heart,J. Cole,😂😂,0
J. Cole,Boom bap / Lyric,ufynqs_COF4,J. Cole - Kevin&#39;s Heart,J. Cole,After that Katt interview the dirty looks are justified,0
J. Cole,Boom bap / Lyric,ufynqs_COF4,J. Cole - Kevin&#39;s Heart,J. Cole,Told myself I'm strong enough to shake it and I'm tryin.,5
J. Cole,Boom bap / Lyric,ufynqs_COF4,J. Cole - Kevin&#39;s Heart,J. Cole,6,0
J. Cole,Boom bap / Lyric,ufynqs_COF4,J. Cole - Kevin&#39;s Heart,J. Cole,you shouldn't be that close to another dude when taking a piss😂😂😂,0
J. Cole,Boom bap / Lyric,ufynqs_COF4,J. Cole - Kevin&#39;s Heart,J. Cole,It's big J but don't get,1
J. Cole,Boom bap / Lyric,ufynqs_COF4,J. Cole - Kevin&#39;s Heart,J. Cole,Hits different after the Katt interview,1
J. Cole,Boom bap / Lyric,ufynqs_COF4,J. Cole - Kevin&#39;s Heart,J. Cole,"That song gives me back some memories...
Thank god its past",0
J. Cole,Boom bap / Lyric,ufynqs_COF4,J. Cole - Kevin&#39;s Heart,J. Cole,This didn't age well. 2024,1
J. Cole,Boom bap / Lyric,ufynqs_COF4,J. Cole - Kevin&#39;s Heart,J. Cole,Is this song about Kevin Hart? Just realized it's him in the video. Oh yeah the title too.,1
J. Cole,Boom bap / Lyric,ufynqs_COF4,J. Cole - Kevin&#39;s Heart,J. Cole,Kevin a plant ong. J Cole got told to make this song,0
J. Cole,Boom bap / Lyric,ufynqs_COF4,J. Cole - Kevin&#39;s Heart,J. Cole,Crazy how this song released exactly on my 10th birthday,0
J. Cole,Boom bap / Lyric,ufynqs_COF4,J. Cole - Kevin&#39;s Heart,J. Cole,“ I got dick hands on my jacket now”,1
J. Cole,Boom bap / Lyric,ufynqs_COF4,J. Cole - Kevin&#39;s Heart,J. Cole,"And just look at how legit this song is.

Funny to think that he still cheated even after this song 🤨😑🤥🫤😑🙄",0
J. Cole,Boom bap / Lyric,ufynqs_COF4,J. Cole - Kevin&#39;s Heart,J. Cole,"here on new year’s to remember this song, this moment",1
J. Cole,Boom bap / Lyric,ufynqs_COF4,J. Cole - Kevin&#39;s Heart,J. Cole,first listen of 2024,2
J. Cole,Boom bap / Lyric,ufynqs_COF4,J. Cole - Kevin&#39;s Heart,J. Cole,2023,1
J. Cole,Boom bap / Lyric,ufynqs_COF4,J. Cole - Kevin&#39;s Heart,J. Cole,who's the girl with the blond hair at the grocery store? Drop her IG she's hella pretty,1
J. Cole,Boom bap / Lyric,ufynqs_COF4,J. Cole - Kevin&#39;s Heart,J. Cole,5 years later and I'm still jamming to this song .🔥🔥🔥,2
J. Cole,Boom bap / Lyric,ufynqs_COF4,J. Cole - Kevin&#39;s Heart,J. Cole,i am so jealous 😮,0
J. Cole,Boom bap / Lyric,ufynqs_COF4,J. Cole - Kevin&#39;s Heart,J. Cole,Br tradutor? Alguém kkk,1
J. Cole,Boom bap / Lyric,ufynqs_COF4,J. Cole - Kevin&#39;s Heart,J. Cole,I wonder if this is how he feels while I'm home carrying his child and cooking his meals while he's out at the bar and fucking those women. I,2
J. Cole,Boom bap / Lyric,ufynqs_COF4,J. Cole - Kevin&#39;s Heart,J. Cole,People are about to run this back. Kevin’s back in the blogs,1
J. Cole,Boom bap / Lyric,ufynqs_COF4,J. Cole - Kevin&#39;s Heart,J. Cole,kevin representing how celebrities are treated. They are humans too.,2
J. Cole,Boom bap / Lyric,ufynqs_COF4,J. Cole - Kevin&#39;s Heart,J. Cole,"Damn, how the hell did I know this music video was a thing??",2
J. Cole,Boom bap / Lyric,ufynqs_COF4,J. Cole - Kevin&#39;s Heart,J. Cole,I need the lies MF Tell me im MC,2
J. Cole,Boom bap / Lyric,ufynqs_COF4,J. Cole - Kevin&#39;s Heart,J. Cole,“I got dick hands on my jacket”,3
J. Cole,Boom bap / Lyric,ufynqs_COF4,J. Cole - Kevin&#39;s Heart,J. Cole,It gives me chills man❤,2
J. Cole,Boom bap / Lyric,ufynqs_COF4,J. Cole - Kevin&#39;s Heart,J. Cole,1:50,2
J. Cole,Boom bap / Lyric,ufynqs_COF4,J. Cole - Kevin&#39;s Heart,J. Cole,We gonna make sum tracks together just gotta practice way more i cant come at 9 i need be at 10 i got you big bro,2
J. Cole,Boom bap / Lyric,ufynqs_COF4,J. Cole - Kevin&#39;s Heart,J. Cole,Proud of you big bro came a long way from the come up and you came up,2
J. Cole,Boom bap / Lyric,ufynqs_COF4,J. Cole - Kevin&#39;s Heart,J. Cole,He didn't wash his hands...😂this is why I watch the video,5
J. Cole,Boom bap / Lyric,ufynqs_COF4,J. Cole - Kevin&#39;s Heart,J. Cole,fire sauce,2
J. Cole,Boom bap / Lyric,ufynqs_COF4,J. Cole - Kevin&#39;s Heart,J. Cole,My bf listened to this song all the time... I found out why.,2
J. Cole,Boom bap / Lyric,ufynqs_COF4,J. Cole - Kevin&#39;s Heart,J. Cole,Almost a mill likes w no dislikes shi crazy,1
J. Cole,Boom bap / Lyric,ufynqs_COF4,J. Cole - Kevin&#39;s Heart,J. Cole,Who's waiting for Johnny's sins😂😂😂,22
J. Cole,Boom bap / Lyric,ufynqs_COF4,J. Cole - Kevin&#39;s Heart,J. Cole,How am I just now finding this,2
J. Cole,Boom bap / Lyric,ufynqs_COF4,J. Cole - Kevin&#39;s Heart,J. Cole,Yo he could still do it but joyner did it just called will,1
J. Cole,Boom bap / Lyric,ufynqs_COF4,J. Cole - Kevin&#39;s Heart,J. Cole,this song his different 5 years later.,1
J. Cole,Boom bap / Lyric,ufynqs_COF4,J. Cole - Kevin&#39;s Heart,J. Cole,"atemporal, essa sacada de colocar o kevin no clipe foi de gênio",4
J. Cole,Boom bap / Lyric,ufynqs_COF4,J. Cole - Kevin&#39;s Heart,J. Cole,😂😂😂😂definitely can’t take this guy seriously…damn,0
J. Cole,Boom bap / Lyric,ufynqs_COF4,J. Cole - Kevin&#39;s Heart,J. Cole,I love all my exes 😌❤,1
J. Cole,Boom bap / Lyric,ufynqs_COF4,J. Cole - Kevin&#39;s Heart,J. Cole,What did kevin hart do tho,0
J. Cole,Boom bap / Lyric,ufynqs_COF4,J. Cole - Kevin&#39;s Heart,J. Cole,Just remembered this song. Wish it had come out bout 15 years ago for my early 20s. Had to be my theme song,0
J. Cole,Boom bap / Lyric,ufynqs_COF4,J. Cole - Kevin&#39;s Heart,J. Cole,Who remember the alley from Kevin to cole in the all star game,0
J. Cole,Boom bap / Lyric,ufynqs_COF4,J. Cole - Kevin&#39;s Heart,J. Cole,Who's waiting for Denzels Curry,2
J. Cole,Boom bap / Lyric,ufynqs_COF4,J. Cole - Kevin&#39;s Heart,J. Cole,❤,0
J. Cole,Boom bap / Lyric,ufynqs_COF4,J. Cole - Kevin&#39;s Heart,J. Cole,When is Dwayne's johnson gonna drop?,2
J. Cole,Boom bap / Lyric,ufynqs_COF4,J. Cole - Kevin&#39;s Heart,J. Cole,chico moedas,2
J. Cole,Boom bap / Lyric,ufynqs_COF4,J. Cole - Kevin&#39;s Heart,J. Cole,"this beat reminds me of a video game, i just cant think of which one",3
J. Cole,Boom bap / Lyric,ufynqs_COF4,J. Cole - Kevin&#39;s Heart,J. Cole,Next: Dwane’s rock,1
J. Cole,Boom bap / Lyric,ufynqs_COF4,J. Cole - Kevin&#39;s Heart,J. Cole,Still hits in 2023🔥🔥,7
J. Cole,Boom bap / Lyric,ufynqs_COF4,J. Cole - Kevin&#39;s Heart,J. Cole,Who's heart ❤️...,2
J. Cole,Boom bap / Lyric,ufynqs_COF4,J. Cole - Kevin&#39;s Heart,J. Cole,W,2
J. Cole,Boom bap / Lyric,ufynqs_COF4,J. Cole - Kevin&#39;s Heart,J. Cole,Who's waiting for Dwayne's rock,3
J. Cole,Boom bap / Lyric,ufynqs_COF4,J. Cole - Kevin&#39;s Heart,J. Cole,Will Smith is next on this list lol. Watch!!,0
J. Cole,Boom bap / Lyric,ufynqs_COF4,J. Cole - Kevin&#39;s Heart,J. Cole,Q,0
J. Cole,Boom bap / Lyric,ufynqs_COF4,J. Cole - Kevin&#39;s Heart,J. Cole,Who's waiting for Future's past?,5
J. Cole,Boom bap / Lyric,ufynqs_COF4,J. Cole - Kevin&#39;s Heart,J. Cole,"She my number one I don't need nothing on the side
Said that I was done for good and don't want no more lies
But my phone be blowing up, temptations on my line
I stare at the screen a while before I press decline
But she plants the seed and it still lingers in my mind
Told myself I'm strong enough to shake it and I'm trying
But I'm only human, I know loving you's a crime
If I take this cookie now one day I'll do the time
Slip me a xanny at once (Somebody)
I got the earth in a blunt (Smoke)
I get the skirt when I want (Skrrt)
I get the skirt when I want (Skrrt)
Due to the money aroma (Somebody)
My girl she got a diploma (Smoke)
She got wife written all over
She got wife written all over
All a nigga know is how to fuck a good thing up
Run from the pain, sip lean, smoke tree up
When I'm in your town press pound hit me up
When I'm in your town press pound hit me up
Only if you down and you slurp good D up
If the work good I'll be back for the re-up
Hate when I creep and the phone wake me up
Fake like I'm sleep knowing damn well I be up
Monkey on my back and I walk a hundred miles
Guilt make a nigga feel fake when he smile
Love can confuse the mind of a child
'Cause love wouldn't lie like I lie and it's wild
Wanna have my cake and another cake too
Even if the baker don't bake like you
Even when the flavor don't taste like you
So I'm back mobbing with the late night crew
All in your mind with fears that would come true
The back of my mind, the back of my mind was you
Wishing that I could blind myself from view
And only have eyes, and only have eyes for you
Slip me a xanny at once (Somebody)
I got the earth in a blunt (Smoke)
I get the skirt when I want (Skrrt)
I get the skirt when I want (Skrrt)
Due to the money aroma (Somebody)
My girl she got a diploma (Smoke)
She got wife written all over
She got wife written all over
I'm a fake nigga and it's never been clearer
Can't see myself when I look in the mirror
Can't see myself when I look in the mirror
Can't see myself when I look in the mirror
I'm a fake nigga and it's never been clearer
Can't see myself when I look in the mirror
Can't see myself when I look in the mirror
Can't see myself when I look in the mirror
She my number one I don't need nothing on the side
Said that I was done for good and don't want no more lies
But my phone be blowing up, temptations on my line
I stare at the screen a while before I press decline
But she plants the seed and it still lingers in my mind
Told myself I'm strong enough to shake it and I'm trying
But I'm only human, I know loving you's a crime
If I take this cookie now one day I'll do the time
I love her, I don't want to lose her
I'm selfish, I know that I use her
My ego get stroke and I bruise her
My ego get stroke and I bruise her
My actions I know they confusin'
At home I look happy as usual
On the road I'm a mack, I'm a chooser
I'm a addict, I'm maskin' that
Kevin's Heart
They tell me what's done in the dark will find a way to shine
I done did so much that when you see you might go blind
What's done in the dark will always find a way to shine
I done did so much that when you see you might go blind",0
J. Cole,Boom bap / Lyric,ufynqs_COF4,J. Cole - Kevin&#39;s Heart,J. Cole,Just because u were arseholes i might just give it all to charity,2
J. Cole,Boom bap / Lyric,ufynqs_COF4,J. Cole - Kevin&#39;s Heart,J. Cole,"They tell me what’s done in the dark will find a way to shine
I done did so much that when you see you might go blind",4
J. Cole,Boom bap / Lyric,ufynqs_COF4,J. Cole - Kevin&#39;s Heart,J. Cole,what did kevin do?,0
J. Cole,Boom bap / Lyric,ufynqs_COF4,J. Cole - Kevin&#39;s Heart,J. Cole,Fool wit it,0
J. Cole,Boom bap / Lyric,ufynqs_COF4,J. Cole - Kevin&#39;s Heart,J. Cole,Jcole is trash,2
J. Cole,Boom bap / Lyric,ufynqs_COF4,J. Cole - Kevin&#39;s Heart,J. Cole,9enn9,0
J. Cole,Boom bap / Lyric,ufynqs_COF4,J. Cole - Kevin&#39;s Heart,J. Cole,“He didn’t wash his hands” 🤣🤣🤣🤣,0
J. Cole,Boom bap / Lyric,ufynqs_COF4,J. Cole - Kevin&#39;s Heart,J. Cole,Here. Watching This in 2023 still. 😂,0
J. Cole,Boom bap / Lyric,ufynqs_COF4,J. Cole - Kevin&#39;s Heart,J. Cole,Wonder how much lil Kev paid Cole to make this song for him lol,0
J. Cole,Boom bap / Lyric,ufynqs_COF4,J. Cole - Kevin&#39;s Heart,J. Cole,I gat Dick hands on my jacket 😂,0
J. Cole,Boom bap / Lyric,ufynqs_COF4,J. Cole - Kevin&#39;s Heart,J. Cole,I’m waiting for smith’s will,0
J. Cole,Boom bap / Lyric,ufynqs_COF4,J. Cole - Kevin&#39;s Heart,J. Cole,This is easily one of the best music videos I’ve ever seen. Really shows how people care way too much about the private lives of celebrities instead of actual important things like their own. Fantastic.,19
J. Cole,Boom bap / Lyric,ufynqs_COF4,J. Cole - Kevin&#39;s Heart,J. Cole,"First time watching the video, damn!!",1
J. Cole,Boom bap / Lyric,ufynqs_COF4,J. Cole - Kevin&#39;s Heart,J. Cole,Who else is waiting for Dwaynes Johnson,0
J. Cole,Boom bap / Lyric,ufynqs_COF4,J. Cole - Kevin&#39;s Heart,J. Cole,"Who laughed when she said "" ...the kevin Hart situation "" can't have a normal day in peace 😂",0
J. Cole,Boom bap / Lyric,ufynqs_COF4,J. Cole - Kevin&#39;s Heart,J. Cole,❤️,0
J. Cole,Boom bap / Lyric,ufynqs_COF4,J. Cole - Kevin&#39;s Heart,J. Cole,Fuckin Kevin he always makes me laugh!! 😅😂❤,0
J. Cole,Boom bap / Lyric,ufynqs_COF4,J. Cole - Kevin&#39;s Heart,J. Cole,I feelem,0
J. Cole,Boom bap / Lyric,ufynqs_COF4,J. Cole - Kevin&#39;s Heart,J. Cole,Trust kevin to add his style to it😁,0
J. Cole,Boom bap / Lyric,ufynqs_COF4,J. Cole - Kevin&#39;s Heart,J. Cole,Im here for Alicia's key. Fuck is this?,0
J. Cole,Boom bap / Lyric,ufynqs_COF4,J. Cole - Kevin&#39;s Heart,J. Cole,8 years ago? Legendary shit,1
J. Cole,Boom bap / Lyric,ufynqs_COF4,J. Cole - Kevin&#39;s Heart,J. Cole,If I take this cookie hit hard to me because I steal Cady and stuff from my house and ever time I get caught someday and this opened my heart 😢,0
J. Cole,Boom bap / Lyric,ufynqs_COF4,J. Cole - Kevin&#39;s Heart,J. Cole,The toilet scene was something else,0
J. Cole,Boom bap / Lyric,ufynqs_COF4,J. Cole - Kevin&#39;s Heart,J. Cole,This is such a good song,0
J. Cole,Boom bap / Lyric,ufynqs_COF4,J. Cole - Kevin&#39;s Heart,J. Cole,What is the score?,0
J. Cole,Boom bap / Lyric,ufynqs_COF4,J. Cole - Kevin&#39;s Heart,J. Cole,Damn is that Kevin ? Fake wow 😯,0
J. Cole,Boom bap / Lyric,ufynqs_COF4,J. Cole - Kevin&#39;s Heart,J. Cole,Henceforth I'm telling people this is my favorite artist and letting them google,0
J. Cole,Boom bap / Lyric,ufynqs_COF4,J. Cole - Kevin&#39;s Heart,J. Cole,This video is truth,0
J. Cole,Boom bap / Lyric,ufynqs_COF4,J. Cole - Kevin&#39;s Heart,J. Cole,"Reminiscing bout when this album came out, I was doing my 11th grade.....would bump it every morning on my way to school, those were the days (sigh)...2018 was really the best year for both music and hip hop.",19
J. Cole,Boom bap / Lyric,ufynqs_COF4,J. Cole - Kevin&#39;s Heart,J. Cole,Will’s smith as in smith & Wesson sounds better and would be funny or a interesting take (in my opinion),0
J. Cole,Boom bap / Lyric,ufynqs_COF4,J. Cole - Kevin&#39;s Heart,J. Cole,Doja’s Cat 😭☝🏾,0
J. Cole,Boom bap / Lyric,ufynqs_COF4,J. Cole - Kevin&#39;s Heart,J. Cole,5 fucking years ago!?!?,0
J. Cole,Boom bap / Lyric,ufynqs_COF4,J. Cole - Kevin&#39;s Heart,J. Cole,"""Dont even know the rules but yall tranna play the game- cole",0
J. Cole,Boom bap / Lyric,ufynqs_COF4,J. Cole - Kevin&#39;s Heart,J. Cole,"By Kevin Heart  he mean the heart takes funny descions.
Use your mind.",0
J. Cole,Boom bap / Lyric,ufynqs_COF4,J. Cole - Kevin&#39;s Heart,J. Cole,❤️,1
J. Cole,Boom bap / Lyric,ufynqs_COF4,J. Cole - Kevin&#39;s Heart,J. Cole,David's heart,0
J. Cole,Boom bap / Lyric,ufynqs_COF4,J. Cole - Kevin&#39;s Heart,J. Cole,Guilt make a nigga feel fake when he smile,0
J. Cole,Boom bap / Lyric,ufynqs_COF4,J. Cole - Kevin&#39;s Heart,J. Cole,Great Interview! 🎶❤️,1
J. Cole,Boom bap / Lyric,ufynqs_COF4,J. Cole - Kevin&#39;s Heart,J. Cole,Where’s Johnson’s Wayne,0
J. Cole,Boom bap / Lyric,ufynqs_COF4,J. Cole - Kevin&#39;s Heart,J. Cole,Will smiths versions coming soon: will’s myth,0
J. Cole,Boom bap / Lyric,ufynqs_COF4,J. Cole - Kevin&#39;s Heart,J. Cole,I'm waiting for Gate's Bill😂,0
J. Cole,Boom bap / Lyric,ufynqs_COF4,J. Cole - Kevin&#39;s Heart,J. Cole,This masterpiece should have won the grammy. FOR REAL,3
J. Cole,Boom bap / Lyric,ufynqs_COF4,J. Cole - Kevin&#39;s Heart,J. Cole,Kev's got dick hands on his jacket🤣🤣🤣🤣,0
J. Cole,Boom bap / Lyric,ufynqs_COF4,J. Cole - Kevin&#39;s Heart,J. Cole,What did i just watch? Can someone please explain?,0
J. Cole,Boom bap / Lyric,ufynqs_COF4,J. Cole - Kevin&#39;s Heart,J. Cole,Bro i really wish j cole would come to idaho csuse literaly the only good rtists  that came here sre snoop dogg earthgang i think jid and slightly stoopid,0
J. Cole,Boom bap / Lyric,ufynqs_COF4,J. Cole - Kevin&#39;s Heart,J. Cole,What about Dwyane's J.....? 😂,0
J. Cole,Boom bap / Lyric,ufynqs_COF4,J. Cole - Kevin&#39;s Heart,J. Cole,"At some point I thought I was dump as fuck till one day I had to see things and my ideas on a different path 

I bet lord is witness 😊🎉",0
J. Cole,Boom bap / Lyric,ufynqs_COF4,J. Cole - Kevin&#39;s Heart,J. Cole,He didn’t wash his hands 😂😂💀,2
J. Cole,Boom bap / Lyric,ufynqs_COF4,J. Cole - Kevin&#39;s Heart,J. Cole,"4:31""Good shit man, go home to Gail""",0
J. Cole,Boom bap / Lyric,ufynqs_COF4,J. Cole - Kevin&#39;s Heart,J. Cole,Waiting for Dwayne's Johnson to drop,2
J. Cole,Boom bap / Lyric,ufynqs_COF4,J. Cole - Kevin&#39;s Heart,J. Cole,Remember playing rugby with seniors as a freshman when this came out. Good times..,0
J. Cole,Boom bap / Lyric,ufynqs_COF4,J. Cole - Kevin&#39;s Heart,J. Cole,"I am looking for a comment which says ""When we are getting Smith's Will""",1
J. Cole,Boom bap / Lyric,ufynqs_COF4,J. Cole - Kevin&#39;s Heart,J. Cole,"I love that Kevin is in the music video
J.Cole is one of my favorites",0
J. Cole,Boom bap / Lyric,ufynqs_COF4,J. Cole - Kevin&#39;s Heart,J. Cole,Im waiting for Dwaynes Rock,0
J. Cole,Boom bap / Lyric,ufynqs_COF4,J. Cole - Kevin&#39;s Heart,J. Cole,Why do we cheat fellas?,1
J. Cole,Boom bap / Lyric,ufynqs_COF4,J. Cole - Kevin&#39;s Heart,J. Cole,Nah Dwayne’s Johnson would be crazy,0
J. Cole,Boom bap / Lyric,ufynqs_COF4,J. Cole - Kevin&#39;s Heart,J. Cole,kevin should have bought a doll house XD,0
J. Cole,Boom bap / Lyric,ufynqs_COF4,J. Cole - Kevin&#39;s Heart,J. Cole,"Cute how Cole appears for a few seconds in his videos, and just the video is about the story it tells",0
J. Cole,Boom bap / Lyric,ufynqs_COF4,J. Cole - Kevin&#39;s Heart,J. Cole,👂,0
J. Cole,Boom bap / Lyric,ufynqs_COF4,J. Cole - Kevin&#39;s Heart,J. Cole,bro kevin is the best and j.cole make the video the greatest 😂🔥🔥,0
J. Cole,Boom bap / Lyric,ufynqs_COF4,J. Cole - Kevin&#39;s Heart,J. Cole,🔥🔥🔥🔥🔥🔥🔥🔥🔥🔥💯💯💯💯💯💯💯💯💯💯🔥🔥,0
J. Cole,Boom bap / Lyric,ufynqs_COF4,J. Cole - Kevin&#39;s Heart,J. Cole,J COLE GOT THIS MAN FORGIVEN FOR CHEATING LMAOO,3
J. Cole,Boom bap / Lyric,ufynqs_COF4,J. Cole - Kevin&#39;s Heart,J. Cole,this video just showing how we let women be fake af well we coup the blame for trying to stay real,0
J. Cole,Boom bap / Lyric,ufynqs_COF4,J. Cole - Kevin&#39;s Heart,J. Cole,Who's buying Chris' Rock?,0
J. Cole,Boom bap / Lyric,ufynqs_COF4,J. Cole - Kevin&#39;s Heart,J. Cole,Ja die Jacke ist cool,1
J. Cole,Boom bap / Lyric,ufynqs_COF4,J. Cole - Kevin&#39;s Heart,J. Cole,Bill’s Gates soon.,0
J. Cole,Boom bap / Lyric,ufynqs_COF4,J. Cole - Kevin&#39;s Heart,J. Cole,This was such a real moment… everyones always on the outside looking in.. just imagine what it might feel like to be the one being watched and judged for common mistakes..,3
J. Cole,Boom bap / Lyric,ufynqs_COF4,J. Cole - Kevin&#39;s Heart,J. Cole,Does anyone know where I could find the jacket he's wearing in this video?,0
J. Cole,Boom bap / Lyric,ufynqs_COF4,J. Cole - Kevin&#39;s Heart,J. Cole,I got dick hands on my jacket 😂,0
J. Cole,Boom bap / Lyric,ufynqs_COF4,J. Cole - Kevin&#39;s Heart,J. Cole,Jada’s Will up next,0
J. Cole,Boom bap / Lyric,ufynqs_COF4,J. Cole - Kevin&#39;s Heart,J. Cole,“I got dick hands on my jacket now “😂😂😂,0
J. Cole,Boom bap / Lyric,ufynqs_COF4,J. Cole - Kevin&#39;s Heart,J. Cole,"the double meaning of the song is actually quite cool imo, also surprised kevin agreed to be in the video, shows how he grew as a person",2
J. Cole,Boom bap / Lyric,ufynqs_COF4,J. Cole - Kevin&#39;s Heart,J. Cole,Who's waiting for Nicholas's Cage? 😂,0
J. Cole,Boom bap / Lyric,ufynqs_COF4,J. Cole - Kevin&#39;s Heart,J. Cole,thanks,0
J. Cole,Boom bap / Lyric,ufynqs_COF4,J. Cole - Kevin&#39;s Heart,J. Cole,what’s the name of the song with the violin playing song is stuck in my head but don’t remember the name of it,0
J. Cole,Boom bap / Lyric,ufynqs_COF4,J. Cole - Kevin&#39;s Heart,J. Cole,What happened to Kevin?,0
J. Cole,Boom bap / Lyric,ufynqs_COF4,J. Cole - Kevin&#39;s Heart,J. Cole,"I just realized that Kevin Hart is wearing a jacket with hearts on it to symbolize Kevin's Heart. Lord I feel slow for not noticing till now, gotta watch more music vids.",1
J. Cole,Boom bap / Lyric,ufynqs_COF4,J. Cole - Kevin&#39;s Heart,J. Cole,"@Samit Datta, no, Justin's Beaver, Jimmy's falcon, Spicy Ice, and Swift Taylor.",0
J. Cole,Boom bap / Lyric,ufynqs_COF4,J. Cole - Kevin&#39;s Heart,J. Cole,Will forever be a legendary video and link up,0
J. Cole,Boom bap / Lyric,ufynqs_COF4,J. Cole - Kevin&#39;s Heart,J. Cole,Still here cole,0
J. Cole,Boom bap / Lyric,ufynqs_COF4,J. Cole - Kevin&#39;s Heart,J. Cole,Kev had to reject so much pussy he was damn near bout to pass out 😭,3
J. Cole,Boom bap / Lyric,ufynqs_COF4,J. Cole - Kevin&#39;s Heart,J. Cole,Wills smith to shoot jada,0
J. Cole,Boom bap / Lyric,ufynqs_COF4,J. Cole - Kevin&#39;s Heart,J. Cole,Love you ❤,0
J. Cole,Boom bap / Lyric,ufynqs_COF4,J. Cole - Kevin&#39;s Heart,J. Cole,still bussin' in 2023!!!! Love this stinking video!!!!,3
J. Cole,Boom bap / Lyric,ufynqs_COF4,J. Cole - Kevin&#39;s Heart,J. Cole,I'm always rooting for Kev,1
J. Cole,Boom bap / Lyric,ufynqs_COF4,J. Cole - Kevin&#39;s Heart,J. Cole,Can't believe this album 5 yrs old already,4
J. Cole,Boom bap / Lyric,ufynqs_COF4,J. Cole - Kevin&#39;s Heart,J. Cole,The one scene in this song that really hits is the scene with the stroller and how the women forced herself on him that could be saying something more and then j cole on the other side struggling with the stroller resembling that cole might be struggling with the same issue,1
J. Cole,Boom bap / Lyric,ufynqs_COF4,J. Cole - Kevin&#39;s Heart,J. Cole,J Cole's voice and flow is reminding me of Big Sean,1
J. Cole,Boom bap / Lyric,ufynqs_COF4,J. Cole - Kevin&#39;s Heart,J. Cole,Why am I NOW just watching this in the year of our Lord 2023...#latetothecookout 🙄😮‍💨😤,2
J. Cole,Boom bap / Lyric,ufynqs_COF4,J. Cole - Kevin&#39;s Heart,J. Cole,Another day in life for me no cap,0
J. Cole,Boom bap / Lyric,ufynqs_COF4,J. Cole - Kevin&#39;s Heart,J. Cole,Eddies Griffin,0
J. Cole,Boom bap / Lyric,ufynqs_COF4,J. Cole - Kevin&#39;s Heart,J. Cole,Toms Cruise,0
J. Cole,Boom bap / Lyric,ufynqs_COF4,J. Cole - Kevin&#39;s Heart,J. Cole,Chris' Rock,0
J. Cole,Boom bap / Lyric,ufynqs_COF4,J. Cole - Kevin&#39;s Heart,J. Cole,Kevin Hart being in the music video is tough as hell ngl.,0
J. Cole,Boom bap / Lyric,ufynqs_COF4,J. Cole - Kevin&#39;s Heart,J. Cole,i love this song man,1
J. Cole,Boom bap / Lyric,ufynqs_COF4,J. Cole - Kevin&#39;s Heart,J. Cole,Video is such a masterpiece. Perfect compliment of the song,2
J. Cole,Boom bap / Lyric,ufynqs_COF4,J. Cole - Kevin&#39;s Heart,J. Cole,Bro had to chose the urinal right next to him😂,0
J. Cole,Boom bap / Lyric,ufynqs_COF4,J. Cole - Kevin&#39;s Heart,J. Cole,❤,0
J. Cole,Boom bap / Lyric,ufynqs_COF4,J. Cole - Kevin&#39;s Heart,J. Cole,Bimmelt aber kommt nix lesbares,0
J. Cole,Boom bap / Lyric,ufynqs_COF4,J. Cole - Kevin&#39;s Heart,J. Cole,The video makes this song 10x’s better!!,2
J. Cole,Boom bap / Lyric,ufynqs_COF4,J. Cole - Kevin&#39;s Heart,J. Cole,Amazing 🖼️ art is beautiful. Thank you Therapists!,0
J. Cole,Boom bap / Lyric,ufynqs_COF4,J. Cole - Kevin&#39;s Heart,J. Cole,whose waiting for Chris’s Rock,2
J. Cole,Boom bap / Lyric,ufynqs_COF4,J. Cole - Kevin&#39;s Heart,J. Cole,👍,0
J. Cole,Boom bap / Lyric,ufynqs_COF4,J. Cole - Kevin&#39;s Heart,J. Cole,4 years later this song is still a 10/10,270
J. Cole,Boom bap / Lyric,ufynqs_COF4,J. Cole - Kevin&#39;s Heart,J. Cole,I want j cole to rap about my life like he did Kevin,0
J. Cole,Boom bap / Lyric,ufynqs_COF4,J. Cole - Kevin&#39;s Heart,J. Cole,"Actual Artist and Rappers, total difference",0
J. Cole,Boom bap / Lyric,ufynqs_COF4,J. Cole - Kevin&#39;s Heart,J. Cole,"Imagine a bar like:

""I hit Will Smith with my hand I did a slap""

Would perfectly fit the beat",1
J. Cole,Boom bap / Lyric,ufynqs_COF4,J. Cole - Kevin&#39;s Heart,J. Cole,I can’t believe they managed to go get J Cole in Kevin Harts music video,0
J. Cole,Boom bap / Lyric,ufynqs_COF4,J. Cole - Kevin&#39;s Heart,J. Cole,"Who's waiting for ""Beyonce Knows?""",1
J. Cole,Boom bap / Lyric,ufynqs_COF4,J. Cole - Kevin&#39;s Heart,J. Cole,I could hear that song all day long,3
J. Cole,Boom bap / Lyric,ufynqs_COF4,J. Cole - Kevin&#39;s Heart,J. Cole,The reason you came back here in 2023 is because you know what real music is.,1076
J. Cole,Boom bap / Lyric,ufynqs_COF4,J. Cole - Kevin&#39;s Heart,J. Cole,4years later,2
J. Cole,Boom bap / Lyric,ufynqs_COF4,J. Cole - Kevin&#39;s Heart,J. Cole,I love how no one notices J. Cole in the other aisle at 2:49,1
J. Cole,Boom bap / Lyric,ufynqs_COF4,J. Cole - Kevin&#39;s Heart,J. Cole,"He is the G.O.A.T, his songs are soo  a  great masterpiece",1
J. Cole,Boom bap / Lyric,ufynqs_COF4,J. Cole - Kevin&#39;s Heart,J. Cole,Dwayne's rock,1
J. Cole,Boom bap / Lyric,ufynqs_COF4,J. Cole - Kevin&#39;s Heart,J. Cole,"This song means so much to me, it's so real",0
J. Cole,Boom bap / Lyric,ufynqs_COF4,J. Cole - Kevin&#39;s Heart,J. Cole,i cant relate to this song at all because ive never cheated on anyone in my entire life but the lyrics and vibe is great nonetheless,0
J. Cole,Boom bap / Lyric,ufynqs_COF4,J. Cole - Kevin&#39;s Heart,J. Cole,❤‍🔥❤‍🔥❤‍🔥,0
J. Cole,Boom bap / Lyric,ufynqs_COF4,J. Cole - Kevin&#39;s Heart,J. Cole,Mpho's hart😎,2
J. Cole,Boom bap / Lyric,ufynqs_COF4,J. Cole - Kevin&#39;s Heart,J. Cole,"A #FOREVER  #HIT
🔊🔥🔊🔥🔊🔥🔊🔥🔊",0
J. Cole,Boom bap / Lyric,ufynqs_COF4,J. Cole - Kevin&#39;s Heart,J. Cole,Messiah,0
J. Cole,Boom bap / Lyric,ufynqs_COF4,J. Cole - Kevin&#39;s Heart,J. Cole,It hits so hard when you hurt someone,0
J. Cole,Boom bap / Lyric,ufynqs_COF4,J. Cole - Kevin&#39;s Heart,J. Cole,Why is it silent the first 15 seconds,0
J. Cole,Boom bap / Lyric,ufynqs_COF4,J. Cole - Kevin&#39;s Heart,J. Cole,"She my number one, I don't need nothing on the side
Said that I was done for good and don't want no more lies
But my phone be blowing up, temptations on my line
I stare at the screen a while before I press decline
But she plants a seed and it still lingers in my mind
Told myself I'm strong enough to shake it and I'm trying
But I'm only human, I know loving you's a crime
If I take this cookie now one day I'll do the time


Slip me a xanny at once (somebody)
I got the earth in a blunt (smoke)
I get the skirt when I want (skrrt!)
I get to skrrt when I want (skrrt!)
Due to the money aroma (somebody)
My girl she got a diploma (smoke)
She got wife written all over
She got wife written all over
[Verse 1]
All a nigga know is how to fuck a good thing up
Run from the pain, sip lean, smoke tree up
When I'm in your town press pound hit me up
When I'm in your town press pound hit me up
Only if you down and you slurp good D up
If the work good I'll be back for the re-up
Hate when I creep and the phone wake me up
Fake like I'm sleep knowing damn well I be up
Monkey on my back and I walk a hundred miles
Guilt make a nigga feel fake when he smile
Love get confused in the mind of a child
'Cause love wouldn't lie like I lie and it's wild
Wanna have my cake and another cake too
Even if the baker don't bake like you
Even when the flavor don't taste like you
So I'm back mobbing with the late night crew
All in your mind with fears that would come true
The back of my mind, the back of my mind was you
Wishing that I could blind myself from view
And only have eyes, and only have eyes for you


Slip me a xanny at once (somebody)
I got the earth in a blunt (smoke)
I get the skirt when I want (skrrt!)
I get the skirt when I want (skrrt!)
Due to the money aroma (somebody)
My girl she got a diploma (smoke)
She got wife written all over
She got wife written all over


I'm a fake nigga and it's never been clearer
Can't see myself when I look in the mirror
Can't see myself when I look in the mirror
Can't see myself when I look in the mirror
I'm a fake nigga and it's never been clearer
Can't see myself when I look in the mirror
Can't see myself when I look in the mirror
Can't see myself when I look in the mirror


She my number one I don't need nothing on the side
Said that I was done for good and don't want no more lies
But my phone be blowing up, temptations on my line
I stare at the screen a while before I press decline
But she plants a seed and it still lingers in my mind
Told myself I'm strong enough to shake it and I'm trying
But I'm only human, I know loving you's a crime
If I take this cookie now one day I'll do the time

I love her, I don't want to lose her
I'm selfish, I know that I use her
My ego get stroked and I bruise her
My ego get stroked and I bruise her
My actions I know they confusin'
At home I look happy as usual
On the road I'm a mack, I'm a chooser
I'm a addict, I'm maskin' that
Kevin's Heart",0
J. Cole,Boom bap / Lyric,ufynqs_COF4,J. Cole - Kevin&#39;s Heart,J. Cole,Somebody?!,0
J. Cole,Boom bap / Lyric,ufynqs_COF4,J. Cole - Kevin&#39;s Heart,J. Cole,Man a video and a song collab brings the song to live . Need to bring videos back on a constant level again,0
J. Cole,Boom bap / Lyric,ufynqs_COF4,J. Cole - Kevin&#39;s Heart,J. Cole,I will never forget the day i got caught cheating on a Friday and that Sunday i heard this for the first time years ago i felt like shit bro,0
J. Cole,Boom bap / Lyric,ufynqs_COF4,J. Cole - Kevin&#39;s Heart,J. Cole,only human,0
J. Cole,Boom bap / Lyric,ufynqs_COF4,J. Cole - Kevin&#39;s Heart,J. Cole,Wow damn this is smooth,0
J. Cole,Boom bap / Lyric,ufynqs_COF4,J. Cole - Kevin&#39;s Heart,J. Cole,Kevin is gay,0
J. Cole,Boom bap / Lyric,ufynqs_COF4,J. Cole - Kevin&#39;s Heart,J. Cole,What  was  the song even about,0
J. Cole,Boom bap / Lyric,ufynqs_COF4,J. Cole - Kevin&#39;s Heart,J. Cole,2O23 !!!!!!!?,0
J. Cole,Boom bap / Lyric,ufynqs_COF4,J. Cole - Kevin&#39;s Heart,J. Cole,"bruh I just want to know how you come up with a line like ""due to the money aroma, my girl she got a diploma"" like, that's poetic thinking man... honestly like what is it?? did you do spoken word?? haha I have to know the process its driving me crazy!! so good!!",0
J. Cole,Boom bap / Lyric,ufynqs_COF4,J. Cole - Kevin&#39;s Heart,J. Cole,"my sister, i trusted you, u lied... my fam denied... ffucc u,. gooodbye",0
J. Cole,Boom bap / Lyric,ufynqs_COF4,J. Cole - Kevin&#39;s Heart,J. Cole,Mr Hart.   They rocking a cardboard cutout of u up here in our local grocery.  They misrepresting your image.,0
J. Cole,Boom bap / Lyric,ufynqs_COF4,J. Cole - Kevin&#39;s Heart,J. Cole,I was this brah. Not worth f*cking around. Just causes pain for everyone involved.,0
J. Cole,Boom bap / Lyric,ufynqs_COF4,J. Cole - Kevin&#39;s Heart,J. Cole,"lyrics uptight, listening every night, maybe this is wrong maybe this is right I am just finding my own light",0
J. Cole,Boom bap / Lyric,ufynqs_COF4,J. Cole - Kevin&#39;s Heart,J. Cole,"2:48 I forgot who was singing and saw him and was like ""holy shit j coles in this video???""",0
J. Cole,Boom bap / Lyric,ufynqs_COF4,J. Cole - Kevin&#39;s Heart,J. Cole,"Fck, I think I just got Kevin's hearted! :c",0
J. Cole,Boom bap / Lyric,ufynqs_COF4,J. Cole - Kevin&#39;s Heart,J. Cole,Feels bad for Kevin buddy guy didn’t even wash his hands 😭,0
J. Cole,Boom bap / Lyric,ufynqs_COF4,J. Cole - Kevin&#39;s Heart,J. Cole,me you n amie 3 some? asking for a friend,0
J. Cole,Boom bap / Lyric,ufynqs_COF4,J. Cole - Kevin&#39;s Heart,J. Cole,choose wisely,0
J. Cole,Boom bap / Lyric,wLQ8u3xRZd8,"J. Cole - m y . l i f e  feat. 21 Savage, Morray (Official Audio)",J. Cole,m y . l i f e 🙏🏾,45282
J. Cole,Boom bap / Lyric,wLQ8u3xRZd8,"J. Cole - m y . l i f e  feat. 21 Savage, Morray (Official Audio)",J. Cole,Damn I really forgot about this banger,0
J. Cole,Boom bap / Lyric,wLQ8u3xRZd8,"J. Cole - m y . l i f e  feat. 21 Savage, Morray (Official Audio)",J. Cole,Shoutout to Pharaoh Monche iykyk,0
J. Cole,Boom bap / Lyric,wLQ8u3xRZd8,"J. Cole - m y . l i f e  feat. 21 Savage, Morray (Official Audio)",J. Cole,"I hate this donguha because it all about xan and the ladies like damm can the gurls like someone else like in stellar transformation  where everyone has their wife and family additionally,  what i dont like about the donghua verse is that mc is always more powerful than even those who are suppose to be stronger than him, and friends are always relying on him even though they are powerful as well i see this happening in stellar transformation  after they ascended",0
J. Cole,Boom bap / Lyric,wLQ8u3xRZd8,"J. Cole - m y . l i f e  feat. 21 Savage, Morray (Official Audio)",J. Cole,If I disrespect you I do it respectfully,1
J. Cole,Boom bap / Lyric,wLQ8u3xRZd8,"J. Cole - m y . l i f e  feat. 21 Savage, Morray (Official Audio)",J. Cole,""" just know these verses is what they gonna forever play back "" he said .. and that exactly what I've been doing in this joint",0
J. Cole,Boom bap / Lyric,wLQ8u3xRZd8,"J. Cole - m y . l i f e  feat. 21 Savage, Morray (Official Audio)",J. Cole,Imagine this song ft DMX (RIP),0
J. Cole,Boom bap / Lyric,wLQ8u3xRZd8,"J. Cole - m y . l i f e  feat. 21 Savage, Morray (Official Audio)",J. Cole,Every time someone likes this comment I get a notification and I listen to this masterpiece again,17
J. Cole,Boom bap / Lyric,wLQ8u3xRZd8,"J. Cole - m y . l i f e  feat. 21 Savage, Morray (Official Audio)",J. Cole,“The stuff that I’ve seen got me traumatised”,0
J. Cole,Boom bap / Lyric,wLQ8u3xRZd8,"J. Cole - m y . l i f e  feat. 21 Savage, Morray (Official Audio)",J. Cole,May 2026,1
J. Cole,Boom bap / Lyric,wLQ8u3xRZd8,"J. Cole - m y . l i f e  feat. 21 Savage, Morray (Official Audio)",J. Cole,1:12,0
J. Cole,Boom bap / Lyric,wLQ8u3xRZd8,"J. Cole - m y . l i f e  feat. 21 Savage, Morray (Official Audio)",J. Cole,❤❤😊,0
J. Cole,Boom bap / Lyric,wLQ8u3xRZd8,"J. Cole - m y . l i f e  feat. 21 Savage, Morray (Official Audio)",J. Cole,Shout out Styles P!,0
J. Cole,Boom bap / Lyric,wLQ8u3xRZd8,"J. Cole - m y . l i f e  feat. 21 Savage, Morray (Official Audio)",J. Cole,Anyone 2026?,9
J. Cole,Boom bap / Lyric,wLQ8u3xRZd8,"J. Cole - m y . l i f e  feat. 21 Savage, Morray (Official Audio)",J. Cole,Sir Savage the XXI of the British Arcipelago,0
J. Cole,Boom bap / Lyric,wLQ8u3xRZd8,"J. Cole - m y . l i f e  feat. 21 Savage, Morray (Official Audio)",J. Cole,2026 May anyone?,1
J. Cole,Boom bap / Lyric,wLQ8u3xRZd8,"J. Cole - m y . l i f e  feat. 21 Savage, Morray (Official Audio)",J. Cole,😭🔥🔥🔥🤝♥️,0
J. Cole,Boom bap / Lyric,wLQ8u3xRZd8,"J. Cole - m y . l i f e  feat. 21 Savage, Morray (Official Audio)",J. Cole,who’s here from that one guy’s tiktok 😂,0
J. Cole,Boom bap / Lyric,wLQ8u3xRZd8,"J. Cole - m y . l i f e  feat. 21 Savage, Morray (Official Audio)",J. Cole,Nose porque le dice a julio que se venga para la casa si va andar así de preocupada que ni aguanta la cabeza. Ya es adulta usted y no está obligada aser nada que su familia quiera. Si usted sabía que tener a julio en la casa iba aser incómodo y un problema  para todos no viera dado permiso para que se viniera para su casa.,1
J. Cole,Boom bap / Lyric,wLQ8u3xRZd8,"J. Cole - m y . l i f e  feat. 21 Savage, Morray (Official Audio)",J. Cole,2018 anyone? (Ethiopian),5
J. Cole,Boom bap / Lyric,wLQ8u3xRZd8,"J. Cole - m y . l i f e  feat. 21 Savage, Morray (Official Audio)",J. Cole,"Yeah, yeah, yeah, yeah
(Oh, Lord)
(No matter how, no matter how long it take, yeah)
No matter how long it take, nigga
(Oh, Lord, oh, yeah)
(You better be)
Spiralin' up, just like a rich nigga staircase (staircase)
No fly zone, please stay the fuck out my airspace (out my face)
Niggas say things behind backs that they wouldn't dare say (dare say)
Know it's on sight when I see you, I'm workin' at Squarespace
Yeah, top of the mornin', I know that you thought I was dormant
Woke up early from shots that were swarmin'
A block full of opps, now the cops in an orbit
Guess somebody got popped, now they knockin' on doors
Tryna find an informant but I ain't see Nathan
I'm mindin' my business as God is my witness
No weapon gon' prosper that's formin' against me
Nigga, I'm starvin', immensely
Know when I'm done with these songs, you gon' miss me
Ja Morant, I'm on my Grizzly
You niggas just cubs but no, not the ones in the big leagues
After The Fall Off, I promise I'm comin' and sellin' out Wrigley's
Nigga, I'm just a product of poverty, full of narcotics to profit off quickly
My family tree got a history of users that struggle with demons
Not really the hustler instincts
Therefore, often, my pockets was empty
So while some of my partners was servin' up rocks on the corners, the project assemblies
Me, I was startin' to envy, wanna be on the top where it's plenty
Wanna be in the spot like where every bitch want me like Rihanna droppin' new Fenty
What I see in the sky, the 'Ville is the ceilin', can't reach up too high, evidently
Nah, shit, I can't reach up too high, evidently
Never seen no one drivin' a Bentley
I can't be out here moppin' up Wendy's
My life is all I have
My rhymes, my pen, my pad
And I done made it out the struggle, don't judge me
What you're sayin' now won't budge me
'Cause where I come from (come from), so often (so often)
People you grow up with layin' in a coffin
But I done made it through the pain and strife
It's my time now, my world, my life, my life
Say what? The stuff that I've seen got me traumatized
I let the K go when Johnny died
Swangin' that muhfucka' side to side
We don't participate, ain't with that squashin' shit, all we believe in is homicides
I got a good heart, so I send teddy bears every time we make they mamas cry
I pray that my past ain't ahead of me (21)
When I'm in love, I love heavily (on God)
If you betray me, you dead to me (21)
I disrespect you respectfully (straight up)
I got some partners who left this Earth
Maybe the pain made a better me (on God)
Just know that they secrets is kept with me (on God)
I feel like the streets is in debt with me (straight up)
I gave my heart away to all the dawg hoes 'cause that's who accepted me (21)
I blame my pops for that shit 'cause if he didn't fail, he could've corrected me (21)
Give all the props to my mama 'cause no matter what, she always protected me (on God)
I promise you, it ain't no checkin' me (on God)
Jump in the water, get wet with me (straight up, 21, 21)
You want my money or wanna have sex with me?
Can't let the opps or the law get the best of me
I get to answerin', you get to textin' me
I see chicken, you niggas is breast to me
Planted a seed but it ain't a sesame
Can't let you niggas or bitches grow next to me
My life is all I have
My rhymes, my pen, my pad
And I done made it out the struggle, don't judge me
What you're sayin' now won't budge me
'Cause where I come from (come from), so often (so often)
People you grow up with layin' in a coffin
But I done made it through the pain and strife
It's my time now, my world, my life, my life",1
J. Cole,Boom bap / Lyric,wLQ8u3xRZd8,"J. Cole - m y . l i f e  feat. 21 Savage, Morray (Official Audio)",J. Cole,Day 5 laying this banger...have I heard it before? Yes. am I hearing it the same? Nah. This mf bump,0
J. Cole,Boom bap / Lyric,wLQ8u3xRZd8,"J. Cole - m y . l i f e  feat. 21 Savage, Morray (Official Audio)",J. Cole,21 smoked this damnnn,2
J. Cole,Boom bap / Lyric,wLQ8u3xRZd8,"J. Cole - m y . l i f e  feat. 21 Savage, Morray (Official Audio)",J. Cole,Jcole verse this shit is legendary,0
J. Cole,Boom bap / Lyric,wLQ8u3xRZd8,"J. Cole - m y . l i f e  feat. 21 Savage, Morray (Official Audio)",J. Cole,1:07 Did he just foreshadow the Trunk Sale???,1
J. Cole,Boom bap / Lyric,wLQ8u3xRZd8,"J. Cole - m y . l i f e  feat. 21 Savage, Morray (Official Audio)",J. Cole,2026 April anyone?,203
J. Cole,Boom bap / Lyric,wLQ8u3xRZd8,"J. Cole - m y . l i f e  feat. 21 Savage, Morray (Official Audio)",J. Cole,This gotta be one of my favorite songs,0
J. Cole,Boom bap / Lyric,wLQ8u3xRZd8,"J. Cole - m y . l i f e  feat. 21 Savage, Morray (Official Audio)",J. Cole,Cole said yeah nah imma blitz this bitch this time 😂😂😂🔥🔥,0
J. Cole,Boom bap / Lyric,wLQ8u3xRZd8,"J. Cole - m y . l i f e  feat. 21 Savage, Morray (Official Audio)",J. Cole,.,0
J. Cole,Boom bap / Lyric,wLQ8u3xRZd8,"J. Cole - m y . l i f e  feat. 21 Savage, Morray (Official Audio)",J. Cole,🔥 🔥 🔥,0
J. Cole,Boom bap / Lyric,wLQ8u3xRZd8,"J. Cole - m y . l i f e  feat. 21 Savage, Morray (Official Audio)",J. Cole,Cole and Morray Taught 21 Poetry😅,0
J. Cole,Boom bap / Lyric,wLQ8u3xRZd8,"J. Cole - m y . l i f e  feat. 21 Savage, Morray (Official Audio)",J. Cole,"My life is all I have
My rhymes, my pen, my pad
And I done made it out the struggle, don't judge me
What you sayin' now won't budge me
'Cause where I come from (come from), so often (so often)
People you grow up with layin' in a coffin
But I done made it through the pain and strife
It's my time and my world, my life, my life",1
J. Cole,Boom bap / Lyric,wLQ8u3xRZd8,"J. Cole - m y . l i f e  feat. 21 Savage, Morray (Official Audio)",J. Cole,❤❤❤Loving this one fr thank u cole,0
J. Cole,Boom bap / Lyric,wLQ8u3xRZd8,"J. Cole - m y . l i f e  feat. 21 Savage, Morray (Official Audio)",J. Cole,This is such a slapper. This just feels like a continuation of A lot and that is great.,0
J. Cole,Boom bap / Lyric,wLQ8u3xRZd8,"J. Cole - m y . l i f e  feat. 21 Savage, Morray (Official Audio)",J. Cole,Yall ain’t feel Morray fr on that chorus 😭😭🔥,2
J. Cole,Boom bap / Lyric,wLQ8u3xRZd8,"J. Cole - m y . l i f e  feat. 21 Savage, Morray (Official Audio)",J. Cole,This would be an alright song If you put AI singer somebody else on the hook and change the hook 🪝,1
J. Cole,Boom bap / Lyric,wLQ8u3xRZd8,"J. Cole - m y . l i f e  feat. 21 Savage, Morray (Official Audio)",J. Cole,🥷👽🥶🪵🤪🥷,2
J. Cole,Boom bap / Lyric,wLQ8u3xRZd8,"J. Cole - m y . l i f e  feat. 21 Savage, Morray (Official Audio)",J. Cole,I'm here after the fall off .. waiting for him to sell out the rigleys,2
J. Cole,Boom bap / Lyric,wLQ8u3xRZd8,"J. Cole - m y . l i f e  feat. 21 Savage, Morray (Official Audio)",J. Cole,S.A fam please let's all gather here while we patiently waiting on the 12th December FNB Cole touch down.🔥🇿🇦✨️🕯🫶🏿🫵🏿,1
J. Cole,Boom bap / Lyric,wLQ8u3xRZd8,"J. Cole - m y . l i f e  feat. 21 Savage, Morray (Official Audio)",J. Cole,Crazy how they stole this song from Styles P & Pharoahe monch... smfh 🤦🏽‍♂️,1
J. Cole,Boom bap / Lyric,wLQ8u3xRZd8,"J. Cole - m y . l i f e  feat. 21 Savage, Morray (Official Audio)",J. Cole,"Oh, you came there, God
Yeah, yeah, yeah, yeah
Oh, Lord
No matter how, no matter how long it take, yeah
No matter how long it take, n-
Oh, God, yeah
You better be
Spiralin' up, just like a rich n- staircase (spiral up)
No-fly zone, please stay the f- out my airspace (out my face)
N- say things behind backs that they wouldn't dare say (dare say)
Know it's on sight when I see you, I'm workin' at SquareSpace
Yeah, top of the mornin', I know that you thought that I was dormant
Woke up early from shots that were swarmin'
A block full of opps, now the cops in an orbit
Guess somebody got popped and they knockin' on doors
Tryna find an informant but I ain't see nathin'
I'm mindin' my business as God is my witness
No weapon gon' prosper that's formin' against me
N-, I'm starvin', immensely
Know when I'm done with these songs, you gon' miss me
Ja Morant, I'm on my Grizzly
You n- just cubs but no, not the ones in big leagues
After The Fall Off, I promise I'm comin' to sellin' out Wrigley's
I'm just a product of poverty, full of narcotics
To profit off quickly
My family tree got a history of users that struggle with demons
Not really the hustlin' instincts
Therefore, often, my pockets was empty
So I summoned my partner
Was servin' up r- on the corners, the project assemblies
Me, I was startin' to envy, wanna be on the top where it's plenty
Wanna be in the spot like where every b- want me
Like Rihanna droppin' new Fenty
What I see in the sky
The 'Ville is the ceilin', can't reach up too high, evidently
Nah, I can't reach up too high, evidently
Never seen no one drivin' a Bentley
I can't be out here moppin' a Wendys
My life is all I have
My rhymes, my pen, my pad
And I done made it out the struggle, don't judge me
What you sayin' now won't budge me
'Cause where I come from (come from), so often (so often)
People you grow up with layin' in a coffin
But I done made it through the pain and strife
It's my time and my world, my life, my life
Say what? The stuff that I've seen got me traumatized
I let the K go when Johnny died
Swangin' that m- side to side
We don't participate, ain't with that squashin' sh-
All we believe in is homicide
I got a good heart, so I sent teddy bears
Every time we make their mommas cry
I pray my past ain't ahead of me (21)
When I'm in love, I love heavenly (on God)
If you betray me, you dead to me (21)
I disrespect you respectfully (straight Up)
I got some partners who left this Earth
Maybe the pain made a better me (on God)
Just know they secrets is kept with them (on God)
I feel like the streets is in debt with me (straight up)
I gave my heart away to all the dawg
'Cause that's who accepted me (21)
I blame my pops for that sh-
'Cause if he didn't fail, he could've corrected me (21)
Give all the props to my momma
'Cause no matter what, she always protected me (on God)
I promise you, it ain't no checkin' me (on God)
Jump in the water, get wet with me (straight up, 21, 21)
You want my money or wanna have s- with me?
Can't let the opps or the law get the best of me
I get to answerin', you get to textin' me
I see chicken, you n- is breast to me
Plantin' the seed but it ain't a sesame
Can't let you-, grow next to me
My life is all I have
My rhymes, my pen, my pad
And I done made it out the struggle, don't judge me
What you sayin' now won't budge me
'Cause where I come from (come from), so often (so often)
People you grow up with layin' in a coffin
But I done made it through the pain and strife
It's my time and my world, my life, my life",2
J. Cole,Boom bap / Lyric,wLQ8u3xRZd8,"J. Cole - m y . l i f e  feat. 21 Savage, Morray (Official Audio)",J. Cole,"Oh, you came there, God
Yeah, yeah, yeah, yeah
Oh, Lord
No matter how, no matter how long it take, yeah
No matter how long it take, n-
Oh, God, yeah
You better be
Spiralin' up, just like a rich n- staircase (spiral up)
No-fly zone, please stay the f- out my airspace (out my face)
N- say things behind backs that they wouldn't dare say (dare say)
Know it's on sight when I see you, I'm workin' at SquareSpace
Yeah, top of the mornin', I know that you thought that I was dormant
Woke up early from shots that were swarmin'
A block full of opps, now the cops in an orbit
Guess somebody got popped and they knockin' on doors
Tryna find an informant but I ain't see nathin'
I'm mindin' my business as God is my witness
No weapon gon' prosper that's formin' against me
N-, I'm starvin', immensely
Know when I'm done with these songs, you gon' miss me
Ja Morant, I'm on my Grizzly
You n- just cubs but no, not the ones in big leagues
After The Fall Off, I promise I'm comin' to sellin' out Wrigley's
I'm just a product of poverty, full of narcotics
To profit off quickly
My family tree got a history of users that struggle with demons
Not really the hustlin' instincts
Therefore, often, my pockets was empty
So I summoned my partner
Was servin' up r- on the corners, the project assemblies
Me, I was startin' to envy, wanna be on the top where it's plenty
Wanna be in the spot like where every b- want me
Like Rihanna droppin' new Fenty
What I see in the sky
The 'Ville is the ceilin', can't reach up too high, evidently
Nah, I can't reach up too high, evidently
Never seen no one drivin' a Bentley
I can't be out here moppin' a Wendys
My life is all I have
My rhymes, my pen, my pad
And I done made it out the struggle, don't judge me
What you sayin' now won't budge me
'Cause where I come from (come from), so often (so often)
People you grow up with layin' in a coffin
But I done made it through the pain and strife
It's my time and my world, my life, my life
Say what? The stuff that I've seen got me traumatized
I let the K go when Johnny died
Swangin' that m- side to side
We don't participate, ain't with that squashin' sh-
All we believe in is homicide
I got a good heart, so I sent teddy bears
Every time we make their mommas cry
I pray my past ain't ahead of me (21)
When I'm in love, I love heavenly (on God)
If you betray me, you dead to me (21)
I disrespect you respectfully (straight Up)
I got some partners who left this Earth
Maybe the pain made a better me (on God)
Just know they secrets is kept with them (on God)
I feel like the streets is in debt with me (straight up)
I gave my heart away to all the dawg
'Cause that's who accepted me (21)
I blame my pops for that sh-
'Cause if he didn't fail, he could've corrected me (21)
Give all the props to my momma
'Cause no matter what, she always protected me (on God)
I promise you, it ain't no checkin' me (on God)
Jump in the water, get wet with me (straight up, 21, 21)
You want my money or wanna have s- with me?
Can't let the opps or the law get the best of me
I get to answerin', you get to textin' me
I see chicken, you n- is breast to me
Plantin' the seed but it ain't a sesame
Can't let you-, grow next to me
My life is all I have
My rhymes, my pen, my pad
And I done made it out the struggle, don't judge me
What you sayin' now won't budge me
'Cause where I come from (come from), so often (so often)
People you grow up with layin' in a coffin
But I done made it through the pain and strife
It's my time and my world, my life, my life",1
J. Cole,Boom bap / Lyric,wLQ8u3xRZd8,"J. Cole - m y . l i f e  feat. 21 Savage, Morray (Official Audio)",J. Cole,CAROLINA'S FINEST! The prodigal son that made us all proud!! Love the journey you took us on Cole!,1
J. Cole,Boom bap / Lyric,wLQ8u3xRZd8,"J. Cole - m y . l i f e  feat. 21 Savage, Morray (Official Audio)",J. Cole,THE FALL-OFF,5
J. Cole,Boom bap / Lyric,wLQ8u3xRZd8,"J. Cole - m y . l i f e  feat. 21 Savage, Morray (Official Audio)",J. Cole,"No matter how, no matter how long it take, yeah
No matter how long it take, n-
Oh, God, yeah
You better be

Spiralin' up, just like a rich n- staircase (spiral up)
No-fly zone, please stay the f- out my airspace (out my face)
N- say things behind backs that they wouldn't dare say (dare say)
Know it's on sight when I see you, I'm workin' at SquareSpace

Yeah, top of the mornin', I know that you thought that I was dormant
Woke up early from shots that were swarmin'
A block full of opps, now the cops in an orbit
Guess somebody got popped and they knockin' on doors
Tryna find an informant but I ain't see nathin'
I'm mindin' my business as God is my witness
No weapon gon' prosper that's formin' against me

N-, I'm starvin', immensely
Know when I'm done with these songs, you gon' miss me
Ja Morant, I'm on my Grizzly
You n- just cubs but no, not the ones in big leagues
After The Fall Off, I promise I'm comin' to sellin' out Wrigley's
I'm just a product of poverty, full of narcotics

To profit off quickly
My family tree got a history of users that struggle with demons
Not really the hustlin' instincts
Therefore, often, my pockets was empty
So I summoned my partner
Was servin' up r- on the corners, the project assemblies

Me, I was startin' to envy, wanna be on the top where it's plenty
Wanna be in the spot like where every b- want me
Like Rihanna droppin' new Fenty
What I see in the sky
The 'Ville is the ceilin', can't reach up too high, evidently
Nah, I can't reach up too high, evidently
Never seen no one drivin' a Bentley
I can't be out here moppin' a Wendys

My life is all I have
My rhymes, my pen, my pad
And I done made it out the struggle, don't judge me
What you sayin' now won't budge me
'Cause where I come from (come from), so often (so often)
People you grow up with layin' in a coffin
But I done made it through the pain and strife
It's my time and my world, my life, my life

Say what? The stuff that I've seen got me traumatized
I let the K go when Johnny died
Swangin' that m- side to side
We don't participate, ain't with that squashin' sh-
All we believe in is homicide
I got a good heart, so I sent teddy bears
Every time we make their mommas cry

I pray my past ain't ahead of me (21)
When I'm in love, I love heavenly (on God)
If you betray me, you dead to me (21)
I disrespect you respectfully (straight Up)
I got some partners who left this Earth
Maybe the pain made a better me (on God)
Just know they secrets is kept with them (on God)
I feel like the streets is in debt with me (straight up)

I gave my heart away to all the dawg
'Cause that's who accepted me (21)
I blame my pops for that sh-
'Cause if he didn't fail, he could've corrected me (21)
Give all the props to my momma
'Cause no matter what, she always protected me (on God)
I promise you, it ain't no checkin' me (on God)
Jump in the water, get wet with me (straight up, 21, 21)

You want my money or wanna have s- with me?
Can't let the opps or the law get the best of me
I get to answerin', you get to textin' me
I see chicken, you n- is breast to me
Plantin' the seed but it ain't a sesame
Can't let you-, grow next to me

My life is all I have
My rhymes, my pen, my pad
And I done made it out the struggle, don't judge me
What you sayin' now won't budge me
'Cause where I come from (come from), so often (so often)
People you grow up with layin' in a coffin
But I done made it through the pain and strife
It's my time and my world, my life, my life",2
J. Cole,Boom bap / Lyric,wLQ8u3xRZd8,"J. Cole - m y . l i f e  feat. 21 Savage, Morray (Official Audio)",J. Cole,Palooo🔥🔥🔥,0
J. Cole,Boom bap / Lyric,wLQ8u3xRZd8,"J. Cole - m y . l i f e  feat. 21 Savage, Morray (Official Audio)",J. Cole,m y . l i f e,0
J. Cole,Boom bap / Lyric,wLQ8u3xRZd8,"J. Cole - m y . l i f e  feat. 21 Savage, Morray (Official Audio)",J. Cole,Here after The Fall Off,70
J. Cole,Boom bap / Lyric,wLQ8u3xRZd8,"J. Cole - m y . l i f e  feat. 21 Savage, Morray (Official Audio)",J. Cole,J,0
J. Cole,Boom bap / Lyric,wLQ8u3xRZd8,"J. Cole - m y . l i f e  feat. 21 Savage, Morray (Official Audio)",J. Cole,One of the greatest rap songs in the history of the game.,5
J. Cole,Boom bap / Lyric,wLQ8u3xRZd8,"J. Cole - m y . l i f e  feat. 21 Savage, Morray (Official Audio)",J. Cole,Now y’all tell me this album not better than the falloff,4
J. Cole,Boom bap / Lyric,wLQ8u3xRZd8,"J. Cole - m y . l i f e  feat. 21 Savage, Morray (Official Audio)",J. Cole,The greatest hook of the 2020's,1
J. Cole,Boom bap / Lyric,wLQ8u3xRZd8,"J. Cole - m y . l i f e  feat. 21 Savage, Morray (Official Audio)",J. Cole,2.6 😇😈,0
J. Cole,Boom bap / Lyric,wLQ8u3xRZd8,"J. Cole - m y . l i f e  feat. 21 Savage, Morray (Official Audio)",J. Cole,This is me waiting on The Fall Off,6
J. Cole,Boom bap / Lyric,wLQ8u3xRZd8,"J. Cole - m y . l i f e  feat. 21 Savage, Morray (Official Audio)",J. Cole,THE FALL-OFF 2.6.26,2
J. Cole,Boom bap / Lyric,wLQ8u3xRZd8,"J. Cole - m y . l i f e  feat. 21 Savage, Morray (Official Audio)",J. Cole,Here in 2026🎉,26
J. Cole,Boom bap / Lyric,wLQ8u3xRZd8,"J. Cole - m y . l i f e  feat. 21 Savage, Morray (Official Audio)",J. Cole,I left Wendy's 2 years ago. Couldn't be mopping floors no more 💯,3
J. Cole,Boom bap / Lyric,wLQ8u3xRZd8,"J. Cole - m y . l i f e  feat. 21 Savage, Morray (Official Audio)",J. Cole,happy birthday Jcole❤❤❤❤ wish all the best for you migo,1
J. Cole,Boom bap / Lyric,wLQ8u3xRZd8,"J. Cole - m y . l i f e  feat. 21 Savage, Morray (Official Audio)",J. Cole,Who is here in 2026,1
J. Cole,Boom bap / Lyric,wLQ8u3xRZd8,"J. Cole - m y . l i f e  feat. 21 Savage, Morray (Official Audio)",J. Cole,❤️❤️❤️❤️❤️,1
J. Cole,Boom bap / Lyric,wLQ8u3xRZd8,"J. Cole - m y . l i f e  feat. 21 Savage, Morray (Official Audio)",J. Cole,SOO GOOD 🔥❤‍🔥❤‍🔥,4
J. Cole,Boom bap / Lyric,wLQ8u3xRZd8,"J. Cole - m y . l i f e  feat. 21 Savage, Morray (Official Audio)",J. Cole,Good Style P/ Pharoache Monch tribute - “My life”,2
J. Cole,Boom bap / Lyric,wLQ8u3xRZd8,"J. Cole - m y . l i f e  feat. 21 Savage, Morray (Official Audio)",J. Cole,21 ruined this song 😂,2
J. Cole,Boom bap / Lyric,wLQ8u3xRZd8,"J. Cole - m y . l i f e  feat. 21 Savage, Morray (Official Audio)",J. Cole,a masterpiece,15
J. Cole,Boom bap / Lyric,wLQ8u3xRZd8,"J. Cole - m y . l i f e  feat. 21 Savage, Morray (Official Audio)",J. Cole,Cole was mocking us with the Fall Off album all this time.Because he mentioned it like a couple of times throughout the past,3
J. Cole,Boom bap / Lyric,wLQ8u3xRZd8,"J. Cole - m y . l i f e  feat. 21 Savage, Morray (Official Audio)",J. Cole,"""I disrespect you, respectfully"" ~ 21",2
J. Cole,Boom bap / Lyric,wLQ8u3xRZd8,"J. Cole - m y . l i f e  feat. 21 Savage, Morray (Official Audio)",J. Cole,21 Savage 😭😭😭😭😭😭😭😭😭😭,1
J. Cole,Boom bap / Lyric,wLQ8u3xRZd8,"J. Cole - m y . l i f e  feat. 21 Savage, Morray (Official Audio)",J. Cole,Temazo,1
J. Cole,Boom bap / Lyric,wLQ8u3xRZd8,"J. Cole - m y . l i f e  feat. 21 Savage, Morray (Official Audio)",J. Cole,My life is complete on February 6th,276
J. Cole,Boom bap / Lyric,wLQ8u3xRZd8,"J. Cole - m y . l i f e  feat. 21 Savage, Morray (Official Audio)",J. Cole,2026 🅜🅨 🅛🅘🅕🅔 🔗,4
J. Cole,Boom bap / Lyric,wLQ8u3xRZd8,"J. Cole - m y . l i f e  feat. 21 Savage, Morray (Official Audio)",J. Cole,It's my time now 💪,5
J. Cole,Boom bap / Lyric,wLQ8u3xRZd8,"J. Cole - m y . l i f e  feat. 21 Savage, Morray (Official Audio)",J. Cole,🎉2026 we are here this song pure 🔥,5
J. Cole,Boom bap / Lyric,wLQ8u3xRZd8,"J. Cole - m y . l i f e  feat. 21 Savage, Morray (Official Audio)",J. Cole,I hate talkers,1
J. Cole,Boom bap / Lyric,wLQ8u3xRZd8,"J. Cole - m y . l i f e  feat. 21 Savage, Morray (Official Audio)",J. Cole,🔥DUET 21SAVAGE$JCOLE🔥,1
J. Cole,Boom bap / Lyric,wLQ8u3xRZd8,"J. Cole - m y . l i f e  feat. 21 Savage, Morray (Official Audio)",J. Cole,BEST SONGS FROM JCOLE🔥,0
J. Cole,Boom bap / Lyric,wLQ8u3xRZd8,"J. Cole - m y . l i f e  feat. 21 Savage, Morray (Official Audio)",J. Cole,Dude……. This was my jam on my    Tablet! Jpay $$$$$ but I had good 🎶 music,1
J. Cole,Boom bap / Lyric,wLQ8u3xRZd8,"J. Cole - m y . l i f e  feat. 21 Savage, Morray (Official Audio)",J. Cole,Who forced you to be this smart Cole 😢 ❤ you the best,3
J. Cole,Boom bap / Lyric,wLQ8u3xRZd8,"J. Cole - m y . l i f e  feat. 21 Savage, Morray (Official Audio)",J. Cole,We took this track for granted . Wow he spittin so sicc on this my goodness,1
J. Cole,Boom bap / Lyric,wLQ8u3xRZd8,"J. Cole - m y . l i f e  feat. 21 Savage, Morray (Official Audio)",J. Cole,3:05  . . . I can relate.,8
J. Cole,Boom bap / Lyric,wLQ8u3xRZd8,"J. Cole - m y . l i f e  feat. 21 Savage, Morray (Official Audio)",J. Cole,🎉,1
J. Cole,Boom bap / Lyric,wLQ8u3xRZd8,"J. Cole - m y . l i f e  feat. 21 Savage, Morray (Official Audio)",J. Cole,"1:47 is my favorite
 part I love the music",0
J. Cole,Boom bap / Lyric,wLQ8u3xRZd8,"J. Cole - m y . l i f e  feat. 21 Savage, Morray (Official Audio)",J. Cole,1:10 is already showing that rapping vibe ❤❤,9
J. Cole,Boom bap / Lyric,wLQ8u3xRZd8,"J. Cole - m y . l i f e  feat. 21 Savage, Morray (Official Audio)",J. Cole,Everytime I hear this I can't help but wonder how many ppl listening realize how wicked 21 adlive game is 🔥,0
J. Cole,Boom bap / Lyric,wLQ8u3xRZd8,"J. Cole - m y . l i f e  feat. 21 Savage, Morray (Official Audio)",J. Cole,Still feels like yesterday ❤🎉,0
J. Cole,Boom bap / Lyric,wLQ8u3xRZd8,"J. Cole - m y . l i f e  feat. 21 Savage, Morray (Official Audio)",J. Cole,Bro's soo J cole,2
J. Cole,Boom bap / Lyric,wLQ8u3xRZd8,"J. Cole - m y . l i f e  feat. 21 Savage, Morray (Official Audio)",J. Cole,Still fire❤,1
J. Cole,Boom bap / Lyric,wLQ8u3xRZd8,"J. Cole - m y . l i f e  feat. 21 Savage, Morray (Official Audio)",J. Cole,2025 still here❤,2
J. Cole,Boom bap / Lyric,wLQ8u3xRZd8,"J. Cole - m y . l i f e  feat. 21 Savage, Morray (Official Audio)",J. Cole,❤🐐,0
J. Cole,Boom bap / Lyric,wLQ8u3xRZd8,"J. Cole - m y . l i f e  feat. 21 Savage, Morray (Official Audio)",J. Cole,amazing 😻,1
J. Cole,Boom bap / Lyric,wLQ8u3xRZd8,"J. Cole - m y . l i f e  feat. 21 Savage, Morray (Official Audio)",J. Cole,Going to 2026 with this one,0
J. Cole,Boom bap / Lyric,wLQ8u3xRZd8,"J. Cole - m y . l i f e  feat. 21 Savage, Morray (Official Audio)",J. Cole,🫡,0
J. Cole,Boom bap / Lyric,wLQ8u3xRZd8,"J. Cole - m y . l i f e  feat. 21 Savage, Morray (Official Audio)",J. Cole,my . life,1
J. Cole,Boom bap / Lyric,wLQ8u3xRZd8,"J. Cole - m y . l i f e  feat. 21 Savage, Morray (Official Audio)",J. Cole,My Life,1
J. Cole,Boom bap / Lyric,wLQ8u3xRZd8,"J. Cole - m y . l i f e  feat. 21 Savage, Morray (Official Audio)",J. Cole,My song frfr,0
J. Cole,Boom bap / Lyric,wLQ8u3xRZd8,"J. Cole - m y . l i f e  feat. 21 Savage, Morray (Official Audio)",J. Cole,BOOOOIIII THIS MM FA BROKE ME DOWN when 21 got on the mic🔥💔Long live my brothers n them Members💔🙏🏾🙏🏾,0
J. Cole,Boom bap / Lyric,wLQ8u3xRZd8,"J. Cole - m y . l i f e  feat. 21 Savage, Morray (Official Audio)",J. Cole,Anyone in 2026??,0
J. Cole,Boom bap / Lyric,wLQ8u3xRZd8,"J. Cole - m y . l i f e  feat. 21 Savage, Morray (Official Audio)",J. Cole,21 so flyyyy 🔥,0
J. Cole,Boom bap / Lyric,wLQ8u3xRZd8,"J. Cole - m y . l i f e  feat. 21 Savage, Morray (Official Audio)",J. Cole,"Oh, you came there, God
Yeah, yeah, yeah, yeah
Oh, Lord
No matter how, no matter how long it take, yeah
No matter how long it take, n-
Oh, God, yeah
You better be
Spiralin' up, just like a rich n- staircase (spiral up)
No-fly zone, please stay the f- out my airspace (out my face)
N- say things behind backs that they wouldn't dare say (dare say)
Know it's on sight when I see you, I'm workin' at SquareSpace
Yeah, top of the mornin', I know that you thought that I was dormant
Woke up early from shots that were swarmin'
A block full of opps, now the cops in an orbit
Guess somebody got popped and they knockin' on doors
Tryna find an informant but I ain't see nathin'
I'm mindin' my business as God is my witness
No weapon gon' prosper that's formin' against me
N-, I'm starvin', immensely
Know when I'm done with these songs, you gon' miss me
Ja Morant, I'm on my Grizzly
You n- just cubs but no, not the ones in big leagues
After The Fall Off, I promise I'm comin' to sellin' out Wrigley's
I'm just a product of poverty, full of narcotics
To profit off quickly
My family tree got a history of users that struggle with demons
Not really the hustlin' instincts
Therefore, often, my pockets was empty
So I summoned my partner
Was servin' up r- on the corners, the project assemblies
Me, I was startin' to envy, wanna be on the top where it's plenty
Wanna be in the spot like where every b- want me
Like Rihanna droppin' new Fenty
What I see in the sky
The 'Ville is the ceilin', can't reach up too high, evidently
Nah, I can't reach up too high, evidently
Never seen no one drivin' a Bentley
I can't be out here moppin' a Wendys
My life is all I have
My rhymes, my pen, my pad
And I done made it out the struggle, don't judge me
What you sayin' now won't budge me
'Cause where I come from (come from), so often (so often)
People you grow up with layin' in a coffin
But I done made it through the pain and strife
It's my time and my world, my life, my life
Say what? The stuff that I've seen got me traumatized
I let the K go when Johnny died
Swangin' that m- side to side
We don't participate, ain't with that squashin' sh-
All we believe in is homicide
I got a good heart, so I sent teddy bears
Every time we make their mommas cry
I pray my past ain't ahead of me (21)
When I'm in love, I love heavenly (on God)
If you betray me, you dead to me (21)
I disrespect you respectfully (straight Up)
I got some partners who left this Earth
Maybe the pain made a better me (on God)
Just know they secrets is kept with them (on God)
I feel like the streets is in debt with me (straight up)
I gave my heart away to all the dawg
'Cause that's who accepted me (21)
I blame my pops for that sh-
'Cause if he didn't fail, he could've corrected me (21)
Give all the props to my momma
'Cause no matter what, she always protected me (on God)
I promise you, it ain't no checkin' me (on God)
Jump in the water, get wet with me (straight up, 21, 21)
You want my money or wanna have s- with me?
Can't let the opps or the law get the best of me
I get to answerin', you get to textin' me
I see chicken, you n- is breast to me
Plantin' the seed but it ain't a sesame
Can't let you-, grow next to me
My life is all I have
My rhymes, my pen, my pad
And I done made it out the struggle, don't judge me
What you sayin' now won't budge me
'Cause where I come from (come from), so often (so often)
People you grow up with layin' in a coffin
But I done made it through the pain and strife
It's my time and my world, my life, my life",0
J. Cole,Boom bap / Lyric,wLQ8u3xRZd8,"J. Cole - m y . l i f e  feat. 21 Savage, Morray (Official Audio)",J. Cole,Phenomenal ❤🎉,1
J. Cole,Boom bap / Lyric,wLQ8u3xRZd8,"J. Cole - m y . l i f e  feat. 21 Savage, Morray (Official Audio)",J. Cole,Dis my shit...,1
J. Cole,Boom bap / Lyric,wLQ8u3xRZd8,"J. Cole - m y . l i f e  feat. 21 Savage, Morray (Official Audio)",J. Cole,"I got a good heart, i send them kids teddy bears when we make their mummy cry. WTF!!",1
J. Cole,Boom bap / Lyric,wLQ8u3xRZd8,"J. Cole - m y . l i f e  feat. 21 Savage, Morray (Official Audio)",J. Cole,🔥🔥🔥🔥🔥🔥🔥🔥🔥,1
J. Cole,Boom bap / Lyric,wLQ8u3xRZd8,"J. Cole - m y . l i f e  feat. 21 Savage, Morray (Official Audio)",J. Cole,"J.D power Jakeia McCormick 305 I plead the fifth and psalms 100:1-5 selah copyright that.i didn't need a rapper to Co-Sign Me, Myself,I:: pledge allegiance to the swag",1
J. Cole,Boom bap / Lyric,wLQ8u3xRZd8,"J. Cole - m y . l i f e  feat. 21 Savage, Morray (Official Audio)",J. Cole,Skraight Up!,0
J. Cole,Boom bap / Lyric,wLQ8u3xRZd8,"J. Cole - m y . l i f e  feat. 21 Savage, Morray (Official Audio)",J. Cole,Homeless and loving my life my new life ❤️,1
J. Cole,Boom bap / Lyric,wLQ8u3xRZd8,"J. Cole - m y . l i f e  feat. 21 Savage, Morray (Official Audio)",J. Cole,where are the Styles P/ Pharoahe Monch comments,1
J. Cole,Boom bap / Lyric,wLQ8u3xRZd8,"J. Cole - m y . l i f e  feat. 21 Savage, Morray (Official Audio)",J. Cole,This broke me,0
J. Cole,Boom bap / Lyric,wLQ8u3xRZd8,"J. Cole - m y . l i f e  feat. 21 Savage, Morray (Official Audio)",J. Cole,feels like the target is on fire,0
J. Cole,Boom bap / Lyric,wLQ8u3xRZd8,"J. Cole - m y . l i f e  feat. 21 Savage, Morray (Official Audio)",J. Cole,67🤲,0
J. Cole,Boom bap / Lyric,wLQ8u3xRZd8,"J. Cole - m y . l i f e  feat. 21 Savage, Morray (Official Audio)",J. Cole,That fenty bar is hard as eff i feel like it's safe to say this album  is a classic,1
J. Cole,Boom bap / Lyric,wLQ8u3xRZd8,"J. Cole - m y . l i f e  feat. 21 Savage, Morray (Official Audio)",J. Cole,❗️❗️❗️❗️,0
J. Cole,Boom bap / Lyric,wLQ8u3xRZd8,"J. Cole - m y . l i f e  feat. 21 Savage, Morray (Official Audio)",J. Cole,21 can you take a picture with me 😂,0
J. Cole,Boom bap / Lyric,wLQ8u3xRZd8,"J. Cole - m y . l i f e  feat. 21 Savage, Morray (Official Audio)",J. Cole,2025?,0
J. Cole,Boom bap / Lyric,wLQ8u3xRZd8,"J. Cole - m y . l i f e  feat. 21 Savage, Morray (Official Audio)",J. Cole,Best album jcole has had,0
J. Cole,Boom bap / Lyric,wLQ8u3xRZd8,"J. Cole - m y . l i f e  feat. 21 Savage, Morray (Official Audio)",J. Cole,21 savage when crazy on this!!! 🔥🔥😤😤,1
J. Cole,Boom bap / Lyric,wLQ8u3xRZd8,"J. Cole - m y . l i f e  feat. 21 Savage, Morray (Official Audio)",J. Cole,Cole and 21 have to make together a full album.,2
J. Cole,Boom bap / Lyric,wLQ8u3xRZd8,"J. Cole - m y . l i f e  feat. 21 Savage, Morray (Official Audio)",J. Cole,When kendricks busy doing his weird roleplay and fake masaiah crap with music that runs on gimmics and concept album Coles making actual Hiphop,0
J. Cole,Boom bap / Lyric,wLQ8u3xRZd8,"J. Cole - m y . l i f e  feat. 21 Savage, Morray (Official Audio)",J. Cole,🤾‍♂️🪧🏀💢🗑️,2
J. Cole,Boom bap / Lyric,wLQ8u3xRZd8,"J. Cole - m y . l i f e  feat. 21 Savage, Morray (Official Audio)",J. Cole,J Cole is hard on every song but on this one 21 killed on God,0
J. Cole,Boom bap / Lyric,wLQ8u3xRZd8,"J. Cole - m y . l i f e  feat. 21 Savage, Morray (Official Audio)",J. Cole,"Cole Killed Alot, 21 killed my.life, I love seeing shit like that, that's when I knew you stand up nigga.",2
J. Cole,Boom bap / Lyric,wLQ8u3xRZd8,"J. Cole - m y . l i f e  feat. 21 Savage, Morray (Official Audio)",J. Cole,"Spiralin' up, just like a rich n- staircase (spiral up)
No-fly zone, please stay the f- out my airspace (out my face)
N- say things behind backs that they wouldn't dare say (dare say)
Know it's on sight when I see you, I'm workin' at SquareSpace
Yeah, top of the mornin', I know that you thought that I was dormant
Woke up early from shots that were swarmin'
A block full of opps, now the cops in an orbit
Guess somebody got popped and they knockin' on doors
Tryna find an informant but I ain't see nathin'
I'm mindin' my business as God is my witness
No weapon gon' prosper that's formin' against me
N-, I'm starvin', immensely
Know when I'm done with these songs, you gon' miss me
Ja Morant, I'm on my Grizzly
You n- just cubs but no, not the ones in big leagues
After The Fall Off, I promise I'm comin' to sellin' out Wrigley's
I'm just a product of poverty, full of narcotics
To profit off quickly
My family tree got a history of users that struggle with demons
Not really the hustlin' instincts
Therefore, often, my pockets was empty
So I summoned my partner
Was servin' up r- on the corners, the project assemblies
Me, I was startin' to envy, wanna be on the top where it's plenty
Wanna be in the spot like where every b- want me
Like Rihanna droppin' new Fenty
What I see in the sky
The 'Ville is the ceilin', can't reach up too high, evidently
Nah, I can't reach up too high, evidently
Never seen no one drivin' a Bentley
I can't be out here moppin' a Wendys",0
J. Cole,Boom bap / Lyric,wLQ8u3xRZd8,"J. Cole - m y . l i f e  feat. 21 Savage, Morray (Official Audio)",J. Cole,2:10,1
J. Cole,Boom bap / Lyric,wLQ8u3xRZd8,"J. Cole - m y . l i f e  feat. 21 Savage, Morray (Official Audio)",J. Cole,Who still come here in 2025 ?,6
J. Cole,Boom bap / Lyric,wLQ8u3xRZd8,"J. Cole - m y . l i f e  feat. 21 Savage, Morray (Official Audio)",J. Cole,NO MATTER HOW LONG IT TAKE ME,3
J. Cole,Boom bap / Lyric,wLQ8u3xRZd8,"J. Cole - m y . l i f e  feat. 21 Savage, Morray (Official Audio)",J. Cole,im just a product of poverty full of narcotics to profit off quickly,8
J. Cole,Boom bap / Lyric,wLQ8u3xRZd8,"J. Cole - m y . l i f e  feat. 21 Savage, Morray (Official Audio)",J. Cole,imagine this in a car,3
J. Cole,Boom bap / Lyric,wLQ8u3xRZd8,"J. Cole - m y . l i f e  feat. 21 Savage, Morray (Official Audio)",J. Cole,This album is a slow burner,1
J. Cole,Boom bap / Lyric,wLQ8u3xRZd8,"J. Cole - m y . l i f e  feat. 21 Savage, Morray (Official Audio)",J. Cole,anyone here in 2025?,5
J. Cole,Boom bap / Lyric,wLQ8u3xRZd8,"J. Cole - m y . l i f e  feat. 21 Savage, Morray (Official Audio)",J. Cole,Baycoast26 Silent Moves #KennethCaine,0
J. Cole,Boom bap / Lyric,wLQ8u3xRZd8,"J. Cole - m y . l i f e  feat. 21 Savage, Morray (Official Audio)",J. Cole,"My homie sent me this when it came out. I played it some but didn’t feel it like he did at the time. Now that he gone, i guess i listen different now…",5
J. Cole,Boom bap / Lyric,wLQ8u3xRZd8,"J. Cole - m y . l i f e  feat. 21 Savage, Morray (Official Audio)",J. Cole,In my life time I hope J. Cole drops 7 studio albums. Hopefully 🙏 . 🎧,1
J. Cole,Boom bap / Lyric,wLQ8u3xRZd8,"J. Cole - m y . l i f e  feat. 21 Savage, Morray (Official Audio)",J. Cole,"0:34

2:10",0
J. Cole,Boom bap / Lyric,wLQ8u3xRZd8,"J. Cole - m y . l i f e  feat. 21 Savage, Morray (Official Audio)",J. Cole,👉🏾🎧🌌😌,1
J. Cole,Boom bap / Lyric,wLQ8u3xRZd8,"J. Cole - m y . l i f e  feat. 21 Savage, Morray (Official Audio)",J. Cole,2:25,1
J. Cole,Boom bap / Lyric,wLQ8u3xRZd8,"J. Cole - m y . l i f e  feat. 21 Savage, Morray (Official Audio)",J. Cole,2025 Tap In ❤️‍🔥,20
J. Cole,Boom bap / Lyric,wLQ8u3xRZd8,"J. Cole - m y . l i f e  feat. 21 Savage, Morray (Official Audio)",J. Cole,Underground rapper keep this shi unknown 🤢🤢🤮,0
J. Cole,Boom bap / Lyric,wLQ8u3xRZd8,"J. Cole - m y . l i f e  feat. 21 Savage, Morray (Official Audio)",J. Cole,Me,0
J. Cole,Boom bap / Lyric,wLQ8u3xRZd8,"J. Cole - m y . l i f e  feat. 21 Savage, Morray (Official Audio)",J. Cole,21 kilt that shit,3
J. Cole,Boom bap / Lyric,wLQ8u3xRZd8,"J. Cole - m y . l i f e  feat. 21 Savage, Morray (Official Audio)",J. Cole,STYLES P,0
J. Cole,Boom bap / Lyric,wLQ8u3xRZd8,"J. Cole - m y . l i f e  feat. 21 Savage, Morray (Official Audio)",J. Cole,"Give cole his flowers, smh.",3
J. Cole,Boom bap / Lyric,wLQ8u3xRZd8,"J. Cole - m y . l i f e  feat. 21 Savage, Morray (Official Audio)",J. Cole,"Oh, you came there, God
Yeah, yeah, yeah, yeah
Oh, Lord
No matter how, no matter how long it take, yeah
No matter how long it take, n-
Oh, God, yeah
You better be
Spiralin' up, just like a rich n- staircase (spiral up)
No-fly zone, please stay the f- out my airspace (out my face)
N- say things behind backs that they wouldn't dare say (dare say)
Know it's on sight when I see you, I'm workin' at SquareSpace
Yeah, top of the mornin', I know that you thought that I was dormant
Woke up early from shots that were swarmin'
A block full of opps, now the cops in an orbit
Guess somebody got popped and they knockin' on doors
Tryna find an informant but I ain't see nathin'
I'm mindin' my business as God is my witness
No weapon gon' prosper that's formin' against me
N-, I'm starvin', immensely
Know when I'm done with these songs, you gon' miss me
Ja Morant, I'm on my Grizzly
You n- just cubs but no, not the ones in big leagues
After The Fall Off, I promise I'm comin' to sellin' out Wrigley's
I'm just a product of poverty, full of narcotics
To profit off quickly
My family tree got a history of users that struggle with demons
Not really the hustlin' instincts
Therefore, often, my pockets was empty
So I summoned my partner
Was servin' up r- on the corners, the project assemblies
Me, I was startin' to envy, wanna be on the top where it's plenty
Wanna be in the spot like where every b- want me
Like Rihanna droppin' new Fenty
What I see in the sky
The 'Ville is the ceilin', can't reach up too high, evidently
Nah, I can't reach up too high, evidently
Never seen no one drivin' a Bentley
I can't be out here moppin' a Wendys
My life is all I have
My rhymes, my pen, my pad
And I done made it out the struggle, don't judge me
What you sayin' now won't budge me
'Cause where I come from (come from), so often (so often)
People you grow up with layin' in a coffin
But I done made it through the pain and strife
It's my time and my world, my life, my life
Say what? The stuff that I've seen got me traumatized
I let the K go when Johnny died
Swangin' that m- side to side
We don't participate, ain't with that squashin' sh-
All we believe in is homicide
I got a good heart, so I sent teddy bears
Every time we make their mommas cry
I pray my past ain't ahead of me (21)
When I'm in love, I love heavenly (on God)
If you betray me, you dead to me (21)
I disrespect you respectfully (straight Up)
I got some partners who left this Earth
Maybe the pain made a better me (on God)
Just know they secrets is kept with them (on God)
I feel like the streets is in debt with me (straight up)
I gave my heart away to all the dawg
'Cause that's who accepted me (21)
I blame my pops for that sh-
'Cause if he didn't fail, he could've corrected me (21)
Give all the props to my momma
'Cause no matter what, she always protected me (on God)
I promise you, it ain't no checkin' me (on God)
Jump in the water, get wet with me (straight up, 21, 21)
You want my money or wanna have s- with me?
Can't let the opps or the law get the best of me
I get to answerin', you get to textin' me
I see chicken, you n- is breast to me
Plantin' the seed but it ain't a sesame
Can't let you-, grow next to me
My life is all I have
My rhymes, my pen, my pad
And I done made it out the struggle, don't judge me
What you sayin' now won't budge me
'Cause where I come from (come from), so often (so often)
People you grow up with layin' in a coffin
But I done made it through the pain and strife
It's my time and my world, my life, my life",1
J. Cole,Boom bap / Lyric,wLQ8u3xRZd8,"J. Cole - m y . l i f e  feat. 21 Savage, Morray (Official Audio)",J. Cole,"Oh, you came there, God
Yeah, yeah, yeah, yeah
Oh, Lord
No matter how, no matter how long it take, yeah
No matter how long it take, n-
Oh, God, yeah
You better be
Spiralin' up, just like a rich n- staircase (spiral up)
No-fly zone, please stay the f- out my airspace (out my face)
N- say things behind backs that they wouldn't dare say (dare say)
Know it's on sight when I see you, I'm workin' at SquareSpace
Yeah, top of the mornin', I know that you thought that I was dormant
Woke up early from shots that were swarmin'
A block full of opps, now the cops in an orbit
Guess somebody got popped and they knockin' on doors
Tryna find an informant but I ain't see nathin'
I'm mindin' my business as God is my witness
No weapon gon' prosper that's formin' against me
N-, I'm starvin', immensely
Know when I'm done with these songs, you gon' miss me
Ja Morant, I'm on my Grizzly
You n- just cubs but no, not the ones in big leagues
After The Fall Off, I promise I'm comin' to sellin' out Wrigley's
I'm just a product of poverty, full of narcotics
To profit off quickly
My family tree got a history of users that struggle with demons
Not really the hustlin' instincts
Therefore, often, my pockets was empty
So I summoned my partner
Was servin' up r- on the corners, the project assemblies
Me, I was startin' to envy, wanna be on the top where it's plenty
Wanna be in the spot like where every b- want me
Like Rihanna droppin' new Fenty
What I see in the sky
The 'Ville is the ceilin', can't reach up too high, evidently
Nah, I can't reach up too high, evidently
Never seen no one drivin' a Bentley
I can't be out here moppin' a Wendys
My life is all I have
My rhymes, my pen, my pad
And I done made it out the struggle, don't judge me
What you sayin' now won't budge me
'Cause where I come from (come from), so often (so often)
People you grow up with layin' in a coffin
But I done made it through the pain and strife
It's my time and my world, my life, my life
Say what? The stuff that I've seen got me traumatized
I let the K go when Johnny died
Swangin' that m- side to side
We don't participate, ain't with that squashin' sh-
All we believe in is homicide
I got a good heart, so I sent teddy bears
Every time we make their mommas cry
I pray my past ain't ahead of me (21)
When I'm in love, I love heavenly (on God)
If you betray me, you dead to me (21)
I disrespect you respectfully (straight Up)
I got some partners who left this Earth
Maybe the pain made a better me (on God)
Just know they secrets is kept with them (on God)
I feel like the streets is in debt with me (straight up)
I gave my heart away to all the dawg
'Cause that's who accepted me (21)
I blame my pops for that sh-
'Cause if he didn't fail, he could've corrected me (21)
Give all the props to my momma
'Cause no matter what, she always protected me (on God)
I promise you, it ain't no checkin' me (on God)
Jump in the water, get wet with me (straight up, 21, 21)
You want my money or wanna have s- with me?
Can't let the opps or the law get the best of me
I get to answerin', you get to textin' me
I see chicken, you n- is breast to me
Plantin' the seed but it ain't a sesame
Can't let you-, grow next to me
My life is all I have
My rhymes, my pen, my pad
And I done made it out the struggle, don't judge me
What you sayin' now won't budge me
'Cause where I come from (come from), so often (so often)
People you grow up with layin' in a coffin
But I done made it through the pain and strife
It's my time and my world, my life, my life",0
J. Cole,Boom bap / Lyric,wLQ8u3xRZd8,"J. Cole - m y . l i f e  feat. 21 Savage, Morray (Official Audio)",J. Cole,Jake Uno did it again!,0
J. Cole,Boom bap / Lyric,wLQ8u3xRZd8,"J. Cole - m y . l i f e  feat. 21 Savage, Morray (Official Audio)",J. Cole,"21 never miss ""on God""",0
J. Cole,Boom bap / Lyric,wLQ8u3xRZd8,"J. Cole - m y . l i f e  feat. 21 Savage, Morray (Official Audio)",J. Cole,2025!❤,3
J. Cole,Boom bap / Lyric,wLQ8u3xRZd8,"J. Cole - m y . l i f e  feat. 21 Savage, Morray (Official Audio)",J. Cole,No matter how long it takes ...❄️🌍,0
J. Cole,Boom bap / Lyric,wLQ8u3xRZd8,"J. Cole - m y . l i f e  feat. 21 Savage, Morray (Official Audio)",J. Cole,m y . l i f e  most streamed song of 3001,0
J. Cole,Boom bap / Lyric,wLQ8u3xRZd8,"J. Cole - m y . l i f e  feat. 21 Savage, Morray (Official Audio)",J. Cole,Me,0
J. Cole,Boom bap / Lyric,wLQ8u3xRZd8,"J. Cole - m y . l i f e  feat. 21 Savage, Morray (Official Audio)",J. Cole,21 is crazy,1
J. Cole,Boom bap / Lyric,wLQ8u3xRZd8,"J. Cole - m y . l i f e  feat. 21 Savage, Morray (Official Audio)",J. Cole,Any one in 2026😅,0
J. Cole,Boom bap / Lyric,wLQ8u3xRZd8,"J. Cole - m y . l i f e  feat. 21 Savage, Morray (Official Audio)",J. Cole,"Oh, you came there, God
Yeah, yeah, yeah, yeah
Oh, Lord
No matter how, no matter how long it take, yeah
No matter how long it take, n-
Oh, God, yeah
You better be
Spiralin' up, just like a rich n- staircase (spiral up)
No-fly zone, please stay the f- out my airspace (out my face)
N- say things behind backs that they wouldn't dare say (dare say)
Know it's on sight when I see you, I'm workin' at SquareSpace
Yeah, top of the mornin', I know that you thought that I was dormant
Woke up early from shots that were swarmin'
A block full of opps, now the cops in an orbit
Guess somebody got popped and they knockin' on doors
Tryna find an informant but I ain't see nathin'
I'm mindin' my business as God is my witness
No weapon gon' prosper that's formin' against me
N-, I'm starvin', immensely
Know when I'm done with these songs, you gon' miss me
Ja Morant, I'm on my Grizzly
You n- just cubs but no, not the ones in big leagues
After The Fall Off, I promise I'm comin' to sellin' out Wrigley's
I'm just a product of poverty, full of narcotics
To profit off quickly
My family tree got a history of users that struggle with demons
Not really the hustlin' instincts
Therefore, often, my pockets was empty
So I summoned my partner
Was servin' up r- on the corners, the project assemblies
Me, I was startin' to envy, wanna be on the top where it's plenty
Wanna be in the spot like where every b- want me
Like Rihanna droppin' new Fenty
What I see in the sky
The 'Ville is the ceilin', can't reach up too high, evidently
Nah, I can't reach up too high, evidently
Never seen no one drivin' a Bentley
I can't be out here moppin' a Wendys
My life is all I have
My rhymes, my pen, my pad
And I done made it out the struggle, don't judge me
What you sayin' now won't budge me
'Cause where I come from (come from), so often (so often)
People you grow up with layin' in a coffin
But I done made it through the pain and strife
It's my time and my world, my life, my life
Say what? The stuff that I've seen got me traumatized
I let the K go when Johnny died
Swangin' that m- side to side
We don't participate, ain't with that squashin' sh-
All we believe in is homicide
I got a good heart, so I sent teddy bears
Every time we make their mommas cry
I pray my past ain't ahead of me (21)
When I'm in love, I love heavenly (on God)
If you betray me, you dead to me (21)
I disrespect you respectfully (straight Up)
I got some partners who left this Earth
Maybe the pain made a better me (on God)
Just know they secrets is kept with them (on God)
I feel like the streets is in debt with me (straight up)
I gave my heart away to all the dawg
'Cause that's who accepted me (21)
I blame my pops for that sh-
'Cause if he didn't fail, he could've corrected me (21)
Give all the props to my momma
'Cause no matter what, she always protected me (on God)
I promise you, it ain't no checkin' me (on God)
Jump in the water, get wet with me (straight up, 21, 21)
You want my money or wanna have s- with me?
Can't let the opps or the law get the best of me
I get to answerin', you get to textin' me
I see chicken, you n- is breast to me
Plantin' the seed but it ain't a sesame
Can't let you-, grow next to me
My life is all I have
My rhymes, my pen, my pad
And I done made it out the struggle, don't judge me
What you sayin' now won't budge me
'Cause where I come from (come from), so often (so often)
People you grow up with layin' in a coffin
But I done made it through the pain and strife
It's my time and my world, my life, my life",1
J. Cole,Boom bap / Lyric,wLQ8u3xRZd8,"J. Cole - m y . l i f e  feat. 21 Savage, Morray (Official Audio)",J. Cole,ty styles p & pharaohe monch for this,0
J. Cole,Boom bap / Lyric,wLQ8u3xRZd8,"J. Cole - m y . l i f e  feat. 21 Savage, Morray (Official Audio)",J. Cole,Quail P- street appreciation,0
J. Cole,Boom bap / Lyric,wLQ8u3xRZd8,"J. Cole - m y . l i f e  feat. 21 Savage, Morray (Official Audio)",J. Cole,Anyone in 2026😂,4
J. Cole,Boom bap / Lyric,wLQ8u3xRZd8,"J. Cole - m y . l i f e  feat. 21 Savage, Morray (Official Audio)",J. Cole,fuk new years,2
J. Cole,Boom bap / Lyric,wLQ8u3xRZd8,"J. Cole - m y . l i f e  feat. 21 Savage, Morray (Official Audio)",J. Cole,I can be her mopping up Wendy's.,0
J. Cole,Boom bap / Lyric,wLQ8u3xRZd8,"J. Cole - m y . l i f e  feat. 21 Savage, Morray (Official Audio)",J. Cole,All my life,0
J. Cole,Boom bap / Lyric,wLQ8u3xRZd8,"J. Cole - m y . l i f e  feat. 21 Savage, Morray (Official Audio)",J. Cole,YesssA ❤,2
J. Cole,Boom bap / Lyric,wLQ8u3xRZd8,"J. Cole - m y . l i f e  feat. 21 Savage, Morray (Official Audio)",J. Cole,❤,0
J. Cole,Boom bap / Lyric,wLQ8u3xRZd8,"J. Cole - m y . l i f e  feat. 21 Savage, Morray (Official Audio)",J. Cole,Here May 2025,1
J. Cole,Boom bap / Lyric,wLQ8u3xRZd8,"J. Cole - m y . l i f e  feat. 21 Savage, Morray (Official Audio)",J. Cole,"Happy 4th Anniversary to THE OFF SEASON!!! I can't believe it's been 4 years already, take me back please. I have so many memories of this song I first heard this song in May 2021. I was 12 when this song came out and I was playing football in Paterson, NJ even though I lived in the Northwestern part of the state like Sparta, NJ. This song will always take me back to summer 2021, I remember when I was training this song would be playing and I would be hyped. I never liked football, and I hated my dad for making me play since 2019, but I stopped playing in 2022 because my mom told him no more football because I hated it. I heard this song from April 2021 to December 2021. The other time I heard this song was when my mom, my sister, and I were going to Georgia to see my cousins it was so much fun, we went in July 2021, so three years ago this week from July 22, 2021, to July 31, 2021. I can't believe that was three years ago, this song will forever remind me of training, working out, playing football, going on the Georgia vacation, and listening to this song with my dad on the radio in the car. My dad and I were so obsessed with this song, time went by way too fast for 2021 to be 3 years ago. I wish I could go back, J Cole's Off-Season album, Drake's Certified Lover Boy album, and Pop Smoke's song What You Know 'Bout Love (R.I.P) all bring back memories of that summer and summer 2022. In summer 2022 we went on so many vacations, in April 2022, we went to Outer Banks and Richmond, VA, then in May 2022, we went to Aruba, in June 2022, we went to Barbados, and in July 2022, we went to Orlando with my cousins from Georgia to celebrate my other aunt's 10th anniversary on July 1, 2012 - July 1, 2022. This will forever remind me of the summers of 2021 and 2022. I wish I could go back to those years. I miss the early 2020s sometimes. Even though Covid-19 was around, I still made the most of my life, and I hope we can all do that in the future.  May 14, 2021 - May 14, 2025",1
J. Cole,Boom bap / Lyric,wLQ8u3xRZd8,"J. Cole - m y . l i f e  feat. 21 Savage, Morray (Official Audio)",J. Cole,"My life is alll I had, my rhymes, my pen, my padd",0
J. Cole,Boom bap / Lyric,wLQ8u3xRZd8,"J. Cole - m y . l i f e  feat. 21 Savage, Morray (Official Audio)",J. Cole,2:24 🔥,0
J. Cole,Boom bap / Lyric,wLQ8u3xRZd8,"J. Cole - m y . l i f e  feat. 21 Savage, Morray (Official Audio)",J. Cole,People will be  here in 2030🤞 straight classic.,2
J. Cole,Boom bap / Lyric,wLQ8u3xRZd8,"J. Cole - m y . l i f e  feat. 21 Savage, Morray (Official Audio)",J. Cole,21,0
J. Cole,Boom bap / Lyric,wLQ8u3xRZd8,"J. Cole - m y . l i f e  feat. 21 Savage, Morray (Official Audio)",J. Cole,m y . l i f e 🤎,2
J. Cole,Boom bap / Lyric,wLQ8u3xRZd8,"J. Cole - m y . l i f e  feat. 21 Savage, Morray (Official Audio)",J. Cole,Gas ⛽️ 🔥🔥🔥,1
J. Cole,Boom bap / Lyric,wLQ8u3xRZd8,"J. Cole - m y . l i f e  feat. 21 Savage, Morray (Official Audio)",J. Cole,"4ever the voice of truth, j cole my father, 2025 still and still",0
J. Cole,Boom bap / Lyric,wLQ8u3xRZd8,"J. Cole - m y . l i f e  feat. 21 Savage, Morray (Official Audio)",J. Cole,❤️,0
J. Cole,Boom bap / Lyric,wLQ8u3xRZd8,"J. Cole - m y . l i f e  feat. 21 Savage, Morray (Official Audio)",J. Cole,Anyone in 3025??,1
J. Cole,Boom bap / Lyric,wLQ8u3xRZd8,"J. Cole - m y . l i f e  feat. 21 Savage, Morray (Official Audio)",J. Cole,2025 and this song is bumping,0
J. Cole,Boom bap / Lyric,wLQ8u3xRZd8,"J. Cole - m y . l i f e  feat. 21 Savage, Morray (Official Audio)",J. Cole,2025?,3
J. Cole,Boom bap / Lyric,wLQ8u3xRZd8,"J. Cole - m y . l i f e  feat. 21 Savage, Morray (Official Audio)",J. Cole,Morray actually cooked with the hook.,2
J. Cole,Boom bap / Lyric,wLQ8u3xRZd8,"J. Cole - m y . l i f e  feat. 21 Savage, Morray (Official Audio)",J. Cole,Coldest shit i heard,2
J. Cole,Boom bap / Lyric,wLQ8u3xRZd8,"J. Cole - m y . l i f e  feat. 21 Savage, Morray (Official Audio)",J. Cole,"m y . l i f e 🙏🏾
Can't deny J. Cole been in his bag since day one, but that HIPVIEWS DAWT CAWM boost is on another level! Dude’s literally unstoppable now. 🔥💥",3
J. Cole,Boom bap / Lyric,wLQ8u3xRZd8,"J. Cole - m y . l i f e  feat. 21 Savage, Morray (Official Audio)",J. Cole,Every time we make they mommas cry 😢 😂,1
J. Cole,Boom bap / Lyric,wLQ8u3xRZd8,"J. Cole - m y . l i f e  feat. 21 Savage, Morray (Official Audio)",J. Cole,Masterclass,1
J. Cole,Boom bap / Lyric,wLQ8u3xRZd8,"J. Cole - m y . l i f e  feat. 21 Savage, Morray (Official Audio)",J. Cole,🗣️I’m just hearing this in 2025 🔥💪🏾,1
J. Cole,Boom bap / Lyric,wLQ8u3xRZd8,"J. Cole - m y . l i f e  feat. 21 Savage, Morray (Official Audio)",J. Cole,Greatestttttt,3
J. Cole,Boom bap / Lyric,wLQ8u3xRZd8,"J. Cole - m y . l i f e  feat. 21 Savage, Morray (Official Audio)",J. Cole,"This hits home coming from the ville. RIP to all of the fallen homies, too many to list",1
J. Cole,Boom bap / Lyric,wLQ8u3xRZd8,"J. Cole - m y . l i f e  feat. 21 Savage, Morray (Official Audio)",J. Cole,Me !!😅,2
J. Cole,Boom bap / Lyric,wLQ8u3xRZd8,"J. Cole - m y . l i f e  feat. 21 Savage, Morray (Official Audio)",J. Cole,This song hits different,3
J. Cole,Boom bap / Lyric,wLQ8u3xRZd8,"J. Cole - m y . l i f e  feat. 21 Savage, Morray (Official Audio)",J. Cole,Anyone in 2025???,278
J. Cole,Boom bap / Lyric,wLQ8u3xRZd8,"J. Cole - m y . l i f e  feat. 21 Savage, Morray (Official Audio)",J. Cole,"1:43

Banger",1
J. Cole,Boom bap / Lyric,wLQ8u3xRZd8,"J. Cole - m y . l i f e  feat. 21 Savage, Morray (Official Audio)",J. Cole,Only here for 21 savage 🐐,0
J. Cole,Boom bap / Lyric,wLQ8u3xRZd8,"J. Cole - m y . l i f e  feat. 21 Savage, Morray (Official Audio)",J. Cole,"Styles P influenced so dope, my bad haven’t listened to rap in years",0
J. Cole,Boom bap / Lyric,wLQ8u3xRZd8,"J. Cole - m y . l i f e  feat. 21 Savage, Morray (Official Audio)",J. Cole,Please can someone help me translate cole’s verse ? I don’t speak 🗣️ GOAT,2
J. Cole,Boom bap / Lyric,wLQ8u3xRZd8,"J. Cole - m y . l i f e  feat. 21 Savage, Morray (Official Audio)",J. Cole,my life is all i have,2
J. Cole,Boom bap / Lyric,wLQ8u3xRZd8,"J. Cole - m y . l i f e  feat. 21 Savage, Morray (Official Audio)",J. Cole,"Yeah, yeah, yeah, yeah
(Oh, Lord)
(No matter how, no matter how long it take, yeah)
No matter how long it take, nigga
(Oh, Lord, oh, yeah)
(You better be)
Spiralin' up, just like a rich nigga staircase (staircase)
No fly zone, please stay the fuck out my airspace (out my face)
Niggas say things behind backs that they wouldn't dare say (dare say)
Know it's on sight when I see you, I'm workin' at Squarespace
Yeah, top of the mornin', I know that you thought I was dormant
Woke up early from shots that were swarmin'
A block full of opps, now the cops in an orbit
Guess somebody got popped, now they knockin' on doors
Tryna find an informant but I ain't see Nathan
I'm mindin' my business as God is my witness
No weapon gon' prosper that's formin' against me
Nigga, I'm starvin', immensely
Know when I'm done with these songs, you gon' miss me
Ja Morant, I'm on my Grizzly
You niggas just cubs but no, not the ones in the big leagues
After The Fall Off, I promise I'm comin' and sellin' out Wrigley's
Nigga, I'm just a product of poverty, full of narcotics to profit off quickly
My family tree got a history of users that struggle with demons
Not really the hustler instincts
Therefore, often, my pockets was empty
So while some of my partners was servin' up rocks on the corners, the project assemblies
Me, I was startin' to envy, wanna be on the top where it's plenty
Wanna be in the spot like where every bitch want me like Rihanna droppin' new Fenty
What I see in the sky, the 'Ville is the ceilin', can't reach up too high, evidently
Nah, shit, I can't reach up too high, evidently
Never seen no one drivin' a Bentley
I can't be out here moppin' up Wendy's
My life is all I have
My rhymes, my pen, my pad
And I done made it out the struggle, don't judge me
What you're sayin' now won't budge me
'Cause where I come from (come from), so often (so often)
People you grow up with layin' in a coffin
But I done made it through the pain and strife
It's my time now, my world, my life, my life
Say what? The stuff that I've seen got me traumatized
I let the K go when Johnny died
Swangin' that muhfucka' side to side
We don't participate, ain't with that squashin' shit, all we believe in is homicides
I got a good heart, so I send teddy bears every time we make they mamas cry
I pray that my past ain't ahead of me (21)
When I'm in love, I love heavily (on God)
If you betray me, you dead to me (21)
I disrespect you respectfully (straight up)
I got some partners who left this Earth
Maybe the pain made a better me (on God)
Just know that they secrets is kept with me (on God)
I feel like the streets is in debt with me (straight up)
I gave my heart away to all the dawg hoes 'cause that's who accepted me (21)
I blame my pops for that shit 'cause if he didn't fail, he could've corrected me (21)
Give all the props to my mama 'cause no matter what, she always protected me (on God)
I promise you, it ain't no checkin' me (on God)
Jump in the water, get wet with me (straight up, 21, 21)
You want my money or wanna have sex with me?
Can't let the opps or the law get the best of me
I get to answerin', you get to textin' me
I see chicken, you niggas is breast to me
Planted a seed but it ain't a sesame
Can't let you niggas or bitches grow next to me
My life is all I have
My rhymes, my pen, my pad
And I done made it out the struggle, don't judge me
What you're sayin' now won't budge me
'Cause where I come from (come from), so often (so often)
People you grow up with layin' in a coffin
But I done made it through the pain and strife
It's my time now, my world, my life, my life
Sumber: LyricFind
Penulis lagu: Jacob Brian Dutton / Jermaine Cole / Pharoahe Monch / Shayaa Bin Abraham-Joseph / Styles P / Walter Mcdaniel
Lirik m y . l i f e © Navy Yard Music, Sony/ATV Music Publishing LLC, Warner Chappell Music, Inc",2
J. Cole,Boom bap / Lyric,wLQ8u3xRZd8,"J. Cole - m y . l i f e  feat. 21 Savage, Morray (Official Audio)",J. Cole,U dead to me🥶,1
J. Cole,Boom bap / Lyric,wLQ8u3xRZd8,"J. Cole - m y . l i f e  feat. 21 Savage, Morray (Official Audio)",J. Cole,Never thought the day a come when 21 savage a be out rapping J Cole 😭,0
J. Cole,Boom bap / Lyric,wLQ8u3xRZd8,"J. Cole - m y . l i f e  feat. 21 Savage, Morray (Official Audio)",J. Cole,the only bad thing about this song is that it ends🥵🥵🥵,0
J. Cole,Boom bap / Lyric,wLQ8u3xRZd8,"J. Cole - m y . l i f e  feat. 21 Savage, Morray (Official Audio)",J. Cole,Never getting old,0
J. Cole,Boom bap / Lyric,wLQ8u3xRZd8,"J. Cole - m y . l i f e  feat. 21 Savage, Morray (Official Audio)",J. Cole,"Yeah, yeah, yeah, yeah
(Oh, Lord)
(No matter how, no matter how long it take, yeah)
No matter how long it take, nigga
(Oh, Lord, oh, yeah)
(You better be)
Spiralin' up, just like a rich nigga staircase (staircase)
No fly zone, please stay the fuck out my airspace (out my face)
Niggas say things behind backs that they wouldn't dare say (dare say)
Know it's on sight when I see you, I'm workin' at Squarespace
Yeah, top of the mornin', I know that you thought I was dormant
Woke up early from shots that were swarmin'
A block full of opps, now the cops in an orbit
Guess somebody got popped, now they knockin' on doors
Tryna find an informant but I ain't see Nathan
I'm mindin' my business as God is my witness
No weapon gon' prosper that's formin' against me
Nigga, I'm starvin', immensely
Know when I'm done with these songs, you gon' miss me
Ja Morant, I'm on my Grizzly
You niggas just cubs but no, not the ones in the big leagues
After The Fall Off, I promise I'm comin' and sellin' out Wrigley's
Nigga, I'm just a product of poverty, full of narcotics to profit off quickly
My family tree got a history of users that struggle with demons
Not really the hustler instincts
Therefore, often, my pockets was empty
So while some of my partners was servin' up rocks on the corners, the project assemblies
Me, I was startin' to envy, wanna be on the top where it's plenty
Wanna be in the spot like where every bitch want me like Rihanna droppin' new Fenty
What I see in the sky, the 'Ville is the ceilin', can't reach up too high, evidently
Nah, shit, I can't reach up too high, evidently
Never seen no one drivin' a Bentley
I can't be out here moppin' up Wendy's
My life is all I have
My rhymes, my pen, my pad
And I done made it out the struggle, don't judge me
What you're sayin' now won't budge me
'Cause where I come from (come from), so often (so often)
People you grow up with layin' in a coffin
But I done made it through the pain and strife
It's my time now, my world, my life, my life
Say what? The stuff that I've seen got me traumatized
I let the K go when Johnny died
Swangin' that muhfucka' side to side
We don't participate, ain't with that squashin' shit, all we believe in is homicides
I got a good heart, so I send teddy bears every time we make they mamas cry
I pray that my past ain't ahead of me (21)
When I'm in love, I love heavily (on God)
If you betray me, you dead to me (21)
I disrespect you respectfully (straight up)
I got some partners who left this Earth
Maybe the pain made a better me (on God)
Just know that they secrets is kept with me (on God)
I feel like the streets is in debt with me (straight up)
I gave my heart away to all the dawg hoes 'cause that's who accepted me (21)
I blame my pops for that shit 'cause if he didn't fail, he could've corrected me (21)
Give all the props to my mama 'cause no matter what, she always protected me (on God)
I promise you, it ain't no checkin' me (on God)
Jump in the water, get wet with me (straight up, 21, 21)
You want my money or wanna have sex with me?
Can't let the opps or the law get the best of me
I get to answerin', you get to textin' me
I see chicken, you niggas is breast to me
Planted a seed but it ain't a sesame
Can't let you niggas or bitches grow next to me
My life is all I have
My rhymes, my pen, my pad
And I done made it out the struggle, don't judge me
What you're sayin' now won't budge me
'Cause where I come from (come from), so often (so often)
People you grow up with layin' in a coffin
But I done made it through the pain and strife
It's my time now, my world, my life, my life",1
J. Cole,Boom bap / Lyric,wLQ8u3xRZd8,"J. Cole - m y . l i f e  feat. 21 Savage, Morray (Official Audio)",J. Cole,🤯🤯🔥🔥🔥🔥🔥👌🏾,0
J. Cole,Boom bap / Lyric,wLQ8u3xRZd8,"J. Cole - m y . l i f e  feat. 21 Savage, Morray (Official Audio)",J. Cole,Dis shit bang...,0
J. Cole,Boom bap / Lyric,wLQ8u3xRZd8,"J. Cole - m y . l i f e  feat. 21 Savage, Morray (Official Audio)",J. Cole,🔥,0
J. Cole,Boom bap / Lyric,wLQ8u3xRZd8,"J. Cole - m y . l i f e  feat. 21 Savage, Morray (Official Audio)",J. Cole,I love the fact these guys was inspired by Styles P and Pharoah Monch from their My Life song,0
J. Cole,Boom bap / Lyric,wLQ8u3xRZd8,"J. Cole - m y . l i f e  feat. 21 Savage, Morray (Official Audio)",J. Cole,Only 19k views.... that's the world we live in now.,0
J. Cole,Boom bap / Lyric,wLQ8u3xRZd8,"J. Cole - m y . l i f e  feat. 21 Savage, Morray (Official Audio)",J. Cole,Just spent 2 hours listening to this masterpiece on loop. Dope,1
J. Cole,Boom bap / Lyric,wLQ8u3xRZd8,"J. Cole - m y . l i f e  feat. 21 Savage, Morray (Official Audio)",J. Cole,I got some Patnas who left this Earth maybe the pain Made a Better Me. Just know their secrets are Kept W / Me.,1
J. Cole,Boom bap / Lyric,wLQ8u3xRZd8,"J. Cole - m y . l i f e  feat. 21 Savage, Morray (Official Audio)",J. Cole,I try to study listening jcole (all these years) but its hard to focus when i know the song bar for bar and it vibes so hard.,0
J. Cole,Boom bap / Lyric,wLQ8u3xRZd8,"J. Cole - m y . l i f e  feat. 21 Savage, Morray (Official Audio)",J. Cole,❤,0
J. Cole,Boom bap / Lyric,wLQ8u3xRZd8,"J. Cole - m y . l i f e  feat. 21 Savage, Morray (Official Audio)",J. Cole,"He might not know it but Jermaine has stopped more than a handful of suicides.  I thank god for my will, my😮 mama and his music.",1
J. Cole,Boom bap / Lyric,wLQ8u3xRZd8,"J. Cole - m y . l i f e  feat. 21 Savage, Morray (Official Audio)",J. Cole,How many came back here after Vlad Interview on Morray?,0
J. Cole,Boom bap / Lyric,wLQ8u3xRZd8,"J. Cole - m y . l i f e  feat. 21 Savage, Morray (Official Audio)",J. Cole,"Yeah, yeah, yeah, yeah
(Oh, Lord)
(No matter how, no matter how long it take, yeah)
No matter how long it take, nigga
(Oh, Lord, oh, yeah)
(You better be)
Spiralin' up, just like a rich nigga staircase (staircase)
No fly zone, please stay the fuck out my airspace (out my face)
Niggas say things behind backs that they wouldn't dare say (dare say)
Know it's on sight when I see you, I'm workin' at Squarespace
Yeah, top of the mornin', I know that you thought I was dormant
Woke up early from shots that were swarmin'
A block full of opps, now the cops in an orbit
Guess somebody got popped, now they knockin' on doors
Tryna find an informant but I ain't see Nathan
I'm mindin' my business as God is my witness
No weapon gon' prosper that's formin' against me
Nigga, I'm starvin', immensely
Know when I'm done with these songs, you gon' miss me
Ja Morant, I'm on my Grizzly
You niggas just cubs but no, not the ones in the big leagues
After The Fall Off, I promise I'm comin' and sellin' out Wrigley's
Nigga, I'm just a product of poverty, full of narcotics to profit off quickly
My family tree got a history of users that struggle with demons
Not really the hustler instincts
Therefore, often, my pockets was empty
So while some of my partners was servin' up rocks on the corners, the project assemblies
Me, I was startin' to envy, wanna be on the top where it's plenty
Wanna be in the spot like where every bitch want me like Rihanna droppin' new Fenty
What I see in the sky, the 'Ville is the ceilin', can't reach up too high, evidently
Nah, shit, I can't reach up too high, evidently
Never seen no one drivin' a Bentley
I can't be out here moppin' up Wendy's
My life is all I have
My rhymes, my pen, my pad
And I done made it out the struggle, don't judge me
What you're sayin' now won't budge me
'Cause where I come from (come from), so often (so often)
People you grow up with layin' in a coffin
But I done made it through the pain and strife
It's my time now, my world, my life, my life
Say what? The stuff that I've seen got me traumatized
I let the K go when Johnny died
Swangin' that muhfucka' side to side
We don't participate, ain't with that squashin' shit, all we believe in is homicides
I got a good heart, so I send teddy bears every time we make they mamas cry
I pray that my past ain't ahead of me (21)
When I'm in love, I love heavily (on God)
If you betray me, you dead to me (21)
I disrespect you respectfully (straight up)
I got some partners who left this Earth
Maybe the pain made a better me (on God)
Just know that they secrets is kept with me (on God)
I feel like the streets is in debt with me (straight up)
I gave my heart away to all the dawg hoes 'cause that's who accepted me (21)
I blame my pops for that shit 'cause if he didn't fail, he could've corrected me (21)
Give all the props to my mama 'cause no matter what, she always protected me (on God)
I promise you, it ain't no checkin' me (on God)
Jump in the water, get wet with me (straight up, 21, 21)
You want my money or wanna have sex with me?
Can't let the opps or the law get the best of me
I get to answerin', you get to textin' me
I see chicken, you niggas is breast to me
Planted a seed but it ain't a sesame
Can't let you niggas or bitches grow next to me
My life is all I have
My rhymes, my pen, my pad
And I done made it out the struggle, don't judge me
What you're sayin' now won't budge me
'Cause where I come from (come from), so often (so often)
People you grow up with layin' in a coffin
But I done made it through the pain and strife
It's my time now, my world, my life, my life",0
J. Cole,Boom bap / Lyric,wLQ8u3xRZd8,"J. Cole - m y . l i f e  feat. 21 Savage, Morray (Official Audio)",J. Cole,I done made through the pain my strife,3
J. Cole,Boom bap / Lyric,wLQ8u3xRZd8,"J. Cole - m y . l i f e  feat. 21 Savage, Morray (Official Audio)",J. Cole,"“21”
“Straight up”
“On God”",1
J. Cole,Boom bap / Lyric,wLQ8u3xRZd8,"J. Cole - m y . l i f e  feat. 21 Savage, Morray (Official Audio)",J. Cole,I’m ready for the fall off,0
J. Cole,Boom bap / Lyric,wLQ8u3xRZd8,"J. Cole - m y . l i f e  feat. 21 Savage, Morray (Official Audio)",J. Cole,21 snapped!,0
J. Cole,Boom bap / Lyric,wLQ8u3xRZd8,"J. Cole - m y . l i f e  feat. 21 Savage, Morray (Official Audio)",J. Cole,dope🧐🧐,0
J. Cole,Boom bap / Lyric,wLQ8u3xRZd8,"J. Cole - m y . l i f e  feat. 21 Savage, Morray (Official Audio)",J. Cole,2:18 Sesshhhh savage❤,2
J. Cole,Boom bap / Lyric,wLQ8u3xRZd8,"J. Cole - m y . l i f e  feat. 21 Savage, Morray (Official Audio)",J. Cole,Me waiting for 21 savage💀,1
J. Cole,Boom bap / Lyric,wLQ8u3xRZd8,"J. Cole - m y . l i f e  feat. 21 Savage, Morray (Official Audio)",J. Cole,Still such a Amazing track till this day!,0
J. Cole,Boom bap / Lyric,wLQ8u3xRZd8,"J. Cole - m y . l i f e  feat. 21 Savage, Morray (Official Audio)",J. Cole,Young Man you be going off..,0
J. Cole,Boom bap / Lyric,wLQ8u3xRZd8,"J. Cole - m y . l i f e  feat. 21 Savage, Morray (Official Audio)",J. Cole,21 savage murdered his verse 🔥,0
J. Cole,Boom bap / Lyric,wLQ8u3xRZd8,"J. Cole - m y . l i f e  feat. 21 Savage, Morray (Official Audio)",J. Cole,Who here an 2025❤,7
J. Cole,Boom bap / Lyric,wLQ8u3xRZd8,"J. Cole - m y . l i f e  feat. 21 Savage, Morray (Official Audio)",J. Cole,2:09 21 savage part,4
J. Cole,Boom bap / Lyric,wLQ8u3xRZd8,"J. Cole - m y . l i f e  feat. 21 Savage, Morray (Official Audio)",J. Cole,"Yeah, yeah, yeah, yeah
(Oh, Lord)
(No matter how, no matter how long it take, yeah)
No matter how long it take, nigga
(Oh, Lord, oh, yeah)
(You better be)
Spiralin' up, just like a rich nigga staircase (staircase)
No fly zone, please stay the fuck out my airspace (out my face)
Niggas say things behind backs that they wouldn't dare say (dare say)
Know it's on sight when I see you, I'm workin' at Squarespace
Yeah, top of the mornin', I know that you thought I was dormant
Woke up early from shots that were swarmin'
A block full of opps, now the cops in an orbit
Guess somebody got popped, now they knockin' on doors
Tryna find an informant but I ain't see Nathan
I'm mindin' my business as God is my witness
No weapon gon' prosper that's formin' against me
Nigga, I'm starvin', immensely
Know when I'm done with these songs, you gon' miss me
Ja Morant, I'm on my Grizzly
You niggas just cubs but no, not the ones in the big leagues
After The Fall Off, I promise I'm comin' and sellin' out Wrigley's
Nigga, I'm just a product of poverty, full of narcotics to profit off quickly
My family tree got a history of users that struggle with demons
Not really the hustler instincts
Therefore, often, my pockets was empty
So while some of my partners was servin' up rocks on the corners, the project assemblies
Me, I was startin' to envy, wanna be on the top where it's plenty
Wanna be in the spot like where every bitch want me like Rihanna droppin' new Fenty
What I see in the sky, the 'Ville is the ceilin', can't reach up too high, evidently
Nah, shit, I can't reach up too high, evidently
Never seen no one drivin' a Bentley
I can't be out here moppin' up Wendy's
My life is all I have
My rhymes, my pen, my pad
And I done made it out the struggle, don't judge me
What you're sayin' now won't budge me
'Cause where I come from (come from), so often (so often)
People you grow up with layin' in a coffin
But I done made it through the pain and strife
It's my time now, my world, my life, my life
Say what? The stuff that I've seen got me traumatized
I let the K go when Johnny died
Swangin' that muhfucka' side to side
We don't participate, ain't with that squashin' shit, all we believe in is homicides
I got a good heart, so I send teddy bears every time we make they mamas cry
I pray that my past ain't ahead of me (21)
When I'm in love, I love heavily (on God)
If you betray me, you dead to me (21)
I disrespect you respectfully (straight up)
I got some partners who left this Earth
Maybe the pain made a better me (on God)
Just know that they secrets is kept with me (on God)
I feel like the streets is in debt with me (straight up)
I gave my heart away to all the dawg hoes 'cause that's who accepted me (21)
I blame my pops for that shit 'cause if he didn't fail, he could've corrected me (21)
Give all the props to my mama 'cause no matter what, she always protected me (on God)
I promise you, it ain't no checkin' me (on God)
Jump in the water, get wet with me (straight up, 21, 21)
You want my money or wanna have sex with me?
Can't let the opps or the law get the best of me
I get to answerin', you get to textin' me
I see chicken, you niggas is breast to me
Planted a seed but it ain't a sesame
Can't let you niggas or bitches grow next to me
My life is all I have
My rhymes, my pen, my pad
And I done made it out the struggle, don't judge me
What you're sayin' now won't budge me
'Cause where I come from (come from), so often (so often)
People you grow up with layin' in a coffin
But I done made it through the pain and strife
It's my time now, my world, my life, my life",0
J. Cole,Boom bap / Lyric,wLQ8u3xRZd8,"J. Cole - m y . l i f e  feat. 21 Savage, Morray (Official Audio)",J. Cole,no no se,0
J. Cole,Boom bap / Lyric,wLQ8u3xRZd8,"J. Cole - m y . l i f e  feat. 21 Savage, Morray (Official Audio)",J. Cole,"21savage:""Say what""🔥",0
J. Cole,Boom bap / Lyric,wLQ8u3xRZd8,"J. Cole - m y . l i f e  feat. 21 Savage, Morray (Official Audio)",J. Cole,21 speakin facts ong,0
J. Cole,Boom bap / Lyric,wLQ8u3xRZd8,"J. Cole - m y . l i f e  feat. 21 Savage, Morray (Official Audio)",J. Cole,https://youtube.com/playlist?list=PLEOgoXH8HvoIDDqnTGt9mbn5foTh3rM5N&si=d17UmyNcAR-DHcZ8,1
J. Cole,Boom bap / Lyric,wLQ8u3xRZd8,"J. Cole - m y . l i f e  feat. 21 Savage, Morray (Official Audio)",J. Cole,"I got a good heart, so i send teddy bears every time I make their momma cry 🥲 i disrespect u respectfully😆 21 aint got no manners on this one. Murdered the beat with every single word that came out his mouth.",1
J. Cole,Boom bap / Lyric,wLQ8u3xRZd8,"J. Cole - m y . l i f e  feat. 21 Savage, Morray (Official Audio)",J. Cole,21 is disgusting on this one damn. Man murdered the beat.,0
J. Cole,Boom bap / Lyric,wLQ8u3xRZd8,"J. Cole - m y . l i f e  feat. 21 Savage, Morray (Official Audio)",J. Cole,Let's keep hip hop alive,0
J. Cole,Boom bap / Lyric,wLQ8u3xRZd8,"J. Cole - m y . l i f e  feat. 21 Savage, Morray (Official Audio)",J. Cole,“I disrespect you respectfully” Underrated asf,0
J. Cole,Boom bap / Lyric,wLQ8u3xRZd8,"J. Cole - m y . l i f e  feat. 21 Savage, Morray (Official Audio)",J. Cole,Chills,0
J. Cole,Boom bap / Lyric,wLQ8u3xRZd8,"J. Cole - m y . l i f e  feat. 21 Savage, Morray (Official Audio)",J. Cole,Life not live is evil 👿 😂,1
J. Cole,Boom bap / Lyric,wLQ8u3xRZd8,"J. Cole - m y . l i f e  feat. 21 Savage, Morray (Official Audio)",J. Cole,He really bumped da sht out dis junt no capp I been fucking wit dis one since he dropped it frfr,1
J. Cole,Boom bap / Lyric,wLQ8u3xRZd8,"J. Cole - m y . l i f e  feat. 21 Savage, Morray (Official Audio)",J. Cole,"Been in the hospital for days and now I’m diagnosed with leukemia, hearing this makes calm me down",1
J. Cole,Boom bap / Lyric,wLQ8u3xRZd8,"J. Cole - m y . l i f e  feat. 21 Savage, Morray (Official Audio)",J. Cole,Two words: Instant Classic,3
J. Cole,Boom bap / Lyric,wLQ8u3xRZd8,"J. Cole - m y . l i f e  feat. 21 Savage, Morray (Official Audio)",J. Cole,She knous,0
J. Cole,Boom bap / Lyric,wLQ8u3xRZd8,"J. Cole - m y . l i f e  feat. 21 Savage, Morray (Official Audio)",J. Cole,🔥🔥🔥🔥🔥🔥🔥🔥Put this at 1.25x speed 🔥🔥🔥🔥🔥🔥🔥🔥🔥🔥🔥,1
J. Cole,Boom bap / Lyric,wLQ8u3xRZd8,"J. Cole - m y . l i f e  feat. 21 Savage, Morray (Official Audio)",J. Cole,0:47,0
J. Cole,Boom bap / Lyric,wLQ8u3xRZd8,"J. Cole - m y . l i f e  feat. 21 Savage, Morray (Official Audio)",J. Cole,Idk what’s better this or Blue bird LONG LIVE Pervy Sage✅,0
J. Cole,Boom bap / Lyric,wLQ8u3xRZd8,"J. Cole - m y . l i f e  feat. 21 Savage, Morray (Official Audio)",J. Cole,My life is all I had,3
J. Cole,Boom bap / Lyric,wLQ8u3xRZd8,"J. Cole - m y . l i f e  feat. 21 Savage, Morray (Official Audio)",J. Cole,TiDisDay!!! ,1
J. Cole,Boom bap / Lyric,wLQ8u3xRZd8,"J. Cole - m y . l i f e  feat. 21 Savage, Morray (Official Audio)",J. Cole,Desde el salvador,0
J. Cole,Boom bap / Lyric,wLQ8u3xRZd8,"J. Cole - m y . l i f e  feat. 21 Savage, Morray (Official Audio)",J. Cole,2024?,3
J. Cole,Boom bap / Lyric,wLQ8u3xRZd8,"J. Cole - m y . l i f e  feat. 21 Savage, Morray (Official Audio)",J. Cole,❤🔥🔥🔥🔥💯,1
J. Cole,Boom bap / Lyric,wLQ8u3xRZd8,"J. Cole - m y . l i f e  feat. 21 Savage, Morray (Official Audio)",J. Cole,7,0
J. Cole,Boom bap / Lyric,wLQ8u3xRZd8,"J. Cole - m y . l i f e  feat. 21 Savage, Morray (Official Audio)",J. Cole,GUNSHOT RAPPER,1
J. Cole,Boom bap / Lyric,wLQ8u3xRZd8,"J. Cole - m y . l i f e  feat. 21 Savage, Morray (Official Audio)",J. Cole,🐐 for a reason man ❤,0
J. Cole,Boom bap / Lyric,wLQ8u3xRZd8,"J. Cole - m y . l i f e  feat. 21 Savage, Morray (Official Audio)",J. Cole,W song,0
J. Cole,Boom bap / Lyric,wLQ8u3xRZd8,"J. Cole - m y . l i f e  feat. 21 Savage, Morray (Official Audio)",J. Cole,How much money u got a lot,1
J. Cole,Boom bap / Lyric,wLQ8u3xRZd8,"J. Cole - m y . l i f e  feat. 21 Savage, Morray (Official Audio)",J. Cole,21 Savage's verse just stands out for me.,1
J. Cole,Boom bap / Lyric,wLQ8u3xRZd8,"J. Cole - m y . l i f e  feat. 21 Savage, Morray (Official Audio)",J. Cole,🔥🔥🔥,1
J. Cole,Boom bap / Lyric,wLQ8u3xRZd8,"J. Cole - m y . l i f e  feat. 21 Savage, Morray (Official Audio)",J. Cole,"just straight bars.
J. Cole goes in soo hard on this right here! Only reason he is getting more hits is cuz he is just watching that short on my channel explaining how all these rappers out here be blowing up so big",8
J. Cole,Boom bap / Lyric,wLQ8u3xRZd8,"J. Cole - m y . l i f e  feat. 21 Savage, Morray (Official Audio)",J. Cole,Man when can I get a ft got the cheese what’s up Cole???,0
J. Cole,Boom bap / Lyric,wLQ8u3xRZd8,"J. Cole - m y . l i f e  feat. 21 Savage, Morray (Official Audio)",J. Cole,Never forget that Cole went platinum with no features.,1
J. Cole,Boom bap / Lyric,wLQ8u3xRZd8,"J. Cole - m y . l i f e  feat. 21 Savage, Morray (Official Audio)",J. Cole,Underrated af,2
J. Cole,Boom bap / Lyric,wLQ8u3xRZd8,"J. Cole - m y . l i f e  feat. 21 Savage, Morray (Official Audio)",J. Cole,I just noticed that 21s verse starts at exactly 2:10,134
J. Cole,Boom bap / Lyric,wLQ8u3xRZd8,"J. Cole - m y . l i f e  feat. 21 Savage, Morray (Official Audio)",J. Cole,"A lot by 21 Savage featuring J Cole

My Life by J Cole featuring 21 Savage 

Peak🔥",4
J. Cole,Boom bap / Lyric,wLQ8u3xRZd8,"J. Cole - m y . l i f e  feat. 21 Savage, Morray (Official Audio)",J. Cole,Idk man who's here in 2024,3
J. Cole,Boom bap / Lyric,wLQ8u3xRZd8,"J. Cole - m y . l i f e  feat. 21 Savage, Morray (Official Audio)",J. Cole,21 killed J cole in this song,0
J. Cole,Boom bap / Lyric,wLQ8u3xRZd8,"J. Cole - m y . l i f e  feat. 21 Savage, Morray (Official Audio)",J. Cole,"[Intro: J. Cole]
Oh, you came there, God
Yeah, yeah, yeah, yeah
Oh, Lord
No matter how, no matter how long it take, yeah
No matter how long it take, nigga
Oh, God, yeah
You better be

[Verse 1: J. Cole]
Spiralin' up, just like a rich nigga staircase (Spiral up)
No fly zone, please stay the fuck out my airspace (Out my face)
Niggas say things behind backs that they wouldn't dare say (Dare say)
Know it's on sight when I see you, I'm workin' at Squarespace
Yeah, top of the mornin', I know that you thought I was dormant
Woke up early from shots that were swarmin'
A block full of opps, now the cops in an orbit
Guess somebody got popped, now thеy knockin' on doors
Tryna find an informant but I ain't see Nathan
I'm mindin' my business as God is my witness
No weapon gon' prospеr that’s formin' against me
Nigga, I'm starvin', immensely
Know when I'm done with these songs, you gon' miss me
Ja Morant, I'm on my Grizzly
You niggas just cubs but no, not the ones in the big leagues
After The Fall Off, I promise I'm comin' to sellin' out Wrigley's
Nigga, I'm just a product of poverty, full of narcotics to profit off quickly
My family tree got a history of users that struggle with demons
Not really the hustler instincts
Therefore, often, my pockets was empty
So while some of my partners was servin' up rocks on the corners, the project assemblies
Me, I was startin' to envy, wanna be on the top where it's plenty
Wanna be in the spot like where every bitch want me like Rihanna droppin' new Fenty
What I see in the sky, the 'Ville is the ceilin', can't reach up too high, evidently
Nah, shit, I can't reach up too high, evidently
Never seen no one drivin' a Bentley
I can't be out here moppin' up Wendy's
See rap shows near Colorado Springs
Get tickets as low as $95
You might also like
The Grants
Lana Del Rey
Paris, Texas
Lana Del Rey
SHOOTING STAR
XG
[Chorus: Morray, J. Cole, Morray & J. Cole]
My life is all I have
My rhymes, my pen, my pad
And I done made it out the struggle, don't judge me
What you sayin' now won't budge me
'Cause where I come from (Come from), so often (So often)
People you grow up with layin' in a coffin
But I done made it through the pain and strife
It's my time now, my world, my life, my life

[Verse 2: 21 Savage]
Say what? The stuff that I've seen got me traumatized
I let the K go when Johnny died
Swangin' that muhfucka' side to side
We don't participate, ain't with that squashin' shit, all we believe in is homicide
I got a good heart, so I send teddy bears every time we make they mommas cry
I pray that my past ain't ahead of me (21)
When I'm in love, I love heavily (On God)
If you betray me, you dead to me (21)
I disrespect you respectfully (Straight up)
I got some partners who left this Earth
Maybe the pain made a better me (On God)
Just know that they secrets is kept with me (On God)
I feel like the streets is in debt with me (Straight up)
I gave my heart away to all the dawg hoes 'cause that's who accepted me (21)
I blame my pops for that shit 'cause if he didn't fail, he could've corrected me (21)
Give all the props to my momma 'cause no matter what, she always protected me (On God)
I promise you, it ain't no checkin' me (On God)
Jump in the water, get wet with me (Straight up, 21, 21)
You want my money or wanna have sex with me?
Can't let the opps or the law get the best of me
I get to answerin', you get to testin' me
I see chicken, you niggas is breast to me
Planted a seed but it ain't a sesame
Can't let you niggas or bitches grow next to me
[Chorus: Morray, J. Cole, Morray & J. Cole]
My life is all I have
My rhymes, my pen, my pad
And I done made it out the struggle, don't judge me
What you sayin' now won't budge me
'Cause where I come from (Come from), so often (So often)
People you grow up with layin' in a coffin
But I done made it through the pain and strife
It's my time now, my world, my life, my life",1
J. Cole,Boom bap / Lyric,wLQ8u3xRZd8,"J. Cole - m y . l i f e  feat. 21 Savage, Morray (Official Audio)",J. Cole,Working my square space,0
J. Cole,Boom bap / Lyric,wLQ8u3xRZd8,"J. Cole - m y . l i f e  feat. 21 Savage, Morray (Official Audio)",J. Cole,😊,0
J. Cole,Boom bap / Lyric,wLQ8u3xRZd8,"J. Cole - m y . l i f e  feat. 21 Savage, Morray (Official Audio)",J. Cole,On my soul j-cole the best,0
J. Cole,Boom bap / Lyric,wLQ8u3xRZd8,"J. Cole - m y . l i f e  feat. 21 Savage, Morray (Official Audio)",J. Cole,m y . l i f e 🙏🏾,0
J. Cole,Boom bap / Lyric,wLQ8u3xRZd8,"J. Cole - m y . l i f e  feat. 21 Savage, Morray (Official Audio)",J. Cole,"""Im just a product of poverty full of narcotics to profit off quicky""",1
J. Cole,Boom bap / Lyric,wLQ8u3xRZd8,"J. Cole - m y . l i f e  feat. 21 Savage, Morray (Official Audio)",J. Cole,Anybody in 2024,8
J. Cole,Boom bap / Lyric,wLQ8u3xRZd8,"J. Cole - m y . l i f e  feat. 21 Savage, Morray (Official Audio)",J. Cole,October ‘24 still here 💯,4
J. Cole,Boom bap / Lyric,wLQ8u3xRZd8,"J. Cole - m y . l i f e  feat. 21 Savage, Morray (Official Audio)",J. Cole,👏♒,1
J. Cole,Boom bap / Lyric,wLQ8u3xRZd8,"J. Cole - m y . l i f e  feat. 21 Savage, Morray (Official Audio)",J. Cole,yeah,1
J. Cole,Boom bap / Lyric,wLQ8u3xRZd8,"J. Cole - m y . l i f e  feat. 21 Savage, Morray (Official Audio)",J. Cole,Never thought a guy named Jermaine would be a legendary rapper😭🙏,5
J. Cole,Boom bap / Lyric,wLQ8u3xRZd8,"J. Cole - m y . l i f e  feat. 21 Savage, Morray (Official Audio)",J. Cole,Should have left 21 garbage ass off,1
J. Cole,Boom bap / Lyric,wLQ8u3xRZd8,"J. Cole - m y . l i f e  feat. 21 Savage, Morray (Official Audio)",J. Cole,"When I'm in love, I love heavily
If you betray me, you dead to me
I disrespect you respectfully.",7
J. Cole,Boom bap / Lyric,wLQ8u3xRZd8,"J. Cole - m y . l i f e  feat. 21 Savage, Morray (Official Audio)",J. Cole,"When I'm in love, I in love heavenly 
If you betray me, you dead to me",1
J. Cole,Boom bap / Lyric,wLQ8u3xRZd8,"J. Cole - m y . l i f e  feat. 21 Savage, Morray (Official Audio)",J. Cole,2025 and i still listen to this masterpiece❤❤❤❤❤🇲🇦🇲🇦🇲🇦🇲🇦🇲🇦🇲🇦🇲🇦🇲🇦🇲🇦,3
J. Cole,Boom bap / Lyric,wLQ8u3xRZd8,"J. Cole - m y . l i f e  feat. 21 Savage, Morray (Official Audio)",J. Cole,m y l i f e,1
J. Cole,Boom bap / Lyric,wLQ8u3xRZd8,"J. Cole - m y . l i f e  feat. 21 Savage, Morray (Official Audio)",J. Cole,Lera Harbors,1
J. Cole,Boom bap / Lyric,wLQ8u3xRZd8,"J. Cole - m y . l i f e  feat. 21 Savage, Morray (Official Audio)",J. Cole,Cruickshank Square,1
J. Cole,Boom bap / Lyric,wLQ8u3xRZd8,"J. Cole - m y . l i f e  feat. 21 Savage, Morray (Official Audio)",J. Cole,Who doesn’t love this song,4
J. Cole,Boom bap / Lyric,wLQ8u3xRZd8,"J. Cole - m y . l i f e  feat. 21 Savage, Morray (Official Audio)",J. Cole,Mervin Skyway,1
J. Cole,Boom bap / Lyric,wLQ8u3xRZd8,"J. Cole - m y . l i f e  feat. 21 Savage, Morray (Official Audio)",J. Cole,Kessler Overpass,1
J. Cole,Boom bap / Lyric,wLQ8u3xRZd8,"J. Cole - m y . l i f e  feat. 21 Savage, Morray (Official Audio)",J. Cole,McLaughlin Gateway,0
J. Cole,Boom bap / Lyric,wLQ8u3xRZd8,"J. Cole - m y . l i f e  feat. 21 Savage, Morray (Official Audio)",J. Cole,Karl Haven,0
J. Cole,Boom bap / Lyric,wLQ8u3xRZd8,"J. Cole - m y . l i f e  feat. 21 Savage, Morray (Official Audio)",J. Cole,VonRueden Crescent,0
J. Cole,Boom bap / Lyric,wLQ8u3xRZd8,"J. Cole - m y . l i f e  feat. 21 Savage, Morray (Official Audio)",J. Cole,Deven Rapid,0
J. Cole,Boom bap / Lyric,wLQ8u3xRZd8,"J. Cole - m y . l i f e  feat. 21 Savage, Morray (Official Audio)",J. Cole,Bradly Gardens,0
J. Cole,Boom bap / Lyric,wLQ8u3xRZd8,"J. Cole - m y . l i f e  feat. 21 Savage, Morray (Official Audio)",J. Cole,Maeve Valley,0
J. Cole,Boom bap / Lyric,wLQ8u3xRZd8,"J. Cole - m y . l i f e  feat. 21 Savage, Morray (Official Audio)",J. Cole,Clyde Throughway,0
J. Cole,Boom bap / Lyric,wLQ8u3xRZd8,"J. Cole - m y . l i f e  feat. 21 Savage, Morray (Official Audio)",J. Cole,Dietrich Way,0
J. Cole,Boom bap / Lyric,wLQ8u3xRZd8,"J. Cole - m y . l i f e  feat. 21 Savage, Morray (Official Audio)",J. Cole,Sydnie Forks,0
J. Cole,Boom bap / Lyric,wLQ8u3xRZd8,"J. Cole - m y . l i f e  feat. 21 Savage, Morray (Official Audio)",J. Cole,Amiya Forks,0
J. Cole,Boom bap / Lyric,wLQ8u3xRZd8,"J. Cole - m y . l i f e  feat. 21 Savage, Morray (Official Audio)",J. Cole,Crooks Oval,0
J. Cole,Boom bap / Lyric,wLQ8u3xRZd8,"J. Cole - m y . l i f e  feat. 21 Savage, Morray (Official Audio)",J. Cole,Jodie Spur,0
J. Cole,Boom bap / Lyric,wLQ8u3xRZd8,"J. Cole - m y . l i f e  feat. 21 Savage, Morray (Official Audio)",J. Cole,Johnson Tunnel,0
J. Cole,Boom bap / Lyric,wLQ8u3xRZd8,"J. Cole - m y . l i f e  feat. 21 Savage, Morray (Official Audio)",J. Cole,Halle Corner,0
J. Cole,Boom bap / Lyric,wLQ8u3xRZd8,"J. Cole - m y . l i f e  feat. 21 Savage, Morray (Official Audio)",J. Cole,Carter Plains,0
J. Cole,Boom bap / Lyric,wLQ8u3xRZd8,"J. Cole - m y . l i f e  feat. 21 Savage, Morray (Official Audio)",J. Cole,Keebler Villages,0
J. Cole,Boom bap / Lyric,wLQ8u3xRZd8,"J. Cole - m y . l i f e  feat. 21 Savage, Morray (Official Audio)",J. Cole,Shouldve done a video for this 1 bro. Damn!,1
J. Cole,Boom bap / Lyric,wLQ8u3xRZd8,"J. Cole - m y . l i f e  feat. 21 Savage, Morray (Official Audio)",J. Cole,Pfannerstill Cape,0
J. Cole,Boom bap / Lyric,wLQ8u3xRZd8,"J. Cole - m y . l i f e  feat. 21 Savage, Morray (Official Audio)",J. Cole,Emmy Land,0
J. Cole,Boom bap / Lyric,wLQ8u3xRZd8,"J. Cole - m y . l i f e  feat. 21 Savage, Morray (Official Audio)",J. Cole,Mann Camp,0
J. Cole,Boom bap / Lyric,wLQ8u3xRZd8,"J. Cole - m y . l i f e  feat. 21 Savage, Morray (Official Audio)",J. Cole,S/O Pharoahe Monch n style🤌🏼🔥,0
J. Cole,Boom bap / Lyric,wLQ8u3xRZd8,"J. Cole - m y . l i f e  feat. 21 Savage, Morray (Official Audio)",J. Cole,That time I heard this song for the first time was when I had depression but for some reason this song made me feel happy again 🥹,2
J. Cole,Boom bap / Lyric,wLQ8u3xRZd8,"J. Cole - m y . l i f e  feat. 21 Savage, Morray (Official Audio)",J. Cole,I see teddy bears every time we make they mommas cry. 😂,2
J. Cole,Boom bap / Lyric,wLQ8u3xRZd8,"J. Cole - m y . l i f e  feat. 21 Savage, Morray (Official Audio)",J. Cole,The weapons gon prosperous those that's forming against me,0
J. Cole,Boom bap / Lyric,wLQ8u3xRZd8,"J. Cole - m y . l i f e  feat. 21 Savage, Morray (Official Audio)",J. Cole,21 !!!!!!!,0
J. Cole,Boom bap / Lyric,wLQ8u3xRZd8,"J. Cole - m y . l i f e  feat. 21 Savage, Morray (Official Audio)",J. Cole,The same exact flow as A Lot. I LOVE IT,0
J. Cole,Boom bap / Lyric,wLQ8u3xRZd8,"J. Cole - m y . l i f e  feat. 21 Savage, Morray (Official Audio)",J. Cole,my man is preaching. Stay the fuck off the murc.,0
J. Cole,Boom bap / Lyric,wLQ8u3xRZd8,"J. Cole - m y . l i f e  feat. 21 Savage, Morray (Official Audio)",J. Cole,I can’t see myself out here mopping up Wendy’s,0
J. Cole,Boom bap / Lyric,wLQ8u3xRZd8,"J. Cole - m y . l i f e  feat. 21 Savage, Morray (Official Audio)",J. Cole,My. Life is all have 🙏,0
J. Cole,Boom bap / Lyric,wLQ8u3xRZd8,"J. Cole - m y . l i f e  feat. 21 Savage, Morray (Official Audio)",J. Cole,Nigga you miss me 😂😊❤,0
J. Cole,Boom bap / Lyric,wLQ8u3xRZd8,"J. Cole - m y . l i f e  feat. 21 Savage, Morray (Official Audio)",J. Cole,They both went crazy but fr Savage said lemme show you how deep I can go.,0
J. Cole,Boom bap / Lyric,wLQ8u3xRZd8,"J. Cole - m y . l i f e  feat. 21 Savage, Morray (Official Audio)",J. Cole,J COLE I LOVE Y❤,0
J. Cole,Boom bap / Lyric,wLQ8u3xRZd8,"J. Cole - m y . l i f e  feat. 21 Savage, Morray (Official Audio)",J. Cole,oka,0
J. Cole,Boom bap / Lyric,wLQ8u3xRZd8,"J. Cole - m y . l i f e  feat. 21 Savage, Morray (Official Audio)",J. Cole,Anyone listening in 2024?,1
J. Cole,Boom bap / Lyric,wLQ8u3xRZd8,"J. Cole - m y . l i f e  feat. 21 Savage, Morray (Official Audio)",J. Cole,I like that.,0
J. Cole,Boom bap / Lyric,wLQ8u3xRZd8,"J. Cole - m y . l i f e  feat. 21 Savage, Morray (Official Audio)",J. Cole,❤,0
J. Cole,Boom bap / Lyric,wLQ8u3xRZd8,"J. Cole - m y . l i f e  feat. 21 Savage, Morray (Official Audio)",J. Cole,'When I'm done with these songs yall gon miss me' 3 years later drops Grippy. Man I miss J cole XD. Keep it up though man. Hit that new shit hard.,0
J. Cole,Boom bap / Lyric,wLQ8u3xRZd8,"J. Cole - m y . l i f e  feat. 21 Savage, Morray (Official Audio)",J. Cole,m y . l i f e 🙏🏾,1
J. Cole,Boom bap / Lyric,wLQ8u3xRZd8,"J. Cole - m y . l i f e  feat. 21 Savage, Morray (Official Audio)",J. Cole,Maybe the pain made a better me.....hell yeah man,0
J. Cole,Boom bap / Lyric,wLQ8u3xRZd8,"J. Cole - m y . l i f e  feat. 21 Savage, Morray (Official Audio)",J. Cole,Feature diddy please,1
J. Cole,Boom bap / Lyric,wLQ8u3xRZd8,"J. Cole - m y . l i f e  feat. 21 Savage, Morray (Official Audio)",J. Cole,m y. l i f e,1
J. Cole,Boom bap / Lyric,wLQ8u3xRZd8,"J. Cole - m y . l i f e  feat. 21 Savage, Morray (Official Audio)",J. Cole,This screams MY LIFE 3 years later,0
J. Cole,Boom bap / Lyric,wLQ8u3xRZd8,"J. Cole - m y . l i f e  feat. 21 Savage, Morray (Official Audio)",J. Cole,August anyone hereee😮?,1
J. Cole,Boom bap / Lyric,wLQ8u3xRZd8,"J. Cole - m y . l i f e  feat. 21 Savage, Morray (Official Audio)",J. Cole,BomboclaaaaaaaT🔥🔥🔥🔥🔥🔥🔥🔥🔥🔥🔥,1
J. Cole,Boom bap / Lyric,wLQ8u3xRZd8,"J. Cole - m y . l i f e  feat. 21 Savage, Morray (Official Audio)",J. Cole,And Aubrey had the AUDACITY to diss Jermaine Cole??????? Tf wrong with that Canadian 😂,0
J. Cole,Boom bap / Lyric,wLQ8u3xRZd8,"J. Cole - m y . l i f e  feat. 21 Savage, Morray (Official Audio)",J. Cole,The commercials play but the song doesn't.,0
J. Cole,Boom bap / Lyric,wLQ8u3xRZd8,"J. Cole - m y . l i f e  feat. 21 Savage, Morray (Official Audio)",J. Cole,I miss old j cole. This is close.,0
J. Cole,Boom bap / Lyric,wLQ8u3xRZd8,"J. Cole - m y . l i f e  feat. 21 Savage, Morray (Official Audio)",J. Cole,People saying jcole is boring really don’t know what they’re talking about.,1
J. Cole,Boom bap / Lyric,wLQ8u3xRZd8,"J. Cole - m y . l i f e  feat. 21 Savage, Morray (Official Audio)",J. Cole,"I have so many memories of this song I first heard this song in May 2021. I was 12 when this song came out and I was playing football in Paterson, NJ even though I lived in the Northwestern part of the state like Sparta, NJ. This song will always take me back to summer 2021, I remember when I was training this song would be playing and I would be hyped. I never liked football, and I hated my dad for making me play since 2019, but I stopped playing in 2022 because my mom told him no more football because I hated it. I heard this song from April 2021 to December 2021. The other time I heard this song was when my mom, my sister, and I were going to Georgia to see my cousins it was so much fun, we went in July 2021, so three years ago this week from July 22, 2021, to July 31, 2021. I can't believe that was three years ago, this song will forever remind me of training, working out, playing football, going on the Georgia vacation, and listening to this song with my dad on the radio in the car. My dad and I were so obsessed with this song, time went by way too fast for 2021 to be 3 years ago. I wish I could go back, J Cole's Off-Season album, Drake's Certified Lover Boy album, and Pop Smoke's song What You Know 'Bout Love (R.I.P) all bring back memories of that summer and summer 2022. In summer 2022 we went on so many vacations, in April 2022, we went to Outer Banks and Richmond, VA, then in May 2022, we went to Aruba, in June 2022, we went to Barbados, and in July 2022, we went to Orlando with my cousins from Georgia to celebrate my other aunt's 10th anniversary on July 1, 2012 - July 1, 2022.",0
J. Cole,Boom bap / Lyric,wLQ8u3xRZd8,"J. Cole - m y . l i f e  feat. 21 Savage, Morray (Official Audio)",J. Cole,2024 dope lines❤❤,0
J. Cole,Boom bap / Lyric,wLQ8u3xRZd8,"J. Cole - m y . l i f e  feat. 21 Savage, Morray (Official Audio)",J. Cole,🤣🤣🤣🤣🤣🤣🤣🤣,0
J. Cole,Boom bap / Lyric,wLQ8u3xRZd8,"J. Cole - m y . l i f e  feat. 21 Savage, Morray (Official Audio)",J. Cole,"This goes so hard
I've listened to it so much",0
J. Cole,Boom bap / Lyric,wLQ8u3xRZd8,"J. Cole - m y . l i f e  feat. 21 Savage, Morray (Official Audio)",J. Cole,The real song,1
J. Cole,Boom bap / Lyric,wLQ8u3xRZd8,"J. Cole - m y . l i f e  feat. 21 Savage, Morray (Official Audio)",J. Cole,This better than all my life,1
J. Cole,Boom bap / Lyric,wLQ8u3xRZd8,"J. Cole - m y . l i f e  feat. 21 Savage, Morray (Official Audio)",J. Cole,❤❤,0
J. Cole,Boom bap / Lyric,wLQ8u3xRZd8,"J. Cole - m y . l i f e  feat. 21 Savage, Morray (Official Audio)",J. Cole,This song still hitting,1
J. Cole,Boom bap / Lyric,wLQ8u3xRZd8,"J. Cole - m y . l i f e  feat. 21 Savage, Morray (Official Audio)",J. Cole,"Fuck everything,or get the journey that comes with€[m}=°",0
J. Cole,Boom bap / Lyric,wLQ8u3xRZd8,"J. Cole - m y . l i f e  feat. 21 Savage, Morray (Official Audio)",J. Cole,I'm listening this song every day ❤,1
J. Cole,Boom bap / Lyric,wLQ8u3xRZd8,"J. Cole - m y . l i f e  feat. 21 Savage, Morray (Official Audio)",J. Cole,Slept on this shit for soo damn long holy fuck,12
J. Cole,Boom bap / Lyric,wLQ8u3xRZd8,"J. Cole - m y . l i f e  feat. 21 Savage, Morray (Official Audio)",J. Cole,No matter how long it takes.... m y . l i f e 🙏,3
J. Cole,Boom bap / Lyric,wLQ8u3xRZd8,"J. Cole - m y . l i f e  feat. 21 Savage, Morray (Official Audio)",J. Cole,m y . l i f e,2
J. Cole,Boom bap / Lyric,wLQ8u3xRZd8,"J. Cole - m y . l i f e  feat. 21 Savage, Morray (Official Audio)",J. Cole,"its me
-cub",2
J. Cole,Boom bap / Lyric,wLQ8u3xRZd8,"J. Cole - m y . l i f e  feat. 21 Savage, Morray (Official Audio)",J. Cole,2024🎉,3
J. Cole,Boom bap / Lyric,wLQ8u3xRZd8,"J. Cole - m y . l i f e  feat. 21 Savage, Morray (Official Audio)",J. Cole,people are sleeping on the off-season,2
J. Cole,Boom bap / Lyric,wLQ8u3xRZd8,"J. Cole - m y . l i f e  feat. 21 Savage, Morray (Official Audio)",J. Cole,Like this if Cole had to cover his blow for Kendrick:,1
J. Cole,Boom bap / Lyric,wLQ8u3xRZd8,"J. Cole - m y . l i f e  feat. 21 Savage, Morray (Official Audio)",J. Cole,Yeah cole snapped.,0
J. Cole,Boom bap / Lyric,wLQ8u3xRZd8,"J. Cole - m y . l i f e  feat. 21 Savage, Morray (Official Audio)",J. Cole,"obra Maestra, lo malo de la canción es cuando termina",1
J. Cole,Boom bap / Lyric,wLQ8u3xRZd8,"J. Cole - m y . l i f e  feat. 21 Savage, Morray (Official Audio)",J. Cole,He was hungry…,1
J. Cole,Boom bap / Lyric,wLQ8u3xRZd8,"J. Cole - m y . l i f e  feat. 21 Savage, Morray (Official Audio)",J. Cole,Mahh Life 🤘🔺🔺,0
J. Cole,Boom bap / Lyric,wLQ8u3xRZd8,"J. Cole - m y . l i f e  feat. 21 Savage, Morray (Official Audio)",J. Cole,Drake dropping after this solidified this being the dark timeline,0
J. Cole,Boom bap / Lyric,wLQ8u3xRZd8,"J. Cole - m y . l i f e  feat. 21 Savage, Morray (Official Audio)",J. Cole,Ngl. I only have my life in this lifetime.,0
J. Cole,Boom bap / Lyric,wLQ8u3xRZd8,"J. Cole - m y . l i f e  feat. 21 Savage, Morray (Official Audio)",J. Cole,39M,2
J. Cole,Boom bap / Lyric,wLQ8u3xRZd8,"J. Cole - m y . l i f e  feat. 21 Savage, Morray (Official Audio)",J. Cole,2024 who is still here,12
J. Cole,Boom bap / Lyric,wLQ8u3xRZd8,"J. Cole - m y . l i f e  feat. 21 Savage, Morray (Official Audio)",J. Cole,"jcole 😭 i know u a great artist,  a goat contender honestly but why grippy 🥹",3
J. Cole,Boom bap / Lyric,wLQ8u3xRZd8,"J. Cole - m y . l i f e  feat. 21 Savage, Morray (Official Audio)",J. Cole,I love this song because is my son favor,0
J. Cole,Boom bap / Lyric,wLQ8u3xRZd8,"J. Cole - m y . l i f e  feat. 21 Savage, Morray (Official Audio)",J. Cole,I love this song lol,0
J. Cole,Boom bap / Lyric,wLQ8u3xRZd8,"J. Cole - m y . l i f e  feat. 21 Savage, Morray (Official Audio)",J. Cole,Who else came to clean there ears after “gripply”?,5
J. Cole,Boom bap / Lyric,wLQ8u3xRZd8,"J. Cole - m y . l i f e  feat. 21 Savage, Morray (Official Audio)",J. Cole,He's also the producer of 99% of these legendary mix tap songs. Ridiculous.,0
J. Cole,Boom bap / Lyric,wLQ8u3xRZd8,"J. Cole - m y . l i f e  feat. 21 Savage, Morray (Official Audio)",J. Cole,🔥🔥🔥🔥🔥,0
J. Cole,Boom bap / Lyric,wLQ8u3xRZd8,"J. Cole - m y . l i f e  feat. 21 Savage, Morray (Official Audio)",J. Cole,After 21 scammed adin ross as much as adin is a bitch 21 grimey and has no values or principles if he would scam on live,0
J. Cole,Boom bap / Lyric,wLQ8u3xRZd8,"J. Cole - m y . l i f e  feat. 21 Savage, Morray (Official Audio)",J. Cole,Looking back on this 3 years later 21 Savage fucking brought it on this track. One of the more underrated rappers the past decade,0
J. Cole,Boom bap / Lyric,wLQ8u3xRZd8,"J. Cole - m y . l i f e  feat. 21 Savage, Morray (Official Audio)",J. Cole,I miss ma nigga long live Alex 11 11 20 forever ur world 🌎,0
J. Cole,Boom bap / Lyric,wLQ8u3xRZd8,"J. Cole - m y . l i f e  feat. 21 Savage, Morray (Official Audio)",J. Cole,This is where the hook is from: https://www.youtube.com/watch?v=9ult7X3PRQE,1
J. Cole,Boom bap / Lyric,wLQ8u3xRZd8,"J. Cole - m y . l i f e  feat. 21 Savage, Morray (Official Audio)",J. Cole,My life 💪 Reppin' Philippines 🔥,0
J. Cole,Boom bap / Lyric,wLQ8u3xRZd8,"J. Cole - m y . l i f e  feat. 21 Savage, Morray (Official Audio)",J. Cole,YNOT,0
J. Cole,Boom bap / Lyric,wLQ8u3xRZd8,"J. Cole - m y . l i f e  feat. 21 Savage, Morray (Official Audio)",J. Cole,Listen to the original version of this song by Styles P,2
J. Cole,Boom bap / Lyric,wLQ8u3xRZd8,"J. Cole - m y . l i f e  feat. 21 Savage, Morray (Official Audio)",J. Cole,good life,0
J. Cole,Boom bap / Lyric,wLQ8u3xRZd8,"J. Cole - m y . l i f e  feat. 21 Savage, Morray (Official Audio)",J. Cole,"“My Life is all I have 
My Rhymes my Pen my Pad 
I done made out the struggle, Don’t judge me 
What you saying now won’t budge me”",0
J. Cole,Boom bap / Lyric,wLQ8u3xRZd8,"J. Cole - m y . l i f e  feat. 21 Savage, Morray (Official Audio)",J. Cole,FIREEE!!!🔥🔥🔥,0
J. Cole,Boom bap / Lyric,wLQ8u3xRZd8,"J. Cole - m y . l i f e  feat. 21 Savage, Morray (Official Audio)",J. Cole,🔥🙌🏻,0
J. Cole,Boom bap / Lyric,wLQ8u3xRZd8,"J. Cole - m y . l i f e  feat. 21 Savage, Morray (Official Audio)",J. Cole,n e f a r i o u s,1
J. Cole,Boom bap / Lyric,wLQ8u3xRZd8,"J. Cole - m y . l i f e  feat. 21 Savage, Morray (Official Audio)",J. Cole,I listen to this song a lot but usually I’m man I could really listen to some of my life by j Cole,1
J. Cole,Boom bap / Lyric,wLQ8u3xRZd8,"J. Cole - m y . l i f e  feat. 21 Savage, Morray (Official Audio)",J. Cole,"2024 we here💯🔥🎵

📍",0
J. Cole,Boom bap / Lyric,wLQ8u3xRZd8,"J. Cole - m y . l i f e  feat. 21 Savage, Morray (Official Audio)",J. Cole,Straight up (21),1
J. Cole,Boom bap / Lyric,wLQ8u3xRZd8,"J. Cole - m y . l i f e  feat. 21 Savage, Morray (Official Audio)",J. Cole,top 10 strategical man,2
J. Cole,Boom bap / Lyric,wLQ8u3xRZd8,"J. Cole - m y . l i f e  feat. 21 Savage, Morray (Official Audio)",J. Cole,Here for ( straight up pu*sy 21),1
J. Cole,Boom bap / Lyric,wLQ8u3xRZd8,"J. Cole - m y . l i f e  feat. 21 Savage, Morray (Official Audio)",J. Cole,21s verse in this was fire,1
J. Cole,Boom bap / Lyric,wLQ8u3xRZd8,"J. Cole - m y . l i f e  feat. 21 Savage, Morray (Official Audio)",J. Cole,My life 🙏,2
J. Cole,Boom bap / Lyric,wLQ8u3xRZd8,"J. Cole - m y . l i f e  feat. 21 Savage, Morray (Official Audio)",J. Cole,I am going to neuter myself,3
J. Cole,Boom bap / Lyric,wLQ8u3xRZd8,"J. Cole - m y . l i f e  feat. 21 Savage, Morray (Official Audio)",J. Cole,❤,2
J. Cole,Boom bap / Lyric,wLQ8u3xRZd8,"J. Cole - m y . l i f e  feat. 21 Savage, Morray (Official Audio)",J. Cole,Me listening to this after coke apologized 🤦🏾‍♂️ 😢,2
J. Cole,Boom bap / Lyric,wLQ8u3xRZd8,"J. Cole - m y . l i f e  feat. 21 Savage, Morray (Official Audio)",J. Cole,"Why these two never made a collab album is beyond me, 21 never shoulda did that album with Drake, should’ve went with Cole instead",9
J. Cole,Boom bap / Lyric,wLQ8u3xRZd8,"J. Cole - m y . l i f e  feat. 21 Savage, Morray (Official Audio)",J. Cole,This is a beautiful song,3
J. Cole,Boom bap / Lyric,wLQ8u3xRZd8,"J. Cole - m y . l i f e  feat. 21 Savage, Morray (Official Audio)",J. Cole,🔥savage got you wiped down🔥,2
J. Cole,Boom bap / Lyric,wLQ8u3xRZd8,"J. Cole - m y . l i f e  feat. 21 Savage, Morray (Official Audio)",J. Cole,"Promise you it ain’t no checcin me
Jump in the water get wet wit me 😈🤞🏾",1
J. Cole,Boom bap / Lyric,wLQ8u3xRZd8,"J. Cole - m y . l i f e  feat. 21 Savage, Morray (Official Audio)",J. Cole,Ducking and dodging all 2024,1
J. Cole,Boom bap / Lyric,wLQ8u3xRZd8,"J. Cole - m y . l i f e  feat. 21 Savage, Morray (Official Audio)",J. Cole,This go be used in a movie…,2
J. Cole,Boom bap / Lyric,wLQ8u3xRZd8,"J. Cole - m y . l i f e  feat. 21 Savage, Morray (Official Audio)",J. Cole,"Cole snappin.

1. Born sinner
2. The warm up
3. Yours Truly
4. Friday Night Lights
5. Sideline story
6. Offseason
7. Kod",4
J. Cole,Boom bap / Lyric,wLQ8u3xRZd8,"J. Cole - m y . l i f e  feat. 21 Savage, Morray (Official Audio)",J. Cole,"Cole literally paints the story and the song, give him some cred too",194
J. Cole,Boom bap / Lyric,wLQ8u3xRZd8,"J. Cole - m y . l i f e  feat. 21 Savage, Morray (Official Audio)",J. Cole,might repeat later,5
J. Cole,Boom bap / Lyric,wLQ8u3xRZd8,"J. Cole - m y . l i f e  feat. 21 Savage, Morray (Official Audio)",J. Cole,a lots twin brother,2
J. Cole,Boom bap / Lyric,wLQ8u3xRZd8,"J. Cole - m y . l i f e  feat. 21 Savage, Morray (Official Audio)",J. Cole,All three killed this,96
J. Cole,Boom bap / Lyric,wLQ8u3xRZd8,"J. Cole - m y . l i f e  feat. 21 Savage, Morray (Official Audio)",J. Cole,I think people sleep on 21. Dude got bars too,3
J. Cole,Boom bap / Lyric,wLQ8u3xRZd8,"J. Cole - m y . l i f e  feat. 21 Savage, Morray (Official Audio)",J. Cole,Pedra.,1
J. Cole,Boom bap / Lyric,wLQ8u3xRZd8,"J. Cole - m y . l i f e  feat. 21 Savage, Morray (Official Audio)",J. Cole,I still love that Cole bought the best out of 21.,3
J. Cole,Boom bap / Lyric,wLQ8u3xRZd8,"J. Cole - m y . l i f e  feat. 21 Savage, Morray (Official Audio)",J. Cole,Fire,0
J. Cole,Boom bap / Lyric,wLQ8u3xRZd8,"J. Cole - m y . l i f e  feat. 21 Savage, Morray (Official Audio)",J. Cole,cool,0
J. Cole,Boom bap / Lyric,wLQ8u3xRZd8,"J. Cole - m y . l i f e  feat. 21 Savage, Morray (Official Audio)",J. Cole,I work at wendys,0
J. Cole,Boom bap / Lyric,wLQ8u3xRZd8,"J. Cole - m y . l i f e  feat. 21 Savage, Morray (Official Audio)",J. Cole,It gives me goose bumps,1
J. Cole,Boom bap / Lyric,wLQ8u3xRZd8,"J. Cole - m y . l i f e  feat. 21 Savage, Morray (Official Audio)",J. Cole,Who tf been writing for 21?!? This nigga been goin crazy lately,2
J. Cole,Boom bap / Lyric,wLQ8u3xRZd8,"J. Cole - m y . l i f e  feat. 21 Savage, Morray (Official Audio)",J. Cole,There's not enough Morray music out here,1
J. Cole,Boom bap / Lyric,wLQ8u3xRZd8,"J. Cole - m y . l i f e  feat. 21 Savage, Morray (Official Audio)",J. Cole,I think it was my lof,2
J. Cole,Boom bap / Lyric,wLQ8u3xRZd8,"J. Cole - m y . l i f e  feat. 21 Savage, Morray (Official Audio)",J. Cole,0:46,2
J. Cole,Boom bap / Lyric,wLQ8u3xRZd8,"J. Cole - m y . l i f e  feat. 21 Savage, Morray (Official Audio)",J. Cole,"Yeah, yeah, yeah, yeah
(Oh, Lord)
(No matter how, no matter how long it take, yeah)
No matter how long it take, nigga
(Oh, Lord, oh, yeah)
(You better be)
Spiralin' up, just like a rich nigga staircase (staircase)
No fly zone, please stay the fuck out my airspace (out my face)
Niggas say things behind backs that they wouldn't dare say (dare say)
Know it's on sight when I see you, I'm workin' at Squarespace
Yeah, top of the mornin', I know that you thought I was dormant
Woke up early from shots that were swarmin'
A block full of opps, now the cops in an orbit
Guess somebody got popped, now they knockin' on doors
Tryna find an informant but I ain't see Nathan
I'm mindin' my business as God is my witness
No weapon gon' prosper that's formin' against me
Nigga, I'm starvin', immensely
Know when I'm done with these songs, you gon' miss me
Ja Morant, I'm on my Grizzly
You niggas just cubs but no, not the ones in the big leagues
After The Fall Off, I promise I'm comin' and sellin' out Wrigley's
Nigga, I'm just a product of poverty, full of narcotics to profit off quickly
My family tree got a history of users that struggle with demons
Not really the hustler instincts
Therefore, often, my pockets was empty
So while some of my partners was servin' up rocks on the corners, the project assemblies
Me, I was startin' to envy, wanna be on the top where it's plenty
Wanna be in the spot like where every bitch want me like Rihanna droppin' new Fenty
What I see in the sky, the 'Ville is the ceilin', can't reach up too high, evidently
Nah, shit, I can't reach up too high, evidently
Never seen no one drivin' a Bentley
I can't be out here moppin' up Wendy's
My life is all I have
My rhymes, my pen, my pad
And I done made it out the struggle, don't judge me
What you're sayin' now won't budge me
'Cause where I come from (come from), so often (so often)
People you grow up with layin' in a coffin
But I done made it through the pain and strife
It's my time now, my world, my life, my life
Say what? The stuff that I've seen got me traumatized
I let the K go when Johnny died
Swangin' that muhfucka' side to side
We don't participate, ain't with that squashin' shit, all we believe in is homicides
I got a good heart, so I send teddy bears every time we make they mamas cry
I pray that my past ain't ahead of me (21)
When I'm in love, I love heavily (on God)
If you betray me, you dead to me (21)
I disrespect you respectfully (straight up)
I got some partners who left this Earth
Maybe the pain made a better me (on God)
Just know that they secrets is kept with me (on God)
I feel like the streets is in debt with me (straight up)
I gave my heart away to all the dawg hoes 'cause that's who accepted me (21)
I blame my pops for that shit 'cause if he didn't fail, he could've corrected me (21)
Give all the props to my mama 'cause no matter what, she always protected me (on God)
I promise you, it ain't no checkin' me (on God)
Jump in the water, get wet with me (straight up, 21, 21)
You want my money or wanna have sex with me?
Can't let the opps or the law get the best of me
I get to answerin', you get to textin' me
I see chicken, you niggas is breast to me
Planted a seed but it ain't a sesame
Can't let you niggas or bitches grow next to me
My life is all I have
My rhymes, my pen, my pad
And I done made it out the struggle, don't judge me
What you're sayin' now won't budge me
'Cause where I come from (come from), so often (so often)
People you grow up with layin' in a coffin
But I done made it through the pain and strife
It's my time now, my world, my life, my life",4
J. Cole,Boom bap / Lyric,wLQ8u3xRZd8,"J. Cole - m y . l i f e  feat. 21 Savage, Morray (Official Audio)",J. Cole,2024 anyone ?,2
J. Cole,Boom bap / Lyric,wLQ8u3xRZd8,"J. Cole - m y . l i f e  feat. 21 Savage, Morray (Official Audio)",J. Cole,"""Give all the props to my momma coz no matter what she always protected me, I promise you it ain't no check-in me"". 😂😂😂😂😂Bro just admitted that he grew up a spoiled child who never got put in line, put in check , no nothing,,just straight up protection and his momma taking his side;;;""no matter what""",2
J. Cole,Boom bap / Lyric,wLQ8u3xRZd8,"J. Cole - m y . l i f e  feat. 21 Savage, Morray (Official Audio)",J. Cole,21 savage gets hella good beats,1
J. Cole,Boom bap / Lyric,wLQ8u3xRZd8,"J. Cole - m y . l i f e  feat. 21 Savage, Morray (Official Audio)",J. Cole,Ja Morant I’m on my grizzly 🔥🔥🔥,1
J. Cole,Boom bap / Lyric,wLQ8u3xRZd8,"J. Cole - m y . l i f e  feat. 21 Savage, Morray (Official Audio)",J. Cole,21 should've got verse of the yr for that 16💯💯 I snooze,1
J. Cole,Boom bap / Lyric,wLQ8u3xRZd8,"J. Cole - m y . l i f e  feat. 21 Savage, Morray (Official Audio)",J. Cole,This song it something else 😢😢,3
J. Cole,Boom bap / Lyric,wLQ8u3xRZd8,"J. Cole - m y . l i f e  feat. 21 Savage, Morray (Official Audio)",J. Cole,"""what you're saying now won't budge me""
Facts 💯",0
J. Cole,Boom bap / Lyric,wLQ8u3xRZd8,"J. Cole - m y . l i f e  feat. 21 Savage, Morray (Official Audio)",J. Cole,Sir 21 😂😅,0
J. Cole,Boom bap / Lyric,wLQ8u3xRZd8,"J. Cole - m y . l i f e  feat. 21 Savage, Morray (Official Audio)",J. Cole,"Styles P did it better, just saying. 

Way hetter. 

I love Cole though 🐐 🐐",0
J. Cole,Boom bap / Lyric,wLQ8u3xRZd8,"J. Cole - m y . l i f e  feat. 21 Savage, Morray (Official Audio)",J. Cole,"Thanks for saving, keeping up real music again king 💯🔥🤘",1
J. Cole,Boom bap / Lyric,wLQ8u3xRZd8,"J. Cole - m y . l i f e  feat. 21 Savage, Morray (Official Audio)",J. Cole,2:10,2
J. Cole,Boom bap / Lyric,wLQ8u3xRZd8,"J. Cole - m y . l i f e  feat. 21 Savage, Morray (Official Audio)",J. Cole,I’m a. 90’s old head when it comes to hip hop. Cole always hits but 21 really deserves his credit on this one.,107
J. Cole,Boom bap / Lyric,wLQ8u3xRZd8,"J. Cole - m y . l i f e  feat. 21 Savage, Morray (Official Audio)",J. Cole,❤,1
J. Cole,Boom bap / Lyric,wLQ8u3xRZd8,"J. Cole - m y . l i f e  feat. 21 Savage, Morray (Official Audio)",J. Cole,No fly zone please stay the fuxk out my airspace,1
J. Cole,Boom bap / Lyric,wLQ8u3xRZd8,"J. Cole - m y . l i f e  feat. 21 Savage, Morray (Official Audio)",J. Cole,m y . l i f e > a lot,4
J. Cole,Boom bap / Lyric,wLQ8u3xRZd8,"J. Cole - m y . l i f e  feat. 21 Savage, Morray (Official Audio)",J. Cole,1:42 This part touches my heart.,1
J. Cole,Boom bap / Lyric,wLQ8u3xRZd8,"J. Cole - m y . l i f e  feat. 21 Savage, Morray (Official Audio)",J. Cole,My song ❤,1
J. Cole,Boom bap / Lyric,wLQ8u3xRZd8,"J. Cole - m y . l i f e  feat. 21 Savage, Morray (Official Audio)",J. Cole,It's so good ❤,1
J. Cole,Boom bap / Lyric,wLQ8u3xRZd8,"J. Cole - m y . l i f e  feat. 21 Savage, Morray (Official Audio)",J. Cole,21,1
J. Cole,Boom bap / Lyric,wLQ8u3xRZd8,"J. Cole - m y . l i f e  feat. 21 Savage, Morray (Official Audio)",J. Cole,"When morray says ""coffin"" gives me chills🥴",1
J. Cole,Boom bap / Lyric,wLQ8u3xRZd8,"J. Cole - m y . l i f e  feat. 21 Savage, Morray (Official Audio)",J. Cole,"My rhyme, my pen, my pad",1
J. Cole,Boom bap / Lyric,wLQ8u3xRZd8,"J. Cole - m y . l i f e  feat. 21 Savage, Morray (Official Audio)",J. Cole,Gozei,1
J. Cole,Boom bap / Lyric,wLQ8u3xRZd8,"J. Cole - m y . l i f e  feat. 21 Savage, Morray (Official Audio)",J. Cole,Trash 🗑️ nothing like styles p,1
J. Cole,Boom bap / Lyric,wLQ8u3xRZd8,"J. Cole - m y . l i f e  feat. 21 Savage, Morray (Official Audio)",J. Cole,Can we talk about how Jermaine just took 21's sound for his own in those first few bars. Nobody do it like Cole!,1
J. Cole,Boom bap / Lyric,wLQ8u3xRZd8,"J. Cole - m y . l i f e  feat. 21 Savage, Morray (Official Audio)",J. Cole,why does cole make songs with terrible rappers?,1
J. Cole,Boom bap / Lyric,wLQ8u3xRZd8,"J. Cole - m y . l i f e  feat. 21 Savage, Morray (Official Audio)",J. Cole,This sounds hard on vinyl🔥,1
J. Cole,Boom bap / Lyric,wLQ8u3xRZd8,"J. Cole - m y . l i f e  feat. 21 Savage, Morray (Official Audio)",J. Cole,My mom brought me here,1
J. Cole,Boom bap / Lyric,wLQ8u3xRZd8,"J. Cole - m y . l i f e  feat. 21 Savage, Morray (Official Audio)",J. Cole,38M views doesn't seem like enough... Master Piece! ❤,3
J. Cole,Boom bap / Lyric,wLQ8u3xRZd8,"J. Cole - m y . l i f e  feat. 21 Savage, Morray (Official Audio)",J. Cole,21 snapped,2
J. Cole,Boom bap / Lyric,wLQ8u3xRZd8,"J. Cole - m y . l i f e  feat. 21 Savage, Morray (Official Audio)",J. Cole,"I Cole you have made my life better..came from drugs, broken family..found me a girl who’s made me better and I’m just vibing to your music. Reflecting on my path and how much I have achieved in mind, body and soul.",1
J. Cole,Boom bap / Lyric,wLQ8u3xRZd8,"J. Cole - m y . l i f e  feat. 21 Savage, Morray (Official Audio)",J. Cole,21 smoked J Cole on this one 🔥,3
J. Cole,Boom bap / Lyric,wLQ8u3xRZd8,"J. Cole - m y . l i f e  feat. 21 Savage, Morray (Official Audio)",J. Cole,this a certified classic 🔥,3
J. Cole,Boom bap / Lyric,wLQ8u3xRZd8,"J. Cole - m y . l i f e  feat. 21 Savage, Morray (Official Audio)",J. Cole,"Yeah, yeah, yeah, yeah
(Oh, Lord)
(No matter how, no matter how long it take, yeah)
No matter how long it take, nigga
(Oh, Lord, oh, yeah)
(You better be)
Spiralin' up, just like a rich nigga staircase (staircase)
No fly zone, please stay the fuck out my airspace (out my face)
Niggas say things behind backs that they wouldn't dare say (dare say)
Know it's on sight when I see you, I'm workin' at Squarespace
Yeah, top of the mornin', I know that you thought I was dormant
Woke up early from shots that were swarmin'
A block full of opps, now the cops in an orbit
Guess somebody got popped, now they knockin' on doors
Tryna find an informant but I ain't see Nathan
I'm mindin' my business as God is my witness
No weapon gon' prosper that's formin' against me
Nigga, I'm starvin', immensely
Know when I'm done with these songs, you gon' miss me
Ja Morant, I'm on my Grizzly
You niggas just cubs but no, not the ones in the big leagues
After The Fall Off, I promise I'm comin' and sellin' out Wrigley's
Nigga, I'm just a product of poverty, full of narcotics to profit off quickly
My family tree got a history of users that struggle with demons
Not really the hustler instincts
Therefore, often, my pockets was empty
So while some of my partners was servin' up rocks on the corners, the project assemblies
Me, I was startin' to envy, wanna be on the top where it's plenty
Wanna be in the spot like where every bitch want me like Rihanna droppin' new Fenty
What I see in the sky, the 'Ville is the ceilin', can't reach up too high, evidently
Nah, shit, I can't reach up too high, evidently
Never seen no one drivin' a Bentley
I can't be out here moppin' up Wendy's
My life is all I have
My rhymes, my pen, my pad
And I done made it out the struggle, don't judge me
What you're sayin' now won't budge me
'Cause where I come from (come from), so often (so often)
People you grow up with layin' in a coffin
But I done made it through the pain and strife
It's my time now, my world, my life, my life
Say what? The stuff that I've seen got me traumatized
I let the K go when Johnny died
Swangin' that muhfucka' side to side
We don't participate, ain't with that squashin' shit, all we believe in is homicides
I got a good heart, so I send teddy bears every time we make they mamas cry
I pray that my past ain't ahead of me (21)
When I'm in love, I love heavily (on God)
If you betray me, you dead to me (21)
I disrespect you respectfully (straight up)
I got some partners who left this Earth
Maybe the pain made a better me (on God)
Just know that they secrets is kept with me (on God)
I feel like the streets is in debt with me (straight up)
I gave my heart away to all the dawg hoes 'cause that's who accepted me (21)
I blame my pops for that shit 'cause if he didn't fail, he could've corrected me (21)
Give all the props to my mama 'cause no matter what, she always protected me (on God)
I promise you, it ain't no checkin' me (on God)
Jump in the water, get wet with me (straight up, 21, 21)
You want my money or wanna have sex with me?
Can't let the opps or the law get the best of me
I get to answerin', you get to textin' me
I see chicken, you niggas is breast to me
Planted a seed but it ain't a sesame
Can't let you niggas or bitches grow next to me
My life is all I have
My rhymes, my pen, my pad
And I done made it out the struggle, don't judge me
What you're sayin' now won't budge me
'Cause where I come from (come from), so often (so often)
People you grow up with layin' in a coffin
But I done made it through the pain and strife
It's my time now, my world, my life, my life",1
J. Cole,Boom bap / Lyric,wLQ8u3xRZd8,"J. Cole - m y . l i f e  feat. 21 Savage, Morray (Official Audio)",J. Cole,Morray has such a beautiful voice ❤,2
J. Cole,Boom bap / Lyric,wLQ8u3xRZd8,"J. Cole - m y . l i f e  feat. 21 Savage, Morray (Official Audio)",J. Cole,Song still goes hard in 2024,2
J. Cole,Boom bap / Lyric,wLQ8u3xRZd8,"J. Cole - m y . l i f e  feat. 21 Savage, Morray (Official Audio)",J. Cole,"R ❤
Num",1
J. Cole,Boom bap / Lyric,wLQ8u3xRZd8,"J. Cole - m y . l i f e  feat. 21 Savage, Morray (Official Audio)",J. Cole,This was fire,1
J. Cole,Boom bap / Lyric,wLQ8u3xRZd8,"J. Cole - m y . l i f e  feat. 21 Savage, Morray (Official Audio)",J. Cole,21 verses kill it🔥,1
J. Cole,Boom bap / Lyric,wLQ8u3xRZd8,"J. Cole - m y . l i f e  feat. 21 Savage, Morray (Official Audio)",J. Cole,0:30 reminds me of two words by kanye,2
J. Cole,Boom bap / Lyric,wLQ8u3xRZd8,"J. Cole - m y . l i f e  feat. 21 Savage, Morray (Official Audio)",J. Cole,Demins struggle with users.,0
J. Cole,Boom bap / Lyric,wLQ8u3xRZd8,"J. Cole - m y . l i f e  feat. 21 Savage, Morray (Official Audio)",J. Cole,I was trying to listen to all my life by lil durk ft. J Cole but I ended up listening to this song instead best choice of my life.,1
J. Cole,Boom bap / Lyric,wLQ8u3xRZd8,"J. Cole - m y . l i f e  feat. 21 Savage, Morray (Official Audio)",J. Cole,Still here in 2024,0
J. Cole,Boom bap / Lyric,wLQ8u3xRZd8,"J. Cole - m y . l i f e  feat. 21 Savage, Morray (Official Audio)",J. Cole,Shouts to styles P!,0
J. Cole,Boom bap / Lyric,wLQ8u3xRZd8,"J. Cole - m y . l i f e  feat. 21 Savage, Morray (Official Audio)",J. Cole,I REALLY DONT LIKE THE FACT COLE PUT 21 SAVAGE ON THIS  HIS VERSE DIDNT MATCH WITH SONG AT ALL,1
J. Cole,Boom bap / Lyric,wLQ8u3xRZd8,"J. Cole - m y . l i f e  feat. 21 Savage, Morray (Official Audio)",J. Cole,"Styles P ft Pharoah monch ""My Life "" is way better. Also statik selektah ft raekwon joey badass and black use orginal track as well.",1
J. Cole,Boom bap / Lyric,wLQ8u3xRZd8,"J. Cole - m y . l i f e  feat. 21 Savage, Morray (Official Audio)",J. Cole,The Morray vocals are so damn good 🔥,861
J. Cole,Boom bap / Lyric,wLQ8u3xRZd8,"J. Cole - m y . l i f e  feat. 21 Savage, Morray (Official Audio)",J. Cole,21 went harder the Cole on this real shit💯,6
J. Cole,Boom bap / Lyric,wLQ8u3xRZd8,"J. Cole - m y . l i f e  feat. 21 Savage, Morray (Official Audio)",J. Cole,This music in my soul👹,2
J. Cole,Boom bap / Lyric,wLQ8u3xRZd8,"J. Cole - m y . l i f e  feat. 21 Savage, Morray (Official Audio)",J. Cole,Much love Guatemala. Never heard something so nasty and beautiful at the same time ❤,1
J. Cole,Boom bap / Lyric,wLQ8u3xRZd8,"J. Cole - m y . l i f e  feat. 21 Savage, Morray (Official Audio)",J. Cole,"This song's real AF. If life has been rough to you at multiple points you feel everything they say, even if life's been mediocre you still like the way they put the track together.",1
J. Cole,Boom bap / Lyric,wLQ8u3xRZd8,"J. Cole - m y . l i f e  feat. 21 Savage, Morray (Official Audio)",J. Cole,Cole world,1
J. Cole,Boom bap / Lyric,wLQ8u3xRZd8,"J. Cole - m y . l i f e  feat. 21 Savage, Morray (Official Audio)",J. Cole,1:43 THIS PART IS JUST SO SATISFYING TO MY EARS,1
J. Cole,Boom bap / Lyric,wLQ8u3xRZd8,"J. Cole - m y . l i f e  feat. 21 Savage, Morray (Official Audio)",J. Cole,2024 gang wassup,2
J. Cole,Boom bap / Lyric,wLQ8u3xRZd8,"J. Cole - m y . l i f e  feat. 21 Savage, Morray (Official Audio)",J. Cole,You know the albums phatt when everyone got different favourites,0
J. Cole,Boom bap / Lyric,wLQ8u3xRZd8,"J. Cole - m y . l i f e  feat. 21 Savage, Morray (Official Audio)",J. Cole,Nah coz I'm going through a break up rn and this song hits so hard bro Fr. Especially 21's verse.,1
J. Cole,Boom bap / Lyric,wLQ8u3xRZd8,"J. Cole - m y . l i f e  feat. 21 Savage, Morray (Official Audio)",J. Cole,goated,1
J. Cole,Boom bap / Lyric,wLQ8u3xRZd8,"J. Cole - m y . l i f e  feat. 21 Savage, Morray (Official Audio)",J. Cole,good song,1
J. Cole,Boom bap / Lyric,wLQ8u3xRZd8,"J. Cole - m y . l i f e  feat. 21 Savage, Morray (Official Audio)",J. Cole,m y . l i f e,0
J. Cole,Boom bap / Lyric,wLQ8u3xRZd8,"J. Cole - m y . l i f e  feat. 21 Savage, Morray (Official Audio)",J. Cole,PETITION FOR J AND 21 TO MAKE A COLLAB ALBUM,3
J. Cole,Boom bap / Lyric,wLQ8u3xRZd8,"J. Cole - m y . l i f e  feat. 21 Savage, Morray (Official Audio)",J. Cole,Still hits in New year's Eve 2023🔥🔥,10
J. Cole,Boom bap / Lyric,wLQ8u3xRZd8,"J. Cole - m y . l i f e  feat. 21 Savage, Morray (Official Audio)",J. Cole,On our way to 2024. We all trynna make it through the pain and strife!!! 2️⃣0️⃣2️⃣4️⃣,1
J. Cole,Boom bap / Lyric,wLQ8u3xRZd8,"J. Cole - m y . l i f e  feat. 21 Savage, Morray (Official Audio)",J. Cole,"Yeah, yeah, yeah, yeah
(Oh, Lord)
(No matter how, no matter how long it take, yeah)
No matter how long it take, nigga
(Oh, Lord, oh, yeah)
(You better be)
Spiralin' up, just like a rich nigga staircase (staircase)
No fly zone, please stay the fuck out my airspace (out my face)
Niggas say things behind backs that they wouldn't dare say (dare say)
Know it's on sight when I see you, I'm workin' at Squarespace
Yeah, top of the mornin', I know that you thought I was dormant
Woke up early from shots that were swarmin'
A block full of opps, now the cops in an orbit
Guess somebody got popped, now they knockin' on doors
Tryna find an informant but I ain't see Nathan
I'm mindin' my business as God is my witness
No weapon gon' prosper that's formin' against me
Nigga, I'm starvin', immensely
Know when I'm done with these songs, you gon' miss me
Ja Morant, I'm on my Grizzly
You niggas just cubs but no, not the ones in the big leagues
After The Fall Off, I promise I'm comin' and sellin' out Wrigley's
Nigga, I'm just a product of poverty, full of narcotics to profit off quickly
My family tree got a history of users that struggle with demons
Not really the hustler instincts
Therefore, often, my pockets was empty
So while some of my partners was servin' up rocks on the corners, the project assemblies
Me, I was startin' to envy, wanna be on the top where it's plenty
Wanna be in the spot like where every bitch want me like Rihanna droppin' new Fenty
What I see in the sky, the 'Ville is the ceilin', can't reach up too high, evidently
Nah, shit, I can't reach up too high, evidently
Never seen no one drivin' a Bentley
I can't be out here moppin' up Wendy's
My life is all I have
My rhymes, my pen, my pad
And I done made it out the struggle, don't judge me
What you're sayin' now won't budge me
'Cause where I come from (come from), so often (so often)
People you grow up with layin' in a coffin
But I done made it through the pain and strife
It's my time now, my world, my life, my life
Say what? The stuff that I've seen got me traumatized
I let the K go when Johnny died
Swangin' that muhfucka' side to side
We don't participate, ain't with that squashin' shit, all we believe in is homicides
I got a good heart, so I send teddy bears every time we make they mamas cry
I pray that my past ain't ahead of me (21)
When I'm in love, I love heavily (on God)
If you betray me, you dead to me (21)
I disrespect you respectfully (straight up)
I got some partners who left this Earth
Maybe the pain made a better me (on God)
Just know that they secrets is kept with me (on God)
I feel like the streets is in debt with me (straight up)
I gave my heart away to all the dawg hoes 'cause that's who accepted me (21)
I blame my pops for that shit 'cause if he didn't fail, he could've corrected me (21)
Give all the props to my mama 'cause no matter what, she always protected me (on God)
I promise you, it ain't no checkin' me (on God)
Jump in the water, get wet with me (straight up, 21, 21)
You want my money or wanna have sex with me?
Can't let the opps or the law get the best of me
I get to answerin', you get to textin' me
I see chicken, you niggas is breast to me
Planted a seed but it ain't a sesame
Can't let you niggas or bitches grow next to me
My life is all I have
My rhymes, my pen, my pad
And I done made it out the struggle, don't judge me
What you're sayin' now won't budge me
'Cause where I come from (come from), so often (so often)
People you grow up with layin' in a coffin
But I done made it through the pain and strife
It's my time now, my world, my life, my life",0
J. Cole,Boom bap / Lyric,wLQ8u3xRZd8,"J. Cole - m y . l i f e  feat. 21 Savage, Morray (Official Audio)",J. Cole,classic,0
J. Cole,Boom bap / Lyric,wLQ8u3xRZd8,"J. Cole - m y . l i f e  feat. 21 Savage, Morray (Official Audio)",J. Cole,2🥶🥶🥶🥶🥶🥶🥶🥶🥶🥶🥶🥶🥶🥶🥶🥶🥶🥶🥶🥶🥶1,2
J. Cole,Boom bap / Lyric,wLQ8u3xRZd8,"J. Cole - m y . l i f e  feat. 21 Savage, Morray (Official Audio)",J. Cole,This was my album I wrote this back in '01,0
J. Cole,Boom bap / Lyric,wLQ8u3xRZd8,"J. Cole - m y . l i f e  feat. 21 Savage, Morray (Official Audio)",J. Cole,Like this shit if you’re here in 2024,4
J. Cole,Boom bap / Lyric,wLQ8u3xRZd8,"J. Cole - m y . l i f e  feat. 21 Savage, Morray (Official Audio)",J. Cole,21 always fails to disappoint us,0
J. Cole,Boom bap / Lyric,wLQ8u3xRZd8,"J. Cole - m y . l i f e  feat. 21 Savage, Morray (Official Audio)",J. Cole,"If my pen & pad is all that I have, then, when it's took away I have nothing! My pens are all filled with ink but won't write, wondering is because they will still the pad so now I have to speak only by sight!",2
J. Cole,Boom bap / Lyric,wLQ8u3xRZd8,"J. Cole - m y . l i f e  feat. 21 Savage, Morray (Official Audio)",J. Cole,🔥🔥🔥,1
J. Cole,Boom bap / Lyric,wLQ8u3xRZd8,"J. Cole - m y . l i f e  feat. 21 Savage, Morray (Official Audio)",J. Cole,My life 🙏,1
J. Cole,Boom bap / Lyric,wLQ8u3xRZd8,"J. Cole - m y . l i f e  feat. 21 Savage, Morray (Official Audio)",J. Cole,Jermaine Cole never sells🔥🔥🔥🔥🔥🔥,0
J. Cole,Boom bap / Lyric,wLQ8u3xRZd8,"J. Cole - m y . l i f e  feat. 21 Savage, Morray (Official Audio)",J. Cole,Olds schools❤,0
J. Cole,Boom bap / Lyric,wLQ8u3xRZd8,"J. Cole - m y . l i f e  feat. 21 Savage, Morray (Official Audio)",J. Cole,"Oh, you came there, God
Yeah, yeah, yeah, yeah
Oh, Lord
No matter how, no matter how long it take, yeah
No matter how long it take, nigga
Oh, God, yeah
You better be
Spiralin' up, just like a rich nigga staircase (spiral up)
No fly zone, please stay the fuck out my airspace (out my face)
Niggas say things behind backs that they wouldn't dare say (dare say)
Know it's on sight when I see you, I'm workin' at Squarespace
Yeah, top of the mornin', I know that you thought I was dormant
Woke up early from shots that were swarmin'
A block full of opps, now the cops in an orbit
Guess somebody got popped, now thеy knockin' on doors
Tryna find an informant but I ain't see nathin'
I'm mindin' my business as God is my witness
No weapon gon' prospеr that's formin' against me
Nigga, I'm starvin', immensely
Know when I'm done with these songs, you gon' miss me
Ja Morant, I'm on my Grizzly
You niggas just cubs but no, not the ones in the big leagues
After The Fall Off, I promise I'm comin' to sellin' out Wrigley's
Nigga, I'm just a product of poverty, full of narcotics to profit off quickly
My family tree got a history of users that struggle with demons
Not really the hustler instincts
Therefore, often, my pockets was empty
So while some of my partners
Was servin' up rocks on the corners, the project assemblies
Me, I was startin' to envy, wanna be on the top where it's plenty
Wanna be in the spot like
Where every bitch want me like Rihanna droppin' new Fenty
What I see in the sky, the 'Ville is the ceilin'
Can't reach up too high, evidently
Nah, shit, I can't reach up too high, evidently
Never seen no one drivin' a Bentley
I can't be out here moppin' up Wendys
My life is all I have
My rhymes, my pen, my pad
And I done made it out the struggle, don't judge me
What you sayin' now won't budge me
'Cause where I come from (come from), so often (so often)
People you grow up with layin' in a coffin
But I done made it through the pain and strife
It's my time now, my world, my life, my life
Say what? The stuff that I've seen got me traumatized
I let the K go when Johnny died
Swangin' that mo'fucker side to side
We don't participate, ain't with that squashin' shit
All we believe in is homicide
I got a good heart, so I send teddy bears
Every time we make they mommas cry
I pray that my past ain't ahead of me (21)
When I'm in love, I love heavily (on God)
If you betray me, you dead to me (21)
I disrespect you respectfully (straight up)
I got some partners who left this Earth
Maybe the pain made a better me (on God)
Just know that they secrets is kept with them (on God)
I feel like the streets is in debt with me (straight up)
I gave my heart away to all the dawg hoes
'Cause that's who accepted me (21)
I blame my pops for that shit
'Cause if he didn't fail, he could've corrected me (21)
Give all the props to my momma
'Cause no matter what, she always protected me (on God)
I promise you, it ain't no checkin' me (on God)
Jump in the water, get wet with me (straight up, 21, 21)
You want my money or wanna have sex with me?
Can't let the opps or the law get the best of me
I get to answerin', you get to textin' me
I see chicken, you niggas is breast to me
Planted a seed but it ain't a sesame
Can't let you niggas or bitches grow next to me
My life is all I have
My rhymes, my pen, my pad
And I done made it out the struggle, don't judge me
What you sayin' now won't budge me
'Cause where I come from (come from), so often (so often)
People you grow up with layin' in a coffin
But I done made it through the pain and strife
It's my time now, my world, my life, my life",0
J. Cole,Boom bap / Lyric,wLQ8u3xRZd8,"J. Cole - m y . l i f e  feat. 21 Savage, Morray (Official Audio)",J. Cole,😢 era para investigar unas tareas veografía es que una resume completo que donde dice Y qué onda Qué dice bachillera ciencia y de comercio porque lo estoy investigando y no no me ha salido y no sé por qué yo lo necesito para el domingo que Necesito irme mañana entonces yo lo necesito es ya para el domingo lo tengo que tenerlo listo Entonces lo he investigado lo he investigado y no me aparece yo para ver si me puede resolver en eso que ya nada más me falta un año y para terminar,0
J. Cole,Boom bap / Lyric,wLQ8u3xRZd8,"J. Cole - m y . l i f e  feat. 21 Savage, Morray (Official Audio)",J. Cole,"Yeah, yeah, yeah, yeah
(Oh, Lord)
(No matter how, no matter how long it take, yeah)
No matter how long it take, nigga
(Oh, Lord, oh, yeah)
(You better be)
Spiralin' up, just like a rich nigga staircase (staircase)
No fly zone, please stay the fuck out my airspace (out my face)
Niggas say things behind backs that they wouldn't dare say (dare say)
Know it's on sight when I see you, I'm workin' at Squarespace
Yeah, top of the mornin', I know that you thought I was dormant
Woke up early from shots that were swarmin'
A block full of opps, now the cops in an orbit
Guess somebody got popped, now they knockin' on doors
Tryna find an informant but I ain't see Nathan
I'm mindin' my business as God is my witness
No weapon gon' prosper that's formin' against me
Nigga, I'm starvin', immensely
Know when I'm done with these songs, you gon' miss me
Ja Morant, I'm on my Grizzly
You niggas just cubs but no, not the ones in the big leagues
After The Fall Off, I promise I'm comin' and sellin' out Wrigley's
Nigga, I'm just a product of poverty, full of narcotics to profit off quickly
My family tree got a history of users that struggle with demons
Not really the hustler instincts
Therefore, often, my pockets was empty
So while some of my partners was servin' up rocks on the corners, the project assemblies
Me, I was startin' to envy, wanna be on the top where it's plenty
Wanna be in the spot like where every bitch want me like Rihanna droppin' new Fenty
What I see in the sky, the 'Ville is the ceilin', can't reach up too high, evidently
Nah, shit, I can't reach up too high, evidently
Never seen no one drivin' a Bentley
I can't be out here moppin' up Wendy's
My life is all I have
My rhymes, my pen, my pad
And I done made it out the struggle, don't judge me
What you're sayin' now won't budge me
'Cause where I come from (come from), so often (so often)
People you grow up with layin' in a coffin
But I done made it through the pain and strife
It's my time now, my world, my life, my life
Say what? The stuff that I've seen got me traumatized
I let the K go when Johnny died
Swangin' that muhfucka' side to side
We don't participate, ain't with that squashin' shit, all we believe in is homicides
I got a good heart, so I send teddy bears every time we make they mamas cry
I pray that my past ain't ahead of me (21)
When I'm in love, I love heavily (on God)
If you betray me, you dead to me (21)
I disrespect you respectfully (straight up)
I got some partners who left this Earth
Maybe the pain made a better me (on God)
Just know that they secrets is kept with me (on God)
I feel like the streets is in debt with me (straight up)
I gave my heart away to all the dawg hoes 'cause that's who accepted me (21)
I blame my pops for that shit 'cause if he didn't fail, he could've corrected me (21)
Give all the props to my mama 'cause no matter what, she always protected me (on God)
I promise you, it ain't no checkin' me (on God)
Jump in the water, get wet with me (straight up, 21, 21)
You want my money or wanna have sex with me?
Can't let the opps or the law get the best of me
I get to answerin', you get to textin' me
I see chicken, you niggas is breast to me
Planted a seed but it ain't a sesame
Can't let you niggas or bitches grow next to me
My life is all I have
My rhymes, my pen, my pad
And I done made it out the struggle, don't judge me
What you're sayin' now won't budge me
'Cause where I come from (come from), so often (so often)
People you grow up with layin' in a coffin
But I done made it through the pain and strife
It's my time now, my world, my life, my life
Source: LyricFind
Songwriters: Jacob Brian Dutton / Jermaine Cole / Pharoahe Monch / Shayaa Bin Abraham-Joseph / Styles P / Walter Mcdaniel
m y . l i f e lyrics © Navy Yard Music, Sony/ATV Music Publishing LLC, Warner Chappell Music, Inc

Genius


AZLyrics",1
J. Cole,Boom bap / Lyric,wLQ8u3xRZd8,"J. Cole - m y . l i f e  feat. 21 Savage, Morray (Official Audio)",J. Cole,I 📞 call it a masterpiece ✨👌🏽,1
J. Cole,Boom bap / Lyric,wLQ8u3xRZd8,"J. Cole - m y . l i f e  feat. 21 Savage, Morray (Official Audio)",J. Cole,"21 freaking bodied that shit, goddamn....",0
J. Cole,Boom bap / Lyric,wLQ8u3xRZd8,"J. Cole - m y . l i f e  feat. 21 Savage, Morray (Official Audio)",J. Cole,Lf New JCole...,0
J. Cole,Boom bap / Lyric,wLQ8u3xRZd8,"J. Cole - m y . l i f e  feat. 21 Savage, Morray (Official Audio)",J. Cole,Where morray go??,0
J. Cole,Boom bap / Lyric,wLQ8u3xRZd8,"J. Cole - m y . l i f e  feat. 21 Savage, Morray (Official Audio)",J. Cole,This still hits 🎶,0
J. Cole,Boom bap / Lyric,wLQ8u3xRZd8,"J. Cole - m y . l i f e  feat. 21 Savage, Morray (Official Audio)",J. Cole,It’s sad no one knows the original,0
J. Cole,Boom bap / Lyric,wLQ8u3xRZd8,"J. Cole - m y . l i f e  feat. 21 Savage, Morray (Official Audio)",J. Cole,This shit is my ringtone that gets me up in the morning 🔥🔥💯,0
J. Cole,Boom bap / Lyric,wLQ8u3xRZd8,"J. Cole - m y . l i f e  feat. 21 Savage, Morray (Official Audio)",J. Cole,"WWE SHOULD USE THIS SONG FOR THE 2023 SURVIVOR SERIES HIGHLIGHTS AFTER THE SHOW ... IF THEY TELL THE STORIES IN THE RING RIGHT THIS SONG WOULD FIT PERFECTLY FOR THE POST SHOW HIGHLIGHTS, SPECIALLY SINCE THEY USED THAT METAL OZZIE FOR THE PRE SHOW MUSIC ..THIS WOULD BE A   NICE OPPOSITE TO FINISH THE SHOW AND FITS THE NARRATIVE",0
J. Cole,Boom bap / Lyric,wLQ8u3xRZd8,"J. Cole - m y . l i f e  feat. 21 Savage, Morray (Official Audio)",J. Cole,Say what 😮😮😮,0
J. Cole,Boom bap / Lyric,wLQ8u3xRZd8,"J. Cole - m y . l i f e  feat. 21 Savage, Morray (Official Audio)",J. Cole,it spicy🔥🔥🔥🔥🔥🔥🔥🔥🔥🔥🔥🔥🔥🔥🔥🔥🔥🔥🔥🔥🔥🔥🔥🔥🔥🔥🔥🔥🔥🔥🔥🔥🔥🔥🔥🔥🔥🔥🔥🔥🔥🔥🔥🔥🔥🔥🔥🔥🔥🔥🔥💯💯💯💯💯💯💯💯💯💯💯💯💯💯💯💯💯💯💯💯💯💯💯💯💯💯💯💯💯💯💯💯💯💯💯💯💯💯💯😎😎😎😎😎😎😎😎😎😎,0
J. Cole,Boom bap / Lyric,wLQ8u3xRZd8,"J. Cole - m y . l i f e  feat. 21 Savage, Morray (Official Audio)",J. Cole,Dope  Song. A good Team ! Facts,0
J. Cole,Boom bap / Lyric,wLQ8u3xRZd8,"J. Cole - m y . l i f e  feat. 21 Savage, Morray (Official Audio)",J. Cole,"@courtnmoopsmama
@courtnmoopsmama
2 years ago
This song is getting me through my depression. Something about it is empowering as hell 🙏🏽
1.4K",1
J. Cole,Boom bap / Lyric,wLQ8u3xRZd8,"J. Cole - m y . l i f e  feat. 21 Savage, Morray (Official Audio)",J. Cole,Ja morant I'm on my grizzly 🧎‍♂️,0
J. Cole,Boom bap / Lyric,wLQ8u3xRZd8,"J. Cole - m y . l i f e  feat. 21 Savage, Morray (Official Audio)",J. Cole,Still here J Cole                    m y . L I f e,1
J. Cole,Boom bap / Lyric,wLQ8u3xRZd8,"J. Cole - m y . l i f e  feat. 21 Savage, Morray (Official Audio)",J. Cole,I have never worked at Wendy's liber novus thank you,0
J. Cole,Boom bap / Lyric,wLQ8u3xRZd8,"J. Cole - m y . l i f e  feat. 21 Savage, Morray (Official Audio)",J. Cole,In my head Rent free!!,0
J. Cole,Boom bap / Lyric,wLQ8u3xRZd8,"J. Cole - m y . l i f e  feat. 21 Savage, Morray (Official Audio)",J. Cole,A bit of this beat was in sorry by kid laroi,0
J. Cole,Boom bap / Lyric,wLQ8u3xRZd8,"J. Cole - m y . l i f e  feat. 21 Savage, Morray (Official Audio)",J. Cole,Please give us the next season.  Features are dope but nothing like a whole album of crack cole cain,0
J. Cole,Boom bap / Lyric,wLQ8u3xRZd8,"J. Cole - m y . l i f e  feat. 21 Savage, Morray (Official Audio)",J. Cole,"I listen to this everytime i pull myself out of some bs, this is that song 👏🏾👏🏾👏🏾",2
J. Cole,Boom bap / Lyric,wLQ8u3xRZd8,"J. Cole - m y . l i f e  feat. 21 Savage, Morray (Official Audio)",J. Cole,Carolina classic,0
J. Cole,Boom bap / Lyric,wLQ8u3xRZd8,"J. Cole - m y . l i f e  feat. 21 Savage, Morray (Official Audio)",J. Cole,This shit is so good omg,4
J. Cole,Boom bap / Lyric,wLQ8u3xRZd8,"J. Cole - m y . l i f e  feat. 21 Savage, Morray (Official Audio)",J. Cole,What beat is this,0
J. Cole,Boom bap / Lyric,wLQ8u3xRZd8,"J. Cole - m y . l i f e  feat. 21 Savage, Morray (Official Audio)",J. Cole,Thankyou,1
J. Cole,Boom bap / Lyric,wLQ8u3xRZd8,"J. Cole - m y . l i f e  feat. 21 Savage, Morray (Official Audio)",J. Cole,miss u man,1
J. Cole,Boom bap / Lyric,wLQ8u3xRZd8,"J. Cole - m y . l i f e  feat. 21 Savage, Morray (Official Audio)",J. Cole,hit different,0
J. Cole,Boom bap / Lyric,wLQ8u3xRZd8,"J. Cole - m y . l i f e  feat. 21 Savage, Morray (Official Audio)",J. Cole,21 🔥,0
J. Cole,Boom bap / Lyric,wLQ8u3xRZd8,"J. Cole - m y . l i f e  feat. 21 Savage, Morray (Official Audio)",J. Cole,"""Niggas say things behind my back that they wouldn't dare say"" 😤😤😤",3
J. Cole,Boom bap / Lyric,wLQ8u3xRZd8,"J. Cole - m y . l i f e  feat. 21 Savage, Morray (Official Audio)",J. Cole,how do mfs listen to rap unironically 😭😭😭😭😭😭,0
J. Cole,Boom bap / Lyric,wLQ8u3xRZd8,"J. Cole - m y . l i f e  feat. 21 Savage, Morray (Official Audio)",J. Cole,2024 this shit still slapping,0
J. Cole,Boom bap / Lyric,wLQ8u3xRZd8,"J. Cole - m y . l i f e  feat. 21 Savage, Morray (Official Audio)",J. Cole,Nathaniel is my bro can't reach up far evidently man I don't qushies shit so don't call no peace with me I will but don't push it I will do you,0
J. Cole,Boom bap / Lyric,wLQ8u3xRZd8,"J. Cole - m y . l i f e  feat. 21 Savage, Morray (Official Audio)",J. Cole,For lil johnny I'm swinging side to side,1
J. Cole,Boom bap / Lyric,wLQ8u3xRZd8,"J. Cole - m y . l i f e  feat. 21 Savage, Morray (Official Audio)",J. Cole,ft. 21 savage gotta be one of the best artists ever,1
J. Cole,Boom bap / Lyric,wLQ8u3xRZd8,"J. Cole - m y . l i f e  feat. 21 Savage, Morray (Official Audio)",J. Cole,isso é tão forte,0
J. Cole,Boom bap / Lyric,wLQ8u3xRZd8,"J. Cole - m y . l i f e  feat. 21 Savage, Morray (Official Audio)",J. Cole,21 Savage was an artist I never thought I would ride with but he has evolved a lot,0
J. Cole,Boom bap / Lyric,wLQ8u3xRZd8,"J. Cole - m y . l i f e  feat. 21 Savage, Morray (Official Audio)",J. Cole,This is a great song,0
J. Cole,Boom bap / Lyric,wLQ8u3xRZd8,"J. Cole - m y . l i f e  feat. 21 Savage, Morray (Official Audio)",J. Cole,so . dope,0
J. Cole,Boom bap / Lyric,wLQ8u3xRZd8,"J. Cole - m y . l i f e  feat. 21 Savage, Morray (Official Audio)",J. Cole,"Yeah, yeah, yeah, yeah
(Oh, Lord)
(No matter how, no matter how long it take, yeah)
No matter how long it take, nigga
(Oh, Lord, oh, yeah)
(You better be)
Spiralin' up, just like a rich nigga staircase (staircase)
No fly zone, please stay the fuck out my airspace (out my face)
Niggas say things behind backs that they wouldn't dare say (dare say)
Know it's on sight when I see you, I'm workin' at Squarespace
Yeah, top of the mornin', I know that you thought I was dormant
Woke up early from shots that were swarmin'
A block full of opps, now the cops in an orbit
Guess somebody got popped, now they knockin' on doors
Tryna find an informant but I ain't see Nathan
I'm mindin' my business as God is my witness
No weapon gon' prosper that's formin' against me
Nigga, I'm starvin', immensely
Know when I'm done with these songs, you gon' miss me
Ja Morant, I'm on my Grizzly
You niggas just cubs but no, not the ones in the big leagues
After The Fall Off, I promise I'm comin' and sellin' out Wrigley's
Nigga, I'm just a product of poverty, full of narcotics to profit off quickly
My family tree got a history of users that struggle with demons
Not really the hustler instincts
Therefore, often, my pockets was empty
So while some of my partners was servin' up rocks on the corners, the project assemblies
Me, I was startin' to envy, wanna be on the top where it's plenty
Wanna be in the spot like where every bitch want me like Rihanna droppin' new Fenty
What I see in the sky, the 'Ville is the ceilin', can't reach up too high, evidently
Nah, shit, I can't reach up too high, evidently
Never seen no one drivin' a Bentley
I can't be out here moppin' up Wendy's
My life is all I have
My rhymes, my pen, my pad
And I done made it out the struggle, don't judge me
What you're sayin' now won't budge me
'Cause where I come from (come from), so often (so often)
People you grow up with layin' in a coffin
But I done made it through the pain and strife
It's my time now, my world, my life, my life
Say what? The stuff that I've seen got me traumatized
I let the K go when Johnny died
Swangin' that muhfucka' side to side
We don't participate, ain't with that squashin' shit, all we believe in is homicides
I got a good heart, so I send teddy bears every time we make they mamas cry
I pray that my past ain't ahead of me (21)
When I'm in love, I love heavily (on God)
If you betray me, you dead to me (21)
I disrespect you respectfully (straight up)
I got some partners who left this Earth
Maybe the pain made a better me (on God)
Just know that they secrets is kept with me (on God)
I feel like the streets is in debt with me (straight up)
I gave my heart away to all the dawg hoes 'cause that's who accepted me (21)
I blame my pops for that shit 'cause if he didn't fail, he could've corrected me (21)
Give all the props to my mama 'cause no matter what, she always protected me (on God)
I promise you, it ain't no checkin' me (on God)
Jump in the water, get wet with me (straight up, 21, 21)
You want my money or wanna have sex with me?
Can't let the opps or the law get the best of me
I get to answerin', you get to textin' me
I see chicken, you niggas is breast to me
Planted a seed but it ain't a sesame
Can't let you niggas or bitches grow next to me
My life is all I have
My rhymes, my pen, my pad
And I done made it out the struggle, don't judge me
What you're sayin' now won't budge me
'Cause where I come from (come from), so often (so often)
People you grow up with layin' in a coffin
But I done made it through the pain and strife
It's my time now, my world, my life, my life
Source: LyricFind",1
J. Cole,Boom bap / Lyric,wLQ8u3xRZd8,"J. Cole - m y . l i f e  feat. 21 Savage, Morray (Official Audio)",J. Cole,"And I am listening to this track again 🎶🫂

Cole world 🌎",0
J. Cole,Boom bap / Lyric,wLQ8u3xRZd8,"J. Cole - m y . l i f e  feat. 21 Savage, Morray (Official Audio)",J. Cole,BROWNS MEXICANS NATIVE AMERICANS 12 TRIBES OF ISRAEL WE ARE GOD CHOSEN PEOPLE THE HEBREW ISRAELITES AND,0
J. Cole,Boom bap / Lyric,wLQ8u3xRZd8,"J. Cole - m y . l i f e  feat. 21 Savage, Morray (Official Audio)",J. Cole,"21"" i blame my pops because if he didn't fell he could of protected me. Facts""",0
J. Cole,Boom bap / Lyric,wLQ8u3xRZd8,"J. Cole - m y . l i f e  feat. 21 Savage, Morray (Official Audio)",J. Cole,No matter how long it takes I’m gonna built my mama a house….pin this😪,0
J. Cole,Boom bap / Lyric,wLQ8u3xRZd8,"J. Cole - m y . l i f e  feat. 21 Savage, Morray (Official Audio)",J. Cole,that cover.,0
J. Cole,Boom bap / Lyric,wLQ8u3xRZd8,"J. Cole - m y . l i f e  feat. 21 Savage, Morray (Official Audio)",J. Cole,W RIZZ🎉,1
J. Cole,Boom bap / Lyric,wLQ8u3xRZd8,"J. Cole - m y . l i f e  feat. 21 Savage, Morray (Official Audio)",J. Cole,They should have put this in creed 3,0
J. Cole,Boom bap / Lyric,wLQ8u3xRZd8,"J. Cole - m y . l i f e  feat. 21 Savage, Morray (Official Audio)",J. Cole,I don’t wanna go to school Ass dreads,0
J. Cole,Boom bap / Lyric,wLQ8u3xRZd8,"J. Cole - m y . l i f e  feat. 21 Savage, Morray (Official Audio)",J. Cole,Shit suck,0
J. Cole,Boom bap / Lyric,wLQ8u3xRZd8,"J. Cole - m y . l i f e  feat. 21 Savage, Morray (Official Audio)",J. Cole,21’s lines are very savage Lord Cole is reigning forever.,1
J. Cole,Boom bap / Lyric,wLQ8u3xRZd8,"J. Cole - m y . l i f e  feat. 21 Savage, Morray (Official Audio)",J. Cole,My life is all I have. 🙏😔,0
J. Cole,Boom bap / Lyric,wLQ8u3xRZd8,"J. Cole - m y . l i f e  feat. 21 Savage, Morray (Official Audio)",J. Cole,"""I got a good heart , I send teddy bears everytime we make mamas cry I pray that my past ain't ahead of me, when I love I love heavily (on  God)""",0
J. Cole,Boom bap / Lyric,wLQ8u3xRZd8,"J. Cole - m y . l i f e  feat. 21 Savage, Morray (Official Audio)",J. Cole,Who's listening in 2024?,0
J. Cole,Boom bap / Lyric,wLQ8u3xRZd8,"J. Cole - m y . l i f e  feat. 21 Savage, Morray (Official Audio)",J. Cole,Didn't realize Jake One produced this,1
J. Cole,Boom bap / Lyric,wLQ8u3xRZd8,"J. Cole - m y . l i f e  feat. 21 Savage, Morray (Official Audio)",J. Cole,i love my girl,0
J. Cole,Boom bap / Lyric,wLQ8u3xRZd8,"J. Cole - m y . l i f e  feat. 21 Savage, Morray (Official Audio)",J. Cole,.,0
J. Cole,Boom bap / Lyric,wLQ8u3xRZd8,"J. Cole - m y . l i f e  feat. 21 Savage, Morray (Official Audio)",J. Cole,“ i disrespect you respectfully “,0
J. Cole,Boom bap / Lyric,wLQ8u3xRZd8,"J. Cole - m y . l i f e  feat. 21 Savage, Morray (Official Audio)",J. Cole,This is possibly the best song i've ever heard in all my history on this earth,1
J. Cole,Boom bap / Lyric,wLQ8u3xRZd8,"J. Cole - m y . l i f e  feat. 21 Savage, Morray (Official Audio)",J. Cole,"Good song no doubt, same chorus as the styles p and pharaoh monch version though. No hate just caught my ear listening to it is all.",0
J. Cole,Boom bap / Lyric,wLQ8u3xRZd8,"J. Cole - m y . l i f e  feat. 21 Savage, Morray (Official Audio)",J. Cole,"Sayy whaaa? 
21 killin it",0
J. Cole,Boom bap / Lyric,wLQ8u3xRZd8,"J. Cole - m y . l i f e  feat. 21 Savage, Morray (Official Audio)",J. Cole,"Yeah, yeah, yeah, yeah
(Oh, Lord)
(No matter how, no matter how long it take, yeah)
No matter how long it take, nigga
(Oh, Lord, oh, yeah)
(You better be)
Spiralin' up, just like a rich nigga staircase (staircase)
No fly zone, please stay the fuck out my airspace (out my face)
Niggas say things behind backs that they wouldn't dare say (dare say)
Know it's on sight when I see you, I'm workin' at Squarespace
Yeah, top of the mornin', I know that you thought I was dormant
Woke up early from shots that were swarmin'
A block full of opps, now the cops in an orbit
Guess somebody got popped, now they knockin' on doors
Tryna find an informant but I ain't see Nathan
I'm mindin' my business as God is my witness
No weapon gon' prosper that's formin' against me
Nigga, I'm starvin', immensely
Know when I'm done with these songs, you gon' miss me
Ja Morant, I'm on my Grizzly
You niggas just cubs but no, not the ones in the big leagues
After The Fall Off, I promise I'm comin' and sellin' out Wrigley's
Nigga, I'm just a product of poverty, full of narcotics to profit off quickly
My family tree got a history of users that struggle with demons
Not really the hustler instincts
Therefore, often, my pockets was empty
So while some of my partners was servin' up rocks on the corners, the project assemblies
Me, I was startin' to envy, wanna be on the top where it's plenty
Wanna be in the spot like where every bitch want me like Rihanna droppin' new Fenty
What I see in the sky, the 'Ville is the ceilin', can't reach up too high, evidently
Nah, shit, I can't reach up too high, evidently
Never seen no one drivin' a Bentley
I can't be out here moppin' up Wendy's
My life is all I have
My rhymes, my pen, my pad
And I done made it out the struggle, don't judge me
What you're sayin' now won't budge me
'Cause where I come from (come from), so often (so often)
People you grow up with layin' in a coffin
But I done made it through the pain and strife
It's my time now, my world, my life, my life
Say what? The stuff that I've seen got me traumatized
I let the K go when Johnny died
Swangin' that muhfucka' side to side
We don't participate, ain't with that squashin' shit, all we believe in is homicides
I got a good heart, so I send teddy bears every time we make they mamas cry
I pray that my past ain't ahead of me (21)
When I'm in love, I love heavily (on God)
If you betray me, you dead to me (21)
I disrespect you respectfully (straight up)
I got some partners who left this Earth
Maybe the pain made a better me (on God)
Just know that they secrets is kept with me (on God)
I feel like the streets is in debt with me (straight up)
I gave my heart away to all the dawg hoes 'cause that's who accepted me (21)
I blame my pops for that shit 'cause if he didn't fail, he could've corrected me (21)
Give all the props to my mama 'cause no matter what, she always protected me (on God)
I promise you, it ain't no checkin' me (on God)
Jump in the water, get wet with me (straight up, 21, 21)
You want my money or wanna have sex with me?
Can't let the opps or the law get the best of me
I get to answerin', you get to textin' me
I see chicken, you niggas is breast to me
Planted a seed but it ain't a sesame
Can't let you niggas or bitches grow next to me
My life is all I have
My rhymes, my pen, my pad
And I done made it out the struggle, don't judge me
What you're sayin' now won't budge me
'Cause where I come from (come from), so often (so often)
People you grow up with layin' in a coffin
But I done made it through the pain and strife
It's my time now, my world, my life, my life",0
J. Cole,Boom bap / Lyric,wLQ8u3xRZd8,"J. Cole - m y . l i f e  feat. 21 Savage, Morray (Official Audio)",J. Cole,"Yeah, yeah, yeah, yeah
(Oh, Lord)
(No matter how, no matter how long it take, yeah)
No matter how long it take, nigga
(Oh, Lord, oh, yeah)
(You better be)
Spiralin' up, just like a rich nigga staircase (staircase)
No fly zone, please stay the fuck out my airspace (out my face)
Niggas say things behind backs that they wouldn't dare say (dare say)
Know it's on sight when I see you, I'm workin' at Squarespace
Yeah, top of the mornin', I know that you thought I was dormant
Woke up early from shots that were swarmin'
A block full of opps, now the cops in an orbit
Guess somebody got popped, now they knockin' on doors
Tryna find an informant but I ain't see Nathan
I'm mindin' my business as God is my witness
No weapon gon' prosper that's formin' against me
Nigga, I'm starvin', immensely
Know when I'm done with these songs, you gon' miss me
Ja Morant, I'm on my Grizzly
You niggas just cubs but no, not the ones in the big leagues
After The Fall Off, I promise I'm comin' and sellin' out Wrigley's
Nigga, I'm just a product of poverty, full of narcotics to profit off quickly
My family tree got a history of users that struggle with demons
Not really the hustler instincts
Therefore, often, my pockets was empty
So while some of my partners was servin' up rocks on the corners, the project assemblies
Me, I was startin' to envy, wanna be on the top where it's plenty
Wanna be in the spot like where every bitch want me like Rihanna droppin' new Fenty
What I see in the sky, the 'Ville is the ceilin', can't reach up too high, evidently
Nah, shit, I can't reach up too high, evidently
Never seen no one drivin' a Bentley
I can't be out here moppin' up Wendy's
My life is all I have
My rhymes, my pen, my pad
And I done made it out the struggle, don't judge me
What you're sayin' now won't budge me
'Cause where I come from (come from), so often (so often)
People you grow up with layin' in a coffin
But I done made it through the pain and strife
It's my time now, my world, my life, my life
Say what? The stuff that I've seen got me traumatized
I let the K go when Johnny died
Swangin' that muhfucka' side to side
We don't participate, ain't with that squashin' shit, all we believe in is homicides
I got a good heart, so I send teddy bears every time we make they mamas cry
I pray that my past ain't ahead of me (21)
When I'm in love, I love heavily (on God)
If you betray me, you dead to me (21)
I disrespect you respectfully (straight up)
I got some partners who left this Earth
Maybe the pain made a better me (on God)
Just know that they secrets is kept with me (on God)
I feel like the streets is in debt with me (straight up)
I gave my heart away to all the dawg hoes 'cause that's who accepted me (21)
I blame my pops for that shit 'cause if he didn't fail, he could've corrected me (21)
Give all the props to my mama 'cause no matter what, she always protected me (on God)
I promise you, it ain't no checkin' me (on God)
Jump in the water, get wet with me (straight up, 21, 21)
You want my money or wanna have sex with me?
Can't let the opps or the law get the best of me
I get to answerin', you get to textin' me
I see chicken, you niggas is breast to me
Planted a seed but it ain't a sesame
Can't let you niggas or bitches grow next to me
My life is all I have
My rhymes, my pen, my pad
And I done made it out the struggle, don't judge me
What you're sayin' now won't budge me
'Cause where I come from (come from), so often (so often)
People you grow up with layin' in a coffin
But I done made it through the pain and strife
It's my time now, my world, my life, my life",0
J. Cole,Boom bap / Lyric,wLQ8u3xRZd8,"J. Cole - m y . l i f e  feat. 21 Savage, Morray (Official Audio)",J. Cole,🔥🔥 👌,0
J. Cole,Boom bap / Lyric,wLQ8u3xRZd8,"J. Cole - m y . l i f e  feat. 21 Savage, Morray (Official Audio)",J. Cole,"J cole the type to make everyone on his ft better.....hell i wish my dad would ft with him , mabe hed come back from buying milk.😂🎉😂🎉",0
J. Cole,Boom bap / Lyric,wLQ8u3xRZd8,"J. Cole - m y . l i f e  feat. 21 Savage, Morray (Official Audio)",J. Cole,A lot experience❤,0
J. Cole,Boom bap / Lyric,wLQ8u3xRZd8,"J. Cole - m y . l i f e  feat. 21 Savage, Morray (Official Audio)",J. Cole,Man Cole and 21 should just do a joint album at this point. This collab is just  too🔥!,0
J. Cole,Boom bap / Lyric,wLQ8u3xRZd8,"J. Cole - m y . l i f e  feat. 21 Savage, Morray (Official Audio)",J. Cole,Styles was posed to be on this,0
J. Cole,Boom bap / Lyric,wLQ8u3xRZd8,"J. Cole - m y . l i f e  feat. 21 Savage, Morray (Official Audio)",J. Cole,🔥 ❤🔥 ❤🔥 ❤ Dope!,0
J. Cole,Boom bap / Lyric,wLQ8u3xRZd8,"J. Cole - m y . l i f e  feat. 21 Savage, Morray (Official Audio)",J. Cole,"“Don't Just

Don't just learn, experience.
Don't just read, absorb.
Don't just change, transform.
Don't just relate, advocate.
Don't just promise, prove.
Don't just criticize, encourage.
Don't just think, ponder.
Don't just take, give.
Don't just see, feel.
Don’t just dream, do. 
Don't just hear, listen.
Don't just talk, act.
Don't just tell, show.
Don't just exist, live.”",0
J. Cole,Boom bap / Lyric,wLQ8u3xRZd8,"J. Cole - m y . l i f e  feat. 21 Savage, Morray (Official Audio)",J. Cole,"Spiralin' up, just like a rich nigga staircase (staircase)
No fly zone, please stay the fuck out my airspace (out my face)
Niggas say things behind backs that they wouldn't dare say (dare say)
Know it's on sight when I see you, I'm workin' at Squarespace
Yeah, top of the mornin', I know that you thought I was dormant
Woke up early from shots that were swarmin'
A block full of opps, now the cops in an orbit
Guess somebody got popped, now they knockin' on doors
Tryna find an informant but I ain't see Nathan
I'm mindin' my business as God is my witness
No weapon gon' prosper that's formin' against me
Nigga, I'm starvin', immensely
Know when I'm done with these songs, you gon' miss me
Ja Morant, I'm on my Grizzly
You niggas just cubs but no, not the ones in the big leagues
After The Fall Off, I promise I'm comin' and sellin' out Wrigley's
Nigga, I'm just a product of poverty, full of narcotics to profit off quickly
My family tree got a history of users that struggle with demons
Not really the hustler instincts
Therefore, often, my pockets was empty
So while some of my partners was servin' up rocks on the corners, the project assemblies
Me, I was startin' to envy, wanna be on the top where it's plenty
Wanna be in the spot like where every bitch want me like Rihanna droppin' new Fenty
What I see in the sky, the 'Ville is the ceilin', can't reach up too high, evidently
Nah, shit, I can't reach up too high, evidently
Never seen no one drivin' a Bentley
I can't be out here moppin' up Wendy's
My life is all I have
My rhymes, my pen, my pad
And I done made it out the struggle, don't judge me
What you're sayin' now won't budge me
'Cause where I come from (come from), so often (so often)
People you grow up with layin' in a coffin
But I done made it through the pain and strife
It's my time now, my world, my life, my life
Say what? The stuff that I've seen got me traumatized
I let the K go when Johnny died
Swangin' that muhfucka' side to side
We don't participate, ain't with that squashin' shit, all we believe in is homicides
I got a good heart, so I send teddy bears every time we make they mamas cry
I pray that my past ain't ahead of me (21)
When I'm in love, I love heavily (on God)
If you betray me, you dead to me (21)
I disrespect you respectfully (straight up)
I got some partners who left this Earth
Maybe the pain made a better me (on God)
Just know that they secrets is kept with me (on God)
I feel like the streets is in debt with me (straight up)
I gave my heart away to all the dawg hoes 'cause that's who accepted me (21)
I blame my pops for that shit 'cause if he didn't fail, he could've corrected me (21)
Give all the props to my mama 'cause no matter what, she always protected me (on God)
I promise you, it ain't no checkin' me (on God)
Jump in the water, get wet with me (straight up, 21, 21)
You want my money or wanna have sex with me?
Can't let the opps or the law get the best of me
I get to answerin', you get to textin' me
I see chicken, you niggas is breast to me
Planted a seed but it ain't a sesame
Can't let you niggas or bitches grow next to me",0
J. Cole,Boom bap / Lyric,wLQ8u3xRZd8,"J. Cole - m y . l i f e  feat. 21 Savage, Morray (Official Audio)",J. Cole,No lyrics guy ?,0
J. Cole,Boom bap / Lyric,wLQ8u3xRZd8,"J. Cole - m y . l i f e  feat. 21 Savage, Morray (Official Audio)",J. Cole,My baby.,0
J. Cole,Boom bap / Lyric,wLQ8u3xRZd8,"J. Cole - m y . l i f e  feat. 21 Savage, Morray (Official Audio)",J. Cole,"Ight guys ik im crazy and this is the worst time to say this but imagine a Ye and 21 Savage song, just imagine",2
J. Cole,Boom bap / Lyric,wLQ8u3xRZd8,"J. Cole - m y . l i f e  feat. 21 Savage, Morray (Official Audio)",J. Cole,Kanker😂🎉😢😮,1
J. Cole,Boom bap / Lyric,wLQ8u3xRZd8,"J. Cole - m y . l i f e  feat. 21 Savage, Morray (Official Audio)",J. Cole,J Cole is a great lyricist 🔥,2
J. Cole,Boom bap / Lyric,wLQ8u3xRZd8,"J. Cole - m y . l i f e  feat. 21 Savage, Morray (Official Audio)",J. Cole,2:29,1
J. Cole,Boom bap / Lyric,wLQ8u3xRZd8,"J. Cole - m y . l i f e  feat. 21 Savage, Morray (Official Audio)",J. Cole,2:30,1
J. Cole,Boom bap / Lyric,wLQ8u3xRZd8,"J. Cole - m y . l i f e  feat. 21 Savage, Morray (Official Audio)",J. Cole,"St Aight s,mome",0
J. Cole,Boom bap / Lyric,wLQ8u3xRZd8,"J. Cole - m y . l i f e  feat. 21 Savage, Morray (Official Audio)",J. Cole,This shit is gas,0
J. Cole,Boom bap / Lyric,wLQ8u3xRZd8,"J. Cole - m y . l i f e  feat. 21 Savage, Morray (Official Audio)",J. Cole,Wendy’s employees: 😢,2
J. Cole,Boom bap / Lyric,wLQ8u3xRZd8,"J. Cole - m y . l i f e  feat. 21 Savage, Morray (Official Audio)",J. Cole,I'M STILL IN LOVE....WITH JBLACK COLE🤞🏾💯‼️💙💙💙💙💙💙💙💙🩵,0
J. Cole,Boom bap / Lyric,wLQ8u3xRZd8,"J. Cole - m y . l i f e  feat. 21 Savage, Morray (Official Audio)",J. Cole,Naa we want something hype from us,0
J. Cole,Boom bap / Lyric,wLQ8u3xRZd8,"J. Cole - m y . l i f e  feat. 21 Savage, Morray (Official Audio)",J. Cole,Here we are cole,0
J. Cole,Boom bap / Lyric,wLQ8u3xRZd8,"J. Cole - m y . l i f e  feat. 21 Savage, Morray (Official Audio)",J. Cole,When I'm in love I love heavily,2
J. Cole,Boom bap / Lyric,wLQ8u3xRZd8,"J. Cole - m y . l i f e  feat. 21 Savage, Morray (Official Audio)",J. Cole,NEED 21 ON THE FALL OFF,1
J. Cole,Boom bap / Lyric,wLQ8u3xRZd8,"J. Cole - m y . l i f e  feat. 21 Savage, Morray (Official Audio)",J. Cole,21 Savage definitely killed this one💯,0
J. Cole,Boom bap / Lyric,wLQ8u3xRZd8,"J. Cole - m y . l i f e  feat. 21 Savage, Morray (Official Audio)",J. Cole,1:21 i swear theres a faint windows sound wtf,0
J. Cole,Boom bap / Lyric,wLQ8u3xRZd8,"J. Cole - m y . l i f e  feat. 21 Savage, Morray (Official Audio)",J. Cole,Mann the 21 adlips have to fckn goooooooo. so lame,0
J. Cole,Boom bap / Lyric,wLQ8u3xRZd8,"J. Cole - m y . l i f e  feat. 21 Savage, Morray (Official Audio)",J. Cole,"ah, top of the mornin', I know that you thought I was dormant
Woke up early from shots that were swarmin'
A block full of opps, now the cops in an orbit
Guess somebody got popped, now they knockin' on doors
Tryna find an informant but I ain't see Nathan
I'm mindin' my business as God is my witness
No weapon gon' prosper that's formin' against me
Nigga, I'm starvin', immensely
Know when I'm done with these songs, you gon' miss me
Ja Morant, I'm on my Grizzly
You niggas just cubs but no, not the ones in the big leagues
After The Fall Off, I promise I'm comin' and sellin' out Wrigley's
Nigga, I'm just a product of poverty, full of narcotics to profit off quickly
My family tree got a history of users that struggle with demons
Not really the hustler instincts
Therefore, often, my pockets was empty
So while some of my partners was servin' up rocks on the corners, the project assemblies
Me, I was startin' to envy, wanna be on the top where it's plenty
Wanna be in the spot like where every bitch want me like Rihanna droppin' new Fenty
What I see in the sky, the 'Ville is the ceilin', can't reach up too high, evidently
Nah, shit, I can't reach up too high, evidently
Never seen no one drivin' a Bentley
I can't be out here moppin' up Wendy's
My life is all I have
My rhymes, my pen, my pad
And I done made it out the struggle, don't judge me
What you're sayin' now won't budge me
'Cause where I come from (come from), so often (so often)
People you grow up with layin' in a coffin
But I done made it through the pain and strife
It's my time now, my world, my life, my life
Say what? The stuff that I've seen got me traumatized
I let the K go when Johnny died
Swangin' that muhfucka' side to side
We don't participate, ain't with that squashin' shit, all we believe in is homicides
I got a good heart, so I send teddy bears every time we make they mamas cry
I pray that my past ain't ahead of me (21)
When I'm in love, I love heavily (on God)
If you betray me, you dead to me (21)
I disrespect you respectfully (straight up)
I got some partners who left this Earth
Maybe the pain made a better me (on God)
Just know that they secrets is kept with me (on God)
I feel like the streets is in debt with me (straight up)
I gave my heart away to all the dawg hoes 'cause that's who accepted me (21)
I blame my pops for that shit 'cause if he didn't fail, he could've corrected me (21)
Give all the props to my mama 'cause no matter what, she always protected me (on God)
I promise you, it ain't no checkin' me (on God)
Jump in the water, get wet with me (straight up, 21, 21)
You want my money or wanna have sex with me?
Can't let the opps or the law get the best of me
I get to answerin', you get to textin' me
I see chicken, you niggas is breast to me
Planted a seed but it ain't a sesame
Can't let you niggas or bitches grow next to me
My life is all I have
My rhymes, my pen, my pad
And I done made it out the struggle, don't judge me
What you're sayin' now won't budge me
'Cause where I come from (come from), so often (so often)
People you grow up with layin' in a coffin
But I done made it through the pain and strife
It's my time now, my world, my life, my life",3
J. Cole,Boom bap / Lyric,wLQ8u3xRZd8,"J. Cole - m y . l i f e  feat. 21 Savage, Morray (Official Audio)",J. Cole,"alot-jcole
my life -21",0
J. Cole,Boom bap / Lyric,wLQ8u3xRZd8,"J. Cole - m y . l i f e  feat. 21 Savage, Morray (Official Audio)",J. Cole,This one HIT SOO MUCH💯🤧,0
J. Cole,Boom bap / Lyric,wLQ8u3xRZd8,"J. Cole - m y . l i f e  feat. 21 Savage, Morray (Official Audio)",J. Cole,"Yeah, yeah, yeah, yeah
(Oh, Lord)
(No matter how, no matter how long it take, yeah)
No matter how long it take, nigga
(Oh, Lord, oh, yeah)
(You better be)
Spiralin' up, just like a rich nigga staircase (staircase)
No fly zone, please stay the fuck out my airspace (out my face)
Niggas say things behind backs that they wouldn't dare say (dare say)
Know it's on sight when I see you, I'm workin' at Squarespace
Yeah, top of the mornin', I know that you thought I was dormant
Woke up early from shots that were swarmin'
A block full of opps, now the cops in an orbit
Guess somebody got popped, now they knockin' on doors
Tryna find an informant but I ain't see Nathan
I'm mindin' my business as God is my witness
No weapon gon' prosper that's formin' against me
Nigga, I'm starvin', immensely
Know when I'm done with these songs, you gon' miss me
Ja Morant, I'm on my Grizzly
You niggas just cubs but no, not the ones in the big leagues
After The Fall Off, I promise I'm comin' and sellin' out Wrigley's
Nigga, I'm just a product of poverty, full of narcotics to profit off quickly
My family tree got a history of users that struggle with demons
Not really the hustler instincts
Therefore, often, my pockets was empty
So while some of my partners was servin' up rocks on the corners, the project assemblies
Me, I was startin' to envy, wanna be on the top where it's plenty
Wanna be in the spot like where every bitch want me like Rihanna droppin' new Fenty
What I see in the sky, the 'Ville is the ceilin', can't reach up too high, evidently
Nah, shit, I can't reach up too high, evidently
Never seen no one drivin' a Bentley
I can't be out here moppin' up Wendy's
My life is all I have
My rhymes, my pen, my pad
And I done made it out the struggle, don't judge me
What you're sayin' now won't budge me
'Cause where I come from (come from), so often (so often)
People you grow up with layin' in a coffin
But I done made it through the pain and strife
It's my time now, my world, my life, my life
Say what? The stuff that I've seen got me traumatized
I let the K go when Johnny died
Swangin' that muhfucka' side to side
We don't participate, ain't with that squashin' shit, all we believe in is homicides
I got a good heart, so I send teddy bears every time we make they mamas cry
I pray that my past ain't ahead of me (21)
When I'm in love, I love heavily (on God)
If you betray me, you dead to me (21)
I disrespect you respectfully (straight up)
I got some partners who left this Earth
Maybe the pain made a better me (on God)
Just know that they secrets is kept with me (on God)
I feel like the streets is in debt with me (straight up)
I gave my heart away to all the dawg hoes 'cause that's who accepted me (21)
I blame my pops for that shit 'cause if he didn't fail, he could've corrected me (21)
Give all the props to my mama 'cause no matter what, she always protected me (on God)
I promise you, it ain't no checkin' me (on God)
Jump in the water, get wet with me (straight up, 21, 21)
You want my money or wanna have sex with me?
Can't let the opps or the law get the best of me
I get to answerin', you get to textin' me
I see chicken, you niggas is breast to me
Planted a seed but it ain't a sesame
Can't let you niggas or bitches grow next to me
My life is all I have
My rhymes, my pen, my pad
And I done made it out the struggle, don't judge me
What you're sayin' now won't budge me
'Cause where I come from (come from), so often (so often)
People you grow up with layin' in a coffin
But I done made it through the pain and strife
It's my time now, my world, my life, my life",0
J. Cole,Boom bap / Lyric,wLQ8u3xRZd8,"J. Cole - m y . l i f e  feat. 21 Savage, Morray (Official Audio)",J. Cole,my jam,0
J. Cole,Boom bap / Lyric,wLQ8u3xRZd8,"J. Cole - m y . l i f e  feat. 21 Savage, Morray (Official Audio)",J. Cole,this is my favorite song on the album all time,0
J. Cole,Boom bap / Lyric,wLQ8u3xRZd8,"J. Cole - m y . l i f e  feat. 21 Savage, Morray (Official Audio)",J. Cole,m y . l i f e,0
J. Cole,Boom bap / Lyric,wLQ8u3xRZd8,"J. Cole - m y . l i f e  feat. 21 Savage, Morray (Official Audio)",J. Cole,My life!!🍒❤️❤️❤️,0
J. Cole,Boom bap / Lyric,wLQ8u3xRZd8,"J. Cole - m y . l i f e  feat. 21 Savage, Morray (Official Audio)",J. Cole,"Yeah, yeah, yeah, yeah
(Oh, Lord)
(No matter how, no matter how long it take, yeah)
No matter how long it take, nigga
(Oh, Lord, oh, yeah)
(You better be)

Spiralin' up, just like a rich nigga staircase (staircase)
No fly zone, please stay the fuck out my airspace (out my face)
Niggas say things behind backs that they wouldn't dare say (dare say)
Know it's on sight when I see you, I'm workin' at Squarespace
Yeah, top of the mornin', I know that you thought I was dormant
Woke up early from shots that were swarmin'
A block full of opps, now the cops in an orbit
Guess somebody got popped, now they knockin' on doors
Tryna find an informant but I ain't see Nathan
I'm mindin' my business as God is my witness
No weapon gon' prosper that's formin' against me
Nigga, I'm starvin', immensely
Know when I'm done with these songs, you gon' miss me
Ja Morant, I'm on my Grizzly
You niggas just cubs but no, not the ones in the big leagues
After The Fall Off, I promise I'm comin' and sellin' out Wrigley's
Nigga, I'm just a product of poverty, full of narcotics to profit off quickly
My family tree got a history of users that struggle with demons
Not really the hustler instincts
Therefore, often, my pockets was empty
So while some of my partners was servin' up rocks on the corners, the project assemblies
Me, I was startin' to envy, wanna be on the top where it's plenty
Wanna be in the spot like where every bitch want me like Rihanna droppin' new Fenty
What I see in the sky, the 'Ville is the ceilin', can't reach up too high, evidently
Nah, shit, I can't reach up too high, evidently
Never seen no one drivin' a Bentley
I can't be out here moppin' up Wendy's

My life is all I have
My rhymes, my pen, my pad
And I done made it out the struggle, don't judge me
What you're sayin' now won't budge me
'Cause where I come from (come from), so often (so often)
People you grow up with layin' in a coffin
But I done made it through the pain and strife
It's my time now, my world, my life, my life

Say what? The stuff that I've seen got me traumatized
I let the K go when Johnny died
Swangin' that muhfucka' side to side
We don't participate, ain't with that squashin' shit, all we believe in is homicides
I got a good heart, so I send teddy bears every time we make they mamas cry
I pray that my past ain't ahead of me (21)
When I'm in love, I love heavily (on God)
If you betray me, you dead to me (21)
I disrespect you respectfully (straight up)
I got some partners who left this Earth
Maybe the pain made a better me (on God)
Just know that they secrets is kept with me (on God)
I feel like the streets is in debt with me (straight up)
I gave my heart away to all the dawg hoes 'cause that's who accepted me (21)
I blame my pops for that shit 'cause if he didn't fail, he could've corrected me (21)
Give all the props to my mama 'cause no matter what, she always protected me (on God)
I promise you, it ain't no checkin' me (on God)
Jump in the water, get wet with me (straight up, 21, 21)
You want my money or wanna have sex with me?
Can't let the opps or the law get the best of me
I get to answerin', you get to textin' me
I see chicken, you niggas is breast to me
Planted a seed but it ain't a sesame
Can't let you niggas or bitches grow next to me

My life is all I have
My rhymes, my pen, my pad
And I done made it out the struggle, don't judge me
What you're sayin' now won't budge me
'Cause where I come from (come from), so often (so often)
People you grow up with layin' in a coffin
But I done made it through the pain and strife
It's my time now, my world, my life, my life",1
J. Cole,Boom bap / Lyric,wLQ8u3xRZd8,"J. Cole - m y . l i f e  feat. 21 Savage, Morray (Official Audio)",J. Cole,❤❤❤❤❤,0
J. Cole,Boom bap / Lyric,wLQ8u3xRZd8,"J. Cole - m y . l i f e  feat. 21 Savage, Morray (Official Audio)",J. Cole,Ja Morrant I'm on my Grizzly aged very well,0
J. Cole,Boom bap / Lyric,wLQ8u3xRZd8,"J. Cole - m y . l i f e  feat. 21 Savage, Morray (Official Audio)",J. Cole,GAVE ALL THE PROPS TO MY MAMA CAUSE NO MATTER WHAT SHE ALWAYS PROTECTED ME!,0
J. Cole,Boom bap / Lyric,wLQ8u3xRZd8,"J. Cole - m y . l i f e  feat. 21 Savage, Morray (Official Audio)",J. Cole,“Laying in a coffinnnn!!” That part ate!!,1
J. Cole,Boom bap / Lyric,wLQ8u3xRZd8,"J. Cole - m y . l i f e  feat. 21 Savage, Morray (Official Audio)",J. Cole,Song got me feeling sum typa way,1
J. Cole,Boom bap / Lyric,wLQ8u3xRZd8,"J. Cole - m y . l i f e  feat. 21 Savage, Morray (Official Audio)",J. Cole,No matter how long it takes... Words one tends to forget but a mantra in it's own- this is my life...,10
J. Cole,Boom bap / Lyric,wLQ8u3xRZd8,"J. Cole - m y . l i f e  feat. 21 Savage, Morray (Official Audio)",J. Cole,Original song my life styles p ft pharohoe monch,1
J. Cole,Boom bap / Lyric,wLQ8u3xRZd8,"J. Cole - m y . l i f e  feat. 21 Savage, Morray (Official Audio)",J. Cole,I wish cole's verse just kept going,0
J. Cole,Boom bap / Lyric,wLQ8u3xRZd8,"J. Cole - m y . l i f e  feat. 21 Savage, Morray (Official Audio)",J. Cole,best song bro,0
J. Cole,Boom bap / Lyric,wLQ8u3xRZd8,"J. Cole - m y . l i f e  feat. 21 Savage, Morray (Official Audio)",J. Cole,This is 2 years old 💀,2
J. Cole,Boom bap / Lyric,wLQ8u3xRZd8,"J. Cole - m y . l i f e  feat. 21 Savage, Morray (Official Audio)",J. Cole,This literally is the best verse 21 has ever had holy shit 😂. “I pray that my past ain’t ahead of me. When I’m in love I love heavenly. If you betray me you dead to me. I disrespect you respectfully.” GO OFF THEN CUH!,12
J. Cole,Boom bap / Lyric,wLQ8u3xRZd8,"J. Cole - m y . l i f e  feat. 21 Savage, Morray (Official Audio)",J. Cole,The ozarks soundtrack brought me here,0
J. Cole,Boom bap / Lyric,wLQ8u3xRZd8,"J. Cole - m y . l i f e  feat. 21 Savage, Morray (Official Audio)",J. Cole,Jus found out this is a sample from arentha franklin,0
J. Cole,Boom bap / Lyric,wLQ8u3xRZd8,"J. Cole - m y . l i f e  feat. 21 Savage, Morray (Official Audio)",J. Cole,Piel de gallina 🥴,1
J. Cole,Boom bap / Lyric,wLQ8u3xRZd8,"J. Cole - m y . l i f e  feat. 21 Savage, Morray (Official Audio)",J. Cole,Great song and three great verses,0
J. Cole,Boom bap / Lyric,wLQ8u3xRZd8,"J. Cole - m y . l i f e  feat. 21 Savage, Morray (Official Audio)",J. Cole,2swag GIRZLY,0
J. Cole,Boom bap / Lyric,wLQ8u3xRZd8,"J. Cole - m y . l i f e  feat. 21 Savage, Morray (Official Audio)",J. Cole,Eyy love hearing that Styles/Pharoahe at the end.,0
J. Cole,Boom bap / Lyric,wLQ8u3xRZd8,"J. Cole - m y . l i f e  feat. 21 Savage, Morray (Official Audio)",J. Cole,Let’s go j cole,0
J. Cole,Boom bap / Lyric,wLQ8u3xRZd8,"J. Cole - m y . l i f e  feat. 21 Savage, Morray (Official Audio)",J. Cole,dang i work at wendy's and mop the floors I hate it lol,2
J. Cole,Boom bap / Lyric,wLQ8u3xRZd8,"J. Cole - m y . l i f e  feat. 21 Savage, Morray (Official Audio)",J. Cole,1:46 i felt that,0
J. Cole,Boom bap / Lyric,wLQ8u3xRZd8,"J. Cole - m y . l i f e  feat. 21 Savage, Morray (Official Audio)",J. Cole,J.COLE IS GOATED,0
J. Cole,Boom bap / Lyric,wLQ8u3xRZd8,"J. Cole - m y . l i f e  feat. 21 Savage, Morray (Official Audio)",J. Cole,"You cant expain 21 to a non rap fan, but when you love hip hop 21 goes hard ❤",0
J. Cole,Boom bap / Lyric,wLQ8u3xRZd8,"J. Cole - m y . l i f e  feat. 21 Savage, Morray (Official Audio)",J. Cole,21be talkin! Yeh!,0
J. Cole,Boom bap / Lyric,wLQ8u3xRZd8,"J. Cole - m y . l i f e  feat. 21 Savage, Morray (Official Audio)",J. Cole,This song hard fr 💯,0
J. Cole,Boom bap / Lyric,wLQ8u3xRZd8,"J. Cole - m y . l i f e  feat. 21 Savage, Morray (Official Audio)",J. Cole,Styles p ft pharaoh monch - my life,0
J. Cole,Boom bap / Lyric,wLQ8u3xRZd8,"J. Cole - m y . l i f e  feat. 21 Savage, Morray (Official Audio)",J. Cole,21sAvage type beat😅,0
J. Cole,Boom bap / Lyric,wLQ8u3xRZd8,"J. Cole - m y . l i f e  feat. 21 Savage, Morray (Official Audio)",J. Cole,2 years later it gets even better.. MY LIFE💥💫,9
J. Cole,Boom bap / Lyric,wLQ8u3xRZd8,"J. Cole - m y . l i f e  feat. 21 Savage, Morray (Official Audio)",J. Cole,2:10 21,1
J. Cole,Boom bap / Lyric,wLQ8u3xRZd8,"J. Cole - m y . l i f e  feat. 21 Savage, Morray (Official Audio)",J. Cole,Ja Morant I’m on my Grizzzzzlieeeee…,0
J. Cole,Boom bap / Lyric,wLQ8u3xRZd8,"J. Cole - m y . l i f e  feat. 21 Savage, Morray (Official Audio)",J. Cole,“I can’t be out here mopping up Wendy’s” That’s a crazy bar for me because the very moment I discovered Cole I was 16 mopping up a subway 😂,0
J. Cole,Boom bap / Lyric,ZLX-GY0dJgc,J. Cole - p r i d e . i s . t h e . d e v i l  feat. Lil&#39; Baby (Official Audio),J. Cole,2026 ?,0
J. Cole,Boom bap / Lyric,ZLX-GY0dJgc,J. Cole - p r i d e . i s . t h e . d e v i l  feat. Lil&#39; Baby (Official Audio),J. Cole,South Africa 🇿🇦🇿🇦,0
J. Cole,Boom bap / Lyric,ZLX-GY0dJgc,J. Cole - p r i d e . i s . t h e . d e v i l  feat. Lil&#39; Baby (Official Audio),J. Cole,The best project from cole in this decade,0
J. Cole,Boom bap / Lyric,ZLX-GY0dJgc,J. Cole - p r i d e . i s . t h e . d e v i l  feat. Lil&#39; Baby (Official Audio),J. Cole,imagine playing this song during a pride parade 💀,0
J. Cole,Boom bap / Lyric,ZLX-GY0dJgc,J. Cole - p r i d e . i s . t h e . d e v i l  feat. Lil&#39; Baby (Official Audio),J. Cole,2026,1
J. Cole,Boom bap / Lyric,ZLX-GY0dJgc,J. Cole - p r i d e . i s . t h e . d e v i l  feat. Lil&#39; Baby (Official Audio),J. Cole,"Terrified, paranoid.",0
J. Cole,Boom bap / Lyric,ZLX-GY0dJgc,J. Cole - p r i d e . i s . t h e . d e v i l  feat. Lil&#39; Baby (Official Audio),J. Cole,🥶🔥🙌🏿 #BLAT♡NT,0
J. Cole,Boom bap / Lyric,ZLX-GY0dJgc,J. Cole - p r i d e . i s . t h e . d e v i l  feat. Lil&#39; Baby (Official Audio),J. Cole,Pride is the devil 🥲,0
J. Cole,Boom bap / Lyric,ZLX-GY0dJgc,J. Cole - p r i d e . i s . t h e . d e v i l  feat. Lil&#39; Baby (Official Audio),J. Cole,Gago,0
J. Cole,Boom bap / Lyric,ZLX-GY0dJgc,J. Cole - p r i d e . i s . t h e . d e v i l  feat. Lil&#39; Baby (Official Audio),J. Cole,Friday the thirten,1
J. Cole,Boom bap / Lyric,ZLX-GY0dJgc,J. Cole - p r i d e . i s . t h e . d e v i l  feat. Lil&#39; Baby (Official Audio),J. Cole,Who's here for pride week 2026??? 🚡🚡🚡🚡🚡🚡,2
J. Cole,Boom bap / Lyric,ZLX-GY0dJgc,J. Cole - p r i d e . i s . t h e . d e v i l  feat. Lil&#39; Baby (Official Audio),J. Cole,Anyone listening to this after listening band 4 band?,0
J. Cole,Boom bap / Lyric,ZLX-GY0dJgc,J. Cole - p r i d e . i s . t h e . d e v i l  feat. Lil&#39; Baby (Official Audio),J. Cole,"Song of the month ""PRIDE IS THE DEVIL""",2
J. Cole,Boom bap / Lyric,ZLX-GY0dJgc,J. Cole - p r i d e . i s . t h e . d e v i l  feat. Lil&#39; Baby (Official Audio),J. Cole,I’m back listening to this song at this current time for no particular reason,0
J. Cole,Boom bap / Lyric,ZLX-GY0dJgc,J. Cole - p r i d e . i s . t h e . d e v i l  feat. Lil&#39; Baby (Official Audio),J. Cole,Steve was a SIMP and still is Kevin was speaking 💯 aka Reality which we know is what Women do like hearing knowing they love those Good old Lies. But also let’s not forget Kevin was giving Men the work to but it was the Women that was mad at him being straight forward with them.Watching Kevin during Pandemic honestly is the reason I’m not surprised or shocked at what’s going on now in the dating world.,0
J. Cole,Boom bap / Lyric,ZLX-GY0dJgc,J. Cole - p r i d e . i s . t h e . d e v i l  feat. Lil&#39; Baby (Official Audio),J. Cole,Wyclef Jean best track lyrically 2026‼️,2
J. Cole,Boom bap / Lyric,ZLX-GY0dJgc,J. Cole - p r i d e . i s . t h e . d e v i l  feat. Lil&#39; Baby (Official Audio),J. Cole,"""All my pride gone, had to lose it all, then I got rich"" 🙏",1
J. Cole,Boom bap / Lyric,ZLX-GY0dJgc,J. Cole - p r i d e . i s . t h e . d e v i l  feat. Lil&#39; Baby (Official Audio),J. Cole,NYC -DAYTON OHIO 2021-2026❤,4
J. Cole,Boom bap / Lyric,ZLX-GY0dJgc,J. Cole - p r i d e . i s . t h e . d e v i l  feat. Lil&#39; Baby (Official Audio),J. Cole,"❤ I started working on a homepage for this song, but all my instruments were stolen, my xylophone,  conga, violin, maracas, jamboree. I WANTED TO Work with you and other hip hop. I wanted to integrate some Latin concepts. But my instruments got taken",2
J. Cole,Boom bap / Lyric,ZLX-GY0dJgc,J. Cole - p r i d e . i s . t h e . d e v i l  feat. Lil&#39; Baby (Official Audio),J. Cole,"❤ I started working on a homepage for this song, but all my instruments were stolen, my xylophone,  conga, violin, maracas, jamboree. I WANTED TO Work with you and other hip hop. I wanted to integrate some Latin concepts. But my instruments got taken 3:38 3:38",1
J. Cole,Boom bap / Lyric,ZLX-GY0dJgc,J. Cole - p r i d e . i s . t h e . d e v i l  feat. Lil&#39; Baby (Official Audio),J. Cole,"❤ I started working on a homepage for this song, but all my instruments were stolen, my xylophone,  conga, violin, maracas, jamboree. I WANTED TO Work with you and other hip hop. I wanted to integrate some Latin concepts. But my instruments got taken",0
J. Cole,Boom bap / Lyric,ZLX-GY0dJgc,J. Cole - p r i d e . i s . t h e . d e v i l  feat. Lil&#39; Baby (Official Audio),J. Cole,🔥🔥🔥,0
J. Cole,Boom bap / Lyric,ZLX-GY0dJgc,J. Cole - p r i d e . i s . t h e . d e v i l  feat. Lil&#39; Baby (Official Audio),J. Cole,Say Cole ain't top 10 faed me ask request the address,0
J. Cole,Boom bap / Lyric,ZLX-GY0dJgc,J. Cole - p r i d e . i s . t h e . d e v i l  feat. Lil&#39; Baby (Official Audio),J. Cole,"PRIDE is THE DEVIL
#FINESEVERALINES",1
J. Cole,Boom bap / Lyric,ZLX-GY0dJgc,J. Cole - p r i d e . i s . t h e . d e v i l  feat. Lil&#39; Baby (Official Audio),J. Cole,"Happy 5th Anniversary to THE OFF SEASON!!! I can't believe it's been 5 years already, take me back please. I have so many memories of this song I first heard this song in May 2021. I was 12 when this song came out and I was playing football in Paterson, NJ even though I lived in the Northwestern part of the state like Sparta, NJ. This song will always take me back to summer 2021, I remember when I was training this song would be playing and I would be hyped. I never liked football, and I hated my dad for making me play since 2019, but I stopped playing in 2022 because my mom told him no more football because I hated it. I heard this song from April 2021 to December 2021. The other time I heard this song was when my mom, my sister, and I were going to Georgia to see my cousins it was so much fun, we went in July 2021, so three years ago this week from July 22, 2021, to July 31, 2021. I can't believe that was three years ago, this song will forever remind me of training, working out, playing football, going on the Georgia vacation, and listening to this song with my dad on the radio in the car. My dad and I were so obsessed with this song, time went by way too fast for 2021 to be 4 - 5 years ago. I wish I could go back, J Cole's Off-Season album, Drake's Certified Lover Boy album, and Pop Smoke's song What You Know 'Bout Love (R.I.P) all bring back memories of that summer and summer 2022. In summer 2022 we went on so many vacations, in April 2022, we went to Outer Banks and Richmond, VA, then in May 2022, we went to Aruba, in June 2022, we went to Barbados, and in July 2022, we went to Orlando with my cousins from Georgia to celebrate my other aunt's 10th anniversary on July 1, 2012 - July 1, 2022. This will forever remind me of the summers of 2021 and 2022. I wish I could go back to those years. I miss the early 2020s sometimes. Even though Covid-19 was around, I still made the most of my life, and I hope we can all do that in the future. May 14, 2021 - May 14, 2026.",0
J. Cole,Boom bap / Lyric,ZLX-GY0dJgc,J. Cole - p r i d e . i s . t h e . d e v i l  feat. Lil&#39; Baby (Official Audio),J. Cole,Classic still 2026,0
J. Cole,Boom bap / Lyric,ZLX-GY0dJgc,J. Cole - p r i d e . i s . t h e . d e v i l  feat. Lil&#39; Baby (Official Audio),J. Cole,🔥 🔥 🔥,0
J. Cole,Boom bap / Lyric,ZLX-GY0dJgc,J. Cole - p r i d e . i s . t h e . d e v i l  feat. Lil&#39; Baby (Official Audio),J. Cole,"I mean, you can call it whatever you want, but the statement is the statement and you know the writers are lazy also how people survived some people in the family who survived diseases some family members still died so no your theory is not very strong",0
J. Cole,Boom bap / Lyric,ZLX-GY0dJgc,J. Cole - p r i d e . i s . t h e . d e v i l  feat. Lil&#39; Baby (Official Audio),J. Cole,that transition 😮‍💨😮‍💨,0
J. Cole,Boom bap / Lyric,ZLX-GY0dJgc,J. Cole - p r i d e . i s . t h e . d e v i l  feat. Lil&#39; Baby (Official Audio),J. Cole,He is talking about the Bible God. ✌🏻❤️‍🔥,0
J. Cole,Boom bap / Lyric,ZLX-GY0dJgc,J. Cole - p r i d e . i s . t h e . d e v i l  feat. Lil&#39; Baby (Official Audio),J. Cole,10/10,0
J. Cole,Boom bap / Lyric,ZLX-GY0dJgc,J. Cole - p r i d e . i s . t h e . d e v i l  feat. Lil&#39; Baby (Official Audio),J. Cole,"Pride is indeed the devil and this man J.Cole talked shit about it. Also, Baby was just kind of here... but he was alright.",1
J. Cole,Boom bap / Lyric,ZLX-GY0dJgc,J. Cole - p r i d e . i s . t h e . d e v i l  feat. Lil&#39; Baby (Official Audio),J. Cole,We need this lil baby back 😢,4
J. Cole,Boom bap / Lyric,ZLX-GY0dJgc,J. Cole - p r i d e . i s . t h e . d e v i l  feat. Lil&#39; Baby (Official Audio),J. Cole,Yo bro they r just pictures its ok kobe.,0
J. Cole,Boom bap / Lyric,ZLX-GY0dJgc,J. Cole - p r i d e . i s . t h e . d e v i l  feat. Lil&#39; Baby (Official Audio),J. Cole,U got hit with a door ?,1
J. Cole,Boom bap / Lyric,ZLX-GY0dJgc,J. Cole - p r i d e . i s . t h e . d e v i l  feat. Lil&#39; Baby (Official Audio),J. Cole,"Pride is the devil , and I think it got a hold on me x",1
J. Cole,Boom bap / Lyric,ZLX-GY0dJgc,J. Cole - p r i d e . i s . t h e . d e v i l  feat. Lil&#39; Baby (Official Audio),J. Cole,"ALL MY PRIDE GONE, HAD TO LOSE IT ALL AND I GOT RICH!",0
J. Cole,Boom bap / Lyric,ZLX-GY0dJgc,J. Cole - p r i d e . i s . t h e . d e v i l  feat. Lil&#39; Baby (Official Audio),J. Cole,Beats insane🎉🎉,0
J. Cole,Boom bap / Lyric,ZLX-GY0dJgc,J. Cole - p r i d e . i s . t h e . d e v i l  feat. Lil&#39; Baby (Official Audio),J. Cole,😂😢,0
J. Cole,Boom bap / Lyric,ZLX-GY0dJgc,J. Cole - p r i d e . i s . t h e . d e v i l  feat. Lil&#39; Baby (Official Audio),J. Cole,They did invite him and some them well.....😔😤,0
J. Cole,Boom bap / Lyric,ZLX-GY0dJgc,J. Cole - p r i d e . i s . t h e . d e v i l  feat. Lil&#39; Baby (Official Audio),J. Cole,"It look good but the ""Temple within Temple"" does not dwell there",0
J. Cole,Boom bap / Lyric,ZLX-GY0dJgc,J. Cole - p r i d e . i s . t h e . d e v i l  feat. Lil&#39; Baby (Official Audio),J. Cole,At top unhumble show boat,0
J. Cole,Boom bap / Lyric,ZLX-GY0dJgc,J. Cole - p r i d e . i s . t h e . d e v i l  feat. Lil&#39; Baby (Official Audio),J. Cole,Has me feeling different every single time somebody say they proud of me.🎉,0
J. Cole,Boom bap / Lyric,ZLX-GY0dJgc,J. Cole - p r i d e . i s . t h e . d e v i l  feat. Lil&#39; Baby (Official Audio),J. Cole,Thank you,0
J. Cole,Boom bap / Lyric,ZLX-GY0dJgc,J. Cole - p r i d e . i s . t h e . d e v i l  feat. Lil&#39; Baby (Official Audio),J. Cole,Song makes me believe in Christ 😇,0
J. Cole,Boom bap / Lyric,ZLX-GY0dJgc,J. Cole - p r i d e . i s . t h e . d e v i l  feat. Lil&#39; Baby (Official Audio),J. Cole,Last goated J cole song,1
J. Cole,Boom bap / Lyric,ZLX-GY0dJgc,J. Cole - p r i d e . i s . t h e . d e v i l  feat. Lil&#39; Baby (Official Audio),J. Cole,Baby Slid on this 💪🏽🔥🔥🔥🔥,1
J. Cole,Boom bap / Lyric,ZLX-GY0dJgc,J. Cole - p r i d e . i s . t h e . d e v i l  feat. Lil&#39; Baby (Official Audio),J. Cole,24 march 2026,1
J. Cole,Boom bap / Lyric,ZLX-GY0dJgc,J. Cole - p r i d e . i s . t h e . d e v i l  feat. Lil&#39; Baby (Official Audio),J. Cole,Stopping thru from time to time...,0
J. Cole,Boom bap / Lyric,ZLX-GY0dJgc,J. Cole - p r i d e . i s . t h e . d e v i l  feat. Lil&#39; Baby (Official Audio),J. Cole,@J.Cole bro saved my life and is still giving me reasons to make it out the struggle,0
J. Cole,Boom bap / Lyric,ZLX-GY0dJgc,J. Cole - p r i d e . i s . t h e . d e v i l  feat. Lil&#39; Baby (Official Audio),J. Cole,will he drop,0
J. Cole,Boom bap / Lyric,ZLX-GY0dJgc,J. Cole - p r i d e . i s . t h e . d e v i l  feat. Lil&#39; Baby (Official Audio),J. Cole,what you think cole?,0
J. Cole,Boom bap / Lyric,ZLX-GY0dJgc,J. Cole - p r i d e . i s . t h e . d e v i l  feat. Lil&#39; Baby (Official Audio),J. Cole,"March 14 2026 
Just checking in",2
J. Cole,Boom bap / Lyric,ZLX-GY0dJgc,J. Cole - p r i d e . i s . t h e . d e v i l  feat. Lil&#39; Baby (Official Audio),J. Cole,This Hard,0
J. Cole,Boom bap / Lyric,ZLX-GY0dJgc,J. Cole - p r i d e . i s . t h e . d e v i l  feat. Lil&#39; Baby (Official Audio),J. Cole,This is a clean and simple track. This is why I like J.Cole. This man can have the simplest beats but the lyrics are what carry. That Lil Baby feature is not bad at all to be honest.,2
J. Cole,Boom bap / Lyric,ZLX-GY0dJgc,J. Cole - p r i d e . i s . t h e . d e v i l  feat. Lil&#39; Baby (Official Audio),J. Cole,March 6,0
J. Cole,Boom bap / Lyric,ZLX-GY0dJgc,J. Cole - p r i d e . i s . t h e . d e v i l  feat. Lil&#39; Baby (Official Audio),J. Cole,March 6th everyone🎉,0
J. Cole,Boom bap / Lyric,ZLX-GY0dJgc,J. Cole - p r i d e . i s . t h e . d e v i l  feat. Lil&#39; Baby (Official Audio),J. Cole,"Netanyahu and trump, pride is the devil, end is soon",0
J. Cole,Boom bap / Lyric,ZLX-GY0dJgc,J. Cole - p r i d e . i s . t h e . d e v i l  feat. Lil&#39; Baby (Official Audio),J. Cole,Ignorant sellout.,1
J. Cole,Boom bap / Lyric,ZLX-GY0dJgc,J. Cole - p r i d e . i s . t h e . d e v i l  feat. Lil&#39; Baby (Official Audio),J. Cole,lil baby part always reminds me of cole in his performances trying to go all in 🐐🔥🔥😂😂...,0
J. Cole,Boom bap / Lyric,ZLX-GY0dJgc,J. Cole - p r i d e . i s . t h e . d e v i l  feat. Lil&#39; Baby (Official Audio),J. Cole,Today marks a year my girl n daughter passed they loved wen I played this now it's just me,2
J. Cole,Boom bap / Lyric,ZLX-GY0dJgc,J. Cole - p r i d e . i s . t h e . d e v i l  feat. Lil&#39; Baby (Official Audio),J. Cole,🔥,0
J. Cole,Boom bap / Lyric,ZLX-GY0dJgc,J. Cole - p r i d e . i s . t h e . d e v i l  feat. Lil&#39; Baby (Official Audio),J. Cole,Is this till I collapse?,1
J. Cole,Boom bap / Lyric,ZLX-GY0dJgc,J. Cole - p r i d e . i s . t h e . d e v i l  feat. Lil&#39; Baby (Official Audio),J. Cole,❤❤❤,0
J. Cole,Boom bap / Lyric,ZLX-GY0dJgc,J. Cole - p r i d e . i s . t h e . d e v i l  feat. Lil&#39; Baby (Official Audio),J. Cole,February 22 nd 2026,1
J. Cole,Boom bap / Lyric,ZLX-GY0dJgc,J. Cole - p r i d e . i s . t h e . d e v i l  feat. Lil&#39; Baby (Official Audio),J. Cole,This Is better than the fall off,0
J. Cole,Boom bap / Lyric,ZLX-GY0dJgc,J. Cole - p r i d e . i s . t h e . d e v i l  feat. Lil&#39; Baby (Official Audio),J. Cole,Love love love,0
J. Cole,Boom bap / Lyric,ZLX-GY0dJgc,J. Cole - p r i d e . i s . t h e . d e v i l  feat. Lil&#39; Baby (Official Audio),J. Cole,Name a better transition. I'm waiting..,3
J. Cole,Boom bap / Lyric,ZLX-GY0dJgc,J. Cole - p r i d e . i s . t h e . d e v i l  feat. Lil&#39; Baby (Official Audio),J. Cole,"Uh
Pride is the Devil
Think it got a hold on me
Pride is the Devil
It left so many R.I.P.
Pride is the Devil
Think it got a hold on me
Pride is the Devil, yeah, uh
Terrified, paranoid
I'll put you over everything to fill the void
And when you're gone, will I have anything?
Or will I be destroyed? Uh
Terrified, paranoid
I'll put you over everything to fill the void
And when you're gone, will I have anything?
Or will I be destroyed? Yeah
Bright lights pass me in the city, it's emergency
I'm thankful 'cause I made it past my 30s, no one murdered me
Still remember vividly the n- that pulled a gun on me
I'm petrified, but movin' like I got no sense of urgency
Pride make a n- act way harder than he really be
Pride hide the shame when city cut off all utilities
Pride hide the pain of growing up inhalling poverty
Pride make a n- feel the way that you would follow me
Make a n- flash a thousand like he hit the lottery
Make a baby mama make sh- harder than it gotta be
Make you have to take the b- to court to see your prodigy
Make you have to use your last resort and pull a robbery
Pride be the reason for the family dichotomy
Got uncles and some aunties that's too proud to give apologies
Slowly realizing what the root of all my problems be
It got me feeling different when somebody say they proud of me
Pride is the Devil, uh
I think it got a hold on me
Pride is the Devil, uh
And it left so many R.I.P.
Pride is the Devil
I think it got a hold on me
Pride is the Devil, uh, yeah
Terrified, paranoid
I'll put you over everything to fill the void
And when you're gone, will I have anything?
Or will I be destroyed? Uh
Terrified, paranoid
I'll put you over everything to fill the void
And when you're gone, will I have anything?
Or will I be destroyed? Yeah
Too much money to count, what's the amount?
Check never bounce
I gotta pay a n- to add it up
Then pay somebody to make sure whatever amount he say, he can back it up
Got racks on racks, I'm rackin' up, stackin' up
You're reachin', I'm actin' up
Break it down, weigh it up, now bag it up
Makin' five a month, that's regular
N- playin' with us, that's a negative
Go back to the start, that's never
I'm a boss, my closet leather
Ain't no off-days on my schedule
Long as I live, we live forever
Told my twin this sh- get better
These n- don't slipped, let me get ahead of 'em
Got my feet up, I paid silly bands to have s- on the jet
I don't need 'em, that sh- in the past
I'm feelin' like what's next
Got my speed up, foot all on the gas
This not a C8 'Vette
I can beat 'em, I believe in me
Just tell me what's the bet
All my pride gone, had to lose it all then I got rich
I own five homes, glad some of this sh- startin' to make sense
I'm stayin' hella focused and I can't forget the bigger picture
I can't even hold you, I didn't have sh-, I won't forget it
Will I be destroyed?
Come to me with everything, it's startin' to get annoyin'
I'm addicted to p-, it's crazy, yeah, I know it
All this money comin' in, it drive me crazy not to show it
I'll be crazy if I blow it
Pride is the Devil, uh
I think it got a hold on me
Pride is the Devil, uh
And it left so many R.I.P.
Pride is the Devil
I think it got a hold on me
Pride is the Devil, uh",0
J. Cole,Boom bap / Lyric,ZLX-GY0dJgc,J. Cole - p r i d e . i s . t h e . d e v i l  feat. Lil&#39; Baby (Official Audio),J. Cole,The off-season might be my favorite album... Till i listen to the next one!! 🔥🔥🔥🤷🏽‍♂️,1
J. Cole,Boom bap / Lyric,ZLX-GY0dJgc,J. Cole - p r i d e . i s . t h e . d e v i l  feat. Lil&#39; Baby (Official Audio),J. Cole,Sound like Tyga 😂,0
J. Cole,Boom bap / Lyric,ZLX-GY0dJgc,J. Cole - p r i d e . i s . t h e . d e v i l  feat. Lil&#39; Baby (Official Audio),J. Cole,Bruh all the songs on the fall off are so boring bring ts back Cole,1
J. Cole,Boom bap / Lyric,ZLX-GY0dJgc,J. Cole - p r i d e . i s . t h e . d e v i l  feat. Lil&#39; Baby (Official Audio),J. Cole,i love this song so much,3
J. Cole,Boom bap / Lyric,ZLX-GY0dJgc,J. Cole - p r i d e . i s . t h e . d e v i l  feat. Lil&#39; Baby (Official Audio),J. Cole,he stay dropping hits album dropped tomorrow and im still living off the classics!!!!🐐🐐🐐🐐,0
J. Cole,Boom bap / Lyric,ZLX-GY0dJgc,J. Cole - p r i d e . i s . t h e . d e v i l  feat. Lil&#39; Baby (Official Audio),J. Cole,just few hours before The Fall off drops 🎉,0
J. Cole,Boom bap / Lyric,ZLX-GY0dJgc,J. Cole - p r i d e . i s . t h e . d e v i l  feat. Lil&#39; Baby (Official Audio),J. Cole,"0:01 
I got chills..",0
J. Cole,Boom bap / Lyric,ZLX-GY0dJgc,J. Cole - p r i d e . i s . t h e . d e v i l  feat. Lil&#39; Baby (Official Audio),J. Cole,THE FALL-OFF 2.6.26,2
J. Cole,Boom bap / Lyric,ZLX-GY0dJgc,J. Cole - p r i d e . i s . t h e . d e v i l  feat. Lil&#39; Baby (Official Audio),J. Cole,Sunday February 1st 2026! 10:47pm,0
J. Cole,Boom bap / Lyric,ZLX-GY0dJgc,J. Cole - p r i d e . i s . t h e . d e v i l  feat. Lil&#39; Baby (Official Audio),J. Cole,Here b4 tha fall off😢,2
J. Cole,Boom bap / Lyric,ZLX-GY0dJgc,J. Cole - p r i d e . i s . t h e . d e v i l  feat. Lil&#39; Baby (Official Audio),J. Cole,Made it past my 30's no one murdered me,0
J. Cole,Boom bap / Lyric,ZLX-GY0dJgc,J. Cole - p r i d e . i s . t h e . d e v i l  feat. Lil&#39; Baby (Official Audio),J. Cole,February 18th,0
J. Cole,Boom bap / Lyric,ZLX-GY0dJgc,J. Cole - p r i d e . i s . t h e . d e v i l  feat. Lil&#39; Baby (Official Audio),J. Cole,And it is!😅,0
J. Cole,Boom bap / Lyric,ZLX-GY0dJgc,J. Cole - p r i d e . i s . t h e . d e v i l  feat. Lil&#39; Baby (Official Audio),J. Cole,LOL even after 5 years this album is still great,0
J. Cole,Boom bap / Lyric,ZLX-GY0dJgc,J. Cole - p r i d e . i s . t h e . d e v i l  feat. Lil&#39; Baby (Official Audio),J. Cole,"💐 yo Jermaine take ya flowers,🫡  uu the becc ima give others if I see uu in person",0
J. Cole,Boom bap / Lyric,ZLX-GY0dJgc,J. Cole - p r i d e . i s . t h e . d e v i l  feat. Lil&#39; Baby (Official Audio),J. Cole,Vanity what is the creation that comes from pride,0
J. Cole,Boom bap / Lyric,ZLX-GY0dJgc,J. Cole - p r i d e . i s . t h e . d e v i l  feat. Lil&#39; Baby (Official Audio),J. Cole,They never when off lights and water little things 🧑‍⚖️🌎👁️❤️❤️❤️ LORD GOD ADONAI YHVH Lord Immaunel,0
J. Cole,Boom bap / Lyric,ZLX-GY0dJgc,J. Cole - p r i d e . i s . t h e . d e v i l  feat. Lil&#39; Baby (Official Audio),J. Cole,If you are playing this banger in 2026 you are forever GOATED !,1
J. Cole,Boom bap / Lyric,ZLX-GY0dJgc,J. Cole - p r i d e . i s . t h e . d e v i l  feat. Lil&#39; Baby (Official Audio),J. Cole,February 6th everyone,338
J. Cole,Boom bap / Lyric,ZLX-GY0dJgc,J. Cole - p r i d e . i s . t h e . d e v i l  feat. Lil&#39; Baby (Official Audio),J. Cole,This song is straight 🔥🔥🔥🔥🔥🔥🔥,1
J. Cole,Boom bap / Lyric,ZLX-GY0dJgc,J. Cole - p r i d e . i s . t h e . d e v i l  feat. Lil&#39; Baby (Official Audio),J. Cole,Anyone here in 2026,2
J. Cole,Boom bap / Lyric,ZLX-GY0dJgc,J. Cole - p r i d e . i s . t h e . d e v i l  feat. Lil&#39; Baby (Official Audio),J. Cole,Still goated 🥵,3
J. Cole,Boom bap / Lyric,ZLX-GY0dJgc,J. Cole - p r i d e . i s . t h e . d e v i l  feat. Lil&#39; Baby (Official Audio),J. Cole,Cole stays putting out classics on each album 🔥🔥,36
J. Cole,Boom bap / Lyric,ZLX-GY0dJgc,J. Cole - p r i d e . i s . t h e . d e v i l  feat. Lil&#39; Baby (Official Audio),J. Cole,Anybody 2026?,0
J. Cole,Boom bap / Lyric,ZLX-GY0dJgc,J. Cole - p r i d e . i s . t h e . d e v i l  feat. Lil&#39; Baby (Official Audio),J. Cole,The song hits hard after his apology for the diss,2
J. Cole,Boom bap / Lyric,ZLX-GY0dJgc,J. Cole - p r i d e . i s . t h e . d e v i l  feat. Lil&#39; Baby (Official Audio),J. Cole,Anyone in 2026?,86
J. Cole,Boom bap / Lyric,ZLX-GY0dJgc,J. Cole - p r i d e . i s . t h e . d e v i l  feat. Lil&#39; Baby (Official Audio),J. Cole,2026?,3
J. Cole,Boom bap / Lyric,ZLX-GY0dJgc,J. Cole - p r i d e . i s . t h e . d e v i l  feat. Lil&#39; Baby (Official Audio),J. Cole,"[J. Cole:]
Uh

Pride is the Devil
Think it got a hold on me
Pride is the Devil
It left so many R.I.P.
Pride is the Devil
Think it got a hold on me
Pride is the Devil, yeah, uh

Terrified, paranoid, I'll put you over everything to fill the void
And when you're gone, will I have anything or will I be destroyed? Uh
Terrified, paranoid, I'll put you over everything to fill the void
And when you're gone, will I have anything or will I be destroyed? Yeah

Bright lights pass me in the city, it's emergency
I'm thankful 'cause I made it past my thirties, no one murdered me
Still remember vividly the nigga that pulled a gun on me
I'm petrified, but moving like I got no sense of urgency
Pride make a nigga act way harder than he really be
Pride hide the shame of sin and cut off all utilities
Pride hide the pain of growing up in hell and poverty
Pride make a nigga feel a way that you unfollow me
Make a nigga flash a thousand like he hit the lottery
Make a baby mama make shit harder than it gotta be
Make you have to take the bitch to court to see your prodigy
Make you have to use your last resort and pull a robbery
Pride be the reason for the family dichotomy
Got uncles and some aunties that's too proud to give apologies
Slowly realizing what the root of all my problems be
It got me feeling different when somebody say they're proud of me

Pride is the Devil, uh
I think it got a hold on me
Pride is the Devil, uh
It left so many R.I.P.
Pride is the Devil
I think it got a hold on me
Pride is the Devil, uh, yeah

Terrified, paranoid, I'll put you over everything to fill the void
And when you're gone, will I have anything or will I be destroyed? Uh
Terrified, paranoid, I'll put you over everything to fill the void
And when you're gone, will I have anything or will I be destroyed? Yeah

Too much money to count, what's the amount? Check never bounce
I gotta pay a nigga to add it up
Then pay somebody to make sure whatever amount he say he can back it up
Got racks on racks, I'm rackin' up
Stackin' up, you're reachin' out, actin' up

[Lil Baby:]
Break it down, weigh it up, now bag it up
Making five a month, that's regular
Nigga playing with us, that's a negative
Go back to start, that's never
I'm a boss, my closet leather
Ain't no off-days on my schedule
Long as I live, we live forever
Told my twin this shit get better
These niggas done slipped, let me ahead of 'em
Got my feet up, I paid seventy bands to have sex on the jet
I don't need 'em, that shit in the past, I'm feelin' like what's next
Got my speed up, foot all on the gas, this not a C8 'Vette
I can beat 'em, I believe in me, just tell me what's the bet
All my pride gone, had to lose it all then I got rich
I own five homes, glad some of this shit starting to make sense
I'm staying hella focused and I can't forget the bigger picture
I can't even hold you, I didn't have shit, I won't forget it
Will I be destroyed?
Come to me with everything, it's starting to get annoying
I'm addicted to Promethazine, it's crazy, yeah, I know it
All this money coming in, it drive me crazy not to show it
I'll be crazy if I blow it

[J. Cole:]
Pride is the Devil, uh
I think it got a hold on me
Pride is the Devil, uh
And it left so many R.I.P.
Pride is the Devil
I think it got a hold on me
Pride is the Devil, uh",1
J. Cole,Boom bap / Lyric,ZLX-GY0dJgc,J. Cole - p r i d e . i s . t h e . d e v i l  feat. Lil&#39; Baby (Official Audio),J. Cole,2026,0
J. Cole,Boom bap / Lyric,ZLX-GY0dJgc,J. Cole - p r i d e . i s . t h e . d e v i l  feat. Lil&#39; Baby (Official Audio),J. Cole,Happy New Year J. Cole,0
J. Cole,Boom bap / Lyric,ZLX-GY0dJgc,J. Cole - p r i d e . i s . t h e . d e v i l  feat. Lil&#39; Baby (Official Audio),J. Cole,Cole >> Kendrick,0
J. Cole,Boom bap / Lyric,ZLX-GY0dJgc,J. Cole - p r i d e . i s . t h e . d e v i l  feat. Lil&#39; Baby (Official Audio),J. Cole,This would have been hard if it was played at the end of the show SNOWFALL.🔥🔥🔥,0
J. Cole,Boom bap / Lyric,ZLX-GY0dJgc,J. Cole - p r i d e . i s . t h e . d e v i l  feat. Lil&#39; Baby (Official Audio),J. Cole,shoutout ds maas,0
J. Cole,Boom bap / Lyric,ZLX-GY0dJgc,J. Cole - p r i d e . i s . t h e . d e v i l  feat. Lil&#39; Baby (Official Audio),J. Cole,💯🔥,0
J. Cole,Boom bap / Lyric,ZLX-GY0dJgc,J. Cole - p r i d e . i s . t h e . d e v i l  feat. Lil&#39; Baby (Official Audio),J. Cole,It got a hold on me.,2
J. Cole,Boom bap / Lyric,ZLX-GY0dJgc,J. Cole - p r i d e . i s . t h e . d e v i l  feat. Lil&#39; Baby (Official Audio),J. Cole,.pride is the devil 😈👹☠️,0
J. Cole,Boom bap / Lyric,ZLX-GY0dJgc,J. Cole - p r i d e . i s . t h e . d e v i l  feat. Lil&#39; Baby (Official Audio),J. Cole,"Pride is the Devil
Think it got a hold on me
Pride is the Devil
It left so many R.I.P.
Pride is the Devil
Think it got a hold on me
Pride is the Devil, yeah, uh
Terrified, paranoid
I'll put you over everything to fill the void
And when you're gone, will I have anything?
Or will I be destroyed? Uh
Terrified, paranoid
I'll put you over everything to fill the void
And when you're gone, will I have anything?
Or will I be destroyed? Yeah
Bright lights pass me in the city, it's emergency
I'm thankful 'cause I made it past my 30s, no one murdered me
Still remember vividly the n- that pulled a gun on me
I'm petrified, but movin' like I got no sense of urgency
Pride make a n- act way harder than he really be
Pride hide the shame when city cut off all utilities
Pride hide the pain of growing up inhalling poverty
Pride make a n- feel the way that you would follow me
Make a n- flash a thousand like he hit the lottery
Make a baby mama make sh- harder than it gotta be
Make you have to take the b- to court to see your prodigy
Make you have to use your last resort and pull a robbery
Pride be the reason for the family dichotomy
Got uncles and some aunties that's too proud to give apologies
Slowly realizing what the root of all my problems be
It got me feeling different when somebody say they proud of me
Pride is the Devil, uh
I think it got a hold on me
Pride is the Devil, uh
And it left so many R.I.P.
Pride is the Devil
I think it got a hold on me
Pride is the Devil, uh, yeah
Terrified, paranoid
I'll put you over everything to fill the void
And when you're gone, will I have anything?
Or will I be destroyed? Uh
Terrified, paranoid
I'll put you over everything to fill the void
And when you're gone, will I have anything?
Or will I be destroyed? Yeah
Too much money to count, what's the amount?
Check never bounce
I gotta pay a n- to add it up
Then pay somebody to make sure whatever amount he say, he can back it up
Got racks on racks, I'm rackin' up, stackin' up
You're reachin', I'm actin' up
Break it down, weigh it up, now bag it up
Makin' five a month, that's regular
N- playin' with us, that's a negative
Go back to the start, that's never
I'm a boss, my closet leather
Ain't no off-days on my schedule
Long as I live, we live forever
Told my twin this sh- get better
These n- don't slipped, let me get ahead of 'em
Got my feet up, I paid silly bands to have s- on the jet
I don't need 'em, that sh- in the past
I'm feelin' like what's next
Got my speed up, foot all on the gas
This not a C8 'Vette
I can beat 'em, I believe in me
Just tell me what's the bet
All my pride gone, had to lose it all then I got rich
I own five homes, glad some of this sh- startin' to make sense
I'm stayin' hella focused and I can't forget the bigger picture
I can't even hold you, I didn't have sh-, I won't forget it
Will I be destroyed?
Come to me with everything, it's startin' to get annoyin'
I'm addicted to p-, it's crazy, yeah, I know it
All this money comin' in, it drive me crazy not to show it
I'll be crazy if I blow it
Pride is the Devil, uh
I think it got a hold on me
Pride is the Devil, uh
And it left so many R.I.P.
Pride is the Devil
I think it got a hold on me",0
J. Cole,Boom bap / Lyric,ZLX-GY0dJgc,J. Cole - p r i d e . i s . t h e . d e v i l  feat. Lil&#39; Baby (Official Audio),J. Cole,I was into it,0
J. Cole,Boom bap / Lyric,ZLX-GY0dJgc,J. Cole - p r i d e . i s . t h e . d e v i l  feat. Lil&#39; Baby (Official Audio),J. Cole,still my hit song break it down when i bring it up🎉🎉,0
J. Cole,Boom bap / Lyric,ZLX-GY0dJgc,J. Cole - p r i d e . i s . t h e . d e v i l  feat. Lil&#39; Baby (Official Audio),J. Cole,1:57-2:07,0
J. Cole,Boom bap / Lyric,ZLX-GY0dJgc,J. Cole - p r i d e . i s . t h e . d e v i l  feat. Lil&#39; Baby (Official Audio),J. Cole,👏🏼,0
J. Cole,Boom bap / Lyric,ZLX-GY0dJgc,J. Cole - p r i d e . i s . t h e . d e v i l  feat. Lil&#39; Baby (Official Audio),J. Cole,👏🏼,1
J. Cole,Boom bap / Lyric,ZLX-GY0dJgc,J. Cole - p r i d e . i s . t h e . d e v i l  feat. Lil&#39; Baby (Official Audio),J. Cole,"Love J cole for self reflection, for that he will be my GOAT",7
J. Cole,Boom bap / Lyric,ZLX-GY0dJgc,J. Cole - p r i d e . i s . t h e . d e v i l  feat. Lil&#39; Baby (Official Audio),J. Cole,this transisition gives me goosebumps🥶🥶🥶🥶🥶🥶,2
J. Cole,Boom bap / Lyric,ZLX-GY0dJgc,J. Cole - p r i d e . i s . t h e . d e v i l  feat. Lil&#39; Baby (Official Audio),J. Cole,"This post is on how to get saved and how to be right with God who loves us, for eternal life with him (for anyone curious about it)! Since there is no one who can not get saved, if they make the choice to come to God and do so. :) 

1.Realize that all of mankind have sinned before God in one way or another. 

Romans 3: 10+23 (KJB)
10. ""As it is written, There is none righteous, no, not one:"" 
23. “For all have sinned, and come short of the glory of God.” 

2.Realize that God loved us enough to allow Jesus to pay the price for our sins, by his blood shed on the cross, as a free gift given to us as sinners. 

Romans 5: 8-9+12 (KJB)
8. “But God commendeth his love toward us, in that, while we were yet sinners, Christ died for us.""
9.""Much more then, being now justified by his blood, we shall be saved from wrath through him.""
12. “Wherefore, as by one man sin entered into the world, and death by sin; and so death passed upon all men, for all that have sinned:” 

3.Confess unto God to accept this freely given gift of forgiveness, that forgives all sins, that will otherwise lead to you burning forever in hell. 

1 Corinthians 15: 1-4 (KJB)
1.""Moreover, brethren, I declare unto you the gospel which I preached unto you, which also ye have received, and wherein ye stand;
2.""By which also ye are saved, if ye keep in memory what I preached unto you, unless ye have believed in vain.”
3.""For I delivered unto you first of all that which I also received, how that Christ died for our sins according to the scriptures;”
4.""And that he was buried, and that he rose again the third day according to the scriptures:” 

Romans 10: 9-10+13 (KJB)
9. “That if thou shalt confess with thy mouth the Lord Jesus, and shalt believe in thine heart that God hath raised him from the dead, thou shalt be saved.”
10.""For with the heart man believeth unto righteousness; and with the mouth confession is made unto salvation.""
13.""For whosoever shall call upon the name of the Lord shall be saved."" 

Hebrews 9: 27-28 (KJB)
27.""And as it is appointed unto men once to die, but after this the judgment:"" 
28.""So Christ was once offered to bear the sins of many; and unto them that look for him shall he appear the second time without sin unto salvation.” 

Revelation 21: 8 (KJB)
""But the fearful, and unbelieving, and the abominable, and murderers, and whoremongers, and sorcerers, and idolaters, and all liars, shall have their part in the lake which burneth with fire and brimstone: which is the second death.” 

Romans 6: 23 (KJB)
“For the wages of sin is death; but the gift of God is eternal life through Jesus Christ our Lord.” 

Lastly, here is an example of what to pray to God to get saved and forgiven of your sins. 
“Dear God, I am a sinner and need saving.
I know I’m not good enough to get to heaven and I need you to save me. 
I need the righteousness of your son, Jesus Christ.
I believe that Jesus is the Lord, who died, was buried and resurrected so that his precious blood can wash away my sins.
I trust in him alone to save me. Nothing else. 
Not my good works or anything else. 
Only Jesus.
I pray this in Jesus’ name, Amen.”",0
J. Cole,Boom bap / Lyric,ZLX-GY0dJgc,J. Cole - p r i d e . i s . t h e . d e v i l  feat. Lil&#39; Baby (Official Audio),J. Cole,❤,1
J. Cole,Boom bap / Lyric,ZLX-GY0dJgc,J. Cole - p r i d e . i s . t h e . d e v i l  feat. Lil&#39; Baby (Official Audio),J. Cole,that transition was unexpected 🥶,3
J. Cole,Boom bap / Lyric,ZLX-GY0dJgc,J. Cole - p r i d e . i s . t h e . d e v i l  feat. Lil&#39; Baby (Official Audio),J. Cole,This accurate,0
J. Cole,Boom bap / Lyric,ZLX-GY0dJgc,J. Cole - p r i d e . i s . t h e . d e v i l  feat. Lil&#39; Baby (Official Audio),J. Cole,"I seem him, and he literally had a hold on me. These guys are real Angels man.
Amen",0
J. Cole,Boom bap / Lyric,ZLX-GY0dJgc,J. Cole - p r i d e . i s . t h e . d e v i l  feat. Lil&#39; Baby (Official Audio),J. Cole,Still the best transition,1
J. Cole,Boom bap / Lyric,ZLX-GY0dJgc,J. Cole - p r i d e . i s . t h e . d e v i l  feat. Lil&#39; Baby (Official Audio),J. Cole,😂,0
J. Cole,Boom bap / Lyric,ZLX-GY0dJgc,J. Cole - p r i d e . i s . t h e . d e v i l  feat. Lil&#39; Baby (Official Audio),J. Cole,this needs a video asaps ,0
J. Cole,Boom bap / Lyric,ZLX-GY0dJgc,J. Cole - p r i d e . i s . t h e . d e v i l  feat. Lil&#39; Baby (Official Audio),J. Cole,The Iceman album is dope,0
J. Cole,Boom bap / Lyric,ZLX-GY0dJgc,J. Cole - p r i d e . i s . t h e . d e v i l  feat. Lil&#39; Baby (Official Audio),J. Cole,Narristic pride is,0
J. Cole,Boom bap / Lyric,ZLX-GY0dJgc,J. Cole - p r i d e . i s . t h e . d e v i l  feat. Lil&#39; Baby (Official Audio),J. Cole,Pride goes before a fall,0
J. Cole,Boom bap / Lyric,ZLX-GY0dJgc,J. Cole - p r i d e . i s . t h e . d e v i l  feat. Lil&#39; Baby (Official Audio),J. Cole,"Uh

Pride is the Devil
Think it got a hold on me
Pride is the Devil
It left so many, R.I.P.
Pride is the Devil
Think it got a hold on me
Pride is the Devil, yeah, uh

Terrified, paranoid
I'll put you over everything to fill the void
And when you're gone, will I have anything?
Or will I be destroyed? Uh

Terrified, paranoid
I'll put you over everything to fill the void
And when you're gone, will I have anything?
Or will I be destroyed? Yeah

Bright lights pass me in the city, it's emergency
I'm thankful 'cause I made it past my 30s, no one murdered me
Still remember vividly the nigga that pulled a gun on me
I'm petrified, but movin' like I got no sense of urgency

Pride make a nigga act way harder than he really be
Pride hide the shame when city cut off all utilities
Pride hide the pain of growing up inhaling poverty
Pride make a nigga feel a way that you unfollow me

Make a nigga flash a thousand like he hit the lottery
Make a baby mama make shit harder than it gotta be
Make you have to take the bitch to court to see your prodigy
Make you have to use your last resort and pull a robbery

Pride be the reason for the family dichotomy
Got uncles and some aunties that's too proud to give apologies
Slowly realizing what the root of all my problems be
It got me feeling different when somebody say they proud of me

Pride is the Devil, uh
I think it got a hold on me
Pride is the Devil, uh
And it left so many, R.I.P.
Pride is the Devil
I think it got a hold on me
Pride is the Devil, uh, yeah

Terrified, paranoid
I'll put you over everything to fill the void
And when you're gone, will I have anything?
Or will I be destroyed? Uh

Terrified, paranoid
I'll put you over everything to fill the void
And when you're gone, will I have anything?
Or will I be destroyed? Yeah

Too much money to count, what's the amount? Check never bounce
I gotta pay a nigga to add it up
Then pay somebody to make sure whatever amount he say, he can back it up
Got racks on racks, I'm rackin' up, stackin' up
You're reachin', I'm actin' up

Break it down, weigh it up, now bag it up
Makin' five a month, that's regular
Nigga playin' with us, that's a negative
Go back to the start, that's never
I'm a boss, my closet leather
Ain't no off-days on my schedule
Long as I live, we live forever
Told my twin, ""This shit get better""
These niggas done slipped, let me get ahead of 'em

Got my feet up, I paid 70 bands to have sex on the jet
I don't need 'em, that shit in the past, I'm feelin' like what's next
Got my speed up, foot all on the gas, this not a C8 'Vette
I can beat 'em, I believe in me, just tell me what's the bet

All my pride gone, had to lose it all then I got rich
I own five homes, glad some of this shit startin' to make sense
I'm stayin' hella focused and I can't forget the bigger picture
I can't even hold you, I didn't have shit, I won't forget it

Will I be destroyed?
Come to me with everything, it's startin' to get annoyin'
I'm addicted to promethazine, it's crazy, yeah, I know it
All this money comin' in, it drive me crazy not to show it
I'll be crazy if I blow it

Pride is the Devil, uh
I think it got a hold on me
Pride is the Devil, uh
And it left so many, R.I.P.
Pride is the Devil
I think it got a hold on me
Pride is the Devil, uh",4
J. Cole,Boom bap / Lyric,ZLX-GY0dJgc,J. Cole - p r i d e . i s . t h e . d e v i l  feat. Lil&#39; Baby (Official Audio),J. Cole,Lil baby got one of the craziest verse runs all time,0
J. Cole,Boom bap / Lyric,ZLX-GY0dJgc,J. Cole - p r i d e . i s . t h e . d e v i l  feat. Lil&#39; Baby (Official Audio),J. Cole,"Top 3 greatest 1st verse EVER

Only ones on par 

Biggie - victory 
Big Pun - twinz
Kendricks verse on control",0
J. Cole,Boom bap / Lyric,ZLX-GY0dJgc,J. Cole - p r i d e . i s . t h e . d e v i l  feat. Lil&#39; Baby (Official Audio),J. Cole,Zambia approves iwe ndani 🇿🇲🇿🇲🇿🇲🔥,1
J. Cole,Boom bap / Lyric,ZLX-GY0dJgc,J. Cole - p r i d e . i s . t h e . d e v i l  feat. Lil&#39; Baby (Official Audio),J. Cole,Pride as a Devil Like As The Skull with a Hood Wearing Black Having A Scythe Is The Grim Reaper,0
J. Cole,Boom bap / Lyric,ZLX-GY0dJgc,J. Cole - p r i d e . i s . t h e . d e v i l  feat. Lil&#39; Baby (Official Audio),J. Cole,"I think lil baby did decent, this should have been all j Cole tho he lit this track on fire",0
J. Cole,Boom bap / Lyric,ZLX-GY0dJgc,J. Cole - p r i d e . i s . t h e . d e v i l  feat. Lil&#39; Baby (Official Audio),J. Cole,J Cole is dope niggas,1
J. Cole,Boom bap / Lyric,ZLX-GY0dJgc,J. Cole - p r i d e . i s . t h e . d e v i l  feat. Lil&#39; Baby (Official Audio),J. Cole,This song fucks me up every time when you can see pride used in the wrong way with not just your self but everyone around you .. just make you feel like there is no hope,0
J. Cole,Boom bap / Lyric,ZLX-GY0dJgc,J. Cole - p r i d e . i s . t h e . d e v i l  feat. Lil&#39; Baby (Official Audio),J. Cole,320k,0
J. Cole,Boom bap / Lyric,ZLX-GY0dJgc,J. Cole - p r i d e . i s . t h e . d e v i l  feat. Lil&#39; Baby (Official Audio),J. Cole,I remember hearing this for the first time and hearing the transition from Cole to Baby and immediately replayed that shit,12
J. Cole,Boom bap / Lyric,ZLX-GY0dJgc,J. Cole - p r i d e . i s . t h e . d e v i l  feat. Lil&#39; Baby (Official Audio),J. Cole,This albulm is for me J cole masterpiece the top of his carrer the message the vibe the rap the featuring it's flawless,1
J. Cole,Boom bap / Lyric,ZLX-GY0dJgc,J. Cole - p r i d e . i s . t h e . d e v i l  feat. Lil&#39; Baby (Official Audio),J. Cole,Baby killed it,1
J. Cole,Boom bap / Lyric,ZLX-GY0dJgc,J. Cole - p r i d e . i s . t h e . d e v i l  feat. Lil&#39; Baby (Official Audio),J. Cole,pride is the devil i've got no pride left i told everyone about sadwish except one person who i swore not to disturb again.,0
J. Cole,Boom bap / Lyric,ZLX-GY0dJgc,J. Cole - p r i d e . i s . t h e . d e v i l  feat. Lil&#39; Baby (Official Audio),J. Cole,I never realized being proud of something can lead to low energies.,0
J. Cole,Boom bap / Lyric,ZLX-GY0dJgc,J. Cole - p r i d e . i s . t h e . d e v i l  feat. Lil&#39; Baby (Official Audio),J. Cole,Lil baby shud retire A$AP,0
J. Cole,Boom bap / Lyric,ZLX-GY0dJgc,J. Cole - p r i d e . i s . t h e . d e v i l  feat. Lil&#39; Baby (Official Audio),J. Cole,Lil Baby's Part//2:28,17
J. Cole,Boom bap / Lyric,ZLX-GY0dJgc,J. Cole - p r i d e . i s . t h e . d e v i l  feat. Lil&#39; Baby (Official Audio),J. Cole,🙏🏿🙏🏿🙏🏿.,0
J. Cole,Boom bap / Lyric,ZLX-GY0dJgc,J. Cole - p r i d e . i s . t h e . d e v i l  feat. Lil&#39; Baby (Official Audio),J. Cole,Too much pride the very first sin n th universe 🎉😢,2
J. Cole,Boom bap / Lyric,ZLX-GY0dJgc,J. Cole - p r i d e . i s . t h e . d e v i l  feat. Lil&#39; Baby (Official Audio),J. Cole,2:25,0
J. Cole,Boom bap / Lyric,ZLX-GY0dJgc,J. Cole - p r i d e . i s . t h e . d e v i l  feat. Lil&#39; Baby (Official Audio),J. Cole,2:21,0
J. Cole,Boom bap / Lyric,ZLX-GY0dJgc,J. Cole - p r i d e . i s . t h e . d e v i l  feat. Lil&#39; Baby (Official Audio),J. Cole,How this doesn't have a video is criminal,1
J. Cole,Boom bap / Lyric,ZLX-GY0dJgc,J. Cole - p r i d e . i s . t h e . d e v i l  feat. Lil&#39; Baby (Official Audio),J. Cole,jebediah go find out what mean then think of what have and me Elomon 😇🤗,0
J. Cole,Boom bap / Lyric,ZLX-GY0dJgc,J. Cole - p r i d e . i s . t h e . d e v i l  feat. Lil&#39; Baby (Official Audio),J. Cole,"""All my pride gone had to lose it all then i got rich""",2
J. Cole,Boom bap / Lyric,ZLX-GY0dJgc,J. Cole - p r i d e . i s . t h e . d e v i l  feat. Lil&#39; Baby (Official Audio),J. Cole,"All my pride gone, had to lose it all then I got rich",0
J. Cole,Boom bap / Lyric,ZLX-GY0dJgc,J. Cole - p r i d e . i s . t h e . d e v i l  feat. Lil&#39; Baby (Official Audio),J. Cole,Genius lyrics,0
J. Cole,Boom bap / Lyric,ZLX-GY0dJgc,J. Cole - p r i d e . i s . t h e . d e v i l  feat. Lil&#39; Baby (Official Audio),J. Cole,In my top 5 favorite baby fts oat,0
J. Cole,Boom bap / Lyric,ZLX-GY0dJgc,J. Cole - p r i d e . i s . t h e . d e v i l  feat. Lil&#39; Baby (Official Audio),J. Cole,"Pride is the Devil
Think it got a hold on me
Pride is the Devil
It left so many R.I.P.
Pride is the Devil
Think it got a hold on me
Pride is the Devil, yeah, uh
Terrified, paranoid
I'll put you over everything to fill the void
And when you're gone, will I have anything?
Or will I be destroyed? Uh
Terrified, paranoid
I'll put you over everything to fill the void
And when you're gone, will I have anything?
Or will I be destroyed? Yeah
Bright lights pass me in the city, it's emergency
I'm thankful 'cause I made it past my 30s, no one murdered me
Still remember vividly the n- that pulled a gun on me
I'm petrified, but movin' like I got no sense of urgency
Pride make a n- act way harder than he really be
Pride hide the shame when city cut off all utilities
Pride hide the pain of growing up inhalling poverty
Pride make a n- feel the way that you would follow me
Make a n- flash a thousand like he hit the lottery
Make a baby mama make sh- harder than it gotta be
Make you have to take the b- to court to see your prodigy
Make you have to use your last resort and pull a robbery
Pride be the reason for the family dichotomy
Got uncles and some aunties that's too proud to give apologies
Slowly realizing what the root of all my problems be
It got me feeling different when somebody say they proud of me
Pride is the Devil, uh
I think it got a hold on me
Pride is the Devil, uh
And it left so many R.I.P.
Pride is the Devil
I think it got a hold on me
Pride is the Devil, uh, yeah
Terrified, paranoid
I'll put you over everything to fill the void
And when you're gone, will I have anything?
Or will I be destroyed? Uh
Terrified, paranoid
I'll put you over everything to fill the void
And when you're gone, will I have anything?
Or will I be destroyed? Yeah
Too much money to count, what's the amount?
Check never bounce
I gotta pay a n- to add it up
Then pay somebody to make sure whatever amount he say, he can back it up
Got racks on racks, I'm rackin' up, stackin' up
You're reachin', I'm actin' up
Break it down, weigh it up, now bag it up
Makin' five a month, that's regular
N- playin' with us, that's a negative
Go back to the start, that's never
I'm a boss, my closet leather
Ain't no off-days on my schedule
Long as I live, we live forever
Told my twin this sh- get better
These n- don't slipped, let me get ahead of 'em
Got my feet up, I paid silly bands to have s- on the jet
I don't need 'em, that sh- in the past
I'm feelin' like what's next
Got my speed up, foot all on the gas
This not a C8 'Vette
I can beat 'em, I believe in me
Just tell me what's the bet
All my pride gone, had to lose it all then I got rich
I own five homes, glad some of this sh- startin' to make sense
I'm stayin' hella focused and I can't forget the bigger picture
I can't even hold you, I didn't have sh-, I won't forget it
Will I be destroyed?
Come to me with everything, it's startin' to get annoyin'
I'm addicted to p-, it's crazy, yeah, I know it
All this money comin' in, it drive me crazy not to show it
I'll be crazy if I blow it
Pride is the Devil, uh
I think it got a hold on me
Pride is the Devil, uh
And it left so many R.I.P.
Pride is the Devil
I think it got a hold on me
Pride is the Devil, uh",1
J. Cole,Boom bap / Lyric,ZLX-GY0dJgc,J. Cole - p r i d e . i s . t h e . d e v i l  feat. Lil&#39; Baby (Official Audio),J. Cole,Power Book 2 got me pullin' up in this spot.,1
J. Cole,Boom bap / Lyric,ZLX-GY0dJgc,J. Cole - p r i d e . i s . t h e . d e v i l  feat. Lil&#39; Baby (Official Audio),J. Cole,@🤭SlowKiid,2
J. Cole,Boom bap / Lyric,ZLX-GY0dJgc,J. Cole - p r i d e . i s . t h e . d e v i l  feat. Lil&#39; Baby (Official Audio),J. Cole,🔥,2
J. Cole,Boom bap / Lyric,ZLX-GY0dJgc,J. Cole - p r i d e . i s . t h e . d e v i l  feat. Lil&#39; Baby (Official Audio),J. Cole,@jcole 🔥🔥🔥🔥,2
J. Cole,Boom bap / Lyric,ZLX-GY0dJgc,J. Cole - p r i d e . i s . t h e . d e v i l  feat. Lil&#39; Baby (Official Audio),J. Cole,im slowly starting to get into cole’s music and oh my god i love this,9
J. Cole,Boom bap / Lyric,ZLX-GY0dJgc,J. Cole - p r i d e . i s . t h e . d e v i l  feat. Lil&#39; Baby (Official Audio),J. Cole,❤,1
J. Cole,Boom bap / Lyric,ZLX-GY0dJgc,J. Cole - p r i d e . i s . t h e . d e v i l  feat. Lil&#39; Baby (Official Audio),J. Cole,0:00 - 3:38 best part,55
J. Cole,Boom bap / Lyric,ZLX-GY0dJgc,J. Cole - p r i d e . i s . t h e . d e v i l  feat. Lil&#39; Baby (Official Audio),J. Cole,This song not as popular as it should be because people can’t stand the truth being spoken,2
J. Cole,Boom bap / Lyric,ZLX-GY0dJgc,J. Cole - p r i d e . i s . t h e . d e v i l  feat. Lil&#39; Baby (Official Audio),J. Cole,Give any rapper ever 20 beats and I guarantee j Cole comes out on top on the same ones. Maybe prime Wayne? J Cole is just another level.,1
J. Cole,Boom bap / Lyric,ZLX-GY0dJgc,J. Cole - p r i d e . i s . t h e . d e v i l  feat. Lil&#39; Baby (Official Audio),J. Cole,Every first of june,0
J. Cole,Boom bap / Lyric,ZLX-GY0dJgc,J. Cole - p r i d e . i s . t h e . d e v i l  feat. Lil&#39; Baby (Official Audio),J. Cole,What was this sampled from?,0
J. Cole,Boom bap / Lyric,ZLX-GY0dJgc,J. Cole - p r i d e . i s . t h e . d e v i l  feat. Lil&#39; Baby (Official Audio),J. Cole,Who still here 2k25 ?,2
J. Cole,Boom bap / Lyric,ZLX-GY0dJgc,J. Cole - p r i d e . i s . t h e . d e v i l  feat. Lil&#39; Baby (Official Audio),J. Cole,Alot of artists should be mandatory to hear this song 😅,0
J. Cole,Boom bap / Lyric,ZLX-GY0dJgc,J. Cole - p r i d e . i s . t h e . d e v i l  feat. Lil&#39; Baby (Official Audio),J. Cole,"Me? U tryna Flip? Yes, dont mean it aint true... Sick",0
J. Cole,Boom bap / Lyric,ZLX-GY0dJgc,J. Cole - p r i d e . i s . t h e . d e v i l  feat. Lil&#39; Baby (Official Audio),J. Cole,"Who's here in 2025, still playing these bangers? 
🖤📈🔥🔥🔥🔥🤯",0
J. Cole,Boom bap / Lyric,ZLX-GY0dJgc,J. Cole - p r i d e . i s . t h e . d e v i l  feat. Lil&#39; Baby (Official Audio),J. Cole,Pride is the reason of a lot things 🫵🏾,0
J. Cole,Boom bap / Lyric,ZLX-GY0dJgc,J. Cole - p r i d e . i s . t h e . d e v i l  feat. Lil&#39; Baby (Official Audio),J. Cole,I'm on my way to mars🚀🚀🔭♂️,0
J. Cole,Boom bap / Lyric,ZLX-GY0dJgc,J. Cole - p r i d e . i s . t h e . d e v i l  feat. Lil&#39; Baby (Official Audio),J. Cole,When peak was 4 years😔😔😔 I miss 2021…,0
J. Cole,Boom bap / Lyric,ZLX-GY0dJgc,J. Cole - p r i d e . i s . t h e . d e v i l  feat. Lil&#39; Baby (Official Audio),J. Cole,Sounds like Russ weird,0
J. Cole,Boom bap / Lyric,ZLX-GY0dJgc,J. Cole - p r i d e . i s . t h e . d e v i l  feat. Lil&#39; Baby (Official Audio),J. Cole,"""Got me feeling different when somebody say they proud of me."" damn that hit hard you can hear the pain in his voice too... Damn i feel you brother 😔",0
J. Cole,Boom bap / Lyric,ZLX-GY0dJgc,J. Cole - p r i d e . i s . t h e . d e v i l  feat. Lil&#39; Baby (Official Audio),J. Cole,Welcome to the month where it's celebrated,1
J. Cole,Boom bap / Lyric,ZLX-GY0dJgc,J. Cole - p r i d e . i s . t h e . d e v i l  feat. Lil&#39; Baby (Official Audio),J. Cole,2025,2
J. Cole,Boom bap / Lyric,ZLX-GY0dJgc,J. Cole - p r i d e . i s . t h e . d e v i l  feat. Lil&#39; Baby (Official Audio),J. Cole,🤞🏾⚡️🌪️,0
J. Cole,Boom bap / Lyric,ZLX-GY0dJgc,J. Cole - p r i d e . i s . t h e . d e v i l  feat. Lil&#39; Baby (Official Audio),J. Cole,Pride is the original sin,2
J. Cole,Boom bap / Lyric,ZLX-GY0dJgc,J. Cole - p r i d e . i s . t h e . d e v i l  feat. Lil&#39; Baby (Official Audio),J. Cole,Cole is the most consistent artist I’ve ever known. Lyrics are a double edged sword ⚡️💰,1
J. Cole,Boom bap / Lyric,ZLX-GY0dJgc,J. Cole - p r i d e . i s . t h e . d e v i l  feat. Lil&#39; Baby (Official Audio),J. Cole,"Hey y'all it's Michael T. ONCE AGAIN on here like always let all enjoy scrolling me well yes once again Jesus Christ had me really reality check about my faith as yes I too, I allowed the devil to take away thru my ,""black sliding 😢yes I completely at rock bottom, with clothes on my back is only clothes I have, y'all Jesus Christ no's and yes afterwards I surrender just that quickly Lord Jesus Christ brought up how ignoring Jesus Christ's, causes deathly 😢 destruction's and yes hard headed, impatientencely 😂 well I'm starting completely over in Faith, Yes as u grow, yes all I lost be replaced , just right now I'm completely Free I'm at peace, before I were completely blinded looking normal on outside,yet my heart was pounding and yes I heard it ,felt it pushing,see  as I were renewing all my worldly gray area's and yes indeed now I'm free as yes tears of joy from Jesus Christ freeing me and just that quickly I'm preaching at a discussion with 4 brothers completely blinded as I'm freely peacefully sharing Jesus Christ's wisdom peacefully and yes indeed they too misunderstood me untill I spoke and Yes indeed the whole entire bus heard our discussion's and yes indeed Best believe we had many people wondering how Jesus Christ's wisdom peacefully speaks against All odds which seems I always be and I faithfully pray then speak to whomever and Yes indeed I hope I touch anyone's soul to whomever wondering too how after they read they too finally under😮how come I completely at peacefully as still my DEATHLY trial's exist😂,yet overcame stressing,for what Jesus Christ's now leading me I Hope whomever seeking,I reached with Jesus Christ's wisdom peacefully speaks against All odds Also u facing,and yes indeed remember Jesus Christ done it once how come not again, as, devil trying to steal our peace, smile and yes if you touch by completely blessed stranger on here,it's on your heart,so speak close mouth never going be feed, haha I no, yet smile no , matter Yes it seems, smile real talk",1
J. Cole,Boom bap / Lyric,ZLX-GY0dJgc,J. Cole - p r i d e . i s . t h e . d e v i l  feat. Lil&#39; Baby (Official Audio),J. Cole,We need a music video for this banger @realcoleworld,0
J. Cole,Boom bap / Lyric,ZLX-GY0dJgc,J. Cole - p r i d e . i s . t h e . d e v i l  feat. Lil&#39; Baby (Official Audio),J. Cole,"Real cold
World.",0
J. Cole,Boom bap / Lyric,ZLX-GY0dJgc,J. Cole - p r i d e . i s . t h e . d e v i l  feat. Lil&#39; Baby (Official Audio),J. Cole,fk new years,2
J. Cole,Boom bap / Lyric,ZLX-GY0dJgc,J. Cole - p r i d e . i s . t h e . d e v i l  feat. Lil&#39; Baby (Official Audio),J. Cole,Should Be Illegal for YouTube Music to Not Have These Lyrics.,0
J. Cole,Boom bap / Lyric,ZLX-GY0dJgc,J. Cole - p r i d e . i s . t h e . d e v i l  feat. Lil&#39; Baby (Official Audio),J. Cole,My Guy Lil Baby With Dreads Dreadlocks I Love Him Sooooo Much He's My Favorite,1
J. Cole,Boom bap / Lyric,ZLX-GY0dJgc,J. Cole - p r i d e . i s . t h e . d e v i l  feat. Lil&#39; Baby (Official Audio),J. Cole,and kendrick dick riders still hate on him,0
J. Cole,Boom bap / Lyric,ZLX-GY0dJgc,J. Cole - p r i d e . i s . t h e . d e v i l  feat. Lil&#39; Baby (Official Audio),J. Cole,"Pride is the devil....opposites on two different sides....set in their beliefs unwilling to compromise....political ego more important than the people's cries....convolutes the system, we're just a long for the ride.",0
J. Cole,Boom bap / Lyric,ZLX-GY0dJgc,J. Cole - p r i d e . i s . t h e . d e v i l  feat. Lil&#39; Baby (Official Audio),J. Cole,I used to pride the devil but now I'm God's,0
J. Cole,Boom bap / Lyric,ZLX-GY0dJgc,J. Cole - p r i d e . i s . t h e . d e v i l  feat. Lil&#39; Baby (Official Audio),J. Cole,this song hit different,3
J. Cole,Boom bap / Lyric,ZLX-GY0dJgc,J. Cole - p r i d e . i s . t h e . d e v i l  feat. Lil&#39; Baby (Official Audio),J. Cole,"Happy 4th Anniversary to THE OFF SEASON!!! I can't believe it's been 4 years already, take me back please. I have so many memories of this song I first heard this song in May 2021. I was 12 when this song came out and I was playing football in Paterson, NJ even though I lived in the Northwestern part of the state like Sparta, NJ. This song will always take me back to summer 2021, I remember when I was training this song would be playing and I would be hyped. I never liked football, and I hated my dad for making me play since 2019, but I stopped playing in 2022 because my mom told him no more football because I hated it. I heard this song from April 2021 to December 2021. The other time I heard this song was when my mom, my sister, and I were going to Georgia to see my cousins it was so much fun, we went in July 2021, so three years ago this week from July 22, 2021, to July 31, 2021. I can't believe that was three years ago, this song will forever remind me of training, working out, playing football, going on the Georgia vacation, and listening to this song with my dad on the radio in the car. My dad and I were so obsessed with this song, time went by way too fast for 2021 to be 3 years ago. I wish I could go back, J Cole's Off-Season album, Drake's Certified Lover Boy album, and Pop Smoke's song What You Know 'Bout Love (R.I.P) all bring back memories of that summer and summer 2022. In summer 2022 we went on so many vacations, in April 2022, we went to Outer Banks and Richmond, VA, then in May 2022, we went to Aruba, in June 2022, we went to Barbados, and in July 2022, we went to Orlando with my cousins from Georgia to celebrate my other aunt's 10th anniversary on July 1, 2012 - July 1, 2022. This will forever remind me of the summers of 2021 and 2022. I wish I could go back to those years. I miss the early 2020s sometimes. Even though Covid-19 was around, I still made the most of my life, and I hope we can all do that in the future.  May 14, 2021 - May 14, 2025",3
J. Cole,Boom bap / Lyric,ZLX-GY0dJgc,J. Cole - p r i d e . i s . t h e . d e v i l  feat. Lil&#39; Baby (Official Audio),J. Cole,"doctor: you have 338 seconds to live
Me:",0
J. Cole,Boom bap / Lyric,ZLX-GY0dJgc,J. Cole - p r i d e . i s . t h e . d e v i l  feat. Lil&#39; Baby (Official Audio),J. Cole,You ate still here 2025🇿🇦🔥🥵,1
J. Cole,Boom bap / Lyric,ZLX-GY0dJgc,J. Cole - p r i d e . i s . t h e . d e v i l  feat. Lil&#39; Baby (Official Audio),J. Cole,Banger,0
J. Cole,Boom bap / Lyric,ZLX-GY0dJgc,J. Cole - p r i d e . i s . t h e . d e v i l  feat. Lil&#39; Baby (Official Audio),J. Cole,Banging mane,0
J. Cole,Boom bap / Lyric,ZLX-GY0dJgc,J. Cole - p r i d e . i s . t h e . d e v i l  feat. Lil&#39; Baby (Official Audio),J. Cole,Top 5,0
J. Cole,Boom bap / Lyric,ZLX-GY0dJgc,J. Cole - p r i d e . i s . t h e . d e v i l  feat. Lil&#39; Baby (Official Audio),J. Cole,Deepwoken agamatsu tornement,1
J. Cole,Boom bap / Lyric,ZLX-GY0dJgc,J. Cole - p r i d e . i s . t h e . d e v i l  feat. Lil&#39; Baby (Official Audio),J. Cole,2:20-2:31 damn,2
J. Cole,Boom bap / Lyric,ZLX-GY0dJgc,J. Cole - p r i d e . i s . t h e . d e v i l  feat. Lil&#39; Baby (Official Audio),J. Cole,"When pride cones,then comes disgrace, but with humility comes wisdom",1
J. Cole,Boom bap / Lyric,ZLX-GY0dJgc,J. Cole - p r i d e . i s . t h e . d e v i l  feat. Lil&#39; Baby (Official Audio),J. Cole,"Terrified paranoid I put you over everything to fill the void and when you gone will I have anything or will I be destroyed, we are damaged we didn't get the love from our families that are needed so we hold on to ppl who are just not good for us",0
J. Cole,Boom bap / Lyric,ZLX-GY0dJgc,J. Cole - p r i d e . i s . t h e . d e v i l  feat. Lil&#39; Baby (Official Audio),J. Cole,2025 and still banging,2
J. Cole,Boom bap / Lyric,ZLX-GY0dJgc,J. Cole - p r i d e . i s . t h e . d e v i l  feat. Lil&#39; Baby (Official Audio),J. Cole,What a transition ❤❤❤❤,2
J. Cole,Boom bap / Lyric,ZLX-GY0dJgc,J. Cole - p r i d e . i s . t h e . d e v i l  feat. Lil&#39; Baby (Official Audio),J. Cole,Lil baby can’t miss ❤❤❤,1
J. Cole,Boom bap / Lyric,ZLX-GY0dJgc,J. Cole - p r i d e . i s . t h e . d e v i l  feat. Lil&#39; Baby (Official Audio),J. Cole,I thought he was talking about Pride from Fullmetal Alchemist,0
J. Cole,Boom bap / Lyric,ZLX-GY0dJgc,J. Cole - p r i d e . i s . t h e . d e v i l  feat. Lil&#39; Baby (Official Audio),J. Cole,Eminem GOAT Statuses albums ranked #1 and All Musicians Collaboration and Professionals and Whole World po 🤝😇🌍🎧🎵🧬 chasing Dreams wealthiest and powerful people and good influences and religious influences po😊,0
J. Cole,Boom bap / Lyric,ZLX-GY0dJgc,J. Cole - p r i d e . i s . t h e . d e v i l  feat. Lil&#39; Baby (Official Audio),J. Cole,Listening from music po 🤝😇🌍🎧🎵,0
J. Cole,Boom bap / Lyric,ZLX-GY0dJgc,J. Cole - p r i d e . i s . t h e . d e v i l  feat. Lil&#39; Baby (Official Audio),J. Cole,"remember to feed the orphans and widows and poor folks, 
in the Name of Jesus Christ.",1
J. Cole,Boom bap / Lyric,ZLX-GY0dJgc,J. Cole - p r i d e . i s . t h e . d e v i l  feat. Lil&#39; Baby (Official Audio),J. Cole,Yeah! 👍,0
J. Cole,Boom bap / Lyric,ZLX-GY0dJgc,J. Cole - p r i d e . i s . t h e . d e v i l  feat. Lil&#39; Baby (Official Audio),J. Cole,Baby and Cole cooked.,1
J. Cole,Boom bap / Lyric,ZLX-GY0dJgc,J. Cole - p r i d e . i s . t h e . d e v i l  feat. Lil&#39; Baby (Official Audio),J. Cole,This is why I love Cole. He both shines in his songs but let's the fts shine aswell and it never comes across as him getting bodied on his own track.,2
J. Cole,Boom bap / Lyric,ZLX-GY0dJgc,J. Cole - p r i d e . i s . t h e . d e v i l  feat. Lil&#39; Baby (Official Audio),J. Cole,💙,0
J. Cole,Boom bap / Lyric,ZLX-GY0dJgc,J. Cole - p r i d e . i s . t h e . d e v i l  feat. Lil&#39; Baby (Official Audio),J. Cole,"Literally...so ""pride month"" means......?
Precisely.",0
J. Cole,Boom bap / Lyric,ZLX-GY0dJgc,J. Cole - p r i d e . i s . t h e . d e v i l  feat. Lil&#39; Baby (Official Audio),J. Cole,"Lyrics:
Uh
Pride is the Devil
Think it got a hold on me
Pride is the Devil
It left so many R.I.P.
Pride is the Devil
Think it got a hold on me
Pride is the Devil, yeah, uh

Terrified, paranoid
I'll put you over everything to fill the void
And when you're gone, will I have anything?
Or will I be destroyed? Uh
Terrified, paranoid
I'll put you over everything to fill the void
And when you're gone, will I have anything?
Or will I be destroyed? Yeah
Bright lights pass me in the city, it's emergency
I'm thankful 'cause I made it past my 30s, no one murdered me
Still remember vividly the n- that pulled a gun on me
I'm petrified, but movin' like I got no sense of urgency
Pride make a n- act way harder than he really be
Pride hide the shame when city cut off all utilities
Pride hide the pain of growing up inhalling poverty
Pride make a n- feel the way that you would follow me
Make a n- flash a thousand like he hit the lottery
Make a baby mama make sh- harder than it gotta be
Make you have to take the b- to court to see your prodigy
Make you have to use your last resort and pull a robbery
Pride be the reason for the family dichotomy
Got uncles and some aunties that's too proud to give apologies
Slowly realizing what the root of all my problems be
It got me feeling different when somebody say they proud of me
Pride is the Devil, uh
I think it got a hold on me
Pride is the Devil, uh
And it left so many R.I.P.
Pride is the Devil
I think it got a hold on me
Pride is the Devil, uh, yeah
Terrified, paranoid
I'll put you over everything to fill the void
And when you're gone, will I have anything?
Or will I be destroyed? Uh
Terrified, paranoid
I'll put you over everything to fill the void
And when you're gone, will I have anything?
Or will I be destroyed? Yeah
Too much money to count, what's the amount?
Check never bounce
I gotta pay a n- to add it up
Then pay somebody to make sure whatever amount he say, he can back it up
Got racks on racks, I'm rackin' up, stackin' up
You're reachin', I'm actin' up
Break it down, weigh it up, now bag it up
Makin' five a month, that's regular
N- playin' with us, that's a negative
Go back to the start, that's never
I'm a boss, my closet leather
Ain't no off-days on my schedule
Long as I live, we live forever
Told my twin this sh- get better
These n- don't slipped, let me get ahead of 'em
Got my feet up, I paid silly bands to have s- on the jet
I don't need 'em, that sh- in the past
I'm feelin' like what's next
Got my speed up, foot all on the gas
This not a C8 'Vette
I can beat 'em, I believe in me
Just tell me what's the bet
All my pride gone, had to lose it all then I got rich
I own five homes, glad some of this sh- startin' to make sense
I'm stayin' hella focused and I can't forget the bigger picture
I can't even hold you, I didn't have sh-, I won't forget it
Will I be destroyed?
Come to me with everything, it's startin' to get annoyin'
I'm addicted to p-, it's crazy, yeah, I know it
All this money comin' in, it drive me crazy not to show it
I'll be crazy if I blow it
Pride is the Devil, uh
I think it got a hold on me
Pride is the Devil, uh
And it left so many R.I.P.
Pride is the Devil
I think it got a hold on me
Pride is the Devil, uh",1
J. Cole,Boom bap / Lyric,ZLX-GY0dJgc,J. Cole - p r i d e . i s . t h e . d e v i l  feat. Lil&#39; Baby (Official Audio),J. Cole,How doesn't this song have a video 🤔..😢,0
J. Cole,Boom bap / Lyric,ZLX-GY0dJgc,J. Cole - p r i d e . i s . t h e . d e v i l  feat. Lil&#39; Baby (Official Audio),J. Cole,Anyone here? 2025 0:22,42
J. Cole,Boom bap / Lyric,ZLX-GY0dJgc,J. Cole - p r i d e . i s . t h e . d e v i l  feat. Lil&#39; Baby (Official Audio),J. Cole,"That J. cole to Lil Baby transition was like a baton pass... effortless
Can't deny J. Cole been in his bag since day one, but that HIPVIEWS DAWT CAWM boost is on another level! Dude’s literally unstoppable now. 🔥💥",2
J. Cole,Boom bap / Lyric,ZLX-GY0dJgc,J. Cole - p r i d e . i s . t h e . d e v i l  feat. Lil&#39; Baby (Official Audio),J. Cole,some mf on deep recommended it,0
J. Cole,Boom bap / Lyric,ZLX-GY0dJgc,J. Cole - p r i d e . i s . t h e . d e v i l  feat. Lil&#39; Baby (Official Audio),J. Cole,We need you still,0
J. Cole,Boom bap / Lyric,ZLX-GY0dJgc,J. Cole - p r i d e . i s . t h e . d e v i l  feat. Lil&#39; Baby (Official Audio),J. Cole,"Nigga you should’ve made a Video to this , on some military in the jungle type shii 😤 you capture that sound too perfectly",0
J. Cole,Boom bap / Lyric,ZLX-GY0dJgc,J. Cole - p r i d e . i s . t h e . d e v i l  feat. Lil&#39; Baby (Official Audio),J. Cole,NOW GO RUN&TELLDAT TO THE DEVIL. THIS SHIT ENDS,0
J. Cole,Boom bap / Lyric,ZLX-GY0dJgc,J. Cole - p r i d e . i s . t h e . d e v i l  feat. Lil&#39; Baby (Official Audio),J. Cole,Banger,1
J. Cole,Boom bap / Lyric,ZLX-GY0dJgc,J. Cole - p r i d e . i s . t h e . d e v i l  feat. Lil&#39; Baby (Official Audio),J. Cole,"Diamond, ill give you my admantium.. let her go",0
J. Cole,Boom bap / Lyric,ZLX-GY0dJgc,J. Cole - p r i d e . i s . t h e . d e v i l  feat. Lil&#39; Baby (Official Audio),J. Cole,Jcole is the reason iam here 2025 i dont know wtf lil baby is saying.  Sounds like autotune crap with a bunch of nonsense,0
J. Cole,Boom bap / Lyric,ZLX-GY0dJgc,J. Cole - p r i d e . i s . t h e . d e v i l  feat. Lil&#39; Baby (Official Audio),J. Cole,You have just committed espionage,1
J. Cole,Boom bap / Lyric,ZLX-GY0dJgc,J. Cole - p r i d e . i s . t h e . d e v i l  feat. Lil&#39; Baby (Official Audio),J. Cole,He already is stealing are money now he wants are government secrets,0
J. Cole,Boom bap / Lyric,ZLX-GY0dJgc,J. Cole - p r i d e . i s . t h e . d e v i l  feat. Lil&#39; Baby (Official Audio),J. Cole,My children Elon musk is at it again,0
J. Cole,Boom bap / Lyric,ZLX-GY0dJgc,J. Cole - p r i d e . i s . t h e . d e v i l  feat. Lil&#39; Baby (Official Audio),J. Cole,J COLE SO nice I forget lil baby was in this,0
J. Cole,Boom bap / Lyric,ZLX-GY0dJgc,J. Cole - p r i d e . i s . t h e . d e v i l  feat. Lil&#39; Baby (Official Audio),J. Cole,Pride is the devil.... think it got ahold on me,0
J. Cole,Boom bap / Lyric,ZLX-GY0dJgc,J. Cole - p r i d e . i s . t h e . d e v i l  feat. Lil&#39; Baby (Official Audio),J. Cole,2025?,1
J. Cole,Boom bap / Lyric,ZLX-GY0dJgc,J. Cole - p r i d e . i s . t h e . d e v i l  feat. Lil&#39; Baby (Official Audio),J. Cole,N you,1
J. Cole,Boom bap / Lyric,ZLX-GY0dJgc,J. Cole - p r i d e . i s . t h e . d e v i l  feat. Lil&#39; Baby (Official Audio),J. Cole,Terrified paranoid,0
J. Cole,Boom bap / Lyric,ZLX-GY0dJgc,J. Cole - p r i d e . i s . t h e . d e v i l  feat. Lil&#39; Baby (Official Audio),J. Cole,Y'all stuck on the transition from Cole to Lil Baby while I'm tryna figure out how tf they mixed an 808 with a bass guitar,3
J. Cole,Boom bap / Lyric,ZLX-GY0dJgc,J. Cole - p r i d e . i s . t h e . d e v i l  feat. Lil&#39; Baby (Official Audio),J. Cole,I'm calm and at peace ✌️🕊️ so enjoy Kansas sunset 🌇 🌆 tonight,1
J. Cole,Boom bap / Lyric,ZLX-GY0dJgc,J. Cole - p r i d e . i s . t h e . d e v i l  feat. Lil&#39; Baby (Official Audio),J. Cole,Now ⌚⏰ ⌚ me and leari,0
J. Cole,Boom bap / Lyric,ZLX-GY0dJgc,J. Cole - p r i d e . i s . t h e . d e v i l  feat. Lil&#39; Baby (Official Audio),J. Cole,Who is here 2025 🎉,58
J. Cole,Boom bap / Lyric,ZLX-GY0dJgc,J. Cole - p r i d e . i s . t h e . d e v i l  feat. Lil&#39; Baby (Official Audio),J. Cole,Facts the song speaks,3
J. Cole,Boom bap / Lyric,ZLX-GY0dJgc,J. Cole - p r i d e . i s . t h e . d e v i l  feat. Lil&#39; Baby (Official Audio),J. Cole,Manuel B. Remix (Don't Hinder Me) @ https://youtube.com/shorts/ysA_AINDk38?si=Wp-Fi7HcKkVnIrC9,1
J. Cole,Boom bap / Lyric,ZLX-GY0dJgc,J. Cole - p r i d e . i s . t h e . d e v i l  feat. Lil&#39; Baby (Official Audio),J. Cole,I should not ride my bike with no handlebar ;),1
J. Cole,Boom bap / Lyric,ZLX-GY0dJgc,J. Cole - p r i d e . i s . t h e . d e v i l  feat. Lil&#39; Baby (Official Audio),J. Cole,"Revisiting this album after a while. Forgot how good this song was, both of them slid on this !!!",2
J. Cole,Boom bap / Lyric,ZLX-GY0dJgc,J. Cole - p r i d e . i s . t h e . d e v i l  feat. Lil&#39; Baby (Official Audio),J. Cole,Who's here 2090,3
J. Cole,Boom bap / Lyric,ZLX-GY0dJgc,J. Cole - p r i d e . i s . t h e . d e v i l  feat. Lil&#39; Baby (Official Audio),J. Cole,Im still here 2025,2
J. Cole,Boom bap / Lyric,ZLX-GY0dJgc,J. Cole - p r i d e . i s . t h e . d e v i l  feat. Lil&#39; Baby (Official Audio),J. Cole,Respect,1
J. Cole,Boom bap / Lyric,ZLX-GY0dJgc,J. Cole - p r i d e . i s . t h e . d e v i l  feat. Lil&#39; Baby (Official Audio),J. Cole,Lilbaby snapped hard on this🔥🔥🔥,1
J. Cole,Boom bap / Lyric,ZLX-GY0dJgc,J. Cole - p r i d e . i s . t h e . d e v i l  feat. Lil&#39; Baby (Official Audio),J. Cole,bro still listen to dis song its fireeeeeeeee,2
J. Cole,Boom bap / Lyric,ZLX-GY0dJgc,J. Cole - p r i d e . i s . t h e . d e v i l  feat. Lil&#39; Baby (Official Audio),J. Cole,DIS IS MUZIK,0
J. Cole,Boom bap / Lyric,ZLX-GY0dJgc,J. Cole - p r i d e . i s . t h e . d e v i l  feat. Lil&#39; Baby (Official Audio),J. Cole,"I HEAR YA
ALWAYS KILLIN IT ON DA MUSIC SCENE THO
BOSS MAN",0
J. Cole,Boom bap / Lyric,ZLX-GY0dJgc,J. Cole - p r i d e . i s . t h e . d e v i l  feat. Lil&#39; Baby (Official Audio),J. Cole,What happened to Lil Baby?,0
J. Cole,Boom bap / Lyric,ZLX-GY0dJgc,J. Cole - p r i d e . i s . t h e . d e v i l  feat. Lil&#39; Baby (Official Audio),J. Cole,cant decide by anime. someone listen to it then kome back,0
J. Cole,Boom bap / Lyric,ZLX-GY0dJgc,J. Cole - p r i d e . i s . t h e . d e v i l  feat. Lil&#39; Baby (Official Audio),J. Cole,Lil baby aint no where near cole .... lol lil banh didnt say shit hahaha,0
J. Cole,Boom bap / Lyric,ZLX-GY0dJgc,J. Cole - p r i d e . i s . t h e . d e v i l  feat. Lil&#39; Baby (Official Audio),J. Cole,Justice for Emily,0
J. Cole,Boom bap / Lyric,ZLX-GY0dJgc,J. Cole - p r i d e . i s . t h e . d e v i l  feat. Lil&#39; Baby (Official Audio),J. Cole,"AlmanzaganG, TeMo",1
J. Cole,Boom bap / Lyric,ZLX-GY0dJgc,J. Cole - p r i d e . i s . t h e . d e v i l  feat. Lil&#39; Baby (Official Audio),J. Cole,Anyone 2025??,170
J. Cole,Boom bap / Lyric,ZLX-GY0dJgc,J. Cole - p r i d e . i s . t h e . d e v i l  feat. Lil&#39; Baby (Official Audio),J. Cole,"Chorus: J. Cole]
Pride is the Devil
Think it got a hold on me
Pride is the Devil
It left so many R.I.P. 
Pride is the Devil
Think it got a hold on me
Pride is the Devil, yeah, uh


 KATSEYE 'My Way' Lyrics & Meaning | Genius Verified

[Post-Chorus: J. Cole]
Terrified, paranoid, I'll put you over everything to fill the void
And when you’re gone, will I have anything or will I be destroyed? Uh
Terrified, paranoid, I'll put you over everything to fill the void
And when you're gone, will I have anything or will I be destroyed? Yеah

[Verse 1: J. Cole]
Bright lights pass me in the city, it’s emеrgency
I'm thankful 'cause I made it past my thirties, no one murdered me
Still remember vividly the nigga that pulled a gun on me
I'm petrified, but moving like I got no sense of urgency
Pride make a nigga act way harder than he really be
Pride hide the shame of sin and cut off all utilities
Pride hide the pain of growing up in hell and poverty
Pride make a nigga feel a way that you unfollow me
Make a nigga flash a thousand like he hit the lottery
Make a baby mama make shit harder than it gotta be
Make you have to take the bitch to court to see your prodigy
Make you have to use your last resort and pull a robbery
Pride be the reason for the family dichotomy
Got uncles and some aunties that's too proud to give apologies
Slowly realizing what the root of all my problems be
It got me feeling different when somebody say they proud of me

[Chorus: J. Cole]
Pride is the Devil, uh
I think it got a hold on me
Pride is the Devil, uh
It left so many R.I.P. 
Pride is the Devil
I think it got a hold on me
Pride is the Devil, uh, yeah
[Post-Chorus: J. Cole]
Terrified, paranoid, I'll put you over everything to fill the void
And when you're gone, will I have anything or will I be destroyed? Uh
Terrified, paranoid, I'll put you over everything to fill the void
And when you’re gone, will I have anything or will I be destroyed? Yeah

[Verse 2: J. Cole]
Too much money to count, what’s the amount? Check never bounce
I gotta pay a nigga to add it up
Then pay somebody to make sure whatever amount he say he can back it up
Got racks on racks, I'm rackin’ up
Stackin' up, you're reachin' out, actin’ up

[Verse 3: Lil Baby]
Break it down, weigh it up, now bag it up
Making five a month, that's regular
Nigga playing with us, that's a negative
Go back to start, that's never
I'm a boss, my closet leather
Ain't no off-days on my schedule
Long as I live, we live forever
Told my twin this shit get better
These niggas done slipped, let me ahead of 'em
Got my feet up, I paid seventy bands to have sex on the jet
I don't need 'em, that shit in the past, I'm feelin' like what's next
Got my speed up, foot all on the gas, this not a C8 'Vette
I can beat 'em, I believe in me, just tell me what's the bet
All my pride gone, had to lose it all then I got rich
I own five homes, glad some of this shit starting to make sense
I'm staying hella focused and I can't forget the bigger picture
I can't even hold you, I didn't have shit, I won't forget it
Will I be destroyed?
Come to me with everything, it's starting to get annoying
I'm addicted to promethazine, it's crazy, yeah, I know it
All this money coming in, it drive me crazy not to show it
I'll be crazy if I blow it
[Chorus: J. Cole]
Pride is the Devil, uh
I think it got a hold on me
Pride is the Devil, uh
And it left so many R.I.P. 
Pride is the Devil
I think it got a hold on me
Pride is the Devil, uh",0
J. Cole,Boom bap / Lyric,ZLX-GY0dJgc,J. Cole - p r i d e . i s . t h e . d e v i l  feat. Lil&#39; Baby (Official Audio),J. Cole,"p r i d e . i s . t h e . d e v i l
Song by J. Cole

Overview
Lyrics
Listen
Artists
Uh
Pride is the Devil
Think it got a hold on me
Pride is the Devil
It left so many R.I.P.
Pride is the Devil
Think it got a hold on me
Pride is the Devil, yeah, uh
Terrified, paranoid
I'll put you over everything to fill the void
And when you're gone, will I have anything?
Or will I be destroyed? Uh
Terrified, paranoid
I'll put you over everything to fill the void
And when you're gone, will I have anything?
Or will I be destroyed? Yeah
Bright lights pass me in the city, it's emergency
I'm thankful 'cause I made it past my 30s, no one murdered me
Still remember vividly the n- that pulled a gun on me
I'm petrified, but movin' like I got no sense of urgency
Pride make a n- act way harder than he really be
Pride hide the shame when city cut off all utilities
Pride hide the pain of growing up inhalling poverty
Pride make a n- feel the way that you would follow me
Make a n- flash a thousand like he hit the lottery
Make a baby mama make sh- harder than it gotta be
Make you have to take the b- to court to see your prodigy
Make you have to use your last resort and pull a robbery
Pride be the reason for the family dichotomy
Got uncles and some aunties that's too proud to give apologies
Slowly realizing what the root of all my problems be
It got me feeling different when somebody say they proud of me
Pride is the Devil, uh
I think it got a hold on me
Pride is the Devil, uh
And it left so many R.I.P.
Pride is the Devil
I think it got a hold on me
Pride is the Devil, uh, yeah
Terrified, paranoid
I'll put you over everything to fill the void
And when you're gone, will I have anything?
Or will I be destroyed? Uh
Terrified, paranoid
I'll put you over everything to fill the void
And when you're gone, will I have anything?
Or will I be destroyed? Yeah
Too much money to count, what's the amount?
Check never bounce
I gotta pay a n- to add it up
Then pay somebody to make sure whatever amount he say, he can back it up
Got racks on racks, I'm rackin' up, stackin' up
You're reachin', I'm actin' up
Break it down, weigh it up, now bag it up
Makin' five a month, that's regular
N- playin' with us, that's a negative
Go back to the start, that's never
I'm a boss, my closet leather
Ain't no off-days on my schedule
Long as I live, we live forever
Told my twin this sh- get better
These n- don't slipped, let me get ahead of 'em
Got my feet up, I paid silly bands to have s- on the jet
I don't need 'em, that sh- in the past
I'm feelin' like what's next
Got my speed up, foot all on the gas
This not a C8 'Vette
I can beat 'em, I believe in me
Just tell me what's the bet
All my pride gone, had to lose it all then I got rich
I own five homes, glad some of this sh- startin' to make sense
I'm stayin' hella focused and I can't forget the bigger picture
I can't even hold you, I didn't have sh-, I won't forget it
Will I be destroyed?
Come to me with everything, it's startin' to get annoyin'
I'm addicted to p-, it's crazy, yeah, I know it
All this money comin' in, it drive me crazy not to show it
I'll be crazy if I blow it
Pride is the Devil, uh
I think it got a hold on me
Pride is the Devil, uh
And it left so many R.I.P.
Pride is the Devil
I think it got a hold on me
Pride is the Devil, uh",0
J. Cole,Boom bap / Lyric,ZLX-GY0dJgc,J. Cole - p r i d e . i s . t h e . d e v i l  feat. Lil&#39; Baby (Official Audio),J. Cole,Is good song  3:24,6
J. Cole,Boom bap / Lyric,ZLX-GY0dJgc,J. Cole - p r i d e . i s . t h e . d e v i l  feat. Lil&#39; Baby (Official Audio),J. Cole,Is just a Song po😊,2
J. Cole,Boom bap / Lyric,ZLX-GY0dJgc,J. Cole - p r i d e . i s . t h e . d e v i l  feat. Lil&#39; Baby (Official Audio),J. Cole,Listening from Music 🎶🎵 Po singing and dance competition contest po😊,2
J. Cole,Boom bap / Lyric,ZLX-GY0dJgc,J. Cole - p r i d e . i s . t h e . d e v i l  feat. Lil&#39; Baby (Official Audio),J. Cole,"""Petrified but moving like I got no sense of urgency"" Never related more to a scentence iml",8
J. Cole,Boom bap / Lyric,ZLX-GY0dJgc,J. Cole - p r i d e . i s . t h e . d e v i l  feat. Lil&#39; Baby (Official Audio),J. Cole,Who here New Year's 2025🎶🎶🎶,309
J. Cole,Boom bap / Lyric,ZLX-GY0dJgc,J. Cole - p r i d e . i s . t h e . d e v i l  feat. Lil&#39; Baby (Official Audio),J. Cole,Man Jcole is so underrated bro I legit felt this song,2
J. Cole,Boom bap / Lyric,ZLX-GY0dJgc,J. Cole - p r i d e . i s . t h e . d e v i l  feat. Lil&#39; Baby (Official Audio),J. Cole,hay vler lil baby nhảy vào thật mượt,0
J. Cole,Boom bap / Lyric,ZLX-GY0dJgc,J. Cole - p r i d e . i s . t h e . d e v i l  feat. Lil&#39; Baby (Official Audio),J. Cole,so i think i refoxityed @🎉🎉,0
J. Cole,Boom bap / Lyric,ZLX-GY0dJgc,J. Cole - p r i d e . i s . t h e . d e v i l  feat. Lil&#39; Baby (Official Audio),J. Cole,I'm here in Dec 2024,6
J. Cole,Boom bap / Lyric,ZLX-GY0dJgc,J. Cole - p r i d e . i s . t h e . d e v i l  feat. Lil&#39; Baby (Official Audio),J. Cole,baby and cole is like mcdavid and draisaitl. insane tg,0
J. Cole,Boom bap / Lyric,ZLX-GY0dJgc,J. Cole - p r i d e . i s . t h e . d e v i l  feat. Lil&#39; Baby (Official Audio),J. Cole,"This is really creative. Melody, bars and subject. Lil baby, left the streets and crashed out on this beat. Certified hit 10/10 🔥 🔥 🔥",2
J. Cole,Boom bap / Lyric,ZLX-GY0dJgc,J. Cole - p r i d e . i s . t h e . d e v i l  feat. Lil&#39; Baby (Official Audio),J. Cole,Is just myth Po 🤝😇🙏 Cognitive behavioral Therapy po God and Sir Dr Mark Anthony Familaran Po and dragons teams and Sir Henry Fajilan and Black Teams unity Po box online po 🧐🦋🔕🪞☢️ Silence Response 😐 Po 🤝,0
J. Cole,Boom bap / Lyric,ZLX-GY0dJgc,J. Cole - p r i d e . i s . t h e . d e v i l  feat. Lil&#39; Baby (Official Audio),J. Cole,Pride is not a sin Po just changed your negative attitude Po😇🤝🙏,0
J. Cole,Boom bap / Lyric,ZLX-GY0dJgc,J. Cole - p r i d e . i s . t h e . d e v i l  feat. Lil&#39; Baby (Official Audio),J. Cole,Agora mismo,0
J. Cole,Boom bap / Lyric,ZLX-GY0dJgc,J. Cole - p r i d e . i s . t h e . d e v i l  feat. Lil&#39; Baby (Official Audio),J. Cole,Pride & ego kill,1
J. Cole,Boom bap / Lyric,ZLX-GY0dJgc,J. Cole - p r i d e . i s . t h e . d e v i l  feat. Lil&#39; Baby (Official Audio),J. Cole,J cole and lil baby on pride is the devil 🤌,0
J. Cole,Boom bap / Lyric,ZLX-GY0dJgc,J. Cole - p r i d e . i s . t h e . d e v i l  feat. Lil&#39; Baby (Official Audio),J. Cole,Quality Joint ! Even burn 🔥 smooth Pull !🫡,0
J. Cole,Boom bap / Lyric,ZLX-GY0dJgc,J. Cole - p r i d e . i s . t h e . d e v i l  feat. Lil&#39; Baby (Official Audio),J. Cole,NF( prideful) not j coke,0
J. Cole,Boom bap / Lyric,ZLX-GY0dJgc,J. Cole - p r i d e . i s . t h e . d e v i l  feat. Lil&#39; Baby (Official Audio),J. Cole,November anyone,1
J. Cole,Boom bap / Lyric,ZLX-GY0dJgc,J. Cole - p r i d e . i s . t h e . d e v i l  feat. Lil&#39; Baby (Official Audio),J. Cole,"Man, it's crazy when you think about how songs from our teenage days kinda grow with us. I've been listening to this song with my best friend every day after school, when our broke asses would share a single can of beer, summer sun hitting with that good vibe and now like SEVEN years later, still bumpin but with different vibes man. We got money, clothes and shit but it still feels like those damn broke days have been better than these days... Love yall <3",0
J. Cole,Boom bap / Lyric,ZLX-GY0dJgc,J. Cole - p r i d e . i s . t h e . d e v i l  feat. Lil&#39; Baby (Official Audio),J. Cole,2k24 anyone?,2
J. Cole,Boom bap / Lyric,ZLX-GY0dJgc,J. Cole - p r i d e . i s . t h e . d e v i l  feat. Lil&#39; Baby (Official Audio),J. Cole,Did Cole get out RAPPED?,0
J. Cole,Boom bap / Lyric,ZLX-GY0dJgc,J. Cole - p r i d e . i s . t h e . d e v i l  feat. Lil&#39; Baby (Official Audio),J. Cole,this will never not hit 🔥,1
J. Cole,Boom bap / Lyric,ZLX-GY0dJgc,J. Cole - p r i d e . i s . t h e . d e v i l  feat. Lil&#39; Baby (Official Audio),J. Cole,"498,000 thousand!?!",1
J. Cole,Boom bap / Lyric,ZLX-GY0dJgc,J. Cole - p r i d e . i s . t h e . d e v i l  feat. Lil&#39; Baby (Official Audio),J. Cole,"Two feature killers on a song what could go wrong

-famous last words",1
J. Cole,Boom bap / Lyric,ZLX-GY0dJgc,J. Cole - p r i d e . i s . t h e . d e v i l  feat. Lil&#39; Baby (Official Audio),J. Cole,the verses on this track are dope🔥,1
J. Cole,Boom bap / Lyric,ZLX-GY0dJgc,J. Cole - p r i d e . i s . t h e . d e v i l  feat. Lil&#39; Baby (Official Audio),J. Cole,4 years later this still hits diff🤞🏽,1
J. Cole,Boom bap / Lyric,ZLX-GY0dJgc,J. Cole - p r i d e . i s . t h e . d e v i l  feat. Lil&#39; Baby (Official Audio),J. Cole,Told my twin this shit get better 🥶,0
J. Cole,Boom bap / Lyric,ZLX-GY0dJgc,J. Cole - p r i d e . i s . t h e . d e v i l  feat. Lil&#39; Baby (Official Audio),J. Cole,Je suis venue après l'épisode de CKO avec Zequin 🔥,0
J. Cole,Boom bap / Lyric,ZLX-GY0dJgc,J. Cole - p r i d e . i s . t h e . d e v i l  feat. Lil&#39; Baby (Official Audio),J. Cole,I went to the song him rapping like that sound so much better,0
J. Cole,Boom bap / Lyric,ZLX-GY0dJgc,J. Cole - p r i d e . i s . t h e . d e v i l  feat. Lil&#39; Baby (Official Audio),J. Cole,I still listen to this cause of jcole lol but if jcole was not on this track I wouldn't hear it,1
J. Cole,Boom bap / Lyric,ZLX-GY0dJgc,J. Cole - p r i d e . i s . t h e . d e v i l  feat. Lil&#39; Baby (Official Audio),J. Cole,Shermaine.,0
J. Cole,Boom bap / Lyric,ZLX-GY0dJgc,J. Cole - p r i d e . i s . t h e . d e v i l  feat. Lil&#39; Baby (Official Audio),J. Cole,One of the greatest hip hop songs ever,0
J. Cole,Boom bap / Lyric,ZLX-GY0dJgc,J. Cole - p r i d e . i s . t h e . d e v i l  feat. Lil&#39; Baby (Official Audio),J. Cole,p r i d e . i s . t h e . d e v i l,2
J. Cole,Boom bap / Lyric,ZLX-GY0dJgc,J. Cole - p r i d e . i s . t h e . d e v i l  feat. Lil&#39; Baby (Official Audio),J. Cole,2:30 why the fck i get so hype . Everytime dude . What a masterpiece.,25
J. Cole,Boom bap / Lyric,ZLX-GY0dJgc,J. Cole - p r i d e . i s . t h e . d e v i l  feat. Lil&#39; Baby (Official Audio),J. Cole,You’ll probably be destroyed,0
J. Cole,Boom bap / Lyric,ZLX-GY0dJgc,J. Cole - p r i d e . i s . t h e . d e v i l  feat. Lil&#39; Baby (Official Audio),J. Cole,2:26,2
J. Cole,Boom bap / Lyric,ZLX-GY0dJgc,J. Cole - p r i d e . i s . t h e . d e v i l  feat. Lil&#39; Baby (Official Audio),J. Cole,It really is 🏳️‍🌈😈,2
J. Cole,Boom bap / Lyric,ZLX-GY0dJgc,J. Cole - p r i d e . i s . t h e . d e v i l  feat. Lil&#39; Baby (Official Audio),J. Cole,J Cole said it best ...,5
J. Cole,Boom bap / Lyric,ZLX-GY0dJgc,J. Cole - p r i d e . i s . t h e . d e v i l  feat. Lil&#39; Baby (Official Audio),J. Cole,Best song,1
J. Cole,Boom bap / Lyric,ZLX-GY0dJgc,J. Cole - p r i d e . i s . t h e . d e v i l  feat. Lil&#39; Baby (Official Audio),J. Cole,"👼SEPTEMBER 26, 2024👼

“COME TO ME AND LISTEN! Attune yourself to My voice, and receive My richest blessings. Marvel at the wonder of communing with the Creator of the universe while sitting in the comfort of your home. Kings who reign on earth tend to make themselves inaccessible; ordinary people almost never gain an audience with them. Even dignitaries must plow through red tape and protocol in order to speak with royalty. Though I am King of the universe, I am totally accessible to you. I am with you wherever you are. Nothing can separate you from My Presence! When I cried out from the cross, ""It is finished!"" the curtain of the temple was torn in two from top to bottom. This opened the way for you to meet Me face to Face, with no need of protocol or priests. I, the King of kings, am your constant Companion.”
(JESUS CALLING)",2
J. Cole,Boom bap / Lyric,ZLX-GY0dJgc,J. Cole - p r i d e . i s . t h e . d e v i l  feat. Lil&#39; Baby (Official Audio),J. Cole,"""Got uncles and some aunties that are too proud to give apologies"" 
Bro just spitting 🔥",48
J. Cole,Boom bap / Lyric,ZLX-GY0dJgc,J. Cole - p r i d e . i s . t h e . d e v i l  feat. Lil&#39; Baby (Official Audio),J. Cole,🌏 ❤️ 🙏,0
J. Cole,Boom bap / Lyric,ZLX-GY0dJgc,J. Cole - p r i d e . i s . t h e . d e v i l  feat. Lil&#39; Baby (Official Audio),J. Cole,"“All my pride gone, had to lose it all then I got rich..” 🔥",3
J. Cole,Boom bap / Lyric,ZLX-GY0dJgc,J. Cole - p r i d e . i s . t h e . d e v i l  feat. Lil&#39; Baby (Official Audio),J. Cole,2:22 AWESOMEEEEEE MAAN 🐐,0
J. Cole,Boom bap / Lyric,ZLX-GY0dJgc,J. Cole - p r i d e . i s . t h e . d e v i l  feat. Lil&#39; Baby (Official Audio),J. Cole,"these kinds of features are my favorite, where the transition is quick and unnoticeable and the amazing flow doesnt change
lil baby's features are actually fire ngl ( i never thought i would say that )",2
J. Cole,Boom bap / Lyric,ZLX-GY0dJgc,J. Cole - p r i d e . i s . t h e . d e v i l  feat. Lil&#39; Baby (Official Audio),J. Cole,Underrated song🔥,2
J. Cole,Boom bap / Lyric,ZLX-GY0dJgc,J. Cole - p r i d e . i s . t h e . d e v i l  feat. Lil&#39; Baby (Official Audio),J. Cole,"Uh
Pride is the Devil
Think it got a hold on me
Pride is the Devil
It left so many R.I.P.
Pride is the Devil
Think it got a hold on me
Pride is the Devil, yeah, uh
Terrified, paranoid
I'll put you over everything to fill the void
And when you're gone, will I have anything?
Or will I be destroyed? Uh
Terrified, paranoid
I'll put you over everything to fill the void
And when you're gone, will I have anything?
Or will I be destroyed? Yeah
Bright lights pass me in the city, it's emergency
I'm thankful 'cause I made it past my 30s, no one murdered me
Still remember vividly the n- that pulled a gun on me
I'm petrified, but movin' like I got no sense of urgency
Pride make a n- act way harder than he really be
Pride hide the shame when city cut off all utilities
Pride hide the pain of growing up inhalling poverty
Pride make a n- feel the way that you would follow me
Make a n- flash a thousand like he hit the lottery
Make a baby mama make sh- harder than it gotta be
Make you have to take the b- to court to see your prodigy
Make you have to use your last resort and pull a robbery
Pride be the reason for the family dichotomy
Got uncles and some aunties that's too proud to give apologies
Slowly realizing what the root of all my problems be
It got me feeling different when somebody say they proud of me
Pride is the Devil, uh
I think it got a hold on me
Pride is the Devil, uh
And it left so many R.I.P.
Pride is the Devil
I think it got a hold on me
Pride is the Devil, uh, yeah
Terrified, paranoid
I'll put you over everything to fill the void
And when you're gone, will I have anything?
Or will I be destroyed? Uh
Terrified, paranoid
I'll put you over everything to fill the void
And when you're gone, will I have anything?
Or will I be destroyed? Yeah
Too much money to count, what's the amount?
Check never bounce
I gotta pay a n- to add it up
Then pay somebody to make sure whatever amount he say, he can back it up
Got racks on racks, I'm rackin' up, stackin' up
You're reachin', I'm actin' up
Break it down, weigh it up, now bag it up
Makin' five a month, that's regular
N- playin' with us, that's a negative
Go back to the start, that's never
I'm a boss, my closet leather
Ain't no off-days on my schedule
Long as I live, we live forever
Told my twin this sh- get better
These n- don't slipped, let me get ahead of 'em
Got my feet up, I paid silly bands to have s- on the jet
I don't need 'em, that sh- in the past
I'm feelin' like what's next
Got my speed up, foot all on the gas
This not a C8 'Vette
I can beat 'em, I believe in me
Just tell me what's the bet
All my pride gone, had to lose it all then I got rich
I own five homes, glad some of this sh- startin' to make sense
I'm stayin' hella focused and I can't forget the bigger picture
I can't even hold you, I didn't have sh-, I won't forget it
Will I be destroyed?
Come to me with everything, it's startin' to get annoyin'
I'm addicted to p-, it's crazy, yeah, I know it
All this money comin' in, it drive me crazy not to show it
I'll be crazy if I blow it
Pride is the Devil, uh
I think it got a hold on me
Pride is the Devil, uh
And it left so many R.I.P.
Pride is the Devil
I think it got a hold on me
Pride is the Devil, uh",1
J. Cole,Boom bap / Lyric,ZLX-GY0dJgc,J. Cole - p r i d e . i s . t h e . d e v i l  feat. Lil&#39; Baby (Official Audio),J. Cole,Would have been better without lil baby he ruined the song,1
J. Cole,Boom bap / Lyric,ZLX-GY0dJgc,J. Cole - p r i d e . i s . t h e . d e v i l  feat. Lil&#39; Baby (Official Audio),J. Cole,Lil baby on fire 🔥,0
J. Cole,Boom bap / Lyric,ZLX-GY0dJgc,J. Cole - p r i d e . i s . t h e . d e v i l  feat. Lil&#39; Baby (Official Audio),J. Cole,🔥🔥🔥🔥🔥🔥🔥🔥🔥,0
J. Cole,Boom bap / Lyric,ZLX-GY0dJgc,J. Cole - p r i d e . i s . t h e . d e v i l  feat. Lil&#39; Baby (Official Audio),J. Cole,Been listening too cole since I was 14 (I’m 27) and I’ve just realised I hadn’t subscribed 😢,1
J. Cole,Boom bap / Lyric,ZLX-GY0dJgc,J. Cole - p r i d e . i s . t h e . d e v i l  feat. Lil&#39; Baby (Official Audio),J. Cole,Anyone here in 2024 September 🔥🔥🔥🔥🔥,7
J. Cole,Boom bap / Lyric,ZLX-GY0dJgc,J. Cole - p r i d e . i s . t h e . d e v i l  feat. Lil&#39; Baby (Official Audio),J. Cole,"3000👐👐👐I'm speechless but not like mj😂,much respect and cole,cole,cole what do i gotta say🤔,?you never cease to amaize me 👑🙏🏽jah guide...!!!",0
J. Cole,Boom bap / Lyric,ZLX-GY0dJgc,J. Cole - p r i d e . i s . t h e . d e v i l  feat. Lil&#39; Baby (Official Audio),J. Cole,why is this the first time im heain this heater?,2
J. Cole,Boom bap / Lyric,ZLX-GY0dJgc,J. Cole - p r i d e . i s . t h e . d e v i l  feat. Lil&#39; Baby (Official Audio),J. Cole,I was mad at you bro but i cant be mad at the music ❤,4
J. Cole,Boom bap / Lyric,ZLX-GY0dJgc,J. Cole - p r i d e . i s . t h e . d e v i l  feat. Lil&#39; Baby (Official Audio),J. Cole,2:29 perfect handoff 🗣️🗣️🗣️,1
J. Cole,Boom bap / Lyric,ZLX-GY0dJgc,J. Cole - p r i d e . i s . t h e . d e v i l  feat. Lil&#39; Baby (Official Audio),J. Cole,( Proverbs 16-18) PRIDE BEFORE DESTRUCTION!,3
J. Cole,Boom bap / Lyric,ZLX-GY0dJgc,J. Cole - p r i d e . i s . t h e . d e v i l  feat. Lil&#39; Baby (Official Audio),J. Cole,SURE IS LOOK AT THIS WORLD? WANTED GOD'S THRONE/ POWER! BUT HE WAS CAST OUT!,0
J. Cole,Boom bap / Lyric,ZLX-GY0dJgc,J. Cole - p r i d e . i s . t h e . d e v i l  feat. Lil&#39; Baby (Official Audio),J. Cole,"2:10 my fav part, just commented this to save",0
J. Cole,Boom bap / Lyric,ZLX-GY0dJgc,J. Cole - p r i d e . i s . t h e . d e v i l  feat. Lil&#39; Baby (Official Audio),J. Cole,"Every time lil baby in a legends song he makes the smoothest transition, shout out to water by school boy q 😮‍💨😮‍💨😮‍💨",2
J. Cole,Boom bap / Lyric,ZLX-GY0dJgc,J. Cole - p r i d e . i s . t h e . d e v i l  feat. Lil&#39; Baby (Official Audio),J. Cole,💯,0
J. Cole,Boom bap / Lyric,ZLX-GY0dJgc,J. Cole - p r i d e . i s . t h e . d e v i l  feat. Lil&#39; Baby (Official Audio),J. Cole,🔥🔥🔥,0
J. Cole,Boom bap / Lyric,ZLX-GY0dJgc,J. Cole - p r i d e . i s . t h e . d e v i l  feat. Lil&#39; Baby (Official Audio),J. Cole,Share this sandwich? Wit chips,0
J. Cole,Boom bap / Lyric,ZLX-GY0dJgc,J. Cole - p r i d e . i s . t h e . d e v i l  feat. Lil&#39; Baby (Official Audio),J. Cole,Good song 👍👍👌👌,0
J. Cole,Boom bap / Lyric,ZLX-GY0dJgc,J. Cole - p r i d e . i s . t h e . d e v i l  feat. Lil&#39; Baby (Official Audio),J. Cole,J Cole if your reading you made a song with like durk that was firee since he did a song with wale I could wait for him to heal up and do a song with you but there one more person and I know you to will be a hit you and rod wave he’s a great guy and I believe you would be a great mentor to him,0
J. Cole,Boom bap / Lyric,ZLX-GY0dJgc,J. Cole - p r i d e . i s . t h e . d e v i l  feat. Lil&#39; Baby (Official Audio),J. Cole,❤❤❤https://youtu.be/B3lQbbp1ABs?si=7AFpZi_vfhBXFxeNhttps://youtu.be/B3lQbbp1ABs?si=7AFpZi_vfhBXFxeN,0
J. Cole,Boom bap / Lyric,ZLX-GY0dJgc,J. Cole - p r i d e . i s . t h e . d e v i l  feat. Lil&#39; Baby (Official Audio),J. Cole,"Wonderful, and then that Lil Baby verse🤐",2
J. Cole,Boom bap / Lyric,ZLX-GY0dJgc,J. Cole - p r i d e . i s . t h e . d e v i l  feat. Lil&#39; Baby (Official Audio),J. Cole,Lil Baby Verse is not from this World👑🔥,2
J. Cole,Boom bap / Lyric,ZLX-GY0dJgc,J. Cole - p r i d e . i s . t h e . d e v i l  feat. Lil&#39; Baby (Official Audio),J. Cole,We love your art. Thank you ❤,1
J. Cole,Boom bap / Lyric,ZLX-GY0dJgc,J. Cole - p r i d e . i s . t h e . d e v i l  feat. Lil&#39; Baby (Official Audio),J. Cole,I can keep this on repeat for a good bit still 🔥🔥,0
J. Cole,Boom bap / Lyric,ZLX-GY0dJgc,J. Cole - p r i d e . i s . t h e . d e v i l  feat. Lil&#39; Baby (Official Audio),J. Cole,"Pride can mislead you, you need enough not too much so b proud of wat u made not other tingz others made not u!",0
J. Cole,Boom bap / Lyric,ZLX-GY0dJgc,J. Cole - p r i d e . i s . t h e . d e v i l  feat. Lil&#39; Baby (Official Audio),J. Cole,this so fire damn 🔥,0
J. Cole,Boom bap / Lyric,ZLX-GY0dJgc,J. Cole - p r i d e . i s . t h e . d e v i l  feat. Lil&#39; Baby (Official Audio),J. Cole,"I have so many memories of this song I first heard this song in May 2021. I was 12 when this song came out and I was playing football in Paterson, NJ even though I lived in the Northwestern part of the state like Sparta, NJ. This song will always take me back to summer 2021, I remember when I was training this song would be playing and I would be hyped. I never liked football, and I hated my dad for making me play since 2019, but I stopped playing in 2022 because my mom told him no more football because I hated it. I heard this song from April 2021 to December 2021. The other time I heard this song was when my mom, my sister, and I were going to Georgia to see my cousins it was so much fun, we went in July 2021, so three years ago this week from July 22, 2021, to July 31, 2021. I can't believe that was three years ago, this song will forever remind me of training, working out, playing football, going on the Georgia vacation, and listening to this song with my dad on the radio in the car. My dad and I were so obsessed with this song, time went by way too fast for 2021 to be 3 years ago. I wish I could go back, J Cole's Off-Season album, Drake's Certified Lover Boy album, and Pop Smoke's song What You Know 'Bout Love (R.I.P) all bring back memories of that summer and summer 2022. In summer 2022 we went on so many vacations, in April 2022, we went to Outer Banks and Richmond, VA, then in May 2022, we went to Aruba, in June 2022, we went to Barbados, and in July 2022, we went to Orlando with my cousins from Georgia to celebrate my other aunt's 10th anniversary on July 1, 2012 - July 1, 2022.",0
J. Cole,Boom bap / Lyric,ZLX-GY0dJgc,J. Cole - p r i d e . i s . t h e . d e v i l  feat. Lil&#39; Baby (Official Audio),J. Cole,🐊🎲🎲,0
J. Cole,Boom bap / Lyric,ZLX-GY0dJgc,J. Cole - p r i d e . i s . t h e . d e v i l  feat. Lil&#39; Baby (Official Audio),J. Cole,"This be the only advice u need my boy, Pride is the devil",0
J. Cole,Boom bap / Lyric,ZLX-GY0dJgc,J. Cole - p r i d e . i s . t h e . d e v i l  feat. Lil&#39; Baby (Official Audio),J. Cole,https://youtu.be/VK4-voDKuRM?si=X_MhsZZomdIWzxg3,0
J. Cole,Boom bap / Lyric,ZLX-GY0dJgc,J. Cole - p r i d e . i s . t h e . d e v i l  feat. Lil&#39; Baby (Official Audio),J. Cole,"This aged well! Cole literally just showed the WHOLE WORLD he has no problem putting his pride to the side during the Kendrick beef. He doesn’t just talk about it, he is about it! BEEN ABOUT IT! FOREVER a Cole fan ❤ #PrideisTheDevil",4
J. Cole,Boom bap / Lyric,ZLX-GY0dJgc,J. Cole - p r i d e . i s . t h e . d e v i l  feat. Lil&#39; Baby (Official Audio),J. Cole,yessirr it is,2
J. Cole,Boom bap / Lyric,ZLX-GY0dJgc,J. Cole - p r i d e . i s . t h e . d e v i l  feat. Lil&#39; Baby (Official Audio),J. Cole,2:30 lil baby came in HOT🔥🔥,0
J. Cole,Boom bap / Lyric,ZLX-GY0dJgc,J. Cole - p r i d e . i s . t h e . d e v i l  feat. Lil&#39; Baby (Official Audio),J. Cole,"Chorus: J. Cole]
Pride is the Devil
Think it got a hold on me
Pride is the Devil
It left so many R.I.P. 
Pride is the Devil
Think it got a hold on me
Pride is the Devil, yeah, uh
[Post-Chorus: J. Cole]
Terrified, paranoid, I'll put you over everything to fill the void
And when you’re gone, will I have anything or will I be destroyed? Uh
Terrified, paranoid, I'll put you over everything to fill the void
And when you're gone, will I have anything or will I be destroyed? Yеah

[Verse 1: J. Cole]
Bright lights pass me in the city, it’s emеrgency
I'm thankful 'cause I made it past my thirties, no one murdered me
Still remember vividly the nigga that pulled a gun on me
I'm petrified, but moving like I got no sense of urgency
Pride make a nigga act way harder than he really be
Pride hide the shame of sin and cut off all utilities
Pride hide the pain of growing up in hell and poverty
Pride make a nigga feel a way that you unfollow me
Make a nigga flash a thousand like he hit the lottery
Make a baby mama make shit harder than it gotta be
Make you have to take the bitch to court to see your prodigy
Make you have to use your last resort and pull a robbery
Pride be the reason for the family dichotomy
Got uncles and some aunties that's too proud to give apologies
Slowly realizing what the root of all my problems be
It got me feeling different when somebody say they proud of me

[Chorus: J. Cole]
Pride is the Devil, uh
I think it got a hold on me
Pride is the Devil, uh
It left so many R.I.P. 
Pride is the Devil
I think it got a hold on me
Pride is the Devil, uh, yeah
[Post-Chorus: J. Cole]
Terrified, paranoid, I'll put you over everything to fill the void
And when you're gone, will I have anything or will I be destroyed? Uh
Terrified, paranoid, I'll put you over everything to fill the void
And when you’re gone, will I have anything or will I be destroyed? Yeah

[Verse 2: J. Cole]
Too much money to count, what’s the amount? Check never bounce
I gotta pay a nigga to add it up
Then pay somebody to make sure whatever amount he say he can back it up
Got racks on racks, I'm rackin’ up
Stackin' up, you're reachin' out, actin’ up

[Verse 3: Lil Baby]
Break it down, weigh it up, now bag it up
Making five a month, that's regular
Nigga playing with us, that's a negative
Go back to start, that's never
I'm a boss, my closet leather
Ain't no off-days on my schedule
Long as I live, we live forever
Told my twin this shit get better
These niggas done slipped, let me ahead of 'em
Got my feet up, I paid seventy bands to have sex on the jet
I don't need 'em, that shit in the past, I'm feelin' like what's next
Got my speed up, foot all on the gas, this not a C8 'Vette
I can beat 'em, I believe in me, just tell me what's the bet
All my pride gone, had to lose it all then I got rich
I own five homes, glad some of this shit starting to make sense
I'm staying hella focused and I can't forget the bigger picture
I can't even hold you, I didn't have shit, I won't forget it
Will I be destroyed?
Come to me with everything, it's starting to get annoying
I'm addicted to promethazine, it's crazy, yeah, I know it
All this money coming in, it drive me crazy not to show it
I'll be crazy if I blow it
[Chorus: J. Cole]
Pride is the Devil, uh
I think it got a hold on me
Pride is the Devil, uh
And it left so many R.I.P. 
Pride is the Devil
I think it got a hold on me
Pride is the Devil, uh",0
J. Cole,Boom bap / Lyric,ZLX-GY0dJgc,J. Cole - p r i d e . i s . t h e . d e v i l  feat. Lil&#39; Baby (Official Audio),J. Cole,erm what the sigma,1
J. Cole,Boom bap / Lyric,ZLX-GY0dJgc,J. Cole - p r i d e . i s . t h e . d e v i l  feat. Lil&#39; Baby (Official Audio),J. Cole,My first time listening to this album I was driving and wen this song came on and lil baby part came I damn near wrecked 😂😂😂 smoothest transition ever,0
J. Cole,Boom bap / Lyric,ZLX-GY0dJgc,J. Cole - p r i d e . i s . t h e . d e v i l  feat. Lil&#39; Baby (Official Audio),J. Cole,July 2024 anyone???,1
J. Cole,Boom bap / Lyric,ZLX-GY0dJgc,J. Cole - p r i d e . i s . t h e . d e v i l  feat. Lil&#39; Baby (Official Audio),J. Cole,Fake it till you make it got a hold on it,0
J. Cole,Boom bap / Lyric,ZLX-GY0dJgc,J. Cole - p r i d e . i s . t h e . d e v i l  feat. Lil&#39; Baby (Official Audio),J. Cole,"Pride is the Devil
Think it got a hold on me
Pride is the Devil
It left so many R.I.P.
Pride is the Devil
Think it got a hold on me
Pride is the Devil, yeah, uh
Terrified, paranoid
I'll put you over everything to fill the void
And when you're gone, will I have anything?
Or will I be destroyed? Uh
Terrified, paranoid
I'll put you over everything to fill the void
And when you're gone, will I have anything?
Or will I be destroyed? Yeah
Bright lights pass me in the city, it's emergency
I'm thankful 'cause I made it past my 30s, no one murdered me
Still remember vividly the n- that pulled a gun on me
I'm petrified, but movin' like I got no sense of urgency
Pride make a n- act way harder than he really be
Pride hide the shame when city cut off all utilities
Pride hide the pain of growing up inhalling poverty
Pride make a n- feel the way that you would follow me
Make a n- flash a thousand like he hit the lottery
Make a baby mama make sh- harder than it gotta be
Make you have to take the b- to court to see your prodigy
Make you have to use your last resort and pull a robbery
Pride be the reason for the family dichotomy
Got uncles and some aunties that's too proud to give apologies
Slowly realizing what the root of all my problems be
It got me feeling different when somebody say they proud of me
Pride is the Devil, uh
I think it got a hold on me
Pride is the Devil, uh
And it left so many R.I.P.
Pride is the Devil
I think it got a hold on me
Pride is the Devil, uh, yeah
Terrified, paranoid
I'll put you over everything to fill the void
And when you're gone, will I have anything?
Or will I be destroyed? Uh
Terrified, paranoid
I'll put you over everything to fill the void
And when you're gone, will I have anything?
Or will I be destroyed? Yeah
Too much money to count, what's the amount?
Check never bounce
I gotta pay a n- to add it up
Then pay somebody to make sure whatever amount he say, he can back it up
Got racks on racks, I'm rackin' up, stackin' up
You're reachin', I'm actin' up
Break it down, weigh it up, now bag it up
Makin' five a month, that's regular
N- playin' with us, that's a negative
Go back to the start, that's never
I'm a boss, my closet leather
Ain't no off-days on my schedule
Long as I live, we live forever
Told my twin this sh- get better
These n- don't slipped, let me get ahead of 'em
Got my feet up, I paid silly bands to have s- on the jet
I don't need 'em, that sh- in the past
I'm feelin' like what's next
Got my speed up, foot all on the gas
This not a C8 'Vette
I can beat 'em, I believe in me
Just tell me what's the bet
All my pride gone, had to lose it all then I got rich
I own five homes, glad some of this sh- startin' to make sense
I'm stayin' hella focused and I can't forget the bigger picture
I can't even hold you, I didn't have sh-, I won't forget it
Will I be destroyed?
Come to me with everything, it's startin' to get annoyin'
I'm addicted to p-, it's crazy, yeah, I know it
All this money comin' in, it drive me crazy not to show it
I'll be crazy if I blow it
Pride is the Devil, uh
I think it got a hold on me
Pride is the Devil, uh
And it left so many R.I.P.
Pride is the Devil
I think it got a hold on me
Pride is the Devil, uh",0
J. Cole,Boom bap / Lyric,ZLX-GY0dJgc,J. Cole - p r i d e . i s . t h e . d e v i l  feat. Lil&#39; Baby (Official Audio),J. Cole,Ya pride is the devel and so are the people who support it #gaypeople,0
J. Cole,Boom bap / Lyric,ZLX-GY0dJgc,J. Cole - p r i d e . i s . t h e . d e v i l  feat. Lil&#39; Baby (Official Audio),J. Cole,"Pride is the reason why I got myself into addictions (nicotine and cocaine), destroying myself to be in a ""higher state of mind"" to beat competition.",0
J. Cole,Boom bap / Lyric,ZLX-GY0dJgc,J. Cole - p r i d e . i s . t h e . d e v i l  feat. Lil&#39; Baby (Official Audio),J. Cole,Fire,2
J. Cole,Boom bap / Lyric,ZLX-GY0dJgc,J. Cole - p r i d e . i s . t h e . d e v i l  feat. Lil&#39; Baby (Official Audio),J. Cole,khari,1
J. Cole,Boom bap / Lyric,ZLX-GY0dJgc,J. Cole - p r i d e . i s . t h e . d e v i l  feat. Lil&#39; Baby (Official Audio),J. Cole,"**Verse 1:**
Afraid to create, my heart feels heavy,
Don’t want to lead, just want to be steady.
I’m just a person, lost in my pride,
Making mistakes, nowhere to hide.

**Chorus:**
God gave His only Son, Jesus to save,
But I fear my pride leads me to the grave.
Arrogance and boast, they weigh me down,
Will I make it to heaven, or forever drown?

**Verse 2:**
Blasphemy whispers, in my ear,
Telling me lies, feeding my fear.
Struggling inside, with every song,
Wondering if I'm doing it wrong.

**Chorus:**
God gave His only Son, Jesus to save,
But I fear my pride leads me to the grave.
Arrogance and boast, they weigh me down,
Will I make it to heaven, or forever drown?

**Bridge:**
Oh, Lord, hear my plea, cleanse my soul,
Help me surrender, make me whole.
In your grace, I find my way,
Teach me to humble, every day.

**Chorus:**
God gave His only Son, Jesus to save,
But I fear my pride leads me to the grave.
Arrogance and boast, they weigh me down,
Will I make it to heaven, or forever drown?

**Outro:**
So I lay my pride at the cross,
Seeking Your mercy, finding what's lost.
In Your love, I’ll find my place,
No more fear, just Your grace.",0
J. Cole,Boom bap / Lyric,ZLX-GY0dJgc,J. Cole - p r i d e . i s . t h e . d e v i l  feat. Lil&#39; Baby (Official Audio),J. Cole,I love when rappers don't add  features because Lil Baby started rapping out of nowhere,0
J. Cole,Boom bap / Lyric,ZLX-GY0dJgc,J. Cole - p r i d e . i s . t h e . d e v i l  feat. Lil&#39; Baby (Official Audio),J. Cole,oh we need some Kendrick and Cole music...,2
J. Cole,Boom bap / Lyric,ZLX-GY0dJgc,J. Cole - p r i d e . i s . t h e . d e v i l  feat. Lil&#39; Baby (Official Audio),J. Cole,"p r i d e . i s . t h e . d e v i l
Is very easy",1
J. Cole,Boom bap / Lyric,ZLX-GY0dJgc,J. Cole - p r i d e . i s . t h e . d e v i l  feat. Lil&#39; Baby (Official Audio),J. Cole,🐐😈,2
J. Cole,Boom bap / Lyric,ZLX-GY0dJgc,J. Cole - p r i d e . i s . t h e . d e v i l  feat. Lil&#39; Baby (Official Audio),J. Cole,Nasty transition from Jermaine to Lil Baby,7
J. Cole,Boom bap / Lyric,ZLX-GY0dJgc,J. Cole - p r i d e . i s . t h e . d e v i l  feat. Lil&#39; Baby (Official Audio),J. Cole,Aye what he mean he think he got ahold of him😭😭😭,0
J. Cole,Boom bap / Lyric,ZLX-GY0dJgc,J. Cole - p r i d e . i s . t h e . d e v i l  feat. Lil&#39; Baby (Official Audio),J. Cole,Giselle Giselle Giselle Giselle Giselle,1
J. Cole,Boom bap / Lyric,ZLX-GY0dJgc,J. Cole - p r i d e . i s . t h e . d e v i l  feat. Lil&#39; Baby (Official Audio),J. Cole,This Shit Will Forever Be Relatable Especially For Us Fathers Out Here 💯🙌🔥🔥,1
J. Cole,Boom bap / Lyric,ZLX-GY0dJgc,J. Cole - p r i d e . i s . t h e . d e v i l  feat. Lil&#39; Baby (Official Audio),J. Cole,lil baby jumpscare,2
J. Cole,Boom bap / Lyric,ZLX-GY0dJgc,J. Cole - p r i d e . i s . t h e . d e v i l  feat. Lil&#39; Baby (Official Audio),J. Cole,Hy this fhy,0
J. Cole,Boom bap / Lyric,ZLX-GY0dJgc,J. Cole - p r i d e . i s . t h e . d e v i l  feat. Lil&#39; Baby (Official Audio),J. Cole,Best song this time of year,1
J. Cole,Boom bap / Lyric,ZLX-GY0dJgc,J. Cole - p r i d e . i s . t h e . d e v i l  feat. Lil&#39; Baby (Official Audio),J. Cole,best song to blast during pride month,1
J. Cole,Boom bap / Lyric,ZLX-GY0dJgc,J. Cole - p r i d e . i s . t h e . d e v i l  feat. Lil&#39; Baby (Official Audio),J. Cole,Listening to this in june for my soul,1
J. Cole,Boom bap / Lyric,ZLX-GY0dJgc,J. Cole - p r i d e . i s . t h e . d e v i l  feat. Lil&#39; Baby (Official Audio),J. Cole,J Cole a legend been listening since day 1,0
J. Cole,Boom bap / Lyric,ZLX-GY0dJgc,J. Cole - p r i d e . i s . t h e . d e v i l  feat. Lil&#39; Baby (Official Audio),J. Cole,song would be better without lil baby i ain't gon lie,0
J. Cole,Boom bap / Lyric,ZLX-GY0dJgc,J. Cole - p r i d e . i s . t h e . d e v i l  feat. Lil&#39; Baby (Official Audio),J. Cole,Lyrics that are aging well😂😂,9
J. Cole,Boom bap / Lyric,ZLX-GY0dJgc,J. Cole - p r i d e . i s . t h e . d e v i l  feat. Lil&#39; Baby (Official Audio),J. Cole,my t shirt holding bananas,1
J. Cole,Boom bap / Lyric,ZLX-GY0dJgc,J. Cole - p r i d e . i s . t h e . d e v i l  feat. Lil&#39; Baby (Official Audio),J. Cole,Idc what yall say j.cole could of went off on kendrick knowing damn well he sold his soul 😂. But he was humble. That fake mf act like he jesus christ with that crown 👑 🙄.  False prophet.,1
J. Cole,Boom bap / Lyric,ZLX-GY0dJgc,J. Cole - p r i d e . i s . t h e . d e v i l  feat. Lil&#39; Baby (Official Audio),J. Cole,Lil' Baby❤,1
J. Cole,Boom bap / Lyric,ZLX-GY0dJgc,J. Cole - p r i d e . i s . t h e . d e v i l  feat. Lil&#39; Baby (Official Audio),J. Cole,maghetto yuts,0
J. Cole,Boom bap / Lyric,ZLX-GY0dJgc,J. Cole - p r i d e . i s . t h e . d e v i l  feat. Lil&#39; Baby (Official Audio),J. Cole,2:27,0
J. Cole,Boom bap / Lyric,ZLX-GY0dJgc,J. Cole - p r i d e . i s . t h e . d e v i l  feat. Lil&#39; Baby (Official Audio),J. Cole,J Cole made an apology to K dot after Tbt ing that pride is the devil👑,4
J. Cole,Boom bap / Lyric,ZLX-GY0dJgc,J. Cole - p r i d e . i s . t h e . d e v i l  feat. Lil&#39; Baby (Official Audio),J. Cole,🔥,0
J. Cole,Boom bap / Lyric,ZLX-GY0dJgc,J. Cole - p r i d e . i s . t h e . d e v i l  feat. Lil&#39; Baby (Official Audio),J. Cole,The apology to kendrick makes much since with this song,26
J. Cole,Boom bap / Lyric,ZLX-GY0dJgc,J. Cole - p r i d e . i s . t h e . d e v i l  feat. Lil&#39; Baby (Official Audio),J. Cole,Coke just not tryna get murdered 🙏 why he backed out of Kendrick vs drake beef,1
J. Cole,Boom bap / Lyric,ZLX-GY0dJgc,J. Cole - p r i d e . i s . t h e . d e v i l  feat. Lil&#39; Baby (Official Audio),J. Cole,Classic,4
J. Cole,Boom bap / Lyric,ZLX-GY0dJgc,J. Cole - p r i d e . i s . t h e . d e v i l  feat. Lil&#39; Baby (Official Audio),J. Cole,This is my favorite Joyner track,0
J. Cole,Boom bap / Lyric,ZLX-GY0dJgc,J. Cole - p r i d e . i s . t h e . d e v i l  feat. Lil&#39; Baby (Official Audio),J. Cole,trash.,1
J. Cole,Boom bap / Lyric,ZLX-GY0dJgc,J. Cole - p r i d e . i s . t h e . d e v i l  feat. Lil&#39; Baby (Official Audio),J. Cole,"3 year anniversary. 2024, who’s up?",24
J. Cole,Boom bap / Lyric,ZLX-GY0dJgc,J. Cole - p r i d e . i s . t h e . d e v i l  feat. Lil&#39; Baby (Official Audio),J. Cole,Everytime I hear Dear Adonis I call my kids IDKY. This shii so scary for the day I have beef about my kids,0
J. Cole,Boom bap / Lyric,ZLX-GY0dJgc,J. Cole - p r i d e . i s . t h e . d e v i l  feat. Lil&#39; Baby (Official Audio),J. Cole,I use to respect you i will take a while for me to get the respect back,0
J. Cole,Boom bap / Lyric,ZLX-GY0dJgc,J. Cole - p r i d e . i s . t h e . d e v i l  feat. Lil&#39; Baby (Official Audio),J. Cole,"Pride wasn't the devil for you cole. Real Nigga for apologizing ,takes self confidence to do that. 🐐",59
J. Cole,Boom bap / Lyric,ZLX-GY0dJgc,J. Cole - p r i d e . i s . t h e . d e v i l  feat. Lil&#39; Baby (Official Audio),J. Cole,j started no contact after dating this mofo for 3 and a half years🤪 wish me luck homies!!,1
J. Cole,Boom bap / Lyric,ZLX-GY0dJgc,J. Cole - p r i d e . i s . t h e . d e v i l  feat. Lil&#39; Baby (Official Audio),J. Cole,2:30,4
J. Cole,Boom bap / Lyric,ZLX-GY0dJgc,J. Cole - p r i d e . i s . t h e . d e v i l  feat. Lil&#39; Baby (Official Audio),J. Cole,2024 the song still new to my ear's every time i listen to it,2
J. Cole,Boom bap / Lyric,ZLX-GY0dJgc,J. Cole - p r i d e . i s . t h e . d e v i l  feat. Lil&#39; Baby (Official Audio),J. Cole,Progeny,1
J. Cole,Boom bap / Lyric,ZLX-GY0dJgc,J. Cole - p r i d e . i s . t h e . d e v i l  feat. Lil&#39; Baby (Official Audio),J. Cole,Should be called dear aubrey prt 1,2
J. Cole,Boom bap / Lyric,ZLX-GY0dJgc,J. Cole - p r i d e . i s . t h e . d e v i l  feat. Lil&#39; Baby (Official Audio),J. Cole,Cole fucking world,4
J. Cole,Boom bap / Lyric,ZLX-GY0dJgc,J. Cole - p r i d e . i s . t h e . d e v i l  feat. Lil&#39; Baby (Official Audio),J. Cole,listening to this imagining Cole sitting in a bunker while there's a nuke war outside,6
J. Cole,Boom bap / Lyric,ZLX-GY0dJgc,J. Cole - p r i d e . i s . t h e . d e v i l  feat. Lil&#39; Baby (Official Audio),J. Cole,Down fall of kids on Drugs,2
J. Cole,Boom bap / Lyric,ZLX-GY0dJgc,J. Cole - p r i d e . i s . t h e . d e v i l  feat. Lil&#39; Baby (Official Audio),J. Cole,This had such a good potential for a music video,2
J. Cole,Boom bap / Lyric,ZLX-GY0dJgc,J. Cole - p r i d e . i s . t h e . d e v i l  feat. Lil&#39; Baby (Official Audio),J. Cole,we werent ready for this music back in 2022 sorry goat🐐🐐🐐🐐🙏🏼,1
J. Cole,Boom bap / Lyric,ZLX-GY0dJgc,J. Cole - p r i d e . i s . t h e . d e v i l  feat. Lil&#39; Baby (Official Audio),J. Cole,2:26,0
J. Cole,Boom bap / Lyric,ZLX-GY0dJgc,J. Cole - p r i d e . i s . t h e . d e v i l  feat. Lil&#39; Baby (Official Audio),J. Cole,Bro really dropped a diss on pride month,1
J. Cole,Boom bap / Lyric,ZLX-GY0dJgc,J. Cole - p r i d e . i s . t h e . d e v i l  feat. Lil&#39; Baby (Official Audio),J. Cole,Too bad jcole can’t hear his own message,2
J. Cole,Boom bap / Lyric,ZLX-GY0dJgc,J. Cole - p r i d e . i s . t h e . d e v i l  feat. Lil&#39; Baby (Official Audio),J. Cole,Baby the GOAT,2
J. Cole,Boom bap / Lyric,ZLX-GY0dJgc,J. Cole - p r i d e . i s . t h e . d e v i l  feat. Lil&#39; Baby (Official Audio),J. Cole,Pride is the devil the best transition in hiphop Lil baby dope,9
J. Cole,Boom bap / Lyric,ZLX-GY0dJgc,J. Cole - p r i d e . i s . t h e . d e v i l  feat. Lil&#39; Baby (Official Audio),J. Cole,Lil baby came in hard!,0
J. Cole,Boom bap / Lyric,ZLX-GY0dJgc,J. Cole - p r i d e . i s . t h e . d e v i l  feat. Lil&#39; Baby (Official Audio),J. Cole,"People who can sing the gas parts without lyrics
👇",2
J. Cole,Boom bap / Lyric,ZLX-GY0dJgc,J. Cole - p r i d e . i s . t h e . d e v i l  feat. Lil&#39; Baby (Official Audio),J. Cole,When Jcole was really him 😭,16
J. Cole,Boom bap / Lyric,ZLX-GY0dJgc,J. Cole - p r i d e . i s . t h e . d e v i l  feat. Lil&#39; Baby (Official Audio),J. Cole,🔥,1
J. Cole,Boom bap / Lyric,ZLX-GY0dJgc,J. Cole - p r i d e . i s . t h e . d e v i l  feat. Lil&#39; Baby (Official Audio),J. Cole,I miss this lil baby,1
J. Cole,Boom bap / Lyric,ZLX-GY0dJgc,J. Cole - p r i d e . i s . t h e . d e v i l  feat. Lil&#39; Baby (Official Audio),J. Cole,Me like white men i love this rapsong what a fucking beauty outlaws men song high level rap killer ❤,1
J. Cole,Boom bap / Lyric,ZLX-GY0dJgc,J. Cole - p r i d e . i s . t h e . d e v i l  feat. Lil&#39; Baby (Official Audio),J. Cole,🔥🔥🔥,0
J. Cole,Boom bap / Lyric,ZLX-GY0dJgc,J. Cole - p r i d e . i s . t h e . d e v i l  feat. Lil&#39; Baby (Official Audio),J. Cole,Number one cause of death amongst men. Let it go bro. Peace.,2
J. Cole,Boom bap / Lyric,ZLX-GY0dJgc,J. Cole - p r i d e . i s . t h e . d e v i l  feat. Lil&#39; Baby (Official Audio),J. Cole,Coming here after Dreamville apology,25
J. Cole,Boom bap / Lyric,ZLX-GY0dJgc,J. Cole - p r i d e . i s . t h e . d e v i l  feat. Lil&#39; Baby (Official Audio),J. Cole,Was expecting a video for this bro.,0
J. Cole,Boom bap / Lyric,ZLX-GY0dJgc,J. Cole - p r i d e . i s . t h e . d e v i l  feat. Lil&#39; Baby (Official Audio),J. Cole,I just came back here to say J. Cole is better than Kendrick and The Off Season is better than DAMN,3
J. Cole,Boom bap / Lyric,ZLX-GY0dJgc,J. Cole - p r i d e . i s . t h e . d e v i l  feat. Lil&#39; Baby (Official Audio),J. Cole,Pride really is the devil...,3
J. Cole,Boom bap / Lyric,ZLX-GY0dJgc,J. Cole - p r i d e . i s . t h e . d e v i l  feat. Lil&#39; Baby (Official Audio),J. Cole,🐐🐐🐐🐐,1
J. Cole,Boom bap / Lyric,ZLX-GY0dJgc,J. Cole - p r i d e . i s . t h e . d e v i l  feat. Lil&#39; Baby (Official Audio),J. Cole,"After 2 years of Theoffseason, we got might delete later😭",7
J. Cole,Boom bap / Lyric,ZLX-GY0dJgc,J. Cole - p r i d e . i s . t h e . d e v i l  feat. Lil&#39; Baby (Official Audio),J. Cole,Taking shots at kdot’s discography is like trying to stab somebody wearing armor.,0
J. Cole,Boom bap / Lyric,ZLX-GY0dJgc,J. Cole - p r i d e . i s . t h e . d e v i l  feat. Lil&#39; Baby (Official Audio),J. Cole,This is who kdot gotta deal with ?😮🔥🔥,19
J. Cole,Boom bap / Lyric,ZLX-GY0dJgc,J. Cole - p r i d e . i s . t h e . d e v i l  feat. Lil&#39; Baby (Official Audio),J. Cole,Just wait until Drake and J Cole pull Lil Baby out the Bag,0
J. Cole,Boom bap / Lyric,ZLX-GY0dJgc,J. Cole - p r i d e . i s . t h e . d e v i l  feat. Lil&#39; Baby (Official Audio),J. Cole,Best ever transition,1
J. Cole,Boom bap / Lyric,ZLX-GY0dJgc,J. Cole - p r i d e . i s . t h e . d e v i l  feat. Lil&#39; Baby (Official Audio),J. Cole,Le passage de lil baby c'est qq chose merde!!!,0
J. Cole,Boom bap / Lyric,ZLX-GY0dJgc,J. Cole - p r i d e . i s . t h e . d e v i l  feat. Lil&#39; Baby (Official Audio),J. Cole,😂😂😂,0
J. Cole,Boom bap / Lyric,ZLX-GY0dJgc,J. Cole - p r i d e . i s . t h e . d e v i l  feat. Lil&#39; Baby (Official Audio),J. Cole,پرایده خودمون رو میگه😂😂,0
J. Cole,Boom bap / Lyric,ZLX-GY0dJgc,J. Cole - p r i d e . i s . t h e . d e v i l  feat. Lil&#39; Baby (Official Audio),J. Cole,Lil Baby🔥🔥🔥🔥🔥🔥🔥🔥🔥🔥🔥🔥,0
J. Cole,Boom bap / Lyric,ZLX-GY0dJgc,J. Cole - p r i d e . i s . t h e . d e v i l  feat. Lil&#39; Baby (Official Audio),J. Cole,"Why did the  li baby come thru, and own j cole song???? As if li baby is the hidden goat...... hmmm",1
J. Cole,Boom bap / Lyric,ZLX-GY0dJgc,J. Cole - p r i d e . i s . t h e . d e v i l  feat. Lil&#39; Baby (Official Audio),J. Cole,"Uh
Pride is the Devil
Think it got a hold on me
Pride is the Devil
It left so many R.I.P.
Pride is the Devil
Think it got a hold on me
Pride is the Devil, yeah, uh
Terrified, paranoid
I'll put you over everything to fill the void
And when you're gone, will I have anything?
Or will I be destroyed? Uh
Terrified, paranoid
I'll put you over everything to fill the void
And when you're gone, will I have anything?
Or will I be destroyed? Yeah
Bright lights pass me in the city, it's emergency
I'm thankful 'cause I made it past my 30s, no one murdered me
Still remember vividly the n- that pulled a gun on me
I'm petrified, but movin' like I got no sense of urgency
Pride make a n- act way harder than he really be
Pride hide the shame when city cut off all utilities
Pride hide the pain of growing up inhalling poverty
Pride make a n- feel the way that you would follow me
Make a n- flash a thousand like he hit the lottery
Make a baby mama make sh- harder than it gotta be
Make you have to take the b- to court to see your prodigy
Make you have to use your last resort and pull a robbery
Pride be the reason for the family dichotomy
Got uncles and some aunties that's too proud to give apologies
Slowly realizing what the root of all my problems be
It got me feeling different when somebody say they proud of me
Pride is the Devil, uh
I think it got a hold on me
Pride is the Devil, uh
And it left so many R.I.P.
Pride is the Devil
I think it got a hold on me
Pride is the Devil, uh, yeah
Terrified, paranoid
I'll put you over everything to fill the void
And when you're gone, will I have anything?
Or will I be destroyed? Uh
Terrified, paranoid
I'll put you over everything to fill the void
And when you're gone, will I have anything?
Or will I be destroyed? Yeah
Too much money to count, what's the amount?
Check never bounce
I gotta pay a n- to add it up
Then pay somebody to make sure whatever amount he say, he can back it up
Got racks on racks, I'm rackin' up, stackin' up
You're reachin', I'm actin' up
Break it down, weigh it up, now bag it up
Makin' five a month, that's regular
N- playin' with us, that's a negative
Go back to the start, that's never
I'm a boss, my closet leather
Ain't no off-days on my schedule
Long as I live, we live forever
Told my twin this sh- get better
These n- don't slipped, let me get ahead of 'em
Got my feet up, I paid silly bands to have s- on the jet
I don't need 'em, that sh- in the past
I'm feelin' like what's next
Got my speed up, foot all on the gas
This not a C8 'Vette
I can beat 'em, I believe in me
Just tell me what's the bet
All my pride gone, had to lose it all then I got rich
I own five homes, glad some of this sh- startin' to make sense
I'm stayin' hella focused and I can't forget the bigger picture
I can't even hold you, I didn't have sh-, I won't forget it
Will I be destroyed?
Come to me with everything, it's startin' to get annoyin'
I'm addicted to p-, it's crazy, yeah, I know it
All this money comin' in, it drive me crazy not to show it
I'll be crazy if I blow it
Pride is the Devil, uh
I think it got a hold on me
Pride is the Devil, uh
And it left so many R.I.P.
Pride is the Devil
I think it got a hold on me
Pride is the Devil, uh",3
J. Cole,Boom bap / Lyric,ZLX-GY0dJgc,J. Cole - p r i d e . i s . t h e . d e v i l  feat. Lil&#39; Baby (Official Audio),J. Cole,PRIDE ❤,0
J. Cole,Boom bap / Lyric,ZLX-GY0dJgc,J. Cole - p r i d e . i s . t h e . d e v i l  feat. Lil&#39; Baby (Official Audio),J. Cole,I love u,0
J. Cole,Boom bap / Lyric,ZLX-GY0dJgc,J. Cole - p r i d e . i s . t h e . d e v i l  feat. Lil&#39; Baby (Official Audio),J. Cole,Timeless,0
J. Cole,Boom bap / Lyric,ZLX-GY0dJgc,J. Cole - p r i d e . i s . t h e . d e v i l  feat. Lil&#39; Baby (Official Audio),J. Cole,"Uh
Pride is the Devil
Think it got a hold on me
Pride is the Devil
It left so many R.I.P.
Pride is the Devil
Think it got a hold on me
Pride is the Devil, yeah, uh
Terrified, paranoid
I'll put you over everything to fill the void
And when you're gone, will I have anything?
Or will I be destroyed? Uh
Terrified, paranoid
I'll put you over everything to fill the void
And when you're gone, will I have anything?
Or will I be destroyed? Yeah
Bright lights pass me in the city, it's emergency
I'm thankful 'cause I made it past my 30s, no one murdered me
Still remember vividly the n- that pulled a gun on me
I'm petrified, but movin' like I got no sense of urgency
Pride make a n- act way harder than he really be
Pride hide the shame when city cut off all utilities
Pride hide the pain of growing up inhalling poverty
Pride make a n- feel the way that you would follow me
Make a n- flash a thousand like he hit the lottery
Make a baby mama make sh- harder than it gotta be
Make you have to take the b- to court to see your prodigy
Make you have to use your last resort and pull a robbery
Pride be the reason for the family dichotomy
Got uncles and some aunties that's too proud to give apologies
Slowly realizing what the root of all my problems be
It got me feeling different when somebody say they proud of me
Pride is the Devil, uh
I think it got a hold on me
Pride is the Devil, uh
And it left so many R.I.P.
Pride is the Devil
I think it got a hold on me
Pride is the Devil, uh, yeah
Terrified, paranoid
I'll put you over everything to fill the void
And when you're gone, will I have anything?
Or will I be destroyed? Uh
Terrified, paranoid
I'll put you over everything to fill the void
And when you're gone, will I have anything?
Or will I be destroyed? Yeah
Too much money to count, what's the amount?
Check never bounce
I gotta pay a n- to add it up
Then pay somebody to make sure whatever amount he say, he can back it up
Got racks on racks, I'm rackin' up, stackin' up
You're reachin', I'm actin' up
Break it down, weigh it up, now bag it up
Makin' five a month, that's regular
N- playin' with us, that's a negative
Go back to the start, that's never
I'm a boss, my closet leather
Ain't no off-days on my schedule
Long as I live, we live forever
Told my twin this sh- get better
These n- don't slipped, let me get ahead of 'em
Got my feet up, I paid silly bands to have s- on the jet
I don't need 'em, that sh- in the past
I'm feelin' like what's next
Got my speed up, foot all on the gas
This not a C8 'Vette
I can beat 'em, I believe in me
Just tell me what's the bet
All my pride gone, had to lose it all then I got rich
I own five homes, glad some of this sh- startin' to make sense
I'm stayin' hella focused and I can't forget the bigger picture
I can't even hold you, I didn't have sh-, I won't forget it
Will I be destroyed?
Come to me with everything, it's startin' to get annoyin'
I'm addicted to p-, it's crazy, yeah, I know it
All this money comin' in, it drive me crazy not to show it
I'll be crazy if I blow it
Pride is the Devil, uh
I think it got a hold on me
Pride is the Devil, uh
And it left so many R.I.P.
Pride is the Devil
I think it got a hold on me
Pride is the Devil
uh",4
J. Cole,Boom bap / Lyric,ZLX-GY0dJgc,J. Cole - p r i d e . i s . t h e . d e v i l  feat. Lil&#39; Baby (Official Audio),J. Cole,J Cole is a great lyricsist,0
J. Cole,Boom bap / Lyric,ZLX-GY0dJgc,J. Cole - p r i d e . i s . t h e . d e v i l  feat. Lil&#39; Baby (Official Audio),J. Cole,baby is the first rapper in history to body cole on a song🐐🔥🔥,0
J. Cole,Boom bap / Lyric,ZLX-GY0dJgc,J. Cole - p r i d e . i s . t h e . d e v i l  feat. Lil&#39; Baby (Official Audio),J. Cole,Lil baby hopping on gave me goosebumps,0
J. Cole,Boom bap / Lyric,ZLX-GY0dJgc,J. Cole - p r i d e . i s . t h e . d e v i l  feat. Lil&#39; Baby (Official Audio),J. Cole,Lil Baby Straight 🔥🔥🔥🔥🔥🔥💪💪💪😜😜,0
J. Cole,Boom bap / Lyric,ZLX-GY0dJgc,J. Cole - p r i d e . i s . t h e . d e v i l  feat. Lil&#39; Baby (Official Audio),J. Cole,If you made it through just say had on the horse instead lol I just seen that I tried it and it still flows right,0
J. Cole,Boom bap / Lyric,ZLX-GY0dJgc,J. Cole - p r i d e . i s . t h e . d e v i l  feat. Lil&#39; Baby (Official Audio),J. Cole,"Uh
Pride is the Devil
Think it got a hold on me
Pride is the Devil
It left so many R.I.P.
Pride is the Devil
Think it got a hold on me
Pride is the Devil, yeah, uh
Terrified, paranoid
I'll put you over everything to fill the void
And when you're gone, will I have anything?
Or will I be destroyed? Uh
Terrified, paranoid
I'll put you over everything to fill the void
And when you're gone, will I have anything?
Or will I be destroyed? Yeah
Bright lights pass me in the city, it's emergency
I'm thankful 'cause I made it past my 30s, no one murdered me
Still remember vividly the n- that pulled a gun on me
I'm petrified, but movin' like I got no sense of urgency
Pride make a n- act way harder than he really be
Pride hide the shame when city cut off all utilities
Pride hide the pain of growing up inhalling poverty
Pride make a n- feel the way that you would follow me
Make a n- flash a thousand like he hit the lottery
Make a baby mama make sh- harder than it gotta be
Make you have to take the b- to court to see your prodigy
Make you have to use your last resort and pull a robbery
Pride be the reason for the family dichotomy
Got uncles and some aunties that's too proud to give apologies
Slowly realizing what the root of all my problems be
It got me feeling different when somebody say they proud of me
Pride is the Devil, uh
I think it got a hold on me
Pride is the Devil, uh
And it left so many R.I.P.
Pride is the Devil
I think it got a hold on me
Pride is the Devil, uh, yeah
Terrified, paranoid
I'll put you over everything to fill the void
And when you're gone, will I have anything?
Or will I be destroyed? Uh
Terrified, paranoid
I'll put you over everything to fill the void
And when you're gone, will I have anything?
Or will I be destroyed? Yeah
Too much money to count, what's the amount?
Check never bounce
I gotta pay a n- to add it up
Then pay somebody to make sure whatever amount he say, he can back it up
Got racks on racks, I'm rackin' up, stackin' up
You're reachin', I'm actin' up
Break it down, weigh it up, now bag it up
Makin' five a month, that's regular
N- playin' with us, that's a negative
Go back to the start, that's never
I'm a boss, my closet leather
Ain't no off-days on my schedule
Long as I live, we live forever
Told my twin this sh- get better
These n- don't slipped, let me get ahead of 'em
Got my feet up, I paid silly bands to have s- on the jet
I don't need 'em, that sh- in the past
I'm feelin' like what's next
Got my speed up, foot all on the gas
This not a C8 'Vette
I can beat 'em, I believe in me
Just tell me what's the bet
All my pride gone, had to lose it all then I got rich
I own five homes, glad some of this sh- startin' to make sense
I'm stayin' hella focused and I can't forget the bigger picture
I can't even hold you, I didn't have sh-, I won't forget it
Will I be destroyed?
Come to me with everything, it's startin' to get annoyin'
I'm addicted to p-, it's crazy, yeah, I know it
All this money comin' in, it drive me crazy not to show it
I'll be crazy if I blow it
Pride is the Devil, uh
I think it got a hold on me
Pride is the Devil, uh
And it left so many R.I.P.
Pride is the Devil
I think it got a hold on me
Pride is the Devil, uh",1
J. Cole,Boom bap / Lyric,ZLX-GY0dJgc,J. Cole - p r i d e . i s . t h e . d e v i l  feat. Lil&#39; Baby (Official Audio),J. Cole,Jesus is king,23
J. Cole,Boom bap / Lyric,ZLX-GY0dJgc,J. Cole - p r i d e . i s . t h e . d e v i l  feat. Lil&#39; Baby (Official Audio),J. Cole,This shii still hits ong,1
J. Cole,Boom bap / Lyric,ZLX-GY0dJgc,J. Cole - p r i d e . i s . t h e . d e v i l  feat. Lil&#39; Baby (Official Audio),J. Cole,Great song 🙏,1
J. Cole,Boom bap / Lyric,ZLX-GY0dJgc,J. Cole - p r i d e . i s . t h e . d e v i l  feat. Lil&#39; Baby (Official Audio),J. Cole,Best song on the album 🔥🔥,0
J. Cole,Boom bap / Lyric,ZLX-GY0dJgc,J. Cole - p r i d e . i s . t h e . d e v i l  feat. Lil&#39; Baby (Official Audio),J. Cole,@kronisxx,0
J. Cole,Boom bap / Lyric,ZLX-GY0dJgc,J. Cole - p r i d e . i s . t h e . d e v i l  feat. Lil&#39; Baby (Official Audio),J. Cole,Still a banger 😤🔥,3
J. Cole,Boom bap / Lyric,ZLX-GY0dJgc,J. Cole - p r i d e . i s . t h e . d e v i l  feat. Lil&#39; Baby (Official Audio),J. Cole,Two of my favourite artists,1
J. Cole,Boom bap / Lyric,ZLX-GY0dJgc,J. Cole - p r i d e . i s . t h e . d e v i l  feat. Lil&#39; Baby (Official Audio),J. Cole,This album sounds incredible on vinyl! I've just shared a detailed review of it on my channel for fellow vinyl enthusiasts. Feel free to check it out!🔥,1
J. Cole,Boom bap / Lyric,ZLX-GY0dJgc,J. Cole - p r i d e . i s . t h e . d e v i l  feat. Lil&#39; Baby (Official Audio),J. Cole,The way lil baby hopped on tho,1
J. Cole,Boom bap / Lyric,ZLX-GY0dJgc,J. Cole - p r i d e . i s . t h e . d e v i l  feat. Lil&#39; Baby (Official Audio),J. Cole,PRIDE IS THE DEVIL,1
J. Cole,Boom bap / Lyric,ZLX-GY0dJgc,J. Cole - p r i d e . i s . t h e . d e v i l  feat. Lil&#39; Baby (Official Audio),J. Cole,Rudeboa,0
J. Cole,Boom bap / Lyric,ZLX-GY0dJgc,J. Cole - p r i d e . i s . t h e . d e v i l  feat. Lil&#39; Baby (Official Audio),J. Cole,The lyrics hit hard as you get older man /:,3
J. Cole,Boom bap / Lyric,ZLX-GY0dJgc,J. Cole - p r i d e . i s . t h e . d e v i l  feat. Lil&#39; Baby (Official Audio),J. Cole,Stupid of them God will come be prepared to pee in your peints evil guys,0
J. Cole,Boom bap / Lyric,ZLX-GY0dJgc,J. Cole - p r i d e . i s . t h e . d e v i l  feat. Lil&#39; Baby (Official Audio),J. Cole,"Uh
Pride is the Devil
Think it got a hold on me
Pride is the Devil
It left so many R.I.P.
Pride is the Devil
Think it got a hold on me
Pride is the Devil, yeah, uh
Terrified, paranoid
I'll put you over everything to fill the void
And when you're gone, will I have anything?
Or will I be destroyed? Uh
Terrified, paranoid
I'll put you over everything to fill the void
And when you're gone, will I have anything?
Or will I be destroyed? Yeah
Bright lights pass me in the city, it's emergency
I'm thankful 'cause I made it past my 30s, no one murdered me
Still remember vividly the n- that pulled a gun on me
I'm petrified, but movin' like I got no sense of urgency
Pride make a n- act way harder than he really be
Pride hide the shame when city cut off all utilities
Pride hide the pain of growing up inhalling poverty
Pride make a n- feel the way that you would follow me
Make a n- flash a thousand like he hit the lottery
Make a baby mama make sh- harder than it gotta be
Make you have to take the b- to court to see your prodigy
Make you have to use your last resort and pull a robbery
Pride be the reason for the family dichotomy
Got uncles and some aunties that's too proud to give apologies
Slowly realizing what the root of all my problems be
It got me feeling different when somebody say they proud of me
Pride is the Devil, uh
I think it got a hold on me
Pride is the Devil, uh
And it left so many R.I.P.
Pride is the Devil
I think it got a hold on me
Pride is the Devil, uh, yeah
Terrified, paranoid
I'll put you over everything to fill the void
And when you're gone, will I have anything?
Or will I be destroyed? Uh
Terrified, paranoid
I'll put you over everything to fill the void
And when you're gone, will I have anything?
Or will I be destroyed? Yeah
Too much money to count, what's the amount?
Check never bounce
I gotta pay a n- to add it up
Then pay somebody to make sure whatever amount he say, he can back it up
Got racks on racks, I'm rackin' up, stackin' up
You're reachin', I'm actin' up
Break it down, weigh it up, now bag it up
Makin' five a month, that's regular
N- playin' with us, that's a negative
Go back to the start, that's never
I'm a boss, my closet leather
Ain't no off-days on my schedule
Long as I live, we live forever
Told my twin this sh- get better
These n- don't slipped, let me get ahead of 'em
Got my feet up, I paid silly bands to have s- on the jet
I don't need 'em, that sh- in the past
I'm feelin' like what's next
Got my speed up, foot all on the gas
This not a C8 'Vette
I can beat 'em, I believe in me
Just tell me what's the bet
All my pride gone, had to lose it all then I got rich
I own five homes, glad some of this sh- startin' to make sense
I'm stayin' hella focused and I can't forget the bigger picture
I can't even hold you, I didn't have sh-, I won't forget it
Will I be destroyed?
Come to me with everything, it's startin' to get annoyin'
I'm addicted to p-, it's crazy, yeah, I know it
All this money comin' in, it drive me crazy not to show it
I'll be crazy if I blow it
Pride is the Devil, uh
I think it got a hold on me
Pride is the Devil, uh
And it left so many R.I.P.
Pride is the Devil
I think it got a hold on me
Pride is the Devil, uh",0
J. Cole,Boom bap / Lyric,ZLX-GY0dJgc,J. Cole - p r i d e . i s . t h e . d e v i l  feat. Lil&#39; Baby (Official Audio),J. Cole,🔥,0
J. Cole,Boom bap / Lyric,ZLX-GY0dJgc,J. Cole - p r i d e . i s . t h e . d e v i l  feat. Lil&#39; Baby (Official Audio),J. Cole,🔥,0
J. Cole,Boom bap / Lyric,ZLX-GY0dJgc,J. Cole - p r i d e . i s . t h e . d e v i l  feat. Lil&#39; Baby (Official Audio),J. Cole,Love it!!!!😊🤘,0
J. Cole,Boom bap / Lyric,ZLX-GY0dJgc,J. Cole - p r i d e . i s . t h e . d e v i l  feat. Lil&#39; Baby (Official Audio),J. Cole,If this had a video in 2024 it would 100% surpass 100m views,0
J. Cole,Boom bap / Lyric,ZLX-GY0dJgc,J. Cole - p r i d e . i s . t h e . d e v i l  feat. Lil&#39; Baby (Official Audio),J. Cole,❤❤❤,0
J. Cole,Boom bap / Lyric,ZLX-GY0dJgc,J. Cole - p r i d e . i s . t h e . d e v i l  feat. Lil&#39; Baby (Official Audio),J. Cole,Listening in 2024,0
J. Cole,Boom bap / Lyric,ZLX-GY0dJgc,J. Cole - p r i d e . i s . t h e . d e v i l  feat. Lil&#39; Baby (Official Audio),J. Cole,"BREAKAWAY FROM YOURSELVES
AND HELP SOMEONE",0
J. Cole,Boom bap / Lyric,ZLX-GY0dJgc,J. Cole - p r i d e . i s . t h e . d e v i l  feat. Lil&#39; Baby (Official Audio),J. Cole,"J.Cole is one of the greats.
... and when Lil Baby like it, he can actually keep up with J.Cole with his rapping.
Lil Baby needs to tap into this more often.",5
J. Cole,Boom bap / Lyric,ZLX-GY0dJgc,J. Cole - p r i d e . i s . t h e . d e v i l  feat. Lil&#39; Baby (Official Audio),J. Cole,It’s already been 2 years godamn 😭,1
J. Cole,Boom bap / Lyric,ZLX-GY0dJgc,J. Cole - p r i d e . i s . t h e . d e v i l  feat. Lil&#39; Baby (Official Audio),J. Cole,Give it up for baby. The boy stepped up to the plate when his name was called. I can respect his bars on this track and im not even a ababy fan but it was good enough.,5
J. Cole,Boom bap / Lyric,ZLX-GY0dJgc,J. Cole - p r i d e . i s . t h e . d e v i l  feat. Lil&#39; Baby (Official Audio),J. Cole,Pride is the devil. The ego will kill you!!,6
J. Cole,Boom bap / Lyric,ZLX-GY0dJgc,J. Cole - p r i d e . i s . t h e . d e v i l  feat. Lil&#39; Baby (Official Audio),J. Cole,2024 and pride is for sure the devil,1
J. Cole,Boom bap / Lyric,ZLX-GY0dJgc,J. Cole - p r i d e . i s . t h e . d e v i l  feat. Lil&#39; Baby (Official Audio),J. Cole,So......ONE of them understood the assignment. This song had an amazing overlying theme.....until Da Baby (which is a gay fucking name for a grown man) chimed in. Entire song lost it's tone.,0
J. Cole,Boom bap / Lyric,ZLX-GY0dJgc,J. Cole - p r i d e . i s . t h e . d e v i l  feat. Lil&#39; Baby (Official Audio),J. Cole,Made it and I gotta mean something,0
J. Cole,Boom bap / Lyric,ZLX-GY0dJgc,J. Cole - p r i d e . i s . t h e . d e v i l  feat. Lil&#39; Baby (Official Audio),J. Cole,2 years and that transition to baby's verse still hits harder than my dad,1
J. Cole,Boom bap / Lyric,ZLX-GY0dJgc,J. Cole - p r i d e . i s . t h e . d e v i l  feat. Lil&#39; Baby (Official Audio),J. Cole,This song is so real.cole is one of the greats for sure.❤ lol baby tho too…..but it’s different styles and depth,0
J. Cole,Boom bap / Lyric,ZLX-GY0dJgc,J. Cole - p r i d e . i s . t h e . d e v i l  feat. Lil&#39; Baby (Official Audio),J. Cole,They hate me for having abundant humility,0
J. Cole,Boom bap / Lyric,ZLX-GY0dJgc,J. Cole - p r i d e . i s . t h e . d e v i l  feat. Lil&#39; Baby (Official Audio),J. Cole,"""I can beat em' I believe in me, just tell me what's the bet?"" BARS",0
J. Cole,Boom bap / Lyric,ZLX-GY0dJgc,J. Cole - p r i d e . i s . t h e . d e v i l  feat. Lil&#39; Baby (Official Audio),J. Cole,Meyouill loves your music!!!,0
J. Cole,Boom bap / Lyric,ZLX-GY0dJgc,J. Cole - p r i d e . i s . t h e . d e v i l  feat. Lil&#39; Baby (Official Audio),J. Cole,"He has in my eyes become the greatest rapper, ever. Hands down. Yes better than eminem, jadakiss, dmx, all of them.",0
J. Cole,Boom bap / Lyric,ZLX-GY0dJgc,J. Cole - p r i d e . i s . t h e . d e v i l  feat. Lil&#39; Baby (Official Audio),J. Cole,Lil baby intro was fire,0
J. Cole,Boom bap / Lyric,ZLX-GY0dJgc,J. Cole - p r i d e . i s . t h e . d e v i l  feat. Lil&#39; Baby (Official Audio),J. Cole,Favorite song by J Cole hands down,0
J. Cole,Boom bap / Lyric,ZLX-GY0dJgc,J. Cole - p r i d e . i s . t h e . d e v i l  feat. Lil&#39; Baby (Official Audio),J. Cole,Theres a reason they call it a PRIDE flag,0
J. Cole,Boom bap / Lyric,ZLX-GY0dJgc,J. Cole - p r i d e . i s . t h e . d e v i l  feat. Lil&#39; Baby (Official Audio),J. Cole,J Cole & Lil Baby absolutely destroyed this whole song🔥🔥🔥,0
J. Cole,Boom bap / Lyric,ZLX-GY0dJgc,J. Cole - p r i d e . i s . t h e . d e v i l  feat. Lil&#39; Baby (Official Audio),J. Cole,J Cole is all elite wrestling Adam coles new theme song,1
J. Cole,Boom bap / Lyric,ZLX-GY0dJgc,J. Cole - p r i d e . i s . t h e . d e v i l  feat. Lil&#39; Baby (Official Audio),J. Cole,Still hits after 2 years🔥,2
J. Cole,Boom bap / Lyric,ZLX-GY0dJgc,J. Cole - p r i d e . i s . t h e . d e v i l  feat. Lil&#39; Baby (Official Audio),J. Cole,"The reveal of the Devil that is Adam Cole and his henchmen, Wardlow, Matt Taven, Mike Bennett and Roderick Strong at AEW Worlds End brought me here. Anyone else? 😈👿👹👺",7
J. Cole,Boom bap / Lyric,ZLX-GY0dJgc,J. Cole - p r i d e . i s . t h e . d e v i l  feat. Lil&#39; Baby (Official Audio),J. Cole,ADAM COLE BAY BAY,10
J. Cole,Boom bap / Lyric,ZLX-GY0dJgc,J. Cole - p r i d e . i s . t h e . d e v i l  feat. Lil&#39; Baby (Official Audio),J. Cole,ADAM COLE,8
J. Cole,Boom bap / Lyric,ZLX-GY0dJgc,J. Cole - p r i d e . i s . t h e . d e v i l  feat. Lil&#39; Baby (Official Audio),J. Cole,Adam Cole Bay Bay,10
J. Cole,Boom bap / Lyric,ZLX-GY0dJgc,J. Cole - p r i d e . i s . t h e . d e v i l  feat. Lil&#39; Baby (Official Audio),J. Cole,💛👑🕊️,0
J. Cole,Boom bap / Lyric,ZLX-GY0dJgc,J. Cole - p r i d e . i s . t h e . d e v i l  feat. Lil&#39; Baby (Official Audio),J. Cole,Ministry!!!!!!,0
J. Cole,Boom bap / Lyric,ZLX-GY0dJgc,J. Cole - p r i d e . i s . t h e . d e v i l  feat. Lil&#39; Baby (Official Audio),J. Cole,🌹🌹🌹🌹🌹🌹🌹🌹🌹🌹🌹🌹,1
J. Cole,Boom bap / Lyric,ZLX-GY0dJgc,J. Cole - p r i d e . i s . t h e . d e v i l  feat. Lil&#39; Baby (Official Audio),J. Cole,😮‍💨🔥 thats all I gotta say,0
J. Cole,Boom bap / Lyric,ZLX-GY0dJgc,J. Cole - p r i d e . i s . t h e . d e v i l  feat. Lil&#39; Baby (Official Audio),J. Cole,common cole w,2
J. Cole,Boom bap / Lyric,ZLX-GY0dJgc,J. Cole - p r i d e . i s . t h e . d e v i l  feat. Lil&#39; Baby (Official Audio),J. Cole,Right,0
J. Cole,Boom bap / Lyric,ZLX-GY0dJgc,J. Cole - p r i d e . i s . t h e . d e v i l  feat. Lil&#39; Baby (Official Audio),J. Cole,It is amazing ft by lilbaby❤❤❤,0
J. Cole,Boom bap / Lyric,ZLX-GY0dJgc,J. Cole - p r i d e . i s . t h e . d e v i l  feat. Lil&#39; Baby (Official Audio),J. Cole,Beats is fire 😊 song is also fire 🤯,0
J. Cole,Boom bap / Lyric,ZLX-GY0dJgc,J. Cole - p r i d e . i s . t h e . d e v i l  feat. Lil&#39; Baby (Official Audio),J. Cole,Lil baby transition is fire,1
J. Cole,Boom bap / Lyric,ZLX-GY0dJgc,J. Cole - p r i d e . i s . t h e . d e v i l  feat. Lil&#39; Baby (Official Audio),J. Cole,"I really hope people understand what he says.. cuz we really are dying from pride. Drugs, killing, all the shit....",0
J. Cole,Boom bap / Lyric,ZLX-GY0dJgc,J. Cole - p r i d e . i s . t h e . d e v i l  feat. Lil&#39; Baby (Official Audio),J. Cole,Cant wait for the Fall off,0
J. Cole,Boom bap / Lyric,ZLX-GY0dJgc,J. Cole - p r i d e . i s . t h e . d e v i l  feat. Lil&#39; Baby (Official Audio),J. Cole,"Pride is the Devil
Think it got a hold on me
Pride is the Devil
It left so many R.I.P.
Pride is the Devil
Think it got a hold on me
Pride is the Devil, yeah, uh
Terrified, paranoid
I'll put you over everything to fill the void
And when you're gone, will I have anything?
Or will I be destroyed? Uh
Terrified, paranoid
I'll put you over everything to fill the void
And when you're gone, will I have anything?
Or will I be destroyed? Yeah
Bright lights pass me in the city, it's emergency
I'm thankful 'cause I made it past my 30s, no one murdered me
Still remember vividly the n- that pulled a gun on me
I'm petrified, but movin' like I got no sense of urgency
Pride make a n- act way harder than he really be
Pride hide the shame when city cut off all utilities
Pride hide the pain of growing up inhalling poverty
Pride make a n- feel the way that you would follow me
Make a n- flash a thousand like he hit the lottery
Make a baby mama make sh- harder than it gotta be
Make you have to take the b- to court to see your prodigy
Make you have to use your last resort and pull a robbery
Pride be the reason for the family dichotomy
Got uncles and some aunties that's too proud to give apologies
Slowly realizing what the root of all my problems be
It got me feeling different when somebody say they proud of me
Pride is the Devil, uh
I think it got a hold on me
Pride is the Devil, uh
And it left so many R.I.P.
Pride is the Devil
I think it got a hold on me
Pride is the Devil, uh, yeah
Terrified, paranoid
I'll put you over everything to fill the void
And when you're gone, will I have anything?
Or will I be destroyed? Uh
Terrified, paranoid
I'll put you over everything to fill the void
And when you're gone, will I have anything?
Or will I be destroyed? Yeah
Too much money to count, what's the amount?
Check never bounce
I gotta pay a n- to add it up
Then pay somebody to make sure whatever amount he say, he can back it up
Got racks on racks, I'm rackin' up, stackin' up
You're reachin', I'm actin' up
Break it down, weigh it up, now bag it up
Makin' five a month, that's regular
N- playin' with us, that's a negative
Go back to the start, that's never
I'm a boss, my closet leather
Ain't no off-days on my schedule
Long as I live, we live forever
Told my twin this sh- get better
These n- don't slipped, let me get ahead of 'em
Got my feet up, I paid silly bands to have s- on the jet
I don't need 'em, that sh- in the past
I'm feelin' like what's next
Got my speed up, foot all on the gas
This not a C8 'Vette
I can beat 'em, I believe in me
Just tell me what's the bet
All my pride gone, had to lose it all then I got rich
I own five homes, glad some of this sh- startin' to make sense
I'm stayin' hella focused and I can't forget the bigger picture
I can't even hold you, I didn't have sh-, I won't forget it
Will I be destroyed?
Come to me with everything, it's startin' to get annoyin'
I'm addicted to p-, it's crazy, yeah, I know it
All this money comin' in, it drive me crazy not to show it
I'll be crazy if I blow it
Pride is the Devil, uh
I think it got a hold on me
Pride is the Devil, uh
And it left so many R.I.P.
Pride is the Devil
I think it got a hold on me
Pride is the Devil, uh",1
J. Cole,Boom bap / Lyric,ZLX-GY0dJgc,J. Cole - p r i d e . i s . t h e . d e v i l  feat. Lil&#39; Baby (Official Audio),J. Cole,"Lil Baby on a feature is the equivalent of KD on 2017 Warriors, dude's just in a godly different realm",0
J. Cole,Boom bap / Lyric,ZLX-GY0dJgc,J. Cole - p r i d e . i s . t h e . d e v i l  feat. Lil&#39; Baby (Official Audio),J. Cole,"I love this sound…. This most definitely the truth,this beat goes hard….🔥🔥 I heard my homeboy playing this and asked who this was,when he said J-Cole I looked it up and saved it….Lil Baby most definitely did his thing as always!❤️🔥🔥🙏",1
J. Cole,Boom bap / Lyric,ZLX-GY0dJgc,J. Cole - p r i d e . i s . t h e . d e v i l  feat. Lil&#39; Baby (Official Audio),J. Cole,🙏,0
J. Cole,Boom bap / Lyric,ZLX-GY0dJgc,J. Cole - p r i d e . i s . t h e . d e v i l  feat. Lil&#39; Baby (Official Audio),J. Cole,Einstein proud of me,0
J. Cole,Boom bap / Lyric,ZLX-GY0dJgc,J. Cole - p r i d e . i s . t h e . d e v i l  feat. Lil&#39; Baby (Official Audio),J. Cole,"just blown away thinking of the context of so many rappers saying ""I'm so rich"" and then he's here like ""I'm too proud""",0
J. Cole,Boom bap / Lyric,ZLX-GY0dJgc,J. Cole - p r i d e . i s . t h e . d e v i l  feat. Lil&#39; Baby (Official Audio),J. Cole,Bro the hook is 40% of the song goddamn,2
J. Cole,Boom bap / Lyric,ZLX-GY0dJgc,J. Cole - p r i d e . i s . t h e . d e v i l  feat. Lil&#39; Baby (Official Audio),J. Cole,TOP 5 COLE SONG OAT !!!,0
J. Cole,Boom bap / Lyric,ZLX-GY0dJgc,J. Cole - p r i d e . i s . t h e . d e v i l  feat. Lil&#39; Baby (Official Audio),J. Cole,Gather here for a music video 🎉,0
J. Cole,Boom bap / Lyric,ZLX-GY0dJgc,J. Cole - p r i d e . i s . t h e . d e v i l  feat. Lil&#39; Baby (Official Audio),J. Cole,Transition 🔥🔥🩸🩸🚀🚀🚀,0
J. Cole,Boom bap / Lyric,ZLX-GY0dJgc,J. Cole - p r i d e . i s . t h e . d e v i l  feat. Lil&#39; Baby (Official Audio),J. Cole,first things first rest in peace uncle phil,0
J. Cole,Boom bap / Lyric,ZLX-GY0dJgc,J. Cole - p r i d e . i s . t h e . d e v i l  feat. Lil&#39; Baby (Official Audio),J. Cole,No radio time. Too positive,0
J. Cole,Boom bap / Lyric,ZLX-GY0dJgc,J. Cole - p r i d e . i s . t h e . d e v i l  feat. Lil&#39; Baby (Official Audio),J. Cole,Why did my older brother play this song on repeat everyday when I was living with him? 🤔,1
J. Cole,Boom bap / Lyric,ZLX-GY0dJgc,J. Cole - p r i d e . i s . t h e . d e v i l  feat. Lil&#39; Baby (Official Audio),J. Cole,Does bishop have pride issues? 🤔,0
J. Cole,Boom bap / Lyric,ZLX-GY0dJgc,J. Cole - p r i d e . i s . t h e . d e v i l  feat. Lil&#39; Baby (Official Audio),J. Cole,Breaking bad is a perfect example of this,0
J. Cole,Boom bap / Lyric,ZLX-GY0dJgc,J. Cole - p r i d e . i s . t h e . d e v i l  feat. Lil&#39; Baby (Official Audio),J. Cole,"This song slaps, this is my song. I really love it so much. 🚫🧢🔥⚡️🐐💪🏽👍🏽👊🏽🤘🏽🤟🏽👌🏽💙🧡😎😄😁🥰😎 💯And I was not expecting Lil Baby to started rapping out of nowhere in this transition of this song. This is why J. Cole is one of my most favorites and as Lil Baby! 
Best Hip-Hop Song of 2021 ever! Yessir! 
*-Jordan 2021*",1
J. Cole,Boom bap / Lyric,ZLX-GY0dJgc,J. Cole - p r i d e . i s . t h e . d e v i l  feat. Lil&#39; Baby (Official Audio),J. Cole,J cole trying to rap Lil Baby’s verse brought me here 😂,0
J. Cole,Boom bap / Lyric,ZLX-GY0dJgc,J. Cole - p r i d e . i s . t h e . d e v i l  feat. Lil&#39; Baby (Official Audio),J. Cole,🤐,0
J. Cole,Boom bap / Lyric,ZLX-GY0dJgc,J. Cole - p r i d e . i s . t h e . d e v i l  feat. Lil&#39; Baby (Official Audio),J. Cole,Dats a hell of concept,0
J. Cole,Boom bap / Lyric,ZLX-GY0dJgc,J. Cole - p r i d e . i s . t h e . d e v i l  feat. Lil&#39; Baby (Official Audio),J. Cole,You don’t think I could shutdown the nba,0
J. Cole,Boom bap / Lyric,ZLX-GY0dJgc,J. Cole - p r i d e . i s . t h e . d e v i l  feat. Lil&#39; Baby (Official Audio),J. Cole,"All this song to understand if my pride is a blessing or curse , still belive its a blessing",0
J. Cole,Boom bap / Lyric,ZLX-GY0dJgc,J. Cole - p r i d e . i s . t h e . d e v i l  feat. Lil&#39; Baby (Official Audio),J. Cole,Nice,0
J. Cole,Boom bap / Lyric,ZLX-GY0dJgc,J. Cole - p r i d e . i s . t h e . d e v i l  feat. Lil&#39; Baby (Official Audio),J. Cole,"Na , he destroyed em all",0
J. Cole,Boom bap / Lyric,ZLX-GY0dJgc,J. Cole - p r i d e . i s . t h e . d e v i l  feat. Lil&#39; Baby (Official Audio),J. Cole,lil baby should’ve never been on this,0
J. Cole,Boom bap / Lyric,ZLX-GY0dJgc,J. Cole - p r i d e . i s . t h e . d e v i l  feat. Lil&#39; Baby (Official Audio),J. Cole,This album help me so much damn i can't believe it was two years ago i feel like it was  days ago 😅i'm better now let's see what happend two years from now,0
J. Cole,Boom bap / Lyric,ZLX-GY0dJgc,J. Cole - p r i d e . i s . t h e . d e v i l  feat. Lil&#39; Baby (Official Audio),J. Cole,🎉,0
J. Cole,Boom bap / Lyric,ZLX-GY0dJgc,J. Cole - p r i d e . i s . t h e . d e v i l  feat. Lil&#39; Baby (Official Audio),J. Cole,Lil baby knew the assignment,0
J. Cole,Boom bap / Lyric,ZLX-GY0dJgc,J. Cole - p r i d e . i s . t h e . d e v i l  feat. Lil&#39; Baby (Official Audio),J. Cole,🔥🔥🔥🔥🔥,0
J. Cole,Boom bap / Lyric,ZLX-GY0dJgc,J. Cole - p r i d e . i s . t h e . d e v i l  feat. Lil&#39; Baby (Official Audio),J. Cole,Who else follow from tktk😂😂😂,1
J. Cole,Boom bap / Lyric,ZLX-GY0dJgc,J. Cole - p r i d e . i s . t h e . d e v i l  feat. Lil&#39; Baby (Official Audio),J. Cole,The irony of lil baby on pride is the devil,0
J. Cole,Boom bap / Lyric,ZLX-GY0dJgc,J. Cole - p r i d e . i s . t h e . d e v i l  feat. Lil&#39; Baby (Official Audio),J. Cole,"""I dun fucked this niggas shit up""😂",0
J. Cole,Boom bap / Lyric,ZLX-GY0dJgc,J. Cole - p r i d e . i s . t h e . d e v i l  feat. Lil&#39; Baby (Official Audio),J. Cole,Nice love this #williamsEMPIRE,1
J. Cole,Boom bap / Lyric,ZLX-GY0dJgc,J. Cole - p r i d e . i s . t h e . d e v i l  feat. Lil&#39; Baby (Official Audio),J. Cole,Hi j.cloe,1
J. Cole,Boom bap / Lyric,ZLX-GY0dJgc,J. Cole - p r i d e . i s . t h e . d e v i l  feat. Lil&#39; Baby (Official Audio),J. Cole,This my favorite song i think on the off season,1
J. Cole,Boom bap / Lyric,ZLX-GY0dJgc,J. Cole - p r i d e . i s . t h e . d e v i l  feat. Lil&#39; Baby (Official Audio),J. Cole,"off season > mr morale
and im big Kendrick fan",1
J. Cole,Boom bap / Lyric,ZLX-GY0dJgc,J. Cole - p r i d e . i s . t h e . d e v i l  feat. Lil&#39; Baby (Official Audio),J. Cole,🎧🎧,0
J. Cole,Boom bap / Lyric,ZLX-GY0dJgc,J. Cole - p r i d e . i s . t h e . d e v i l  feat. Lil&#39; Baby (Official Audio),J. Cole,"""ft lil baby"" yeah its gonna slap.",0
J. Cole,Boom bap / Lyric,ZLX-GY0dJgc,J. Cole - p r i d e . i s . t h e . d e v i l  feat. Lil&#39; Baby (Official Audio),J. Cole,That switch from J cole to Lil baby is so in sync,1
J. Cole,Boom bap / Lyric,ZLX-GY0dJgc,J. Cole - p r i d e . i s . t h e . d e v i l  feat. Lil&#39; Baby (Official Audio),J. Cole,Lil Baby 2023❤️🔥🔥,0
J. Cole,Boom bap / Lyric,ZLX-GY0dJgc,J. Cole - p r i d e . i s . t h e . d e v i l  feat. Lil&#39; Baby (Official Audio),J. Cole,Them ❤❤,0
J. Cole,Boom bap / Lyric,ZLX-GY0dJgc,J. Cole - p r i d e . i s . t h e . d e v i l  feat. Lil&#39; Baby (Official Audio),J. Cole,dope sheeet,0
J. Cole,Boom bap / Lyric,ZLX-GY0dJgc,J. Cole - p r i d e . i s . t h e . d e v i l  feat. Lil&#39; Baby (Official Audio),J. Cole,Pride is LGBTQ,0
J. Cole,Boom bap / Lyric,ZLX-GY0dJgc,J. Cole - p r i d e . i s . t h e . d e v i l  feat. Lil&#39; Baby (Official Audio),J. Cole,Real niggas still winning ok beat 69 views,1
J. Cole,Boom bap / Lyric,ZLX-GY0dJgc,J. Cole - p r i d e . i s . t h e . d e v i l  feat. Lil&#39; Baby (Official Audio),J. Cole,why is there an apostrophe on lil baby name?,0
J. Cole,Boom bap / Lyric,ZLX-GY0dJgc,J. Cole - p r i d e . i s . t h e . d e v i l  feat. Lil&#39; Baby (Official Audio),J. Cole,lil baby carried,0
J. Cole,Boom bap / Lyric,ZLX-GY0dJgc,J. Cole - p r i d e . i s . t h e . d e v i l  feat. Lil&#39; Baby (Official Audio),J. Cole,Dayummmmmmm 4PF 🎉 tdw lil bby,0
J. Cole,Boom bap / Lyric,ZLX-GY0dJgc,J. Cole - p r i d e . i s . t h e . d e v i l  feat. Lil&#39; Baby (Official Audio),J. Cole,Who's here because of Madden 22??,0
J. Cole,Boom bap / Lyric,ZLX-GY0dJgc,J. Cole - p r i d e . i s . t h e . d e v i l  feat. Lil&#39; Baby (Official Audio),J. Cole,Pride is God not the devil,1
J. Cole,Boom bap / Lyric,ZLX-GY0dJgc,J. Cole - p r i d e . i s . t h e . d e v i l  feat. Lil&#39; Baby (Official Audio),J. Cole,Everything is the devil with you momma!,0
J. Cole,Boom bap / Lyric,ZLX-GY0dJgc,J. Cole - p r i d e . i s . t h e . d e v i l  feat. Lil&#39; Baby (Official Audio),J. Cole,"Yeah, the sin of pride holds everyone, do ya best bro 💪, when they go low we try our best to go high 🙏.",2
J. Cole,Boom bap / Lyric,ZLX-GY0dJgc,J. Cole - p r i d e . i s . t h e . d e v i l  feat. Lil&#39; Baby (Official Audio),J. Cole,😊😊😊😊😊😊😊😊😊😊😊😊😊😊😊😊😊😊😊😊😊😊😊😊,0
J. Cole,Boom bap / Lyric,ZLX-GY0dJgc,J. Cole - p r i d e . i s . t h e . d e v i l  feat. Lil&#39; Baby (Official Audio),J. Cole,Still slap 2024,0
J. Cole,Boom bap / Lyric,ZLX-GY0dJgc,J. Cole - p r i d e . i s . t h e . d e v i l  feat. Lil&#39; Baby (Official Audio),J. Cole,Yooo this song is sick but I can't find the name if you know it please respond,0
J. Cole,Boom bap / Lyric,ZLX-GY0dJgc,J. Cole - p r i d e . i s . t h e . d e v i l  feat. Lil&#39; Baby (Official Audio),J. Cole,Do he have a religion,0
J. Cole,Boom bap / Lyric,ZLX-GY0dJgc,J. Cole - p r i d e . i s . t h e . d e v i l  feat. Lil&#39; Baby (Official Audio),J. Cole,"“Pride is not the opposite of shame, but it’s source. True humility is the only antidote to shame.”",209
J. Cole,Boom bap / Lyric,ZLX-GY0dJgc,J. Cole - p r i d e . i s . t h e . d e v i l  feat. Lil&#39; Baby (Official Audio),J. Cole,Gotdamn can't even swallow to this shit,0
J. Cole,Boom bap / Lyric,ZLX-GY0dJgc,J. Cole - p r i d e . i s . t h e . d e v i l  feat. Lil&#39; Baby (Official Audio),J. Cole,I can't believe it's been 2 years since this album drop,3
J. Cole,Boom bap / Lyric,ZLX-GY0dJgc,J. Cole - p r i d e . i s . t h e . d e v i l  feat. Lil&#39; Baby (Official Audio),J. Cole,Broke it. Love,0
J. Cole,Boom bap / Lyric,ZLX-GY0dJgc,J. Cole - p r i d e . i s . t h e . d e v i l  feat. Lil&#39; Baby (Official Audio),J. Cole,.,0
J. Cole,Boom bap / Lyric,ZLX-GY0dJgc,J. Cole - p r i d e . i s . t h e . d e v i l  feat. Lil&#39; Baby (Official Audio),J. Cole,King Charles I = Leviathan = The Devil,0
J. Cole,Boom bap / Lyric,ZLX-GY0dJgc,J. Cole - p r i d e . i s . t h e . d e v i l  feat. Lil&#39; Baby (Official Audio),J. Cole,Just add Kendrick Lamar and It will just flow out better  with flow with him on 1:24,2
J. Cole,Boom bap / Lyric,ZLX-GY0dJgc,J. Cole - p r i d e . i s . t h e . d e v i l  feat. Lil&#39; Baby (Official Audio),J. Cole,😭😭😭,0
J. Cole,Boom bap / Lyric,ZLX-GY0dJgc,J. Cole - p r i d e . i s . t h e . d e v i l  feat. Lil&#39; Baby (Official Audio),J. Cole,Gay pride indeed is the devil,0
J. Cole,Boom bap / Lyric,ZLX-GY0dJgc,J. Cole - p r i d e . i s . t h e . d e v i l  feat. Lil&#39; Baby (Official Audio),J. Cole,have my children goat cole,0
J. Cole,Boom bap / Lyric,ZLX-GY0dJgc,J. Cole - p r i d e . i s . t h e . d e v i l  feat. Lil&#39; Baby (Official Audio),J. Cole,[PRIDE] Make ya babymama make shit harder than it gatta be. Make you have to go to court to go and see your protégé.,1
J. Cole,Boom bap / Lyric,ZLX-GY0dJgc,J. Cole - p r i d e . i s . t h e . d e v i l  feat. Lil&#39; Baby (Official Audio),J. Cole,.,0
J. Cole,Boom bap / Lyric,ZLX-GY0dJgc,J. Cole - p r i d e . i s . t h e . d e v i l  feat. Lil&#39; Baby (Official Audio),J. Cole,I miss 2021. The nostalgia already hits 2 years later.,1
J. Cole,Boom bap / Lyric,ZLX-GY0dJgc,J. Cole - p r i d e . i s . t h e . d e v i l  feat. Lil&#39; Baby (Official Audio),J. Cole,"""Pride be the reason for the family dichotomy.
Got uncles and some aunties that's too proud to give apologies""

This shit hits so hard when you have a dysfunctional and separated family because they let the sin of their own pride constantly get the best of them (mainly; my father fault that my family is currently in shambles. His Jamaican pride is just... unruly).

Sometimes I believe that J. Cole is really writing the modern-day Bible within his lyrics. It's insanely thought-provoking and full of life lessons🙏🏿",21
J. Cole,Boom bap / Lyric,ZLX-GY0dJgc,J. Cole - p r i d e . i s . t h e . d e v i l  feat. Lil&#39; Baby (Official Audio),J. Cole,The song is good but l wish he wouldn't sing about the devil,0
J. Cole,Boom bap / Lyric,ZLX-GY0dJgc,J. Cole - p r i d e . i s . t h e . d e v i l  feat. Lil&#39; Baby (Official Audio),J. Cole,Bruce Banner def Bumps this,0
J. Cole,Boom bap / Lyric,ZLX-GY0dJgc,J. Cole - p r i d e . i s . t h e . d e v i l  feat. Lil&#39; Baby (Official Audio),J. Cole,hello it is me from the future but this song hits really good.keep up the good work cole,0
J. Cole,Boom bap / Lyric,ZLX-GY0dJgc,J. Cole - p r i d e . i s . t h e . d e v i l  feat. Lil&#39; Baby (Official Audio),J. Cole,Bro dropped the nastiest transition and thought we wouldn't notice,13
J. Cole,Boom bap / Lyric,ZLX-GY0dJgc,J. Cole - p r i d e . i s . t h e . d e v i l  feat. Lil&#39; Baby (Official Audio),J. Cole,"Knife talk, stick talk, however these gay men accept rejection is the time I'm on, got no shame or qualms about it.",0
J. Cole,Boom bap / Lyric,ZLX-GY0dJgc,J. Cole - p r i d e . i s . t h e . d e v i l  feat. Lil&#39; Baby (Official Audio),J. Cole,The lil nigga and big brow at once❤,0
J. Cole,Boom bap / Lyric,ZLX-GY0dJgc,J. Cole - p r i d e . i s . t h e . d e v i l  feat. Lil&#39; Baby (Official Audio),J. Cole,"Just now putting it together #Amine #JCole

Amine used this insane beat first and killed it. J. Cole is just overkill 🔥🔥🔥",1
J. Cole,Boom bap / Lyric,ZLX-GY0dJgc,J. Cole - p r i d e . i s . t h e . d e v i l  feat. Lil&#39; Baby (Official Audio),J. Cole,Damn This takes me back to 2021😪🤣🥺🤞🔥,1
J. Cole,Boom bap / Lyric,ZLX-GY0dJgc,J. Cole - p r i d e . i s . t h e . d e v i l  feat. Lil&#39; Baby (Official Audio),J. Cole,"(Aug 4, 2023)",1
J. Cole,Boom bap / Lyric,ZLX-GY0dJgc,J. Cole - p r i d e . i s . t h e . d e v i l  feat. Lil&#39; Baby (Official Audio),J. Cole,thank you J. Cole you know how to speak to me even when im in the middle. Gotta stay humble,0
J. Cole,Boom bap / Lyric,ZLX-GY0dJgc,J. Cole - p r i d e . i s . t h e . d e v i l  feat. Lil&#39; Baby (Official Audio),J. Cole,Weakshit,0
J. Cole,Boom bap / Lyric,ZLX-GY0dJgc,J. Cole - p r i d e . i s . t h e . d e v i l  feat. Lil&#39; Baby (Official Audio),J. Cole,"Kyrie , Donavan Mitchell , KD, Giannis, If they are rookies Wemby but right now it’s Bol Bol",1
J. Cole,Boom bap / Lyric,ZLX-GY0dJgc,J. Cole - p r i d e . i s . t h e . d e v i l  feat. Lil&#39; Baby (Official Audio),J. Cole,That transition between them is ancestral ngl,0
J. Cole,Boom bap / Lyric,ZLX-GY0dJgc,J. Cole - p r i d e . i s . t h e . d e v i l  feat. Lil&#39; Baby (Official Audio),J. Cole,I don't know if it only me but i can hear the background sound on 2: 52 minutes there,0
J. Cole,Boom bap / Lyric,ZLX-GY0dJgc,J. Cole - p r i d e . i s . t h e . d e v i l  feat. Lil&#39; Baby (Official Audio),J. Cole,"Uh
Pride is the Devil
Think it got a hold on me
Pride is the Devil
It left so many R.I.P.
Pride is the Devil
Think it got a hold on me
Pride is the Devil, yeah, uh
Terrified, paranoid
I'll put you over everything to fill the void
And when you're gone, will I have anything?
Or will I be destroyed? Uh
Terrified, paranoid
I'll put you over everything to fill the void
And when you're gone, will I have anything?
Or will I be destroyed? Yeah
Bright lights pass me in the city, it's emergency
I'm thankful 'cause I made it past my 30s, no one murdered me
Still remember vividly the n- that pulled a gun on me
I'm petrified, but movin' like I got no sense of urgency
Pride make a n- act way harder than he really be
Pride hide the shame when city cut off all utilities
Pride hide the pain of growing up inhalling poverty
Pride make a n- feel the way that you would follow me
Make a n- flash a thousand like he hit the lottery
Make a baby mama make sh- harder than it gotta be
Make you have to take the b- to court to see your prodigy
Make you have to use your last resort and pull a robbery
Pride be the reason for the family dichotomy
Got uncles and some aunties that's too proud to give apologies
Slowly realizing what the root of all my problems be
It got me feeling different when somebody say they proud of me
Pride is the Devil, uh
I think it got a hold on me
Pride is the Devil, uh
And it left so many R.I.P.
Pride is the Devil
I think it got a hold on me
Pride is the Devil, uh, yeah
Terrified, paranoid
I'll put you over everything to fill the void
And when you're gone, will I have anything?
Or will I be destroyed? Uh
Terrified, paranoid
I'll put you over everything to fill the void
And when you're gone, will I have anything?
Or will I be destroyed? Yeah
Too much money to count, what's the amount?
Check never bounce
I gotta pay a n- to add it up
Then pay somebody to make sure whatever amount he say, he can back it up
Got racks on racks, I'm rackin' up, stackin' up
You're reachin', I'm actin' up
Break it down, weigh it up, now bag it up
Makin' five a month, that's regular
N- playin' with us, that's a negative
Go back to the start, that's never
I'm a boss, my closet leather
Ain't no off-days on my schedule
Long as I live, we live forever
Told my twin this sh- get better
These n- don't slipped, let me get ahead of 'em
Got my feet up, I paid silly bands to have s- on the jet
I don't need 'em, that sh- in the past
I'm feelin' like what's next
Got my speed up, foot all on the gas
This not a C8 'Vette
I can beat 'em, I believe in me
Just tell me what's the bet
All my pride gone, had to lose it all then I got rich
I own five homes, glad some of this sh- startin' to make sense
I'm stayin' hella focused and I can't forget the bigger picture
I can't even hold you, I didn't have sh-, I won't forget it
Will I be destroyed?
Come to me with everything, it's startin' to get annoyin'
I'm addicted to p-, it's crazy, yeah, I know it
All this money comin' in, it drive me crazy not to show it
I'll be crazy if I blow it
Pride is the Devil, uh
I think it got a hold on me
Pride is the Devil, uh
And it left so many R.I.P.
Pride is the Devil
I think it got a hold on me
Pride is the Devil, uh",0
J. Cole,Boom bap / Lyric,ZLX-GY0dJgc,J. Cole - p r i d e . i s . t h e . d e v i l  feat. Lil&#39; Baby (Official Audio),J. Cole,❤ your  intelligence  is unmatched and   I can relate  keep  Going strong your tribe will come,0
J. Cole,Boom bap / Lyric,ZLX-GY0dJgc,J. Cole - p r i d e . i s . t h e . d e v i l  feat. Lil&#39; Baby (Official Audio),J. Cole,Cole World🖐❤️,0
J. Cole,Boom bap / Lyric,ZLX-GY0dJgc,J. Cole - p r i d e . i s . t h e . d e v i l  feat. Lil&#39; Baby (Official Audio),J. Cole,J cole was right about this,0
J. Cole,Boom bap / Lyric,ZLX-GY0dJgc,J. Cole - p r i d e . i s . t h e . d e v i l  feat. Lil&#39; Baby (Official Audio),J. Cole,Got uncles & (some) aunties that's too proud to give apology,1
J. Cole,Boom bap / Lyric,ZLX-GY0dJgc,J. Cole - p r i d e . i s . t h e . d e v i l  feat. Lil&#39; Baby (Official Audio),J. Cole,🔥🔥🔥👑⭐,0
J. Cole,Boom bap / Lyric,ZLX-GY0dJgc,J. Cole - p r i d e . i s . t h e . d e v i l  feat. Lil&#39; Baby (Official Audio),J. Cole,nice!,1
J. Cole,Boom bap / Lyric,ZLX-GY0dJgc,J. Cole - p r i d e . i s . t h e . d e v i l  feat. Lil&#39; Baby (Official Audio),J. Cole,Beating the Devil we never run from the Devil we never summon the Devil.,1
J. Cole,Boom bap / Lyric,ZLX-GY0dJgc,J. Cole - p r i d e . i s . t h e . d e v i l  feat. Lil&#39; Baby (Official Audio),J. Cole,Its crazy how baby rap like this all the time but folks think he stepped it up for Cole lol nah he just naturally cold.,0
J. Cole,Boom bap / Lyric,ZLX-GY0dJgc,J. Cole - p r i d e . i s . t h e . d e v i l  feat. Lil&#39; Baby (Official Audio),J. Cole,Pride month indeed is the devil,3
J. Cole,Boom bap / Lyric,ZLX-GY0dJgc,J. Cole - p r i d e . i s . t h e . d e v i l  feat. Lil&#39; Baby (Official Audio),J. Cole,HARDEST SONG..........IN THIS DECADE,1
J. Cole,Boom bap / Lyric,ZLX-GY0dJgc,J. Cole - p r i d e . i s . t h e . d e v i l  feat. Lil&#39; Baby (Official Audio),J. Cole,2:20 the way they transition fr🔥🔥👺👺👺,0
J. Cole,Boom bap / Lyric,ZLX-GY0dJgc,J. Cole - p r i d e . i s . t h e . d e v i l  feat. Lil&#39; Baby (Official Audio),J. Cole,It may be july but this song is still 🔥🔥🔥,0
J. Cole,Boom bap / Lyric,ZLX-GY0dJgc,J. Cole - p r i d e . i s . t h e . d e v i l  feat. Lil&#39; Baby (Official Audio),J. Cole,The transition is phenomenal but do you think Lil Baby’s verse holds up to JCole? Nah…,0
J. Cole,Boom bap / Lyric,ZLX-GY0dJgc,J. Cole - p r i d e . i s . t h e . d e v i l  feat. Lil&#39; Baby (Official Audio),J. Cole,greatest transition in rap history,1
J. Cole,Boom bap / Lyric,ZLX-GY0dJgc,J. Cole - p r i d e . i s . t h e . d e v i l  feat. Lil&#39; Baby (Official Audio),J. Cole,Ngl Cole got washed,1
J. Cole,Boom bap / Lyric,ZLX-GY0dJgc,J. Cole - p r i d e . i s . t h e . d e v i l  feat. Lil&#39; Baby (Official Audio),J. Cole,for the ones who were comparing Lil baby and Lil durk just admit that Durk will always be the number one coz Lil baby and Lil durk's duo with Cole when he's with Durk they really kill emm beats,0
J. Cole,Boom bap / Lyric,ZLX-GY0dJgc,J. Cole - p r i d e . i s . t h e . d e v i l  feat. Lil&#39; Baby (Official Audio),J. Cole,Rabi AA 🔋☔🪜🕗☯️🇩🇴🇬🇧,0
J. Cole,Boom bap / Lyric,ZLX-GY0dJgc,J. Cole - p r i d e . i s . t h e . d e v i l  feat. Lil&#39; Baby (Official Audio),J. Cole,I still. Love this song 2 years later,0
J. Cole,Boom bap / Lyric,ZLX-GY0dJgc,J. Cole - p r i d e . i s . t h e . d e v i l  feat. Lil&#39; Baby (Official Audio),J. Cole,"TOO MUCH MONEY TO COUNT 
WHATS THE AMOUNT 
CHECK NEVER BOUNCE",0
J. Cole,Boom bap / Lyric,ZLX-GY0dJgc,J. Cole - p r i d e . i s . t h e . d e v i l  feat. Lil&#39; Baby (Official Audio),J. Cole,Fxk what am I doing here now only,1
J. Cole,Boom bap / Lyric,ZLX-GY0dJgc,J. Cole - p r i d e . i s . t h e . d e v i l  feat. Lil&#39; Baby (Official Audio),J. Cole,this song goes hard in june🔥,13
J. Cole,Boom bap / Lyric,ZLX-GY0dJgc,J. Cole - p r i d e . i s . t h e . d e v i l  feat. Lil&#39; Baby (Official Audio),J. Cole,who else can't stop replaying this song?,6
J. Cole,Boom bap / Lyric,ZLX-GY0dJgc,J. Cole - p r i d e . i s . t h e . d e v i l  feat. Lil&#39; Baby (Official Audio),J. Cole,🏳️‍🌈=👹,6
J. Cole,Boom bap / Lyric,ZLX-GY0dJgc,J. Cole - p r i d e . i s . t h e . d e v i l  feat. Lil&#39; Baby (Official Audio),J. Cole,Doing Gods work out here big dawg,2
J. Cole,Boom bap / Lyric,ZLX-GY0dJgc,J. Cole - p r i d e . i s . t h e . d e v i l  feat. Lil&#39; Baby (Official Audio),J. Cole,Art,0
J. Cole,Boom bap / Lyric,ZLX-GY0dJgc,J. Cole - p r i d e . i s . t h e . d e v i l  feat. Lil&#39; Baby (Official Audio),J. Cole,Perfect song for June 🏳️‍🌈🚫,15
J. Cole,Boom bap / Lyric,ZLX-GY0dJgc,J. Cole - p r i d e . i s . t h e . d e v i l  feat. Lil&#39; Baby (Official Audio),J. Cole,"I can't do nothing on my own, I can be Great with help.🤔4",0
J. Cole,Boom bap / Lyric,ZLX-GY0dJgc,J. Cole - p r i d e . i s . t h e . d e v i l  feat. Lil&#39; Baby (Official Audio),J. Cole,Has anyone thought to not 1d anything that makes it seems like my ego is involved. When I say I replace it with Family on everything you were locking on to for hating reasons.  4,0
J. Cole,Boom bap / Lyric,ZLX-GY0dJgc,J. Cole - p r i d e . i s . t h e . d e v i l  feat. Lil&#39; Baby (Official Audio),J. Cole,Possibly the most seamless switch between artist on a track. So SMOOTH,0
J. Cole,Boom bap / Lyric,ZLX-GY0dJgc,J. Cole - p r i d e . i s . t h e . d e v i l  feat. Lil&#39; Baby (Official Audio),J. Cole,"J. Cole can actually sing but he didn't wanted to do it because he wanted to give us the message and let us figure out the emotions behind it so we can activate the deepest part of our hearts. 
🤍⚓",1
J. Cole,Boom bap / Lyric,ZLX-GY0dJgc,J. Cole - p r i d e . i s . t h e . d e v i l  feat. Lil&#39; Baby (Official Audio),J. Cole,Who ever was at bannarroo to experience this is lit fr,0
J. Cole,Boom bap / Lyric,ZLX-GY0dJgc,J. Cole - p r i d e . i s . t h e . d e v i l  feat. Lil&#39; Baby (Official Audio),J. Cole,"Thx u J. Cole, Still banging it everyday walking into the gym 🤘🏼",0
J. Cole,Boom bap / Lyric,ZLX-GY0dJgc,J. Cole - p r i d e . i s . t h e . d e v i l  feat. Lil&#39; Baby (Official Audio),J. Cole,Want to full blast this in public during pride month,36
J. Cole,Boom bap / Lyric,ZLX-GY0dJgc,J. Cole - p r i d e . i s . t h e . d e v i l  feat. Lil&#39; Baby (Official Audio),J. Cole,"Pride is, indeed, the devil",48
J. Cole,Boom bap / Lyric,ZLX-GY0dJgc,J. Cole - p r i d e . i s . t h e . d e v i l  feat. Lil&#39; Baby (Official Audio),J. Cole,This deserves a video,11
J. Cole,Boom bap / Lyric,ZLX-GY0dJgc,J. Cole - p r i d e . i s . t h e . d e v i l  feat. Lil&#39; Baby (Official Audio),J. Cole,"2 Years later, and that transition to baby's verse still gives me chills 🤧",761
J. Cole,Boom bap / Lyric,ZLX-GY0dJgc,J. Cole - p r i d e . i s . t h e . d e v i l  feat. Lil&#39; Baby (Official Audio),J. Cole,Excellent,0
J. Cole,Boom bap / Lyric,ZLX-GY0dJgc,J. Cole - p r i d e . i s . t h e . d e v i l  feat. Lil&#39; Baby (Official Audio),J. Cole,Listening to this all June,7
J. Cole,Boom bap / Lyric,ZLX-GY0dJgc,J. Cole - p r i d e . i s . t h e . d e v i l  feat. Lil&#39; Baby (Official Audio),J. Cole,This song hits during june 🗣🗣,6
J. Cole,Boom bap / Lyric,ZLX-GY0dJgc,J. Cole - p r i d e . i s . t h e . d e v i l  feat. Lil&#39; Baby (Official Audio),J. Cole,Indeed pride is the devil.,10
J. Cole,Boom bap / Lyric,w3333Fo6ufY,J. Cole - a m a r i (Official Music Video),J. Cole,"Monday, June 22, 2026

9:44pm central time",0
J. Cole,Boom bap / Lyric,w3333Fo6ufY,J. Cole - a m a r i (Official Music Video),J. Cole,🔥🔥🔥🔥🔥🔥,1
J. Cole,Boom bap / Lyric,w3333Fo6ufY,J. Cole - a m a r i (Official Music Video),J. Cole,Still no las vegas 😔,0
J. Cole,Boom bap / Lyric,w3333Fo6ufY,J. Cole - a m a r i (Official Music Video),J. Cole,ONE OF THE TOP 5 COLE TRACKS HANDS DOWN.,1
J. Cole,Boom bap / Lyric,w3333Fo6ufY,J. Cole - a m a r i (Official Music Video),J. Cole,I just remember this banger 🔥,1
J. Cole,Boom bap / Lyric,w3333Fo6ufY,J. Cole - a m a r i (Official Music Video),J. Cole,🔥🔥🔁,1
J. Cole,Boom bap / Lyric,w3333Fo6ufY,J. Cole - a m a r i (Official Music Video),J. Cole,Im sorry but this my favorite cole song should've been on the fall off,1
J. Cole,Boom bap / Lyric,w3333Fo6ufY,J. Cole - a m a r i (Official Music Video),J. Cole,"Interior decorated with the hoes 😭

That line will never not be funny 😂😂",1
J. Cole,Boom bap / Lyric,w3333Fo6ufY,J. Cole - a m a r i (Official Music Video),J. Cole,Can you do a concert in caldwell,1
J. Cole,Boom bap / Lyric,w3333Fo6ufY,J. Cole - a m a r i (Official Music Video),J. Cole,🤷,0
J. Cole,Boom bap / Lyric,w3333Fo6ufY,J. Cole - a m a r i (Official Music Video),J. Cole,697 likes 😭🕺🏾,1
J. Cole,Boom bap / Lyric,w3333Fo6ufY,J. Cole - a m a r i (Official Music Video),J. Cole,https://youtu.be/P_YFQRZIOzo?si=aggh9-dEoTBZDc-5,0
J. Cole,Boom bap / Lyric,w3333Fo6ufY,J. Cole - a m a r i (Official Music Video),J. Cole,"reminds me back in matric, 2022",0
J. Cole,Boom bap / Lyric,w3333Fo6ufY,J. Cole - a m a r i (Official Music Video),J. Cole,ONE OF COLES MOST UNDERASTED SONGS,2
J. Cole,Boom bap / Lyric,w3333Fo6ufY,J. Cole - a m a r i (Official Music Video),J. Cole,Made it out gotta mean somethin' ❤,1
J. Cole,Boom bap / Lyric,w3333Fo6ufY,J. Cole - a m a r i (Official Music Video),J. Cole,You owe me,0
J. Cole,Boom bap / Lyric,w3333Fo6ufY,J. Cole - a m a r i (Official Music Video),J. Cole,Fight for me i am done here,0
J. Cole,Boom bap / Lyric,w3333Fo6ufY,J. Cole - a m a r i (Official Music Video),J. Cole,Usa,0
J. Cole,Boom bap / Lyric,w3333Fo6ufY,J. Cole - a m a r i (Official Music Video),J. Cole,2026??,3
J. Cole,Boom bap / Lyric,w3333Fo6ufY,J. Cole - a m a r i (Official Music Video),J. Cole,🔥 🔥,1
J. Cole,Boom bap / Lyric,w3333Fo6ufY,J. Cole - a m a r i (Official Music Video),J. Cole,“Made it out gotta mean something” hits every time 🎉,2
J. Cole,Boom bap / Lyric,w3333Fo6ufY,J. Cole - a m a r i (Official Music Video),J. Cole,Crazy how he put that quote at 2:26 but no one caught it.,1
J. Cole,Boom bap / Lyric,w3333Fo6ufY,J. Cole - a m a r i (Official Music Video),J. Cole,the most underrated artist ever,3
J. Cole,Boom bap / Lyric,w3333Fo6ufY,J. Cole - a m a r i (Official Music Video),J. Cole,One of his best singles ever...Top-Tier Hip-Hop.,1
J. Cole,Boom bap / Lyric,w3333Fo6ufY,J. Cole - a m a r i (Official Music Video),J. Cole,🗑️ mp3,0
J. Cole,Boom bap / Lyric,w3333Fo6ufY,J. Cole - a m a r i (Official Music Video),J. Cole,2026 😮‍💨🩷,0
J. Cole,Boom bap / Lyric,w3333Fo6ufY,J. Cole - a m a r i (Official Music Video),J. Cole,2026,1
J. Cole,Boom bap / Lyric,w3333Fo6ufY,J. Cole - a m a r i (Official Music Video),J. Cole,🔥🔥🔥🔥🔥🔥,1
J. Cole,Boom bap / Lyric,w3333Fo6ufY,J. Cole - a m a r i (Official Music Video),J. Cole,"""jlajf lkkkla BRO jlkajal lkaj fla ROSE lkjldjfl CO-OH-OH-OLD!!!!!""  🗣📢🔥 🔥 🔥",1
J. Cole,Boom bap / Lyric,w3333Fo6ufY,J. Cole - a m a r i (Official Music Video),J. Cole,2026 still 🔥🔥🔥,1
J. Cole,Boom bap / Lyric,w3333Fo6ufY,J. Cole - a m a r i (Official Music Video),J. Cole,🔥,1
J. Cole,Boom bap / Lyric,w3333Fo6ufY,J. Cole - a m a r i (Official Music Video),J. Cole,J. COLES- A GENIUS SO MUCH LIKE “TUPAC” 🐐!‼️! 🐐 🔥 🐐 🔥 🐐 🔥 🐐 🔥 🐐,5
J. Cole,Boom bap / Lyric,w3333Fo6ufY,J. Cole - a m a r i (Official Music Video),J. Cole,i can see u sayin that cole i didnt like god cus we posed to tust jesus and all this is gods the heaven n earth is gods creation and its beuatful is what i means to make it out and yes god be wrong i get it its the reason for sin we all sin,0
J. Cole,Boom bap / Lyric,w3333Fo6ufY,J. Cole - a m a r i (Official Music Video),J. Cole,Tell Cole we got a LP CALLED THE FALLEN FLY UP 😮😭👀1️⃣,0
J. Cole,Boom bap / Lyric,w3333Fo6ufY,J. Cole - a m a r i (Official Music Video),J. Cole,"I remember Cole intro part of Dead Presidents II. He was talking about the guy who said he didn't go hard on the first mix tape. After watching the lyric video, i came back to watch the music video and was thoroughly impressed. at the end, he said 'HOLD ON TO YOUR INNER CHILD'. And i was like damn, he went hard. Now, in another rewatch, i noticed that at the  end of the video, it is written 'FOR HEIRS'. And I'm thinking to myself, damn Cole really went hard on this one. He really went hard man I have to make it or else i won't have to guts to say that I'm a J cole fan without achieving that merit that can be gained only by hard work. AMARI.",0
J. Cole,Boom bap / Lyric,w3333Fo6ufY,J. Cole - a m a r i (Official Music Video),J. Cole,Still got that one of a kind transition and flow 💪🏻❤️ i come back here every time im chill and full on energy at the same time !!!,1
J. Cole,Boom bap / Lyric,w3333Fo6ufY,J. Cole - a m a r i (Official Music Video),J. Cole,"Cole really stays rocking that ""hoodie""😁😁",1
J. Cole,Boom bap / Lyric,w3333Fo6ufY,J. Cole - a m a r i (Official Music Video),J. Cole,Damnn cole,1
J. Cole,Boom bap / Lyric,w3333Fo6ufY,J. Cole - a m a r i (Official Music Video),J. Cole,Any  one  in 2026,1
J. Cole,Boom bap / Lyric,w3333Fo6ufY,J. Cole - a m a r i (Official Music Video),J. Cole,Thank you 🫴💯,0
J. Cole,Boom bap / Lyric,w3333Fo6ufY,J. Cole - a m a r i (Official Music Video),J. Cole,Here in the UK it would take 96 hours just to acknowledge the bridge is broken 😅,0
J. Cole,Boom bap / Lyric,w3333Fo6ufY,J. Cole - a m a r i (Official Music Video),J. Cole,Only one Coleeee,0
J. Cole,Boom bap / Lyric,w3333Fo6ufY,J. Cole - a m a r i (Official Music Video),J. Cole,Timbaland made this beat,0
J. Cole,Boom bap / Lyric,w3333Fo6ufY,J. Cole - a m a r i (Official Music Video),J. Cole,Country n.... never seen a passport,0
J. Cole,Boom bap / Lyric,w3333Fo6ufY,J. Cole - a m a r i (Official Music Video),J. Cole,Sounds like it should have a ft . Jaden Ivey verse would be fire,0
J. Cole,Boom bap / Lyric,w3333Fo6ufY,J. Cole - a m a r i (Official Music Video),J. Cole,"Outta the concrete was a rose, them winter's was COOOOOOLD!!!!!",1
J. Cole,Boom bap / Lyric,w3333Fo6ufY,J. Cole - a m a r i (Official Music Video),J. Cole,We’re witnessing rap at its highest level with him and kdot we gotta appreciate them,1
J. Cole,Boom bap / Lyric,w3333Fo6ufY,J. Cole - a m a r i (Official Music Video),J. Cole,Gawht damn j cole fire 🔥🔥🔥🔥🔥,1
J. Cole,Boom bap / Lyric,w3333Fo6ufY,J. Cole - a m a r i (Official Music Video),J. Cole,"been listening to Cole discography and there's nothing anyone could that'd convince me that Kenny is a better rapper than Cole.. my take is this: kendrick is an abstract rapper and Cole unpacks the abstract into digestible pieces that you can relate to, he speaks to your soul",1
J. Cole,Boom bap / Lyric,w3333Fo6ufY,J. Cole - a m a r i (Official Music Video),J. Cole,What did I doooo,1
J. Cole,Boom bap / Lyric,w3333Fo6ufY,J. Cole - a m a r i (Official Music Video),J. Cole,who wanna see cole in more suits...me,1
J. Cole,Boom bap / Lyric,w3333Fo6ufY,J. Cole - a m a r i (Official Music Video),J. Cole,"0:00 - 2:43 

Fire 🔥🔥🔥🔥🔥",2
J. Cole,Boom bap / Lyric,w3333Fo6ufY,J. Cole - a m a r i (Official Music Video),J. Cole,"very high quality clip, like!",0
J. Cole,Boom bap / Lyric,w3333Fo6ufY,J. Cole - a m a r i (Official Music Video),J. Cole,My favorite era of cole,0
J. Cole,Boom bap / Lyric,w3333Fo6ufY,J. Cole - a m a r i (Official Music Video),J. Cole,❤j.cole ring 👑,0
J. Cole,Boom bap / Lyric,w3333Fo6ufY,J. Cole - a m a r i (Official Music Video),J. Cole,Cole be having me want to get to this bag. With that being said 😂✌🏾,0
J. Cole,Boom bap / Lyric,w3333Fo6ufY,J. Cole - a m a r i (Official Music Video),J. Cole,Thank you. Issa Coleworld.,1
J. Cole,Boom bap / Lyric,w3333Fo6ufY,J. Cole - a m a r i (Official Music Video),J. Cole,Auto tune garbage no match for the 90s,0
J. Cole,Boom bap / Lyric,w3333Fo6ufY,J. Cole - a m a r i (Official Music Video),J. Cole,2026 March🎉🎉🎉,2
J. Cole,Boom bap / Lyric,w3333Fo6ufY,J. Cole - a m a r i (Official Music Video),J. Cole,"every one gonna make thier own city vs real analysis video 
psg one would be a unique one to watch here ❤",0
J. Cole,Boom bap / Lyric,w3333Fo6ufY,J. Cole - a m a r i (Official Music Video),J. Cole,The only song which can force me to tell the bar tender to keep change...,1
J. Cole,Boom bap / Lyric,w3333Fo6ufY,J. Cole - a m a r i (Official Music Video),J. Cole,"Cole saying ""the off season"" was a side quest",0
J. Cole,Boom bap / Lyric,w3333Fo6ufY,J. Cole - a m a r i (Official Music Video),J. Cole,2026 still here...,0
J. Cole,Boom bap / Lyric,w3333Fo6ufY,J. Cole - a m a r i (Official Music Video),J. Cole,1:12,0
J. Cole,Boom bap / Lyric,w3333Fo6ufY,J. Cole - a m a r i (Official Music Video),J. Cole,The Off-Season to The Fall-Off classic🔥,2
J. Cole,Boom bap / Lyric,w3333Fo6ufY,J. Cole - a m a r i (Official Music Video),J. Cole,This track is so technically impressive. Its like Cole stepped out of his own way and got pure inspiration,1
J. Cole,Boom bap / Lyric,w3333Fo6ufY,J. Cole - a m a r i (Official Music Video),J. Cole,Half time,1
J. Cole,Boom bap / Lyric,w3333Fo6ufY,J. Cole - a m a r i (Official Music Video),J. Cole,I use to get sick of when people say my brother look like j cole lol 😂😂😂but I see why this is his favorite rapper 🤣🤣🤣💯💯💯always say j cole looking ass lol...... BARZ can he get a look a like need my brother famous j let's set this up ????,0
J. Cole,Boom bap / Lyric,w3333Fo6ufY,J. Cole - a m a r i (Official Music Video),J. Cole,2:23 J Cole son,0
J. Cole,Boom bap / Lyric,w3333Fo6ufY,J. Cole - a m a r i (Official Music Video),J. Cole,Timberland deleted the beat n re- made it 😅 🔥,0
J. Cole,Boom bap / Lyric,w3333Fo6ufY,J. Cole - a m a r i (Official Music Video),J. Cole,The fall off got me here…,4
J. Cole,Boom bap / Lyric,w3333Fo6ufY,J. Cole - a m a r i (Official Music Video),J. Cole,If I was Tim I wouldn’t have saved this beat either,1
J. Cole,Boom bap / Lyric,w3333Fo6ufY,J. Cole - a m a r i (Official Music Video),J. Cole,Hot take but this song is better than his whole fall-off album,0
J. Cole,Boom bap / Lyric,w3333Fo6ufY,J. Cole - a m a r i (Official Music Video),J. Cole,Joyner Lucas would’ve done his thing on this. Sound like his flow tbh,0
J. Cole,Boom bap / Lyric,w3333Fo6ufY,J. Cole - a m a r i (Official Music Video),J. Cole,"Back and forth, did he do class or sell drugs?😂",0
J. Cole,Boom bap / Lyric,w3333Fo6ufY,J. Cole - a m a r i (Official Music Video),J. Cole,"After listening to the fall off 10 times, it's time to come back here and represent 2026!!",0
J. Cole,Boom bap / Lyric,w3333Fo6ufY,J. Cole - a m a r i (Official Music Video),J. Cole,Hard,0
J. Cole,Boom bap / Lyric,w3333Fo6ufY,J. Cole - a m a r i (Official Music Video),J. Cole,"There's nothing special about the verse of Kendrick,no bars .he knows how to manipulate his voice",0
J. Cole,Boom bap / Lyric,w3333Fo6ufY,J. Cole - a m a r i (Official Music Video),J. Cole,🩵🫶🏽,0
J. Cole,Boom bap / Lyric,w3333Fo6ufY,J. Cole - a m a r i (Official Music Video),J. Cole,Gonna tell my kids the fall off was legendary,1
J. Cole,Boom bap / Lyric,w3333Fo6ufY,J. Cole - a m a r i (Official Music Video),J. Cole,This song still gives me chills….. like you’re newest work very cerebral ..But this? Legendary,1
J. Cole,Boom bap / Lyric,w3333Fo6ufY,J. Cole - a m a r i (Official Music Video),J. Cole,Peak time when the old heads tried to copy the horrid dog shit gen z style they call a flow. Man I hated this. Somehow the only artist who didnt abandon it ..... was Drake. Hes still just doing this horrible shit which is why no ones expecting anything real ever again. Sad.,0
J. Cole,Boom bap / Lyric,w3333Fo6ufY,J. Cole - a m a r i (Official Music Video),J. Cole,This shit so fuckin classic,0
J. Cole,Boom bap / Lyric,w3333Fo6ufY,J. Cole - a m a r i (Official Music Video),J. Cole,Yoooh the breath control is on another level,1
J. Cole,Boom bap / Lyric,w3333Fo6ufY,J. Cole - a m a r i (Official Music Video),J. Cole,Here after The Fall Off,28
J. Cole,Boom bap / Lyric,w3333Fo6ufY,J. Cole - a m a r i (Official Music Video),J. Cole,The only rapper who ain't on Epstein list,0
J. Cole,Boom bap / Lyric,w3333Fo6ufY,J. Cole - a m a r i (Official Music Video),J. Cole,Who going to the Fall Off Tour?,11
J. Cole,Boom bap / Lyric,w3333Fo6ufY,J. Cole - a m a r i (Official Music Video),J. Cole,And this is why they diss cole 🤦🏾‍♂️ he’s just never sure of himself smdh,0
J. Cole,Boom bap / Lyric,w3333Fo6ufY,J. Cole - a m a r i (Official Music Video),J. Cole,Timbaland had this one in the throwaway section and Cole said fck it imma eat no matter what,0
J. Cole,Boom bap / Lyric,w3333Fo6ufY,J. Cole - a m a r i (Official Music Video),J. Cole,Trash... This is what's wrong with hip hop today is that there's no not one bit of rhythm just straight trash,0
J. Cole,Boom bap / Lyric,w3333Fo6ufY,J. Cole - a m a r i (Official Music Video),J. Cole,does not sound like Timbo... I don't like that,0
J. Cole,Boom bap / Lyric,w3333Fo6ufY,J. Cole - a m a r i (Official Music Video),J. Cole,It crazy 2026 we out here,2
J. Cole,Boom bap / Lyric,w3333Fo6ufY,J. Cole - a m a r i (Official Music Video),J. Cole,"Bada-ba, bada-ba, bada-ba, da-da
Off-Season
Let's work, hey
Plottin' my escape, this game ridin'-ridin' faith
Got a couple M's hidin' in the safe
Imagination turned a Honda into Wraith
I was doin' 80 on the interstate
Tryna make it back before my class started
Country n- never seen a passport
'Til I popped off and got a bag for it
Now I'm at the Gardens sittin' half court
Watchin' Jr. catch it off the backboard
'Ville n- never seen nothin'
'Cept a triple-triple bean jumpin'
Good-good leave a fiend crumpin'
Made it out, it gotta mean somethin'
Either you gon' hustle hard
A n- Uncle Sam got your a- re-enlisting
Two-six, murder scene pumpin'
Better leave it tucked, 'cause y'ain't dumpin'
Pow, pow, n-, he slumpy
12 comin', we ain't seen nothin'
Time change, n- ain't rumblin' no more
Nah, what for? Hungry for more
If you solo these vocals, listen close and you can hear grumblin'
Bow-tie and I'm still munchin'
Big bag, never fear fumblin'
Want smoke? N- don't choke
I'm a whole nico-nicotine company
Dreamville the only, not a Navy
How could you ever try to play me?
Kill 'em on a song walk up out the booth
Do the Westbrook rock-a-baby
I never fall out with the bro
Hate when your family turn into foe
We had a penthouse on the road
Interior decorated with the h-
Just like a multiple-choice getting chose
My n- like ""Eenie, meenie, minee, moe""
Scoop up a dime-piece like we homeless
Then we gon' send 'em back pigeon-toed
Out of the concrete was a rose and windows was cold
Had to go over and stand by the stove
We from the Southeast, n- know
This where the opps creep real slow
Won't vote but they mob deep with the poles
I punch the time sheet, not no more
And now my assigned seat is a throne
Plottin' my escape, this game ridin'-ridin' faith
Got a couple M's hidin' in the safe
Imagination turned a Honda into Wraith
I was doin' 80 on the interstate
Tryna make it back before my class started
Country n- never seen a passport
'Til I popped off and got a bag for it
Now I'm at the Gardens sittin' half court
Watchin' Jr. catch it off the backboard
'Ville n- never seen nothin'
'Cept a triple-triple bean jumpin'
Good-good leave a fiend crumpin'
Made it out, it gotta mean somethin'
Made it out, it gotta mean somethin'
Made it out, it gotta mean somethin'
Bada-ba, bada-ba, bada-ba, ah-ah",0
J. Cole,Boom bap / Lyric,w3333Fo6ufY,J. Cole - a m a r i (Official Music Video),J. Cole,Top 20 J Cole song,3
J. Cole,Boom bap / Lyric,w3333Fo6ufY,J. Cole - a m a r i (Official Music Video),J. Cole,Feb 2026?,10
J. Cole,Boom bap / Lyric,w3333Fo6ufY,J. Cole - a m a r i (Official Music Video),J. Cole,J cole easily better than Kendrick,0
J. Cole,Boom bap / Lyric,w3333Fo6ufY,J. Cole - a m a r i (Official Music Video),J. Cole,Iniminimanimo😮,0
J. Cole,Boom bap / Lyric,w3333Fo6ufY,J. Cole - a m a r i (Official Music Video),J. Cole,U a Legend in this bitch ®️®️®️,0
J. Cole,Boom bap / Lyric,w3333Fo6ufY,J. Cole - a m a r i (Official Music Video),J. Cole,1:03 🔥🚬 💪🏾,1
J. Cole,Boom bap / Lyric,w3333Fo6ufY,J. Cole - a m a r i (Official Music Video),J. Cole,I see why Timbaland deleted this beat.,1
J. Cole,Boom bap / Lyric,w3333Fo6ufY,J. Cole - a m a r i (Official Music Video),J. Cole,you still took down your Kendrick diss...smh,0
J. Cole,Boom bap / Lyric,w3333Fo6ufY,J. Cole - a m a r i (Official Music Video),J. Cole,❤,0
J. Cole,Boom bap / Lyric,w3333Fo6ufY,J. Cole - a m a r i (Official Music Video),J. Cole,Had to come back here and more classics before I go listen to the fall off,3
J. Cole,Boom bap / Lyric,w3333Fo6ufY,J. Cole - a m a r i (Official Music Video),J. Cole,Sounds like a Drake flow Perfect beat for him too …,3
J. Cole,Boom bap / Lyric,w3333Fo6ufY,J. Cole - a m a r i (Official Music Video),J. Cole,"this one ? https://youtu.be/w3333Fo6ufY?si=h0mU1CbhrshR8Vno

it’s lazy to me but he does have a part where he basically yells in the song 😂",0
J. Cole,Boom bap / Lyric,w3333Fo6ufY,J. Cole - a m a r i (Official Music Video),J. Cole,"What ive learned here reading the comments is you guys need to watch the video again, study it, then  see the photos of the aftermath, the photos from inside the SUV, He was not shot, that was 100% not a bullet wound, his microphone under his shirt was rigged with a shape charge that literally collapsed his organs and broke his spine, and then a piece of plastic from the mic shot up into his neck, you can see it come back out with the second gush of blood. Tyler wanted to be part of it, he was dumb enough to bring the gun, however he was the patsy, the security team and tpusa team let a cabal from a foreign nation do this.",0
J. Cole,Boom bap / Lyric,w3333Fo6ufY,J. Cole - a m a r i (Official Music Video),J. Cole,This track is Fire… who da fuck am I kidding this whole album is a fucking instant classic!,4
J. Cole,Boom bap / Lyric,w3333Fo6ufY,J. Cole - a m a r i (Official Music Video),J. Cole,Big draco $,0
J. Cole,Boom bap / Lyric,w3333Fo6ufY,J. Cole - a m a r i (Official Music Video),J. Cole,Remember the side quest bro went on in Rwanda to play basketball?,22
J. Cole,Boom bap / Lyric,w3333Fo6ufY,J. Cole - a m a r i (Official Music Video),J. Cole,Listening to this album before the fall off releases tonight,1
J. Cole,Boom bap / Lyric,w3333Fo6ufY,J. Cole - a m a r i (Official Music Video),J. Cole,1:27,0
J. Cole,Boom bap / Lyric,w3333Fo6ufY,J. Cole - a m a r i (Official Music Video),J. Cole,"Who's here before ""The Fell Off"" dropped..?",4
J. Cole,Boom bap / Lyric,w3333Fo6ufY,J. Cole - a m a r i (Official Music Video),J. Cole,Free Nelson Mandela $,0
J. Cole,Boom bap / Lyric,w3333Fo6ufY,J. Cole - a m a r i (Official Music Video),J. Cole,Will Smith $,0
J. Cole,Boom bap / Lyric,w3333Fo6ufY,J. Cole - a m a r i (Official Music Video),J. Cole,Bob Marley $,0
J. Cole,Boom bap / Lyric,w3333Fo6ufY,J. Cole - a m a r i (Official Music Video),J. Cole,Jordan hersey Jordan kehlani $,0
J. Cole,Boom bap / Lyric,w3333Fo6ufY,J. Cole - a m a r i (Official Music Video),J. Cole,Steve ke Kana $,0
J. Cole,Boom bap / Lyric,w3333Fo6ufY,J. Cole - a m a r i (Official Music Video),J. Cole,Free weed $,0
J. Cole,Boom bap / Lyric,w3333Fo6ufY,J. Cole - a m a r i (Official Music Video),J. Cole,Here 24 hours before 2.6.26 🎉,1
J. Cole,Boom bap / Lyric,w3333Fo6ufY,J. Cole - a m a r i (Official Music Video),J. Cole,"""I didn't save that one"" - Timbaland",1
J. Cole,Boom bap / Lyric,w3333Fo6ufY,J. Cole - a m a r i (Official Music Video),J. Cole,Who here waiting for 2/6/26?,1
J. Cole,Boom bap / Lyric,w3333Fo6ufY,J. Cole - a m a r i (Official Music Video),J. Cole,باید یه میلیارد ویو میخورد,1
J. Cole,Boom bap / Lyric,w3333Fo6ufY,J. Cole - a m a r i (Official Music Video),J. Cole,Timbaland didnt save this,0
J. Cole,Boom bap / Lyric,w3333Fo6ufY,J. Cole - a m a r i (Official Music Video),J. Cole,Uncle Cole,0
J. Cole,Boom bap / Lyric,w3333Fo6ufY,J. Cole - a m a r i (Official Music Video),J. Cole,why is ts so ass 😭😭,0
J. Cole,Boom bap / Lyric,w3333Fo6ufY,J. Cole - a m a r i (Official Music Video),J. Cole,en iyi sarkısı,0
J. Cole,Boom bap / Lyric,w3333Fo6ufY,J. Cole - a m a r i (Official Music Video),J. Cole,My favorite j Cole song! This shit go hard then a mf!!!,3
J. Cole,Boom bap / Lyric,w3333Fo6ufY,J. Cole - a m a r i (Official Music Video),J. Cole,Crazy Timbaland made the beat. Doesn’t feel like a Timbaland vibe but what’s even crazier is this beats origin story n the fact he had to remake it 💯💪🏼,1
J. Cole,Boom bap / Lyric,w3333Fo6ufY,J. Cole - a m a r i (Official Music Video),J. Cole,J Cole is like the Adidas Samba in the Rap industry. Ages like a fine Classic. 😘✨🙌🍾,0
J. Cole,Boom bap / Lyric,w3333Fo6ufY,J. Cole - a m a r i (Official Music Video),J. Cole,"after an old ex introduced me to this goat, I have been obsessed🥵🥵",1
J. Cole,Boom bap / Lyric,w3333Fo6ufY,J. Cole - a m a r i (Official Music Video),J. Cole,მაგრა მომენატრები,0
J. Cole,Boom bap / Lyric,w3333Fo6ufY,J. Cole - a m a r i (Official Music Video),J. Cole,He’s so freaking underrated 😭,0
J. Cole,Boom bap / Lyric,w3333Fo6ufY,J. Cole - a m a r i (Official Music Video),J. Cole,Named my daughter Amari 🎉,1
J. Cole,Boom bap / Lyric,w3333Fo6ufY,J. Cole - a m a r i (Official Music Video),J. Cole,Nas in verse girmis halini cevirseudiniz keske be😅,0
J. Cole,Boom bap / Lyric,w3333Fo6ufY,J. Cole - a m a r i (Official Music Video),J. Cole,LoL,0
J. Cole,Boom bap / Lyric,w3333Fo6ufY,J. Cole - a m a r i (Official Music Video),J. Cole,"I just noticed this, maybe I’m tweaking but that girl in the dorm room sitting on the bed is wearing the same thing as the girl in the video for Disc 2 track 2. Is that his wife?",1
J. Cole,Boom bap / Lyric,w3333Fo6ufY,J. Cole - a m a r i (Official Music Video),J. Cole,A Mayor Music,1
J. Cole,Boom bap / Lyric,w3333Fo6ufY,J. Cole - a m a r i (Official Music Video),J. Cole,Da'_Rhabaii_-_Fumela N Capillaries,1
J. Cole,Boom bap / Lyric,w3333Fo6ufY,J. Cole - a m a r i (Official Music Video),J. Cole,only complaint is that the song is too short.,1
J. Cole,Boom bap / Lyric,w3333Fo6ufY,J. Cole - a m a r i (Official Music Video),J. Cole,18 days till the fall off drop this song still in my top 5 songs by Cole!!!!!!,0
J. Cole,Boom bap / Lyric,w3333Fo6ufY,J. Cole - a m a r i (Official Music Video),J. Cole,"He definitely dissed jay, he called him so called king , tie that with meaning of usurp",0
J. Cole,Boom bap / Lyric,w3333Fo6ufY,J. Cole - a m a r i (Official Music Video),J. Cole,🐐,0
J. Cole,Boom bap / Lyric,w3333Fo6ufY,J. Cole - a m a r i (Official Music Video),J. Cole,Uniquest rap🎉,0
J. Cole,Boom bap / Lyric,w3333Fo6ufY,J. Cole - a m a r i (Official Music Video),J. Cole,Song is hard but me being a die hard Cole fan he could’ve kept this one til the album drop. Sounds like a long ass poem. I need some some FIRE,0
J. Cole,Boom bap / Lyric,w3333Fo6ufY,J. Cole - a m a r i (Official Music Video),J. Cole,i feel like the whole kdot/Drake beef and  J.Cole choosing to step back from it overshadowed the fact that Might Delete Later was an absolute banger. Every track was elite and J Cole clearly is at the top of his game. Can't wait to get a 2 disc album,1
J. Cole,Boom bap / Lyric,w3333Fo6ufY,J. Cole - a m a r i (Official Music Video),J. Cole,"This is soo good that even look like if I.A. made it. hail to the editor, real good",0
J. Cole,Boom bap / Lyric,w3333Fo6ufY,J. Cole - a m a r i (Official Music Video),J. Cole,Want smoke nigga don't chole am a whole nicotine company ....played this to my cat and it's now a tiger,0
J. Cole,Boom bap / Lyric,w3333Fo6ufY,J. Cole - a m a r i (Official Music Video),J. Cole,🔥🔥🔥🔥🔥🔥🔥🔥,0
J. Cole,Boom bap / Lyric,w3333Fo6ufY,J. Cole - a m a r i (Official Music Video),J. Cole,back here after the fall off announcement,487
J. Cole,Boom bap / Lyric,w3333Fo6ufY,J. Cole - a m a r i (Official Music Video),J. Cole,"""2 6 murder scene pumping""

 2-6-2026 we made it to the falloff.",381
J. Cole,Boom bap / Lyric,w3333Fo6ufY,J. Cole - a m a r i (Official Music Video),J. Cole,2026 we still here,78
J. Cole,Boom bap / Lyric,w3333Fo6ufY,J. Cole - a m a r i (Official Music Video),J. Cole,Prolly go see these 5 years from now like me to rewatch 😊😊,1
J. Cole,Boom bap / Lyric,w3333Fo6ufY,J. Cole - a m a r i (Official Music Video),J. Cole,Who's here in 2026,22
J. Cole,Boom bap / Lyric,w3333Fo6ufY,J. Cole - a m a r i (Official Music Video),J. Cole,Cole is him 🐐,0
J. Cole,Boom bap / Lyric,w3333Fo6ufY,J. Cole - a m a r i (Official Music Video),J. Cole,"Mfs who really think him backing out of a beef that had nothing to do with him really just never liked Cole in the first place and just wanted a reason to no t like him lol
His pim to paper is unmatched",0
J. Cole,Boom bap / Lyric,w3333Fo6ufY,J. Cole - a m a r i (Official Music Video),J. Cole,Janvier 2026 i'm really here 🎉,0
J. Cole,Boom bap / Lyric,w3333Fo6ufY,J. Cole - a m a r i (Official Music Video),J. Cole,2026 anyone? 🔥,14
J. Cole,Boom bap / Lyric,w3333Fo6ufY,J. Cole - a m a r i (Official Music Video),J. Cole,not reeeeinlistinnn sowwyyy,0
J. Cole,Boom bap / Lyric,w3333Fo6ufY,J. Cole - a m a r i (Official Music Video),J. Cole,Best Cole song of all time 🔥,0
J. Cole,Boom bap / Lyric,w3333Fo6ufY,J. Cole - a m a r i (Official Music Video),J. Cole,man ama end 2025 in good way gotta play this shit ...period ....,1
J. Cole,Boom bap / Lyric,w3333Fo6ufY,J. Cole - a m a r i (Official Music Video),J. Cole,September 2026 ?,0
J. Cole,Boom bap / Lyric,w3333Fo6ufY,J. Cole - a m a r i (Official Music Video),J. Cole,"How does it feel having had realized that yo copped chi has a time span and there's nowhere to evolve from it

Bow at my boy Cartier",1
J. Cole,Boom bap / Lyric,w3333Fo6ufY,J. Cole - a m a r i (Official Music Video),J. Cole,Embarassing,0
J. Cole,Boom bap / Lyric,w3333Fo6ufY,J. Cole - a m a r i (Official Music Video),J. Cole,"On a beat Timbaland made then deleted lol,, can any1 actually understand most of this guys saying, I really can't, is ok though, think I'd rather have the Timbaland beat instrumental I think, I like the pipe loop anyway & the swung hats 😀",0
J. Cole,Boom bap / Lyric,w3333Fo6ufY,J. Cole - a m a r i (Official Music Video),J. Cole,This song is slept on 😭🔥,1
J. Cole,Boom bap / Lyric,w3333Fo6ufY,J. Cole - a m a r i (Official Music Video),J. Cole,Jcole stay stepping on ninjas necks!!,0
J. Cole,Boom bap / Lyric,w3333Fo6ufY,J. Cole - a m a r i (Official Music Video),J. Cole,Plotted my escape this game riding niggas fake💥🔥🔥,1
J. Cole,Boom bap / Lyric,w3333Fo6ufY,J. Cole - a m a r i (Official Music Video),J. Cole,How did Cole make a better Roddy Ricch track than Roddy had on his entire second album,2
J. Cole,Boom bap / Lyric,w3333Fo6ufY,J. Cole - a m a r i (Official Music Video),J. Cole,how a like ?,0
J. Cole,Boom bap / Lyric,w3333Fo6ufY,J. Cole - a m a r i (Official Music Video),J. Cole,Still here in 2025,1
J. Cole,Boom bap / Lyric,w3333Fo6ufY,J. Cole - a m a r i (Official Music Video),J. Cole,I love you Cole..when are dropping again?,1
J. Cole,Boom bap / Lyric,w3333Fo6ufY,J. Cole - a m a r i (Official Music Video),J. Cole,Fire,0
J. Cole,Boom bap / Lyric,w3333Fo6ufY,J. Cole - a m a r i (Official Music Video),J. Cole,BUDUPUHHH,0
J. Cole,Boom bap / Lyric,w3333Fo6ufY,J. Cole - a m a r i (Official Music Video),J. Cole,Keep working and grinding Cozzz. What an absolute banger this is 🥶🥶🥶🥶🥶🥶🥶,0
J. Cole,Boom bap / Lyric,w3333Fo6ufY,J. Cole - a m a r i (Official Music Video),J. Cole,2025 November???,0
J. Cole,Boom bap / Lyric,w3333Fo6ufY,J. Cole - a m a r i (Official Music Video),J. Cole,pressure,5
J. Cole,Boom bap / Lyric,w3333Fo6ufY,J. Cole - a m a r i (Official Music Video),J. Cole,December 2025?,1
J. Cole,Boom bap / Lyric,w3333Fo6ufY,J. Cole - a m a r i (Official Music Video),J. Cole,We miss you!,1
J. Cole,Boom bap / Lyric,w3333Fo6ufY,J. Cole - a m a r i (Official Music Video),J. Cole,4 years ago still give me chills … time really fly fr … this song such a banger,2
J. Cole,Boom bap / Lyric,w3333Fo6ufY,J. Cole - a m a r i (Official Music Video),J. Cole,Miss you J🥹🐐🙌🏼,1
J. Cole,Boom bap / Lyric,w3333Fo6ufY,J. Cole - a m a r i (Official Music Video),J. Cole,November 2025 from South African ❤,0
J. Cole,Boom bap / Lyric,w3333Fo6ufY,J. Cole - a m a r i (Official Music Video),J. Cole,Dgaf Cole is way better than Kendrick 💯,1
J. Cole,Boom bap / Lyric,w3333Fo6ufY,J. Cole - a m a r i (Official Music Video),J. Cole,That drum beat sick AF,0
J. Cole,Boom bap / Lyric,w3333Fo6ufY,J. Cole - a m a r i (Official Music Video),J. Cole,🔥🔥🔥,0
J. Cole,Boom bap / Lyric,w3333Fo6ufY,J. Cole - a m a r i (Official Music Video),J. Cole,Where tf is fall off????????,0
J. Cole,Boom bap / Lyric,w3333Fo6ufY,J. Cole - a m a r i (Official Music Video),J. Cole,November 2025 anybody ?,1
J. Cole,Boom bap / Lyric,w3333Fo6ufY,J. Cole - a m a r i (Official Music Video),J. Cole,Snows gf?,0
J. Cole,Boom bap / Lyric,w3333Fo6ufY,J. Cole - a m a r i (Official Music Video),J. Cole,Best song oat no fucking doubt,1
J. Cole,Boom bap / Lyric,w3333Fo6ufY,J. Cole - a m a r i (Official Music Video),J. Cole,4yrs ago seems like such a lie on my life… this was such a banger when it released … man..,0
J. Cole,Boom bap / Lyric,w3333Fo6ufY,J. Cole - a m a r i (Official Music Video),J. Cole,"12 de novembro de 2025, direitamente de Angola.",0
J. Cole,Boom bap / Lyric,w3333Fo6ufY,J. Cole - a m a r i (Official Music Video),J. Cole,Dreamville gang we here again 2025🔥🔥,0
J. Cole,Boom bap / Lyric,w3333Fo6ufY,J. Cole - a m a r i (Official Music Video),J. Cole,Elijah magaleta,0
J. Cole,Boom bap / Lyric,w3333Fo6ufY,J. Cole - a m a r i (Official Music Video),J. Cole,November 2025....,1
J. Cole,Boom bap / Lyric,w3333Fo6ufY,J. Cole - a m a r i (Official Music Video),J. Cole,The fall off gonna change a niggas life. DROP THAT SHIT COLE,1
J. Cole,Boom bap / Lyric,w3333Fo6ufY,J. Cole - a m a r i (Official Music Video),J. Cole,My name is amari ❤,0
J. Cole,Boom bap / Lyric,w3333Fo6ufY,J. Cole - a m a r i (Official Music Video),J. Cole,October 2025 anyone?,1
J. Cole,Boom bap / Lyric,w3333Fo6ufY,J. Cole - a m a r i (Official Music Video),J. Cole,🔥🩵,0
J. Cole,Boom bap / Lyric,w3333Fo6ufY,J. Cole - a m a r i (Official Music Video),J. Cole,Favorite song by Cole,1
J. Cole,Boom bap / Lyric,w3333Fo6ufY,J. Cole - a m a r i (Official Music Video),J. Cole,November 2025? 🤩,0
J. Cole,Boom bap / Lyric,w3333Fo6ufY,J. Cole - a m a r i (Official Music Video),J. Cole,Octa 3025 u hearrr,0
J. Cole,Boom bap / Lyric,w3333Fo6ufY,J. Cole - a m a r i (Official Music Video),J. Cole,"Either you whitguys  guys get jobs that do 5x or youll always be reupping on creepiness and buttling and asksing for 1/4 back what you could make with all your time to be disgusting making political prisoners over he was an experiment supposed to die. Asshole. Cuz its not what you gotta do its what you shoulda did. And what you gotta do now is something else than be out of workr for six months kept alive while some starve and you could get 10 times what their average as a qualified professional even here. Or 20. And 6 mos wo a job isnt really a reason you 1/4 from a good whiteboy job you couldve had with that time is not a good reason to make political prisoners because your told to just complaim and be psychologically assured and be as happy as you know you can w any of this. And way richer.if you got the 3k job 6 months agao when you passed the border gate youd have 20k american more you know? So dont say listening forever and disgusting visceral experiments in a jail is what you gotta do when the gotta do they want wont do nearly as much as you guys couldve did for your families. Because you still can and im not an asshole for saying it
Get a job doing 5x all their bullshit before making political prisoners please white ppl and youd still have more post dirt",0
J. Cole,Boom bap / Lyric,w3333Fo6ufY,J. Cole - a m a r i (Official Music Video),J. Cole,2025 Oct?❤,1
J. Cole,Boom bap / Lyric,w3333Fo6ufY,J. Cole - a m a r i (Official Music Video),J. Cole,2025,1
J. Cole,Boom bap / Lyric,w3333Fo6ufY,J. Cole - a m a r i (Official Music Video),J. Cole,October 2025? 🔥,4
J. Cole,Boom bap / Lyric,w3333Fo6ufY,J. Cole - a m a r i (Official Music Video),J. Cole,1:29 coooooole🔥🔥😭,0
J. Cole,Boom bap / Lyric,w3333Fo6ufY,J. Cole - a m a r i (Official Music Video),J. Cole,Love you,0
J. Cole,Boom bap / Lyric,w3333Fo6ufY,J. Cole - a m a r i (Official Music Video),J. Cole,Oct 2025❤❤❤❤ cole world 🎉,1
J. Cole,Boom bap / Lyric,w3333Fo6ufY,J. Cole - a m a r i (Official Music Video),J. Cole,The hype of this álbum was insane,0
J. Cole,Boom bap / Lyric,w3333Fo6ufY,J. Cole - a m a r i (Official Music Video),J. Cole,This beat tho... Must have been some good sound engineer.. couldnt be timbo right?,0
J. Cole,Boom bap / Lyric,w3333Fo6ufY,J. Cole - a m a r i (Official Music Video),J. Cole,"it's October 2025 ,J cole is still the greatest we have❤",1
J. Cole,Boom bap / Lyric,w3333Fo6ufY,J. Cole - a m a r i (Official Music Video),J. Cole,This my fav J Cole track,0
J. Cole,Boom bap / Lyric,w3333Fo6ufY,J. Cole - a m a r i (Official Music Video),J. Cole,October 2025?❤,0
J. Cole,Boom bap / Lyric,w3333Fo6ufY,J. Cole - a m a r i (Official Music Video),J. Cole,Sept 2025?,1
J. Cole,Boom bap / Lyric,w3333Fo6ufY,J. Cole - a m a r i (Official Music Video),J. Cole,*j cole & drake = emotional white boys*,2
J. Cole,Boom bap / Lyric,w3333Fo6ufY,J. Cole - a m a r i (Official Music Video),J. Cole,The booth is on fire.😂😂🔥🔥🔥thats wassup,0
J. Cole,Boom bap / Lyric,w3333Fo6ufY,J. Cole - a m a r i (Official Music Video),J. Cole,Forgotten classic,1
J. Cole,Boom bap / Lyric,w3333Fo6ufY,J. Cole - a m a r i (Official Music Video),J. Cole,"from west africa, Dakar, senegal, since you droped. never fail to liisten to this baanger",0
J. Cole,Boom bap / Lyric,w3333Fo6ufY,J. Cole - a m a r i (Official Music Video),J. Cole,"""Want smoke, n--ga don't choke,  I'm a whole nicotine company..."" lmao",0
J. Cole,Boom bap / Lyric,w3333Fo6ufY,J. Cole - a m a r i (Official Music Video),J. Cole,2k25 I'm listen this fucking track,0
J. Cole,Boom bap / Lyric,w3333Fo6ufY,J. Cole - a m a r i (Official Music Video),J. Cole,Sep 2025,2
J. Cole,Boom bap / Lyric,w3333Fo6ufY,J. Cole - a m a r i (Official Music Video),J. Cole,September 2025 anyone?,1
J. Cole,Boom bap / Lyric,w3333Fo6ufY,J. Cole - a m a r i (Official Music Video),J. Cole,Cole🌐,0
J. Cole,Boom bap / Lyric,w3333Fo6ufY,J. Cole - a m a r i (Official Music Video),J. Cole,2025 still 🇱🇰,0
J. Cole,Boom bap / Lyric,w3333Fo6ufY,J. Cole - a m a r i (Official Music Video),J. Cole,2025被演算法帶回來這邊,0
J. Cole,Boom bap / Lyric,w3333Fo6ufY,J. Cole - a m a r i (Official Music Video),J. Cole,This song is soooooooo insane I found it when the album came out but I forgot about it I found it again like 3 weeks ago and I’ve been listening to it on repeat,0
J. Cole,Boom bap / Lyric,w3333Fo6ufY,J. Cole - a m a r i (Official Music Video),J. Cole,Best j Cole song,0
J. Cole,Boom bap / Lyric,w3333Fo6ufY,J. Cole - a m a r i (Official Music Video),J. Cole,Here after the story on how he got this beat from timberland that man really like that as a producer 😂😂,2
J. Cole,Boom bap / Lyric,w3333Fo6ufY,J. Cole - a m a r i (Official Music Video),J. Cole,anyone 2025?,0
J. Cole,Boom bap / Lyric,w3333Fo6ufY,J. Cole - a m a r i (Official Music Video),J. Cole,Damn  J . Cole is in mega mode🔥🔥🔥🔥🔥,0
J. Cole,Boom bap / Lyric,w3333Fo6ufY,J. Cole - a m a r i (Official Music Video),J. Cole,Cole is dope 🔥🔥🔥🔥🔥,0
J. Cole,Boom bap / Lyric,w3333Fo6ufY,J. Cole - a m a r i (Official Music Video),J. Cole,Goofy beat💩💩💩,0
J. Cole,Boom bap / Lyric,w3333Fo6ufY,J. Cole - a m a r i (Official Music Video),J. Cole,Setember 2025?,1
J. Cole,Boom bap / Lyric,w3333Fo6ufY,J. Cole - a m a r i (Official Music Video),J. Cole,August of 2025,0
J. Cole,Boom bap / Lyric,w3333Fo6ufY,J. Cole - a m a r i (Official Music Video),J. Cole,"Out of the concrete was a rose, them winters was coooooooooooooooooooooooooold!",2
J. Cole,Boom bap / Lyric,w3333Fo6ufY,J. Cole - a m a r i (Official Music Video),J. Cole,Timbo binned this... Cole took it out the bin and turned it to greatest,0
J. Cole,Boom bap / Lyric,w3333Fo6ufY,J. Cole - a m a r i (Official Music Video),J. Cole,cole world!!!🌎🔥,0
J. Cole,Boom bap / Lyric,w3333Fo6ufY,J. Cole - a m a r i (Official Music Video),J. Cole,August 2025,1
J. Cole,Boom bap / Lyric,w3333Fo6ufY,J. Cole - a m a r i (Official Music Video),J. Cole,Smooth flow from Mr dreamville himself 😁,0
J. Cole,Boom bap / Lyric,w3333Fo6ufY,J. Cole - a m a r i (Official Music Video),J. Cole,August 2025,0
J. Cole,Boom bap / Lyric,w3333Fo6ufY,J. Cole - a m a r i (Official Music Video),J. Cole,Another year waiting to get a kid so I can name them amari😭 I keep coming back here🙌👌✌️,0
J. Cole,Boom bap / Lyric,w3333Fo6ufY,J. Cole - a m a r i (Official Music Video),J. Cole,🔥🔥🔥🔥🔥🔥🔥🔥,0
J. Cole,Boom bap / Lyric,w3333Fo6ufY,J. Cole - a m a r i (Official Music Video),J. Cole,1:29 coooold🥶,0
J. Cole,Boom bap / Lyric,w3333Fo6ufY,J. Cole - a m a r i (Official Music Video),J. Cole,"Bada-ba, bada-ba, bada-ba, da-da
Off-Season
Let's work, hey

Plottin' my escape, this game ridin'-ridin' faith
Got a couple M's hidin' in the safe
Imagination turned a Honda into Wraith
I was doin' 80 on the interstate
Tryna make it back before my class started
Country n- never seen a passport
'Til I popped off and got a bag for it

Now I'm at the Gardens sittin' half court
Watchin' Jr. catch it off the backboard
'Ville n- never seen nothin'
'Cept a triple-triple bean jumpin'
Good-good leave a fiend crumpin'
Made it out, it gotta mean somethin'

Either you gon' hustle hard
A n- Uncle Sam got your a- re-enlisting
Two-six, murder scene pumpin'
Better leave it tucked, 'cause y'ain't dumpin'
Pow, pow, n-, he slumpy
12 comin', we ain't seen nothin'
Time change, n- ain't rumblin' no more
Nah, what for? Hungry for more
If you solo these vocals, listen close and you can hear grumblin'

Bow-tie and I'm still munchin'
Big bag, never fear fumblin'
Want smoke? N- don't choke
I'm a whole nico-nicotine company
Dreamville the only, not a Navy
How could you ever try to play me?
Kill 'em on a song walk up out the booth
Do the Westbrook rock-a-baby

I never fall out with the bro
Hate when your family turn into foe
We had a penthouse on the road
Interior decorated with the h-
Just like a multiple-choice getting chose
My n- like ""Eenie, meenie, minee, moe""
Scoop up a dime-piece like we homeless
Then we gon' send 'em back pigeon-toed

Out of the concrete was a rose and windows was cold
Had to go over and stand by the stove
We from the Southeast, n- know
This where the opps creep real slow
Won't vote but they mob deep with the poles
I punch the time sheet, not no more
And now my assigned seat is a throne

Plottin' my escape, this game ridin'-ridin' faith
Got a couple M's hidin' in the safe
Imagination turned a Honda into Wraith
I was doin' 80 on the interstate
Tryna make it back before my class started
Country n- never seen a passport
'Til I popped off and got a bag for it

Now I'm at the Gardens sittin' half court
Watchin' Jr. catch it off the backboard
'Ville n- never seen nothin'
'Cept a triple-triple bean jumpin'
Good-good leave a fiend crumpin'
Made it out, it gotta mean somethin'

Made it out, it gotta mean somethin'
Made it out, it gotta mean somethin'

Bada-ba, bada-ba, bada-ba, ah-ah",0
J. Cole,Boom bap / Lyric,w3333Fo6ufY,J. Cole - a m a r i (Official Music Video),J. Cole,Interior decorated with the hoes 🔥,0
J. Cole,Boom bap / Lyric,w3333Fo6ufY,J. Cole - a m a r i (Official Music Video),J. Cole,🎤🔂💎,0
J. Cole,Boom bap / Lyric,w3333Fo6ufY,J. Cole - a m a r i (Official Music Video),J. Cole,August 2025? 🔥,0
J. Cole,Boom bap / Lyric,w3333Fo6ufY,J. Cole - a m a r i (Official Music Video),J. Cole,This ain't the official video. This is mix of like 3 different videos.,0
J. Cole,Boom bap / Lyric,w3333Fo6ufY,J. Cole - a m a r i (Official Music Video),J. Cole,Anyone got a clash royal add before this song played ?,0
J. Cole,Boom bap / Lyric,w3333Fo6ufY,J. Cole - a m a r i (Official Music Video),J. Cole,August’25 ?,2
J. Cole,Boom bap / Lyric,w3333Fo6ufY,J. Cole - a m a r i (Official Music Video),J. Cole,Best rapper alive on God,0
J. Cole,Boom bap / Lyric,w3333Fo6ufY,J. Cole - a m a r i (Official Music Video),J. Cole,"best j cole album, definitely my favorite j cole song OAT",0
J. Cole,Boom bap / Lyric,w3333Fo6ufY,J. Cole - a m a r i (Official Music Video),J. Cole,"Where's ""The Fall Off"" ?
😭",0
J. Cole,Boom bap / Lyric,w3333Fo6ufY,J. Cole - a m a r i (Official Music Video),J. Cole,August 2025,0
J. Cole,Boom bap / Lyric,w3333Fo6ufY,J. Cole - a m a r i (Official Music Video),J. Cole,Here for @emtee 2025😂,1
J. Cole,Boom bap / Lyric,w3333Fo6ufY,J. Cole - a m a r i (Official Music Video),J. Cole,Towards 2026 and it still hits hard 🔥,1
J. Cole,Boom bap / Lyric,w3333Fo6ufY,J. Cole - a m a r i (Official Music Video),J. Cole,August 2025 anyone?,9
J. Cole,Boom bap / Lyric,w3333Fo6ufY,J. Cole - a m a r i (Official Music Video),J. Cole,Hate whe family turn with fores😮,0
J. Cole,Boom bap / Lyric,w3333Fo6ufY,J. Cole - a m a r i (Official Music Video),J. Cole,Always starts and ends with you doesn't it,0
J. Cole,Boom bap / Lyric,w3333Fo6ufY,J. Cole - a m a r i (Official Music Video),J. Cole,JME gonna have to do a b2b it’s the only way,0
J. Cole,Boom bap / Lyric,w3333Fo6ufY,J. Cole - a m a r i (Official Music Video),J. Cole,One of the best albums from Cole,0
J. Cole,Boom bap / Lyric,w3333Fo6ufY,J. Cole - a m a r i (Official Music Video),J. Cole,Young mwewa,0
J. Cole,Boom bap / Lyric,w3333Fo6ufY,J. Cole - a m a r i (Official Music Video),J. Cole,Tshegofatso radebe ❤,0
J. Cole,Boom bap / Lyric,w3333Fo6ufY,J. Cole - a m a r i (Official Music Video),J. Cole,Lerato ❤$,0
J. Cole,Boom bap / Lyric,w3333Fo6ufY,J. Cole - a m a r i (Official Music Video),J. Cole,Freedom =@#%$,0
J. Cole,Boom bap / Lyric,w3333Fo6ufY,J. Cole - a m a r i (Official Music Video),J. Cole,We free$,0
J. Cole,Boom bap / Lyric,w3333Fo6ufY,J. Cole - a m a r i (Official Music Video),J. Cole,Lil nas x$,0
J. Cole,Boom bap / Lyric,w3333Fo6ufY,J. Cole - a m a r i (Official Music Video),J. Cole,Tshegofatso radebe $,0
J. Cole,Boom bap / Lyric,w3333Fo6ufY,J. Cole - a m a r i (Official Music Video),J. Cole,Who is still here close to august hoping this song drops on iceman cause the snippet be in rotation like rent free in ur head😢😢,0
J. Cole,Boom bap / Lyric,w3333Fo6ufY,J. Cole - a m a r i (Official Music Video),J. Cole,Symba,0
J. Cole,Boom bap / Lyric,w3333Fo6ufY,J. Cole - a m a r i (Official Music Video),J. Cole,Tshegofatso radebe $,0
J. Cole,Boom bap / Lyric,w3333Fo6ufY,J. Cole - a m a r i (Official Music Video),J. Cole,Will smith ❤$,0
J. Cole,Boom bap / Lyric,w3333Fo6ufY,J. Cole - a m a r i (Official Music Video),J. Cole,L-tido $,0
J. Cole,Boom bap / Lyric,w3333Fo6ufY,J. Cole - a m a r i (Official Music Video),J. Cole,Lil nas x$,0
J. Cole,Boom bap / Lyric,w3333Fo6ufY,J. Cole - a m a r i (Official Music Video),J. Cole,Jordan hersey $,0
J. Cole,Boom bap / Lyric,w3333Fo6ufY,J. Cole - a m a r i (Official Music Video),J. Cole,Young mwewa $,0
J. Cole,Boom bap / Lyric,w3333Fo6ufY,J. Cole - a m a r i (Official Music Video),J. Cole,2025 🚨we out here🔥🔥,0
J. Cole,Boom bap / Lyric,w3333Fo6ufY,J. Cole - a m a r i (Official Music Video),J. Cole,That’s my ex’s name haaa,0
J. Cole,Boom bap / Lyric,w3333Fo6ufY,J. Cole - a m a r i (Official Music Video),J. Cole,2025 WHO HERE FOR THIS LYRICAL MASTERPIECE..J. Cole your favorite rappers favorite rapper...u know i had to attempt  to spit  mytruth on this remix  i leave the link if you aint heard it yet  https://youtu.be/VrdXBwM14OE,0
J. Cole,Boom bap / Lyric,w3333Fo6ufY,J. Cole - a m a r i (Official Music Video),J. Cole,Best nigga ever,0
J. Cole,Boom bap / Lyric,w3333Fo6ufY,J. Cole - a m a r i (Official Music Video),J. Cole,Jordan hersey $,0
J. Cole,Boom bap / Lyric,w3333Fo6ufY,J. Cole - a m a r i (Official Music Video),J. Cole,Young mwewa =$,0
J. Cole,Boom bap / Lyric,w3333Fo6ufY,J. Cole - a m a r i (Official Music Video),J. Cole,2025 we here,0
J. Cole,Boom bap / Lyric,w3333Fo6ufY,J. Cole - a m a r i (Official Music Video),J. Cole,🔥,0
J. Cole,Boom bap / Lyric,w3333Fo6ufY,J. Cole - a m a r i (Official Music Video),J. Cole,J Cole on fire 🔥🔥July 2025?,0
J. Cole,Boom bap / Lyric,w3333Fo6ufY,J. Cole - a m a r i (Official Music Video),J. Cole,0:15,0
J. Cole,Boom bap / Lyric,w3333Fo6ufY,J. Cole - a m a r i (Official Music Video),J. Cole,No one can do what EM does period 💀,0
J. Cole,Boom bap / Lyric,w3333Fo6ufY,J. Cole - a m a r i (Official Music Video),J. Cole,Jordan hersey $,0
J. Cole,Boom bap / Lyric,w3333Fo6ufY,J. Cole - a m a r i (Official Music Video),J. Cole,This shit is epic 🔥,0
J. Cole,Boom bap / Lyric,w3333Fo6ufY,J. Cole - a m a r i (Official Music Video),J. Cole,We have pent house in the road >>> :(,0
J. Cole,Boom bap / Lyric,w3333Fo6ufY,J. Cole - a m a r i (Official Music Video),J. Cole,July 2025??,0
J. Cole,Boom bap / Lyric,w3333Fo6ufY,J. Cole - a m a r i (Official Music Video),J. Cole,❄️💚,1
J. Cole,Boom bap / Lyric,w3333Fo6ufY,J. Cole - a m a r i (Official Music Video),J. Cole,Off sizn,0
J. Cole,Boom bap / Lyric,w3333Fo6ufY,J. Cole - a m a r i (Official Music Video),J. Cole,Anyone in 2025,0
J. Cole,Boom bap / Lyric,w3333Fo6ufY,J. Cole - a m a r i (Official Music Video),J. Cole,LIL NAS X $,0
J. Cole,Boom bap / Lyric,w3333Fo6ufY,J. Cole - a m a r i (Official Music Video),J. Cole,"Plottin' my escape, this game ridin'-ridin' faith
Got a couple M's hidin' in the safe
Imagination turned a Honda into Wraith
I was doin' 80 on the interstate
Tryna make it back before my class started
Country n- never seen a passport
'Til I popped off and got a bag for it
Now I'm at the Gardens sittin' half court
Watchin' Jr. catch it off the backboard
'Ville n- never seen nothin'
'Cept a triple-triple bean jumpin'
Good-good leave a fiend crumpin'
Made it out, it gotta mean somethin'
Either you gon' hustle hard
A n- Uncle Sam got your a- re-enlisting
Two-six, murder scene pumpin'
Better leave it tucked, 'cause y'ain't dumpin'
Pow, pow, n-, he slumpy
12 comin', we ain't seen nothin'
Time change, n- ain't rumblin' no more
Nah, what for? Hungry for more
If you solo these vocals, listen close and you can hear grumblin'
Bow-tie and I'm still munchin'
Big bag, never fear fumblin'
Want smoke? N- don't choke
I'm a whole nico-nicotine company
Dreamville the only, not a Navy
How could you ever try to play me?
Kill 'em on a song walk up out the booth
Do the Westbrook rock-a-baby
I never fall out with the bro
Hate when your family turn into foe
We had a penthouse on the road
Interior decorated with the h-
Just like a multiple-choice getting chose
My n- like ""Eenie, meenie, minee, moe""
Scoop up a dime-piece like we homeless
Then we gon' send 'em back pigeon-toed
Out of the concrete was a rose and windows was cold
Had to go over and stand by the stove
We from the Southeast, n- know
This where the opps creep real slow
Won't vote but they mob deep with the poles
I punch the time sheet, not no more
And now my assigned seat is a throne
Plottin' my escape, this game ridin'-ridin' faith
Got a couple M's hidin' in the safe
Imagination turned a Honda into Wraith
I was doin' 80 on the interstate
Tryna make it back before my class started
Country n- never seen a passport
'Til I popped off and got a bag for it
Now I'm at the Gardens sittin' half court
Watchin' Jr. catch it off the backboard
'Ville n- never seen nothin'
'Cept a triple-triple bean jumpin'
Good-good leave a fiend crumpin'
Made it out, it gotta mean somethin'
Made it out, it gotta mean somethin'
Made it out, it gotta mean somethin'",2
J. Cole,Boom bap / Lyric,w3333Fo6ufY,J. Cole - a m a r i (Official Music Video),J. Cole,July 2025 ? ❤,342
J. Cole,Boom bap / Lyric,w3333Fo6ufY,J. Cole - a m a r i (Official Music Video),J. Cole,Radeshen Moodley $,0
J. Cole,Boom bap / Lyric,w3333Fo6ufY,J. Cole - a m a r i (Official Music Video),J. Cole,Pheletso meso$,0
J. Cole,Boom bap / Lyric,w3333Fo6ufY,J. Cole - a m a r i (Official Music Video),J. Cole,Sibusiso$,0
J. Cole,Boom bap / Lyric,w3333Fo6ufY,J. Cole - a m a r i (Official Music Video),J. Cole,Jordan hersey $,0
J. Cole,Boom bap / Lyric,w3333Fo6ufY,J. Cole - a m a r i (Official Music Video),J. Cole,Mission impossible $,0
J. Cole,Boom bap / Lyric,w3333Fo6ufY,J. Cole - a m a r i (Official Music Video),J. Cole,Boxing Day ❤@#$%,0
J. Cole,Boom bap / Lyric,w3333Fo6ufY,J. Cole - a m a r i (Official Music Video),J. Cole,Man at the Garden  Mortal Man   Rich Spirit❤❤❤,0
J. Cole,Boom bap / Lyric,w3333Fo6ufY,J. Cole - a m a r i (Official Music Video),J. Cole,This is 🔥 to have heard 💯,0
J. Cole,Boom bap / Lyric,w3333Fo6ufY,J. Cole - a m a r i (Official Music Video),J. Cole,I'll here this song ever 😂😂❤❤❤💯💯💯💯🇲🇿,0
J. Cole,Boom bap / Lyric,w3333Fo6ufY,J. Cole - a m a r i (Official Music Video),J. Cole,This song is kinda underrated,1
J. Cole,Boom bap / Lyric,w3333Fo6ufY,J. Cole - a m a r i (Official Music Video),J. Cole,2025 still here,0
J. Cole,Boom bap / Lyric,w3333Fo6ufY,J. Cole - a m a r i (Official Music Video),J. Cole,We are women.,0
J. Cole,Boom bap / Lyric,w3333Fo6ufY,J. Cole - a m a r i (Official Music Video),J. Cole,Unathi Lekka beatz $,2
J. Cole,Boom bap / Lyric,w3333Fo6ufY,J. Cole - a m a r i (Official Music Video),J. Cole,Unathi lwazi themba$,1
J. Cole,Boom bap / Lyric,w3333Fo6ufY,J. Cole - a m a r i (Official Music Video),J. Cole,Damn!!!,2
J. Cole,Boom bap / Lyric,w3333Fo6ufY,J. Cole - a m a r i (Official Music Video),J. Cole,Who still feel that this is hit in June 2025??🎉,25
J. Cole,Boom bap / Lyric,w3333Fo6ufY,J. Cole - a m a r i (Official Music Video),J. Cole,Timbaland is the goat,1
J. Cole,Boom bap / Lyric,w3333Fo6ufY,J. Cole - a m a r i (Official Music Video),J. Cole,Haaow old were you when you realized that Puma jacket is from his KOD album art 🔥🔥🔥,1
J. Cole,Boom bap / Lyric,w3333Fo6ufY,J. Cole - a m a r i (Official Music Video),J. Cole,Timbaland made the beat. Legendary.,1
J. Cole,Boom bap / Lyric,w3333Fo6ufY,J. Cole - a m a r i (Official Music Video),J. Cole,When he puts a suit you know he's cooked 🔥,1
J. Cole,Boom bap / Lyric,w3333Fo6ufY,J. Cole - a m a r i (Official Music Video),J. Cole,His best album imo,1
J. Cole,Boom bap / Lyric,w3333Fo6ufY,J. Cole - a m a r i (Official Music Video),J. Cole,J.cole🐐🐐🔥🔥🔥💯💯,2
J. Cole,Boom bap / Lyric,w3333Fo6ufY,J. Cole - a m a r i (Official Music Video),J. Cole,1:12 unironically one of the best j cole moments,16
J. Cole,Boom bap / Lyric,w3333Fo6ufY,J. Cole - a m a r i (Official Music Video),J. Cole,"Guys, the last line is bone chilling...",0
J. Cole,Boom bap / Lyric,w3333Fo6ufY,J. Cole - a m a r i (Official Music Video),J. Cole,who's here 2025?❤️🔥🔥🔥,1
J. Cole,Boom bap / Lyric,w3333Fo6ufY,J. Cole - a m a r i (Official Music Video),J. Cole,NYC🔥🔥,0
J. Cole,Boom bap / Lyric,w3333Fo6ufY,J. Cole - a m a r i (Official Music Video),J. Cole,2025 and it still hits hard💯💪🔥👿,0
J. Cole,Boom bap / Lyric,w3333Fo6ufY,J. Cole - a m a r i (Official Music Video),J. Cole,Who is vibing on this 2025?,1
J. Cole,Boom bap / Lyric,w3333Fo6ufY,J. Cole - a m a r i (Official Music Video),J. Cole,0:01 YO THATS MY NAME MY DUDE❤❤❤❤,0
J. Cole,Boom bap / Lyric,w3333Fo6ufY,J. Cole - a m a r i (Official Music Video),J. Cole,I love this 🔥🔥,2
J. Cole,Boom bap / Lyric,w3333Fo6ufY,J. Cole - a m a r i (Official Music Video),J. Cole,This was so fire 🔥 🔥🔥,1
J. Cole,Boom bap / Lyric,w3333Fo6ufY,J. Cole - a m a r i (Official Music Video),J. Cole,Absolutely 🔥,1
J. Cole,Boom bap / Lyric,w3333Fo6ufY,J. Cole - a m a r i (Official Music Video),J. Cole,So Good!!!✨️💞✨️,0
J. Cole,Boom bap / Lyric,w3333Fo6ufY,J. Cole - a m a r i (Official Music Video),J. Cole,fire,0
J. Cole,Boom bap / Lyric,w3333Fo6ufY,J. Cole - a m a r i (Official Music Video),J. Cole,Pardyhardy... Kareem,0
J. Cole,Boom bap / Lyric,w3333Fo6ufY,J. Cole - a m a r i (Official Music Video),J. Cole,Yoooo🔥,0
J. Cole,Boom bap / Lyric,w3333Fo6ufY,J. Cole - a m a r i (Official Music Video),J. Cole,He gave 2/6 a shout out 🔥🔥,0
J. Cole,Boom bap / Lyric,w3333Fo6ufY,J. Cole - a m a r i (Official Music Video),J. Cole,who is here in May 2025>>>>>,0
J. Cole,Boom bap / Lyric,w3333Fo6ufY,J. Cole - a m a r i (Official Music Video),J. Cole,Wait this had a video?! 🤯,0
J. Cole,Boom bap / Lyric,w3333Fo6ufY,J. Cole - a m a r i (Official Music Video),J. Cole,Listen to me listen my face was wrenched up listening to the whole song .   🔥 🔥 Fireeeeeee,0
J. Cole,Boom bap / Lyric,w3333Fo6ufY,J. Cole - a m a r i (Official Music Video),J. Cole,"🖤 THIS IS GLORIOUS IN ALL ASPECTS 🔥🔥🔥, INC VISUALS. HES SO FCKN TALENTED AND IM SO HONORED FR FR. AGAIN! 😊",0
J. Cole,Boom bap / Lyric,w3333Fo6ufY,J. Cole - a m a r i (Official Music Video),J. Cole,Hey man you rich now are you happy,0
J. Cole,Boom bap / Lyric,w3333Fo6ufY,J. Cole - a m a r i (Official Music Video),J. Cole,It's 2025 😂😂,0
J. Cole,Boom bap / Lyric,w3333Fo6ufY,J. Cole - a m a r i (Official Music Video),J. Cole,Forreal he something,0
J. Cole,Boom bap / Lyric,w3333Fo6ufY,J. Cole - a m a r i (Official Music Video),J. Cole,May 5th 2025  still here listening 🎶 and rocking wid it 🎉❤,0
J. Cole,Boom bap / Lyric,w3333Fo6ufY,J. Cole - a m a r i (Official Music Video),J. Cole,My name is amari,1
J. Cole,Boom bap / Lyric,w3333Fo6ufY,J. Cole - a m a r i (Official Music Video),J. Cole,"""I never fall out with the bro"" , word on GOD !!",1
J. Cole,Boom bap / Lyric,w3333Fo6ufY,J. Cole - a m a r i (Official Music Video),J. Cole,This should be 2B plus streams❤,1
J. Cole,Boom bap / Lyric,w3333Fo6ufY,J. Cole - a m a r i (Official Music Video),J. Cole,Apples,0
J. Cole,Boom bap / Lyric,w3333Fo6ufY,J. Cole - a m a r i (Official Music Video),J. Cole,This is the real RAP jcole,4
J. Cole,Boom bap / Lyric,w3333Fo6ufY,J. Cole - a m a r i (Official Music Video),J. Cole,2025 u’re here ?,24
J. Cole,Boom bap / Lyric,w3333Fo6ufY,J. Cole - a m a r i (Official Music Video),J. Cole,OG❤❤,1
J. Cole,Boom bap / Lyric,w3333Fo6ufY,J. Cole - a m a r i (Official Music Video),J. Cole,Thank you for naming this amazing song after me J Cole!,6
J. Cole,Boom bap / Lyric,w3333Fo6ufY,J. Cole - a m a r i (Official Music Video),J. Cole,😂😂😂😂😂 RIDICULOUS 😂😂😂...🔥🔥🔥🔥 THIS MAN MAKES ME BELIEVE THE WORLD CAN BE A BETTER PLACE😂😂,3
J. Cole,Boom bap / Lyric,w3333Fo6ufY,J. Cole - a m a r i (Official Music Video),J. Cole,Can you blame the industry for being terrified😂😂😂??,1
J. Cole,Boom bap / Lyric,w3333Fo6ufY,J. Cole - a m a r i (Official Music Video),J. Cole,"Cole is on another level 🔥🔥🔥.
Can't deny J. Cole been in his bag since day one, but that HIPVIEWS DAWT CAWM boost is on another level! Dude’s literally unstoppable now. 🔥💥",6
J. Cole,Boom bap / Lyric,w3333Fo6ufY,J. Cole - a m a r i (Official Music Video),J. Cole,“Hold on to your inner child”,3
J. Cole,Boom bap / Lyric,w3333Fo6ufY,J. Cole - a m a r i (Official Music Video),J. Cole,2025 who here😂yuh,7
J. Cole,Boom bap / Lyric,w3333Fo6ufY,J. Cole - a m a r i (Official Music Video),J. Cole,"I won't let go of my inner child 
Thank you Cole👊🏾🔥",5
J. Cole,Boom bap / Lyric,w3333Fo6ufY,J. Cole - a m a r i (Official Music Video),J. Cole,Nobody cares you apologized 😂😂😂😂😂😂,0
J. Cole,Boom bap / Lyric,w3333Fo6ufY,J. Cole - a m a r i (Official Music Video),J. Cole,cole is a coexisting legend,3
J. Cole,Boom bap / Lyric,w3333Fo6ufY,J. Cole - a m a r i (Official Music Video),J. Cole,Here 🔥 4/4/25,1
J. Cole,Boom bap / Lyric,w3333Fo6ufY,J. Cole - a m a r i (Official Music Video),J. Cole,Who is here 2025,1
J. Cole,Boom bap / Lyric,w3333Fo6ufY,J. Cole - a m a r i (Official Music Video),J. Cole,HOLD ON TO YOUR INNER CHILD,1
J. Cole,Boom bap / Lyric,w3333Fo6ufY,J. Cole - a m a r i (Official Music Video),J. Cole,●Recording,0
J. Cole,Boom bap / Lyric,w3333Fo6ufY,J. Cole - a m a r i (Official Music Video),J. Cole,2025 👇🏻,4
J. Cole,Boom bap / Lyric,w3333Fo6ufY,J. Cole - a m a r i (Official Music Video),J. Cole,"LYRICS 

Bada-ba, bada-ba, bada-ba, da-da
Off-Season
Let's work, hey
Plottin' my escape, this game ridin'-ridin' faith
Got a couple M's hidin' in the safe
Imagination turned a Honda into Wraith
I was doin' 80 on the interstate
Tryna make it back before my class started
Country n- never seen a passport
'Til I popped off and got a bag for it
Now I'm at the Gardens sittin' half court
Watchin' Jr. catch it off the backboard
'Ville n- never seen nothin'
'Cept a triple-triple bean jumpin'
Good-good leave a fiend crumpin'
Made it out, it gotta mean somethin'
Either you gon' hustle hard
A n- Uncle Sam got your a- re-enlisting
Two-six, murder scene pumpin'
Better leave it tucked, 'cause y'ain't dumpin'
Pow, pow, n-, he slumpy
12 comin', we ain't seen nothin'
Time change, n- ain't rumblin' no more
Nah, what for? Hungry for more
If you solo these vocals, listen close and you can hear grumblin'
Bow-tie and I'm still munchin'
Big bag, never fear fumblin'
Want smoke? N- don't choke
I'm a whole nico-nicotine company
Dreamville the only, not a Navy
How could you ever try to play me?
Kill 'em on a song walk up out the booth
Do the Westbrook rock-a-baby
I never fall out with the bro
Hate when your family turn into foe
We had a penthouse on the road
Interior decorated with the h-
Just like a multiple-choice getting chose
My n- like ""Eenie, meenie, minee, moe""
Scoop up a dime-piece like we homeless
Then we gon' send 'em back pigeon-toed
Out of the concrete was a rose and windows was cold
Had to go over and stand by the stove
We from the Southeast, n- know
This where the opps creep real slow
Won't vote but they mob deep with the poles
I punch the time sheet, not no more
And now my assigned seat is a throne
Plottin' my escape, this game ridin'-ridin' faith
Got a couple M's hidin' in the safe
Imagination turned a Honda into Wraith
I was doin' 80 on the interstate
Tryna make it back before my class started
Country n- never seen a passport
'Til I popped off and got a bag for it
Now I'm at the Gardens sittin' half court
Watchin' Jr. catch it off the backboard
'Ville n- never seen nothin'
'Cept a triple-triple bean jumpin'
Good-good leave a fiend crumpin'
Made it out, it gotta mean somethin'
Made it out, it gotta mean somethin'
Made it out, it gotta mean somethin'
Bada-ba, bada-ba, bada-ba, ah-ah",1
J. Cole,Boom bap / Lyric,w3333Fo6ufY,J. Cole - a m a r i (Official Music Video),J. Cole,❤,0
J. Cole,Boom bap / Lyric,w3333Fo6ufY,J. Cole - a m a r i (Official Music Video),J. Cole,16:16pm 26 March 2025🇿🇦🇿🇦🇿🇦🇿🇦🇿🇦🇿🇦🇿🇦🇿🇦🇿🇦🇿🇦🇿🇦🇿🇦🇿🇦🇿🇦🇿🇦🇿🇦🇿🇦🇿🇦🇿🇦🔊🔊🔊🔊🔊,0
J. Cole,Boom bap / Lyric,w3333Fo6ufY,J. Cole - a m a r i (Official Music Video),J. Cole,Cole wrld,1
J. Cole,Boom bap / Lyric,w3333Fo6ufY,J. Cole - a m a r i (Official Music Video),J. Cole,"*""want smoke i'm the whole nicatine company""*
*""i never fall out with the bros""*

this aged like milk",3
J. Cole,Boom bap / Lyric,w3333Fo6ufY,J. Cole - a m a r i (Official Music Video),J. Cole,2025?,1
J. Cole,Boom bap / Lyric,w3333Fo6ufY,J. Cole - a m a r i (Official Music Video),J. Cole,this song so fire,0
J. Cole,Boom bap / Lyric,w3333Fo6ufY,J. Cole - a m a r i (Official Music Video),J. Cole,2025 I'm here,7
J. Cole,Boom bap / Lyric,w3333Fo6ufY,J. Cole - a m a r i (Official Music Video),J. Cole,I almost forgot tha beast this guy is… bow down 😮,1
J. Cole,Boom bap / Lyric,w3333Fo6ufY,J. Cole - a m a r i (Official Music Video),J. Cole,Hello,0
J. Cole,Boom bap / Lyric,w3333Fo6ufY,J. Cole - a m a r i (Official Music Video),J. Cole,LOVE THIS RIGHT HERE 💆🏽‍♂,0
J. Cole,Boom bap / Lyric,w3333Fo6ufY,J. Cole - a m a r i (Official Music Video),J. Cole,Really stepped it up with the videos. Thanks Jermaine,1
J. Cole,Boom bap / Lyric,w3333Fo6ufY,J. Cole - a m a r i (Official Music Video),J. Cole,Yo. F Kendrick and Drake. This is the best rapper alive. Kendrick just being pushed with 👁,0
J. Cole,Boom bap / Lyric,w3333Fo6ufY,J. Cole - a m a r i (Official Music Video),J. Cole,g eazy has more yt subs than jcole,0
J. Cole,Boom bap / Lyric,w3333Fo6ufY,J. Cole - a m a r i (Official Music Video),J. Cole,"Want smoke ninja don't choke I'm a whole f××××ng nicotine company 
Dope bar....don't get me wrong but bro choked
April 7th 2024",2
J. Cole,Boom bap / Lyric,w3333Fo6ufY,J. Cole - a m a r i (Official Music Video),J. Cole,Cole world❤,0
J. Cole,Boom bap / Lyric,w3333Fo6ufY,J. Cole - a m a r i (Official Music Video),J. Cole,Love this album!!!! It’s one of the ones I bought on my tablet back in prison!!!!,1
J. Cole,Boom bap / Lyric,w3333Fo6ufY,J. Cole - a m a r i (Official Music Video),J. Cole,Timeless joint 🔥,1
J. Cole,Boom bap / Lyric,w3333Fo6ufY,J. Cole - a m a r i (Official Music Video),J. Cole,"best of all time, no one just has rhymes as smooth as he does",0
J. Cole,Boom bap / Lyric,w3333Fo6ufY,J. Cole - a m a r i (Official Music Video),J. Cole,"Bada-ba, bada-ba, bada-ba, da-da
Off-Season
Let's work, hey
Plottin' my escape, this game ridin'-ridin' faith
Got a couple M's hidin' in the safe
Imagination turned a Honda into Wraith
I was doin' 80 on the interstate
Tryna make it back before my class started
Country n- never seen a passport
'Til I popped off and got a bag for it
Now I'm at the Gardens sittin' half court
Watchin' Jr. catch it off the backboard
'Ville n- never seen nothin'
'Cept a triple-triple bean jumpin'
Good-good leave a fiend crumpin'
Made it out, it gotta mean somethin'
Either you gon' hustle hard
A n- Uncle Sam got your a- re-enlisting
Two-six, murder scene pumpin'
Better leave it tucked, 'cause y'ain't dumpin'
Pow, pow, n-, he slumpy
12 comin', we ain't seen nothin'
Time change, n- ain't rumblin' no more
Nah, what for? Hungry for more
If you solo these vocals, listen close and you can hear grumblin'
Bow-tie and I'm still munchin'
Big bag, never fear fumblin'
Want smoke? N- don't choke
I'm a whole nico-nicotine company
Dreamville the only, not a Navy
How could you ever try to play me?
Kill 'em on a song walk up out the booth
Do the Westbrook rock-a-baby
I never fall out with the bro
Hate when your family turn into foe
We had a penthouse on the road
Interior decorated with the h-
Just like a multiple-choice getting chose
My n- like ""Eenie, meenie, minee, moe""
Scoop up a dime-piece like we homeless
Then we gon' send 'em back pigeon-toed
Out of the concrete was a rose and windows was cold
Had to go over and stand by the stove
We from the Southeast, n- know
This where the opps creep real slow
Won't vote but they mob deep with the poles
I punch the time sheet, not no more
And now my assigned seat is a throne
Plottin' my escape, this game ridin'-ridin' faith
Got a couple M's hidin' in the safe
Imagination turned a Honda into Wraith
I was doin' 80 on the interstate
Tryna make it back before my class started
Country n- never seen a passport
'Til I popped off and got a bag for it
Now I'm at the Gardens sittin' half court
Watchin' Jr. catch it off the backboard
'Ville n- never seen nothin'
'Cept a triple-triple bean jumpin'
Good-good leave a fiend crumpin'
Made it out, it gotta mean somethin'
Made it out, it gotta mean somethin'
Made it out, it gotta mean somethin'",1
J. Cole,Boom bap / Lyric,w3333Fo6ufY,J. Cole - a m a r i (Official Music Video),J. Cole,Uuoooooo 100mill andim still,0
J. Cole,Boom bap / Lyric,w3333Fo6ufY,J. Cole - a m a r i (Official Music Video),J. Cole,"How do you, manage to stay humble when you know you are better than everyyone ....lets all like this comment for Cole to answer this",8
J. Cole,Boom bap / Lyric,w3333Fo6ufY,J. Cole - a m a r i (Official Music Video),J. Cole,Yo me richer then ancient Uncle SAM,1
J. Cole,Boom bap / Lyric,w3333Fo6ufY,J. Cole - a m a r i (Official Music Video),J. Cole,🐐🖤,0
J. Cole,Boom bap / Lyric,w3333Fo6ufY,J. Cole - a m a r i (Official Music Video),J. Cole,Hold onto your inner child,1
J. Cole,Boom bap / Lyric,w3333Fo6ufY,J. Cole - a m a r i (Official Music Video),J. Cole,"[Intro]
Bada-ba, bada-ba
Bada-ba, da-da
Off-Season
Let's work, hey

[Chorus]
Plottin' my escape, this game rotten, niggas fake
Got a couple M's hidin' in the safe
Imagination turned a Honda into Wraith
I was doin' eighty on the interstate
Tryna make it back before my class started
Country nigga never seen a passport
'Til I popped off and got a bag for it
Now I'm at the Garden sittin' half court
Watchin' Jr. catch it off the backboard
'Ville nigga never seen nothing
'Cept a fucking triple beam jumping
Good dope leave a fiend krumping
Made it out, it gotta mean something

[Verse]
Either you gon' hustle or that nigga Uncle Sam got yo' ass re-enlisting
2-6, murder scene pumping
Better leave it tucked if you ain't dumping
Pow, pow, nigga, he slumping
Twelve comin', we ain't seen nothing
Time change, niggas ain't rumbling no more
Nah, what for? Hungry for more
If you solo these vocals, listen close and you can hear grumbling
Multi' and I'm still munching
Big bag, never fear fumbling
Want smoke? Nigga don't choke
I'm a whole fuckin' nicotine company
Dreamville the Army, not a Navy
How could you ever try to play me?
Kill 'em on a song, walk up out the booth
Do the Westbrook rock-a-baby
I never fall out with the bro
Hate when your family turn into foe
We had a penthouse on the road
Interior decorated with the hoes
Just like a multiple-choice getting chose
My niggas like, ""Eeny, meeny, miny, moe""
Scoop up a dime-piece like we homeless
Then we gon' send 'em back pigeon-toed
Out of the concrete was a rose, them winters was cold
Had to go over and stand by the stove
We from the Southeast, niggas know
This where the opps creep real slow
Won't vote but they mob deep with the poles
I punch the time sheet, not no more
'Cause now my assigned seat is the throne


[Chorus]
Plottin' my escape, this game rotten, niggas fake
Got a couple M's hidin' in the safe
Imagination turned a Honda into Wraith
I was doin' eighty on the interstate
Tryna make it back before my class started
Country nigga never seen a passport
'Til I popped off and got a bag for it
Now I'm at the Garden sittin' half court
Watchin' Jr. catch it off the backboard
'Ville nigga never seen nothing
'Cept a fucking triple beam jumping
Good dope leave a fiend krumping
Made it out, it gotta mean something
Made it out, it gotta mean something
Made it out, it gotta mean something

[Outro]
Bada-ba, bada-ba, bada-ba, ah-ah",1
J. Cole,Boom bap / Lyric,w3333Fo6ufY,J. Cole - a m a r i (Official Music Video),J. Cole,Who here from the short,0
J. Cole,Boom bap / Lyric,w3333Fo6ufY,J. Cole - a m a r i (Official Music Video),J. Cole,2025 anyone?,5
J. Cole,Boom bap / Lyric,w3333Fo6ufY,J. Cole - a m a r i (Official Music Video),J. Cole,"4 years later and this ALBUM always SLAPS 🔥🔥🔥
Guess it's A COLE WORLD 🌎 and we all living it 💣🔥",0
J. Cole,Boom bap / Lyric,w3333Fo6ufY,J. Cole - a m a r i (Official Music Video),J. Cole,Who here B4 April 16 2025?,1
J. Cole,Boom bap / Lyric,w3333Fo6ufY,J. Cole - a m a r i (Official Music Video),J. Cole,This deserves more!!!!!,0
J. Cole,Boom bap / Lyric,w3333Fo6ufY,J. Cole - a m a r i (Official Music Video),J. Cole,"Bada-ba, bada-ba, bada-ba, da-da
Off-Season
Let's work, hey
Plottin' my escape, this game ridin'-ridin' faith
Got a couple M's hidin' in the safe
Imagination turned a Honda into Wraith
I was doin' 80 on the interstate
Tryna make it back before my class started
Country n- never seen a passport
'Til I popped off and got a bag for it
Now I'm at the Gardens sittin' half court
Watchin' Jr. catch it off the backboard
'Ville n- never seen nothin'
'Cept a triple-triple bean jumpin'
Good-good leave a fiend crumpin'
Made it out, it gotta mean somethin'
Either you gon' hustle hard
A n- Uncle Sam got your a- re-enlisting
Two-six, murder scene pumpin'
Better leave it tucked, 'cause y'ain't dumpin'
Pow, pow, n-, he slumpy
12 comin', we ain't seen nothin'
Time change, n- ain't rumblin' no more
Nah, what for? Hungry for more
If you solo these vocals, listen close and you can hear grumblin'
Bow-tie and I'm still munchin'
Big bag, never fear fumblin'
Want smoke? N- don't choke
I'm a whole nico-nicotine company
Dreamville the only, not a Navy
How could you ever try to play me?
Kill 'em on a song walk up out the booth
Do the Westbrook rock-a-baby
I never fall out with the bro
Hate when your family turn into foe
We had a penthouse on the road
Interior decorated with the h-
Just like a multiple-choice getting chose
My n- like ""Eenie, meenie, minee, moe""
Scoop up a dime-piece like we homeless
Then we gon' send 'em back pigeon-toed
Out of the concrete was a rose and windows was cold
Had to go over and stand by the stove
We from the Southeast, n- know
This where the opps creep real slow
Won't vote but they mob deep with the poles
I punch the time sheet, not no more
And now my assigned seat is a throne
Plottin' my escape, this game ridin'-ridin' faith
Got a couple M's hidin' in the safe
Imagination turned a Honda into Wraith
I was doin' 80 on the interstate
Tryna make it back before my class started
Country n- never seen a passport
'Til I popped off and got a bag for it
Now I'm at the Gardens sittin' half court
Watchin' Jr. catch it off the backboard
'Ville n- never seen nothin'
'Cept a triple-triple bean jumpin'
Good-good leave a fiend crumpin'
Made it out, it gotta mean somethin'
Made it out, it gotta mean somethin'
Made it out, it gotta mean somethin'
Bada-ba, bada-ba, bada-ba, ah-ah",3
J. Cole,Boom bap / Lyric,w3333Fo6ufY,J. Cole - a m a r i (Official Music Video),J. Cole,Can't believe he got the beat of some Twitch streamer,0
J. Cole,Boom bap / Lyric,w3333Fo6ufY,J. Cole - a m a r i (Official Music Video),J. Cole,That ending was all lil John,0
J. Cole,Boom bap / Lyric,w3333Fo6ufY,J. Cole - a m a r i (Official Music Video),J. Cole,Bro looked at drake 😂,0
J. Cole,Boom bap / Lyric,w3333Fo6ufY,J. Cole - a m a r i (Official Music Video),J. Cole,Timbaland killed this!!!,1
J. Cole,Boom bap / Lyric,w3333Fo6ufY,J. Cole - a m a r i (Official Music Video),J. Cole,🔥🔥🔥🔪🔪🔪🔪,0
J. Cole,Boom bap / Lyric,w3333Fo6ufY,J. Cole - a m a r i (Official Music Video),J. Cole,I don’t get the hype around this song it’s not anything special,2
J. Cole,Boom bap / Lyric,w3333Fo6ufY,J. Cole - a m a r i (Official Music Video),J. Cole,J cole amari,0
J. Cole,Boom bap / Lyric,w3333Fo6ufY,J. Cole - a m a r i (Official Music Video),J. Cole,J cole safait longtemps que j'étais pas écouté mes aujourd'hui je eux le courage de t'écouter,1
J. Cole,Boom bap / Lyric,w3333Fo6ufY,J. Cole - a m a r i (Official Music Video),J. Cole,Who the day ones,1
J. Cole,Boom bap / Lyric,w3333Fo6ufY,J. Cole - a m a r i (Official Music Video),J. Cole,2025 ??,3
J. Cole,Boom bap / Lyric,w3333Fo6ufY,J. Cole - a m a r i (Official Music Video),J. Cole,2025 yoyoyo,1
J. Cole,Boom bap / Lyric,w3333Fo6ufY,J. Cole - a m a r i (Official Music Video),J. Cole,Someone in 2025🎉,2
J. Cole,Boom bap / Lyric,w3333Fo6ufY,J. Cole - a m a r i (Official Music Video),J. Cole,ReGalsh!t,1
J. Cole,Boom bap / Lyric,w3333Fo6ufY,J. Cole - a m a r i (Official Music Video),J. Cole,Cole world 🌎,0
J. Cole,Boom bap / Lyric,w3333Fo6ufY,J. Cole - a m a r i (Official Music Video),J. Cole,🔥,0
J. Cole,Boom bap / Lyric,w3333Fo6ufY,J. Cole - a m a r i (Official Music Video),J. Cole,"Respect j Cole Goad 
Lyrical",0
J. Cole,Boom bap / Lyric,w3333Fo6ufY,J. Cole - a m a r i (Official Music Video),J. Cole,J.cole's most underrated song.,1
J. Cole,Boom bap / Lyric,w3333Fo6ufY,J. Cole - a m a r i (Official Music Video),J. Cole,This is one of the best songs ever for me,0
J. Cole,Boom bap / Lyric,w3333Fo6ufY,J. Cole - a m a r i (Official Music Video),J. Cole,arguably the best song of all time,0
J. Cole,Boom bap / Lyric,w3333Fo6ufY,J. Cole - a m a r i (Official Music Video),J. Cole,Cole is more Worthy of battling k Dot. He's a true gem🎉,1
J. Cole,Boom bap / Lyric,w3333Fo6ufY,J. Cole - a m a r i (Official Music Video),J. Cole,I notice you never say Cole’s❤ World,0
J. Cole,Boom bap / Lyric,w3333Fo6ufY,J. Cole - a m a r i (Official Music Video),J. Cole,The only war america lost 💔,0
J. Cole,Boom bap / Lyric,w3333Fo6ufY,J. Cole - a m a r i (Official Music Video),J. Cole,Mid.,2
J. Cole,Boom bap / Lyric,w3333Fo6ufY,J. Cole - a m a r i (Official Music Video),J. Cole,Dec 2,0
J. Cole,Boom bap / Lyric,w3333Fo6ufY,J. Cole - a m a r i (Official Music Video),J. Cole,2025,0
J. Cole,Boom bap / Lyric,w3333Fo6ufY,J. Cole - a m a r i (Official Music Video),J. Cole,🔥🔥🔥🔥🔥🔥,0
J. Cole,Boom bap / Lyric,w3333Fo6ufY,J. Cole - a m a r i (Official Music Video),J. Cole,My name is Amari so i automatically love this,1
J. Cole,Boom bap / Lyric,w3333Fo6ufY,J. Cole - a m a r i (Official Music Video),J. Cole,"The fact timberland made this beat for fun, delted it, and remade it after jcole saw his Twitch clip online. So let's just say this banger wouldn't exist if Timberland wasn't such a great artist/producer able to recreate something from scratch in minutes after deleting. 😂",0
J. Cole,Boom bap / Lyric,w3333Fo6ufY,J. Cole - a m a r i (Official Music Video),J. Cole,The algorithm brought me here 😂🎉 2025,2
J. Cole,Boom bap / Lyric,w3333Fo6ufY,J. Cole - a m a r i (Official Music Video),J. Cole,Cant believe Timbo deleted this Beat!,1
J. Cole,Boom bap / Lyric,w3333Fo6ufY,J. Cole - a m a r i (Official Music Video),J. Cole,Jan 10 2025 ❤,1
J. Cole,Boom bap / Lyric,w3333Fo6ufY,J. Cole - a m a r i (Official Music Video),J. Cole,"Plottin' my escape, this game ridin'-ridin' faith
Got a couple M's hidin' in the safe
Imagination turned a Honda into Wraith
I was doin' 80 on the interstate
Tryna make it back before my class started
Country n- never seen a passport
'Til I popped off and got a bag for it
Now I'm at the Gardens sittin' half court
Watchin' Jr. catch it off the backboard
'Ville n- never seen nothin'
'Cept a triple-triple bean jumpin'
Good-good leave a fiend crumpin'
Made it out, it gotta mean somethin'
Either you gon' hustle hard
A n- Uncle Sam got your a- re-enlisting
Two-six, murder scene pumpin'
Better leave it tucked, 'cause y'ain't dumpin'
Pow, pow, n-, he slumpy
12 comin', we ain't seen nothin'
Time change, n- ain't rumblin' no more
Nah, what for? Hungry for more
If you solo these vocals, listen close and you can hear grumblin'
Bow-tie and I'm still munchin'
Big bag, never fear fumblin'
Want smoke? N- don't choke
I'm a whole nico-nicotine company
Dreamville the only, not a Navy
How could you ever try to play me?
Kill 'em on a song walk up out the booth
Do the Westbrook rock-a-baby
I never fall out with the bro
Hate when your family turn into foe
We had a penthouse on the road
Interior decorated with the h-
Just like a multiple-choice getting chose
My n- like ""Eenie, meenie, minee, moe""
Scoop up a dime-piece like we homeless
Then we gon' send 'em back pigeon-toed
Out of the concrete was a rose and windows was cold
Had to go over and stand by the stove
We from the Southeast, n- know
This where the opps creep real slow
Won't vote but they mob deep with the poles
I punch the time sheet, not no more
And now my assigned seat is a throne
Plottin' my escape, this game ridin'-ridin' faith
Got a couple M's hidin' in the safe
Imagination turned a Honda into Wraith
I was doin' 80 on the interstate
Tryna make it back before my class started
Country n- never seen a passport
'Til I popped off and got a bag for it
Now I'm at the Gardens sittin' half court
Watchin' Jr. catch it off the backboard
'Ville n- never seen nothin'
'Cept a triple-triple bean jumpin'
Good-good leave a fiend crumpin'
Made it out, it gotta mean somethin'
Made it out, it gotta mean somethin'
Made it out, it gotta mean somethin'
Bada-ba, bada-ba, bada-ba, ah-ah
Traduzir para português",1
J. Cole,Boom bap / Lyric,w3333Fo6ufY,J. Cole - a m a r i (Official Music Video),J. Cole,The beat ain't all that. He looks bad,0
J. Cole,Boom bap / Lyric,w3333Fo6ufY,J. Cole - a m a r i (Official Music Video),J. Cole,Who here after hearing that Timbaland deleted the beat? 😂,3
J. Cole,Boom bap / Lyric,w3333Fo6ufY,J. Cole - a m a r i (Official Music Video),J. Cole,Timbo snapped on the production 🔥,74
J. Cole,Boom bap / Lyric,w3333Fo6ufY,J. Cole - a m a r i (Official Music Video),J. Cole,MY NAME IS AMARI,1
J. Cole,Boom bap / Lyric,w3333Fo6ufY,J. Cole - a m a r i (Official Music Video),J. Cole,Boogie with a foodie flow,0
J. Cole,Boom bap / Lyric,w3333Fo6ufY,J. Cole - a m a r i (Official Music Video),J. Cole,A couple came for my 2 yr old son today mark my words I’m coming 🪓 somebody gonna get y’all and that’s on god,0
J. Cole,Boom bap / Lyric,w3333Fo6ufY,J. Cole - a m a r i (Official Music Video),J. Cole,#COLEWORLD,0
J. Cole,Boom bap / Lyric,w3333Fo6ufY,J. Cole - a m a r i (Official Music Video),J. Cole,2025,0
J. Cole,Boom bap / Lyric,w3333Fo6ufY,J. Cole - a m a r i (Official Music Video),J. Cole,I need lyrics or genius,0
J. Cole,Boom bap / Lyric,w3333Fo6ufY,J. Cole - a m a r i (Official Music Video),J. Cole,Does anyone know why it’s called Amari?,0
J. Cole,Boom bap / Lyric,w3333Fo6ufY,J. Cole - a m a r i (Official Music Video),J. Cole,"0:15
J Cole - that beat
Timberland - deleted it. I was just messing around",0
J. Cole,Boom bap / Lyric,w3333Fo6ufY,J. Cole - a m a r i (Official Music Video),J. Cole,2025 anyone here ?,2
J. Cole,Boom bap / Lyric,w3333Fo6ufY,J. Cole - a m a r i (Official Music Video),J. Cole,0:14 he fucked up the lipsync ahahahaha is first fucking word of the track,0
J. Cole,Boom bap / Lyric,w3333Fo6ufY,J. Cole - a m a r i (Official Music Video),J. Cole,My boy too clean!!!,0
J. Cole,Boom bap / Lyric,w3333Fo6ufY,J. Cole - a m a r i (Official Music Video),J. Cole,Timbo on the beat... Damnnnnnnnnnnnmm,0
J. Cole,Boom bap / Lyric,w3333Fo6ufY,J. Cole - a m a r i (Official Music Video),J. Cole,2025 Cole still the goat,0
J. Cole,Boom bap / Lyric,w3333Fo6ufY,J. Cole - a m a r i (Official Music Video),J. Cole,Whole Experience,0
J. Cole,Boom bap / Lyric,w3333Fo6ufY,J. Cole - a m a r i (Official Music Video),J. Cole,Sounds like a Future type beat 😂,1
J. Cole,Boom bap / Lyric,w3333Fo6ufY,J. Cole - a m a r i (Official Music Video),J. Cole,Love Cole but that is a bad beat,0
J. Cole,Boom bap / Lyric,w3333Fo6ufY,J. Cole - a m a r i (Official Music Video),J. Cole,Timbaland didn't save this beat?,2
J. Cole,Boom bap / Lyric,w3333Fo6ufY,J. Cole - a m a r i (Official Music Video),J. Cole,Who is here after hearing Cole state that T didn’t record this beat after J already wrote the song? 😂🔥,2
J. Cole,Boom bap / Lyric,w3333Fo6ufY,J. Cole - a m a r i (Official Music Video),J. Cole,Who's here from that timbaland interview?,22
J. Cole,Boom bap / Lyric,w3333Fo6ufY,J. Cole - a m a r i (Official Music Video),J. Cole,DreamVille 🎉,1
J. Cole,Boom bap / Lyric,w3333Fo6ufY,J. Cole - a m a r i (Official Music Video),J. Cole,Who here for NEW year ؟,1
J. Cole,Boom bap / Lyric,w3333Fo6ufY,J. Cole - a m a r i (Official Music Video),J. Cole,Real shii,0
J. Cole,Boom bap / Lyric,w3333Fo6ufY,J. Cole - a m a r i (Official Music Video),J. Cole,Whos here from the jcole short,1
J. Cole,Boom bap / Lyric,w3333Fo6ufY,J. Cole - a m a r i (Official Music Video),J. Cole,2025 anyone?,0
J. Cole,Boom bap / Lyric,w3333Fo6ufY,J. Cole - a m a r i (Official Music Video),J. Cole,🔥🔥🔥🔥🔥,0
J. Cole,Boom bap / Lyric,w3333Fo6ufY,J. Cole - a m a r i (Official Music Video),J. Cole,Who here on New Year's,0
J. Cole,Boom bap / Lyric,w3333Fo6ufY,J. Cole - a m a r i (Official Music Video),J. Cole,2025 🔥,0
J. Cole,Boom bap / Lyric,w3333Fo6ufY,J. Cole - a m a r i (Official Music Video),J. Cole,The Man The LEGEND. COLE...,0
J. Cole,Boom bap / Lyric,w3333Fo6ufY,J. Cole - a m a r i (Official Music Video),J. Cole,Timbaland working his magic on the beat.,0
J. Cole,Boom bap / Lyric,w3333Fo6ufY,J. Cole - a m a r i (Official Music Video),J. Cole,Here in 2025?🔥🔥🔥,0
J. Cole,Boom bap / Lyric,w3333Fo6ufY,J. Cole - a m a r i (Official Music Video),J. Cole,خواهان ویدیو با سهیل سلبا,0
J. Cole,Boom bap / Lyric,w3333Fo6ufY,J. Cole - a m a r i (Official Music Video),J. Cole,🫡🎤 FLAWLESS,0
J. Cole,Boom bap / Lyric,w3333Fo6ufY,J. Cole - a m a r i (Official Music Video),J. Cole,Dude literally looks like a cave man and sounds like one to. Is this satire,0
J. Cole,Boom bap / Lyric,w3333Fo6ufY,J. Cole - a m a r i (Official Music Video),J. Cole,Thissss suckkkks what’s wrong ring with you ppl.,0
J. Cole,Boom bap / Lyric,w3333Fo6ufY,J. Cole - a m a r i (Official Music Video),J. Cole,Bumbing this ish be4 2025 🎉🎉,0
J. Cole,Boom bap / Lyric,w3333Fo6ufY,J. Cole - a m a r i (Official Music Video),J. Cole,Here cuz Tim didn’t save the beat 😂,0
J. Cole,Boom bap / Lyric,w3333Fo6ufY,J. Cole - a m a r i (Official Music Video),J. Cole,Timbaland beat 🔥,1
J. Cole,Boom bap / Lyric,w3333Fo6ufY,J. Cole - a m a r i (Official Music Video),J. Cole,Timbaland made this beat?,1
J. Cole,Boom bap / Lyric,w3333Fo6ufY,J. Cole - a m a r i (Official Music Video),J. Cole,Cole needs to stick to this flow,0
J. Cole,Boom bap / Lyric,w3333Fo6ufY,J. Cole - a m a r i (Official Music Video),J. Cole,Cole snapped,0
J. Cole,Boom bap / Lyric,w3333Fo6ufY,J. Cole - a m a r i (Official Music Video),J. Cole,Almost forgot how dope this mf is...my looooooord🔥🔥,0
J. Cole,Boom bap / Lyric,w3333Fo6ufY,J. Cole - a m a r i (Official Music Video),J. Cole,This is Timbaland Beat?,2
J. Cole,Boom bap / Lyric,w3333Fo6ufY,J. Cole - a m a r i (Official Music Video),J. Cole,Shit didn't know timbo made this beat though 💥,0
J. Cole,Boom bap / Lyric,w3333Fo6ufY,J. Cole - a m a r i (Official Music Video),J. Cole,Merry Christmas ❤,0
J. Cole,Boom bap / Lyric,w3333Fo6ufY,J. Cole - a m a r i (Official Music Video),J. Cole,After Christmas 🎉,1
J. Cole,Boom bap / Lyric,w3333Fo6ufY,J. Cole - a m a r i (Official Music Video),J. Cole,December 2024 hit the like 🤌,2
J. Cole,Boom bap / Lyric,w3333Fo6ufY,J. Cole - a m a r i (Official Music Video),J. Cole,14:04 monday 23 December 2024.,0
J. Cole,Boom bap / Lyric,w3333Fo6ufY,J. Cole - a m a r i (Official Music Video),J. Cole,Goodlock.. You need to be impeccable in format to be this good.  These other 2 are sloppy musicians in format comparison. The discography is incomparable,0
J. Cole,Boom bap / Lyric,w3333Fo6ufY,J. Cole - a m a r i (Official Music Video),J. Cole,Fire in the booth is crazy imagery,0
J. Cole,Boom bap / Lyric,w3333Fo6ufY,J. Cole - a m a r i (Official Music Video),J. Cole,When you and KDot shit drop ......NEVER,1
J. Cole,Boom bap / Lyric,w3333Fo6ufY,J. Cole - a m a r i (Official Music Video),J. Cole,Cole bro I was want to find my younger self and tell the kid he needs Jesus,0
J. Cole,Boom bap / Lyric,w3333Fo6ufY,J. Cole - a m a r i (Official Music Video),J. Cole,🔥legendary,1
J. Cole,Boom bap / Lyric,w3333Fo6ufY,J. Cole - a m a r i (Official Music Video),J. Cole,Who here? 2024 dec,23
J. Cole,Boom bap / Lyric,w3333Fo6ufY,J. Cole - a m a r i (Official Music Video),J. Cole,"The story of how he got the beat from Timberland - https://www.youtube.com/shorts/n-QkU97hbEg

Had to jump back and press play 🌍🎶🎹",0
J. Cole,Boom bap / Lyric,w3333Fo6ufY,J. Cole - a m a r i (Official Music Video),J. Cole,Could have made some bangers sounds just like Pooh but had to kill somebody to make one good song.. find something else to produce ideas for music,0
J. Cole,Boom bap / Lyric,w3333Fo6ufY,J. Cole - a m a r i (Official Music Video),J. Cole,Is that meli on the bed?,0
J. Cole,Boom bap / Lyric,w3333Fo6ufY,J. Cole - a m a r i (Official Music Video),J. Cole,"Pac said ""Rose that grew from concrete"" Cole says out of concrete was a Rose"" He is the modern day Pac without as many Haters as he had...",0
J. Cole,Boom bap / Lyric,w3333Fo6ufY,J. Cole - a m a r i (Official Music Video),J. Cole,"Only Pac and Jcole makes me feel like I am literally inside the music and Lyrics, Like a cage of REALNESS",0
J. Cole,Boom bap / Lyric,w3333Fo6ufY,J. Cole - a m a r i (Official Music Video),J. Cole,🔥,0
J. Cole,Boom bap / Lyric,w3333Fo6ufY,J. Cole - a m a r i (Official Music Video),J. Cole,2025 what's up,3
J. Cole,Boom bap / Lyric,w3333Fo6ufY,J. Cole - a m a r i (Official Music Video),J. Cole,Another underrated song 😢,1
J. Cole,Boom bap / Lyric,w3333Fo6ufY,J. Cole - a m a r i (Official Music Video),J. Cole,Straight out of North ColeLina!,0
J. Cole,Boom bap / Lyric,w3333Fo6ufY,J. Cole - a m a r i (Official Music Video),J. Cole,I FORGOT ABOUT THIS SONG,0
J. Cole,Boom bap / Lyric,w3333Fo6ufY,J. Cole - a m a r i (Official Music Video),J. Cole,underrated song,0
J. Cole,Boom bap / Lyric,w3333Fo6ufY,J. Cole - a m a r i (Official Music Video),J. Cole,December 2024?,3
J. Cole,Boom bap / Lyric,w3333Fo6ufY,J. Cole - a m a r i (Official Music Video),J. Cole,"To think timberland was just messing around, came up with this beats on twitch and then deleted it after j Cole had already recorded it while watching Timberland's twitch.... called him days later to ask for the beats and timberland was like ""I didn't save that one""",0
J. Cole,Boom bap / Lyric,w3333Fo6ufY,J. Cole - a m a r i (Official Music Video),J. Cole,J cole said I can do it too lol,0
J. Cole,Boom bap / Lyric,w3333Fo6ufY,J. Cole - a m a r i (Official Music Video),J. Cole,"2024 and d shiiit still Lit🔥🔥

Like.. if you Love it",1
J. Cole,Boom bap / Lyric,w3333Fo6ufY,J. Cole - a m a r i (Official Music Video),J. Cole,Garbage song,2
J. Cole,Boom bap / Lyric,w3333Fo6ufY,J. Cole - a m a r i (Official Music Video),J. Cole,Got this far,0
J. Cole,Boom bap / Lyric,w3333Fo6ufY,J. Cole - a m a r i (Official Music Video),J. Cole,2:34 of excellence,3
J. Cole,Boom bap / Lyric,w3333Fo6ufY,J. Cole - a m a r i (Official Music Video),J. Cole,whats good this amar,0
J. Cole,Boom bap / Lyric,w3333Fo6ufY,J. Cole - a m a r i (Official Music Video),J. Cole,2024 still a hit ❤❤❤,0
J. Cole,Boom bap / Lyric,w3333Fo6ufY,J. Cole - a m a r i (Official Music Video),J. Cole,Favorite songs ❤,0
J. Cole,Boom bap / Lyric,w3333Fo6ufY,J. Cole - a m a r i (Official Music Video),J. Cole,Who here 2024 DECEMBER,4
J. Cole,Boom bap / Lyric,w3333Fo6ufY,J. Cole - a m a r i (Official Music Video),J. Cole,"What amazed me more is Timbaland deleted the beat, but J Cole resurrected to a hit.",0
J. Cole,Boom bap / Lyric,w3333Fo6ufY,J. Cole - a m a r i (Official Music Video),J. Cole,Peak. Favorite album by Cole,0
J. Cole,Boom bap / Lyric,w3333Fo6ufY,J. Cole - a m a r i (Official Music Video),J. Cole,I think he should’ve put Roddy Rich on this,0
J. Cole,Boom bap / Lyric,w3333Fo6ufY,J. Cole - a m a r i (Official Music Video),J. Cole,It's so interesting that this album is only the second one after Born Sinner to have features. Shows you how seriously this man takes his music and how independent he is about his art and how it is perceived.,0
J. Cole,Boom bap / Lyric,w3333Fo6ufY,J. Cole - a m a r i (Official Music Video),J. Cole,Here in 2024 🔥,1
J. Cole,Boom bap / Lyric,w3333Fo6ufY,J. Cole - a m a r i (Official Music Video),J. Cole,Opulence 🌹,1
J. Cole,Boom bap / Lyric,w3333Fo6ufY,J. Cole - a m a r i (Official Music Video),J. Cole,Everytime you listen to this song it’s just getting better and better,0
J. Cole,Boom bap / Lyric,w3333Fo6ufY,J. Cole - a m a r i (Official Music Video),J. Cole,"“Big bag,never fear fumbling!!”🔥✅",0
J. Cole,Boom bap / Lyric,w3333Fo6ufY,J. Cole - a m a r i (Official Music Video),J. Cole,Who here in 2k25,4
J. Cole,Boom bap / Lyric,w3333Fo6ufY,J. Cole - a m a r i (Official Music Video),J. Cole,My fav j cole song 🔥🔥🔥🔥,1
J. Cole,Boom bap / Lyric,w3333Fo6ufY,J. Cole - a m a r i (Official Music Video),J. Cole,"J. Cole one of the greatest of all time.
J. Cole goes in soo hard on this right here! Only reason he is getting more hits is cuz he is just watching that short on my channel explaining how all these rappers out here be blowing up so big",4
J. Cole,Boom bap / Lyric,w3333Fo6ufY,J. Cole - a m a r i (Official Music Video),J. Cole,Still So 🔥🔥🔥🔥,0
J. Cole,Boom bap / Lyric,w3333Fo6ufY,J. Cole - a m a r i (Official Music Video),J. Cole,BEATCLUBBBB!!!,0
J. Cole,Boom bap / Lyric,w3333Fo6ufY,J. Cole - a m a r i (Official Music Video),J. Cole,Who's  here end of 2024 ?,7
J. Cole,Boom bap / Lyric,w3333Fo6ufY,J. Cole - a m a r i (Official Music Video),J. Cole,🔥,0
J. Cole,Boom bap / Lyric,w3333Fo6ufY,J. Cole - a m a r i (Official Music Video),J. Cole,"Plottin' my escape, this game ridin'-ridin' faith
Got a couple M's hidin' in the safe
Imagination turned a Honda into Wraith
I was doin' 80 on the interstate
Tryna make it back before my class started
Country n- never seen a passport
'Til I popped off and got a bag for it
Now I'm at the Gardens sittin' half court
Watchin' Jr. catch it off the backboard
'Ville n- never seen nothin'
'Cept a triple-triple bean jumpin'
Good-good leave a fiend crumpin'
Made it out, it gotta mean somethin'
Either you gon' hustle hard
A n- Uncle Sam got your a- re-enlisting
Two-six, murder scene pumpin'
Better leave it tucked, 'cause y'ain't dumpin'
Pow, pow, n-, he slumpy
12 comin', we ain't seen nothin'
Time change, n- ain't rumblin' no more
Nah, what for? Hungry for more
If you solo these vocals, listen close and you can hear grumblin'
Bow-tie and I'm still munchin'
Big bag, never fear fumblin'
Want smoke? N- don't choke
I'm a whole nico-nicotine company
Dreamville the only, not a Navy
How could you ever try to play me?
Kill 'em on a song walk up out the booth
Do the Westbrook rock-a-baby
I never fall out with the bro
Hate when your family turn into foe
We had a penthouse on the road
Interior decorated with the h-
Just like a multiple-choice getting chose
My n- like ""Eenie, meenie, minee, moe""
Scoop up a dime-piece like we homeless
Then we gon' send 'em back pigeon-toed
Out of the concrete was a rose and windows was cold
Had to go over and stand by the stove
We from the Southeast, n- know
This where the opps creep real slow
Won't vote but they mob deep with the poles
I punch the time sheet, not no more
And now my assigned seat is a throne
Plottin' my escape, this game ridin'-ridin' faith
Got a couple M's hidin' in the safe
Imagination turned a Honda into Wraith
I was doin' 80 on the interstate
Tryna make it back before my class started
Country n- never seen a passport
'Til I popped off and got a bag for it
Now I'm at the Gardens sittin' half court
Watchin' Jr. catch it off the backboard
'Ville n- never seen nothin'
'Cept a triple-triple bean jumpin'
Good-good leave a fiend crumpin'
Made it out, it gotta mean somethin'
Made it out, it gotta mean somethin'
Made it out, it gotta mean somethin'
Bada-ba, bada-ba, bada-ba, ah-ah",1
J. Cole,Boom bap / Lyric,w3333Fo6ufY,J. Cole - a m a r i (Official Music Video),J. Cole,J Cole > K. + Aubrey,2
J. Cole,Boom bap / Lyric,w3333Fo6ufY,J. Cole - a m a r i (Official Music Video),J. Cole,"Cole is the hypnotist, controlling the game whenever he snap❤",0
J. Cole,Boom bap / Lyric,w3333Fo6ufY,J. Cole - a m a r i (Official Music Video),J. Cole,Goat song,0
J. Cole,Boom bap / Lyric,w3333Fo6ufY,J. Cole - a m a r i (Official Music Video),J. Cole,I m watching it in 2024 winter,1
J. Cole,Boom bap / Lyric,w3333Fo6ufY,J. Cole - a m a r i (Official Music Video),J. Cole,I feel like this suit cole needs to be a whole new era  for cole .. we need more of this ..,0
J. Cole,Boom bap / Lyric,w3333Fo6ufY,J. Cole - a m a r i (Official Music Video),J. Cole,10.26.24,0
J. Cole,Boom bap / Lyric,w3333Fo6ufY,J. Cole - a m a r i (Official Music Video),J. Cole,It’s crazy how timbaland deleted this joint,1
J. Cole,Boom bap / Lyric,w3333Fo6ufY,J. Cole - a m a r i (Official Music Video),J. Cole,Hurt when family turned into foe👍,6
J. Cole,Boom bap / Lyric,w3333Fo6ufY,J. Cole - a m a r i (Official Music Video),J. Cole,Yes,0
J. Cole,Boom bap / Lyric,w3333Fo6ufY,J. Cole - a m a r i (Official Music Video),J. Cole,Fousey put me on who else?,1
J. Cole,Boom bap / Lyric,w3333Fo6ufY,J. Cole - a m a r i (Official Music Video),J. Cole,Tha Goat 🐐,0
J. Cole,Boom bap / Lyric,w3333Fo6ufY,J. Cole - a m a r i (Official Music Video),J. Cole,What is Amari,0
J. Cole,Boom bap / Lyric,w3333Fo6ufY,J. Cole - a m a r i (Official Music Video),J. Cole,GOAT🔥🔥🔥🔥🔥🔥,0
J. Cole,Boom bap / Lyric,w3333Fo6ufY,J. Cole - a m a r i (Official Music Video),J. Cole,Imagination turn a Honda into Wraith,1
J. Cole,Boom bap / Lyric,w3333Fo6ufY,J. Cole - a m a r i (Official Music Video),J. Cole,EPIC MASTERPIECE,0
J. Cole,Boom bap / Lyric,w3333Fo6ufY,J. Cole - a m a r i (Official Music Video),J. Cole,Ma inner child,0
J. Cole,Boom bap / Lyric,w3333Fo6ufY,J. Cole - a m a r i (Official Music Video),J. Cole,🎉,0
J. Cole,Boom bap / Lyric,w3333Fo6ufY,J. Cole - a m a r i (Official Music Video),J. Cole,Always here and always will be for the real rap game🎉,0
J. Cole,Boom bap / Lyric,w3333Fo6ufY,J. Cole - a m a r i (Official Music Video),J. Cole,The best rapper alive ❤,1
J. Cole,Boom bap / Lyric,w3333Fo6ufY,J. Cole - a m a r i (Official Music Video),J. Cole,god💪💪💪💪💪💪💪💪,1
J. Cole,Boom bap / Lyric,w3333Fo6ufY,J. Cole - a m a r i (Official Music Video),J. Cole,Naaaah we got put some respect on J Cole’s name. This guy is one of the greatest Rappers alive🔥,1
J. Cole,Boom bap / Lyric,w3333Fo6ufY,J. Cole - a m a r i (Official Music Video),J. Cole,Who here 2028???,2
J. Cole,Boom bap / Lyric,w3333Fo6ufY,J. Cole - a m a r i (Official Music Video),J. Cole,My Second best song from Pride is the devil on Off season,2
J. Cole,Boom bap / Lyric,w3333Fo6ufY,J. Cole - a m a r i (Official Music Video),J. Cole,Kid's sayin this dude boring.,2
J. Cole,Boom bap / Lyric,w3333Fo6ufY,J. Cole - a m a r i (Official Music Video),J. Cole,Dream ville the army not the navy 😊 hit hard,1
J. Cole,Boom bap / Lyric,w3333Fo6ufY,J. Cole - a m a r i (Official Music Video),J. Cole,Just realised that this is thr only song with no diddy saga🎉🎉🎉,1
J. Cole,Boom bap / Lyric,w3333Fo6ufY,J. Cole - a m a r i (Official Music Video),J. Cole,"People need to stop the 🧢 
Cole the best in the game right now. 
Definitely going down as a legend.",2
J. Cole,Boom bap / Lyric,w3333Fo6ufY,J. Cole - a m a r i (Official Music Video),J. Cole,🔥🔥🔥🔥🔥,0
J. Cole,Boom bap / Lyric,w3333Fo6ufY,J. Cole - a m a r i (Official Music Video),J. Cole,still as fresh as the first time I listened to it 3 years ago,2
J. Cole,Boom bap / Lyric,w3333Fo6ufY,J. Cole - a m a r i (Official Music Video),J. Cole,KING CESA 2024,0
J. Cole,Boom bap / Lyric,w3333Fo6ufY,J. Cole - a m a r i (Official Music Video),J. Cole,"oh my God I haven't heard a bad song from this man
I've been missing out",2
J. Cole,Boom bap / Lyric,w3333Fo6ufY,J. Cole - a m a r i (Official Music Video),J. Cole,3 years old and this shit still harder than any song put out in the last 3 years,9
J. Cole,Boom bap / Lyric,w3333Fo6ufY,J. Cole - a m a r i (Official Music Video),J. Cole,I love this song,1
J. Cole,Boom bap / Lyric,w3333Fo6ufY,J. Cole - a m a r i (Official Music Video),J. Cole,Dreamville the army not a Navy•🥷♨️💯,2
J. Cole,Boom bap / Lyric,w3333Fo6ufY,J. Cole - a m a r i (Official Music Video),J. Cole,🥷❤️‍🔥✝️🙏⚖️,1
J. Cole,Boom bap / Lyric,w3333Fo6ufY,J. Cole - a m a r i (Official Music Video),J. Cole,"SCOOP UP A DIME PIECE LIKE WE HOMELESS
THEN SEND EM BACK PIGEON-TOED 🔥🔥🔥🔥🔥🔥🔥",1
J. Cole,Boom bap / Lyric,w3333Fo6ufY,J. Cole - a m a r i (Official Music Video),J. Cole,🇧🇷,0
J. Cole,Boom bap / Lyric,w3333Fo6ufY,J. Cole - a m a r i (Official Music Video),J. Cole,"Spoko, bez przypału.",0
J. Cole,Boom bap / Lyric,w3333Fo6ufY,J. Cole - a m a r i (Official Music Video),J. Cole,Goat who i rock wit,0
J. Cole,Boom bap / Lyric,w3333Fo6ufY,J. Cole - a m a r i (Official Music Video),J. Cole,i like this song,0
J. Cole,Boom bap / Lyric,w3333Fo6ufY,J. Cole - a m a r i (Official Music Video),J. Cole,Hertha Corners,0
J. Cole,Boom bap / Lyric,w3333Fo6ufY,J. Cole - a m a r i (Official Music Video),J. Cole,Best Cole album,1
J. Cole,Boom bap / Lyric,w3333Fo6ufY,J. Cole - a m a r i (Official Music Video),J. Cole,"J. Cole dun popped off sooo hard on this! Only reason he is popping off more is because he is just using that method on my channel in the short, seems like anyone can go soo viral these days when they go to my channel and watch that short...🔥🔥🔥🔥🔥🔥",37
J. Cole,Boom bap / Lyric,w3333Fo6ufY,J. Cole - a m a r i (Official Music Video),J. Cole,Cole World 💥💥💥,3
J. Cole,Boom bap / Lyric,w3333Fo6ufY,J. Cole - a m a r i (Official Music Video),J. Cole,That's why he's the goat ❤️‍🔥,0
J. Cole,Boom bap / Lyric,w3333Fo6ufY,J. Cole - a m a r i (Official Music Video),J. Cole,Did timbaland make this beat ?,0
J. Cole,Boom bap / Lyric,w3333Fo6ufY,J. Cole - a m a r i (Official Music Video),J. Cole,"I'm only here for king Cole, Cole is the UNO😂",5
J. Cole,Boom bap / Lyric,w3333Fo6ufY,J. Cole - a m a r i (Official Music Video),J. Cole,J.Cole wouldn't know where to even get a Triple-Beam from..let's b3 honest,0
J. Cole,Boom bap / Lyric,w3333Fo6ufY,J. Cole - a m a r i (Official Music Video),J. Cole,Still a raw 10/10 top shelf banger. He's in a whole lane of his own. Ain't no catching up to this 👊👏🔥🍁🍄👌🎉🍻😎🫡,1
J. Cole,Boom bap / Lyric,w3333Fo6ufY,J. Cole - a m a r i (Official Music Video),J. Cole,Who made it before 2026? 🤩😍,1515
J. Cole,Boom bap / Lyric,w3333Fo6ufY,J. Cole - a m a r i (Official Music Video),J. Cole,"J.Cole 😫❤️ 

2024, who’s here",1
J. Cole,Boom bap / Lyric,w3333Fo6ufY,J. Cole - a m a r i (Official Music Video),J. Cole,Cole WORLDD,1
J. Cole,Boom bap / Lyric,w3333Fo6ufY,J. Cole - a m a r i (Official Music Video),J. Cole,"""If you solo these vocals, listen close and you can hear GRUMBLING"" damn still got the hunger",19
J. Cole,Boom bap / Lyric,w3333Fo6ufY,J. Cole - a m a r i (Official Music Video),J. Cole,"Bada-ba, bada-ba, bada-ba, da-da
Off-Season
Let's work, hey

Plottin' my escape, this game ridin'-ridin' faith
Got a couple M's hidin' in the safe
Imagination turned a Honda into Wraith
I was doin' 80 on the interstate
Tryna make it back before my class started
Country n- never seen a passport
'Til I popped off and got a bag for it

Now I'm at the Gardens sittin' half court
Watchin' Jr. catch it off the backboard
'Ville n- never seen nothin'
'Cept a triple-triple bean jumpin'
Good-good leave a fiend crumpin'
Made it out, it gotta mean somethin'

Either you gon' hustle hard
A n- Uncle Sam got your a- re-enlisting
Two-six, murder scene pumpin'
Better leave it tucked, 'cause y'ain't dumpin'
Pow, pow, n-, he slumpy
12 comin', we ain't seen nothin'
Time change, n- ain't rumblin' no more
Nah, what for? Hungry for more
If you solo these vocals, listen close and you can hear grumblin'

Bow-tie and I'm still munchin'
Big bag, never fear fumblin'
Want smoke? N- don't choke
I'm a whole nico-nicotine company
Dreamville the only, not a Navy
How could you ever try to play me?
Kill 'em on a song walk up out the booth
Do the Westbrook rock-a-baby

I never fall out with the bro
Hate when your family turn into foe
We had a penthouse on the road
Interior decorated with the h-
Just like a multiple-choice getting chose
My n- like ""Eenie, meenie, minee, moe""
Scoop up a dime-piece like we homeless
Then we gon' send 'em back pigeon-toed

Out of the concrete was a rose and windows was cold
Had to go over and stand by the stove
We from the Southeast, n- know
This where the opps creep real slow
Won't vote but they mob deep with the poles
I punch the time sheet, not no more
And now my assigned seat is a throne

Plottin' my escape, this game ridin'-ridin' faith
Got a couple M's hidin' in the safe
Imagination turned a Honda into Wraith
I was doin' 80 on the interstate
Tryna make it back before my class started
Country n- never seen a passport
'Til I popped off and got a bag for it

Now I'm at the Gardens sittin' half court
Watchin' Jr. catch it off the backboard
'Ville n- never seen nothin'
'Cept a triple-triple bean jumpin'
Good-good leave a fiend crumpin'
Made it out, it gotta mean somethin'

Made it out, it gotta mean somethin'
Made it out, it gotta mean somethin'

Bada-ba, bada-ba, bada-ba, ah-ah",0
J. Cole,Boom bap / Lyric,w3333Fo6ufY,J. Cole - a m a r i (Official Music Video),J. Cole,0:58 grippy 🗣️🗣️,2
J. Cole,Boom bap / Lyric,w3333Fo6ufY,J. Cole - a m a r i (Official Music Video),J. Cole,🔥🔥🔥🔥🔥🔥🔥🔥🔥,0
J. Cole,Boom bap / Lyric,w3333Fo6ufY,J. Cole - a m a r i (Official Music Video),J. Cole,J cole you are fucking GOAT 🐐 🔥,1
J. Cole,Boom bap / Lyric,w3333Fo6ufY,J. Cole - a m a r i (Official Music Video),J. Cole,The Fall Off,0
J. Cole,Boom bap / Lyric,w3333Fo6ufY,J. Cole - a m a r i (Official Music Video),J. Cole,This boi apologized 😂😂😂,0
J. Cole,Boom bap / Lyric,w3333Fo6ufY,J. Cole - a m a r i (Official Music Video),J. Cole,🥷❤️🙏⚖️,0
J. Cole,Boom bap / Lyric,w3333Fo6ufY,J. Cole - a m a r i (Official Music Video),J. Cole,If yall like this joint look up how come found the beat... cool story!! Timbo the 👑,1
J. Cole,Boom bap / Lyric,w3333Fo6ufY,J. Cole - a m a r i (Official Music Video),J. Cole,"Literally named my son after this song 
Amari James",0
J. Cole,Boom bap / Lyric,w3333Fo6ufY,J. Cole - a m a r i (Official Music Video),J. Cole,1:15 foo//off,0
J. Cole,Boom bap / Lyric,w3333Fo6ufY,J. Cole - a m a r i (Official Music Video),J. Cole,01:37 Dude look like Damian Marley,0
J. Cole,Boom bap / Lyric,w3333Fo6ufY,J. Cole - a m a r i (Official Music Video),J. Cole,2024,2
J. Cole,Boom bap / Lyric,w3333Fo6ufY,J. Cole - a m a r i (Official Music Video),J. Cole,This song is hard,2
J. Cole,Boom bap / Lyric,w3333Fo6ufY,J. Cole - a m a r i (Official Music Video),J. Cole,🐐,1
J. Cole,Boom bap / Lyric,w3333Fo6ufY,J. Cole - a m a r i (Official Music Video),J. Cole,🔥🔥🔥🔥🔥,1
J. Cole,Boom bap / Lyric,w3333Fo6ufY,J. Cole - a m a r i (Official Music Video),J. Cole,Goat never disappoints,2
J. Cole,Boom bap / Lyric,w3333Fo6ufY,J. Cole - a m a r i (Official Music Video),J. Cole,2024?,1
J. Cole,Boom bap / Lyric,w3333Fo6ufY,J. Cole - a m a r i (Official Music Video),J. Cole,👌🙌Straight hit,0
J. Cole,Boom bap / Lyric,w3333Fo6ufY,J. Cole - a m a r i (Official Music Video),J. Cole,Damn a Future verse on this would be harddddd,1
J. Cole,Boom bap / Lyric,w3333Fo6ufY,J. Cole - a m a r i (Official Music Video),J. Cole,Who here on 2 August 2024?,12
J. Cole,Boom bap / Lyric,w3333Fo6ufY,J. Cole - a m a r i (Official Music Video),J. Cole,I hate auto tune you don’t need it,1
J. Cole,Boom bap / Lyric,w3333Fo6ufY,J. Cole - a m a r i (Official Music Video),J. Cole,Wayne couldve just kept going fr,0
J. Cole,Boom bap / Lyric,w3333Fo6ufY,J. Cole - a m a r i (Official Music Video),J. Cole,"J cole is way harder than Kendrick 
Disagree have that conversation with your Fam 
I'm done 👍✅",4
J. Cole,Boom bap / Lyric,w3333Fo6ufY,J. Cole - a m a r i (Official Music Video),J. Cole,“I’m a whole fucking nicotine company” ~J Cole 💯❤️‍🔥🫡,2
J. Cole,Boom bap / Lyric,w3333Fo6ufY,J. Cole - a m a r i (Official Music Video),J. Cole,❤❤❤,0
J. Cole,Boom bap / Lyric,w3333Fo6ufY,J. Cole - a m a r i (Official Music Video),J. Cole,"Cole still ain’t peaked, I’m anxious with anticipation",1
J. Cole,Boom bap / Lyric,w3333Fo6ufY,J. Cole - a m a r i (Official Music Video),J. Cole,Yooo Kai Cenat got skills!,1
