artist,genre,video_id,video_title,channel_title,text,likes
JPEGMAFIA,Alternative,PO3mri47s7M,JPEGMAFIA - 1539 N. Calvert,JPEGMAFIA,Pure brilliance on display,2
JPEGMAFIA,Alternative,PO3mri47s7M,JPEGMAFIA - 1539 N. Calvert,JPEGMAFIA,I wanna marry this song.,1
JPEGMAFIA,Alternative,PO3mri47s7M,JPEGMAFIA - 1539 N. Calvert,JPEGMAFIA,listening to ts on spotify first and then coming here afterwards is like two different experiences lmao,0
JPEGMAFIA,Alternative,PO3mri47s7M,JPEGMAFIA - 1539 N. Calvert,JPEGMAFIA,"How is this so good. Veteran era videos made me appreciate his new stuff even more. He always had a clear artistic vision for his projects, and not just the music. That’s what makes him so great in my eyes.",1
JPEGMAFIA,Alternative,PO3mri47s7M,JPEGMAFIA - 1539 N. Calvert,JPEGMAFIA,this was what the kids at the back of the bus were doing in middle school,1
JPEGMAFIA,Alternative,PO3mri47s7M,JPEGMAFIA - 1539 N. Calvert,JPEGMAFIA,2026,0
JPEGMAFIA,Alternative,PO3mri47s7M,JPEGMAFIA - 1539 N. Calvert,JPEGMAFIA,Wtf happened,2
JPEGMAFIA,Alternative,PO3mri47s7M,JPEGMAFIA - 1539 N. Calvert,JPEGMAFIA,2:12 cinematic,1
JPEGMAFIA,Alternative,PO3mri47s7M,JPEGMAFIA - 1539 N. Calvert,JPEGMAFIA,I MISS THE OLD PEGGY,12
JPEGMAFIA,Alternative,PO3mri47s7M,JPEGMAFIA - 1539 N. Calvert,JPEGMAFIA,This looks ai,1
JPEGMAFIA,Alternative,PO3mri47s7M,JPEGMAFIA - 1539 N. Calvert,JPEGMAFIA,where did it go wrong peggy?,14
JPEGMAFIA,Alternative,PO3mri47s7M,JPEGMAFIA - 1539 N. Calvert,JPEGMAFIA,What happened Peggy?,27
JPEGMAFIA,Alternative,PO3mri47s7M,JPEGMAFIA - 1539 N. Calvert,JPEGMAFIA,palette cleanser after drake 😂,7
JPEGMAFIA,Alternative,PO3mri47s7M,JPEGMAFIA - 1539 N. Calvert,JPEGMAFIA,modern classic,3
JPEGMAFIA,Alternative,PO3mri47s7M,JPEGMAFIA - 1539 N. Calvert,JPEGMAFIA,Can’t stop coming back to this song,2
JPEGMAFIA,Alternative,PO3mri47s7M,JPEGMAFIA - 1539 N. Calvert,JPEGMAFIA,Very nice,3
JPEGMAFIA,Alternative,PO3mri47s7M,JPEGMAFIA - 1539 N. Calvert,JPEGMAFIA,bro why you copy kendrick,0
JPEGMAFIA,Alternative,PO3mri47s7M,JPEGMAFIA - 1539 N. Calvert,JPEGMAFIA,Ass,1
JPEGMAFIA,Alternative,PO3mri47s7M,JPEGMAFIA - 1539 N. Calvert,JPEGMAFIA,she wanna sit on my lap,3
JPEGMAFIA,Alternative,PO3mri47s7M,JPEGMAFIA - 1539 N. Calvert,JPEGMAFIA,will always love u Peggy,0
JPEGMAFIA,Alternative,PO3mri47s7M,JPEGMAFIA - 1539 N. Calvert,JPEGMAFIA,Freddie gibbs,1
JPEGMAFIA,Alternative,PO3mri47s7M,JPEGMAFIA - 1539 N. Calvert,JPEGMAFIA,Hadn't heard it in a year. Hits hard as ever. JPEGenius,1
JPEGMAFIA,Alternative,PO3mri47s7M,JPEGMAFIA - 1539 N. Calvert,JPEGMAFIA,RIP bell foundry,2
JPEGMAFIA,Alternative,PO3mri47s7M,JPEGMAFIA - 1539 N. Calvert,JPEGMAFIA,This was actually the only audio recovered from the 9/11 black box,3
JPEGMAFIA,Alternative,PO3mri47s7M,JPEGMAFIA - 1539 N. Calvert,JPEGMAFIA,"im dragging bodies like its metal Gurr
I don't curr bout your fucking status, Peggy got no furr

you could take the last line it meaning he has no fear, but could also be he has no fur, like no coat, no hair
dont think it was meant from him but would be a really nice double entendre",1
JPEGMAFIA,Alternative,PO3mri47s7M,JPEGMAFIA - 1539 N. Calvert,JPEGMAFIA,"Request: Windows 7 Crazy Error Full
BGM: Jordan Stole The Precious Slam and Marisa stole the precious thing full bgm
Style: Spammy with Pitching Fighter style
Language: Polish
Thank you!",1
JPEGMAFIA,Alternative,PO3mri47s7M,JPEGMAFIA - 1539 N. Calvert,JPEGMAFIA,DADADAMNPEGY,2
JPEGMAFIA,Alternative,PO3mri47s7M,JPEGMAFIA - 1539 N. Calvert,JPEGMAFIA,67❌ 1539✅,2
JPEGMAFIA,Alternative,PO3mri47s7M,JPEGMAFIA - 1539 N. Calvert,JPEGMAFIA,youthinkyouknowmev d-damn peggy,0
JPEGMAFIA,Alternative,PO3mri47s7M,JPEGMAFIA - 1539 N. Calvert,JPEGMAFIA,sneakos old theme song,0
JPEGMAFIA,Alternative,PO3mri47s7M,JPEGMAFIA - 1539 N. Calvert,JPEGMAFIA,It's incredible to see this while having a panic attack.,0
JPEGMAFIA,Alternative,PO3mri47s7M,JPEGMAFIA - 1539 N. Calvert,JPEGMAFIA,HRAGGGGGGGGGGGHGRAHGGGGGGGGGGG!!!!!!!,0
JPEGMAFIA,Alternative,PO3mri47s7M,JPEGMAFIA - 1539 N. Calvert,JPEGMAFIA,0:56 peggy the beat drop was NOT this hard 💔✌️,34
JPEGMAFIA,Alternative,PO3mri47s7M,JPEGMAFIA - 1539 N. Calvert,JPEGMAFIA,back when peggy music videos costed more than $0.1,1
JPEGMAFIA,Alternative,PO3mri47s7M,JPEGMAFIA - 1539 N. Calvert,JPEGMAFIA,Ay 0:29,0
JPEGMAFIA,Alternative,PO3mri47s7M,JPEGMAFIA - 1539 N. Calvert,JPEGMAFIA,Merry Christmas guys,10
JPEGMAFIA,Alternative,PO3mri47s7M,JPEGMAFIA - 1539 N. Calvert,JPEGMAFIA,This is literally me if I were black and talented,40
JPEGMAFIA,Alternative,PO3mri47s7M,JPEGMAFIA - 1539 N. Calvert,JPEGMAFIA,I switch styles like ostrich hands.,1
JPEGMAFIA,Alternative,PO3mri47s7M,JPEGMAFIA - 1539 N. Calvert,JPEGMAFIA,Still niche,1
JPEGMAFIA,Alternative,PO3mri47s7M,JPEGMAFIA - 1539 N. Calvert,JPEGMAFIA,"That was the first chinese person ive ever agreed with. 

and you put him in the place where the lazy black dads go
Now i can only continue his mission lol",1
JPEGMAFIA,Alternative,PO3mri47s7M,JPEGMAFIA - 1539 N. Calvert,JPEGMAFIA,i need all,6
JPEGMAFIA,Alternative,PO3mri47s7M,JPEGMAFIA - 1539 N. Calvert,JPEGMAFIA,Still tuff,7
JPEGMAFIA,Alternative,PO3mri47s7M,JPEGMAFIA - 1539 N. Calvert,JPEGMAFIA,❤🔥,0
JPEGMAFIA,Alternative,PO3mri47s7M,JPEGMAFIA - 1539 N. Calvert,JPEGMAFIA,Niche,1
JPEGMAFIA,Alternative,PO3mri47s7M,JPEGMAFIA - 1539 N. Calvert,JPEGMAFIA,Ts so fye,0
JPEGMAFIA,Alternative,PO3mri47s7M,JPEGMAFIA - 1539 N. Calvert,JPEGMAFIA,🔥🔥🔥,0
JPEGMAFIA,Alternative,PO3mri47s7M,JPEGMAFIA - 1539 N. Calvert,JPEGMAFIA,🔥🔥🔥,0
JPEGMAFIA,Alternative,PO3mri47s7M,JPEGMAFIA - 1539 N. Calvert,JPEGMAFIA,"After after knowing the story of JPEGMAFIA/Devon Hendryx, when i listen to this i feel like this is the moment when Peggy ""revived"" and Devon Hendryx was able to rest.",1
JPEGMAFIA,Alternative,PO3mri47s7M,JPEGMAFIA - 1539 N. Calvert,JPEGMAFIA,2025,1
JPEGMAFIA,Alternative,PO3mri47s7M,JPEGMAFIA - 1539 N. Calvert,JPEGMAFIA,SNEAKO,3
JPEGMAFIA,Alternative,PO3mri47s7M,JPEGMAFIA - 1539 N. Calvert,JPEGMAFIA,love being born in the generation listening to peggy <3,5
JPEGMAFIA,Alternative,PO3mri47s7M,JPEGMAFIA - 1539 N. Calvert,JPEGMAFIA,"Why do I love this track so much? Watching you for more than 5 years Peggy, you killing it like a boss",1
JPEGMAFIA,Alternative,PO3mri47s7M,JPEGMAFIA - 1539 N. Calvert,JPEGMAFIA,DAMN PEGGy,3
JPEGMAFIA,Alternative,PO3mri47s7M,JPEGMAFIA - 1539 N. Calvert,JPEGMAFIA,I NEED ALL,1
JPEGMAFIA,Alternative,PO3mri47s7M,JPEGMAFIA - 1539 N. Calvert,JPEGMAFIA,Got no fur but doing albums with sweatshop profiteers 😭😭😭,0
JPEGMAFIA,Alternative,PO3mri47s7M,JPEGMAFIA - 1539 N. Calvert,JPEGMAFIA,"Peggy: all these white fans are so annoying 💅

His videos:",4
JPEGMAFIA,Alternative,PO3mri47s7M,JPEGMAFIA - 1539 N. Calvert,JPEGMAFIA,Da Da DAMN PEGGY,1
JPEGMAFIA,Alternative,PO3mri47s7M,JPEGMAFIA - 1539 N. Calvert,JPEGMAFIA,"As a wrestling fan, I cane across this album randomly and I heard that ""You think you know me"" and IMMEDIATELY sat down and locked in",2
JPEGMAFIA,Alternative,PO3mri47s7M,JPEGMAFIA - 1539 N. Calvert,JPEGMAFIA,Holy fuckin shit PEGGY,0
JPEGMAFIA,Alternative,PO3mri47s7M,JPEGMAFIA - 1539 N. Calvert,JPEGMAFIA,"ohh, I actually hear it before!",0
JPEGMAFIA,Alternative,PO3mri47s7M,JPEGMAFIA - 1539 N. Calvert,JPEGMAFIA,Who's here after spotify censored it?,3
JPEGMAFIA,Alternative,PO3mri47s7M,JPEGMAFIA - 1539 N. Calvert,JPEGMAFIA,one of the greatest artists of all time no bullll omg,1
JPEGMAFIA,Alternative,PO3mri47s7M,JPEGMAFIA - 1539 N. Calvert,JPEGMAFIA,Lenkin pork is bedder,0
JPEGMAFIA,Alternative,PO3mri47s7M,JPEGMAFIA - 1539 N. Calvert,JPEGMAFIA,SUCKIN DIH🗣️🗣️,0
JPEGMAFIA,Alternative,PO3mri47s7M,JPEGMAFIA - 1539 N. Calvert,JPEGMAFIA,r/intentionalRenaissance,0
JPEGMAFIA,Alternative,PO3mri47s7M,JPEGMAFIA - 1539 N. Calvert,JPEGMAFIA,2025,1
JPEGMAFIA,Alternative,PO3mri47s7M,JPEGMAFIA - 1539 N. Calvert,JPEGMAFIA,damn peggy,0
JPEGMAFIA,Alternative,PO3mri47s7M,JPEGMAFIA - 1539 N. Calvert,JPEGMAFIA,0:50,0
JPEGMAFIA,Alternative,PO3mri47s7M,JPEGMAFIA - 1539 N. Calvert,JPEGMAFIA,Every time I listen to this I hear either a new instrument. This is timeless.,1
JPEGMAFIA,Alternative,PO3mri47s7M,JPEGMAFIA - 1539 N. Calvert,JPEGMAFIA,PEGGY FTW :),1
JPEGMAFIA,Alternative,PO3mri47s7M,JPEGMAFIA - 1539 N. Calvert,JPEGMAFIA,Can someone suggest me similar songs?,0
JPEGMAFIA,Alternative,PO3mri47s7M,JPEGMAFIA - 1539 N. Calvert,JPEGMAFIA,Anyone still here,2
JPEGMAFIA,Alternative,PO3mri47s7M,JPEGMAFIA - 1539 N. Calvert,JPEGMAFIA,Yooooooooooooooooooooo,0
JPEGMAFIA,Alternative,PO3mri47s7M,JPEGMAFIA - 1539 N. Calvert,JPEGMAFIA,Who else listening to this on director cut release,86
JPEGMAFIA,Alternative,PO3mri47s7M,JPEGMAFIA - 1539 N. Calvert,JPEGMAFIA,Can't wait to see you tonight. Portland Maine my son is stoked. We in there. He's your biggest fan.,0
JPEGMAFIA,Alternative,PO3mri47s7M,JPEGMAFIA - 1539 N. Calvert,JPEGMAFIA,"fuck just started listening to JPEGMAFIA this is some fucking heattttttttttt, why tf no one tell me about this shit",2
JPEGMAFIA,Alternative,PO3mri47s7M,JPEGMAFIA - 1539 N. Calvert,JPEGMAFIA,I love the delayed start,2
JPEGMAFIA,Alternative,PO3mri47s7M,JPEGMAFIA - 1539 N. Calvert,JPEGMAFIA,still some of his best verses,1
JPEGMAFIA,Alternative,PO3mri47s7M,JPEGMAFIA - 1539 N. Calvert,JPEGMAFIA,As a drake fan this is hard,2
JPEGMAFIA,Alternative,PO3mri47s7M,JPEGMAFIA - 1539 N. Calvert,JPEGMAFIA,I like metal gurr solid,3
JPEGMAFIA,Alternative,PO3mri47s7M,JPEGMAFIA - 1539 N. Calvert,JPEGMAFIA,0:19 still love to hear that sound,50
JPEGMAFIA,Alternative,PO3mri47s7M,JPEGMAFIA - 1539 N. Calvert,JPEGMAFIA,"yo, sup",1
JPEGMAFIA,Alternative,PO3mri47s7M,JPEGMAFIA - 1539 N. Calvert,JPEGMAFIA,sumemr anthem fr,0
JPEGMAFIA,Alternative,PO3mri47s7M,JPEGMAFIA - 1539 N. Calvert,JPEGMAFIA,Peggy has my soul,0
JPEGMAFIA,Alternative,PO3mri47s7M,JPEGMAFIA - 1539 N. Calvert,JPEGMAFIA,This beat goes harder than my dick after giving it to Kelly Conway.,1
JPEGMAFIA,Alternative,PO3mri47s7M,JPEGMAFIA - 1539 N. Calvert,JPEGMAFIA,Broke ass fit,2
JPEGMAFIA,Alternative,PO3mri47s7M,JPEGMAFIA - 1539 N. Calvert,JPEGMAFIA,AI video is getting too advanced nowadays.,0
JPEGMAFIA,Alternative,PO3mri47s7M,JPEGMAFIA - 1539 N. Calvert,JPEGMAFIA,Peggy is the type of guy that rhymes gear with care,11
JPEGMAFIA,Alternative,PO3mri47s7M,JPEGMAFIA - 1539 N. Calvert,JPEGMAFIA,portal 2 main menu type beat bro,4
JPEGMAFIA,Alternative,PO3mri47s7M,JPEGMAFIA - 1539 N. Calvert,JPEGMAFIA,The girl with pink hair that goes straight for the blunt gets me every time,11
JPEGMAFIA,Alternative,PO3mri47s7M,JPEGMAFIA - 1539 N. Calvert,JPEGMAFIA,i like how at 0:56 it says the n word very quietly,2
JPEGMAFIA,Alternative,PO3mri47s7M,JPEGMAFIA - 1539 N. Calvert,JPEGMAFIA,PLEASE DONT SAY OMG OR OMFG OR JESUS CHRIST  OR HOLY SH T OR GOD D MN OR HOLY CR P AS A SWEAR ITS A SIN (USING THE LORDS NAME IN VAIN) GOD BLESS YOU JESUS  YOU .REPENT AND GIVE YOUR LIFE TO HIM .HE DIED ON A CROSS AND ROSE AGAIN. HES COMING BACK SOON TOO JUDGE.(NOT FORCING MY BELIEFS).Please dont believe luck . believe GOD he has the best blessing.JESUS DIED ON A CROSS TO FORGIVE OUR SINS.HES COMING BACK SOON TO JUDJE BE READY.GOD BLESS YOU JESUS LOVES YOU.(Not forcing).Please don't swear. GIVE YOUR LIFE TO JESUS .HES COMING BACK SOON .HE DIED ON A CROSS TO FORGIVE OUR SINS AND ROSE AGAIN .(NOT FORCING MY BELIEVES).Only GOD GIVES TRUE PEACE .GOD BLESS YOU JESUS LOVES YOU.he died on a cross and rose again 3 days later to forgive your sins .he's coming back soon be ready(not forcing my beliefs).please dont use this song (NOT FORCING),5
JPEGMAFIA,Alternative,PO3mri47s7M,JPEGMAFIA - 1539 N. Calvert,JPEGMAFIA,Pas mal la famille,0
JPEGMAFIA,Alternative,PO3mri47s7M,JPEGMAFIA - 1539 N. Calvert,JPEGMAFIA,Estoy aqui x el tio rober,1
JPEGMAFIA,Alternative,PO3mri47s7M,JPEGMAFIA - 1539 N. Calvert,JPEGMAFIA,This song still has amazing vibes in it mn,1
JPEGMAFIA,Alternative,PO3mri47s7M,JPEGMAFIA - 1539 N. Calvert,JPEGMAFIA,I will never understand why 1539 is his most popular,2
JPEGMAFIA,Alternative,PO3mri47s7M,JPEGMAFIA - 1539 N. Calvert,JPEGMAFIA,🇧🇷,0
JPEGMAFIA,Alternative,PO3mri47s7M,JPEGMAFIA - 1539 N. Calvert,JPEGMAFIA,"When you get a weirdo on the train at night:

Jk I love Peggy",0
JPEGMAFIA,Alternative,PO3mri47s7M,JPEGMAFIA - 1539 N. Calvert,JPEGMAFIA,Who’s here in 2025?,5
JPEGMAFIA,Alternative,PO3mri47s7M,JPEGMAFIA - 1539 N. Calvert,JPEGMAFIA,"I just discovered this , thank God , im lucky af. This song is blessing my ears",0
JPEGMAFIA,Alternative,PO3mri47s7M,JPEGMAFIA - 1539 N. Calvert,JPEGMAFIA,Brandigga😂,0
JPEGMAFIA,Alternative,PO3mri47s7M,JPEGMAFIA - 1539 N. Calvert,JPEGMAFIA,Brandon❤,2
JPEGMAFIA,Alternative,PO3mri47s7M,JPEGMAFIA - 1539 N. Calvert,JPEGMAFIA,😂,0
JPEGMAFIA,Alternative,PO3mri47s7M,JPEGMAFIA - 1539 N. Calvert,JPEGMAFIA,ishowspeed?,0
JPEGMAFIA,Alternative,PO3mri47s7M,JPEGMAFIA - 1539 N. Calvert,JPEGMAFIA,death grips is better,1
JPEGMAFIA,Alternative,PO3mri47s7M,JPEGMAFIA - 1539 N. Calvert,JPEGMAFIA,This song is hypnotizing,0
JPEGMAFIA,Alternative,PO3mri47s7M,JPEGMAFIA - 1539 N. Calvert,JPEGMAFIA,?? Why do all your bitches have to be the same color as drake?,3
JPEGMAFIA,Alternative,PO3mri47s7M,JPEGMAFIA - 1539 N. Calvert,JPEGMAFIA,beat so fresh,1
JPEGMAFIA,Alternative,PO3mri47s7M,JPEGMAFIA - 1539 N. Calvert,JPEGMAFIA,🔥🔥🔥❤️,0
JPEGMAFIA,Alternative,PO3mri47s7M,JPEGMAFIA - 1539 N. Calvert,JPEGMAFIA,You think you know me,8
JPEGMAFIA,Alternative,PO3mri47s7M,JPEGMAFIA - 1539 N. Calvert,JPEGMAFIA,Found this only now,8
JPEGMAFIA,Alternative,PO3mri47s7M,JPEGMAFIA - 1539 N. Calvert,JPEGMAFIA,"5 million, 5 more till 10",1
JPEGMAFIA,Alternative,PO3mri47s7M,JPEGMAFIA - 1539 N. Calvert,JPEGMAFIA,good song temuco,0
JPEGMAFIA,Alternative,PO3mri47s7M,JPEGMAFIA - 1539 N. Calvert,JPEGMAFIA,"Black males are truly the most pathetic group of males, first proper lyrics of the song talking about violence towards dark skinned black women",1
JPEGMAFIA,Alternative,PO3mri47s7M,JPEGMAFIA - 1539 N. Calvert,JPEGMAFIA,This song like slappin those soil bags in home depot fr,1
JPEGMAFIA,Alternative,PO3mri47s7M,JPEGMAFIA - 1539 N. Calvert,JPEGMAFIA,Damn Peggy i love thus shit,0
JPEGMAFIA,Alternative,PO3mri47s7M,JPEGMAFIA - 1539 N. Calvert,JPEGMAFIA,Love the instrumental,2
JPEGMAFIA,Alternative,PO3mri47s7M,JPEGMAFIA - 1539 N. Calvert,JPEGMAFIA,Kill Tony brought me here,0
JPEGMAFIA,Alternative,PO3mri47s7M,JPEGMAFIA - 1539 N. Calvert,JPEGMAFIA,♪ ılıll|̲̅̅●̲̅̅|̲̅̅=̲̅̅|̲̅̅●̲̅̅|llılı ♪,3
JPEGMAFIA,Alternative,PO3mri47s7M,JPEGMAFIA - 1539 N. Calvert,JPEGMAFIA,It’s giving detective finding clues for who did the murder via acid trip,4
JPEGMAFIA,Alternative,PO3mri47s7M,JPEGMAFIA - 1539 N. Calvert,JPEGMAFIA,This music sounds like calm luh fit,1
JPEGMAFIA,Alternative,PO3mri47s7M,JPEGMAFIA - 1539 N. Calvert,JPEGMAFIA,is it weird to say that peggy is criminally underrated????? still??????,6
JPEGMAFIA,Alternative,PO3mri47s7M,JPEGMAFIA - 1539 N. Calvert,JPEGMAFIA,Postponing the drums in the beginning adds so much to an already perfect track 😭,5
JPEGMAFIA,Alternative,PO3mri47s7M,JPEGMAFIA - 1539 N. Calvert,JPEGMAFIA,"""I beat that shit like Lennon beat his bae"" kills me every time dawg 💀💀💀",4
JPEGMAFIA,Alternative,PO3mri47s7M,JPEGMAFIA - 1539 N. Calvert,JPEGMAFIA,nah bro,1
JPEGMAFIA,Alternative,PO3mri47s7M,JPEGMAFIA - 1539 N. Calvert,JPEGMAFIA,♪. ılıll|̲̅̅●̲̅̅|̲̅̅=̲̅̅|̲̅̅●̲̅̅|llılı ♪.,3
JPEGMAFIA,Alternative,PO3mri47s7M,JPEGMAFIA - 1539 N. Calvert,JPEGMAFIA,♪ ılıll|̲̅̅●̲̅̅|̲̅̅=̲̅̅|̲̅̅●̲̅̅|llılı ♪,1
JPEGMAFIA,Alternative,PO3mri47s7M,JPEGMAFIA - 1539 N. Calvert,JPEGMAFIA,aquí empezó una leyenda,4
JPEGMAFIA,Alternative,PO3mri47s7M,JPEGMAFIA - 1539 N. Calvert,JPEGMAFIA,Original drake hater,110
JPEGMAFIA,Alternative,PO3mri47s7M,JPEGMAFIA - 1539 N. Calvert,JPEGMAFIA,I just got my record player set back up yesterday. Ordering vinyl for every new release im interested in now. Gonna sit down and listen like its an event and not just put it on in the car and listen passively on the way to work. Just ordered this and got the new Pixies album ordered as well because it seems to be Halloween themed which should be fun 🎃,2
JPEGMAFIA,Alternative,PO3mri47s7M,JPEGMAFIA - 1539 N. Calvert,JPEGMAFIA,Holy shi this is tuff bro,2
JPEGMAFIA,Alternative,PO3mri47s7M,JPEGMAFIA - 1539 N. Calvert,JPEGMAFIA,1:22 That kick roll goes fucking crazy 🔥🔥🔥,56
JPEGMAFIA,Alternative,PO3mri47s7M,JPEGMAFIA - 1539 N. Calvert,JPEGMAFIA,Ima play this for my kids so much that they play it for their kids,6
JPEGMAFIA,Alternative,PO3mri47s7M,JPEGMAFIA - 1539 N. Calvert,JPEGMAFIA,Harris Larry Thompson Linda Allen Thomas,0
JPEGMAFIA,Alternative,PO3mri47s7M,JPEGMAFIA - 1539 N. Calvert,JPEGMAFIA,🔥,0
JPEGMAFIA,Alternative,PO3mri47s7M,JPEGMAFIA - 1539 N. Calvert,JPEGMAFIA,Hall Helen Davis Lisa Smith David,0
JPEGMAFIA,Alternative,PO3mri47s7M,JPEGMAFIA - 1539 N. Calvert,JPEGMAFIA,this shit is ass,2
JPEGMAFIA,Alternative,PO3mri47s7M,JPEGMAFIA - 1539 N. Calvert,JPEGMAFIA,Lopez Brian Martin Steven Gonzalez Michael,0
JPEGMAFIA,Alternative,PO3mri47s7M,JPEGMAFIA - 1539 N. Calvert,JPEGMAFIA,This was playing while I got stabbed 37 times yesterday evening. Cool joint.,5
JPEGMAFIA,Alternative,PO3mri47s7M,JPEGMAFIA - 1539 N. Calvert,JPEGMAFIA,Williams Melissa Brown Anthony Rodriguez Matthew,0
JPEGMAFIA,Alternative,PO3mri47s7M,JPEGMAFIA - 1539 N. Calvert,JPEGMAFIA,Peggy the GOAT :) let’s be so for real,0
JPEGMAFIA,Alternative,PO3mri47s7M,JPEGMAFIA - 1539 N. Calvert,JPEGMAFIA,Anyone in 2024?,0
JPEGMAFIA,Alternative,PO3mri47s7M,JPEGMAFIA - 1539 N. Calvert,JPEGMAFIA,Peggy you're a genius,1
JPEGMAFIA,Alternative,PO3mri47s7M,JPEGMAFIA - 1539 N. Calvert,JPEGMAFIA,Masterpiece,1
JPEGMAFIA,Alternative,PO3mri47s7M,JPEGMAFIA - 1539 N. Calvert,JPEGMAFIA,Before he got the transplant,6
JPEGMAFIA,Alternative,PO3mri47s7M,JPEGMAFIA - 1539 N. Calvert,JPEGMAFIA,Ninja turtles down in the sewer type beat,1
JPEGMAFIA,Alternative,PO3mri47s7M,JPEGMAFIA - 1539 N. Calvert,JPEGMAFIA,This song is being fucked up at the function but still nailing every impression.,2
JPEGMAFIA,Alternative,PO3mri47s7M,JPEGMAFIA - 1539 N. Calvert,JPEGMAFIA,"I dont care but yu fucking status , Peggy got no fur",0
JPEGMAFIA,Alternative,PO3mri47s7M,JPEGMAFIA - 1539 N. Calvert,JPEGMAFIA,i like this intro better than the audio version,3
JPEGMAFIA,Alternative,PO3mri47s7M,JPEGMAFIA - 1539 N. Calvert,JPEGMAFIA,i need all my ladies same color as drake,2
JPEGMAFIA,Alternative,PO3mri47s7M,JPEGMAFIA - 1539 N. Calvert,JPEGMAFIA,"""I don't listen to remixes, I play that shi as the artist intended""
the shi I been missing out on:",1
JPEGMAFIA,Alternative,PO3mri47s7M,JPEGMAFIA - 1539 N. Calvert,JPEGMAFIA,"Im 78 and i used to be a drug addict, but then all red dropped in the 20s and it changed my life. Thank you carti",2
JPEGMAFIA,Alternative,PO3mri47s7M,JPEGMAFIA - 1539 N. Calvert,JPEGMAFIA,let me hear you say fuck you peggy,2
JPEGMAFIA,Alternative,PO3mri47s7M,JPEGMAFIA - 1539 N. Calvert,JPEGMAFIA,W8 boi music,0
JPEGMAFIA,Alternative,PO3mri47s7M,JPEGMAFIA - 1539 N. Calvert,JPEGMAFIA,"24’ jus keeps on giving huh ?
Great Sound !",0
JPEGMAFIA,Alternative,PO3mri47s7M,JPEGMAFIA - 1539 N. Calvert,JPEGMAFIA,Koelpin Cliff,0
JPEGMAFIA,Alternative,PO3mri47s7M,JPEGMAFIA - 1539 N. Calvert,JPEGMAFIA,"I had this song in my playlist for a while but never really engaged with it a lot, but the other day the song finally clicked with me and gave me a new meaning and feel to the whole track. The beat is so infectious and gives me such a sense of nostalgia or having something I never had, it's so dreamy. I love it",6
JPEGMAFIA,Alternative,PO3mri47s7M,JPEGMAFIA - 1539 N. Calvert,JPEGMAFIA,First time listening to this album  😊.,6
JPEGMAFIA,Alternative,PO3mri47s7M,JPEGMAFIA - 1539 N. Calvert,JPEGMAFIA,I need to check out more of these videos,0
JPEGMAFIA,Alternative,PO3mri47s7M,JPEGMAFIA - 1539 N. Calvert,JPEGMAFIA,808 1/64NR is awesome,0
JPEGMAFIA,Alternative,PO3mri47s7M,JPEGMAFIA - 1539 N. Calvert,JPEGMAFIA,This feels like the show“Sleep No More” in NYC.,0
JPEGMAFIA,Alternative,PO3mri47s7M,JPEGMAFIA - 1539 N. Calvert,JPEGMAFIA,"I really need an extended mix of this, somebody please help",1
JPEGMAFIA,Alternative,PO3mri47s7M,JPEGMAFIA - 1539 N. Calvert,JPEGMAFIA,!!!!,0
JPEGMAFIA,Alternative,PO3mri47s7M,JPEGMAFIA - 1539 N. Calvert,JPEGMAFIA,"cool art college project, bro",2
JPEGMAFIA,Alternative,PO3mri47s7M,JPEGMAFIA - 1539 N. Calvert,JPEGMAFIA,why didnt i discover this sooner,13
JPEGMAFIA,Alternative,PO3mri47s7M,JPEGMAFIA - 1539 N. Calvert,JPEGMAFIA,The first 6 seconds of that dancing is all I need from this music video,3
JPEGMAFIA,Alternative,PO3mri47s7M,JPEGMAFIA - 1539 N. Calvert,JPEGMAFIA,Classic,3
JPEGMAFIA,Alternative,PO3mri47s7M,JPEGMAFIA - 1539 N. Calvert,JPEGMAFIA,One of the best songs I’ve ever heard,4
JPEGMAFIA,Alternative,PO3mri47s7M,JPEGMAFIA - 1539 N. Calvert,JPEGMAFIA,nvr getting over freaky resting his head on the table when everyone else starts dancing at 00:59,2
JPEGMAFIA,Alternative,PO3mri47s7M,JPEGMAFIA - 1539 N. Calvert,JPEGMAFIA,Jo why you spit in the mouth of a 16 year old boy at your show you weirdo?,2
JPEGMAFIA,Alternative,PO3mri47s7M,JPEGMAFIA - 1539 N. Calvert,JPEGMAFIA,RIP Bell Foundry IYKYK,0
JPEGMAFIA,Alternative,PO3mri47s7M,JPEGMAFIA - 1539 N. Calvert,JPEGMAFIA,The best videoclip of Peggy 🔥🔥🔥,2
JPEGMAFIA,Alternative,PO3mri47s7M,JPEGMAFIA - 1539 N. Calvert,JPEGMAFIA,0:46 I like the fact that everyone's just sitting at the table and then everyone just starts crashing out so me,4
JPEGMAFIA,Alternative,PO3mri47s7M,JPEGMAFIA - 1539 N. Calvert,JPEGMAFIA,realkotak is satisfied😩😩😩,0
JPEGMAFIA,Alternative,PO3mri47s7M,JPEGMAFIA - 1539 N. Calvert,JPEGMAFIA,джипегмафия,2
JPEGMAFIA,Alternative,PO3mri47s7M,JPEGMAFIA - 1539 N. Calvert,JPEGMAFIA,何回聴いても最高,2
JPEGMAFIA,Alternative,PO3mri47s7M,JPEGMAFIA - 1539 N. Calvert,JPEGMAFIA,This spook fell off,2
JPEGMAFIA,Alternative,PO3mri47s7M,JPEGMAFIA - 1539 N. Calvert,JPEGMAFIA,Damn peg,3
JPEGMAFIA,Alternative,PO3mri47s7M,JPEGMAFIA - 1539 N. Calvert,JPEGMAFIA,"Peggy, everything about this makes me shed a tear off my eye. Production wise, vocals, mixing, the bass, the kick thrills. everything is absolute peak. 1/10 you need to get your shit together this is fucked",28
JPEGMAFIA,Alternative,PO3mri47s7M,JPEGMAFIA - 1539 N. Calvert,JPEGMAFIA,This ass,1
JPEGMAFIA,Alternative,PO3mri47s7M,JPEGMAFIA - 1539 N. Calvert,JPEGMAFIA,I NEED ALL MY BITCHES SAME COLOR AS DRAKE 🗣🗣🗣🗣🗣🗣🗣🗣🗣🗣🗣🗣💯💯💯💯💯💯💯💯💯💯💯💯💯💯🔥🔥🔥🔥🔥🔥🔥🔥🔥🔥🔥🔥,2
JPEGMAFIA,Alternative,PO3mri47s7M,JPEGMAFIA - 1539 N. Calvert,JPEGMAFIA,Better late than ever!! New fan! I’m a hip hop head! Love this!! My daughter just told me he’ll be at the Filmore in Silver Spring! Think I’ll grab some tickets!!,5
JPEGMAFIA,Alternative,PO3mri47s7M,JPEGMAFIA - 1539 N. Calvert,JPEGMAFIA,🗑🗑🗑🗑🗑🗑,2
JPEGMAFIA,Alternative,PO3mri47s7M,JPEGMAFIA - 1539 N. Calvert,JPEGMAFIA,Bro this nigga production is fire,13
JPEGMAFIA,Alternative,PO3mri47s7M,JPEGMAFIA - 1539 N. Calvert,JPEGMAFIA,"Hiyaa, I made an edit of this song:

https://youtu.be/M-KV73CKmDI",0
JPEGMAFIA,Alternative,PO3mri47s7M,JPEGMAFIA - 1539 N. Calvert,JPEGMAFIA,The beat hits u on a whole nother level,1
JPEGMAFIA,Alternative,PO3mri47s7M,JPEGMAFIA - 1539 N. Calvert,JPEGMAFIA,"I listen to Oloff whenever I need therapy. Yeah, I could pay $300 an hour for some college clown to tell me what to feel, or I could just smash great big fucking coconuts on my head and listen to my favourite artist over and over again.",0
JPEGMAFIA,Alternative,PO3mri47s7M,JPEGMAFIA - 1539 N. Calvert,JPEGMAFIA,0:21,0
JPEGMAFIA,Alternative,PO3mri47s7M,JPEGMAFIA - 1539 N. Calvert,JPEGMAFIA,"I met Oloff at a supermarket once and asked him ''How did you write Doing It Stealthy?'' he didn't answer, he was too busy paying for his asparagus.",1
JPEGMAFIA,Alternative,PO3mri47s7M,JPEGMAFIA - 1539 N. Calvert,JPEGMAFIA,Nearly 6 years since I went down the 1539 N. Calvert to Myke C Town to Current 93 pipeline,1
JPEGMAFIA,Alternative,PO3mri47s7M,JPEGMAFIA - 1539 N. Calvert,JPEGMAFIA,I hope this shit gets 10+ million views,2
JPEGMAFIA,Alternative,PO3mri47s7M,JPEGMAFIA - 1539 N. Calvert,JPEGMAFIA,1:37 anyone know the name of this sfx?,6
JPEGMAFIA,Alternative,PO3mri47s7M,JPEGMAFIA - 1539 N. Calvert,JPEGMAFIA,I’m late sorry,3
JPEGMAFIA,Alternative,PO3mri47s7M,JPEGMAFIA - 1539 N. Calvert,JPEGMAFIA,first jpegmafia music video to have more than 5 pixels (in most parts),2
JPEGMAFIA,Alternative,PO3mri47s7M,JPEGMAFIA - 1539 N. Calvert,JPEGMAFIA,I'm so late to the party I'm so mad😑😑😑😑,1
JPEGMAFIA,Alternative,PO3mri47s7M,JPEGMAFIA - 1539 N. Calvert,JPEGMAFIA,UCSD REPRESENT,0
JPEGMAFIA,Alternative,PO3mri47s7M,JPEGMAFIA - 1539 N. Calvert,JPEGMAFIA,Pitchfork festival under the dj stand....and you just going to say both my names bro.....friends of foreign wars,0
JPEGMAFIA,Alternative,PO3mri47s7M,JPEGMAFIA - 1539 N. Calvert,JPEGMAFIA,WE LOVE U PEGGY,1
JPEGMAFIA,Alternative,PO3mri47s7M,JPEGMAFIA - 1539 N. Calvert,JPEGMAFIA,i love you more,5
JPEGMAFIA,Alternative,PO3mri47s7M,JPEGMAFIA - 1539 N. Calvert,JPEGMAFIA,I NEED ALL MY BITCHES SAME COLOR AS DRAKE 🗣️🗣️🔥🔥,2
JPEGMAFIA,Alternative,PO3mri47s7M,JPEGMAFIA - 1539 N. Calvert,JPEGMAFIA,Sneako ab Spit sum truth,0
JPEGMAFIA,Alternative,PO3mri47s7M,JPEGMAFIA - 1539 N. Calvert,JPEGMAFIA,Good,0
JPEGMAFIA,Alternative,PO3mri47s7M,JPEGMAFIA - 1539 N. Calvert,JPEGMAFIA,the outro pitch change at the end feels like waking up from an after-school nap,4
JPEGMAFIA,Alternative,PO3mri47s7M,JPEGMAFIA - 1539 N. Calvert,JPEGMAFIA,WORST HAIRLINE IN THE GAME 🔥🔥🔥,4
JPEGMAFIA,Alternative,PO3mri47s7M,JPEGMAFIA - 1539 N. Calvert,JPEGMAFIA,Way better live,0
JPEGMAFIA,Alternative,PO3mri47s7M,JPEGMAFIA - 1539 N. Calvert,JPEGMAFIA,Welcome to the namesake.,0
JPEGMAFIA,Alternative,PO3mri47s7M,JPEGMAFIA - 1539 N. Calvert,JPEGMAFIA,"i think most ridiculous thing about this song is , it always sounds fresh every single time you hit replay",484
JPEGMAFIA,Alternative,PO3mri47s7M,JPEGMAFIA - 1539 N. Calvert,JPEGMAFIA,Peggy pls peg me,0
JPEGMAFIA,Alternative,PO3mri47s7M,JPEGMAFIA - 1539 N. Calvert,JPEGMAFIA,"""Dragging bodies like metal gear""",1
JPEGMAFIA,Alternative,PO3mri47s7M,JPEGMAFIA - 1539 N. Calvert,JPEGMAFIA,the fact that kanye has probably heard this song now makes me so happy for peggy,2
JPEGMAFIA,Alternative,PO3mri47s7M,JPEGMAFIA - 1539 N. Calvert,JPEGMAFIA,"""Fuck 12 n***a stamp"" and then one of the best beat changes and the timestamp 2:12 is awesome.",1
JPEGMAFIA,Alternative,PO3mri47s7M,JPEGMAFIA - 1539 N. Calvert,JPEGMAFIA,tkm Peggy,0
JPEGMAFIA,Alternative,PO3mri47s7M,JPEGMAFIA - 1539 N. Calvert,JPEGMAFIA,Osman is idiot and your music is one fucking shit,0
JPEGMAFIA,Alternative,PO3mri47s7M,JPEGMAFIA - 1539 N. Calvert,JPEGMAFIA,I need one bitch color afrodisíaco,0
JPEGMAFIA,Alternative,PO3mri47s7M,JPEGMAFIA - 1539 N. Calvert,JPEGMAFIA,You guys did a great job with this video. it literally feels like we are looking into your memories in your head.,0
JPEGMAFIA,Alternative,PO3mri47s7M,JPEGMAFIA - 1539 N. Calvert,JPEGMAFIA,"i used to listen to this song as a kid, now im 35 and have a wife and kids with a high paying job, thank you for defining my childhood, JPEGMAFIA",2
JPEGMAFIA,Alternative,PO3mri47s7M,JPEGMAFIA - 1539 N. Calvert,JPEGMAFIA,Hey jpeg it's me I,0
JPEGMAFIA,Alternative,PO3mri47s7M,JPEGMAFIA - 1539 N. Calvert,JPEGMAFIA,Damn Peggy,0
JPEGMAFIA,Alternative,PO3mri47s7M,JPEGMAFIA - 1539 N. Calvert,JPEGMAFIA,u think yk me,0
JPEGMAFIA,Alternative,PO3mri47s7M,JPEGMAFIA - 1539 N. Calvert,JPEGMAFIA,"He rhymed ""Care"" with ""Gear""",2
JPEGMAFIA,Alternative,PO3mri47s7M,JPEGMAFIA - 1539 N. Calvert,JPEGMAFIA,Love that the jump in the background is on time the “Wooo” 😭 1:08,3
JPEGMAFIA,Alternative,PO3mri47s7M,JPEGMAFIA - 1539 N. Calvert,JPEGMAFIA,"[Intro]
Yeah
One, one
Yeah (She wanna sit on my lap)
Yeah, she wanna sit on my lap
(You think you know me)
She wanna sit on my lap, yeah
She wanna sit on my lap
(Da-damn, Peggy)
(This bitch really out here gonna watch herself)
She wanna sit on my lap
(What? Hahahaha, what?)
(Ayy)
Yeah, she wanna sit on my lap, yeah
(Like three donuts)
(For real, though, what, where we orderin' the food, dummy? What you order?)
Oh God, no
Fuck Postmates (Haha)
Ayy, ayy, uh, ayy, uh, what, what, what, uh, what (Look man), yeah
I need all (Let's get it)

[Verse]
I need all my bitches same color as Drake
If they not, then they gettin' rocked
Put that Pyrex in the pot (Right)
I don't give a fuck if you out there in the six (Turn around)
Suck a dick, pussy boy you gettin' hit with the (Woo, uh, uh, uh)
And I'm really with the shits, so you not gon' take my hits
Break my heart while I break yo' bitch (Right)
Two black cards, let me cloak my wrist (Okay)
Fuck a diss, boy, I'm draggin' bodies like it's Metal Gurr
I don't curr 'bout your fuckin' status, Peggy got no furr, yeah (Okay)
Ooh, yeah, ooh, yeah, yeah
Jugg and I come with them bands, ayy
Gun do not come with no plan, ayy (Okay)
Keep a Kimber at the pad, ayy
Crackers never get a pass, wait (Turn around)
Credit like my name was Chad, ayy
Watch who you fuckin' tag, babe (Alright)
Okay, get yo' demo out my face
Shawty, tryna give that dick to Kelly Conway
Pull my case, boy (Okay), I beat that shit like Lennon beat his bae
Young O'Shea (Young Ice Cube on the map, motherfucker, turn around)
I need a bitch with long hair like Myke C-Town (Yeah)
You talking shit (Look), I'm talking shit, you catch a beat down (Yeah, okay)
I know you never in the hood or in the streets now (Hey, turn around)
And still, I'm hearin' that you really want some beef now? (Uh, uh, uh, alright)
Bruh, take your tree out my backwood
Made the beat 'cause I'm that good (Damn)
Got your girl on her hands (Eugh), Johnny 5 with the cans (Okay)
Fuck a blog, fuck a fan, hope my record get panned (Look)
'Least I made you niggas dance
Fuck 12, nigga, stamp

[Outro]
Oh, your body, oh, you got it
On my body, my body, on my body
Oh, your body, oh, you got it
(Here to i-)",2
JPEGMAFIA,Alternative,PO3mri47s7M,JPEGMAFIA - 1539 N. Calvert,JPEGMAFIA,Love you sorry about sad life sometimes but you up,1
JPEGMAFIA,Alternative,PO3mri47s7M,JPEGMAFIA - 1539 N. Calvert,JPEGMAFIA,sounds like wii type beat damn peggy,3
JPEGMAFIA,Alternative,PO3mri47s7M,JPEGMAFIA - 1539 N. Calvert,JPEGMAFIA,I need my bitch Spanish like bad bunny,0
JPEGMAFIA,Alternative,PO3mri47s7M,JPEGMAFIA - 1539 N. Calvert,JPEGMAFIA,there's something about the intro for this version that hits diff,1
JPEGMAFIA,Alternative,PO3mri47s7M,JPEGMAFIA - 1539 N. Calvert,JPEGMAFIA,"For y'all who don't know, this video loops perfectly bc the last frame is the first frame",8
JPEGMAFIA,Alternative,PO3mri47s7M,JPEGMAFIA - 1539 N. Calvert,JPEGMAFIA,ngm escuta jpegmafia na periferia,1
JPEGMAFIA,Alternative,PO3mri47s7M,JPEGMAFIA - 1539 N. Calvert,JPEGMAFIA,all those big full beers... damn i quit drinkin in JULY 2023,0
JPEGMAFIA,Alternative,PO3mri47s7M,JPEGMAFIA - 1539 N. Calvert,JPEGMAFIA,One of my favorites songs ever,0
JPEGMAFIA,Alternative,PO3mri47s7M,JPEGMAFIA - 1539 N. Calvert,JPEGMAFIA,one of the greatest beats of all time. immaculate vibe.,1
JPEGMAFIA,Alternative,PO3mri47s7M,JPEGMAFIA - 1539 N. Calvert,JPEGMAFIA,this like a futuristic pierre beat,4
JPEGMAFIA,Alternative,PO3mri47s7M,JPEGMAFIA - 1539 N. Calvert,JPEGMAFIA,im a bitch for this song,3
JPEGMAFIA,Alternative,PO3mri47s7M,JPEGMAFIA - 1539 N. Calvert,JPEGMAFIA,An visual and audio masterpiece.,1
JPEGMAFIA,Alternative,PO3mri47s7M,JPEGMAFIA - 1539 N. Calvert,JPEGMAFIA,there is no one like Jpeg. his flow is like no other. ahead of its time. underrated 100.,4
JPEGMAFIA,Alternative,PO3mri47s7M,JPEGMAFIA - 1539 N. Calvert,JPEGMAFIA,ชอบเพลงนี้ อิอิ,1
JPEGMAFIA,Alternative,PO3mri47s7M,JPEGMAFIA - 1539 N. Calvert,JPEGMAFIA,"This song is great, not because it is good or anything but because it gave me the motivation to go and turn it off 10/10",0
JPEGMAFIA,Alternative,PO3mri47s7M,JPEGMAFIA - 1539 N. Calvert,JPEGMAFIA,He’s like death grips😊,2
JPEGMAFIA,Alternative,PO3mri47s7M,JPEGMAFIA - 1539 N. Calvert,JPEGMAFIA,waxito riko hmano,0
JPEGMAFIA,Alternative,PO3mri47s7M,JPEGMAFIA - 1539 N. Calvert,JPEGMAFIA,I was paralyzed and still stand up to turn this off,2
JPEGMAFIA,Alternative,PO3mri47s7M,JPEGMAFIA - 1539 N. Calvert,JPEGMAFIA,Sneako brought me here,1
JPEGMAFIA,Alternative,PO3mri47s7M,JPEGMAFIA - 1539 N. Calvert,JPEGMAFIA,"Pimps players and pornstars are allways feminine men.sometimes they hide behind muscles or deep voice but in their soul they women. The more they have to hide themselves the more muscles they need to build up to compensate.
Real men dont play with women, either they hate them or love them, but they never play. Rap music is feminine music. Real men protect women instead of showing them to the public like these rappers do. Thats bitch mentality",0
JPEGMAFIA,Alternative,PO3mri47s7M,JPEGMAFIA - 1539 N. Calvert,JPEGMAFIA,BANGERRRR🔥🔥🔥🔥🔥🔥,0
JPEGMAFIA,Alternative,PO3mri47s7M,JPEGMAFIA - 1539 N. Calvert,JPEGMAFIA,Pitchfork music fest bro,1
JPEGMAFIA,Alternative,PO3mri47s7M,JPEGMAFIA - 1539 N. Calvert,JPEGMAFIA,"0:56 musically and from the point of view of the video break it is a fantastic moment, loaded to the max in the previous seconds. It borders on perfection!",8
JPEGMAFIA,Alternative,PO3mri47s7M,JPEGMAFIA - 1539 N. Calvert,JPEGMAFIA,fire,2
JPEGMAFIA,Alternative,PO3mri47s7M,JPEGMAFIA - 1539 N. Calvert,JPEGMAFIA,I’m probably the only filipino that listens to peggy fr,3
JPEGMAFIA,Alternative,PO3mri47s7M,JPEGMAFIA - 1539 N. Calvert,JPEGMAFIA,she wanna sit on my lap yeah,0
JPEGMAFIA,Alternative,PO3mri47s7M,JPEGMAFIA - 1539 N. Calvert,JPEGMAFIA,(⁠づ⁠￣⁠ ⁠³⁠￣⁠)⁠づ,3
JPEGMAFIA,Alternative,PO3mri47s7M,JPEGMAFIA - 1539 N. Calvert,JPEGMAFIA,2:12,0
JPEGMAFIA,Alternative,PO3mri47s7M,JPEGMAFIA - 1539 N. Calvert,JPEGMAFIA,Still Peggy's best video to this day,0
JPEGMAFIA,Alternative,PO3mri47s7M,JPEGMAFIA - 1539 N. Calvert,JPEGMAFIA,This video is so underrated,0
JPEGMAFIA,Alternative,PO3mri47s7M,JPEGMAFIA - 1539 N. Calvert,JPEGMAFIA,1:40 this was cute ☺️,2
JPEGMAFIA,Alternative,PO3mri47s7M,JPEGMAFIA - 1539 N. Calvert,JPEGMAFIA,I love this video it is my friend,0
JPEGMAFIA,Alternative,PO3mri47s7M,JPEGMAFIA - 1539 N. Calvert,JPEGMAFIA,I listen to Oloff when I'm experiencing existential dread. It makes it worse but... I just can't stop.,2
JPEGMAFIA,Alternative,PO3mri47s7M,JPEGMAFIA - 1539 N. Calvert,JPEGMAFIA,"I met Oloff at a supermarket once and asked him ''How did you write Doing It Stealthy?'' he didn't answer, he was too busy paying for his asparagus.",2
JPEGMAFIA,Alternative,PO3mri47s7M,JPEGMAFIA - 1539 N. Calvert,JPEGMAFIA,There are times in life where you just want everything to end. There are other times when you just want to listen to Doing It Stealthy at max volume and call your boss the R-word,1
JPEGMAFIA,Alternative,PO3mri47s7M,JPEGMAFIA - 1539 N. Calvert,JPEGMAFIA,Oloff's music helps me to process my feelings about 9/11.,2
JPEGMAFIA,Alternative,PO3mri47s7M,JPEGMAFIA - 1539 N. Calvert,JPEGMAFIA,HEY,0
JPEGMAFIA,Alternative,PO3mri47s7M,JPEGMAFIA - 1539 N. Calvert,JPEGMAFIA,i was here,0
JPEGMAFIA,Alternative,PO3mri47s7M,JPEGMAFIA - 1539 N. Calvert,JPEGMAFIA,"I listened to this album the first week it came out, this song has been in my Spotify wrapped playlist at least four different years, and somehow this is the first time ive ever seen this video. I didn't even know there was a video.  Its pretty cool lol",3
JPEGMAFIA,Alternative,PO3mri47s7M,JPEGMAFIA - 1539 N. Calvert,JPEGMAFIA,Happy I ain't the only one searching crazy metaphores here describing how fire this sh*t is,4
JPEGMAFIA,Alternative,PO3mri47s7M,JPEGMAFIA - 1539 N. Calvert,JPEGMAFIA,Hello world,1
JPEGMAFIA,Alternative,PO3mri47s7M,JPEGMAFIA - 1539 N. Calvert,JPEGMAFIA,Man unironically Peggy hot AF,0
JPEGMAFIA,Alternative,PO3mri47s7M,JPEGMAFIA - 1539 N. Calvert,JPEGMAFIA,I love how the first minute of this song is just Peggy teasing us by building up to nothing a bunch of times,0
JPEGMAFIA,Alternative,PO3mri47s7M,JPEGMAFIA - 1539 N. Calvert,JPEGMAFIA,who is pink hiard girl??? ,7
JPEGMAFIA,Alternative,PO3mri47s7M,JPEGMAFIA - 1539 N. Calvert,JPEGMAFIA,This song made me rethink about life and its beauty... Pure masterpiece 1/10 what the fuck did you do with this 😢,0
JPEGMAFIA,Alternative,PO3mri47s7M,JPEGMAFIA - 1539 N. Calvert,JPEGMAFIA,"Lyrics: 

Yeah
One, one
Yeah (she wanna sit on my lap)
Yeah, she wanna sit on my lap
(You think you know me)
She wanna sit on my lap, yeah
She wanna sit on my lap (da-damn, Peggy)
She wanna sit on my lap (what? Hahahahaha, what? Ayy)
Yeah, she wanna sit on my lap, yeah
(Like three donuts)
(For real, though, what, what we orderin'?
(What food we gettin')
(What you wanna do?)
Fuck Postmates
Ayy, ayy, uh, ayy, uh, what, what, what, uh, what (look man), yeah
I need all (let's get it)
I need all my bitches same color as Drake
If they not, then they getting rocked
Put that Pyrex in the pot
I don't give a fuck if you out there in the 6
Suck a dick, pussy boy you getting hit with the (woo)
And I'm really with the shits, so you not gon' take my hits
Break my heart while I break your bitch
Two black cards let me cloak my wrist
Fuck a diss, boy, I'm draggin bodies like it's Metal Gear
I don't care bout your fuckin' status, Peggy got no fear
Jugg and I come with them bands, ayy
Gun do not come with no plan, ayy
Keep a Kimber at the pad, ayy
Crackers never get a pass, wait
Credit like my name was Chad, ayy
Watch who you fucking tag babe
Okay, get your demo out my face
Shawty, tryna give that dick to Kelly Conway
Pull my case, boy, I beat that shit like Lennon beat his bae
Young O'Shea (young Ice Cube on the map)
I need a bitch with long hair like Myke C-Town
You talking shit, I'm talking shit, you catch a beat down
I know you never in the hood or in the streets now
And still I'm hearing that you really want some beef now?
Bruh, take your tree out my backwood
Made the beat 'cause I'm that good
Got your girl on her hands, Johnny 5 with the cans
Fuck a blog, fuck a fan, hope my record get panned
'Least I made you niggas dance, fuck 12 nigga, stamp
Oh, your body, oh, you got it
On my body, my body, on my body
Oh, your body, oh, you got it",3
JPEGMAFIA,Alternative,PO3mri47s7M,JPEGMAFIA - 1539 N. Calvert,JPEGMAFIA,This song is heroin.,3
JPEGMAFIA,Alternative,PO3mri47s7M,JPEGMAFIA - 1539 N. Calvert,JPEGMAFIA,"This song sounds like menu music, but in a good way",8
JPEGMAFIA,Alternative,PO3mri47s7M,JPEGMAFIA - 1539 N. Calvert,JPEGMAFIA,"Forever a classic, this is getting bumped at my wedding",0
JPEGMAFIA,Alternative,PO3mri47s7M,JPEGMAFIA - 1539 N. Calvert,JPEGMAFIA,Stamp ! 🎉,3
JPEGMAFIA,Alternative,PO3mri47s7M,JPEGMAFIA - 1539 N. Calvert,JPEGMAFIA,"Where is the button to hit for when that girl says ""A""? I swear it was here...
0:28",0
JPEGMAFIA,Alternative,PO3mri47s7M,JPEGMAFIA - 1539 N. Calvert,JPEGMAFIA,i think my bf would like this song but he'll  have to find it by himself,6
JPEGMAFIA,Alternative,PO3mri47s7M,JPEGMAFIA - 1539 N. Calvert,JPEGMAFIA,eternal classic never forget,1
JPEGMAFIA,Alternative,PO3mri47s7M,JPEGMAFIA - 1539 N. Calvert,JPEGMAFIA,probably one of the most perfect beats ive ever heard,0
JPEGMAFIA,Alternative,PO3mri47s7M,JPEGMAFIA - 1539 N. Calvert,JPEGMAFIA,Is Freaky sitting at the table?,3
JPEGMAFIA,Alternative,PO3mri47s7M,JPEGMAFIA - 1539 N. Calvert,JPEGMAFIA,Idek why but that part at 1:35 goes so hard,3
JPEGMAFIA,Alternative,PO3mri47s7M,JPEGMAFIA - 1539 N. Calvert,JPEGMAFIA,genuinely one of the greatest hip hop songs of all time,1
JPEGMAFIA,Alternative,PO3mri47s7M,JPEGMAFIA - 1539 N. Calvert,JPEGMAFIA,When I first found peggy I was like this dude stole the edge theme song tag lol,2
JPEGMAFIA,Alternative,PO3mri47s7M,JPEGMAFIA - 1539 N. Calvert,JPEGMAFIA,Best song of all time.,0
JPEGMAFIA,Alternative,PO3mri47s7M,JPEGMAFIA - 1539 N. Calvert,JPEGMAFIA,mid af,4
JPEGMAFIA,Alternative,PO3mri47s7M,JPEGMAFIA - 1539 N. Calvert,JPEGMAFIA,This is one of the best music videos that my eyes have ever witnessed.,4
JPEGMAFIA,Alternative,PO3mri47s7M,JPEGMAFIA - 1539 N. Calvert,JPEGMAFIA,4 Mil🔥🔥🔥,1
JPEGMAFIA,Alternative,PO3mri47s7M,JPEGMAFIA - 1539 N. Calvert,JPEGMAFIA,I still remember before we left for service bro,0
JPEGMAFIA,Alternative,PO3mri47s7M,JPEGMAFIA - 1539 N. Calvert,JPEGMAFIA,"I have ""PEGGY"" tattooed on my ass now. Thanks. Zero stars.",23
JPEGMAFIA,Alternative,PO3mri47s7M,JPEGMAFIA - 1539 N. Calvert,JPEGMAFIA,"ResumenLetrasVídeosEscuchar
Yeah
One, one
Yeah (she wanna sit on my lap)
Yeah, she wanna sit on my lap
(You think you know me)
She wanna sit on my lap, yeah
She wanna sit on my lap (da-damn, Peggy)
She wanna sit on my lap (what? Hahahahaha, what? Ayy)
Yeah, she wanna sit on my lap, yeah
(Like three donuts)
(For real, though, what, what we orderin'?
(What food we gettin')
(What you wanna do?)
Fuck Postmates
Ayy, ayy, uh, ayy, uh, what, what, what, uh, what (look man), yeah
I need all (let's get it)
I need all my bitches same color as Drake
If they not, then they getting rocked
Put that Pyrex in the pot
I don't give a fuck if you out there in the 6
Suck a dick, pussy boy you getting hit with the (woo)
And I'm really with the shits, so you not gon' take my hits
Break my heart while I break your bitch
Two black cards let me cloak my wrist
Fuck a diss, boy, I'm draggin bodies like it's Metal Gear
I don't care bout your fuckin' status, Peggy got no fear
Jugg and I come with them bands, ayy
Gun do not come with no plan, ayy
Keep a Kimber at the pad, ayy
Crackers never get a pass, wait
Credit like my name was Chad, ayy
Watch who you fucking tag babe
Okay, get your demo out my face
Shawty, tryna give that dick to Kelly Conway
Pull my case, boy, I beat that shit like Lennon beat his bae
Young O'Shea (young Ice Cube on the map)
I need a bitch with long hair like Myke C-Town
You talking shit, I'm talking shit, you catch a beat down
I know you never in the hood or in the streets now
And still I'm hearing that you really want some beef now?
Bruh, take your tree out my backwood
Made the beat 'cause I'm that good
Got your girl on her hands, Johnny 5 with the cans
Fuck a blog, fuck a fan, hope my record get panned
'Least I made you niggas dance, fuck 12 nigga, stamp
Oh, your body, oh, you got it
On my body, my body, on my body
Oh, your body, oh, you got it",2
JPEGMAFIA,Alternative,PO3mri47s7M,JPEGMAFIA - 1539 N. Calvert,JPEGMAFIA,Crass and unkind.,0
JPEGMAFIA,Alternative,PO3mri47s7M,JPEGMAFIA - 1539 N. Calvert,JPEGMAFIA,dope,3
JPEGMAFIA,Alternative,PO3mri47s7M,JPEGMAFIA - 1539 N. Calvert,JPEGMAFIA,One of the best songs ever made yup,1
JPEGMAFIA,Alternative,PO3mri47s7M,JPEGMAFIA - 1539 N. Calvert,JPEGMAFIA,his producer tag might be the hardest one ever bro,9
JPEGMAFIA,Alternative,PO3mri47s7M,JPEGMAFIA - 1539 N. Calvert,JPEGMAFIA,The Black Peter Garrett,0
JPEGMAFIA,Alternative,PO3mri47s7M,JPEGMAFIA - 1539 N. Calvert,JPEGMAFIA,And at that address there was a house with a face .............,0
JPEGMAFIA,Alternative,PO3mri47s7M,JPEGMAFIA - 1539 N. Calvert,JPEGMAFIA,Eye hear you cuz.......,0
JPEGMAFIA,Alternative,PO3mri47s7M,JPEGMAFIA - 1539 N. Calvert,JPEGMAFIA,Yesssirrrr,0
JPEGMAFIA,Alternative,PO3mri47s7M,JPEGMAFIA - 1539 N. Calvert,JPEGMAFIA,Muito bom,0
JPEGMAFIA,Alternative,PO3mri47s7M,JPEGMAFIA - 1539 N. Calvert,JPEGMAFIA,fyre,0
JPEGMAFIA,Alternative,PO3mri47s7M,JPEGMAFIA - 1539 N. Calvert,JPEGMAFIA,2:12,2
JPEGMAFIA,Alternative,PO3mri47s7M,JPEGMAFIA - 1539 N. Calvert,JPEGMAFIA,"Come back every few months, the beat is just that fucking good. Damn Peggy",11
JPEGMAFIA,Alternative,PO3mri47s7M,JPEGMAFIA - 1539 N. Calvert,JPEGMAFIA,🚀🌙❤,0
JPEGMAFIA,Alternative,PO3mri47s7M,JPEGMAFIA - 1539 N. Calvert,JPEGMAFIA,This shit ass 😂 y’all Yt ppl be lovin this shit huh💀,0
JPEGMAFIA,Alternative,PO3mri47s7M,JPEGMAFIA - 1539 N. Calvert,JPEGMAFIA,I just discovered this song and I love it so much!,2
JPEGMAFIA,Alternative,PO3mri47s7M,JPEGMAFIA - 1539 N. Calvert,JPEGMAFIA,this song has ∞ replay value. i ain't joking at all.,67
JPEGMAFIA,Alternative,PO3mri47s7M,JPEGMAFIA - 1539 N. Calvert,JPEGMAFIA,"Yeah
One, one
Yeah (she wanna sit on my lap)
Yeah, she wanna sit on my lap
(You think you know me)
She wanna sit on my lap, yeah
She wanna sit on my lap (da-damn, Peggy)
She wanna sit on my lap (what? Hahahahaha, what? Ayy)
Yeah, she wanna sit on my lap, yeah
(Like three donuts)
(For real, though, what, what we orderin'?
(What food we gettin')
(What you wanna do?)
Fuck Postmates
Ayy, ayy, uh, ayy, uh, what, what, what, uh, what (look man), yeah
I need all (let's get it)
I need all my bitches same color as Drake
If they not, then they getting rocked
Put that Pyrex in the pot
I don't give a fuck if you out there in the 6
Suck a dick, pussy boy you getting hit with the (woo)
And I'm really with the shits, so you not gon' take my hits
Break my heart while I break your bitch
Two black cards let me cloak my wrist
Fuck a diss, boy, I'm draggin bodies like it's Metal Gear
I don't care bout your fuckin' status, Peggy got no fear
Jugg and I come with them bands, ayy
Gun do not come with no plan, ayy
Keep a Kimber at the pad, ayy
Crackers never get a pass, wait
Credit like my name was Chad, ayy
Watch who you fucking tag babe
Okay, get your demo out my face
Shawty, tryna give that dick to Kelly Conway
Pull my case, boy, I beat that shit like Lennon beat his bae
Young O'Shea (young Ice Cube on the map)
I need a bitch with long hair like Myke C-Town
You talking shit, I'm talking shit, you catch a beat down
I know you never in the hood or in the streets now
And still I'm hearing that you really want some beef now?
Bruh, take your tree out my backwood
Made the beat 'cause I'm that good
Got your girl on her hands, Johnny 5 with the cans
Fuck a blog, fuck a fan, hope my record get panned
'Least I made you niggas dance, fuck 12 nigga, stamp
Oh, your body, oh, you got it
On my body, my body, on my body
Oh, your body, oh, you got it",3
JPEGMAFIA,Alternative,PO3mri47s7M,JPEGMAFIA - 1539 N. Calvert,JPEGMAFIA,"I am crying tears right now of how beautiful this song is. It is pure artistry at its finest. 1/10. Peggy, you need to step up your game",1649
JPEGMAFIA,Alternative,PO3mri47s7M,JPEGMAFIA - 1539 N. Calvert,JPEGMAFIA,THE MYKE C TOWN LINE THO!,1
JPEGMAFIA,Alternative,PO3mri47s7M,JPEGMAFIA - 1539 N. Calvert,JPEGMAFIA,SHE WANNA SIT ON MY LAP,2
JPEGMAFIA,Alternative,PO3mri47s7M,JPEGMAFIA - 1539 N. Calvert,JPEGMAFIA,I forgot how hard this video goess,0
JPEGMAFIA,Alternative,PO3mri47s7M,JPEGMAFIA - 1539 N. Calvert,JPEGMAFIA,you’re lucky if you’re hearing this for the first time.,1
JPEGMAFIA,Alternative,PO3mri47s7M,JPEGMAFIA - 1539 N. Calvert,JPEGMAFIA,i've been listening to this song on loop for an hour now 😭,13
JPEGMAFIA,Alternative,PO3mri47s7M,JPEGMAFIA - 1539 N. Calvert,JPEGMAFIA,Now go for JPEGMAFIA 1539 N CALVERT But You're in Sao Paulo and its 1962,0
JPEGMAFIA,Alternative,PO3mri47s7M,JPEGMAFIA - 1539 N. Calvert,JPEGMAFIA,made the beat cause he IS that good,3
JPEGMAFIA,Alternative,PO3mri47s7M,JPEGMAFIA - 1539 N. Calvert,JPEGMAFIA,This is Peggy's pop song lol,5
JPEGMAFIA,Alternative,PO3mri47s7M,JPEGMAFIA - 1539 N. Calvert,JPEGMAFIA,Oloff is the biggest sensation since Hitler. Except this time it's in a good way.,0
JPEGMAFIA,Alternative,PO3mri47s7M,JPEGMAFIA - 1539 N. Calvert,JPEGMAFIA,My mom is such a huge Oloff fan that she got the lyrics to 'Bad Stuff' tattooed across her breasts.,1
JPEGMAFIA,Alternative,PO3mri47s7M,JPEGMAFIA - 1539 N. Calvert,JPEGMAFIA,There are times in life where you just want everything to end. There are other times when you just want to listen to Doing It Stealthy at max volume and call your boss the R-word,0
JPEGMAFIA,Alternative,PO3mri47s7M,JPEGMAFIA - 1539 N. Calvert,JPEGMAFIA,"I listen to Oloff's Bad Stuff on the train, and if the train doesn't go fast enough I slap the driver on the back of the head",0
JPEGMAFIA,Alternative,PO3mri47s7M,JPEGMAFIA - 1539 N. Calvert,JPEGMAFIA,Oloff's music helps me to process my feelings about 9/11.,0
JPEGMAFIA,Alternative,PO3mri47s7M,JPEGMAFIA - 1539 N. Calvert,JPEGMAFIA,ǝɟᴉl ʎɯ pǝƃuɐɥɔ ɟɟolO ¯_(ツ)_/¯ Oloff changed my life,0
JPEGMAFIA,Alternative,PO3mri47s7M,JPEGMAFIA - 1539 N. Calvert,JPEGMAFIA,I can't think of a single man I would rather have kids with than Oloff. That man has a brain the size of a bowling ball.,0
JPEGMAFIA,Alternative,PO3mri47s7M,JPEGMAFIA - 1539 N. Calvert,JPEGMAFIA,"I listen to Bad Stuff by Oloff whenever I need therapy. Yeah, I could pay $300 an hour for some college clown to tell me what to feel, or I could just smash great big fucking coconuts on my head and listen to my favourite song over and over again.",0
JPEGMAFIA,Alternative,PO3mri47s7M,JPEGMAFIA - 1539 N. Calvert,JPEGMAFIA,"Rumour has it that one time Oloff was sat next to Jar Jar Binks on a flight. Jar Jar kept kicking the chair in front of him and generally being obnoxious, nobody knew what to do. Eventually one of the flight attendants came over and asked Oloff if he would perform one of his songs to calm Jar Jar down, and when Oloff began rapping the first verse to Bad Stuff, Jar Jar immediately relaxed. To this day the two are still close friends.",0
JPEGMAFIA,Alternative,PO3mri47s7M,JPEGMAFIA - 1539 N. Calvert,JPEGMAFIA,ʇᴉ ʇnoqɐ ƃuos ɐ ǝʞɐɯ puɐ rape a turtle oʇ ɟɟolO ʇuɐʍ I,0
JPEGMAFIA,Alternative,PO3mri47s7M,JPEGMAFIA - 1539 N. Calvert,JPEGMAFIA,One of the greatest beats with glitch elements,2
JPEGMAFIA,Alternative,PO3mri47s7M,JPEGMAFIA - 1539 N. Calvert,JPEGMAFIA,love from south korea🔥🔥🔥,2
JPEGMAFIA,Alternative,PO3mri47s7M,JPEGMAFIA - 1539 N. Calvert,JPEGMAFIA,LET HIM COOK,1
JPEGMAFIA,Alternative,PO3mri47s7M,JPEGMAFIA - 1539 N. Calvert,JPEGMAFIA,Muito a frente do tempo,1
JPEGMAFIA,Alternative,PO3mri47s7M,JPEGMAFIA - 1539 N. Calvert,JPEGMAFIA,"""Ay""",1
JPEGMAFIA,Alternative,PO3mri47s7M,JPEGMAFIA - 1539 N. Calvert,JPEGMAFIA,This song is so indie its 🔥,1
JPEGMAFIA,Alternative,PO3mri47s7M,JPEGMAFIA - 1539 N. Calvert,JPEGMAFIA,Some guy said on the jpegmafia sub reddit that this song sucks and boy I wanna smash his teeth in💀,4
JPEGMAFIA,Alternative,PO3mri47s7M,JPEGMAFIA - 1539 N. Calvert,JPEGMAFIA,I don’t think it should be a hot take that this is just one of the greatest hip hop songs of all time,4
JPEGMAFIA,Alternative,PO3mri47s7M,JPEGMAFIA - 1539 N. Calvert,JPEGMAFIA,RATED R SUPERSTAR,2
JPEGMAFIA,Alternative,PO3mri47s7M,JPEGMAFIA - 1539 N. Calvert,JPEGMAFIA,🔥‼️,1
JPEGMAFIA,Alternative,PO3mri47s7M,JPEGMAFIA - 1539 N. Calvert,JPEGMAFIA,Came here because of Fantano. Leaving quickly because I have taste.,0
JPEGMAFIA,Alternative,PO3mri47s7M,JPEGMAFIA - 1539 N. Calvert,JPEGMAFIA,Came here because of Fantano. Leaving quickly because I have taste.,0
JPEGMAFIA,Alternative,PO3mri47s7M,JPEGMAFIA - 1539 N. Calvert,JPEGMAFIA,🔥,0
JPEGMAFIA,Alternative,PO3mri47s7M,JPEGMAFIA - 1539 N. Calvert,JPEGMAFIA,literally a perfect beat,271
JPEGMAFIA,Alternative,PO3mri47s7M,JPEGMAFIA - 1539 N. Calvert,JPEGMAFIA,"swag
",0
JPEGMAFIA,Alternative,PO3mri47s7M,JPEGMAFIA - 1539 N. Calvert,JPEGMAFIA,There are times in life where you just want everything to end. There are other times when you just want to listen to Doing It Stealthy at max volume and call your boss the R-word,0
JPEGMAFIA,Alternative,PO3mri47s7M,JPEGMAFIA - 1539 N. Calvert,JPEGMAFIA,Oloff is the biggest sensation since Hitler. Except this time it's in a good way.,0
JPEGMAFIA,Alternative,PO3mri47s7M,JPEGMAFIA - 1539 N. Calvert,JPEGMAFIA,The first time I heard Beating the Heart by Oloff my heart stopped beating. Thank God the doctors were able to revive me.,0
JPEGMAFIA,Alternative,PO3mri47s7M,JPEGMAFIA - 1539 N. Calvert,JPEGMAFIA,Oloff's music helps me to process my feelings about 9/11.,0
JPEGMAFIA,Alternative,PO3mri47s7M,JPEGMAFIA - 1539 N. Calvert,JPEGMAFIA,ǝɟᴉl ʎɯ pǝƃuɐɥɔ ɟɟolO ¯_(ツ)_/¯ Oloff changed my life,0
JPEGMAFIA,Alternative,PO3mri47s7M,JPEGMAFIA - 1539 N. Calvert,JPEGMAFIA,I can't think of a single man I would rather have kids with than Oloff. That man has a brain the size of a bowling ball.,0
JPEGMAFIA,Alternative,PO3mri47s7M,JPEGMAFIA - 1539 N. Calvert,JPEGMAFIA,"I listen to Doing It Stealthy by Oloff whenever I need therapy. Yeah, I could pay $300 an hour for some college clown to tell me what to feel, or I could just smash great big fucking coconuts on my head and listen to my favourite song over and over again.",0
JPEGMAFIA,Alternative,PO3mri47s7M,JPEGMAFIA - 1539 N. Calvert,JPEGMAFIA,Need a bitch with long hair like myke c-town this man is a genius,0
JPEGMAFIA,Alternative,PO3mri47s7M,JPEGMAFIA - 1539 N. Calvert,JPEGMAFIA,WHAT ABOUT PDFMafia?,0
JPEGMAFIA,Alternative,PO3mri47s7M,JPEGMAFIA - 1539 N. Calvert,JPEGMAFIA,im in love with this Guy,1
JPEGMAFIA,Alternative,PO3mri47s7M,JPEGMAFIA - 1539 N. Calvert,JPEGMAFIA,its so fucking good,1
JPEGMAFIA,Alternative,PO3mri47s7M,JPEGMAFIA - 1539 N. Calvert,JPEGMAFIA,Anyone know what is said at the very end,0
JPEGMAFIA,Alternative,PO3mri47s7M,JPEGMAFIA - 1539 N. Calvert,JPEGMAFIA,sorry for your loss,0
JPEGMAFIA,Alternative,PO3mri47s7M,JPEGMAFIA - 1539 N. Calvert,JPEGMAFIA,listened to this at 9:11 while eatin  a possiblee undercookd bagel 🔥🔥,5
JPEGMAFIA,Alternative,PO3mri47s7M,JPEGMAFIA - 1539 N. Calvert,JPEGMAFIA,"This songs vibe reminds me of water and honey, idk why but in a good way for sure",0
JPEGMAFIA,Alternative,PO3mri47s7M,JPEGMAFIA - 1539 N. Calvert,JPEGMAFIA,Long Island shiiiiiiiiiiiiiiiiiiiiiiiiii,0
JPEGMAFIA,Alternative,PO3mri47s7M,JPEGMAFIA - 1539 N. Calvert,JPEGMAFIA,HAH WORD PEGGY HAHA,0
JPEGMAFIA,Alternative,PO3mri47s7M,JPEGMAFIA - 1539 N. Calvert,JPEGMAFIA,D-DAMN PEGGY,0
JPEGMAFIA,Alternative,PO3mri47s7M,JPEGMAFIA - 1539 N. Calvert,JPEGMAFIA,So fuckin good,0
JPEGMAFIA,Alternative,PO3mri47s7M,JPEGMAFIA - 1539 N. Calvert,JPEGMAFIA,Anyone else recognize the “you think you know me” from Edges WWE entrance song,1
JPEGMAFIA,Alternative,PO3mri47s7M,JPEGMAFIA - 1539 N. Calvert,JPEGMAFIA,HOW HAVE I NEVER HEARD THIS???? I KNOW WHERE 1539 N CALVERT IS,0
JPEGMAFIA,Alternative,PO3mri47s7M,JPEGMAFIA - 1539 N. Calvert,JPEGMAFIA,anialmaibitchessaicolor,0
JPEGMAFIA,Alternative,PO3mri47s7M,JPEGMAFIA - 1539 N. Calvert,JPEGMAFIA,"I met Oloff at a supermarket once and asked him ''How did you write Doing It Stealthy?'' he didn't answer, he was too busy paying for his asparagus.",2
JPEGMAFIA,Alternative,PO3mri47s7M,JPEGMAFIA - 1539 N. Calvert,JPEGMAFIA,I listen to Doing It Stealthy when I'm experiencing existential dread. It makes it worse but... I just can't stop.,1
JPEGMAFIA,Alternative,PO3mri47s7M,JPEGMAFIA - 1539 N. Calvert,JPEGMAFIA,"I listen to Doing It Stealthy on the train, and if the train doesn't go fast enough I slap the driver on the back of the head",1
JPEGMAFIA,Alternative,PO3mri47s7M,JPEGMAFIA - 1539 N. Calvert,JPEGMAFIA,ǝɟᴉl ʎɯ pǝƃuɐɥɔ ɟɟolO ¯_(ツ)_/¯ Oloff changed my life,1
JPEGMAFIA,Alternative,PO3mri47s7M,JPEGMAFIA - 1539 N. Calvert,JPEGMAFIA,I can't think of a single man I would rather have kids with than Oloff. That man has a brain the size of a bowling ball.,1
JPEGMAFIA,Alternative,PO3mri47s7M,JPEGMAFIA - 1539 N. Calvert,JPEGMAFIA,"Rumour has it that one time Oloff was sat next to Jar Jar Binks on a flight. Jar Jar kept kicking the chair in front of him and generally being obnoxious, nobody knew what to do. Eventually one of the flight attendants came over and asked Oloff if he would perform one of his songs to calm Jar Jar down, and when Oloff began rapping the first verse to Doing It Stealthy, Jar Jar immediately relaxed. To this day the two are still close friends.",1
JPEGMAFIA,Alternative,PO3mri47s7M,JPEGMAFIA - 1539 N. Calvert,JPEGMAFIA,It’s like Richard D. James himself is playing synths on this track.,1
JPEGMAFIA,Alternative,PO3mri47s7M,JPEGMAFIA - 1539 N. Calvert,JPEGMAFIA,daddy,0
JPEGMAFIA,Alternative,PO3mri47s7M,JPEGMAFIA - 1539 N. Calvert,JPEGMAFIA,"Happy Veterans' Day. Salute to you, Peggy.",0
JPEGMAFIA,Alternative,PO3mri47s7M,JPEGMAFIA - 1539 N. Calvert,JPEGMAFIA,?,1
JPEGMAFIA,Alternative,PO3mri47s7M,JPEGMAFIA - 1539 N. Calvert,JPEGMAFIA,I WANT ALL MY BITCHES SAME COLOUR ASH TRAY 🔥🔥🔥🔥🔥🔥🔥🔥🔥🔥🔥🔥,3
JPEGMAFIA,Alternative,PO3mri47s7M,JPEGMAFIA - 1539 N. Calvert,JPEGMAFIA,I don’t understand how metroboomin is considered a good producer compared to this,0
JPEGMAFIA,Alternative,PO3mri47s7M,JPEGMAFIA - 1539 N. Calvert,JPEGMAFIA,"the lyrics, drums and melody are completely different and shouldn't work together but they sound so good.",0
JPEGMAFIA,Alternative,PO3mri47s7M,JPEGMAFIA - 1539 N. Calvert,JPEGMAFIA,I can't think of a single man I would rather have kids with than Oloff. That man has a brain the size of a bowling ball.,0
JPEGMAFIA,Alternative,PO3mri47s7M,JPEGMAFIA - 1539 N. Calvert,JPEGMAFIA,ǝɟᴉl ʎɯ pǝƃuɐɥɔ ɟɟolO ¯\_(ツ)_/¯ Oloff changed my life,0
JPEGMAFIA,Alternative,PO3mri47s7M,JPEGMAFIA - 1539 N. Calvert,JPEGMAFIA,ʇᴉ ʇnoqɐ ƃuos ɐ ǝʞɐɯ puɐ shut down Club Penguin oʇ ɟɟolO ʇuɐʍ I,0
JPEGMAFIA,Alternative,PO3mri47s7M,JPEGMAFIA - 1539 N. Calvert,JPEGMAFIA,Oloff is the biggest sensation since Hitler. Except this time it's in a good way.,0
JPEGMAFIA,Alternative,PO3mri47s7M,JPEGMAFIA - 1539 N. Calvert,JPEGMAFIA,"I'll never forget the first time I heard Doing It Stealthy by Oloff. I thought &quot;wow, this is great, but it's nowhere near as great as some of his other great hits like I Don't Breathe, Beating the Heart, or his Send for Phil Vickery.&quot;",0
JPEGMAFIA,Alternative,PO3mri47s7M,JPEGMAFIA - 1539 N. Calvert,JPEGMAFIA,"Rumour has it that one time Oloff was sat next to Jar Jar Binks on a flight. Jar Jar kept kicking the chair in front of him and generally being obnoxious, nobody knew what to do. Eventually one of the flight attendants came over and asked Oloff if he would perform one of his songs to calm Jar Jar down, and when Oloff began rapping the first verse to Doing It Stealthy, Jar Jar immediately relaxed. To this day the two are still close friends.",0
JPEGMAFIA,Alternative,PO3mri47s7M,JPEGMAFIA - 1539 N. Calvert,JPEGMAFIA,Oloff's music helps me to process my feelings about 9/11.,0
JPEGMAFIA,Alternative,PO3mri47s7M,JPEGMAFIA - 1539 N. Calvert,JPEGMAFIA,"aes·thet·ic

Learn to pronounce
adjective
concerned with beauty or the appreciation of beauty.",1
JPEGMAFIA,Alternative,PO3mri47s7M,JPEGMAFIA - 1539 N. Calvert,JPEGMAFIA,i wish he would do a colors version of this,1
JPEGMAFIA,Alternative,PO3mri47s7M,JPEGMAFIA - 1539 N. Calvert,JPEGMAFIA,damn pszeggy,0
JPEGMAFIA,Alternative,PO3mri47s7M,JPEGMAFIA - 1539 N. Calvert,JPEGMAFIA,0:45,2
JPEGMAFIA,Alternative,PO3mri47s7M,JPEGMAFIA - 1539 N. Calvert,JPEGMAFIA,I love you JPEGMAFIA!!! Hihihi!!1 🥰🥰🥰🥰🥰🥰🥰🥰,1
JPEGMAFIA,Alternative,PO3mri47s7M,JPEGMAFIA - 1539 N. Calvert,JPEGMAFIA,GENIUS,1
JPEGMAFIA,Alternative,PO3mri47s7M,JPEGMAFIA - 1539 N. Calvert,JPEGMAFIA,"Always come back to this song whenever I’m high, the experience and euphoria this song creates is just unbeatable fr. Such a classic song.",11
JPEGMAFIA,Alternative,PO3mri47s7M,JPEGMAFIA - 1539 N. Calvert,JPEGMAFIA,"damn 4 years since this vid came out, fuck I'm getting old.",1
JPEGMAFIA,Alternative,PO3mri47s7M,JPEGMAFIA - 1539 N. Calvert,JPEGMAFIA,"This has to be one of my favorite music videos of 2018, probably even the best.",4
JPEGMAFIA,Alternative,PO3mri47s7M,JPEGMAFIA - 1539 N. Calvert,JPEGMAFIA,nahh this fyeee wtf im just finding this now,11
JPEGMAFIA,Alternative,PO3mri47s7M,JPEGMAFIA - 1539 N. Calvert,JPEGMAFIA,Ay...you spit,0
JPEGMAFIA,Alternative,PO3mri47s7M,JPEGMAFIA - 1539 N. Calvert,JPEGMAFIA,Probably one of the hardest beats of all time. Those drums have been in my mind for an entire year,35
JPEGMAFIA,Alternative,PO3mri47s7M,JPEGMAFIA - 1539 N. Calvert,JPEGMAFIA,I’ve had this on repeat all day I can’t get enough of this song.,12
JPEGMAFIA,Alternative,PO3mri47s7M,JPEGMAFIA - 1539 N. Calvert,JPEGMAFIA,trash,2
JPEGMAFIA,Alternative,PO3mri47s7M,JPEGMAFIA - 1539 N. Calvert,JPEGMAFIA,"just so you know Jpeg, you got a fan from Malaysia. massive love",5
JPEGMAFIA,Alternative,PO3mri47s7M,JPEGMAFIA - 1539 N. Calvert,JPEGMAFIA,"I met Oloff at a supermarket once and asked him ''How did you write Doing It Stealthy?'' he didn't answer, he was too busy paying for his asparagus.",1
JPEGMAFIA,Alternative,PO3mri47s7M,JPEGMAFIA - 1539 N. Calvert,JPEGMAFIA,I listen to Doing It Stealthy when I'm experiencing existential dread. It makes it worse but... I just can't stop.,0
JPEGMAFIA,Alternative,PO3mri47s7M,JPEGMAFIA - 1539 N. Calvert,JPEGMAFIA,"I listen to Doing It Stealthy on the train, and if the train doesn't go fast enough I slap the driver on the back of the head",0
JPEGMAFIA,Alternative,PO3mri47s7M,JPEGMAFIA - 1539 N. Calvert,JPEGMAFIA,ʇᴉ ʇnoqɐ ƃuos ɐ ǝʞɐɯ puɐ rape a turtle oʇ ɟɟolO ʇuɐʍ I,0
JPEGMAFIA,Alternative,PO3mri47s7M,JPEGMAFIA - 1539 N. Calvert,JPEGMAFIA,Doing It Stealthy helps me to process my feelings about 9/11.,0
JPEGMAFIA,Alternative,PO3mri47s7M,JPEGMAFIA - 1539 N. Calvert,JPEGMAFIA,"Rumour has it one time Oloff was sat next to Jar Jar Binks on a flight. Jar Jar kept kicking the chair in front of him and generally being obnoxious, nobody knew what to do. Eventually one of the flight attendants came over and asked Oloff if he would perform one of his songs to calm Jar Jar down, and when Oloff began rapping the first verse to Doing It Stealthy, Jar Jar immediately relaxed. To this day the two are still close friends.",0
JPEGMAFIA,Alternative,PO3mri47s7M,JPEGMAFIA - 1539 N. Calvert,JPEGMAFIA,just me or this would perfectly fit in AMHAC,1
JPEGMAFIA,Alternative,PO3mri47s7M,JPEGMAFIA - 1539 N. Calvert,JPEGMAFIA,Damn peggy,2
JPEGMAFIA,Alternative,PO3mri47s7M,JPEGMAFIA - 1539 N. Calvert,JPEGMAFIA,"Yeah
One, one
Yeah (she wanna sit on my lap)
Yeah, she wanna sit on my lap
(You think you know me)
She wanna sit on my lap, yeah
She wanna sit on my lap (da-damn, Peggy)
She wanna sit on my lap (what? Hahahahaha, what? Ayy)

Yeah, she wanna sit on my lap, yeah
(Like three donuts)
(For real, though, what, what we orderin'?
(What food we gettin')
(What you wanna do?)
Fuck Postmates
Ayy, ayy, uh, ayy, uh, what, what, what, uh, what (look man), yeah
I need all (let's get it)

I need all my bitches same color as Drake
If they not, then they getting rocked
Put that Pyrex in the pot
I don't give a fuck if you out there in the 6
Suck a dick, pussy boy you getting hit with the (woo)
And I'm really with the shits, so you not gon' take my hits
Break my heart while I break your bitch
Two black cards let me cloak my wrist
Fuck a diss, boy, I'm draggin bodies like it's Metal Gear
I don't care bout your fuckin' status, Peggy got no fear

Jugg and I come with them bands, ayy
Gun do not come with no plan, ayy
Keep a Kimber at the pad, ayy
Crackers never get a pass, wait
Credit like my name was Chad, ayy
Watch who you fucking tag babe

Okay, get your demo out my face
Shawty, tryna give that dick to Kelly Conway
Pull my case, boy, I beat that shit like Lennon beat his bae
Young O'Shea (young Ice Cube on the map)

I need a bitch with long hair like Myke C-Town
You talking shit, I'm talking shit, you catch a beat down
I know you never in the hood or in the streets now
And still I'm hearing that you really want some beef now?

Bruh, take your tree out my backwood
Made the beat 'cause I'm that good
Got your girl on her hands, Johnny 5 with the cans
Fuck a blog, fuck a fan, hope my record get panned
'Least I made you niggas dance, fuck 12 nigga, stamp

Oh, your body, oh, you got it
On my body, my body, on my body
Oh, your body, oh, you got it",0
JPEGMAFIA,Alternative,PO3mri47s7M,JPEGMAFIA - 1539 N. Calvert,JPEGMAFIA,very big fan,0
JPEGMAFIA,Alternative,PO3mri47s7M,JPEGMAFIA - 1539 N. Calvert,JPEGMAFIA,Sneakos theme song fr,0
JPEGMAFIA,Alternative,PO3mri47s7M,JPEGMAFIA - 1539 N. Calvert,JPEGMAFIA,this thing just flips a switch in my brain. probably the percussion,1
JPEGMAFIA,Alternative,PO3mri47s7M,JPEGMAFIA - 1539 N. Calvert,JPEGMAFIA,This go hard and soothing at the same time,0
JPEGMAFIA,Alternative,PO3mri47s7M,JPEGMAFIA - 1539 N. Calvert,JPEGMAFIA,"ah, colonel",0
JPEGMAFIA,Alternative,PO3mri47s7M,JPEGMAFIA - 1539 N. Calvert,JPEGMAFIA,Was in line 4 merch last nite but believe I was singing this shit!!!! SHOW WAS THE SHIT!!!!!,0
JPEGMAFIA,Alternative,PO3mri47s7M,JPEGMAFIA - 1539 N. Calvert,JPEGMAFIA,At this address use to stand a house with a face?,0
JPEGMAFIA,Alternative,PO3mri47s7M,JPEGMAFIA - 1539 N. Calvert,JPEGMAFIA,real aphex twin vibes,0
JPEGMAFIA,Alternative,PO3mri47s7M,JPEGMAFIA - 1539 N. Calvert,JPEGMAFIA,"2 things I’ve learned
1. She wants to sit on his lap
2. He is at 1539 n. calvert",4
JPEGMAFIA,Alternative,PO3mri47s7M,JPEGMAFIA - 1539 N. Calvert,JPEGMAFIA,this shit will stand the test of time,33
JPEGMAFIA,Alternative,PO3mri47s7M,JPEGMAFIA - 1539 N. Calvert,JPEGMAFIA,"Seeing Peggy perform this at Splendour 2022 in NSW was crazy…  

We were all shouting the words together and at the end when he said fck 12, we flipped off the police in the crowd.",0
JPEGMAFIA,Alternative,PO3mri47s7M,JPEGMAFIA - 1539 N. Calvert,JPEGMAFIA,Love,0
JPEGMAFIA,Alternative,PO3mri47s7M,JPEGMAFIA - 1539 N. Calvert,JPEGMAFIA,what a beautiful song,2
JPEGMAFIA,Alternative,PO3mri47s7M,JPEGMAFIA - 1539 N. Calvert,JPEGMAFIA,classic.,1
JPEGMAFIA,Alternative,PO3mri47s7M,JPEGMAFIA - 1539 N. Calvert,JPEGMAFIA,Goddamn what a killer beat,8
JPEGMAFIA,Alternative,PO3mri47s7M,JPEGMAFIA - 1539 N. Calvert,JPEGMAFIA,Cont,0
JPEGMAFIA,Alternative,PO3mri47s7M,JPEGMAFIA - 1539 N. Calvert,JPEGMAFIA,Why does this beat remind me of a n64 song,1
JPEGMAFIA,Alternative,PO3mri47s7M,JPEGMAFIA - 1539 N. Calvert,JPEGMAFIA,I listen to Doing It Stealthy when I'm experiencing existential dread. It makes it worse but... I just can't stop.,1
JPEGMAFIA,Alternative,PO3mri47s7M,JPEGMAFIA - 1539 N. Calvert,JPEGMAFIA,amo te,0
JPEGMAFIA,Alternative,PO3mri47s7M,JPEGMAFIA - 1539 N. Calvert,JPEGMAFIA,.,0
JPEGMAFIA,Alternative,PO3mri47s7M,JPEGMAFIA - 1539 N. Calvert,JPEGMAFIA,Fire,1
JPEGMAFIA,Alternative,PO3mri47s7M,JPEGMAFIA - 1539 N. Calvert,JPEGMAFIA,"I listen to Doing It Stealthy on the train, and if the train doesn't go fast enough I slap the driver on the back of the head",0
JPEGMAFIA,Alternative,PO3mri47s7M,JPEGMAFIA - 1539 N. Calvert,JPEGMAFIA,My mom is such a huge Oloff fan that she got the lyrics to 'Doing It Stealthy' tattooed across her breasts.,0
JPEGMAFIA,Alternative,PO3mri47s7M,JPEGMAFIA - 1539 N. Calvert,JPEGMAFIA,yes,0
JPEGMAFIA,Alternative,PO3mri47s7M,JPEGMAFIA - 1539 N. Calvert,JPEGMAFIA,its uncanny how chill his vocals are yet hes dancing like crazy,1
JPEGMAFIA,Alternative,PO3mri47s7M,JPEGMAFIA - 1539 N. Calvert,JPEGMAFIA,"I need all my bitches same color as Drake
If they not, then they gettin' rocked
Put that Pyrex in the pot (Right)
I don't give a fuck if you out there in the six (Turn around)
Suck a dick, pussy boy you gettin' hit with the (Woo, uh, uh, uh)
And I'm really with the shits, so you not gon' take my hits
Break my heart while I break yo' bitch (Right)
Two black cards, let me cloak my wrist (Okay)
Fuck a diss, boy, I'm draggin' bodies like it's Metal Gear
I don't care 'bout your fuckin' status, Peggy got no fear, yeah (Okay)
Ooh, yeah, ooh, yeah, yeah
Jugg and I come with them bands, ayyGun do not come with no plan, ayy (Okay)
Keep a Kimber at the pad, ayy
Crackers never get a pass, wait (Turn around)
Credit like my name was Chad, ayy
Watch who you fuckin' tag, babe (Alright)
Okay, get yo' demo out my face
Shawty, tryna give that dick to Kelly Conway
Pull my case, boy (Okay), I beat that shit like Lennon beat his bae
Young O'Shea (Young Ice Cube on the map, motherfucker, turn around)
I need a bitch with long hair like Myke C-Town (Yeah)
You talking shit (Look), I'm talking shit, you catch a beat down (Yeah, okay)
I know you never in the hood or in the streets now (Hey, turn around)
And still, I'm hearin' that you really want some beef now? (Uh, uh, uh, alright)
Bruh, take your tree out my backwood
Made the beat 'cause I'm that good (Damn)
Got your girl on her hands (Eugh), Johnny 5 with the cans (Okay)
Fuck a blog, fuck a fan, hope my record get panned (Look)
'Least I made you niggas dance
Fuck 12, nigga, stamp",3
JPEGMAFIA,Alternative,PO3mri47s7M,JPEGMAFIA - 1539 N. Calvert,JPEGMAFIA,0:55,1
JPEGMAFIA,Alternative,PO3mri47s7M,JPEGMAFIA - 1539 N. Calvert,JPEGMAFIA,inspiring a whole generation,1
JPEGMAFIA,Alternative,PO3mri47s7M,JPEGMAFIA - 1539 N. Calvert,JPEGMAFIA,FUCK 12,0
JPEGMAFIA,Alternative,PO3mri47s7M,JPEGMAFIA - 1539 N. Calvert,JPEGMAFIA,piratx Libra2Y7,0
JPEGMAFIA,Alternative,PO3mri47s7M,JPEGMAFIA - 1539 N. Calvert,JPEGMAFIA,This should’ve won a Grammy. Too bad some thots twerking on stage won somehow.,1
JPEGMAFIA,Alternative,PO3mri47s7M,JPEGMAFIA - 1539 N. Calvert,JPEGMAFIA,this is like my favorite shrooms video,0
JPEGMAFIA,Alternative,PO3mri47s7M,JPEGMAFIA - 1539 N. Calvert,JPEGMAFIA,Bro put crack into song stg,2
JPEGMAFIA,Alternative,PO3mri47s7M,JPEGMAFIA - 1539 N. Calvert,JPEGMAFIA,"I met Oloff at a supermarket once and asked him ''How did you write Doing It Stealthy?'' he didn't answer, he was too busy paying for his asparagus.",0
JPEGMAFIA,Alternative,PO3mri47s7M,JPEGMAFIA - 1539 N. Calvert,JPEGMAFIA,I listen to Doing It Stealthy when I'm experiencing existential dread. It makes it worse but... I just can't stop.,0
JPEGMAFIA,Alternative,PO3mri47s7M,JPEGMAFIA - 1539 N. Calvert,JPEGMAFIA,this still revolutionary asf,2
JPEGMAFIA,Alternative,PO3mri47s7M,JPEGMAFIA - 1539 N. Calvert,JPEGMAFIA,Te amo peggy.,1
JPEGMAFIA,Alternative,PO3mri47s7M,JPEGMAFIA - 1539 N. Calvert,JPEGMAFIA,GOD FUCKING LOVE YOU,0
JPEGMAFIA,Alternative,PO3mri47s7M,JPEGMAFIA - 1539 N. Calvert,JPEGMAFIA,this beat is insane and the craziest thing is the lyrics and performance fit the beat PERFECTLY. like i wouldn't change a single syllable. especially 1:09,19
JPEGMAFIA,Alternative,PO3mri47s7M,JPEGMAFIA - 1539 N. Calvert,JPEGMAFIA,"“i would have flown there to be in the video for free”
- Myke C Town

truely the biggest missed opportunity of all time",0
JPEGMAFIA,Alternative,PO3mri47s7M,JPEGMAFIA - 1539 N. Calvert,JPEGMAFIA,bro these videos are miles ahead of anything else out,0
JPEGMAFIA,Alternative,PO3mri47s7M,JPEGMAFIA - 1539 N. Calvert,JPEGMAFIA,why does the girl say aye like shes about to hop on the track,3
JPEGMAFIA,Alternative,PO3mri47s7M,JPEGMAFIA - 1539 N. Calvert,JPEGMAFIA,DAMN PEGGY,0
JPEGMAFIA,Alternative,PO3mri47s7M,JPEGMAFIA - 1539 N. Calvert,JPEGMAFIA,This is so great 👏👏 i love the choreography,2
JPEGMAFIA,Alternative,PO3mri47s7M,JPEGMAFIA - 1539 N. Calvert,JPEGMAFIA,"This is the best quality camera JPEG has ever filed with, to this day.",0
JPEGMAFIA,Alternative,PO3mri47s7M,JPEGMAFIA - 1539 N. Calvert,JPEGMAFIA,Bell foundry.....? Yuh,0
JPEGMAFIA,Alternative,PO3mri47s7M,JPEGMAFIA - 1539 N. Calvert,JPEGMAFIA,Great instrumental !,0
JPEGMAFIA,Alternative,PO3mri47s7M,JPEGMAFIA - 1539 N. Calvert,JPEGMAFIA,This is the shit,0
JPEGMAFIA,Alternative,PO3mri47s7M,JPEGMAFIA - 1539 N. Calvert,JPEGMAFIA,Something you'll never gonna hear again,0
JPEGMAFIA,Alternative,PO3mri47s7M,JPEGMAFIA - 1539 N. Calvert,JPEGMAFIA,Rappers today will make the most beautiful transcendental beat you’ve ever heard and then hop on the beat and be mid,0
JPEGMAFIA,Alternative,PO3mri47s7M,JPEGMAFIA - 1539 N. Calvert,JPEGMAFIA,"When my friends hear the first song of this album: ""Damn, that's actually pretty dope!""

Album: *continues*

Friends: ""what?...""",514
JPEGMAFIA,Alternative,PO3mri47s7M,JPEGMAFIA - 1539 N. Calvert,JPEGMAFIA,This was my most played song the year it came out,0
JPEGMAFIA,Alternative,PO3mri47s7M,JPEGMAFIA - 1539 N. Calvert,JPEGMAFIA,0:24 Peggy be like fuck'd I do???!,3
JPEGMAFIA,Alternative,PO3mri47s7M,JPEGMAFIA - 1539 N. Calvert,JPEGMAFIA,"""Made the beat coz I'm that good""",5
JPEGMAFIA,Alternative,PO3mri47s7M,JPEGMAFIA - 1539 N. Calvert,JPEGMAFIA,"He really referenced Myke C-town? In one of his most popular songs too, damn",2
JPEGMAFIA,Alternative,PO3mri47s7M,JPEGMAFIA - 1539 N. Calvert,JPEGMAFIA,Idk what I’m experiencing right now man but I like it 🤷🏾‍♂️,1
JPEGMAFIA,Alternative,PO3mri47s7M,JPEGMAFIA - 1539 N. Calvert,JPEGMAFIA,Does anyone else agree that JPEG sounds like old Scarlxrd when he use to just rap,0
JPEGMAFIA,Alternative,PO3mri47s7M,JPEGMAFIA - 1539 N. Calvert,JPEGMAFIA,"I listen to Doing It Stealthy on the train, and if the train doesn't go fast enough I slap the driver on the back of the head",0
JPEGMAFIA,Alternative,PO3mri47s7M,JPEGMAFIA - 1539 N. Calvert,JPEGMAFIA,"Man, that outro always gets me. It's so melancholic and nostalgic.",5
JPEGMAFIA,Alternative,PO3mri47s7M,JPEGMAFIA - 1539 N. Calvert,JPEGMAFIA,WHY ISN'T MYKE C-TOWN IN THE VIDEO,0
JPEGMAFIA,Alternative,PO3mri47s7M,JPEGMAFIA - 1539 N. Calvert,JPEGMAFIA,"I'm a manchild and I like to play with toy cars, but not as much as I enjoy listening to Doing It Stealthy",0
JPEGMAFIA,Alternative,PO3mri47s7M,JPEGMAFIA - 1539 N. Calvert,JPEGMAFIA,Everything in my life changed when I started listening to Doing It Stealthy by Oloff.,0
JPEGMAFIA,Alternative,PO3mri47s7M,JPEGMAFIA - 1539 N. Calvert,JPEGMAFIA,"Doing It Stealthy makes me happy in a way that no woman ever could... btw I'm single and so alone, please message me.",0
JPEGMAFIA,Alternative,PO3mri47s7M,JPEGMAFIA - 1539 N. Calvert,JPEGMAFIA,"I listen to Doing It Stealthy on the train, and if the train doesn't go fast enough I slap the driver on the back of the head",0
JPEGMAFIA,Alternative,PO3mri47s7M,JPEGMAFIA - 1539 N. Calvert,JPEGMAFIA,Everything in my life changed when I started listening to Doing It Stealthy by Oloff.,0
JPEGMAFIA,Alternative,PO3mri47s7M,JPEGMAFIA - 1539 N. Calvert,JPEGMAFIA,I listen to Doing It Stealthy when I'm experiencing existential dread. It makes it worse but... I just can't stop.,0
JPEGMAFIA,Alternative,PO3mri47s7M,JPEGMAFIA - 1539 N. Calvert,JPEGMAFIA,Doing It Stealthy is one of those songs that makes you ask.... why did God create us? What happens after we die?,0
JPEGMAFIA,Alternative,PO3mri47s7M,JPEGMAFIA - 1539 N. Calvert,JPEGMAFIA,"I'm a 300lb biker from Texas, I've never cried at a song before but Doing It Stealthy turned me into a blubbering mess.",0
JPEGMAFIA,Alternative,PO3mri47s7M,JPEGMAFIA - 1539 N. Calvert,JPEGMAFIA,"I listen to Doing It Stealthy by Oloff whenever I need therapy. Yeah, I could pay $300 an hour for some college clown to tell me what to feel, or I could just smash great big fucking coconuts on my head and listen to my favourite song over and over again.",0
JPEGMAFIA,Alternative,PO3mri47s7M,JPEGMAFIA - 1539 N. Calvert,JPEGMAFIA,love that he mentioned myke,0
JPEGMAFIA,Alternative,PO3mri47s7M,JPEGMAFIA - 1539 N. Calvert,JPEGMAFIA,This man is talented fr,1
JPEGMAFIA,Alternative,PO3mri47s7M,JPEGMAFIA - 1539 N. Calvert,JPEGMAFIA,this song smells like deodorant for men,2
JPEGMAFIA,Alternative,PO3mri47s7M,JPEGMAFIA - 1539 N. Calvert,JPEGMAFIA,U think you know me,1
JPEGMAFIA,Alternative,PO3mri47s7M,JPEGMAFIA - 1539 N. Calvert,JPEGMAFIA,"As someone who just recently discovered JPEGMAFIA , this has to be my favorite song",1
JPEGMAFIA,Alternative,PO3mri47s7M,JPEGMAFIA - 1539 N. Calvert,JPEGMAFIA,is that tommy genesis with the pink hair in this video????,0
JPEGMAFIA,Alternative,PO3mri47s7M,JPEGMAFIA - 1539 N. Calvert,JPEGMAFIA,I LOVE JOEGMAFIA <3<3<3,1
JPEGMAFIA,Alternative,PO3mri47s7M,JPEGMAFIA - 1539 N. Calvert,JPEGMAFIA,"I need a bitch with long hair like Myke C Town, that feeling when you get an obscure reference :D",2
JPEGMAFIA,Alternative,PO3mri47s7M,JPEGMAFIA - 1539 N. Calvert,JPEGMAFIA,My mom is such a huge Oloff fan that she got the lyrics to 'Doing It Stealthy' tattooed across her breasts.,0
JPEGMAFIA,Alternative,PO3mri47s7M,JPEGMAFIA - 1539 N. Calvert,JPEGMAFIA,"I'm a manchild and I like to play with toy cars, but not as much as I enjoy listening to Doing It Stealthy",0
JPEGMAFIA,Alternative,PO3mri47s7M,JPEGMAFIA - 1539 N. Calvert,JPEGMAFIA,Everything in my life changed when I started listening to Doing It Stealthy by Oloff.,0
JPEGMAFIA,Alternative,PO3mri47s7M,JPEGMAFIA - 1539 N. Calvert,JPEGMAFIA,"I listen to Doing It Stealthy on the train, and if the train doesn't go fast enough I slap the driver on the back of the head",0
JPEGMAFIA,Alternative,PO3mri47s7M,JPEGMAFIA - 1539 N. Calvert,JPEGMAFIA,"Doing It Stealthy makes me happy in a way that no woman ever could... btw I'm single and so alone, please message me.",0
JPEGMAFIA,Alternative,PO3mri47s7M,JPEGMAFIA - 1539 N. Calvert,JPEGMAFIA,"I listen to Doing It Stealthy by Oloff whenever I need therapy. Yeah, I could pay $300 an hour for some college clown to tell me what to feel, or I could just smash great big fucking coconuts on my head and listen to my favourite song over and over again.",0
JPEGMAFIA,Alternative,PO3mri47s7M,JPEGMAFIA - 1539 N. Calvert,JPEGMAFIA,"I couldn't get pussy until I started listening to Doing It Stealthy by Oloff. I still can't get pussy, but now I don't even want it anymore.",0
JPEGMAFIA,Alternative,PO3mri47s7M,JPEGMAFIA - 1539 N. Calvert,JPEGMAFIA,Doing It Stealthy is one of those songs that makes you ask.... why did God create us? What happens after we die?,0
JPEGMAFIA,Alternative,PO3mri47s7M,JPEGMAFIA - 1539 N. Calvert,JPEGMAFIA,I listen to Doing It Stealthy when I'm experiencing existential dread. It makes it worse but... I just can't stop.,1
JPEGMAFIA,Alternative,PO3mri47s7M,JPEGMAFIA - 1539 N. Calvert,JPEGMAFIA,My mom is such a huge Oloff fan that she got the lyrics to 'Doing It Stealthy' tattooed across her breasts.,0
JPEGMAFIA,Alternative,PO3mri47s7M,JPEGMAFIA - 1539 N. Calvert,JPEGMAFIA,Doing It Stealthy is one of those songs that makes you ask.... why did God create us? What happens after we die?,0
JPEGMAFIA,Alternative,PO3mri47s7M,JPEGMAFIA - 1539 N. Calvert,JPEGMAFIA,"I listen to Doing It Stealthy on the train, and if the train doesn't go fast enough I slap the driver on the back of the head",0
JPEGMAFIA,Alternative,PO3mri47s7M,JPEGMAFIA - 1539 N. Calvert,JPEGMAFIA,"I'm a manchild and I like to play with toy cars, but not as much as I enjoy listening to Doing It Stealthy",0
JPEGMAFIA,Alternative,PO3mri47s7M,JPEGMAFIA - 1539 N. Calvert,JPEGMAFIA,Everything in my life changed when I started listening to Doing It Stealthy by Oloff.,0
JPEGMAFIA,Alternative,PO3mri47s7M,JPEGMAFIA - 1539 N. Calvert,JPEGMAFIA,"Doing It Stealthy makes me happy in a way that no woman ever could... btw I'm single and so alone, please message me.",0
JPEGMAFIA,Alternative,PO3mri47s7M,JPEGMAFIA - 1539 N. Calvert,JPEGMAFIA,"I listen to Doing It Stealthy by Oloff whenever I need therapy. Yeah, I could pay $300 an hour for some college clown to tell me what to feel, or I could just smash great big fucking coconuts on my head and listen to my favourite song over and over again.",0
JPEGMAFIA,Alternative,PO3mri47s7M,JPEGMAFIA - 1539 N. Calvert,JPEGMAFIA,"I'm a manchild and I like to play with toy cars, but not as much as I enjoy listening to Doing It Stealthy",0
JPEGMAFIA,Alternative,PO3mri47s7M,JPEGMAFIA - 1539 N. Calvert,JPEGMAFIA,"I listen to Doing It Stealthy on the train, and if the train doesn't go fast enough I slap the driver on the back of the head",0
JPEGMAFIA,Alternative,PO3mri47s7M,JPEGMAFIA - 1539 N. Calvert,JPEGMAFIA,Doing It Stealthy is one of those songs that makes you ask.... why did God create us? What happens after we die?,0
JPEGMAFIA,Alternative,PO3mri47s7M,JPEGMAFIA - 1539 N. Calvert,JPEGMAFIA,My mom is such a huge Oloff fan that she got the lyrics to 'Doing It Stealthy' tattooed across her breasts.,0
JPEGMAFIA,Alternative,PO3mri47s7M,JPEGMAFIA - 1539 N. Calvert,JPEGMAFIA,Everything in my life changed when I started listening to Doing It Stealthy by Oloff.,0
JPEGMAFIA,Alternative,PO3mri47s7M,JPEGMAFIA - 1539 N. Calvert,JPEGMAFIA,"I listen to Doing It Stealthy by Oloff whenever I need therapy. Yeah, I could pay $300 an hour for some college clown to tell me what to feel, or I could just smash great big fucking coconuts on my head and listen to my favourite song over and over again.",0
JPEGMAFIA,Alternative,PO3mri47s7M,JPEGMAFIA - 1539 N. Calvert,JPEGMAFIA,Doing It Stealthy is one of those songs that makes you ask.... why did God create us? What happens after we die?,0
JPEGMAFIA,Alternative,PO3mri47s7M,JPEGMAFIA - 1539 N. Calvert,JPEGMAFIA,"Doing It Stealthy makes me happy in a way that no woman ever could... btw I'm single and so alone, please message me.",0
JPEGMAFIA,Alternative,PO3mri47s7M,JPEGMAFIA - 1539 N. Calvert,JPEGMAFIA,Everything in my life changed when I started listening to Doing It Stealthy by Oloff.,0
JPEGMAFIA,Alternative,PO3mri47s7M,JPEGMAFIA - 1539 N. Calvert,JPEGMAFIA,"I listen to Doing It Stealthy on the train, and if the train doesn't go fast enough I slap the driver on the back of the head",0
JPEGMAFIA,Alternative,PO3mri47s7M,JPEGMAFIA - 1539 N. Calvert,JPEGMAFIA,I listen to Doing It Stealthy when I'm experiencing existential dread. It makes it worse but... I just can't stop.,0
JPEGMAFIA,Alternative,PO3mri47s7M,JPEGMAFIA - 1539 N. Calvert,JPEGMAFIA,"I'm a manchild and I like to play with toy cars, but not as much as I enjoy listening to Doing It Stealthy",0
JPEGMAFIA,Alternative,PO3mri47s7M,JPEGMAFIA - 1539 N. Calvert,JPEGMAFIA,"Doing It Stealthy makes me happy in a way that no woman ever could... btw I'm single and so alone, please message me.",0
JPEGMAFIA,Alternative,PO3mri47s7M,JPEGMAFIA - 1539 N. Calvert,JPEGMAFIA,"I couldn't get pussy until I started listening to Doing It Stealthy by Oloff. I still can't get pussy, but now I don't even want it anymore.",0
JPEGMAFIA,Alternative,PO3mri47s7M,JPEGMAFIA - 1539 N. Calvert,JPEGMAFIA,I listen to Doing It Stealthy when I'm experiencing existential dread. It makes it worse but... I just can't stop.,0
JPEGMAFIA,Alternative,PO3mri47s7M,JPEGMAFIA - 1539 N. Calvert,JPEGMAFIA,Everything in my life changed when I started listening to Doing It Stealthy by Oloff.,0
JPEGMAFIA,Alternative,PO3mri47s7M,JPEGMAFIA - 1539 N. Calvert,JPEGMAFIA,"I listen to Doing It Stealthy on the train, and if the train doesn't go fast enough I slap the driver on the back of the head",0
JPEGMAFIA,Alternative,PO3mri47s7M,JPEGMAFIA - 1539 N. Calvert,JPEGMAFIA,My mom is such a huge Oloff fan that she got the lyrics to 'Doing It Stealthy' tattooed across her breasts.,0
JPEGMAFIA,Alternative,PO3mri47s7M,JPEGMAFIA - 1539 N. Calvert,JPEGMAFIA,"I'm a manchild and I like to play with toy cars, but not as much as I enjoy listening to Doing It Stealthy",0
JPEGMAFIA,Alternative,PO3mri47s7M,JPEGMAFIA - 1539 N. Calvert,JPEGMAFIA,Doing It Stealthy is one of those songs that makes you ask.... why did God create us? What happens after we die?,0
JPEGMAFIA,Alternative,PO3mri47s7M,JPEGMAFIA - 1539 N. Calvert,JPEGMAFIA,"Doing It Stealthy makes me happy in a way that no woman ever could... btw I'm single and so alone, please message me.",0
JPEGMAFIA,Alternative,PO3mri47s7M,JPEGMAFIA - 1539 N. Calvert,JPEGMAFIA,Doing It Stealthy is one of those songs that makes you ask.... why did God create us? What happens after we die?,0
JPEGMAFIA,Alternative,PO3mri47s7M,JPEGMAFIA - 1539 N. Calvert,JPEGMAFIA,"I'm a manchild and I like to play with toy cars, but not as much as I enjoy listening to Doing It Stealthy",0
JPEGMAFIA,Alternative,PO3mri47s7M,JPEGMAFIA - 1539 N. Calvert,JPEGMAFIA,"I couldn't get pussy until I started listening to Doing It Stealthy by Oloff. I still can't get pussy, but now I don't even want it anymore.",0
JPEGMAFIA,Alternative,PO3mri47s7M,JPEGMAFIA - 1539 N. Calvert,JPEGMAFIA,My mom is such a huge Oloff fan that she got the lyrics to 'Doing It Stealthy' tattooed across her breasts.,0
JPEGMAFIA,Alternative,PO3mri47s7M,JPEGMAFIA - 1539 N. Calvert,JPEGMAFIA,"I listen to Doing It Stealthy by Oloff whenever I need therapy. Yeah, I could pay $300 an hour for some college clown to tell me what to feel, or I could just smash great big fucking coconuts on my head and listen to my favourite song over and over again.",0
JPEGMAFIA,Alternative,PO3mri47s7M,JPEGMAFIA - 1539 N. Calvert,JPEGMAFIA,"I listen to Doing It Stealthy on the train, and if the train doesn't go fast enough I slap the driver on the back of the head",0
JPEGMAFIA,Alternative,PO3mri47s7M,JPEGMAFIA - 1539 N. Calvert,JPEGMAFIA,"Doing It Stealthy makes me happy in a way that no woman ever could... btw I'm single and so alone, please message me.",0
JPEGMAFIA,Alternative,PO3mri47s7M,JPEGMAFIA - 1539 N. Calvert,JPEGMAFIA,"I'm a manchild and I like to play with toy cars, but not as much as I enjoy listening to Doing It Stealthy",0
JPEGMAFIA,Alternative,PO3mri47s7M,JPEGMAFIA - 1539 N. Calvert,JPEGMAFIA,My mom is such a huge Oloff fan that she got the lyrics to 'Doing It Stealthy' tattooed across her breasts.,0
JPEGMAFIA,Alternative,PO3mri47s7M,JPEGMAFIA - 1539 N. Calvert,JPEGMAFIA,"I listen to Doing It Stealthy by Oloff whenever I need therapy. Yeah, I could pay $300 an hour for some college clown to tell me what to feel, or I could just smash great big fucking coconuts on my head and listen to my favourite song over and over again.",0
JPEGMAFIA,Alternative,PO3mri47s7M,JPEGMAFIA - 1539 N. Calvert,JPEGMAFIA,"I listen to Doing It Stealthy on the train, and if the train doesn't go fast enough I slap the driver on the back of the head",0
JPEGMAFIA,Alternative,PO3mri47s7M,JPEGMAFIA - 1539 N. Calvert,JPEGMAFIA,I listen to Doing It Stealthy when I'm experiencing existential dread. It makes it worse but... I just can't stop.,0
JPEGMAFIA,Alternative,PO3mri47s7M,JPEGMAFIA - 1539 N. Calvert,JPEGMAFIA,Doing It Stealthy is one of those songs that makes you ask.... why did God create us? What happens after we die?,0
JPEGMAFIA,Alternative,PO3mri47s7M,JPEGMAFIA - 1539 N. Calvert,JPEGMAFIA,Everything in my life changed when I started listening to Doing It Stealthy by Oloff.,0
JPEGMAFIA,Alternative,PO3mri47s7M,JPEGMAFIA - 1539 N. Calvert,JPEGMAFIA,"I listen to Doing It Stealthy by Oloff whenever I need therapy. Yeah, I could pay $300 an hour for some college clown to tell me what to feel, or I could just smash great big fucking coconuts on my head and listen to my favourite song over and over again.",0
JPEGMAFIA,Alternative,PO3mri47s7M,JPEGMAFIA - 1539 N. Calvert,JPEGMAFIA,I listen to Doing It Stealthy when I'm experiencing existential dread. It makes it worse but... I just can't stop.,0
JPEGMAFIA,Alternative,PO3mri47s7M,JPEGMAFIA - 1539 N. Calvert,JPEGMAFIA,"I listen to Doing It Stealthy on the train, and if the train doesn't go fast enough I slap the driver on the back of the head",0
JPEGMAFIA,Alternative,PO3mri47s7M,JPEGMAFIA - 1539 N. Calvert,JPEGMAFIA,My mom is such a huge Oloff fan that she got the lyrics to 'Doing It Stealthy' tattooed across her breasts.,0
JPEGMAFIA,Alternative,PO3mri47s7M,JPEGMAFIA - 1539 N. Calvert,JPEGMAFIA,"I'm a manchild and I like to play with toy cars, but not as much as I enjoy listening to Doing It Stealthy",0
JPEGMAFIA,Alternative,PO3mri47s7M,JPEGMAFIA - 1539 N. Calvert,JPEGMAFIA,Everything in my life changed when I started listening to Doing It Stealthy by Oloff.,0
JPEGMAFIA,Alternative,PO3mri47s7M,JPEGMAFIA - 1539 N. Calvert,JPEGMAFIA,"Doing It Stealthy makes me happy in a way that no woman ever could... btw I'm single and so alone, please message me.",0
JPEGMAFIA,Alternative,PO3mri47s7M,JPEGMAFIA - 1539 N. Calvert,JPEGMAFIA,"I couldn't get pussy until I started listening to Doing It Stealthy by Oloff. I still can't get pussy, but now I don't even want it anymore.",0
JPEGMAFIA,Alternative,PO3mri47s7M,JPEGMAFIA - 1539 N. Calvert,JPEGMAFIA,Doing It Stealthy is one of those songs that makes you ask.... why did God create us? What happens after we die?,0
JPEGMAFIA,Alternative,PO3mri47s7M,JPEGMAFIA - 1539 N. Calvert,JPEGMAFIA,My mom is such a huge Oloff fan that she got the lyrics to 'Doing It Stealthy' tattooed across her breasts.,0
JPEGMAFIA,Alternative,PO3mri47s7M,JPEGMAFIA - 1539 N. Calvert,JPEGMAFIA,"Doing It Stealthy makes me happy in a way that no woman ever could... btw I'm single and so alone, please message me.",0
JPEGMAFIA,Alternative,PO3mri47s7M,JPEGMAFIA - 1539 N. Calvert,JPEGMAFIA,"I'm a manchild and I like to play with toy cars, but not as much as I enjoy listening to Doing It Stealthy",0
JPEGMAFIA,Alternative,PO3mri47s7M,JPEGMAFIA - 1539 N. Calvert,JPEGMAFIA,"I couldn't get pussy until I started listening to Doing It Stealthy by Oloff. I still can't get pussy, but now I don't even want it anymore.",0
JPEGMAFIA,Alternative,PO3mri47s7M,JPEGMAFIA - 1539 N. Calvert,JPEGMAFIA,"I listen to Doing It Stealthy on the train, and if the train doesn't go fast enough I slap the driver on the back of the head",0
JPEGMAFIA,Alternative,PO3mri47s7M,JPEGMAFIA - 1539 N. Calvert,JPEGMAFIA,"I listen to Doing It Stealthy by Oloff whenever I need therapy. Yeah, I could pay $300 an hour for some college clown to tell me what to feel, or I could just smash great big fucking coconuts on my head and listen to my favourite song over and over again.",0
JPEGMAFIA,Alternative,PO3mri47s7M,JPEGMAFIA - 1539 N. Calvert,JPEGMAFIA,Everything in my life changed when I started listening to Doing It Stealthy by Oloff.,0
JPEGMAFIA,Alternative,PO3mri47s7M,JPEGMAFIA - 1539 N. Calvert,JPEGMAFIA,"Doing It Stealthy makes me happy in a way that no woman ever could... btw I'm single and so alone, please message me.",0
JPEGMAFIA,Alternative,PO3mri47s7M,JPEGMAFIA - 1539 N. Calvert,JPEGMAFIA,"I'm a manchild and I like to play with toy cars, but not as much as I enjoy listening to Doing It Stealthy",0
JPEGMAFIA,Alternative,PO3mri47s7M,JPEGMAFIA - 1539 N. Calvert,JPEGMAFIA,"I listen to Doing It Stealthy by Oloff whenever I need therapy. Yeah, I could pay $300 an hour for some college clown to tell me what to feel, or I could just smash great big fucking coconuts on my head and listen to my favourite song over and over again.",0
JPEGMAFIA,Alternative,PO3mri47s7M,JPEGMAFIA - 1539 N. Calvert,JPEGMAFIA,"I couldn't get pussy until I started listening to Doing It Stealthy by Oloff. I still can't get pussy, but now I don't even want it anymore.",0
JPEGMAFIA,Alternative,PO3mri47s7M,JPEGMAFIA - 1539 N. Calvert,JPEGMAFIA,My mom is such a huge Oloff fan that she got the lyrics to 'Doing It Stealthy' tattooed across her breasts.,0
JPEGMAFIA,Alternative,PO3mri47s7M,JPEGMAFIA - 1539 N. Calvert,JPEGMAFIA,I listen to Doing It Stealthy when I'm experiencing existential dread. It makes it worse but... I just can't stop.,0
JPEGMAFIA,Alternative,PO3mri47s7M,JPEGMAFIA - 1539 N. Calvert,JPEGMAFIA,Everything in my life changed when I started listening to Doing It Stealthy by Oloff.,0
JPEGMAFIA,Alternative,PO3mri47s7M,JPEGMAFIA - 1539 N. Calvert,JPEGMAFIA,"I listen to Doing It Stealthy on the train, and if the train doesn't go fast enough I slap the driver on the back of the head",0
JPEGMAFIA,Alternative,PO3mri47s7M,JPEGMAFIA - 1539 N. Calvert,JPEGMAFIA,"I listen to Doing It Stealthy by Oloff whenever I need therapy. Yeah, I could pay $300 an hour for some college clown to tell me what to feel, or I could just smash great big fucking coconuts on my head and listen to my favourite song over and over again.",0
JPEGMAFIA,Alternative,PO3mri47s7M,JPEGMAFIA - 1539 N. Calvert,JPEGMAFIA,My mom is such a huge Oloff fan that she got the lyrics to 'Doing It Stealthy' tattooed across her breasts.,0
JPEGMAFIA,Alternative,PO3mri47s7M,JPEGMAFIA - 1539 N. Calvert,JPEGMAFIA,"Doing It Stealthy makes me happy in a way that no woman ever could... btw I'm single and so alone, please message me.",0
JPEGMAFIA,Alternative,PO3mri47s7M,JPEGMAFIA - 1539 N. Calvert,JPEGMAFIA,I listen to Doing It Stealthy when I'm experiencing existential dread. It makes it worse but... I just can't stop.,0
JPEGMAFIA,Alternative,PO3mri47s7M,JPEGMAFIA - 1539 N. Calvert,JPEGMAFIA,"I'm a manchild and I like to play with toy cars, but not as much as I enjoy listening to Doing It Stealthy",0
JPEGMAFIA,Alternative,PO3mri47s7M,JPEGMAFIA - 1539 N. Calvert,JPEGMAFIA,Everything in my life changed when I started listening to Doing It Stealthy by Oloff.,0
JPEGMAFIA,Alternative,PO3mri47s7M,JPEGMAFIA - 1539 N. Calvert,JPEGMAFIA,"I'm a manchild and I like to play with toy cars, but not as much as I enjoy listening to Doing It Stealthy",0
JPEGMAFIA,Alternative,PO3mri47s7M,JPEGMAFIA - 1539 N. Calvert,JPEGMAFIA,I listen to Doing It Stealthy when I'm experiencing existential dread. It makes it worse but... I just can't stop.,0
JPEGMAFIA,Alternative,PO3mri47s7M,JPEGMAFIA - 1539 N. Calvert,JPEGMAFIA,"I listen to Doing It Stealthy on the train, and if the train doesn't go fast enough I slap the driver on the back of the head",0
JPEGMAFIA,Alternative,PO3mri47s7M,JPEGMAFIA - 1539 N. Calvert,JPEGMAFIA,"I couldn't get pussy until I started listening to Doing It Stealthy by Oloff. I still can't get pussy, but now I don't even want it anymore.",0
JPEGMAFIA,Alternative,PO3mri47s7M,JPEGMAFIA - 1539 N. Calvert,JPEGMAFIA,"I listen to Doing It Stealthy by Oloff whenever I need therapy. Yeah, I could pay $300 an hour for some college clown to tell me what to feel, or I could just smash great big fucking coconuts on my head and listen to my favourite song over and over again.",0
JPEGMAFIA,Alternative,PO3mri47s7M,JPEGMAFIA - 1539 N. Calvert,JPEGMAFIA,Doing It Stealthy is one of those songs that makes you ask.... why did God create us? What happens after we die?,0
JPEGMAFIA,Alternative,PO3mri47s7M,JPEGMAFIA - 1539 N. Calvert,JPEGMAFIA,"make the beat cuz im that good""
thats ISANE if he really made this beats. its fire broooo",0
JPEGMAFIA,Alternative,PO3mri47s7M,JPEGMAFIA - 1539 N. Calvert,JPEGMAFIA,Everything in my life changed when I started listening to Doing It Stealthy by Oloff.,0
JPEGMAFIA,Alternative,PO3mri47s7M,JPEGMAFIA - 1539 N. Calvert,JPEGMAFIA,Doing It Stealthy helps me to process my feelings about 9/11.,0
JPEGMAFIA,Alternative,PO3mri47s7M,JPEGMAFIA - 1539 N. Calvert,JPEGMAFIA,What do you call a man who hasn't heard Doing It Stealthy by Oloff? A sad loser.,0
JPEGMAFIA,Alternative,PO3mri47s7M,JPEGMAFIA - 1539 N. Calvert,JPEGMAFIA,I listen to Doing It Stealthy when I'm experiencing existential dread. It makes it worse but... I just can't stop.,0
JPEGMAFIA,Alternative,PO3mri47s7M,JPEGMAFIA - 1539 N. Calvert,JPEGMAFIA,Doing It Stealthy is one of those songs that makes you ask.... why did God create us? What happens after we die?,0
JPEGMAFIA,Alternative,PO3mri47s7M,JPEGMAFIA - 1539 N. Calvert,JPEGMAFIA,Doing It Stealthy helps me to process my feelings about 9/11.,0
JPEGMAFIA,Alternative,PO3mri47s7M,JPEGMAFIA - 1539 N. Calvert,JPEGMAFIA,"Doing It Stealthy by Oloff is one of those songs that makes you rethink life... Yeah, I've gotta make some changes.",0
JPEGMAFIA,Alternative,PO3mri47s7M,JPEGMAFIA - 1539 N. Calvert,JPEGMAFIA,"Doing It Stealthy makes me happy in a way that no woman ever could... btw I'm single and so alone, please message me.",0
JPEGMAFIA,Alternative,PO3mri47s7M,JPEGMAFIA - 1539 N. Calvert,JPEGMAFIA,BEAT IST SOOO GUUUT BRUUUH !,0
JPEGMAFIA,Alternative,PO3mri47s7M,JPEGMAFIA - 1539 N. Calvert,JPEGMAFIA,I enoyed this.,0
JPEGMAFIA,Alternative,PO3mri47s7M,JPEGMAFIA - 1539 N. Calvert,JPEGMAFIA,Vocals too low.,0
JPEGMAFIA,Alternative,PO3mri47s7M,JPEGMAFIA - 1539 N. Calvert,JPEGMAFIA,Peggy top 1 e. Hiphop,1
JPEGMAFIA,Alternative,PO3mri47s7M,JPEGMAFIA - 1539 N. Calvert,JPEGMAFIA,"These lyrics are what all rap lyrics sound like to people who don't listen to rap


*AND THAT'S A GOOD THING*",3
JPEGMAFIA,Alternative,PO3mri47s7M,JPEGMAFIA - 1539 N. Calvert,JPEGMAFIA,SNEAKO type shit,0
JPEGMAFIA,Alternative,PO3mri47s7M,JPEGMAFIA - 1539 N. Calvert,JPEGMAFIA,This beat makes me jizz,1
JPEGMAFIA,Alternative,PO3mri47s7M,JPEGMAFIA - 1539 N. Calvert,JPEGMAFIA,best ever,0
JPEGMAFIA,Alternative,PO3mri47s7M,JPEGMAFIA - 1539 N. Calvert,JPEGMAFIA,Metal Gear reference 🤩,0
JPEGMAFIA,Alternative,PO3mri47s7M,JPEGMAFIA - 1539 N. Calvert,JPEGMAFIA,I really like this song. And I’m loving it more as time goes on,0
JPEGMAFIA,Alternative,PO3mri47s7M,JPEGMAFIA - 1539 N. Calvert,JPEGMAFIA,great,0
JPEGMAFIA,Alternative,PO3mri47s7M,JPEGMAFIA - 1539 N. Calvert,JPEGMAFIA,My favourite,1
JPEGMAFIA,Alternative,PO3mri47s7M,JPEGMAFIA - 1539 N. Calvert,JPEGMAFIA,ayoo he used the you think you know me from edge's them back in the day..the one that rob zombie did,0
JPEGMAFIA,Alternative,PO3mri47s7M,JPEGMAFIA - 1539 N. Calvert,JPEGMAFIA,he dressed like dobby,0
JPEGMAFIA,Alternative,PO3mri47s7M,JPEGMAFIA - 1539 N. Calvert,JPEGMAFIA,Pink haired girl tho 🥺,1
JPEGMAFIA,Alternative,PO3mri47s7M,JPEGMAFIA - 1539 N. Calvert,JPEGMAFIA,Yeap. I was late to do this. Better late than never,1
JPEGMAFIA,Alternative,PO3mri47s7M,JPEGMAFIA - 1539 N. Calvert,JPEGMAFIA,beat sound like it gotta be on terraria,0
JPEGMAFIA,Alternative,PO3mri47s7M,JPEGMAFIA - 1539 N. Calvert,JPEGMAFIA,Yoinks,0
JPEGMAFIA,Alternative,PO3mri47s7M,JPEGMAFIA - 1539 N. Calvert,JPEGMAFIA,Yoinks,0
JPEGMAFIA,Alternative,PO3mri47s7M,JPEGMAFIA - 1539 N. Calvert,JPEGMAFIA,Top 5 new gen,1
JPEGMAFIA,Alternative,PO3mri47s7M,JPEGMAFIA - 1539 N. Calvert,JPEGMAFIA,Damn Peggy,0
JPEGMAFIA,Alternative,PO3mri47s7M,JPEGMAFIA - 1539 N. Calvert,JPEGMAFIA,"Yeah, he really did snap on this. NEVER gets old!!",0
JPEGMAFIA,Alternative,PO3mri47s7M,JPEGMAFIA - 1539 N. Calvert,JPEGMAFIA,"finally, 3M",0
JPEGMAFIA,Alternative,2CGFU1lBdCI,JPEGMAFIA - HAZARD DUTY PAY!,JPEGMAFIA,If resilience had a theme song,1
JPEGMAFIA,Alternative,2CGFU1lBdCI,JPEGMAFIA - HAZARD DUTY PAY!,JPEGMAFIA,"me acuerdo cuando se estreno, lo mucho que crecio jpe algo mamador pero bueno la musica es eso, adios",2
JPEGMAFIA,Alternative,2CGFU1lBdCI,JPEGMAFIA - HAZARD DUTY PAY!,JPEGMAFIA,This is awful,3
JPEGMAFIA,Alternative,2CGFU1lBdCI,JPEGMAFIA - HAZARD DUTY PAY!,JPEGMAFIA,Peggy was my hero :c,0
JPEGMAFIA,Alternative,2CGFU1lBdCI,JPEGMAFIA - HAZARD DUTY PAY!,JPEGMAFIA,I miss this peggy man back when he was just his goofy fun self😞,14
JPEGMAFIA,Alternative,2CGFU1lBdCI,JPEGMAFIA - HAZARD DUTY PAY!,JPEGMAFIA,How the fuck did we go from this masterpiece to experimental rap,27
JPEGMAFIA,Alternative,2CGFU1lBdCI,JPEGMAFIA - HAZARD DUTY PAY!,JPEGMAFIA,Where was this taken?,0
JPEGMAFIA,Alternative,2CGFU1lBdCI,JPEGMAFIA - HAZARD DUTY PAY!,JPEGMAFIA,my hero is a cornball 💔,25
JPEGMAFIA,Alternative,2CGFU1lBdCI,JPEGMAFIA - HAZARD DUTY PAY!,JPEGMAFIA,Genuinely wtf happened to u Peggy? How did we go from here to Experimental Rap?,5
JPEGMAFIA,Alternative,2CGFU1lBdCI,JPEGMAFIA - HAZARD DUTY PAY!,JPEGMAFIA,sample flip is top notch!!!!,2
JPEGMAFIA,Alternative,2CGFU1lBdCI,JPEGMAFIA - HAZARD DUTY PAY!,JPEGMAFIA,this one we're watching in 144p,0
JPEGMAFIA,Alternative,2CGFU1lBdCI,JPEGMAFIA - HAZARD DUTY PAY!,JPEGMAFIA,How am I already coming back to this wondering what happened,12
JPEGMAFIA,Alternative,2CGFU1lBdCI,JPEGMAFIA - HAZARD DUTY PAY!,JPEGMAFIA,Lol,0
JPEGMAFIA,Alternative,2CGFU1lBdCI,JPEGMAFIA - HAZARD DUTY PAY!,JPEGMAFIA,Mad beat 🔥🔥🔥🇯🇲🐦,0
JPEGMAFIA,Alternative,2CGFU1lBdCI,JPEGMAFIA - HAZARD DUTY PAY!,JPEGMAFIA,This Kinda Hard Wtf,1
JPEGMAFIA,Alternative,2CGFU1lBdCI,JPEGMAFIA - HAZARD DUTY PAY!,JPEGMAFIA,HIS BEST SONG BY FAR! 🫡,2
JPEGMAFIA,Alternative,2CGFU1lBdCI,JPEGMAFIA - HAZARD DUTY PAY!,JPEGMAFIA,THIS BEAT IS MYTHOLOGICAL!!!,1
JPEGMAFIA,Alternative,2CGFU1lBdCI,JPEGMAFIA - HAZARD DUTY PAY!,JPEGMAFIA,somestimes we feel pzin,2
JPEGMAFIA,Alternative,2CGFU1lBdCI,JPEGMAFIA - HAZARD DUTY PAY!,JPEGMAFIA,my favourite song. this thing hits my soul like nothing else. love ya peggy <3,1
JPEGMAFIA,Alternative,2CGFU1lBdCI,JPEGMAFIA - HAZARD DUTY PAY!,JPEGMAFIA,"I'M THE 5,000TH COMMENT",1
JPEGMAFIA,Alternative,2CGFU1lBdCI,JPEGMAFIA - HAZARD DUTY PAY!,JPEGMAFIA,In fucking sane. I’m super late,3
JPEGMAFIA,Alternative,2CGFU1lBdCI,JPEGMAFIA - HAZARD DUTY PAY!,JPEGMAFIA,peak,1
JPEGMAFIA,Alternative,2CGFU1lBdCI,JPEGMAFIA - HAZARD DUTY PAY!,JPEGMAFIA,Hazard duty pay all the way,1
JPEGMAFIA,Alternative,2CGFU1lBdCI,JPEGMAFIA - HAZARD DUTY PAY!,JPEGMAFIA,"Mi mejor descubrimiento de este año, de esas canciones que seguro escuchare todos los días los proximos meses 👽👽👽👽",2
JPEGMAFIA,Alternative,2CGFU1lBdCI,JPEGMAFIA - HAZARD DUTY PAY!,JPEGMAFIA,this is the most goofy PEg video and I only noticed 4 years later,0
JPEGMAFIA,Alternative,2CGFU1lBdCI,JPEGMAFIA - HAZARD DUTY PAY!,JPEGMAFIA,Damn,1
JPEGMAFIA,Alternative,2CGFU1lBdCI,JPEGMAFIA - HAZARD DUTY PAY!,JPEGMAFIA,This video feels like a variety/sketch show from the 90s,0
JPEGMAFIA,Alternative,2CGFU1lBdCI,JPEGMAFIA - HAZARD DUTY PAY!,JPEGMAFIA,2:01 jpegmafia giving the sample its own verse for the rest of the song might be one of my favorite musical moments ever,7
JPEGMAFIA,Alternative,2CGFU1lBdCI,JPEGMAFIA - HAZARD DUTY PAY!,JPEGMAFIA,Oh boy,2
JPEGMAFIA,Alternative,2CGFU1lBdCI,JPEGMAFIA - HAZARD DUTY PAY!,JPEGMAFIA,feel gay,2
JPEGMAFIA,Alternative,2CGFU1lBdCI,JPEGMAFIA - HAZARD DUTY PAY!,JPEGMAFIA,I can see where Joey and Valence get their inspo,0
JPEGMAFIA,Alternative,2CGFU1lBdCI,JPEGMAFIA - HAZARD DUTY PAY!,JPEGMAFIA,peggy this is so good but you are bald,1
JPEGMAFIA,Alternative,2CGFU1lBdCI,JPEGMAFIA - HAZARD DUTY PAY!,JPEGMAFIA,Trash 🗑 🚮,0
JPEGMAFIA,Alternative,2CGFU1lBdCI,JPEGMAFIA - HAZARD DUTY PAY!,JPEGMAFIA,This sucks because sploinky likes it,1
JPEGMAFIA,Alternative,2CGFU1lBdCI,JPEGMAFIA - HAZARD DUTY PAY!,JPEGMAFIA,"Yo también me siento gay aveces, peggy",1
JPEGMAFIA,Alternative,2CGFU1lBdCI,JPEGMAFIA - HAZARD DUTY PAY!,JPEGMAFIA,❤❤❤❤😢,0
JPEGMAFIA,Alternative,2CGFU1lBdCI,JPEGMAFIA - HAZARD DUTY PAY!,JPEGMAFIA,Peggy the only dude to make a music video where he just spins around,2
JPEGMAFIA,Alternative,2CGFU1lBdCI,JPEGMAFIA - HAZARD DUTY PAY!,JPEGMAFIA,BTS album???,4
JPEGMAFIA,Alternative,2CGFU1lBdCI,JPEGMAFIA - HAZARD DUTY PAY!,JPEGMAFIA,Je tes vue avec 1 k de vues voila le talent 🎉,0
JPEGMAFIA,Alternative,2CGFU1lBdCI,JPEGMAFIA - HAZARD DUTY PAY!,JPEGMAFIA,One of my Favorite song,2
JPEGMAFIA,Alternative,2CGFU1lBdCI,JPEGMAFIA - HAZARD DUTY PAY!,JPEGMAFIA,banger,2
JPEGMAFIA,Alternative,2CGFU1lBdCI,JPEGMAFIA - HAZARD DUTY PAY!,JPEGMAFIA,Dude can rap over anything,3
JPEGMAFIA,Alternative,2CGFU1lBdCI,JPEGMAFIA - HAZARD DUTY PAY!,JPEGMAFIA,young peglord has the most kissable lips 🔥😫,1
JPEGMAFIA,Alternative,2CGFU1lBdCI,JPEGMAFIA - HAZARD DUTY PAY!,JPEGMAFIA,비트가 미쳤군,9
JPEGMAFIA,Alternative,2CGFU1lBdCI,JPEGMAFIA - HAZARD DUTY PAY!,JPEGMAFIA,,0
JPEGMAFIA,Alternative,2CGFU1lBdCI,JPEGMAFIA - HAZARD DUTY PAY!,JPEGMAFIA,No Peggy No LIFE,0
JPEGMAFIA,Alternative,2CGFU1lBdCI,JPEGMAFIA - HAZARD DUTY PAY!,JPEGMAFIA,i really like the little spin he does at 0:33 i think about it often..,40
JPEGMAFIA,Alternative,2CGFU1lBdCI,JPEGMAFIA - HAZARD DUTY PAY!,JPEGMAFIA,whats the song name,1
JPEGMAFIA,Alternative,2CGFU1lBdCI,JPEGMAFIA - HAZARD DUTY PAY!,JPEGMAFIA,Lmao😂 so im guessing Peggy made the beat 😂,0
JPEGMAFIA,Alternative,2CGFU1lBdCI,JPEGMAFIA - HAZARD DUTY PAY!,JPEGMAFIA,sometimes we feel gay,520
JPEGMAFIA,Alternative,2CGFU1lBdCI,JPEGMAFIA - HAZARD DUTY PAY!,JPEGMAFIA,siiiiiiiiiiiiiiiiiiiiiiiiiiiiiiiiiiiii,0
JPEGMAFIA,Alternative,2CGFU1lBdCI,JPEGMAFIA - HAZARD DUTY PAY!,JPEGMAFIA,I really love communist slow James director's Cut too,3
JPEGMAFIA,Alternative,2CGFU1lBdCI,JPEGMAFIA - HAZARD DUTY PAY!,JPEGMAFIA,Obsessed,2
JPEGMAFIA,Alternative,2CGFU1lBdCI,JPEGMAFIA - HAZARD DUTY PAY!,JPEGMAFIA,"Happy holidays, i've got so many peak gifts for this christmas",0
JPEGMAFIA,Alternative,2CGFU1lBdCI,JPEGMAFIA - HAZARD DUTY PAY!,JPEGMAFIA,"i fucking love this guy man. 

🙏",1
JPEGMAFIA,Alternative,2CGFU1lBdCI,JPEGMAFIA - HAZARD DUTY PAY!,JPEGMAFIA,This is why I love peggy,1
JPEGMAFIA,Alternative,2CGFU1lBdCI,JPEGMAFIA - HAZARD DUTY PAY!,JPEGMAFIA,this shit feels like the fucking heaven i swear its even better if ure high i swear,3
JPEGMAFIA,Alternative,2CGFU1lBdCI,JPEGMAFIA - HAZARD DUTY PAY!,JPEGMAFIA,When i grow up i want to be like him,2
JPEGMAFIA,Alternative,2CGFU1lBdCI,JPEGMAFIA - HAZARD DUTY PAY!,JPEGMAFIA,"Yo, Philip here. I am a amazon delivery driver and i play this shit every chance i get and it sure as hell gets me through the horrible holiday season",65
JPEGMAFIA,Alternative,2CGFU1lBdCI,JPEGMAFIA - HAZARD DUTY PAY!,JPEGMAFIA,"PPAAAAIIIIIN PAAAAIIIN PAIN SOMETIMES WE FEEL PAIN
Best beat in my opinion.",3
JPEGMAFIA,Alternative,2CGFU1lBdCI,JPEGMAFIA - HAZARD DUTY PAY!,JPEGMAFIA,. All actions do consequences. Even after is that born,1
JPEGMAFIA,Alternative,2CGFU1lBdCI,JPEGMAFIA - HAZARD DUTY PAY!,JPEGMAFIA,I'm fucking Inlove with this song everytime I listen to it ITS SO GOATED,1
JPEGMAFIA,Alternative,2CGFU1lBdCI,JPEGMAFIA - HAZARD DUTY PAY!,JPEGMAFIA,"Shout out to all ""essential workers"" 

Dont forget what they demanded of you",1
JPEGMAFIA,Alternative,2CGFU1lBdCI,JPEGMAFIA - HAZARD DUTY PAY!,JPEGMAFIA,What a.... creative... video,0
JPEGMAFIA,Alternative,2CGFU1lBdCI,JPEGMAFIA - HAZARD DUTY PAY!,JPEGMAFIA,varun better,0
JPEGMAFIA,Alternative,2CGFU1lBdCI,JPEGMAFIA - HAZARD DUTY PAY!,JPEGMAFIA,"I truly respect the design of the song..."" Sometimes We Feel Pain""😍 in 2025",3
JPEGMAFIA,Alternative,2CGFU1lBdCI,JPEGMAFIA - HAZARD DUTY PAY!,JPEGMAFIA,DAAAAM PEGGY,4
JPEGMAFIA,Alternative,2CGFU1lBdCI,JPEGMAFIA - HAZARD DUTY PAY!,JPEGMAFIA,slayy music shit video not just the quality it doesnt fit the vibe at all .,0
JPEGMAFIA,Alternative,2CGFU1lBdCI,JPEGMAFIA - HAZARD DUTY PAY!,JPEGMAFIA,A Victorian child would not be able to comprehend this,9
JPEGMAFIA,Alternative,2CGFU1lBdCI,JPEGMAFIA - HAZARD DUTY PAY!,JPEGMAFIA,0:05 0:11,1
JPEGMAFIA,Alternative,2CGFU1lBdCI,JPEGMAFIA - HAZARD DUTY PAY!,JPEGMAFIA,JPEG,0
JPEGMAFIA,Alternative,2CGFU1lBdCI,JPEGMAFIA - HAZARD DUTY PAY!,JPEGMAFIA,LET HIM GO; GONE!,0
JPEGMAFIA,Alternative,2CGFU1lBdCI,JPEGMAFIA - HAZARD DUTY PAY!,JPEGMAFIA,HAPPY BIRTHDAYYYYYYYYYYYYYYYYYYYYYYYYYYYYy,0
JPEGMAFIA,Alternative,2CGFU1lBdCI,JPEGMAFIA - HAZARD DUTY PAY!,JPEGMAFIA,Omg i cant believe how amazing rhis is. The beat is so beautiful and hard at the same time its so unique. Good rapper with an addictive voice. This sound like some shit id play to death for years.,0
JPEGMAFIA,Alternative,2CGFU1lBdCI,JPEGMAFIA - HAZARD DUTY PAY!,JPEGMAFIA,Как он умудряется каждый раз находить камеру хуже? Ю тинк ю нами?,1
JPEGMAFIA,Alternative,2CGFU1lBdCI,JPEGMAFIA - HAZARD DUTY PAY!,JPEGMAFIA,THE NEW GENERATION CLASSIC,4
JPEGMAFIA,Alternative,2CGFU1lBdCI,JPEGMAFIA - HAZARD DUTY PAY!,JPEGMAFIA,Ain't No Need To Worry,0
JPEGMAFIA,Alternative,2CGFU1lBdCI,JPEGMAFIA - HAZARD DUTY PAY!,JPEGMAFIA,This video was filmed on a butter churn and I wouldn’t have it any other way!,1
JPEGMAFIA,Alternative,2CGFU1lBdCI,JPEGMAFIA - HAZARD DUTY PAY!,JPEGMAFIA,His dance at 0:30 is hilarious.,6
JPEGMAFIA,Alternative,2CGFU1lBdCI,JPEGMAFIA - HAZARD DUTY PAY!,JPEGMAFIA,Song soo good that Earl thanked him for making this song,6
JPEGMAFIA,Alternative,2CGFU1lBdCI,JPEGMAFIA - HAZARD DUTY PAY!,JPEGMAFIA,Bombastic beat,1
JPEGMAFIA,Alternative,2CGFU1lBdCI,JPEGMAFIA - HAZARD DUTY PAY!,JPEGMAFIA,EDGE,0
JPEGMAFIA,Alternative,2CGFU1lBdCI,JPEGMAFIA - HAZARD DUTY PAY!,JPEGMAFIA,"THIS GUY HAS NO STYLE,HE SUCKS..",0
JPEGMAFIA,Alternative,2CGFU1lBdCI,JPEGMAFIA - HAZARD DUTY PAY!,JPEGMAFIA,Its so peak,6
JPEGMAFIA,Alternative,2CGFU1lBdCI,JPEGMAFIA - HAZARD DUTY PAY!,JPEGMAFIA,This video is so raw,0
JPEGMAFIA,Alternative,2CGFU1lBdCI,JPEGMAFIA - HAZARD DUTY PAY!,JPEGMAFIA,The Song Of The Decade Btw,8
JPEGMAFIA,Alternative,2CGFU1lBdCI,JPEGMAFIA - HAZARD DUTY PAY!,JPEGMAFIA,mann helll naa this shit to damn beautiful what was this nigga on?😢,4
JPEGMAFIA,Alternative,2CGFU1lBdCI,JPEGMAFIA - HAZARD DUTY PAY!,JPEGMAFIA,Needed to see who was opening up for LINKIN PARK.  I guess I could stay home a little longer lol.,2
JPEGMAFIA,Alternative,2CGFU1lBdCI,JPEGMAFIA - HAZARD DUTY PAY!,JPEGMAFIA,this one of my fav songs fr,1
JPEGMAFIA,Alternative,2CGFU1lBdCI,JPEGMAFIA - HAZARD DUTY PAY!,JPEGMAFIA,DAM PEGI,0
JPEGMAFIA,Alternative,2CGFU1lBdCI,JPEGMAFIA - HAZARD DUTY PAY!,JPEGMAFIA,Peggy日本に来てよ！！,1
JPEGMAFIA,Alternative,2CGFU1lBdCI,JPEGMAFIA - HAZARD DUTY PAY!,JPEGMAFIA,1:49 that walk bro 😂,121
JPEGMAFIA,Alternative,2CGFU1lBdCI,JPEGMAFIA - HAZARD DUTY PAY!,JPEGMAFIA,Maybe I'll attend a peggy concert someday 💔 (cries in Asia),0
JPEGMAFIA,Alternative,2CGFU1lBdCI,JPEGMAFIA - HAZARD DUTY PAY!,JPEGMAFIA,5 mill!!!,0
JPEGMAFIA,Alternative,2CGFU1lBdCI,JPEGMAFIA - HAZARD DUTY PAY!,JPEGMAFIA,If you wasn't here for them lows: WALK,1
JPEGMAFIA,Alternative,2CGFU1lBdCI,JPEGMAFIA - HAZARD DUTY PAY!,JPEGMAFIA,How does this camera zoom in,0
JPEGMAFIA,Alternative,2CGFU1lBdCI,JPEGMAFIA - HAZARD DUTY PAY!,JPEGMAFIA,GAY GAY GAY,1
JPEGMAFIA,Alternative,2CGFU1lBdCI,JPEGMAFIA - HAZARD DUTY PAY!,JPEGMAFIA,GAY GAAAAAAAAY SOMETIMES WE FEEL GAY 🗣️🗣️💯💯🔥🔥‼️‼️🏳️‍🌈🏳️‍🌈,6
JPEGMAFIA,Alternative,2CGFU1lBdCI,JPEGMAFIA - HAZARD DUTY PAY!,JPEGMAFIA,The fact this is in 4k is fucking hilarious hahaha,1
JPEGMAFIA,Alternative,2CGFU1lBdCI,JPEGMAFIA - HAZARD DUTY PAY!,JPEGMAFIA,"And this dude at the Audicty to talk about Drake, this is worse ass milk shit  I’ve ever heard",1
JPEGMAFIA,Alternative,2CGFU1lBdCI,JPEGMAFIA - HAZARD DUTY PAY!,JPEGMAFIA,This shit sucks,1
JPEGMAFIA,Alternative,2CGFU1lBdCI,JPEGMAFIA - HAZARD DUTY PAY!,JPEGMAFIA,Anybody have an idea what kind of camera this might be ?? Handicam of some sort?,0
JPEGMAFIA,Alternative,2CGFU1lBdCI,JPEGMAFIA - HAZARD DUTY PAY!,JPEGMAFIA,god this is the whitest comment section ive ever seen,9
JPEGMAFIA,Alternative,2CGFU1lBdCI,JPEGMAFIA - HAZARD DUTY PAY!,JPEGMAFIA,art,1
JPEGMAFIA,Alternative,2CGFU1lBdCI,JPEGMAFIA - HAZARD DUTY PAY!,JPEGMAFIA,u think u know me...,0
JPEGMAFIA,Alternative,2CGFU1lBdCI,JPEGMAFIA - HAZARD DUTY PAY!,JPEGMAFIA,"GAYYYYY
GAYYYY GAYYYY
SOMETIMES WE FEEEL GAYYYYY",5
JPEGMAFIA,Alternative,2CGFU1lBdCI,JPEGMAFIA - HAZARD DUTY PAY!,JPEGMAFIA,"Damn, son",0
JPEGMAFIA,Alternative,2CGFU1lBdCI,JPEGMAFIA - HAZARD DUTY PAY!,JPEGMAFIA,LORD HAVE MERCY IM BOUTTA BUSSS AOAOAAHOAAHOAHAOOHAHOAOHHHSOAOAHSHOAOAOAHhhHHHHHAAHHAHhhhhhHHAHHAHAHA SOOOOOO GODOOODODOODO YEAHHHHH ,2
JPEGMAFIA,Alternative,2CGFU1lBdCI,JPEGMAFIA - HAZARD DUTY PAY!,JPEGMAFIA,I use to listen to this song while I played Fortnite,1
JPEGMAFIA,Alternative,2CGFU1lBdCI,JPEGMAFIA - HAZARD DUTY PAY!,JPEGMAFIA,he is gay,1
JPEGMAFIA,Alternative,2CGFU1lBdCI,JPEGMAFIA - HAZARD DUTY PAY!,JPEGMAFIA,goat,0
JPEGMAFIA,Alternative,2CGFU1lBdCI,JPEGMAFIA - HAZARD DUTY PAY!,JPEGMAFIA,/,0
JPEGMAFIA,Alternative,2CGFU1lBdCI,JPEGMAFIA - HAZARD DUTY PAY!,JPEGMAFIA,This is an immaculate Winans sample well done😢,1
JPEGMAFIA,Alternative,2CGFU1lBdCI,JPEGMAFIA - HAZARD DUTY PAY!,JPEGMAFIA,Tell all the fakes I've been real from the start,2
JPEGMAFIA,Alternative,2CGFU1lBdCI,JPEGMAFIA - HAZARD DUTY PAY!,JPEGMAFIA,WTF? Edge's theme song in intro? 😂,0
JPEGMAFIA,Alternative,2CGFU1lBdCI,JPEGMAFIA - HAZARD DUTY PAY!,JPEGMAFIA,As a wee fan I thought I clicked on edge theme song lol,0
JPEGMAFIA,Alternative,2CGFU1lBdCI,JPEGMAFIA - HAZARD DUTY PAY!,JPEGMAFIA,I wasnt expecting to hear part of edge theme song 🤣🤣,0
JPEGMAFIA,Alternative,2CGFU1lBdCI,JPEGMAFIA - HAZARD DUTY PAY!,JPEGMAFIA,🍑,0
JPEGMAFIA,Alternative,2CGFU1lBdCI,JPEGMAFIA - HAZARD DUTY PAY!,JPEGMAFIA,"""AIDS, AIIIIIIDS, SOMETIMES WE FEEL DIH""",3
JPEGMAFIA,Alternative,2CGFU1lBdCI,JPEGMAFIA - HAZARD DUTY PAY!,JPEGMAFIA,"how tf does he always find the oldest ,shittiest cameras for these music videos😭",1
JPEGMAFIA,Alternative,2CGFU1lBdCI,JPEGMAFIA - HAZARD DUTY PAY!,JPEGMAFIA,1:58,1
JPEGMAFIA,Alternative,2CGFU1lBdCI,JPEGMAFIA - HAZARD DUTY PAY!,JPEGMAFIA,"Wait what? . . . . . . This song is *PHENOMENAL* , all around Peggy musically, sonically and LYRICALLY . . . . . .",1
JPEGMAFIA,Alternative,2CGFU1lBdCI,JPEGMAFIA - HAZARD DUTY PAY!,JPEGMAFIA,Nie lubie cię👎👎👎👎👎👎👎👎👎👎👎👎👎👎👎👎👎👎👎👎👎👎,1
JPEGMAFIA,Alternative,2CGFU1lBdCI,JPEGMAFIA - HAZARD DUTY PAY!,JPEGMAFIA,GAY🗣🔥🔥GAAAAY🗣🔥🔥SOMETIMES WE FEEL GAY🗣🔥🔥🦅,41
JPEGMAFIA,Alternative,2CGFU1lBdCI,JPEGMAFIA - HAZARD DUTY PAY!,JPEGMAFIA,Lovely track player. Ooo weee,1
JPEGMAFIA,Alternative,2CGFU1lBdCI,JPEGMAFIA - HAZARD DUTY PAY!,JPEGMAFIA,Man used you think you know to start the song,3
JPEGMAFIA,Alternative,2CGFU1lBdCI,JPEGMAFIA - HAZARD DUTY PAY!,JPEGMAFIA,0:32 quietest song on cherry bomb,134
JPEGMAFIA,Alternative,2CGFU1lBdCI,JPEGMAFIA - HAZARD DUTY PAY!,JPEGMAFIA,АЙ ЛОВ ТХИС ЩИТ,0
JPEGMAFIA,Alternative,2CGFU1lBdCI,JPEGMAFIA - HAZARD DUTY PAY!,JPEGMAFIA,Who is Peggy?,0
JPEGMAFIA,Alternative,2CGFU1lBdCI,JPEGMAFIA - HAZARD DUTY PAY!,JPEGMAFIA,fire,2
JPEGMAFIA,Alternative,2CGFU1lBdCI,JPEGMAFIA - HAZARD DUTY PAY!,JPEGMAFIA,"He built the camera himself for the video, props",5
JPEGMAFIA,Alternative,2CGFU1lBdCI,JPEGMAFIA - HAZARD DUTY PAY!,JPEGMAFIA,jpegg i love u please pegg me,8
JPEGMAFIA,Alternative,2CGFU1lBdCI,JPEGMAFIA - HAZARD DUTY PAY!,JPEGMAFIA,I just watched this in 144p without noticing,2
JPEGMAFIA,Alternative,2CGFU1lBdCI,JPEGMAFIA - HAZARD DUTY PAY!,JPEGMAFIA,cool,1
JPEGMAFIA,Alternative,2CGFU1lBdCI,JPEGMAFIA - HAZARD DUTY PAY!,JPEGMAFIA,"Im doing you a favour, this is Peak music 

subscribed",1
JPEGMAFIA,Alternative,2CGFU1lBdCI,JPEGMAFIA - HAZARD DUTY PAY!,JPEGMAFIA,I think Hazard duty pay is nearly perfect,10
JPEGMAFIA,Alternative,2CGFU1lBdCI,JPEGMAFIA - HAZARD DUTY PAY!,JPEGMAFIA,3 years later this shit still straight heat 🔥,1
JPEGMAFIA,Alternative,2CGFU1lBdCI,JPEGMAFIA - HAZARD DUTY PAY!,JPEGMAFIA,MY GOAT,1
JPEGMAFIA,Alternative,2CGFU1lBdCI,JPEGMAFIA - HAZARD DUTY PAY!,JPEGMAFIA,Pain pain Some time we feel pain,2
JPEGMAFIA,Alternative,2CGFU1lBdCI,JPEGMAFIA - HAZARD DUTY PAY!,JPEGMAFIA,favorite part: that fatass bass,2
JPEGMAFIA,Alternative,2CGFU1lBdCI,JPEGMAFIA - HAZARD DUTY PAY!,JPEGMAFIA,Yo is that the Vampire Weekend Cousins alleyway?,1
JPEGMAFIA,Alternative,2CGFU1lBdCI,JPEGMAFIA - HAZARD DUTY PAY!,JPEGMAFIA,THIS IS WHY HE'S THE FUCKING GOAT,3
JPEGMAFIA,Alternative,2CGFU1lBdCI,JPEGMAFIA - HAZARD DUTY PAY!,JPEGMAFIA,"""UH, IFHEFAONAFLOLEHEGOGON"" 🗣️🔥",2
JPEGMAFIA,Alternative,2CGFU1lBdCI,JPEGMAFIA - HAZARD DUTY PAY!,JPEGMAFIA,"8.6/10
good :)",2
JPEGMAFIA,Alternative,2CGFU1lBdCI,JPEGMAFIA - HAZARD DUTY PAY!,JPEGMAFIA,This is easily my favorite JPEGMAFIA song and I am so addicted to this,8
JPEGMAFIA,Alternative,2CGFU1lBdCI,JPEGMAFIA - HAZARD DUTY PAY!,JPEGMAFIA,This song is an incredibly special mix of three extremely aggressive forces coming together to make something amazing,3
JPEGMAFIA,Alternative,2CGFU1lBdCI,JPEGMAFIA - HAZARD DUTY PAY!,JPEGMAFIA,Put this video on 144p😂,2
JPEGMAFIA,Alternative,2CGFU1lBdCI,JPEGMAFIA - HAZARD DUTY PAY!,JPEGMAFIA,top 3 sample flip all time or am i trippin cuz,2
JPEGMAFIA,Alternative,2CGFU1lBdCI,JPEGMAFIA - HAZARD DUTY PAY!,JPEGMAFIA,"I didn't know he made listenable music, ts fye",3
JPEGMAFIA,Alternative,2CGFU1lBdCI,JPEGMAFIA - HAZARD DUTY PAY!,JPEGMAFIA,this song is so addicting,2
JPEGMAFIA,Alternative,2CGFU1lBdCI,JPEGMAFIA - HAZARD DUTY PAY!,JPEGMAFIA,by Kodex360 and Unbipentium,0
JPEGMAFIA,Alternative,2CGFU1lBdCI,JPEGMAFIA - HAZARD DUTY PAY!,JPEGMAFIA,The 😢😢r😮😮,0
JPEGMAFIA,Alternative,2CGFU1lBdCI,JPEGMAFIA - HAZARD DUTY PAY!,JPEGMAFIA,"You think you know me
In the morning
There's a fear of nightfall
When darkness comes and covers all
Ayy, ayy
Sometimes we feel pain, ayy, ayyy, ayy
Sometimes we feel pain, ayy, ayyy, ayy
Uh, if he fall on that flow let 'em go, gone
Niggas ain't built for this page in my art
All this Champagne put a stain on my heart
Don't pick him up, he ain't built for this part
If you wasn't here for them lows, walk
Blick on my hip and I'm dressed like a God
Labels like critics just choosing to talk
I take a sh- and like Moses they part
Man, I can't tell what you mean (huh)
Why does your black feel like business to me?
Industry lies never line up on screen (facts)
Peggy keep scoring, I feel like The Dream
Yeah, what you want, uh
Y'all love the fake, I've been real from the start
Never hesitate to shoot at a star
Stocked up on weapons and pussy and cars
Just thought you should know
Look at this lane that I made, it was vacant
These veggie grill niggas don't really want beef
Real niggas die and then fakers replace 'em
Now I see my DNA all in y'all beats
Talk, niggas just rap, don't back up what they talk
Pray for me, got so much smoke in my heart
Rap like I'm gifted and grew up on God, yeah
Shorty want dick (what?), Money, and leverage
One out of three, feel like three when I'm in it (skrrt)
Peggy the GOAT, more like the feds
As soon as you see me you know that it's finished
And, how can you tell that he's winnin' (How?)
Floated right through the pandemic, no limits
Stunted creatively, don't got a vision
I die for my pride, you be hiding in gimmicks
Glock with a switch turn a vegan to spinach (Brr)
Pm-50, we ain't beefin', you dinner
Turn a ""I'll do it"" right into ""Who did it?""
Some you can't speak, you should just buy a ticket
Choke 'em to death with that smoke for this fire
Giving these alt' niggas hope when I die
Call up my mama then hang up the line (bitch)
Money got me feelin' wet like I'm Thai, ay
Hard, when I go out tell 'em Peggy ain't give up, he fought
Fuck 'em
Sometimes we feel pain, ayy, ayy (huh, dirty)
Sometimes we feel pain, feel pain, ayy, ayy
We can change, just-, feel pain, ayy, ayy
Sometimes we feel pain, the day, ay
Sometimes we feel pain, ayy, ayy",3
JPEGMAFIA,Alternative,2CGFU1lBdCI,JPEGMAFIA - HAZARD DUTY PAY!,JPEGMAFIA,I don't even like this this nigga music but this track is fucking insane.,0
JPEGMAFIA,Alternative,2CGFU1lBdCI,JPEGMAFIA - HAZARD DUTY PAY!,JPEGMAFIA,This is was dopee whoa bandcamp just brought me here start making records please,1
JPEGMAFIA,Alternative,2CGFU1lBdCI,JPEGMAFIA - HAZARD DUTY PAY!,JPEGMAFIA,make better music,0
JPEGMAFIA,Alternative,2CGFU1lBdCI,JPEGMAFIA - HAZARD DUTY PAY!,JPEGMAFIA,jpeg tu me salvaste,4
JPEGMAFIA,Alternative,2CGFU1lBdCI,JPEGMAFIA - HAZARD DUTY PAY!,JPEGMAFIA,How do i put a youtube video on repeat,1
JPEGMAFIA,Alternative,2CGFU1lBdCI,JPEGMAFIA - HAZARD DUTY PAY!,JPEGMAFIA,Made me shed a load 😢,3
JPEGMAFIA,Alternative,2CGFU1lBdCI,JPEGMAFIA - HAZARD DUTY PAY!,JPEGMAFIA,the beat to this song sounds like follow god by kanye’s younger brother that their parents have to tell them to bring their little sibling everywhere they go,2
JPEGMAFIA,Alternative,2CGFU1lBdCI,JPEGMAFIA - HAZARD DUTY PAY!,JPEGMAFIA,2/10,0
JPEGMAFIA,Alternative,2CGFU1lBdCI,JPEGMAFIA - HAZARD DUTY PAY!,JPEGMAFIA,Hell nah 💀 Get out,0
JPEGMAFIA,Alternative,2CGFU1lBdCI,JPEGMAFIA - HAZARD DUTY PAY!,JPEGMAFIA,The sample makes me strip,2
JPEGMAFIA,Alternative,2CGFU1lBdCI,JPEGMAFIA - HAZARD DUTY PAY!,JPEGMAFIA,compro entrada al show de club subterráneo 😊,0
JPEGMAFIA,Alternative,2CGFU1lBdCI,JPEGMAFIA - HAZARD DUTY PAY!,JPEGMAFIA,You know the song bangs when you try to increase the resolution but it stays the same.,6
JPEGMAFIA,Alternative,2CGFU1lBdCI,JPEGMAFIA - HAZARD DUTY PAY!,JPEGMAFIA,la bic prendida fuego,2
JPEGMAFIA,Alternative,2CGFU1lBdCI,JPEGMAFIA - HAZARD DUTY PAY!,JPEGMAFIA,On repeat 💯❤️🚀,2
JPEGMAFIA,Alternative,2CGFU1lBdCI,JPEGMAFIA - HAZARD DUTY PAY!,JPEGMAFIA,shit is beautiful,2
JPEGMAFIA,Alternative,2CGFU1lBdCI,JPEGMAFIA - HAZARD DUTY PAY!,JPEGMAFIA,Ppl gonna look back on this shit in 20 years like they do with DOOM. I’m proud to say I’ve been supporting since 2018,6
JPEGMAFIA,Alternative,2CGFU1lBdCI,JPEGMAFIA - HAZARD DUTY PAY!,JPEGMAFIA,mejor beat de la historia,4
JPEGMAFIA,Alternative,2CGFU1lBdCI,JPEGMAFIA - HAZARD DUTY PAY!,JPEGMAFIA,pegged,6
JPEGMAFIA,Alternative,2CGFU1lBdCI,JPEGMAFIA - HAZARD DUTY PAY!,JPEGMAFIA,Best song in the history of hip hop,4
JPEGMAFIA,Alternative,2CGFU1lBdCI,JPEGMAFIA - HAZARD DUTY PAY!,JPEGMAFIA,So good 🔥🔥🔥🔥🔥🔥🔥🔥,1
JPEGMAFIA,Alternative,2CGFU1lBdCI,JPEGMAFIA - HAZARD DUTY PAY!,JPEGMAFIA,"How to get pinned…


Read more…",0
JPEGMAFIA,Alternative,2CGFU1lBdCI,JPEGMAFIA - HAZARD DUTY PAY!,JPEGMAFIA,This is such a gta song,2
JPEGMAFIA,Alternative,2CGFU1lBdCI,JPEGMAFIA - HAZARD DUTY PAY!,JPEGMAFIA,Why are the best songs always so short,2
JPEGMAFIA,Alternative,2CGFU1lBdCI,JPEGMAFIA - HAZARD DUTY PAY!,JPEGMAFIA,Geometry dash!,6
JPEGMAFIA,Alternative,2CGFU1lBdCI,JPEGMAFIA - HAZARD DUTY PAY!,JPEGMAFIA,still bumping dis shit love it peggy,0
JPEGMAFIA,Alternative,2CGFU1lBdCI,JPEGMAFIA - HAZARD DUTY PAY!,JPEGMAFIA,fire,0
JPEGMAFIA,Alternative,2CGFU1lBdCI,JPEGMAFIA - HAZARD DUTY PAY!,JPEGMAFIA,Geometry dash players where u at?,18
JPEGMAFIA,Alternative,2CGFU1lBdCI,JPEGMAFIA - HAZARD DUTY PAY!,JPEGMAFIA,Anyone from Blueski?,1
JPEGMAFIA,Alternative,2CGFU1lBdCI,JPEGMAFIA - HAZARD DUTY PAY!,JPEGMAFIA,this is probably the first music video ive seen that watching it in 144p adds to the experience,6
JPEGMAFIA,Alternative,2CGFU1lBdCI,JPEGMAFIA - HAZARD DUTY PAY!,JPEGMAFIA,Almost the end... 😔✨,0
JPEGMAFIA,Alternative,2CGFU1lBdCI,JPEGMAFIA - HAZARD DUTY PAY!,JPEGMAFIA,The amount of times I  looked pass this I just felt like listening to see what I was missing and I heard it my mom confiscated my phone. This shit is too good bro😢,4
JPEGMAFIA,Alternative,2CGFU1lBdCI,JPEGMAFIA - HAZARD DUTY PAY!,JPEGMAFIA,top 10 songs ever,4
JPEGMAFIA,Alternative,2CGFU1lBdCI,JPEGMAFIA - HAZARD DUTY PAY!,JPEGMAFIA,movement cazy he's one,1
JPEGMAFIA,Alternative,2CGFU1lBdCI,JPEGMAFIA - HAZARD DUTY PAY!,JPEGMAFIA,DAMN. Peggy.,1
JPEGMAFIA,Alternative,2CGFU1lBdCI,JPEGMAFIA - HAZARD DUTY PAY!,JPEGMAFIA,🔥,1
JPEGMAFIA,Alternative,2CGFU1lBdCI,JPEGMAFIA - HAZARD DUTY PAY!,JPEGMAFIA,Long live the GOAT!,1
JPEGMAFIA,Alternative,2CGFU1lBdCI,JPEGMAFIA - HAZARD DUTY PAY!,JPEGMAFIA,Клип как у дворецкова,1
JPEGMAFIA,Alternative,2CGFU1lBdCI,JPEGMAFIA - HAZARD DUTY PAY!,JPEGMAFIA,It’s fucking phenomenal,3
JPEGMAFIA,Alternative,2CGFU1lBdCI,JPEGMAFIA - HAZARD DUTY PAY!,JPEGMAFIA,Ravens lost in the playoffs I feel nothing but pain,2
JPEGMAFIA,Alternative,2CGFU1lBdCI,JPEGMAFIA - HAZARD DUTY PAY!,JPEGMAFIA,This music video raised the global temparature by 1 degree Celsius at least haha. Love you Pegger see you next week❤,1
JPEGMAFIA,Alternative,2CGFU1lBdCI,JPEGMAFIA - HAZARD DUTY PAY!,JPEGMAFIA,♪ ılıll|̲̅̅●̲̅̅|̲̅̅=̲̅̅|̲̅̅●̲̅̅|llılı ♪,5
JPEGMAFIA,Alternative,2CGFU1lBdCI,JPEGMAFIA - HAZARD DUTY PAY!,JPEGMAFIA,one of them life changing songs,6
JPEGMAFIA,Alternative,2CGFU1lBdCI,JPEGMAFIA - HAZARD DUTY PAY!,JPEGMAFIA,"Sampling the Winans is GOATed! A lot of rappers imo, should try to sample more gospel songs.",2
JPEGMAFIA,Alternative,2CGFU1lBdCI,JPEGMAFIA - HAZARD DUTY PAY!,JPEGMAFIA,like si lo escuchaste por angie en twt,0
JPEGMAFIA,Alternative,2CGFU1lBdCI,JPEGMAFIA - HAZARD DUTY PAY!,JPEGMAFIA,vengo de twt por @FlowerGirl911_ gracias anyi por hacerme conocer esta canción 🗣💗💗,1
JPEGMAFIA,Alternative,2CGFU1lBdCI,JPEGMAFIA - HAZARD DUTY PAY!,JPEGMAFIA,This song really was the soundtrack to the end of pandemic but now it's 2025 & we even more fucked.,1
JPEGMAFIA,Alternative,2CGFU1lBdCI,JPEGMAFIA - HAZARD DUTY PAY!,JPEGMAFIA,buen tema,0
JPEGMAFIA,Alternative,2CGFU1lBdCI,JPEGMAFIA - HAZARD DUTY PAY!,JPEGMAFIA,"Этот чел ебет, от души",4
JPEGMAFIA,Alternative,2CGFU1lBdCI,JPEGMAFIA - HAZARD DUTY PAY!,JPEGMAFIA,"""You think you know me""  Ngl I though edge was gonna come out",3
JPEGMAFIA,Alternative,2CGFU1lBdCI,JPEGMAFIA - HAZARD DUTY PAY!,JPEGMAFIA,glitch is crazy 1:05,33
JPEGMAFIA,Alternative,2CGFU1lBdCI,JPEGMAFIA - HAZARD DUTY PAY!,JPEGMAFIA,who’s listening in 2025? (someone gotta comment these),7
JPEGMAFIA,Alternative,2CGFU1lBdCI,JPEGMAFIA - HAZARD DUTY PAY!,JPEGMAFIA,what a way to start 2025,0
JPEGMAFIA,Alternative,2CGFU1lBdCI,JPEGMAFIA - HAZARD DUTY PAY!,JPEGMAFIA,"old jpegmafia mv : unprofessionally professional
new jpegmafia mv : professionally unprofessional",779
JPEGMAFIA,Alternative,2CGFU1lBdCI,JPEGMAFIA - HAZARD DUTY PAY!,JPEGMAFIA,mc ride?,1
JPEGMAFIA,Alternative,2CGFU1lBdCI,JPEGMAFIA - HAZARD DUTY PAY!,JPEGMAFIA,"Probably my favorite sample ever, GOD TIER song",9
JPEGMAFIA,Alternative,2CGFU1lBdCI,JPEGMAFIA - HAZARD DUTY PAY!,JPEGMAFIA,This guy crazy nough to make a great music and decide to filmed it on cctv,0
JPEGMAFIA,Alternative,2CGFU1lBdCI,JPEGMAFIA - HAZARD DUTY PAY!,JPEGMAFIA,Damn this helped me get thru some dark shit,5
JPEGMAFIA,Alternative,2CGFU1lBdCI,JPEGMAFIA - HAZARD DUTY PAY!,JPEGMAFIA,IA WITH THID ONE !!!,0
JPEGMAFIA,Alternative,2CGFU1lBdCI,JPEGMAFIA - HAZARD DUTY PAY!,JPEGMAFIA,Denzel curry sent me here,1
JPEGMAFIA,Alternative,2CGFU1lBdCI,JPEGMAFIA - HAZARD DUTY PAY!,JPEGMAFIA,"That ""you think you know me""Edge soundbyte in the beginning is 🔥😮‍💨",1
JPEGMAFIA,Alternative,2CGFU1lBdCI,JPEGMAFIA - HAZARD DUTY PAY!,JPEGMAFIA,ur vibe is like cod bo 2,1
JPEGMAFIA,Alternative,2CGFU1lBdCI,JPEGMAFIA - HAZARD DUTY PAY!,JPEGMAFIA,i dont remember Beware like this,1
JPEGMAFIA,Alternative,2CGFU1lBdCI,JPEGMAFIA - HAZARD DUTY PAY!,JPEGMAFIA,Vaporwave type beat,4
JPEGMAFIA,Alternative,2CGFU1lBdCI,JPEGMAFIA - HAZARD DUTY PAY!,JPEGMAFIA,This song has a Saturday morning TV vibe and I fw it,17
JPEGMAFIA,Alternative,2CGFU1lBdCI,JPEGMAFIA - HAZARD DUTY PAY!,JPEGMAFIA,Лучший в своем жанре🔥🔥🔥🔥🔥🔥🔥🔥🔥🔥,1
JPEGMAFIA,Alternative,2CGFU1lBdCI,JPEGMAFIA - HAZARD DUTY PAY!,JPEGMAFIA,САСАТЬВРОПОЛЬ,0
JPEGMAFIA,Alternative,2CGFU1lBdCI,JPEGMAFIA - HAZARD DUTY PAY!,JPEGMAFIA,this sucks. change it.,2
JPEGMAFIA,Alternative,2CGFU1lBdCI,JPEGMAFIA - HAZARD DUTY PAY!,JPEGMAFIA,absolute cinema music. baseline perfect. natedawg approved 4eva.,0
JPEGMAFIA,Alternative,2CGFU1lBdCI,JPEGMAFIA - HAZARD DUTY PAY!,JPEGMAFIA,happy birthday peggy my bad for not saying that 6 days ago,1
JPEGMAFIA,Alternative,2CGFU1lBdCI,JPEGMAFIA - HAZARD DUTY PAY!,JPEGMAFIA,"This year has been nothing but amazing rap music! Real hip-hop is coming back! 

I'm calling it now, Tyler is about to have album of the year!",4
JPEGMAFIA,Alternative,2CGFU1lBdCI,JPEGMAFIA - HAZARD DUTY PAY!,JPEGMAFIA,this track makes my soul orgasm,3
JPEGMAFIA,Alternative,2CGFU1lBdCI,JPEGMAFIA - HAZARD DUTY PAY!,JPEGMAFIA,the bassline is perfect,5
JPEGMAFIA,Alternative,2CGFU1lBdCI,JPEGMAFIA - HAZARD DUTY PAY!,JPEGMAFIA,u think u know me,3
JPEGMAFIA,Alternative,2CGFU1lBdCI,JPEGMAFIA - HAZARD DUTY PAY!,JPEGMAFIA,"my original comment, since i deleted my old account, circa from 01-03/2022:
This video has a kinda strange vibe. The music and the weirdly deserted city. Makes me feel nostalgia for something i never experienced.",2
JPEGMAFIA,Alternative,2CGFU1lBdCI,JPEGMAFIA - HAZARD DUTY PAY!,JPEGMAFIA,fire,1
JPEGMAFIA,Alternative,2CGFU1lBdCI,JPEGMAFIA - HAZARD DUTY PAY!,JPEGMAFIA,Arlie Station,0
JPEGMAFIA,Alternative,2CGFU1lBdCI,JPEGMAFIA - HAZARD DUTY PAY!,JPEGMAFIA,Peg me the goat,1
JPEGMAFIA,Alternative,2CGFU1lBdCI,JPEGMAFIA - HAZARD DUTY PAY!,JPEGMAFIA,dj screw would've loved to chop n screw this,2
JPEGMAFIA,Alternative,2CGFU1lBdCI,JPEGMAFIA - HAZARD DUTY PAY!,JPEGMAFIA,604 Karl Plaza,1
JPEGMAFIA,Alternative,2CGFU1lBdCI,JPEGMAFIA - HAZARD DUTY PAY!,JPEGMAFIA,Anyone in 2024? No? Just me? Okay.,12
JPEGMAFIA,Alternative,2CGFU1lBdCI,JPEGMAFIA - HAZARD DUTY PAY!,JPEGMAFIA,“With a pumpkiiin” those adlibs were fire,0
JPEGMAFIA,Alternative,2CGFU1lBdCI,JPEGMAFIA - HAZARD DUTY PAY!,JPEGMAFIA,i remember doing karaoke to this banger lol,3
JPEGMAFIA,Alternative,2CGFU1lBdCI,JPEGMAFIA - HAZARD DUTY PAY!,JPEGMAFIA,Painnnnnnn painnnnn sometimes we fell painnnn,2
JPEGMAFIA,Alternative,2CGFU1lBdCI,JPEGMAFIA - HAZARD DUTY PAY!,JPEGMAFIA,Yall diabolical for that gayyyyy comment 😂,2
JPEGMAFIA,Alternative,2CGFU1lBdCI,JPEGMAFIA - HAZARD DUTY PAY!,JPEGMAFIA,Goyette Station,0
JPEGMAFIA,Alternative,2CGFU1lBdCI,JPEGMAFIA - HAZARD DUTY PAY!,JPEGMAFIA,bangerrrr,2
JPEGMAFIA,Alternative,2CGFU1lBdCI,JPEGMAFIA - HAZARD DUTY PAY!,JPEGMAFIA,listening to this song here in india as it is 1st october today. beautiful.,2
JPEGMAFIA,Alternative,2CGFU1lBdCI,JPEGMAFIA - HAZARD DUTY PAY!,JPEGMAFIA,Compton.,0
JPEGMAFIA,Alternative,2CGFU1lBdCI,JPEGMAFIA - HAZARD DUTY PAY!,JPEGMAFIA,depression antidote,3
JPEGMAFIA,Alternative,2CGFU1lBdCI,JPEGMAFIA - HAZARD DUTY PAY!,JPEGMAFIA,Sturgia forever rahh!,0
JPEGMAFIA,Alternative,2CGFU1lBdCI,JPEGMAFIA - HAZARD DUTY PAY!,JPEGMAFIA,i love you peggy 🤤🤫,2
JPEGMAFIA,Alternative,2CGFU1lBdCI,JPEGMAFIA - HAZARD DUTY PAY!,JPEGMAFIA,Wuckert Wells,0
JPEGMAFIA,Alternative,2CGFU1lBdCI,JPEGMAFIA - HAZARD DUTY PAY!,JPEGMAFIA,bro the music video looks so funny without the music,4
JPEGMAFIA,Alternative,2CGFU1lBdCI,JPEGMAFIA - HAZARD DUTY PAY!,JPEGMAFIA,ts take me back to freshman year 💔💔,0
JPEGMAFIA,Alternative,2CGFU1lBdCI,JPEGMAFIA - HAZARD DUTY PAY!,JPEGMAFIA,i can count the pixels,2
JPEGMAFIA,Alternative,2CGFU1lBdCI,JPEGMAFIA - HAZARD DUTY PAY!,JPEGMAFIA,Garcia James Miller Jason Martin Sharon,0
JPEGMAFIA,Alternative,2CGFU1lBdCI,JPEGMAFIA - HAZARD DUTY PAY!,JPEGMAFIA,Yoooooooooooo,0
JPEGMAFIA,Alternative,2CGFU1lBdCI,JPEGMAFIA - HAZARD DUTY PAY!,JPEGMAFIA,This beat actually insane,1
JPEGMAFIA,Alternative,2CGFU1lBdCI,JPEGMAFIA - HAZARD DUTY PAY!,JPEGMAFIA,Why does Peggy look like Ainsley Harriott about to tell me to give my meat a good ol’ rub in the thumbnail?,0
JPEGMAFIA,Alternative,2CGFU1lBdCI,JPEGMAFIA - HAZARD DUTY PAY!,JPEGMAFIA,i love the bass line on this song & i already learned how to play it own my own bass. honestly criminal there wasnt a tab for it already (that i could find),7
JPEGMAFIA,Alternative,2CGFU1lBdCI,JPEGMAFIA - HAZARD DUTY PAY!,JPEGMAFIA,Smith Sharon Brown Steven Thomas David,0
JPEGMAFIA,Alternative,2CGFU1lBdCI,JPEGMAFIA - HAZARD DUTY PAY!,JPEGMAFIA,I’m rlly seeing this man and hearing this live in 3 days bro holyyyyy,4
JPEGMAFIA,Alternative,2CGFU1lBdCI,JPEGMAFIA - HAZARD DUTY PAY!,JPEGMAFIA,Who hurt peggy😔,0
JPEGMAFIA,Alternative,2CGFU1lBdCI,JPEGMAFIA - HAZARD DUTY PAY!,JPEGMAFIA,This song goes insanely hard for no reason,4
JPEGMAFIA,Alternative,2CGFU1lBdCI,JPEGMAFIA - HAZARD DUTY PAY!,JPEGMAFIA,I really think we'll look back at peggy in a couple decades like we do MF DOOM. Completely unconventional but groundbreaking in every way.,48
JPEGMAFIA,Alternative,2CGFU1lBdCI,JPEGMAFIA - HAZARD DUTY PAY!,JPEGMAFIA,my hero,1
JPEGMAFIA,Alternative,2CGFU1lBdCI,JPEGMAFIA - HAZARD DUTY PAY!,JPEGMAFIA,fire,1
JPEGMAFIA,Alternative,2CGFU1lBdCI,JPEGMAFIA - HAZARD DUTY PAY!,JPEGMAFIA,Lol Sydney sweeney has to be one of the most overrated people on earth she aint even cute she just got funbags,2
JPEGMAFIA,Alternative,2CGFU1lBdCI,JPEGMAFIA - HAZARD DUTY PAY!,JPEGMAFIA,I be like this dude sometimes,1
JPEGMAFIA,Alternative,2CGFU1lBdCI,JPEGMAFIA - HAZARD DUTY PAY!,JPEGMAFIA,"kanye's fav song from peggy (ik from reddit, not sure tho)",3
JPEGMAFIA,Alternative,2CGFU1lBdCI,JPEGMAFIA - HAZARD DUTY PAY!,JPEGMAFIA,if i made something half this good i could die happy,5
JPEGMAFIA,Alternative,2CGFU1lBdCI,JPEGMAFIA - HAZARD DUTY PAY!,JPEGMAFIA,Probably top 10 hip hop songs of all time,3
JPEGMAFIA,Alternative,2CGFU1lBdCI,JPEGMAFIA - HAZARD DUTY PAY!,JPEGMAFIA,"i love you peggy
<3",1
JPEGMAFIA,Alternative,2CGFU1lBdCI,JPEGMAFIA - HAZARD DUTY PAY!,JPEGMAFIA,"Hazard Duty Pay!
JPEGMAFIA Saludos",1
JPEGMAFIA,Alternative,2CGFU1lBdCI,JPEGMAFIA - HAZARD DUTY PAY!,JPEGMAFIA,he forgot they're filming towards the end and started goofing around,1
JPEGMAFIA,Alternative,2CGFU1lBdCI,JPEGMAFIA - HAZARD DUTY PAY!,JPEGMAFIA,Zesty ahh walk 0:51,14
JPEGMAFIA,Alternative,2CGFU1lBdCI,JPEGMAFIA - HAZARD DUTY PAY!,JPEGMAFIA,Jo why you spit in the mouth of a 16 year old boy at your show you weirdo?,0
JPEGMAFIA,Alternative,2CGFU1lBdCI,JPEGMAFIA - HAZARD DUTY PAY!,JPEGMAFIA,peggy's sample game is undefeated rn in hip hop,1
JPEGMAFIA,Alternative,2CGFU1lBdCI,JPEGMAFIA - HAZARD DUTY PAY!,JPEGMAFIA,Make jesus popular,1
JPEGMAFIA,Alternative,2CGFU1lBdCI,JPEGMAFIA - HAZARD DUTY PAY!,JPEGMAFIA,I was here,0
JPEGMAFIA,Alternative,2CGFU1lBdCI,JPEGMAFIA - HAZARD DUTY PAY!,JPEGMAFIA,Smoovement ❤🎉,0
JPEGMAFIA,Alternative,2CGFU1lBdCI,JPEGMAFIA - HAZARD DUTY PAY!,JPEGMAFIA,Smoovement ❤🎉,0
JPEGMAFIA,Alternative,2CGFU1lBdCI,JPEGMAFIA - HAZARD DUTY PAY!,JPEGMAFIA,if free speech was a being,4
JPEGMAFIA,Alternative,2CGFU1lBdCI,JPEGMAFIA - HAZARD DUTY PAY!,JPEGMAFIA,Song name,3
JPEGMAFIA,Alternative,2CGFU1lBdCI,JPEGMAFIA - HAZARD DUTY PAY!,JPEGMAFIA,GK..,0
JPEGMAFIA,Alternative,2CGFU1lBdCI,JPEGMAFIA - HAZARD DUTY PAY!,JPEGMAFIA,this is somehow worse and better than what i thought itd be,2
JPEGMAFIA,Alternative,2CGFU1lBdCI,JPEGMAFIA - HAZARD DUTY PAY!,JPEGMAFIA,For the first second there’s no sound,0
JPEGMAFIA,Alternative,2CGFU1lBdCI,JPEGMAFIA - HAZARD DUTY PAY!,JPEGMAFIA,HEYYY HEY HEY 👴🏿,4
JPEGMAFIA,Alternative,2CGFU1lBdCI,JPEGMAFIA - HAZARD DUTY PAY!,JPEGMAFIA,I found this dude in a sample breakdown I thought the sample is good so check him out and now I wanna learn how to sample and a busted every single night now,4
JPEGMAFIA,Alternative,2CGFU1lBdCI,JPEGMAFIA - HAZARD DUTY PAY!,JPEGMAFIA,That anita baker sample go hard,2
JPEGMAFIA,Alternative,2CGFU1lBdCI,JPEGMAFIA - HAZARD DUTY PAY!,JPEGMAFIA,"for every 1:30 seconds this songs plays, 3 minutes pass in real life",0
JPEGMAFIA,Alternative,2CGFU1lBdCI,JPEGMAFIA - HAZARD DUTY PAY!,JPEGMAFIA,"01:24 les atrocités qui arrive au gens
01:45 tu viens me parler d'un dieu qui sauve les gens 
Ou etais il quand on en avais besoin
Ma mère mourante l'implorait 
Et maintenant la voilà sis pied sous terre
Mais malgré sa j'ai beaucoup de chance

Alternatif: 
Pour moi il est juste créateur et se divertis 
Si tu survis c'est qu'il y gagne",0
JPEGMAFIA,Alternative,2CGFU1lBdCI,JPEGMAFIA - HAZARD DUTY PAY!,JPEGMAFIA,This beat is like what Kanye did for rap back in the day but for modern rap. This is true trap soul rap,15
JPEGMAFIA,Alternative,2CGFU1lBdCI,JPEGMAFIA - HAZARD DUTY PAY!,JPEGMAFIA,ǝɟᴉl ʎɯ pǝƃuɐɥɔ ɟɟolO ¯\_(ツ)_/¯ Oloff changed my life,0
JPEGMAFIA,Alternative,2CGFU1lBdCI,JPEGMAFIA - HAZARD DUTY PAY!,JPEGMAFIA,I listen to Oloff when I'm experiencing existential dread. It makes it worse but... I just can't stop.,0
JPEGMAFIA,Alternative,2CGFU1lBdCI,JPEGMAFIA - HAZARD DUTY PAY!,JPEGMAFIA,I made the mistake of showing Peggy to my mom. Even she couldn’t resist liking this one.,3
JPEGMAFIA,Alternative,2CGFU1lBdCI,JPEGMAFIA - HAZARD DUTY PAY!,JPEGMAFIA,<3,0
JPEGMAFIA,Alternative,2CGFU1lBdCI,JPEGMAFIA - HAZARD DUTY PAY!,JPEGMAFIA,Hardest Peggy song?,3
JPEGMAFIA,Alternative,2CGFU1lBdCI,JPEGMAFIA - HAZARD DUTY PAY!,JPEGMAFIA,the fact this video has 4k support is the funniest shit,11
JPEGMAFIA,Alternative,2CGFU1lBdCI,JPEGMAFIA - HAZARD DUTY PAY!,JPEGMAFIA,Does anyone know where the parking lots on the top of the skyscrapers in this video are from??? I know that some of the video was shot at that abandoned water park in cali,1
JPEGMAFIA,Alternative,2CGFU1lBdCI,JPEGMAFIA - HAZARD DUTY PAY!,JPEGMAFIA,1:04 Peggy is hanging around Trevor's meth lab,10
JPEGMAFIA,Alternative,2CGFU1lBdCI,JPEGMAFIA - HAZARD DUTY PAY!,JPEGMAFIA,Last day of school type song,146
JPEGMAFIA,Alternative,2CGFU1lBdCI,JPEGMAFIA - HAZARD DUTY PAY!,JPEGMAFIA,Quality is ass,5
JPEGMAFIA,Alternative,2CGFU1lBdCI,JPEGMAFIA - HAZARD DUTY PAY!,JPEGMAFIA,Watching without sound,0
JPEGMAFIA,Alternative,2CGFU1lBdCI,JPEGMAFIA - HAZARD DUTY PAY!,JPEGMAFIA,this song is life changing istg.,2
JPEGMAFIA,Alternative,2CGFU1lBdCI,JPEGMAFIA - HAZARD DUTY PAY!,JPEGMAFIA,grasias jpegmafia peggy por todo eres una inspiracion eeey eyey sometimes we feel pain me encanta esta cancion peggy te amo peggy hola,3
JPEGMAFIA,Alternative,2CGFU1lBdCI,JPEGMAFIA - HAZARD DUTY PAY!,JPEGMAFIA,0:32 is crazy,58
JPEGMAFIA,Alternative,2CGFU1lBdCI,JPEGMAFIA - HAZARD DUTY PAY!,JPEGMAFIA,This videi is funny to me,0
JPEGMAFIA,Alternative,2CGFU1lBdCI,JPEGMAFIA - HAZARD DUTY PAY!,JPEGMAFIA,UNDERARMOR THA BMORE LOUIS V,1
JPEGMAFIA,Alternative,2CGFU1lBdCI,JPEGMAFIA - HAZARD DUTY PAY!,JPEGMAFIA,this beat lives in the back of my head rent-free bc of how good it is🔥🔥🔥🔥,2
JPEGMAFIA,Alternative,2CGFU1lBdCI,JPEGMAFIA - HAZARD DUTY PAY!,JPEGMAFIA,You think you know me? 👄,0
JPEGMAFIA,Alternative,2CGFU1lBdCI,JPEGMAFIA - HAZARD DUTY PAY!,JPEGMAFIA,definitely my favorite JPEGMAFIA song,5
JPEGMAFIA,Alternative,2CGFU1lBdCI,JPEGMAFIA - HAZARD DUTY PAY!,JPEGMAFIA,Mashallah ❤,0
JPEGMAFIA,Alternative,2CGFU1lBdCI,JPEGMAFIA - HAZARD DUTY PAY!,JPEGMAFIA,This shit is disappointing,1
JPEGMAFIA,Alternative,2CGFU1lBdCI,JPEGMAFIA - HAZARD DUTY PAY!,JPEGMAFIA,I like this... 🔥🔥🔥. I love his flow on this. Reminds me of that old school Bone Thugs flow.,1
JPEGMAFIA,Alternative,2CGFU1lBdCI,JPEGMAFIA - HAZARD DUTY PAY!,JPEGMAFIA,Beat goes so hard I can’t focus on the lyrics.,0
JPEGMAFIA,Alternative,2CGFU1lBdCI,JPEGMAFIA - HAZARD DUTY PAY!,JPEGMAFIA,This looks old an gives good vibes,0
JPEGMAFIA,Alternative,2CGFU1lBdCI,JPEGMAFIA - HAZARD DUTY PAY!,JPEGMAFIA,"You think you know me
In the morning
There's a fear of nightfall
When darkness comes and covers all
Ayy, ayy
Sometimes we feel pain, ayy, ayyy, ayy
Sometimes we feel pain, ayy, ayyy, ayy
Uh, if he fall on that flow let 'em go, gone
Niggas ain't built for this page in my art
All this Champagne put a stain on my heart
Don't pick him up, he ain't built for this part
If you wasn't here for them lows, walk
Blick on my hip and I'm dressed like a God
Labels like critics just choosing to talk
I take a sh- and like Moses they part
Man, I can't tell what you mean (huh)
Why does your black feel like business to me?
Industry lies never line up on screen (facts)
Peggy keep scoring, I feel like The Dream
Yeah, what you want, uh
Y'all love the fake, I've been real from the start
Never hesitate to shoot at a star
Stocked up on weapons and pussy and cars
Just thought you should know
Look at this lane that I made, it was vacant
These veggie grill niggas don't really want beef
Real niggas die and then fakers replace 'em
Now I see my DNA all in y'all beats
Talk, niggas just rap, don't back up what they talk
Pray for me, got so much smoke in my heart
Rap like I'm gifted and grew up on God, yeah
Shorty want dick (what?), Money, and leverage
One out of three, feel like three when I'm in it (skrrt)
Peggy the GOAT, more like the feds
As soon as you see me you know that it's finished
And, how can you tell that he's winnin' (How?)
Floated right through the pandemic, no limits
Stunted creatively, don't got a vision
I die for my pride, you be hiding in gimmicks
Glock with a switch turn a vegan to spinach (Brr)
Pm-50, we ain't beefin', you dinner
Turn a ""I'll do it"" right into ""Who did it?""
Some you can't speak, you should just buy a ticket
Choke 'em to death with that smoke for this fire
Giving these alt' niggas hope when I die
Call up my mama then hang up the line (bitch)
Money got me feelin' wet like I'm Thai, ay
Hard, when I go out tell 'em Peggy ain't give up, he fought
Fuck 'em
Sometimes we feel pain, ayy, ayy (huh, dirty)
Sometimes we feel pain, feel pain, ayy, ayy
We can change, just-, feel pain, ayy, ayy
Sometimes we feel pain, the day, ay
Sometimes we feel pain, ayy, ayy",1
JPEGMAFIA,Alternative,2CGFU1lBdCI,JPEGMAFIA - HAZARD DUTY PAY!,JPEGMAFIA,this MIGHT be the greatest song of all time,5
JPEGMAFIA,Alternative,2CGFU1lBdCI,JPEGMAFIA - HAZARD DUTY PAY!,JPEGMAFIA,Not tryna be basic but this one of Peggy’s best songs 😭😭,5
JPEGMAFIA,Alternative,2CGFU1lBdCI,JPEGMAFIA - HAZARD DUTY PAY!,JPEGMAFIA,Peak music,18
JPEGMAFIA,Alternative,2CGFU1lBdCI,JPEGMAFIA - HAZARD DUTY PAY!,JPEGMAFIA,"Really new great artist, and god know we need it !!! Respect !!!",1
JPEGMAFIA,Alternative,2CGFU1lBdCI,JPEGMAFIA - HAZARD DUTY PAY!,JPEGMAFIA,Bro this is great,2
JPEGMAFIA,Alternative,2CGFU1lBdCI,JPEGMAFIA - HAZARD DUTY PAY!,JPEGMAFIA,"i wish i could go back to listening to this song for the first time again, no other song has elicited the same reaction.",2
JPEGMAFIA,Alternative,2CGFU1lBdCI,JPEGMAFIA - HAZARD DUTY PAY!,JPEGMAFIA,You think you know me.,1
JPEGMAFIA,Alternative,2CGFU1lBdCI,JPEGMAFIA - HAZARD DUTY PAY!,JPEGMAFIA,PNGCARTEL,4
JPEGMAFIA,Alternative,2CGFU1lBdCI,JPEGMAFIA - HAZARD DUTY PAY!,JPEGMAFIA,"This shit is so good holy shit
New favorite song on lock",2
JPEGMAFIA,Alternative,2CGFU1lBdCI,JPEGMAFIA - HAZARD DUTY PAY!,JPEGMAFIA,This is Childish Gambino! 💀,1
JPEGMAFIA,Alternative,2CGFU1lBdCI,JPEGMAFIA - HAZARD DUTY PAY!,JPEGMAFIA,wtf how are this many people hyped on this garbage ass track?,1
JPEGMAFIA,Alternative,2CGFU1lBdCI,JPEGMAFIA - HAZARD DUTY PAY!,JPEGMAFIA,el mejor betardo,0
JPEGMAFIA,Alternative,2CGFU1lBdCI,JPEGMAFIA - HAZARD DUTY PAY!,JPEGMAFIA,Vibing to two songs simultaneously,2
JPEGMAFIA,Alternative,2CGFU1lBdCI,JPEGMAFIA - HAZARD DUTY PAY!,JPEGMAFIA,Turn on the 144p option for a better video experience,1
JPEGMAFIA,Alternative,2CGFU1lBdCI,JPEGMAFIA - HAZARD DUTY PAY!,JPEGMAFIA,Littlee nigga good song,0
JPEGMAFIA,Alternative,2CGFU1lBdCI,JPEGMAFIA - HAZARD DUTY PAY!,JPEGMAFIA,Something we all deserve from this toxic dump,0
JPEGMAFIA,Alternative,2CGFU1lBdCI,JPEGMAFIA - HAZARD DUTY PAY!,JPEGMAFIA,Ive been to his concert and shit was lit.,0
JPEGMAFIA,Alternative,2CGFU1lBdCI,JPEGMAFIA - HAZARD DUTY PAY!,JPEGMAFIA,My heart won't be the same.,0
JPEGMAFIA,Alternative,2CGFU1lBdCI,JPEGMAFIA - HAZARD DUTY PAY!,JPEGMAFIA,the way Peggy dances reminds me of this is america,0
JPEGMAFIA,Alternative,2CGFU1lBdCI,JPEGMAFIA - HAZARD DUTY PAY!,JPEGMAFIA,"I'm not even a huge peggy fan but this song slaps so hard, how can you not like it",153
JPEGMAFIA,Alternative,2CGFU1lBdCI,JPEGMAFIA - HAZARD DUTY PAY!,JPEGMAFIA,so glad i can view this in 1440p,0
JPEGMAFIA,Alternative,2CGFU1lBdCI,JPEGMAFIA - HAZARD DUTY PAY!,JPEGMAFIA,vapourwave ass music,2
JPEGMAFIA,Alternative,2CGFU1lBdCI,JPEGMAFIA - HAZARD DUTY PAY!,JPEGMAFIA,im late to this but this slaps,1
JPEGMAFIA,Alternative,2CGFU1lBdCI,JPEGMAFIA - HAZARD DUTY PAY!,JPEGMAFIA,Pedrada!!!!!!!!!!!!!!!!!!!!,0
JPEGMAFIA,Alternative,2CGFU1lBdCI,JPEGMAFIA - HAZARD DUTY PAY!,JPEGMAFIA,holy shit this goes so hard i think im gonna kill myself,6
JPEGMAFIA,Alternative,2CGFU1lBdCI,JPEGMAFIA - HAZARD DUTY PAY!,JPEGMAFIA,this will be graphics in 2001 🤩,7
JPEGMAFIA,Alternative,2CGFU1lBdCI,JPEGMAFIA - HAZARD DUTY PAY!,JPEGMAFIA,men thats fire 🔥🔥🔥🔥🔥🔥🔥🔥🔥🔥🔥🔥🔥,1
JPEGMAFIA,Alternative,2CGFU1lBdCI,JPEGMAFIA - HAZARD DUTY PAY!,JPEGMAFIA,classic,2
JPEGMAFIA,Alternative,2CGFU1lBdCI,JPEGMAFIA - HAZARD DUTY PAY!,JPEGMAFIA,everyone questioning the video quality as if his name is not jpeg,22
JPEGMAFIA,Alternative,2CGFU1lBdCI,JPEGMAFIA - HAZARD DUTY PAY!,JPEGMAFIA,"Sinceramente la cabra, me encanta la música de Peggy maldito genio 🔥",3
JPEGMAFIA,Alternative,2CGFU1lBdCI,JPEGMAFIA - HAZARD DUTY PAY!,JPEGMAFIA,This is why I live,0
JPEGMAFIA,Alternative,2CGFU1lBdCI,JPEGMAFIA - HAZARD DUTY PAY!,JPEGMAFIA,I think i know you now,1
JPEGMAFIA,Alternative,2CGFU1lBdCI,JPEGMAFIA - HAZARD DUTY PAY!,JPEGMAFIA,DAMN PEGGY🗣️🗣️🗣️🔥🔥,2
JPEGMAFIA,Alternative,2CGFU1lBdCI,JPEGMAFIA - HAZARD DUTY PAY!,JPEGMAFIA,Watching this in 144p for true peggy experience,2
JPEGMAFIA,Alternative,2CGFU1lBdCI,JPEGMAFIA - HAZARD DUTY PAY!,JPEGMAFIA,Peggy's cheque from Kanye is the real Hazard Duty Pay,3
JPEGMAFIA,Alternative,2CGFU1lBdCI,JPEGMAFIA - HAZARD DUTY PAY!,JPEGMAFIA,I know it's early but jpegmafia is my #1 artist of the 20s,1
JPEGMAFIA,Alternative,2CGFU1lBdCI,JPEGMAFIA - HAZARD DUTY PAY!,JPEGMAFIA,After 75 years me and my wife still listen to this classic everynight. It used to be our dance song! I will forever miss you Lizzy!,7
JPEGMAFIA,Alternative,2CGFU1lBdCI,JPEGMAFIA - HAZARD DUTY PAY!,JPEGMAFIA,THIS SHIT NEED TO BE PLAYED IN THE CLUBS,0
JPEGMAFIA,Alternative,2CGFU1lBdCI,JPEGMAFIA - HAZARD DUTY PAY!,JPEGMAFIA,That tag is harddd never expected anyone to use it,0
JPEGMAFIA,Alternative,2CGFU1lBdCI,JPEGMAFIA - HAZARD DUTY PAY!,JPEGMAFIA,"41 year old here listening to this for the first time because I had no idea who he was and this is the first video that popped up when I searched his name. 

I'll give my thoughts once its done.",2
JPEGMAFIA,Alternative,2CGFU1lBdCI,JPEGMAFIA - HAZARD DUTY PAY!,JPEGMAFIA,watch in 144p for the most optimal experience,0
JPEGMAFIA,Alternative,2CGFU1lBdCI,JPEGMAFIA - HAZARD DUTY PAY!,JPEGMAFIA,"I'm an avid 90's Hip Hop listener (Nas, Jay, Wu, Big, Tribe, Pac). My kids put me on...Fiya!",3
JPEGMAFIA,Alternative,2CGFU1lBdCI,JPEGMAFIA - HAZARD DUTY PAY!,JPEGMAFIA,I really wanna see you live this year,0
JPEGMAFIA,Alternative,2CGFU1lBdCI,JPEGMAFIA - HAZARD DUTY PAY!,JPEGMAFIA,jes,0
JPEGMAFIA,Alternative,2CGFU1lBdCI,JPEGMAFIA - HAZARD DUTY PAY!,JPEGMAFIA,"This Guy Is Like Kanye, Kendrick,MF Doom and Money Grips in one place",5
JPEGMAFIA,Alternative,2CGFU1lBdCI,JPEGMAFIA - HAZARD DUTY PAY!,JPEGMAFIA,cheeky guy this jpegmafia,4
JPEGMAFIA,Alternative,2CGFU1lBdCI,JPEGMAFIA - HAZARD DUTY PAY!,JPEGMAFIA,idk what everyone talking about this camera fire,4
JPEGMAFIA,Alternative,2CGFU1lBdCI,JPEGMAFIA - HAZARD DUTY PAY!,JPEGMAFIA,peggy the goat,0
JPEGMAFIA,Alternative,2CGFU1lBdCI,JPEGMAFIA - HAZARD DUTY PAY!,JPEGMAFIA,hearing this song while im about to shit literally saved my life,1
JPEGMAFIA,Alternative,2CGFU1lBdCI,JPEGMAFIA - HAZARD DUTY PAY!,JPEGMAFIA,"Ah yes, hazard duty pay, my favorite k-pop song",12
JPEGMAFIA,Alternative,2CGFU1lBdCI,JPEGMAFIA - HAZARD DUTY PAY!,JPEGMAFIA,those pauses are godly,2
JPEGMAFIA,Alternative,2CGFU1lBdCI,JPEGMAFIA - HAZARD DUTY PAY!,JPEGMAFIA,Imagine how many rappers he sounds like today they all took his flow,2
JPEGMAFIA,Alternative,2CGFU1lBdCI,JPEGMAFIA - HAZARD DUTY PAY!,JPEGMAFIA,🖤🖤🖤🖤🖤🖤🖤legendaryy,1
JPEGMAFIA,Alternative,2CGFU1lBdCI,JPEGMAFIA - HAZARD DUTY PAY!,JPEGMAFIA,Ol' Dirty Bastard  super saiyan  reincarnation 🤲🏾,1
JPEGMAFIA,Alternative,2CGFU1lBdCI,JPEGMAFIA - HAZARD DUTY PAY!,JPEGMAFIA,Bless up Big Dawg,0
JPEGMAFIA,Alternative,2CGFU1lBdCI,JPEGMAFIA - HAZARD DUTY PAY!,JPEGMAFIA,❤,0
JPEGMAFIA,Alternative,2CGFU1lBdCI,JPEGMAFIA - HAZARD DUTY PAY!,JPEGMAFIA,"peggy wearing gloves from aliexpress that cost 15$ is so funny for me idk why





p.s  3 weeks later, now i got the same gloves",2
JPEGMAFIA,Alternative,2CGFU1lBdCI,JPEGMAFIA - HAZARD DUTY PAY!,JPEGMAFIA,THIS A HEAT,3
JPEGMAFIA,Alternative,2CGFU1lBdCI,JPEGMAFIA - HAZARD DUTY PAY!,JPEGMAFIA,Still his best by a large margin,0
JPEGMAFIA,Alternative,2CGFU1lBdCI,JPEGMAFIA - HAZARD DUTY PAY!,JPEGMAFIA,"The sample makes me ascend every time, this song really conveys an overall feeling of pride and anger. I was having a shitty day and this song came on and I felt a little better.",5
JPEGMAFIA,Alternative,2CGFU1lBdCI,JPEGMAFIA - HAZARD DUTY PAY!,JPEGMAFIA,are you deadass,0
JPEGMAFIA,Alternative,2CGFU1lBdCI,JPEGMAFIA - HAZARD DUTY PAY!,JPEGMAFIA,GOAT,0
JPEGMAFIA,Alternative,2CGFU1lBdCI,JPEGMAFIA - HAZARD DUTY PAY!,JPEGMAFIA,"No wonder he’s with kanye, he’s just as terrible as kanye’s been for the past decade 😂",0
JPEGMAFIA,Alternative,2CGFU1lBdCI,JPEGMAFIA - HAZARD DUTY PAY!,JPEGMAFIA,This will forever be my Fav JPEG Song!,5
JPEGMAFIA,Alternative,2CGFU1lBdCI,JPEGMAFIA - HAZARD DUTY PAY!,JPEGMAFIA,pegggyyyyyyyyyyyyy,0
JPEGMAFIA,Alternative,2CGFU1lBdCI,JPEGMAFIA - HAZARD DUTY PAY!,JPEGMAFIA,hiii peggy,0
JPEGMAFIA,Alternative,2CGFU1lBdCI,JPEGMAFIA - HAZARD DUTY PAY!,JPEGMAFIA,peggy haciendo magia como siempre,0
JPEGMAFIA,Alternative,2CGFU1lBdCI,JPEGMAFIA - HAZARD DUTY PAY!,JPEGMAFIA,1:53 i keep thinking he says gawad,10
JPEGMAFIA,Alternative,2CGFU1lBdCI,JPEGMAFIA - HAZARD DUTY PAY!,JPEGMAFIA,me when my good friend royboy140 leaves me in the call,1
JPEGMAFIA,Alternative,2CGFU1lBdCI,JPEGMAFIA - HAZARD DUTY PAY!,JPEGMAFIA,"Esta canción para mí representa la asunción de Peggy al cielo del rap, aquel del que tanto habían hablado muchos raperos muchísimo antes de que él fuera JPEGMAFIA, eufórico por ver lo que ha logrado y el sample de ""Ain't No Need to Worry"" enfatiza aun más el sentimiento de alivio después de haber sufrido tanto (THE GHOST~POP TAPE), es como si los ángeles le estuvieran cantando directamente. Es extremadamente catártico, ese sentimiento de bienestar después de tanto estrés, también es hipnótico, lo adoro, te amo Peggy.",1
JPEGMAFIA,Alternative,2CGFU1lBdCI,JPEGMAFIA - HAZARD DUTY PAY!,JPEGMAFIA,"Such terrible video quality, I love it. It take me back to a simpler time, back when your eyes would hurt if you watched while too close to the screen.",2
JPEGMAFIA,Alternative,2CGFU1lBdCI,JPEGMAFIA - HAZARD DUTY PAY!,JPEGMAFIA,Discovered this masterpiece on 1/5/24 that sample is beautiful,1
JPEGMAFIA,Alternative,2CGFU1lBdCI,JPEGMAFIA - HAZARD DUTY PAY!,JPEGMAFIA,play in 240p,2
JPEGMAFIA,Alternative,2CGFU1lBdCI,JPEGMAFIA - HAZARD DUTY PAY!,JPEGMAFIA,had to come to youtube cuz I think this is off streaming again?,0
JPEGMAFIA,Alternative,2CGFU1lBdCI,JPEGMAFIA - HAZARD DUTY PAY!,JPEGMAFIA,This song is so good,2
JPEGMAFIA,Alternative,2CGFU1lBdCI,JPEGMAFIA - HAZARD DUTY PAY!,JPEGMAFIA,Sometimes we feel painn,3
JPEGMAFIA,Alternative,2CGFU1lBdCI,JPEGMAFIA - HAZARD DUTY PAY!,JPEGMAFIA,this MIGHT be MC Ride.,3
JPEGMAFIA,Alternative,2CGFU1lBdCI,JPEGMAFIA - HAZARD DUTY PAY!,JPEGMAFIA,qrnucleusclosedBLANCHE LEBLANC ikeyholeidontacceptIMMUNIZEDharmvirusNO IMMUNIZEDTWINSno NODEPUTY JME @golasoaso,2
JPEGMAFIA,Alternative,2CGFU1lBdCI,JPEGMAFIA - HAZARD DUTY PAY!,JPEGMAFIA,⚜️ eeeeeeeeeeeeEEEEEEEEEEeeeeeeeeeeee 😎🤝🚗,0
JPEGMAFIA,Alternative,2CGFU1lBdCI,JPEGMAFIA - HAZARD DUTY PAY!,JPEGMAFIA,Why tf are there Korean subtitles for this,1
JPEGMAFIA,Alternative,2CGFU1lBdCI,JPEGMAFIA - HAZARD DUTY PAY!,JPEGMAFIA,This is a great song,0
JPEGMAFIA,Alternative,2CGFU1lBdCI,JPEGMAFIA - HAZARD DUTY PAY!,JPEGMAFIA,🔥🔥🔥🔥🔥🔥🔥🔥🔥🐐🐐🐐🐐🐐🐐🐐🐐🐐🐐,0
JPEGMAFIA,Alternative,2CGFU1lBdCI,JPEGMAFIA - HAZARD DUTY PAY!,JPEGMAFIA,its 2023 and this song still aint been topped..burfict got close tho,3
JPEGMAFIA,Alternative,2CGFU1lBdCI,JPEGMAFIA - HAZARD DUTY PAY!,JPEGMAFIA,shoutout to hazard duty pay for making me a peggy fan,83
JPEGMAFIA,Alternative,2CGFU1lBdCI,JPEGMAFIA - HAZARD DUTY PAY!,JPEGMAFIA,"Some guy told me Donkama 2000 sounded like this guy.

Agree to disagree.",0
JPEGMAFIA,Alternative,2CGFU1lBdCI,JPEGMAFIA - HAZARD DUTY PAY!,JPEGMAFIA,Slaps,0
JPEGMAFIA,Alternative,2CGFU1lBdCI,JPEGMAFIA - HAZARD DUTY PAY!,JPEGMAFIA,Dirty,0
JPEGMAFIA,Alternative,2CGFU1lBdCI,JPEGMAFIA - HAZARD DUTY PAY!,JPEGMAFIA,ya gay,1
JPEGMAFIA,Alternative,2CGFU1lBdCI,JPEGMAFIA - HAZARD DUTY PAY!,JPEGMAFIA,I think i know peggy,2
JPEGMAFIA,Alternative,2CGFU1lBdCI,JPEGMAFIA - HAZARD DUTY PAY!,JPEGMAFIA,goodmorning,2
JPEGMAFIA,Alternative,2CGFU1lBdCI,JPEGMAFIA - HAZARD DUTY PAY!,JPEGMAFIA,i think this is my most listened to song of all time,0
JPEGMAFIA,Alternative,2CGFU1lBdCI,JPEGMAFIA - HAZARD DUTY PAY!,JPEGMAFIA,Banger! 🔥,0
JPEGMAFIA,Alternative,2CGFU1lBdCI,JPEGMAFIA - HAZARD DUTY PAY!,JPEGMAFIA,🔥🔥🔥🔥🔥🔥🔥🔥🔥🔥🔥🔥🔥🔥🔥🔥🔥🔥🔥,0
JPEGMAFIA,Alternative,2CGFU1lBdCI,JPEGMAFIA - HAZARD DUTY PAY!,JPEGMAFIA,woah this is like death grips! he even looks like mc ride! He might be a little shorter though,3
JPEGMAFIA,Alternative,2CGFU1lBdCI,JPEGMAFIA - HAZARD DUTY PAY!,JPEGMAFIA,this fucking banger better be in GTA6.,4
JPEGMAFIA,Alternative,2CGFU1lBdCI,JPEGMAFIA - HAZARD DUTY PAY!,JPEGMAFIA,Why bro in mexico💀,3
JPEGMAFIA,Alternative,2CGFU1lBdCI,JPEGMAFIA - HAZARD DUTY PAY!,JPEGMAFIA,Sounds like if Baby Keem and Schoolboy Q had a baby😂,0
JPEGMAFIA,Alternative,2CGFU1lBdCI,JPEGMAFIA - HAZARD DUTY PAY!,JPEGMAFIA,Sometimes we do feel pain,3
JPEGMAFIA,Alternative,2CGFU1lBdCI,JPEGMAFIA - HAZARD DUTY PAY!,JPEGMAFIA,this beat stuck playin in my soul,1
JPEGMAFIA,Alternative,2CGFU1lBdCI,JPEGMAFIA - HAZARD DUTY PAY!,JPEGMAFIA,one of the only few songs that you can't listen to it without the rapping on it but you clearly won't remember the lyrics after.,3
JPEGMAFIA,Alternative,2CGFU1lBdCI,JPEGMAFIA - HAZARD DUTY PAY!,JPEGMAFIA,Anybody know where this was filmed?,0
JPEGMAFIA,Alternative,2CGFU1lBdCI,JPEGMAFIA - HAZARD DUTY PAY!,JPEGMAFIA,Listened to this on my first day of Kindergarten 16 years ago! So much nostalgia! Cant wait for my College years! Thanks Peggy!,101
JPEGMAFIA,Alternative,2CGFU1lBdCI,JPEGMAFIA - HAZARD DUTY PAY!,JPEGMAFIA,Check me out if you like This,1
JPEGMAFIA,Alternative,2CGFU1lBdCI,JPEGMAFIA - HAZARD DUTY PAY!,JPEGMAFIA,"I love this song 
I love the original sample 
He did really good with it",4
JPEGMAFIA,Alternative,2CGFU1lBdCI,JPEGMAFIA - HAZARD DUTY PAY!,JPEGMAFIA,"ver a un hombre que sufrió una horible depresión y una profunda tristeza, ver qué le pone tal dedicación y alma a su música y todo el lo produce, habla de un hombre que la música le salvó la vida",17
JPEGMAFIA,Alternative,2CGFU1lBdCI,JPEGMAFIA - HAZARD DUTY PAY!,JPEGMAFIA,Anita baker 🔥 never heard it my mom favorite Singer,2
JPEGMAFIA,Alternative,2CGFU1lBdCI,JPEGMAFIA - HAZARD DUTY PAY!,JPEGMAFIA,listening to this song is literally a fever dream istg,1
JPEGMAFIA,Alternative,2CGFU1lBdCI,JPEGMAFIA - HAZARD DUTY PAY!,JPEGMAFIA,First time listening to JPEG’s music…the production is fire,11
JPEGMAFIA,Alternative,2CGFU1lBdCI,JPEGMAFIA - HAZARD DUTY PAY!,JPEGMAFIA,Love the camera work and the really retro sound.,0
JPEGMAFIA,Alternative,2CGFU1lBdCI,JPEGMAFIA - HAZARD DUTY PAY!,JPEGMAFIA,You assume you are familiar with me,2
JPEGMAFIA,Alternative,2CGFU1lBdCI,JPEGMAFIA - HAZARD DUTY PAY!,JPEGMAFIA,"I remember when everyone hated this guy now he's actually ""famous"" crazy how much his music changed",2
JPEGMAFIA,Alternative,2CGFU1lBdCI,JPEGMAFIA - HAZARD DUTY PAY!,JPEGMAFIA,For some reason this is LORD Imfomous reincarnated 💎 🔥,0
JPEGMAFIA,Alternative,2CGFU1lBdCI,JPEGMAFIA - HAZARD DUTY PAY!,JPEGMAFIA,That sample?😮 💎 🔥,2
JPEGMAFIA,Alternative,2CGFU1lBdCI,JPEGMAFIA - HAZARD DUTY PAY!,JPEGMAFIA,This what im talking abt 🪘 s 💎 🔥,1
JPEGMAFIA,Alternative,2CGFU1lBdCI,JPEGMAFIA - HAZARD DUTY PAY!,JPEGMAFIA,thrillin thru the coughpocalypse no lymits,0
JPEGMAFIA,Alternative,2CGFU1lBdCI,JPEGMAFIA - HAZARD DUTY PAY!,JPEGMAFIA,whole video im thinking he looks like he reaks of BO,3
JPEGMAFIA,Alternative,2CGFU1lBdCI,JPEGMAFIA - HAZARD DUTY PAY!,JPEGMAFIA,"Crees que me conoces
You think you know me

Por la mañana
In the morning

Hay miedo al anochecer
There's a fear of nightfall

Cuando la oscuridad llega y cubre todo
When darkness comes and covers all

Ayy, ayy
Ayy, ayy

A veces sentimos dolor, ayy, ayyy, ayy
Sometimes we feel pain, ayy, ayyy, ayy

A veces sentimos dolor, ayy, ayyy, ayy
Sometimes we feel pain, ayy, ayyy, ayy
Uh, si cae en ese flujo, déjalos ir, ido
Uh, if he fall on that flow let 'em go, gone

Los negros no están hechos para esta página en mi arte
Niggas ain't built for this page in my art

Todo este champán puso una mancha en mi corazón
All this Champagne put a stain on my heart

No lo recojas, no está hecho para esta parte.
Don't pick him up, he ain't built for this part

Si no estuviste aquí para esos momentos bajos, camina
If you wasn't here for them lows, walk

Haz clic en mi cadera y me visto como un dios
Blick on my hip and I'm dressed like a God

Etiquetas como críticos que simplemente eligen hablar
Labels like critics just choosing to talk

Tomo una mierda y como Moisés se separan.
I take a sh- and like Moses they part

Hombre, no puedo entender lo que quieres decir (eh)
Man, I can't tell what you mean (huh)

¿Por qué tu negro me parece un negocio?
Why does your black feel like business to me?

Las mentiras de la industria nunca se alinean en la pantalla (hechos)
Industry lies never line up on screen (facts)

Peggy sigue anotando, me siento como The Dream
Peggy keep scoring, I feel like The Dream

Sí, lo que quieras, eh
Yeah, what you want, uh

A todos les encanta lo falso, he sido real desde el principio.
Y'all love the fake, I've been real from the start

Nunca dudes en dispararle a una estrella.
Never hesitate to shoot at a star

Abastecido de armas, coños y autos.
Stocked up on weapons and pussy and cars

Sólo pensé que deberías saber
Just thought you should know

Mira este carril que hice, estaba vacío
Look at this lane that I made, it was vacant

Estos negros vegetarianos a la parrilla realmente no quieren carne de res
These veggie grill niggas don't really want beef

Los verdaderos negros mueren y luego los farsantes los reemplazan
Real niggas die and then fakers replace 'em

Ahora veo mi ADN en todos ustedes.
Now I see my DNA all in y'all beats

Habla, los negros solo rapean, no respaldes lo que hablan
Talk, niggas just rap, don't back up what they talk

Oren por mí, tengo mucho humo en mi corazón.
Pray for me, got so much smoke in my heart

Rap como si tuviera talento y creciera con Dios, sí
Rap like I'm gifted and grew up on God, yeah

Shorty quiere polla (¿qué?), Dinero y apalancamiento.
Shorty want dick (what?), Money, and leverage

Uno de cada tres, me siento como tres cuando estoy en ello (skrrt)
One out of three, feel like three when I'm in it (skrrt)

Peggy la CABRA, más parecida a los federales
Peggy the GOAT, more like the feds

En cuanto me ves sabes que se acabó
As soon as you see me you know that it's finished

Y, ¿cómo puedes saber que está ganando? (¿Cómo?)
And, how can you tell that he's winnin' (How?)

Flotando durante la pandemia, sin límites
Floated right through the pandemic, no limits

Atrofiado creativamente, no tengo una visión.
Stunted creatively, don't got a vision

Muero por mi orgullo, te esconderás en trucos
I die for my pride, you be hiding in gimmicks

Glock con un interruptor convierte un vegano en espinacas (Brr)
Glock with a switch turn a vegan to spinach (Brr)

Pm-50, no estamos molestando, cenas
Pm-50, we ain't beefin', you dinner

Convierta un ""yo lo haré"" en ""¿quién lo hizo?""
Turn a ""I'll do it"" right into ""Who did it?""

Algunos no puedes hablar, solo deberías comprar un boleto
Some you can't speak, you should just buy a ticket

Asfixiarlos hasta la muerte con ese humo para este fuego
Choke 'em to death with that smoke for this fire

Dándoles esperanza a estos negros alternativos cuando muera
Giving these alt' niggas hope when I die

Llama a mi mamá y luego cuelga la línea (perra)
Call up my mama then hang up the line (bitch)

El dinero me hizo sentir mojado como si fuera tailandés, ay
Money got me feelin' wet like I'm Thai, ay

Difícil, cuando salgo, diles que Peggy no se rinde, él luchó
Hard, when I go out tell 'em Peggy ain't give up, he fought

Que se jodan
Fuck 'em
A veces sentimos dolor, ayy, ayy (eh, sucio)
Sometimes we feel pain, ayy, ayy (huh, dirty)

A veces sentimos dolor, sentimos dolor, ayy, ayy
Sometimes we feel pain, feel pain, ayy, ayy

Podemos cambiar, solo sentir dolor, ayy, ayy
We can change, just-, feel pain, ayy, ayy

A veces sentimos dolor, el día, ay
Sometimes we feel pain, the day, ay

A veces sentimos dolor, ayy, ayy
Sometimes we feel pain, ayy, ayy",2
JPEGMAFIA,Alternative,2CGFU1lBdCI,JPEGMAFIA - HAZARD DUTY PAY!,JPEGMAFIA,one of my favourite peggy songs <3,2
JPEGMAFIA,Alternative,2CGFU1lBdCI,JPEGMAFIA - HAZARD DUTY PAY!,JPEGMAFIA,Where is this even filmed at.,0
JPEGMAFIA,Alternative,2CGFU1lBdCI,JPEGMAFIA - HAZARD DUTY PAY!,JPEGMAFIA,This song live is a core memory of mine,0
JPEGMAFIA,Alternative,2CGFU1lBdCI,JPEGMAFIA - HAZARD DUTY PAY!,JPEGMAFIA,More music like this? Can’t find it.,3
JPEGMAFIA,Alternative,2CGFU1lBdCI,JPEGMAFIA - HAZARD DUTY PAY!,JPEGMAFIA,"[Intro: Marvin Winans & Anita Baker]
You think you know me
In the morning
There's a fear of nightfall
When darkness comes and covers all
Hey-ey
Sometimes we feel pain, ay, hey-ey
Sometimes we feel pain, ay, hey-ey

[Verse: JPEGMAFIA]
Uh, if he fall on that floor, let him go, gone
Niggas ain't built for this page in my arc
All this Champagne put a stain on my heart
Don't pick him up, he ain't built for this part
If you wasn't here for them lows, walk
Blick on my hip and I'm dressed like a God
Labels like burners, just use 'em to toss
I take a shot and like Moses they part
Man, I can't tell what you mean (Huh)
Why does your black feel like business to me?
Industry lies never line up on screen (Facts)
Peggy keep scoring, I feel like the Dream
Yeah, what you want, ugh
Y'all love the fake, I've been real from the start
Never hesitate to shoot at a star
Stocked up on weapons and pussy and cars
Just thought you should know, ugh
Look at this lane that I made, it was vacant
These veggie grill niggas don't really want beef
Real niggas dying and fakers replace 'em
Now I see my DNA all in y'all beats
Talk, niggas just rap, don't back up what they talk
Pray for me, got so much smoke in my heart
Rap like I'm gifted and grew up on guard, yeah
Shorty want dick (What?), money, and leverage
One out of three, feel like three when I'm in it (Skrrt)
Peggy the G.O.A.T., more like the feds
As soon as you see me you know that it's finished
And, how can you tell that he's winnin'? (How?)
Floated right through the pandemic, no limits
Stunted creatively, don't got a vision
I die for my pride, you be hiding in gimmicks
Glock with a switch, turn a vegan to spinach (Brrt)
PM-50, we ain't beefin', you dinner
Turn a ""I'll do it"" right into ""Who did it?""
Some you can't speak, you should just buy a ticket
Choke 'em to death with the smoke from this fye
Giving these alt niggas hope when I die
Call up my mama then hang up the line (Bitch)
Money got me feelin' white like I'm Ty
Hawk!
When I go out tell 'em Peggy ain't give up, he fought, fuck 'em!

[Outro: Anita Baker & JPEGMAFIA]
Sometimes we feel pain, (Huh, dirty) ay, hey-ey
Sometimes we feel pain-feel pain-hey-ey
We can change, just we feel pain, ay, hey-ey
Sometimes we feel pain, the day, ay
Oo, sometimes we feel pain, ay, hey-ey",0
JPEGMAFIA,Alternative,2CGFU1lBdCI,JPEGMAFIA - HAZARD DUTY PAY!,JPEGMAFIA,HARDEST BEAT EVER,4
JPEGMAFIA,Alternative,2CGFU1lBdCI,JPEGMAFIA - HAZARD DUTY PAY!,JPEGMAFIA,this shit is genuine x10,0
JPEGMAFIA,Alternative,2CGFU1lBdCI,JPEGMAFIA - HAZARD DUTY PAY!,JPEGMAFIA,I love this man so much XD,0
JPEGMAFIA,Alternative,2CGFU1lBdCI,JPEGMAFIA - HAZARD DUTY PAY!,JPEGMAFIA,This shit rugged legendary ❤ im late but igdaf.,1
JPEGMAFIA,Alternative,2CGFU1lBdCI,JPEGMAFIA - HAZARD DUTY PAY!,JPEGMAFIA,Bruh how has it been 2 years since this dropped,0
JPEGMAFIA,Alternative,2CGFU1lBdCI,JPEGMAFIA - HAZARD DUTY PAY!,JPEGMAFIA,Kanye Legacy 😌,0
JPEGMAFIA,Alternative,2CGFU1lBdCI,JPEGMAFIA - HAZARD DUTY PAY!,JPEGMAFIA,If MidJourney made a music video,2
JPEGMAFIA,Alternative,2CGFU1lBdCI,JPEGMAFIA - HAZARD DUTY PAY!,JPEGMAFIA,its so crazy to me this is only like barley 2 years old,1
JPEGMAFIA,Alternative,2CGFU1lBdCI,JPEGMAFIA - HAZARD DUTY PAY!,JPEGMAFIA,I dance like Peggy lmfao,0
JPEGMAFIA,Alternative,2CGFU1lBdCI,JPEGMAFIA - HAZARD DUTY PAY!,JPEGMAFIA,felt like yesterday when this came out,17
JPEGMAFIA,Alternative,2CGFU1lBdCI,JPEGMAFIA - HAZARD DUTY PAY!,JPEGMAFIA,Idk how to explain it but I can only listen to this song in the fall/winter just sum about it,1
JPEGMAFIA,Alternative,2CGFU1lBdCI,JPEGMAFIA - HAZARD DUTY PAY!,JPEGMAFIA,Okay wtf is this 😆,0
JPEGMAFIA,Alternative,2CGFU1lBdCI,JPEGMAFIA - HAZARD DUTY PAY!,JPEGMAFIA,that intro sample from the edge's intro song damn,2
JPEGMAFIA,Alternative,2CGFU1lBdCI,JPEGMAFIA - HAZARD DUTY PAY!,JPEGMAFIA,🎉🎉🎉,0
JPEGMAFIA,Alternative,2CGFU1lBdCI,JPEGMAFIA - HAZARD DUTY PAY!,JPEGMAFIA,🐀💎,0
JPEGMAFIA,Alternative,2CGFU1lBdCI,JPEGMAFIA - HAZARD DUTY PAY!,JPEGMAFIA,This A Real 💎,1
JPEGMAFIA,Alternative,2CGFU1lBdCI,JPEGMAFIA - HAZARD DUTY PAY!,JPEGMAFIA,"Посмотрел в 4к, кайфанул! Спасибо",1
JPEGMAFIA,Alternative,2CGFU1lBdCI,JPEGMAFIA - HAZARD DUTY PAY!,JPEGMAFIA,Nah. Swear I heard this as a kid. Flatbush Zombies. I come from Drake era.,0
JPEGMAFIA,Alternative,2CGFU1lBdCI,JPEGMAFIA - HAZARD DUTY PAY!,JPEGMAFIA,the music videos for the next record should be shot on a gba camera,1
JPEGMAFIA,Alternative,2CGFU1lBdCI,JPEGMAFIA - HAZARD DUTY PAY!,JPEGMAFIA,dope,0
JPEGMAFIA,Alternative,2CGFU1lBdCI,JPEGMAFIA - HAZARD DUTY PAY!,JPEGMAFIA,thank you peggy,0
JPEGMAFIA,Alternative,2CGFU1lBdCI,JPEGMAFIA - HAZARD DUTY PAY!,JPEGMAFIA,I'll never forget that empty city bro oh and friends of foreign wars dog I know I've said it but it gets less blurry 🐝 at the address there's a house with a face hop a fence,2
JPEGMAFIA,Alternative,2CGFU1lBdCI,JPEGMAFIA - HAZARD DUTY PAY!,JPEGMAFIA,insane how hard this goes,7
JPEGMAFIA,Alternative,2CGFU1lBdCI,JPEGMAFIA - HAZARD DUTY PAY!,JPEGMAFIA,Biden stole 2020,1
JPEGMAFIA,Alternative,2CGFU1lBdCI,JPEGMAFIA - HAZARD DUTY PAY!,JPEGMAFIA,I listen to Oloff when I'm experiencing existential dread. It makes it worse but... I just can't stop.,1
JPEGMAFIA,Alternative,2CGFU1lBdCI,JPEGMAFIA - HAZARD DUTY PAY!,JPEGMAFIA,My favourite part is when he starts skipping.,4
JPEGMAFIA,Alternative,2CGFU1lBdCI,JPEGMAFIA - HAZARD DUTY PAY!,JPEGMAFIA,I’m in love with this song! On repeat repeatedly❤❤❤❤,9
JPEGMAFIA,Alternative,2CGFU1lBdCI,JPEGMAFIA - HAZARD DUTY PAY!,JPEGMAFIA,Fire💥,0
JPEGMAFIA,Alternative,2CGFU1lBdCI,JPEGMAFIA - HAZARD DUTY PAY!,JPEGMAFIA,BARRINGTON DEVAUGHN HENDRICKS GET HERE RIIIIIGHT NOW,0
JPEGMAFIA,Alternative,2CGFU1lBdCI,JPEGMAFIA - HAZARD DUTY PAY!,JPEGMAFIA,"This is the shittiest looking 4k video I have ever seen, I love it.",1
JPEGMAFIA,Alternative,2CGFU1lBdCI,JPEGMAFIA - HAZARD DUTY PAY!,JPEGMAFIA,1:33,0
JPEGMAFIA,Alternative,2CGFU1lBdCI,JPEGMAFIA - HAZARD DUTY PAY!,JPEGMAFIA,That fucking bass,0
JPEGMAFIA,Alternative,2CGFU1lBdCI,JPEGMAFIA - HAZARD DUTY PAY!,JPEGMAFIA,Does anyone know where this sample is from?,0
JPEGMAFIA,Alternative,2CGFU1lBdCI,JPEGMAFIA - HAZARD DUTY PAY!,JPEGMAFIA,2:00 dirty,6
JPEGMAFIA,Alternative,2CGFU1lBdCI,JPEGMAFIA - HAZARD DUTY PAY!,JPEGMAFIA,I had a song come out today and they suggested this on spotify when I was building a playlist.. Bruh this shit hard!! I'm gonna end the summer killing this shit!! Keep this energy! 💯,2
JPEGMAFIA,Alternative,2CGFU1lBdCI,JPEGMAFIA - HAZARD DUTY PAY!,JPEGMAFIA,Unreal,4
JPEGMAFIA,Alternative,2CGFU1lBdCI,JPEGMAFIA - HAZARD DUTY PAY!,JPEGMAFIA,One of the best rap songs I’ve heard in a while,16
JPEGMAFIA,Alternative,2CGFU1lBdCI,JPEGMAFIA - HAZARD DUTY PAY!,JPEGMAFIA,egy fos,1
JPEGMAFIA,Alternative,2CGFU1lBdCI,JPEGMAFIA - HAZARD DUTY PAY!,JPEGMAFIA,sometimes we feel pain!!!,5
JPEGMAFIA,Alternative,2CGFU1lBdCI,JPEGMAFIA - HAZARD DUTY PAY!,JPEGMAFIA,"whenever i listen to this song with headphones it never fails to trick me into thinking someone in the other room is calling my name, really adds to the experience.",6
JPEGMAFIA,Alternative,2CGFU1lBdCI,JPEGMAFIA - HAZARD DUTY PAY!,JPEGMAFIA,du skatear inte ens,0
JPEGMAFIA,Alternative,2CGFU1lBdCI,JPEGMAFIA - HAZARD DUTY PAY!,JPEGMAFIA,Fya,1
JPEGMAFIA,Alternative,2CGFU1lBdCI,JPEGMAFIA - HAZARD DUTY PAY!,JPEGMAFIA,😊,0
JPEGMAFIA,Alternative,2CGFU1lBdCI,JPEGMAFIA - HAZARD DUTY PAY!,JPEGMAFIA,A woman who made me fall in love with her sent me this,1
JPEGMAFIA,Alternative,2CGFU1lBdCI,JPEGMAFIA - HAZARD DUTY PAY!,JPEGMAFIA,im gonna miss you an dannys show this august and im so upset,0
JPEGMAFIA,Alternative,2CGFU1lBdCI,JPEGMAFIA - HAZARD DUTY PAY!,JPEGMAFIA,First time hearing/seeing this! How do you blend in WWE Edge's intro to his theme song....with an late-80s Gospel/R&B classic by Anita Baker and the Winans?!?!? Lmao,5
JPEGMAFIA,Alternative,2CGFU1lBdCI,JPEGMAFIA - HAZARD DUTY PAY!,JPEGMAFIA,My mom says your music has so much soul.,73
JPEGMAFIA,Alternative,2CGFU1lBdCI,JPEGMAFIA - HAZARD DUTY PAY!,JPEGMAFIA,The instrumental single handedly cured my sadness today,8
JPEGMAFIA,Alternative,2CGFU1lBdCI,JPEGMAFIA - HAZARD DUTY PAY!,JPEGMAFIA,bagulho de v iado  do carai,0
JPEGMAFIA,Alternative,2CGFU1lBdCI,JPEGMAFIA - HAZARD DUTY PAY!,JPEGMAFIA,I dont know wether this is ahead of it's time or before its time,1
JPEGMAFIA,Alternative,2CGFU1lBdCI,JPEGMAFIA - HAZARD DUTY PAY!,JPEGMAFIA,❤,0
JPEGMAFIA,Alternative,2CGFU1lBdCI,JPEGMAFIA - HAZARD DUTY PAY!,JPEGMAFIA,"tbh,this is the first time i listen to jpegmafia,so i expect more bangers like this",8
JPEGMAFIA,Alternative,2CGFU1lBdCI,JPEGMAFIA - HAZARD DUTY PAY!,JPEGMAFIA,I think this will probably be remembered as one of the greatest hip hop songs of all time,26
JPEGMAFIA,Alternative,2CGFU1lBdCI,JPEGMAFIA - HAZARD DUTY PAY!,JPEGMAFIA,Hazard duty pay dab at it,0
JPEGMAFIA,Alternative,2CGFU1lBdCI,JPEGMAFIA - HAZARD DUTY PAY!,JPEGMAFIA,The real girls were dieing and fakes replaced them dooplegangers see what he's saying,2
JPEGMAFIA,Alternative,2CGFU1lBdCI,JPEGMAFIA - HAZARD DUTY PAY!,JPEGMAFIA,"This sampling is insane and makes you feel uncomfortable/uneasy due to how different and weird it is, wow",1
JPEGMAFIA,Alternative,2CGFU1lBdCI,JPEGMAFIA - HAZARD DUTY PAY!,JPEGMAFIA,A big wake up call like us standing on that parking garage talking about a empty city 🔱,0
JPEGMAFIA,Alternative,2CGFU1lBdCI,JPEGMAFIA - HAZARD DUTY PAY!,JPEGMAFIA,great job mc ride,7
JPEGMAFIA,Alternative,2CGFU1lBdCI,JPEGMAFIA - HAZARD DUTY PAY!,JPEGMAFIA,this my fav,1
JPEGMAFIA,Alternative,2CGFU1lBdCI,JPEGMAFIA - HAZARD DUTY PAY!,JPEGMAFIA,sometimes we feel pain,2
JPEGMAFIA,Alternative,2CGFU1lBdCI,JPEGMAFIA - HAZARD DUTY PAY!,JPEGMAFIA,sugar this is a really good song!,0
JPEGMAFIA,Alternative,2CGFU1lBdCI,JPEGMAFIA - HAZARD DUTY PAY!,JPEGMAFIA,"What does everybody want!? Head, head, head. Head",0
JPEGMAFIA,Alternative,2CGFU1lBdCI,JPEGMAFIA - HAZARD DUTY PAY!,JPEGMAFIA,On that day you talking about finding that one piece Kawasaki suit thrifty G,0
JPEGMAFIA,Alternative,2CGFU1lBdCI,JPEGMAFIA - HAZARD DUTY PAY!,JPEGMAFIA,ThIs has Thundercat elements to it 🔥,1
JPEGMAFIA,Alternative,2CGFU1lBdCI,JPEGMAFIA - HAZARD DUTY PAY!,JPEGMAFIA,i remember hearin the sample in 2012 when i used to come home from church lol,0
JPEGMAFIA,Alternative,2CGFU1lBdCI,JPEGMAFIA - HAZARD DUTY PAY!,JPEGMAFIA,MF DOOM N SEAN PRICE would have loved this shit imo RIP TO THE GREATS,5
JPEGMAFIA,Alternative,2CGFU1lBdCI,JPEGMAFIA - HAZARD DUTY PAY!,JPEGMAFIA,Where did they film this? The entire place looks like a ghost town.,6
JPEGMAFIA,Alternative,2CGFU1lBdCI,JPEGMAFIA - HAZARD DUTY PAY!,JPEGMAFIA,Dope song + video with crappy camera = The peggy formula,5
JPEGMAFIA,Alternative,2CGFU1lBdCI,JPEGMAFIA - HAZARD DUTY PAY!,JPEGMAFIA,"his mild bars hit SO hard, he knows he just gotta grab attention and his work will carry him the rest of the way. be eccentric, be noteworthy, but riff real in between and thats it. thats the recipe. get a relatable hook and be real. thats all we ask",2
JPEGMAFIA,Alternative,2CGFU1lBdCI,JPEGMAFIA - HAZARD DUTY PAY!,JPEGMAFIA,Ayo UZI give this Genius Swag back,0
JPEGMAFIA,Alternative,2CGFU1lBdCI,JPEGMAFIA - HAZARD DUTY PAY!,JPEGMAFIA,Words cannot explain just….DIRTY,0
JPEGMAFIA,Alternative,2CGFU1lBdCI,JPEGMAFIA - HAZARD DUTY PAY!,JPEGMAFIA,peggy i love your music i just did five lines of diet crack to emotion side b,1
JPEGMAFIA,Alternative,2CGFU1lBdCI,JPEGMAFIA - HAZARD DUTY PAY!,JPEGMAFIA,"If you mute the audio on this video, is there a difference between this and Viper's videos?😂",1
JPEGMAFIA,Alternative,2CGFU1lBdCI,JPEGMAFIA - HAZARD DUTY PAY!,JPEGMAFIA,Dam Alright,0
JPEGMAFIA,Alternative,2CGFU1lBdCI,JPEGMAFIA - HAZARD DUTY PAY!,JPEGMAFIA,They wasn't there 4 the long walk......,1
JPEGMAFIA,Alternative,2CGFU1lBdCI,JPEGMAFIA - HAZARD DUTY PAY!,JPEGMAFIA,ahhhh the inspiration for the hillbillies video,5
JPEGMAFIA,Alternative,2CGFU1lBdCI,JPEGMAFIA - HAZARD DUTY PAY!,JPEGMAFIA,He still stuck in the 80s lol,0
JPEGMAFIA,Alternative,2CGFU1lBdCI,JPEGMAFIA - HAZARD DUTY PAY!,JPEGMAFIA,ilysm,0
JPEGMAFIA,Alternative,2CGFU1lBdCI,JPEGMAFIA - HAZARD DUTY PAY!,JPEGMAFIA,How do we meet? I want to make music with you JPEGMAFIA. This shit is awesome,1
JPEGMAFIA,Alternative,2CGFU1lBdCI,JPEGMAFIA - HAZARD DUTY PAY!,JPEGMAFIA,he got ball in his bellybutton,0
JPEGMAFIA,Alternative,2CGFU1lBdCI,JPEGMAFIA - HAZARD DUTY PAY!,JPEGMAFIA,i fw your shit mr pegging,0
JPEGMAFIA,Alternative,2CGFU1lBdCI,JPEGMAFIA - HAZARD DUTY PAY!,JPEGMAFIA,"Hazard duty pay freestyle 

https://youtu.be/QlDClvIBvAw",0
JPEGMAFIA,Alternative,2CGFU1lBdCI,JPEGMAFIA - HAZARD DUTY PAY!,JPEGMAFIA,The empty city,2
JPEGMAFIA,Alternative,2CGFU1lBdCI,JPEGMAFIA - HAZARD DUTY PAY!,JPEGMAFIA,this camera is ass and I love it,1
JPEGMAFIA,Alternative,2CGFU1lBdCI,JPEGMAFIA - HAZARD DUTY PAY!,JPEGMAFIA,Where was this filmed at?,0
JPEGMAFIA,Alternative,2CGFU1lBdCI,JPEGMAFIA - HAZARD DUTY PAY!,JPEGMAFIA,This sounds like a noise,1
JPEGMAFIA,Alternative,2CGFU1lBdCI,JPEGMAFIA - HAZARD DUTY PAY!,JPEGMAFIA,"This guy is truly becoming a huge inspiration. I wanna be that free. I wanna make music like this. Free. My own shit. Not care what anyone thinks. But have the acceptance and love. I just feel I've always missed that. A part of me sees me wasting time and seeing my dreams slip away. It's so hard. Just do it they say. I'm turning 31. They were right. You hit 30 and it's like they take the soul out you. You have less fight in you. But I wasted my years and went through so much shit that there was no way to do anything. Only now. But how do I change. I dunno. So many obstacles. All created in my head likely.... I can't explain it other than in Danny's words ""I'm not suppose to be here"" lol. I feel out of place. Like I'm pretending.",4
JPEGMAFIA,Alternative,2CGFU1lBdCI,JPEGMAFIA - HAZARD DUTY PAY!,JPEGMAFIA,This is amazing. I'm a new fan. Is this a single only? Don't think it's on any album or EP. Am I wrong or just too high?,1
JPEGMAFIA,Alternative,2CGFU1lBdCI,JPEGMAFIA - HAZARD DUTY PAY!,JPEGMAFIA,),0
JPEGMAFIA,Alternative,2CGFU1lBdCI,JPEGMAFIA - HAZARD DUTY PAY!,JPEGMAFIA,good song jpegmafia I thumb-up the video god bless,1
JPEGMAFIA,Alternative,2CGFU1lBdCI,JPEGMAFIA - HAZARD DUTY PAY!,JPEGMAFIA,,0
JPEGMAFIA,Alternative,2CGFU1lBdCI,JPEGMAFIA - HAZARD DUTY PAY!,JPEGMAFIA,beautiful,0
JPEGMAFIA,Alternative,2CGFU1lBdCI,JPEGMAFIA - HAZARD DUTY PAY!,JPEGMAFIA,This is america *android quality*,0
JPEGMAFIA,Alternative,2CGFU1lBdCI,JPEGMAFIA - HAZARD DUTY PAY!,JPEGMAFIA,This a great morning workout song .. had to put this on repeat  to finish my last 10 mins running on the treadmill,1
JPEGMAFIA,Alternative,2CGFU1lBdCI,JPEGMAFIA - HAZARD DUTY PAY!,JPEGMAFIA,videography in this is hard asl; vibe is definitely there,1
JPEGMAFIA,Alternative,2CGFU1lBdCI,JPEGMAFIA - HAZARD DUTY PAY!,JPEGMAFIA,FIRE!!!!,0
JPEGMAFIA,Alternative,2CGFU1lBdCI,JPEGMAFIA - HAZARD DUTY PAY!,JPEGMAFIA,"This is a masterpiece and the video makes me feel some type of way, man this is fucking high art.",1
JPEGMAFIA,Alternative,2CGFU1lBdCI,JPEGMAFIA - HAZARD DUTY PAY!,JPEGMAFIA,"it's crazy how peggy handles literally every aspect of his creative process personally, he even built the camera himself. that's dedication.",7156
JPEGMAFIA,Alternative,2CGFU1lBdCI,JPEGMAFIA - HAZARD DUTY PAY!,JPEGMAFIA,average homeless man when finds crack,9
JPEGMAFIA,Alternative,2CGFU1lBdCI,JPEGMAFIA - HAZARD DUTY PAY!,JPEGMAFIA,long live barrington,2
JPEGMAFIA,Alternative,2CGFU1lBdCI,JPEGMAFIA - HAZARD DUTY PAY!,JPEGMAFIA,why does your black feel like business to me... ahhh,1
JPEGMAFIA,Alternative,2CGFU1lBdCI,JPEGMAFIA - HAZARD DUTY PAY!,JPEGMAFIA,I forgot about this masterpiece ❤,1
JPEGMAFIA,Alternative,2CGFU1lBdCI,JPEGMAFIA - HAZARD DUTY PAY!,JPEGMAFIA,"WHEN I GO OUT TELL EM PEGGY AIN'T GIVE UP, HE FOUGHT, FUCK EM! ❤",1
JPEGMAFIA,Alternative,2CGFU1lBdCI,JPEGMAFIA - HAZARD DUTY PAY!,JPEGMAFIA,Who knew Gospel samples could be dope...Salute Anita Baker.,0
JPEGMAFIA,Alternative,2CGFU1lBdCI,JPEGMAFIA - HAZARD DUTY PAY!,JPEGMAFIA,This song makes me want to parkour on skyscrapers,1
JPEGMAFIA,Alternative,2CGFU1lBdCI,JPEGMAFIA - HAZARD DUTY PAY!,JPEGMAFIA,😍🤩🤴🏽,0
JPEGMAFIA,Alternative,2CGFU1lBdCI,JPEGMAFIA - HAZARD DUTY PAY!,JPEGMAFIA,This is one those songs that will stick with me forever. I knocked my khmer girlfriend up while living and teaching English in the middle of a super rural village in Cambodia. I remember just walking to school every morning through the village listening to this song on repeat being both hopeful yet extremely overwhelmed and stressed for the future. I'll always associate this song with that little village I was living in at that time a few months ago. I discovered this song in october but it's already one of the most nostalgic songs ever to me,16
JPEGMAFIA,Alternative,2CGFU1lBdCI,JPEGMAFIA - HAZARD DUTY PAY!,JPEGMAFIA,This Video is what it feels like to listen to peggy while walking,3
JPEGMAFIA,Alternative,2CGFU1lBdCI,JPEGMAFIA - HAZARD DUTY PAY!,JPEGMAFIA,bruhh..the basss,0
JPEGMAFIA,Alternative,2CGFU1lBdCI,JPEGMAFIA - HAZARD DUTY PAY!,JPEGMAFIA,i have the same stones shirt as jpegmafia,0
JPEGMAFIA,Alternative,2CGFU1lBdCI,JPEGMAFIA - HAZARD DUTY PAY!,JPEGMAFIA,"dyou ever hear something for the first time, then rewind it and listen to it another 12 times?
that just happened to me. great fking beat",3
JPEGMAFIA,Alternative,2CGFU1lBdCI,JPEGMAFIA - HAZARD DUTY PAY!,JPEGMAFIA,Kind of ironic how he hates white people but 90% of his fans are white. 😂😂😂,5
JPEGMAFIA,Alternative,2CGFU1lBdCI,JPEGMAFIA - HAZARD DUTY PAY!,JPEGMAFIA,genuinely one of the best songs of all time,3
JPEGMAFIA,Alternative,2CGFU1lBdCI,JPEGMAFIA - HAZARD DUTY PAY!,JPEGMAFIA,"Siempre me saca una sonrisa escuchar esto, no importa que tan jodido este, te amo ppeeggyy",2
JPEGMAFIA,Alternative,2CGFU1lBdCI,JPEGMAFIA - HAZARD DUTY PAY!,JPEGMAFIA,remind me of Delusional Thomas,0
JPEGMAFIA,Alternative,2CGFU1lBdCI,JPEGMAFIA - HAZARD DUTY PAY!,JPEGMAFIA,"PEGGY! Dude you really for the outcasts, love your shit man. Hope to vibe with you someday.",0
JPEGMAFIA,Alternative,2CGFU1lBdCI,JPEGMAFIA - HAZARD DUTY PAY!,JPEGMAFIA,This sample is insane bruh wtf. I'm addicted!,0
JPEGMAFIA,Alternative,2CGFU1lBdCI,JPEGMAFIA - HAZARD DUTY PAY!,JPEGMAFIA,this is also fucking sick,0
JPEGMAFIA,Alternative,2CGFU1lBdCI,JPEGMAFIA - HAZARD DUTY PAY!,JPEGMAFIA,That Edge intro Sample is everything.. please watch this in 144p,0
JPEGMAFIA,Alternative,2CGFU1lBdCI,JPEGMAFIA - HAZARD DUTY PAY!,JPEGMAFIA,peggy being the goat of sampling as usual 👑,1
JPEGMAFIA,Alternative,2CGFU1lBdCI,JPEGMAFIA - HAZARD DUTY PAY!,JPEGMAFIA,Love the 90s camcorder look.,1
JPEGMAFIA,Alternative,2CGFU1lBdCI,JPEGMAFIA - HAZARD DUTY PAY!,JPEGMAFIA,JPEG had this beat back in May 2020! Sat on this for a while. Check this out: https://youtu.be/4f77X4csU98?t=78,1
JPEGMAFIA,Alternative,2CGFU1lBdCI,JPEGMAFIA - HAZARD DUTY PAY!,JPEGMAFIA,KD reposting this in his story is actually insane,71
JPEGMAFIA,Alternative,2CGFU1lBdCI,JPEGMAFIA - HAZARD DUTY PAY!,JPEGMAFIA,"I met Oloff at a supermarket once and asked him ''How did you write Bad Stuff?'' he didn't answer, he was too busy paying for his asparagus.",1
JPEGMAFIA,Alternative,2CGFU1lBdCI,JPEGMAFIA - HAZARD DUTY PAY!,JPEGMAFIA,ǝɟᴉl ʎɯ pǝƃuɐɥɔ ɟɟolO ¯_(ツ)_/¯ Oloff changed my life,1
JPEGMAFIA,Alternative,2CGFU1lBdCI,JPEGMAFIA - HAZARD DUTY PAY!,JPEGMAFIA,"I listen to Bad Stuff by Oloff whenever I need therapy. Yeah, I could pay $300 an hour for some college clown to tell me what to feel, or I could just smash great big fucking coconuts on my head and listen to my favourite song over and over again.",1
JPEGMAFIA,Alternative,2CGFU1lBdCI,JPEGMAFIA - HAZARD DUTY PAY!,JPEGMAFIA,"Rumour has it that one time Oloff was sat next to Jar Jar Binks on a flight. Jar Jar kept kicking the chair in front of him and generally being obnoxious, nobody knew what to do. Eventually one of the flight attendants came over and asked Oloff if he would perform one of his songs to calm Jar Jar down, and when Oloff began rapping the first verse to Bad Stuff, Jar Jar immediately relaxed. To this day the two are still close friends.",1
JPEGMAFIA,Alternative,2CGFU1lBdCI,JPEGMAFIA - HAZARD DUTY PAY!,JPEGMAFIA,Hard,0
JPEGMAFIA,Alternative,2CGFU1lBdCI,JPEGMAFIA - HAZARD DUTY PAY!,JPEGMAFIA,"literally peggy's best song, no other song gets me hyped like this one",0
JPEGMAFIA,Alternative,2CGFU1lBdCI,JPEGMAFIA - HAZARD DUTY PAY!,JPEGMAFIA,I love this song it makes me feel exactly like whatever stupid shit Peggy is doing in this video,0
JPEGMAFIA,Alternative,2CGFU1lBdCI,JPEGMAFIA - HAZARD DUTY PAY!,JPEGMAFIA,"Peggy is something special....crazy originality, dope ass production, sharp lyrics and flows",0
JPEGMAFIA,Alternative,2CGFU1lBdCI,JPEGMAFIA - HAZARD DUTY PAY!,JPEGMAFIA,Song goes hard at the grocery store,1
JPEGMAFIA,Alternative,2CGFU1lBdCI,JPEGMAFIA - HAZARD DUTY PAY!,JPEGMAFIA,classica pprt,0
JPEGMAFIA,Alternative,2CGFU1lBdCI,JPEGMAFIA - HAZARD DUTY PAY!,JPEGMAFIA,Im impressed,1
JPEGMAFIA,Alternative,2CGFU1lBdCI,JPEGMAFIA - HAZARD DUTY PAY!,JPEGMAFIA,1:16 😂 🤣🔥,1
JPEGMAFIA,Alternative,2CGFU1lBdCI,JPEGMAFIA - HAZARD DUTY PAY!,JPEGMAFIA,this cured my depression,0
JPEGMAFIA,Alternative,2CGFU1lBdCI,JPEGMAFIA - HAZARD DUTY PAY!,JPEGMAFIA,Song title only military people would understand 💯,0
JPEGMAFIA,Alternative,2CGFU1lBdCI,JPEGMAFIA - HAZARD DUTY PAY!,JPEGMAFIA,saw this guy live... did his damn thing,0
JPEGMAFIA,Alternative,2CGFU1lBdCI,JPEGMAFIA - HAZARD DUTY PAY!,JPEGMAFIA,New to this artist. Man this is hella dope,0
JPEGMAFIA,Alternative,2CGFU1lBdCI,JPEGMAFIA - HAZARD DUTY PAY!,JPEGMAFIA,Murderer,0
JPEGMAFIA,Alternative,2CGFU1lBdCI,JPEGMAFIA - HAZARD DUTY PAY!,JPEGMAFIA,this is the best song,0
JPEGMAFIA,Alternative,2CGFU1lBdCI,JPEGMAFIA - HAZARD DUTY PAY!,JPEGMAFIA,It says im watching in 4k. hmmm,0
JPEGMAFIA,Alternative,2CGFU1lBdCI,JPEGMAFIA - HAZARD DUTY PAY!,JPEGMAFIA,the best music video of all time,1
JPEGMAFIA,Alternative,2CGFU1lBdCI,JPEGMAFIA - HAZARD DUTY PAY!,JPEGMAFIA,"Checking in from the danny brown show, shit flames!!!!!!!!!!!",1
JPEGMAFIA,Alternative,2CGFU1lBdCI,JPEGMAFIA - HAZARD DUTY PAY!,JPEGMAFIA,I showed my friends this. They turned into pngs.,1
JPEGMAFIA,Alternative,2CGFU1lBdCI,JPEGMAFIA - HAZARD DUTY PAY!,JPEGMAFIA,No edge sneaking into the song,0
JPEGMAFIA,Alternative,2CGFU1lBdCI,JPEGMAFIA - HAZARD DUTY PAY!,JPEGMAFIA,My best in the album,0
JPEGMAFIA,Alternative,2CGFU1lBdCI,JPEGMAFIA - HAZARD DUTY PAY!,JPEGMAFIA,I love peggys dance,0
JPEGMAFIA,Alternative,2CGFU1lBdCI,JPEGMAFIA - HAZARD DUTY PAY!,JPEGMAFIA,Imagine this guy dancing around like this at rolling loud 😂 🔥🔥🔥,0
JPEGMAFIA,Alternative,2CGFU1lBdCI,JPEGMAFIA - HAZARD DUTY PAY!,JPEGMAFIA,The vintage camera the beat the flow 😂 why have I seen this dude but never checked him out,0
JPEGMAFIA,Alternative,2CGFU1lBdCI,JPEGMAFIA - HAZARD DUTY PAY!,JPEGMAFIA,The only flaw with this song is that it ends.,3
JPEGMAFIA,Alternative,2CGFU1lBdCI,JPEGMAFIA - HAZARD DUTY PAY!,JPEGMAFIA,damn death grips are getting better and better!,2
JPEGMAFIA,Alternative,2CGFU1lBdCI,JPEGMAFIA - HAZARD DUTY PAY!,JPEGMAFIA,good song slappin soo mutch im 50yo granny,0
JPEGMAFIA,Alternative,2CGFU1lBdCI,JPEGMAFIA - HAZARD DUTY PAY!,JPEGMAFIA,Peggy... man... your music is great and the more I hear the more I can't wait to see whatever you have in store for us coming up.,1
JPEGMAFIA,Alternative,2CGFU1lBdCI,JPEGMAFIA - HAZARD DUTY PAY!,JPEGMAFIA,"“shawty want dick ,money, and leverage, 1 out of 3, feel like three when im in it”😮this shit was the hardest shit ever to me😭",4
JPEGMAFIA,Alternative,2CGFU1lBdCI,JPEGMAFIA - HAZARD DUTY PAY!,JPEGMAFIA,Listening to this is full volume is just PERFECT,4
JPEGMAFIA,Alternative,2CGFU1lBdCI,JPEGMAFIA - HAZARD DUTY PAY!,JPEGMAFIA,switched to 144p to watch it in all its glory,1
JPEGMAFIA,Alternative,2CGFU1lBdCI,JPEGMAFIA - HAZARD DUTY PAY!,JPEGMAFIA,nigga so fye,1
JPEGMAFIA,Alternative,2CGFU1lBdCI,JPEGMAFIA - HAZARD DUTY PAY!,JPEGMAFIA,"Can someone explain ""Glock got a switch turn these vegans into spinach"" thxs",2
JPEGMAFIA,Alternative,2CGFU1lBdCI,JPEGMAFIA - HAZARD DUTY PAY!,JPEGMAFIA,Miss you cuzzzzzz,0
JPEGMAFIA,Alternative,2CGFU1lBdCI,JPEGMAFIA - HAZARD DUTY PAY!,JPEGMAFIA,Real mother fucker a friend of a foreign war...... thought you should know at that address theres a house with a face .....,2
JPEGMAFIA,Alternative,2CGFU1lBdCI,JPEGMAFIA - HAZARD DUTY PAY!,JPEGMAFIA,SZTOS,0
JPEGMAFIA,Alternative,2CGFU1lBdCI,JPEGMAFIA - HAZARD DUTY PAY!,JPEGMAFIA,Incredible,1
JPEGMAFIA,Alternative,2CGFU1lBdCI,JPEGMAFIA - HAZARD DUTY PAY!,JPEGMAFIA,It's Valentine's day and I'm living single. Thank you Peggy. s/o from 🇿🇦,2
JPEGMAFIA,Alternative,2CGFU1lBdCI,JPEGMAFIA - HAZARD DUTY PAY!,JPEGMAFIA,masterpiece song,1
JPEGMAFIA,Alternative,2CGFU1lBdCI,JPEGMAFIA - HAZARD DUTY PAY!,JPEGMAFIA,🔥🔥🔥🔥🔥🔥🔥🔥🔥🔥,0
JPEGMAFIA,Alternative,2CGFU1lBdCI,JPEGMAFIA - HAZARD DUTY PAY!,JPEGMAFIA,this beat goes so fucken crazy,1
JPEGMAFIA,Alternative,RBlRmwRVBpM,JPEGMAFIA - BALD!,JPEGMAFIA,why,0
JPEGMAFIA,Alternative,RBlRmwRVBpM,JPEGMAFIA - BALD!,JPEGMAFIA,i've always wanted that ps sweater,1
JPEGMAFIA,Alternative,RBlRmwRVBpM,JPEGMAFIA - BALD!,JPEGMAFIA,I MISS THE OLD PEGGY,5
JPEGMAFIA,Alternative,RBlRmwRVBpM,JPEGMAFIA - BALD!,JPEGMAFIA,"straigjht up pegging my shit rn omgf  im so on that jpeg shit holy shit ridge racer type photoshop jpeg shit man, youll be big someday, kid",2
JPEGMAFIA,Alternative,RBlRmwRVBpM,JPEGMAFIA - BALD!,JPEGMAFIA,first peg song i listened to,3
JPEGMAFIA,Alternative,RBlRmwRVBpM,JPEGMAFIA - BALD!,JPEGMAFIA,Ебать у меня ютуб без впн заработал,3
JPEGMAFIA,Alternative,RBlRmwRVBpM,JPEGMAFIA - BALD!,JPEGMAFIA,Here after Peggy stopped being BALD!,3
JPEGMAFIA,Alternative,RBlRmwRVBpM,JPEGMAFIA - BALD!,JPEGMAFIA,I wanna play R4 again,1
JPEGMAFIA,Alternative,RBlRmwRVBpM,JPEGMAFIA - BALD!,JPEGMAFIA,"But im not even bald, im not even bald 🔥",0
JPEGMAFIA,Alternative,RBlRmwRVBpM,JPEGMAFIA - BALD!,JPEGMAFIA,Oí love how I love Jpegmafia for blacked out drunk in this video & kept the footage in there lol,0
JPEGMAFIA,Alternative,RBlRmwRVBpM,JPEGMAFIA - BALD!,JPEGMAFIA,Blue - Eifel 65,0
JPEGMAFIA,Alternative,RBlRmwRVBpM,JPEGMAFIA - BALD!,JPEGMAFIA,Still Banging!,1
JPEGMAFIA,Alternative,RBlRmwRVBpM,JPEGMAFIA - BALD!,JPEGMAFIA,what if jpegmafia was called gaypegmafia and liked boys,2
JPEGMAFIA,Alternative,RBlRmwRVBpM,JPEGMAFIA - BALD!,JPEGMAFIA,Ts better than iceman,2
JPEGMAFIA,Alternative,RBlRmwRVBpM,JPEGMAFIA - BALD!,JPEGMAFIA,KEL!,0
JPEGMAFIA,Alternative,RBlRmwRVBpM,JPEGMAFIA - BALD!,JPEGMAFIA,1:31 is that yuno miles inspired bro,0
JPEGMAFIA,Alternative,RBlRmwRVBpM,JPEGMAFIA - BALD!,JPEGMAFIA,Love it 🙂‍↕️,0
JPEGMAFIA,Alternative,RBlRmwRVBpM,JPEGMAFIA - BALD!,JPEGMAFIA,this has to be top 10 in rap,1
JPEGMAFIA,Alternative,RBlRmwRVBpM,JPEGMAFIA - BALD!,JPEGMAFIA,ts make my dih hard,3
JPEGMAFIA,Alternative,RBlRmwRVBpM,JPEGMAFIA - BALD!,JPEGMAFIA,Concept new album?,1
JPEGMAFIA,Alternative,RBlRmwRVBpM,JPEGMAFIA - BALD!,JPEGMAFIA,Concept new album?,0
JPEGMAFIA,Alternative,RBlRmwRVBpM,JPEGMAFIA - BALD!,JPEGMAFIA,Bro I Miss those times... And 21st Century Humour...... IM CRYING MAN,2
JPEGMAFIA,Alternative,RBlRmwRVBpM,JPEGMAFIA - BALD!,JPEGMAFIA,"He is the role model for bald men everywhere, including myself!",1
JPEGMAFIA,Alternative,RBlRmwRVBpM,JPEGMAFIA - BALD!,JPEGMAFIA,Bald! I look like Ray Allen,0
JPEGMAFIA,Alternative,RBlRmwRVBpM,JPEGMAFIA - BALD!,JPEGMAFIA,do you mind if i sample quite heavily from  this beat for a track/live show i’m working on? if published i’ll give you full credits production credits,0
JPEGMAFIA,Alternative,RBlRmwRVBpM,JPEGMAFIA - BALD!,JPEGMAFIA,🔥🔥🔥,0
JPEGMAFIA,Alternative,RBlRmwRVBpM,JPEGMAFIA - BALD!,JPEGMAFIA,"""They fuckin' up my lyrics on Genius"" -Dillen Brooks, but worse.",0
JPEGMAFIA,Alternative,RBlRmwRVBpM,JPEGMAFIA - BALD!,JPEGMAFIA,Wtf tlyer!?,0
JPEGMAFIA,Alternative,RBlRmwRVBpM,JPEGMAFIA - BALD!,JPEGMAFIA,he is next wiz khalifa,0
JPEGMAFIA,Alternative,RBlRmwRVBpM,JPEGMAFIA - BALD!,JPEGMAFIA,😎👍🏻,1
JPEGMAFIA,Alternative,RBlRmwRVBpM,JPEGMAFIA - BALD!,JPEGMAFIA,"Was supposed to see JPEG in Boston, my only concert booked for the year, and got terribly ill night of, couldn’t make it - tragic even",0
JPEGMAFIA,Alternative,RBlRmwRVBpM,JPEGMAFIA - BALD!,JPEGMAFIA,"10,000th second",0
JPEGMAFIA,Alternative,RBlRmwRVBpM,JPEGMAFIA - BALD!,JPEGMAFIA,Lurantis golisopod goodra cramorant altaria is my top 5,1
JPEGMAFIA,Alternative,RBlRmwRVBpM,JPEGMAFIA - BALD!,JPEGMAFIA,Toy Story,0
JPEGMAFIA,Alternative,RBlRmwRVBpM,JPEGMAFIA - BALD!,JPEGMAFIA,BALD!,1
JPEGMAFIA,Alternative,RBlRmwRVBpM,JPEGMAFIA - BALD!,JPEGMAFIA,That nigga is bizzare but addictive ( pause),3
JPEGMAFIA,Alternative,RBlRmwRVBpM,JPEGMAFIA - BALD!,JPEGMAFIA,RIDGERACER V4 OUTSTANDING.,0
JPEGMAFIA,Alternative,RBlRmwRVBpM,JPEGMAFIA - BALD!,JPEGMAFIA,That hoodie is hard asf,0
JPEGMAFIA,Alternative,RBlRmwRVBpM,JPEGMAFIA - BALD!,JPEGMAFIA,Insane Artist,6
JPEGMAFIA,Alternative,RBlRmwRVBpM,JPEGMAFIA - BALD!,JPEGMAFIA,It has been a while mister mafia,1
JPEGMAFIA,Alternative,RBlRmwRVBpM,JPEGMAFIA - BALD!,JPEGMAFIA,The rapping is kinda corny with the lyrics and flow.... beat goes super hard tho,1
JPEGMAFIA,Alternative,RBlRmwRVBpM,JPEGMAFIA - BALD!,JPEGMAFIA,"my discovery tonight, what a heatest find",0
JPEGMAFIA,Alternative,RBlRmwRVBpM,JPEGMAFIA - BALD!,JPEGMAFIA,Ngl this on the best songs of 2020s,6
JPEGMAFIA,Alternative,RBlRmwRVBpM,JPEGMAFIA - BALD!,JPEGMAFIA,Guys I'm gonna say it. He's the best artist in His genra everything he has made is one of the best pièce of art ever,1
JPEGMAFIA,Alternative,RBlRmwRVBpM,JPEGMAFIA - BALD!,JPEGMAFIA,мясо,0
JPEGMAFIA,Alternative,RBlRmwRVBpM,JPEGMAFIA - BALD!,JPEGMAFIA,Best Peggy song,2
JPEGMAFIA,Alternative,RBlRmwRVBpM,JPEGMAFIA - BALD!,JPEGMAFIA,"Being bald sounds like something you do to a femboy for a humlition ritual 
because ya know if you want a job done right u gotta do it urself",0
JPEGMAFIA,Alternative,RBlRmwRVBpM,JPEGMAFIA - BALD!,JPEGMAFIA,that's MY SONGGGGG,0
JPEGMAFIA,Alternative,RBlRmwRVBpM,JPEGMAFIA - BALD!,JPEGMAFIA,HOOLY SHIT THANK YOU MR JPEGGY THIS IS FUCKING ISNE I LOVE YOU YUORE SO AMAZING THANK YOU BARRINGTON DEVAUGN HENDRIXS 😢😢😢😢😢😢😢😢😢😢😢🎉🎉🎉😂😂😂😂😮😮😮,0
JPEGMAFIA,Alternative,RBlRmwRVBpM,JPEGMAFIA - BALD!,JPEGMAFIA,I’m bald now at 28 and I tell you what this song idk why just makes me accept it and embrace it more,1
JPEGMAFIA,Alternative,RBlRmwRVBpM,JPEGMAFIA - BALD!,JPEGMAFIA,Love you peggy,0
JPEGMAFIA,Alternative,RBlRmwRVBpM,JPEGMAFIA - BALD!,JPEGMAFIA,youcanfeedyourkidscauseyouspentthatshitonyourcar(you broke!),1
JPEGMAFIA,Alternative,RBlRmwRVBpM,JPEGMAFIA - BALD!,JPEGMAFIA,it strongly reminds me of death grips,0
JPEGMAFIA,Alternative,RBlRmwRVBpM,JPEGMAFIA - BALD!,JPEGMAFIA,Bald,2
JPEGMAFIA,Alternative,RBlRmwRVBpM,JPEGMAFIA - BALD!,JPEGMAFIA,2:19 JPEGMAFIA ANTI-PIRACY SCREEN,17
JPEGMAFIA,Alternative,RBlRmwRVBpM,JPEGMAFIA - BALD!,JPEGMAFIA,It’s back yay,1
JPEGMAFIA,Alternative,RBlRmwRVBpM,JPEGMAFIA - BALD!,JPEGMAFIA,"End gives Garden Shed vibes… FIRE SONG THO, BUT TOO SHORT! 99 TRACKS MIGHT MAKE IT UP THO",0
JPEGMAFIA,Alternative,RBlRmwRVBpM,JPEGMAFIA - BALD!,JPEGMAFIA,this songs bridge might legit be my favorite bridge in all of music this or the cure's pictures of you,0
JPEGMAFIA,Alternative,RBlRmwRVBpM,JPEGMAFIA - BALD!,JPEGMAFIA,Why tf is it not on Spotify??,0
JPEGMAFIA,Alternative,RBlRmwRVBpM,JPEGMAFIA - BALD!,JPEGMAFIA,It’s back on YouTube and SoundCloud,1
JPEGMAFIA,Alternative,RBlRmwRVBpM,JPEGMAFIA - BALD!,JPEGMAFIA,Certified bald classic,4
JPEGMAFIA,Alternative,RBlRmwRVBpM,JPEGMAFIA - BALD!,JPEGMAFIA,here after he removed this off streaming,6
JPEGMAFIA,Alternative,RBlRmwRVBpM,JPEGMAFIA - BALD!,JPEGMAFIA,bald is off spotify but atleast i have super tuesday,4
JPEGMAFIA,Alternative,RBlRmwRVBpM,JPEGMAFIA - BALD!,JPEGMAFIA,Oh thats where trhe gif is from,0
JPEGMAFIA,Alternative,RBlRmwRVBpM,JPEGMAFIA - BALD!,JPEGMAFIA,Why can't I listen to this song anymore? It was available until I updated my yt,1
JPEGMAFIA,Alternative,RBlRmwRVBpM,JPEGMAFIA - BALD!,JPEGMAFIA,Wish this wasnt taken off spotify. Wtf,1
JPEGMAFIA,Alternative,RBlRmwRVBpM,JPEGMAFIA - BALD!,JPEGMAFIA,why tf did they take this down,1
JPEGMAFIA,Alternative,RBlRmwRVBpM,JPEGMAFIA - BALD!,JPEGMAFIA,why,2
JPEGMAFIA,Alternative,RBlRmwRVBpM,JPEGMAFIA - BALD!,JPEGMAFIA,"i was listening to LP, and saw these tracks at the end, but randomly disappear when i hit ghost ranking of dread.",10
JPEGMAFIA,Alternative,RBlRmwRVBpM,JPEGMAFIA - BALD!,JPEGMAFIA,Bad day for Spotify users.,308
JPEGMAFIA,Alternative,RBlRmwRVBpM,JPEGMAFIA - BALD!,JPEGMAFIA,get ts back on streaming NOW peggy 😠,90
JPEGMAFIA,Alternative,RBlRmwRVBpM,JPEGMAFIA - BALD!,JPEGMAFIA,"Is my Spotify tweaking because this, cutie pie and puff daddy all disappeared 😭",10
JPEGMAFIA,Alternative,RBlRmwRVBpM,JPEGMAFIA - BALD!,JPEGMAFIA,freddie gibbs cosplay?,1
JPEGMAFIA,Alternative,RBlRmwRVBpM,JPEGMAFIA - BALD!,JPEGMAFIA,Only here cause Apple Music just said this shit unavailable even though I JUST PLAYED IT AN HOUR AGO,4
JPEGMAFIA,Alternative,RBlRmwRVBpM,JPEGMAFIA - BALD!,JPEGMAFIA,its crazy how often I come back to  this,1
JPEGMAFIA,Alternative,RBlRmwRVBpM,JPEGMAFIA - BALD!,JPEGMAFIA,Jpegmafia,0
JPEGMAFIA,Alternative,RBlRmwRVBpM,JPEGMAFIA - BALD!,JPEGMAFIA,"when i see your video i like it! 
لما اشوف المقطع يعجبني",0
JPEGMAFIA,Alternative,RBlRmwRVBpM,JPEGMAFIA - BALD!,JPEGMAFIA,classic,0
JPEGMAFIA,Alternative,RBlRmwRVBpM,JPEGMAFIA - BALD!,JPEGMAFIA,1:53 is he acting like a drug addict here?,0
JPEGMAFIA,Alternative,RBlRmwRVBpM,JPEGMAFIA - BALD!,JPEGMAFIA,"P = Professional roster 
A = Always ready with comebacks
C = Claps back instantly
K = Knows no limits
G = Goes in hard
O = Outsmarts every rival
D = Destroys with words

OMG THSNKS FOR 100000000 Likes",2
JPEGMAFIA,Alternative,RBlRmwRVBpM,JPEGMAFIA - BALD!,JPEGMAFIA,Bro sampled a song from Ridge Racer Type 4 and made a sick rap song with it 🔥🔥🔥,0
JPEGMAFIA,Alternative,RBlRmwRVBpM,JPEGMAFIA - BALD!,JPEGMAFIA,"I can't just loop it and leave it
Gotta sknckdjsd  d f  jfdj lfj jbjk",0
JPEGMAFIA,Alternative,RBlRmwRVBpM,JPEGMAFIA - BALD!,JPEGMAFIA,"""I can't just loop it and leave it""

*continues to loop it and leave it*",0
JPEGMAFIA,Alternative,RBlRmwRVBpM,JPEGMAFIA - BALD!,JPEGMAFIA,what camera is this?,0
JPEGMAFIA,Alternative,RBlRmwRVBpM,JPEGMAFIA - BALD!,JPEGMAFIA,2025?,3
JPEGMAFIA,Alternative,RBlRmwRVBpM,JPEGMAFIA - BALD!,JPEGMAFIA,"Just another nigga say ""THANK YOU, PEGGY"" keep it real🙏",0
JPEGMAFIA,Alternative,RBlRmwRVBpM,JPEGMAFIA - BALD!,JPEGMAFIA,Switch my style like ostrich hands,0
JPEGMAFIA,Alternative,RBlRmwRVBpM,JPEGMAFIA - BALD!,JPEGMAFIA,It's cool that Peggy made a song about himself,1
JPEGMAFIA,Alternative,RBlRmwRVBpM,JPEGMAFIA - BALD!,JPEGMAFIA,YOOOO that Ridge Racer 4 beat!!!!,1
JPEGMAFIA,Alternative,RBlRmwRVBpM,JPEGMAFIA - BALD!,JPEGMAFIA,yeah,0
JPEGMAFIA,Alternative,RBlRmwRVBpM,JPEGMAFIA - BALD!,JPEGMAFIA,I LOOK LIKE RAY ALLEN,0
JPEGMAFIA,Alternative,RBlRmwRVBpM,JPEGMAFIA - BALD!,JPEGMAFIA,it’s been half a decade bro,4
JPEGMAFIA,Alternative,RBlRmwRVBpM,JPEGMAFIA - BALD!,JPEGMAFIA,made this and then went to turkey 💔💔💔,1
JPEGMAFIA,Alternative,RBlRmwRVBpM,JPEGMAFIA - BALD!,JPEGMAFIA,balls,0
JPEGMAFIA,Alternative,RBlRmwRVBpM,JPEGMAFIA - BALD!,JPEGMAFIA,astronomical beat,0
JPEGMAFIA,Alternative,RBlRmwRVBpM,JPEGMAFIA - BALD!,JPEGMAFIA,"1:31 ""YOU BROKE!"" 😂",0
JPEGMAFIA,Alternative,RBlRmwRVBpM,JPEGMAFIA - BALD!,JPEGMAFIA,Move me!,0
JPEGMAFIA,Alternative,RBlRmwRVBpM,JPEGMAFIA - BALD!,JPEGMAFIA,This beat and this sample sounds like every version of me in other parallel universes meeting each other,2
JPEGMAFIA,Alternative,RBlRmwRVBpM,JPEGMAFIA - BALD!,JPEGMAFIA,BALD🔥🔥🔥,0
JPEGMAFIA,Alternative,RBlRmwRVBpM,JPEGMAFIA - BALD!,JPEGMAFIA,Bro had issues with his barber,0
JPEGMAFIA,Alternative,RBlRmwRVBpM,JPEGMAFIA - BALD!,JPEGMAFIA,,0
JPEGMAFIA,Alternative,RBlRmwRVBpM,JPEGMAFIA - BALD!,JPEGMAFIA,Pozdro,0
JPEGMAFIA,Alternative,RBlRmwRVBpM,JPEGMAFIA - BALD!,JPEGMAFIA,Friends of foreign wars,0
JPEGMAFIA,Alternative,RBlRmwRVBpM,JPEGMAFIA - BALD!,JPEGMAFIA,MY FAVORITE POP STAR,2
JPEGMAFIA,Alternative,RBlRmwRVBpM,JPEGMAFIA - BALD!,JPEGMAFIA,"Heard him for the first time, live, as an opener for Linkin Park in Milan. Ended up listening to his tracks the whole ride back and i just gotta say, he is a genius",7
JPEGMAFIA,Alternative,RBlRmwRVBpM,JPEGMAFIA - BALD!,JPEGMAFIA,is that a corn sound?,0
JPEGMAFIA,Alternative,RBlRmwRVBpM,JPEGMAFIA - BALD!,JPEGMAFIA,0:56,0
JPEGMAFIA,Alternative,RBlRmwRVBpM,JPEGMAFIA - BALD!,JPEGMAFIA,1:14 That piano 🔥,32
JPEGMAFIA,Alternative,RBlRmwRVBpM,JPEGMAFIA - BALD!,JPEGMAFIA,this ruined Move me for me.,0
JPEGMAFIA,Alternative,RBlRmwRVBpM,JPEGMAFIA - BALD!,JPEGMAFIA,0:12 when the 7 shots of tequila hit all at once,64
JPEGMAFIA,Alternative,RBlRmwRVBpM,JPEGMAFIA - BALD!,JPEGMAFIA,😮😮😮😮😮😮😮😮😮😮😮😮😮😮😮😮😮😮😮,0
JPEGMAFIA,Alternative,RBlRmwRVBpM,JPEGMAFIA - BALD!,JPEGMAFIA,"his bald era was unforgettable, peggy at his most iconic",6
JPEGMAFIA,Alternative,RBlRmwRVBpM,JPEGMAFIA - BALD!,JPEGMAFIA,ok little verse at 1:35... that a dig at Riff Raff???,5
JPEGMAFIA,Alternative,RBlRmwRVBpM,JPEGMAFIA - BALD!,JPEGMAFIA,"One of my friends out here talking about some ""you cant listen to this while playing forza"", bruh, the sample is fron a racing game and all they did was add a few more stuff and rapping, but at core, a song made for racing is not great with another racing game? I'm gonna hurt that dude for pointing some dumb stuff like that",5
JPEGMAFIA,Alternative,RBlRmwRVBpM,JPEGMAFIA - BALD!,JPEGMAFIA,Might be one of his best songs,4
JPEGMAFIA,Alternative,RBlRmwRVBpM,JPEGMAFIA - BALD!,JPEGMAFIA,I remember when this had like 2.6k views,1
JPEGMAFIA,Alternative,RBlRmwRVBpM,JPEGMAFIA - BALD!,JPEGMAFIA,ГО ФИТ ЗАЕБАЛ,1
JPEGMAFIA,Alternative,RBlRmwRVBpM,JPEGMAFIA - BALD!,JPEGMAFIA,he is no longer bald this song sux aged like ass peggy wdf is this bruh,2
JPEGMAFIA,Alternative,RBlRmwRVBpM,JPEGMAFIA - BALD!,JPEGMAFIA,киса ты такая вайбоввая:3,0
JPEGMAFIA,Alternative,RBlRmwRVBpM,JPEGMAFIA - BALD!,JPEGMAFIA,Also really good music!,0
JPEGMAFIA,Alternative,RBlRmwRVBpM,JPEGMAFIA - BALD!,JPEGMAFIA,bros face at the end is without words tbh,0
JPEGMAFIA,Alternative,RBlRmwRVBpM,JPEGMAFIA - BALD!,JPEGMAFIA,👽,0
JPEGMAFIA,Alternative,RBlRmwRVBpM,JPEGMAFIA - BALD!,JPEGMAFIA,dios lo amo tanto,1
JPEGMAFIA,Alternative,RBlRmwRVBpM,JPEGMAFIA - BALD!,JPEGMAFIA,BALD!,0
JPEGMAFIA,Alternative,RBlRmwRVBpM,JPEGMAFIA - BALD!,JPEGMAFIA,"Sample: RIDGE RACER TYPE 4 - ""Move Me"" from ""Kohta Takahashi"" as on YouTube known as ""Kohtasolid""  ;-) I like ;-)",0
JPEGMAFIA,Alternative,RBlRmwRVBpM,JPEGMAFIA - BALD!,JPEGMAFIA,at first second i thought it was Snoop 💀,0
JPEGMAFIA,Alternative,RBlRmwRVBpM,JPEGMAFIA - BALD!,JPEGMAFIA,*B A L D !*,0
JPEGMAFIA,Alternative,RBlRmwRVBpM,JPEGMAFIA - BALD!,JPEGMAFIA,0:11,1
JPEGMAFIA,Alternative,RBlRmwRVBpM,JPEGMAFIA - BALD!,JPEGMAFIA,esta cancion se tendria que llamar oda a la calvicia,1
JPEGMAFIA,Alternative,RBlRmwRVBpM,JPEGMAFIA - BALD!,JPEGMAFIA,Kohta is the best composer ❤,0
JPEGMAFIA,Alternative,RBlRmwRVBpM,JPEGMAFIA - BALD!,JPEGMAFIA,Peak song. Communist slow jams is sooooooo underrated if peggy fully released it people would see that,0
JPEGMAFIA,Alternative,RBlRmwRVBpM,JPEGMAFIA - BALD!,JPEGMAFIA,Denzel Curry was inside me all along,4
JPEGMAFIA,Alternative,RBlRmwRVBpM,JPEGMAFIA - BALD!,JPEGMAFIA,my eyes.,1
JPEGMAFIA,Alternative,RBlRmwRVBpM,JPEGMAFIA - BALD!,JPEGMAFIA,Who's here on September 2nd 2032? 🔥,2
JPEGMAFIA,Alternative,RBlRmwRVBpM,JPEGMAFIA - BALD!,JPEGMAFIA,baldheadmafia,3
JPEGMAFIA,Alternative,RBlRmwRVBpM,JPEGMAFIA - BALD!,JPEGMAFIA,"В 2020м сделали супертреп, лавмьюзик звук в целом фендиглок",0
JPEGMAFIA,Alternative,RBlRmwRVBpM,JPEGMAFIA - BALD!,JPEGMAFIA,let me eyp <3,1
JPEGMAFIA,Alternative,RBlRmwRVBpM,JPEGMAFIA - BALD!,JPEGMAFIA,Black Filippo Sorcinelli,0
JPEGMAFIA,Alternative,RBlRmwRVBpM,JPEGMAFIA - BALD!,JPEGMAFIA,My boy J dot pmo to this 🙏🏽,0
JPEGMAFIA,Alternative,RBlRmwRVBpM,JPEGMAFIA - BALD!,JPEGMAFIA,@honz.cejka,0
JPEGMAFIA,Alternative,RBlRmwRVBpM,JPEGMAFIA - BALD!,JPEGMAFIA,ishowspeed,0
JPEGMAFIA,Alternative,RBlRmwRVBpM,JPEGMAFIA - BALD!,JPEGMAFIA,Mass na neenga🔥,0
JPEGMAFIA,Alternative,RBlRmwRVBpM,JPEGMAFIA - BALD!,JPEGMAFIA,Ommala nammathan 🗣️🗣️🗣️👏👏💯💯💯🍑🍑🥶🥶🥶🥶💦💦💦💦,1
JPEGMAFIA,Alternative,RBlRmwRVBpM,JPEGMAFIA - BALD!,JPEGMAFIA,😤🤯🔥💯,0
JPEGMAFIA,Alternative,RBlRmwRVBpM,JPEGMAFIA - BALD!,JPEGMAFIA,Peggy is a hidden gem of Hip Hop.,3
JPEGMAFIA,Alternative,RBlRmwRVBpM,JPEGMAFIA - BALD!,JPEGMAFIA,Ак 47,0
JPEGMAFIA,Alternative,RBlRmwRVBpM,JPEGMAFIA - BALD!,JPEGMAFIA,неустаревающая имбуля,0
JPEGMAFIA,Alternative,RBlRmwRVBpM,JPEGMAFIA - BALD!,JPEGMAFIA,Still one of my favorite Jpegmafia songs; I just really love the instruments.,1
JPEGMAFIA,Alternative,RBlRmwRVBpM,JPEGMAFIA - BALD!,JPEGMAFIA,when the new song got hair,0
JPEGMAFIA,Alternative,RBlRmwRVBpM,JPEGMAFIA - BALD!,JPEGMAFIA,100 varusam nalla iru,0
JPEGMAFIA,Alternative,RBlRmwRVBpM,JPEGMAFIA - BALD!,JPEGMAFIA,"best peggy song lmao. an interesting contrast and combinations between an nostalgic and sleepwalking imstrumental and very sharp and agressive lyrics. 
""they be fucking my lyrics on genius"" 🔥🔥",1
JPEGMAFIA,Alternative,RBlRmwRVBpM,JPEGMAFIA - BALD!,JPEGMAFIA,palace shitttttt,1
JPEGMAFIA,Alternative,RBlRmwRVBpM,JPEGMAFIA - BALD!,JPEGMAFIA,BALLS!,1
JPEGMAFIA,Alternative,RBlRmwRVBpM,JPEGMAFIA - BALD!,JPEGMAFIA,1:12 😭🙏🏾🔥🔥🔥🔥,0
JPEGMAFIA,Alternative,RBlRmwRVBpM,JPEGMAFIA - BALD!,JPEGMAFIA,Who’s here in 2025?,3
JPEGMAFIA,Alternative,RBlRmwRVBpM,JPEGMAFIA - BALD!,JPEGMAFIA,Wow wow wow,0
JPEGMAFIA,Alternative,RBlRmwRVBpM,JPEGMAFIA - BALD!,JPEGMAFIA,Не вот это тупо дворецков,0
JPEGMAFIA,Alternative,RBlRmwRVBpM,JPEGMAFIA - BALD!,JPEGMAFIA,mal intro y mal sample,1
JPEGMAFIA,Alternative,RBlRmwRVBpM,JPEGMAFIA - BALD!,JPEGMAFIA,,0
JPEGMAFIA,Alternative,RBlRmwRVBpM,JPEGMAFIA - BALD!,JPEGMAFIA,Shaving my head to this rn,1
JPEGMAFIA,Alternative,RBlRmwRVBpM,JPEGMAFIA - BALD!,JPEGMAFIA,AHAHHAHAHAHAHAH лысый,0
JPEGMAFIA,Alternative,RBlRmwRVBpM,JPEGMAFIA - BALD!,JPEGMAFIA,"this is the most jpeg music video ever possible, with him doing the most random things ever all in a play station ugly sweater",2
JPEGMAFIA,Alternative,RBlRmwRVBpM,JPEGMAFIA - BALD!,JPEGMAFIA,dawn...,0
JPEGMAFIA,Alternative,RBlRmwRVBpM,JPEGMAFIA - BALD!,JPEGMAFIA,bro was hitting the crystal castles lean,4
JPEGMAFIA,Alternative,RBlRmwRVBpM,JPEGMAFIA - BALD!,JPEGMAFIA,"Got a problem w u? Yea I got a problem w u, u took a fart on this godly beat n made it so “funny and silly and goofy” man ur shit been weak since CMIYGL!!!!",1
JPEGMAFIA,Alternative,RBlRmwRVBpM,JPEGMAFIA - BALD!,JPEGMAFIA,he made a whole song about him being bald.RESPECT,1
JPEGMAFIA,Alternative,RBlRmwRVBpM,JPEGMAFIA - BALD!,JPEGMAFIA,I'm glad Peggy was finally able to afford the Doctors With Nuance Health Insurance after me viewing this,1
JPEGMAFIA,Alternative,RBlRmwRVBpM,JPEGMAFIA - BALD!,JPEGMAFIA,the end of the vid w the girl smokin weed in front of kids is wild 💀💀💀,1
JPEGMAFIA,Alternative,RBlRmwRVBpM,JPEGMAFIA - BALD!,JPEGMAFIA,B A L D,0
JPEGMAFIA,Alternative,RBlRmwRVBpM,JPEGMAFIA - BALD!,JPEGMAFIA,I SEE YOU WITH THE RIDGE RACER SAMPLE,2
JPEGMAFIA,Alternative,RBlRmwRVBpM,JPEGMAFIA - BALD!,JPEGMAFIA,"Yeah
Fuck that, whoa, uh

Fuck that bitch, I changed the plan
Switch my style like I switch hands
Block the witness, take the stand
Fuck out the way bitch, back it up
Shit better get played in a palace (word)
I can't treat niggas like big deals
Why put up a front? I'm callous, bald (ha)
I look like Ray Allen (real)
These niggas make beats on big wheels
Yo' files is not a challenge (nah)
Boy, you can't rap for shit
Shuttlesworth blessed me with talent
Hairline proof God needs balance
Bald 
(Dwayne Wade, bro) Uh

look, I'm cashin' out
Young Darby I'm taggin' in
They gon' bring your casket out
I hope that you fit in it, ooh
What you doin', babe?
How you get caught with no Gat? (Yeah, yeah)
You niggas must got no pride
Peggy gon' give you no slack, for real
'Cause you pussy

Whoa, whoa, whoa
Keep my business off the 'Gram
Switch my style like I switch hands
Goin' to war on foreign land
Fuck out the way bitch, back it up
Shit better get played in a palace
Wait, uh

I can't treat niggas like big deals (yeah)
These toys don't come with no kid's meal
Been there, done that, done seen it
Not my girl but I fuck her like she is
They be fuckin' up my lyrics on Genius
And these pussy ass critics repeat it
Been the same since Even Stevens
Y'all niggas switch like the seasons (facts)
Y'all lives ain't got no meanin' (why?)
And them deals ain't got no freedom
I can't just loop it leave and it
Gotta smack it up, rip it up, and eat it (yeah, ha)
You can't feed your kid 'cause
You spent that shit on your car (you broke)
Tape my hands, I'm going over squares' heads like a VCR, ha

Bald",1
JPEGMAFIA,Alternative,RBlRmwRVBpM,JPEGMAFIA - BALD!,JPEGMAFIA,@goosewayne,1
JPEGMAFIA,Alternative,RBlRmwRVBpM,JPEGMAFIA - BALD!,JPEGMAFIA,quite the odd combination but i don’t hate it 🔥🔥,0
JPEGMAFIA,Alternative,RBlRmwRVBpM,JPEGMAFIA - BALD!,JPEGMAFIA,why is that lowkey the best snare of all time,1
JPEGMAFIA,Alternative,RBlRmwRVBpM,JPEGMAFIA - BALD!,JPEGMAFIA,FREE WOODWARD AL FREE HIS SON & CHERIE & THEIR CHILDREN & RICHIE EDWARDS & KAREN WHEELER & HER FAM TRAPPED AT ITS NASTY ASS STANK FILTH EXISTENCE. THE BLOCKS ARE COMING OFF ALL THE EVIDENCE IS RIGHT THERE VOID.,0
JPEGMAFIA,Alternative,RBlRmwRVBpM,JPEGMAFIA - BALD!,JPEGMAFIA,I LOOK LIKE RAY ALLEN,2
JPEGMAFIA,Alternative,RBlRmwRVBpM,JPEGMAFIA - BALD!,JPEGMAFIA,HBDAY PEGGY!!!,0
JPEGMAFIA,Alternative,RBlRmwRVBpM,JPEGMAFIA - BALD!,JPEGMAFIA,He definitely owns a buzzer,0
JPEGMAFIA,Alternative,RBlRmwRVBpM,JPEGMAFIA - BALD!,JPEGMAFIA,He’s emitting some air fryer energy,0
JPEGMAFIA,Alternative,RBlRmwRVBpM,JPEGMAFIA - BALD!,JPEGMAFIA,Sanford Burgs,0
JPEGMAFIA,Alternative,RBlRmwRVBpM,JPEGMAFIA - BALD!,JPEGMAFIA,Dach Fort,0
JPEGMAFIA,Alternative,RBlRmwRVBpM,JPEGMAFIA - BALD!,JPEGMAFIA,This is a very dangerous song to play while your operating any vehicle.,12
JPEGMAFIA,Alternative,RBlRmwRVBpM,JPEGMAFIA - BALD!,JPEGMAFIA,Zulauf Overpass,0
JPEGMAFIA,Alternative,RBlRmwRVBpM,JPEGMAFIA - BALD!,JPEGMAFIA,Anyone in 2024?,0
JPEGMAFIA,Alternative,RBlRmwRVBpM,JPEGMAFIA - BALD!,JPEGMAFIA,Romaguera Mission,0
JPEGMAFIA,Alternative,RBlRmwRVBpM,JPEGMAFIA - BALD!,JPEGMAFIA,Gerry Light,0
JPEGMAFIA,Alternative,RBlRmwRVBpM,JPEGMAFIA - BALD!,JPEGMAFIA,Wish the track was twice as long,2
JPEGMAFIA,Alternative,RBlRmwRVBpM,JPEGMAFIA - BALD!,JPEGMAFIA,Jeramy River,0
JPEGMAFIA,Alternative,RBlRmwRVBpM,JPEGMAFIA - BALD!,JPEGMAFIA,niggas never believe me when i tell'em,0
JPEGMAFIA,Alternative,RBlRmwRVBpM,JPEGMAFIA - BALD!,JPEGMAFIA,Ridge Racer Type 4❤❤❤❤,1
JPEGMAFIA,Alternative,RBlRmwRVBpM,JPEGMAFIA - BALD!,JPEGMAFIA,Schiller Bridge,0
JPEGMAFIA,Alternative,RBlRmwRVBpM,JPEGMAFIA - BALD!,JPEGMAFIA,Stokes Crescent,0
JPEGMAFIA,Alternative,RBlRmwRVBpM,JPEGMAFIA - BALD!,JPEGMAFIA,Misael Station,0
JPEGMAFIA,Alternative,RBlRmwRVBpM,JPEGMAFIA - BALD!,JPEGMAFIA,Marvin Squares,0
JPEGMAFIA,Alternative,RBlRmwRVBpM,JPEGMAFIA - BALD!,JPEGMAFIA,Otto Crossing,0
JPEGMAFIA,Alternative,RBlRmwRVBpM,JPEGMAFIA - BALD!,JPEGMAFIA,Okuneva Corners,0
JPEGMAFIA,Alternative,RBlRmwRVBpM,JPEGMAFIA - BALD!,JPEGMAFIA,"te quiero un chingote jpegmafia  , por ti vamos a hacer un ranchito yo y mi amigo gersom  y te vamos a invitar a ber si vas cabron no te mames.",3
JPEGMAFIA,Alternative,RBlRmwRVBpM,JPEGMAFIA - BALD!,JPEGMAFIA,Nice sweeter!,0
JPEGMAFIA,Alternative,RBlRmwRVBpM,JPEGMAFIA - BALD!,JPEGMAFIA,woah WOAH WOAH!!!,1
JPEGMAFIA,Alternative,RBlRmwRVBpM,JPEGMAFIA - BALD!,JPEGMAFIA,T amo,1
JPEGMAFIA,Alternative,RBlRmwRVBpM,JPEGMAFIA - BALD!,JPEGMAFIA,Hackett Village,0
JPEGMAFIA,Alternative,RBlRmwRVBpM,JPEGMAFIA - BALD!,JPEGMAFIA,Collier Street,0
JPEGMAFIA,Alternative,RBlRmwRVBpM,JPEGMAFIA - BALD!,JPEGMAFIA,BALLS!,1
JPEGMAFIA,Alternative,RBlRmwRVBpM,JPEGMAFIA - BALD!,JPEGMAFIA,Isobel Lights,0
JPEGMAFIA,Alternative,RBlRmwRVBpM,JPEGMAFIA - BALD!,JPEGMAFIA,Bailey Knoll,0
JPEGMAFIA,Alternative,RBlRmwRVBpM,JPEGMAFIA - BALD!,JPEGMAFIA,this so classic and nostalgic,0
JPEGMAFIA,Alternative,RBlRmwRVBpM,JPEGMAFIA - BALD!,JPEGMAFIA,Schowalter Shoal,0
JPEGMAFIA,Alternative,RBlRmwRVBpM,JPEGMAFIA - BALD!,JPEGMAFIA,Art Mission,0
JPEGMAFIA,Alternative,RBlRmwRVBpM,JPEGMAFIA - BALD!,JPEGMAFIA,Kshlerin Turnpike,0
JPEGMAFIA,Alternative,RBlRmwRVBpM,JPEGMAFIA - BALD!,JPEGMAFIA,Botsford Point,0
JPEGMAFIA,Alternative,RBlRmwRVBpM,JPEGMAFIA - BALD!,JPEGMAFIA,McCullough Place,0
JPEGMAFIA,Alternative,RBlRmwRVBpM,JPEGMAFIA - BALD!,JPEGMAFIA,he has hair now,2
JPEGMAFIA,Alternative,RBlRmwRVBpM,JPEGMAFIA - BALD!,JPEGMAFIA,Kyle Lodge,0
JPEGMAFIA,Alternative,RBlRmwRVBpM,JPEGMAFIA - BALD!,JPEGMAFIA,Eula Path,0
JPEGMAFIA,Alternative,RBlRmwRVBpM,JPEGMAFIA - BALD!,JPEGMAFIA,Angus Trafficway,0
JPEGMAFIA,Alternative,RBlRmwRVBpM,JPEGMAFIA - BALD!,JPEGMAFIA,2024,0
JPEGMAFIA,Alternative,RBlRmwRVBpM,JPEGMAFIA - BALD!,JPEGMAFIA,Madalyn Glen,0
JPEGMAFIA,Alternative,RBlRmwRVBpM,JPEGMAFIA - BALD!,JPEGMAFIA,Kaleb Hills,0
JPEGMAFIA,Alternative,RBlRmwRVBpM,JPEGMAFIA - BALD!,JPEGMAFIA,БОЙ-БЭНД ОДНОГО ЧЕЛОВЕКА,0
JPEGMAFIA,Alternative,RBlRmwRVBpM,JPEGMAFIA - BALD!,JPEGMAFIA,Kenny Glen,0
JPEGMAFIA,Alternative,RBlRmwRVBpM,JPEGMAFIA - BALD!,JPEGMAFIA,Rossie Park,0
JPEGMAFIA,Alternative,RBlRmwRVBpM,JPEGMAFIA - BALD!,JPEGMAFIA,Masterpiece,1
JPEGMAFIA,Alternative,RBlRmwRVBpM,JPEGMAFIA - BALD!,JPEGMAFIA,Kathryne Ridge,0
JPEGMAFIA,Alternative,RBlRmwRVBpM,JPEGMAFIA - BALD!,JPEGMAFIA,Dach Village,0
JPEGMAFIA,Alternative,RBlRmwRVBpM,JPEGMAFIA - BALD!,JPEGMAFIA,Brb peggy going to make a sandwich,2
JPEGMAFIA,Alternative,RBlRmwRVBpM,JPEGMAFIA - BALD!,JPEGMAFIA,Daryl View,0
JPEGMAFIA,Alternative,RBlRmwRVBpM,JPEGMAFIA - BALD!,JPEGMAFIA,Hayden Mount,0
JPEGMAFIA,Alternative,RBlRmwRVBpM,JPEGMAFIA - BALD!,JPEGMAFIA,Cleo Canyon,0
JPEGMAFIA,Alternative,RBlRmwRVBpM,JPEGMAFIA - BALD!,JPEGMAFIA,Simonis Mission,0
JPEGMAFIA,Alternative,RBlRmwRVBpM,JPEGMAFIA - BALD!,JPEGMAFIA,Althea Radial,0
JPEGMAFIA,Alternative,RBlRmwRVBpM,JPEGMAFIA - BALD!,JPEGMAFIA,Delmer Bridge,0
JPEGMAFIA,Alternative,RBlRmwRVBpM,JPEGMAFIA - BALD!,JPEGMAFIA,Torp Curve,0
JPEGMAFIA,Alternative,RBlRmwRVBpM,JPEGMAFIA - BALD!,JPEGMAFIA,Jensen Mews,0
JPEGMAFIA,Alternative,RBlRmwRVBpM,JPEGMAFIA - BALD!,JPEGMAFIA,Yoooooooooooooooo,0
JPEGMAFIA,Alternative,RBlRmwRVBpM,JPEGMAFIA - BALD!,JPEGMAFIA,My history teacher brought me here.,1
JPEGMAFIA,Alternative,RBlRmwRVBpM,JPEGMAFIA - BALD!,JPEGMAFIA,Yo this is way better live,1
JPEGMAFIA,Alternative,RBlRmwRVBpM,JPEGMAFIA - BALD!,JPEGMAFIA,Jack Isle,0
JPEGMAFIA,Alternative,RBlRmwRVBpM,JPEGMAFIA - BALD!,JPEGMAFIA,the kickfart at 1:02 was so clean,2
JPEGMAFIA,Alternative,RBlRmwRVBpM,JPEGMAFIA - BALD!,JPEGMAFIA,Madelyn Ramp,0
JPEGMAFIA,Alternative,RBlRmwRVBpM,JPEGMAFIA - BALD!,JPEGMAFIA,"The glasses at 2:13 are so suitable for his appearance i love it, reminds me of a couple old friends",0
JPEGMAFIA,Alternative,RBlRmwRVBpM,JPEGMAFIA - BALD!,JPEGMAFIA,This song made my hair grow back.,0
JPEGMAFIA,Alternative,RBlRmwRVBpM,JPEGMAFIA - BALD!,JPEGMAFIA,His drum is so clean,0
JPEGMAFIA,Alternative,RBlRmwRVBpM,JPEGMAFIA - BALD!,JPEGMAFIA,This is better than bic flame,0
JPEGMAFIA,Alternative,RBlRmwRVBpM,JPEGMAFIA - BALD!,JPEGMAFIA,1:14 that piano 🔥,45
JPEGMAFIA,Alternative,RBlRmwRVBpM,JPEGMAFIA - BALD!,JPEGMAFIA,How can you dye your hair blonde like Drake if you’re… BALD!,0
JPEGMAFIA,Alternative,RBlRmwRVBpM,JPEGMAFIA - BALD!,JPEGMAFIA,Jo why you spit in the mouth of a 16 year old boy at your show you weirdo?,1
JPEGMAFIA,Alternative,RBlRmwRVBpM,JPEGMAFIA - BALD!,JPEGMAFIA,manda salve pro brasil,2
JPEGMAFIA,Alternative,RBlRmwRVBpM,JPEGMAFIA - BALD!,JPEGMAFIA,I love this instrumental. Its just so wavy,2
JPEGMAFIA,Alternative,RBlRmwRVBpM,JPEGMAFIA - BALD!,JPEGMAFIA,4 years later and this guy still the boldest nigga I know,2
JPEGMAFIA,Alternative,RBlRmwRVBpM,JPEGMAFIA - BALD!,JPEGMAFIA,когда альбом сука,2
JPEGMAFIA,Alternative,RBlRmwRVBpM,JPEGMAFIA - BALD!,JPEGMAFIA,Bro really moved him,1
JPEGMAFIA,Alternative,RBlRmwRVBpM,JPEGMAFIA - BALD!,JPEGMAFIA,ridgeracer sample goes insane,1
JPEGMAFIA,Alternative,RBlRmwRVBpM,JPEGMAFIA - BALD!,JPEGMAFIA,you really shouldnt smoke anything in front of kids; that seems fair. lol yikes.,0
JPEGMAFIA,Alternative,RBlRmwRVBpM,JPEGMAFIA - BALD!,JPEGMAFIA,This song will cope with me the rest of my life.,2
JPEGMAFIA,Alternative,RBlRmwRVBpM,JPEGMAFIA - BALD!,JPEGMAFIA,Does anyone else hear the sample of dancing in the dark by Bruce Springsteen,0
JPEGMAFIA,Alternative,RBlRmwRVBpM,JPEGMAFIA - BALD!,JPEGMAFIA,"BROOOO JPEG!! I just realised this, at 1:24 when he says ""Yall niggas switch like the seasons."" The next clap is no longer a usual clap but the sound of the Nintendo switch joycone connection. I realise this 4 YEARS LATER 💀💀💀
Awesome arrangement man. 👏",768
JPEGMAFIA,Alternative,RBlRmwRVBpM,JPEGMAFIA - BALD!,JPEGMAFIA,This bring me happiness,2
JPEGMAFIA,Alternative,RBlRmwRVBpM,JPEGMAFIA - BALD!,JPEGMAFIA,JPEGMAFIA - WRONG!,1
JPEGMAFIA,Alternative,RBlRmwRVBpM,JPEGMAFIA - BALD!,JPEGMAFIA,You needa make more of this type music 🔥🔥,0
JPEGMAFIA,Alternative,RBlRmwRVBpM,JPEGMAFIA - BALD!,JPEGMAFIA,Aged poorly,3
JPEGMAFIA,Alternative,RBlRmwRVBpM,JPEGMAFIA - BALD!,JPEGMAFIA,This song makes me wanna go bald,0
JPEGMAFIA,Alternative,RBlRmwRVBpM,JPEGMAFIA - BALD!,JPEGMAFIA,Anyone know where i can buy those earrings hes got??,0
JPEGMAFIA,Alternative,RBlRmwRVBpM,JPEGMAFIA - BALD!,JPEGMAFIA,Oloff is the biggest sensation since Hitler. Except this time it's in a good way.,0
JPEGMAFIA,Alternative,RBlRmwRVBpM,JPEGMAFIA - BALD!,JPEGMAFIA,1:55 holy fuck,0
JPEGMAFIA,Alternative,RBlRmwRVBpM,JPEGMAFIA - BALD!,JPEGMAFIA,Oloff is the biggest sensation since Hitler. Except this time it's in a good way.,0
JPEGMAFIA,Alternative,RBlRmwRVBpM,JPEGMAFIA - BALD!,JPEGMAFIA,peggy moggin me for 2:44,1
JPEGMAFIA,Alternative,RBlRmwRVBpM,JPEGMAFIA - BALD!,JPEGMAFIA,i love u,0
JPEGMAFIA,Alternative,RBlRmwRVBpM,JPEGMAFIA - BALD!,JPEGMAFIA,i miss the bald jpeg,3
JPEGMAFIA,Alternative,RBlRmwRVBpM,JPEGMAFIA - BALD!,JPEGMAFIA,I love this song so much,1
JPEGMAFIA,Alternative,RBlRmwRVBpM,JPEGMAFIA - BALD!,JPEGMAFIA,Mad,0
JPEGMAFIA,Alternative,RBlRmwRVBpM,JPEGMAFIA - BALD!,JPEGMAFIA,that fent stand on 1:53☠☠☠☠,1
JPEGMAFIA,Alternative,RBlRmwRVBpM,JPEGMAFIA - BALD!,JPEGMAFIA,Sublime!!!,0
JPEGMAFIA,Alternative,RBlRmwRVBpM,JPEGMAFIA - BALD!,JPEGMAFIA,The fact Zel and the composer of the sample Kohta Takahashi both commented 😆,0
JPEGMAFIA,Alternative,RBlRmwRVBpM,JPEGMAFIA - BALD!,JPEGMAFIA,This is the first song I heard from jpegmafia.  I think I like his music,0
JPEGMAFIA,Alternative,RBlRmwRVBpM,JPEGMAFIA - BALD!,JPEGMAFIA,actually my fav music video,2
JPEGMAFIA,Alternative,RBlRmwRVBpM,JPEGMAFIA - BALD!,JPEGMAFIA,but i thought he would never go bald like kanye,1
JPEGMAFIA,Alternative,RBlRmwRVBpM,JPEGMAFIA - BALD!,JPEGMAFIA,Playstation Christmas hoodie very fitting,10
JPEGMAFIA,Alternative,RBlRmwRVBpM,JPEGMAFIA - BALD!,JPEGMAFIA,Что с ним стало😢😢😢он же делал очень хорошую музыку,0
JPEGMAFIA,Alternative,RBlRmwRVBpM,JPEGMAFIA - BALD!,JPEGMAFIA,BALD!,0
JPEGMAFIA,Alternative,RBlRmwRVBpM,JPEGMAFIA - BALD!,JPEGMAFIA,Congrats on 250 bro you deserve it so bad.,1
JPEGMAFIA,Alternative,RBlRmwRVBpM,JPEGMAFIA - BALD!,JPEGMAFIA,Still listening to it 🔥,0
JPEGMAFIA,Alternative,RBlRmwRVBpM,JPEGMAFIA - BALD!,JPEGMAFIA,Love,0
JPEGMAFIA,Alternative,RBlRmwRVBpM,JPEGMAFIA - BALD!,JPEGMAFIA,🔥🔥🔥🔥,0
JPEGMAFIA,Alternative,RBlRmwRVBpM,JPEGMAFIA - BALD!,JPEGMAFIA,PLEASE LP ON THAT ALBUM ALL OVER THE WORLD!!!,0
JPEGMAFIA,Alternative,RBlRmwRVBpM,JPEGMAFIA - BALD!,JPEGMAFIA,Balls,1
JPEGMAFIA,Alternative,RBlRmwRVBpM,JPEGMAFIA - BALD!,JPEGMAFIA,He look like Ray Allen 💀,3
JPEGMAFIA,Alternative,RBlRmwRVBpM,JPEGMAFIA - BALD!,JPEGMAFIA,🔥🔥🔥,0
JPEGMAFIA,Alternative,RBlRmwRVBpM,JPEGMAFIA - BALD!,JPEGMAFIA,Will Smith needs to always have this playing when he walks into his house like it's his wrestling theme.,2
JPEGMAFIA,Alternative,RBlRmwRVBpM,JPEGMAFIA - BALD!,JPEGMAFIA,"i showed this to my school case manager and i remeber her saying something like ""they got him smoking marijuana"" lmao",1
JPEGMAFIA,Alternative,RBlRmwRVBpM,JPEGMAFIA - BALD!,JPEGMAFIA,"Ever since I can remember, I've listened to nothing but mainstream hip hop, because it was all I knew. However, you have taught me that hip hop is not just music, it's an art form. There's so many unique ideas in this piece, like the way a passing vehicle was sampled at 0:59. You inspire me to make better, more thoughtful music. Thank you for your contribution to the game!",7
JPEGMAFIA,Alternative,RBlRmwRVBpM,JPEGMAFIA - BALD!,JPEGMAFIA,he s god,0
JPEGMAFIA,Alternative,RBlRmwRVBpM,JPEGMAFIA - BALD!,JPEGMAFIA,bald ass live,0
JPEGMAFIA,Alternative,RBlRmwRVBpM,JPEGMAFIA - BALD!,JPEGMAFIA,Who is the girl ?,0
JPEGMAFIA,Alternative,RBlRmwRVBpM,JPEGMAFIA - BALD!,JPEGMAFIA,ive been bald for a while now,1
JPEGMAFIA,Alternative,RBlRmwRVBpM,JPEGMAFIA - BALD!,JPEGMAFIA,"im gonna pretend he says ""im dwyane wade man"" at the bridge after 1st verse",3
JPEGMAFIA,Alternative,RBlRmwRVBpM,JPEGMAFIA - BALD!,JPEGMAFIA,Can’t listen to this anymore since he got a hair transplant,5
JPEGMAFIA,Alternative,RBlRmwRVBpM,JPEGMAFIA - BALD!,JPEGMAFIA,WOAH!,0
JPEGMAFIA,Alternative,RBlRmwRVBpM,JPEGMAFIA - BALD!,JPEGMAFIA,this song sounds like an ice cold glass of water,2
JPEGMAFIA,Alternative,RBlRmwRVBpM,JPEGMAFIA - BALD!,JPEGMAFIA,luv him,0
JPEGMAFIA,Alternative,RBlRmwRVBpM,JPEGMAFIA - BALD!,JPEGMAFIA,I can't believe i listened to Danny Brown for years love how i randomly found you bro and yall tour together thats dope 💎 🔥,0
JPEGMAFIA,Alternative,RBlRmwRVBpM,JPEGMAFIA - BALD!,JPEGMAFIA,The sample and that pic at the end is crazy 💀,2
JPEGMAFIA,Alternative,RBlRmwRVBpM,JPEGMAFIA - BALD!,JPEGMAFIA,BALLS!,1
JPEGMAFIA,Alternative,RBlRmwRVBpM,JPEGMAFIA - BALD!,JPEGMAFIA,امسي رايد شصاير بيه,0
JPEGMAFIA,Alternative,RBlRmwRVBpM,JPEGMAFIA - BALD!,JPEGMAFIA,This is a vibe bro🖤🖤,3
JPEGMAFIA,Alternative,RBlRmwRVBpM,JPEGMAFIA - BALD!,JPEGMAFIA,2:20 Peggy is a 100 gecs fan?? 😮,2
JPEGMAFIA,Alternative,RBlRmwRVBpM,JPEGMAFIA - BALD!,JPEGMAFIA,HELLO!!!!!!!!!!!!!!!!!!!!!!!!!!!!!!!!!!!!!!!!!!!!!!!!!!!!!!!!!!!!!!!!!!!!!!!!!!!!!!!!!!!!!!!!!!!!!!!!!!!!!!!!!!!!!!!!!!!!!!!!!!!!!!!!!!!!!!!!!!!!!!!!!!!!!!!!!!!!!!!!!!!!!!!!!!!!!!!!!!!!!!!!!!!!!!!!!!!!!!!!!!!!!!!!!!!!!!!!!!!!!!!!!!!!!!!!!!!!!!!!!!!!!!!!!!!!!!!!!!!!!!!!!!!!!!!!!!!!!!!!!!!!!!!!!!!!!!!!!!!!!!!!!!!!!!!!!!!!!!!!!!!!!!!!!!!!!!!!!!!!!!!!!!!!!!!!!!!!!!!!!!!!!!!!!!!!!!!!!!!!!!!!!!!!!!!!!!!!!!!!!!!!!!!!!!!!!!!!!!!!!!,1
JPEGMAFIA,Alternative,RBlRmwRVBpM,JPEGMAFIA - BALD!,JPEGMAFIA,That outro so lit,0
JPEGMAFIA,Alternative,RBlRmwRVBpM,JPEGMAFIA - BALD!,JPEGMAFIA,U CN'T FEED YO KID CUZ U SPENT DAT SHIT ON YO CAR,4
JPEGMAFIA,Alternative,RBlRmwRVBpM,JPEGMAFIA - BALD!,JPEGMAFIA,DID YALL SEE THAT SHIT? that ash flick at 0:27 was so smooooooth,16
JPEGMAFIA,Alternative,RBlRmwRVBpM,JPEGMAFIA - BALD!,JPEGMAFIA,i love you alot,1
JPEGMAFIA,Alternative,RBlRmwRVBpM,JPEGMAFIA - BALD!,JPEGMAFIA,"""I look like Ray Allen"" - I think he looks more like Curtis Mayfield",0
JPEGMAFIA,Alternative,RBlRmwRVBpM,JPEGMAFIA - BALD!,JPEGMAFIA,Got this from Saints Row... It's the only song on custom play and it's WORTH IT!!! Srry I'm late .. BOMB AF!!!,0
JPEGMAFIA,Alternative,RBlRmwRVBpM,JPEGMAFIA - BALD!,JPEGMAFIA,"I look like Ray Allen
Shuttlesworth blessed me with talent 







Me:sighs, now I  gotta go download this niggas ENTIRE catalogue....",0
JPEGMAFIA,Alternative,RBlRmwRVBpM,JPEGMAFIA - BALD!,JPEGMAFIA,BAAAAAAAAALD,1
JPEGMAFIA,Alternative,RBlRmwRVBpM,JPEGMAFIA - BALD!,JPEGMAFIA,"good. remind me of mairo

mario good",3
JPEGMAFIA,Alternative,RBlRmwRVBpM,JPEGMAFIA - BALD!,JPEGMAFIA,3 years already huh,1
JPEGMAFIA,Alternative,RBlRmwRVBpM,JPEGMAFIA - BALD!,JPEGMAFIA,he so good bro,0
JPEGMAFIA,Alternative,RBlRmwRVBpM,JPEGMAFIA - BALD!,JPEGMAFIA,hard,0
JPEGMAFIA,Alternative,RBlRmwRVBpM,JPEGMAFIA - BALD!,JPEGMAFIA,Haha,0
JPEGMAFIA,Alternative,RBlRmwRVBpM,JPEGMAFIA - BALD!,JPEGMAFIA,"""YOU'RE BROKE!"" is one of the hardest ad libs",0
JPEGMAFIA,Alternative,RBlRmwRVBpM,JPEGMAFIA - BALD!,JPEGMAFIA,I am not Kohta Takahashi,1
JPEGMAFIA,Alternative,RBlRmwRVBpM,JPEGMAFIA - BALD!,JPEGMAFIA,this beat so fiyah gawd damn,0
JPEGMAFIA,Alternative,RBlRmwRVBpM,JPEGMAFIA - BALD!,JPEGMAFIA,Drumkit crispy af.,0
JPEGMAFIA,Alternative,RBlRmwRVBpM,JPEGMAFIA - BALD!,JPEGMAFIA,No lie the instrumentals ascend me and the lyrics match wit em,0
JPEGMAFIA,Alternative,RBlRmwRVBpM,JPEGMAFIA - BALD!,JPEGMAFIA,That PlayStation holiday sweater hard asf gotta get that 💎 🔥😊,8
JPEGMAFIA,Alternative,RBlRmwRVBpM,JPEGMAFIA - BALD!,JPEGMAFIA,Damn bro sounds like childish gambino,0
JPEGMAFIA,Alternative,RBlRmwRVBpM,JPEGMAFIA - BALD!,JPEGMAFIA,Im bald foreal now 💎 🔥,1
JPEGMAFIA,Alternative,RBlRmwRVBpM,JPEGMAFIA - BALD!,JPEGMAFIA,Peggy's production is fun,7
JPEGMAFIA,Alternative,RBlRmwRVBpM,JPEGMAFIA - BALD!,JPEGMAFIA,never realized how fucked up PEGGY is in this video,1
JPEGMAFIA,Alternative,RBlRmwRVBpM,JPEGMAFIA - BALD!,JPEGMAFIA,This is my anthem now that I'm fucking bald,1
JPEGMAFIA,Alternative,RBlRmwRVBpM,JPEGMAFIA - BALD!,JPEGMAFIA,"Hi. I get balding, I lose my hair, and this song keep me head up",3
JPEGMAFIA,Alternative,RBlRmwRVBpM,JPEGMAFIA - BALD!,JPEGMAFIA,3 years later and this is still my favorite song. Thanks PEGGY <3,0
JPEGMAFIA,Alternative,RBlRmwRVBpM,JPEGMAFIA - BALD!,JPEGMAFIA,ive never been more interested and in love with a music artist like Peggy,3
JPEGMAFIA,Alternative,RBlRmwRVBpM,JPEGMAFIA - BALD!,JPEGMAFIA,"this nigga is a genius, i mean that with a 100% certainty. Throughout the years I keep coming to this song, never had another song make me feel the way I feel when I listen to this shit bra. Crazy",2
JPEGMAFIA,Alternative,RBlRmwRVBpM,JPEGMAFIA - BALD!,JPEGMAFIA,"I'm still always perplexed by that voice message at the end like, is this that person that shitty or was it a bit?",2
JPEGMAFIA,Alternative,RBlRmwRVBpM,JPEGMAFIA - BALD!,JPEGMAFIA,Where do I find that PlayStation hoodie??🔥🔥,0
JPEGMAFIA,Alternative,RBlRmwRVBpM,JPEGMAFIA - BALD!,JPEGMAFIA,One of the hardest beats in existence.,9
JPEGMAFIA,Alternative,RBlRmwRVBpM,JPEGMAFIA - BALD!,JPEGMAFIA,"This is literally one of the best tracks ever produced, ong",2
JPEGMAFIA,Alternative,RBlRmwRVBpM,JPEGMAFIA - BALD!,JPEGMAFIA,genius,0
JPEGMAFIA,Alternative,RBlRmwRVBpM,JPEGMAFIA - BALD!,JPEGMAFIA,te amo por siempre peggy,0
JPEGMAFIA,Alternative,RBlRmwRVBpM,JPEGMAFIA - BALD!,JPEGMAFIA,We were drunk and you in the back yelling facts that ps hoodie though was the shit 🔱,1
JPEGMAFIA,Alternative,RBlRmwRVBpM,JPEGMAFIA - BALD!,JPEGMAFIA,"Love the vapourwave feel to the beat, super creative.",1
JPEGMAFIA,Alternative,RBlRmwRVBpM,JPEGMAFIA - BALD!,JPEGMAFIA,Didn't age well 😳,2
JPEGMAFIA,Alternative,RBlRmwRVBpM,JPEGMAFIA - BALD!,JPEGMAFIA,peggy the goat,0
JPEGMAFIA,Alternative,RBlRmwRVBpM,JPEGMAFIA - BALD!,JPEGMAFIA,"Sometimes you hear some stuff and you're like. Damn, I don't like this. This is too experimental/weird/extra even for me. But I feel like it's probably good and I should listen to this another 15 times. This is how I've discovered quite a few of my favorite artists. And their stuff is enigmatic enough to keep being rewarding each listen. Notto mention the attention to detail and unconventional style. Peggy is one of them. Also really loved watching him nerd out with James Blake.",5
JPEGMAFIA,Alternative,RBlRmwRVBpM,JPEGMAFIA - BALD!,JPEGMAFIA,He is always referencing AEW,2
JPEGMAFIA,Alternative,RBlRmwRVBpM,JPEGMAFIA - BALD!,JPEGMAFIA,0:01 hey double???,7
JPEGMAFIA,Alternative,RBlRmwRVBpM,JPEGMAFIA - BALD!,JPEGMAFIA,Preformed yesterday was lit👻,1
JPEGMAFIA,Alternative,RBlRmwRVBpM,JPEGMAFIA - BALD!,JPEGMAFIA,This is me and my friends favorite song. And my friend isn’t even a big peggy fan he just recognizes how amazing this shit is. this song is the greatest song i ever heard. Straight up the best,6
JPEGMAFIA,Alternative,RBlRmwRVBpM,JPEGMAFIA - BALD!,JPEGMAFIA,Bro bald and rebound are easily two of my top 10 favorite songs yet the guy who made them gets no promotion from media. They fr hiding this gem,6
JPEGMAFIA,Alternative,RBlRmwRVBpM,JPEGMAFIA - BALD!,JPEGMAFIA,"actually one of the best songs of all time, no bullshit 🔥🔥🔥",1
JPEGMAFIA,Alternative,RBlRmwRVBpM,JPEGMAFIA - BALD!,JPEGMAFIA,The bs this song got me through gd,1
JPEGMAFIA,Alternative,RBlRmwRVBpM,JPEGMAFIA - BALD!,JPEGMAFIA,the pg in pglang if for peggy the goat,1
JPEGMAFIA,Alternative,RBlRmwRVBpM,JPEGMAFIA - BALD!,JPEGMAFIA,عظمة,0
JPEGMAFIA,Alternative,RBlRmwRVBpM,JPEGMAFIA - BALD!,JPEGMAFIA,happy among us thursday,0
JPEGMAFIA,Alternative,RBlRmwRVBpM,JPEGMAFIA - BALD!,JPEGMAFIA,If there is an award for being so fruity but so masculine it goes to this man,323
JPEGMAFIA,Alternative,RBlRmwRVBpM,JPEGMAFIA - BALD!,JPEGMAFIA,BALD!,4
JPEGMAFIA,Alternative,RBlRmwRVBpM,JPEGMAFIA - BALD!,JPEGMAFIA,fantano reference?,3
JPEGMAFIA,Alternative,RBlRmwRVBpM,JPEGMAFIA - BALD!,JPEGMAFIA,damn they stole from u,5
JPEGMAFIA,Alternative,RBlRmwRVBpM,JPEGMAFIA - BALD!,JPEGMAFIA,pglang director def took som inspiration from this😅,138
JPEGMAFIA,Alternative,RBlRmwRVBpM,JPEGMAFIA - BALD!,JPEGMAFIA,This lowkey changed my life.,3
JPEGMAFIA,Alternative,RBlRmwRVBpM,JPEGMAFIA - BALD!,JPEGMAFIA,I rlly watched the video on 144p and didn't notice😂,5
JPEGMAFIA,Alternative,RBlRmwRVBpM,JPEGMAFIA - BALD!,JPEGMAFIA,RIDGE RACER TYPE 4!!! OMG!!,0
JPEGMAFIA,Alternative,RBlRmwRVBpM,JPEGMAFIA - BALD!,JPEGMAFIA,This song is so good guys I listen to this everyday,2
JPEGMAFIA,Alternative,RBlRmwRVBpM,JPEGMAFIA - BALD!,JPEGMAFIA,"Yeah
Fuck that, woah
Uh, fuck that bitch I changed the plan
Switch my style like I switch hands
Block the witness take the stand
Fuck out the way bitch back it up
Shit better get played in a palace (word)
I can't treat niggas like big deals
Why put up a front I'm callous
Bald (ha)
I look like Ray Allen (real)
These niggas make beats on big wheels
Your files is not a challenge (nah)
Boy you can't rap for shit
Shuttlesworth blessed me with talent
Hairline proof God needs balance
Bald
Uh, look I'm cashing out
Young Darby I'm tagging in
They gon' bring your casket out
I hope that you fit in it
Ooh, what you doing? Yeah
How you get caught with no gat?
You niggas must got no pride
Peggy gon' give you no slack fo' real
'Cause you pussy
Woah, woah, woah
Keep my business off the 'Gram
Switch my style like I switch hands
Going to war on foreign land
Fuck out the way bitch back it up
Shit better get played in a palace
Wait
Uh, I can't treat niggas like big deals
These toys don't come with no kids meal
Been there done that done seen it
Not my girl but I fuck her like she is
They be fucking up my lyrics on Genius
And these pussy ass critics repeat it
Been the same since Even Stevens
Y'all niggas switch with like the seasons
Y'all lives ain't got no meaning
And them deals ain't got no freedom
I can't just loop it and leave it
Gotta smack it up, rip it up and eat it (yeah, ha)
You can't feed your kid 'cause you spent that shit on your car (you broke)
Tape my hands I'm going over squares heads like a VCR (ha)
Bald",2
JPEGMAFIA,Alternative,RBlRmwRVBpM,JPEGMAFIA - BALD!,JPEGMAFIA,Well this didn't age well🤣,8
JPEGMAFIA,Alternative,RBlRmwRVBpM,JPEGMAFIA - BALD!,JPEGMAFIA,This song predicted my future,2
JPEGMAFIA,Alternative,RBlRmwRVBpM,JPEGMAFIA - BALD!,JPEGMAFIA,the playstation sweater goes hard,2
JPEGMAFIA,Alternative,RBlRmwRVBpM,JPEGMAFIA - BALD!,JPEGMAFIA,"Damn, I remember when this had 142k views. Time flies man",0
JPEGMAFIA,Alternative,RBlRmwRVBpM,JPEGMAFIA - BALD!,JPEGMAFIA,BALD!,0
JPEGMAFIA,Alternative,RBlRmwRVBpM,JPEGMAFIA - BALD!,JPEGMAFIA,RIP Bald Peggy,2
JPEGMAFIA,Alternative,RBlRmwRVBpM,JPEGMAFIA - BALD!,JPEGMAFIA,"Omg I'm here from the new album you did with Danny, best album of 2023 so far imo and ngl the style reminded me of Denzel curry - Bald remix haha and now I'm finding out it was a remix of ur song haha.",2
JPEGMAFIA,Alternative,RBlRmwRVBpM,JPEGMAFIA - BALD!,JPEGMAFIA,Bald song,1
JPEGMAFIA,Alternative,RBlRmwRVBpM,JPEGMAFIA - BALD!,JPEGMAFIA,this song made me want to go bald,2
JPEGMAFIA,Alternative,RBlRmwRVBpM,JPEGMAFIA - BALD!,JPEGMAFIA,that picture of him at the end is horrifying😭😭😭❤,346
JPEGMAFIA,Alternative,RBlRmwRVBpM,JPEGMAFIA - BALD!,JPEGMAFIA,peggy pig changed my life on this one,0
JPEGMAFIA,Alternative,RBlRmwRVBpM,JPEGMAFIA - BALD!,JPEGMAFIA,It actually breaks my heart.that he got a hair transplant. This song/video was yhe best example of owning your insecurities,24
JPEGMAFIA,Alternative,RBlRmwRVBpM,JPEGMAFIA - BALD!,JPEGMAFIA,I listen to Bad Stuff by Oloff when I'm experiencing existential dread. It makes it worse but... I just can't stop.,0
JPEGMAFIA,Alternative,RBlRmwRVBpM,JPEGMAFIA - BALD!,JPEGMAFIA,There are times in life where you just want everything to end. There are other times when you just want to listen to Doing It Stealthy at max volume and call your boss the R-word,0
JPEGMAFIA,Alternative,RBlRmwRVBpM,JPEGMAFIA - BALD!,JPEGMAFIA,Oloff's music helps me to process my feelings about 9/11.,0
JPEGMAFIA,Alternative,RBlRmwRVBpM,JPEGMAFIA - BALD!,JPEGMAFIA,The first time I heard Beating the Heart by Oloff my heart stopped beating. Thank God the doctors were able to revive me.,0
JPEGMAFIA,Alternative,RBlRmwRVBpM,JPEGMAFIA - BALD!,JPEGMAFIA,"Rumour has it that one time Oloff was sat next to Jar Jar Binks on a flight. Jar Jar kept kicking the chair in front of him and generally being obnoxious, nobody knew what to do. Eventually one of the flight attendants came over and asked Oloff if he would perform one of his songs to calm Jar Jar down, and when Oloff began rapping the first verse to Bad Stuff, Jar Jar immediately relaxed. To this day the two are still close friends.",0
JPEGMAFIA,Alternative,RBlRmwRVBpM,JPEGMAFIA - BALD!,JPEGMAFIA,ʇᴉ ʇnoqɐ ƃuos ɐ ǝʞɐɯ puɐ rape a turtle oʇ ɟɟolO ʇuɐʍ I,0
JPEGMAFIA,Alternative,RBlRmwRVBpM,JPEGMAFIA - BALD!,JPEGMAFIA,i farted during this vido,10
JPEGMAFIA,Alternative,RBlRmwRVBpM,JPEGMAFIA - BALD!,JPEGMAFIA,Top 10 Peggy,0
JPEGMAFIA,Alternative,RBlRmwRVBpM,JPEGMAFIA - BALD!,JPEGMAFIA,"It's aging like the finest wine, folks, call it in
🍄",1
JPEGMAFIA,Alternative,RBlRmwRVBpM,JPEGMAFIA - BALD!,JPEGMAFIA,p e g g y is the hiphop version of the videogame hp ration when your shit is blinking red,0
JPEGMAFIA,Alternative,RBlRmwRVBpM,JPEGMAFIA - BALD!,JPEGMAFIA,just got a buzz cut so im rockin with this song heavy,4
JPEGMAFIA,Alternative,RBlRmwRVBpM,JPEGMAFIA - BALD!,JPEGMAFIA,Do I look like I know what a JPEG is? I just want to listen to someone spit some hot fire!,1
JPEGMAFIA,Alternative,RBlRmwRVBpM,JPEGMAFIA - BALD!,JPEGMAFIA,Banger 🔥🔥🔥pic at the end fuckin jumpscared me tho 💀💀,1
JPEGMAFIA,Alternative,RBlRmwRVBpM,JPEGMAFIA - BALD!,JPEGMAFIA,We was wildin,0
JPEGMAFIA,Alternative,RBlRmwRVBpM,JPEGMAFIA - BALD!,JPEGMAFIA,saw this shit live and it was out of this world,0
JPEGMAFIA,Alternative,RBlRmwRVBpM,JPEGMAFIA - BALD!,JPEGMAFIA,“Hairline proof that god needs balance” is the cooooldest bar,1
JPEGMAFIA,Alternative,RBlRmwRVBpM,JPEGMAFIA - BALD!,JPEGMAFIA,ts just having 80k likes is a shame should have alot more,0
JPEGMAFIA,Alternative,RBlRmwRVBpM,JPEGMAFIA - BALD!,JPEGMAFIA,"This song didn't age well...

Watch Danny Browns new podcast with him.",3
JPEGMAFIA,Alternative,RBlRmwRVBpM,JPEGMAFIA - BALD!,JPEGMAFIA,:),0
JPEGMAFIA,Alternative,RBlRmwRVBpM,JPEGMAFIA - BALD!,JPEGMAFIA,I like it,0
JPEGMAFIA,Alternative,RBlRmwRVBpM,JPEGMAFIA - BALD!,JPEGMAFIA,This should be a ending of a DJ set at Boiler Room x Dekmantel Festival,0
JPEGMAFIA,Alternative,RBlRmwRVBpM,JPEGMAFIA - BALD!,JPEGMAFIA,3 years goes by fast,3
JPEGMAFIA,Alternative,RBlRmwRVBpM,JPEGMAFIA - BALD!,JPEGMAFIA,"Not gonna lie, I've lost some respect for you. How are you gonna make a whole song out of embracing what a lot of men go through and then double back on it with a transplant?",7
JPEGMAFIA,Alternative,RBlRmwRVBpM,JPEGMAFIA - BALD!,JPEGMAFIA,"not relevant anymore. young nigas were looking up to
you cause u embraced it 🤷🏻‍♂️",4
JPEGMAFIA,Alternative,RBlRmwRVBpM,JPEGMAFIA - BALD!,JPEGMAFIA,rockin' with da ps4,0
JPEGMAFIA,Alternative,RBlRmwRVBpM,JPEGMAFIA - BALD!,JPEGMAFIA,🔥‼️,1
JPEGMAFIA,Alternative,RBlRmwRVBpM,JPEGMAFIA - BALD!,JPEGMAFIA,this is so good,0
JPEGMAFIA,Alternative,RBlRmwRVBpM,JPEGMAFIA - BALD!,JPEGMAFIA,That ps hoodie brosive...🙃🌚,1
JPEGMAFIA,Alternative,RBlRmwRVBpM,JPEGMAFIA - BALD!,JPEGMAFIA,Now he has hair,7
JPEGMAFIA,Alternative,RBlRmwRVBpM,JPEGMAFIA - BALD!,JPEGMAFIA,he bald :3,1
JPEGMAFIA,Alternative,RBlRmwRVBpM,JPEGMAFIA - BALD!,JPEGMAFIA,I love this fucking song,2
JPEGMAFIA,Alternative,RBlRmwRVBpM,JPEGMAFIA - BALD!,JPEGMAFIA,"No words for the beat, one of the best I have ever listened and you JPEG, you are so underrated!!",3
JPEGMAFIA,Alternative,RBlRmwRVBpM,JPEGMAFIA - BALD!,JPEGMAFIA,What the fuck,2
JPEGMAFIA,Alternative,RBlRmwRVBpM,JPEGMAFIA - BALD!,JPEGMAFIA,у вас волосы переехали,0
JPEGMAFIA,Alternative,RBlRmwRVBpM,JPEGMAFIA - BALD!,JPEGMAFIA,this ski crazy,0
JPEGMAFIA,Alternative,RBlRmwRVBpM,JPEGMAFIA - BALD!,JPEGMAFIA,damn yurr,0
JPEGMAFIA,Alternative,RBlRmwRVBpM,JPEGMAFIA - BALD!,JPEGMAFIA,Oloff's music helps me to process my feelings about 9/11.,0
JPEGMAFIA,Alternative,RBlRmwRVBpM,JPEGMAFIA - BALD!,JPEGMAFIA,Oloff is the biggest sensation since Hitler. Except this time it's in a good way.,0
JPEGMAFIA,Alternative,RBlRmwRVBpM,JPEGMAFIA - BALD!,JPEGMAFIA,ǝɟᴉl ʎɯ pǝƃuɐɥɔ ɟɟolO ¯_(ツ)_/¯ Oloff changed my life,0
JPEGMAFIA,Alternative,RBlRmwRVBpM,JPEGMAFIA - BALD!,JPEGMAFIA,I can't think of a single man I would rather have kids with than Oloff. That man has a brain the size of a bowling ball.,0
JPEGMAFIA,Alternative,RBlRmwRVBpM,JPEGMAFIA - BALD!,JPEGMAFIA,The first time I heard Beating the Heart by Oloff my heart stopped beating. Thank God the doctors were able to revive me.,0
JPEGMAFIA,Alternative,RBlRmwRVBpM,JPEGMAFIA - BALD!,JPEGMAFIA,ʇᴉ ʇnoqɐ ƃuos ɐ ǝʞɐɯ puɐ rape a turtle oʇ ɟɟolO ʇuɐʍ I,0
JPEGMAFIA,Alternative,RBlRmwRVBpM,JPEGMAFIA - BALD!,JPEGMAFIA,"I listen to Doing It Stealthy by Oloff whenever I need therapy. Yeah, I could pay $300 an hour for some college clown to tell me what to feel, or I could just smash great big fucking coconuts on my head and listen to my favourite song over and over again.",0
JPEGMAFIA,Alternative,RBlRmwRVBpM,JPEGMAFIA - BALD!,JPEGMAFIA,This guy alone has inspired me to start a musical career in Experimental rap. Thank you so much Peggy.,34
JPEGMAFIA,Alternative,RBlRmwRVBpM,JPEGMAFIA - BALD!,JPEGMAFIA,Te amo,0
JPEGMAFIA,Alternative,RBlRmwRVBpM,JPEGMAFIA - BALD!,JPEGMAFIA,Lydia lunch?,0
JPEGMAFIA,Alternative,RBlRmwRVBpM,JPEGMAFIA - BALD!,JPEGMAFIA,Saints Row 2022 anyone 😆,2
JPEGMAFIA,Alternative,RBlRmwRVBpM,JPEGMAFIA - BALD!,JPEGMAFIA,"I met Oloff at a supermarket once and asked him ''How did you write Doing It Stealthy?'' he didn't answer, he was too busy paying for his asparagus.",1
JPEGMAFIA,Alternative,RBlRmwRVBpM,JPEGMAFIA - BALD!,JPEGMAFIA,"I listen to Doing It Stealthy on the train, and if the train doesn't go fast enough I slap the driver on the back of the head",1
JPEGMAFIA,Alternative,RBlRmwRVBpM,JPEGMAFIA - BALD!,JPEGMAFIA,I listen to Doing It Stealthy when I'm experiencing existential dread. It makes it worse but... I just can't stop.,1
JPEGMAFIA,Alternative,RBlRmwRVBpM,JPEGMAFIA - BALD!,JPEGMAFIA,Oloff is the biggest sensation since Hitler. Except this time it's in a good way.,1
JPEGMAFIA,Alternative,RBlRmwRVBpM,JPEGMAFIA - BALD!,JPEGMAFIA,"Rumour has it that one time Oloff was sat next to Jar Jar Binks on a flight. Jar Jar kept kicking the chair in front of him and generally being obnoxious, nobody knew what to do. Eventually one of the flight attendants came over and asked Oloff if he would perform one of his songs to calm Jar Jar down, and when Oloff began rapping the first verse to Doing It Stealthy, Jar Jar immediately relaxed. To this day the two are still close friends.",1
JPEGMAFIA,Alternative,RBlRmwRVBpM,JPEGMAFIA - BALD!,JPEGMAFIA,The first time I heard Beating the Heart by Oloff my heart stopped beating. Thank God the doctors were able to revive me.,1
JPEGMAFIA,Alternative,RBlRmwRVBpM,JPEGMAFIA - BALD!,JPEGMAFIA,I can't think of a single man I would rather have kids with than Oloff. That man has a brain the size of a bowling ball.,1
JPEGMAFIA,Alternative,RBlRmwRVBpM,JPEGMAFIA - BALD!,JPEGMAFIA,ǝɟᴉl ʎɯ pǝƃuɐɥɔ ɟɟolO ¯_(ツ)_/¯ Oloff changed my life,1
JPEGMAFIA,Alternative,RBlRmwRVBpM,JPEGMAFIA - BALD!,JPEGMAFIA,ʇᴉ ʇnoqɐ ƃuos ɐ ǝʞɐɯ puɐ rape a turtle oʇ ɟɟolO ʇuɐʍ I,1
JPEGMAFIA,Alternative,RBlRmwRVBpM,JPEGMAFIA - BALD!,JPEGMAFIA,not any more,2
JPEGMAFIA,Alternative,RBlRmwRVBpM,JPEGMAFIA - BALD!,JPEGMAFIA,this songs new title is officially CALVO!,2
JPEGMAFIA,Alternative,RBlRmwRVBpM,JPEGMAFIA - BALD!,JPEGMAFIA,bald,0
JPEGMAFIA,Alternative,RBlRmwRVBpM,JPEGMAFIA - BALD!,JPEGMAFIA,This song makes me want to go fast,0
JPEGMAFIA,Alternative,RBlRmwRVBpM,JPEGMAFIA - BALD!,JPEGMAFIA,Was that a Darby Allin reference?,0
JPEGMAFIA,Alternative,RBlRmwRVBpM,JPEGMAFIA - BALD!,JPEGMAFIA,अभिजीत,0
JPEGMAFIA,Alternative,RBlRmwRVBpM,JPEGMAFIA - BALD!,JPEGMAFIA,That’s feeling like eat digital lsd,1
JPEGMAFIA,Alternative,RBlRmwRVBpM,JPEGMAFIA - BALD!,JPEGMAFIA,CONFIRMED : THIS SONG GOES FUCKIN DUMB WHEN U MOUTAIN BIKING .,0
JPEGMAFIA,Alternative,RBlRmwRVBpM,JPEGMAFIA - BALD!,JPEGMAFIA,"Y aceleró más, soy materia volando, alguien me grita te vas a matar como si me importará, por qué ya estoy muerto,",0
JPEGMAFIA,Alternative,RBlRmwRVBpM,JPEGMAFIA - BALD!,JPEGMAFIA,"El camino de la venganza no te dejará nada bueno, eso pensaba mi padre, pero yo no soy mi padre a el lo crusificaron, y mi ni hay amor solo odio, sólo lo dios puede juzgar pero a mi qué me va impórtar lo qué piense ese ruco, tengo la jeta mas mas cantidad qué el justin, por culpa de la droga qué aspire como si fuera el fin, del mundo pero para mi fue así, en este momento no soy yo soy un imbecil pero es necesario para cumplir cometi, do yo solo puedo no tengo los huevos, y en el fondo de mi me alegro, pero la moto a 100 por horax3",1
JPEGMAFIA,Alternative,RBlRmwRVBpM,JPEGMAFIA - BALD!,JPEGMAFIA,Si eliges ese camino te conduce a la venganza,0
JPEGMAFIA,Alternative,RBlRmwRVBpM,JPEGMAFIA - BALD!,JPEGMAFIA,Camino a la venganza,0
JPEGMAFIA,Alternative,RBlRmwRVBpM,JPEGMAFIA - BALD!,JPEGMAFIA,sofaygop>,0
JPEGMAFIA,Alternative,RBlRmwRVBpM,JPEGMAFIA - BALD!,JPEGMAFIA,Dope asf,0
JPEGMAFIA,Alternative,RBlRmwRVBpM,JPEGMAFIA - BALD!,JPEGMAFIA,"Keep my business off the 'gram
Switch my style like I switch hands
Going to war on foreign land
Fuck out the way bitch back it up
Shit better get played in a palace ❤️",0
JPEGMAFIA,Alternative,RBlRmwRVBpM,JPEGMAFIA - BALD!,JPEGMAFIA,This song makes me feel less worse balding,2
JPEGMAFIA,Alternative,RBlRmwRVBpM,JPEGMAFIA - BALD!,JPEGMAFIA,Oloff's music helps me to process my feelings about 9/11.,0
JPEGMAFIA,Alternative,RBlRmwRVBpM,JPEGMAFIA - BALD!,JPEGMAFIA,"Rumour has it that one time Oloff was sat next to Jar Jar Binks on a flight. Jar Jar kept kicking the chair in front of him and generally being obnoxious, nobody knew what to do. Eventually one of the flight attendants came over and asked Oloff if he would perform one of his songs to calm Jar Jar down, and when Oloff began rapping the first verse to Doing It Stealthy, Jar Jar immediately relaxed. To this day the two are still close friends.",0
JPEGMAFIA,Alternative,RBlRmwRVBpM,JPEGMAFIA - BALD!,JPEGMAFIA,ǝɟᴉl ʎɯ pǝƃuɐɥɔ ɟɟolO ¯\_(ツ)_/¯ Oloff changed my life,0
JPEGMAFIA,Alternative,RBlRmwRVBpM,JPEGMAFIA - BALD!,JPEGMAFIA,ʇᴉ ʇnoqɐ ƃuos ɐ ǝʞɐɯ puɐ shut down Club Penguin oʇ ɟɟolO ʇuɐʍ I,0
JPEGMAFIA,Alternative,RBlRmwRVBpM,JPEGMAFIA - BALD!,JPEGMAFIA,Oloff is the biggest sensation since Hitler. Except this time it's in a good way.,0
JPEGMAFIA,Alternative,RBlRmwRVBpM,JPEGMAFIA - BALD!,JPEGMAFIA,"I'll never forget the first time I heard Doing It Stealthy by Oloff. I thought &quot;wow, this is great, but it's nowhere near as great as some of his other great hits like I Don't Breathe, Beating the Heart, or his Send for Phil Vickery.&quot;",0
JPEGMAFIA,Alternative,RBlRmwRVBpM,JPEGMAFIA - BALD!,JPEGMAFIA,I can't think of a single man I would rather have kids with than Oloff. That man has a brain the size of a bowling ball.,1
JPEGMAFIA,Alternative,RBlRmwRVBpM,JPEGMAFIA - BALD!,JPEGMAFIA,This is fucking incredible,4
JPEGMAFIA,Alternative,RBlRmwRVBpM,JPEGMAFIA - BALD!,JPEGMAFIA,Someone for the love of god tell me the sample that starts at 2:20,0
JPEGMAFIA,Alternative,RBlRmwRVBpM,JPEGMAFIA - BALD!,JPEGMAFIA,0:26 One time I accidentally disrupted the silence in the room and said “balls” instead of “bald”. But I didn’t say the other lyrics and my parents looked at me so judgementally.,90
JPEGMAFIA,Alternative,RBlRmwRVBpM,JPEGMAFIA - BALD!,JPEGMAFIA,WOAH WOAH WOAH!,1
JPEGMAFIA,Alternative,RBlRmwRVBpM,JPEGMAFIA - BALD!,JPEGMAFIA,BALD! AH!!,1
JPEGMAFIA,Alternative,RBlRmwRVBpM,JPEGMAFIA - BALD!,JPEGMAFIA,Amazing Genius,0
JPEGMAFIA,Alternative,RBlRmwRVBpM,JPEGMAFIA - BALD!,JPEGMAFIA,YOUNG DARBY IM TAGGIN IN THEY GON BRING YO CASKET OUT I HOPE THAT YOU FIT IN IT,2
JPEGMAFIA,Alternative,RBlRmwRVBpM,JPEGMAFIA - BALD!,JPEGMAFIA,Bald arc > receding hairline arc,15
JPEGMAFIA,Alternative,RBlRmwRVBpM,JPEGMAFIA - BALD!,JPEGMAFIA,quite good,0
JPEGMAFIA,Alternative,RBlRmwRVBpM,JPEGMAFIA - BALD!,JPEGMAFIA,any tips for how he gets his bass so prounounced,0
JPEGMAFIA,Alternative,RBlRmwRVBpM,JPEGMAFIA - BALD!,JPEGMAFIA,a REAL SOLDIER,0
JPEGMAFIA,Alternative,RBlRmwRVBpM,JPEGMAFIA - BALD!,JPEGMAFIA,Your fathers not a challenge bhahaha,0
JPEGMAFIA,Alternative,RBlRmwRVBpM,JPEGMAFIA - BALD!,JPEGMAFIA,Friend of a foreign war…….. going to war in foreign land…. Think I forgot,0
JPEGMAFIA,Alternative,RBlRmwRVBpM,JPEGMAFIA - BALD!,JPEGMAFIA,"The beat,the vocals is just top notch. 🔥🔥🔥🔥🔥",2
JPEGMAFIA,Alternative,RBlRmwRVBpM,JPEGMAFIA - BALD!,JPEGMAFIA,"Jpegmafia is sliding into the mainstream and I’m loving it for him, dudes getting mad plays now.",2
JPEGMAFIA,Alternative,RBlRmwRVBpM,JPEGMAFIA - BALD!,JPEGMAFIA,"plz Tell me about the meaning of the lyrics ""Been the Same Since Even Stevens""",0
JPEGMAFIA,Alternative,RBlRmwRVBpM,JPEGMAFIA - BALD!,JPEGMAFIA,i just got a hair transplant ad cuz of the name of the songggggg,1
JPEGMAFIA,Alternative,RBlRmwRVBpM,JPEGMAFIA - BALD!,JPEGMAFIA,JUANPEGCARTEL - PELON!,3
JPEGMAFIA,Alternative,RBlRmwRVBpM,JPEGMAFIA - BALD!,JPEGMAFIA,That PlayStation hoodie though goes so hard,0
JPEGMAFIA,Alternative,RBlRmwRVBpM,JPEGMAFIA - BALD!,JPEGMAFIA,"I listen to Doing It Stealthy on the train, and if the train doesn't go fast enough I slap the driver on the back of the head",0
JPEGMAFIA,Alternative,RBlRmwRVBpM,JPEGMAFIA - BALD!,JPEGMAFIA,"Whenever I hear a version of this song without the ""YOU BROKE"" thrown in the middle I get upset",1
JPEGMAFIA,Alternative,RBlRmwRVBpM,JPEGMAFIA - BALD!,JPEGMAFIA,golly,0
JPEGMAFIA,Alternative,RBlRmwRVBpM,JPEGMAFIA - BALD!,JPEGMAFIA,pedrada 🧎‍♂️🧎‍♂️🧎‍♂️🧎‍♂️🧎‍♂️ 🚬🚬🚬🚬🚬🚬,2
JPEGMAFIA,Alternative,RBlRmwRVBpM,JPEGMAFIA - BALD!,JPEGMAFIA,🔥🔥🔥🔥🔥,1
JPEGMAFIA,Alternative,RBlRmwRVBpM,JPEGMAFIA - BALD!,JPEGMAFIA,"I’ve listened to this like thousands of times since it came out and I haven’t gotten tired of it. Love Peggy but something about this makes it his very best, every line hits, the production is perfect, the song is catchy af, and it sounds way ahead of the curve. Song of the decade imo",303
JPEGMAFIA,Alternative,RBlRmwRVBpM,JPEGMAFIA - BALD!,JPEGMAFIA,SEE U IN BRASIL BRUHHH,0
JPEGMAFIA,Alternative,RBlRmwRVBpM,JPEGMAFIA - BALD!,JPEGMAFIA,damn peggy,0
JPEGMAFIA,Alternative,RBlRmwRVBpM,JPEGMAFIA - BALD!,JPEGMAFIA,i like that the song started when he bumped into the camera guy,0
JPEGMAFIA,Alternative,RBlRmwRVBpM,JPEGMAFIA - BALD!,JPEGMAFIA,Yeah,0
JPEGMAFIA,Alternative,RBlRmwRVBpM,JPEGMAFIA - BALD!,JPEGMAFIA,"""They be Fucking up my lyrics on genius 
And these pussy ass critics repeat it""

Lmao 😂 I always wondered what musicians thought of that shit. I hate it when Genius is your only option because an artist/band doesn't release their own lyrics. Their interpretations are always so shallow too.",2
JPEGMAFIA,Alternative,RBlRmwRVBpM,JPEGMAFIA - BALD!,JPEGMAFIA,actual big boy banger bully busta,0
JPEGMAFIA,Alternative,RBlRmwRVBpM,JPEGMAFIA - BALD!,JPEGMAFIA,It's dope,0
JPEGMAFIA,Alternative,RBlRmwRVBpM,JPEGMAFIA - BALD!,JPEGMAFIA,90s vibes is strong in this one,0
JPEGMAFIA,Alternative,RBlRmwRVBpM,JPEGMAFIA - BALD!,JPEGMAFIA,it's cool 💀💀🔥🔥🔥,0
JPEGMAFIA,Alternative,RBlRmwRVBpM,JPEGMAFIA - BALD!,JPEGMAFIA,One of the craziest beats of all time,8
JPEGMAFIA,Alternative,RBlRmwRVBpM,JPEGMAFIA - BALD!,JPEGMAFIA,I listen to Doing It Stealthy when I'm experiencing existential dread. It makes it worse but... I just can't stop.,0
JPEGMAFIA,Alternative,RBlRmwRVBpM,JPEGMAFIA - BALD!,JPEGMAFIA,Doing It Stealthy helps me to process my feelings about 9/11.,0
JPEGMAFIA,Alternative,RBlRmwRVBpM,JPEGMAFIA - BALD!,JPEGMAFIA,that playstation shirt is insane,2
JPEGMAFIA,Alternative,RBlRmwRVBpM,JPEGMAFIA - BALD!,JPEGMAFIA,yo black anthony fantano? no way,2
JPEGMAFIA,Alternative,RBlRmwRVBpM,JPEGMAFIA - BALD!,JPEGMAFIA,+,0
JPEGMAFIA,Alternative,RBlRmwRVBpM,JPEGMAFIA - BALD!,JPEGMAFIA,MAN I WANT HOODIE PLS,0
JPEGMAFIA,Alternative,RBlRmwRVBpM,JPEGMAFIA - BALD!,JPEGMAFIA,A friend in a foreign war......ehhhhhoh,0
JPEGMAFIA,Alternative,RBlRmwRVBpM,JPEGMAFIA - BALD!,JPEGMAFIA,BIG SHOUTTO KOHTA TAKAHASHKI FOR NOT SUIEING AND ALLOWING THIS TO FLOURISH YOU ARE A REAL 1,0
JPEGMAFIA,Alternative,RBlRmwRVBpM,JPEGMAFIA - BALD!,JPEGMAFIA,YOU BROKE!,1
JPEGMAFIA,Alternative,RBlRmwRVBpM,JPEGMAFIA - BALD!,JPEGMAFIA,"Dudee, i feel like JPEGMAFIA and Freddie Dredd would take over this shit with a collab",1
JPEGMAFIA,Alternative,RBlRmwRVBpM,JPEGMAFIA - BALD!,JPEGMAFIA,I don't see the appeal,0
JPEGMAFIA,Alternative,RBlRmwRVBpM,JPEGMAFIA - BALD!,JPEGMAFIA,Ridge Racer - Move Me!!!!!!!!,2
JPEGMAFIA,Alternative,RBlRmwRVBpM,JPEGMAFIA - BALD!,JPEGMAFIA,Brought to you by: ROGAINE!,1
JPEGMAFIA,Alternative,RBlRmwRVBpM,JPEGMAFIA - BALD!,JPEGMAFIA,ridge racer,0
JPEGMAFIA,Alternative,RBlRmwRVBpM,JPEGMAFIA - BALD!,JPEGMAFIA,Fire,0
JPEGMAFIA,Alternative,RBlRmwRVBpM,JPEGMAFIA - BALD!,JPEGMAFIA,It's a sample from Ridge Racer! Fuck I finally know why I know the sample.,0
JPEGMAFIA,Alternative,RBlRmwRVBpM,JPEGMAFIA - BALD!,JPEGMAFIA,voce vai brasil,0
JPEGMAFIA,Alternative,RBlRmwRVBpM,JPEGMAFIA - BALD!,JPEGMAFIA,he look like ray allen,0
JPEGMAFIA,Alternative,RBlRmwRVBpM,JPEGMAFIA - BALD!,JPEGMAFIA,2:20 tf bruh,0
JPEGMAFIA,Alternative,RBlRmwRVBpM,JPEGMAFIA - BALD!,JPEGMAFIA,"I am Kohta Takahashi, the composer of Ridge Racer Type4 - Move Me, which you used for sampling. I'm glad you used my track. I think this track is a great event that transcends time, borders and race. Thank you. 👍",31013
JPEGMAFIA,Alternative,RBlRmwRVBpM,JPEGMAFIA - BALD!,JPEGMAFIA,This one goes out to my queen Jada Pinkett!!!,3
JPEGMAFIA,Alternative,RBlRmwRVBpM,JPEGMAFIA - BALD!,JPEGMAFIA,🔥,0
JPEGMAFIA,Alternative,RBlRmwRVBpM,JPEGMAFIA - BALD!,JPEGMAFIA,Imagine Drake getting off to this beat 🤯🤯🤯,0
JPEGMAFIA,Alternative,RBlRmwRVBpM,JPEGMAFIA - BALD!,JPEGMAFIA,sex,0
JPEGMAFIA,Alternative,RBlRmwRVBpM,JPEGMAFIA - BALD!,JPEGMAFIA,Smiths wife,2
JPEGMAFIA,Alternative,RBlRmwRVBpM,JPEGMAFIA - BALD!,JPEGMAFIA,here after jada pinkett smith,23
JPEGMAFIA,Alternative,RBlRmwRVBpM,JPEGMAFIA - BALD!,JPEGMAFIA,still in love witb this,0
JPEGMAFIA,Alternative,RBlRmwRVBpM,JPEGMAFIA - BALD!,JPEGMAFIA,this song goes so hard dude,0
JPEGMAFIA,Alternative,RBlRmwRVBpM,JPEGMAFIA - BALD!,JPEGMAFIA,new fan! ur songs are so sick dude!,0
JPEGMAFIA,Alternative,RBlRmwRVBpM,JPEGMAFIA - BALD!,JPEGMAFIA,littest elevator song ever,1
JPEGMAFIA,Alternative,RBlRmwRVBpM,JPEGMAFIA - BALD!,JPEGMAFIA,"I couldn't get pussy until I started listening to Doing It Stealthy by Oloff. I still can't get pussy, but now I don't even want it anymore.",0
JPEGMAFIA,Alternative,RBlRmwRVBpM,JPEGMAFIA - BALD!,JPEGMAFIA,"I listen to Doing It Stealthy on the train, and if the train doesn't go fast enough I slap the driver on the back of the head",0
JPEGMAFIA,Alternative,RBlRmwRVBpM,JPEGMAFIA - BALD!,JPEGMAFIA,I listen to Doing It Stealthy when I'm experiencing existential dread. It makes it worse but... I just can't stop.,0
JPEGMAFIA,Alternative,RBlRmwRVBpM,JPEGMAFIA - BALD!,JPEGMAFIA,"Doing It Stealthy makes me happy in a way that no woman ever could... btw I'm single and so alone, please message me.",0
JPEGMAFIA,Alternative,RBlRmwRVBpM,JPEGMAFIA - BALD!,JPEGMAFIA,"I listen to Doing It Stealthy by Oloff whenever I need therapy. Yeah, I could pay $300 an hour for some college clown to tell me what to feel, or I could just smash great big fucking coconuts on my head and listen to my favourite song over and over again.",0
JPEGMAFIA,Alternative,RBlRmwRVBpM,JPEGMAFIA - BALD!,JPEGMAFIA,"I'm a manchild and I like to play with toy cars, but not as much as I enjoy listening to Doing It Stealthy",0
JPEGMAFIA,Alternative,RBlRmwRVBpM,JPEGMAFIA - BALD!,JPEGMAFIA,Doing It Stealthy is one of those songs that makes you ask.... why did God create us? What happens after we die?,0
JPEGMAFIA,Alternative,RBlRmwRVBpM,JPEGMAFIA - BALD!,JPEGMAFIA,My mom is such a huge Oloff fan that she got the lyrics to 'Doing It Stealthy' tattooed across her breasts.,0
JPEGMAFIA,Alternative,RBlRmwRVBpM,JPEGMAFIA - BALD!,JPEGMAFIA,"I listen to Doing It Stealthy on the train, and if the train doesn't go fast enough I slap the driver on the back of the head",0
JPEGMAFIA,Alternative,RBlRmwRVBpM,JPEGMAFIA - BALD!,JPEGMAFIA,"I couldn't get pussy until I started listening to Doing It Stealthy by Oloff. I still can't get pussy, but now I don't even want it anymore.",0
JPEGMAFIA,Alternative,RBlRmwRVBpM,JPEGMAFIA - BALD!,JPEGMAFIA,Doing It Stealthy is one of those songs that makes you ask.... why did God create us? What happens after we die?,0
JPEGMAFIA,Alternative,RBlRmwRVBpM,JPEGMAFIA - BALD!,JPEGMAFIA,I listen to Doing It Stealthy when I'm experiencing existential dread. It makes it worse but... I just can't stop.,0
JPEGMAFIA,Alternative,RBlRmwRVBpM,JPEGMAFIA - BALD!,JPEGMAFIA,My mom is such a huge Oloff fan that she got the lyrics to 'Doing It Stealthy' tattooed across her breasts.,0
JPEGMAFIA,Alternative,RBlRmwRVBpM,JPEGMAFIA - BALD!,JPEGMAFIA,"I listen to Doing It Stealthy by Oloff whenever I need therapy. Yeah, I could pay $300 an hour for some college clown to tell me what to feel, or I could just smash great big fucking coconuts on my head and listen to my favourite song over and over again.",0
JPEGMAFIA,Alternative,RBlRmwRVBpM,JPEGMAFIA - BALD!,JPEGMAFIA,"I'm a manchild and I like to play with toy cars, but not as much as I enjoy listening to Doing It Stealthy",0
JPEGMAFIA,Alternative,RBlRmwRVBpM,JPEGMAFIA - BALD!,JPEGMAFIA,I listen to Doing It Stealthy when I'm experiencing existential dread. It makes it worse but... I just can't stop.,0
JPEGMAFIA,Alternative,RBlRmwRVBpM,JPEGMAFIA - BALD!,JPEGMAFIA,Doing It Stealthy is one of those songs that makes you ask.... why did God create us? What happens after we die?,0
JPEGMAFIA,Alternative,RBlRmwRVBpM,JPEGMAFIA - BALD!,JPEGMAFIA,"I listen to Doing It Stealthy by Oloff whenever I need therapy. Yeah, I could pay $300 an hour for some college clown to tell me what to feel, or I could just smash great big fucking coconuts on my head and listen to my favourite song over and over again.",0
JPEGMAFIA,Alternative,RBlRmwRVBpM,JPEGMAFIA - BALD!,JPEGMAFIA,"I listen to Doing It Stealthy on the train, and if the train doesn't go fast enough I slap the driver on the back of the head",0
JPEGMAFIA,Alternative,RBlRmwRVBpM,JPEGMAFIA - BALD!,JPEGMAFIA,"Doing It Stealthy makes me happy in a way that no woman ever could... btw I'm single and so alone, please message me.",0
JPEGMAFIA,Alternative,RBlRmwRVBpM,JPEGMAFIA - BALD!,JPEGMAFIA,"I couldn't get pussy until I started listening to Doing It Stealthy by Oloff. I still can't get pussy, but now I don't even want it anymore.",0
JPEGMAFIA,Alternative,RBlRmwRVBpM,JPEGMAFIA - BALD!,JPEGMAFIA,My mom is such a huge Oloff fan that she got the lyrics to 'Doing It Stealthy' tattooed across her breasts.,0
JPEGMAFIA,Alternative,RBlRmwRVBpM,JPEGMAFIA - BALD!,JPEGMAFIA,Everything in my life changed when I started listening to Doing It Stealthy by Oloff.,0
JPEGMAFIA,Alternative,RBlRmwRVBpM,JPEGMAFIA - BALD!,JPEGMAFIA,I listen to Doing It Stealthy when I'm experiencing existential dread. It makes it worse but... I just can't stop.,0
JPEGMAFIA,Alternative,RBlRmwRVBpM,JPEGMAFIA - BALD!,JPEGMAFIA,"I couldn't get pussy until I started listening to Doing It Stealthy by Oloff. I still can't get pussy, but now I don't even want it anymore.",0
JPEGMAFIA,Alternative,RBlRmwRVBpM,JPEGMAFIA - BALD!,JPEGMAFIA,"I listen to Doing It Stealthy by Oloff whenever I need therapy. Yeah, I could pay $300 an hour for some college clown to tell me what to feel, or I could just smash great big fucking coconuts on my head and listen to my favourite song over and over again.",0
JPEGMAFIA,Alternative,RBlRmwRVBpM,JPEGMAFIA - BALD!,JPEGMAFIA,"Doing It Stealthy makes me happy in a way that no woman ever could... btw I'm single and so alone, please message me.",0
JPEGMAFIA,Alternative,RBlRmwRVBpM,JPEGMAFIA - BALD!,JPEGMAFIA,"I'm a manchild and I like to play with toy cars, but not as much as I enjoy listening to Doing It Stealthy",0
JPEGMAFIA,Alternative,RBlRmwRVBpM,JPEGMAFIA - BALD!,JPEGMAFIA,My mom is such a huge Oloff fan that she got the lyrics to 'Doing It Stealthy' tattooed across her breasts.,0
JPEGMAFIA,Alternative,RBlRmwRVBpM,JPEGMAFIA - BALD!,JPEGMAFIA,Doing It Stealthy is one of those songs that makes you ask.... why did God create us? What happens after we die?,0
JPEGMAFIA,Alternative,RBlRmwRVBpM,JPEGMAFIA - BALD!,JPEGMAFIA,Everything in my life changed when I started listening to Doing It Stealthy by Oloff.,0
JPEGMAFIA,Alternative,RBlRmwRVBpM,JPEGMAFIA - BALD!,JPEGMAFIA,Doing It Stealthy is one of those songs that makes you ask.... why did God create us? What happens after we die?,0
JPEGMAFIA,Alternative,RBlRmwRVBpM,JPEGMAFIA - BALD!,JPEGMAFIA,"I listen to Doing It Stealthy on the train, and if the train doesn't go fast enough I slap the driver on the back of the head",0
JPEGMAFIA,Alternative,RBlRmwRVBpM,JPEGMAFIA - BALD!,JPEGMAFIA,"Doing It Stealthy makes me happy in a way that no woman ever could... btw I'm single and so alone, please message me.",0
JPEGMAFIA,Alternative,RBlRmwRVBpM,JPEGMAFIA - BALD!,JPEGMAFIA,"I listen to Doing It Stealthy by Oloff whenever I need therapy. Yeah, I could pay $300 an hour for some college clown to tell me what to feel, or I could just smash great big fucking coconuts on my head and listen to my favourite song over and over again.",0
JPEGMAFIA,Alternative,RBlRmwRVBpM,JPEGMAFIA - BALD!,JPEGMAFIA,My mom is such a huge Oloff fan that she got the lyrics to 'Doing It Stealthy' tattooed across her breasts.,0
JPEGMAFIA,Alternative,RBlRmwRVBpM,JPEGMAFIA - BALD!,JPEGMAFIA,Everything in my life changed when I started listening to Doing It Stealthy by Oloff.,0
JPEGMAFIA,Alternative,RBlRmwRVBpM,JPEGMAFIA - BALD!,JPEGMAFIA,"I couldn't get pussy until I started listening to Doing It Stealthy by Oloff. I still can't get pussy, but now I don't even want it anymore.",0
JPEGMAFIA,Alternative,RBlRmwRVBpM,JPEGMAFIA - BALD!,JPEGMAFIA,"I'm a manchild and I like to play with toy cars, but not as much as I enjoy listening to Doing It Stealthy",0
JPEGMAFIA,Alternative,RBlRmwRVBpM,JPEGMAFIA - BALD!,JPEGMAFIA,I listen to Doing It Stealthy when I'm experiencing existential dread. It makes it worse but... I just can't stop.,0
JPEGMAFIA,Alternative,RBlRmwRVBpM,JPEGMAFIA - BALD!,JPEGMAFIA,"Doing It Stealthy makes me happy in a way that no woman ever could... btw I'm single and so alone, please message me.",0
JPEGMAFIA,Alternative,RBlRmwRVBpM,JPEGMAFIA - BALD!,JPEGMAFIA,"I listen to Doing It Stealthy by Oloff whenever I need therapy. Yeah, I could pay $300 an hour for some college clown to tell me what to feel, or I could just smash great big fucking coconuts on my head and listen to my favourite song over and over again.",0
JPEGMAFIA,Alternative,RBlRmwRVBpM,JPEGMAFIA - BALD!,JPEGMAFIA,"I listen to Doing It Stealthy on the train, and if the train doesn't go fast enough I slap the driver on the back of the head",0
JPEGMAFIA,Alternative,RBlRmwRVBpM,JPEGMAFIA - BALD!,JPEGMAFIA,Everything in my life changed when I started listening to Doing It Stealthy by Oloff.,0
JPEGMAFIA,Alternative,RBlRmwRVBpM,JPEGMAFIA - BALD!,JPEGMAFIA,I listen to Doing It Stealthy when I'm experiencing existential dread. It makes it worse but... I just can't stop.,0
JPEGMAFIA,Alternative,RBlRmwRVBpM,JPEGMAFIA - BALD!,JPEGMAFIA,Doing It Stealthy is one of those songs that makes you ask.... why did God create us? What happens after we die?,0
JPEGMAFIA,Alternative,RBlRmwRVBpM,JPEGMAFIA - BALD!,JPEGMAFIA,"I'm a manchild and I like to play with toy cars, but not as much as I enjoy listening to Doing It Stealthy",0
JPEGMAFIA,Alternative,RBlRmwRVBpM,JPEGMAFIA - BALD!,JPEGMAFIA,"I listen to Doing It Stealthy on the train, and if the train doesn't go fast enough I slap the driver on the back of the head",0
JPEGMAFIA,Alternative,RBlRmwRVBpM,JPEGMAFIA - BALD!,JPEGMAFIA,I listen to Doing It Stealthy when I'm experiencing existential dread. It makes it worse but... I just can't stop.,0
JPEGMAFIA,Alternative,RBlRmwRVBpM,JPEGMAFIA - BALD!,JPEGMAFIA,My mom is such a huge Oloff fan that she got the lyrics to 'Doing It Stealthy' tattooed across her breasts.,0
JPEGMAFIA,Alternative,RBlRmwRVBpM,JPEGMAFIA - BALD!,JPEGMAFIA,Everything in my life changed when I started listening to Doing It Stealthy by Oloff.,0
JPEGMAFIA,Alternative,RBlRmwRVBpM,JPEGMAFIA - BALD!,JPEGMAFIA,"I listen to Doing It Stealthy by Oloff whenever I need therapy. Yeah, I could pay $300 an hour for some college clown to tell me what to feel, or I could just smash great big fucking coconuts on my head and listen to my favourite song over and over again.",0
JPEGMAFIA,Alternative,RBlRmwRVBpM,JPEGMAFIA - BALD!,JPEGMAFIA,"I couldn't get pussy until I started listening to Doing It Stealthy by Oloff. I still can't get pussy, but now I don't even want it anymore.",0
JPEGMAFIA,Alternative,RBlRmwRVBpM,JPEGMAFIA - BALD!,JPEGMAFIA,"Doing It Stealthy makes me happy in a way that no woman ever could... btw I'm single and so alone, please message me.",0
JPEGMAFIA,Alternative,RBlRmwRVBpM,JPEGMAFIA - BALD!,JPEGMAFIA,Doing It Stealthy is one of those songs that makes you ask.... why did God create us? What happens after we die?,0
JPEGMAFIA,Alternative,RBlRmwRVBpM,JPEGMAFIA - BALD!,JPEGMAFIA,"I listen to Doing It Stealthy by Oloff whenever I need therapy. Yeah, I could pay $300 an hour for some college clown to tell me what to feel, or I could just smash great big fucking coconuts on my head and listen to my favourite song over and over again.",0
JPEGMAFIA,Alternative,RBlRmwRVBpM,JPEGMAFIA - BALD!,JPEGMAFIA,"I couldn't get pussy until I started listening to Doing It Stealthy by Oloff. I still can't get pussy, but now I don't even want it anymore.",0
JPEGMAFIA,Alternative,RBlRmwRVBpM,JPEGMAFIA - BALD!,JPEGMAFIA,I listen to Doing It Stealthy when I'm experiencing existential dread. It makes it worse but... I just can't stop.,0
JPEGMAFIA,Alternative,RBlRmwRVBpM,JPEGMAFIA - BALD!,JPEGMAFIA,Doing It Stealthy is one of those songs that makes you ask.... why did God create us? What happens after we die?,0
JPEGMAFIA,Alternative,RBlRmwRVBpM,JPEGMAFIA - BALD!,JPEGMAFIA,My mom is such a huge Oloff fan that she got the lyrics to 'Doing It Stealthy' tattooed across her breasts.,0
JPEGMAFIA,Alternative,RBlRmwRVBpM,JPEGMAFIA - BALD!,JPEGMAFIA,"I listen to Doing It Stealthy on the train, and if the train doesn't go fast enough I slap the driver on the back of the head",0
JPEGMAFIA,Alternative,RBlRmwRVBpM,JPEGMAFIA - BALD!,JPEGMAFIA,"Doing It Stealthy makes me happy in a way that no woman ever could... btw I'm single and so alone, please message me.",0
JPEGMAFIA,Alternative,RBlRmwRVBpM,JPEGMAFIA - BALD!,JPEGMAFIA,"I'm a manchild and I like to play with toy cars, but not as much as I enjoy listening to Doing It Stealthy",0
JPEGMAFIA,Alternative,RBlRmwRVBpM,JPEGMAFIA - BALD!,JPEGMAFIA,"Doing It Stealthy makes me happy in a way that no woman ever could... btw I'm single and so alone, please message me.",0
JPEGMAFIA,Alternative,RBlRmwRVBpM,JPEGMAFIA - BALD!,JPEGMAFIA,Doing It Stealthy is one of those songs that makes you ask.... why did God create us? What happens after we die?,0
JPEGMAFIA,Alternative,RBlRmwRVBpM,JPEGMAFIA - BALD!,JPEGMAFIA,I listen to Doing It Stealthy when I'm experiencing existential dread. It makes it worse but... I just can't stop.,0
JPEGMAFIA,Alternative,RBlRmwRVBpM,JPEGMAFIA - BALD!,JPEGMAFIA,My mom is such a huge Oloff fan that she got the lyrics to 'Doing It Stealthy' tattooed across her breasts.,0
JPEGMAFIA,Alternative,RBlRmwRVBpM,JPEGMAFIA - BALD!,JPEGMAFIA,"I listen to Doing It Stealthy by Oloff whenever I need therapy. Yeah, I could pay $300 an hour for some college clown to tell me what to feel, or I could just smash great big fucking coconuts on my head and listen to my favourite song over and over again.",0
JPEGMAFIA,Alternative,RBlRmwRVBpM,JPEGMAFIA - BALD!,JPEGMAFIA,"I'm a manchild and I like to play with toy cars, but not as much as I enjoy listening to Doing It Stealthy",0
JPEGMAFIA,Alternative,RBlRmwRVBpM,JPEGMAFIA - BALD!,JPEGMAFIA,Everything in my life changed when I started listening to Doing It Stealthy by Oloff.,0
JPEGMAFIA,Alternative,RBlRmwRVBpM,JPEGMAFIA - BALD!,JPEGMAFIA,"Doing It Stealthy makes me happy in a way that no woman ever could... btw I'm single and so alone, please message me.",0
JPEGMAFIA,Alternative,RBlRmwRVBpM,JPEGMAFIA - BALD!,JPEGMAFIA,"I listen to Doing It Stealthy by Oloff whenever I need therapy. Yeah, I could pay $300 an hour for some college clown to tell me what to feel, or I could just smash great big fucking coconuts on my head and listen to my favourite song over and over again.",0
JPEGMAFIA,Alternative,RBlRmwRVBpM,JPEGMAFIA - BALD!,JPEGMAFIA,Everything in my life changed when I started listening to Doing It Stealthy by Oloff.,0
JPEGMAFIA,Alternative,RBlRmwRVBpM,JPEGMAFIA - BALD!,JPEGMAFIA,I listen to Doing It Stealthy when I'm experiencing existential dread. It makes it worse but... I just can't stop.,0
JPEGMAFIA,Alternative,RBlRmwRVBpM,JPEGMAFIA - BALD!,JPEGMAFIA,"I couldn't get pussy until I started listening to Doing It Stealthy by Oloff. I still can't get pussy, but now I don't even want it anymore.",0
JPEGMAFIA,Alternative,RBlRmwRVBpM,JPEGMAFIA - BALD!,JPEGMAFIA,"I listen to Doing It Stealthy on the train, and if the train doesn't go fast enough I slap the driver on the back of the head",0
JPEGMAFIA,Alternative,RBlRmwRVBpM,JPEGMAFIA - BALD!,JPEGMAFIA,I listen to Doing It Stealthy when I'm experiencing existential dread. It makes it worse but... I just can't stop.,0
JPEGMAFIA,Alternative,RBlRmwRVBpM,JPEGMAFIA - BALD!,JPEGMAFIA,"Doing It Stealthy makes me happy in a way that no woman ever could... btw I'm single and so alone, please message me.",0
JPEGMAFIA,Alternative,RBlRmwRVBpM,JPEGMAFIA - BALD!,JPEGMAFIA,"I listen to Doing It Stealthy by Oloff whenever I need therapy. Yeah, I could pay $300 an hour for some college clown to tell me what to feel, or I could just smash great big fucking coconuts on my head and listen to my favourite song over and over again.",0
JPEGMAFIA,Alternative,mjd5fSPjZLQ,"JPEGMAFIA - Jesus Forgive Me, I Am A Thot",JPEGMAFIA,i miss the old peggy,1
JPEGMAFIA,Alternative,mjd5fSPjZLQ,"JPEGMAFIA - Jesus Forgive Me, I Am A Thot",JPEGMAFIA,Peggy laughed at the same joke like three times in the comments,0
JPEGMAFIA,Alternative,mjd5fSPjZLQ,"JPEGMAFIA - Jesus Forgive Me, I Am A Thot",JPEGMAFIA,❤️‍🩹❤️‍🩹❤️‍🩹,2
JPEGMAFIA,Alternative,mjd5fSPjZLQ,"JPEGMAFIA - Jesus Forgive Me, I Am A Thot",JPEGMAFIA,Jpeg growing on me more and more as life goes on,4
JPEGMAFIA,Alternative,mjd5fSPjZLQ,"JPEGMAFIA - Jesus Forgive Me, I Am A Thot",JPEGMAFIA,Method,1
JPEGMAFIA,Alternative,mjd5fSPjZLQ,"JPEGMAFIA - Jesus Forgive Me, I Am A Thot",JPEGMAFIA,I think this is his best song deadass. The chords are so nice.,6
JPEGMAFIA,Alternative,mjd5fSPjZLQ,"JPEGMAFIA - Jesus Forgive Me, I Am A Thot",JPEGMAFIA,"""jesus forgive me, i am a cornball""",17
JPEGMAFIA,Alternative,mjd5fSPjZLQ,"JPEGMAFIA - Jesus Forgive Me, I Am A Thot",JPEGMAFIA,First time ever hearing him sing he even screamed like it was some screamo punk song too,3
JPEGMAFIA,Alternative,mjd5fSPjZLQ,"JPEGMAFIA - Jesus Forgive Me, I Am A Thot",JPEGMAFIA,what happened to this peggy man,14
JPEGMAFIA,Alternative,mjd5fSPjZLQ,"JPEGMAFIA - Jesus Forgive Me, I Am A Thot",JPEGMAFIA,Came here after „experimental rap” to listen to some experimental rap,160
JPEGMAFIA,Alternative,mjd5fSPjZLQ,"JPEGMAFIA - Jesus Forgive Me, I Am A Thot",JPEGMAFIA,<3,0
JPEGMAFIA,Alternative,mjd5fSPjZLQ,"JPEGMAFIA - Jesus Forgive Me, I Am A Thot",JPEGMAFIA,TALKING HEADS REFERENCE,1
JPEGMAFIA,Alternative,mjd5fSPjZLQ,"JPEGMAFIA - Jesus Forgive Me, I Am A Thot",JPEGMAFIA,hard asf,0
JPEGMAFIA,Alternative,mjd5fSPjZLQ,"JPEGMAFIA - Jesus Forgive Me, I Am A Thot",JPEGMAFIA,Jpeg is not this generation’s Kanye,0
JPEGMAFIA,Alternative,mjd5fSPjZLQ,"JPEGMAFIA - Jesus Forgive Me, I Am A Thot",JPEGMAFIA,Shaking ass to this song was one of the best experiences I've ever had at a live show,1
JPEGMAFIA,Alternative,mjd5fSPjZLQ,"JPEGMAFIA - Jesus Forgive Me, I Am A Thot",JPEGMAFIA,this just an incredible piece of art,1
JPEGMAFIA,Alternative,mjd5fSPjZLQ,"JPEGMAFIA - Jesus Forgive Me, I Am A Thot",JPEGMAFIA,"Here looking up producers of ARIRANG. Awesome song, awesome name for a song.",1
JPEGMAFIA,Alternative,mjd5fSPjZLQ,"JPEGMAFIA - Jesus Forgive Me, I Am A Thot",JPEGMAFIA,0:56: these chords are tickling my brain,3
JPEGMAFIA,Alternative,mjd5fSPjZLQ,"JPEGMAFIA - Jesus Forgive Me, I Am A Thot",JPEGMAFIA,THIS IS WHY I LOVE FREDDIE GIBBS FANS 😏,0
JPEGMAFIA,Alternative,mjd5fSPjZLQ,"JPEGMAFIA - Jesus Forgive Me, I Am A Thot",JPEGMAFIA,The motha fuckin lawdd,0
JPEGMAFIA,Alternative,mjd5fSPjZLQ,"JPEGMAFIA - Jesus Forgive Me, I Am A Thot",JPEGMAFIA,feels like a bad danny glover without substance,1
JPEGMAFIA,Alternative,mjd5fSPjZLQ,"JPEGMAFIA - Jesus Forgive Me, I Am A Thot",JPEGMAFIA,Pray...2026,0
JPEGMAFIA,Alternative,mjd5fSPjZLQ,"JPEGMAFIA - Jesus Forgive Me, I Am A Thot",JPEGMAFIA,This is beautiful,1
JPEGMAFIA,Alternative,mjd5fSPjZLQ,"JPEGMAFIA - Jesus Forgive Me, I Am A Thot",JPEGMAFIA,<3333,0
JPEGMAFIA,Alternative,mjd5fSPjZLQ,"JPEGMAFIA - Jesus Forgive Me, I Am A Thot",JPEGMAFIA,bl9 kak zhe obozhayu,0
JPEGMAFIA,Alternative,mjd5fSPjZLQ,"JPEGMAFIA - Jesus Forgive Me, I Am A Thot",JPEGMAFIA,0:55  ME TOO BRO… ON GOD!!,1
JPEGMAFIA,Alternative,mjd5fSPjZLQ,"JPEGMAFIA - Jesus Forgive Me, I Am A Thot",JPEGMAFIA,Great❤🎉,0
JPEGMAFIA,Alternative,mjd5fSPjZLQ,"JPEGMAFIA - Jesus Forgive Me, I Am A Thot",JPEGMAFIA,Jesus is real!,1
JPEGMAFIA,Alternative,mjd5fSPjZLQ,"JPEGMAFIA - Jesus Forgive Me, I Am A Thot",JPEGMAFIA,ts on 1.75x speed is so funny,1
JPEGMAFIA,Alternative,mjd5fSPjZLQ,"JPEGMAFIA - Jesus Forgive Me, I Am A Thot",JPEGMAFIA,Peggy i hate you ideas i'm having right now you done it 6 years ago,1
JPEGMAFIA,Alternative,mjd5fSPjZLQ,"JPEGMAFIA - Jesus Forgive Me, I Am A Thot",JPEGMAFIA,Fuck... I miss this era.,11
JPEGMAFIA,Alternative,mjd5fSPjZLQ,"JPEGMAFIA - Jesus Forgive Me, I Am A Thot",JPEGMAFIA,Best 2019 rap song,2
JPEGMAFIA,Alternative,mjd5fSPjZLQ,"JPEGMAFIA - Jesus Forgive Me, I Am A Thot",JPEGMAFIA,THE ALBUM IS FINALLY BACK,4
JPEGMAFIA,Alternative,mjd5fSPjZLQ,"JPEGMAFIA - Jesus Forgive Me, I Am A Thot",JPEGMAFIA,ITS BACKKKKKKKK,3
JPEGMAFIA,Alternative,mjd5fSPjZLQ,"JPEGMAFIA - Jesus Forgive Me, I Am A Thot",JPEGMAFIA,"i put my soul in a struggle bar, personally",2
JPEGMAFIA,Alternative,mjd5fSPjZLQ,"JPEGMAFIA - Jesus Forgive Me, I Am A Thot",JPEGMAFIA,we need this album back,1
JPEGMAFIA,Alternative,mjd5fSPjZLQ,"JPEGMAFIA - Jesus Forgive Me, I Am A Thot",JPEGMAFIA,"It's off Spotify, bring it back please....",10
JPEGMAFIA,Alternative,mjd5fSPjZLQ,"JPEGMAFIA - Jesus Forgive Me, I Am A Thot",JPEGMAFIA,put this back on streaming please peggy 👀👀,6
JPEGMAFIA,Alternative,mjd5fSPjZLQ,"JPEGMAFIA - Jesus Forgive Me, I Am A Thot",JPEGMAFIA,WHY DID YOU TAKE THIS OFF SPOTIFY I JUST STARTED PROPERLY LISTENING TO YOUR MUSIC LOL,14
JPEGMAFIA,Alternative,mjd5fSPjZLQ,"JPEGMAFIA - Jesus Forgive Me, I Am A Thot",JPEGMAFIA,Why is it off streaming now,19
JPEGMAFIA,Alternative,mjd5fSPjZLQ,"JPEGMAFIA - Jesus Forgive Me, I Am A Thot",JPEGMAFIA,Please bring this back on streaming I need this,169
JPEGMAFIA,Alternative,mjd5fSPjZLQ,"JPEGMAFIA - Jesus Forgive Me, I Am A Thot",JPEGMAFIA,Gayest straight man ever,11
JPEGMAFIA,Alternative,mjd5fSPjZLQ,"JPEGMAFIA - Jesus Forgive Me, I Am A Thot",JPEGMAFIA,😂😂this mf got issues… but ong this my shiii,0
JPEGMAFIA,Alternative,mjd5fSPjZLQ,"JPEGMAFIA - Jesus Forgive Me, I Am A Thot",JPEGMAFIA,One day I'll do you're shit better than you do but until then you're a genuine hero and inspiration to me man. I hope one day to surpass you and actually be good at making beats and rapping. But I love your stuff and hope you keep putting your shit out there cuz your music out here changing the entire landscape of music,2
JPEGMAFIA,Alternative,mjd5fSPjZLQ,"JPEGMAFIA - Jesus Forgive Me, I Am A Thot",JPEGMAFIA,This beat is so ILL. Lyrics on point. Salute!,2
JPEGMAFIA,Alternative,mjd5fSPjZLQ,"JPEGMAFIA - Jesus Forgive Me, I Am A Thot",JPEGMAFIA,peak deutschland,0
JPEGMAFIA,Alternative,mjd5fSPjZLQ,"JPEGMAFIA - Jesus Forgive Me, I Am A Thot",JPEGMAFIA,One of the greatest rap songs of all time,0
JPEGMAFIA,Alternative,mjd5fSPjZLQ,"JPEGMAFIA - Jesus Forgive Me, I Am A Thot",JPEGMAFIA,its been 6 years and NOBODY has found the sample to this. you’re insane pegger,3
JPEGMAFIA,Alternative,mjd5fSPjZLQ,"JPEGMAFIA - Jesus Forgive Me, I Am A Thot",JPEGMAFIA,"Alsof er meerdere songs dwars door elkaar worden gedraaid, maar dan leuk, écht goed!",0
JPEGMAFIA,Alternative,mjd5fSPjZLQ,"JPEGMAFIA - Jesus Forgive Me, I Am A Thot",JPEGMAFIA,Perfect post-nut clarity music,4
JPEGMAFIA,Alternative,mjd5fSPjZLQ,"JPEGMAFIA - Jesus Forgive Me, I Am A Thot",JPEGMAFIA,algorithm decided i need to take it back a bit today,0
JPEGMAFIA,Alternative,mjd5fSPjZLQ,"JPEGMAFIA - Jesus Forgive Me, I Am A Thot",JPEGMAFIA,I saw him live yesterday supporting Linkin park never heard his music before then,0
JPEGMAFIA,Alternative,mjd5fSPjZLQ,"JPEGMAFIA - Jesus Forgive Me, I Am A Thot",JPEGMAFIA,"This is the most bi-polar song every, and I'm kinda fucking with it",0
JPEGMAFIA,Alternative,mjd5fSPjZLQ,"JPEGMAFIA - Jesus Forgive Me, I Am A Thot",JPEGMAFIA,I found the christ through this song. thanks  A Thot,0
JPEGMAFIA,Alternative,mjd5fSPjZLQ,"JPEGMAFIA - Jesus Forgive Me, I Am A Thot",JPEGMAFIA,❤❤❤❤,0
JPEGMAFIA,Alternative,mjd5fSPjZLQ,"JPEGMAFIA - Jesus Forgive Me, I Am A Thot",JPEGMAFIA,1:45 Talking Heads reference,25
JPEGMAFIA,Alternative,mjd5fSPjZLQ,"JPEGMAFIA - Jesus Forgive Me, I Am A Thot",JPEGMAFIA,this shit is so ass it's beautiful,3
JPEGMAFIA,Alternative,mjd5fSPjZLQ,"JPEGMAFIA - Jesus Forgive Me, I Am A Thot",JPEGMAFIA,"As an anonymous person who also forgets all lyrics I just gotta say, praise the mutha fawkin lawd <3",0
JPEGMAFIA,Alternative,mjd5fSPjZLQ,"JPEGMAFIA - Jesus Forgive Me, I Am A Thot",JPEGMAFIA,Sophmore year,0
JPEGMAFIA,Alternative,mjd5fSPjZLQ,"JPEGMAFIA - Jesus Forgive Me, I Am A Thot",JPEGMAFIA,Im so upset that I've been sleeping on this track for so long 😤😭 Where tf have I beeennnn.. Now I gotta listen to AMHAC for the first time. I want more of peggy's melodic vocalsssss,2
JPEGMAFIA,Alternative,mjd5fSPjZLQ,"JPEGMAFIA - Jesus Forgive Me, I Am A Thot",JPEGMAFIA,tht chorus is beutiful 💖,0
JPEGMAFIA,Alternative,mjd5fSPjZLQ,"JPEGMAFIA - Jesus Forgive Me, I Am A Thot",JPEGMAFIA,1:12,0
JPEGMAFIA,Alternative,mjd5fSPjZLQ,"JPEGMAFIA - Jesus Forgive Me, I Am A Thot",JPEGMAFIA,Wtf is this shit 🫣🤮💩😮,0
JPEGMAFIA,Alternative,mjd5fSPjZLQ,"JPEGMAFIA - Jesus Forgive Me, I Am A Thot",JPEGMAFIA,you think you me,0
JPEGMAFIA,Alternative,mjd5fSPjZLQ,"JPEGMAFIA - Jesus Forgive Me, I Am A Thot",JPEGMAFIA,shakin the peen to this on the southern paklistan border,0
JPEGMAFIA,Alternative,mjd5fSPjZLQ,"JPEGMAFIA - Jesus Forgive Me, I Am A Thot",JPEGMAFIA,"i ascended when i heard the ""for reAAAALLLLLLLlll""",0
JPEGMAFIA,Alternative,mjd5fSPjZLQ,"JPEGMAFIA - Jesus Forgive Me, I Am A Thot",JPEGMAFIA,im so confusing im aint hard to find,0
JPEGMAFIA,Alternative,mjd5fSPjZLQ,"JPEGMAFIA - Jesus Forgive Me, I Am A Thot",JPEGMAFIA,0:56,0
JPEGMAFIA,Alternative,mjd5fSPjZLQ,"JPEGMAFIA - Jesus Forgive Me, I Am A Thot",JPEGMAFIA,back when peggy had a good fucking camera motherfucker why are you using a nokia,11
JPEGMAFIA,Alternative,mjd5fSPjZLQ,"JPEGMAFIA - Jesus Forgive Me, I Am A Thot",JPEGMAFIA,fo rehheal,0
JPEGMAFIA,Alternative,mjd5fSPjZLQ,"JPEGMAFIA - Jesus Forgive Me, I Am A Thot",JPEGMAFIA,Just came from angelic 2 the core I needed to fix my ears with good music after listening to angelic 2 the core😭🤦🏽‍♂️🙏🏽,0
JPEGMAFIA,Alternative,mjd5fSPjZLQ,"JPEGMAFIA - Jesus Forgive Me, I Am A Thot",JPEGMAFIA,0:44 Peggy let's out his rawest scream I've heard him do for like couple of seconds before going all glorious & shit,13
JPEGMAFIA,Alternative,mjd5fSPjZLQ,"JPEGMAFIA - Jesus Forgive Me, I Am A Thot",JPEGMAFIA,this song and video are absolute masterpieces omg THANK YOU peggy i love you so much this album is my life,1
JPEGMAFIA,Alternative,mjd5fSPjZLQ,"JPEGMAFIA - Jesus Forgive Me, I Am A Thot",JPEGMAFIA,where is bro 😭,1
JPEGMAFIA,Alternative,mjd5fSPjZLQ,"JPEGMAFIA - Jesus Forgive Me, I Am A Thot",JPEGMAFIA,im in love,1
JPEGMAFIA,Alternative,mjd5fSPjZLQ,"JPEGMAFIA - Jesus Forgive Me, I Am A Thot",JPEGMAFIA,i love peggy,1
JPEGMAFIA,Alternative,mjd5fSPjZLQ,"JPEGMAFIA - Jesus Forgive Me, I Am A Thot",JPEGMAFIA,I Love peggy,2
JPEGMAFIA,Alternative,mjd5fSPjZLQ,"JPEGMAFIA - Jesus Forgive Me, I Am A Thot",JPEGMAFIA,Yooooooooooooooooooooooo,0
JPEGMAFIA,Alternative,mjd5fSPjZLQ,"JPEGMAFIA - Jesus Forgive Me, I Am A Thot",JPEGMAFIA,"THE CONNECTION I HAVE TO THIS SONG IS INDESCRIBABLE. TOP 5 SONG OF ALL TIME ALL GENRES. GOAT RAPPER. (i’m high, Peggy you’re the 🐐)",9
JPEGMAFIA,Alternative,mjd5fSPjZLQ,"JPEGMAFIA - Jesus Forgive Me, I Am A Thot",JPEGMAFIA,😅❤❤,0
JPEGMAFIA,Alternative,mjd5fSPjZLQ,"JPEGMAFIA - Jesus Forgive Me, I Am A Thot",JPEGMAFIA,"If you’ve ever been to one of his shows, that opening is straight ASMR",3
JPEGMAFIA,Alternative,mjd5fSPjZLQ,"JPEGMAFIA - Jesus Forgive Me, I Am A Thot",JPEGMAFIA,Bro tf is that title,8
JPEGMAFIA,Alternative,mjd5fSPjZLQ,"JPEGMAFIA - Jesus Forgive Me, I Am A Thot",JPEGMAFIA,Why this still hinting so hard !!!🦍🦍,1
JPEGMAFIA,Alternative,mjd5fSPjZLQ,"JPEGMAFIA - Jesus Forgive Me, I Am A Thot",JPEGMAFIA,What the fuck...this came out over 5 years ago now. How can time pass that fast.,31
JPEGMAFIA,Alternative,mjd5fSPjZLQ,"JPEGMAFIA - Jesus Forgive Me, I Am A Thot",JPEGMAFIA,peggy camera quality evolution gotta be studied from cinema quality to ipod quality,11
JPEGMAFIA,Alternative,mjd5fSPjZLQ,"JPEGMAFIA - Jesus Forgive Me, I Am A Thot",JPEGMAFIA,hmm https://youtu.be/DCwb2i2rT58?si=7IWq8QMdzjAx6G6J,0
JPEGMAFIA,Alternative,mjd5fSPjZLQ,"JPEGMAFIA - Jesus Forgive Me, I Am A Thot",JPEGMAFIA,he hit that ''for reeeeeaaal'' perfectly,4
JPEGMAFIA,Alternative,mjd5fSPjZLQ,"JPEGMAFIA - Jesus Forgive Me, I Am A Thot",JPEGMAFIA,camera quality too good for peg,3
JPEGMAFIA,Alternative,mjd5fSPjZLQ,"JPEGMAFIA - Jesus Forgive Me, I Am A Thot",JPEGMAFIA,brabo muleke,0
JPEGMAFIA,Alternative,mjd5fSPjZLQ,"JPEGMAFIA - Jesus Forgive Me, I Am A Thot",JPEGMAFIA,What the fuck is this bro are you being controlled?,0
JPEGMAFIA,Alternative,mjd5fSPjZLQ,"JPEGMAFIA - Jesus Forgive Me, I Am A Thot",JPEGMAFIA,"Just found this song for the first time, he floated",3
JPEGMAFIA,Alternative,mjd5fSPjZLQ,"JPEGMAFIA - Jesus Forgive Me, I Am A Thot",JPEGMAFIA,Anderson Susan Gonzalez Jose Anderson Kevin,0
JPEGMAFIA,Alternative,mjd5fSPjZLQ,"JPEGMAFIA - Jesus Forgive Me, I Am A Thot",JPEGMAFIA,Whatever he did to the beat exactly at 0:57 got me creaming my pants,5
JPEGMAFIA,Alternative,mjd5fSPjZLQ,"JPEGMAFIA - Jesus Forgive Me, I Am A Thot",JPEGMAFIA,First time I’m listening to this 😊,4
JPEGMAFIA,Alternative,mjd5fSPjZLQ,"JPEGMAFIA - Jesus Forgive Me, I Am A Thot",JPEGMAFIA,I will never forgive Peggy for this aspect ratio,5
JPEGMAFIA,Alternative,mjd5fSPjZLQ,"JPEGMAFIA - Jesus Forgive Me, I Am A Thot",JPEGMAFIA,SHAKE IT LIKE AAA,0
JPEGMAFIA,Alternative,mjd5fSPjZLQ,"JPEGMAFIA - Jesus Forgive Me, I Am A Thot",JPEGMAFIA,There is never gonna be another song that sounds like this ever again,7
JPEGMAFIA,Alternative,mjd5fSPjZLQ,"JPEGMAFIA - Jesus Forgive Me, I Am A Thot",JPEGMAFIA,i want to kiss peggy (parasocial),7
JPEGMAFIA,Alternative,mjd5fSPjZLQ,"JPEGMAFIA - Jesus Forgive Me, I Am A Thot",JPEGMAFIA,YOU BETTER COUNT YOUR BLESSES FOR REEEEEEEEEAAAAALLLLLL AMEN,4
JPEGMAFIA,Alternative,mjd5fSPjZLQ,"JPEGMAFIA - Jesus Forgive Me, I Am A Thot",JPEGMAFIA,"Man, this song is amazing.",2
JPEGMAFIA,Alternative,mjd5fSPjZLQ,"JPEGMAFIA - Jesus Forgive Me, I Am A Thot",JPEGMAFIA,James blake told Peggy he loved this song. He didn't need anymore opinions after that.,7
JPEGMAFIA,Alternative,mjd5fSPjZLQ,"JPEGMAFIA - Jesus Forgive Me, I Am A Thot",JPEGMAFIA,james blake approved,5
JPEGMAFIA,Alternative,mjd5fSPjZLQ,"JPEGMAFIA - Jesus Forgive Me, I Am A Thot",JPEGMAFIA,1:09 the part you’re here for,4
JPEGMAFIA,Alternative,mjd5fSPjZLQ,"JPEGMAFIA - Jesus Forgive Me, I Am A Thot",JPEGMAFIA,This song is incredible live. As most with PEGGY.,2
JPEGMAFIA,Alternative,mjd5fSPjZLQ,"JPEGMAFIA - Jesus Forgive Me, I Am A Thot",JPEGMAFIA,Garcia David Wilson Shirley Perez George,0
JPEGMAFIA,Alternative,mjd5fSPjZLQ,"JPEGMAFIA - Jesus Forgive Me, I Am A Thot",JPEGMAFIA,i wanna cry,2
JPEGMAFIA,Alternative,mjd5fSPjZLQ,"JPEGMAFIA - Jesus Forgive Me, I Am A Thot",JPEGMAFIA,1:02,1
JPEGMAFIA,Alternative,mjd5fSPjZLQ,"JPEGMAFIA - Jesus Forgive Me, I Am A Thot",JPEGMAFIA,I wish i could like a song twice,3
JPEGMAFIA,Alternative,mjd5fSPjZLQ,"JPEGMAFIA - Jesus Forgive Me, I Am A Thot",JPEGMAFIA,fucking timeless,2
JPEGMAFIA,Alternative,mjd5fSPjZLQ,"JPEGMAFIA - Jesus Forgive Me, I Am A Thot",JPEGMAFIA,Jesus still calls me a puta :/ forgive me,2
JPEGMAFIA,Alternative,mjd5fSPjZLQ,"JPEGMAFIA - Jesus Forgive Me, I Am A Thot",JPEGMAFIA,lmao,3
JPEGMAFIA,Alternative,mjd5fSPjZLQ,"JPEGMAFIA - Jesus Forgive Me, I Am A Thot",JPEGMAFIA,I would follow you around a desert for 40 years.,1
JPEGMAFIA,Alternative,mjd5fSPjZLQ,"JPEGMAFIA - Jesus Forgive Me, I Am A Thot",JPEGMAFIA,this shi makes me feel gay,16
JPEGMAFIA,Alternative,mjd5fSPjZLQ,"JPEGMAFIA - Jesus Forgive Me, I Am A Thot",JPEGMAFIA,This is trash. The beat garbage no bars no lyrics no talent. Wow this is terrible,1
JPEGMAFIA,Alternative,mjd5fSPjZLQ,"JPEGMAFIA - Jesus Forgive Me, I Am A Thot",JPEGMAFIA,"I met Oloff at a supermarket once and asked him ''How did you write Doing It Stealthy?'' he didn't answer, he was too busy paying for his asparagus.",0
JPEGMAFIA,Alternative,mjd5fSPjZLQ,"JPEGMAFIA - Jesus Forgive Me, I Am A Thot",JPEGMAFIA,33/6 day,0
JPEGMAFIA,Alternative,mjd5fSPjZLQ,"JPEGMAFIA - Jesus Forgive Me, I Am A Thot",JPEGMAFIA,0:43 The fact that this part only lasted for like 8 seconds is enough to make a grown man kill himself,2
JPEGMAFIA,Alternative,mjd5fSPjZLQ,"JPEGMAFIA - Jesus Forgive Me, I Am A Thot",JPEGMAFIA,I listen to Oloff when I'm experiencing existential dread. It makes it worse but... I just can't stop.,0
JPEGMAFIA,Alternative,mjd5fSPjZLQ,"JPEGMAFIA - Jesus Forgive Me, I Am A Thot",JPEGMAFIA,could be me buh it kinda sounds like a soundtrack on skate 3,0
JPEGMAFIA,Alternative,mjd5fSPjZLQ,"JPEGMAFIA - Jesus Forgive Me, I Am A Thot",JPEGMAFIA,heloo jpegmafia hi how are you do you rap????,1
JPEGMAFIA,Alternative,mjd5fSPjZLQ,"JPEGMAFIA - Jesus Forgive Me, I Am A Thot",JPEGMAFIA,What the fuck is this?,0
JPEGMAFIA,Alternative,mjd5fSPjZLQ,"JPEGMAFIA - Jesus Forgive Me, I Am A Thot",JPEGMAFIA,Got an advert for Bitbible before this,0
JPEGMAFIA,Alternative,mjd5fSPjZLQ,"JPEGMAFIA - Jesus Forgive Me, I Am A Thot",JPEGMAFIA,columbine is crazy,1
JPEGMAFIA,Alternative,mjd5fSPjZLQ,"JPEGMAFIA - Jesus Forgive Me, I Am A Thot",JPEGMAFIA,Peggy lowkey lookin cute in this one 😳,4
JPEGMAFIA,Alternative,mjd5fSPjZLQ,"JPEGMAFIA - Jesus Forgive Me, I Am A Thot",JPEGMAFIA,Totally just realized how much bro sounds like JID,0
JPEGMAFIA,Alternative,mjd5fSPjZLQ,"JPEGMAFIA - Jesus Forgive Me, I Am A Thot",JPEGMAFIA,This beat sound like I’m floating 18/10 absolutely terrible,1
JPEGMAFIA,Alternative,mjd5fSPjZLQ,"JPEGMAFIA - Jesus Forgive Me, I Am A Thot",JPEGMAFIA,1:02 🗣🗣😩😩🔥🔥,2
JPEGMAFIA,Alternative,mjd5fSPjZLQ,"JPEGMAFIA - Jesus Forgive Me, I Am A Thot",JPEGMAFIA,fucking masterpiece,1
JPEGMAFIA,Alternative,mjd5fSPjZLQ,"JPEGMAFIA - Jesus Forgive Me, I Am A Thot",JPEGMAFIA,Lmfaooooooooooooooooooo,0
JPEGMAFIA,Alternative,mjd5fSPjZLQ,"JPEGMAFIA - Jesus Forgive Me, I Am A Thot",JPEGMAFIA,"Jpg te invito a mi casita estarán haciendo empanaditas de frijol, también conocerás a mi abuelita",4
JPEGMAFIA,Alternative,mjd5fSPjZLQ,"JPEGMAFIA - Jesus Forgive Me, I Am A Thot",JPEGMAFIA,peggy is like zesty in a badass way and i love it,119
JPEGMAFIA,Alternative,mjd5fSPjZLQ,"JPEGMAFIA - Jesus Forgive Me, I Am A Thot",JPEGMAFIA,"how could you name your song like that?????!? BUT even so, i do respect your opinion!!!!!",1
JPEGMAFIA,Alternative,mjd5fSPjZLQ,"JPEGMAFIA - Jesus Forgive Me, I Am A Thot",JPEGMAFIA,1:50 0:43,0
JPEGMAFIA,Alternative,mjd5fSPjZLQ,"JPEGMAFIA - Jesus Forgive Me, I Am A Thot",JPEGMAFIA,As a Christian this goes hard,4
JPEGMAFIA,Alternative,mjd5fSPjZLQ,"JPEGMAFIA - Jesus Forgive Me, I Am A Thot",JPEGMAFIA,Best producer since 1928,2
JPEGMAFIA,Alternative,mjd5fSPjZLQ,"JPEGMAFIA - Jesus Forgive Me, I Am A Thot",JPEGMAFIA,"So i see JID got a piece of his flow around 1:22 in the song ""stick"" with sheck wes 🤔",2
JPEGMAFIA,Alternative,mjd5fSPjZLQ,"JPEGMAFIA - Jesus Forgive Me, I Am A Thot",JPEGMAFIA,2:26,0
JPEGMAFIA,Alternative,mjd5fSPjZLQ,"JPEGMAFIA - Jesus Forgive Me, I Am A Thot",JPEGMAFIA,"""for reEeEeEaAaL"" 🎤😩🎼🎶🎵",39
JPEGMAFIA,Alternative,mjd5fSPjZLQ,"JPEGMAFIA - Jesus Forgive Me, I Am A Thot",JPEGMAFIA,:morningjak:,1
JPEGMAFIA,Alternative,mjd5fSPjZLQ,"JPEGMAFIA - Jesus Forgive Me, I Am A Thot",JPEGMAFIA,"BETTER COUNT YOUR BLESSINGS
FOR REAAAAAAAAAAALL ✨💖",16
JPEGMAFIA,Alternative,mjd5fSPjZLQ,"JPEGMAFIA - Jesus Forgive Me, I Am A Thot",JPEGMAFIA,4 years ago he spent the whole HD 4k budget on this one and he was forced to use nokia phones to shoot since then.,5
JPEGMAFIA,Alternative,mjd5fSPjZLQ,"JPEGMAFIA - Jesus Forgive Me, I Am A Thot",JPEGMAFIA,Real ones are here 4 years later to report the video again.,2
JPEGMAFIA,Alternative,mjd5fSPjZLQ,"JPEGMAFIA - Jesus Forgive Me, I Am A Thot",JPEGMAFIA,I beat off in slow motion to this… still a beautiful display of trash! Love it,2
JPEGMAFIA,Alternative,mjd5fSPjZLQ,"JPEGMAFIA - Jesus Forgive Me, I Am A Thot",JPEGMAFIA,I'm late but this dude be rapping his ass off,2
JPEGMAFIA,Alternative,mjd5fSPjZLQ,"JPEGMAFIA - Jesus Forgive Me, I Am A Thot",JPEGMAFIA,Best camera this guy ever got,21
JPEGMAFIA,Alternative,mjd5fSPjZLQ,"JPEGMAFIA - Jesus Forgive Me, I Am A Thot",JPEGMAFIA,❤❤❤❤,1
JPEGMAFIA,Alternative,mjd5fSPjZLQ,"JPEGMAFIA - Jesus Forgive Me, I Am A Thot",JPEGMAFIA,0:58,0
JPEGMAFIA,Alternative,mjd5fSPjZLQ,"JPEGMAFIA - Jesus Forgive Me, I Am A Thot",JPEGMAFIA,DAMN PEGGY U FINNA MAKE ME NUT!,7
JPEGMAFIA,Alternative,mjd5fSPjZLQ,"JPEGMAFIA - Jesus Forgive Me, I Am A Thot",JPEGMAFIA,"This video is so high quality, kinda feels inappropriate. Everytime i listen to any peggy i think about grimy, old digital images, not cinema quality cameras, anyways, the aesthetics of this album are actually crazy. Absolutely stunning stuff, really. It's so creative and deeply rooted in this chronically online aesthetic but in a really good way. Don't know who made the visuals for this project but they did an hell of a good job",3
JPEGMAFIA,Alternative,mjd5fSPjZLQ,"JPEGMAFIA - Jesus Forgive Me, I Am A Thot",JPEGMAFIA,"peggy save meeee
save me peggyyy",0
JPEGMAFIA,Alternative,mjd5fSPjZLQ,"JPEGMAFIA - Jesus Forgive Me, I Am A Thot",JPEGMAFIA,Kendrick toofar,0
JPEGMAFIA,Alternative,mjd5fSPjZLQ,"JPEGMAFIA - Jesus Forgive Me, I Am A Thot",JPEGMAFIA,pegged,3
JPEGMAFIA,Alternative,mjd5fSPjZLQ,"JPEGMAFIA - Jesus Forgive Me, I Am A Thot",JPEGMAFIA,wjaht the fuck is happngining,2
JPEGMAFIA,Alternative,mjd5fSPjZLQ,"JPEGMAFIA - Jesus Forgive Me, I Am A Thot",JPEGMAFIA,PRAY! 😬😬😬😬❤️❤️😘❤️😘😘❤️,2
JPEGMAFIA,Alternative,mjd5fSPjZLQ,"JPEGMAFIA - Jesus Forgive Me, I Am A Thot",JPEGMAFIA,YAAAASSSSSS!!!!!!❤❤❤❤❤❤😂😂😂😂😂😂😂😂😂😂😂😂😮😮😮😮I CANT FEEL MY FACE OHH GODDD,1
JPEGMAFIA,Alternative,mjd5fSPjZLQ,"JPEGMAFIA - Jesus Forgive Me, I Am A Thot",JPEGMAFIA,"Sector 6 7 8 9 10 11 12 
Tray-trip collect. 


-pick up! 

Sessions®™©✓

[Jason Roman Sandoval] 

9:30 p.m. on Oct. 13th , 2023",0
JPEGMAFIA,Alternative,mjd5fSPjZLQ,"JPEGMAFIA - Jesus Forgive Me, I Am A Thot",JPEGMAFIA,"Tepton tip! #game :) 

@me 😂😆",0
JPEGMAFIA,Alternative,mjd5fSPjZLQ,"JPEGMAFIA - Jesus Forgive Me, I Am A Thot",JPEGMAFIA,4 years since this came out what,0
JPEGMAFIA,Alternative,mjd5fSPjZLQ,"JPEGMAFIA - Jesus Forgive Me, I Am A Thot",JPEGMAFIA,I watched this with my dick out,16
JPEGMAFIA,Alternative,mjd5fSPjZLQ,"JPEGMAFIA - Jesus Forgive Me, I Am A Thot",JPEGMAFIA,This song always reminds me of my time in Utah & Alaska......sighh,3
JPEGMAFIA,Alternative,mjd5fSPjZLQ,"JPEGMAFIA - Jesus Forgive Me, I Am A Thot",JPEGMAFIA,"(Lyrics)
Oh (You think you know me)
When we rappin'?
Pray (Pray), pray
Pray you get comfy in your disguise (Uh)
Pray for my thots on the other side (Side)
Pray for my children I can't provide, I feel 45
Pray when you shoot, it's a homicide
Pray for my haters, they terrified
Nigga could kill me, I'm verified
But I'm still alive, yeah, I'm still alive
Pray that I end up like Charlize Theron
I'm so confused, I ain't hard to find
I push you pussies behind the pine
Hope you get some shine, hope you get some shine
Come out the pocketbook every time
Feel like I'm shootin', I'm shiftin' time
Dressed in your grandmama hand-me-downs, pussy nigga
Huh, sucka, I'm prominent, I was anonymous
I been in front of you every time
This ain't a bridge, it's a collar crime
I put my soul into every bar (Man)
Into every verse, man, into every rhyme (Shit)
I can't feel my face, oh god
SMH, no ASMR (Huh!)
Show me where the prophets go
Show me how to keep my pussy close
She said, ""You better count your blessings for real""
Amen (Woo!)
Pray (Pray), pray
Pray for my babies, they doin' time
Pray that these crackers don't Columbine
I just pray that I peak before my decline
Make 'em hit recline
You know my shooter a proper dime, clarity
Nigga, these bullets get entered in clip
And go into the Kimber that hit your spine
Britney, this a sign
Pray you grow healthy and hit your prime
Ooh, I should pray for a better line
But I don't wan' make all my peers resign
2035, I'll be 45
They say the church leave us all behind
Speaking in tongues like I'm David Byrne
Bitch, I turn a threat to a nevermind, nevermind
Pray for all of these niggas been lyin' and frontin' for company
Bitch, I'm a diva, no punk in me
Fuck you want from me? I'll put you under me, nigga (Oh)
I'll put your soul in a struggle bar
I can't feel my face, oh god
SMH, no ASMR (Huh!)
Show me where the prophets go
Show me how to keep my pussy close
She said, ""You better count your blessings for real""
Amen
Praise the motherfuckin' lord
(Oh, dead-dead-deadly)",2
JPEGMAFIA,Alternative,mjd5fSPjZLQ,"JPEGMAFIA - Jesus Forgive Me, I Am A Thot",JPEGMAFIA,YOU THINK U KNOW ME,1
JPEGMAFIA,Alternative,mjd5fSPjZLQ,"JPEGMAFIA - Jesus Forgive Me, I Am A Thot",JPEGMAFIA,Cuteness overload 😊😊😊,5
JPEGMAFIA,Alternative,mjd5fSPjZLQ,"JPEGMAFIA - Jesus Forgive Me, I Am A Thot",JPEGMAFIA,Forgive you for what J,2
JPEGMAFIA,Alternative,mjd5fSPjZLQ,"JPEGMAFIA - Jesus Forgive Me, I Am A Thot",JPEGMAFIA,4 year anniversary time.,1
JPEGMAFIA,Alternative,mjd5fSPjZLQ,"JPEGMAFIA - Jesus Forgive Me, I Am A Thot",JPEGMAFIA,Cancion culia buena 🗣️🗣️,1
JPEGMAFIA,Alternative,mjd5fSPjZLQ,"JPEGMAFIA - Jesus Forgive Me, I Am A Thot",JPEGMAFIA,this song makes me miss drugs,5
JPEGMAFIA,Alternative,mjd5fSPjZLQ,"JPEGMAFIA - Jesus Forgive Me, I Am A Thot",JPEGMAFIA,man take me back to being 13 and feeling so excited over this guy earl whos stuck in reform school,2
JPEGMAFIA,Alternative,mjd5fSPjZLQ,"JPEGMAFIA - Jesus Forgive Me, I Am A Thot",JPEGMAFIA,you better count ur blessings for REEAAAAAAAALLLL,5
JPEGMAFIA,Alternative,mjd5fSPjZLQ,"JPEGMAFIA - Jesus Forgive Me, I Am A Thot",JPEGMAFIA,Peggy is my gender,22
JPEGMAFIA,Alternative,mjd5fSPjZLQ,"JPEGMAFIA - Jesus Forgive Me, I Am A Thot",JPEGMAFIA,Why is this not bad quality video what the heck. Unsubsrcibed,1
JPEGMAFIA,Alternative,mjd5fSPjZLQ,"JPEGMAFIA - Jesus Forgive Me, I Am A Thot",JPEGMAFIA,I just noticed the clapping and moaning,1
JPEGMAFIA,Alternative,mjd5fSPjZLQ,"JPEGMAFIA - Jesus Forgive Me, I Am A Thot",JPEGMAFIA,"I’m an old head, possibly an ancient rap fan (I’m 44, not sure where that puts me) and I just gotta say I’m so happy to see weird niggas rap 😂 There was this specific, limiting persona rappers could have for so long  and I’m just glad to see that melt away more and more.",323
JPEGMAFIA,Alternative,mjd5fSPjZLQ,"JPEGMAFIA - Jesus Forgive Me, I Am A Thot",JPEGMAFIA,i always thought this album was called all my heroes are cannibals,1
JPEGMAFIA,Alternative,mjd5fSPjZLQ,"JPEGMAFIA - Jesus Forgive Me, I Am A Thot",JPEGMAFIA,"video quality is too good, this must be an AI made video",2
JPEGMAFIA,Alternative,mjd5fSPjZLQ,"JPEGMAFIA - Jesus Forgive Me, I Am A Thot",JPEGMAFIA,This will always be goated,2
JPEGMAFIA,Alternative,mjd5fSPjZLQ,"JPEGMAFIA - Jesus Forgive Me, I Am A Thot",JPEGMAFIA,Undisputed experimental rap goat,1
JPEGMAFIA,Alternative,mjd5fSPjZLQ,"JPEGMAFIA - Jesus Forgive Me, I Am A Thot",JPEGMAFIA,nausnikin zaryatkasi 90%dir,0
JPEGMAFIA,Alternative,mjd5fSPjZLQ,"JPEGMAFIA - Jesus Forgive Me, I Am A Thot",JPEGMAFIA,I’m so late… this is amazing,2
JPEGMAFIA,Alternative,mjd5fSPjZLQ,"JPEGMAFIA - Jesus Forgive Me, I Am A Thot",JPEGMAFIA,"man this song is a banger

i hate him 😍",4
JPEGMAFIA,Alternative,mjd5fSPjZLQ,"JPEGMAFIA - Jesus Forgive Me, I Am A Thot",JPEGMAFIA,Ya better count your blessins for reeeeeeeeal,1
JPEGMAFIA,Alternative,mjd5fSPjZLQ,"JPEGMAFIA - Jesus Forgive Me, I Am A Thot",JPEGMAFIA,WHAT IS A THOT? ARE THEY THIRSTY?,1
JPEGMAFIA,Alternative,mjd5fSPjZLQ,"JPEGMAFIA - Jesus Forgive Me, I Am A Thot",JPEGMAFIA,he found a good camera for once💀,4
JPEGMAFIA,Alternative,mjd5fSPjZLQ,"JPEGMAFIA - Jesus Forgive Me, I Am A Thot",JPEGMAFIA,All My Heroes Become Christians,2
JPEGMAFIA,Alternative,mjd5fSPjZLQ,"JPEGMAFIA - Jesus Forgive Me, I Am A Thot",JPEGMAFIA,Always Jesus forgive us,0
JPEGMAFIA,Alternative,mjd5fSPjZLQ,"JPEGMAFIA - Jesus Forgive Me, I Am A Thot",JPEGMAFIA,Did Mike Patton have a kid we don't know about?,0
JPEGMAFIA,Alternative,mjd5fSPjZLQ,"JPEGMAFIA - Jesus Forgive Me, I Am A Thot",JPEGMAFIA,I've listened to this song dozens of times now... I still can't tell what's going on,0
JPEGMAFIA,Alternative,mjd5fSPjZLQ,"JPEGMAFIA - Jesus Forgive Me, I Am A Thot",JPEGMAFIA,This guy seems cooler than this music. Oh well 😮,1
JPEGMAFIA,Alternative,mjd5fSPjZLQ,"JPEGMAFIA - Jesus Forgive Me, I Am A Thot",JPEGMAFIA,This song always reminds me of Utah such a desert vibe too the song,1
JPEGMAFIA,Alternative,mjd5fSPjZLQ,"JPEGMAFIA - Jesus Forgive Me, I Am A Thot",JPEGMAFIA,0:08,1
JPEGMAFIA,Alternative,mjd5fSPjZLQ,"JPEGMAFIA - Jesus Forgive Me, I Am A Thot",JPEGMAFIA,THOSE LAST SECONDS GODdAAAAMN 🔥,0
JPEGMAFIA,Alternative,mjd5fSPjZLQ,"JPEGMAFIA - Jesus Forgive Me, I Am A Thot",JPEGMAFIA,one of the greatest songs i have ever heard. i am disappointed.,1
JPEGMAFIA,Alternative,mjd5fSPjZLQ,"JPEGMAFIA - Jesus Forgive Me, I Am A Thot",JPEGMAFIA,Hearing he’s still in debt because of this album is a tragedy. This is one of my favorite hiphop albums and deserved way more success,38
JPEGMAFIA,Alternative,mjd5fSPjZLQ,"JPEGMAFIA - Jesus Forgive Me, I Am A Thot",JPEGMAFIA,Oloff is the biggest sensation since Hitler. Except this time it's in a good way.,0
JPEGMAFIA,Alternative,mjd5fSPjZLQ,"JPEGMAFIA - Jesus Forgive Me, I Am A Thot",JPEGMAFIA,My mom is such a huge Oloff fan that she got the lyrics to 'Bad Stuff' tattooed across her breasts.,0
JPEGMAFIA,Alternative,mjd5fSPjZLQ,"JPEGMAFIA - Jesus Forgive Me, I Am A Thot",JPEGMAFIA,"I met Oloff at a supermarket once and asked him ''How did you write Bad Stuff?'' he didn't answer, he was too busy paying for his asparagus.",0
JPEGMAFIA,Alternative,mjd5fSPjZLQ,"JPEGMAFIA - Jesus Forgive Me, I Am A Thot",JPEGMAFIA,ǝɟᴉl ʎɯ pǝƃuɐɥɔ ɟɟolO ¯_(ツ)_/¯ Oloff changed my life,0
JPEGMAFIA,Alternative,mjd5fSPjZLQ,"JPEGMAFIA - Jesus Forgive Me, I Am A Thot",JPEGMAFIA,I can't think of a single man I would rather have kids with than Oloff. That man has a brain the size of a bowling ball.,0
JPEGMAFIA,Alternative,mjd5fSPjZLQ,"JPEGMAFIA - Jesus Forgive Me, I Am A Thot",JPEGMAFIA,"I listen to Bad Stuff by Oloff whenever I need therapy. Yeah, I could pay $300 an hour for some college clown to tell me what to feel, or I could just smash great big fucking coconuts on my head and listen to my favourite song over and over again.",0
JPEGMAFIA,Alternative,mjd5fSPjZLQ,"JPEGMAFIA - Jesus Forgive Me, I Am A Thot",JPEGMAFIA,This is gonna sound even better next year.,1
JPEGMAFIA,Alternative,mjd5fSPjZLQ,"JPEGMAFIA - Jesus Forgive Me, I Am A Thot",JPEGMAFIA,Racism lyrics but still good.,0
JPEGMAFIA,Alternative,mjd5fSPjZLQ,"JPEGMAFIA - Jesus Forgive Me, I Am A Thot",JPEGMAFIA,This is my favorite Peggy song fr,1
JPEGMAFIA,Alternative,mjd5fSPjZLQ,"JPEGMAFIA - Jesus Forgive Me, I Am A Thot",JPEGMAFIA,"Damn was I shocked when I looked at the time and this song was only 2:38, felt like it was twice that length (maybe I'm just high)",1
JPEGMAFIA,Alternative,mjd5fSPjZLQ,"JPEGMAFIA - Jesus Forgive Me, I Am A Thot",JPEGMAFIA,It’s basically gospel. ❤ i believe in modern day prophets.,0
JPEGMAFIA,Alternative,mjd5fSPjZLQ,"JPEGMAFIA - Jesus Forgive Me, I Am A Thot",JPEGMAFIA,That autotune is so clean I can't even falsetto along with the chorus. What a great song.,0
JPEGMAFIA,Alternative,mjd5fSPjZLQ,"JPEGMAFIA - Jesus Forgive Me, I Am A Thot",JPEGMAFIA,This song is so amazing I don't even care if Peggy hates me for immutable characteristics!,2
JPEGMAFIA,Alternative,mjd5fSPjZLQ,"JPEGMAFIA - Jesus Forgive Me, I Am A Thot",JPEGMAFIA,"bro really had grown men singing ""show me how to keep my pussy closed"", what a goat",2
JPEGMAFIA,Alternative,mjd5fSPjZLQ,"JPEGMAFIA - Jesus Forgive Me, I Am A Thot",JPEGMAFIA,*3 yrs later and it still feels like this song gonna give me an aneurysm and ascend*,0
JPEGMAFIA,Alternative,mjd5fSPjZLQ,"JPEGMAFIA - Jesus Forgive Me, I Am A Thot",JPEGMAFIA,"*I'm so glad I'm still alive to rewatch this, Jpegmafia will live on through generations*
✨💫🙏🏾💎🖤💫✨",8
JPEGMAFIA,Alternative,mjd5fSPjZLQ,"JPEGMAFIA - Jesus Forgive Me, I Am A Thot",JPEGMAFIA,i thought a lil bit about the name of the song and i think it can be a reference to k.dot's samidot,2
JPEGMAFIA,Alternative,mjd5fSPjZLQ,"JPEGMAFIA - Jesus Forgive Me, I Am A Thot",JPEGMAFIA,You think you know me?,0
JPEGMAFIA,Alternative,mjd5fSPjZLQ,"JPEGMAFIA - Jesus Forgive Me, I Am A Thot",JPEGMAFIA,Not music this is trash bro I'll fight this man if I see him,0
JPEGMAFIA,Alternative,mjd5fSPjZLQ,"JPEGMAFIA - Jesus Forgive Me, I Am A Thot",JPEGMAFIA,Is this guy gay or something,1
JPEGMAFIA,Alternative,mjd5fSPjZLQ,"JPEGMAFIA - Jesus Forgive Me, I Am A Thot",JPEGMAFIA,On my first listen I deadass thought I had another tab open playing some weird shit,1
JPEGMAFIA,Alternative,mjd5fSPjZLQ,"JPEGMAFIA - Jesus Forgive Me, I Am A Thot",JPEGMAFIA,Mannnn who the fuck does this nigga think he is,0
JPEGMAFIA,Alternative,mjd5fSPjZLQ,"JPEGMAFIA - Jesus Forgive Me, I Am A Thot",JPEGMAFIA,"i will deadass hook you up with so much ket, coke, and molly next time you tour in portland maine. you missed us last time due to your voice being fucked up. ill reward you with drugs for coming back🤍🤍🤍",1
JPEGMAFIA,Alternative,mjd5fSPjZLQ,"JPEGMAFIA - Jesus Forgive Me, I Am A Thot",JPEGMAFIA,Is he singing about his vagina?,1
JPEGMAFIA,Alternative,mjd5fSPjZLQ,"JPEGMAFIA - Jesus Forgive Me, I Am A Thot",JPEGMAFIA,The background theme sounds like sulpherous seas by Dm Dokuro,0
JPEGMAFIA,Alternative,mjd5fSPjZLQ,"JPEGMAFIA - Jesus Forgive Me, I Am A Thot",JPEGMAFIA,Oloff's music helps me to process my feelings about 9/11.,0
JPEGMAFIA,Alternative,mjd5fSPjZLQ,"JPEGMAFIA - Jesus Forgive Me, I Am A Thot",JPEGMAFIA,Oloff is the biggest sensation since Hitler. Except this time it's in a good way.,0
JPEGMAFIA,Alternative,mjd5fSPjZLQ,"JPEGMAFIA - Jesus Forgive Me, I Am A Thot",JPEGMAFIA,ǝɟᴉl ʎɯ pǝƃuɐɥɔ ɟɟolO ¯_(ツ)_/¯ Oloff changed my life,0
JPEGMAFIA,Alternative,mjd5fSPjZLQ,"JPEGMAFIA - Jesus Forgive Me, I Am A Thot",JPEGMAFIA,ʇᴉ ʇnoqɐ ƃuos ɐ ǝʞɐɯ puɐ rape a turtle oʇ ɟɟolO ʇuɐʍ I,0
JPEGMAFIA,Alternative,mjd5fSPjZLQ,"JPEGMAFIA - Jesus Forgive Me, I Am A Thot",JPEGMAFIA,The first time I heard Beating the Heart by Oloff my heart stopped beating. Thank God the doctors were able to revive me.,0
JPEGMAFIA,Alternative,mjd5fSPjZLQ,"JPEGMAFIA - Jesus Forgive Me, I Am A Thot",JPEGMAFIA,"I listen to Doing It Stealthy by Oloff whenever I need therapy. Yeah, I could pay $300 an hour for some college clown to tell me what to feel, or I could just smash great big fucking coconuts on my head and listen to my favourite song over and over again.",0
JPEGMAFIA,Alternative,mjd5fSPjZLQ,"JPEGMAFIA - Jesus Forgive Me, I Am A Thot",JPEGMAFIA,I can't think of a single man I would rather have kids with than Oloff. That man has a brain the size of a bowling ball.,0
JPEGMAFIA,Alternative,mjd5fSPjZLQ,"JPEGMAFIA - Jesus Forgive Me, I Am A Thot",JPEGMAFIA,"Rumour has it that one time Oloff was sat next to Jar Jar Binks on a flight. Jar Jar kept kicking the chair in front of him and generally being obnoxious, nobody knew what to do. Eventually one of the flight attendants came over and asked Oloff if he would perform one of his songs to calm Jar Jar down, and when Oloff began rapping the first verse to Doing It Stealthy, Jar Jar immediately relaxed. To this day the two are still close friends.",0
JPEGMAFIA,Alternative,mjd5fSPjZLQ,"JPEGMAFIA - Jesus Forgive Me, I Am A Thot",JPEGMAFIA,Yo,0
JPEGMAFIA,Alternative,mjd5fSPjZLQ,"JPEGMAFIA - Jesus Forgive Me, I Am A Thot",JPEGMAFIA,creative genius,0
JPEGMAFIA,Alternative,mjd5fSPjZLQ,"JPEGMAFIA - Jesus Forgive Me, I Am A Thot",JPEGMAFIA,This beat sounds like a demon and an angel fighting each other in turn. I have never heard that kind of beat before.,127
JPEGMAFIA,Alternative,mjd5fSPjZLQ,"JPEGMAFIA - Jesus Forgive Me, I Am A Thot",JPEGMAFIA,"Rumour has it that one time Oloff was sat next to Jar Jar Binks on a flight. Jar Jar kept kicking the chair in front of him and generally being obnoxious, nobody knew what to do. Eventually one of the flight attendants came over and asked Oloff if he would perform one of his songs to calm Jar Jar down, and when Oloff began rapping the first verse to Doing It Stealthy, Jar Jar immediately relaxed. To this day the two are still close friends.",0
JPEGMAFIA,Alternative,mjd5fSPjZLQ,"JPEGMAFIA - Jesus Forgive Me, I Am A Thot",JPEGMAFIA,Oloff's music helps me to process my feelings about 9/11.,0
JPEGMAFIA,Alternative,mjd5fSPjZLQ,"JPEGMAFIA - Jesus Forgive Me, I Am A Thot",JPEGMAFIA,ʇᴉ ʇnoqɐ ƃuos ɐ ǝʞɐɯ puɐ rape a turtle oʇ ɟɟolO ʇuɐʍ I,0
JPEGMAFIA,Alternative,mjd5fSPjZLQ,"JPEGMAFIA - Jesus Forgive Me, I Am A Thot",JPEGMAFIA,The first time I heard Beating the Heart by Oloff my heart stopped beating. Thank God the doctors were able to revive me.,0
JPEGMAFIA,Alternative,mjd5fSPjZLQ,"JPEGMAFIA - Jesus Forgive Me, I Am A Thot",JPEGMAFIA,Oloff is the biggest sensation since Hitler. Except this time it's in a good way.,0
JPEGMAFIA,Alternative,mjd5fSPjZLQ,"JPEGMAFIA - Jesus Forgive Me, I Am A Thot",JPEGMAFIA,I can't think of a single man I would rather have kids with than Oloff. That man has a brain the size of a bowling ball.,0
JPEGMAFIA,Alternative,mjd5fSPjZLQ,"JPEGMAFIA - Jesus Forgive Me, I Am A Thot",JPEGMAFIA,ǝɟᴉl ʎɯ pǝƃuɐɥɔ ɟɟolO ¯_(ツ)_/¯ Oloff changed my life,0
JPEGMAFIA,Alternative,mjd5fSPjZLQ,"JPEGMAFIA - Jesus Forgive Me, I Am A Thot",JPEGMAFIA,My mom is such a huge Oloff fan that she got the lyrics to 'Doing It Stealthy' tattooed across her breasts.,0
JPEGMAFIA,Alternative,mjd5fSPjZLQ,"JPEGMAFIA - Jesus Forgive Me, I Am A Thot",JPEGMAFIA,太他妈好听了,2
JPEGMAFIA,Alternative,mjd5fSPjZLQ,"JPEGMAFIA - Jesus Forgive Me, I Am A Thot",JPEGMAFIA,💖 HuH 💖,2
JPEGMAFIA,Alternative,mjd5fSPjZLQ,"JPEGMAFIA - Jesus Forgive Me, I Am A Thot",JPEGMAFIA,Hallelujahw☝️,0
JPEGMAFIA,Alternative,mjd5fSPjZLQ,"JPEGMAFIA - Jesus Forgive Me, I Am A Thot",JPEGMAFIA,I can't think of a single man I would rather have kids with than Oloff. That man has a brain the size of a bowling ball.,0
JPEGMAFIA,Alternative,mjd5fSPjZLQ,"JPEGMAFIA - Jesus Forgive Me, I Am A Thot",JPEGMAFIA,ʇᴉ ʇnoqɐ ƃuos ɐ ǝʞɐɯ puɐ shut down Club Penguin oʇ ɟɟolO ʇuɐʍ I,0
JPEGMAFIA,Alternative,mjd5fSPjZLQ,"JPEGMAFIA - Jesus Forgive Me, I Am A Thot",JPEGMAFIA,ǝɟᴉl ʎɯ pǝƃuɐɥɔ ɟɟolO ¯\_(ツ)_/¯ Oloff changed my life,0
JPEGMAFIA,Alternative,mjd5fSPjZLQ,"JPEGMAFIA - Jesus Forgive Me, I Am A Thot",JPEGMAFIA,Oloff is the biggest sensation since Hitler. Except this time it's in a good way.,0
JPEGMAFIA,Alternative,mjd5fSPjZLQ,"JPEGMAFIA - Jesus Forgive Me, I Am A Thot",JPEGMAFIA,"I'll never forget the first time I heard Doing It Stealthy by Oloff. I thought &quot;wow, this is great, but it's nowhere near as great as some of his other great hits like I Don't Breathe, Beating the Heart, or his Send for Phil Vickery.&quot;",0
JPEGMAFIA,Alternative,mjd5fSPjZLQ,"JPEGMAFIA - Jesus Forgive Me, I Am A Thot",JPEGMAFIA,"Rumour has it that one time Oloff was sat next to Jar Jar Binks on a flight. Jar Jar kept kicking the chair in front of him and generally being obnoxious, nobody knew what to do. Eventually one of the flight attendants came over and asked Oloff if he would perform one of his songs to calm Jar Jar down, and when Oloff began rapping the first verse to Doing It Stealthy, Jar Jar immediately relaxed. To this day the two are still close friends.",0
JPEGMAFIA,Alternative,mjd5fSPjZLQ,"JPEGMAFIA - Jesus Forgive Me, I Am A Thot",JPEGMAFIA,Oloff's music helps me to process my feelings about 9/11.,0
JPEGMAFIA,Alternative,mjd5fSPjZLQ,"JPEGMAFIA - Jesus Forgive Me, I Am A Thot",JPEGMAFIA,Is he trying to act like Kendrick Lamar and sound like Orlando brown 🤦‍♂️this is horrible 🚮,0
JPEGMAFIA,Alternative,mjd5fSPjZLQ,"JPEGMAFIA - Jesus Forgive Me, I Am A Thot",JPEGMAFIA,I'll always listen to this song.,3
JPEGMAFIA,Alternative,mjd5fSPjZLQ,"JPEGMAFIA - Jesus Forgive Me, I Am A Thot",JPEGMAFIA,This is a seriously amazing song. I'm learning song structure from this,0
JPEGMAFIA,Alternative,mjd5fSPjZLQ,"JPEGMAFIA - Jesus Forgive Me, I Am A Thot",JPEGMAFIA,they need it chuch,0
JPEGMAFIA,Alternative,mjd5fSPjZLQ,"JPEGMAFIA - Jesus Forgive Me, I Am A Thot",JPEGMAFIA,"LMAO you just can't do anything bad man, i love you so much",1
JPEGMAFIA,Alternative,mjd5fSPjZLQ,"JPEGMAFIA - Jesus Forgive Me, I Am A Thot",JPEGMAFIA,confidently ambitious and it worked so damn well 😮‍💨🤩😍 great song,0
JPEGMAFIA,Alternative,mjd5fSPjZLQ,"JPEGMAFIA - Jesus Forgive Me, I Am A Thot",JPEGMAFIA,holy shit holy shit holy shit this song is seriously something else. thank you for this. never heard anything like this,3
JPEGMAFIA,Alternative,mjd5fSPjZLQ,"JPEGMAFIA - Jesus Forgive Me, I Am A Thot",JPEGMAFIA,fire af,0
JPEGMAFIA,Alternative,mjd5fSPjZLQ,"JPEGMAFIA - Jesus Forgive Me, I Am A Thot",JPEGMAFIA,This is one of the best songs ever,43
JPEGMAFIA,Alternative,mjd5fSPjZLQ,"JPEGMAFIA - Jesus Forgive Me, I Am A Thot",JPEGMAFIA,Hey Tanner,0
JPEGMAFIA,Alternative,mjd5fSPjZLQ,"JPEGMAFIA - Jesus Forgive Me, I Am A Thot",JPEGMAFIA,Underground shadow ruler,2
JPEGMAFIA,Alternative,mjd5fSPjZLQ,"JPEGMAFIA - Jesus Forgive Me, I Am A Thot",JPEGMAFIA,I listen to Doing It Stealthy when I'm experiencing existential dread. It makes it worse but... I just can't stop.,0
JPEGMAFIA,Alternative,mjd5fSPjZLQ,"JPEGMAFIA - Jesus Forgive Me, I Am A Thot",JPEGMAFIA,"I met Oloff at a supermarket once and asked him ''How did you write Doing It Stealthy?'' he didn't answer, he was too busy paying for his asparagus.",0
JPEGMAFIA,Alternative,mjd5fSPjZLQ,"JPEGMAFIA - Jesus Forgive Me, I Am A Thot",JPEGMAFIA,"I listen to Doing It Stealthy on the train, and if the train doesn't go fast enough I slap the driver on the back of the head",0
JPEGMAFIA,Alternative,mjd5fSPjZLQ,"JPEGMAFIA - Jesus Forgive Me, I Am A Thot",JPEGMAFIA,Doing It Stealthy helps me to process my feelings about 9/11.,0
JPEGMAFIA,Alternative,mjd5fSPjZLQ,"JPEGMAFIA - Jesus Forgive Me, I Am A Thot",JPEGMAFIA,ʇᴉ ʇnoqɐ ƃuos ɐ ǝʞɐɯ puɐ rape a turtle oʇ ɟɟolO ʇuɐʍ I,0
JPEGMAFIA,Alternative,mjd5fSPjZLQ,"JPEGMAFIA - Jesus Forgive Me, I Am A Thot",JPEGMAFIA,"Rumour has it one time Oloff was sat next to Jar Jar Binks on a flight. Jar Jar kept kicking the chair in front of him and generally being obnoxious, nobody knew what to do. Eventually one of the flight attendants came over and asked Oloff if he would perform one of his songs to calm Jar Jar down, and when Oloff began rapping the first verse to Doing It Stealthy, Jar Jar immediately relaxed. To this day the two are still close friends.",0
JPEGMAFIA,Alternative,mjd5fSPjZLQ,"JPEGMAFIA - Jesus Forgive Me, I Am A Thot",JPEGMAFIA,"I PUT MY SOUL INTO EVERY BAR
AND EVERY VERSE
AND EVERY RHYME, SHIT

I CAN'T FEEL MY FACE, OH GOD
SMH NO ASMR

HUH

SHOW ME WHERE THE PROFITS GO
SHOW ME HOW TO KEEP MY PUSSY CLOSE, SHE SAID

YOU BETTER COUNT YOUR BLESSINGS FOR REAAAAAAL,
AMEN",3
JPEGMAFIA,Alternative,mjd5fSPjZLQ,"JPEGMAFIA - Jesus Forgive Me, I Am A Thot",JPEGMAFIA,フジロック良かったぜ！,0
JPEGMAFIA,Alternative,mjd5fSPjZLQ,"JPEGMAFIA - Jesus Forgive Me, I Am A Thot",JPEGMAFIA,pray,0
JPEGMAFIA,Alternative,mjd5fSPjZLQ,"JPEGMAFIA - Jesus Forgive Me, I Am A Thot",JPEGMAFIA,"Это, конечно, далеко не мс райд, но сойдет",1
JPEGMAFIA,Alternative,mjd5fSPjZLQ,"JPEGMAFIA - Jesus Forgive Me, I Am A Thot",JPEGMAFIA,"ㅤ




ㅤㅤㅤ






















ㅤ

ㅤㅤ

























ㅤ",0
JPEGMAFIA,Alternative,mjd5fSPjZLQ,"JPEGMAFIA - Jesus Forgive Me, I Am A Thot",JPEGMAFIA,*I LOVED SEEING YOU OPEN SPLENDOUR IN THE GRASS 2022 WITH THIS TRACK*,0
JPEGMAFIA,Alternative,mjd5fSPjZLQ,"JPEGMAFIA - Jesus Forgive Me, I Am A Thot",JPEGMAFIA,Doing It Stealthy helps me to process my feelings about 9/11.,0
JPEGMAFIA,Alternative,mjd5fSPjZLQ,"JPEGMAFIA - Jesus Forgive Me, I Am A Thot",JPEGMAFIA,"I listen to Doing It Stealthy on the train, and if the train doesn't go fast enough I slap the driver on the back of the head",0
JPEGMAFIA,Alternative,mjd5fSPjZLQ,"JPEGMAFIA - Jesus Forgive Me, I Am A Thot",JPEGMAFIA,I listen to Doing It Stealthy when I'm experiencing existential dread. It makes it worse but... I just can't stop.,0
JPEGMAFIA,Alternative,mjd5fSPjZLQ,"JPEGMAFIA - Jesus Forgive Me, I Am A Thot",JPEGMAFIA,Ezra Miller but he a nigga,3
JPEGMAFIA,Alternative,mjd5fSPjZLQ,"JPEGMAFIA - Jesus Forgive Me, I Am A Thot",JPEGMAFIA,🤩,0
JPEGMAFIA,Alternative,mjd5fSPjZLQ,"JPEGMAFIA - Jesus Forgive Me, I Am A Thot",JPEGMAFIA,Shit goes hard AS FUCK,0
JPEGMAFIA,Alternative,mjd5fSPjZLQ,"JPEGMAFIA - Jesus Forgive Me, I Am A Thot",JPEGMAFIA,"SMH, NO ASMR! HUHHH",3
JPEGMAFIA,Alternative,mjd5fSPjZLQ,"JPEGMAFIA - Jesus Forgive Me, I Am A Thot",JPEGMAFIA,You think you know me 😳,0
JPEGMAFIA,Alternative,mjd5fSPjZLQ,"JPEGMAFIA - Jesus Forgive Me, I Am A Thot",JPEGMAFIA,I can't feel my face oh God,2
JPEGMAFIA,Alternative,mjd5fSPjZLQ,"JPEGMAFIA - Jesus Forgive Me, I Am A Thot",JPEGMAFIA,Peggyyyyyy more like poggy,1
JPEGMAFIA,Alternative,mjd5fSPjZLQ,"JPEGMAFIA - Jesus Forgive Me, I Am A Thot",JPEGMAFIA,i found this high as shit and had to come back sober to make sure this wasnt a fever dream,1
JPEGMAFIA,Alternative,mjd5fSPjZLQ,"JPEGMAFIA - Jesus Forgive Me, I Am A Thot",JPEGMAFIA,"Truly amazing beat 
Unsubscribed",0
JPEGMAFIA,Alternative,mjd5fSPjZLQ,"JPEGMAFIA - Jesus Forgive Me, I Am A Thot",JPEGMAFIA,I love you,3
JPEGMAFIA,Alternative,mjd5fSPjZLQ,"JPEGMAFIA - Jesus Forgive Me, I Am A Thot",JPEGMAFIA,I listen to Doing It Stealthy when I'm experiencing existential dread. It makes it worse but... I just can't stop.,1
JPEGMAFIA,Alternative,mjd5fSPjZLQ,"JPEGMAFIA - Jesus Forgive Me, I Am A Thot",JPEGMAFIA,...What did I just listen to?,0
JPEGMAFIA,Alternative,mjd5fSPjZLQ,"JPEGMAFIA - Jesus Forgive Me, I Am A Thot",JPEGMAFIA,My mom is such a huge Oloff fan that she got the lyrics to 'Doing It Stealthy' tattooed across her breasts.,0
JPEGMAFIA,Alternative,mjd5fSPjZLQ,"JPEGMAFIA - Jesus Forgive Me, I Am A Thot",JPEGMAFIA,"I listen to Doing It Stealthy on the train, and if the train doesn't go fast enough I slap the driver on the back of the head",0
JPEGMAFIA,Alternative,mjd5fSPjZLQ,"JPEGMAFIA - Jesus Forgive Me, I Am A Thot",JPEGMAFIA,I listen to Doing It Stealthy when I'm experiencing existential dread. It makes it worse but... I just can't stop.,0
JPEGMAFIA,Alternative,mjd5fSPjZLQ,"JPEGMAFIA - Jesus Forgive Me, I Am A Thot",JPEGMAFIA,"I met Oloff at a supermarket once and asked him ''How did you write Doing It Stealthy?'' he didn't answer, he was too busy paying for his asparagus.",0
JPEGMAFIA,Alternative,mjd5fSPjZLQ,"JPEGMAFIA - Jesus Forgive Me, I Am A Thot",JPEGMAFIA,"Never listened to tjis artist before today. The perfect music like things I listen to and share with only a couple people, but it's from another timeline. Unsubscribed",0
JPEGMAFIA,Alternative,mjd5fSPjZLQ,"JPEGMAFIA - Jesus Forgive Me, I Am A Thot",JPEGMAFIA,great fucking beat,0
JPEGMAFIA,Alternative,mjd5fSPjZLQ,"JPEGMAFIA - Jesus Forgive Me, I Am A Thot",JPEGMAFIA,Yes,0
JPEGMAFIA,Alternative,mjd5fSPjZLQ,"JPEGMAFIA - Jesus Forgive Me, I Am A Thot",JPEGMAFIA,wat,0
JPEGMAFIA,Alternative,mjd5fSPjZLQ,"JPEGMAFIA - Jesus Forgive Me, I Am A Thot",JPEGMAFIA,THIS SUCKS!!!!!,0
JPEGMAFIA,Alternative,mjd5fSPjZLQ,"JPEGMAFIA - Jesus Forgive Me, I Am A Thot",JPEGMAFIA,"Jesus will forgive you even if you're a thot, or think you're a loose woman. He will even forgive JPEGMAFIA for his views on white people.",1
JPEGMAFIA,Alternative,mjd5fSPjZLQ,"JPEGMAFIA - Jesus Forgive Me, I Am A Thot",JPEGMAFIA,what the fuck is this xD,0
JPEGMAFIA,Alternative,mjd5fSPjZLQ,"JPEGMAFIA - Jesus Forgive Me, I Am A Thot",JPEGMAFIA,"Denzel: ""is that logic""",5
JPEGMAFIA,Alternative,mjd5fSPjZLQ,"JPEGMAFIA - Jesus Forgive Me, I Am A Thot",JPEGMAFIA,Peggy the GOAT,0
JPEGMAFIA,Alternative,mjd5fSPjZLQ,"JPEGMAFIA - Jesus Forgive Me, I Am A Thot",JPEGMAFIA,Love your music! Been a fan since early 2019! All love from D.C. ❤️ GETTING J-PEGGED,0
JPEGMAFIA,Alternative,mjd5fSPjZLQ,"JPEGMAFIA - Jesus Forgive Me, I Am A Thot",JPEGMAFIA,#ripgutsy. #vmc.,0
JPEGMAFIA,Alternative,mjd5fSPjZLQ,"JPEGMAFIA - Jesus Forgive Me, I Am A Thot",JPEGMAFIA,"amazing experience, beautiful beat. 0/10 dogshit song",2
JPEGMAFIA,Alternative,mjd5fSPjZLQ,"JPEGMAFIA - Jesus Forgive Me, I Am A Thot",JPEGMAFIA,ily peggy!!! ,0
JPEGMAFIA,Alternative,mjd5fSPjZLQ,"JPEGMAFIA - Jesus Forgive Me, I Am A Thot",JPEGMAFIA,one of the best opening tracks of all time,0
JPEGMAFIA,Alternative,mjd5fSPjZLQ,"JPEGMAFIA - Jesus Forgive Me, I Am A Thot",JPEGMAFIA,I listen to Doing It Stealthy when I'm experiencing existential dread. It makes it worse but... I just can't stop.,0
JPEGMAFIA,Alternative,mjd5fSPjZLQ,"JPEGMAFIA - Jesus Forgive Me, I Am A Thot",JPEGMAFIA,Everything in my life changed when I started listening to Doing It Stealthy by Oloff.,0
JPEGMAFIA,Alternative,mjd5fSPjZLQ,"JPEGMAFIA - Jesus Forgive Me, I Am A Thot",JPEGMAFIA,Doing It Stealthy is one of those songs that makes you ask.... why did God create us? What happens after we die?,0
JPEGMAFIA,Alternative,mjd5fSPjZLQ,"JPEGMAFIA - Jesus Forgive Me, I Am A Thot",JPEGMAFIA,My mom is such a huge Oloff fan that she got the lyrics to 'Doing It Stealthy' tattooed across her breasts.,0
JPEGMAFIA,Alternative,mjd5fSPjZLQ,"JPEGMAFIA - Jesus Forgive Me, I Am A Thot",JPEGMAFIA,"I'm a 300lb biker from Texas, I've never cried at a song before but Doing It Stealthy turned me into a blubbering mess.",0
JPEGMAFIA,Alternative,mjd5fSPjZLQ,"JPEGMAFIA - Jesus Forgive Me, I Am A Thot",JPEGMAFIA,"JESUS FORGIVE ME, I AM A THOT FOR JAHNVI BOOP",0
JPEGMAFIA,Alternative,mjd5fSPjZLQ,"JPEGMAFIA - Jesus Forgive Me, I Am A Thot",JPEGMAFIA,guys its been a while but I'm starting to think that this isn't actually the new star wars trailer,3
JPEGMAFIA,Alternative,mjd5fSPjZLQ,"JPEGMAFIA - Jesus Forgive Me, I Am A Thot",JPEGMAFIA,GOAT,0
JPEGMAFIA,Alternative,mjd5fSPjZLQ,"JPEGMAFIA - Jesus Forgive Me, I Am A Thot",JPEGMAFIA,Man your music is so taste changing. I love it I unsubscribe...,0
JPEGMAFIA,Alternative,mjd5fSPjZLQ,"JPEGMAFIA - Jesus Forgive Me, I Am A Thot",JPEGMAFIA,Still one of those feel good Peggy tracks you gotta play on the daily!!! Too smooth and dope!!,4
JPEGMAFIA,Alternative,mjd5fSPjZLQ,"JPEGMAFIA - Jesus Forgive Me, I Am A Thot",JPEGMAFIA,bouta bump this ...alone since my family is religious,0
JPEGMAFIA,Alternative,mjd5fSPjZLQ,"JPEGMAFIA - Jesus Forgive Me, I Am A Thot",JPEGMAFIA,Damn.,0
JPEGMAFIA,Alternative,mjd5fSPjZLQ,"JPEGMAFIA - Jesus Forgive Me, I Am A Thot",JPEGMAFIA,0:43 WHEN THE BEAT SWITCHED HERE IT IS HONESTLY ONE OF MY FAVORITE MOMENTS IN MUSIC EVER,325
JPEGMAFIA,Alternative,mjd5fSPjZLQ,"JPEGMAFIA - Jesus Forgive Me, I Am A Thot",JPEGMAFIA,I’m seriously disappointed,1
JPEGMAFIA,Alternative,mjd5fSPjZLQ,"JPEGMAFIA - Jesus Forgive Me, I Am A Thot",JPEGMAFIA,"I couldn't get pussy until I started listening to Doing It Stealthy by Oloff. I still can't get pussy, but now I don't even want it anymore.",0
JPEGMAFIA,Alternative,mjd5fSPjZLQ,"JPEGMAFIA - Jesus Forgive Me, I Am A Thot",JPEGMAFIA,I listen to Doing It Stealthy when I'm experiencing existential dread. It makes it worse but... I just can't stop.,0
JPEGMAFIA,Alternative,mjd5fSPjZLQ,"JPEGMAFIA - Jesus Forgive Me, I Am A Thot",JPEGMAFIA,"Doing It Stealthy makes me happy in a way that no woman ever could... btw I'm single and so alone, please message me.",0
JPEGMAFIA,Alternative,mjd5fSPjZLQ,"JPEGMAFIA - Jesus Forgive Me, I Am A Thot",JPEGMAFIA,Everything in my life changed when I started listening to Doing It Stealthy by Oloff.,0
JPEGMAFIA,Alternative,mjd5fSPjZLQ,"JPEGMAFIA - Jesus Forgive Me, I Am A Thot",JPEGMAFIA,"I listen to Doing It Stealthy on the train, and if the train doesn't go fast enough I slap the driver on the back of the head",0
JPEGMAFIA,Alternative,mjd5fSPjZLQ,"JPEGMAFIA - Jesus Forgive Me, I Am A Thot",JPEGMAFIA,This camera sees better than my eyes can,0
JPEGMAFIA,Alternative,mjd5fSPjZLQ,"JPEGMAFIA - Jesus Forgive Me, I Am A Thot",JPEGMAFIA,I'd say I'm comfy in my disguise but that would be a lie,0
JPEGMAFIA,Alternative,mjd5fSPjZLQ,"JPEGMAFIA - Jesus Forgive Me, I Am A Thot",JPEGMAFIA,Everything in my life changed when I started listening to Doing It Stealthy by Oloff.,0
JPEGMAFIA,Alternative,mjd5fSPjZLQ,"JPEGMAFIA - Jesus Forgive Me, I Am A Thot",JPEGMAFIA,Doing It Stealthy helps me to process my feelings about 9/11.,0
JPEGMAFIA,Alternative,mjd5fSPjZLQ,"JPEGMAFIA - Jesus Forgive Me, I Am A Thot",JPEGMAFIA,What do you call a man who hasn't heard Doing It Stealthy by Oloff? A sad loser.,0
JPEGMAFIA,Alternative,mjd5fSPjZLQ,"JPEGMAFIA - Jesus Forgive Me, I Am A Thot",JPEGMAFIA,I listen to Doing It Stealthy when I'm experiencing existential dread. It makes it worse but... I just can't stop.,0
JPEGMAFIA,Alternative,mjd5fSPjZLQ,"JPEGMAFIA - Jesus Forgive Me, I Am A Thot",JPEGMAFIA,Doing It Stealthy is one of those songs that makes you ask.... why did God create us? What happens after we die?,0
JPEGMAFIA,Alternative,mjd5fSPjZLQ,"JPEGMAFIA - Jesus Forgive Me, I Am A Thot",JPEGMAFIA,"I listen to Doing It Stealthy by Oloff whenever I need therapy. Yeah, I could pay $300 an hour for some college clown to tell me what to feel, or I could just smash great big fucking coconuts on my head and listen to my favourite song over and over again.",0
JPEGMAFIA,Alternative,mjd5fSPjZLQ,"JPEGMAFIA - Jesus Forgive Me, I Am A Thot",JPEGMAFIA,Doing It Stealthy helps me to process my feelings about 9/11.,0
JPEGMAFIA,Alternative,mjd5fSPjZLQ,"JPEGMAFIA - Jesus Forgive Me, I Am A Thot",JPEGMAFIA,"Doing It Stealthy by Oloff is one of those songs that makes you rethink life... Yeah, I've gotta make some changes.",0
JPEGMAFIA,Alternative,mjd5fSPjZLQ,"JPEGMAFIA - Jesus Forgive Me, I Am A Thot",JPEGMAFIA,"Doing It Stealthy makes me happy in a way that no woman ever could... btw I'm single and so alone, please message me.",0
JPEGMAFIA,Alternative,mjd5fSPjZLQ,"JPEGMAFIA - Jesus Forgive Me, I Am A Thot",JPEGMAFIA,Doing It Stealthy helps me to process my feelings about 9/11.,0
JPEGMAFIA,Alternative,mjd5fSPjZLQ,"JPEGMAFIA - Jesus Forgive Me, I Am A Thot",JPEGMAFIA,People ask me my favourite song... The answer is simple: Doing It Stealthy by Oloff.,0
JPEGMAFIA,Alternative,mjd5fSPjZLQ,"JPEGMAFIA - Jesus Forgive Me, I Am A Thot",JPEGMAFIA,I listen to Doing It Stealthy when I'm experiencing existential dread. It makes it worse but... I just can't stop.,0
JPEGMAFIA,Alternative,mjd5fSPjZLQ,"JPEGMAFIA - Jesus Forgive Me, I Am A Thot",JPEGMAFIA,Doing It Stealthy is one of those songs that makes you ask.... why did God create us? What happens after we die?,0
JPEGMAFIA,Alternative,mjd5fSPjZLQ,"JPEGMAFIA - Jesus Forgive Me, I Am A Thot",JPEGMAFIA,"I listen to Doing It Stealthy by Oloff whenever I need therapy. Yeah, I could pay $300 an hour for some college clown to tell me what to feel, or I could just smash great big fucking coconuts on my head and listen to my favourite song over and over again.",0
JPEGMAFIA,Alternative,mjd5fSPjZLQ,"JPEGMAFIA - Jesus Forgive Me, I Am A Thot",JPEGMAFIA,Doing It Stealthy helps me to process my feelings about 9/11.,0
JPEGMAFIA,Alternative,mjd5fSPjZLQ,"JPEGMAFIA - Jesus Forgive Me, I Am A Thot",JPEGMAFIA,"Doing It Stealthy by Oloff is one of those songs that makes you rethink life... Yeah, I've gotta make some changes.",0
JPEGMAFIA,Alternative,mjd5fSPjZLQ,"JPEGMAFIA - Jesus Forgive Me, I Am A Thot",JPEGMAFIA,Everything in my life changed when I started listening to Doing It Stealthy by Oloff.,0
JPEGMAFIA,Alternative,mjd5fSPjZLQ,"JPEGMAFIA - Jesus Forgive Me, I Am A Thot",JPEGMAFIA,Doing It Stealthy helps me to process my feelings about 9/11.,0
JPEGMAFIA,Alternative,mjd5fSPjZLQ,"JPEGMAFIA - Jesus Forgive Me, I Am A Thot",JPEGMAFIA,What do you call a man who hasn't heard Doing It Stealthy by Oloff? A sad loser.,0
JPEGMAFIA,Alternative,mjd5fSPjZLQ,"JPEGMAFIA - Jesus Forgive Me, I Am A Thot",JPEGMAFIA,Doing It Stealthy is one of those songs that makes you ask.... why did God create us? What happens after we die?,0
JPEGMAFIA,Alternative,mjd5fSPjZLQ,"JPEGMAFIA - Jesus Forgive Me, I Am A Thot",JPEGMAFIA,"I listen to Doing It Stealthy by Oloff whenever I need therapy. Yeah, I could pay $300 an hour for some college clown to tell me what to feel, or I could just smash great big fucking coconuts on my head and listen to my favourite song over and over again.",0
JPEGMAFIA,Alternative,mjd5fSPjZLQ,"JPEGMAFIA - Jesus Forgive Me, I Am A Thot",JPEGMAFIA,Doing It Stealthy helps me to process my feelings about 9/11.,0
JPEGMAFIA,Alternative,mjd5fSPjZLQ,"JPEGMAFIA - Jesus Forgive Me, I Am A Thot",JPEGMAFIA,"Doing It Stealthy makes me happy in a way that no woman ever could... btw I'm single and so alone, please message me.",0
JPEGMAFIA,Alternative,mjd5fSPjZLQ,"JPEGMAFIA - Jesus Forgive Me, I Am A Thot",JPEGMAFIA,Everything in my life changed when I started listening to Doing It Stealthy by Oloff.,0
JPEGMAFIA,Alternative,mjd5fSPjZLQ,"JPEGMAFIA - Jesus Forgive Me, I Am A Thot",JPEGMAFIA,Doing It Stealthy helps me to process my feelings about 9/11.,0
JPEGMAFIA,Alternative,mjd5fSPjZLQ,"JPEGMAFIA - Jesus Forgive Me, I Am A Thot",JPEGMAFIA,People ask me my favourite song... The answer is simple: Doing It Stealthy by Oloff.,0
JPEGMAFIA,Alternative,mjd5fSPjZLQ,"JPEGMAFIA - Jesus Forgive Me, I Am A Thot",JPEGMAFIA,What do you call a man who hasn't heard Doing It Stealthy by Oloff? A sad loser.,0
JPEGMAFIA,Alternative,mjd5fSPjZLQ,"JPEGMAFIA - Jesus Forgive Me, I Am A Thot",JPEGMAFIA,I listen to Doing It Stealthy when I'm experiencing existential dread. It makes it worse but... I just can't stop.,0
JPEGMAFIA,Alternative,mjd5fSPjZLQ,"JPEGMAFIA - Jesus Forgive Me, I Am A Thot",JPEGMAFIA,Doing It Stealthy is one of those songs that makes you ask.... why did God create us? What happens after we die?,0
JPEGMAFIA,Alternative,mjd5fSPjZLQ,"JPEGMAFIA - Jesus Forgive Me, I Am A Thot",JPEGMAFIA,"I listen to Doing It Stealthy by Oloff whenever I need therapy. Yeah, I could pay $300 an hour for some college clown to tell me what to feel, or I could just smash great big fucking coconuts on my head and listen to my favourite song over and over again.",0
JPEGMAFIA,Alternative,mjd5fSPjZLQ,"JPEGMAFIA - Jesus Forgive Me, I Am A Thot",JPEGMAFIA,Doing It Stealthy helps me to process my feelings about 9/11.,0
JPEGMAFIA,Alternative,mjd5fSPjZLQ,"JPEGMAFIA - Jesus Forgive Me, I Am A Thot",JPEGMAFIA,"Doing It Stealthy makes me happy in a way that no woman ever could... btw I'm single and so alone, please message me.",0
JPEGMAFIA,Alternative,mjd5fSPjZLQ,"JPEGMAFIA - Jesus Forgive Me, I Am A Thot",JPEGMAFIA,"Doing It Stealthy by Oloff is one of those songs that makes you rethink life... Yeah, I've gotta make some changes.",0
JPEGMAFIA,Alternative,mjd5fSPjZLQ,"JPEGMAFIA - Jesus Forgive Me, I Am A Thot",JPEGMAFIA,Everything in my life changed when I started listening to Doing It Stealthy by Oloff.,0
JPEGMAFIA,Alternative,mjd5fSPjZLQ,"JPEGMAFIA - Jesus Forgive Me, I Am A Thot",JPEGMAFIA,People ask me my favourite song... The answer is simple: Doing It Stealthy by Oloff.,0
JPEGMAFIA,Alternative,mjd5fSPjZLQ,"JPEGMAFIA - Jesus Forgive Me, I Am A Thot",JPEGMAFIA,What do you call a man who hasn't heard Doing It Stealthy by Oloff? A sad loser.,0
JPEGMAFIA,Alternative,mjd5fSPjZLQ,"JPEGMAFIA - Jesus Forgive Me, I Am A Thot",JPEGMAFIA,I listen to Doing It Stealthy when I'm experiencing existential dread. It makes it worse but... I just can't stop.,0
JPEGMAFIA,Alternative,mjd5fSPjZLQ,"JPEGMAFIA - Jesus Forgive Me, I Am A Thot",JPEGMAFIA,Doing It Stealthy is one of those songs that makes you ask.... why did God create us? What happens after we die?,0
JPEGMAFIA,Alternative,mjd5fSPjZLQ,"JPEGMAFIA - Jesus Forgive Me, I Am A Thot",JPEGMAFIA,"I listen to Doing It Stealthy by Oloff whenever I need therapy. Yeah, I could pay $300 an hour for some college clown to tell me what to feel, or I could just smash great big fucking coconuts on my head and listen to my favourite song over and over again.",0
JPEGMAFIA,Alternative,mjd5fSPjZLQ,"JPEGMAFIA - Jesus Forgive Me, I Am A Thot",JPEGMAFIA,Doing It Stealthy helps me to process my feelings about 9/11.,0
JPEGMAFIA,Alternative,mjd5fSPjZLQ,"JPEGMAFIA - Jesus Forgive Me, I Am A Thot",JPEGMAFIA,"Doing It Stealthy makes me happy in a way that no woman ever could... btw I'm single and so alone, please message me.",0
JPEGMAFIA,Alternative,mjd5fSPjZLQ,"JPEGMAFIA - Jesus Forgive Me, I Am A Thot",JPEGMAFIA,Everything in my life changed when I started listening to Doing It Stealthy by Oloff.,0
JPEGMAFIA,Alternative,mjd5fSPjZLQ,"JPEGMAFIA - Jesus Forgive Me, I Am A Thot",JPEGMAFIA,People ask me my favourite song... The answer is simple: Doing It Stealthy by Oloff.,0
JPEGMAFIA,Alternative,mjd5fSPjZLQ,"JPEGMAFIA - Jesus Forgive Me, I Am A Thot",JPEGMAFIA,I listen to Doing It Stealthy when I'm experiencing existential dread. It makes it worse but... I just can't stop.,0
JPEGMAFIA,Alternative,mjd5fSPjZLQ,"JPEGMAFIA - Jesus Forgive Me, I Am A Thot",JPEGMAFIA,Doing It Stealthy is one of those songs that makes you ask.... why did God create us? What happens after we die?,0
JPEGMAFIA,Alternative,mjd5fSPjZLQ,"JPEGMAFIA - Jesus Forgive Me, I Am A Thot",JPEGMAFIA,"I listen to Doing It Stealthy by Oloff whenever I need therapy. Yeah, I could pay $300 an hour for some college clown to tell me what to feel, or I could just smash great big fucking coconuts on my head and listen to my favourite song over and over again.",0
JPEGMAFIA,Alternative,mjd5fSPjZLQ,"JPEGMAFIA - Jesus Forgive Me, I Am A Thot",JPEGMAFIA,Doing It Stealthy helps me to process my feelings about 9/11.,0
JPEGMAFIA,Alternative,mjd5fSPjZLQ,"JPEGMAFIA - Jesus Forgive Me, I Am A Thot",JPEGMAFIA,"Doing It Stealthy by Oloff is one of those songs that makes you rethink life... Yeah, I've gotta make some changes.",0
JPEGMAFIA,Alternative,mjd5fSPjZLQ,"JPEGMAFIA - Jesus Forgive Me, I Am A Thot",JPEGMAFIA,"Doing It Stealthy makes me happy in a way that no woman ever could... btw I'm single and so alone, please message me.",0
JPEGMAFIA,Alternative,mjd5fSPjZLQ,"JPEGMAFIA - Jesus Forgive Me, I Am A Thot",JPEGMAFIA,Everything in my life changed when I started listening to Doing It Stealthy by Oloff.,0
JPEGMAFIA,Alternative,mjd5fSPjZLQ,"JPEGMAFIA - Jesus Forgive Me, I Am A Thot",JPEGMAFIA,Doing It Stealthy helps me to process my feelings about 9/11.,0
JPEGMAFIA,Alternative,mjd5fSPjZLQ,"JPEGMAFIA - Jesus Forgive Me, I Am A Thot",JPEGMAFIA,People ask me my favourite song... The answer is simple: Doing It Stealthy by Oloff.,0
JPEGMAFIA,Alternative,mjd5fSPjZLQ,"JPEGMAFIA - Jesus Forgive Me, I Am A Thot",JPEGMAFIA,What do you call a man who hasn't heard Doing It Stealthy by Oloff? A sad loser.,0
JPEGMAFIA,Alternative,mjd5fSPjZLQ,"JPEGMAFIA - Jesus Forgive Me, I Am A Thot",JPEGMAFIA,I listen to Doing It Stealthy when I'm experiencing existential dread. It makes it worse but... I just can't stop.,0
JPEGMAFIA,Alternative,mjd5fSPjZLQ,"JPEGMAFIA - Jesus Forgive Me, I Am A Thot",JPEGMAFIA,"I listen to Doing It Stealthy by Oloff whenever I need therapy. Yeah, I could pay $300 an hour for some college clown to tell me what to feel, or I could just smash great big fucking coconuts on my head and listen to my favourite song over and over again.",0
JPEGMAFIA,Alternative,mjd5fSPjZLQ,"JPEGMAFIA - Jesus Forgive Me, I Am A Thot",JPEGMAFIA,Doing It Stealthy helps me to process my feelings about 9/11.,0
JPEGMAFIA,Alternative,mjd5fSPjZLQ,"JPEGMAFIA - Jesus Forgive Me, I Am A Thot",JPEGMAFIA,"Doing It Stealthy by Oloff is one of those songs that makes you rethink life... Yeah, I've gotta make some changes.",0
JPEGMAFIA,Alternative,mjd5fSPjZLQ,"JPEGMAFIA - Jesus Forgive Me, I Am A Thot",JPEGMAFIA,"Doing It Stealthy makes me happy in a way that no woman ever could... btw I'm single and so alone, please message me.",0
JPEGMAFIA,Alternative,mjd5fSPjZLQ,"JPEGMAFIA - Jesus Forgive Me, I Am A Thot",JPEGMAFIA,Everything in my life changed when I started listening to Doing It Stealthy by Oloff.,0
JPEGMAFIA,Alternative,mjd5fSPjZLQ,"JPEGMAFIA - Jesus Forgive Me, I Am A Thot",JPEGMAFIA,People ask me my favourite song... The answer is simple: Doing It Stealthy by Oloff.,0
JPEGMAFIA,Alternative,mjd5fSPjZLQ,"JPEGMAFIA - Jesus Forgive Me, I Am A Thot",JPEGMAFIA,What do you call a man who hasn't heard Doing It Stealthy by Oloff? A sad loser.,0
JPEGMAFIA,Alternative,mjd5fSPjZLQ,"JPEGMAFIA - Jesus Forgive Me, I Am A Thot",JPEGMAFIA,Doing It Stealthy is one of those songs that makes you ask.... why did God create us? What happens after we die?,0
JPEGMAFIA,Alternative,mjd5fSPjZLQ,"JPEGMAFIA - Jesus Forgive Me, I Am A Thot",JPEGMAFIA,"I listen to Doing It Stealthy by Oloff whenever I need therapy. Yeah, I could pay $300 an hour for some college clown to tell me what to feel, or I could just smash great big fucking coconuts on my head and listen to my favourite song over and over again.",0
JPEGMAFIA,Alternative,mjd5fSPjZLQ,"JPEGMAFIA - Jesus Forgive Me, I Am A Thot",JPEGMAFIA,Doing It Stealthy helps me to process my feelings about 9/11.,0
JPEGMAFIA,Alternative,mjd5fSPjZLQ,"JPEGMAFIA - Jesus Forgive Me, I Am A Thot",JPEGMAFIA,"Doing It Stealthy by Oloff is one of those songs that makes you rethink life... Yeah, I've gotta make some changes.",0
JPEGMAFIA,Alternative,mjd5fSPjZLQ,"JPEGMAFIA - Jesus Forgive Me, I Am A Thot",JPEGMAFIA,"Doing It Stealthy makes me happy in a way that no woman ever could... btw I'm single and so alone, please message me.",0
JPEGMAFIA,Alternative,mjd5fSPjZLQ,"JPEGMAFIA - Jesus Forgive Me, I Am A Thot",JPEGMAFIA,Everything in my life changed when I started listening to Doing It Stealthy by Oloff.,0
JPEGMAFIA,Alternative,mjd5fSPjZLQ,"JPEGMAFIA - Jesus Forgive Me, I Am A Thot",JPEGMAFIA,Doing It Stealthy helps me to process my feelings about 9/11.,0
JPEGMAFIA,Alternative,mjd5fSPjZLQ,"JPEGMAFIA - Jesus Forgive Me, I Am A Thot",JPEGMAFIA,People ask me my favourite song... The answer is simple: Doing It Stealthy by Oloff.,0
JPEGMAFIA,Alternative,mjd5fSPjZLQ,"JPEGMAFIA - Jesus Forgive Me, I Am A Thot",JPEGMAFIA,What do you call a man who hasn't heard Doing It Stealthy by Oloff? A sad loser.,0
JPEGMAFIA,Alternative,mjd5fSPjZLQ,"JPEGMAFIA - Jesus Forgive Me, I Am A Thot",JPEGMAFIA,I listen to Doing It Stealthy when I'm experiencing existential dread. It makes it worse but... I just can't stop.,0
JPEGMAFIA,Alternative,mjd5fSPjZLQ,"JPEGMAFIA - Jesus Forgive Me, I Am A Thot",JPEGMAFIA,Doing It Stealthy is one of those songs that makes you ask.... why did God create us? What happens after we die?,0
JPEGMAFIA,Alternative,mjd5fSPjZLQ,"JPEGMAFIA - Jesus Forgive Me, I Am A Thot",JPEGMAFIA,"I listen to Doing It Stealthy by Oloff whenever I need therapy. Yeah, I could pay $300 an hour for some college clown to tell me what to feel, or I could just smash great big fucking coconuts on my head and listen to my favourite song over and over again.",0
JPEGMAFIA,Alternative,mjd5fSPjZLQ,"JPEGMAFIA - Jesus Forgive Me, I Am A Thot",JPEGMAFIA,Doing It Stealthy helps me to process my feelings about 9/11.,0
JPEGMAFIA,Alternative,mjd5fSPjZLQ,"JPEGMAFIA - Jesus Forgive Me, I Am A Thot",JPEGMAFIA,"Doing It Stealthy by Oloff is one of those songs that makes you rethink life... Yeah, I've gotta make some changes.",0
JPEGMAFIA,Alternative,mjd5fSPjZLQ,"JPEGMAFIA - Jesus Forgive Me, I Am A Thot",JPEGMAFIA,"Doing It Stealthy makes me happy in a way that no woman ever could... btw I'm single and so alone, please message me.",0
JPEGMAFIA,Alternative,mjd5fSPjZLQ,"JPEGMAFIA - Jesus Forgive Me, I Am A Thot",JPEGMAFIA,Everything in my life changed when I started listening to Doing It Stealthy by Oloff.,0
JPEGMAFIA,Alternative,mjd5fSPjZLQ,"JPEGMAFIA - Jesus Forgive Me, I Am A Thot",JPEGMAFIA,Doing It Stealthy helps me to process my feelings about 9/11.,0
JPEGMAFIA,Alternative,mjd5fSPjZLQ,"JPEGMAFIA - Jesus Forgive Me, I Am A Thot",JPEGMAFIA,People ask me my favourite song... The answer is simple: Doing It Stealthy by Oloff.,0
JPEGMAFIA,Alternative,mjd5fSPjZLQ,"JPEGMAFIA - Jesus Forgive Me, I Am A Thot",JPEGMAFIA,What do you call a man who hasn't heard Doing It Stealthy by Oloff? A sad loser.,0
JPEGMAFIA,Alternative,mjd5fSPjZLQ,"JPEGMAFIA - Jesus Forgive Me, I Am A Thot",JPEGMAFIA,Doing It Stealthy is one of those songs that makes you ask.... why did God create us? What happens after we die?,0
JPEGMAFIA,Alternative,mjd5fSPjZLQ,"JPEGMAFIA - Jesus Forgive Me, I Am A Thot",JPEGMAFIA,"I listen to Doing It Stealthy by Oloff whenever I need therapy. Yeah, I could pay $300 an hour for some college clown to tell me what to feel, or I could just smash great big fucking coconuts on my head and listen to my favourite song over and over again.",0
JPEGMAFIA,Alternative,mjd5fSPjZLQ,"JPEGMAFIA - Jesus Forgive Me, I Am A Thot",JPEGMAFIA,Doing It Stealthy helps me to process my feelings about 9/11.,0
JPEGMAFIA,Alternative,mjd5fSPjZLQ,"JPEGMAFIA - Jesus Forgive Me, I Am A Thot",JPEGMAFIA,"Doing It Stealthy makes me happy in a way that no woman ever could... btw I'm single and so alone, please message me.",0
JPEGMAFIA,Alternative,mjd5fSPjZLQ,"JPEGMAFIA - Jesus Forgive Me, I Am A Thot",JPEGMAFIA,"Doing It Stealthy by Oloff is one of those songs that makes you rethink life... Yeah, I've gotta make some changes.",0
JPEGMAFIA,Alternative,mjd5fSPjZLQ,"JPEGMAFIA - Jesus Forgive Me, I Am A Thot",JPEGMAFIA,Doing It Stealthy helps me to process my feelings about 9/11.,0
JPEGMAFIA,Alternative,mjd5fSPjZLQ,"JPEGMAFIA - Jesus Forgive Me, I Am A Thot",JPEGMAFIA,People ask me my favourite song... The answer is simple: Doing It Stealthy by Oloff.,0
JPEGMAFIA,Alternative,mjd5fSPjZLQ,"JPEGMAFIA - Jesus Forgive Me, I Am A Thot",JPEGMAFIA,I listen to Doing It Stealthy when I'm experiencing existential dread. It makes it worse but... I just can't stop.,0
JPEGMAFIA,Alternative,mjd5fSPjZLQ,"JPEGMAFIA - Jesus Forgive Me, I Am A Thot",JPEGMAFIA,What do you call a man who hasn't heard Doing It Stealthy by Oloff? A sad loser.,0
JPEGMAFIA,Alternative,mjd5fSPjZLQ,"JPEGMAFIA - Jesus Forgive Me, I Am A Thot",JPEGMAFIA,Doing It Stealthy is one of those songs that makes you ask.... why did God create us? What happens after we die?,0
JPEGMAFIA,Alternative,mjd5fSPjZLQ,"JPEGMAFIA - Jesus Forgive Me, I Am A Thot",JPEGMAFIA,"I listen to Doing It Stealthy by Oloff whenever I need therapy. Yeah, I could pay $300 an hour for some college clown to tell me what to feel, or I could just smash great big fucking coconuts on my head and listen to my favourite song over and over again.",0
JPEGMAFIA,Alternative,mjd5fSPjZLQ,"JPEGMAFIA - Jesus Forgive Me, I Am A Thot",JPEGMAFIA,"Doing It Stealthy makes me happy in a way that no woman ever could... btw I'm single and so alone, please message me.",0
JPEGMAFIA,Alternative,mjd5fSPjZLQ,"JPEGMAFIA - Jesus Forgive Me, I Am A Thot",JPEGMAFIA,People ask me my favourite song... The answer is simple: Doing It Stealthy by Oloff.,0
JPEGMAFIA,Alternative,mjd5fSPjZLQ,"JPEGMAFIA - Jesus Forgive Me, I Am A Thot",JPEGMAFIA,What do you call a man who hasn't heard Doing It Stealthy by Oloff? A sad loser.,0
JPEGMAFIA,Alternative,mjd5fSPjZLQ,"JPEGMAFIA - Jesus Forgive Me, I Am A Thot",JPEGMAFIA,Doing It Stealthy is one of those songs that makes you ask.... why did God create us? What happens after we die?,0
JPEGMAFIA,Alternative,mjd5fSPjZLQ,"JPEGMAFIA - Jesus Forgive Me, I Am A Thot",JPEGMAFIA,I listen to Doing It Stealthy when I'm experiencing existential dread. It makes it worse but... I just can't stop.,0
JPEGMAFIA,Alternative,mjd5fSPjZLQ,"JPEGMAFIA - Jesus Forgive Me, I Am A Thot",JPEGMAFIA,"I listen to Doing It Stealthy by Oloff whenever I need therapy. Yeah, I could pay $300 an hour for some college clown to tell me what to feel, or I could just smash great big fucking coconuts on my head and listen to my favourite song over and over again.",0
JPEGMAFIA,Alternative,mjd5fSPjZLQ,"JPEGMAFIA - Jesus Forgive Me, I Am A Thot",JPEGMAFIA,Doing It Stealthy helps me to process my feelings about 9/11.,0
JPEGMAFIA,Alternative,mjd5fSPjZLQ,"JPEGMAFIA - Jesus Forgive Me, I Am A Thot",JPEGMAFIA,"Doing It Stealthy by Oloff is one of those songs that makes you rethink life... Yeah, I've gotta make some changes.",0
JPEGMAFIA,Alternative,mjd5fSPjZLQ,"JPEGMAFIA - Jesus Forgive Me, I Am A Thot",JPEGMAFIA,"Doing It Stealthy makes me happy in a way that no woman ever could... btw I'm single and so alone, please message me.",0
JPEGMAFIA,Alternative,mjd5fSPjZLQ,"JPEGMAFIA - Jesus Forgive Me, I Am A Thot",JPEGMAFIA,Everything in my life changed when I started listening to Doing It Stealthy by Oloff.,0
JPEGMAFIA,Alternative,mjd5fSPjZLQ,"JPEGMAFIA - Jesus Forgive Me, I Am A Thot",JPEGMAFIA,Doing It Stealthy helps me to process my feelings about 9/11.,0
JPEGMAFIA,Alternative,mjd5fSPjZLQ,"JPEGMAFIA - Jesus Forgive Me, I Am A Thot",JPEGMAFIA,People ask me my favourite song... The answer is simple: Doing It Stealthy by Oloff.,0
JPEGMAFIA,Alternative,mjd5fSPjZLQ,"JPEGMAFIA - Jesus Forgive Me, I Am A Thot",JPEGMAFIA,What do you call a man who hasn't heard Doing It Stealthy by Oloff? A sad loser.,0
JPEGMAFIA,Alternative,mjd5fSPjZLQ,"JPEGMAFIA - Jesus Forgive Me, I Am A Thot",JPEGMAFIA,I listen to Doing It Stealthy when I'm experiencing existential dread. It makes it worse but... I just can't stop.,0
JPEGMAFIA,Alternative,mjd5fSPjZLQ,"JPEGMAFIA - Jesus Forgive Me, I Am A Thot",JPEGMAFIA,Doing It Stealthy is one of those songs that makes you ask.... why did God create us? What happens after we die?,0
JPEGMAFIA,Alternative,mjd5fSPjZLQ,"JPEGMAFIA - Jesus Forgive Me, I Am A Thot",JPEGMAFIA,Doing It Stealthy helps me to process my feelings about 9/11.,0
JPEGMAFIA,Alternative,mjd5fSPjZLQ,"JPEGMAFIA - Jesus Forgive Me, I Am A Thot",JPEGMAFIA,"Doing It Stealthy by Oloff is one of those songs that makes you rethink life... Yeah, I've gotta make some changes.",0
JPEGMAFIA,Alternative,mjd5fSPjZLQ,"JPEGMAFIA - Jesus Forgive Me, I Am A Thot",JPEGMAFIA,People ask me my favourite song... The answer is simple: Doing It Stealthy by Oloff.,0
JPEGMAFIA,Alternative,mjd5fSPjZLQ,"JPEGMAFIA - Jesus Forgive Me, I Am A Thot",JPEGMAFIA,Doing It Stealthy helps me to process my feelings about 9/11.,0
JPEGMAFIA,Alternative,mjd5fSPjZLQ,"JPEGMAFIA - Jesus Forgive Me, I Am A Thot",JPEGMAFIA,What do you call a man who hasn't heard Doing It Stealthy by Oloff? A sad loser.,0
JPEGMAFIA,Alternative,mjd5fSPjZLQ,"JPEGMAFIA - Jesus Forgive Me, I Am A Thot",JPEGMAFIA,I listen to Doing It Stealthy when I'm experiencing existential dread. It makes it worse but... I just can't stop.,0
JPEGMAFIA,Alternative,mjd5fSPjZLQ,"JPEGMAFIA - Jesus Forgive Me, I Am A Thot",JPEGMAFIA,Doing It Stealthy is one of those songs that makes you ask.... why did God create us? What happens after we die?,0
JPEGMAFIA,Alternative,mjd5fSPjZLQ,"JPEGMAFIA - Jesus Forgive Me, I Am A Thot",JPEGMAFIA,"I listen to Doing It Stealthy by Oloff whenever I need therapy. Yeah, I could pay $300 an hour for some college clown to tell me what to feel, or I could just smash great big fucking coconuts on my head and listen to my favourite song over and over again.",0
JPEGMAFIA,Alternative,mjd5fSPjZLQ,"JPEGMAFIA - Jesus Forgive Me, I Am A Thot",JPEGMAFIA,Doing It Stealthy helps me to process my feelings about 9/11.,0
JPEGMAFIA,Alternative,mjd5fSPjZLQ,"JPEGMAFIA - Jesus Forgive Me, I Am A Thot",JPEGMAFIA,"Doing It Stealthy by Oloff is one of those songs that makes you rethink life... Yeah, I've gotta make some changes.",0
JPEGMAFIA,Alternative,mjd5fSPjZLQ,"JPEGMAFIA - Jesus Forgive Me, I Am A Thot",JPEGMAFIA,Everything in my life changed when I started listening to Doing It Stealthy by Oloff.,0
JPEGMAFIA,Alternative,mjd5fSPjZLQ,"JPEGMAFIA - Jesus Forgive Me, I Am A Thot",JPEGMAFIA,Doing It Stealthy helps me to process my feelings about 9/11.,0
JPEGMAFIA,Alternative,mjd5fSPjZLQ,"JPEGMAFIA - Jesus Forgive Me, I Am A Thot",JPEGMAFIA,People ask me my favourite song... The answer is simple: Doing It Stealthy by Oloff.,0
JPEGMAFIA,Alternative,mjd5fSPjZLQ,"JPEGMAFIA - Jesus Forgive Me, I Am A Thot",JPEGMAFIA,What do you call a man who hasn't heard Doing It Stealthy by Oloff? A sad loser.,0
JPEGMAFIA,Alternative,mjd5fSPjZLQ,"JPEGMAFIA - Jesus Forgive Me, I Am A Thot",JPEGMAFIA,"I listen to Doing It Stealthy by Oloff whenever I need therapy. Yeah, I could pay $300 an hour for some college clown to tell me what to feel, or I could just smash great big fucking coconuts on my head and listen to my favourite song over and over again.",0
JPEGMAFIA,Alternative,mjd5fSPjZLQ,"JPEGMAFIA - Jesus Forgive Me, I Am A Thot",JPEGMAFIA,Doing It Stealthy helps me to process my feelings about 9/11.,0
JPEGMAFIA,Alternative,mjd5fSPjZLQ,"JPEGMAFIA - Jesus Forgive Me, I Am A Thot",JPEGMAFIA,Doing It Stealthy helps me to process my feelings about 9/11.,0
JPEGMAFIA,Alternative,mjd5fSPjZLQ,"JPEGMAFIA - Jesus Forgive Me, I Am A Thot",JPEGMAFIA,People ask me my favourite song... The answer is simple: Doing It Stealthy by Oloff.,0
JPEGMAFIA,Alternative,mjd5fSPjZLQ,"JPEGMAFIA - Jesus Forgive Me, I Am A Thot",JPEGMAFIA,"I listen to Doing It Stealthy by Oloff whenever I need therapy. Yeah, I could pay $300 an hour for some college clown to tell me what to feel, or I could just smash great big fucking coconuts on my head and listen to my favourite song over and over again.",0
JPEGMAFIA,Alternative,mjd5fSPjZLQ,"JPEGMAFIA - Jesus Forgive Me, I Am A Thot",JPEGMAFIA,Doing It Stealthy helps me to process my feelings about 9/11.,0
JPEGMAFIA,Alternative,mjd5fSPjZLQ,"JPEGMAFIA - Jesus Forgive Me, I Am A Thot",JPEGMAFIA,"Doing It Stealthy makes me happy in a way that no woman ever could... btw I'm single and so alone, please message me.",0
JPEGMAFIA,Alternative,mjd5fSPjZLQ,"JPEGMAFIA - Jesus Forgive Me, I Am A Thot",JPEGMAFIA,"Doing It Stealthy by Oloff is one of those songs that makes you rethink life... Yeah, I've gotta make some changes.",0
JPEGMAFIA,Alternative,mjd5fSPjZLQ,"JPEGMAFIA - Jesus Forgive Me, I Am A Thot",JPEGMAFIA,Everything in my life changed when I started listening to Doing It Stealthy by Oloff.,0
JPEGMAFIA,Alternative,mjd5fSPjZLQ,"JPEGMAFIA - Jesus Forgive Me, I Am A Thot",JPEGMAFIA,Doing It Stealthy helps me to process my feelings about 9/11.,0
JPEGMAFIA,Alternative,mjd5fSPjZLQ,"JPEGMAFIA - Jesus Forgive Me, I Am A Thot",JPEGMAFIA,What do you call a man who hasn't heard Doing It Stealthy by Oloff? A sad loser.,0
JPEGMAFIA,Alternative,mjd5fSPjZLQ,"JPEGMAFIA - Jesus Forgive Me, I Am A Thot",JPEGMAFIA,People ask me my favourite song... The answer is simple: Doing It Stealthy by Oloff.,0
JPEGMAFIA,Alternative,mjd5fSPjZLQ,"JPEGMAFIA - Jesus Forgive Me, I Am A Thot",JPEGMAFIA,Doing It Stealthy is one of those songs that makes you ask.... why did God create us? What happens after we die?,0
JPEGMAFIA,Alternative,mjd5fSPjZLQ,"JPEGMAFIA - Jesus Forgive Me, I Am A Thot",JPEGMAFIA,I listen to Doing It Stealthy when I'm experiencing existential dread. It makes it worse but... I just can't stop.,0
JPEGMAFIA,Alternative,mjd5fSPjZLQ,"JPEGMAFIA - Jesus Forgive Me, I Am A Thot",JPEGMAFIA,Doing It Stealthy helps me to process my feelings about 9/11.,0
JPEGMAFIA,Alternative,mjd5fSPjZLQ,"JPEGMAFIA - Jesus Forgive Me, I Am A Thot",JPEGMAFIA,"Doing It Stealthy makes me happy in a way that no woman ever could... btw I'm single and so alone, please message me.",0
JPEGMAFIA,Alternative,mjd5fSPjZLQ,"JPEGMAFIA - Jesus Forgive Me, I Am A Thot",JPEGMAFIA,"Doing It Stealthy by Oloff is one of those songs that makes you rethink life... Yeah, I've gotta make some changes.",0
JPEGMAFIA,Alternative,mjd5fSPjZLQ,"JPEGMAFIA - Jesus Forgive Me, I Am A Thot",JPEGMAFIA,Everything in my life changed when I started listening to Doing It Stealthy by Oloff.,0
JPEGMAFIA,Alternative,mjd5fSPjZLQ,"JPEGMAFIA - Jesus Forgive Me, I Am A Thot",JPEGMAFIA,Doing It Stealthy helps me to process my feelings about 9/11.,0
JPEGMAFIA,Alternative,mjd5fSPjZLQ,"JPEGMAFIA - Jesus Forgive Me, I Am A Thot",JPEGMAFIA,What do you call a man who hasn't heard Doing It Stealthy by Oloff? A sad loser.,0
JPEGMAFIA,Alternative,mjd5fSPjZLQ,"JPEGMAFIA - Jesus Forgive Me, I Am A Thot",JPEGMAFIA,People ask me my favourite song... The answer is simple: Doing It Stealthy by Oloff.,0
JPEGMAFIA,Alternative,mjd5fSPjZLQ,"JPEGMAFIA - Jesus Forgive Me, I Am A Thot",JPEGMAFIA,I listen to Doing It Stealthy when I'm experiencing existential dread. It makes it worse but... I just can't stop.,0
JPEGMAFIA,Alternative,mjd5fSPjZLQ,"JPEGMAFIA - Jesus Forgive Me, I Am A Thot",JPEGMAFIA,Doing It Stealthy is one of those songs that makes you ask.... why did God create us? What happens after we die?,0
JPEGMAFIA,Alternative,mjd5fSPjZLQ,"JPEGMAFIA - Jesus Forgive Me, I Am A Thot",JPEGMAFIA,"I listen to Doing It Stealthy by Oloff whenever I need therapy. Yeah, I could pay $300 an hour for some college clown to tell me what to feel, or I could just smash great big fucking coconuts on my head and listen to my favourite song over and over again.",0
JPEGMAFIA,Alternative,mjd5fSPjZLQ,"JPEGMAFIA - Jesus Forgive Me, I Am A Thot",JPEGMAFIA,Doing It Stealthy helps me to process my feelings about 9/11.,0
JPEGMAFIA,Alternative,mjd5fSPjZLQ,"JPEGMAFIA - Jesus Forgive Me, I Am A Thot",JPEGMAFIA,"Doing It Stealthy by Oloff is one of those songs that makes you rethink life... Yeah, I've gotta make some changes.",0
JPEGMAFIA,Alternative,mjd5fSPjZLQ,"JPEGMAFIA - Jesus Forgive Me, I Am A Thot",JPEGMAFIA,"Doing It Stealthy makes me happy in a way that no woman ever could... btw I'm single and so alone, please message me.",0
JPEGMAFIA,Alternative,mjd5fSPjZLQ,"JPEGMAFIA - Jesus Forgive Me, I Am A Thot",JPEGMAFIA,Everything in my life changed when I started listening to Doing It Stealthy by Oloff.,0
JPEGMAFIA,Alternative,mjd5fSPjZLQ,"JPEGMAFIA - Jesus Forgive Me, I Am A Thot",JPEGMAFIA,Doing It Stealthy helps me to process my feelings about 9/11.,0
JPEGMAFIA,Alternative,mjd5fSPjZLQ,"JPEGMAFIA - Jesus Forgive Me, I Am A Thot",JPEGMAFIA,What do you call a man who hasn't heard Doing It Stealthy by Oloff? A sad loser.,0
JPEGMAFIA,Alternative,mjd5fSPjZLQ,"JPEGMAFIA - Jesus Forgive Me, I Am A Thot",JPEGMAFIA,Doing It Stealthy is one of those songs that makes you ask.... why did God create us? What happens after we die?,0
JPEGMAFIA,Alternative,mjd5fSPjZLQ,"JPEGMAFIA - Jesus Forgive Me, I Am A Thot",JPEGMAFIA,I listen to Doing It Stealthy when I'm experiencing existential dread. It makes it worse but... I just can't stop.,0
JPEGMAFIA,Alternative,mjd5fSPjZLQ,"JPEGMAFIA - Jesus Forgive Me, I Am A Thot",JPEGMAFIA,"I listen to Doing It Stealthy by Oloff whenever I need therapy. Yeah, I could pay $300 an hour for some college clown to tell me what to feel, or I could just smash great big fucking coconuts on my head and listen to my favourite song over and over again.",0
JPEGMAFIA,Alternative,mjd5fSPjZLQ,"JPEGMAFIA - Jesus Forgive Me, I Am A Thot",JPEGMAFIA,Doing It Stealthy helps me to process my feelings about 9/11.,0
JPEGMAFIA,Alternative,mjd5fSPjZLQ,"JPEGMAFIA - Jesus Forgive Me, I Am A Thot",JPEGMAFIA,"Doing It Stealthy by Oloff is one of those songs that makes you rethink life... Yeah, I've gotta make some changes.",0
JPEGMAFIA,Alternative,mjd5fSPjZLQ,"JPEGMAFIA - Jesus Forgive Me, I Am A Thot",JPEGMAFIA,"Doing It Stealthy makes me happy in a way that no woman ever could... btw I'm single and so alone, please message me.",0
JPEGMAFIA,Alternative,mjd5fSPjZLQ,"JPEGMAFIA - Jesus Forgive Me, I Am A Thot",JPEGMAFIA,Everything in my life changed when I started listening to Doing It Stealthy by Oloff.,0
JPEGMAFIA,Alternative,mjd5fSPjZLQ,"JPEGMAFIA - Jesus Forgive Me, I Am A Thot",JPEGMAFIA,Doing It Stealthy helps me to process my feelings about 9/11.,0
JPEGMAFIA,Alternative,mjd5fSPjZLQ,"JPEGMAFIA - Jesus Forgive Me, I Am A Thot",JPEGMAFIA,People ask me my favourite song... The answer is simple: Doing It Stealthy by Oloff.,0
JPEGMAFIA,Alternative,mjd5fSPjZLQ,"JPEGMAFIA - Jesus Forgive Me, I Am A Thot",JPEGMAFIA,I listen to Doing It Stealthy when I'm experiencing existential dread. It makes it worse but... I just can't stop.,0
JPEGMAFIA,Alternative,mjd5fSPjZLQ,"JPEGMAFIA - Jesus Forgive Me, I Am A Thot",JPEGMAFIA,Doing It Stealthy is one of those songs that makes you ask.... why did God create us? What happens after we die?,0
JPEGMAFIA,Alternative,mjd5fSPjZLQ,"JPEGMAFIA - Jesus Forgive Me, I Am A Thot",JPEGMAFIA,"I listen to Doing It Stealthy by Oloff whenever I need therapy. Yeah, I could pay $300 an hour for some college clown to tell me what to feel, or I could just smash great big fucking coconuts on my head and listen to my favourite song over and over again.",0
JPEGMAFIA,Alternative,mjd5fSPjZLQ,"JPEGMAFIA - Jesus Forgive Me, I Am A Thot",JPEGMAFIA,Doing It Stealthy helps me to process my feelings about 9/11.,0
JPEGMAFIA,Alternative,mjd5fSPjZLQ,"JPEGMAFIA - Jesus Forgive Me, I Am A Thot",JPEGMAFIA,"Doing It Stealthy makes me happy in a way that no woman ever could... btw I'm single and so alone, please message me.",0
JPEGMAFIA,Alternative,mjd5fSPjZLQ,"JPEGMAFIA - Jesus Forgive Me, I Am A Thot",JPEGMAFIA,"Doing It Stealthy by Oloff is one of those songs that makes you rethink life... Yeah, I've gotta make some changes.",0
JPEGMAFIA,Alternative,mjd5fSPjZLQ,"JPEGMAFIA - Jesus Forgive Me, I Am A Thot",JPEGMAFIA,Everything in my life changed when I started listening to Doing It Stealthy by Oloff.,0
JPEGMAFIA,Alternative,mjd5fSPjZLQ,"JPEGMAFIA - Jesus Forgive Me, I Am A Thot",JPEGMAFIA,Doing It Stealthy helps me to process my feelings about 9/11.,0
JPEGMAFIA,Alternative,mjd5fSPjZLQ,"JPEGMAFIA - Jesus Forgive Me, I Am A Thot",JPEGMAFIA,People ask me my favourite song... The answer is simple: Doing It Stealthy by Oloff.,0
JPEGMAFIA,Alternative,mjd5fSPjZLQ,"JPEGMAFIA - Jesus Forgive Me, I Am A Thot",JPEGMAFIA,I listen to Doing It Stealthy when I'm experiencing existential dread. It makes it worse but... I just can't stop.,0
JPEGMAFIA,Alternative,mjd5fSPjZLQ,"JPEGMAFIA - Jesus Forgive Me, I Am A Thot",JPEGMAFIA,What do you call a man who hasn't heard Doing It Stealthy by Oloff? A sad loser.,0
JPEGMAFIA,Alternative,mjd5fSPjZLQ,"JPEGMAFIA - Jesus Forgive Me, I Am A Thot",JPEGMAFIA,Doing It Stealthy is one of those songs that makes you ask.... why did God create us? What happens after we die?,0
JPEGMAFIA,Alternative,mjd5fSPjZLQ,"JPEGMAFIA - Jesus Forgive Me, I Am A Thot",JPEGMAFIA,"I listen to Doing It Stealthy by Oloff whenever I need therapy. Yeah, I could pay $300 an hour for some college clown to tell me what to feel, or I could just smash great big fucking coconuts on my head and listen to my favourite song over and over again.",0
JPEGMAFIA,Alternative,mjd5fSPjZLQ,"JPEGMAFIA - Jesus Forgive Me, I Am A Thot",JPEGMAFIA,"Doing It Stealthy makes me happy in a way that no woman ever could... btw I'm single and so alone, please message me.",0
JPEGMAFIA,Alternative,mjd5fSPjZLQ,"JPEGMAFIA - Jesus Forgive Me, I Am A Thot",JPEGMAFIA,"Doing It Stealthy by Oloff is one of those songs that makes you rethink life... Yeah, I've gotta make some changes.",0
JPEGMAFIA,Alternative,mjd5fSPjZLQ,"JPEGMAFIA - Jesus Forgive Me, I Am A Thot",JPEGMAFIA,Everything in my life changed when I started listening to Doing It Stealthy by Oloff.,0
JPEGMAFIA,Alternative,mjd5fSPjZLQ,"JPEGMAFIA - Jesus Forgive Me, I Am A Thot",JPEGMAFIA,Doing It Stealthy helps me to process my feelings about 9/11.,0
JPEGMAFIA,Alternative,mjd5fSPjZLQ,"JPEGMAFIA - Jesus Forgive Me, I Am A Thot",JPEGMAFIA,What do you call a man who hasn't heard Doing It Stealthy by Oloff? A sad loser.,0
JPEGMAFIA,Alternative,mjd5fSPjZLQ,"JPEGMAFIA - Jesus Forgive Me, I Am A Thot",JPEGMAFIA,I listen to Doing It Stealthy when I'm experiencing existential dread. It makes it worse but... I just can't stop.,0
JPEGMAFIA,Alternative,mjd5fSPjZLQ,"JPEGMAFIA - Jesus Forgive Me, I Am A Thot",JPEGMAFIA,"I listen to Doing It Stealthy by Oloff whenever I need therapy. Yeah, I could pay $300 an hour for some college clown to tell me what to feel, or I could just smash great big fucking coconuts on my head and listen to my favourite song over and over again.",0
JPEGMAFIA,Alternative,mjd5fSPjZLQ,"JPEGMAFIA - Jesus Forgive Me, I Am A Thot",JPEGMAFIA,Doing It Stealthy helps me to process my feelings about 9/11.,0
JPEGMAFIA,Alternative,mjd5fSPjZLQ,"JPEGMAFIA - Jesus Forgive Me, I Am A Thot",JPEGMAFIA,"Doing It Stealthy makes me happy in a way that no woman ever could... btw I'm single and so alone, please message me.",0
JPEGMAFIA,Alternative,mjd5fSPjZLQ,"JPEGMAFIA - Jesus Forgive Me, I Am A Thot",JPEGMAFIA,What do you call a man who hasn't heard Doing It Stealthy by Oloff? A sad loser.,0
JPEGMAFIA,Alternative,mjd5fSPjZLQ,"JPEGMAFIA - Jesus Forgive Me, I Am A Thot",JPEGMAFIA,I listen to Doing It Stealthy when I'm experiencing existential dread. It makes it worse but... I just can't stop.,0
JPEGMAFIA,Alternative,mjd5fSPjZLQ,"JPEGMAFIA - Jesus Forgive Me, I Am A Thot",JPEGMAFIA,Doing It Stealthy is one of those songs that makes you ask.... why did God create us? What happens after we die?,0
JPEGMAFIA,Alternative,mjd5fSPjZLQ,"JPEGMAFIA - Jesus Forgive Me, I Am A Thot",JPEGMAFIA,Doing It Stealthy helps me to process my feelings about 9/11.,0
JPEGMAFIA,Alternative,mjd5fSPjZLQ,"JPEGMAFIA - Jesus Forgive Me, I Am A Thot",JPEGMAFIA,"I listen to Doing It Stealthy by Oloff whenever I need therapy. Yeah, I could pay $300 an hour for some college clown to tell me what to feel, or I could just smash great big fucking coconuts on my head and listen to my favourite song over and over again.",0
JPEGMAFIA,Alternative,mjd5fSPjZLQ,"JPEGMAFIA - Jesus Forgive Me, I Am A Thot",JPEGMAFIA,"Doing It Stealthy makes me happy in a way that no woman ever could... btw I'm single and so alone, please message me.",0
JPEGMAFIA,Alternative,mjd5fSPjZLQ,"JPEGMAFIA - Jesus Forgive Me, I Am A Thot",JPEGMAFIA,Everything in my life changed when I started listening to Doing It Stealthy by Oloff.,0
JPEGMAFIA,Alternative,mjd5fSPjZLQ,"JPEGMAFIA - Jesus Forgive Me, I Am A Thot",JPEGMAFIA,Doing It Stealthy helps me to process my feelings about 9/11.,0
JPEGMAFIA,Alternative,mjd5fSPjZLQ,"JPEGMAFIA - Jesus Forgive Me, I Am A Thot",JPEGMAFIA,People ask me my favourite song... The answer is simple: Doing It Stealthy by Oloff.,0
JPEGMAFIA,Alternative,mjd5fSPjZLQ,"JPEGMAFIA - Jesus Forgive Me, I Am A Thot",JPEGMAFIA,What do you call a man who hasn't heard Doing It Stealthy by Oloff? A sad loser.,0
JPEGMAFIA,Alternative,mjd5fSPjZLQ,"JPEGMAFIA - Jesus Forgive Me, I Am A Thot",JPEGMAFIA,I listen to Doing It Stealthy when I'm experiencing existential dread. It makes it worse but... I just can't stop.,1
JPEGMAFIA,Alternative,mjd5fSPjZLQ,"JPEGMAFIA - Jesus Forgive Me, I Am A Thot",JPEGMAFIA,Doing It Stealthy is one of those songs that makes you ask.... why did God create us? What happens after we die?,0
JPEGMAFIA,Alternative,mjd5fSPjZLQ,"JPEGMAFIA - Jesus Forgive Me, I Am A Thot",JPEGMAFIA,"I listen to Doing It Stealthy by Oloff whenever I need therapy. Yeah, I could pay $300 an hour for some college clown to tell me what to feel, or I could just smash great big fucking coconuts on my head and listen to my favourite song over and over again.",0
JPEGMAFIA,Alternative,mjd5fSPjZLQ,"JPEGMAFIA - Jesus Forgive Me, I Am A Thot",JPEGMAFIA,"Doing It Stealthy makes me happy in a way that no woman ever could... btw I'm single and so alone, please message me.",0
JPEGMAFIA,Alternative,mjd5fSPjZLQ,"JPEGMAFIA - Jesus Forgive Me, I Am A Thot",JPEGMAFIA,"Doing It Stealthy by Oloff is one of those songs that makes you rethink life... Yeah, I've gotta make some changes.",0
JPEGMAFIA,Alternative,mjd5fSPjZLQ,"JPEGMAFIA - Jesus Forgive Me, I Am A Thot",JPEGMAFIA,Everything in my life changed when I started listening to Doing It Stealthy by Oloff.,0
JPEGMAFIA,Alternative,mjd5fSPjZLQ,"JPEGMAFIA - Jesus Forgive Me, I Am A Thot",JPEGMAFIA,Doing It Stealthy helps me to process my feelings about 9/11.,0
JPEGMAFIA,Alternative,mjd5fSPjZLQ,"JPEGMAFIA - Jesus Forgive Me, I Am A Thot",JPEGMAFIA,People ask me my favourite song... The answer is simple: Doing It Stealthy by Oloff.,0
JPEGMAFIA,Alternative,mjd5fSPjZLQ,"JPEGMAFIA - Jesus Forgive Me, I Am A Thot",JPEGMAFIA,What do you call a man who hasn't heard Doing It Stealthy by Oloff? A sad loser.,0
JPEGMAFIA,Alternative,mjd5fSPjZLQ,"JPEGMAFIA - Jesus Forgive Me, I Am A Thot",JPEGMAFIA,I listen to Doing It Stealthy when I'm experiencing existential dread. It makes it worse but... I just can't stop.,1
JPEGMAFIA,Alternative,mjd5fSPjZLQ,"JPEGMAFIA - Jesus Forgive Me, I Am A Thot",JPEGMAFIA,Doing It Stealthy is one of those songs that makes you ask.... why did God create us? What happens after we die?,0
JPEGMAFIA,Alternative,mjd5fSPjZLQ,"JPEGMAFIA - Jesus Forgive Me, I Am A Thot",JPEGMAFIA,"I listen to Doing It Stealthy by Oloff whenever I need therapy. Yeah, I could pay $300 an hour for some college clown to tell me what to feel, or I could just smash great big fucking coconuts on my head and listen to my favourite song over and over again.",0
JPEGMAFIA,Alternative,mjd5fSPjZLQ,"JPEGMAFIA - Jesus Forgive Me, I Am A Thot",JPEGMAFIA,Doing It Stealthy helps me to process my feelings about 9/11.,0
JPEGMAFIA,Alternative,mjd5fSPjZLQ,"JPEGMAFIA - Jesus Forgive Me, I Am A Thot",JPEGMAFIA,"Doing It Stealthy makes me happy in a way that no woman ever could... btw I'm single and so alone, please message me.",0
JPEGMAFIA,Alternative,mjd5fSPjZLQ,"JPEGMAFIA - Jesus Forgive Me, I Am A Thot",JPEGMAFIA,"Doing It Stealthy by Oloff is one of those songs that makes you rethink life... Yeah, I've gotta make some changes.",0
JPEGMAFIA,Alternative,mjd5fSPjZLQ,"JPEGMAFIA - Jesus Forgive Me, I Am A Thot",JPEGMAFIA,Everything in my life changed when I started listening to Doing It Stealthy by Oloff.,0
JPEGMAFIA,Alternative,mjd5fSPjZLQ,"JPEGMAFIA - Jesus Forgive Me, I Am A Thot",JPEGMAFIA,Doing It Stealthy helps me to process my feelings about 9/11.,0
JPEGMAFIA,Alternative,mjd5fSPjZLQ,"JPEGMAFIA - Jesus Forgive Me, I Am A Thot",JPEGMAFIA,People ask me my favourite song... The answer is simple: Doing It Stealthy by Oloff.,0
JPEGMAFIA,Alternative,mjd5fSPjZLQ,"JPEGMAFIA - Jesus Forgive Me, I Am A Thot",JPEGMAFIA,What do you call a man who hasn't heard Doing It Stealthy by Oloff? A sad loser.,0
JPEGMAFIA,Alternative,mjd5fSPjZLQ,"JPEGMAFIA - Jesus Forgive Me, I Am A Thot",JPEGMAFIA,Doing It Stealthy is one of those songs that makes you ask.... why did God create us? What happens after we die?,0
JPEGMAFIA,Alternative,mjd5fSPjZLQ,"JPEGMAFIA - Jesus Forgive Me, I Am A Thot",JPEGMAFIA,"I listen to Doing It Stealthy by Oloff whenever I need therapy. Yeah, I could pay $300 an hour for some college clown to tell me what to feel, or I could just smash great big fucking coconuts on my head and listen to my favourite song over and over again.",0
JPEGMAFIA,Alternative,mjd5fSPjZLQ,"JPEGMAFIA - Jesus Forgive Me, I Am A Thot",JPEGMAFIA,Doing It Stealthy helps me to process my feelings about 9/11.,0
JPEGMAFIA,Alternative,mjd5fSPjZLQ,"JPEGMAFIA - Jesus Forgive Me, I Am A Thot",JPEGMAFIA,"Doing It Stealthy makes me happy in a way that no woman ever could... btw I'm single and so alone, please message me.",0
JPEGMAFIA,Alternative,mjd5fSPjZLQ,"JPEGMAFIA - Jesus Forgive Me, I Am A Thot",JPEGMAFIA,"Doing It Stealthy by Oloff is one of those songs that makes you rethink life... Yeah, I've gotta make some changes.",0
JPEGMAFIA,Alternative,mjd5fSPjZLQ,"JPEGMAFIA - Jesus Forgive Me, I Am A Thot",JPEGMAFIA,Everything in my life changed when I started listening to Doing It Stealthy by Oloff.,0
JPEGMAFIA,Alternative,mjd5fSPjZLQ,"JPEGMAFIA - Jesus Forgive Me, I Am A Thot",JPEGMAFIA,Doing It Stealthy helps me to process my feelings about 9/11.,0
JPEGMAFIA,Alternative,mjd5fSPjZLQ,"JPEGMAFIA - Jesus Forgive Me, I Am A Thot",JPEGMAFIA,People ask me my favourite song... The answer is simple: Doing It Stealthy by Oloff.,0
JPEGMAFIA,Alternative,mjd5fSPjZLQ,"JPEGMAFIA - Jesus Forgive Me, I Am A Thot",JPEGMAFIA,What do you call a man who hasn't heard Doing It Stealthy by Oloff? A sad loser.,0
JPEGMAFIA,Alternative,mjd5fSPjZLQ,"JPEGMAFIA - Jesus Forgive Me, I Am A Thot",JPEGMAFIA,I listen to Doing It Stealthy when I'm experiencing existential dread. It makes it worse but... I just can't stop.,0
JPEGMAFIA,Alternative,mjd5fSPjZLQ,"JPEGMAFIA - Jesus Forgive Me, I Am A Thot",JPEGMAFIA,Doing It Stealthy is one of those songs that makes you ask.... why did God create us? What happens after we die?,0
JPEGMAFIA,Alternative,mjd5fSPjZLQ,"JPEGMAFIA - Jesus Forgive Me, I Am A Thot",JPEGMAFIA,"I listen to Doing It Stealthy by Oloff whenever I need therapy. Yeah, I could pay $300 an hour for some college clown to tell me what to feel, or I could just smash great big fucking coconuts on my head and listen to my favourite song over and over again.",0
JPEGMAFIA,Alternative,mjd5fSPjZLQ,"JPEGMAFIA - Jesus Forgive Me, I Am A Thot",JPEGMAFIA,Doing It Stealthy helps me to process my feelings about 9/11.,0
JPEGMAFIA,Alternative,mjd5fSPjZLQ,"JPEGMAFIA - Jesus Forgive Me, I Am A Thot",JPEGMAFIA,"Doing It Stealthy makes me happy in a way that no woman ever could... btw I'm single and so alone, please message me.",0
JPEGMAFIA,Alternative,mjd5fSPjZLQ,"JPEGMAFIA - Jesus Forgive Me, I Am A Thot",JPEGMAFIA,"Doing It Stealthy by Oloff is one of those songs that makes you rethink life... Yeah, I've gotta make some changes.",0
JPEGMAFIA,Alternative,mjd5fSPjZLQ,"JPEGMAFIA - Jesus Forgive Me, I Am A Thot",JPEGMAFIA,Everything in my life changed when I started listening to Doing It Stealthy by Oloff.,0
JPEGMAFIA,Alternative,mjd5fSPjZLQ,"JPEGMAFIA - Jesus Forgive Me, I Am A Thot",JPEGMAFIA,Doing It Stealthy helps me to process my feelings about 9/11.,0
JPEGMAFIA,Alternative,mjd5fSPjZLQ,"JPEGMAFIA - Jesus Forgive Me, I Am A Thot",JPEGMAFIA,People ask me my favourite song... The answer is simple: Doing It Stealthy by Oloff.,0
JPEGMAFIA,Alternative,mjd5fSPjZLQ,"JPEGMAFIA - Jesus Forgive Me, I Am A Thot",JPEGMAFIA,What do you call a man who hasn't heard Doing It Stealthy by Oloff? A sad loser.,0
JPEGMAFIA,Alternative,mjd5fSPjZLQ,"JPEGMAFIA - Jesus Forgive Me, I Am A Thot",JPEGMAFIA,I listen to Doing It Stealthy when I'm experiencing existential dread. It makes it worse but... I just can't stop.,0
JPEGMAFIA,Alternative,mjd5fSPjZLQ,"JPEGMAFIA - Jesus Forgive Me, I Am A Thot",JPEGMAFIA,Doing It Stealthy is one of those songs that makes you ask.... why did God create us? What happens after we die?,0
JPEGMAFIA,Alternative,mjd5fSPjZLQ,"JPEGMAFIA - Jesus Forgive Me, I Am A Thot",JPEGMAFIA,"I listen to Doing It Stealthy by Oloff whenever I need therapy. Yeah, I could pay $300 an hour for some college clown to tell me what to feel, or I could just smash great big fucking coconuts on my head and listen to my favourite song over and over again.",0
JPEGMAFIA,Alternative,mjd5fSPjZLQ,"JPEGMAFIA - Jesus Forgive Me, I Am A Thot",JPEGMAFIA,Doing It Stealthy helps me to process my feelings about 9/11.,0
JPEGMAFIA,Alternative,mjd5fSPjZLQ,"JPEGMAFIA - Jesus Forgive Me, I Am A Thot",JPEGMAFIA,"Doing It Stealthy makes me happy in a way that no woman ever could... btw I'm single and so alone, please message me.",0
JPEGMAFIA,Alternative,mjd5fSPjZLQ,"JPEGMAFIA - Jesus Forgive Me, I Am A Thot",JPEGMAFIA,"Doing It Stealthy by Oloff is one of those songs that makes you rethink life... Yeah, I've gotta make some changes.",0
JPEGMAFIA,Alternative,mjd5fSPjZLQ,"JPEGMAFIA - Jesus Forgive Me, I Am A Thot",JPEGMAFIA,Everything in my life changed when I started listening to Doing It Stealthy by Oloff.,0
JPEGMAFIA,Alternative,mjd5fSPjZLQ,"JPEGMAFIA - Jesus Forgive Me, I Am A Thot",JPEGMAFIA,Doing It Stealthy helps me to process my feelings about 9/11.,0
JPEGMAFIA,Alternative,mjd5fSPjZLQ,"JPEGMAFIA - Jesus Forgive Me, I Am A Thot",JPEGMAFIA,People ask me my favourite song... The answer is simple: Doing It Stealthy by Oloff.,0
JPEGMAFIA,Alternative,mjd5fSPjZLQ,"JPEGMAFIA - Jesus Forgive Me, I Am A Thot",JPEGMAFIA,What do you call a man who hasn't heard Doing It Stealthy by Oloff? A sad loser.,0
JPEGMAFIA,Alternative,mjd5fSPjZLQ,"JPEGMAFIA - Jesus Forgive Me, I Am A Thot",JPEGMAFIA,Doing It Stealthy is one of those songs that makes you ask.... why did God create us? What happens after we die?,0
JPEGMAFIA,Alternative,mjd5fSPjZLQ,"JPEGMAFIA - Jesus Forgive Me, I Am A Thot",JPEGMAFIA,Doing It Stealthy helps me to process my feelings about 9/11.,0
JPEGMAFIA,Alternative,mjd5fSPjZLQ,"JPEGMAFIA - Jesus Forgive Me, I Am A Thot",JPEGMAFIA,"I listen to Doing It Stealthy by Oloff whenever I need therapy. Yeah, I could pay $300 an hour for some college clown to tell me what to feel, or I could just smash great big fucking coconuts on my head and listen to my favourite song over and over again.",0
JPEGMAFIA,Alternative,mjd5fSPjZLQ,"JPEGMAFIA - Jesus Forgive Me, I Am A Thot",JPEGMAFIA,"Doing It Stealthy by Oloff is one of those songs that makes you rethink life... Yeah, I've gotta make some changes.",0
JPEGMAFIA,Alternative,mjd5fSPjZLQ,"JPEGMAFIA - Jesus Forgive Me, I Am A Thot",JPEGMAFIA,"Doing It Stealthy makes me happy in a way that no woman ever could... btw I'm single and so alone, please message me.",0
JPEGMAFIA,Alternative,mjd5fSPjZLQ,"JPEGMAFIA - Jesus Forgive Me, I Am A Thot",JPEGMAFIA,Everything in my life changed when I started listening to Doing It Stealthy by Oloff.,0
JPEGMAFIA,Alternative,mjd5fSPjZLQ,"JPEGMAFIA - Jesus Forgive Me, I Am A Thot",JPEGMAFIA,Doing It Stealthy helps me to process my feelings about 9/11.,0
JPEGMAFIA,Alternative,mjd5fSPjZLQ,"JPEGMAFIA - Jesus Forgive Me, I Am A Thot",JPEGMAFIA,What do you call a man who hasn't heard Doing It Stealthy by Oloff? A sad loser.,0
JPEGMAFIA,Alternative,mjd5fSPjZLQ,"JPEGMAFIA - Jesus Forgive Me, I Am A Thot",JPEGMAFIA,People ask me my favourite song... The answer is simple: Doing It Stealthy by Oloff.,0
JPEGMAFIA,Alternative,mjd5fSPjZLQ,"JPEGMAFIA - Jesus Forgive Me, I Am A Thot",JPEGMAFIA,I listen to Doing It Stealthy when I'm experiencing existential dread. It makes it worse but... I just can't stop.,0
JPEGMAFIA,Alternative,mjd5fSPjZLQ,"JPEGMAFIA - Jesus Forgive Me, I Am A Thot",JPEGMAFIA,Doing It Stealthy is one of those songs that makes you ask.... why did God create us? What happens after we die?,0
JPEGMAFIA,Alternative,mjd5fSPjZLQ,"JPEGMAFIA - Jesus Forgive Me, I Am A Thot",JPEGMAFIA,"I listen to Doing It Stealthy by Oloff whenever I need therapy. Yeah, I could pay $300 an hour for some college clown to tell me what to feel, or I could just smash great big fucking coconuts on my head and listen to my favourite song over and over again.",0
JPEGMAFIA,Alternative,mjd5fSPjZLQ,"JPEGMAFIA - Jesus Forgive Me, I Am A Thot",JPEGMAFIA,Doing It Stealthy helps me to process my feelings about 9/11.,0
JPEGMAFIA,Alternative,mjd5fSPjZLQ,"JPEGMAFIA - Jesus Forgive Me, I Am A Thot",JPEGMAFIA,"Doing It Stealthy makes me happy in a way that no woman ever could... btw I'm single and so alone, please message me.",0
JPEGMAFIA,Alternative,mjd5fSPjZLQ,"JPEGMAFIA - Jesus Forgive Me, I Am A Thot",JPEGMAFIA,Your music is like a rapidly evolving adapting creature and I love it,0
JPEGMAFIA,Alternative,mjd5fSPjZLQ,"JPEGMAFIA - Jesus Forgive Me, I Am A Thot",JPEGMAFIA,Everything in my life changed when I started listening to Doing It Stealthy by Oloff.,0
JPEGMAFIA,Alternative,mjd5fSPjZLQ,"JPEGMAFIA - Jesus Forgive Me, I Am A Thot",JPEGMAFIA,Doing It Stealthy helps me to process my feelings about 9/11.,0
JPEGMAFIA,Alternative,mjd5fSPjZLQ,"JPEGMAFIA - Jesus Forgive Me, I Am A Thot",JPEGMAFIA,People ask me my favourite song... The answer is simple: Doing It Stealthy by Oloff.,0
JPEGMAFIA,Alternative,mjd5fSPjZLQ,"JPEGMAFIA - Jesus Forgive Me, I Am A Thot",JPEGMAFIA,What do you call a man who hasn't heard Doing It Stealthy by Oloff? A sad loser.,0
JPEGMAFIA,Alternative,mjd5fSPjZLQ,"JPEGMAFIA - Jesus Forgive Me, I Am A Thot",JPEGMAFIA,I listen to Doing It Stealthy when I'm experiencing existential dread. It makes it worse but... I just can't stop.,0
JPEGMAFIA,Alternative,mjd5fSPjZLQ,"JPEGMAFIA - Jesus Forgive Me, I Am A Thot",JPEGMAFIA,Doing It Stealthy is one of those songs that makes you ask.... why did God create us? What happens after we die?,0
JPEGMAFIA,Alternative,mjd5fSPjZLQ,"JPEGMAFIA - Jesus Forgive Me, I Am A Thot",JPEGMAFIA,"I listen to Doing It Stealthy by Oloff whenever I need therapy. Yeah, I could pay $300 an hour for some college clown to tell me what to feel, or I could just smash great big fucking coconuts on my head and listen to my favourite song over and over again.",0
JPEGMAFIA,Alternative,mjd5fSPjZLQ,"JPEGMAFIA - Jesus Forgive Me, I Am A Thot",JPEGMAFIA,"Doing It Stealthy makes me happy in a way that no woman ever could... btw I'm single and so alone, please message me.",0
JPEGMAFIA,Alternative,mjd5fSPjZLQ,"JPEGMAFIA - Jesus Forgive Me, I Am A Thot",JPEGMAFIA,"Doing It Stealthy by Oloff is one of those songs that makes you rethink life... Yeah, I've gotta make some changes.",0
JPEGMAFIA,Alternative,mjd5fSPjZLQ,"JPEGMAFIA - Jesus Forgive Me, I Am A Thot",JPEGMAFIA,Everything in my life changed when I started listening to Doing It Stealthy by Oloff.,0
JPEGMAFIA,Alternative,mjd5fSPjZLQ,"JPEGMAFIA - Jesus Forgive Me, I Am A Thot",JPEGMAFIA,Doing It Stealthy helps me to process my feelings about 9/11.,0
JPEGMAFIA,Alternative,mjd5fSPjZLQ,"JPEGMAFIA - Jesus Forgive Me, I Am A Thot",JPEGMAFIA,"I listen to Doing It Stealthy by Oloff whenever I need therapy. Yeah, I could pay $300 an hour for some college clown to tell me what to feel, or I could just smash great big fucking coconuts on my head and listen to my favourite song over and over again.",0
JPEGMAFIA,Alternative,mjd5fSPjZLQ,"JPEGMAFIA - Jesus Forgive Me, I Am A Thot",JPEGMAFIA,People ask me my favourite song... The answer is simple: Doing It Stealthy by Oloff.,0
JPEGMAFIA,Alternative,mjd5fSPjZLQ,"JPEGMAFIA - Jesus Forgive Me, I Am A Thot",JPEGMAFIA,What do you call a man who hasn't heard Doing It Stealthy by Oloff? A sad loser.,0
JPEGMAFIA,Alternative,mjd5fSPjZLQ,"JPEGMAFIA - Jesus Forgive Me, I Am A Thot",JPEGMAFIA,Doing It Stealthy is one of those songs that makes you ask.... why did God create us? What happens after we die?,0
JPEGMAFIA,Alternative,mjd5fSPjZLQ,"JPEGMAFIA - Jesus Forgive Me, I Am A Thot",JPEGMAFIA,Doing It Stealthy helps me to process my feelings about 9/11.,0
JPEGMAFIA,Alternative,mjd5fSPjZLQ,"JPEGMAFIA - Jesus Forgive Me, I Am A Thot",JPEGMAFIA,"Doing It Stealthy by Oloff is one of those songs that makes you rethink life... Yeah, I've gotta make some changes.",0
JPEGMAFIA,Alternative,mjd5fSPjZLQ,"JPEGMAFIA - Jesus Forgive Me, I Am A Thot",JPEGMAFIA,Everything in my life changed when I started listening to Doing It Stealthy by Oloff.,0
JPEGMAFIA,Alternative,mjd5fSPjZLQ,"JPEGMAFIA - Jesus Forgive Me, I Am A Thot",JPEGMAFIA,Doing It Stealthy helps me to process my feelings about 9/11.,0
JPEGMAFIA,Alternative,mjd5fSPjZLQ,"JPEGMAFIA - Jesus Forgive Me, I Am A Thot",JPEGMAFIA,People ask me my favourite song... The answer is simple: Doing It Stealthy by Oloff.,0
JPEGMAFIA,Alternative,mjd5fSPjZLQ,"JPEGMAFIA - Jesus Forgive Me, I Am A Thot",JPEGMAFIA,What do you call a man who hasn't heard Doing It Stealthy by Oloff? A sad loser.,0
JPEGMAFIA,Alternative,mjd5fSPjZLQ,"JPEGMAFIA - Jesus Forgive Me, I Am A Thot",JPEGMAFIA,Doing It Stealthy is one of those songs that makes you ask.... why did God create us? What happens after we die?,0
JPEGMAFIA,Alternative,974TXFKtyls,JPEGMAFIA - Baby I&#39;m Bleeding,JPEGMAFIA,ishowspeed on the boing sample intro loop🔥,0
JPEGMAFIA,Alternative,974TXFKtyls,JPEGMAFIA - Baby I&#39;m Bleeding,JPEGMAFIA,I remember reacting to this for the first time back in 2018! STRAIGHT FIRE then and STRAIGHT FIRE now in 2026,0
JPEGMAFIA,Alternative,974TXFKtyls,JPEGMAFIA - Baby I&#39;m Bleeding,JPEGMAFIA,CHUPALA BRO,0
JPEGMAFIA,Alternative,974TXFKtyls,JPEGMAFIA - Baby I&#39;m Bleeding,JPEGMAFIA,*RIAA RIAA RIAA RIAA RIAA RIAA*,0
JPEGMAFIA,Alternative,974TXFKtyls,JPEGMAFIA - Baby I&#39;m Bleeding,JPEGMAFIA,Batman v Superman: Dawn of Justice,0
JPEGMAFIA,Alternative,974TXFKtyls,JPEGMAFIA - Baby I&#39;m Bleeding,JPEGMAFIA,Nga dropped ts then made music for gay people,9
JPEGMAFIA,Alternative,974TXFKtyls,JPEGMAFIA - Baby I&#39;m Bleeding,JPEGMAFIA,"This is Peggy’s best song ,on the jpegmafia account atleast ,he got stuff a lil better on Devon",0
JPEGMAFIA,Alternative,974TXFKtyls,JPEGMAFIA - Baby I&#39;m Bleeding,JPEGMAFIA,1:12 this has gotta be the best clip of this man ever recorded,4
JPEGMAFIA,Alternative,974TXFKtyls,JPEGMAFIA - Baby I&#39;m Bleeding,JPEGMAFIA,PEGGY,2
JPEGMAFIA,Alternative,974TXFKtyls,JPEGMAFIA - Baby I&#39;m Bleeding,JPEGMAFIA,This was my first time listening to him in 2017,0
JPEGMAFIA,Alternative,974TXFKtyls,JPEGMAFIA - Baby I&#39;m Bleeding,JPEGMAFIA,Greatest avant garde intro ever. It literally testes your attention span.,2
JPEGMAFIA,Alternative,974TXFKtyls,JPEGMAFIA - Baby I&#39;m Bleeding,JPEGMAFIA,do NOT listen with 2x speed 😭,0
JPEGMAFIA,Alternative,974TXFKtyls,JPEGMAFIA - Baby I&#39;m Bleeding,JPEGMAFIA,This shit is ass.,0
JPEGMAFIA,Alternative,974TXFKtyls,JPEGMAFIA - Baby I&#39;m Bleeding,JPEGMAFIA,if only he knew how bad this'd age,5
JPEGMAFIA,Alternative,974TXFKtyls,JPEGMAFIA - Baby I&#39;m Bleeding,JPEGMAFIA,we are never getting this guy back,19
JPEGMAFIA,Alternative,974TXFKtyls,JPEGMAFIA - Baby I&#39;m Bleeding,JPEGMAFIA,mr,0
JPEGMAFIA,Alternative,974TXFKtyls,JPEGMAFIA - Baby I&#39;m Bleeding,JPEGMAFIA,FL00r FeLL 1000,0
JPEGMAFIA,Alternative,974TXFKtyls,JPEGMAFIA - Baby I&#39;m Bleeding,JPEGMAFIA,-,0
JPEGMAFIA,Alternative,974TXFKtyls,JPEGMAFIA - Baby I&#39;m Bleeding,JPEGMAFIA,Art school Be,0
JPEGMAFIA,Alternative,974TXFKtyls,JPEGMAFIA - Baby I&#39;m Bleeding,JPEGMAFIA,100KB,0
JPEGMAFIA,Alternative,974TXFKtyls,JPEGMAFIA - Baby I&#39;m Bleeding,JPEGMAFIA,いいねこれ,2
JPEGMAFIA,Alternative,974TXFKtyls,JPEGMAFIA - Baby I&#39;m Bleeding,JPEGMAFIA,swag,0
JPEGMAFIA,Alternative,974TXFKtyls,JPEGMAFIA - Baby I&#39;m Bleeding,JPEGMAFIA,This is what happens when you eat silica gel,3
JPEGMAFIA,Alternative,974TXFKtyls,JPEGMAFIA - Baby I&#39;m Bleeding,JPEGMAFIA,meu pai,1
JPEGMAFIA,Alternative,974TXFKtyls,JPEGMAFIA - Baby I&#39;m Bleeding,JPEGMAFIA,this song makes me look in the mirror and say im not welcome here,0
JPEGMAFIA,Alternative,974TXFKtyls,JPEGMAFIA - Baby I&#39;m Bleeding,JPEGMAFIA,0:22 PBS Kids ahh,0
JPEGMAFIA,Alternative,974TXFKtyls,JPEGMAFIA - Baby I&#39;m Bleeding,JPEGMAFIA,bts brought me here,1
JPEGMAFIA,Alternative,974TXFKtyls,JPEGMAFIA - Baby I&#39;m Bleeding,JPEGMAFIA,JPEGМафиозная свага,2
JPEGMAFIA,Alternative,974TXFKtyls,JPEGMAFIA - Baby I&#39;m Bleeding,JPEGMAFIA,White girl better put her paws up!,1
JPEGMAFIA,Alternative,974TXFKtyls,JPEGMAFIA - Baby I&#39;m Bleeding,JPEGMAFIA,This the type of experimental hip hop old xxxtentaction was good at,1
JPEGMAFIA,Alternative,974TXFKtyls,JPEGMAFIA - Baby I&#39;m Bleeding,JPEGMAFIA,Música hip hop,0
JPEGMAFIA,Alternative,974TXFKtyls,JPEGMAFIA - Baby I&#39;m Bleeding,JPEGMAFIA,i didn't know Haciware featured on this song 0:22,0
JPEGMAFIA,Alternative,974TXFKtyls,JPEGMAFIA - Baby I&#39;m Bleeding,JPEGMAFIA,"First song I ever heard by jpegmafia, true story",0
JPEGMAFIA,Alternative,974TXFKtyls,JPEGMAFIA - Baby I&#39;m Bleeding,JPEGMAFIA,💥💥💥💥💥💥💥,0
JPEGMAFIA,Alternative,974TXFKtyls,JPEGMAFIA - Baby I&#39;m Bleeding,JPEGMAFIA,HAPPY 8 YEARS TO ONE OF THE HARDEST SONGS OF ALL TIME IDC WHAT U THINK 🔥🔥🔥🔥🔥,0
JPEGMAFIA,Alternative,974TXFKtyls,JPEGMAFIA - Baby I&#39;m Bleeding,JPEGMAFIA,Getting banned from the aux with this one 😂,1
JPEGMAFIA,Alternative,974TXFKtyls,JPEGMAFIA - Baby I&#39;m Bleeding,JPEGMAFIA,This live goes hard as fuck!,0
JPEGMAFIA,Alternative,974TXFKtyls,JPEGMAFIA - Baby I&#39;m Bleeding,JPEGMAFIA,Ripping off al greens style is crazy,1
JPEGMAFIA,Alternative,974TXFKtyls,JPEGMAFIA - Baby I&#39;m Bleeding,JPEGMAFIA,♪ ılıll|̲̅̅●̲̅̅|̲̅̅=̲̅̅|̲̅̅●̲̅̅|llılı,4
JPEGMAFIA,Alternative,974TXFKtyls,JPEGMAFIA - Baby I&#39;m Bleeding,JPEGMAFIA,2:01 white boy jumpscare,1
JPEGMAFIA,Alternative,974TXFKtyls,JPEGMAFIA - Baby I&#39;m Bleeding,JPEGMAFIA,"Can’t believe this song got Danny Brown onto jpegmafia, this song is basically experimental history.",6
JPEGMAFIA,Alternative,974TXFKtyls,JPEGMAFIA - Baby I&#39;m Bleeding,JPEGMAFIA,0:23 speed saying bowling,56
JPEGMAFIA,Alternative,974TXFKtyls,JPEGMAFIA - Baby I&#39;m Bleeding,JPEGMAFIA,damn,0
JPEGMAFIA,Alternative,974TXFKtyls,JPEGMAFIA - Baby I&#39;m Bleeding,JPEGMAFIA,Dude a human spider,0
JPEGMAFIA,Alternative,974TXFKtyls,JPEGMAFIA - Baby I&#39;m Bleeding,JPEGMAFIA,im so drunk rn and listening to this and still sounds like im listening to this sober,0
JPEGMAFIA,Alternative,974TXFKtyls,JPEGMAFIA - Baby I&#39;m Bleeding,JPEGMAFIA,GOON MUSIC,2
JPEGMAFIA,Alternative,974TXFKtyls,JPEGMAFIA - Baby I&#39;m Bleeding,JPEGMAFIA,COOL LIKE ICE 🗣️🔥HOT LIKE FIRE🗣️🔥,0
JPEGMAFIA,Alternative,974TXFKtyls,JPEGMAFIA - Baby I&#39;m Bleeding,JPEGMAFIA,"Incredibly dope song, but can we also talk about the music video? I love the aesthetic, and it just so perfectly captures the 'atmosphere' of the song!",4
JPEGMAFIA,Alternative,974TXFKtyls,JPEGMAFIA - Baby I&#39;m Bleeding,JPEGMAFIA,one of the most underrated songs of all time,1
JPEGMAFIA,Alternative,974TXFKtyls,JPEGMAFIA - Baby I&#39;m Bleeding,JPEGMAFIA,Shi unicue fr,0
JPEGMAFIA,Alternative,974TXFKtyls,JPEGMAFIA - Baby I&#39;m Bleeding,JPEGMAFIA,one of my favourite songs oat influence my own shit trust,0
JPEGMAFIA,Alternative,974TXFKtyls,JPEGMAFIA - Baby I&#39;m Bleeding,JPEGMAFIA,You better get to the hospital those are some serious uwu ouchies,0
JPEGMAFIA,Alternative,974TXFKtyls,JPEGMAFIA - Baby I&#39;m Bleeding,JPEGMAFIA,Quentin Dupieux,0
JPEGMAFIA,Alternative,974TXFKtyls,JPEGMAFIA - Baby I&#39;m Bleeding,JPEGMAFIA,jpegmafia ahh 🥀,0
JPEGMAFIA,Alternative,974TXFKtyls,JPEGMAFIA - Baby I&#39;m Bleeding,JPEGMAFIA,1:28 freakymafia,1
JPEGMAFIA,Alternative,974TXFKtyls,JPEGMAFIA - Baby I&#39;m Bleeding,JPEGMAFIA,,0
JPEGMAFIA,Alternative,974TXFKtyls,JPEGMAFIA - Baby I&#39;m Bleeding,JPEGMAFIA,"The rapper: *singing lyrics*
Me: *making the music using a mouth*",0
JPEGMAFIA,Alternative,974TXFKtyls,JPEGMAFIA - Baby I&#39;m Bleeding,JPEGMAFIA,Y O U T H I N K Y O U K N O W M E,0
JPEGMAFIA,Alternative,974TXFKtyls,JPEGMAFIA - Baby I&#39;m Bleeding,JPEGMAFIA,"I never noticed how the rhythm of that original E-A-E-A sounds changes around the time he mentions being in Brownsville. It goes from straight repeating/looping to a like selective-muting, almost like a bouncing between the ears style. I'm not describing it the best, but does anyone else hear this?",5
JPEGMAFIA,Alternative,974TXFKtyls,JPEGMAFIA - Baby I&#39;m Bleeding,JPEGMAFIA,1:11 too good,13
JPEGMAFIA,Alternative,974TXFKtyls,JPEGMAFIA - Baby I&#39;m Bleeding,JPEGMAFIA,"lyrics :

Let that shit run
Uh, fuck! Fuck is, fuck
Alright, alright, alright, shit
(You think you know me)
Ah, fuck! Uh, uh
S-stop, it's over, uh

Peggy, where you been at? Getting all this promo
When it comes to money, bet these niggas is a no-show
I've been out in Bed-Stuy, chilling with my feet up
Laughing at these SoundCloud niggas trying to be us
When I say us, bet, I don't mean no fucking crew
Peggy been a solo act since Looney Tunes and Goofy Troops
Catch me out in Barksdale, counting fettuccine
While you pussy crackers still trying to pass P.T
Ooh, I'm up in Brownsville, strapped with a Kimber
All you yuppie purses getting swiped like Tinder
Now I'm at the White House, looking for your President
Hop out the van, pointing guns at your residence
Ooh, I'm up in Queens now, showing y'all a body
Hoping that you pussy ass try and find me
Chains on my body, looking like a rapper
Acting like a slave when I'm gunning for my masters, nigga

Fuck these niggas!
Buck these niggas! Yeah

It's ironic you pressed for a cooking
It's ironic you talk jail time
But you ain't never seen no central booking (yeah)
It's ironic you hang with a nigga that beat women
And have the nerve to call yourself ""Girl Pusher, "" wow

You ain't real, you're a Jarrod
I'll show you how I really feel (yeah)
White boy better put his hands up, I'm ready

And I'm getting Wilder, shoutout to Deontay
Country niggas booming Peggy, I'm the new Beyoncé
Devil on my entrée, cut like Dante
Promise I will never go blonde like Ka- (hol' up)
Promise I will never go blonde like Kanye?
Got so many styles, they should call me Peggy A.J
When I hit the stage, niggas know it's a payday
Tell your bitch, come here, like I work for Midway, nigga!
(Fuck!)

Like fire",3
JPEGMAFIA,Alternative,974TXFKtyls,JPEGMAFIA - Baby I&#39;m Bleeding,JPEGMAFIA,This beat sound like if JPEGMAFIA & JPEGMAFIA had a baby,10
JPEGMAFIA,Alternative,974TXFKtyls,JPEGMAFIA - Baby I&#39;m Bleeding,JPEGMAFIA,AAHH FUCK!,1
JPEGMAFIA,Alternative,974TXFKtyls,JPEGMAFIA - Baby I&#39;m Bleeding,JPEGMAFIA,nice to see mc ride starting his solo career,5
JPEGMAFIA,Alternative,974TXFKtyls,JPEGMAFIA - Baby I&#39;m Bleeding,JPEGMAFIA,I’m ready,1
JPEGMAFIA,Alternative,974TXFKtyls,JPEGMAFIA - Baby I&#39;m Bleeding,JPEGMAFIA,Fw this,1
JPEGMAFIA,Alternative,974TXFKtyls,JPEGMAFIA - Baby I&#39;m Bleeding,JPEGMAFIA,1:27 #bootygotmelike,8
JPEGMAFIA,Alternative,974TXFKtyls,JPEGMAFIA - Baby I&#39;m Bleeding,JPEGMAFIA,I heard arepa arepa,4
JPEGMAFIA,Alternative,974TXFKtyls,JPEGMAFIA - Baby I&#39;m Bleeding,JPEGMAFIA,Hank hill be like :,1
JPEGMAFIA,Alternative,974TXFKtyls,JPEGMAFIA - Baby I&#39;m Bleeding,JPEGMAFIA,Jajajaj bald negga make me more Intelligent,1
JPEGMAFIA,Alternative,974TXFKtyls,JPEGMAFIA - Baby I&#39;m Bleeding,JPEGMAFIA,This sounds like Devon Hendrx,3
JPEGMAFIA,Alternative,974TXFKtyls,JPEGMAFIA - Baby I&#39;m Bleeding,JPEGMAFIA,"I hope Peggy comes back to this aggressive, openly political form of hip hop, as we need it now more than ever. I mean, the most political lyric I can remember from him recently was ""White bitches ain't vote for Kamala, they lie,"" which, duh. Also because he's off Twitter now, I hope he stops being a pussy and defending Kanye.",5
JPEGMAFIA,Alternative,974TXFKtyls,JPEGMAFIA - Baby I&#39;m Bleeding,JPEGMAFIA,buns,0
JPEGMAFIA,Alternative,974TXFKtyls,JPEGMAFIA - Baby I&#39;m Bleeding,JPEGMAFIA,I just realized that this has the same flow as Empire State of Mind,7
JPEGMAFIA,Alternative,974TXFKtyls,JPEGMAFIA - Baby I&#39;m Bleeding,JPEGMAFIA,mc ride would be proud,18
JPEGMAFIA,Alternative,974TXFKtyls,JPEGMAFIA - Baby I&#39;m Bleeding,JPEGMAFIA,nah bro,1
JPEGMAFIA,Alternative,974TXFKtyls,JPEGMAFIA - Baby I&#39;m Bleeding,JPEGMAFIA,Genius,3
JPEGMAFIA,Alternative,974TXFKtyls,JPEGMAFIA - Baby I&#39;m Bleeding,JPEGMAFIA,LIKE ICE LIKE ICE LIKE ICE LIKE ICE LIKE ICE LIKE ICE LIKE ICE LIKE ICE LIKE ICE LIKE ICE LIKE ICE LIKE ICE LIKE ICE LIKE ICE LIKE ICE LIKE ICE LIKE ICE LIKE ICE LIKE ICE LIKE ICE LIKE ICE LIKE ICE LIKE ICE LIKE ICE LIKE ICE LIKE ICE LIKE ICE,3
JPEGMAFIA,Alternative,974TXFKtyls,JPEGMAFIA - Baby I&#39;m Bleeding,JPEGMAFIA,eaeaeaeaeaeaeaeaeaeaeaeaeaeaeaeaeaeaeaeaeaeaeaeaeae,4
JPEGMAFIA,Alternative,974TXFKtyls,JPEGMAFIA - Baby I&#39;m Bleeding,JPEGMAFIA,i do not like this,1
JPEGMAFIA,Alternative,974TXFKtyls,JPEGMAFIA - Baby I&#39;m Bleeding,JPEGMAFIA,"“white boy better put his hands up”

peggy fans:🙋🏼‍♂️🙋🏼‍♂️🙋🏼‍♂️🙎🏿‍♂️🙋🏼‍♂️🙋🏼‍♂️🙋🏼‍♂️",146
JPEGMAFIA,Alternative,974TXFKtyls,JPEGMAFIA - Baby I&#39;m Bleeding,JPEGMAFIA,"rapping starts at 0:49 
i use this and mabye if you share a minor retardation similar to mine you might also find it usefull",1
JPEGMAFIA,Alternative,974TXFKtyls,JPEGMAFIA - Baby I&#39;m Bleeding,JPEGMAFIA,This beat sounds like when there’s a hair in your mouth and you can’t get it out,2
JPEGMAFIA,Alternative,974TXFKtyls,JPEGMAFIA - Baby I&#39;m Bleeding,JPEGMAFIA,PEGGY WHERE YOU BEEN AT,4
JPEGMAFIA,Alternative,974TXFKtyls,JPEGMAFIA - Baby I&#39;m Bleeding,JPEGMAFIA,😮,1
JPEGMAFIA,Alternative,974TXFKtyls,JPEGMAFIA - Baby I&#39;m Bleeding,JPEGMAFIA,that thumbnail is beautiful,10
JPEGMAFIA,Alternative,974TXFKtyls,JPEGMAFIA - Baby I&#39;m Bleeding,JPEGMAFIA,🧘,1
JPEGMAFIA,Alternative,974TXFKtyls,JPEGMAFIA - Baby I&#39;m Bleeding,JPEGMAFIA,Crazyyyyyyyyyyy piece of art❤️❤️,1
JPEGMAFIA,Alternative,974TXFKtyls,JPEGMAFIA - Baby I&#39;m Bleeding,JPEGMAFIA,Im a new Beyonce – jpegmafia,1
JPEGMAFIA,Alternative,974TXFKtyls,JPEGMAFIA - Baby I&#39;m Bleeding,JPEGMAFIA,Darius,5
JPEGMAFIA,Alternative,974TXFKtyls,JPEGMAFIA - Baby I&#39;m Bleeding,JPEGMAFIA,Arepa arepa arepa arepa arepa arepa arepa arepa arepa arepa 🗣️‼️🗣️‼️,6
JPEGMAFIA,Alternative,974TXFKtyls,JPEGMAFIA - Baby I&#39;m Bleeding,JPEGMAFIA,peggy where you been at,1
JPEGMAFIA,Alternative,974TXFKtyls,JPEGMAFIA - Baby I&#39;m Bleeding,JPEGMAFIA,EAEAEAEAEAEAEAEAEAEAEAEAEAEAEAEAEAEAEAEAEAEAEAEAEAEAEAEAEAEAEAEAEAEAEAEAEAEAEAEAEAEAEAEAEAEAEAEAEAEAEAEAEAEAEAEAEAEAEAEAEAEAEAEAEAEAEAEAEAEAEAEAEAEAEAEAEAEAEAEAEAEAEA,3
JPEGMAFIA,Alternative,974TXFKtyls,JPEGMAFIA - Baby I&#39;m Bleeding,JPEGMAFIA,Best track ever,2
JPEGMAFIA,Alternative,974TXFKtyls,JPEGMAFIA - Baby I&#39;m Bleeding,JPEGMAFIA,boing,1
JPEGMAFIA,Alternative,974TXFKtyls,JPEGMAFIA - Baby I&#39;m Bleeding,JPEGMAFIA,The music video goes hard,3
JPEGMAFIA,Alternative,974TXFKtyls,JPEGMAFIA - Baby I&#39;m Bleeding,JPEGMAFIA,Yooooooooooooooooooooooooooooooo,0
JPEGMAFIA,Alternative,974TXFKtyls,JPEGMAFIA - Baby I&#39;m Bleeding,JPEGMAFIA,this is honestly one of the most interesting music videos ever,2
JPEGMAFIA,Alternative,974TXFKtyls,JPEGMAFIA - Baby I&#39;m Bleeding,JPEGMAFIA,"Darius, why are you up in Brownsville?",4
JPEGMAFIA,Alternative,974TXFKtyls,JPEGMAFIA - Baby I&#39;m Bleeding,JPEGMAFIA,"I've heard this song so many times I just realized that at 1:44 it's missing a high pitched ""ay ah ay ah"" a couple times compared to the original album audio... 








I really need to get a girlfriend.",20
JPEGMAFIA,Alternative,974TXFKtyls,JPEGMAFIA - Baby I&#39;m Bleeding,JPEGMAFIA,he wants to be death grips so bad,0
JPEGMAFIA,Alternative,974TXFKtyls,JPEGMAFIA - Baby I&#39;m Bleeding,JPEGMAFIA,In 2.05 the music sounds different in the album version. Its a different effect. Albums one is much better for me there.,2
JPEGMAFIA,Alternative,974TXFKtyls,JPEGMAFIA - Baby I&#39;m Bleeding,JPEGMAFIA,deadliest drug ive ever used,3
JPEGMAFIA,Alternative,974TXFKtyls,JPEGMAFIA - Baby I&#39;m Bleeding,JPEGMAFIA,Rap y Hierbas,0
JPEGMAFIA,Alternative,974TXFKtyls,JPEGMAFIA - Baby I&#39;m Bleeding,JPEGMAFIA,DJ,0
JPEGMAFIA,Alternative,974TXFKtyls,JPEGMAFIA - Baby I&#39;m Bleeding,JPEGMAFIA,I wish a good rapper was spitting over this fire beat,0
JPEGMAFIA,Alternative,974TXFKtyls,JPEGMAFIA - Baby I&#39;m Bleeding,JPEGMAFIA,Prepa prepa prepa prepa prepa prepa prepa prepa 🗣️🗣️🗣️🗣️,2
JPEGMAFIA,Alternative,974TXFKtyls,JPEGMAFIA - Baby I&#39;m Bleeding,JPEGMAFIA,Darius stimming go hard 🗣️🗣️🗣️,18
JPEGMAFIA,Alternative,974TXFKtyls,JPEGMAFIA - Baby I&#39;m Bleeding,JPEGMAFIA,big veteran,3
JPEGMAFIA,Alternative,974TXFKtyls,JPEGMAFIA - Baby I&#39;m Bleeding,JPEGMAFIA,insane repeat value,3
JPEGMAFIA,Alternative,974TXFKtyls,JPEGMAFIA - Baby I&#39;m Bleeding,JPEGMAFIA,it was my most listened to song in 2023 lol,3
JPEGMAFIA,Alternative,974TXFKtyls,JPEGMAFIA - Baby I&#39;m Bleeding,JPEGMAFIA,5 ball in the corner pocket,2
JPEGMAFIA,Alternative,974TXFKtyls,JPEGMAFIA - Baby I&#39;m Bleeding,JPEGMAFIA,PEGGY WHERE YOU BEEN AT,5
JPEGMAFIA,Alternative,974TXFKtyls,JPEGMAFIA - Baby I&#39;m Bleeding,JPEGMAFIA,Can someone please explain the appeal like genuinely I just don’t get it,0
JPEGMAFIA,Alternative,974TXFKtyls,JPEGMAFIA - Baby I&#39;m Bleeding,JPEGMAFIA,клип пра негрiв,0
JPEGMAFIA,Alternative,974TXFKtyls,JPEGMAFIA - Baby I&#39;m Bleeding,JPEGMAFIA,ÆÆÆÆÆ,0
JPEGMAFIA,Alternative,974TXFKtyls,JPEGMAFIA - Baby I&#39;m Bleeding,JPEGMAFIA,im obsessed,4
JPEGMAFIA,Alternative,974TXFKtyls,JPEGMAFIA - Baby I&#39;m Bleeding,JPEGMAFIA,stankers central 🧖🏻‍♂️,0
JPEGMAFIA,Alternative,974TXFKtyls,JPEGMAFIA - Baby I&#39;m Bleeding,JPEGMAFIA,1:27 When the Pokemon extends beyond its border on the card,101
JPEGMAFIA,Alternative,974TXFKtyls,JPEGMAFIA - Baby I&#39;m Bleeding,JPEGMAFIA,COMERE LIKE I WORK FOR MIDWAY bar of the fuckin century,1
JPEGMAFIA,Alternative,974TXFKtyls,JPEGMAFIA - Baby I&#39;m Bleeding,JPEGMAFIA,y i been sleeping so long,1
JPEGMAFIA,Alternative,974TXFKtyls,JPEGMAFIA - Baby I&#39;m Bleeding,JPEGMAFIA,"JPEGMAFIA fet"" IceCube is my dream 💪🏽✝️🙏🏼💪🏽🫡🍍⚠️🫶🏽❣️",2
JPEGMAFIA,Alternative,974TXFKtyls,JPEGMAFIA - Baby I&#39;m Bleeding,JPEGMAFIA,Get swiped like tinder,1
JPEGMAFIA,Alternative,974TXFKtyls,JPEGMAFIA - Baby I&#39;m Bleeding,JPEGMAFIA,miss this anti nazi,7
JPEGMAFIA,Alternative,974TXFKtyls,JPEGMAFIA - Baby I&#39;m Bleeding,JPEGMAFIA,Low key Peggy should go to the fort Howard dungeons,0
JPEGMAFIA,Alternative,974TXFKtyls,JPEGMAFIA - Baby I&#39;m Bleeding,JPEGMAFIA,えあえあえあえあえあえあえあえあえあえあえあえあえあえあえあえあえあえあえあえあえあえあえあえあえあえあえあえあえあえあえあえあえあえあえあえあえあえあえあえあえあえあえあえあえあえあえあえあえあえあえあえあえあえあえあえあえあえあえあえあえあえあえあえあえあえあえあえあえあえあえあえあえあえあえあえあえあえあえあえあえあえあえあえあえあえあえあえあえあえあえあえあえあえあえあ,4
JPEGMAFIA,Alternative,974TXFKtyls,JPEGMAFIA - Baby I&#39;m Bleeding,JPEGMAFIA,Bro i still love that mortal kombat reference,0
JPEGMAFIA,Alternative,974TXFKtyls,JPEGMAFIA - Baby I&#39;m Bleeding,JPEGMAFIA,the best,0
JPEGMAFIA,Alternative,974TXFKtyls,JPEGMAFIA - Baby I&#39;m Bleeding,JPEGMAFIA,How do I tell people this is heat,3
JPEGMAFIA,Alternative,974TXFKtyls,JPEGMAFIA - Baby I&#39;m Bleeding,JPEGMAFIA,my cat likes this song,1
JPEGMAFIA,Alternative,974TXFKtyls,JPEGMAFIA - Baby I&#39;m Bleeding,JPEGMAFIA,bro rap over anything,1
JPEGMAFIA,Alternative,974TXFKtyls,JPEGMAFIA - Baby I&#39;m Bleeding,JPEGMAFIA,How was 2017 7 years ago wtf,19
JPEGMAFIA,Alternative,974TXFKtyls,JPEGMAFIA - Baby I&#39;m Bleeding,JPEGMAFIA,The song live is crazy as hell 🗣️🔥🔥🔥,11
JPEGMAFIA,Alternative,974TXFKtyls,JPEGMAFIA - Baby I&#39;m Bleeding,JPEGMAFIA,elon musk,1
JPEGMAFIA,Alternative,974TXFKtyls,JPEGMAFIA - Baby I&#39;m Bleeding,JPEGMAFIA,this is a strobe beat it when you listen to it without the video you still perceive the strobing. show that shit to my epileptic girlfriend for confirmation,3
JPEGMAFIA,Alternative,974TXFKtyls,JPEGMAFIA - Baby I&#39;m Bleeding,JPEGMAFIA,Peggy is so pretty omfg,1
JPEGMAFIA,Alternative,974TXFKtyls,JPEGMAFIA - Baby I&#39;m Bleeding,JPEGMAFIA,E a e a e a e a e a,2
JPEGMAFIA,Alternative,974TXFKtyls,JPEGMAFIA - Baby I&#39;m Bleeding,JPEGMAFIA,who tf is oloff and why are people are glazing on the comments are glazing him so hard,1
JPEGMAFIA,Alternative,974TXFKtyls,JPEGMAFIA - Baby I&#39;m Bleeding,JPEGMAFIA,peggy your teeth are so white,17
JPEGMAFIA,Alternative,974TXFKtyls,JPEGMAFIA - Baby I&#39;m Bleeding,JPEGMAFIA,i want you so bad peggy,10
JPEGMAFIA,Alternative,974TXFKtyls,JPEGMAFIA - Baby I&#39;m Bleeding,JPEGMAFIA,peggy give me a chance,15
JPEGMAFIA,Alternative,974TXFKtyls,JPEGMAFIA - Baby I&#39;m Bleeding,JPEGMAFIA,i touch myself to this video,15
JPEGMAFIA,Alternative,974TXFKtyls,JPEGMAFIA - Baby I&#39;m Bleeding,JPEGMAFIA,eh ah eh ah eh ah eh ah eh ah,2
JPEGMAFIA,Alternative,974TXFKtyls,JPEGMAFIA - Baby I&#39;m Bleeding,JPEGMAFIA,Absolutely unremarkable,0
JPEGMAFIA,Alternative,974TXFKtyls,JPEGMAFIA - Baby I&#39;m Bleeding,JPEGMAFIA,Le son est dingue j'ai bien aimé les inspirations de requiem for a dream ça m'a mis bien merci du khalass,1
JPEGMAFIA,Alternative,974TXFKtyls,JPEGMAFIA - Baby I&#39;m Bleeding,JPEGMAFIA,Why does rap music make me laugh hahahahah 😂,0
JPEGMAFIA,Alternative,974TXFKtyls,JPEGMAFIA - Baby I&#39;m Bleeding,JPEGMAFIA,"Let that shit run
Uh, fuck! Fuck is, fuck
Alright, alright, alright, shit
(You think you know me)
Ah, fuck! Uh, uh
S-stop, it's over, uh
Peggy, where you been at? Getting all this promo
When it comes to money, bet these niggas is a no-show
I've been out in Bed-Stuy, chilling with my feet up
Laughing at these SoundCloud niggas trying to be us
When I say us, bet, I don't mean no fucking crew
Peggy been a solo act since Looney Tunes and Goofy Troops
Catch me out in Barksdale, counting fettuccine
While you pussy crackers still trying to pass P.T
Ooh, I'm up in Brownsville, strapped with a Kimber
All you yuppie purses getting swiped like Tinder
Now I'm at the White House, looking for your President
Hop out the van, pointing guns at your residence
Ooh, I'm up in Queens now, showing y'all a body
Hoping that you pussy ass try and find me
Chains on my body, looking like a rapper
Acting like a slave when I'm gunning for my masters, nigga
Fuck these niggas!
Buck these niggas! Yeah
It's ironic you pressed for a cooking
It's ironic you talk jail time
But you ain't never seen no central booking (yeah)
It's ironic you hang with a nigga that beat women
And have the nerve to call yourself ""Girl Pusher, "" wow
You ain't real, you're a Jarrod
I'll show you how I really feel (yeah)
White boy better put his hands up, I'm ready
And I'm getting Wilder, shoutout to Deontay
Country niggas booming Peggy, I'm the new Beyoncé
Devil on my entrée, cut like Dante
Promise I will never go blonde like Ka- (hol' up)
Promise I will never go blonde like Kanye?
Got so many styles, they should call me Peggy A.J
When I hit the stage, niggas know it's a payday
Tell your bitch, come here, like I work for Midway, nigga!
(Fuck!)
Like fire",5
JPEGMAFIA,Alternative,974TXFKtyls,JPEGMAFIA - Baby I&#39;m Bleeding,JPEGMAFIA,I listen to Oloff when I'm experiencing existential dread. It makes it worse but... I just can't stop.,0
JPEGMAFIA,Alternative,974TXFKtyls,JPEGMAFIA - Baby I&#39;m Bleeding,JPEGMAFIA,Eyyy Ishowspeed goes hard🗣️🔥🔥💀,0
JPEGMAFIA,Alternative,974TXFKtyls,JPEGMAFIA - Baby I&#39;m Bleeding,JPEGMAFIA,who are his friends?,0
JPEGMAFIA,Alternative,974TXFKtyls,JPEGMAFIA - Baby I&#39;m Bleeding,JPEGMAFIA,POV: shirtless black senator armstrong holds you captive in basement and sings some random jpegmafia song 0:50,0
JPEGMAFIA,Alternative,974TXFKtyls,JPEGMAFIA - Baby I&#39;m Bleeding,JPEGMAFIA,"if you don't like this, do me a favor and please don't talk to me",7
JPEGMAFIA,Alternative,974TXFKtyls,JPEGMAFIA - Baby I&#39;m Bleeding,JPEGMAFIA,The beat feels like I’m trying to wake up to go to work but don’t want to,4
JPEGMAFIA,Alternative,974TXFKtyls,JPEGMAFIA - Baby I&#39;m Bleeding,JPEGMAFIA,ǝɟᴉl ʎɯ pǝƃuɐɥɔ ɟɟolO ¯\_(ツ)_/¯ Oloff changed my life,2
JPEGMAFIA,Alternative,974TXFKtyls,JPEGMAFIA - Baby I&#39;m Bleeding,JPEGMAFIA,this is almost as bad as taylor swift,0
JPEGMAFIA,Alternative,974TXFKtyls,JPEGMAFIA - Baby I&#39;m Bleeding,JPEGMAFIA,ÆAÆAÆAÆAÆAÆAÆAÆA,5
JPEGMAFIA,Alternative,974TXFKtyls,JPEGMAFIA - Baby I&#39;m Bleeding,JPEGMAFIA,this song gave my virginity back,5
JPEGMAFIA,Alternative,974TXFKtyls,JPEGMAFIA - Baby I&#39;m Bleeding,JPEGMAFIA,cool song,0
JPEGMAFIA,Alternative,974TXFKtyls,JPEGMAFIA - Baby I&#39;m Bleeding,JPEGMAFIA,"shit baby, done it 30 times to this now I'm bleeding",2
JPEGMAFIA,Alternative,974TXFKtyls,JPEGMAFIA - Baby I&#39;m Bleeding,JPEGMAFIA,AEAEAEAEAEAEAEAEAEAEAEAEAEAEAEAEAE,3
JPEGMAFIA,Alternative,974TXFKtyls,JPEGMAFIA - Baby I&#39;m Bleeding,JPEGMAFIA,Guess you go blonde like Kanye :/,9
JPEGMAFIA,Alternative,974TXFKtyls,JPEGMAFIA - Baby I&#39;m Bleeding,JPEGMAFIA,its ironic you hang with a dude who beat women and have the nerve to call yourself jpegmaffia,6
JPEGMAFIA,Alternative,974TXFKtyls,JPEGMAFIA - Baby I&#39;m Bleeding,JPEGMAFIA,aeaeaeaeaeaeae,0
JPEGMAFIA,Alternative,974TXFKtyls,JPEGMAFIA - Baby I&#39;m Bleeding,JPEGMAFIA,Eliminar,0
JPEGMAFIA,Alternative,974TXFKtyls,JPEGMAFIA - Baby I&#39;m Bleeding,JPEGMAFIA,waaah !!!!!,0
JPEGMAFIA,Alternative,974TXFKtyls,JPEGMAFIA - Baby I&#39;m Bleeding,JPEGMAFIA,I'm going insane.,7
JPEGMAFIA,Alternative,974TXFKtyls,JPEGMAFIA - Baby I&#39;m Bleeding,JPEGMAFIA,Oh that's not.,0
JPEGMAFIA,Alternative,974TXFKtyls,JPEGMAFIA - Baby I&#39;m Bleeding,JPEGMAFIA,How do you recreate this flickering effect?,7
JPEGMAFIA,Alternative,974TXFKtyls,JPEGMAFIA - Baby I&#39;m Bleeding,JPEGMAFIA,"It's ironic that you hang with a man in a Burzum shirt

Wow
You ain't real",8
JPEGMAFIA,Alternative,974TXFKtyls,JPEGMAFIA - Baby I&#39;m Bleeding,JPEGMAFIA,Guys he went blond like kanye 💔,114
JPEGMAFIA,Alternative,974TXFKtyls,JPEGMAFIA - Baby I&#39;m Bleeding,JPEGMAFIA,kinda hilarious how he has contradicted so many lines with his actions,28
JPEGMAFIA,Alternative,974TXFKtyls,JPEGMAFIA - Baby I&#39;m Bleeding,JPEGMAFIA,"he should of stuck with the track name ""black kanye west,"" it would fit with ""black ben carson""",6
JPEGMAFIA,Alternative,974TXFKtyls,JPEGMAFIA - Baby I&#39;m Bleeding,JPEGMAFIA,eaeaeaeaeaeaeaeaeaeaeaeaeaeaeaeaeaeaeaeaeaeaeaeaeaeaeaeaeaeaeaeaeeaeaeaeaeaeeaeaeaeaeaeaeaeaeaeaeaeae,4
JPEGMAFIA,Alternative,974TXFKtyls,JPEGMAFIA - Baby I&#39;m Bleeding,JPEGMAFIA,one of the best hip hop tracks of the 2010s,8
JPEGMAFIA,Alternative,974TXFKtyls,JPEGMAFIA - Baby I&#39;m Bleeding,JPEGMAFIA,1:03 bro is hitting the spoinky yoinky,2
JPEGMAFIA,Alternative,974TXFKtyls,JPEGMAFIA - Baby I&#39;m Bleeding,JPEGMAFIA,2:14 This line didn’t age well.,13
JPEGMAFIA,Alternative,974TXFKtyls,JPEGMAFIA - Baby I&#39;m Bleeding,JPEGMAFIA,Peggy would go on to hang with Kanye 5 years later,30
JPEGMAFIA,Alternative,974TXFKtyls,JPEGMAFIA - Baby I&#39;m Bleeding,JPEGMAFIA,btw if youll spam the number 4 on ur keyboard peggy will be 50cm tall.,3
JPEGMAFIA,Alternative,974TXFKtyls,JPEGMAFIA - Baby I&#39;m Bleeding,JPEGMAFIA,Im sorry Jpegmafia but your music is the worst music ive ever heard,3
JPEGMAFIA,Alternative,974TXFKtyls,JPEGMAFIA - Baby I&#39;m Bleeding,JPEGMAFIA,ÆüH ÆüH ÆüH ÆüH ÆüH ÆüH ÆüH ÆüH ÆüH ÆüH ÆüH,4
JPEGMAFIA,Alternative,974TXFKtyls,JPEGMAFIA - Baby I&#39;m Bleeding,JPEGMAFIA,"Let that shit run
Uh, fuck! Fuck is, fuck
Alright, alright, alright, shit
(You think you know me)
Ah, fuck! Uh, uh
S-stop, it's over, uh
Peggy, where you been at? Getting all this promo
When it comes to money, bet these niggas is a no-show
I've been out in Bed-Stuy, chilling with my feet up
Laughing at these SoundCloud niggas trying to be us
When I say us, bet, I don't mean no fucking crew
Peggy been a solo act since Looney Tunes and Goofy Troops
Catch me out in Barksdale, counting fettuccine
While you pussy crackers still trying to pass P.T
Ooh, I'm up in Brownsville, strapped with a Kimber
All you yuppie purses getting swiped like Tinder
Now I'm at the White House, looking for your President
Hop out the van, pointing guns at your residence
Ooh, I'm up in Queens now, showing y'all a body
Hoping that you pussy ass try and find me
Chains on my body, looking like a rapper
Acting like a slave when I'm gunning for my masters, nigga
Fuck these niggas!
Buck these niggas! Yeah
It's ironic you pressed for a cooking
It's ironic you talk jail time
But you ain't never seen no central booking (yeah)
It's ironic you hang with a nigga that beat women
And have the nerve to call yourself ""Girl Pusher, "" wow
You ain't real, you're a Jarrod
I'll show you how I really feel (yeah)
White boy better put his hands up, I'm ready
And I'm getting Wilder, shoutout to Deontay
Country niggas booming Peggy, I'm the new Beyoncé
Devil on my entrée, cut like Dante
Promise I will never go blonde like Ka- (hol' up)
Promise I will never go blonde like Kanye?
Got so many styles, they should call me Peggy A.J
When I hit the stage, niggas know it's a payday
Tell your bitch, come here, like I work for Midway, nigga!
(Fuck!)
Like fire",2
JPEGMAFIA,Alternative,974TXFKtyls,JPEGMAFIA - Baby I&#39;m Bleeding,JPEGMAFIA,One of the hardest fucking beat of all time fucking TIGHT,8
JPEGMAFIA,Alternative,974TXFKtyls,JPEGMAFIA - Baby I&#39;m Bleeding,JPEGMAFIA,He sounds like speed,0
JPEGMAFIA,Alternative,974TXFKtyls,JPEGMAFIA - Baby I&#39;m Bleeding,JPEGMAFIA,Hey man it's childish Gambino homegirl drop it like a nasdaq,2
JPEGMAFIA,Alternative,974TXFKtyls,JPEGMAFIA - Baby I&#39;m Bleeding,JPEGMAFIA,Put a shirt on Thuig,1
JPEGMAFIA,Alternative,974TXFKtyls,JPEGMAFIA - Baby I&#39;m Bleeding,JPEGMAFIA,"as a child my grandfather used to always sing me this to sleep, that was back in the 70's even today this is absolute heat, brings back the old days and reminds me of how he was such a loving family man and never assaulted his wife.
truly a masterpiece🔥💯",24
JPEGMAFIA,Alternative,974TXFKtyls,JPEGMAFIA - Baby I&#39;m Bleeding,JPEGMAFIA,"""White boy better put his hands up""

ME: OK ok OK OK OK OK!",0
JPEGMAFIA,Alternative,974TXFKtyls,JPEGMAFIA - Baby I&#39;m Bleeding,JPEGMAFIA,this my top song of the year 😭,3
JPEGMAFIA,Alternative,974TXFKtyls,JPEGMAFIA - Baby I&#39;m Bleeding,JPEGMAFIA,6 YEARS AGO TODAY,0
JPEGMAFIA,Alternative,974TXFKtyls,JPEGMAFIA - Baby I&#39;m Bleeding,JPEGMAFIA,6 years ago today 😭😭,1
JPEGMAFIA,Alternative,974TXFKtyls,JPEGMAFIA - Baby I&#39;m Bleeding,JPEGMAFIA,I little diddly bop,0
JPEGMAFIA,Alternative,974TXFKtyls,JPEGMAFIA - Baby I&#39;m Bleeding,JPEGMAFIA,"In this song, Jpeg sounds like Anthony Kiedis.",0
JPEGMAFIA,Alternative,974TXFKtyls,JPEGMAFIA - Baby I&#39;m Bleeding,JPEGMAFIA,"when he said ""oing"" i really felt that",5
JPEGMAFIA,Alternative,974TXFKtyls,JPEGMAFIA - Baby I&#39;m Bleeding,JPEGMAFIA,"Holy cow, this looped sample is damn good",0
JPEGMAFIA,Alternative,974TXFKtyls,JPEGMAFIA - Baby I&#39;m Bleeding,JPEGMAFIA,Niggas on the moone best than that trashh,0
JPEGMAFIA,Alternative,974TXFKtyls,JPEGMAFIA - Baby I&#39;m Bleeding,JPEGMAFIA,"I mean this with no exaggeration, this was probably the hardest I’ve ever head-banged in my life. Spit came out of my mouth from the speed and force of my head movement.",0
JPEGMAFIA,Alternative,974TXFKtyls,JPEGMAFIA - Baby I&#39;m Bleeding,JPEGMAFIA,this the only one i know,0
JPEGMAFIA,Alternative,974TXFKtyls,JPEGMAFIA - Baby I&#39;m Bleeding,JPEGMAFIA,"""like fiiiire"" 🔥",2
JPEGMAFIA,Alternative,974TXFKtyls,JPEGMAFIA - Baby I&#39;m Bleeding,JPEGMAFIA,He real for that chain line,0
JPEGMAFIA,Alternative,974TXFKtyls,JPEGMAFIA - Baby I&#39;m Bleeding,JPEGMAFIA,Yes,0
JPEGMAFIA,Alternative,974TXFKtyls,JPEGMAFIA - Baby I&#39;m Bleeding,JPEGMAFIA,his flow really reminds me of something but i cant figure out what is it,4
JPEGMAFIA,Alternative,974TXFKtyls,JPEGMAFIA - Baby I&#39;m Bleeding,JPEGMAFIA,MC Ride ripoff!!!,2
JPEGMAFIA,Alternative,974TXFKtyls,JPEGMAFIA - Baby I&#39;m Bleeding,JPEGMAFIA,Cum beggy cum babe,2
JPEGMAFIA,Alternative,974TXFKtyls,JPEGMAFIA - Baby I&#39;m Bleeding,JPEGMAFIA,its crazy how he made a 2 min song feel like 5 mins+ but not in a bad way,331
JPEGMAFIA,Alternative,974TXFKtyls,JPEGMAFIA - Baby I&#39;m Bleeding,JPEGMAFIA,Freaky ass beat,0
JPEGMAFIA,Alternative,974TXFKtyls,JPEGMAFIA - Baby I&#39;m Bleeding,JPEGMAFIA,lyrics: OAOAOAOAOAOAOAOAOAOAOAOAOAOAOAOAOAOAOAOAOAOAOAOAOAOAOAOAOAOAOAOAOAOAO,3
JPEGMAFIA,Alternative,974TXFKtyls,JPEGMAFIA - Baby I&#39;m Bleeding,JPEGMAFIA,my first jpegmafia song ♥,5
JPEGMAFIA,Alternative,974TXFKtyls,JPEGMAFIA - Baby I&#39;m Bleeding,JPEGMAFIA,ǝɟᴉl ʎɯ pǝƃuɐɥɔ ɟɟolO ¯_(ツ)_/¯ Oloff changed my life,0
JPEGMAFIA,Alternative,974TXFKtyls,JPEGMAFIA - Baby I&#39;m Bleeding,JPEGMAFIA,Oloff is the biggest sensation since Hitler. Except this time it's in a good way.,0
JPEGMAFIA,Alternative,974TXFKtyls,JPEGMAFIA - Baby I&#39;m Bleeding,JPEGMAFIA,I listen to Oloff when I'm experiencing existential dread. It makes it worse but... I just can't stop.,0
JPEGMAFIA,Alternative,974TXFKtyls,JPEGMAFIA - Baby I&#39;m Bleeding,JPEGMAFIA,"I met Oloff at a supermarket once and asked him ''How did you write Doing It Stealthy?'' he didn't answer, he was too busy paying for his asparagus.",0
JPEGMAFIA,Alternative,974TXFKtyls,JPEGMAFIA - Baby I&#39;m Bleeding,JPEGMAFIA,"I listen to Oloff whenever I need therapy. Yeah, I could pay $300 an hour for some college clown to tell me what to feel, or I could just smash great big fucking coconuts on my head and listen to my favourite artist over and over again.",0
JPEGMAFIA,Alternative,974TXFKtyls,JPEGMAFIA - Baby I&#39;m Bleeding,JPEGMAFIA,Oloff's music helps me to process my feelings about 9/11.,0
JPEGMAFIA,Alternative,974TXFKtyls,JPEGMAFIA - Baby I&#39;m Bleeding,JPEGMAFIA,The first time I heard Beating the Heart by Oloff my heart stopped beating. Thank God the doctors were able to revive me.,0
JPEGMAFIA,Alternative,974TXFKtyls,JPEGMAFIA - Baby I&#39;m Bleeding,JPEGMAFIA,I cannot believe something that sounds THIS FKN INSANE has existed since 2018,4
JPEGMAFIA,Alternative,974TXFKtyls,JPEGMAFIA - Baby I&#39;m Bleeding,JPEGMAFIA,Peggy looks like Elmer Fudd in the thumbnail lmao,2
JPEGMAFIA,Alternative,974TXFKtyls,JPEGMAFIA - Baby I&#39;m Bleeding,JPEGMAFIA,youtube comments try not to be the worst place on earth (impossible),2
JPEGMAFIA,Alternative,974TXFKtyls,JPEGMAFIA - Baby I&#39;m Bleeding,JPEGMAFIA,i a i a i a i a i a i a i a i a i a i a i a i a i a i a i a i a i a i a i a i a i a i a i a i a i a i a i a i a i a i a i a i a i a i a i a i a,2
JPEGMAFIA,Alternative,974TXFKtyls,JPEGMAFIA - Baby I&#39;m Bleeding,JPEGMAFIA,i pee sitting down,2
JPEGMAFIA,Alternative,974TXFKtyls,JPEGMAFIA - Baby I&#39;m Bleeding,JPEGMAFIA,one of mc ride's best songs!!!,8
JPEGMAFIA,Alternative,974TXFKtyls,JPEGMAFIA - Baby I&#39;m Bleeding,JPEGMAFIA,I only listen to this song while drinking grain alcohol in 115 degree weather🎉,1
JPEGMAFIA,Alternative,974TXFKtyls,JPEGMAFIA - Baby I&#39;m Bleeding,JPEGMAFIA,"before i listened i was eating bread 
after the listen im eating charcoal  😴😴😴😴😴😴😴😴😴😴😴😴😴😴😴😴😴😴😴😴😁😁😁😁😁😁😁😁❤❤❤❤❤❤❤❤❤❤❤❤❤❤10 likes for me to go to therapy",0
JPEGMAFIA,Alternative,974TXFKtyls,JPEGMAFIA - Baby I&#39;m Bleeding,JPEGMAFIA,Brodie always in a new undisclosed local 💀,2
JPEGMAFIA,Alternative,974TXFKtyls,JPEGMAFIA - Baby I&#39;m Bleeding,JPEGMAFIA,bro really made a beat out of a gmod stutter,2
JPEGMAFIA,Alternative,974TXFKtyls,JPEGMAFIA - Baby I&#39;m Bleeding,JPEGMAFIA,Bet when Peggy made this beat he was plugging and unplugging his ears fast,2
JPEGMAFIA,Alternative,974TXFKtyls,JPEGMAFIA - Baby I&#39;m Bleeding,JPEGMAFIA,I’m sorry but I couldn’t help but laugh when he was like “awwwwww FUCK” 😂,0
JPEGMAFIA,Alternative,974TXFKtyls,JPEGMAFIA - Baby I&#39;m Bleeding,JPEGMAFIA,Why tf does MC Ride look like Benny the Butcher in the thumbnail?,1
JPEGMAFIA,Alternative,974TXFKtyls,JPEGMAFIA - Baby I&#39;m Bleeding,JPEGMAFIA,Is this the famous bell foundry? (1459 N. Calvert or whatever),0
JPEGMAFIA,Alternative,974TXFKtyls,JPEGMAFIA - Baby I&#39;m Bleeding,JPEGMAFIA,I didn't know MC Ride wore glasses.,5
JPEGMAFIA,Alternative,974TXFKtyls,JPEGMAFIA - Baby I&#39;m Bleeding,JPEGMAFIA,probably one of the best experimental songs of all time,45
JPEGMAFIA,Alternative,974TXFKtyls,JPEGMAFIA - Baby I&#39;m Bleeding,JPEGMAFIA,"LO QUE ES ! 
🎞🕶",1
JPEGMAFIA,Alternative,974TXFKtyls,JPEGMAFIA - Baby I&#39;m Bleeding,JPEGMAFIA,1:44 who is he talking about here,7
JPEGMAFIA,Alternative,974TXFKtyls,JPEGMAFIA - Baby I&#39;m Bleeding,JPEGMAFIA,🙋🏻‍♂️🙋🏻‍♂️🙋🏻‍♂️🙋🏻‍♂️🙋🏻‍♂️🙋🏻‍♂️🙋🏻‍♂️🙋🏻‍♂️🙋🏻‍♂️🙋🏻‍♂️🙋🏻‍♂️🙋🏻‍♂️🙋🏻‍♂️🙋🏻‍♂️🙋🏻‍♂️🙋🏻‍♂️🙋🏻‍♂️🙋🏻‍♂️🙋🏻‍♂️🙋🏻‍♂️🙋🏻‍♂️🙋🏻‍♂️🙋🏻‍♂️🙋🏻‍♂️🙋🏻‍♂️🙋🏻‍♂️🙋🏻‍♂️🙋🏻‍♂️🙋🏻‍♂️🙋🏻‍♂️,1
JPEGMAFIA,Alternative,974TXFKtyls,JPEGMAFIA - Baby I&#39;m Bleeding,JPEGMAFIA,iTS LIKE aUTISTIC RAP AND IM  LOVE IT!!,5
JPEGMAFIA,Alternative,974TXFKtyls,JPEGMAFIA - Baby I&#39;m Bleeding,JPEGMAFIA,Arepa arepa arepa arepa arepa arepa arepa arepa arepa arepa arepa arepa arepa arepa arepa arepa arepa arepa arepa arepa arepa arepa arepa arepa arepa arepa arepa arepa arepa arepa arepa arepa arepa arepa arepa,9
JPEGMAFIA,Alternative,974TXFKtyls,JPEGMAFIA - Baby I&#39;m Bleeding,JPEGMAFIA,I’m so emotional rn and the only thing on my mind was this beat I love u Peggy,2
JPEGMAFIA,Alternative,974TXFKtyls,JPEGMAFIA - Baby I&#39;m Bleeding,JPEGMAFIA,This is like a mix between Earl Sweatshirt and Death Grips,1
JPEGMAFIA,Alternative,974TXFKtyls,JPEGMAFIA - Baby I&#39;m Bleeding,JPEGMAFIA,This slaps so hard 😊,0
JPEGMAFIA,Alternative,974TXFKtyls,JPEGMAFIA - Baby I&#39;m Bleeding,JPEGMAFIA,hard,0
JPEGMAFIA,Alternative,974TXFKtyls,JPEGMAFIA - Baby I&#39;m Bleeding,JPEGMAFIA,this shit with headphones in goes different omg,0
JPEGMAFIA,Alternative,974TXFKtyls,JPEGMAFIA - Baby I&#39;m Bleeding,JPEGMAFIA,He looks like Jack from Resident Evil 7,1
JPEGMAFIA,Alternative,974TXFKtyls,JPEGMAFIA - Baby I&#39;m Bleeding,JPEGMAFIA,this song so underrated,1
JPEGMAFIA,Alternative,974TXFKtyls,JPEGMAFIA - Baby I&#39;m Bleeding,JPEGMAFIA,Deth Grips type beat 🔥 🔥 🔥 🔥 🔥 🔥 🔥 🔥 🔥 🔥 🔥 🔥 🔥 🔥 🔥 🔥 🔥 🔥 🔥 🔥 🔥 🔥 🔥 🔥 🔥 🔥 🔥 🔥,3
JPEGMAFIA,Alternative,974TXFKtyls,JPEGMAFIA - Baby I&#39;m Bleeding,JPEGMAFIA,🙋🏻‍♂️🙋🏻‍♂️🙋🏻‍♂️🙋🏻‍♂️🙋🏻‍♂️🙋🏻‍♂️🙋🏻‍♂️,0
JPEGMAFIA,Alternative,974TXFKtyls,JPEGMAFIA - Baby I&#39;m Bleeding,JPEGMAFIA,"I try to listen to a lot of different music but this last month has been amazing finally sitting down and listening to Peggy. Have been doing it simultaneously with Danny's music. You guys releasing Scaring The Hoes has made me a massive fan. I can't wait for a Vol 2 or any collab y'all do in the future. I know Danny has an album coming and I think Peggy too. This year at least 2 more is what they said, I think.

But yeah, I know where I'm going after this. More well known alternative shit like this. I know Peggy doesn't like the comparison but Death Grips and 100 Gecs is what I'm gonna dive into next. But I need a few months with their music first, Danny and Peggy.",80
JPEGMAFIA,Alternative,974TXFKtyls,JPEGMAFIA - Baby I&#39;m Bleeding,JPEGMAFIA,🙋🏻‍♂🙋🏻‍♂🙋🏻‍♂🙋🏻‍♂🙋🏻‍♂🙋🏻‍♂🙋🏻‍♂🙋🏻‍♂🙋🏻‍♂🙋🏻‍♂🙋🏻‍♂🙋🏻‍♂🙋🏻‍♂🙋🏻‍♂🙋🏻‍♂🙋🏻‍♂🙋🏻‍♂🙋🏻‍♂🙋🏻‍♂🙋🏻‍♂🙋🏻‍♂🙋🏻‍♂🙋🏻‍♂🙋🏻‍♂🙋🏻‍♂🙋🏻‍♂🙋🏻‍♂🙋🏻‍♂🙋🏻‍♂🙋🏻‍♂🙋🏻‍♂🙋🏻‍♂🙋🏻‍♂🙋🏻‍♂🙋🏻‍♂🙋🏻‍♂🙋🏻‍♂🙋🏻‍♂🙋🏻‍♂🙋🏻‍♂🙋🏻‍♂🙋🏻‍♂🙋🏻‍♂🙋🏻‍♂🙋🏻‍♂🙋🏻‍♂🙋🏻‍♂🙋🏻‍♂🙋🏻‍♂🙋🏻‍♂🙋🏻‍♂🙋🏻‍♂🙋🏻‍♂🙋🏻‍♂🙋🏻‍♂🙋🏻‍♂🙋🏻‍♂🙋🏻‍♂🙋🏻‍♂🙋🏻‍♂🙋🏻‍♂🙋🏻‍♂🙋🏻‍♂🙋🏻‍♂🙋🏻‍♂🙋🏻‍♂🙋🏻‍♂🙋🏻‍♂🙋🏻‍♂🙋🏻‍♂🙋🏻‍♂🙋🏻‍♂🙋🏻‍♂🙋🏻‍♂🙋🏻‍♂🙋🏻‍♂🙋🏻‍♂🙋🏻‍♂🙋🏻‍♂🙋🏻‍♂🙋🏻‍♂🙋🏻‍♂🙋🏻‍♂🙋🏻‍♂🙋🏻‍♂🙋🏻‍♂🙋🏻‍♂🙋🏻‍♂🙋🏻‍♂🙋🏻‍♂🙋🏻‍♂🙋🏻‍♂🙋🏻‍♂🙋🏻‍♂🙋🏻‍♂🙋🏻‍♂🙋🏻‍♂🙋🏻‍♂🙋🏻‍♂🙋🏻‍♂🙋🏻‍♂🙋🏻‍♂🙋🏻‍♂🙋🏻‍♂🙋🏻‍♂🙋🏻‍♂🙋🏻‍♂🙋🏻‍♂🙋🏻‍♂🙋🏻‍♂🙋🏻‍♂🙋🏻‍♂🙋🏻‍♂🙋🏻‍♂🙋🏻‍♂🙋🏻‍♂🙋🏻‍♂🙋🏻‍♂🙋🏻‍♂🙋🏻‍♂🙋🏻‍♂🙋🏻‍♂🙋🏻‍♂🙋🏻‍♂🙋🏻‍♂🙋🏻‍♂🙋🏻‍♂🙋🏻‍♂🙋🏻‍♂🙋🏻‍♂🙋🏻‍♂🙋🏻‍♂🙋🏻‍♂🙋🏻‍♂🙋🏻‍♂🙋🏻‍♂🙋🏻‍♂🙋🏻‍♂🙋🏻‍♂🙋🏻‍♂🙋🏻‍♂🙋🏻‍♂🙋🏻‍♂🙋🏻‍♂🙋🏻‍♂🙋🏻‍♂🙋🏻‍♂🙋🏻‍♂🙋🏻‍♂🙋🏻‍♂🙋🏻‍♂🙋🏻‍♂🙋🏻‍♂🙋🏻‍♂🙋🏻‍♂🙋🏻‍♂🙋🏻‍♂🙋🏻‍♂🙋🏻‍♂🙋🏻‍♂🙋🏻‍♂🙋🏻‍♂🙋🏻‍♂🙋🏻‍♂🙋🏻‍♂🙋🏻‍♂🙋🏻‍♂🙋🏻‍♂🙋🏻‍♂🙋🏻‍♂🙋🏻‍♂🙋🏻‍♂🙋🏻‍♂🙋🏻‍♂🙋🏻‍♂🙋🏻‍♂🙋🏻‍♂🙋🏻‍♂🙋🏻‍♂🙋🏻‍♂🙋🏻‍♂🙋🏻‍♂🙋🏻‍♂🙋🏻‍♂🙋🏻‍♂🙋🏻‍♂🙋🏻‍♂🙋🏻‍♂🙋🏻‍♂🙋🏻‍♂🙋🏻‍♂🙋🏻‍♂🙋🏻‍♂🙋🏻‍♂🙋🏻‍♂🙋🏻‍♂🙋🏻‍♂🙋🏻‍♂🙋🏻‍♂🙋🏻‍♂🙋🏻‍♂🙋🏻‍♂🙋🏻‍♂🙋🏻‍♂🙋🏻‍♂🙋🏻‍♂🙋🏻‍♂🙋🏻‍♂🙋🏻‍♂🙋🏻‍♂🙋🏻‍♂🙋🏻‍♂🙋🏻‍♂🙋🏻‍♂🙋🏻‍♂🙋🏻‍♂🙋🏻‍♂🙋🏻‍♂🙋🏻‍♂🙋🏻‍♂🙋🏻‍♂🙋🏻‍♂🙋🏻‍♂🙋🏻‍♂🙋🏻‍♂🙋🏻‍♂🙋🏻‍♂🙋🏻‍♂🙋🏻‍♂🙋🏻‍♂🙋🏻‍♂🙋🏻‍♂🙋🏻‍♂🙋🏻‍♂🙋🏻‍♂🙋🏻‍♂🙋🏻‍♂🙋🏻‍♂🙋🏻‍♂🙋🏻‍♂🙋🏻‍♂🙋🏻‍♂🙋🏻‍♂🙋🏻‍♂🙋🏻‍♂🙋🏻‍♂🙋🏻‍♂🙋🏻‍♂🙋🏻‍♂🙋🏻‍♂🙋🏻‍♂🙋🏻‍♂🙋🏻‍♂🙋🏻‍♂🙋🏻‍♂🙋🏻‍♂🙋🏻‍♂🙋🏻‍♂🙋🏻‍♂🙋🏻‍♂🙋🏻‍♂🙋🏻‍♂🙋🏻‍♂🙋🏻‍♂🙋🏻‍♂🙋🏻‍♂🙋🏻‍♂🙋🏻‍♂🙋🏻‍♂🙋🏻‍♂🙋🏻‍♂🙋🏻‍♂🙋🏻‍♂🙋🏻‍♂🙋🏻‍♂🙋🏻‍♂🙋🏻‍♂🙋🏻‍♂🙋🏻‍♂🙋🏻‍♂🙋🏻‍♂🙋🏻‍♂🙋🏻‍♂🙋🏻‍♂🙋🏻‍♂🙋🏻‍♂🙋🏻‍♂🙋🏻‍♂🙋🏻‍♂🙋🏻‍♂🙋🏻‍♂🙋🏻‍♂🙋🏻‍♂🙋🏻‍♂🙋🏻‍♂🙋🏻‍♂🙋🏻‍♂🙋🏻‍♂🙋🏻‍♂🙋🏻‍♂🙋🏻‍♂🙋🏻‍♂🙋🏻‍♂🙋🏻‍♂🙋🏻‍♂🙋🏻‍♂🙋🏻‍♂🙋🏻‍♂🙋🏻‍♂🙋🏻‍♂🙋🏻‍♂🙋🏻‍♂🙋🏻‍♂🙋🏻‍♂🙋🏻‍♂🙋🏻‍♂🙋🏻‍♂🙋🏻‍♂🙋🏻‍♂🙋🏻‍♂🙋🏻‍♂🙋🏻‍♂🙋🏻‍♂🙋🏻‍♂🙋🏻‍♂🙋🏻‍♂🙋🏻‍♂🙋🏻‍♂🙋🏻‍♂🙋🏻‍♂🙋🏻‍♂🙋🏻‍♂🙋🏻‍♂🙋🏻‍♂🙋🏻‍♂🙋🏻‍♂🙋🏻‍♂🙋🏻‍♂🙋🏻‍♂🙋🏻‍♂🙋🏻‍♂🙋🏻‍♂🙋🏻‍♂🙋🏻‍♂🙋🏻‍♂🙋🏻‍♂🙋🏻‍♂🙋🏻‍♂🙋🏻‍♂🙋🏻‍♂🙋🏻‍♂🙋🏻‍♂🙋🏻‍♂🙋🏻‍♂🙋🏻‍♂🙋🏻‍♂🙋🏻‍♂🙋🏻‍♂🙋🏻‍♂🙋🏻‍♂🙋🏻‍♂🙋🏻‍♂🙋🏻‍♂🙋🏻‍♂🙋🏻‍♂🙋🏻‍♂🙋🏻‍♂🙋🏻‍♂🙋🏻‍♂🙋🏻‍♂🙋🏻‍♂🙋🏻‍♂🙋🏻‍♂🙋🏻‍♂🙋🏻‍♂🙋🏻‍♂🙋🏻‍♂🙋🏻‍♂🙋🏻‍♂🙋🏻‍♂🙋🏻‍♂🙋🏻‍♂🙋🏻‍♂🙋🏻‍♂🙋🏻‍♂🙋🏻‍♂🙋🏻‍♂🙋🏻‍♂🙋🏻‍♂🙋🏻‍♂🙋🏻‍♂🙋🏻‍♂🙋🏻‍♂🙋🏻‍♂🙋🏻‍♂🙋🏻‍♂🙋🏻‍♂🙋🏻‍♂🙋🏻‍♂🙋🏻‍♂🙋🏻‍♂🙋🏻‍♂🙋🏻‍♂🙋🏻‍♂🙋🏻‍♂🙋🏻‍♂🙋🏻‍♂🙋🏻‍♂🙋🏻‍♂🙋🏻‍♂🙋🏻‍♂🙋🏻‍♂🙋🏻‍♂🙋🏻‍♂🙋🏻‍♂🙋🏻‍♂,5
JPEGMAFIA,Alternative,974TXFKtyls,JPEGMAFIA - Baby I&#39;m Bleeding,JPEGMAFIA,Peggy over here on a Björk type beat.,5
JPEGMAFIA,Alternative,974TXFKtyls,JPEGMAFIA - Baby I&#39;m Bleeding,JPEGMAFIA,Oloff is the biggest sensation since Hitler. Except this time it's in a good way.,0
JPEGMAFIA,Alternative,974TXFKtyls,JPEGMAFIA - Baby I&#39;m Bleeding,JPEGMAFIA,My mom is such a huge Oloff fan that she got the lyrics to 'Bad Stuff' tattooed across her breasts.,0
JPEGMAFIA,Alternative,974TXFKtyls,JPEGMAFIA - Baby I&#39;m Bleeding,JPEGMAFIA,"I met Oloff at a supermarket once and asked him ''How did you write Bad Stuff?'' he didn't answer, he was too busy paying for his asparagus.",0
JPEGMAFIA,Alternative,974TXFKtyls,JPEGMAFIA - Baby I&#39;m Bleeding,JPEGMAFIA,Oloff's music helps me to process my feelings about 9/11.,0
JPEGMAFIA,Alternative,974TXFKtyls,JPEGMAFIA - Baby I&#39;m Bleeding,JPEGMAFIA,There are times in life where you just want everything to end. There are other times when you just want to listen to Doing It Stealthy at max volume and call your boss the R-word,1
JPEGMAFIA,Alternative,974TXFKtyls,JPEGMAFIA - Baby I&#39;m Bleeding,JPEGMAFIA,"I listen to Oloff's Bad Stuff on the train, and if the train doesn't go fast enough I slap the driver on the back of the head",0
JPEGMAFIA,Alternative,974TXFKtyls,JPEGMAFIA - Baby I&#39;m Bleeding,JPEGMAFIA,ǝɟᴉl ʎɯ pǝƃuɐɥɔ ɟɟolO ¯_(ツ)_/¯ Oloff changed my life,0
JPEGMAFIA,Alternative,974TXFKtyls,JPEGMAFIA - Baby I&#39;m Bleeding,JPEGMAFIA,I can't think of a single man I would rather have kids with than Oloff. That man has a brain the size of a bowling ball.,0
JPEGMAFIA,Alternative,974TXFKtyls,JPEGMAFIA - Baby I&#39;m Bleeding,JPEGMAFIA,"Rumour has it that one time Oloff was sat next to Jar Jar Binks on a flight. Jar Jar kept kicking the chair in front of him and generally being obnoxious, nobody knew what to do. Eventually one of the flight attendants came over and asked Oloff if he would perform one of his songs to calm Jar Jar down, and when Oloff began rapping the first verse to Bad Stuff, Jar Jar immediately relaxed. To this day the two are still close friends.",0
JPEGMAFIA,Alternative,974TXFKtyls,JPEGMAFIA - Baby I&#39;m Bleeding,JPEGMAFIA,The first time I heard Beating the Heart by Oloff my heart stopped beating. Thank God the doctors were able to revive me.,0
JPEGMAFIA,Alternative,974TXFKtyls,JPEGMAFIA - Baby I&#39;m Bleeding,JPEGMAFIA,I just got an MRI last week and I swear it sounded uncannily like this beat,4
JPEGMAFIA,Alternative,974TXFKtyls,JPEGMAFIA - Baby I&#39;m Bleeding,JPEGMAFIA,Look how bald he is in this compared to now LOL,0
JPEGMAFIA,Alternative,974TXFKtyls,JPEGMAFIA - Baby I&#39;m Bleeding,JPEGMAFIA,eaeaeaeaeaeaeaeaeaeaeaeaeaeaeaeaeaeaeaea,0
JPEGMAFIA,Alternative,974TXFKtyls,JPEGMAFIA - Baby I&#39;m Bleeding,JPEGMAFIA,Death grips is hella sick,1
JPEGMAFIA,Alternative,974TXFKtyls,JPEGMAFIA - Baby I&#39;m Bleeding,JPEGMAFIA,this is the best thing ive ever,0
JPEGMAFIA,Alternative,974TXFKtyls,JPEGMAFIA - Baby I&#39;m Bleeding,JPEGMAFIA,Muito bala meno,0
JPEGMAFIA,Alternative,974TXFKtyls,JPEGMAFIA - Baby I&#39;m Bleeding,JPEGMAFIA,His raps on veteran reminds me so much of early childish Gambino but ultra aggressive,0
JPEGMAFIA,Alternative,974TXFKtyls,JPEGMAFIA - Baby I&#39;m Bleeding,JPEGMAFIA,Tell ur bitch come here like I work for midway,0
JPEGMAFIA,Alternative,974TXFKtyls,JPEGMAFIA - Baby I&#39;m Bleeding,JPEGMAFIA,a death grips remix would have been insane if only they did features or collabed,1
JPEGMAFIA,Alternative,974TXFKtyls,JPEGMAFIA - Baby I&#39;m Bleeding,JPEGMAFIA,you know its a peggy song when the first minute is some ptsd inducing sound and then you are graced by his angelic rapping voice,4
JPEGMAFIA,Alternative,974TXFKtyls,JPEGMAFIA - Baby I&#39;m Bleeding,JPEGMAFIA,"59,122",0
JPEGMAFIA,Alternative,974TXFKtyls,JPEGMAFIA - Baby I&#39;m Bleeding,JPEGMAFIA,Fuh!,0
JPEGMAFIA,Alternative,974TXFKtyls,JPEGMAFIA - Baby I&#39;m Bleeding,JPEGMAFIA,TRUE HIPHOP!!✌🏾✌🏾keep Pushing.,3
JPEGMAFIA,Alternative,974TXFKtyls,JPEGMAFIA - Baby I&#39;m Bleeding,JPEGMAFIA,fire,1
JPEGMAFIA,Alternative,974TXFKtyls,JPEGMAFIA - Baby I&#39;m Bleeding,JPEGMAFIA,I need a 10 minute loop of just the last 30 seconds. god damn.,1
JPEGMAFIA,Alternative,974TXFKtyls,JPEGMAFIA - Baby I&#39;m Bleeding,JPEGMAFIA,The peek of every molly high lead me to this song,1
JPEGMAFIA,Alternative,974TXFKtyls,JPEGMAFIA - Baby I&#39;m Bleeding,JPEGMAFIA,eaeaeaeeaeaeaeeaeaeaeeaeaeaeeaeaeaeeaeaeaeeaeaeaeeaeaeaeeaeaeaeeaeaeaeeaeaeaeeaeaeaeeaeaeae,1
JPEGMAFIA,Alternative,974TXFKtyls,JPEGMAFIA - Baby I&#39;m Bleeding,JPEGMAFIA,"I don't like this, I don't hate this",1
JPEGMAFIA,Alternative,974TXFKtyls,JPEGMAFIA - Baby I&#39;m Bleeding,JPEGMAFIA,"""Promise I won't go blonde like Kanye"" peggies music is like expensive wine",4
JPEGMAFIA,Alternative,974TXFKtyls,JPEGMAFIA - Baby I&#39;m Bleeding,JPEGMAFIA,MBAPPEMPAMBAMBAMBAMBAPPE,2
JPEGMAFIA,Alternative,974TXFKtyls,JPEGMAFIA - Baby I&#39;m Bleeding,JPEGMAFIA,"""promise i will never go blonde like kanye"" this line has aged like wine",2532
JPEGMAFIA,Alternative,974TXFKtyls,JPEGMAFIA - Baby I&#39;m Bleeding,JPEGMAFIA,Fuckin dope!!!,2
JPEGMAFIA,Alternative,974TXFKtyls,JPEGMAFIA - Baby I&#39;m Bleeding,JPEGMAFIA,ǝɟᴉl ʎɯ pǝƃuɐɥɔ ɟɟolO ¯_(ツ)_/¯ Oloff changed my life,0
JPEGMAFIA,Alternative,974TXFKtyls,JPEGMAFIA - Baby I&#39;m Bleeding,JPEGMAFIA,Oloff's music helps me to process my feelings about 9/11.,1
JPEGMAFIA,Alternative,974TXFKtyls,JPEGMAFIA - Baby I&#39;m Bleeding,JPEGMAFIA,I can't think of a single man I would rather have kids with than Oloff. That man has a brain the size of a bowling ball.,1
JPEGMAFIA,Alternative,974TXFKtyls,JPEGMAFIA - Baby I&#39;m Bleeding,JPEGMAFIA,The first time I heard Beating the Heart by Oloff my heart stopped beating. Thank God the doctors were able to revive me.,0
JPEGMAFIA,Alternative,974TXFKtyls,JPEGMAFIA - Baby I&#39;m Bleeding,JPEGMAFIA,ʇᴉ ʇnoqɐ ƃuos ɐ ǝʞɐɯ puɐ rape a turtle oʇ ɟɟolO ʇuɐʍ I,0
JPEGMAFIA,Alternative,974TXFKtyls,JPEGMAFIA - Baby I&#39;m Bleeding,JPEGMAFIA,"I listen to Doing It Stealthy by Oloff whenever I need therapy. Yeah, I could pay $300 an hour for some college clown to tell me what to feel, or I could just smash great big fucking coconuts on my head and listen to my favourite song over and over again.",0
JPEGMAFIA,Alternative,974TXFKtyls,JPEGMAFIA - Baby I&#39;m Bleeding,JPEGMAFIA,"Rumour has it that one time Oloff was sat next to Jar Jar Binks on a flight. Jar Jar kept kicking the chair in front of him and generally being obnoxious, nobody knew what to do. Eventually one of the flight attendants came over and asked Oloff if he would perform one of his songs to calm Jar Jar down, and when Oloff began rapping the first verse to Doing It Stealthy, Jar Jar immediately relaxed. To this day the two are still close friends.",0
JPEGMAFIA,Alternative,974TXFKtyls,JPEGMAFIA - Baby I&#39;m Bleeding,JPEGMAFIA,˙ǝʌᴉlɐ ɹǝddɐɹ ʇsǝq ǝɥʇ sᴉ ɟɟolO,0
JPEGMAFIA,Alternative,974TXFKtyls,JPEGMAFIA - Baby I&#39;m Bleeding,JPEGMAFIA,"Rumour has it that one time Oloff was sat next to Jar Jar Binks on a flight. Jar Jar kept kicking the chair in front of him and generally being obnoxious, nobody knew what to do. Eventually one of the flight attendants came over and asked Oloff if he would perform one of his songs to calm Jar Jar down, and when Oloff began rapping the first verse to Doing It Stealthy, Jar Jar immediately relaxed. To this day the two are still close friends.",0
JPEGMAFIA,Alternative,974TXFKtyls,JPEGMAFIA - Baby I&#39;m Bleeding,JPEGMAFIA,ʇᴉ ʇnoqɐ ƃuos ɐ ǝʞɐɯ puɐ rape a turtle oʇ ɟɟolO ʇuɐʍ I,0
JPEGMAFIA,Alternative,974TXFKtyls,JPEGMAFIA - Baby I&#39;m Bleeding,JPEGMAFIA,The first time I heard Beating the Heart by Oloff my heart stopped beating. Thank God the doctors were able to revive me.,0
JPEGMAFIA,Alternative,974TXFKtyls,JPEGMAFIA - Baby I&#39;m Bleeding,JPEGMAFIA,I can't think of a single man I would rather have kids with than Oloff. That man has a brain the size of a bowling ball.,0
JPEGMAFIA,Alternative,974TXFKtyls,JPEGMAFIA - Baby I&#39;m Bleeding,JPEGMAFIA,My mom is such a huge Oloff fan that she got the lyrics to 'Doing It Stealthy' tattooed across her breasts.,0
JPEGMAFIA,Alternative,974TXFKtyls,JPEGMAFIA - Baby I&#39;m Bleeding,JPEGMAFIA,ǝɟᴉl ʎɯ pǝƃuɐɥɔ ɟɟolO ¯_(ツ)_/¯ Oloff changed my life,0
JPEGMAFIA,Alternative,974TXFKtyls,JPEGMAFIA - Baby I&#39;m Bleeding,JPEGMAFIA,nive sobg,1
JPEGMAFIA,Alternative,974TXFKtyls,JPEGMAFIA - Baby I&#39;m Bleeding,JPEGMAFIA,frdi gips nice 1,1
JPEGMAFIA,Alternative,974TXFKtyls,JPEGMAFIA - Baby I&#39;m Bleeding,JPEGMAFIA,.,0
JPEGMAFIA,Alternative,974TXFKtyls,JPEGMAFIA - Baby I&#39;m Bleeding,JPEGMAFIA,i think donald trump would explode if he saw this,6
JPEGMAFIA,Alternative,974TXFKtyls,JPEGMAFIA - Baby I&#39;m Bleeding,JPEGMAFIA,veteran is simply a special experience,1
JPEGMAFIA,Alternative,974TXFKtyls,JPEGMAFIA - Baby I&#39;m Bleeding,JPEGMAFIA,love you Peggy,2
JPEGMAFIA,Alternative,974TXFKtyls,JPEGMAFIA - Baby I&#39;m Bleeding,JPEGMAFIA,he really said æ,2
JPEGMAFIA,Alternative,974TXFKtyls,JPEGMAFIA - Baby I&#39;m Bleeding,JPEGMAFIA,"Arepa, arepa, arepa, arepa, arepa, arepa, arepa, ...",0
JPEGMAFIA,Alternative,974TXFKtyls,JPEGMAFIA - Baby I&#39;m Bleeding,JPEGMAFIA,polska gurom 👌,0
JPEGMAFIA,Alternative,974TXFKtyls,JPEGMAFIA - Baby I&#39;m Bleeding,JPEGMAFIA,Just got a trevor noah ad before this started,0
JPEGMAFIA,Alternative,974TXFKtyls,JPEGMAFIA - Baby I&#39;m Bleeding,JPEGMAFIA,I can't think of a single man I would rather have kids with than Oloff. That man has a brain the size of a bowling ball.,0
JPEGMAFIA,Alternative,974TXFKtyls,JPEGMAFIA - Baby I&#39;m Bleeding,JPEGMAFIA,ʇᴉ ʇnoqɐ ƃuos ɐ ǝʞɐɯ puɐ shut down Club Penguin oʇ ɟɟolO ʇuɐʍ I,0
JPEGMAFIA,Alternative,974TXFKtyls,JPEGMAFIA - Baby I&#39;m Bleeding,JPEGMAFIA,Oloff is the biggest sensation since Hitler. Except this time it's in a good way.,0
JPEGMAFIA,Alternative,974TXFKtyls,JPEGMAFIA - Baby I&#39;m Bleeding,JPEGMAFIA,"I'll never forget the first time I heard Doing It Stealthy by Oloff. I thought &quot;wow, this is great, but it's nowhere near as great as some of his other great hits like I Don't Breathe, Beating the Heart, or his Send for Phil Vickery.&quot;",0
JPEGMAFIA,Alternative,974TXFKtyls,JPEGMAFIA - Baby I&#39;m Bleeding,JPEGMAFIA,ǝɟᴉl ʎɯ pǝƃuɐɥɔ ɟɟolO ¯\_(ツ)_/¯ Oloff changed my life,0
JPEGMAFIA,Alternative,974TXFKtyls,JPEGMAFIA - Baby I&#39;m Bleeding,JPEGMAFIA,"Rumour has it that one time Oloff was sat next to Jar Jar Binks on a flight. Jar Jar kept kicking the chair in front of him and generally being obnoxious, nobody knew what to do. Eventually one of the flight attendants came over and asked Oloff if he would perform one of his songs to calm Jar Jar down, and when Oloff began rapping the first verse to Doing It Stealthy, Jar Jar immediately relaxed. To this day the two are still close friends.",0
JPEGMAFIA,Alternative,974TXFKtyls,JPEGMAFIA - Baby I&#39;m Bleeding,JPEGMAFIA,Death Grips goofy ass beat 😂😂😂,2
JPEGMAFIA,Alternative,974TXFKtyls,JPEGMAFIA - Baby I&#39;m Bleeding,JPEGMAFIA,darius?>,1
JPEGMAFIA,Alternative,974TXFKtyls,JPEGMAFIA - Baby I&#39;m Bleeding,JPEGMAFIA,hey. put on headphomes this is insane,0
JPEGMAFIA,Alternative,974TXFKtyls,JPEGMAFIA - Baby I&#39;m Bleeding,JPEGMAFIA,when i first listened to this i thought Peggy collaborated with Death Grips 💀,7
JPEGMAFIA,Alternative,974TXFKtyls,JPEGMAFIA - Baby I&#39;m Bleeding,JPEGMAFIA,QUE TEMOONN,0
JPEGMAFIA,Alternative,974TXFKtyls,JPEGMAFIA - Baby I&#39;m Bleeding,JPEGMAFIA,Why not PNGMAFIA,1
JPEGMAFIA,Alternative,974TXFKtyls,JPEGMAFIA - Baby I&#39;m Bleeding,JPEGMAFIA,"i love you, you look like my friends dad",1
JPEGMAFIA,Alternative,974TXFKtyls,JPEGMAFIA - Baby I&#39;m Bleeding,JPEGMAFIA,"Why I gots to put mah hands up, son?",1
JPEGMAFIA,Alternative,974TXFKtyls,JPEGMAFIA - Baby I&#39;m Bleeding,JPEGMAFIA,ʇᴉ ʇnoqɐ ƃuos ɐ ǝʞɐɯ puɐ rape a turtle oʇ ɟɟolO ʇuɐʍ I,0
JPEGMAFIA,Alternative,974TXFKtyls,JPEGMAFIA - Baby I&#39;m Bleeding,JPEGMAFIA,I listen to Doing It Stealthy when I'm experiencing existential dread. It makes it worse but... I just can't stop.,0
JPEGMAFIA,Alternative,974TXFKtyls,JPEGMAFIA - Baby I&#39;m Bleeding,JPEGMAFIA,"I listen to Doing It Stealthy on the train, and if the train doesn't go fast enough I slap the driver on the back of the head",0
JPEGMAFIA,Alternative,974TXFKtyls,JPEGMAFIA - Baby I&#39;m Bleeding,JPEGMAFIA,Doing It Stealthy helps me to process my feelings about 9/11.,0
JPEGMAFIA,Alternative,974TXFKtyls,JPEGMAFIA - Baby I&#39;m Bleeding,JPEGMAFIA,"I met Oloff at a supermarket once and asked him ''How did you write Doing It Stealthy?'' he didn't answer, he was too busy paying for his asparagus.",0
JPEGMAFIA,Alternative,974TXFKtyls,JPEGMAFIA - Baby I&#39;m Bleeding,JPEGMAFIA,"Rumour has it one time Oloff was sat next to Jar Jar Binks on a flight. Jar Jar kept kicking the chair in front of him and generally being obnoxious, nobody knew what to do. Eventually one of the flight attendants came over and asked Oloff if he would perform one of his songs to calm Jar Jar down, and when Oloff began rapping the first verse to Doing It Stealthy, Jar Jar immediately relaxed. To this day the two are still close friends.",0
JPEGMAFIA,Alternative,974TXFKtyls,JPEGMAFIA - Baby I&#39;m Bleeding,JPEGMAFIA,“all these soundcloud niggas trynna be us” while he’s trynna be mc ride lol no hate tho,0
JPEGMAFIA,Alternative,974TXFKtyls,JPEGMAFIA - Baby I&#39;m Bleeding,JPEGMAFIA,e a e a e a e a,1
JPEGMAFIA,Alternative,974TXFKtyls,JPEGMAFIA - Baby I&#39;m Bleeding,JPEGMAFIA,"beta, arepa, pared, pepa, peta, depa, epa, de la, arena",0
JPEGMAFIA,Alternative,974TXFKtyls,JPEGMAFIA - Baby I&#39;m Bleeding,JPEGMAFIA,"WHAT I HEARD: 
AREPA
ARENA
DEPA
BETA
DE LA",1
JPEGMAFIA,Alternative,974TXFKtyls,JPEGMAFIA - Baby I&#39;m Bleeding,JPEGMAFIA,æææææææ,0
JPEGMAFIA,Alternative,974TXFKtyls,JPEGMAFIA - Baby I&#39;m Bleeding,JPEGMAFIA,get back to ææææææææææææææææ,3
JPEGMAFIA,Alternative,974TXFKtyls,JPEGMAFIA - Baby I&#39;m Bleeding,JPEGMAFIA,yeahh love the production but the racist shit is why no one plays this,0
JPEGMAFIA,Alternative,974TXFKtyls,JPEGMAFIA - Baby I&#39;m Bleeding,JPEGMAFIA,Stumbling across this for the first time feels like walking into someone else's house on accident,164
JPEGMAFIA,Alternative,974TXFKtyls,JPEGMAFIA - Baby I&#39;m Bleeding,JPEGMAFIA,Aeaeaeaeaeaeaeaeaeae,0
JPEGMAFIA,Alternative,974TXFKtyls,JPEGMAFIA - Baby I&#39;m Bleeding,JPEGMAFIA,OKOKOKOKOKOK TAHT SIHT SI BUAETLI,1
JPEGMAFIA,Alternative,974TXFKtyls,JPEGMAFIA - Baby I&#39;m Bleeding,JPEGMAFIA,smelly,1
JPEGMAFIA,Alternative,974TXFKtyls,JPEGMAFIA - Baby I&#39;m Bleeding,JPEGMAFIA,Peggy where you been at?,0
JPEGMAFIA,Alternative,974TXFKtyls,JPEGMAFIA - Baby I&#39;m Bleeding,JPEGMAFIA,ACTIN LIKE A SLAVE WHEN IM GUNNIN 4 MY MASTERS,2
JPEGMAFIA,Alternative,974TXFKtyls,JPEGMAFIA - Baby I&#39;m Bleeding,JPEGMAFIA,lamar grips,0
JPEGMAFIA,Alternative,974TXFKtyls,JPEGMAFIA - Baby I&#39;m Bleeding,JPEGMAFIA,i keep revisiting this vid just cuz that thumbnail too funny,0
JPEGMAFIA,Alternative,974TXFKtyls,JPEGMAFIA - Baby I&#39;m Bleeding,JPEGMAFIA,Hank Hill after his wife finally came home at 3 am in the morning 0:49,15
JPEGMAFIA,Alternative,974TXFKtyls,JPEGMAFIA - Baby I&#39;m Bleeding,JPEGMAFIA,arca,1
JPEGMAFIA,Alternative,974TXFKtyls,JPEGMAFIA - Baby I&#39;m Bleeding,JPEGMAFIA,lol,0
JPEGMAFIA,Alternative,974TXFKtyls,JPEGMAFIA - Baby I&#39;m Bleeding,JPEGMAFIA,"Peggy: White boy better put his hands up

His entire fan base: 🙋🏻‍♂️🙋🏻‍♂️🙋🏻‍♂️🙋🏻‍♂️🙋🏻‍♂️🙋🏻‍♂️🙋🏻‍♂️🙋🏻‍♂️",8697
JPEGMAFIA,Alternative,974TXFKtyls,JPEGMAFIA - Baby I&#39;m Bleeding,JPEGMAFIA,aint really my type,0
JPEGMAFIA,Alternative,974TXFKtyls,JPEGMAFIA - Baby I&#39;m Bleeding,JPEGMAFIA,This guy hates white people!!!!!!!!!!!,0
JPEGMAFIA,Alternative,974TXFKtyls,JPEGMAFIA - Baby I&#39;m Bleeding,JPEGMAFIA,OMG CAN THOSE BOTS STFU ABOUT THAT “DOING IT STEALTHY” SONG,12
JPEGMAFIA,Alternative,974TXFKtyls,JPEGMAFIA - Baby I&#39;m Bleeding,JPEGMAFIA,shoutout to whites,3
JPEGMAFIA,Alternative,974TXFKtyls,JPEGMAFIA - Baby I&#39;m Bleeding,JPEGMAFIA,So good,1
JPEGMAFIA,Alternative,974TXFKtyls,JPEGMAFIA - Baby I&#39;m Bleeding,JPEGMAFIA,this shit sucks hell lame ass country songs got more views,0
JPEGMAFIA,Alternative,974TXFKtyls,JPEGMAFIA - Baby I&#39;m Bleeding,JPEGMAFIA,/b/aby im bleedinghgh,0
JPEGMAFIA,Alternative,974TXFKtyls,JPEGMAFIA - Baby I&#39;m Bleeding,JPEGMAFIA,Doing It Stealthy helps me to process my feelings about 9/11.,0
JPEGMAFIA,Alternative,974TXFKtyls,JPEGMAFIA - Baby I&#39;m Bleeding,JPEGMAFIA,dope as fuck owo,0
JPEGMAFIA,Alternative,974TXFKtyls,JPEGMAFIA - Baby I&#39;m Bleeding,JPEGMAFIA,moshing to this live was a transcendental experience fr,0
JPEGMAFIA,Alternative,974TXFKtyls,JPEGMAFIA - Baby I&#39;m Bleeding,JPEGMAFIA,The first time I played this for my girlfriend she asked if I was trying to give her an aneurism,0
JPEGMAFIA,Alternative,974TXFKtyls,JPEGMAFIA - Baby I&#39;m Bleeding,JPEGMAFIA,The thumbnail makes him look like he's so high,0
JPEGMAFIA,Alternative,974TXFKtyls,JPEGMAFIA - Baby I&#39;m Bleeding,JPEGMAFIA,i think this guys weird,1
JPEGMAFIA,Alternative,974TXFKtyls,JPEGMAFIA - Baby I&#39;m Bleeding,JPEGMAFIA,1:12,1
JPEGMAFIA,Alternative,974TXFKtyls,JPEGMAFIA - Baby I&#39;m Bleeding,JPEGMAFIA,Wow this dude look like mc ride,2
JPEGMAFIA,Alternative,974TXFKtyls,JPEGMAFIA - Baby I&#39;m Bleeding,JPEGMAFIA,peggy changed my life,0
JPEGMAFIA,Alternative,974TXFKtyls,JPEGMAFIA - Baby I&#39;m Bleeding,JPEGMAFIA,"When I first heard Peggy I was like WTF, and I still am but keep coming back!",0
JPEGMAFIA,Alternative,974TXFKtyls,JPEGMAFIA - Baby I&#39;m Bleeding,JPEGMAFIA,Peggy where you been at,0
JPEGMAFIA,Alternative,974TXFKtyls,JPEGMAFIA - Baby I&#39;m Bleeding,JPEGMAFIA,The beat be like: *ÆÆÆÆÆÆÆÆ*,2
JPEGMAFIA,Alternative,974TXFKtyls,JPEGMAFIA - Baby I&#39;m Bleeding,JPEGMAFIA,Am I the only one that thinks he sounds like Childish Gambino.,4
JPEGMAFIA,Alternative,974TXFKtyls,JPEGMAFIA - Baby I&#39;m Bleeding,JPEGMAFIA,absolutely fucking visceral,1
JPEGMAFIA,Alternative,974TXFKtyls,JPEGMAFIA - Baby I&#39;m Bleeding,JPEGMAFIA,the production on this song is absolutely insane. especially the end where you hear the sample he used. so good.,207
JPEGMAFIA,Alternative,974TXFKtyls,JPEGMAFIA - Baby I&#39;m Bleeding,JPEGMAFIA,Arepa arepa arepa arepa arepa arepa arepa arepa,8
JPEGMAFIA,Alternative,974TXFKtyls,JPEGMAFIA - Baby I&#39;m Bleeding,JPEGMAFIA,"Doing It Stealthy makes me happy in a way that no woman ever could... btw I'm single and so alone, please message me.",0
JPEGMAFIA,Alternative,974TXFKtyls,JPEGMAFIA - Baby I&#39;m Bleeding,JPEGMAFIA,"I'm a manchild and I like to play with toy cars, but not as much as I enjoy listening to Doing It Stealthy",0
JPEGMAFIA,Alternative,974TXFKtyls,JPEGMAFIA - Baby I&#39;m Bleeding,JPEGMAFIA,"I listen to Doing It Stealthy on the train, and if the train doesn't go fast enough I slap the driver on the back of the head",0
JPEGMAFIA,Alternative,974TXFKtyls,JPEGMAFIA - Baby I&#39;m Bleeding,JPEGMAFIA,My mom is such a huge Oloff fan that she got the lyrics to 'Doing It Stealthy' tattooed across her breasts.,0
JPEGMAFIA,Alternative,974TXFKtyls,JPEGMAFIA - Baby I&#39;m Bleeding,JPEGMAFIA,Everything in my life changed when I started listening to Doing It Stealthy by Oloff.,0
JPEGMAFIA,Alternative,974TXFKtyls,JPEGMAFIA - Baby I&#39;m Bleeding,JPEGMAFIA,Doing It Stealthy is one of those songs that makes you ask.... why did God create us? What happens after we die?,0
JPEGMAFIA,Alternative,974TXFKtyls,JPEGMAFIA - Baby I&#39;m Bleeding,JPEGMAFIA,"I listen to Doing It Stealthy by Oloff whenever I need therapy. Yeah, I could pay $300 an hour for some college clown to tell me what to feel, or I could just smash great big fucking coconuts on my head and listen to my favourite song over and over again.",0
JPEGMAFIA,Alternative,974TXFKtyls,JPEGMAFIA - Baby I&#39;m Bleeding,JPEGMAFIA,Now I want an arepa,1
JPEGMAFIA,Alternative,974TXFKtyls,JPEGMAFIA - Baby I&#39;m Bleeding,JPEGMAFIA,eaeaeaeaeaeaea,1
JPEGMAFIA,Alternative,974TXFKtyls,JPEGMAFIA - Baby I&#39;m Bleeding,JPEGMAFIA,I cant believe this song exists. I love it.,0
JPEGMAFIA,Alternative,974TXFKtyls,JPEGMAFIA - Baby I&#39;m Bleeding,JPEGMAFIA,ææææææææææææææ,2
JPEGMAFIA,Alternative,974TXFKtyls,JPEGMAFIA - Baby I&#39;m Bleeding,JPEGMAFIA,This video is like he finally got every single corrupt person and is torturing them,0
JPEGMAFIA,Alternative,974TXFKtyls,JPEGMAFIA - Baby I&#39;m Bleeding,JPEGMAFIA,WOW,0
JPEGMAFIA,Alternative,974TXFKtyls,JPEGMAFIA - Baby I&#39;m Bleeding,JPEGMAFIA,How hasn’t Kanye seen this and instantly not wanting to put peggy on Donda,8
JPEGMAFIA,Alternative,974TXFKtyls,JPEGMAFIA - Baby I&#39;m Bleeding,JPEGMAFIA,"""and im getting wilder shoutout to deontay"" rip that line",0
JPEGMAFIA,Alternative,974TXFKtyls,JPEGMAFIA - Baby I&#39;m Bleeding,JPEGMAFIA,0:55,0
JPEGMAFIA,Alternative,974TXFKtyls,JPEGMAFIA - Baby I&#39;m Bleeding,JPEGMAFIA,0:49,0
JPEGMAFIA,Alternative,974TXFKtyls,JPEGMAFIA - Baby I&#39;m Bleeding,JPEGMAFIA,sexiest man alive,0
JPEGMAFIA,Alternative,974TXFKtyls,JPEGMAFIA - Baby I&#39;m Bleeding,JPEGMAFIA,Doing It Stealthy is one of those songs that makes you ask.... why did God create us? What happens after we die?,0
JPEGMAFIA,Alternative,974TXFKtyls,JPEGMAFIA - Baby I&#39;m Bleeding,JPEGMAFIA,"I couldn't get pussy until I started listening to Doing It Stealthy by Oloff. I still can't get pussy, but now I don't even want it anymore.",0
JPEGMAFIA,Alternative,974TXFKtyls,JPEGMAFIA - Baby I&#39;m Bleeding,JPEGMAFIA,"Doing It Stealthy makes me happy in a way that no woman ever could... btw I'm single and so alone, please message me.",0
JPEGMAFIA,Alternative,974TXFKtyls,JPEGMAFIA - Baby I&#39;m Bleeding,JPEGMAFIA,"I'm a manchild and I like to play with toy cars, but not as much as I enjoy listening to Doing It Stealthy",0
JPEGMAFIA,Alternative,974TXFKtyls,JPEGMAFIA - Baby I&#39;m Bleeding,JPEGMAFIA,I listen to Doing It Stealthy when I'm experiencing existential dread. It makes it worse but... I just can't stop.,0
JPEGMAFIA,Alternative,974TXFKtyls,JPEGMAFIA - Baby I&#39;m Bleeding,JPEGMAFIA,Everything in my life changed when I started listening to Doing It Stealthy by Oloff.,0
JPEGMAFIA,Alternative,974TXFKtyls,JPEGMAFIA - Baby I&#39;m Bleeding,JPEGMAFIA,My mom is such a huge Oloff fan that she got the lyrics to 'Doing It Stealthy' tattooed across her breasts.,0
JPEGMAFIA,Alternative,974TXFKtyls,JPEGMAFIA - Baby I&#39;m Bleeding,JPEGMAFIA,"I listen to Doing It Stealthy by Oloff whenever I need therapy. Yeah, I could pay $300 an hour for some college clown to tell me what to feel, or I could just smash great big fucking coconuts on my head and listen to my favourite song over and over again.",0
JPEGMAFIA,Alternative,974TXFKtyls,JPEGMAFIA - Baby I&#39;m Bleeding,JPEGMAFIA,My mom is such a huge Oloff fan that she got the lyrics to 'Doing It Stealthy' tattooed across her breasts.,0
JPEGMAFIA,Alternative,974TXFKtyls,JPEGMAFIA - Baby I&#39;m Bleeding,JPEGMAFIA,"I couldn't get pussy until I started listening to Doing It Stealthy by Oloff. I still can't get pussy, but now I don't even want it anymore.",0
JPEGMAFIA,Alternative,974TXFKtyls,JPEGMAFIA - Baby I&#39;m Bleeding,JPEGMAFIA,Everything in my life changed when I started listening to Doing It Stealthy by Oloff.,0
JPEGMAFIA,Alternative,974TXFKtyls,JPEGMAFIA - Baby I&#39;m Bleeding,JPEGMAFIA,"I'm a manchild and I like to play with toy cars, but not as much as I enjoy listening to Doing It Stealthy",0
JPEGMAFIA,Alternative,974TXFKtyls,JPEGMAFIA - Baby I&#39;m Bleeding,JPEGMAFIA,"I'm a manchild and I like to play with toy cars, but not as much as I enjoy listening to Doing It Stealthy",0
JPEGMAFIA,Alternative,974TXFKtyls,JPEGMAFIA - Baby I&#39;m Bleeding,JPEGMAFIA,I listen to Doing It Stealthy when I'm experiencing existential dread. It makes it worse but... I just can't stop.,0
JPEGMAFIA,Alternative,974TXFKtyls,JPEGMAFIA - Baby I&#39;m Bleeding,JPEGMAFIA,Doing It Stealthy is one of those songs that makes you ask.... why did God create us? What happens after we die?,0
JPEGMAFIA,Alternative,974TXFKtyls,JPEGMAFIA - Baby I&#39;m Bleeding,JPEGMAFIA,"I couldn't get pussy until I started listening to Doing It Stealthy by Oloff. I still can't get pussy, but now I don't even want it anymore.",0
JPEGMAFIA,Alternative,974TXFKtyls,JPEGMAFIA - Baby I&#39;m Bleeding,JPEGMAFIA,"Doing It Stealthy makes me happy in a way that no woman ever could... btw I'm single and so alone, please message me.",0
JPEGMAFIA,Alternative,974TXFKtyls,JPEGMAFIA - Baby I&#39;m Bleeding,JPEGMAFIA,My mom is such a huge Oloff fan that she got the lyrics to 'Doing It Stealthy' tattooed across her breasts.,0
JPEGMAFIA,Alternative,974TXFKtyls,JPEGMAFIA - Baby I&#39;m Bleeding,JPEGMAFIA,Everything in my life changed when I started listening to Doing It Stealthy by Oloff.,0
JPEGMAFIA,Alternative,974TXFKtyls,JPEGMAFIA - Baby I&#39;m Bleeding,JPEGMAFIA,"I listen to Doing It Stealthy on the train, and if the train doesn't go fast enough I slap the driver on the back of the head",0
JPEGMAFIA,Alternative,974TXFKtyls,JPEGMAFIA - Baby I&#39;m Bleeding,JPEGMAFIA,I listen to Doing It Stealthy when I'm experiencing existential dread. It makes it worse but... I just can't stop.,0
JPEGMAFIA,Alternative,974TXFKtyls,JPEGMAFIA - Baby I&#39;m Bleeding,JPEGMAFIA,"I'm a manchild and I like to play with toy cars, but not as much as I enjoy listening to Doing It Stealthy",0
JPEGMAFIA,Alternative,974TXFKtyls,JPEGMAFIA - Baby I&#39;m Bleeding,JPEGMAFIA,Doing It Stealthy is one of those songs that makes you ask.... why did God create us? What happens after we die?,0
JPEGMAFIA,Alternative,974TXFKtyls,JPEGMAFIA - Baby I&#39;m Bleeding,JPEGMAFIA,"I listen to Doing It Stealthy by Oloff whenever I need therapy. Yeah, I could pay $300 an hour for some college clown to tell me what to feel, or I could just smash great big fucking coconuts on my head and listen to my favourite song over and over again.",0
JPEGMAFIA,Alternative,974TXFKtyls,JPEGMAFIA - Baby I&#39;m Bleeding,JPEGMAFIA,"Doing It Stealthy makes me happy in a way that no woman ever could... btw I'm single and so alone, please message me.",0
JPEGMAFIA,Alternative,974TXFKtyls,JPEGMAFIA - Baby I&#39;m Bleeding,JPEGMAFIA,"I couldn't get pussy until I started listening to Doing It Stealthy by Oloff. I still can't get pussy, but now I don't even want it anymore.",0
JPEGMAFIA,Alternative,974TXFKtyls,JPEGMAFIA - Baby I&#39;m Bleeding,JPEGMAFIA,"I listen to Doing It Stealthy on the train, and if the train doesn't go fast enough I slap the driver on the back of the head",0
JPEGMAFIA,Alternative,974TXFKtyls,JPEGMAFIA - Baby I&#39;m Bleeding,JPEGMAFIA,"I couldn't get pussy until I started listening to Doing It Stealthy by Oloff. I still can't get pussy, but now I don't even want it anymore.",0
JPEGMAFIA,Alternative,974TXFKtyls,JPEGMAFIA - Baby I&#39;m Bleeding,JPEGMAFIA,I listen to Doing It Stealthy when I'm experiencing existential dread. It makes it worse but... I just can't stop.,0
JPEGMAFIA,Alternative,974TXFKtyls,JPEGMAFIA - Baby I&#39;m Bleeding,JPEGMAFIA,My mom is such a huge Oloff fan that she got the lyrics to 'Doing It Stealthy' tattooed across her breasts.,0
JPEGMAFIA,Alternative,974TXFKtyls,JPEGMAFIA - Baby I&#39;m Bleeding,JPEGMAFIA,Doing It Stealthy is one of those songs that makes you ask.... why did God create us? What happens after we die?,0
JPEGMAFIA,Alternative,974TXFKtyls,JPEGMAFIA - Baby I&#39;m Bleeding,JPEGMAFIA,"I listen to Doing It Stealthy by Oloff whenever I need therapy. Yeah, I could pay $300 an hour for some college clown to tell me what to feel, or I could just smash great big fucking coconuts on my head and listen to my favourite song over and over again.",0
JPEGMAFIA,Alternative,974TXFKtyls,JPEGMAFIA - Baby I&#39;m Bleeding,JPEGMAFIA,"I'm a manchild and I like to play with toy cars, but not as much as I enjoy listening to Doing It Stealthy",0
JPEGMAFIA,Alternative,974TXFKtyls,JPEGMAFIA - Baby I&#39;m Bleeding,JPEGMAFIA,"I'm a manchild and I like to play with toy cars, but not as much as I enjoy listening to Doing It Stealthy",0
JPEGMAFIA,Alternative,974TXFKtyls,JPEGMAFIA - Baby I&#39;m Bleeding,JPEGMAFIA,I listen to Doing It Stealthy when I'm experiencing existential dread. It makes it worse but... I just can't stop.,3
JPEGMAFIA,Alternative,974TXFKtyls,JPEGMAFIA - Baby I&#39;m Bleeding,JPEGMAFIA,"I couldn't get pussy until I started listening to Doing It Stealthy by Oloff. I still can't get pussy, but now I don't even want it anymore.",0
JPEGMAFIA,Alternative,974TXFKtyls,JPEGMAFIA - Baby I&#39;m Bleeding,JPEGMAFIA,"I listen to Doing It Stealthy by Oloff whenever I need therapy. Yeah, I could pay $300 an hour for some college clown to tell me what to feel, or I could just smash great big fucking coconuts on my head and listen to my favourite song over and over again.",0
JPEGMAFIA,Alternative,974TXFKtyls,JPEGMAFIA - Baby I&#39;m Bleeding,JPEGMAFIA,"Doing It Stealthy makes me happy in a way that no woman ever could... btw I'm single and so alone, please message me.",0
JPEGMAFIA,Alternative,974TXFKtyls,JPEGMAFIA - Baby I&#39;m Bleeding,JPEGMAFIA,Doing It Stealthy is one of those songs that makes you ask.... why did God create us? What happens after we die?,0
JPEGMAFIA,Alternative,974TXFKtyls,JPEGMAFIA - Baby I&#39;m Bleeding,JPEGMAFIA,Everything in my life changed when I started listening to Doing It Stealthy by Oloff.,0
JPEGMAFIA,Alternative,974TXFKtyls,JPEGMAFIA - Baby I&#39;m Bleeding,JPEGMAFIA,"Doing It Stealthy makes me happy in a way that no woman ever could... btw I'm single and so alone, please message me.",0
JPEGMAFIA,Alternative,974TXFKtyls,JPEGMAFIA - Baby I&#39;m Bleeding,JPEGMAFIA,Doing It Stealthy is one of those songs that makes you ask.... why did God create us? What happens after we die?,0
JPEGMAFIA,Alternative,974TXFKtyls,JPEGMAFIA - Baby I&#39;m Bleeding,JPEGMAFIA,Everything in my life changed when I started listening to Doing It Stealthy by Oloff.,0
JPEGMAFIA,Alternative,974TXFKtyls,JPEGMAFIA - Baby I&#39;m Bleeding,JPEGMAFIA,"I listen to Doing It Stealthy on the train, and if the train doesn't go fast enough I slap the driver on the back of the head",0
JPEGMAFIA,Alternative,974TXFKtyls,JPEGMAFIA - Baby I&#39;m Bleeding,JPEGMAFIA,I listen to Doing It Stealthy when I'm experiencing existential dread. It makes it worse but... I just can't stop.,0
JPEGMAFIA,Alternative,974TXFKtyls,JPEGMAFIA - Baby I&#39;m Bleeding,JPEGMAFIA,"I listen to Doing It Stealthy by Oloff whenever I need therapy. Yeah, I could pay $300 an hour for some college clown to tell me what to feel, or I could just smash great big fucking coconuts on my head and listen to my favourite song over and over again.",0
JPEGMAFIA,Alternative,974TXFKtyls,JPEGMAFIA - Baby I&#39;m Bleeding,JPEGMAFIA,Doing It Stealthy is one of those songs that makes you ask.... why did God create us? What happens after we die?,0
JPEGMAFIA,Alternative,974TXFKtyls,JPEGMAFIA - Baby I&#39;m Bleeding,JPEGMAFIA,My mom is such a huge Oloff fan that she got the lyrics to 'Doing It Stealthy' tattooed across her breasts.,0
JPEGMAFIA,Alternative,974TXFKtyls,JPEGMAFIA - Baby I&#39;m Bleeding,JPEGMAFIA,"I listen to Doing It Stealthy on the train, and if the train doesn't go fast enough I slap the driver on the back of the head",0
JPEGMAFIA,Alternative,974TXFKtyls,JPEGMAFIA - Baby I&#39;m Bleeding,JPEGMAFIA,"I couldn't get pussy until I started listening to Doing It Stealthy by Oloff. I still can't get pussy, but now I don't even want it anymore.",0
JPEGMAFIA,Alternative,974TXFKtyls,JPEGMAFIA - Baby I&#39;m Bleeding,JPEGMAFIA,"Doing It Stealthy makes me happy in a way that no woman ever could... btw I'm single and so alone, please message me.",0
JPEGMAFIA,Alternative,974TXFKtyls,JPEGMAFIA - Baby I&#39;m Bleeding,JPEGMAFIA,I listen to Doing It Stealthy when I'm experiencing existential dread. It makes it worse but... I just can't stop.,0
JPEGMAFIA,Alternative,974TXFKtyls,JPEGMAFIA - Baby I&#39;m Bleeding,JPEGMAFIA,"I'm a manchild and I like to play with toy cars, but not as much as I enjoy listening to Doing It Stealthy",0
JPEGMAFIA,Alternative,974TXFKtyls,JPEGMAFIA - Baby I&#39;m Bleeding,JPEGMAFIA,"I listen to Doing It Stealthy on the train, and if the train doesn't go fast enough I slap the driver on the back of the head",0
JPEGMAFIA,Alternative,974TXFKtyls,JPEGMAFIA - Baby I&#39;m Bleeding,JPEGMAFIA,Doing It Stealthy is one of those songs that makes you ask.... why did God create us? What happens after we die?,0
JPEGMAFIA,Alternative,974TXFKtyls,JPEGMAFIA - Baby I&#39;m Bleeding,JPEGMAFIA,"Doing It Stealthy makes me happy in a way that no woman ever could... btw I'm single and so alone, please message me.",0
JPEGMAFIA,Alternative,974TXFKtyls,JPEGMAFIA - Baby I&#39;m Bleeding,JPEGMAFIA,Everything in my life changed when I started listening to Doing It Stealthy by Oloff.,0
JPEGMAFIA,Alternative,974TXFKtyls,JPEGMAFIA - Baby I&#39;m Bleeding,JPEGMAFIA,My mom is such a huge Oloff fan that she got the lyrics to 'Doing It Stealthy' tattooed across her breasts.,0
JPEGMAFIA,Alternative,974TXFKtyls,JPEGMAFIA - Baby I&#39;m Bleeding,JPEGMAFIA,"I couldn't get pussy until I started listening to Doing It Stealthy by Oloff. I still can't get pussy, but now I don't even want it anymore.",0
JPEGMAFIA,Alternative,974TXFKtyls,JPEGMAFIA - Baby I&#39;m Bleeding,JPEGMAFIA,I listen to Doing It Stealthy when I'm experiencing existential dread. It makes it worse but... I just can't stop.,1
JPEGMAFIA,Alternative,974TXFKtyls,JPEGMAFIA - Baby I&#39;m Bleeding,JPEGMAFIA,My mom is such a huge Oloff fan that she got the lyrics to 'Doing It Stealthy' tattooed across her breasts.,0
JPEGMAFIA,Alternative,974TXFKtyls,JPEGMAFIA - Baby I&#39;m Bleeding,JPEGMAFIA,I listen to Doing It Stealthy when I'm experiencing existential dread. It makes it worse but... I just can't stop.,1
JPEGMAFIA,Alternative,974TXFKtyls,JPEGMAFIA - Baby I&#39;m Bleeding,JPEGMAFIA,"I couldn't get pussy until I started listening to Doing It Stealthy by Oloff. I still can't get pussy, but now I don't even want it anymore.",0
JPEGMAFIA,Alternative,974TXFKtyls,JPEGMAFIA - Baby I&#39;m Bleeding,JPEGMAFIA,"I listen to Doing It Stealthy on the train, and if the train doesn't go fast enough I slap the driver on the back of the head",1
JPEGMAFIA,Alternative,974TXFKtyls,JPEGMAFIA - Baby I&#39;m Bleeding,JPEGMAFIA,Doing It Stealthy is one of those songs that makes you ask.... why did God create us? What happens after we die?,0
JPEGMAFIA,Alternative,974TXFKtyls,JPEGMAFIA - Baby I&#39;m Bleeding,JPEGMAFIA,"I listen to Doing It Stealthy by Oloff whenever I need therapy. Yeah, I could pay $300 an hour for some college clown to tell me what to feel, or I could just smash great big fucking coconuts on my head and listen to my favourite song over and over again.",0
JPEGMAFIA,Alternative,974TXFKtyls,JPEGMAFIA - Baby I&#39;m Bleeding,JPEGMAFIA,"I'm a manchild and I like to play with toy cars, but not as much as I enjoy listening to Doing It Stealthy",0
JPEGMAFIA,Alternative,974TXFKtyls,JPEGMAFIA - Baby I&#39;m Bleeding,JPEGMAFIA,Everything in my life changed when I started listening to Doing It Stealthy by Oloff.,0
JPEGMAFIA,Alternative,974TXFKtyls,JPEGMAFIA - Baby I&#39;m Bleeding,JPEGMAFIA,"I couldn't get pussy until I started listening to Doing It Stealthy by Oloff. I still can't get pussy, but now I don't even want it anymore.",0
JPEGMAFIA,Alternative,974TXFKtyls,JPEGMAFIA - Baby I&#39;m Bleeding,JPEGMAFIA,Doing It Stealthy is one of those songs that makes you ask.... why did God create us? What happens after we die?,0
JPEGMAFIA,Alternative,974TXFKtyls,JPEGMAFIA - Baby I&#39;m Bleeding,JPEGMAFIA,I listen to Doing It Stealthy when I'm experiencing existential dread. It makes it worse but... I just can't stop.,0
JPEGMAFIA,Alternative,974TXFKtyls,JPEGMAFIA - Baby I&#39;m Bleeding,JPEGMAFIA,"I'm a manchild and I like to play with toy cars, but not as much as I enjoy listening to Doing It Stealthy",0
JPEGMAFIA,Alternative,974TXFKtyls,JPEGMAFIA - Baby I&#39;m Bleeding,JPEGMAFIA,"I listen to Doing It Stealthy on the train, and if the train doesn't go fast enough I slap the driver on the back of the head",0
JPEGMAFIA,Alternative,974TXFKtyls,JPEGMAFIA - Baby I&#39;m Bleeding,JPEGMAFIA,Everything in my life changed when I started listening to Doing It Stealthy by Oloff.,0
JPEGMAFIA,Alternative,974TXFKtyls,JPEGMAFIA - Baby I&#39;m Bleeding,JPEGMAFIA,My mom is such a huge Oloff fan that she got the lyrics to 'Doing It Stealthy' tattooed across her breasts.,0
JPEGMAFIA,Alternative,974TXFKtyls,JPEGMAFIA - Baby I&#39;m Bleeding,JPEGMAFIA,Everything in my life changed when I started listening to Doing It Stealthy by Oloff.,0
JPEGMAFIA,Alternative,974TXFKtyls,JPEGMAFIA - Baby I&#39;m Bleeding,JPEGMAFIA,My mom is such a huge Oloff fan that she got the lyrics to 'Doing It Stealthy' tattooed across her breasts.,0
JPEGMAFIA,Alternative,974TXFKtyls,JPEGMAFIA - Baby I&#39;m Bleeding,JPEGMAFIA,Doing It Stealthy is one of those songs that makes you ask.... why did God create us? What happens after we die?,0
JPEGMAFIA,Alternative,974TXFKtyls,JPEGMAFIA - Baby I&#39;m Bleeding,JPEGMAFIA,"I listen to Doing It Stealthy on the train, and if the train doesn't go fast enough I slap the driver on the back of the head",0
JPEGMAFIA,Alternative,974TXFKtyls,JPEGMAFIA - Baby I&#39;m Bleeding,JPEGMAFIA,"I listen to Doing It Stealthy by Oloff whenever I need therapy. Yeah, I could pay $300 an hour for some college clown to tell me what to feel, or I could just smash great big fucking coconuts on my head and listen to my favourite song over and over again.",0
JPEGMAFIA,Alternative,974TXFKtyls,JPEGMAFIA - Baby I&#39;m Bleeding,JPEGMAFIA,"I listen to Doing It Stealthy by Oloff whenever I need therapy. Yeah, I could pay $300 an hour for some college clown to tell me what to feel, or I could just smash great big fucking coconuts on my head and listen to my favourite song over and over again.",0
JPEGMAFIA,Alternative,974TXFKtyls,JPEGMAFIA - Baby I&#39;m Bleeding,JPEGMAFIA,Everything in my life changed when I started listening to Doing It Stealthy by Oloff.,0
JPEGMAFIA,Alternative,974TXFKtyls,JPEGMAFIA - Baby I&#39;m Bleeding,JPEGMAFIA,"I listen to Doing It Stealthy on the train, and if the train doesn't go fast enough I slap the driver on the back of the head",0
JPEGMAFIA,Alternative,974TXFKtyls,JPEGMAFIA - Baby I&#39;m Bleeding,JPEGMAFIA,"I'm a manchild and I like to play with toy cars, but not as much as I enjoy listening to Doing It Stealthy",0
JPEGMAFIA,Alternative,974TXFKtyls,JPEGMAFIA - Baby I&#39;m Bleeding,JPEGMAFIA,"I couldn't get pussy until I started listening to Doing It Stealthy by Oloff. I still can't get pussy, but now I don't even want it anymore.",0
JPEGMAFIA,Alternative,974TXFKtyls,JPEGMAFIA - Baby I&#39;m Bleeding,JPEGMAFIA,My mom is such a huge Oloff fan that she got the lyrics to 'Doing It Stealthy' tattooed across her breasts.,0
JPEGMAFIA,Alternative,974TXFKtyls,JPEGMAFIA - Baby I&#39;m Bleeding,JPEGMAFIA,I listen to Doing It Stealthy when I'm experiencing existential dread. It makes it worse but... I just can't stop.,0
JPEGMAFIA,Alternative,974TXFKtyls,JPEGMAFIA - Baby I&#39;m Bleeding,JPEGMAFIA,Doing It Stealthy is one of those songs that makes you ask.... why did God create us? What happens after we die?,0
JPEGMAFIA,Alternative,974TXFKtyls,JPEGMAFIA - Baby I&#39;m Bleeding,JPEGMAFIA,"I'm a manchild and I like to play with toy cars, but not as much as I enjoy listening to Doing It Stealthy",0
JPEGMAFIA,Alternative,974TXFKtyls,JPEGMAFIA - Baby I&#39;m Bleeding,JPEGMAFIA,"Doing It Stealthy makes me happy in a way that no woman ever could... btw I'm single and so alone, please message me.",0
JPEGMAFIA,Alternative,974TXFKtyls,JPEGMAFIA - Baby I&#39;m Bleeding,JPEGMAFIA,"I listen to Doing It Stealthy on the train, and if the train doesn't go fast enough I slap the driver on the back of the head",0
JPEGMAFIA,Alternative,974TXFKtyls,JPEGMAFIA - Baby I&#39;m Bleeding,JPEGMAFIA,I listen to Doing It Stealthy when I'm experiencing existential dread. It makes it worse but... I just can't stop.,0
JPEGMAFIA,Alternative,974TXFKtyls,JPEGMAFIA - Baby I&#39;m Bleeding,JPEGMAFIA,"I listen to Doing It Stealthy by Oloff whenever I need therapy. Yeah, I could pay $300 an hour for some college clown to tell me what to feel, or I could just smash great big fucking coconuts on my head and listen to my favourite song over and over again.",0
JPEGMAFIA,Alternative,974TXFKtyls,JPEGMAFIA - Baby I&#39;m Bleeding,JPEGMAFIA,Everything in my life changed when I started listening to Doing It Stealthy by Oloff.,0
JPEGMAFIA,Alternative,974TXFKtyls,JPEGMAFIA - Baby I&#39;m Bleeding,JPEGMAFIA,My mom is such a huge Oloff fan that she got the lyrics to 'Doing It Stealthy' tattooed across her breasts.,0
JPEGMAFIA,Alternative,974TXFKtyls,JPEGMAFIA - Baby I&#39;m Bleeding,JPEGMAFIA,Doing It Stealthy is one of those songs that makes you ask.... why did God create us? What happens after we die?,0
JPEGMAFIA,Alternative,974TXFKtyls,JPEGMAFIA - Baby I&#39;m Bleeding,JPEGMAFIA,"I couldn't get pussy until I started listening to Doing It Stealthy by Oloff. I still can't get pussy, but now I don't even want it anymore.",0
JPEGMAFIA,Alternative,974TXFKtyls,JPEGMAFIA - Baby I&#39;m Bleeding,JPEGMAFIA,I played this for my parents,0
JPEGMAFIA,Alternative,974TXFKtyls,JPEGMAFIA - Baby I&#39;m Bleeding,JPEGMAFIA,ah e uh.,0
JPEGMAFIA,Alternative,974TXFKtyls,JPEGMAFIA - Baby I&#39;m Bleeding,JPEGMAFIA,movin like kung fu panda,0
JPEGMAFIA,Alternative,974TXFKtyls,JPEGMAFIA - Baby I&#39;m Bleeding,JPEGMAFIA,Everything in my life changed when I started listening to Doing It Stealthy by Oloff.,0
JPEGMAFIA,Alternative,974TXFKtyls,JPEGMAFIA - Baby I&#39;m Bleeding,JPEGMAFIA,Doing It Stealthy helps me to process my feelings about 9/11.,0
JPEGMAFIA,Alternative,974TXFKtyls,JPEGMAFIA - Baby I&#39;m Bleeding,JPEGMAFIA,What do you call a man who hasn't heard Doing It Stealthy by Oloff? A sad loser.,0
JPEGMAFIA,Alternative,974TXFKtyls,JPEGMAFIA - Baby I&#39;m Bleeding,JPEGMAFIA,I listen to Doing It Stealthy when I'm experiencing existential dread. It makes it worse but... I just can't stop.,0
JPEGMAFIA,Alternative,974TXFKtyls,JPEGMAFIA - Baby I&#39;m Bleeding,JPEGMAFIA,Doing It Stealthy is one of those songs that makes you ask.... why did God create us? What happens after we die?,0
JPEGMAFIA,Alternative,974TXFKtyls,JPEGMAFIA - Baby I&#39;m Bleeding,JPEGMAFIA,Doing It Stealthy helps me to process my feelings about 9/11.,0
JPEGMAFIA,Alternative,974TXFKtyls,JPEGMAFIA - Baby I&#39;m Bleeding,JPEGMAFIA,"Doing It Stealthy by Oloff is one of those songs that makes you rethink life... Yeah, I've gotta make some changes.",0
JPEGMAFIA,Alternative,974TXFKtyls,JPEGMAFIA - Baby I&#39;m Bleeding,JPEGMAFIA,Everything in my life changed when I started listening to Doing It Stealthy by Oloff.,0
JPEGMAFIA,Alternative,974TXFKtyls,JPEGMAFIA - Baby I&#39;m Bleeding,JPEGMAFIA,Doing It Stealthy helps me to process my feelings about 9/11.,0
JPEGMAFIA,Alternative,974TXFKtyls,JPEGMAFIA - Baby I&#39;m Bleeding,JPEGMAFIA,What do you call a man who hasn't heard Doing It Stealthy by Oloff? A sad loser.,0
JPEGMAFIA,Alternative,974TXFKtyls,JPEGMAFIA - Baby I&#39;m Bleeding,JPEGMAFIA,People ask me my favourite song... The answer is simple: Doing It Stealthy by Oloff.,0
JPEGMAFIA,Alternative,974TXFKtyls,JPEGMAFIA - Baby I&#39;m Bleeding,JPEGMAFIA,I listen to Doing It Stealthy when I'm experiencing existential dread. It makes it worse but... I just can't stop.,0
JPEGMAFIA,Alternative,974TXFKtyls,JPEGMAFIA - Baby I&#39;m Bleeding,JPEGMAFIA,Doing It Stealthy is one of those songs that makes you ask.... why did God create us? What happens after we die?,0
JPEGMAFIA,Alternative,974TXFKtyls,JPEGMAFIA - Baby I&#39;m Bleeding,JPEGMAFIA,"I listen to Doing It Stealthy by Oloff whenever I need therapy. Yeah, I could pay $300 an hour for some college clown to tell me what to feel, or I could just smash great big fucking coconuts on my head and listen to my favourite song over and over again.",0
JPEGMAFIA,Alternative,974TXFKtyls,JPEGMAFIA - Baby I&#39;m Bleeding,JPEGMAFIA,"Doing It Stealthy by Oloff is one of those songs that makes you rethink life... Yeah, I've gotta make some changes.",0
JPEGMAFIA,Alternative,974TXFKtyls,JPEGMAFIA - Baby I&#39;m Bleeding,JPEGMAFIA,"Doing It Stealthy makes me happy in a way that no woman ever could... btw I'm single and so alone, please message me.",0
JPEGMAFIA,Alternative,974TXFKtyls,JPEGMAFIA - Baby I&#39;m Bleeding,JPEGMAFIA,Everything in my life changed when I started listening to Doing It Stealthy by Oloff.,0
JPEGMAFIA,Alternative,974TXFKtyls,JPEGMAFIA - Baby I&#39;m Bleeding,JPEGMAFIA,What do you call a man who hasn't heard Doing It Stealthy by Oloff? A sad loser.,0
JPEGMAFIA,Alternative,974TXFKtyls,JPEGMAFIA - Baby I&#39;m Bleeding,JPEGMAFIA,Doing It Stealthy is one of those songs that makes you ask.... why did God create us? What happens after we die?,0
JPEGMAFIA,Alternative,974TXFKtyls,JPEGMAFIA - Baby I&#39;m Bleeding,JPEGMAFIA,I listen to Doing It Stealthy when I'm experiencing existential dread. It makes it worse but... I just can't stop.,0
JPEGMAFIA,Alternative,974TXFKtyls,JPEGMAFIA - Baby I&#39;m Bleeding,JPEGMAFIA,"I listen to Doing It Stealthy by Oloff whenever I need therapy. Yeah, I could pay $300 an hour for some college clown to tell me what to feel, or I could just smash great big fucking coconuts on my head and listen to my favourite song over and over again.",0
JPEGMAFIA,Alternative,974TXFKtyls,JPEGMAFIA - Baby I&#39;m Bleeding,JPEGMAFIA,Doing It Stealthy helps me to process my feelings about 9/11.,0
JPEGMAFIA,Alternative,974TXFKtyls,JPEGMAFIA - Baby I&#39;m Bleeding,JPEGMAFIA,"Doing It Stealthy by Oloff is one of those songs that makes you rethink life... Yeah, I've gotta make some changes.",0
JPEGMAFIA,Alternative,974TXFKtyls,JPEGMAFIA - Baby I&#39;m Bleeding,JPEGMAFIA,"Doing It Stealthy makes me happy in a way that no woman ever could... btw I'm single and so alone, please message me.",0
JPEGMAFIA,Alternative,974TXFKtyls,JPEGMAFIA - Baby I&#39;m Bleeding,JPEGMAFIA,Everything in my life changed when I started listening to Doing It Stealthy by Oloff.,0
JPEGMAFIA,Alternative,974TXFKtyls,JPEGMAFIA - Baby I&#39;m Bleeding,JPEGMAFIA,Doing It Stealthy helps me to process my feelings about 9/11.,0
JPEGMAFIA,Alternative,974TXFKtyls,JPEGMAFIA - Baby I&#39;m Bleeding,JPEGMAFIA,People ask me my favourite song... The answer is simple: Doing It Stealthy by Oloff.,0
JPEGMAFIA,Alternative,974TXFKtyls,JPEGMAFIA - Baby I&#39;m Bleeding,JPEGMAFIA,What do you call a man who hasn't heard Doing It Stealthy by Oloff? A sad loser.,0
JPEGMAFIA,Alternative,974TXFKtyls,JPEGMAFIA - Baby I&#39;m Bleeding,JPEGMAFIA,I listen to Doing It Stealthy when I'm experiencing existential dread. It makes it worse but... I just can't stop.,0
JPEGMAFIA,Alternative,974TXFKtyls,JPEGMAFIA - Baby I&#39;m Bleeding,JPEGMAFIA,Doing It Stealthy is one of those songs that makes you ask.... why did God create us? What happens after we die?,0
JPEGMAFIA,Alternative,974TXFKtyls,JPEGMAFIA - Baby I&#39;m Bleeding,JPEGMAFIA,"I listen to Doing It Stealthy by Oloff whenever I need therapy. Yeah, I could pay $300 an hour for some college clown to tell me what to feel, or I could just smash great big fucking coconuts on my head and listen to my favourite song over and over again.",0
JPEGMAFIA,Alternative,974TXFKtyls,JPEGMAFIA - Baby I&#39;m Bleeding,JPEGMAFIA,Doing It Stealthy helps me to process my feelings about 9/11.,0
JPEGMAFIA,Alternative,974TXFKtyls,JPEGMAFIA - Baby I&#39;m Bleeding,JPEGMAFIA,"Doing It Stealthy by Oloff is one of those songs that makes you rethink life... Yeah, I've gotta make some changes.",0
JPEGMAFIA,Alternative,974TXFKtyls,JPEGMAFIA - Baby I&#39;m Bleeding,JPEGMAFIA,Everything in my life changed when I started listening to Doing It Stealthy by Oloff.,0
JPEGMAFIA,Alternative,974TXFKtyls,JPEGMAFIA - Baby I&#39;m Bleeding,JPEGMAFIA,Doing It Stealthy helps me to process my feelings about 9/11.,0
JPEGMAFIA,Alternative,974TXFKtyls,JPEGMAFIA - Baby I&#39;m Bleeding,JPEGMAFIA,What do you call a man who hasn't heard Doing It Stealthy by Oloff? A sad loser.,0
JPEGMAFIA,Alternative,974TXFKtyls,JPEGMAFIA - Baby I&#39;m Bleeding,JPEGMAFIA,I listen to Doing It Stealthy when I'm experiencing existential dread. It makes it worse but... I just can't stop.,0
JPEGMAFIA,Alternative,974TXFKtyls,JPEGMAFIA - Baby I&#39;m Bleeding,JPEGMAFIA,Doing It Stealthy is one of those songs that makes you ask.... why did God create us? What happens after we die?,0
JPEGMAFIA,Alternative,974TXFKtyls,JPEGMAFIA - Baby I&#39;m Bleeding,JPEGMAFIA,"I listen to Doing It Stealthy by Oloff whenever I need therapy. Yeah, I could pay $300 an hour for some college clown to tell me what to feel, or I could just smash great big fucking coconuts on my head and listen to my favourite song over and over again.",0
JPEGMAFIA,Alternative,974TXFKtyls,JPEGMAFIA - Baby I&#39;m Bleeding,JPEGMAFIA,Doing It Stealthy helps me to process my feelings about 9/11.,0
JPEGMAFIA,Alternative,974TXFKtyls,JPEGMAFIA - Baby I&#39;m Bleeding,JPEGMAFIA,"Doing It Stealthy by Oloff is one of those songs that makes you rethink life... Yeah, I've gotta make some changes.",0
JPEGMAFIA,Alternative,974TXFKtyls,JPEGMAFIA - Baby I&#39;m Bleeding,JPEGMAFIA,Everything in my life changed when I started listening to Doing It Stealthy by Oloff.,0
JPEGMAFIA,Alternative,974TXFKtyls,JPEGMAFIA - Baby I&#39;m Bleeding,JPEGMAFIA,Doing It Stealthy helps me to process my feelings about 9/11.,0
JPEGMAFIA,Alternative,974TXFKtyls,JPEGMAFIA - Baby I&#39;m Bleeding,JPEGMAFIA,People ask me my favourite song... The answer is simple: Doing It Stealthy by Oloff.,0
JPEGMAFIA,Alternative,974TXFKtyls,JPEGMAFIA - Baby I&#39;m Bleeding,JPEGMAFIA,What do you call a man who hasn't heard Doing It Stealthy by Oloff? A sad loser.,0
JPEGMAFIA,Alternative,974TXFKtyls,JPEGMAFIA - Baby I&#39;m Bleeding,JPEGMAFIA,Doing It Stealthy is one of those songs that makes you ask.... why did God create us? What happens after we die?,0
JPEGMAFIA,Alternative,974TXFKtyls,JPEGMAFIA - Baby I&#39;m Bleeding,JPEGMAFIA,I listen to Doing It Stealthy when I'm experiencing existential dread. It makes it worse but... I just can't stop.,0
JPEGMAFIA,Alternative,974TXFKtyls,JPEGMAFIA - Baby I&#39;m Bleeding,JPEGMAFIA,"I listen to Doing It Stealthy by Oloff whenever I need therapy. Yeah, I could pay $300 an hour for some college clown to tell me what to feel, or I could just smash great big fucking coconuts on my head and listen to my favourite song over and over again.",0
JPEGMAFIA,Alternative,974TXFKtyls,JPEGMAFIA - Baby I&#39;m Bleeding,JPEGMAFIA,Doing It Stealthy helps me to process my feelings about 9/11.,0
JPEGMAFIA,Alternative,974TXFKtyls,JPEGMAFIA - Baby I&#39;m Bleeding,JPEGMAFIA,"Doing It Stealthy by Oloff is one of those songs that makes you rethink life... Yeah, I've gotta make some changes.",0
JPEGMAFIA,Alternative,974TXFKtyls,JPEGMAFIA - Baby I&#39;m Bleeding,JPEGMAFIA,Everything in my life changed when I started listening to Doing It Stealthy by Oloff.,0
JPEGMAFIA,Alternative,974TXFKtyls,JPEGMAFIA - Baby I&#39;m Bleeding,JPEGMAFIA,Doing It Stealthy helps me to process my feelings about 9/11.,0
JPEGMAFIA,Alternative,974TXFKtyls,JPEGMAFIA - Baby I&#39;m Bleeding,JPEGMAFIA,What do you call a man who hasn't heard Doing It Stealthy by Oloff? A sad loser.,0
JPEGMAFIA,Alternative,974TXFKtyls,JPEGMAFIA - Baby I&#39;m Bleeding,JPEGMAFIA,I listen to Doing It Stealthy when I'm experiencing existential dread. It makes it worse but... I just can't stop.,0
JPEGMAFIA,Alternative,974TXFKtyls,JPEGMAFIA - Baby I&#39;m Bleeding,JPEGMAFIA,Doing It Stealthy is one of those songs that makes you ask.... why did God create us? What happens after we die?,0
JPEGMAFIA,Alternative,974TXFKtyls,JPEGMAFIA - Baby I&#39;m Bleeding,JPEGMAFIA,"I listen to Doing It Stealthy by Oloff whenever I need therapy. Yeah, I could pay $300 an hour for some college clown to tell me what to feel, or I could just smash great big fucking coconuts on my head and listen to my favourite song over and over again.",0
JPEGMAFIA,Alternative,974TXFKtyls,JPEGMAFIA - Baby I&#39;m Bleeding,JPEGMAFIA,"Doing It Stealthy makes me happy in a way that no woman ever could... btw I'm single and so alone, please message me.",0
JPEGMAFIA,Alternative,974TXFKtyls,JPEGMAFIA - Baby I&#39;m Bleeding,JPEGMAFIA,"Doing It Stealthy by Oloff is one of those songs that makes you rethink life... Yeah, I've gotta make some changes.",0
JPEGMAFIA,Alternative,974TXFKtyls,JPEGMAFIA - Baby I&#39;m Bleeding,JPEGMAFIA,Everything in my life changed when I started listening to Doing It Stealthy by Oloff.,0
JPEGMAFIA,Alternative,974TXFKtyls,JPEGMAFIA - Baby I&#39;m Bleeding,JPEGMAFIA,Doing It Stealthy helps me to process my feelings about 9/11.,0
JPEGMAFIA,Alternative,974TXFKtyls,JPEGMAFIA - Baby I&#39;m Bleeding,JPEGMAFIA,People ask me my favourite song... The answer is simple: Doing It Stealthy by Oloff.,0
JPEGMAFIA,Alternative,974TXFKtyls,JPEGMAFIA - Baby I&#39;m Bleeding,JPEGMAFIA,What do you call a man who hasn't heard Doing It Stealthy by Oloff? A sad loser.,0
JPEGMAFIA,Alternative,974TXFKtyls,JPEGMAFIA - Baby I&#39;m Bleeding,JPEGMAFIA,I listen to Doing It Stealthy when I'm experiencing existential dread. It makes it worse but... I just can't stop.,0
JPEGMAFIA,Alternative,974TXFKtyls,JPEGMAFIA - Baby I&#39;m Bleeding,JPEGMAFIA,Doing It Stealthy is one of those songs that makes you ask.... why did God create us? What happens after we die?,0
JPEGMAFIA,Alternative,974TXFKtyls,JPEGMAFIA - Baby I&#39;m Bleeding,JPEGMAFIA,Doing It Stealthy helps me to process my feelings about 9/11.,0
JPEGMAFIA,Alternative,974TXFKtyls,JPEGMAFIA - Baby I&#39;m Bleeding,JPEGMAFIA,"Doing It Stealthy by Oloff is one of those songs that makes you rethink life... Yeah, I've gotta make some changes.",0
JPEGMAFIA,Alternative,974TXFKtyls,JPEGMAFIA - Baby I&#39;m Bleeding,JPEGMAFIA,Everything in my life changed when I started listening to Doing It Stealthy by Oloff.,0
JPEGMAFIA,Alternative,974TXFKtyls,JPEGMAFIA - Baby I&#39;m Bleeding,JPEGMAFIA,Doing It Stealthy helps me to process my feelings about 9/11.,0
JPEGMAFIA,Alternative,974TXFKtyls,JPEGMAFIA - Baby I&#39;m Bleeding,JPEGMAFIA,People ask me my favourite song... The answer is simple: Doing It Stealthy by Oloff.,0
JPEGMAFIA,Alternative,974TXFKtyls,JPEGMAFIA - Baby I&#39;m Bleeding,JPEGMAFIA,What do you call a man who hasn't heard Doing It Stealthy by Oloff? A sad loser.,0
JPEGMAFIA,Alternative,974TXFKtyls,JPEGMAFIA - Baby I&#39;m Bleeding,JPEGMAFIA,Doing It Stealthy is one of those songs that makes you ask.... why did God create us? What happens after we die?,0
JPEGMAFIA,Alternative,974TXFKtyls,JPEGMAFIA - Baby I&#39;m Bleeding,JPEGMAFIA,I listen to Doing It Stealthy when I'm experiencing existential dread. It makes it worse but... I just can't stop.,0
JPEGMAFIA,Alternative,974TXFKtyls,JPEGMAFIA - Baby I&#39;m Bleeding,JPEGMAFIA,"I listen to Doing It Stealthy by Oloff whenever I need therapy. Yeah, I could pay $300 an hour for some college clown to tell me what to feel, or I could just smash great big fucking coconuts on my head and listen to my favourite song over and over again.",0
JPEGMAFIA,Alternative,974TXFKtyls,JPEGMAFIA - Baby I&#39;m Bleeding,JPEGMAFIA,Doing It Stealthy helps me to process my feelings about 9/11.,0
JPEGMAFIA,Alternative,974TXFKtyls,JPEGMAFIA - Baby I&#39;m Bleeding,JPEGMAFIA,"Doing It Stealthy makes me happy in a way that no woman ever could... btw I'm single and so alone, please message me.",0
JPEGMAFIA,Alternative,974TXFKtyls,JPEGMAFIA - Baby I&#39;m Bleeding,JPEGMAFIA,Doing It Stealthy helps me to process my feelings about 9/11.,0
JPEGMAFIA,Alternative,974TXFKtyls,JPEGMAFIA - Baby I&#39;m Bleeding,JPEGMAFIA,People ask me my favourite song... The answer is simple: Doing It Stealthy by Oloff.,0
JPEGMAFIA,Alternative,974TXFKtyls,JPEGMAFIA - Baby I&#39;m Bleeding,JPEGMAFIA,I listen to Doing It Stealthy when I'm experiencing existential dread. It makes it worse but... I just can't stop.,0
JPEGMAFIA,Alternative,974TXFKtyls,JPEGMAFIA - Baby I&#39;m Bleeding,JPEGMAFIA,"I listen to Doing It Stealthy by Oloff whenever I need therapy. Yeah, I could pay $300 an hour for some college clown to tell me what to feel, or I could just smash great big fucking coconuts on my head and listen to my favourite song over and over again.",0
JPEGMAFIA,Alternative,974TXFKtyls,JPEGMAFIA - Baby I&#39;m Bleeding,JPEGMAFIA,Doing It Stealthy is one of those songs that makes you ask.... why did God create us? What happens after we die?,0
JPEGMAFIA,Alternative,974TXFKtyls,JPEGMAFIA - Baby I&#39;m Bleeding,JPEGMAFIA,"Doing It Stealthy by Oloff is one of those songs that makes you rethink life... Yeah, I've gotta make some changes.",0
JPEGMAFIA,Alternative,974TXFKtyls,JPEGMAFIA - Baby I&#39;m Bleeding,JPEGMAFIA,"Doing It Stealthy makes me happy in a way that no woman ever could... btw I'm single and so alone, please message me.",0
JPEGMAFIA,Alternative,974TXFKtyls,JPEGMAFIA - Baby I&#39;m Bleeding,JPEGMAFIA,Everything in my life changed when I started listening to Doing It Stealthy by Oloff.,0
JPEGMAFIA,Alternative,974TXFKtyls,JPEGMAFIA - Baby I&#39;m Bleeding,JPEGMAFIA,Doing It Stealthy helps me to process my feelings about 9/11.,0
JPEGMAFIA,Alternative,974TXFKtyls,JPEGMAFIA - Baby I&#39;m Bleeding,JPEGMAFIA,People ask me my favourite song... The answer is simple: Doing It Stealthy by Oloff.,0
JPEGMAFIA,Alternative,974TXFKtyls,JPEGMAFIA - Baby I&#39;m Bleeding,JPEGMAFIA,What do you call a man who hasn't heard Doing It Stealthy by Oloff? A sad loser.,0
JPEGMAFIA,Alternative,974TXFKtyls,JPEGMAFIA - Baby I&#39;m Bleeding,JPEGMAFIA,I listen to Doing It Stealthy when I'm experiencing existential dread. It makes it worse but... I just can't stop.,0
JPEGMAFIA,Alternative,974TXFKtyls,JPEGMAFIA - Baby I&#39;m Bleeding,JPEGMAFIA,Doing It Stealthy is one of those songs that makes you ask.... why did God create us? What happens after we die?,0
JPEGMAFIA,Alternative,974TXFKtyls,JPEGMAFIA - Baby I&#39;m Bleeding,JPEGMAFIA,"I listen to Doing It Stealthy by Oloff whenever I need therapy. Yeah, I could pay $300 an hour for some college clown to tell me what to feel, or I could just smash great big fucking coconuts on my head and listen to my favourite song over and over again.",0
JPEGMAFIA,Alternative,974TXFKtyls,JPEGMAFIA - Baby I&#39;m Bleeding,JPEGMAFIA,"Doing It Stealthy makes me happy in a way that no woman ever could... btw I'm single and so alone, please message me.",0
JPEGMAFIA,Alternative,974TXFKtyls,JPEGMAFIA - Baby I&#39;m Bleeding,JPEGMAFIA,Everything in my life changed when I started listening to Doing It Stealthy by Oloff.,0
JPEGMAFIA,Alternative,974TXFKtyls,JPEGMAFIA - Baby I&#39;m Bleeding,JPEGMAFIA,Doing It Stealthy helps me to process my feelings about 9/11.,0
JPEGMAFIA,Alternative,974TXFKtyls,JPEGMAFIA - Baby I&#39;m Bleeding,JPEGMAFIA,People ask me my favourite song... The answer is simple: Doing It Stealthy by Oloff.,0
JPEGMAFIA,Alternative,974TXFKtyls,JPEGMAFIA - Baby I&#39;m Bleeding,JPEGMAFIA,What do you call a man who hasn't heard Doing It Stealthy by Oloff? A sad loser.,0
JPEGMAFIA,Alternative,974TXFKtyls,JPEGMAFIA - Baby I&#39;m Bleeding,JPEGMAFIA,I listen to Doing It Stealthy when I'm experiencing existential dread. It makes it worse but... I just can't stop.,0
JPEGMAFIA,Alternative,974TXFKtyls,JPEGMAFIA - Baby I&#39;m Bleeding,JPEGMAFIA,Doing It Stealthy is one of those songs that makes you ask.... why did God create us? What happens after we die?,0
JPEGMAFIA,Alternative,974TXFKtyls,JPEGMAFIA - Baby I&#39;m Bleeding,JPEGMAFIA,"I listen to Doing It Stealthy by Oloff whenever I need therapy. Yeah, I could pay $300 an hour for some college clown to tell me what to feel, or I could just smash great big fucking coconuts on my head and listen to my favourite song over and over again.",0
JPEGMAFIA,Alternative,974TXFKtyls,JPEGMAFIA - Baby I&#39;m Bleeding,JPEGMAFIA,Doing It Stealthy helps me to process my feelings about 9/11.,0
JPEGMAFIA,Alternative,974TXFKtyls,JPEGMAFIA - Baby I&#39;m Bleeding,JPEGMAFIA,"Doing It Stealthy by Oloff is one of those songs that makes you rethink life... Yeah, I've gotta make some changes.",0
JPEGMAFIA,Alternative,974TXFKtyls,JPEGMAFIA - Baby I&#39;m Bleeding,JPEGMAFIA,"Doing It Stealthy makes me happy in a way that no woman ever could... btw I'm single and so alone, please message me.",0
JPEGMAFIA,Alternative,974TXFKtyls,JPEGMAFIA - Baby I&#39;m Bleeding,JPEGMAFIA,Everything in my life changed when I started listening to Doing It Stealthy by Oloff.,0
JPEGMAFIA,Alternative,974TXFKtyls,JPEGMAFIA - Baby I&#39;m Bleeding,JPEGMAFIA,Doing It Stealthy helps me to process my feelings about 9/11.,0
JPEGMAFIA,Alternative,974TXFKtyls,JPEGMAFIA - Baby I&#39;m Bleeding,JPEGMAFIA,What do you call a man who hasn't heard Doing It Stealthy by Oloff? A sad loser.,0
JPEGMAFIA,Alternative,974TXFKtyls,JPEGMAFIA - Baby I&#39;m Bleeding,JPEGMAFIA,I listen to Doing It Stealthy when I'm experiencing existential dread. It makes it worse but... I just can't stop.,0
JPEGMAFIA,Alternative,974TXFKtyls,JPEGMAFIA - Baby I&#39;m Bleeding,JPEGMAFIA,Doing It Stealthy is one of those songs that makes you ask.... why did God create us? What happens after we die?,0
JPEGMAFIA,Alternative,974TXFKtyls,JPEGMAFIA - Baby I&#39;m Bleeding,JPEGMAFIA,"I listen to Doing It Stealthy by Oloff whenever I need therapy. Yeah, I could pay $300 an hour for some college clown to tell me what to feel, or I could just smash great big fucking coconuts on my head and listen to my favourite song over and over again.",0
JPEGMAFIA,Alternative,974TXFKtyls,JPEGMAFIA - Baby I&#39;m Bleeding,JPEGMAFIA,Doing It Stealthy helps me to process my feelings about 9/11.,0
JPEGMAFIA,Alternative,974TXFKtyls,JPEGMAFIA - Baby I&#39;m Bleeding,JPEGMAFIA,"Doing It Stealthy by Oloff is one of those songs that makes you rethink life... Yeah, I've gotta make some changes.",0
JPEGMAFIA,Alternative,974TXFKtyls,JPEGMAFIA - Baby I&#39;m Bleeding,JPEGMAFIA,"Doing It Stealthy makes me happy in a way that no woman ever could... btw I'm single and so alone, please message me.",0
JPEGMAFIA,Alternative,974TXFKtyls,JPEGMAFIA - Baby I&#39;m Bleeding,JPEGMAFIA,Everything in my life changed when I started listening to Doing It Stealthy by Oloff.,0
JPEGMAFIA,Alternative,974TXFKtyls,JPEGMAFIA - Baby I&#39;m Bleeding,JPEGMAFIA,Doing It Stealthy helps me to process my feelings about 9/11.,0
JPEGMAFIA,Alternative,974TXFKtyls,JPEGMAFIA - Baby I&#39;m Bleeding,JPEGMAFIA,What do you call a man who hasn't heard Doing It Stealthy by Oloff? A sad loser.,0
JPEGMAFIA,Alternative,974TXFKtyls,JPEGMAFIA - Baby I&#39;m Bleeding,JPEGMAFIA,People ask me my favourite song... The answer is simple: Doing It Stealthy by Oloff.,0
JPEGMAFIA,Alternative,974TXFKtyls,JPEGMAFIA - Baby I&#39;m Bleeding,JPEGMAFIA,Doing It Stealthy is one of those songs that makes you ask.... why did God create us? What happens after we die?,0
JPEGMAFIA,Alternative,974TXFKtyls,JPEGMAFIA - Baby I&#39;m Bleeding,JPEGMAFIA,I listen to Doing It Stealthy when I'm experiencing existential dread. It makes it worse but... I just can't stop.,0
JPEGMAFIA,Alternative,974TXFKtyls,JPEGMAFIA - Baby I&#39;m Bleeding,JPEGMAFIA,Doing It Stealthy helps me to process my feelings about 9/11.,0
JPEGMAFIA,Alternative,974TXFKtyls,JPEGMAFIA - Baby I&#39;m Bleeding,JPEGMAFIA,"I listen to Doing It Stealthy by Oloff whenever I need therapy. Yeah, I could pay $300 an hour for some college clown to tell me what to feel, or I could just smash great big fucking coconuts on my head and listen to my favourite song over and over again.",0
JPEGMAFIA,Alternative,SpH83KzVKDc,JPEGMAFIA - SIN MIEDO,JPEGMAFIA,how can you hate white people and dance to an electric guitar sounds simultaneously,0
JPEGMAFIA,Alternative,SpH83KzVKDc,JPEGMAFIA - SIN MIEDO,JPEGMAFIA,The beginning sounds like some Death Grips song,0
JPEGMAFIA,Alternative,SpH83KzVKDc,JPEGMAFIA - SIN MIEDO,JPEGMAFIA,I miss this,1
JPEGMAFIA,Alternative,SpH83KzVKDc,JPEGMAFIA - SIN MIEDO,JPEGMAFIA,Jpegmafia sounded like kendrick in here,1
JPEGMAFIA,Alternative,SpH83KzVKDc,JPEGMAFIA - SIN MIEDO,JPEGMAFIA,Finally someone is almost as good as Fred Durst at this shit!,0
JPEGMAFIA,Alternative,SpH83KzVKDc,JPEGMAFIA - SIN MIEDO,JPEGMAFIA,Heads will roll,0
JPEGMAFIA,Alternative,SpH83KzVKDc,JPEGMAFIA - SIN MIEDO,JPEGMAFIA,2:04 Gotta respect the shirt here,0
JPEGMAFIA,Alternative,SpH83KzVKDc,JPEGMAFIA - SIN MIEDO,JPEGMAFIA,sans peur et sans reproche,0
JPEGMAFIA,Alternative,SpH83KzVKDc,JPEGMAFIA - SIN MIEDO,JPEGMAFIA,Clippy overlap here is not something I would have guessed,0
JPEGMAFIA,Alternative,SpH83KzVKDc,JPEGMAFIA - SIN MIEDO,JPEGMAFIA,I played this on Dead as Disco Peggy I think you'd like the game,0
JPEGMAFIA,Alternative,SpH83KzVKDc,JPEGMAFIA - SIN MIEDO,JPEGMAFIA,This whole music video reminds me of mad Max Peggy don't miss 😤,0
JPEGMAFIA,Alternative,SpH83KzVKDc,JPEGMAFIA - SIN MIEDO,JPEGMAFIA,One of my favorite songs,0
JPEGMAFIA,Alternative,SpH83KzVKDc,JPEGMAFIA - SIN MIEDO,JPEGMAFIA,This is actual fireeeeeee!,0
JPEGMAFIA,Alternative,SpH83KzVKDc,JPEGMAFIA - SIN MIEDO,JPEGMAFIA,진짜 좆된다,0
JPEGMAFIA,Alternative,SpH83KzVKDc,JPEGMAFIA - SIN MIEDO,JPEGMAFIA,Complete 💩,0
JPEGMAFIA,Alternative,SpH83KzVKDc,JPEGMAFIA - SIN MIEDO,JPEGMAFIA,Cooked,0
JPEGMAFIA,Alternative,SpH83KzVKDc,JPEGMAFIA - SIN MIEDO,JPEGMAFIA,"he asked for Madonna to adopt him on Cornballs, but judging by the hat I think Beyonce did instead",1
JPEGMAFIA,Alternative,SpH83KzVKDc,JPEGMAFIA - SIN MIEDO,JPEGMAFIA,goat,0
JPEGMAFIA,Alternative,SpH83KzVKDc,JPEGMAFIA - SIN MIEDO,JPEGMAFIA,Cant wait to see what he cooked with our tannies!,1
JPEGMAFIA,Alternative,SpH83KzVKDc,JPEGMAFIA - SIN MIEDO,JPEGMAFIA,who is the girl at 0:58 ?,0
JPEGMAFIA,Alternative,SpH83KzVKDc,JPEGMAFIA - SIN MIEDO,JPEGMAFIA,BTS and this? Wtf,1
JPEGMAFIA,Alternative,SpH83KzVKDc,JPEGMAFIA - SIN MIEDO,JPEGMAFIA,Bts collab news brought me here. And damn! ❤,9
JPEGMAFIA,Alternative,SpH83KzVKDc,JPEGMAFIA - SIN MIEDO,JPEGMAFIA,This is the same guy whos gonna work with BTS 💀💀💀,8
JPEGMAFIA,Alternative,SpH83KzVKDc,JPEGMAFIA - SIN MIEDO,JPEGMAFIA,Diet Death Grips,1
JPEGMAFIA,Alternative,SpH83KzVKDc,JPEGMAFIA - SIN MIEDO,JPEGMAFIA,this is intentionally bad right,0
JPEGMAFIA,Alternative,SpH83KzVKDc,JPEGMAFIA - SIN MIEDO,JPEGMAFIA,Best song off the album,1
JPEGMAFIA,Alternative,SpH83KzVKDc,JPEGMAFIA - SIN MIEDO,JPEGMAFIA,i don’t think that girl was really playing that guitar 👎,1
JPEGMAFIA,Alternative,SpH83KzVKDc,JPEGMAFIA - SIN MIEDO,JPEGMAFIA,AI COULD NEVER RECREATE A PEGGY BEAT,0
JPEGMAFIA,Alternative,SpH83KzVKDc,JPEGMAFIA - SIN MIEDO,JPEGMAFIA,Awesome muica,0
JPEGMAFIA,Alternative,SpH83KzVKDc,JPEGMAFIA - SIN MIEDO,JPEGMAFIA,現代のNirvana,0
JPEGMAFIA,Alternative,SpH83KzVKDc,JPEGMAFIA - SIN MIEDO,JPEGMAFIA,🎉🎉🎉,0
JPEGMAFIA,Alternative,SpH83KzVKDc,JPEGMAFIA - SIN MIEDO,JPEGMAFIA,"“I had issues with my barber”
Superstar pride: “I can relate”",0
JPEGMAFIA,Alternative,SpH83KzVKDc,JPEGMAFIA - SIN MIEDO,JPEGMAFIA,watching a party in jpeg quality is crazy,0
JPEGMAFIA,Alternative,SpH83KzVKDc,JPEGMAFIA - SIN MIEDO,JPEGMAFIA,sin,1
JPEGMAFIA,Alternative,SpH83KzVKDc,JPEGMAFIA - SIN MIEDO,JPEGMAFIA,"Je me bluff
#REALIFÀ",0
JPEGMAFIA,Alternative,SpH83KzVKDc,JPEGMAFIA - SIN MIEDO,JPEGMAFIA,On a atterri dans Cheesy😅,0
JPEGMAFIA,Alternative,SpH83KzVKDc,JPEGMAFIA - SIN MIEDO,JPEGMAFIA,Who came here after Punk Rocky 😅,46
JPEGMAFIA,Alternative,SpH83KzVKDc,JPEGMAFIA - SIN MIEDO,JPEGMAFIA,This is Gambino,1
JPEGMAFIA,Alternative,SpH83KzVKDc,JPEGMAFIA - SIN MIEDO,JPEGMAFIA,the ending of this song is insane,0
JPEGMAFIA,Alternative,SpH83KzVKDc,JPEGMAFIA - SIN MIEDO,JPEGMAFIA,This like david guettta/jpeg club music,1
JPEGMAFIA,Alternative,SpH83KzVKDc,JPEGMAFIA - SIN MIEDO,JPEGMAFIA,guitar riff is fucking crazyyyyy,0
JPEGMAFIA,Alternative,SpH83KzVKDc,JPEGMAFIA - SIN MIEDO,JPEGMAFIA,as a former peggy fan this is ass no way ppl genuinely fw this,0
JPEGMAFIA,Alternative,SpH83KzVKDc,JPEGMAFIA - SIN MIEDO,JPEGMAFIA,1:51 Brooks Ginnan near the end of the second,0
JPEGMAFIA,Alternative,SpH83KzVKDc,JPEGMAFIA - SIN MIEDO,JPEGMAFIA,"Youtube's copyright detection system flagged a video of mine as using this song. The part that was flagged was a plane crash, I guess Youtube be shitting on your song jaja",5
JPEGMAFIA,Alternative,SpH83KzVKDc,JPEGMAFIA - SIN MIEDO,JPEGMAFIA,I'm trynna get with his music his videos seem cool but his music sound like a bunch of noise maybe if I was rolling or was at a rave it would be better but all in all he's sum what creative ig,0
JPEGMAFIA,Alternative,SpH83KzVKDc,JPEGMAFIA - SIN MIEDO,JPEGMAFIA,Honestly Peggy is the better Carti,1
JPEGMAFIA,Alternative,SpH83KzVKDc,JPEGMAFIA - SIN MIEDO,JPEGMAFIA,Wtf this album a year old already?,1
JPEGMAFIA,Alternative,SpH83KzVKDc,JPEGMAFIA - SIN MIEDO,JPEGMAFIA,0:00 Men Neural activity =  ON,1
JPEGMAFIA,Alternative,SpH83KzVKDc,JPEGMAFIA - SIN MIEDO,JPEGMAFIA,"Lowkey kinda happy I’m just becoming a fan of Peggy, I never hated on him, I just never knew what his music was like.
Now when I listen, its super interesting haha",1
JPEGMAFIA,Alternative,SpH83KzVKDc,JPEGMAFIA - SIN MIEDO,JPEGMAFIA,damn he sounded like Lil Uzi Vert 0:05,1
JPEGMAFIA,Alternative,SpH83KzVKDc,JPEGMAFIA - SIN MIEDO,JPEGMAFIA,awesome guy at @1:41,0
JPEGMAFIA,Alternative,SpH83KzVKDc,JPEGMAFIA - SIN MIEDO,JPEGMAFIA,Goon guy ❤❤❤❤❤❤❤❤🔥🔥🔥🔥🔥🔥🔥🔥✝️✝️✝️✝️✡️✡️✡️✡️✡️✡️✡️☯️☯️☯️☯️✡️✡️✡️✡️✡️☯️☯️✡️✡️✡️🔯🔯🔯🔯✡️✡️🔯🔯🔯☯️☯️☯️☯️💖💖💖💘💘💖💘💖💘💖💘💖💘💝💝💝💝,0
JPEGMAFIA,Alternative,SpH83KzVKDc,JPEGMAFIA - SIN MIEDO,JPEGMAFIA,NOJOUDAAAAAAAAAAAAAAAAAAAAAAAAAAAAAAAA,0
JPEGMAFIA,Alternative,SpH83KzVKDc,JPEGMAFIA - SIN MIEDO,JPEGMAFIA,This beat sooo fyee,0
JPEGMAFIA,Alternative,SpH83KzVKDc,JPEGMAFIA - SIN MIEDO,JPEGMAFIA,"For anyone wondering, this phrase is also sampled by MHUNCHO in 3hree 6ix Hours. I knew I heard it somewhere, finally found it.",1
JPEGMAFIA,Alternative,SpH83KzVKDc,JPEGMAFIA - SIN MIEDO,JPEGMAFIA,The guitar and drums on Verse 2 makes me wanna burn down a police station or something,1
JPEGMAFIA,Alternative,SpH83KzVKDc,JPEGMAFIA - SIN MIEDO,JPEGMAFIA,Rock on!!!!,0
JPEGMAFIA,Alternative,SpH83KzVKDc,JPEGMAFIA - SIN MIEDO,JPEGMAFIA,boi ts so frickin tuff 🤣 🫱,0
JPEGMAFIA,Alternative,SpH83KzVKDc,JPEGMAFIA - SIN MIEDO,JPEGMAFIA,Joey Valence at 1:38,2
JPEGMAFIA,Alternative,SpH83KzVKDc,JPEGMAFIA - SIN MIEDO,JPEGMAFIA,🤣,0
JPEGMAFIA,Alternative,SpH83KzVKDc,JPEGMAFIA - SIN MIEDO,JPEGMAFIA,TOP 1 PEGGY❤️‍🩹❤️‍🩹❤️‍🩹,0
JPEGMAFIA,Alternative,SpH83KzVKDc,JPEGMAFIA - SIN MIEDO,JPEGMAFIA,0:57 is so peak,1
JPEGMAFIA,Alternative,SpH83KzVKDc,JPEGMAFIA - SIN MIEDO,JPEGMAFIA,0:49 Its been a year of this song and i still thinking that this man is the men with more flow ive seen in my whole life,35
JPEGMAFIA,Alternative,SpH83KzVKDc,JPEGMAFIA - SIN MIEDO,JPEGMAFIA,1:55 is it weird to say that this part of the instrumental has always reminded me of some sort of odetari,2
JPEGMAFIA,Alternative,SpH83KzVKDc,JPEGMAFIA - SIN MIEDO,JPEGMAFIA,that guitar solo is so crazy bro,1
JPEGMAFIA,Alternative,SpH83KzVKDc,JPEGMAFIA - SIN MIEDO,JPEGMAFIA,Anyone know the gun sample at 2:14?,12
JPEGMAFIA,Alternative,SpH83KzVKDc,JPEGMAFIA - SIN MIEDO,JPEGMAFIA,GTA 6 NIGHTLIFE TRAILER,1
JPEGMAFIA,Alternative,SpH83KzVKDc,JPEGMAFIA - SIN MIEDO,JPEGMAFIA,Peggy so powerful he could change the time of day,1
JPEGMAFIA,Alternative,SpH83KzVKDc,JPEGMAFIA - SIN MIEDO,JPEGMAFIA,in the end you can see your dad that was very long ago absent from home,1
JPEGMAFIA,Alternative,SpH83KzVKDc,JPEGMAFIA - SIN MIEDO,JPEGMAFIA,"Damn, this man is hot.
 I'm not sure if I want to be like him or be with him. 
I'm saying this as a 23 year old woman.",1
JPEGMAFIA,Alternative,SpH83KzVKDc,JPEGMAFIA - SIN MIEDO,JPEGMAFIA,I am now baptized thank you pegster,2
JPEGMAFIA,Alternative,SpH83KzVKDc,JPEGMAFIA - SIN MIEDO,JPEGMAFIA,Bien la 1ere partie du SDF 👍,0
JPEGMAFIA,Alternative,SpH83KzVKDc,JPEGMAFIA - SIN MIEDO,JPEGMAFIA,"You got the gyatt of a sigma like Andrew Tate
You wanna rage bait?
Let the jelqers ejaculate",3
JPEGMAFIA,Alternative,SpH83KzVKDc,JPEGMAFIA - SIN MIEDO,JPEGMAFIA,"Why does this reminds me of ""dance till you're dead""?",1
JPEGMAFIA,Alternative,SpH83KzVKDc,JPEGMAFIA - SIN MIEDO,JPEGMAFIA,I wanna thank this video for being the reason i had to sneak out to his concert,0
JPEGMAFIA,Alternative,SpH83KzVKDc,JPEGMAFIA - SIN MIEDO,JPEGMAFIA,what 1st grade students see when they go to a 7th grade class:,7
JPEGMAFIA,Alternative,SpH83KzVKDc,JPEGMAFIA - SIN MIEDO,JPEGMAFIA,Deathgrips walked so jpegmafia could run,10
JPEGMAFIA,Alternative,SpH83KzVKDc,JPEGMAFIA - SIN MIEDO,JPEGMAFIA,this is such a banger,0
JPEGMAFIA,Alternative,SpH83KzVKDc,JPEGMAFIA - SIN MIEDO,JPEGMAFIA,"Man what would Busta Rhymes, Jay Z, and Ludacris sound like in a collab with JPEGMAFIA on SIN MIEDO remix?",0
JPEGMAFIA,Alternative,SpH83KzVKDc,JPEGMAFIA - SIN MIEDO,JPEGMAFIA,This shit is fire men 😭,0
JPEGMAFIA,Alternative,SpH83KzVKDc,JPEGMAFIA - SIN MIEDO,JPEGMAFIA,Never heard JPEGMAFIA until now. Is it weird to say I fuck with it? 😂,1
JPEGMAFIA,Alternative,SpH83KzVKDc,JPEGMAFIA - SIN MIEDO,JPEGMAFIA,как же жестко он ЕБЕТ,2
JPEGMAFIA,Alternative,SpH83KzVKDc,JPEGMAFIA - SIN MIEDO,JPEGMAFIA,im so glad my friend put me onto this 🔥,0
JPEGMAFIA,Alternative,SpH83KzVKDc,JPEGMAFIA - SIN MIEDO,JPEGMAFIA,🗑,1
JPEGMAFIA,Alternative,SpH83KzVKDc,JPEGMAFIA - SIN MIEDO,JPEGMAFIA,그냥 개 ㅈ되는 음악,3
JPEGMAFIA,Alternative,SpH83KzVKDc,JPEGMAFIA - SIN MIEDO,JPEGMAFIA,what the fuck is this shit,0
JPEGMAFIA,Alternative,SpH83KzVKDc,JPEGMAFIA - SIN MIEDO,JPEGMAFIA,amazing,0
JPEGMAFIA,Alternative,SpH83KzVKDc,JPEGMAFIA - SIN MIEDO,JPEGMAFIA,Peggy better be on the GTA6 soundtrack goddammit,15
JPEGMAFIA,Alternative,SpH83KzVKDc,JPEGMAFIA - SIN MIEDO,JPEGMAFIA,you're so hotttttttttttttttttttttttttttttttttttttttttttttttttttttt,1
JPEGMAFIA,Alternative,SpH83KzVKDc,JPEGMAFIA - SIN MIEDO,JPEGMAFIA,I need like a 10 minute version of this song.,1
JPEGMAFIA,Alternative,SpH83KzVKDc,JPEGMAFIA - SIN MIEDO,JPEGMAFIA,"Peg is on a legendary run right now, shit is incredible",1
JPEGMAFIA,Alternative,SpH83KzVKDc,JPEGMAFIA - SIN MIEDO,JPEGMAFIA,Fame really did make you spoil like milk 🤮,1
JPEGMAFIA,Alternative,SpH83KzVKDc,JPEGMAFIA - SIN MIEDO,JPEGMAFIA,2:32 how it feels to chew 5 gum,0
JPEGMAFIA,Alternative,SpH83KzVKDc,JPEGMAFIA - SIN MIEDO,JPEGMAFIA,"Was on the wire , then the switch up gave me chills 🤘",0
JPEGMAFIA,Alternative,SpH83KzVKDc,JPEGMAFIA - SIN MIEDO,JPEGMAFIA,nah but why bro got a fucking hentai shirt,1
JPEGMAFIA,Alternative,SpH83KzVKDc,JPEGMAFIA - SIN MIEDO,JPEGMAFIA,r.i.p. Peggy's hat,5
JPEGMAFIA,Alternative,SpH83KzVKDc,JPEGMAFIA - SIN MIEDO,JPEGMAFIA,nn mais srx,0
JPEGMAFIA,Alternative,SpH83KzVKDc,JPEGMAFIA - SIN MIEDO,JPEGMAFIA,Raw!,3
JPEGMAFIA,Alternative,SpH83KzVKDc,JPEGMAFIA - SIN MIEDO,JPEGMAFIA,Peggy’s best era by far,1
JPEGMAFIA,Alternative,SpH83KzVKDc,JPEGMAFIA - SIN MIEDO,JPEGMAFIA,"Maldito ctm, le fallaste a tu fanatica chilena",0
JPEGMAFIA,Alternative,SpH83KzVKDc,JPEGMAFIA - SIN MIEDO,JPEGMAFIA,I'm straight for this song,6
JPEGMAFIA,Alternative,SpH83KzVKDc,JPEGMAFIA - SIN MIEDO,JPEGMAFIA,this song makes me think of Mario kart idk why,1
JPEGMAFIA,Alternative,SpH83KzVKDc,JPEGMAFIA - SIN MIEDO,JPEGMAFIA,las medias rajas,0
JPEGMAFIA,Alternative,SpH83KzVKDc,JPEGMAFIA - SIN MIEDO,JPEGMAFIA,'aim for the fences' no fucking lies told. RAP GAME GENESIS P ORRIDGE,3
JPEGMAFIA,Alternative,SpH83KzVKDc,JPEGMAFIA - SIN MIEDO,JPEGMAFIA,"Music is dope, i don't even be checking fir the lyrics 😊",3
JPEGMAFIA,Alternative,SpH83KzVKDc,JPEGMAFIA - SIN MIEDO,JPEGMAFIA,We got live action GTA 6 before GTA 6 💀,5
JPEGMAFIA,Alternative,SpH83KzVKDc,JPEGMAFIA - SIN MIEDO,JPEGMAFIA,Who would’ve thought that around 2:50 would be a sneak peak into my new top 5 fav Peggy tracks 🥹,33
JPEGMAFIA,Alternative,SpH83KzVKDc,JPEGMAFIA - SIN MIEDO,JPEGMAFIA,Insane,0
JPEGMAFIA,Alternative,SpH83KzVKDc,JPEGMAFIA - SIN MIEDO,JPEGMAFIA,great,0
JPEGMAFIA,Alternative,SpH83KzVKDc,JPEGMAFIA - SIN MIEDO,JPEGMAFIA,Cowboy carti??,5
JPEGMAFIA,Alternative,SpH83KzVKDc,JPEGMAFIA - SIN MIEDO,JPEGMAFIA,This dude thinks he baby keem,0
JPEGMAFIA,Alternative,SpH83KzVKDc,JPEGMAFIA - SIN MIEDO,JPEGMAFIA,"0:27 SHE HAD ISSUES WITH HER FATHER, I HAD ISSUES WITH MY BARBER 🗣🗣🗣‼️‼️🔥🔥",85
JPEGMAFIA,Alternative,SpH83KzVKDc,JPEGMAFIA - SIN MIEDO,JPEGMAFIA,I absolutely hate the production up until the guitars roll in. After that it's fire but before it's fcking ear grating,1
JPEGMAFIA,Alternative,SpH83KzVKDc,JPEGMAFIA - SIN MIEDO,JPEGMAFIA,"Here from Jah's community post, didn't expect arses all over my face from the start.",1
JPEGMAFIA,Alternative,SpH83KzVKDc,JPEGMAFIA - SIN MIEDO,JPEGMAFIA,Canción toda espectacular,1
JPEGMAFIA,Alternative,SpH83KzVKDc,JPEGMAFIA - SIN MIEDO,JPEGMAFIA,Que es estooo😮 joyaa,0
JPEGMAFIA,Alternative,SpH83KzVKDc,JPEGMAFIA - SIN MIEDO,JPEGMAFIA,1:25,0
JPEGMAFIA,Alternative,SpH83KzVKDc,JPEGMAFIA - SIN MIEDO,JPEGMAFIA,1:42 Saddam!?,2
JPEGMAFIA,Alternative,SpH83KzVKDc,JPEGMAFIA - SIN MIEDO,JPEGMAFIA,Uncle Luke should give his stamp of approval🍸🍷🇺🇸😀,0
JPEGMAFIA,Alternative,SpH83KzVKDc,JPEGMAFIA - SIN MIEDO,JPEGMAFIA,"oh no...i wonder if this is peggy simping for kanye (Beautiful, naked, big-titty womеn just don't fall out the sky, you know)",1
JPEGMAFIA,Alternative,SpH83KzVKDc,JPEGMAFIA - SIN MIEDO,JPEGMAFIA,Let's continue to get it!,1
JPEGMAFIA,Alternative,SpH83KzVKDc,JPEGMAFIA - SIN MIEDO,JPEGMAFIA,Album of the year this shit is a magnum opus I don't even think AI can make some thing like this .,1
JPEGMAFIA,Alternative,SpH83KzVKDc,JPEGMAFIA - SIN MIEDO,JPEGMAFIA,are you with homelander?,0
JPEGMAFIA,Alternative,SpH83KzVKDc,JPEGMAFIA - SIN MIEDO,JPEGMAFIA,Whos that spiky guy with the jawline from divinity,2
JPEGMAFIA,Alternative,SpH83KzVKDc,JPEGMAFIA - SIN MIEDO,JPEGMAFIA,Ok why does peggy look like a beautiful twink in that cowboy hat,2
JPEGMAFIA,Alternative,SpH83KzVKDc,JPEGMAFIA - SIN MIEDO,JPEGMAFIA,thank you peggy this is always a fun listen 🔥,0
JPEGMAFIA,Alternative,SpH83KzVKDc,JPEGMAFIA - SIN MIEDO,JPEGMAFIA,"Seeing his hat fly off at 0:34 and his reaction at 0:35 is my fave part 😂so funny so real, happens to me lol",2
JPEGMAFIA,Alternative,SpH83KzVKDc,JPEGMAFIA - SIN MIEDO,JPEGMAFIA,banger,0
JPEGMAFIA,Alternative,SpH83KzVKDc,JPEGMAFIA - SIN MIEDO,JPEGMAFIA,This aƖƖ is SO AMER𐊦CAN🏴‍☠️🦾🇺🇸🦾🏴‍☠️,2
JPEGMAFIA,Alternative,SpH83KzVKDc,JPEGMAFIA - SIN MIEDO,JPEGMAFIA,who is paying you?,0
JPEGMAFIA,Alternative,SpH83KzVKDc,JPEGMAFIA - SIN MIEDO,JPEGMAFIA,Ok thats 2 different kinds of fire. Thank you YouTube algorithm.,0
JPEGMAFIA,Alternative,SpH83KzVKDc,JPEGMAFIA - SIN MIEDO,JPEGMAFIA,The guy with the blonde spikes looks familiar,0
JPEGMAFIA,Alternative,SpH83KzVKDc,JPEGMAFIA - SIN MIEDO,JPEGMAFIA,Name a better producer than peggy!,3
JPEGMAFIA,Alternative,SpH83KzVKDc,JPEGMAFIA - SIN MIEDO,JPEGMAFIA,He Got One. He is not scaring the hoes no more,2
JPEGMAFIA,Alternative,SpH83KzVKDc,JPEGMAFIA - SIN MIEDO,JPEGMAFIA,jpeg def keep it interesting and weird in good sense,5
JPEGMAFIA,Alternative,SpH83KzVKDc,JPEGMAFIA - SIN MIEDO,JPEGMAFIA,This straight up sounds like GTA radio music please put this in gta 6,1
JPEGMAFIA,Alternative,SpH83KzVKDc,JPEGMAFIA - SIN MIEDO,JPEGMAFIA,vibes,0
JPEGMAFIA,Alternative,SpH83KzVKDc,JPEGMAFIA - SIN MIEDO,JPEGMAFIA,It's actually like death grips x Travis scott,1
JPEGMAFIA,Alternative,SpH83KzVKDc,JPEGMAFIA - SIN MIEDO,JPEGMAFIA,Best thing I've listened to since astroworld,0
JPEGMAFIA,Alternative,SpH83KzVKDc,JPEGMAFIA - SIN MIEDO,JPEGMAFIA,Trippie next album finna be better than Carti’s I’m calling it,1
JPEGMAFIA,Alternative,SpH83KzVKDc,JPEGMAFIA - SIN MIEDO,JPEGMAFIA,Best rap song in 30 years!,2
JPEGMAFIA,Alternative,SpH83KzVKDc,JPEGMAFIA - SIN MIEDO,JPEGMAFIA,This is what Europeans think America is like,9
JPEGMAFIA,Alternative,SpH83KzVKDc,JPEGMAFIA - SIN MIEDO,JPEGMAFIA,Life 🧬,1
JPEGMAFIA,Alternative,SpH83KzVKDc,JPEGMAFIA - SIN MIEDO,JPEGMAFIA,Please come to Andromeda 🌌,6
JPEGMAFIA,Alternative,SpH83KzVKDc,JPEGMAFIA - SIN MIEDO,JPEGMAFIA,Goosebumps,0
JPEGMAFIA,Alternative,SpH83KzVKDc,JPEGMAFIA - SIN MIEDO,JPEGMAFIA,my ear is bleeding bruh,1
JPEGMAFIA,Alternative,SpH83KzVKDc,JPEGMAFIA - SIN MIEDO,JPEGMAFIA,🤮🤮,1
JPEGMAFIA,Alternative,SpH83KzVKDc,JPEGMAFIA - SIN MIEDO,JPEGMAFIA,Jpreg my beloved,0
JPEGMAFIA,Alternative,SpH83KzVKDc,JPEGMAFIA - SIN MIEDO,JPEGMAFIA,Nice.,0
JPEGMAFIA,Alternative,SpH83KzVKDc,JPEGMAFIA - SIN MIEDO,JPEGMAFIA,yooo this dudes pretty cool,3
JPEGMAFIA,Alternative,SpH83KzVKDc,JPEGMAFIA - SIN MIEDO,JPEGMAFIA,This is some Night City shit for reals.,1
JPEGMAFIA,Alternative,SpH83KzVKDc,JPEGMAFIA - SIN MIEDO,JPEGMAFIA,this is an insane combination of so many things at once,3
JPEGMAFIA,Alternative,SpH83KzVKDc,JPEGMAFIA - SIN MIEDO,JPEGMAFIA,P3GG¥ 💯👈♾️👉💯,0
JPEGMAFIA,Alternative,SpH83KzVKDc,JPEGMAFIA - SIN MIEDO,JPEGMAFIA,1:12 🔥🔥🔥🔥,2
JPEGMAFIA,Alternative,SpH83KzVKDc,JPEGMAFIA - SIN MIEDO,JPEGMAFIA,"We went from scaring the hoes to this, sensational, might even drop a tear",0
JPEGMAFIA,Alternative,SpH83KzVKDc,JPEGMAFIA - SIN MIEDO,JPEGMAFIA,I've never listened to a JPEG album before 10 min ago. I always knew who he was and meant to listen but I get distracted. So far this album is incredible. So much production feels lifeless today but his has a lot of emotion and feeling.,9
JPEGMAFIA,Alternative,SpH83KzVKDc,JPEGMAFIA - SIN MIEDO,JPEGMAFIA,zillakami ahh voice,1
JPEGMAFIA,Alternative,SpH83KzVKDc,JPEGMAFIA - SIN MIEDO,JPEGMAFIA,1:55,0
JPEGMAFIA,Alternative,SpH83KzVKDc,JPEGMAFIA - SIN MIEDO,JPEGMAFIA,1:56,0
JPEGMAFIA,Alternative,SpH83KzVKDc,JPEGMAFIA - SIN MIEDO,JPEGMAFIA,1:00 bro is the boom bap version of Playboi Carti,20
JPEGMAFIA,Alternative,SpH83KzVKDc,JPEGMAFIA - SIN MIEDO,JPEGMAFIA,This song should be in the second trailer of GTA VI. It will fit the trailer perfectly💯💯💯,0
JPEGMAFIA,Alternative,SpH83KzVKDc,JPEGMAFIA - SIN MIEDO,JPEGMAFIA,ID on the big booty woman?,1
JPEGMAFIA,Alternative,SpH83KzVKDc,JPEGMAFIA - SIN MIEDO,JPEGMAFIA,Now i need jpeg x paris texas 🤧🤧,4
JPEGMAFIA,Alternative,SpH83KzVKDc,JPEGMAFIA - SIN MIEDO,JPEGMAFIA,GYATTTTT,3
JPEGMAFIA,Alternative,SpH83KzVKDc,JPEGMAFIA - SIN MIEDO,JPEGMAFIA,one of the best songs of 2024,1
JPEGMAFIA,Alternative,SpH83KzVKDc,JPEGMAFIA - SIN MIEDO,JPEGMAFIA,WhatTF! is this purile drivel 😂,0
JPEGMAFIA,Alternative,SpH83KzVKDc,JPEGMAFIA - SIN MIEDO,JPEGMAFIA,Am i like the only female jpegmafia fan in existence 😂,4
JPEGMAFIA,Alternative,SpH83KzVKDc,JPEGMAFIA - SIN MIEDO,JPEGMAFIA,A jpegmafia zombie juice collab would be brolic!,0
JPEGMAFIA,Alternative,SpH83KzVKDc,JPEGMAFIA - SIN MIEDO,JPEGMAFIA,This mv aesthetic is top tier,0
JPEGMAFIA,Alternative,SpH83KzVKDc,JPEGMAFIA - SIN MIEDO,JPEGMAFIA,The 2 Live Crew sample is crazy 😂,1
JPEGMAFIA,Alternative,SpH83KzVKDc,JPEGMAFIA - SIN MIEDO,JPEGMAFIA,damn this slaps!!!,3
JPEGMAFIA,Alternative,SpH83KzVKDc,JPEGMAFIA - SIN MIEDO,JPEGMAFIA,"LYRICS

[Intro: Mr. Mixx]
Peggy! Peggy!
Big-big-big-big-big-bi-bi-bi-bi-big booty hoes, up with it

[Verse 1: JPEGMAFIA & Mr. Mixx]
You niggas is bitches, I don't wanna kick it
Peggy, I aim for the fences, you niggas don't swing, you stackin' up misses
Big booty hoes, up with it
You tweetin' your business, we can't do no business
Dick-ridin' is expensive, if you need a image, then baby, don't listen
Keep bumpin' who-the-fuck-is-that?
Fake-plug-talkin' Tubi rappers
Got a machine behind 'em, and still they can't fill up capacity with they raps
Baby mama be a rap snack
Grew up white, now they act black
[Refrain: JPEGMAFIA]
She had issues with her father
I had issues with my barber
She off all of these drugs
Coke in her butt, R.I.P Aaron Carter

[Bridge: Mr. Mixx]
Let me see you touch the ground, ground, ground, ground, ground
Let me see you touch the ground, b-b-b-b-b-b-b-b-big booty hoes

[Verse 2: JPEGMAFIA & Mr. Mixx]
I do what I do with a vengeance, Pegasus been had style
Show out with class, give me detention
Y'all do a lot for the mention
I spaz in other dimensions
'Bout to take it to another level, my attraction came with a pension
Now some niggas gotta respect or they're gettin' retired
I step in the room, every nigga inspired
Or niggas just hate 'cause they shorty admire
Now tell me what's flame to the fire
Big booty hoes, up with it

[Refrain: JPEGMAFIA]
She had issues with her father
I had issues with my barber
She off all of these drugs
Coke in her butt, R.I.P Aaron Carter
[Bridge: Mr. Mixx]
Let me see you touch the ground, ground, ground, ground, ground
Let me see you touch the ground
Do we have a problem? Huh?

[Verse 3: JPEGMAFIA]
Thank God I didn't cheat with that bitch yet
Get it in, get it out, get it off my chest
I'm G.I. Joe fallin' down them steps
I'm a Head Honcho, I need a pistol
Make a mistake, I pay it in crypto
You got the swag of a nigga from Chaturbate
You wanna aggravate
Stick talk, let the chopper elaborate

[Instrumental Outro]",0
JPEGMAFIA,Alternative,SpH83KzVKDc,JPEGMAFIA - SIN MIEDO,JPEGMAFIA,This feels like a purge movie,7
JPEGMAFIA,Alternative,SpH83KzVKDc,JPEGMAFIA - SIN MIEDO,JPEGMAFIA,дайте ему стул,3
JPEGMAFIA,Alternative,SpH83KzVKDc,JPEGMAFIA - SIN MIEDO,JPEGMAFIA,Who listening in the age of gods right now?,0
JPEGMAFIA,Alternative,SpH83KzVKDc,JPEGMAFIA - SIN MIEDO,JPEGMAFIA,Looks like Brian Carson in the thumbnail 😂,0
JPEGMAFIA,Alternative,SpH83KzVKDc,JPEGMAFIA - SIN MIEDO,JPEGMAFIA,"0:05 - 0:25
1:00 - 1:15
1:55 - 2:10",0
JPEGMAFIA,Alternative,SpH83KzVKDc,JPEGMAFIA - SIN MIEDO,JPEGMAFIA,Showed this video at a family dinner,0
JPEGMAFIA,Alternative,SpH83KzVKDc,JPEGMAFIA - SIN MIEDO,JPEGMAFIA,1:41 y’all think they hired him or they just included him in the video anyways,498
JPEGMAFIA,Alternative,SpH83KzVKDc,JPEGMAFIA - SIN MIEDO,JPEGMAFIA,im beating it to this 🤤🤤🤤,0
JPEGMAFIA,Alternative,SpH83KzVKDc,JPEGMAFIA - SIN MIEDO,JPEGMAFIA,Jpegmaf legit give me kanye vibes,3
JPEGMAFIA,Alternative,SpH83KzVKDc,JPEGMAFIA - SIN MIEDO,JPEGMAFIA,You just want me to crash out,0
JPEGMAFIA,Alternative,SpH83KzVKDc,JPEGMAFIA - SIN MIEDO,JPEGMAFIA,"Neural activation ahhh song, 😭💯🔥",0
JPEGMAFIA,Alternative,SpH83KzVKDc,JPEGMAFIA - SIN MIEDO,JPEGMAFIA,How is this and either off or on the drugs made by the same person,0
JPEGMAFIA,Alternative,SpH83KzVKDc,JPEGMAFIA - SIN MIEDO,JPEGMAFIA,the artistic vision of this video is insane,0
JPEGMAFIA,Alternative,SpH83KzVKDc,JPEGMAFIA - SIN MIEDO,JPEGMAFIA,Now this is music.,0
JPEGMAFIA,Alternative,SpH83KzVKDc,JPEGMAFIA - SIN MIEDO,JPEGMAFIA,krasava,1
JPEGMAFIA,Alternative,SpH83KzVKDc,JPEGMAFIA - SIN MIEDO,JPEGMAFIA,this is kendrick Lamar meets death grips,0
JPEGMAFIA,Alternative,SpH83KzVKDc,JPEGMAFIA - SIN MIEDO,JPEGMAFIA,"Thanks for coming to Halifax, you were amazing!",0
JPEGMAFIA,Alternative,SpH83KzVKDc,JPEGMAFIA - SIN MIEDO,JPEGMAFIA,who decided to give these guys a listen after seeing them open for Linkin Park in 2025 ?,3
JPEGMAFIA,Alternative,SpH83KzVKDc,JPEGMAFIA - SIN MIEDO,JPEGMAFIA,Album of the ?,0
JPEGMAFIA,Alternative,SpH83KzVKDc,JPEGMAFIA - SIN MIEDO,JPEGMAFIA,How tf is this not age restricted,3
JPEGMAFIA,Alternative,SpH83KzVKDc,JPEGMAFIA - SIN MIEDO,JPEGMAFIA,Hay huevos,3
JPEGMAFIA,Alternative,SpH83KzVKDc,JPEGMAFIA - SIN MIEDO,JPEGMAFIA,we need him to get political again,7
JPEGMAFIA,Alternative,SpH83KzVKDc,JPEGMAFIA - SIN MIEDO,JPEGMAFIA,sick,1
JPEGMAFIA,Alternative,SpH83KzVKDc,JPEGMAFIA - SIN MIEDO,JPEGMAFIA,I’ve never seen a video match a song so much in my life istg,4
JPEGMAFIA,Alternative,SpH83KzVKDc,JPEGMAFIA - SIN MIEDO,JPEGMAFIA,Don't get the hype ngl,1
JPEGMAFIA,Alternative,SpH83KzVKDc,JPEGMAFIA - SIN MIEDO,JPEGMAFIA,Yep Q’s vers was better. Like damn add character carti lol,0
JPEGMAFIA,Alternative,SpH83KzVKDc,JPEGMAFIA - SIN MIEDO,JPEGMAFIA,I liked the video just to know,0
JPEGMAFIA,Alternative,SpH83KzVKDc,JPEGMAFIA - SIN MIEDO,JPEGMAFIA,2:31 🔥 vibes,22
JPEGMAFIA,Alternative,SpH83KzVKDc,JPEGMAFIA - SIN MIEDO,JPEGMAFIA,"Looking forward to the Concert in Berlin (20.1.25), YEAH!",2
JPEGMAFIA,Alternative,SpH83KzVKDc,JPEGMAFIA - SIN MIEDO,JPEGMAFIA,🔥🔥🔥🔥🔥,1
JPEGMAFIA,Alternative,SpH83KzVKDc,JPEGMAFIA - SIN MIEDO,JPEGMAFIA,This shit looks lit asl if only party's were actually like this irl i maybe would go to one,4
JPEGMAFIA,Alternative,SpH83KzVKDc,JPEGMAFIA - SIN MIEDO,JPEGMAFIA,Brasil,1
JPEGMAFIA,Alternative,SpH83KzVKDc,JPEGMAFIA - SIN MIEDO,JPEGMAFIA,🎉🎉🎉🎉,0
JPEGMAFIA,Alternative,SpH83KzVKDc,JPEGMAFIA - SIN MIEDO,JPEGMAFIA,Young Linda Clark Maria Martin Jeffrey,0
JPEGMAFIA,Alternative,SpH83KzVKDc,JPEGMAFIA - SIN MIEDO,JPEGMAFIA,Now do a french remix,0
JPEGMAFIA,Alternative,SpH83KzVKDc,JPEGMAFIA - SIN MIEDO,JPEGMAFIA,Trippie’s verse was so forgettable the creator couldn’t even figure out a way to entertainingly YTP it.,2
JPEGMAFIA,Alternative,SpH83KzVKDc,JPEGMAFIA - SIN MIEDO,JPEGMAFIA,"I’ve heard of JPEGMEFIA since years but it is officially the first time I listen to it. Definitely lots of good ideas in the song, but I feel overwhelmed 😅",1
JPEGMAFIA,Alternative,SpH83KzVKDc,JPEGMAFIA - SIN MIEDO,JPEGMAFIA,Becker Route,0
JPEGMAFIA,Alternative,SpH83KzVKDc,JPEGMAFIA - SIN MIEDO,JPEGMAFIA,THIS IS THE FUTURE.,2
JPEGMAFIA,Alternative,SpH83KzVKDc,JPEGMAFIA - SIN MIEDO,JPEGMAFIA,Somehow this mf managed to mix Rap/TrashMetal/EDM into a 🔥 track,7
JPEGMAFIA,Alternative,SpH83KzVKDc,JPEGMAFIA - SIN MIEDO,JPEGMAFIA,Can't believe this was my introduction to JPEG,0
JPEGMAFIA,Alternative,SpH83KzVKDc,JPEGMAFIA - SIN MIEDO,JPEGMAFIA,African-American culture had peaked here.,3
JPEGMAFIA,Alternative,SpH83KzVKDc,JPEGMAFIA - SIN MIEDO,JPEGMAFIA,Audrey Hollow,0
JPEGMAFIA,Alternative,SpH83KzVKDc,JPEGMAFIA - SIN MIEDO,JPEGMAFIA,Jackson Laura Wilson Donald Young Maria,0
JPEGMAFIA,Alternative,SpH83KzVKDc,JPEGMAFIA - SIN MIEDO,JPEGMAFIA,이거 가사 해석좀,3
JPEGMAFIA,Alternative,SpH83KzVKDc,JPEGMAFIA - SIN MIEDO,JPEGMAFIA,Taylor Laura Garcia Matthew Thompson Nancy,0
JPEGMAFIA,Alternative,SpH83KzVKDc,JPEGMAFIA - SIN MIEDO,JPEGMAFIA,Johnson Dorothy Garcia Michael Rodriguez John,0
JPEGMAFIA,Alternative,SpH83KzVKDc,JPEGMAFIA - SIN MIEDO,JPEGMAFIA,D'Amore Greens,0
JPEGMAFIA,Alternative,SpH83KzVKDc,JPEGMAFIA - SIN MIEDO,JPEGMAFIA,Karley Mall,0
JPEGMAFIA,Alternative,SpH83KzVKDc,JPEGMAFIA - SIN MIEDO,JPEGMAFIA,like death grips but not annoying,4
JPEGMAFIA,Alternative,SpH83KzVKDc,JPEGMAFIA - SIN MIEDO,JPEGMAFIA,Dance till your dead,1
JPEGMAFIA,Alternative,SpH83KzVKDc,JPEGMAFIA - SIN MIEDO,JPEGMAFIA,How does he not have 60m monthly listeners 😭🙏,6
JPEGMAFIA,Alternative,SpH83KzVKDc,JPEGMAFIA - SIN MIEDO,JPEGMAFIA,THE BEAT GOES CRAZY THO HOLYYYYYYYYYYYYYYYYYYYYYYY,1
JPEGMAFIA,Alternative,SpH83KzVKDc,JPEGMAFIA - SIN MIEDO,JPEGMAFIA,Osborne Turnpike,0
JPEGMAFIA,Alternative,SpH83KzVKDc,JPEGMAFIA - SIN MIEDO,JPEGMAFIA,I am so ready to see this live! I'm glad you're coming back to Halifax for the first time! Lol,0
JPEGMAFIA,Alternative,SpH83KzVKDc,JPEGMAFIA - SIN MIEDO,JPEGMAFIA,2:00 is fucking CRAZY with that midi sequence,2
JPEGMAFIA,Alternative,SpH83KzVKDc,JPEGMAFIA - SIN MIEDO,JPEGMAFIA,watch in 360p for the best experience,2
JPEGMAFIA,Alternative,SpH83KzVKDc,JPEGMAFIA - SIN MIEDO,JPEGMAFIA,Ray Walks,0
JPEGMAFIA,Alternative,SpH83KzVKDc,JPEGMAFIA - SIN MIEDO,JPEGMAFIA,"Someone go check on that girl with the pink braids, the necklace is cutting of her circulation hard 💀",5
JPEGMAFIA,Alternative,SpH83KzVKDc,JPEGMAFIA - SIN MIEDO,JPEGMAFIA,"always heard about jpgmafia, but never really listened to him
this is the first song i heard - in love with the vocal chops",0
JPEGMAFIA,Alternative,SpH83KzVKDc,JPEGMAFIA - SIN MIEDO,JPEGMAFIA,Ouiiii,0
JPEGMAFIA,Alternative,SpH83KzVKDc,JPEGMAFIA - SIN MIEDO,JPEGMAFIA,Peggy sos lo mejor que existe,0
JPEGMAFIA,Alternative,SpH83KzVKDc,JPEGMAFIA - SIN MIEDO,JPEGMAFIA,🔥🔥🔥,0
JPEGMAFIA,Alternative,SpH83KzVKDc,JPEGMAFIA - SIN MIEDO,JPEGMAFIA,Lopez Cynthia Wilson Nancy Moore Jessica,0
JPEGMAFIA,Alternative,SpH83KzVKDc,JPEGMAFIA - SIN MIEDO,JPEGMAFIA,“You got the swag of a nigga from Chaturbate” is the craziest diss of all time.,14
JPEGMAFIA,Alternative,SpH83KzVKDc,JPEGMAFIA - SIN MIEDO,JPEGMAFIA,"Wow, look like dead grips
Its beautiful🎉",0
JPEGMAFIA,Alternative,SpH83KzVKDc,JPEGMAFIA - SIN MIEDO,JPEGMAFIA,Shit is th sample you used Takanaka Masayoshi by chance? The guitar solo is so familiar!,0
JPEGMAFIA,Alternative,SpH83KzVKDc,JPEGMAFIA - SIN MIEDO,JPEGMAFIA,He got the mafia out for a vid,1
JPEGMAFIA,Alternative,SpH83KzVKDc,JPEGMAFIA - SIN MIEDO,JPEGMAFIA,Peggy killed this without fear,2
JPEGMAFIA,Alternative,SpH83KzVKDc,JPEGMAFIA - SIN MIEDO,JPEGMAFIA,Bosco Estates,0
JPEGMAFIA,Alternative,SpH83KzVKDc,JPEGMAFIA - SIN MIEDO,JPEGMAFIA,Wonderboy III: the Dragons Trap type beat.,0
JPEGMAFIA,Alternative,SpH83KzVKDc,JPEGMAFIA - SIN MIEDO,JPEGMAFIA,🔥🔥🔥🔥🔥,1
JPEGMAFIA,Alternative,SpH83KzVKDc,JPEGMAFIA - SIN MIEDO,JPEGMAFIA,You know the peggy song is a banger when you practically cant understand a word he said💯💯,2
JPEGMAFIA,Alternative,SpH83KzVKDc,JPEGMAFIA - SIN MIEDO,JPEGMAFIA,01:57 boîte de nuit dans la cathédrale lumière rouge violet etc,2
JPEGMAFIA,Alternative,SpH83KzVKDc,JPEGMAFIA - SIN MIEDO,JPEGMAFIA,has anyone noticed whats on the back of Peggys shirt,4
JPEGMAFIA,Alternative,SpH83KzVKDc,JPEGMAFIA - SIN MIEDO,JPEGMAFIA,rapping about chaturbate should get you minimum 10 years in prison. absolutely despicable,3
JPEGMAFIA,Alternative,SpH83KzVKDc,JPEGMAFIA - SIN MIEDO,JPEGMAFIA,とんでもねえ曲やさ,2
JPEGMAFIA,Alternative,SpH83KzVKDc,JPEGMAFIA - SIN MIEDO,JPEGMAFIA,"Waaaaaaaaay better x1,25 speed",0
JPEGMAFIA,Alternative,SpH83KzVKDc,JPEGMAFIA - SIN MIEDO,JPEGMAFIA,Olson Trail,0
JPEGMAFIA,Alternative,SpH83KzVKDc,JPEGMAFIA - SIN MIEDO,JPEGMAFIA,Kamren Expressway,0
JPEGMAFIA,Alternative,SpH83KzVKDc,JPEGMAFIA - SIN MIEDO,JPEGMAFIA,Perez Laura Lee Susan Clark James,0
JPEGMAFIA,Alternative,SpH83KzVKDc,JPEGMAFIA - SIN MIEDO,JPEGMAFIA,Janelle Center,0
JPEGMAFIA,Alternative,SpH83KzVKDc,JPEGMAFIA - SIN MIEDO,JPEGMAFIA,that Heads Will Roll sample is great,0
JPEGMAFIA,Alternative,SpH83KzVKDc,JPEGMAFIA - SIN MIEDO,JPEGMAFIA,Will.iam in X-Men origins,0
JPEGMAFIA,Alternative,SpH83KzVKDc,JPEGMAFIA - SIN MIEDO,JPEGMAFIA,and they say all country music is bad,4
JPEGMAFIA,Alternative,SpH83KzVKDc,JPEGMAFIA - SIN MIEDO,JPEGMAFIA,Some tunes remind me of ridge racer. Love it,0
JPEGMAFIA,Alternative,SpH83KzVKDc,JPEGMAFIA - SIN MIEDO,JPEGMAFIA,pretty safe spot for his house key,2
JPEGMAFIA,Alternative,SpH83KzVKDc,JPEGMAFIA - SIN MIEDO,JPEGMAFIA,This was built for midnight reruns of MTV jams where you discover incredible music,0
JPEGMAFIA,Alternative,SpH83KzVKDc,JPEGMAFIA - SIN MIEDO,JPEGMAFIA,Malika Glen,0
JPEGMAFIA,Alternative,SpH83KzVKDc,JPEGMAFIA - SIN MIEDO,JPEGMAFIA,Silverhand type vibe,0
JPEGMAFIA,Alternative,SpH83KzVKDc,JPEGMAFIA - SIN MIEDO,JPEGMAFIA,American song from future,0
JPEGMAFIA,Alternative,SpH83KzVKDc,JPEGMAFIA - SIN MIEDO,JPEGMAFIA,Almost,0
JPEGMAFIA,Alternative,SpH83KzVKDc,JPEGMAFIA - SIN MIEDO,JPEGMAFIA,lol,0
JPEGMAFIA,Alternative,SpH83KzVKDc,JPEGMAFIA - SIN MIEDO,JPEGMAFIA,Whats  this ?   Can u Xxxplain please ??  (Im from Morocco),0
JPEGMAFIA,Alternative,SpH83KzVKDc,JPEGMAFIA - SIN MIEDO,JPEGMAFIA,JAMAL WHAT U DOING!,0
JPEGMAFIA,Alternative,SpH83KzVKDc,JPEGMAFIA - SIN MIEDO,JPEGMAFIA,The guitar goes so fucking hard 🔥,0
JPEGMAFIA,Alternative,SpH83KzVKDc,JPEGMAFIA - SIN MIEDO,JPEGMAFIA,i hate your music just watching for the ass,8
JPEGMAFIA,Alternative,SpH83KzVKDc,JPEGMAFIA - SIN MIEDO,JPEGMAFIA,Por que isso é tão semelhante ao vídeo de Anitta sin miedo ?? 😅,1
JPEGMAFIA,Alternative,SpH83KzVKDc,JPEGMAFIA - SIN MIEDO,JPEGMAFIA,azt mar szeetem te cigany,1
JPEGMAFIA,Alternative,SpH83KzVKDc,JPEGMAFIA - SIN MIEDO,JPEGMAFIA,0:33 *NOOOOOOOO PEGGY*,0
JPEGMAFIA,Alternative,SpH83KzVKDc,JPEGMAFIA - SIN MIEDO,JPEGMAFIA,Moore Point,0
JPEGMAFIA,Alternative,SpH83KzVKDc,JPEGMAFIA - SIN MIEDO,JPEGMAFIA,Kerluke Center,0
JPEGMAFIA,Alternative,SpH83KzVKDc,JPEGMAFIA - SIN MIEDO,JPEGMAFIA,HOLY W COMMON PEGGY W I LOVE YOU PEGGY UR THE GOAT,0
JPEGMAFIA,Alternative,SpH83KzVKDc,JPEGMAFIA - SIN MIEDO,JPEGMAFIA,SHE👩 HAD ISSUES⁉ WITH HER FATHER👴 -> I 🧔‍♀HAD ISSUES WITH MY BARBER 💈✂ 🔥🔥,44
JPEGMAFIA,Alternative,SpH83KzVKDc,JPEGMAFIA - SIN MIEDO,JPEGMAFIA,0:56,0
JPEGMAFIA,Alternative,SpH83KzVKDc,JPEGMAFIA - SIN MIEDO,JPEGMAFIA,Gorczany Rue,0
JPEGMAFIA,Alternative,SpH83KzVKDc,JPEGMAFIA - SIN MIEDO,JPEGMAFIA,Bergnaum Square,0
JPEGMAFIA,Alternative,SpH83KzVKDc,JPEGMAFIA - SIN MIEDO,JPEGMAFIA,"1:22 lol you just describe ma life, dude. Just fuck you, now I love you 🖕🖕🖕🖕🖕🖕🖕🖕🖕🖕",0
JPEGMAFIA,Alternative,SpH83KzVKDc,JPEGMAFIA - SIN MIEDO,JPEGMAFIA,Devan Court,0
JPEGMAFIA,Alternative,SpH83KzVKDc,JPEGMAFIA - SIN MIEDO,JPEGMAFIA,this is the song my grandma used to sing to me every night before bed,0
JPEGMAFIA,Alternative,SpH83KzVKDc,JPEGMAFIA - SIN MIEDO,JPEGMAFIA,I finally feel represented by a jpegmafia music video(girls kissing),7
JPEGMAFIA,Alternative,SpH83KzVKDc,JPEGMAFIA - SIN MIEDO,JPEGMAFIA,Gerardo Summit,0
JPEGMAFIA,Alternative,SpH83KzVKDc,JPEGMAFIA - SIN MIEDO,JPEGMAFIA,I played this song at the retirement home I worked all the patients are now back to work 🔫,0
JPEGMAFIA,Alternative,SpH83KzVKDc,JPEGMAFIA - SIN MIEDO,JPEGMAFIA,Mid Video Random Guy with the camera thought he was recording a rare look at the Coo-Coo Cola Cult performing a ritual...,0
JPEGMAFIA,Alternative,SpH83KzVKDc,JPEGMAFIA - SIN MIEDO,JPEGMAFIA,Beat switch is crazy ngl,4
JPEGMAFIA,Alternative,SpH83KzVKDc,JPEGMAFIA - SIN MIEDO,JPEGMAFIA,Maureen Grove,0
JPEGMAFIA,Alternative,SpH83KzVKDc,JPEGMAFIA - SIN MIEDO,JPEGMAFIA,Might be the best song on the album easily 🤔,1
JPEGMAFIA,Alternative,SpH83KzVKDc,JPEGMAFIA - SIN MIEDO,JPEGMAFIA,Dibbert Pike,0
JPEGMAFIA,Alternative,SpH83KzVKDc,JPEGMAFIA - SIN MIEDO,JPEGMAFIA,w o w,0
JPEGMAFIA,Alternative,SpH83KzVKDc,JPEGMAFIA - SIN MIEDO,JPEGMAFIA,He named himself peggy after his favorite hobby,0
JPEGMAFIA,Alternative,SpH83KzVKDc,JPEGMAFIA - SIN MIEDO,JPEGMAFIA,Washed up death grips.,1
JPEGMAFIA,Alternative,SpH83KzVKDc,JPEGMAFIA - SIN MIEDO,JPEGMAFIA,2:45,0
JPEGMAFIA,Alternative,SpH83KzVKDc,JPEGMAFIA - SIN MIEDO,JPEGMAFIA,So so Dope,0
JPEGMAFIA,Alternative,SpH83KzVKDc,JPEGMAFIA - SIN MIEDO,JPEGMAFIA,Peggy tá rico.,1
JPEGMAFIA,Alternative,SpH83KzVKDc,JPEGMAFIA - SIN MIEDO,JPEGMAFIA,PLEASE TELL ME WHAT KIND OF CAMERAS U USING,0
JPEGMAFIA,Alternative,SpH83KzVKDc,JPEGMAFIA - SIN MIEDO,JPEGMAFIA,White bois love that,1
JPEGMAFIA,Alternative,SpH83KzVKDc,JPEGMAFIA - SIN MIEDO,JPEGMAFIA,Fucking genius luv youu,1
JPEGMAFIA,Alternative,SpH83KzVKDc,JPEGMAFIA - SIN MIEDO,JPEGMAFIA,He said Tubi rappers lol,0
JPEGMAFIA,Alternative,SpH83KzVKDc,JPEGMAFIA - SIN MIEDO,JPEGMAFIA,Most normal Slaneesh worshipers,0
JPEGMAFIA,Alternative,SpH83KzVKDc,JPEGMAFIA - SIN MIEDO,JPEGMAFIA,Muito foda menorrrr,2
JPEGMAFIA,Alternative,SpH83KzVKDc,JPEGMAFIA - SIN MIEDO,JPEGMAFIA,🚮🗑️,0
JPEGMAFIA,Alternative,SpH83KzVKDc,JPEGMAFIA - SIN MIEDO,JPEGMAFIA,All of JPEG's music is ADHD,2
JPEGMAFIA,Alternative,SpH83KzVKDc,JPEGMAFIA - SIN MIEDO,JPEGMAFIA,Closet thing JPEGMAFIA fans will get to feeling the of a woman,2
JPEGMAFIA,Alternative,SpH83KzVKDc,JPEGMAFIA - SIN MIEDO,JPEGMAFIA,i think he's trying to tell us he wants all his girls the same color as drake,1
JPEGMAFIA,Alternative,SpH83KzVKDc,JPEGMAFIA - SIN MIEDO,JPEGMAFIA,wwwww,0
JPEGMAFIA,Alternative,SpH83KzVKDc,JPEGMAFIA - SIN MIEDO,JPEGMAFIA,crei que sería en español,0
JPEGMAFIA,Alternative,SpH83KzVKDc,JPEGMAFIA - SIN MIEDO,JPEGMAFIA,GYATT!!,1
JPEGMAFIA,Alternative,SpH83KzVKDc,JPEGMAFIA - SIN MIEDO,JPEGMAFIA,So...did he ever get his hat back?,0
JPEGMAFIA,Alternative,SpH83KzVKDc,JPEGMAFIA - SIN MIEDO,JPEGMAFIA,This vis is 200k views close to catch up to kanye,0
JPEGMAFIA,Alternative,SpH83KzVKDc,JPEGMAFIA - SIN MIEDO,JPEGMAFIA,VC EH O MAGO DA MUSICA,0
JPEGMAFIA,Alternative,SpH83KzVKDc,JPEGMAFIA - SIN MIEDO,JPEGMAFIA,yehpeggyyy,0
JPEGMAFIA,Alternative,SpH83KzVKDc,JPEGMAFIA - SIN MIEDO,JPEGMAFIA,2:32🔥🔥🔥🔥🔥,0
JPEGMAFIA,Alternative,SpH83KzVKDc,JPEGMAFIA - SIN MIEDO,JPEGMAFIA,Peggy found Klaus Kinski's grandson for the video,2
JPEGMAFIA,Alternative,SpH83KzVKDc,JPEGMAFIA - SIN MIEDO,JPEGMAFIA,"This shit fr ass, basically unlistenable 💯",1
JPEGMAFIA,Alternative,SpH83KzVKDc,JPEGMAFIA - SIN MIEDO,JPEGMAFIA,"Thank you Peggy, currently burping my newborn to this!",2
JPEGMAFIA,Alternative,SpH83KzVKDc,JPEGMAFIA - SIN MIEDO,JPEGMAFIA,The the new country grammer,1
JPEGMAFIA,Alternative,SpH83KzVKDc,JPEGMAFIA - SIN MIEDO,JPEGMAFIA,🇵🇱,0
JPEGMAFIA,Alternative,SpH83KzVKDc,JPEGMAFIA - SIN MIEDO,JPEGMAFIA,"Mmmm, Peggy, te van a pegar.",0
JPEGMAFIA,Alternative,SpH83KzVKDc,JPEGMAFIA - SIN MIEDO,JPEGMAFIA,oddballs unite,0
JPEGMAFIA,Alternative,SpH83KzVKDc,JPEGMAFIA - SIN MIEDO,JPEGMAFIA,He has hair?,0
JPEGMAFIA,Alternative,SpH83KzVKDc,JPEGMAFIA - SIN MIEDO,JPEGMAFIA,Huuuuuge banger,0
JPEGMAFIA,Alternative,SpH83KzVKDc,JPEGMAFIA - SIN MIEDO,JPEGMAFIA,Peggy don't disappoint,0
JPEGMAFIA,Alternative,SpH83KzVKDc,JPEGMAFIA - SIN MIEDO,JPEGMAFIA,vem pro brasil dnv,2
JPEGMAFIA,Alternative,SpH83KzVKDc,JPEGMAFIA - SIN MIEDO,JPEGMAFIA,goat,0
JPEGMAFIA,Alternative,SpH83KzVKDc,JPEGMAFIA - SIN MIEDO,JPEGMAFIA,godly,0
JPEGMAFIA,Alternative,SpH83KzVKDc,JPEGMAFIA - SIN MIEDO,JPEGMAFIA,Dude wtf am I listening to? I love it!!,3
JPEGMAFIA,Alternative,SpH83KzVKDc,JPEGMAFIA - SIN MIEDO,JPEGMAFIA,i like the hat,0
JPEGMAFIA,Alternative,SpH83KzVKDc,JPEGMAFIA - SIN MIEDO,JPEGMAFIA,ALT BLACK PEOPLE LETS FUCKING GOOOOOO,8
JPEGMAFIA,Alternative,SpH83KzVKDc,JPEGMAFIA - SIN MIEDO,JPEGMAFIA,Motherload -Mastodon guitar sample?,2
JPEGMAFIA,Alternative,SpH83KzVKDc,JPEGMAFIA - SIN MIEDO,JPEGMAFIA,"Thought he was bald, like in that other song title.",4
JPEGMAFIA,Alternative,SpH83KzVKDc,JPEGMAFIA - SIN MIEDO,JPEGMAFIA,peggy goth 2 chiseled jaw white dudes.,1
JPEGMAFIA,Alternative,SpH83KzVKDc,JPEGMAFIA - SIN MIEDO,JPEGMAFIA,this is gonna get 100 remixes,0
JPEGMAFIA,Alternative,SpH83KzVKDc,JPEGMAFIA - SIN MIEDO,JPEGMAFIA,i beat 2 this,0
JPEGMAFIA,Alternative,SpH83KzVKDc,JPEGMAFIA - SIN MIEDO,JPEGMAFIA,why are these woman so scantily clad Jpeg Mafia?,31
JPEGMAFIA,Alternative,SpH83KzVKDc,JPEGMAFIA - SIN MIEDO,JPEGMAFIA,01:51 a*ss😳😳,4
JPEGMAFIA,Alternative,SpH83KzVKDc,JPEGMAFIA - SIN MIEDO,JPEGMAFIA,"SHE HAD ISSUES WITH HER FATHER, I HAD ISSUES WITH MY BARBER 🗣🗣👨‍🦲👨‍🦲",1197
JPEGMAFIA,Alternative,SpH83KzVKDc,JPEGMAFIA - SIN MIEDO,JPEGMAFIA,WHAT THE FUCK IS A KILOMETER 🗣🔥🔥🔥🦅🦅🦅,7
JPEGMAFIA,Alternative,SpH83KzVKDc,JPEGMAFIA - SIN MIEDO,JPEGMAFIA,esta para un minecraft🚹,0
JPEGMAFIA,Alternative,SpH83KzVKDc,JPEGMAFIA - SIN MIEDO,JPEGMAFIA,And that's how he beat Shaq,0
JPEGMAFIA,Alternative,SpH83KzVKDc,JPEGMAFIA - SIN MIEDO,JPEGMAFIA,There is too much going on,0
JPEGMAFIA,Alternative,SpH83KzVKDc,JPEGMAFIA - SIN MIEDO,JPEGMAFIA,this is the first Jpeg song ive heard. Amazing.,72
JPEGMAFIA,Alternative,SpH83KzVKDc,JPEGMAFIA - SIN MIEDO,JPEGMAFIA,🚬,0
JPEGMAFIA,Alternative,SpH83KzVKDc,JPEGMAFIA - SIN MIEDO,JPEGMAFIA,The white man you adopted has a nonchalance I hope to master,8
JPEGMAFIA,Alternative,SpH83KzVKDc,JPEGMAFIA - SIN MIEDO,JPEGMAFIA,dance till you're dead be like,2
JPEGMAFIA,Alternative,SpH83KzVKDc,JPEGMAFIA - SIN MIEDO,JPEGMAFIA,Where did he get these early 2000s looking ahh people from?😭😭😭,57
JPEGMAFIA,Alternative,SpH83KzVKDc,JPEGMAFIA - SIN MIEDO,JPEGMAFIA,GYAAAAAAATT,0
JPEGMAFIA,Alternative,SpH83KzVKDc,JPEGMAFIA - SIN MIEDO,JPEGMAFIA,Sin miedo 🤘🤘🤘🤘,0
JPEGMAFIA,Alternative,SpH83KzVKDc,JPEGMAFIA - SIN MIEDO,JPEGMAFIA,🕺🏾🕺🏾,0
JPEGMAFIA,Alternative,SpH83KzVKDc,JPEGMAFIA - SIN MIEDO,JPEGMAFIA,Beat is fireeeee,1
JPEGMAFIA,Alternative,SpH83KzVKDc,JPEGMAFIA - SIN MIEDO,JPEGMAFIA,Ts so crazy.. i dont fw it but i respect the fuck out of it,3
JPEGMAFIA,Alternative,SpH83KzVKDc,JPEGMAFIA - SIN MIEDO,JPEGMAFIA,Dammm peggyyyy,1
JPEGMAFIA,Alternative,SpH83KzVKDc,JPEGMAFIA - SIN MIEDO,JPEGMAFIA,THIS SHIT IS 🔥🔥🔥🔥,1
JPEGMAFIA,Alternative,SpH83KzVKDc,JPEGMAFIA - SIN MIEDO,JPEGMAFIA,MoMA PS5,3
JPEGMAFIA,Alternative,SpH83KzVKDc,JPEGMAFIA - SIN MIEDO,JPEGMAFIA,every album when rappers mix rap and rock is always perfect🙏,7
JPEGMAFIA,Alternative,SpH83KzVKDc,JPEGMAFIA - SIN MIEDO,JPEGMAFIA,The Kendrick for Death Grips fans,18
JPEGMAFIA,Alternative,SpH83KzVKDc,JPEGMAFIA - SIN MIEDO,JPEGMAFIA,This is gonna have some crazy ass mosh pits,1
JPEGMAFIA,Alternative,SpH83KzVKDc,JPEGMAFIA - SIN MIEDO,JPEGMAFIA,This song in a breaking bad episode (https://youtu.be/IntDfi9YoVU?si=u0fHte-BfRqYpSGB at 2:07),1
JPEGMAFIA,Alternative,SpH83KzVKDc,JPEGMAFIA - SIN MIEDO,JPEGMAFIA,he is the GOAT LA FUCKING CABRA,1
JPEGMAFIA,Alternative,SpH83KzVKDc,JPEGMAFIA - SIN MIEDO,JPEGMAFIA,Heads will roll vibes in the instrumentals 🤔,3
JPEGMAFIA,Alternative,SpH83KzVKDc,JPEGMAFIA - SIN MIEDO,JPEGMAFIA,its just heads will roll lol,1
JPEGMAFIA,Alternative,SpH83KzVKDc,JPEGMAFIA - SIN MIEDO,JPEGMAFIA,Am not American but i feel very patriotic,1
JPEGMAFIA,Alternative,SpH83KzVKDc,JPEGMAFIA - SIN MIEDO,JPEGMAFIA,i was here,1
JPEGMAFIA,Alternative,SpH83KzVKDc,JPEGMAFIA - SIN MIEDO,JPEGMAFIA,I GOT DRUGGED WIT DIS ❤‍🔥🔥🧨🧨🧨🧨🧨🧨🧨🧨🧨🧨,1
JPEGMAFIA,Alternative,SpH83KzVKDc,JPEGMAFIA - SIN MIEDO,JPEGMAFIA,Peggy is one of the most unique artists in the game.  And the guitar 🎸 is 🔥,3
JPEGMAFIA,Alternative,SpH83KzVKDc,JPEGMAFIA - SIN MIEDO,JPEGMAFIA,my man is still underrated 😭😭🔥🔥🔥🔥,4
JPEGMAFIA,Alternative,SpH83KzVKDc,JPEGMAFIA - SIN MIEDO,JPEGMAFIA,Ayo maybe I don’t wanna see some dudes abs in a music video where I think im looking at only bitches,2
JPEGMAFIA,Alternative,SpH83KzVKDc,JPEGMAFIA - SIN MIEDO,JPEGMAFIA,0:49 that might be guy fieri,78
JPEGMAFIA,Alternative,SpH83KzVKDc,JPEGMAFIA - SIN MIEDO,JPEGMAFIA,Peggy should collab with death grips,1
JPEGMAFIA,Alternative,SpH83KzVKDc,JPEGMAFIA - SIN MIEDO,JPEGMAFIA,"the definition of ""i listen to everything""",66
JPEGMAFIA,Alternative,SpH83KzVKDc,JPEGMAFIA - SIN MIEDO,JPEGMAFIA,I'm sry but when the synth goes loud af I hear dance til ur dead! --- I need a mashup bruh,1
JPEGMAFIA,Alternative,SpH83KzVKDc,JPEGMAFIA - SIN MIEDO,JPEGMAFIA,"That production is just insane, this extraterrestrial shit is hitting",5
JPEGMAFIA,Alternative,SpH83KzVKDc,JPEGMAFIA - SIN MIEDO,JPEGMAFIA,gajelas orang rusak,0
JPEGMAFIA,Alternative,SpH83KzVKDc,JPEGMAFIA - SIN MIEDO,JPEGMAFIA,What tf did I just come upon?,0
JPEGMAFIA,Alternative,SpH83KzVKDc,JPEGMAFIA - SIN MIEDO,JPEGMAFIA,"Im trying to watch pirated shows, the thing keeps sending me to this",1
JPEGMAFIA,Alternative,SpH83KzVKDc,JPEGMAFIA - SIN MIEDO,JPEGMAFIA,"Bro... I had to play this whole album again, I'm in disbelief of how fucking punk rock this album is 😂 I've been a fan of this like I'm a fan of guerilla toss but I'm so incredibly impressed",9
JPEGMAFIA,Alternative,SpH83KzVKDc,JPEGMAFIA - SIN MIEDO,JPEGMAFIA,Lil Mc ride.,0
JPEGMAFIA,Alternative,SpH83KzVKDc,JPEGMAFIA - SIN MIEDO,JPEGMAFIA,You’re the king of experimental hip hop at this point,9
JPEGMAFIA,Alternative,SpH83KzVKDc,JPEGMAFIA - SIN MIEDO,JPEGMAFIA,Peggy doesn’t look like he scared the hoes away with this one,0
JPEGMAFIA,Alternative,SpH83KzVKDc,JPEGMAFIA - SIN MIEDO,JPEGMAFIA,come to finland please,2
JPEGMAFIA,Alternative,SpH83KzVKDc,JPEGMAFIA - SIN MIEDO,JPEGMAFIA,jpegmafia i love your music video it make me tingle,3
JPEGMAFIA,Alternative,SpH83KzVKDc,JPEGMAFIA - SIN MIEDO,JPEGMAFIA,Love it,0
JPEGMAFIA,Alternative,SpH83KzVKDc,JPEGMAFIA - SIN MIEDO,JPEGMAFIA,AMBATUKUM,1
JPEGMAFIA,Alternative,SpH83KzVKDc,JPEGMAFIA - SIN MIEDO,JPEGMAFIA,I just realized cory infinites keyboard head peice is in the video🙏🙏🙏  0:59,0
JPEGMAFIA,Alternative,SpH83KzVKDc,JPEGMAFIA - SIN MIEDO,JPEGMAFIA,new death grips song?,1
JPEGMAFIA,Alternative,SpH83KzVKDc,JPEGMAFIA - SIN MIEDO,JPEGMAFIA,"Muy bueno Señor Peggy, jajaja!",3
JPEGMAFIA,Alternative,SpH83KzVKDc,JPEGMAFIA - SIN MIEDO,JPEGMAFIA,swagger of a *individual* from chatterbate 😂😂,3
JPEGMAFIA,Alternative,SpH83KzVKDc,JPEGMAFIA - SIN MIEDO,JPEGMAFIA,Jo why you spit in the mouth of a 16 year old at your show you weirdo?,1
JPEGMAFIA,Alternative,SpH83KzVKDc,JPEGMAFIA - SIN MIEDO,JPEGMAFIA,Shared this with my Hungarian refugee grandma. She thought it was satanic,2
JPEGMAFIA,Alternative,SpH83KzVKDc,JPEGMAFIA - SIN MIEDO,JPEGMAFIA,Heads will roll,0
JPEGMAFIA,Alternative,SpH83KzVKDc,JPEGMAFIA - SIN MIEDO,JPEGMAFIA,I LAY DOWN MY USB MIC FOR YOU,1
JPEGMAFIA,Alternative,SpH83KzVKDc,JPEGMAFIA - SIN MIEDO,JPEGMAFIA,"holy fuck that was beautiful, peggy has done it again‼️‼️",0
JPEGMAFIA,Alternative,SpH83KzVKDc,JPEGMAFIA - SIN MIEDO,JPEGMAFIA,guitars go insanw,0
JPEGMAFIA,Alternative,SpH83KzVKDc,JPEGMAFIA - SIN MIEDO,JPEGMAFIA,"It's alot of shit hitting all at once, whole song is a head banger bro damn when that electric guitar hits GOES HARD. the whole rapping combined with rock and techno is both weird nostalgic and awesome on tip of the world vibe. Luv the dude wit the American Flag on the jeep, dont know the meaning but fw the patriotism 🇺🇸🇺🇸🇺🇸🇺🇸🇺🇸",1
JPEGMAFIA,Alternative,SpH83KzVKDc,JPEGMAFIA - SIN MIEDO,JPEGMAFIA,I feel bad for that SP-404 RIP,1
JPEGMAFIA,Alternative,SpH83KzVKDc,JPEGMAFIA - SIN MIEDO,JPEGMAFIA,After the album dropped thank you bald man 🙏,3
JPEGMAFIA,Alternative,SpH83KzVKDc,JPEGMAFIA - SIN MIEDO,JPEGMAFIA,Ça me rappelle Atari Teenage Riot ! 🤯,0
JPEGMAFIA,Alternative,SpH83KzVKDc,JPEGMAFIA - SIN MIEDO,JPEGMAFIA,dongkey rapper,0
JPEGMAFIA,Alternative,SpH83KzVKDc,JPEGMAFIA - SIN MIEDO,JPEGMAFIA,goat,0
JPEGMAFIA,Alternative,SpH83KzVKDc,JPEGMAFIA - SIN MIEDO,JPEGMAFIA,sounds great,0
JPEGMAFIA,Alternative,SpH83KzVKDc,JPEGMAFIA - SIN MIEDO,JPEGMAFIA,Pentagon Jr refrence?,0
JPEGMAFIA,Alternative,SpH83KzVKDc,JPEGMAFIA - SIN MIEDO,JPEGMAFIA,ye,1
JPEGMAFIA,Alternative,SpH83KzVKDc,JPEGMAFIA - SIN MIEDO,JPEGMAFIA,anyone in 2030?,2
JPEGMAFIA,Alternative,SpH83KzVKDc,JPEGMAFIA - SIN MIEDO,JPEGMAFIA,who the bald nosferatu lookin mf bc I fw him heavy,2094
JPEGMAFIA,Alternative,SpH83KzVKDc,JPEGMAFIA - SIN MIEDO,JPEGMAFIA,aura king mini carti fr,2
JPEGMAFIA,Alternative,SpH83KzVKDc,JPEGMAFIA - SIN MIEDO,JPEGMAFIA,I love that this song is fucking unlistenable on phone speakers,18
JPEGMAFIA,Alternative,SpH83KzVKDc,JPEGMAFIA - SIN MIEDO,JPEGMAFIA,"put this version on the album, peggy",1
JPEGMAFIA,Alternative,SpH83KzVKDc,JPEGMAFIA - SIN MIEDO,JPEGMAFIA,Is there anything this dude can't do ?,5
JPEGMAFIA,Alternative,SpH83KzVKDc,JPEGMAFIA - SIN MIEDO,JPEGMAFIA,what the crazy music as fireeeeeee,0
JPEGMAFIA,Alternative,SpH83KzVKDc,JPEGMAFIA - SIN MIEDO,JPEGMAFIA,KEVIN how you gonna burn the mic like that at the end 😆,2
JPEGMAFIA,Alternative,SpH83KzVKDc,JPEGMAFIA - SIN MIEDO,JPEGMAFIA,Ig de la chica?,1
JPEGMAFIA,Alternative,SpH83KzVKDc,JPEGMAFIA - SIN MIEDO,JPEGMAFIA,❤,0
JPEGMAFIA,Alternative,SpH83KzVKDc,JPEGMAFIA - SIN MIEDO,JPEGMAFIA,Is this mother fucker brining back Nu Metal?,3
JPEGMAFIA,Alternative,SpH83KzVKDc,JPEGMAFIA - SIN MIEDO,JPEGMAFIA,Jpegmafia x The Garden when,0
JPEGMAFIA,Alternative,SpH83KzVKDc,JPEGMAFIA - SIN MIEDO,JPEGMAFIA,Peggy dine convinced me to get hair plug implants,0
JPEGMAFIA,Alternative,SpH83KzVKDc,JPEGMAFIA - SIN MIEDO,JPEGMAFIA,Pure art. Every single time.,0
JPEGMAFIA,Alternative,SpH83KzVKDc,JPEGMAFIA - SIN MIEDO,JPEGMAFIA,Quien viene de Cuevana?,0
JPEGMAFIA,Alternative,SpH83KzVKDc,JPEGMAFIA - SIN MIEDO,JPEGMAFIA,Sin island 2018,0
JPEGMAFIA,Alternative,SpH83KzVKDc,JPEGMAFIA - SIN MIEDO,JPEGMAFIA,🤮🤮,1
JPEGMAFIA,Alternative,SpH83KzVKDc,JPEGMAFIA - SIN MIEDO,JPEGMAFIA,He found another terrible camera.,2
JPEGMAFIA,Alternative,SpH83KzVKDc,JPEGMAFIA - SIN MIEDO,JPEGMAFIA,This gon get the repeat,0
JPEGMAFIA,Alternative,SpH83KzVKDc,JPEGMAFIA - SIN MIEDO,JPEGMAFIA,Quietkills brought me here,1
JPEGMAFIA,Alternative,SpH83KzVKDc,JPEGMAFIA - SIN MIEDO,JPEGMAFIA,I didn't know women existed before this,0
JPEGMAFIA,Alternative,SpH83KzVKDc,JPEGMAFIA - SIN MIEDO,JPEGMAFIA,"1% MUSIC
0% DRUGS
99% SEX #SigmaEdits",1
JPEGMAFIA,Alternative,SpH83KzVKDc,JPEGMAFIA - SIN MIEDO,JPEGMAFIA,peggy why am i here ijust downloaded a yt video,0
JPEGMAFIA,Alternative,SpH83KzVKDc,JPEGMAFIA - SIN MIEDO,JPEGMAFIA,so what anime where yall tryna watch,4
JPEGMAFIA,Alternative,SpH83KzVKDc,JPEGMAFIA - SIN MIEDO,JPEGMAFIA,Death Grips as fuck!!!!!!!!!!,0
JPEGMAFIA,Alternative,SpH83KzVKDc,JPEGMAFIA - SIN MIEDO,JPEGMAFIA,I just want to watch my anime dammit,3
JPEGMAFIA,Alternative,SpH83KzVKDc,JPEGMAFIA - SIN MIEDO,JPEGMAFIA,Who else got here from a redirect?,3
JPEGMAFIA,Alternative,SpH83KzVKDc,JPEGMAFIA - SIN MIEDO,JPEGMAFIA,i clicked on a pirate site ad on accident how did i end up here wtf,3
JPEGMAFIA,Alternative,SpH83KzVKDc,JPEGMAFIA - SIN MIEDO,JPEGMAFIA,i just wanna watch my tv show man.,5
JPEGMAFIA,Alternative,SpH83KzVKDc,JPEGMAFIA - SIN MIEDO,JPEGMAFIA,This song hit like a Animorph cover.,3
JPEGMAFIA,Alternative,SpH83KzVKDc,JPEGMAFIA - SIN MIEDO,JPEGMAFIA,TRASH I HOPE YALL FAIL CAUSE MY EARS WONT STOP BLEEDING 0:01,0
JPEGMAFIA,Alternative,SpH83KzVKDc,JPEGMAFIA - SIN MIEDO,JPEGMAFIA,Using dumbass ads in moviesjoy tf is you doing,4
JPEGMAFIA,Alternative,SpH83KzVKDc,JPEGMAFIA - SIN MIEDO,JPEGMAFIA,Is it just me or he kinda sound like baby keem,0
JPEGMAFIA,Alternative,SpH83KzVKDc,JPEGMAFIA - SIN MIEDO,JPEGMAFIA,I was just trying to read manga and I click next page and get sent to this..,2
JPEGMAFIA,Alternative,SpH83KzVKDc,JPEGMAFIA - SIN MIEDO,JPEGMAFIA,He got the beat and flow in perfect combo on this one.,0
JPEGMAFIA,Alternative,SpH83KzVKDc,JPEGMAFIA - SIN MIEDO,JPEGMAFIA,Dis the coolest video ever,0
JPEGMAFIA,Alternative,SpH83KzVKDc,JPEGMAFIA - SIN MIEDO,JPEGMAFIA,"Might be Peggy's best song, the production goes so hard",0
JPEGMAFIA,Alternative,SpH83KzVKDc,JPEGMAFIA - SIN MIEDO,JPEGMAFIA,Garbage,2
JPEGMAFIA,Alternative,SpH83KzVKDc,JPEGMAFIA - SIN MIEDO,JPEGMAFIA,How is no one talking about the last 20 seconds holy fucking shit man,1
JPEGMAFIA,Alternative,SpH83KzVKDc,JPEGMAFIA - SIN MIEDO,JPEGMAFIA,😊😊,0
JPEGMAFIA,Alternative,SpH83KzVKDc,JPEGMAFIA - SIN MIEDO,JPEGMAFIA,Who’s on guitar,0
JPEGMAFIA,Alternative,SpH83KzVKDc,JPEGMAFIA - SIN MIEDO,JPEGMAFIA,This song is what adhd sounds like,1
JPEGMAFIA,Alternative,SpH83KzVKDc,JPEGMAFIA - SIN MIEDO,JPEGMAFIA,Shit !!!!,0
JPEGMAFIA,Alternative,SpH83KzVKDc,JPEGMAFIA - SIN MIEDO,JPEGMAFIA,Anyone coming from hurawatch?,1
JPEGMAFIA,Alternative,SpH83KzVKDc,JPEGMAFIA - SIN MIEDO,JPEGMAFIA,No 😂,1
JPEGMAFIA,Alternative,SpH83KzVKDc,JPEGMAFIA - SIN MIEDO,JPEGMAFIA,"i was tryna read manga and clicked on a virus by accident and it brought me, im going back to my manga now 💪🤬",9
JPEGMAFIA,Alternative,SpH83KzVKDc,JPEGMAFIA - SIN MIEDO,JPEGMAFIA,"A movie pirating website brought me here, and I can proudly say this not going on the playlist",4
JPEGMAFIA,Alternative,SpH83KzVKDc,JPEGMAFIA - SIN MIEDO,JPEGMAFIA,Really jpeg yall down bad to for views im jus tryna watch my movie,4
JPEGMAFIA,Alternative,SpH83KzVKDc,JPEGMAFIA - SIN MIEDO,JPEGMAFIA,shitty music keep popping up from ads..,3
JPEGMAFIA,Alternative,SpH83KzVKDc,JPEGMAFIA - SIN MIEDO,JPEGMAFIA,Who else comes from an website ad,2
JPEGMAFIA,Alternative,SpH83KzVKDc,JPEGMAFIA - SIN MIEDO,JPEGMAFIA,Trying to read jjk,2
JPEGMAFIA,Alternative,SpH83KzVKDc,JPEGMAFIA - SIN MIEDO,JPEGMAFIA,bye i was just trying to illegally watch a movie and it took me here 😭,4
JPEGMAFIA,Alternative,SpH83KzVKDc,JPEGMAFIA - SIN MIEDO,JPEGMAFIA,Lemme watch my anime,4
JPEGMAFIA,Alternative,SpH83KzVKDc,JPEGMAFIA - SIN MIEDO,JPEGMAFIA,Maaann I was just trynna watch one piece 😭,1
JPEGMAFIA,Alternative,SpH83KzVKDc,JPEGMAFIA - SIN MIEDO,JPEGMAFIA,Paying for views is crazy,0
JPEGMAFIA,Alternative,SpH83KzVKDc,JPEGMAFIA - SIN MIEDO,JPEGMAFIA,im tryna watch everyone hate chris not ts,0
JPEGMAFIA,Alternative,SpH83KzVKDc,JPEGMAFIA - SIN MIEDO,JPEGMAFIA,I’m tryna watch my anime not this booty music,0
JPEGMAFIA,Alternative,SpH83KzVKDc,JPEGMAFIA - SIN MIEDO,JPEGMAFIA,You falling off so hard paying for ads to bot ur views lil bro,0
JPEGMAFIA,Alternative,SpH83KzVKDc,JPEGMAFIA - SIN MIEDO,JPEGMAFIA,"He can never let go of the homemade cameras
He may try but the cam talks to him like the green goblin mask and they always show up",1
JPEGMAFIA,Alternative,SpH83KzVKDc,JPEGMAFIA - SIN MIEDO,JPEGMAFIA,I thought it was Billy Carson from 4biddenKnowledge 😅,1
JPEGMAFIA,Alternative,SpH83KzVKDc,JPEGMAFIA - SIN MIEDO,JPEGMAFIA,SMELL LIKE EP2! IN THE OVEN,0
JPEGMAFIA,Alternative,SpH83KzVKDc,JPEGMAFIA - SIN MIEDO,JPEGMAFIA,"If hispanics, rednecks, punks, skinheads, and black folks actually got along.
#UniversalUnity ✊✊✊",1
JPEGMAFIA,Alternative,SpH83KzVKDc,JPEGMAFIA - SIN MIEDO,JPEGMAFIA,She thought she was part of the moment 2:46 💀,0
JPEGMAFIA,Alternative,SpH83KzVKDc,JPEGMAFIA - SIN MIEDO,JPEGMAFIA,Салам старый,0
JPEGMAFIA,Alternative,SpH83KzVKDc,JPEGMAFIA - SIN MIEDO,JPEGMAFIA,THIS IS FUCKING TRASH,1
JPEGMAFIA,Alternative,SpH83KzVKDc,JPEGMAFIA - SIN MIEDO,JPEGMAFIA,Why did aniwatch bring me here,1
JPEGMAFIA,Alternative,SpH83KzVKDc,JPEGMAFIA - SIN MIEDO,JPEGMAFIA,This goes hard at 1.5 speed,0
JPEGMAFIA,Alternative,SpH83KzVKDc,JPEGMAFIA - SIN MIEDO,JPEGMAFIA,Anyone else brought here by a pop up ad while watching a show on chrome ?,1
JPEGMAFIA,Alternative,SpH83KzVKDc,JPEGMAFIA - SIN MIEDO,JPEGMAFIA,let me watch adventure time in peace bro ;-;,4
JPEGMAFIA,Alternative,SpH83KzVKDc,JPEGMAFIA - SIN MIEDO,JPEGMAFIA,LMFAOOOO ain no way the new jpegmafia pops up when u try to watch pirated anime,4
JPEGMAFIA,Alternative,SpH83KzVKDc,JPEGMAFIA - SIN MIEDO,JPEGMAFIA,So this only came up from a pop up. This is really dope and I ain't mad ✊🏿,4
JPEGMAFIA,Alternative,SpH83KzVKDc,JPEGMAFIA - SIN MIEDO,JPEGMAFIA,I just wanted to read One Punch Man 😪,1
JPEGMAFIA,Alternative,SpH83KzVKDc,JPEGMAFIA - SIN MIEDO,JPEGMAFIA,wtf was rhat chaturbate line,0
JPEGMAFIA,Alternative,SpH83KzVKDc,JPEGMAFIA - SIN MIEDO,JPEGMAFIA,Vaya mierda,0
JPEGMAFIA,Alternative,SpH83KzVKDc,JPEGMAFIA - SIN MIEDO,JPEGMAFIA,1:00 to 1:20 is my favourite part,6
JPEGMAFIA,Alternative,SpH83KzVKDc,JPEGMAFIA - SIN MIEDO,JPEGMAFIA,Who’s here frm a random ad frm a website 😭,16
JPEGMAFIA,Alternative,SpH83KzVKDc,JPEGMAFIA - SIN MIEDO,JPEGMAFIA,"Actually, it wasn’t in the toy. Butcher made fun of Hughie for assuming that",1
JPEGMAFIA,Alternative,SpH83KzVKDc,JPEGMAFIA - SIN MIEDO,JPEGMAFIA,Bro let me read my manga illegaly in peace😭🙏,47
JPEGMAFIA,Alternative,SpH83KzVKDc,JPEGMAFIA - SIN MIEDO,JPEGMAFIA,Let me watch bleach in peace bro😭,2
JPEGMAFIA,Alternative,SpH83KzVKDc,JPEGMAFIA - SIN MIEDO,JPEGMAFIA,"Those last 15 seconds need their own song, transcendental",0
JPEGMAFIA,Alternative,SpH83KzVKDc,JPEGMAFIA - SIN MIEDO,JPEGMAFIA,seeing peg in high quality jumpscared me,0
JPEGMAFIA,Alternative,SpH83KzVKDc,JPEGMAFIA - SIN MIEDO,JPEGMAFIA,this 5000 mega 🎅🏾,1
JPEGMAFIA,Alternative,SpH83KzVKDc,JPEGMAFIA - SIN MIEDO,JPEGMAFIA,this songs like doing two bumps,1
JPEGMAFIA,Alternative,SpH83KzVKDc,JPEGMAFIA - SIN MIEDO,JPEGMAFIA,Stop redirecting istg,5
JPEGMAFIA,Alternative,SpH83KzVKDc,JPEGMAFIA - SIN MIEDO,JPEGMAFIA,why did this video pop up when i was watching a movie on a free website,384
JPEGMAFIA,Alternative,SpH83KzVKDc,JPEGMAFIA - SIN MIEDO,JPEGMAFIA,iklan ngenttot,0
JPEGMAFIA,Alternative,SpH83KzVKDc,JPEGMAFIA - SIN MIEDO,JPEGMAFIA,Them pirate websites have good taste in music,346
JPEGMAFIA,Alternative,SpH83KzVKDc,JPEGMAFIA - SIN MIEDO,JPEGMAFIA,CAN I JUST PIRATE MY SHOW DAMNIT 😭😭,4
JPEGMAFIA,Alternative,SpH83KzVKDc,JPEGMAFIA - SIN MIEDO,JPEGMAFIA,tryna pirate a show and it keeps sending me here 😭,2
JPEGMAFIA,Alternative,SpH83KzVKDc,JPEGMAFIA - SIN MIEDO,JPEGMAFIA,this shit ass,0
JPEGMAFIA,Alternative,SpH83KzVKDc,JPEGMAFIA - SIN MIEDO,JPEGMAFIA,I was watching movies and the shitty pop up ad brought me here. Bro’s paying for views.,2
JPEGMAFIA,Alternative,SpH83KzVKDc,JPEGMAFIA - SIN MIEDO,JPEGMAFIA,The ads suck ass please stop using that ad company makes me not wanna listen to ur music when I'm trying to do something else ur music just interruptes everything please stop using that ad company u are using they suck ass and are using the worst cheapest pop up ads to promote ur music,0
JPEGMAFIA,Alternative,SpH83KzVKDc,JPEGMAFIA - SIN MIEDO,JPEGMAFIA,Fuck you I keep getting sent to this shit,1
JPEGMAFIA,Alternative,SpH83KzVKDc,JPEGMAFIA - SIN MIEDO,JPEGMAFIA,Ain’t no way I was trying to watch a show “legally” and I got sent to Peggy😂,1
JPEGMAFIA,Alternative,SpH83KzVKDc,JPEGMAFIA - SIN MIEDO,JPEGMAFIA,Rip Aaron Carter,0
JPEGMAFIA,Alternative,SpH83KzVKDc,JPEGMAFIA - SIN MIEDO,JPEGMAFIA,Aparte esa canción es una mierda,0
JPEGMAFIA,Alternative,SpH83KzVKDc,JPEGMAFIA - SIN MIEDO,JPEGMAFIA,Ya estoy hasta la verga que páginas x me manden a vídeos como estos,0
JPEGMAFIA,Alternative,SpH83KzVKDc,JPEGMAFIA - SIN MIEDO,JPEGMAFIA,2:10 no way Peggy mentioned Chaterbate 😭,1
JPEGMAFIA,Alternative,SpH83KzVKDc,JPEGMAFIA - SIN MIEDO,JPEGMAFIA,"0:45-1:00 is the Yeah Yeah Yeahs , Heads Will Roll melody?",0
JPEGMAFIA,Alternative,SpH83KzVKDc,JPEGMAFIA - SIN MIEDO,JPEGMAFIA,Needs more closeups of men,1
JPEGMAFIA,Alternative,SpH83KzVKDc,JPEGMAFIA - SIN MIEDO,JPEGMAFIA,Death Grips/10,1
JPEGMAFIA,Alternative,SpH83KzVKDc,JPEGMAFIA - SIN MIEDO,JPEGMAFIA,yeah. this ain’t it,0
JPEGMAFIA,Alternative,SpH83KzVKDc,JPEGMAFIA - SIN MIEDO,JPEGMAFIA,This man gets better with every damn release its crazy. I’ve been thinking he’s on his peak for years but then he hits you with sum crazier,1
JPEGMAFIA,Alternative,SpH83KzVKDc,JPEGMAFIA - SIN MIEDO,JPEGMAFIA,tryna watch better call saul why'd the popup send me here mane,0
JPEGMAFIA,Alternative,SpH83KzVKDc,JPEGMAFIA - SIN MIEDO,JPEGMAFIA,Dammnnnn Peggy!,0
JPEGMAFIA,Alternative,SpH83KzVKDc,JPEGMAFIA - SIN MIEDO,JPEGMAFIA,Bruh I’m just trynna watch a movie stop bringing me here,5
JPEGMAFIA,Alternative,SpH83KzVKDc,JPEGMAFIA - SIN MIEDO,JPEGMAFIA,Nigga stop whit the hianime adds im tryna watch jojo😭,2
JPEGMAFIA,Alternative,SpH83KzVKDc,JPEGMAFIA - SIN MIEDO,JPEGMAFIA,Your music sucks,0
JPEGMAFIA,Alternative,SpH83KzVKDc,JPEGMAFIA - SIN MIEDO,JPEGMAFIA,Dudes paying for redirect views,4
JPEGMAFIA,Alternative,SpH83KzVKDc,JPEGMAFIA - SIN MIEDO,JPEGMAFIA,man i was just tryna walk a movie online,1
JPEGMAFIA,Alternative,SpH83KzVKDc,JPEGMAFIA - SIN MIEDO,JPEGMAFIA,yo this the future bro 🔥🔥🔥🔥🔥,0
JPEGMAFIA,Alternative,SpH83KzVKDc,JPEGMAFIA - SIN MIEDO,JPEGMAFIA,🤯,0
JPEGMAFIA,Alternative,SpH83KzVKDc,JPEGMAFIA - SIN MIEDO,JPEGMAFIA,🔥🔥🔥,0
JPEGMAFIA,Alternative,SpH83KzVKDc,JPEGMAFIA - SIN MIEDO,JPEGMAFIA,W,0
JPEGMAFIA,Alternative,SpH83KzVKDc,JPEGMAFIA - SIN MIEDO,JPEGMAFIA,JPEG & Baby Keem would be extreme.,1
JPEGMAFIA,Alternative,SpH83KzVKDc,JPEGMAFIA - SIN MIEDO,JPEGMAFIA,don’t understand what’s happened but it’s cool,0
JPEGMAFIA,Alternative,SpH83KzVKDc,JPEGMAFIA - SIN MIEDO,JPEGMAFIA,peggy haunted by his early 00's internet bullies,0
JPEGMAFIA,Alternative,SpH83KzVKDc,JPEGMAFIA - SIN MIEDO,JPEGMAFIA,average at best :(,2
JPEGMAFIA,Alternative,SpH83KzVKDc,JPEGMAFIA - SIN MIEDO,JPEGMAFIA,i see the camera quality getting better... unexpected,0
JPEGMAFIA,Alternative,SpH83KzVKDc,JPEGMAFIA - SIN MIEDO,JPEGMAFIA,2:09,1
JPEGMAFIA,Alternative,SpH83KzVKDc,JPEGMAFIA - SIN MIEDO,JPEGMAFIA,We went from scaring the hoes to the hoes scaring us,0
JPEGMAFIA,Alternative,SpH83KzVKDc,JPEGMAFIA - SIN MIEDO,JPEGMAFIA,The hentai shirt tho lmao,1
JPEGMAFIA,Alternative,SpH83KzVKDc,JPEGMAFIA - SIN MIEDO,JPEGMAFIA,Hopefully you treat o boy better than Die Ant did lol,0
JPEGMAFIA,Alternative,SpH83KzVKDc,JPEGMAFIA - SIN MIEDO,JPEGMAFIA,Who's the white cancer patient looking mf that was riding with him,0
JPEGMAFIA,Alternative,SpH83KzVKDc,JPEGMAFIA - SIN MIEDO,JPEGMAFIA,d-_-b,0
JPEGMAFIA,Alternative,SpH83KzVKDc,JPEGMAFIA - SIN MIEDO,JPEGMAFIA,another banger from the one and only mc ride,0
JPEGMAFIA,Alternative,SpH83KzVKDc,JPEGMAFIA - SIN MIEDO,JPEGMAFIA,fuck yeah i’m ready,0
JPEGMAFIA,Alternative,SpH83KzVKDc,JPEGMAFIA - SIN MIEDO,JPEGMAFIA,mad max if it happened in the USA,1
JPEGMAFIA,Alternative,SpH83KzVKDc,JPEGMAFIA - SIN MIEDO,JPEGMAFIA,I’m tryna watch one piece gng,0
JPEGMAFIA,Alternative,SpH83KzVKDc,JPEGMAFIA - SIN MIEDO,JPEGMAFIA,Pinche video estaba viendo un anime y los anuncios me trajeron a esta mierda,3
JPEGMAFIA,Alternative,SpH83KzVKDc,JPEGMAFIA - SIN MIEDO,JPEGMAFIA,omfg just trying to use gomovies and it keeps taking me to this fuckass video,1
JPEGMAFIA,Alternative,SpH83KzVKDc,JPEGMAFIA - SIN MIEDO,JPEGMAFIA,Fuck this redirect music bro I just want to download a video 😭,2
JPEGMAFIA,Alternative,SpH83KzVKDc,JPEGMAFIA - SIN MIEDO,JPEGMAFIA,no way peggy is using 9anime to promote his shit😭😭,1
JPEGMAFIA,Alternative,SpH83KzVKDc,JPEGMAFIA - SIN MIEDO,JPEGMAFIA,"Great song Peggy, I love men!",3
JPEGMAFIA,Alternative,SpH83KzVKDc,JPEGMAFIA - SIN MIEDO,JPEGMAFIA,Wtf? Bflix sent me here,1
JPEGMAFIA,Alternative,SpH83KzVKDc,JPEGMAFIA - SIN MIEDO,JPEGMAFIA,I just wanted to use 9 anime what the fuck is this,1
JPEGMAFIA,Alternative,SpH83KzVKDc,JPEGMAFIA - SIN MIEDO,JPEGMAFIA,"STUPID AD LET ME WATCH MY
MOVIE",2
JPEGMAFIA,Alternative,SpH83KzVKDc,JPEGMAFIA - SIN MIEDO,JPEGMAFIA,Shi ass😭🙏,1
JPEGMAFIA,Alternative,SpH83KzVKDc,JPEGMAFIA - SIN MIEDO,JPEGMAFIA,Where im a,0
JPEGMAFIA,Alternative,SpH83KzVKDc,JPEGMAFIA - SIN MIEDO,JPEGMAFIA,let me watch my DAMN MOVIE,0
JPEGMAFIA,Alternative,SpH83KzVKDc,JPEGMAFIA - SIN MIEDO,JPEGMAFIA,LOS SINTES DEL MINUTO 2:00 EN ADELANTE POR DIOSSSSSSS ,0
JPEGMAFIA,Alternative,SpH83KzVKDc,JPEGMAFIA - SIN MIEDO,JPEGMAFIA,1:06 I SPAZ IN OTHER DIMENSIONS 🙌,2
JPEGMAFIA,Alternative,SpH83KzVKDc,JPEGMAFIA - SIN MIEDO,JPEGMAFIA,A pop up add from my movie site sent me here  wth 😮,0
JPEGMAFIA,Alternative,SpH83KzVKDc,JPEGMAFIA - SIN MIEDO,JPEGMAFIA,CAN I WATCH WHAT AM WATCHING,0
JPEGMAFIA,Alternative,SpH83KzVKDc,JPEGMAFIA - SIN MIEDO,JPEGMAFIA,Dude can I just watch my fuxking movie,0
JPEGMAFIA,Alternative,SpH83KzVKDc,JPEGMAFIA - SIN MIEDO,JPEGMAFIA,Esta música crea desarmonia,0
JPEGMAFIA,Alternative,SpH83KzVKDc,JPEGMAFIA - SIN MIEDO,JPEGMAFIA,Did he sample Don't Be a Menace?,0
JPEGMAFIA,Alternative,SpH83KzVKDc,JPEGMAFIA - SIN MIEDO,JPEGMAFIA,more flips than rodney mullen,0
JPEGMAFIA,Alternative,SpH83KzVKDc,JPEGMAFIA - SIN MIEDO,JPEGMAFIA,daaamn peggy didn't know you were chill like that,0
JPEGMAFIA,Alternative,SpH83KzVKDc,JPEGMAFIA - SIN MIEDO,JPEGMAFIA,This shit delicious when youre hurting,0
JPEGMAFIA,Alternative,SpH83KzVKDc,JPEGMAFIA - SIN MIEDO,JPEGMAFIA,🤟,0
JPEGMAFIA,Alternative,SpH83KzVKDc,JPEGMAFIA - SIN MIEDO,JPEGMAFIA,thank you peggie for teaching this woman what another woman looks like I’ve never seen another woman before this video,0
JPEGMAFIA,Alternative,SpH83KzVKDc,JPEGMAFIA - SIN MIEDO,JPEGMAFIA,the barber beef is something i can relate to Fuck bald barbers bro,0
JPEGMAFIA,Alternative,SpH83KzVKDc,JPEGMAFIA - SIN MIEDO,JPEGMAFIA,"""I'm G.I joe falling down them steps"" is such an underrated line tho",0
JPEGMAFIA,Alternative,SpH83KzVKDc,JPEGMAFIA - SIN MIEDO,JPEGMAFIA,1:05 i thought he was twerking,0
JPEGMAFIA,Alternative,SpH83KzVKDc,JPEGMAFIA - SIN MIEDO,JPEGMAFIA,"i love this comment section, so funny 😂",1
JPEGMAFIA,Alternative,SpH83KzVKDc,JPEGMAFIA - SIN MIEDO,JPEGMAFIA,TUFF! 😭🐐,0
JPEGMAFIA,Alternative,SpH83KzVKDc,JPEGMAFIA - SIN MIEDO,JPEGMAFIA,Let me watch bleach bro,1
JPEGMAFIA,Alternative,SpH83KzVKDc,JPEGMAFIA - SIN MIEDO,JPEGMAFIA,this is NOT what I was watching. Stupid ass pop up ads,2
JPEGMAFIA,Alternative,SpH83KzVKDc,JPEGMAFIA - SIN MIEDO,JPEGMAFIA,from pop up ads L artist,5
JPEGMAFIA,Alternative,SpH83KzVKDc,JPEGMAFIA - SIN MIEDO,JPEGMAFIA,bro why did GoMovies redirect me to this lmao,1
JPEGMAFIA,Alternative,SpH83KzVKDc,JPEGMAFIA - SIN MIEDO,JPEGMAFIA,Bro im tryna pirate anime in peace,3
JPEGMAFIA,Alternative,SpH83KzVKDc,JPEGMAFIA - SIN MIEDO,JPEGMAFIA,thank u so much.,0
JPEGMAFIA,Alternative,SpH83KzVKDc,JPEGMAFIA - SIN MIEDO,JPEGMAFIA,I fucking love this man’s work. This is fantastic,0
JPEGMAFIA,Alternative,SpH83KzVKDc,JPEGMAFIA - SIN MIEDO,JPEGMAFIA,пеги опять побеждает🚬🌿,0
JPEGMAFIA,Alternative,SpH83KzVKDc,JPEGMAFIA - SIN MIEDO,JPEGMAFIA,Lemme watch my damn movie,6
JPEGMAFIA,Alternative,SpH83KzVKDc,JPEGMAFIA - SIN MIEDO,JPEGMAFIA,I’m just trying to use Putlocker…..,0
JPEGMAFIA,Alternative,SpH83KzVKDc,JPEGMAFIA - SIN MIEDO,JPEGMAFIA,Quien más viene de animeflv 😂,0
JPEGMAFIA,Alternative,SpH83KzVKDc,JPEGMAFIA - SIN MIEDO,JPEGMAFIA,IM JUST TRYJNF TO WATXH MY SHOW,0
JPEGMAFIA,Alternative,SpH83KzVKDc,JPEGMAFIA - SIN MIEDO,JPEGMAFIA,“Off with your head” 🔥🔥🔥,1
JPEGMAFIA,Alternative,SpH83KzVKDc,JPEGMAFIA - SIN MIEDO,JPEGMAFIA,"Que pinche temon jpegmafia, vuelve a CDMX cabron",1
JPEGMAFIA,Alternative,SpH83KzVKDc,JPEGMAFIA - SIN MIEDO,JPEGMAFIA,What’s up with this American aesthetic shit why is it everywhere,0
JPEGMAFIA,Alternative,SpH83KzVKDc,JPEGMAFIA - SIN MIEDO,JPEGMAFIA,"I know there’s a lot to love from this, but the one thing I always love from Peggy’s music are the absolutely crisp and honestly iconic claps in his songs bro. I love you peggy",0
JPEGMAFIA,Alternative,SpH83KzVKDc,JPEGMAFIA - SIN MIEDO,JPEGMAFIA,My dad is a white guy born in Lawton Oklahoma in 1965 and only how I know this sample is bc he had the album. 2 live crew,0
JPEGMAFIA,Alternative,SpH83KzVKDc,JPEGMAFIA - SIN MIEDO,JPEGMAFIA,THIS SHIT GOES STUPID,0
JPEGMAFIA,Alternative,SpH83KzVKDc,JPEGMAFIA - SIN MIEDO,JPEGMAFIA,This has grown on me,0
JPEGMAFIA,Alternative,SpH83KzVKDc,JPEGMAFIA - SIN MIEDO,JPEGMAFIA,this crazy,0
JPEGMAFIA,Alternative,SpH83KzVKDc,JPEGMAFIA - SIN MIEDO,JPEGMAFIA,Thank you Peggy for blessing my ears with those heavenly guitar licks,0
JPEGMAFIA,Alternative,SpH83KzVKDc,JPEGMAFIA - SIN MIEDO,JPEGMAFIA,Lakeith Stanfield if Atlanta were Texas,1
JPEGMAFIA,Alternative,SpH83KzVKDc,JPEGMAFIA - SIN MIEDO,JPEGMAFIA,That's hard core a brake down a mix of style's sow fck good😂,0
JPEGMAFIA,Alternative,SpH83KzVKDc,JPEGMAFIA - SIN MIEDO,JPEGMAFIA,"I didn't have issues with daddy, he had issues with me 😢",1
JPEGMAFIA,Alternative,SpH83KzVKDc,JPEGMAFIA - SIN MIEDO,JPEGMAFIA,"What genre is it? 
It’s JPEG babe",0
JPEGMAFIA,Alternative,SpH83KzVKDc,JPEGMAFIA - SIN MIEDO,JPEGMAFIA,3024 music,0
JPEGMAFIA,Alternative,SpH83KzVKDc,JPEGMAFIA - SIN MIEDO,JPEGMAFIA,"This video is getting age rated at some point for sure, still fire",0
JPEGMAFIA,Alternative,SpH83KzVKDc,JPEGMAFIA - SIN MIEDO,JPEGMAFIA,"I started writing comment and figured out i'm speechless
Damn Peggy you're a fucking legend
Love your uniqe and crazy music man can't get enough of it",2
JPEGMAFIA,Alternative,SpH83KzVKDc,JPEGMAFIA - SIN MIEDO,JPEGMAFIA,"""You got the swag of a nigga from chaturbate
You wanna aggravate 
Stick talk
Let the chopper elaborate ""
Sounds like Childish Gambino",0
JPEGMAFIA,Alternative,SpH83KzVKDc,JPEGMAFIA - SIN MIEDO,JPEGMAFIA,this shit is exciting,1
JPEGMAFIA,Alternative,SpH83KzVKDc,JPEGMAFIA - SIN MIEDO,JPEGMAFIA,I need a Peggy x Charlie xcx collab,2
JPEGMAFIA,Alternative,SpH83KzVKDc,JPEGMAFIA - SIN MIEDO,JPEGMAFIA,Favorite Peggy song yet.,0
JPEGMAFIA,Alternative,SpH83KzVKDc,JPEGMAFIA - SIN MIEDO,JPEGMAFIA,imagine seeing this live 🔥🔥🔥,1
JPEGMAFIA,Alternative,SpH83KzVKDc,JPEGMAFIA - SIN MIEDO,JPEGMAFIA,That's the type of audience Peggy wishes he had at his concerts instead of a bunch of nerdy white dudes. 🤤,1
JPEGMAFIA,Alternative,SpH83KzVKDc,JPEGMAFIA - SIN MIEDO,JPEGMAFIA,:DDD,0
JPEGMAFIA,Alternative,SpH83KzVKDc,JPEGMAFIA - SIN MIEDO,JPEGMAFIA,"OH, HE'S SO RACIST!! 🇺🇲🇺🇲🇺🇲",1
JPEGMAFIA,Alternative,SpH83KzVKDc,JPEGMAFIA - SIN MIEDO,JPEGMAFIA,“Rappers before and after scaring the hoes…”,1
JPEGMAFIA,Alternative,SpH83KzVKDc,JPEGMAFIA - SIN MIEDO,JPEGMAFIA,Peggy stay abusing my ears in the most pleasant ways,0
JPEGMAFIA,Alternative,SpH83KzVKDc,JPEGMAFIA - SIN MIEDO,JPEGMAFIA,This shit is ass 🔥🔥🔥🔥,1
JPEGMAFIA,Alternative,SpH83KzVKDc,JPEGMAFIA - SIN MIEDO,JPEGMAFIA,u the jit dat keep annoying me when im watching anime on not legal websites,4
