artist,genre,video_id,video_title,channel_title,text,likes
Kendrick Lamar,Boom bap / Lyric,T6eK-2OQtew,Not Like Us,Kendrick Lamar,2 YEARS AGO,0
Kendrick Lamar,Boom bap / Lyric,T6eK-2OQtew,Not Like Us,Kendrick Lamar,Here after Servax Drama,0
Kendrick Lamar,Boom bap / Lyric,T6eK-2OQtew,Not Like Us,Kendrick Lamar,67,0
Kendrick Lamar,Boom bap / Lyric,T6eK-2OQtew,Not Like Us,Kendrick Lamar,peakest summer?…..,0
Kendrick Lamar,Boom bap / Lyric,T6eK-2OQtew,Not Like Us,Kendrick Lamar,Imagine a collab with funky the homosapien,0
Kendrick Lamar,Boom bap / Lyric,T6eK-2OQtew,Not Like Us,Kendrick Lamar,Yahusha is the way the truth and the life 🙌🏼,1
Kendrick Lamar,Boom bap / Lyric,T6eK-2OQtew,Not Like Us,Kendrick Lamar,R u my friend r we locked in? Then step the way then step that way,0
Kendrick Lamar,Boom bap / Lyric,T6eK-2OQtew,Not Like Us,Kendrick Lamar,Shape the stories how u want hey drake they’re not slow,0
Kendrick Lamar,Boom bap / Lyric,T6eK-2OQtew,Not Like Us,Kendrick Lamar,ᨰׁׅ⁠ꫀׁׅ⁠ܻ݊ᨵׁׅׅ⁠ᧁׁ⁠ꭈׁׅ⁠ᨮׁׅ֮⁠υׁׅ⁠ܻ⨍ꫀׁׅ⁠ܻ݊hׁׅ֮⁠ꫀׁׅ⁠ܻ݊ꭈׁׅ⁠υׁׅ⁠ܻ⨍ᨮׁׅ֮⁠ᧁׁ⁠ꫀׁׅ⁠ܻ݊ꭈׁׅ⁠ܻ⨍ᨮׁׅ֮⁠υׁׅ⁠ꪱׁׁׁׅׅׅ⁠ꫀׁׅ⁠ܻ݊ꫀׁׅ⁠ܻ݊ᧁׁ⁠ꭈׁׅ⁠ܻ⨍ꪱׁׁׁׅׅׅ⁠υׁׅ⁠ᨮׁׅ֮⁠ꫀׁׅ⁠ܻ݊ꫀׁׅ⁠ܻ݊ᧁׁ⁠ꭈׁׅ⁠υׁׅ⁠ᨮׁׅ֮⁠ܻ⨍ꫀׁׅ⁠ܻ݊ꭈׁׅ⁠ꭈׁׅ֮⁠ϐׁ⁠ܻ⨍ꫀׁׅ⁠ܻ݊ꪱׁׁׁׅׅׅ⁠ꫀׁׅ⁠ܻ݊ᨵׁׅׅhׁׅ֮⁠ꭈׁׅ⁠ܻ⨍֮ϐׁ⁠ꫀׁׅ⁠ܻܻ݊⨍ꪱׁׁׁׅׅׅhׁׅ֮⁠ᨵׁׅׅ⁠ꫀׁׅ⁠ܻ݊ꭈׁׅ֮⁠ϐׁ⁠ᝯׁ֒2υׁׅ⁠ᨮׁׅ֮4ᨵׁׅׅ⁠ꭈׁׅ⁠ᝯׁ֒2 ᝯׁׅ֒⁠꯱ꭈׁׅ⁠ꭈׁׅ⁠ᝯׁ֒⁠ꫀׁׅ⁠ܻ݊ꫀׁׅ⁠ܻ݊hׁׅ֮⁠ꭈׁׅ7ꪱׁׁׁׅׅׅ⁠ܻ⨍υׁׅ⁠ꫀׁׅ⁠ܻ݊ꫀׁׅ⁠ܻ݊hׁׅ֮⁠ꭈׁׅ⁠υׁׅ⁠ܻ⨍ꪱׁׁׁׅׅׅ⁠ƒяιυιƒяяяяняяυυιƒ3нι4тιυƒєняткιυƒнєятσυιƒєтянισυgꏂꁝꋪ꓄ꍌ꒤꒐ꄲꏂꁝ꓄ꄲꍌ꒤꒐ꁝꏂꋪ꓄꒤꒐ꀘꍌꁝ꓄ꋪꀘ꒐꒤ꋪꍌꁝꋪ꒐꒤꓄ꍌꁝꏂꀘꋪ꓄𝙩𝓇𝒽𝒾𝓊𝒽𝒽𝑔𝑒𝓇𝓀𝒽𝓊𝑔𝒽𝑒𝓋𝒽𝑒𝓇𝓉𝒽𝓀𝓊𝑔𝒽𝓇𝓇𝓀𝒽𝓊𝓉𝑔𝓇𝒽𝓊𝓀𝓇𝒽𝓉𝑔𝒽𝑒𝓀𝓉𝓇𝓊𝓊𝑔𝒽𝑒𝑔𝓊𝓀𝓊𝑒𝓇𝓉𝒽𝑔 𝓰𝓭𝓼𝓾𝓯𝓴𝓯𝓱𝓼𝓬𝓫𝓯𝓻𝓾𝓱𝓬𝓮𝓫𝓻𝓯𝓳𝓴𝓬𝓱𝓮𝓫𝓻𝓯𝓳𝓴𝓱𝓬𝓱𝓮𝓻𝓯𝓳𝓴𝓱𝓬𝓱𝓻 rgkuiuhhecrtkhjhchertkhichertikhchetrhkicrtkihucertikjhecrtetuik 𝕣𝕗𝕙𝕖𝕙𝕚𝕔𝕖𝕣𝕗𝕙𝕔𝕜𝕙𝕚𝕖𝕣𝕗𝕙𝕚𝕔𝕙𝕚𝕖𝕣𝕗𝕙𝕔𝕚𝕙𝕜𝕖𝕗𝕣𝕙𝕔𝕖𝕚𝕜𝕙𝕖𝕣𝕗𝕙𝕔𝕖𝕙𝕜𝕚𝕣𝕙𝕗𝕔𝕚𝕙 𝕗𝕕𝕕𝕖𝕙𝕠𝕚𝕔𝕙𝕖𝕗𝕙𝕔𝕚𝕠𝕙𝕖𝕣𝕗𝕙𝕔𝕚𝕜𝕙𝕣𝕖𝕗𝕙𝕔𝕚𝕙𝕜𝕣𝕖𝕗𝕔𝕙𝕙𝕜𝕚𝕖𝕗𝕔𝕙𝕖𝕚𝕖𝕙𝕗𝕜𝕙𝕔𝕙𝕚𝕜𝕖𝕗𝕖 ḣ̖̻͛̓ḣ̖̻͛̓ỉ͔͖̜͌ỉ͔͖̜͌ỉ͔͖̜͌ỉ͔͖̜͌ḣ̖̻͛̓t̲̂̓ͩ̑ỉ͔͖̜͌ư̡͕̭̇ĝ̽̓̀͑ẹ̿͋̒̕r̴̨̦͕̝ḣ̖̻͛̓t̲̂̓ͩ̑ĝ̽̓̀͑ḳ̯͍̑ͦỉ͔͖̜͌ḣ̖̻͛̓ẹ̿͋̒̕r̴̨̦͕̝t̲̂̓ͩ̑ḣ̖̻͛̓ĝ̽̓̀͑ư̡͕̭̇r̴̨̦͕̝t̲̂̓ͩ̑ḣ̖̻͛̓ĝ̽̓̀͑ỉ͔͖̜͌ỉ͔͖̜͌ỉ͔͖̜͌ư̡͕̭̇ḣ̖̻͛̓r̴̨̦͕̝ỉ͔͖̜͌ẹ̿͋̒̕t̲̂̓ͩ̑ĝ̽̓̀͑ỉ͔͖̜͌ĝ̽̓̀͑ẹ̿͋̒̕ỉ͔͖̜͌ỉ͔͖̜͌ư̡͕̭̇t̲̂̓ͩ̑r̴̨̦͕̝ḣ̖̻͛̓ĝ̽̓̀͑ḳ̯͍̑ͦỉ͔͖̜͌ẹ̿͋̒̕r̴̨̦͕̝t̲̂̓ͩ̑ư̡͕̭̇ĝ̽̓̀͑ḣ̖̻͛̓ẹ̿͋̒̕r̴̨̦͕̝ỉ͔͖̜͌ư̡͕̭̇t̲̂̓ͩ̑ḳ̯͍̑ͦḣ̖̻͛̓ĝ̽̓̀͑ẹ̿͋̒̕r̴̨̦͕̝ỉ͔͖̜͌ḳ̯͍̑ͦt̲̂̓ͩ̑ư̡͕̭̇ĝ̽̓̀͑ẹ̿͋̒̕ḣ̖̻͛̓ẹ̿͋̒̕ư̡͕̭̇r̴̨̦͕̝t̲̂̓ͩ̑ ️🗾🎋🇬️🗾♓🇬🇪®️️🥐♓♓®️®️🇪️🥐ℹ️⛎♓🇪♓®️®️🎏️🥐⛎♓ℹ️🇪®️🇬🇬✌🇪⛎🎋♓♓®️🌴✌ℹ️⛎🎋®️♓🌴🇪,0
Kendrick Lamar,Boom bap / Lyric,T6eK-2OQtew,Not Like Us,Kendrick Lamar,Im addicted to this song smh 🤦🏾‍♂️,3
Kendrick Lamar,Boom bap / Lyric,T6eK-2OQtew,Not Like Us,Kendrick Lamar,better than those 3 album 🤣,5
Kendrick Lamar,Boom bap / Lyric,T6eK-2OQtew,Not Like Us,Kendrick Lamar,THERY NOT LIKE US NEYMARR,0
Kendrick Lamar,Boom bap / Lyric,T6eK-2OQtew,Not Like Us,Kendrick Lamar,"Who wrote the the book on love and why would a child have remember to count how many steps to each place?
A blind child needs to measure different that a sighted child.",0
Kendrick Lamar,Boom bap / Lyric,T6eK-2OQtew,Not Like Us,Kendrick Lamar,O my gosh,2
Kendrick Lamar,Boom bap / Lyric,T6eK-2OQtew,Not Like Us,Kendrick Lamar,3 albums in one night plus a PR iceman stunt still can't topple this single😂😂😂😂😂,3
Kendrick Lamar,Boom bap / Lyric,T6eK-2OQtew,Not Like Us,Kendrick Lamar,Had to come back and scratch the itch 🔥🔥.,4
Kendrick Lamar,Boom bap / Lyric,T6eK-2OQtew,Not Like Us,Kendrick Lamar,This diss was so good it would make Eminem join in and put out a diss track,2
Kendrick Lamar,Boom bap / Lyric,T6eK-2OQtew,Not Like Us,Kendrick Lamar,🥰🥰🥰,0
Kendrick Lamar,Boom bap / Lyric,T6eK-2OQtew,Not Like Us,Kendrick Lamar,Juice good Lamar goooooooooooooood,0
Kendrick Lamar,Boom bap / Lyric,T6eK-2OQtew,Not Like Us,Kendrick Lamar,It's been TWO YEARS,4
Kendrick Lamar,Boom bap / Lyric,T6eK-2OQtew,Not Like Us,Kendrick Lamar,Tenalayhos 1:15 😂😂😂,0
Kendrick Lamar,Boom bap / Lyric,T6eK-2OQtew,Not Like Us,Kendrick Lamar,Tenalayhos😂,0
Kendrick Lamar,Boom bap / Lyric,T6eK-2OQtew,Not Like Us,Kendrick Lamar,"I love these parts of this song too much😛
0:28 - 0:59 - 1:52 - 4:10",1
Kendrick Lamar,Boom bap / Lyric,T6eK-2OQtew,Not Like Us,Kendrick Lamar,3:45 he a 69 God got me laughing so hard the first time I heard it,0
Kendrick Lamar,Boom bap / Lyric,T6eK-2OQtew,Not Like Us,Kendrick Lamar,We all finally realizing just how corny this whole song is or nah XD,3
Kendrick Lamar,Boom bap / Lyric,T6eK-2OQtew,Not Like Us,Kendrick Lamar,Anyone in 18 june 2028,2
Kendrick Lamar,Boom bap / Lyric,T6eK-2OQtew,Not Like Us,Kendrick Lamar,"Hello Kendrick how are you? you need to make another disk track about drake ""why"" you might ask ik you respect Michael Jackson welllll


Drake does not and bought Michael's glove and is putting up the middle finger in them and saying he's ""better than"" Michael Jackson so i think you should make another disk track about this you don't have to but I will be listening to it 24/7 


I'm a big fan of your music and and Michael Jackson's music 


It would be amazing if you could do that bye Kendrick👋",2
Kendrick Lamar,Boom bap / Lyric,T6eK-2OQtew,Not Like Us,Kendrick Lamar,This song is so good,3
Kendrick Lamar,Boom bap / Lyric,T6eK-2OQtew,Not Like Us,Kendrick Lamar,I love this 2:18 am,0
Kendrick Lamar,Boom bap / Lyric,T6eK-2OQtew,Not Like Us,Kendrick Lamar,Happy Birthday KDot,4
Kendrick Lamar,Boom bap / Lyric,T6eK-2OQtew,Not Like Us,Kendrick Lamar,happy birthday 🎉,4
Kendrick Lamar,Boom bap / Lyric,T6eK-2OQtew,Not Like Us,Kendrick Lamar,월드컵 16강 가즈아,0
Kendrick Lamar,Boom bap / Lyric,T6eK-2OQtew,Not Like Us,Kendrick Lamar,Still Dope 😁😁😁,3
Kendrick Lamar,Boom bap / Lyric,T6eK-2OQtew,Not Like Us,Kendrick Lamar,BODY BAG!!!,2
Kendrick Lamar,Boom bap / Lyric,T6eK-2OQtew,Not Like Us,Kendrick Lamar,No you don’t body killed,0
Kendrick Lamar,Boom bap / Lyric,T6eK-2OQtew,Not Like Us,Kendrick Lamar,0:24 0:25 0:27 0:28 0:29 0:29 0:30 0:30 0:30 0:31 0:31 0:31 0:31 0:31 0:32 0:32 0:33 0:33 0:33 0:33 0:33 0:34 0:34 0:34 0:35 0:35 0:35 0:36 0:40 0:42 0:44,1
Kendrick Lamar,Boom bap / Lyric,T6eK-2OQtew,Not Like Us,Kendrick Lamar,This shit easily got billions of listens.  I never seen movement like this,4
Kendrick Lamar,Boom bap / Lyric,T6eK-2OQtew,Not Like Us,Kendrick Lamar,Like like like like likeeeeeeeeeeee!!!!!,3
Kendrick Lamar,Boom bap / Lyric,T6eK-2OQtew,Not Like Us,Kendrick Lamar,Like,3
Kendrick Lamar,Boom bap / Lyric,T6eK-2OQtew,Not Like Us,Kendrick Lamar,😎😎😎😎,2
Kendrick Lamar,Boom bap / Lyric,T6eK-2OQtew,Not Like Us,Kendrick Lamar,❤❤❤,2
Kendrick Lamar,Boom bap / Lyric,T6eK-2OQtew,Not Like Us,Kendrick Lamar,2026 ?,2
Kendrick Lamar,Boom bap / Lyric,T6eK-2OQtew,Not Like Us,Kendrick Lamar,😂Drake hates Kendrick 😂 my rappers  hate each other,0
Kendrick Lamar,Boom bap / Lyric,T6eK-2OQtew,Not Like Us,Kendrick Lamar,any one in 2026 ❤❤,3
Kendrick Lamar,Boom bap / Lyric,T6eK-2OQtew,Not Like Us,Kendrick Lamar,IamNOTU,2
Kendrick Lamar,Boom bap / Lyric,T6eK-2OQtew,Not Like Us,Kendrick Lamar,Subscribe if you like God,2
Kendrick Lamar,Boom bap / Lyric,T6eK-2OQtew,Not Like Us,Kendrick Lamar,J Cole is righ.t cop's be harassing black people and it's not ok no offense white people but cop's let y'all white people pass it like y'all ain't do nothing 😢😢. It's not ok.yo I am crying 😭😭😭😭😭😭😭😭 it's not ok we need to stop the. And even though that was long ago it still happens.😢😢😢,2
Kendrick Lamar,Boom bap / Lyric,T6eK-2OQtew,Not Like Us,Kendrick Lamar,Bu şarkı tam dreek in amcığına layık,0
Kendrick Lamar,Boom bap / Lyric,T6eK-2OQtew,Not Like Us,Kendrick Lamar,I going to go cry really quick,0
Kendrick Lamar,Boom bap / Lyric,T6eK-2OQtew,Not Like Us,Kendrick Lamar,It’s like watching the Mona Lisa get painted,28
Kendrick Lamar,Boom bap / Lyric,T6eK-2OQtew,Not Like Us,Kendrick Lamar,Three albums from Drake and it’s not enough😂,9
Kendrick Lamar,Boom bap / Lyric,T6eK-2OQtew,Not Like Us,Kendrick Lamar,I remember when l would play this everyday 2 years ago,9
Kendrick Lamar,Boom bap / Lyric,T6eK-2OQtew,Not Like Us,Kendrick Lamar,Spurs in 6,1
Kendrick Lamar,Boom bap / Lyric,T6eK-2OQtew,Not Like Us,Kendrick Lamar,This is fire,3
Kendrick Lamar,Boom bap / Lyric,T6eK-2OQtew,Not Like Us,Kendrick Lamar,"Drake fans: “Drake dropped 3 albums in one day!!”
None of those albums tops ONE song on GNX 😭😭",8
Kendrick Lamar,Boom bap / Lyric,T6eK-2OQtew,Not Like Us,Kendrick Lamar,0:23,0
Kendrick Lamar,Boom bap / Lyric,T6eK-2OQtew,Not Like Us,Kendrick Lamar,🚮🚮🚮🚮,1
Kendrick Lamar,Boom bap / Lyric,T6eK-2OQtew,Not Like Us,Kendrick Lamar,tf it's already 2 yrs old????,5
Kendrick Lamar,Boom bap / Lyric,T6eK-2OQtew,Not Like Us,Kendrick Lamar,Kendrick 💯💯💯,7
Kendrick Lamar,Boom bap / Lyric,T6eK-2OQtew,Not Like Us,Kendrick Lamar,Trump will answer you Kendrick,2
Kendrick Lamar,Boom bap / Lyric,T6eK-2OQtew,Not Like Us,Kendrick Lamar,🎉🎉🎉,2
Kendrick Lamar,Boom bap / Lyric,T6eK-2OQtew,Not Like Us,Kendrick Lamar,😊,0
Kendrick Lamar,Boom bap / Lyric,T6eK-2OQtew,Not Like Us,Kendrick Lamar,#mustardonthebeathoe,2
Kendrick Lamar,Boom bap / Lyric,T6eK-2OQtew,Not Like Us,Kendrick Lamar,Anyone still listening this daily?,2
Kendrick Lamar,Boom bap / Lyric,T6eK-2OQtew,Not Like Us,Kendrick Lamar,13:8,0
Kendrick Lamar,Boom bap / Lyric,T6eK-2OQtew,Not Like Us,Kendrick Lamar,Tyz:i,0
Kendrick Lamar,Boom bap / Lyric,T6eK-2OQtew,Not Like Us,Kendrick Lamar,:,0
Kendrick Lamar,Boom bap / Lyric,T6eK-2OQtew,Not Like Us,Kendrick Lamar,0:11,0
Kendrick Lamar,Boom bap / Lyric,T6eK-2OQtew,Not Like Us,Kendrick Lamar,011,0
Kendrick Lamar,Boom bap / Lyric,T6eK-2OQtew,Not Like Us,Kendrick Lamar,"Drake's trash 🗑
Kendrick lamar is way much better 🔥🔥🔥🥱",1
Kendrick Lamar,Boom bap / Lyric,T6eK-2OQtew,Not Like Us,Kendrick Lamar,2026 Anyone!? 💃🕺🎶🎼💯💯💯💯,1
Kendrick Lamar,Boom bap / Lyric,T6eK-2OQtew,Not Like Us,Kendrick Lamar,2 years later and drakes still not over it 😅,1
Kendrick Lamar,Boom bap / Lyric,T6eK-2OQtew,Not Like Us,Kendrick Lamar,1:06 i loveeeeee,0
Kendrick Lamar,Boom bap / Lyric,T6eK-2OQtew,Not Like Us,Kendrick Lamar,😂❤,1
Kendrick Lamar,Boom bap / Lyric,T6eK-2OQtew,Not Like Us,Kendrick Lamar,"Kendrick i know your never gonna see this, but YOU NEED TO DISS DRAKE AGAIN HE DISSED THE KING OF POP!",2
Kendrick Lamar,Boom bap / Lyric,T6eK-2OQtew,Not Like Us,Kendrick Lamar,I rather be a bum than a muthafu$&! Problem hit hard,2
Kendrick Lamar,Boom bap / Lyric,T6eK-2OQtew,Not Like Us,Kendrick Lamar,Greatest diss track ever!!!! Bro walk Drake down with ease man,4
Kendrick Lamar,Boom bap / Lyric,T6eK-2OQtew,Not Like Us,Kendrick Lamar,"""Pss I see dead ppl"" 😂😂  "" Sometimes u gotta pop up n show niggaz"" 😂🎉❤😂. I love u Kong fu Kenny, where r u? U r needed. 😂❤😊",1
Kendrick Lamar,Boom bap / Lyric,T6eK-2OQtew,Not Like Us,Kendrick Lamar,not like us was overrated asf and got old hella fast,6
Kendrick Lamar,Boom bap / Lyric,T6eK-2OQtew,Not Like Us,Kendrick Lamar,Still here for it,1
Kendrick Lamar,Boom bap / Lyric,T6eK-2OQtew,Not Like Us,Kendrick Lamar,2026 checking back in ?,2
Kendrick Lamar,Boom bap / Lyric,T6eK-2OQtew,Not Like Us,Kendrick Lamar,"my mum dosent let me listen but my dad on the other hand.







Me:dad can i listen to not like us 

Dad:ya go for it 

Me :thanks


pov my mum 

 Me:  m um can i listen to not like us

Mum: noway  no no no",3
Kendrick Lamar,Boom bap / Lyric,T6eK-2OQtew,Not Like Us,Kendrick Lamar,For Friday part 4,1
Kendrick Lamar,Boom bap / Lyric,T6eK-2OQtew,Not Like Us,Kendrick Lamar,The root of all evil✌️🥀🔥💔💔,2
Kendrick Lamar,Boom bap / Lyric,T6eK-2OQtew,Not Like Us,Kendrick Lamar,"Euphoria: pushing DRAKE 
Meet The Grahams:Kendrick pounding nails in the coffin 
Not like us:Destroying Him

Tbh Ts Fire Asf",1
Kendrick Lamar,Boom bap / Lyric,T6eK-2OQtew,Not Like Us,Kendrick Lamar,Two years later and it still haunts Drake’s nightmares,4
Kendrick Lamar,Boom bap / Lyric,T6eK-2OQtew,Not Like Us,Kendrick Lamar,🤣🤣🤣🤣🤣🤣,1
Kendrick Lamar,Boom bap / Lyric,T6eK-2OQtew,Not Like Us,Kendrick Lamar,Crazy to think this was 2 years ago.,8
Kendrick Lamar,Boom bap / Lyric,T6eK-2OQtew,Not Like Us,Kendrick Lamar,This song and beat is low key ass. idgaf what anyone says,4
Kendrick Lamar,Boom bap / Lyric,T6eK-2OQtew,Not Like Us,Kendrick Lamar,Why did he say N#####word is 20:55,1
Kendrick Lamar,Boom bap / Lyric,T6eK-2OQtew,Not Like Us,Kendrick Lamar,"Psst, I see dead people
(Mustard on the beat, ho)
Ayy, Mustard on the beat, ho
Deebo, any rap nigga, he a free throw
Man down, call an amberlamps, tell him, ""Breathe, bro""
Nail a nigga to the cross, he walk around like Teezo
What's up with these jabroni-ass niggas tryna see Compton?
The industry can hate me, fuck 'em all and they mama
How many opps you really got? I mean, it's too many options
I'm finna pass on this body, I'm John Stockton
Beat your ass and hide the Bible if God watchin'
Sometimes you gotta pop out and show niggas
Certified boogeyman, I'm the one that up the score with 'em
Walk him down, whole time I know he got some ho in him
Pole on him, extort shit, bully, Death Row on him
Say, Drake, I hear you like 'em young
You better not ever go to cell block one
To any bitch that talk to him and they in love
Just make sure you hide your lil' sister from him
They tell me Chubbs the only one that get your hand-me-downs
And PARTY at the party, playin' with his nose now
And Baka got a weird case, why is he around?
Certified Lover Boy? Certified pedophiles
Wop, wop, wop, wop, wop, Dot, fuck 'em up
Wop, wop, wop, wop, wop, I'ma do my stuff
Why you trollin' like a bitch? Ain't you tired?
Tryna strike a chord and it's probably A-Minor
They not like us, they not like us, they not like us
They not like us, they not like us, they not like us
You think the Bay gon' let you disrespect Pac, nigga?
I think that Oakland show gon' be your last stop, nigga
Did Cole foul, I don't know why you still pretendin'
What is the owl? Bird niggas and bird bitches, go
The audience not dumb
Shape the stories how you want
Hey, Drake, they're not slow
Rabbit hole is still deep, I can go further, I promise
Ain't that somethin'? B-Rad stands for bitch
And you Malibu most wanted
Ain't no law, boy, you ballboy, fetch Gatorade or somethin'
Since 2009, I had this bitch jumpin'
You niggas'll get a wedgie, be flipped over your boxers
What OVO for? The ""Other Vaginal Option""? Pussy
Nigga better straighten they posture, got famous all up in Compton
Might write this for the doctrate, tell the pop star, ""Quit hidin'""
Fuck a caption, want action, no accident, and I'm hands-on
He fuck around, get polished
Fucked on Wayne girl while he was in jail, that's connivin'
Then get his face tatted like a bitch apologizin'
I'm glad DeRoz' came home, y'all didn't deserve him neither
From Alondra down to Central, nigga better not speak on Serena
And your homeboy need subpoena, that predator move in flocks
That name gotta be registered and placed on neighborhood watch
I lean on you niggas like another line of Wock'
Yeah, it's all eyes on me, and I'ma send it up to Pac, ayy
Put the wrong label on me, I'ma get 'em dropped, ayy
Sweet Chin Music and I won't pass the aux, ayy
How many stocks do I really have in stock? Ayy
One, two, three, four, five, plus five, ayy
Devil is a lie, he a 69 God, ayy
Freaky-ass niggas need to stay they ass inside, ayy
Roll they ass up like a fresh pack of 'Za, ayy
City is back up, it's a must, we outside, ayy
They not like us, they not like us, they not like us
They not like us, they not like us, they not like us
Once upon a time, all of us was in chains
Homie still doubled down callin' us some slaves
Atlanta was the Mecca, buildin' railroads and trains
Bear with me for a second, let me put y'all on game
The settlers was usin' town folk to make 'em richer
Fast-forward, 2024, you got the same agenda
You run to Atlanta when you need a check balance
Let me break it down for you, this the real nigga challenge
You called Future when you didn't see the club (ayy, what?)
Lil Baby helped you get your lingo up (what?)
21 gave you false street cred
Thug made you feel like you a slime in your head (ayy, what?)
Quavo said you can be from Northside (what?)
2 Chainz say you good, but he lied
You run to Atlanta when you need a few dollars
No, you not a colleague, you a fuckin' colonizer
The family matter and the truth of the matter
It was God's plan to show y'all the liar
Mm
Mm-mm
He a fan, he a fan, he a fan (mm)
He a fan, he a fan, he a
Freaky-ass nigga, he a 69 God
Freaky-ass nigga, he a 69 God
Hey, hey, hey, hey, run for your life
Hey, hey, hey, hey, run for your life
Freaky-ass nigga, he a 69 God
Freaky-ass nigga, he a 69 God
Hey, hey, hey, hey, run for your life
Hey, hey, hey, hey, run for your life
Let me hear you say, ""OV-ho"" (OV-ho)
Say, ""OV-ho"" (OV-ho)
Then step this way, step that way
Then step this way, step that way
Are you my friend?
Are we locked in?
Then step this way, step that way
Then step this way, step that way",4
Kendrick Lamar,Boom bap / Lyric,T6eK-2OQtew,Not Like Us,Kendrick Lamar,Mhrap tipo sukuna 2,0
Kendrick Lamar,Boom bap / Lyric,T6eK-2OQtew,Not Like Us,Kendrick Lamar,the home of P Diddy?,0
Kendrick Lamar,Boom bap / Lyric,T6eK-2OQtew,Not Like Us,Kendrick Lamar,2026: Im sad drake had enough brain cells left to not get us a 4th track.,4
Kendrick Lamar,Boom bap / Lyric,T6eK-2OQtew,Not Like Us,Kendrick Lamar,June 2026 🔥,0
Kendrick Lamar,Boom bap / Lyric,T6eK-2OQtew,Not Like Us,Kendrick Lamar,0:11 is crazy,0
Kendrick Lamar,Boom bap / Lyric,T6eK-2OQtew,Not Like Us,Kendrick Lamar,"but for real, you should literally stop fucking people Drake like are you gonna be next in Jell cause p ditty is already in there like bro I’m on Kendrick Lamar's side ""trying to strike a courd it’s probably a minor 🔞",3
Kendrick Lamar,Boom bap / Lyric,T6eK-2OQtew,Not Like Us,Kendrick Lamar,Who is still listening to this in 2026,15
Kendrick Lamar,Boom bap / Lyric,T6eK-2OQtew,Not Like Us,Kendrick Lamar,Do not go after Drake right now the Algorithmic Entity is using him right now I can see through the symbolism and numbers,0
Kendrick Lamar,Boom bap / Lyric,T6eK-2OQtew,Not Like Us,Kendrick Lamar,After icemen droped i came back here cs wow i cant get overrr it😂❤🐐🔥🔥🔥🔥🔥🔥🔥🔥🔥,5
Kendrick Lamar,Boom bap / Lyric,T6eK-2OQtew,Not Like Us,Kendrick Lamar,All these comments are bots holy fuck Drake was right 🧊🥶🥶🥶🥶🥶🥶🤣🤣🤣🤣🤣,2
Kendrick Lamar,Boom bap / Lyric,T6eK-2OQtew,Not Like Us,Kendrick Lamar,SPURS WON!,1
Kendrick Lamar,Boom bap / Lyric,T6eK-2OQtew,Not Like Us,Kendrick Lamar,botting views btw,1
Kendrick Lamar,Boom bap / Lyric,T6eK-2OQtew,Not Like Us,Kendrick Lamar,They out here saying the video got deleted,2
Kendrick Lamar,Boom bap / Lyric,T6eK-2OQtew,Not Like Us,Kendrick Lamar,Even to this day it still shows Kendrick was NOT tryna hold back 😔,1
Kendrick Lamar,Boom bap / Lyric,T6eK-2OQtew,Not Like Us,Kendrick Lamar,A minorrrrrrrrrrrrr,1
Kendrick Lamar,Boom bap / Lyric,T6eK-2OQtew,Not Like Us,Kendrick Lamar,I see dead people,2
Kendrick Lamar,Boom bap / Lyric,T6eK-2OQtew,Not Like Us,Kendrick Lamar,Another loss for the deaf 😢,2
Kendrick Lamar,Boom bap / Lyric,T6eK-2OQtew,Not Like Us,Kendrick Lamar,1:01 I live by drakes house and I saw people going to his house and they were knocking on the door,3
Kendrick Lamar,Boom bap / Lyric,T6eK-2OQtew,Not Like Us,Kendrick Lamar,Absolute cinema,1
Kendrick Lamar,Boom bap / Lyric,T6eK-2OQtew,Not Like Us,Kendrick Lamar,drake bro dunyanin en buyuk sanatcisi drake bro,0
Kendrick Lamar,Boom bap / Lyric,T6eK-2OQtew,Not Like Us,Kendrick Lamar,✏️describe the theme,0
Kendrick Lamar,Boom bap / Lyric,T6eK-2OQtew,Not Like Us,Kendrick Lamar,Где найти музыку на фоне?,0
Kendrick Lamar,Boom bap / Lyric,T6eK-2OQtew,Not Like Us,Kendrick Lamar,How s this song have 4:3millon like,2
Kendrick Lamar,Boom bap / Lyric,T6eK-2OQtew,Not Like Us,Kendrick Lamar,"First
Duckass
Raptist
Against
Kendrick
Ever",2
Kendrick Lamar,Boom bap / Lyric,T6eK-2OQtew,Not Like Us,Kendrick Lamar,"Psst, I see dead people
Mustard on the beat, ho
Ay, Mustard on the beat, ho
Deebo, any rap -, he a free throw
Man down, call an amberlamps, tell him, ""Breathe, bro""
Nail a - to the cross, he walk around like Teezo
What's up with these ja- - tryna see Compton?
The industry can hate me, f- 'em all and they mama
How many opps you really got? I mean, it's too many options
I'm finna pass on this body, I'm John Stockton
Beat your - and hide the Bible if God watchin'
Sometimes you gotta pop out and show -
Certified boogeyman, I'm the one that upped the score with 'em
Walk him down, whole time I know he got some ho in him
Pole on him, extort -, bully the flow on him
Say, Drake, I hear you like 'em young
You better not ever go to cell block one
To any - that talk to him and they in love
Just make sure you hide yo' lil' sister from him
They tell me Chubbs the only one that get your hand-me-downs
And PARTY at the party, playin' with his nose now
And Baka got a weird case, why is he around?
Certified Lover Boy? Certified pedophiles
Wop, wop, wop, wop, wop, Dot, - 'em up
Wop, wop, wop, wop, wop, I'ma do my stuff
Why you trollin' like a -? Ain't you tired?
Tryna strike a chord and it's probably A minor
They not like us, they not like us, they not like us
They not like us, they not like us, they not like us
You think the Bay gon' let you disrespect Pac, -?
I think that Oakland show gon' be your last stop, -
Did Cole fouI, I don't know why you still pretendin'
What is the owl? Bird - and bird -, go
The audience not dumb, shape the stories how you want
Hey, Drake, they're not slow
Rabbit hole is still deep, I can go further, I promise
Ain't that somethin'? B-Rad stands for - and you Malibu most wanted
Ain't no law, boy, you ballboy, fetch Gatorade or somethin'
Since 2009, I had this - jumpin'
You - get a wedgie, be flipped over your boxers
What OVO for? The ""Other - -""? -
- straighten they posture, got famous all up in Compton
Might write this for the doctorate, tell the pop star quit hidin'
F- a caption, want action, no accident
And I'm hands-on, he f- around, get polished
F- on Wayne girl while he was in jail, that's connivin'
Then get his face tatted like a - apologizin'
I'm glad DeRoz' came home, y'all didn't deserve him neither
From Alondra down to Central, - better not speak on Serena
And your homeboy need subpoena, that predator move in flocks
That name gotta be registered and placed on neighborhood watch
I lean on you - like another line of Wock
Yeah, it's all eyes on me, and I'ma send it up to Pac, ay
Put the wrong label on me, I'ma get 'em dropped, ay
Sweet Chin Music, and I won't pass the aux, ay
How many stocks do I really have in stock? Ay
One, two, three, four, five, plus five, ay
Devil is a lie, he a 69 God, ay
Freaky - - need to stay they - inside, ay
- - - up like a fresh pack of 'za, ay
City is back up, it's a must, we outside, ay
They not like us, they not like us, they not like us
They not like us, they not like us, they not like us
Once upon a time, all of us was in chains
Homie still doubled down callin' us some slaves
Atlanta was the Mecca, buildin' railroads and trains
Bear with me for a second, let me put y'all on game
The settlers was usin' town folk to make 'em richer
Fast-forward, 2024, you got the same agenda
You run to Atlanta when you need a check balance
Let me break it down for you, this the real - challenge
You called Future when you didn't see the club (ay, what?)
Lil Baby helped you get your lingo up (what?)
21 gave you false street cred
Thug made you feel like you a slime in your head (ay, what?)
Quavo said you can be from Northside (what?)
2 Chainz say you good, but he lied
You run to Atlanta when you need a few dollars
No, you not a colleague, you a f- colonizer
The family matter, and the truth of the matter
It was God's plan to show y'all the liar
Mm, mm-mm
He a fan, he a fan, he a fan (mm), he a fan, he a fan, he a
- - -, he a 69 God
- - -, he a 69 God
Hey, hey, hey, hey, run for your life
Hey, hey, hey, hey, run for your life
- - -, he a 69 God
- - -, he a 69 God
Hey, hey, hey, hey, run for your life
Hey, hey, hey, hey, run for your life
Let me hear you say, ""OV-ho"" (OV-ho)
Say, ""OV-ho"" (OV-ho)
Then step this way, step that way
Then step this way, step that way
Are you my friend?
Are we locked in?
Then step this way, step that way
Then step this way, step that way",4
Kendrick Lamar,Boom bap / Lyric,T6eK-2OQtew,Not Like Us,Kendrick Lamar,I need up,1
Kendrick Lamar,Boom bap / Lyric,T6eK-2OQtew,Not Like Us,Kendrick Lamar,🧊🧊🧊🦉,1
Kendrick Lamar,Boom bap / Lyric,T6eK-2OQtew,Not Like Us,Kendrick Lamar,MUSTARRRRRD,1
Kendrick Lamar,Boom bap / Lyric,T6eK-2OQtew,Not Like Us,Kendrick Lamar,Why does it have p.Diddy s mansion ? 😮that’s weird who’s with me?👇🏻,2
Kendrick Lamar,Boom bap / Lyric,T6eK-2OQtew,Not Like Us,Kendrick Lamar,""" I've been doing this since 2009"" We love you MJackson  Rip 2009. Let's get back to real music plzzz",3
Kendrick Lamar,Boom bap / Lyric,T6eK-2OQtew,Not Like Us,Kendrick Lamar,https://youtu.be/T6eK-2OQtew?t=57&si=aaDIbwd0WmjZd9Yq,1
Kendrick Lamar,Boom bap / Lyric,T6eK-2OQtew,Not Like Us,Kendrick Lamar,😅,1
Kendrick Lamar,Boom bap / Lyric,T6eK-2OQtew,Not Like Us,Kendrick Lamar,"I - I
C - can't 
E - erase
M - memories
A - after
N - Not Like Us",13
Kendrick Lamar,Boom bap / Lyric,T6eK-2OQtew,Not Like Us,Kendrick Lamar,🤙🏻,0
Kendrick Lamar,Boom bap / Lyric,T6eK-2OQtew,Not Like Us,Kendrick Lamar,"Every time Drake releases a song I’m gonna listen to this one, three times just to heal my ears.",13
Kendrick Lamar,Boom bap / Lyric,T6eK-2OQtew,Not Like Us,Kendrick Lamar,Eminem would destroy Kendrick,3
Kendrick Lamar,Boom bap / Lyric,T6eK-2OQtew,Not Like Us,Kendrick Lamar,We need you to humble him again Kendrick,6
Kendrick Lamar,Boom bap / Lyric,T6eK-2OQtew,Not Like Us,Kendrick Lamar,🦗🦗🦗🦗 🤣🤣🤣,0
Kendrick Lamar,Boom bap / Lyric,T6eK-2OQtew,Not Like Us,Kendrick Lamar,Wow,1
Kendrick Lamar,Boom bap / Lyric,T6eK-2OQtew,Not Like Us,Kendrick Lamar,This is fire 🔥🔥🔥🔥🔥,1
Kendrick Lamar,Boom bap / Lyric,T6eK-2OQtew,Not Like Us,Kendrick Lamar,Drake the boss ovo,1
Kendrick Lamar,Boom bap / Lyric,T6eK-2OQtew,Not Like Us,Kendrick Lamar,"i""m from Brasil",2
Kendrick Lamar,Boom bap / Lyric,T6eK-2OQtew,Not Like Us,Kendrick Lamar,"Kendrick, we need you again",7
Kendrick Lamar,Boom bap / Lyric,T6eK-2OQtew,Not Like Us,Kendrick Lamar,it’s been 2 years already,7
Kendrick Lamar,Boom bap / Lyric,T6eK-2OQtew,Not Like Us,Kendrick Lamar,😂😂😂😂😂😂,1
Kendrick Lamar,Boom bap / Lyric,T6eK-2OQtew,Not Like Us,Kendrick Lamar,"Kendrick please release another diss because drake used Micheal Jackson’s REAL glove for a dang cover, that’s worth more than my house",1
Kendrick Lamar,Boom bap / Lyric,T6eK-2OQtew,Not Like Us,Kendrick Lamar,I WILL ALWAYS COME BACK HERE BECAUSE OF MR ICEMAN 😂😂😂,5
Kendrick Lamar,Boom bap / Lyric,T6eK-2OQtew,Not Like Us,Kendrick Lamar,"This will be his last moment , the 6 god has returned to the top #iceman",2
Kendrick Lamar,Boom bap / Lyric,T6eK-2OQtew,Not Like Us,Kendrick Lamar,He brought the west coast cali flow out he is NOT playing️,1
Kendrick Lamar,Boom bap / Lyric,T6eK-2OQtew,Not Like Us,Kendrick Lamar,2 years still fire,7
Kendrick Lamar,Boom bap / Lyric,T6eK-2OQtew,Not Like Us,Kendrick Lamar,good shit Kendrick,2
Kendrick Lamar,Boom bap / Lyric,T6eK-2OQtew,Not Like Us,Kendrick Lamar,Pop out (high),0
Kendrick Lamar,Boom bap / Lyric,T6eK-2OQtew,Not Like Us,Kendrick Lamar,W 😂💀💀🔥🔥🔥🙏🙏✌️✌️✌️😭😭😭😭😭😭,4
Kendrick Lamar,Boom bap / Lyric,T6eK-2OQtew,Not Like Us,Kendrick Lamar,U kno u done fucked up when Obama says KENDRICK!,3
Kendrick Lamar,Boom bap / Lyric,T6eK-2OQtew,Not Like Us,Kendrick Lamar,Who here after drake wore mjs glove?,3
Kendrick Lamar,Boom bap / Lyric,T6eK-2OQtew,Not Like Us,Kendrick Lamar,Jidions theme song:,1
Kendrick Lamar,Boom bap / Lyric,T6eK-2OQtew,Not Like Us,Kendrick Lamar,This shit really is timeless,1
Kendrick Lamar,Boom bap / Lyric,T6eK-2OQtew,Not Like Us,Kendrick Lamar,Cme back from “hurt album” released last week 😭,6
Kendrick Lamar,Boom bap / Lyric,T6eK-2OQtew,Not Like Us,Kendrick Lamar,I came here after listening to IcebMan’s trash.,6
Kendrick Lamar,Boom bap / Lyric,T6eK-2OQtew,Not Like Us,Kendrick Lamar,"Psst, I see dead people
Mustard on the beat, ho
Ay, Mustard on the beat, ho
Deebo, any rap nigga, he a free-throw
Man down, call an ambulamps, tell him, ""Breathe, bro""
Nail a nigga to the cross, he walk around like Teezo
What's up with these jabroni-ass niggas tryna see Compton?
The industry can hate me, fuck 'em all and they mama
How many opps you really got? I mean, it's too many options
I'm finna pass on this body, I'm John Stockton
Beat yo' ass and hide the Bible if God watchin'
Sometimes you gotta pop out and show niggas
Certified boogeyman, I'm the one that upped the score with 'em
Walk him down, whole time I know he got some ho in him
Pole on him, extort shit, bully the flow on him
Say, Drake, I hear you like 'em young
You better not ever go to cell block one
To any bitch that talk to him and they in love
Just make sure you hide yo' lil' sister from him
They tell me Chubbs the only one that get yo' hand-me-downs
And Party at the party, playin' with his nose now
And Baka got a weird case, why is he around?
Certified Lover Boy? Certified pedophiles
Wop, wop, wop, wop, wop, Dot, fuck 'em up
Wop, wop, wop, wop, wop, I'ma do my stuff
Why you trollin' like a bitch? Ain't you tired?
Tryna strike a chord and it's probably A minor
They not like us, they not like us, they not like us
They not like us, they not like us, they not like us
You think the Bay gon' let you disrespect Pac, nigga?
I think that Oakland show gon' be yo' last stop, nigga
Did Cole fouI, I don't know why you still pretendin'
What is the owl? Bird niggas and bird bitches, go
The audience not dumb, shape the stories how you want
Hey, Drake, they're not slow
Rabbit hole is still deep, I can go further, I promise
Ain't that somethin'? B-Rad stands for bitch and you Malibu most wanted
Ain't no law, boy, you ballboy, fetch Gatorade or somethin'
Since 2009, I had this bitch jumpin'
You niggas'll get a wedgie, be flipped over yo' boxers
What OVO for? The ""Other Vaginal Option""? Pussy
Nigga better straighten they posture, got famous all up in Compton
Might write this for the doctorate, tell the pop star quit hidin'
Fuck a caption, want action, no accident
And I'm hands-on, he fuck around, get polished
Fucked on Wayne girl while he was in jail, that's connivin'
Then get his face tatted like a bitch apologizin'
I'm glad DeRoz' came home, y'all didn't deserve him neither
From Alondra down to Central, nigga better not speak on Serena
And yo' homeboy need subpoena, that predator move in flocks
That name gotta be registered and placed on neighborhood watch
I lean on you niggas like another line of Wock'
Yeah, it's all eyes on me, and I'ma send it up to Pac, ay
Put the wrong label on me, I'ma get 'em dropped, ay
Sweet Chin Music, and I won't pass the aux, ay
How many stocks do I really have in stock? Ay
One, two, three, four, five, plus five, ay
Devil is a lie, he a 69 God, ay
Freaky-ass niggas need to stay they ass inside, ay
Roll they ass up, like a fresh pack of 'za, ay
City is back up, it's a must, we outside, ay
They not like us, they not like us, they not like us
They not like us, they not like us, they not like us
Once upon a time, all of us was in chains
Homie still doubled down callin' us some slaves
Atlanta was the Mecca, buildin' railroads and trains
Bear with me for a second, let me put y'all on game
The settlers was usin' town folk to make 'em richer
Fast-forward, 2024, you got the same agenda
You run to Atlanta when you need a check balance
Let me break it down for you, this the real nigga challenge
You called Future when you didn't see the club (ay, what?)
Lil Baby helped you get yo' lingo up (what?)
21 gave you false street cred
Thug made you feel like you a slime in yo' head (ay, what?)
Quavo said you can be from Northside (what?)
2 Chainz say you good, but he lied
You run to Atlanta when you need a few dollars
No, you not a colleague, you a fuckin' colonizer
The family matter, and the truth of the matter
It was God's plan to show y'all the liar
Mm, mm
He a fan, he a fan, he a fan (mm)
He a fan, he a fan, he a-
Freaky-ass nigga, he a 69 God
Freaky-ass nigga, he a 69 God
Hey, hey, hey, hey, run for yo' life
Hey, hey, hey, hey, run for yo' life
Freaky-ass nigga, he a 69 God
Freaky-ass nigga, he a 69 God
Hey, hey, hey, hey, run for yo' life
Hey, hey, hey, hey, run for yo' life
Let me hear you say, ""OV-ho"" (OV-ho)
Say, ""OV-ho"" (OV-ho)
Then step this way, step that way
Then step this way, step that way
Are you my friend?
Are we locked in?
Then step this way, step that way
Then step this way, step that way",4
Kendrick Lamar,Boom bap / Lyric,T6eK-2OQtew,Not Like Us,Kendrick Lamar,w song ?,2
Kendrick Lamar,Boom bap / Lyric,T6eK-2OQtew,Not Like Us,Kendrick Lamar,"Pssst, I see dead people…

“Mustard on that beat ho”
Ayy, mustard on the beat ho 
Depo, any rap nga?
He a free throw
Man down, call the amberlamps
Tell em, “Breathe bro!”
Nail a nga to the cross
He walk around like Teezo 
Wassup with these jabroni ass ngas tryna see Compton?
The industry can hate me, fuck em all and they mama 
How many ops you really got?
I mean, it’s too many options 
I’m finna pass on this body I’m John Stockton 

Beat yo ass and hide the bible if god watchin.

Sometimes you gotta pop out and show ngas
Certified boogeyman, I’m the one that up the score wit em
Walk em down, whole time I know he got some hoe in him
Pole on him, extort shit, bully death row on him
SAY DRAKE, I hear you like em young
You bet’ not eva go to cell block 1
To any bitch that talk to em and they in love?
Just make sure you hide yo lil sister from em
They tell me chubs the only one that get yo hand me downs 
And party at the party playin wit his nose now
And Baka got a weird case, why is he around?
Certified lover boy? 

Certified pedophiles.

WOP WOP WOP WOP WOP
“Dot, fuck em up”
WOP WOP WOP WOP WOP

Ima do my stuff 
Why you trollin like a bitch, ain’t you “tiiirreddd”?
Tryna strike a cord
And it’s probably 

A minooooooorrrrrrrrrrrrrrrrrrrrrrrrrrrrrrrrrrrrrrrrrrrrrrrrrrrrrrrrrrrrrrrrrrrrrrrrrrrrrrrrrrrrrr…


They not like us 
They not like us
They not like us 

They not like us 
They not like us
They not like us 

You think the bay gon’ let you disrespect Pac nga?
I think that Oakland show gon’ be yo last stop nga.
Did Cole foul, ion know why you still pretending 
What is the owl? Bird ngas and bird bitches, GO
The audience not dumb, shape the stories how you want
Hey Drake, they’re not slow 
Rabbit hole is still deep, I can go further I promise
Ain’t that somethin?
“B Rap” stands for “Bitch” 
And you “Malibu Most Wanted”
Ain’t no law boy, you ball boy, fetch Gatorade or somethin
Since 2009 I had this bitch jumpin
You ngas’ll get a wedgie, be flipped over yo boxers
What “OVO” for? The “Other Vaginal Option”?

Pussyyy 💅

Nga better straighten they posture
Got famous all up in Compton 
Might write this for the doctrine 
Tell a pop star quit hiding 
Fuck a caption, want action, no accident, and I’m hands on
He fuck around and get polished
Fucked on Wayne girl while he was in jail, that’s conniving 
Then get his face tatted like a bitch apologizing 
I’m glad Deros came home, yall didn’t deserve him neither 
From Alondra down to Central nga bet’ not speak on Serena 
And ya homeboy need Sopena, that predator move in flocks 
That name gotta be registered and placed on neighborhood watch 
I’ll lean on you ngas like another line of wock, yeah
It’s All Eyez On Me and ima send it up to Pac, ay
Put the whole label on me, ima get em dropped, ay
Sweet chin music, and I won’t pass the AUX, ay 
How many stocks do I really have in stock, ay?
1, 2, 3, 4, 5, plus 5, ay
Devil is a lie, he a 69 god, ay
Freaky ass ngas need to stay they ass inside, ay
Roll they ass up like a fresh pack of ‘za, ay
City is back up, it’s a must, we outside, ay 


They not like us
They not like us 
They not like us 

They not like us 
They not like us
They not like us

Once upon a time all of us was in chains 
Homie still doubled down, calling us some slaves
Atlanta was the Mecca building railroads and trains 
Bear wit me for a second, let me put yall on game
The settlers was using town folk to make em richer
Fast forward, 2024, you got the same agenda 
You run to Atlanta when you need a check balance 
Let me break it down for you, this the real nga challenge
You called future when you didn’t see the club 

Ay, what?

Lil baby helped you get yo lingo up

What?

21 gave you false street cred 
Thug made you feel like you a slime in yo head

Ay, what?

Quavo said you can be from north side

What?

2Chainz said you good, but he lied 
You run to Atlanta when you need a few dollars
No you not a colleague, you a fuckin colonizer

The Family Matter, and the truth of the matter, it was God’s Plan to show yall the liar


Mmm

Mmm-mm

He a f.a.n, he a f.a.n, he a f.a.n
Mm

He a f.a.n, he a f.a.n, he a

Freaky ass nga, he a 69 god

Freaky ass nga, he a 69 god

Hey, hey, hey, hey run for yo life

Hey, hey, hey, hey run for yo life

Freaky ass nga, he a 69 god 

Freaky ass nga, he a 69 god

Hey, hey, hey, hey run for yo life

Hey, hey, hey, hey run for yo life-
LEMME HEAR YOU SAY OV-HOE

“OV-HOE”

SAY OV-HOE

“OV-HOE”

Then step this way, step that way

Then step this way, step that way

Are you my friend? 

Are we locked in? 

Then step this way, step that way

Then step this way, step that way",2
Kendrick Lamar,Boom bap / Lyric,T6eK-2OQtew,Not Like Us,Kendrick Lamar,Mid mid mid skip skip,1
Kendrick Lamar,Boom bap / Lyric,T6eK-2OQtew,Not Like Us,Kendrick Lamar,"Kendrick Melted Iceman on this song 
Not like us",3
Kendrick Lamar,Boom bap / Lyric,T6eK-2OQtew,Not Like Us,Kendrick Lamar,Www😂😂😂😂,0
Kendrick Lamar,Boom bap / Lyric,T6eK-2OQtew,Not Like Us,Kendrick Lamar,They not like us....,3
Kendrick Lamar,Boom bap / Lyric,T6eK-2OQtew,Not Like Us,Kendrick Lamar,Had to back here after violating my ears with that ice man album,9
Kendrick Lamar,Boom bap / Lyric,T6eK-2OQtew,Not Like Us,Kendrick Lamar,"2 years later drake still got dot living rent free 😂😂😂 I'm just making sure Kendrick knows  we still here 🔥🔥🔥 hey man, ""FINISH HIM""",5
Kendrick Lamar,Boom bap / Lyric,T6eK-2OQtew,Not Like Us,Kendrick Lamar,duds gonna go to prison for criminal libel conviction atp💀,0
Kendrick Lamar,Boom bap / Lyric,T6eK-2OQtew,Not Like Us,Kendrick Lamar,🧊🧊🧊🧊🧊,3
Kendrick Lamar,Boom bap / Lyric,T6eK-2OQtew,Not Like Us,Kendrick Lamar,تطنيح😂,0
Kendrick Lamar,Boom bap / Lyric,T6eK-2OQtew,Not Like Us,Kendrick Lamar,"Gotta listen to this after Drake hate praised MJ. 

If MJ were alive, he'd promote Kendrick's diss track.

don't forget his diss track on a dead guy at 24",3
Kendrick Lamar,Boom bap / Lyric,T6eK-2OQtew,Not Like Us,Kendrick Lamar,3:40 🥹🥹🥹🥹👌💯,0
Kendrick Lamar,Boom bap / Lyric,T6eK-2OQtew,Not Like Us,Kendrick Lamar,Iceman sucked I guess I’ll continue to listen to GNX. 😂,9
Kendrick Lamar,Boom bap / Lyric,T6eK-2OQtew,Not Like Us,Kendrick Lamar,You do rock my boat im jamming 😂😮😅😊🎉❤❤❤❤❤❤❤🎉🎉🎉🎉🎉,0
Kendrick Lamar,Boom bap / Lyric,T6eK-2OQtew,Not Like Us,Kendrick Lamar,DONT BE MUTHAFUNKIN HATING ON A RAPPER 😂😮😢😅😊❤❤❤❤I DO admire good art😢😂😮😅😊😊😊😊😊😊😊❤❤❤❤❤❤❤🎉🎉🎉🎉🎉🎉🎉🎉🎉,1
Kendrick Lamar,Boom bap / Lyric,T6eK-2OQtew,Not Like Us,Kendrick Lamar,Feel like everybody forgot this about Drake,3
Kendrick Lamar,Boom bap / Lyric,T6eK-2OQtew,Not Like Us,Kendrick Lamar,It fits on the list,0
Kendrick Lamar,Boom bap / Lyric,T6eK-2OQtew,Not Like Us,Kendrick Lamar,Still slaps 😂😂😂,4
Kendrick Lamar,Boom bap / Lyric,T6eK-2OQtew,Not Like Us,Kendrick Lamar,“God damn kid where did you get this one” iykyk correct me if I’m wrong 😅,0
Kendrick Lamar,Boom bap / Lyric,T6eK-2OQtew,Not Like Us,Kendrick Lamar,"This song started a literal revolution back in summer 2024, ngl.",10
Kendrick Lamar,Boom bap / Lyric,T6eK-2OQtew,Not Like Us,Kendrick Lamar,Mid mid mid skip skip 🧊🧊🧊🧊🧊,2
Kendrick Lamar,Boom bap / Lyric,T6eK-2OQtew,Not Like Us,Kendrick Lamar,This shit is so ass,3
Kendrick Lamar,Boom bap / Lyric,T6eK-2OQtew,Not Like Us,Kendrick Lamar,Terrance Crawford x Terrance Thornton 💪🏾,1
Kendrick Lamar,Boom bap / Lyric,T6eK-2OQtew,Not Like Us,Kendrick Lamar,🧊🧊🧊🧊🧊🧊🧊🧊🧊🧊🧊🧊🧊🧊🧊🧊🧊🧊🧊🧊🧊🧊,3
Kendrick Lamar,Boom bap / Lyric,T6eK-2OQtew,Not Like Us,Kendrick Lamar,I’m your fan😊😊🫶🏽👏🏿🫸🏽💩😈👿👿😈😈😈👿😈😈,2
Kendrick Lamar,Boom bap / Lyric,T6eK-2OQtew,Not Like Us,Kendrick Lamar,WA WA WA WA WAA DA DE FUCK EM WAAA WAA WA WA gonna do MY STUFF,1
Kendrick Lamar,Boom bap / Lyric,T6eK-2OQtew,Not Like Us,Kendrick Lamar,Back,0
Kendrick Lamar,Boom bap / Lyric,T6eK-2OQtew,Not Like Us,Kendrick Lamar,"This track is not a diss to Drake.. Kendrick is a genius.. This for all those on the Epstein files, on the Epstein flight logs, for all those that went to island or had any buisness with Epstein..",2
Kendrick Lamar,Boom bap / Lyric,T6eK-2OQtew,Not Like Us,Kendrick Lamar,two years ago??,9
Kendrick Lamar,Boom bap / Lyric,T6eK-2OQtew,Not Like Us,Kendrick Lamar,‏‪0:26‬‏,0
Kendrick Lamar,Boom bap / Lyric,T6eK-2OQtew,Not Like Us,Kendrick Lamar,did he just said that darek dont sell black kids.,0
Kendrick Lamar,Boom bap / Lyric,T6eK-2OQtew,Not Like Us,Kendrick Lamar,"[Intro]
Psst, I see dead people
(Mustard on the beat, ho)

[Verse 1]
Ayy, Mustard on the beat, ho
Deebo any rap nigga, he a free throw
Man down, call an amberlamps, tell him, ""Breathe, bro""
Nail a nigga to the cross, he walk around like Teezo
What's up with these jabroni-ass niggas tryna see Compton?
The industry can hate me, fuck 'em all and they mama
How many opps you really got? I mean, it's too many options
I'm finna pass on this body, I'm John Stockton
Beat your ass and hide the Bible if God watchin'
Sometimes you gotta pop out and show niggas
Certified boogeyman, I'm the one that up the score with 'em
Walk him down, whole time, I know he got some ho in him
Pole on him, extort shit, bully Death Row on him
Say, Drake, I hear you like 'em young
You better not ever go to cell block one
To any bitch that talk to him and they in love
Just make sure you hide your lil' sister from him
They tell me Chubbs the only one that get your hand-me-downs
And Party at the party playin' with his nose now
And Baka got a weird case, why is he around?
Certified Lover Boy? Certified pedophiles
Wop, wop, wop, wop, wop, Dot, fuck 'em up
Wop, wop, wop, wop, wop, I'ma do my stuff
Why you trollin' like a bitch? Ain't you tired?
Tryna strike a chord and it's probably A minor
[Chorus]
They not like us, they not like us, they not like us
They not like us, they not like us, they not like us

[Verse 2]
You think the Bay gon' let you disrespect Pac, nigga?
I think that Oakland show gon' be your last stop, nigga
Did Cole foul, I don't know why you still pretendin'
What is the owl? Bird niggas and burnt bitches, go
The audience not dumb
Shape the stories how you want, hey, Drake, they're not slow
Rabbit hole is still deep, I can go further, I promise
Ain't that somethin'? B-Rad stands for bitch and you Malibu most wanted
Ain't no law, boy, you ball boy, fetch Gatorade or somethin'
Since 2009, I had this bitch jumpin'
You niggas'll get a wedgie, be flipped over your boxers
What OVO for? The ""Other Vaginal Option""? Pussy
Nigga better straighten they posture, got famous all up in Compton
Might write this for the doctorate, tell the pop star quit hidin'
Fuck a caption, want action, no accident
And I'm hands-on, he fuck around, get polished
Fucked on Wayne girl while he was in jail, that's connivin'
Then get his face tatted like a bitch apologizin'
I'm glad DeRoz' came home, y'all didn't deserve him neither
From Alondra down to Central, nigga better not speak on Serena
And your homeboy need subpoena, that predator move in flocks
That name gotta be registered and placed on neighborhood watch
I lean on you niggas like another line of Wock'
Yeah, it's all eyes on me, and I'ma send it up to Pac, ayy
Put the wrong label on me, I'ma get 'em dropped, ayy
Sweet Chin Music and I won't pass the aux, ayy
How many stocks do I really have in stock? Ayy
One, two, three, four, five, plus five, ayy
Devil is a lie, he a 69 God, ayy
Freaky-ass niggas need to stay they ass inside, ayy
Roll they ass up like a fresh pack of 'za, ayy
City is back up, it's a must, we outside, ayy

[Chorus]
They not like us, they not like us, they not like us
They not like us, they not like us, they not like us

[Verse 3]
Once upon a time, all of us was in chains
Homie still doubled down callin' us some slaves
Atlanta was the Mecca, buildin' railroads and trains
Bear with me for a second, let me put y'all on game
The settlers was usin' townfolk to make 'em richer
Fast-forward, 2024, you got the same agenda
You run to Atlanta when you need a check balance
Let me break it down for you, this the real nigga challenge
You called Future when you didn't see the club (Ayy, what?)
Lil Baby helped you get your lingo up (What?)
21 gave you false street cred
Thug made you feel like you a slime in your head (Ayy, what?)
Quavo said you can be from Northside (What?)
2 Chainz say you good, but he lied
You run to Atlanta when you need a few dollars
No, you not a colleague, you a fuckin' colonizer
The family matter and the truth of the matter
It was God's plan to show y'all the liar

[Bridge]
Mm
Mm-mm
He a fan, he a fan, he a fan (Mm)
He a fan, he a fan, he a
Freaky-ass nigga, he a 69 God
Freaky-ass nigga, he a 69 God
Hey, hey, hey, hey, run for your life
Hey, hey, hey, hey, run for your life
Freaky-ass nigga, he a 69 God
Freaky-ass nigga, he a 69 God
Hey, hey, hey, hey, run for your life
Hey, hey, hey, hey, run for your life
Let me hear you say, ""OV-ho"" (OV-ho)
Say, ""OV-ho"" (OV-ho)
Then step this way, step that way
Then step this way, step that way

[Outro]
Are you my friend?
Are we locked in?
Then step this way, step that way
Then step this way, step that way",1
Kendrick Lamar,Boom bap / Lyric,T6eK-2OQtew,Not Like Us,Kendrick Lamar,If they ever do another To Catch a Predator show this should be the intro song,1
Kendrick Lamar,Boom bap / Lyric,T6eK-2OQtew,Not Like Us,Kendrick Lamar,Here to put back the views that dropped off 😅,2
Kendrick Lamar,Boom bap / Lyric,T6eK-2OQtew,Not Like Us,Kendrick Lamar,2 year anniversary listen.,4
Kendrick Lamar,Boom bap / Lyric,T6eK-2OQtew,Not Like Us,Kendrick Lamar,"Iceman can't top this ❤❤❤

1.2B views",0
Kendrick Lamar,Boom bap / Lyric,T6eK-2OQtew,Not Like Us,Kendrick Lamar,Who's here after Drake dropped an abysmal dog 💩of an album? 👇,10
Kendrick Lamar,Boom bap / Lyric,T6eK-2OQtew,Not Like Us,Kendrick Lamar,one of the best diss tracks ever,5
Kendrick Lamar,Boom bap / Lyric,T6eK-2OQtew,Not Like Us,Kendrick Lamar,say drake 😂.. you ain't like us,4
Kendrick Lamar,Boom bap / Lyric,T6eK-2OQtew,Not Like Us,Kendrick Lamar,"🧊🧊🧊🧊🧊🧊🧊🧊🧊🧊🧊🧊🧊🧊🧊🧊🧊🧊🧊🧊🧊🧊🧊🧊🧊🧊🧊🧊🧊🧊🧊🧊🧊🧊🧊🧊🧊🧊🧊🧊🧊🧊🧊🧊🧊🧊🧊🧊🧊🧊🧊🧊🧊🧊🧊🧊🧊🧊🧊🧊🧊🧊🧊🧊
                                       6️⃣",3
Kendrick Lamar,Boom bap / Lyric,T6eK-2OQtew,Not Like Us,Kendrick Lamar,Needed a palette cleanser,5
Kendrick Lamar,Boom bap / Lyric,T6eK-2OQtew,Not Like Us,Kendrick Lamar,Iceman was dogshit,14
Kendrick Lamar,Boom bap / Lyric,T6eK-2OQtew,Not Like Us,Kendrick Lamar,Who came back after the 3 piles of trash Drake dropped? 😂,15
Kendrick Lamar,Boom bap / Lyric,T6eK-2OQtew,Not Like Us,Kendrick Lamar,Damn 2 years already wtfff,4
Kendrick Lamar,Boom bap / Lyric,T6eK-2OQtew,Not Like Us,Kendrick Lamar,Who's here after Iceman?😂😂😂😂,75
Kendrick Lamar,Boom bap / Lyric,T6eK-2OQtew,Not Like Us,Kendrick Lamar,This really got deleted?,0
Kendrick Lamar,Boom bap / Lyric,T6eK-2OQtew,Not Like Us,Kendrick Lamar,"Like that, Meet the Grahams, Not like us, and Euphoria VS. Family Matters was so tragic the only things he's dropped since is wah gwan delilah, meet your padre, and ice man",3
Kendrick Lamar,Boom bap / Lyric,T6eK-2OQtew,Not Like Us,Kendrick Lamar,"Τhis is actually better than the shitty 43 songs Drake threw up and both of these guys suck anyway, LMAO.",2
Kendrick Lamar,Boom bap / Lyric,T6eK-2OQtew,Not Like Us,Kendrick Lamar,i have to revisit cuz drake dumping trash,4
Kendrick Lamar,Boom bap / Lyric,T6eK-2OQtew,Not Like Us,Kendrick Lamar,"and drake said he's better than MJ, he aint even better than Kendrick.",8
Kendrick Lamar,Boom bap / Lyric,T6eK-2OQtew,Not Like Us,Kendrick Lamar,This was I C O N I C .,5
Kendrick Lamar,Boom bap / Lyric,T6eK-2OQtew,Not Like Us,Kendrick Lamar,🧊🧊ICEMAN🥶🥶,1
Kendrick Lamar,Boom bap / Lyric,T6eK-2OQtew,Not Like Us,Kendrick Lamar,"Now people will come back to this track because they knew UMG was a shady business model. Drake fans will never learn that he caught a case and the Epstein Class blackmailed him for his music career. Drake is a phoney and remember GNX was Kendrick's worst album and it shitted on all 3 new drake albums lyrically and correctly.


NOW LEMME HERE YOU SAY OVHOEEEEEEEEE",4
Kendrick Lamar,Boom bap / Lyric,T6eK-2OQtew,Not Like Us,Kendrick Lamar,bro that disstrack is fire especially the 2nd and 3rd verse,6
Kendrick Lamar,Boom bap / Lyric,T6eK-2OQtew,Not Like Us,Kendrick Lamar,So crazy this was 2 years ago already. Life is flying man stay safe and happy people ♥️,4
Kendrick Lamar,Boom bap / Lyric,T6eK-2OQtew,Not Like Us,Kendrick Lamar,One track to beat all three of drakes garbage albums,7
Kendrick Lamar,Boom bap / Lyric,T6eK-2OQtew,Not Like Us,Kendrick Lamar,So he still got the old video up 500 and this already at 250k 🫡,0
Kendrick Lamar,Boom bap / Lyric,T6eK-2OQtew,Not Like Us,Kendrick Lamar,Detele can't detele are goat 😂,2
Kendrick Lamar,Boom bap / Lyric,T6eK-2OQtew,Not Like Us,Kendrick Lamar,Revisiting this after Drake dropped iceman and it’s still scathing. Poor mans an dem,3
Kendrick Lamar,Boom bap / Lyric,T6eK-2OQtew,Not Like Us,Kendrick Lamar,Drake 2026 🇧🇷🇧🇷,1
Kendrick Lamar,Boom bap / Lyric,T6eK-2OQtew,Not Like Us,Kendrick Lamar,Dis shit still fire 🔥🔥🔥,3
Kendrick Lamar,Boom bap / Lyric,T6eK-2OQtew,Not Like Us,Kendrick Lamar,"Just hear to celebrate iceman lolol, fuckin clown still tryin to top this track. It’s never gonna happen, he’ll keep trying though lol that’s apparent.
WOPWOPWOPWOPWOP
DOT FUCK EM UP!",2
Kendrick Lamar,Boom bap / Lyric,T6eK-2OQtew,Not Like Us,Kendrick Lamar,2026,0
Kendrick Lamar,Boom bap / Lyric,T6eK-2OQtew,Not Like Us,Kendrick Lamar,Lollll I’m back !,1
Kendrick Lamar,Boom bap / Lyric,T6eK-2OQtew,Not Like Us,Kendrick Lamar,ICEMAN⛷️⛷️⛷️,1
Kendrick Lamar,Boom bap / Lyric,T6eK-2OQtew,Not Like Us,Kendrick Lamar,Who here after SGA MVP,0
Kendrick Lamar,Boom bap / Lyric,T6eK-2OQtew,Not Like Us,Kendrick Lamar,Anyone After Iceman 😂,4
Kendrick Lamar,Boom bap / Lyric,T6eK-2OQtew,Not Like Us,Kendrick Lamar,Im back lol,1
Kendrick Lamar,Boom bap / Lyric,T6eK-2OQtew,Not Like Us,Kendrick Lamar,Fuck Ice Man! Im the Weedman 😎,8
Kendrick Lamar,Boom bap / Lyric,T6eK-2OQtew,Not Like Us,Kendrick Lamar,We finna get everyone of them plays back 🤣,5
Kendrick Lamar,Boom bap / Lyric,T6eK-2OQtew,Not Like Us,Kendrick Lamar,Can’t believe this came out 2 years ago,10
Kendrick Lamar,Boom bap / Lyric,T6eK-2OQtew,Not Like Us,Kendrick Lamar,Had to go back to this after the 3 flock albums of Drake,11
Kendrick Lamar,Boom bap / Lyric,T6eK-2OQtew,Not Like Us,Kendrick Lamar,"Can't believe that this still going on. Still remembered all this beef like it was yesterday. Been a Kdot fan since Control so I very well know how much of a monster he is. This song HITS way different after Iceman cuz atp, Drake's conscience is killing him.",14
Kendrick Lamar,Boom bap / Lyric,T6eK-2OQtew,Not Like Us,Kendrick Lamar,"After Iceman, this tastes like fine wine",61
Kendrick Lamar,Boom bap / Lyric,T6eK-2OQtew,Not Like Us,Kendrick Lamar,👉👉https://www.youtube.com/watch?v=5q5isbFCtW4&list=RD5q5isbFCtW4&start_radio=1👈👈,1
Kendrick Lamar,Boom bap / Lyric,T6eK-2OQtew,Not Like Us,Kendrick Lamar,"I still make a stank face when that beat drop and for several bars, yuck, Kendrick you nasty mf🔥🔥🔥",6
Kendrick Lamar,Boom bap / Lyric,T6eK-2OQtew,Not Like Us,Kendrick Lamar,Shits still a banger in the grand 26,4
Kendrick Lamar,Boom bap / Lyric,T6eK-2OQtew,Not Like Us,Kendrick Lamar,GNX is literally killing iceman and them other 2 trash tapes 😂😂😂😂😂,4
Kendrick Lamar,Boom bap / Lyric,T6eK-2OQtew,Not Like Us,Kendrick Lamar,Drake albums just made me appreciate this more.,6
Kendrick Lamar,Boom bap / Lyric,T6eK-2OQtew,Not Like Us,Kendrick Lamar,4:11,0
Kendrick Lamar,Boom bap / Lyric,T6eK-2OQtew,Not Like Us,Kendrick Lamar,blue covers carried the movie,0
Kendrick Lamar,Boom bap / Lyric,T6eK-2OQtew,Not Like Us,Kendrick Lamar,Who here after Iceman drop ??,4
Kendrick Lamar,Boom bap / Lyric,T6eK-2OQtew,Not Like Us,Kendrick Lamar,"🔥🔥🔥🔥🔥
🖤✊🏾🖤🇺🇸💪🏾🪶🦁",0
Kendrick Lamar,Boom bap / Lyric,T6eK-2OQtew,Not Like Us,Kendrick Lamar,😂😂😂😂,0
Kendrick Lamar,Boom bap / Lyric,T6eK-2OQtew,Not Like Us,Kendrick Lamar,Alguien escucho aceite de people,0
Kendrick Lamar,Boom bap / Lyric,T6eK-2OQtew,Not Like Us,Kendrick Lamar,🧊🧊🧊❄️❄️❄️🥶🥶,1
Kendrick Lamar,Boom bap / Lyric,T6eK-2OQtew,Not Like Us,Kendrick Lamar,"Why did he delete? It's control damage. SPOTIFY FINDOUT THAT millions streams were made by bots... Some by crazy fans who would open the records for few seconds and start over again.

He is pulling a stunt like he's in control. So now wants to give people another perception if his views now greater than those of Drakes then he brags about it. lf he fails then we have have to excuse Kendrick.",0
Kendrick Lamar,Boom bap / Lyric,T6eK-2OQtew,Not Like Us,Kendrick Lamar,this is wayy better than ice man,2
Kendrick Lamar,Boom bap / Lyric,T6eK-2OQtew,Not Like Us,Kendrick Lamar,"""you run to Atlanta when you need a check balance"" 

""you called Future when you didn't see the club"" 

Aged well",4
Kendrick Lamar,Boom bap / Lyric,T6eK-2OQtew,Not Like Us,Kendrick Lamar,Who BACK After Bruh Dropped that TRASH On The Streets Volume 3???? CHECK IN For A Refresh! 🤷🏾‍♂️✅,2
Kendrick Lamar,Boom bap / Lyric,T6eK-2OQtew,Not Like Us,Kendrick Lamar,WHO IS HERE AFTER ICEMAN,4
Kendrick Lamar,Boom bap / Lyric,T6eK-2OQtew,Not Like Us,Kendrick Lamar,"After 2 years 🔥 
Drake still dissing",2
Kendrick Lamar,Boom bap / Lyric,T6eK-2OQtew,Not Like Us,Kendrick Lamar,Had to come listen to this after that garbage,4
Kendrick Lamar,Boom bap / Lyric,T6eK-2OQtew,Not Like Us,Kendrick Lamar,Them haters brought me back.,3
Kendrick Lamar,Boom bap / Lyric,T6eK-2OQtew,Not Like Us,Kendrick Lamar,❤❤❤😢😢 good music Lamar ❤❤❤🎉😂😢😢,0
Kendrick Lamar,Boom bap / Lyric,T6eK-2OQtew,Not Like Us,Kendrick Lamar,In retrospect this was awful.  No thanks.,1
Kendrick Lamar,Boom bap / Lyric,T6eK-2OQtew,Not Like Us,Kendrick Lamar,"May 16, 2026 🎉",2
Kendrick Lamar,Boom bap / Lyric,T6eK-2OQtew,Not Like Us,Kendrick Lamar,Summer 2024 nostalgia,9
Kendrick Lamar,Boom bap / Lyric,T6eK-2OQtew,Not Like Us,Kendrick Lamar,Who here after listening to that bullshit 😅😂😂 nah I'm JP,7
Kendrick Lamar,Boom bap / Lyric,T6eK-2OQtew,Not Like Us,Kendrick Lamar,This song really has Drake crying on iceman 😂,155
Kendrick Lamar,Boom bap / Lyric,T6eK-2OQtew,Not Like Us,Kendrick Lamar,They not like us,4
Kendrick Lamar,Boom bap / Lyric,T6eK-2OQtew,Not Like Us,Kendrick Lamar,We need this slappah of a track to hit 1B before tha summers out yo,6
Kendrick Lamar,Boom bap / Lyric,T6eK-2OQtew,Not Like Us,Kendrick Lamar,Escuchando este tema solo por el album de Drake y aparte nadie será mejor que Kendrick de ahora en adelante solo digo yo billón dólar aki,1
Kendrick Lamar,Boom bap / Lyric,T6eK-2OQtew,Not Like Us,Kendrick Lamar,THEY NOT LIKE US 🥷 Fuh ICEMAN🧊,11
Kendrick Lamar,Boom bap / Lyric,T6eK-2OQtew,Not Like Us,Kendrick Lamar,Can’t believe this was already 2 years ago,9
Kendrick Lamar,Boom bap / Lyric,T6eK-2OQtew,Not Like Us,Kendrick Lamar,اياام,2
Kendrick Lamar,Boom bap / Lyric,T6eK-2OQtew,Not Like Us,Kendrick Lamar,"Kendrick may have won the battle, but Drake definitely won the war 🧊",3
Kendrick Lamar,Boom bap / Lyric,T6eK-2OQtew,Not Like Us,Kendrick Lamar,I came back 2 years later and DAMN cooked 😭🙏🏼,5
Kendrick Lamar,Boom bap / Lyric,T6eK-2OQtew,Not Like Us,Kendrick Lamar,❄️,3
Kendrick Lamar,Boom bap / Lyric,T6eK-2OQtew,Not Like Us,Kendrick Lamar,🧊,2
Kendrick Lamar,Boom bap / Lyric,T6eK-2OQtew,Not Like Us,Kendrick Lamar,This one goes out to D4vd to damn!!,6
Kendrick Lamar,Boom bap / Lyric,T6eK-2OQtew,Not Like Us,Kendrick Lamar,"Anyone on may 16,2026 dancing",6
Kendrick Lamar,Boom bap / Lyric,T6eK-2OQtew,Not Like Us,Kendrick Lamar,"Imagine taking 2 years to reply to this ,...really frozen iceman😂",11
Kendrick Lamar,Boom bap / Lyric,T6eK-2OQtew,Not Like Us,Kendrick Lamar,cant beat this!,7
Kendrick Lamar,Boom bap / Lyric,T6eK-2OQtew,Not Like Us,Kendrick Lamar,"Guys, run! Papa Drake just released a 3-in-1! If you haven't frozen yet, run and see it. I think it's too much for the haters.",2
Kendrick Lamar,Boom bap / Lyric,T6eK-2OQtew,Not Like Us,Kendrick Lamar,"""For anyone who talk to him and fall in love, just make sure you hide yo lil sista from 'em.""",11
Kendrick Lamar,Boom bap / Lyric,T6eK-2OQtew,Not Like Us,Kendrick Lamar,Some lady named Drake dropped a Dookie album. Needed to come here and clear my ears out with some good rap.,8
Kendrick Lamar,Boom bap / Lyric,T6eK-2OQtew,Not Like Us,Kendrick Lamar,Peak Nastalgic summer of 24,5
Kendrick Lamar,Boom bap / Lyric,T6eK-2OQtew,Not Like Us,Kendrick Lamar,Fraudbry tha Snhoeman! NLU,3
Kendrick Lamar,Boom bap / Lyric,T6eK-2OQtew,Not Like Us,Kendrick Lamar,Bybr CB,2
Kendrick Lamar,Boom bap / Lyric,T6eK-2OQtew,Not Like Us,Kendrick Lamar,*Knedrick won though. I forgot to leave my comment here long ago.*,9
Kendrick Lamar,Boom bap / Lyric,T6eK-2OQtew,Not Like Us,Kendrick Lamar,*The video is not deleted. Twitter is weird.*,8
Kendrick Lamar,Boom bap / Lyric,T6eK-2OQtew,Not Like Us,Kendrick Lamar,I'm spinning back on this gem for the culture,11
Kendrick Lamar,Boom bap / Lyric,T6eK-2OQtew,Not Like Us,Kendrick Lamar,Pallete cleanser,5
Kendrick Lamar,Boom bap / Lyric,T6eK-2OQtew,Not Like Us,Kendrick Lamar,Imagine being a Drake Stan but still coming here after listening to your long awaited album drop to trash talk. We good over here 🔥🔥🔥🕺🕺🕺 Go support ya mans.  He needs it 😂😂😂,10
Kendrick Lamar,Boom bap / Lyric,T6eK-2OQtew,Not Like Us,Kendrick Lamar,🎶🎶🎶Step this way...Step that way.....🎶🎶🎶,7
Kendrick Lamar,Boom bap / Lyric,T6eK-2OQtew,Not Like Us,Kendrick Lamar,trash,0
Kendrick Lamar,Boom bap / Lyric,T6eK-2OQtew,Not Like Us,Kendrick Lamar,"🧊🧊🧊🧊🧊👌🏽👌🏽 66 ICEMAN y’all Kendrick fans stay over here on this side, the bridge is burnt, and I hope y’all know you listenin to a lyin coward😝😅🧊👌🏽66",2
Kendrick Lamar,Boom bap / Lyric,T6eK-2OQtew,Not Like Us,Kendrick Lamar,Who's here to avoid the suing rapper?😂😂🔥🔥,11
Kendrick Lamar,Boom bap / Lyric,T6eK-2OQtew,Not Like Us,Kendrick Lamar,"Yeah you was right bra 😂😂😂, that Michael Jackson cover blew me.",3
Kendrick Lamar,Boom bap / Lyric,T6eK-2OQtew,Not Like Us,Kendrick Lamar,f Iceman I'm blasting this shi again 🔥🔥,12
Kendrick Lamar,Boom bap / Lyric,T6eK-2OQtew,Not Like Us,Kendrick Lamar,Lol welp,3
Kendrick Lamar,Boom bap / Lyric,T6eK-2OQtew,Not Like Us,Kendrick Lamar,This shii still a bop 2 years later,38
Kendrick Lamar,Boom bap / Lyric,T6eK-2OQtew,Not Like Us,Kendrick Lamar,"who’s here after iceman 
that s*** is trash 😂",29
Kendrick Lamar,Boom bap / Lyric,T6eK-2OQtew,Not Like Us,Kendrick Lamar,Just so ee’body kno this is a new comment.😂😂😂,7
Kendrick Lamar,Boom bap / Lyric,T6eK-2OQtew,Not Like Us,Kendrick Lamar,Iceman vs niceman,1
Kendrick Lamar,Boom bap / Lyric,T6eK-2OQtew,Not Like Us,Kendrick Lamar,bro killed drake's career i heard he retired after dropping iceman,13
Kendrick Lamar,Boom bap / Lyric,T6eK-2OQtew,Not Like Us,Kendrick Lamar,Damn this shh slap 😂,18
Kendrick Lamar,Boom bap / Lyric,T6eK-2OQtew,Not Like Us,Kendrick Lamar,This shit still bang 😂 2026,83
Kendrick Lamar,Boom bap / Lyric,T6eK-2OQtew,Not Like Us,Kendrick Lamar,Came here to cleanse my ears after hearing Iceboy’s temu version of this joint 😂😂,33
Kendrick Lamar,Boom bap / Lyric,T6eK-2OQtew,Not Like Us,Kendrick Lamar,HERE IN 2026 🫡🫡 SALUTE DOT,15
Kendrick Lamar,Boom bap / Lyric,T6eK-2OQtew,Not Like Us,Kendrick Lamar,2 yearsss really!!!????,8
Kendrick Lamar,Boom bap / Lyric,T6eK-2OQtew,Not Like Us,Kendrick Lamar,"Listened to Iceman, then came back to this cause that man was fighting for his life on that west coast beat tune😢",137
Kendrick Lamar,Boom bap / Lyric,T6eK-2OQtew,Not Like Us,Kendrick Lamar,You know exactly why I am here,18
Kendrick Lamar,Boom bap / Lyric,T6eK-2OQtew,Not Like Us,Kendrick Lamar,Im here because Iceman is trash af. He was trying to tell us about this weirdo,15
Kendrick Lamar,Boom bap / Lyric,T6eK-2OQtew,Not Like Us,Kendrick Lamar,Back after Ice man drop just spend the block again… lol,9
Kendrick Lamar,Boom bap / Lyric,T6eK-2OQtew,Not Like Us,Kendrick Lamar,Like if you came here to cleanse your palette after the fair skinned dropped trash,11
Kendrick Lamar,Boom bap / Lyric,T6eK-2OQtew,Not Like Us,Kendrick Lamar,I WOKE 🆙 TO RUN IT 🆙,14
Kendrick Lamar,Boom bap / Lyric,T6eK-2OQtew,Not Like Us,Kendrick Lamar,Say something now iceman out.🦉,3
Kendrick Lamar,Boom bap / Lyric,T6eK-2OQtew,Not Like Us,Kendrick Lamar,I'm here because the pedophile just dropped 3 albums,6
Kendrick Lamar,Boom bap / Lyric,T6eK-2OQtew,Not Like Us,Kendrick Lamar,Much better than that ass album drake dropped,8
Kendrick Lamar,Boom bap / Lyric,T6eK-2OQtew,Not Like Us,Kendrick Lamar,😅😅😅😅😅,0
Kendrick Lamar,Boom bap / Lyric,T6eK-2OQtew,Not Like Us,Kendrick Lamar,Ice🧊🧊🧊🧊🧊,4
Kendrick Lamar,Boom bap / Lyric,T6eK-2OQtew,Not Like Us,Kendrick Lamar,"""you run to atlanta when you need a few dollars"" lmfao",423
Kendrick Lamar,Boom bap / Lyric,T6eK-2OQtew,Not Like Us,Kendrick Lamar,MFER CALLED FUTURE AGAIN 😭,16
Kendrick Lamar,Boom bap / Lyric,T6eK-2OQtew,Not Like Us,Kendrick Lamar,🧊🧊🧊🧊🧊🧊🧊🧊🧊,0
Kendrick Lamar,Boom bap / Lyric,T6eK-2OQtew,Not Like Us,Kendrick Lamar,And we’re back,10
Kendrick Lamar,Boom bap / Lyric,T6eK-2OQtew,Not Like Us,Kendrick Lamar,🧊,2
Kendrick Lamar,Boom bap / Lyric,T6eK-2OQtew,Not Like Us,Kendrick Lamar,Come to confirm 😁 The Video is still up & Drake stans tears still going down,13
Kendrick Lamar,Boom bap / Lyric,T6eK-2OQtew,Not Like Us,Kendrick Lamar,"Like if you’re here after the drake, iceman release",18
Kendrick Lamar,Boom bap / Lyric,T6eK-2OQtew,Not Like Us,Kendrick Lamar,0:31 0:31 lit bro,3
Kendrick Lamar,Boom bap / Lyric,T6eK-2OQtew,Not Like Us,Kendrick Lamar,0:17 broo,2
Kendrick Lamar,Boom bap / Lyric,T6eK-2OQtew,Not Like Us,Kendrick Lamar,Here again instead of listening to iceman,156
Kendrick Lamar,Boom bap / Lyric,T6eK-2OQtew,Not Like Us,Kendrick Lamar,Someone said them bricks wasn't made for nothing.,2
Kendrick Lamar,Boom bap / Lyric,T6eK-2OQtew,Not Like Us,Kendrick Lamar,🧊,0
Kendrick Lamar,Boom bap / Lyric,T6eK-2OQtew,Not Like Us,Kendrick Lamar,2:18- 2:40 is crazy😂,2
Kendrick Lamar,Boom bap / Lyric,T6eK-2OQtew,Not Like Us,Kendrick Lamar,Omg🥵,1
Kendrick Lamar,Boom bap / Lyric,T6eK-2OQtew,Not Like Us,Kendrick Lamar,🧊🧍🏾‍♂️,0
Kendrick Lamar,Boom bap / Lyric,T6eK-2OQtew,Not Like Us,Kendrick Lamar,Ssi,0
Kendrick Lamar,Boom bap / Lyric,T6eK-2OQtew,Not Like Us,Kendrick Lamar,whos listening to real rap instead of assman?,11
Kendrick Lamar,Boom bap / Lyric,T6eK-2OQtew,Not Like Us,Kendrick Lamar,💃💃💃,1
Kendrick Lamar,Boom bap / Lyric,T6eK-2OQtew,Not Like Us,Kendrick Lamar,🔥🔥🔥🔥,2
Kendrick Lamar,Boom bap / Lyric,T6eK-2OQtew,Not Like Us,Kendrick Lamar,"Can't Stop Greatness,Let's Go💪🏽🔥🔥🔥🔥🔥",5
Kendrick Lamar,Boom bap / Lyric,T6eK-2OQtew,Not Like Us,Kendrick Lamar,4:00,1
Kendrick Lamar,Boom bap / Lyric,T6eK-2OQtew,Not Like Us,Kendrick Lamar,3:59,1
Kendrick Lamar,Boom bap / Lyric,T6eK-2OQtew,Not Like Us,Kendrick Lamar,3:55,1
Kendrick Lamar,Boom bap / Lyric,T6eK-2OQtew,Not Like Us,Kendrick Lamar,OWNERSHIP IS BY ME ❤KENDRICK LAMAR ❤,4
Kendrick Lamar,Boom bap / Lyric,T6eK-2OQtew,Not Like Us,Kendrick Lamar,🇩🇿🇩🇿🇩🇿🇩🇿🇩🇿🇩🇿🇩🇿🇩🇿🇩🇿🇩🇿🇩🇿🇩🇿🇩🇿🇩🇿🇩🇿🇩🇿🇩🇿🇩🇿🇩🇿🇩🇿🇩🇿🇩🇿🇩🇿🇩🇿🇩🇿🇩🇿,0
Kendrick Lamar,Boom bap / Lyric,T6eK-2OQtew,Not Like Us,Kendrick Lamar,Well played gentlemen they got us have another look. Only to let the video run anyway. Wopwopwopwop.....😂😂😂 A minoooorrr😂😂,4
Kendrick Lamar,Boom bap / Lyric,T6eK-2OQtew,Not Like Us,Kendrick Lamar,Who tf said not like us got deleted 😂,3
Kendrick Lamar,Boom bap / Lyric,T6eK-2OQtew,Not Like Us,Kendrick Lamar,"Just found out about '1 AM in Albany', I think Drake wants to get smoked the second time.
EDIT ( 16/5/2026 )
It's called 'Make Them Remember' now",3
Kendrick Lamar,Boom bap / Lyric,T6eK-2OQtew,Not Like Us,Kendrick Lamar,Had to come back after Drake just dropped that garbage 🔥🔥.,10
Kendrick Lamar,Boom bap / Lyric,T6eK-2OQtew,Not Like Us,Kendrick Lamar,Drake is punching the air right now after KDot latest move 😂,6
Kendrick Lamar,Boom bap / Lyric,T6eK-2OQtew,Not Like Us,Kendrick Lamar,Still fire 🔥,4
Kendrick Lamar,Boom bap / Lyric,T6eK-2OQtew,Not Like Us,Kendrick Lamar,T,1
Kendrick Lamar,Boom bap / Lyric,T6eK-2OQtew,Not Like Us,Kendrick Lamar,Prepare for drake throwing 🥶,3
Kendrick Lamar,Boom bap / Lyric,T6eK-2OQtew,Not Like Us,Kendrick Lamar,Kendrick went Ultra Instinct,8
Kendrick Lamar,Boom bap / Lyric,T6eK-2OQtew,Not Like Us,Kendrick Lamar,"""I didn't know this beef is 2 years old.""

Something I can say to both Drake, Kendrick AND my freezer.",40
Kendrick Lamar,Boom bap / Lyric,T6eK-2OQtew,Not Like Us,Kendrick Lamar,🔥🔥🔥🔥🔥,3
Kendrick Lamar,Boom bap / Lyric,T6eK-2OQtew,Not Like Us,Kendrick Lamar,WE UPP!!!🎉🎉,3
Kendrick Lamar,Boom bap / Lyric,T6eK-2OQtew,Not Like Us,Kendrick Lamar,🎉😂🎉😂🎉😂❤❤❤❤,3
Kendrick Lamar,Boom bap / Lyric,T6eK-2OQtew,Not Like Us,Kendrick Lamar,"How 50 cent used Kendrick to play lotis jackson on Power 

https://youtu.be/OclG4ijYSBE?si=22ug6oGB3xcwcQqo",0
Kendrick Lamar,Boom bap / Lyric,T6eK-2OQtew,Not Like Us,Kendrick Lamar,NOT LIKE DUTCH IS BETTER WHY DO YOU COPY HIM,0
Kendrick Lamar,Boom bap / Lyric,T6eK-2OQtew,Not Like Us,Kendrick Lamar,Drake Dropping An Album Cold Iceman Why Not Call It DEADMAN.This Song is trending again reminding people you dead a long time ago FYI We all attended your funeral.,1
Kendrick Lamar,Boom bap / Lyric,T6eK-2OQtew,Not Like Us,Kendrick Lamar,i’ve never heard the whole song to dis day,0
Kendrick Lamar,Boom bap / Lyric,T6eK-2OQtew,Not Like Us,Kendrick Lamar,👀👀👀,0
Kendrick Lamar,Boom bap / Lyric,T6eK-2OQtew,Not Like Us,Kendrick Lamar,Why's the video not deleted though,0
Kendrick Lamar,Boom bap / Lyric,T6eK-2OQtew,Not Like Us,Kendrick Lamar,See yall in 2027 🫡,6
Kendrick Lamar,Boom bap / Lyric,T6eK-2OQtew,Not Like Us,Kendrick Lamar,📞☎️🚑🚑🚑,3
Kendrick Lamar,Boom bap / Lyric,T6eK-2OQtew,Not Like Us,Kendrick Lamar,This was the end all!🔥🔥🔥🔥,5
Kendrick Lamar,Boom bap / Lyric,T6eK-2OQtew,Not Like Us,Kendrick Lamar,2:20,2
Kendrick Lamar,Boom bap / Lyric,T6eK-2OQtew,Not Like Us,Kendrick Lamar,"0:11 man down call a ambulance, still hits2 years later",90
Kendrick Lamar,Boom bap / Lyric,T6eK-2OQtew,Not Like Us,Kendrick Lamar,Happy 2 years rocking Drake head in. 🎉🎉🎉🎉🎉🎉🎉🎉,4
Kendrick Lamar,Boom bap / Lyric,T6eK-2OQtew,Not Like Us,Kendrick Lamar,MANGO MUSTARD,2
Kendrick Lamar,Boom bap / Lyric,T6eK-2OQtew,Not Like Us,Kendrick Lamar,Not impressed,1
Kendrick Lamar,Boom bap / Lyric,T6eK-2OQtew,Not Like Us,Kendrick Lamar,0:51,0
Kendrick Lamar,Boom bap / Lyric,T6eK-2OQtew,Not Like Us,Kendrick Lamar,0:40,0
Kendrick Lamar,Boom bap / Lyric,T6eK-2OQtew,Not Like Us,Kendrick Lamar,Wow. I got played,2
Kendrick Lamar,Boom bap / Lyric,T6eK-2OQtew,Not Like Us,Kendrick Lamar,We reposting for attention or smthn?,0
Kendrick Lamar,Boom bap / Lyric,T6eK-2OQtew,Not Like Us,Kendrick Lamar,He f.a.n!,2
Kendrick Lamar,Boom bap / Lyric,T6eK-2OQtew,Not Like Us,Kendrick Lamar,Thank you for sending us back 😂,7
Kendrick Lamar,Boom bap / Lyric,T6eK-2OQtew,Not Like Us,Kendrick Lamar,Thanks for saying it was deleted so I could come jam again 💃🏾😂,9
Kendrick Lamar,Boom bap / Lyric,T6eK-2OQtew,Not Like Us,Kendrick Lamar,The numbers finna go up just cause Drake being a hoe.😂,8
Kendrick Lamar,Boom bap / Lyric,T6eK-2OQtew,Not Like Us,Kendrick Lamar,In 2026...😂😂,3
Kendrick Lamar,Boom bap / Lyric,T6eK-2OQtew,Not Like Us,Kendrick Lamar,w not like us this music video was peak back then,0
Kendrick Lamar,Boom bap / Lyric,T6eK-2OQtew,Not Like Us,Kendrick Lamar,drake didy ah blud,0
Kendrick Lamar,Boom bap / Lyric,T6eK-2OQtew,Not Like Us,Kendrick Lamar,RUUUUUN THEM MFIN NUUUUMBERS uuuuUUUUUUUP!!!!,4
Kendrick Lamar,Boom bap / Lyric,T6eK-2OQtew,Not Like Us,Kendrick Lamar,here after it was deleted--you can't keep the goat down!,2
Kendrick Lamar,Boom bap / Lyric,T6eK-2OQtew,Not Like Us,Kendrick Lamar,So it was never deleted 😂,6
Kendrick Lamar,Boom bap / Lyric,T6eK-2OQtew,Not Like Us,Kendrick Lamar,"Yeah we're here after they deleted it. Stop playing with us men, run it back🎉",5
Kendrick Lamar,Boom bap / Lyric,T6eK-2OQtew,Not Like Us,Kendrick Lamar,@rap you're a liar😂,2
Kendrick Lamar,Boom bap / Lyric,T6eK-2OQtew,Not Like Us,Kendrick Lamar,Deleted? Another running mil,4
Kendrick Lamar,Boom bap / Lyric,T6eK-2OQtew,Not Like Us,Kendrick Lamar,"Crazy ass switch up, now evb hateing but 2 years ago glaze was too much",0
Kendrick Lamar,Boom bap / Lyric,T6eK-2OQtew,Not Like Us,Kendrick Lamar,Back 2 years later 😂😂😂😂,4
Kendrick Lamar,Boom bap / Lyric,T6eK-2OQtew,Not Like Us,Kendrick Lamar,"I know Kdot 😂 at the dumb Drake stans leaving Ice cubes bc they running his numbers up then gonna turn around and say it's bots😂 Kdot supporters don't forget to leave a like, let's keep making AK and Mal go insane 😂",5
Kendrick Lamar,Boom bap / Lyric,T6eK-2OQtew,Not Like Us,Kendrick Lamar,"""Beat your a** and hide the Bible if God watchin"" 🤭🔥🔥",4
Kendrick Lamar,Boom bap / Lyric,T6eK-2OQtew,Not Like Us,Kendrick Lamar,Well played 😂😂,2
Kendrick Lamar,Boom bap / Lyric,T6eK-2OQtew,Not Like Us,Kendrick Lamar,Is this a reupload?,3
Kendrick Lamar,Boom bap / Lyric,T6eK-2OQtew,Not Like Us,Kendrick Lamar,🧊🧊,1
Kendrick Lamar,Boom bap / Lyric,T6eK-2OQtew,Not Like Us,Kendrick Lamar,🧊🧊🧊🧊,0
Kendrick Lamar,Boom bap / Lyric,T6eK-2OQtew,Not Like Us,Kendrick Lamar,Don’t forget to like guys🤣,5
Kendrick Lamar,Boom bap / Lyric,T6eK-2OQtew,Not Like Us,Kendrick Lamar,Ueeee,0
Kendrick Lamar,Boom bap / Lyric,T6eK-2OQtew,Not Like Us,Kendrick Lamar,whats happening broo,1
Kendrick Lamar,Boom bap / Lyric,T6eK-2OQtew,Not Like Us,Kendrick Lamar,Why did this get deleted,5
Kendrick Lamar,Boom bap / Lyric,T6eK-2OQtew,Not Like Us,Kendrick Lamar,💃🏾 🪦 ❤ 🕺,1
Kendrick Lamar,Boom bap / Lyric,T6eK-2OQtew,Not Like Us,Kendrick Lamar,"Ur ass , drake on 🔝",5
Kendrick Lamar,Boom bap / Lyric,T6eK-2OQtew,Not Like Us,Kendrick Lamar,Hey I remember this song! It's still great.,19
Kendrick Lamar,Boom bap / Lyric,T6eK-2OQtew,Not Like Us,Kendrick Lamar,Did drake lose yes does Kendrick have better music no,1
Kendrick Lamar,Boom bap / Lyric,T6eK-2OQtew,Not Like Us,Kendrick Lamar,🏆💫🪶🏹🔥🔥🔥,1
Kendrick Lamar,Boom bap / Lyric,T6eK-2OQtew,Not Like Us,Kendrick Lamar,Guys did yall just get a new notification of not like us or just me ?😮,1
Kendrick Lamar,Boom bap / Lyric,T6eK-2OQtew,Not Like Us,Kendrick Lamar,"This joint is still breathing ,,,, Dopeness and Go Cavs .... THE TEAM THATS FROM THE LAND!",1
Kendrick Lamar,Boom bap / Lyric,T6eK-2OQtew,Not Like Us,Kendrick Lamar,🤯🤯🤯🤯,1
Kendrick Lamar,Boom bap / Lyric,T6eK-2OQtew,Not Like Us,Kendrick Lamar,2026 Tyree Walker Here Yea I Think One of OVO or One Of Drake Fan Try To Get They Not Like Us Banned 🚫 And They Did But Now Kendrick Lamar Fight Back So Now We Here Again 😅,3
Kendrick Lamar,Boom bap / Lyric,T6eK-2OQtew,Not Like Us,Kendrick Lamar,"""Kendrick reuploaded his video"" - wait...",7
Kendrick Lamar,Boom bap / Lyric,T6eK-2OQtew,Not Like Us,Kendrick Lamar,Well since I’m here….. 🕺🏽,8
Kendrick Lamar,Boom bap / Lyric,T6eK-2OQtew,Not Like Us,Kendrick Lamar,Drake can’t catch a break 💀,5
Kendrick Lamar,Boom bap / Lyric,T6eK-2OQtew,Not Like Us,Kendrick Lamar,Uh oh,2
Kendrick Lamar,Boom bap / Lyric,T6eK-2OQtew,Not Like Us,Kendrick Lamar,Ok its still here we good!,4
Kendrick Lamar,Boom bap / Lyric,T6eK-2OQtew,Not Like Us,Kendrick Lamar,5x Grammy winning diss track!,56
Kendrick Lamar,Boom bap / Lyric,T6eK-2OQtew,Not Like Us,Kendrick Lamar,DELUXE?????,5
Kendrick Lamar,Boom bap / Lyric,T6eK-2OQtew,Not Like Us,Kendrick Lamar,Whatttttt let me run it back uppppppp cause huh 😅😅😅😅🔥🔥🔥🔥🔥😂🙌🏾🙌🏾🙌🏾🙌🏾🙌🏾🙌🏾🙌🏾,7
Kendrick Lamar,Boom bap / Lyric,T6eK-2OQtew,Not Like Us,Kendrick Lamar,It wasn't deleted man lol the views are back,4
Kendrick Lamar,Boom bap / Lyric,T6eK-2OQtew,Not Like Us,Kendrick Lamar,Who’s here after they said it was deleted?!! LETS RUN THEM NUMBERS UP AGAIN 😂😂🎉🎉🎉,101
Kendrick Lamar,Boom bap / Lyric,T6eK-2OQtew,Not Like Us,Kendrick Lamar,FIREMAN 👨‍🚒 🔥,5
Kendrick Lamar,Boom bap / Lyric,T6eK-2OQtew,Not Like Us,Kendrick Lamar,This Rapper is gonna have the best rap beef this year with this and people gonna die in trials and gossip 😂,3
Kendrick Lamar,Boom bap / Lyric,T6eK-2OQtew,Not Like Us,Kendrick Lamar,Him dropping it again before Ice Man Album is diabolical 😂,80
Kendrick Lamar,Boom bap / Lyric,T6eK-2OQtew,Not Like Us,Kendrick Lamar,"So he took it down, re uploaded it, put the original back up, and then took the re upload down?",0
Kendrick Lamar,Boom bap / Lyric,T6eK-2OQtew,Not Like Us,Kendrick Lamar,nice promo for this song on twitter today love to see it!!!!,2
Kendrick Lamar,Boom bap / Lyric,T6eK-2OQtew,Not Like Us,Kendrick Lamar,Someone just said Not Like Us video got deleted,1
Kendrick Lamar,Boom bap / Lyric,T6eK-2OQtew,Not Like Us,Kendrick Lamar,This about to go up again ! 😂😂🔥🔥🔥🔥,4
Kendrick Lamar,Boom bap / Lyric,T6eK-2OQtew,Not Like Us,Kendrick Lamar,This is Kendrick’s peak he ain’t never gonna have a song as big as this. Keep in mind it already has 1.9 billion streams and humble has 2 billion which came out 8 years ago,1
Kendrick Lamar,Boom bap / Lyric,T6eK-2OQtew,Not Like Us,Kendrick Lamar,Damn it went from 0 views to 272m in a hour,3
Kendrick Lamar,Boom bap / Lyric,T6eK-2OQtew,Not Like Us,Kendrick Lamar,Good to see it’s still here lmao,3
Kendrick Lamar,Boom bap / Lyric,T6eK-2OQtew,Not Like Us,Kendrick Lamar,Who's here to see if it actually got removed 😂😂,0
Kendrick Lamar,Boom bap / Lyric,T6eK-2OQtew,Not Like Us,Kendrick Lamar,We here from IG???,0
Kendrick Lamar,Boom bap / Lyric,T6eK-2OQtew,Not Like Us,Kendrick Lamar,Guess I’ll give it another listen since they playing with us,10
Kendrick Lamar,Boom bap / Lyric,T6eK-2OQtew,Not Like Us,Kendrick Lamar,What if Kendrick and drake are planning a collabo on ice man🫪,0
Kendrick Lamar,Boom bap / Lyric,T6eK-2OQtew,Not Like Us,Kendrick Lamar,Ok...😰 Just checking,1
Kendrick Lamar,Boom bap / Lyric,T6eK-2OQtew,Not Like Us,Kendrick Lamar,Hurrah 4 hip-hop ✊🏾🤜🏿🤛🏾🫱🏿‍🫲🏾🫂💯💯💯,1
Kendrick Lamar,Boom bap / Lyric,T6eK-2OQtew,Not Like Us,Kendrick Lamar,Who's here after Kendrick reposted the music video?,3
Kendrick Lamar,Boom bap / Lyric,T6eK-2OQtew,Not Like Us,Kendrick Lamar,Back again to run in up,2
Kendrick Lamar,Boom bap / Lyric,T6eK-2OQtew,Not Like Us,Kendrick Lamar,Here after they said they deleted it,3
Kendrick Lamar,Boom bap / Lyric,T6eK-2OQtew,Not Like Us,Kendrick Lamar,Why Kurrco lie it’s not deleted,0
Kendrick Lamar,Boom bap / Lyric,T6eK-2OQtew,Not Like Us,Kendrick Lamar,bro it aint deleted,2
Kendrick Lamar,Boom bap / Lyric,T6eK-2OQtew,Not Like Us,Kendrick Lamar,We need remix 😂😂😂,1
Kendrick Lamar,Boom bap / Lyric,T6eK-2OQtew,Not Like Us,Kendrick Lamar,Music video gone but the audio is still up,0
Kendrick Lamar,Boom bap / Lyric,T6eK-2OQtew,Not Like Us,Kendrick Lamar,"could this be Drake taking one last shot at erasing this lethal record?!
3 nights before ICEMAN 🤔",1
Kendrick Lamar,Boom bap / Lyric,T6eK-2OQtew,Not Like Us,Kendrick Lamar,Twitter out here lying again,1
Kendrick Lamar,Boom bap / Lyric,T6eK-2OQtew,Not Like Us,Kendrick Lamar,Here after it got taken down,1
Kendrick Lamar,Boom bap / Lyric,T6eK-2OQtew,Not Like Us,Kendrick Lamar,So the OG diss still here but the video was reloaded? Runnnnnn it backkkkkk 😂😂😂😂😂,1
Kendrick Lamar,Boom bap / Lyric,T6eK-2OQtew,Not Like Us,Kendrick Lamar,Who’s here after it got taken down,23
Kendrick Lamar,Boom bap / Lyric,T6eK-2OQtew,Not Like Us,Kendrick Lamar,Well at least they didnt delete this one..,2
Kendrick Lamar,Boom bap / Lyric,T6eK-2OQtew,Not Like Us,Kendrick Lamar,So hard he dropped it a second time✌🏻,4
Kendrick Lamar,Boom bap / Lyric,T6eK-2OQtew,Not Like Us,Kendrick Lamar,Excellent way to get the numbers up. People coming to see if its still here 😂😂.  Probably about to get another million views by the time the rumor stops,11
Kendrick Lamar,Boom bap / Lyric,T6eK-2OQtew,Not Like Us,Kendrick Lamar,The iceman really hacked his account lmao,2
Kendrick Lamar,Boom bap / Lyric,T6eK-2OQtew,Not Like Us,Kendrick Lamar,🧊🧊🧊🧊🧊🧊🧊🧊🧊,1
Kendrick Lamar,Boom bap / Lyric,T6eK-2OQtew,Not Like Us,Kendrick Lamar,I’m here cuz Hot 97 said YouTube removed this song off of YT.  So now I’m about to give Kendrick an extra click because of hot 97,4
Kendrick Lamar,Boom bap / Lyric,T6eK-2OQtew,Not Like Us,Kendrick Lamar,ㅤ,1
Kendrick Lamar,Boom bap / Lyric,T6eK-2OQtew,Not Like Us,Kendrick Lamar,"Here after the reload! Also, I’m an aspiring and rising artist of the Buffalo Music Scene! CHECK ME OUT!",4
Kendrick Lamar,Boom bap / Lyric,T6eK-2OQtew,Not Like Us,Kendrick Lamar,drake you can kill the man but not the idea,0
Kendrick Lamar,Boom bap / Lyric,T6eK-2OQtew,Not Like Us,Kendrick Lamar,Here after re-upload 😅,4
Kendrick Lamar,Boom bap / Lyric,T6eK-2OQtew,Not Like Us,Kendrick Lamar,It’s still here,1
Kendrick Lamar,Boom bap / Lyric,T6eK-2OQtew,Not Like Us,Kendrick Lamar,🧊,0
Kendrick Lamar,Boom bap / Lyric,T6eK-2OQtew,Not Like Us,Kendrick Lamar,So the music video just disappeared like that ?,0
Kendrick Lamar,Boom bap / Lyric,T6eK-2OQtew,Not Like Us,Kendrick Lamar,Bro done dropped it twice 💀,0
Kendrick Lamar,Boom bap / Lyric,T6eK-2OQtew,Not Like Us,Kendrick Lamar,Deluxe or ❤7 is coming....mama there go that boogieman again😂😂😂😂,3
Kendrick Lamar,Boom bap / Lyric,T6eK-2OQtew,Not Like Us,Kendrick Lamar,"MF lawbry has done some stupid shiii cause I couldn't find the MV 
Hey Kenny where's the MV",2
Kendrick Lamar,Boom bap / Lyric,T6eK-2OQtew,Not Like Us,Kendrick Lamar,Mannnn this trash still up,0
Kendrick Lamar,Boom bap / Lyric,T6eK-2OQtew,Not Like Us,Kendrick Lamar,Drake con la mea pera,1
Kendrick Lamar,Boom bap / Lyric,T6eK-2OQtew,Not Like Us,Kendrick Lamar,"Naahhh, wtf happened to the music video??",4
Kendrick Lamar,Boom bap / Lyric,T6eK-2OQtew,Not Like Us,Kendrick Lamar,"Bruh, I had to check if this was still up",1
Kendrick Lamar,Boom bap / Lyric,T6eK-2OQtew,Not Like Us,Kendrick Lamar,Why the u got the video deleted?,1
Kendrick Lamar,Boom bap / Lyric,T6eK-2OQtew,Not Like Us,Kendrick Lamar,Me who was lied that this music video is deleted on YouTube,0
Kendrick Lamar,Boom bap / Lyric,T6eK-2OQtew,Not Like Us,Kendrick Lamar,Whos here because the not like us music video got deleted and hin also reuploading luther?,4
Kendrick Lamar,Boom bap / Lyric,T6eK-2OQtew,Not Like Us,Kendrick Lamar,ICEMAN OTW 🧊,2
Kendrick Lamar,Boom bap / Lyric,T6eK-2OQtew,Not Like Us,Kendrick Lamar,Somebody lied,0
Kendrick Lamar,Boom bap / Lyric,T6eK-2OQtew,Not Like Us,Kendrick Lamar,Omv missing,0
Kendrick Lamar,Boom bap / Lyric,T6eK-2OQtew,Not Like Us,Kendrick Lamar,What if Kendrick deleted the video because he’s about to drop an Album on the 15th too😮,2
Kendrick Lamar,Boom bap / Lyric,T6eK-2OQtew,Not Like Us,Kendrick Lamar,Ummm where's the music video???,1
Kendrick Lamar,Boom bap / Lyric,T6eK-2OQtew,Not Like Us,Kendrick Lamar,Still there,1
Kendrick Lamar,Boom bap / Lyric,T6eK-2OQtew,Not Like Us,Kendrick Lamar,dude where is the mv?,4
Kendrick Lamar,Boom bap / Lyric,T6eK-2OQtew,Not Like Us,Kendrick Lamar,am here to protest for gnx album😢,3
Kendrick Lamar,Boom bap / Lyric,T6eK-2OQtew,Not Like Us,Kendrick Lamar,Twitter accounts are just farming engagement,1
Kendrick Lamar,Boom bap / Lyric,T6eK-2OQtew,Not Like Us,Kendrick Lamar,Where tf is MV??,1
Kendrick Lamar,Boom bap / Lyric,T6eK-2OQtew,Not Like Us,Kendrick Lamar,The world is HEALING ❤️‍🩹 NO MORE TRASH MUSIC,4
Kendrick Lamar,Boom bap / Lyric,T6eK-2OQtew,Not Like Us,Kendrick Lamar,my 🐐 tf happens someone hack you account wake up,1
Kendrick Lamar,Boom bap / Lyric,T6eK-2OQtew,Not Like Us,Kendrick Lamar,They tried to rig the game but you cant fake influence 🤷🏽‍♂️,2
Kendrick Lamar,Boom bap / Lyric,T6eK-2OQtew,Not Like Us,Kendrick Lamar,Like if u also looking for the video😢,7
Kendrick Lamar,Boom bap / Lyric,T6eK-2OQtew,Not Like Us,Kendrick Lamar,Just found out from X that the videos been deleted,1
Kendrick Lamar,Boom bap / Lyric,T6eK-2OQtew,Not Like Us,Kendrick Lamar,Where the tf is gnx 😂😂,0
Kendrick Lamar,Boom bap / Lyric,T6eK-2OQtew,Not Like Us,Kendrick Lamar,Ok we still here 🎉❤,0
Kendrick Lamar,Boom bap / Lyric,T6eK-2OQtew,Not Like Us,Kendrick Lamar,🗣🎙...YEEERRR‼️‼️‼️,0
Kendrick Lamar,Boom bap / Lyric,T6eK-2OQtew,Not Like Us,Kendrick Lamar,the music vid got deleted bruh 😭🥀,4
Kendrick Lamar,Boom bap / Lyric,T6eK-2OQtew,Not Like Us,Kendrick Lamar,Not deleted...obviously. 😂,0
Kendrick Lamar,Boom bap / Lyric,T6eK-2OQtew,Not Like Us,Kendrick Lamar,Really deleted the mv💔,1
Kendrick Lamar,Boom bap / Lyric,T6eK-2OQtew,Not Like Us,Kendrick Lamar,So they just took the video off what the hell,1
Kendrick Lamar,Boom bap / Lyric,T6eK-2OQtew,Not Like Us,Kendrick Lamar,Here to confirm 😂,1
Kendrick Lamar,Boom bap / Lyric,T6eK-2OQtew,Not Like Us,Kendrick Lamar,"Who posted that it has been deleted post😭😭😭😭😭 

Ohk so why am I listening??? 

""Certified lover boy, certified PDF
Wap, Wap, Wap""",2
Kendrick Lamar,Boom bap / Lyric,T6eK-2OQtew,Not Like Us,Kendrick Lamar,The lawsit hit,0
Kendrick Lamar,Boom bap / Lyric,T6eK-2OQtew,Not Like Us,Kendrick Lamar,Who came here to check if YouTube really remove this video 😂😂,3
Kendrick Lamar,Boom bap / Lyric,T6eK-2OQtew,Not Like Us,Kendrick Lamar,Lmao good fight lost the war,0
Kendrick Lamar,Boom bap / Lyric,T6eK-2OQtew,Not Like Us,Kendrick Lamar,So the music video did get deleted ?🤣,1
Kendrick Lamar,Boom bap / Lyric,T6eK-2OQtew,Not Like Us,Kendrick Lamar,OUNVINDO ESSA ANTES QUE ELE A REMOVA TAMBÉM,2
Kendrick Lamar,Boom bap / Lyric,T6eK-2OQtew,Not Like Us,Kendrick Lamar,Why did he delete not like us,1
Kendrick Lamar,Boom bap / Lyric,T6eK-2OQtew,Not Like Us,Kendrick Lamar,Why  did he delete the video for 🤦😂 i never understand the artists,3
Kendrick Lamar,Boom bap / Lyric,T6eK-2OQtew,Not Like Us,Kendrick Lamar,"Dot on some boogeyman sh!t, where’s the video 👀",3
Kendrick Lamar,Boom bap / Lyric,T6eK-2OQtew,Not Like Us,Kendrick Lamar,"I knew they was capping, now I'm playing it all week 😂",2
Kendrick Lamar,Boom bap / Lyric,T6eK-2OQtew,Not Like Us,Kendrick Lamar,"Now yall can't comprehend what really going on😅,already you going nut😅....May 15 suckers.....",2
Kendrick Lamar,Boom bap / Lyric,T6eK-2OQtew,Not Like Us,Kendrick Lamar,Can’t wait for the video of YOU beating Whitney leak lol!! It’s about to get ICEY! 🧊😂,2
Kendrick Lamar,Boom bap / Lyric,T6eK-2OQtew,Not Like Us,Kendrick Lamar,The music video is gone lol,4
Kendrick Lamar,Boom bap / Lyric,T6eK-2OQtew,Not Like Us,Kendrick Lamar,Crazy that the music video is gone. I wonder if it’s Drake…,5
Kendrick Lamar,Boom bap / Lyric,T6eK-2OQtew,Not Like Us,Kendrick Lamar,Music video removed?,4
Kendrick Lamar,Boom bap / Lyric,T6eK-2OQtew,Not Like Us,Kendrick Lamar,Upload the video,1
Kendrick Lamar,Boom bap / Lyric,T6eK-2OQtew,Not Like Us,Kendrick Lamar,U REMOVED THE MUSIC VIDEO,3
Kendrick Lamar,Boom bap / Lyric,T6eK-2OQtew,Not Like Us,Kendrick Lamar,imagine Kendrick on Iceman😮,1
Kendrick Lamar,Boom bap / Lyric,T6eK-2OQtew,Not Like Us,Kendrick Lamar,Wheres the music video,3
Kendrick Lamar,Boom bap / Lyric,T6eK-2OQtew,Not Like Us,Kendrick Lamar,ice bots report video😢,3
Kendrick Lamar,Boom bap / Lyric,T6eK-2OQtew,Not Like Us,Kendrick Lamar,5/11/26,2
Kendrick Lamar,Boom bap / Lyric,T6eK-2OQtew,Not Like Us,Kendrick Lamar,Who here after say cheese said this was deleted,5
Kendrick Lamar,Boom bap / Lyric,T6eK-2OQtew,Not Like Us,Kendrick Lamar,2 years already,1
Kendrick Lamar,Boom bap / Lyric,T6eK-2OQtew,Not Like Us,Kendrick Lamar,"Rip music video :(
Drake and k dot wash the beef ?",1
Kendrick Lamar,Boom bap / Lyric,T6eK-2OQtew,Not Like Us,Kendrick Lamar,Where the music video at,2
Kendrick Lamar,Boom bap / Lyric,T6eK-2OQtew,Not Like Us,Kendrick Lamar,Where'd the music videos go?,5
Kendrick Lamar,Boom bap / Lyric,T6eK-2OQtew,Not Like Us,Kendrick Lamar,So we all just on Twitter checking if the Not Like Us music video really got deleted?,2415
Kendrick Lamar,Boom bap / Lyric,T6eK-2OQtew,Not Like Us,Kendrick Lamar,with shit being taken down i think its legal stuff,1
Kendrick Lamar,Boom bap / Lyric,T6eK-2OQtew,Not Like Us,Kendrick Lamar,"🦉🧊 May 15th
I told you clowns for a long time this was coming

we got some more poison for y'all 💉",5
Kendrick Lamar,Boom bap / Lyric,T6eK-2OQtew,Not Like Us,Kendrick Lamar,Why is everything getting taken down ?!?!??,2
Kendrick Lamar,Boom bap / Lyric,T6eK-2OQtew,Not Like Us,Kendrick Lamar,I came here to see it was really taken down,10
Kendrick Lamar,Boom bap / Lyric,T6eK-2OQtew,Not Like Us,Kendrick Lamar,Music video?,2
Kendrick Lamar,Boom bap / Lyric,T6eK-2OQtew,Not Like Us,Kendrick Lamar,Music video?,3
Kendrick Lamar,Boom bap / Lyric,T6eK-2OQtew,Not Like Us,Kendrick Lamar,Yoooo what happened to the music video 😭😭😭😭,3
Kendrick Lamar,Boom bap / Lyric,T6eK-2OQtew,Not Like Us,Kendrick Lamar,Where's the video???,2
Kendrick Lamar,Boom bap / Lyric,T6eK-2OQtew,Not Like Us,Kendrick Lamar,Iceman OTW 🤣🤣🤣,2
Kendrick Lamar,Boom bap / Lyric,T6eK-2OQtew,Not Like Us,Kendrick Lamar,I thought they said it’s unavailable,0
Kendrick Lamar,Boom bap / Lyric,T6eK-2OQtew,Not Like Us,Kendrick Lamar,The music video is removed?,2
Kendrick Lamar,Boom bap / Lyric,T6eK-2OQtew,Not Like Us,Kendrick Lamar,Where is  our video 🤦‍♂️,2
Kendrick Lamar,Boom bap / Lyric,T6eK-2OQtew,Not Like Us,Kendrick Lamar,Where’s da music video and Luther 😭 some shi got removed from Apple Music too what’s happening bruh,3
Kendrick Lamar,Boom bap / Lyric,T6eK-2OQtew,Not Like Us,Kendrick Lamar,"Yo chat! The music video is no longer on YouTube, I repeat, the music video is no longer on YouTube!!! 👀👀👀",41
Kendrick Lamar,Boom bap / Lyric,T6eK-2OQtew,Not Like Us,Kendrick Lamar,Yo wtf is going on? The video is gone 🤔🤔🤔,12
Kendrick Lamar,Boom bap / Lyric,T6eK-2OQtew,Not Like Us,Kendrick Lamar,Fuck it imma run DAMN and Mr morale up as protest,2
Kendrick Lamar,Boom bap / Lyric,T6eK-2OQtew,Not Like Us,Kendrick Lamar,Shit is getting weird,3
Kendrick Lamar,Boom bap / Lyric,T6eK-2OQtew,Not Like Us,Kendrick Lamar,MUSIC VIDEO DELETED??????? NOOOOO,1
Kendrick Lamar,Boom bap / Lyric,T6eK-2OQtew,Not Like Us,Kendrick Lamar,WHERE IS THE VIDEO,2
Kendrick Lamar,Boom bap / Lyric,T6eK-2OQtew,Not Like Us,Kendrick Lamar,"Took down the video for what reason??? Also, this still slaps 😭😭😭",3
Kendrick Lamar,Boom bap / Lyric,T6eK-2OQtew,Not Like Us,Kendrick Lamar,who's here after they took down the video?😭😭😭😭ovihoes are working overtime,5
Kendrick Lamar,Boom bap / Lyric,T6eK-2OQtew,Not Like Us,Kendrick Lamar,OH shit things are going down 😂 is this because Drake has something scary coming our way on Friday? Are they ducking to have themselves legally covered,6
Kendrick Lamar,Boom bap / Lyric,T6eK-2OQtew,Not Like Us,Kendrick Lamar,"Who's here after the music video disappeared?

Let me guess...Drake, did you do this?",3
Kendrick Lamar,Boom bap / Lyric,T6eK-2OQtew,Not Like Us,Kendrick Lamar,hey Kenny where is the mv?? 😭😭,6
Kendrick Lamar,Boom bap / Lyric,T6eK-2OQtew,Not Like Us,Kendrick Lamar,Tf is happening yall,4
Kendrick Lamar,Boom bap / Lyric,T6eK-2OQtew,Not Like Us,Kendrick Lamar,have a feeling he’s dropping HNX deluxe on Friday with this song attached to it,0
Kendrick Lamar,Boom bap / Lyric,T6eK-2OQtew,Not Like Us,Kendrick Lamar,WHERES THE MUSIC VIDEO,2
Kendrick Lamar,Boom bap / Lyric,T6eK-2OQtew,Not Like Us,Kendrick Lamar,Fireman soon,0
Kendrick Lamar,Boom bap / Lyric,T6eK-2OQtew,Not Like Us,Kendrick Lamar,"I know im late but, happy 2nd anniversary everybody..but where did the video go?",2
Kendrick Lamar,Boom bap / Lyric,T6eK-2OQtew,Not Like Us,Kendrick Lamar,where did the video go ,10
Kendrick Lamar,Boom bap / Lyric,T6eK-2OQtew,Not Like Us,Kendrick Lamar,music video is gone?,16
Kendrick Lamar,Boom bap / Lyric,T6eK-2OQtew,Not Like Us,Kendrick Lamar,Music video gone?,6
Kendrick Lamar,Boom bap / Lyric,T6eK-2OQtew,Not Like Us,Kendrick Lamar,🌽,8
Kendrick Lamar,Boom bap / Lyric,T6eK-2OQtew,Not Like Us,Kendrick Lamar,This should be played non-stop on the 15th of May😅😅😅😅😅,3
Kendrick Lamar,Boom bap / Lyric,T6eK-2OQtew,Not Like Us,Kendrick Lamar,They not like us after all. Let the Duterte Legacy brutally collapse.,1
Kendrick Lamar,Boom bap / Lyric,T6eK-2OQtew,Not Like Us,Kendrick Lamar,kendrick dropped the bomb on my birthday 😭😭,1
Kendrick Lamar,Boom bap / Lyric,T6eK-2OQtew,Not Like Us,Kendrick Lamar,Forever in rotation 💯🔥,1
Kendrick Lamar,Boom bap / Lyric,T6eK-2OQtew,Not Like Us,Kendrick Lamar,I didn’t notice he had dropped this on my born day,1
Kendrick Lamar,Boom bap / Lyric,T6eK-2OQtew,Not Like Us,Kendrick Lamar,I’m starting to think Drake won this one,4
Kendrick Lamar,Boom bap / Lyric,T6eK-2OQtew,Not Like Us,Kendrick Lamar,Drake Get up,0
Kendrick Lamar,Boom bap / Lyric,T6eK-2OQtew,Not Like Us,Kendrick Lamar,"Lyrics

Psst, I see dead people
(Mustard on the beat, ho)
Ayy, Mustard on the beat, ho
Deebo any rap nigga, he a free throw
Man down, call an amberlamps, tell him, ""Breathe, bro""
Nail a nigga to the cross, he walk around like Teezo
What's up with these jabroni-ass niggas tryna see Compton?
The industry can hate me, fuck 'em all and they mama
How many opps you really got? I mean, it's too many options
I'm finna pass on this body, I'm John Stockton
Beat your ass and hide the Bible if God watchin'
Sometimes you gotta pop out and show niggas
Certified boogeyman, I'm the one that up the score with 'em
Walk him down, whole time, I know he got some ho in him
Pole on him, extort shit, bully, Death Row on him
Say, Drake, I hear you like 'em young
You better not ever go to cell block one
To any bitch that talk to him and they in love
Just make sure you hide your lil' sister from him
They tell me Chubbs the only one that get your hand-me-downs
And Party at the party playin' with his nose now
And Baka got a weird case, why is he around?
Certified Lover Boy? Certified pedophiles
Wop, wop, wop, wop, wop, Dot, fuck 'em up
Wop, wop, wop, wop, wop, I'ma do my stuff
Why you trollin' like a bitch? Ain't you tired?
Tryna strike a chord and it's probably A minor
They not like us, they not like us, they not like us
They not like us, they not like us, they not like us
You think the Bay gon' let you disrespect Pac, nigga?
I think that Oakland show gon' be your last stop, nigga
Did Cole fouI, I don't know why you still pretendin'
What is the owl? Bird niggas and bird bitches, go
The audience not dumb
Shape the stories how you want, hey, Drake, they're not slow
Rabbit hole is still deep, I can go further, I promise
Ain't that somethin'? B-Rad stands for bitch and you Malibu most wanted
Ain't no law, boy, you ball boy, fetch Gatorade or somethin'
Since 2009, I had this bitch jumpin'
You niggas'll get a wedgie, be flipped over your boxers
What OVO for? The ""Other Vaginal Option""? Pussy
Nigga better straighten they posture, got famous all up in Compton
Might write this for the doctorate, tell the pop star, ""Quit hidin'""
Fuck a caption, want action, no accident
And I'm hands-on, he fuck around, get polished
Fucked on Wayne girl while he was in jail, that's connivin'
Then get his face tatted like a bitch apologizin'
I'm glad DeRoz' came home, y'all didn't deserve him neither
From Alondra down to Central, nigga better not speak on Serena
And your homeboy need subpoena, that predator move in flocks
That name gotta be registered and placed on neighborhood watch
I lean on you niggas like another line of Wock'
Yeah, it's all eyes on me, and I'ma send it up to Pac, ayy
Put the wrong label on me, I'ma get 'em dropped, ayy
Sweet Chin Music and I won't pass the aux, ayy
How many stocks do I really have in stock? Ayy
One, two, three, four, five, plus five, ayy
Devil is a lie, he a 69 God, ayy
Freaky-ass niggas need to stay they ass inside, ayy
Roll they ass up like a fresh pack of 'za, ayy
City is back up, it's a must, we outside, ayy
They not like us, they not like us, they not like us
They not like us, they not like us, they not like us
Once upon a time, all of us was in chains
Homie still doubled down callin' us some slaves
Atlanta was the Mecca, buildin' railroads and trains
Bear with me for a second, let me put y'all on game
The settlers was usin' townfolk to make 'em richer
Fast-forward, 2024, you got the same agenda
You run to Atlanta when you need a check balance
Let me break it down for you, this the real nigga challenge
You called Future when you didn't see the club (Ayy, what?)
Lil Baby helped you get your lingo up (What?)
21 gave you false street cred
Thug made you feel like you a slime in your head (Ayy, what?)
Quavo said you can be from Northside (What?)
2 Chainz say you good, but he lied
You run to Atlanta when you need a few dollars
No, you not a colleague, you a fuckin' colonizer
The family matter and the truth of the matter
It was God's plan to show y'all the liar
Mm
Mm-mm
He a fan, he a fan, he a fan (Mm)
He a fan, he a fan, he a
Freaky-ass nigga, he a 69 God
Freaky-ass nigga, he a 69 God
Hey, hey, hey, hey, run for your life
Hey, hey, hey, hey, run for your life
Freaky-ass nigga, he a 69 God
Freaky-ass nigga, he a 69 God
Hey, hey, hey, hey, run for your life
Hey, hey, hey, hey, run for your life
Let me hear you say, ""OV-ho"" (OV-ho)
Say, ""OV-ho"" (OV-ho)
Then step this way, step that way
Then step this way, step that way
Are you my friend?
Are we locked in?
Then step this way, step that way
Then step this way, step that way",0
Kendrick Lamar,Boom bap / Lyric,T6eK-2OQtew,Not Like Us,Kendrick Lamar,"2 years ago, well the song is ok?!?!?!??!?? idk if it could be called good though",1
Kendrick Lamar,Boom bap / Lyric,T6eK-2OQtew,Not Like Us,Kendrick Lamar,woah 2 years ago,1
Kendrick Lamar,Boom bap / Lyric,T6eK-2OQtew,Not Like Us,Kendrick Lamar,"I'm still here in 2026,this is still scathing asf 🥵",0
Kendrick Lamar,Boom bap / Lyric,T6eK-2OQtew,Not Like Us,Kendrick Lamar,Damn it's been 2 years,0
Kendrick Lamar,Boom bap / Lyric,T6eK-2OQtew,Not Like Us,Kendrick Lamar,4:00,0
Kendrick Lamar,Boom bap / Lyric,T6eK-2OQtew,Not Like Us,Kendrick Lamar,3:59,0
Kendrick Lamar,Boom bap / Lyric,T6eK-2OQtew,Not Like Us,Kendrick Lamar,1:04,0
Kendrick Lamar,Boom bap / Lyric,T6eK-2OQtew,Not Like Us,Kendrick Lamar,0:54,0
Kendrick Lamar,Boom bap / Lyric,T6eK-2OQtew,Not Like Us,Kendrick Lamar,"2 years? 
Wtf 💀 😢",2
Kendrick Lamar,Boom bap / Lyric,T6eK-2OQtew,Not Like Us,Kendrick Lamar,PEEK. 🫡😵‍💫,0
Kendrick Lamar,Boom bap / Lyric,T6eK-2OQtew,Not Like Us,Kendrick Lamar,It's just good ❤️😱👌👌👌❤️👍❤️👌😱😎❤️😕😱👍👌❤️👍😱👍😱👍👌😎❤️,0
Kendrick Lamar,Boom bap / Lyric,T6eK-2OQtew,Not Like Us,Kendrick Lamar,Not like us is the song that I play for my Dad,2
Kendrick Lamar,Boom bap / Lyric,T6eK-2OQtew,Not Like Us,Kendrick Lamar,One of the greatest diss songs of all time...absolute facts or what are your thoughts?,1
Kendrick Lamar,Boom bap / Lyric,T6eK-2OQtew,Not Like Us,Kendrick Lamar,Thanks Kendrick we love you ❤,0
Kendrick Lamar,Boom bap / Lyric,T6eK-2OQtew,Not Like Us,Kendrick Lamar,i remember wen i first saw this music video i was like OMG THIS NINJA GON DO DRAKE WACK A** DA SAME WAY 50 DID JA RULE HAHAHAHAHAHA I LUV THIS DISS TRACK THIS IS MY 2ND FAV DISS TRCK MY FIRST ONE IS 2PAC HIT EM UP!!!,0
Kendrick Lamar,Boom bap / Lyric,T6eK-2OQtew,Not Like Us,Kendrick Lamar,What does the person location means on the image,2
Kendrick Lamar,Boom bap / Lyric,T6eK-2OQtew,Not Like Us,Kendrick Lamar,🧊🧊🧊🧊🦉🦉,1
Kendrick Lamar,Boom bap / Lyric,T6eK-2OQtew,Not Like Us,Kendrick Lamar,"2 years,damn time flies",4
Kendrick Lamar,Boom bap / Lyric,T6eK-2OQtew,Not Like Us,Kendrick Lamar,"Bro is having asthma!!! 
“Tell him breathe bro.”",0
Kendrick Lamar,Boom bap / Lyric,T6eK-2OQtew,Not Like Us,Kendrick Lamar,2 years,0
Kendrick Lamar,Boom bap / Lyric,T6eK-2OQtew,Not Like Us,Kendrick Lamar,Iceman coming for you,0
Kendrick Lamar,Boom bap / Lyric,T6eK-2OQtew,Not Like Us,Kendrick Lamar,I like it but my kid said why in this song have so much... Глупости,0
Kendrick Lamar,Boom bap / Lyric,T6eK-2OQtew,Not Like Us,Kendrick Lamar,We're gathered here again ⚰️😁,0
Kendrick Lamar,Boom bap / Lyric,T6eK-2OQtew,Not Like Us,Kendrick Lamar,Happy 2 years to masterpiece  ✨️,1
Kendrick Lamar,Boom bap / Lyric,T6eK-2OQtew,Not Like Us,Kendrick Lamar,That Diddy house,0
Kendrick Lamar,Boom bap / Lyric,T6eK-2OQtew,Not Like Us,Kendrick Lamar,"Happy anniversary! Thank you, Kendrick, for showing us that Drake is so great that even if you make four  like *Not Like Us*, you'll still be able to turn Drake off like you are right now. 😂😂😂",3
Kendrick Lamar,Boom bap / Lyric,T6eK-2OQtew,Not Like Us,Kendrick Lamar,Hey D4VD. I heard you like them young.,1
Kendrick Lamar,Boom bap / Lyric,T6eK-2OQtew,Not Like Us,Kendrick Lamar,issei hyoudou theme song btw,0
Kendrick Lamar,Boom bap / Lyric,T6eK-2OQtew,Not Like Us,Kendrick Lamar,Happy 2nd Anniversary 👑🖤🥋,1
Kendrick Lamar,Boom bap / Lyric,T6eK-2OQtew,Not Like Us,Kendrick Lamar,"2 years later and I'm still running round the city SCREAMING

""DEVIL IS A LIE HE A 69 GOD, ROLL THEY AZZ UP LIKE A FRESH PACK OF ZA""

BOP BOP BOP BOP DOT FUCK EM UP

📢📢",0
Kendrick Lamar,Boom bap / Lyric,T6eK-2OQtew,Not Like Us,Kendrick Lamar,Bro I can’t believe it’s been 2 years bro ❤,5
Kendrick Lamar,Boom bap / Lyric,T6eK-2OQtew,Not Like Us,Kendrick Lamar,“When it’s may but not that may you remember”,2
Kendrick Lamar,Boom bap / Lyric,T6eK-2OQtew,Not Like Us,Kendrick Lamar,A minorrrrrrrrrrrrrrrrrrrrrrrrrrr LMAO,1
Kendrick Lamar,Boom bap / Lyric,T6eK-2OQtew,Not Like Us,Kendrick Lamar,Most iconic Diss song,1
Kendrick Lamar,Boom bap / Lyric,T6eK-2OQtew,Not Like Us,Kendrick Lamar,Here after the 2 year anniversary I want everyone to know I was there when it released,2
Kendrick Lamar,Boom bap / Lyric,T6eK-2OQtew,Not Like Us,Kendrick Lamar,2 years and Drake still ain't recovering from ts,3
Kendrick Lamar,Boom bap / Lyric,T6eK-2OQtew,Not Like Us,Kendrick Lamar,😂😂😂🎉🎉🎉❤❤❤,1
Kendrick Lamar,Boom bap / Lyric,T6eK-2OQtew,Not Like Us,Kendrick Lamar,我喜歡男生,0
Kendrick Lamar,Boom bap / Lyric,T6eK-2OQtew,Not Like Us,Kendrick Lamar,The force is strong with young duckworth.,0
Kendrick Lamar,Boom bap / Lyric,T6eK-2OQtew,Not Like Us,Kendrick Lamar,2 years later and it's still gold. Maybe even more relevant now.,4
Kendrick Lamar,Boom bap / Lyric,T6eK-2OQtew,Not Like Us,Kendrick Lamar,"Happy 2nd Anniversary to Not Like Us. I can't believe it's been a full year already for the songs release, I remember when this said 1 hour ago. Spring and Summer 2024 was peak, but Summer 2023 was better. The summer vibe and chorus goes so hard, the vibe goes hard. 2 years since this went off the charts along with Espresso by Sabrina Carpenter and Brat Summer, and many other songs during Summer 2024. I'm already nostalgic for 2024, so much good happened. This year really sucks horribly with the plane crashes, the stock markets, everything, basically. I know I shouldn't be getting nostalgic for 2024, but that was my year getting out depression from Late Summer 2023 and Fall 2023, so I do miss 2022 - 2024 a lot. This year hasn't been hitting in this crazy country and world we live in. Too many bad things are happening! I wanna go back so bad! May 4, 2024 - May 4, 2026 / May 5, 2024 - May 5, 2026.",1
Kendrick Lamar,Boom bap / Lyric,T6eK-2OQtew,Not Like Us,Kendrick Lamar,Two years 😮,2
Kendrick Lamar,Boom bap / Lyric,T6eK-2OQtew,Not Like Us,Kendrick Lamar,Say Trump… I hear you like em young. Trying to strike a chord and it’s probably a minor,1
Kendrick Lamar,Boom bap / Lyric,T6eK-2OQtew,Not Like Us,Kendrick Lamar,It’s been 2 YEARS????,10
Kendrick Lamar,Boom bap / Lyric,T6eK-2OQtew,Not Like Us,Kendrick Lamar,No substitutes 🥲,0
Kendrick Lamar,Boom bap / Lyric,T6eK-2OQtew,Not Like Us,Kendrick Lamar,Was a smash hit then…and is a smash hit now.,3
Kendrick Lamar,Boom bap / Lyric,T6eK-2OQtew,Not Like Us,Kendrick Lamar,I think Harold Ballard is probably smiling somewhere in the fiery pits of hell,0
Kendrick Lamar,Boom bap / Lyric,T6eK-2OQtew,Not Like Us,Kendrick Lamar,even the water dissing drake,3
Kendrick Lamar,Boom bap / Lyric,T6eK-2OQtew,Not Like Us,Kendrick Lamar,2 years since one of the greatest times to be alive,11
Kendrick Lamar,Boom bap / Lyric,T6eK-2OQtew,Not Like Us,Kendrick Lamar,2 YEARS!!,6
Kendrick Lamar,Boom bap / Lyric,T6eK-2OQtew,Not Like Us,Kendrick Lamar,❤❤❤❤,2
Kendrick Lamar,Boom bap / Lyric,T6eK-2OQtew,Not Like Us,Kendrick Lamar,This is so good ❤❤❤,2
Kendrick Lamar,Boom bap / Lyric,T6eK-2OQtew,Not Like Us,Kendrick Lamar,Can't believe it's been years. It definitely feels like yesterday,5
Kendrick Lamar,Boom bap / Lyric,HfWLgELllZs,Kendrick Lamar - luther (Official Audio),Kendrick Lamar,teamo,0
Kendrick Lamar,Boom bap / Lyric,HfWLgELllZs,Kendrick Lamar - luther (Official Audio),Kendrick Lamar,##SCREAM!!!(MUTE)🙏🏿🙏🏿🙏🏿🙏🏿☝🏻☝🏻☝🏻☝🏻☝🏻😊😊😊😊😊👋🏻👋🏻👋🏻👋🏻👋🏻👋🏻,1
Kendrick Lamar,Boom bap / Lyric,HfWLgELllZs,Kendrick Lamar - luther (Official Audio),Kendrick Lamar,Who???,0
Kendrick Lamar,Boom bap / Lyric,HfWLgELllZs,Kendrick Lamar - luther (Official Audio),Kendrick Lamar,"If this world were mine
Hey, Roman numeral seven, bae, drop it like it's hot
If this world was mine, I'd take your dreams and make 'em multiply
If this world was mine, I'd take your enemies in front of God
Introduce 'em to that light, hit them strictly with that fire
Fah-fah, fah-fah-fah, fah-fah, fah
Hey, Roman numeral seven, bae, drop it like it's hot
If this world was mine, I'd take your dreams and make 'em multiply
If this world was mine, I'd take your enemies in front of God
Introduce 'em to that light, hit them strictly with that fire
It's a vibe, do your dance, let 'em watch
She a fan, he a flop, they just wanna kumbaya, nah
In this world, concrete flowers grow
Heartache, she only doin' what she know
Weekends, get it poppin' on the low
Better days comin' for sure (if this world were)
If it was up to me
I wouldn't give these nobodies no sympathy
I'd take away the pain, I'd give you everything
I just wanna see you win, wanna see (if this world were mine)
It go in (when you), out (ride it), do it real slow (slide)
Baby, you a star, strike, pose (right)
When I'm (when you), with you (with me), everything goes (slow)
Come and (put that), put that (on my), on my (titi), soul (soul)
'Rari (red), crown (stack), wrist (stay), froze (really)
Drip (tell me), pound (if you), on the way home (love me)
In this world, concrete flowers grow
Heartache, she only doin' what she know
Weekends, get it poppin' on the low
Better days comin' for sure (if this world were)
If it was up to me
I wouldn't give these nobodies no sympathy
I'd take away the pain, I'd give you everything
I just wanna see you win, wanna see (if this world were mine)
I can't lie, I trust you, I love you, I won't waste your time
I turn it off just so I can turn you on
I'ma make you say it loud
I'm not even trippin', I won't stress you out
I might even settle down for you, I'ma show you I'm a pro
I'ma take my time and turn it off
Just so I can turn you on, baby
Weekends, get it poppin' on the low
Better days comin' for sure
I know you'll come
I know you're comin' for
(Anything)
(If this world were mine)",0
Kendrick Lamar,Boom bap / Lyric,HfWLgELllZs,Kendrick Lamar - luther (Official Audio),Kendrick Lamar,"drake is good, but kendrick is just better",2
Kendrick Lamar,Boom bap / Lyric,HfWLgELllZs,Kendrick Lamar - luther (Official Audio),Kendrick Lamar,"for my fiancee, Anelia",0
Kendrick Lamar,Boom bap / Lyric,HfWLgELllZs,Kendrick Lamar - luther (Official Audio),Kendrick Lamar,Fr,1
Kendrick Lamar,Boom bap / Lyric,HfWLgELllZs,Kendrick Lamar - luther (Official Audio),Kendrick Lamar,Fr,0
Kendrick Lamar,Boom bap / Lyric,HfWLgELllZs,Kendrick Lamar - luther (Official Audio),Kendrick Lamar,Late for the party haha,0
Kendrick Lamar,Boom bap / Lyric,HfWLgELllZs,Kendrick Lamar - luther (Official Audio),Kendrick Lamar,I wonder what this album would’ve been with no features,0
Kendrick Lamar,Boom bap / Lyric,HfWLgELllZs,Kendrick Lamar - luther (Official Audio),Kendrick Lamar,1:00,0
Kendrick Lamar,Boom bap / Lyric,HfWLgELllZs,Kendrick Lamar - luther (Official Audio),Kendrick Lamar,Don’t let Ali and nick trick you they wanna be ops fuck it they need us,0
Kendrick Lamar,Boom bap / Lyric,HfWLgELllZs,Kendrick Lamar - luther (Official Audio),Kendrick Lamar,"If this world were mine
Hey, Roman numeral seven, bae, drop it like it's hot
If this world was mine, I'd take your dreams and make 'em multiply
If this world was mine, I'd take your enemies in front of God
Introduce 'em to that light, hit them strictly with that fire
Fah-fah, fah-fah-fah, fah-fah, fah
Hey, Roman numeral seven, bae, drop it like it's hot
If this world was mine, I'd take your dreams and make 'em multiply
If this world was mine, I'd take your enemies in front of God
Introduce 'em to that light, hit them strictly with that fire
It's a vibe, do your dance, let 'em watch
She a fan, he a flop, they just wanna kumbaya, nah
In this world, concrete flowers grow
Heartache, she only doin' what she know
Weekends, get it poppin' on the low
Better days comin' for sure (if this world were)
If it was up to me
I wouldn't give these nobodies no sympathy
I'd take away the pain, I'd give you everything
I just wanna see you win, wanna see (if this world were mine)
It go in (when you), out (ride it), do it real slow (slide)
Baby, you a star, strike, pose (right)
When I'm (when you), with you (with me), everything goes (slow)
Come and (put that), put that (on my), on my (titi), soul (soul)
'Rari (red), crown (stack), wrist (stay), froze (really)
Drip (tell me), pound (if you), on the way home (love me)
In this world, concrete flowers grow
Heartache, she only doin' what she know
Weekends, get it poppin' on the low
Better days comin' for sure (if this world were)
If it was up to me
I wouldn't give these nobodies no sympathy
I'd take away the pain, I'd give you everything
I just wanna see you win, wanna see (if this world were mine)
I can't lie, I trust you, I love you, I won't waste your time
I turn it off just so I can turn you on
I'ma make you say it loud
I'm not even trippin', I won't stress you out
I might even settle down for you, I'ma show you I'm a pro
I'ma take my time and turn it off
Just so I can turn you on, baby
Weekends, get it poppin' on the low
Better days comin' for sure
I know you'll come
I know you're comin' for
(Anything)
(If this world were mine)",1
Kendrick Lamar,Boom bap / Lyric,HfWLgELllZs,Kendrick Lamar - luther (Official Audio),Kendrick Lamar,⭐️⭐️⭐️⭐️⭐️,0
Kendrick Lamar,Boom bap / Lyric,HfWLgELllZs,Kendrick Lamar - luther (Official Audio),Kendrick Lamar,"If this world were mine
Hey, Roman numeral seven, bae, drop it like it's hot
If this world was mine, I'd take your dreams and make 'em multiply
If this world was mine, I'd take your enemies in front of God
Introduce 'em to that light, hit them strictly with that fire
Fah-fah, fah-fah-fah, fah-fah, fah
Hey, Roman numeral seven, bae, drop it like it's hot
If this world was mine, I'd take your dreams and make 'em multiply
If this world was mine, I'd take your enemies in front of God
Introduce 'em to that light, hit them strictly with that fire
It's a vibe, do your dance, let 'em watch
She a fan, he a flop, they just wanna kumbaya, nah
In this world, concrete flowers grow
Heartache, she only doin' what she know
Weekends, get it poppin' on the low
Better days comin' for sure (if this world were)
If it was up to me
I wouldn't give these nobodies no sympathy
I'd take away the pain, I'd give you everything
I just wanna see you win, wanna see (if this world were mine)
It go in (when you), out (ride it), do it real slow (slide)
Baby, you a star, strike, pose (right)
When I'm (when you), with you (with me), everything goes (slow)
Come and (put that), put that (on my), on my (titi), soul (soul)
'Rari (red), crown (stack), wrist (stay), froze (really)
Drip (tell me), pound (if you), on the way home (love me)
In this world, concrete flowers grow
Heartache, she only doin' what she know
Weekends, get it poppin' on the low
Better days comin' for sure (if this world were)
If it was up to me
I wouldn't give these nobodies no sympathy
I'd take away the pain, I'd give you everything
I just wanna see you win, wanna see (if this world were mine)
I can't lie, I trust you, I love you, I won't waste your time
I turn it off just so I can turn you on
I'ma make you say it loud
I'm not even trippin', I won't stress you out
I might even settle down for you, I'ma show you I'm a pro
I'ma take my time and turn it off
Just so I can turn you on, baby
Weekends, get it poppin' on the low
Better days comin' for sure
I know you'll come
I know you're comin' for
(Anything)
(If this world were mine)",0
Kendrick Lamar,Boom bap / Lyric,HfWLgELllZs,Kendrick Lamar - luther (Official Audio),Kendrick Lamar,Damn that Buick GNX 💪🏼💪🏼🔥,1
Kendrick Lamar,Boom bap / Lyric,HfWLgELllZs,Kendrick Lamar - luther (Official Audio),Kendrick Lamar,1:59,2
Kendrick Lamar,Boom bap / Lyric,HfWLgELllZs,Kendrick Lamar - luther (Official Audio),Kendrick Lamar,🇹🇭🇺🇲🇳🇿🇬🇧🇧🇷🇩🇪🇿🇦🇲🇾🇹🇷🇯🇲🇷🇺🇹🇹🇨🇦🇵🇭🇰🇷🇯🇵🇨🇳🏴󠁧󠁢󠁥󠁮󠁧󠁿🇪🇦,1
Kendrick Lamar,Boom bap / Lyric,HfWLgELllZs,Kendrick Lamar - luther (Official Audio),Kendrick Lamar,The Fifa World Cup is where countries can gain recognition.,0
Kendrick Lamar,Boom bap / Lyric,HfWLgELllZs,Kendrick Lamar - luther (Official Audio),Kendrick Lamar,❤❤❤❤❤❤❤@drake y @ chrisbrown sorrry,1
Kendrick Lamar,Boom bap / Lyric,HfWLgELllZs,Kendrick Lamar - luther (Official Audio),Kendrick Lamar,❤❤back to drake yalll cmon ❤❤❤❤❤,1
Kendrick Lamar,Boom bap / Lyric,HfWLgELllZs,Kendrick Lamar - luther (Official Audio),Kendrick Lamar,Drake drake drake yayayaya positive vibes is it tea tea is it ki ki is it bri bri ❤❤❤❤❤❤❤❤❤yup damn right,1
Kendrick Lamar,Boom bap / Lyric,HfWLgELllZs,Kendrick Lamar - luther (Official Audio),Kendrick Lamar,Go drake u the best ❤❤❤❤❤❤❤❤,1
Kendrick Lamar,Boom bap / Lyric,HfWLgELllZs,Kendrick Lamar - luther (Official Audio),Kendrick Lamar,❤❤❤❤❤the world is Drakes ❤❤❤❤just go somewhere🎉🎉🎉🎉🎉🎉🎉drake we love u @drake ❤❤❤❤❤,1
Kendrick Lamar,Boom bap / Lyric,HfWLgELllZs,Kendrick Lamar - luther (Official Audio),Kendrick Lamar,😂😂,0
Kendrick Lamar,Boom bap / Lyric,HfWLgELllZs,Kendrick Lamar - luther (Official Audio),Kendrick Lamar,Kendrick + SZA = 🎵🔥,1
Kendrick Lamar,Boom bap / Lyric,HfWLgELllZs,Kendrick Lamar - luther (Official Audio),Kendrick Lamar,Damn this is fireeeee🔥,0
Kendrick Lamar,Boom bap / Lyric,HfWLgELllZs,Kendrick Lamar - luther (Official Audio),Kendrick Lamar,I'm From Sri Lanka🇱🇰.But my Best singger on My world Is kendrick lamar❤. Luv You All....,3
Kendrick Lamar,Boom bap / Lyric,HfWLgELllZs,Kendrick Lamar - luther (Official Audio),Kendrick Lamar,I LOVE this song very much!,1
Kendrick Lamar,Boom bap / Lyric,HfWLgELllZs,Kendrick Lamar - luther (Official Audio),Kendrick Lamar,2:15 wow moment❤,1
Kendrick Lamar,Boom bap / Lyric,HfWLgELllZs,Kendrick Lamar - luther (Official Audio),Kendrick Lamar,💙,1
Kendrick Lamar,Boom bap / Lyric,HfWLgELllZs,Kendrick Lamar - luther (Official Audio),Kendrick Lamar,"If this world was mine I’ll take your enemies in front of God

Introduce em to that light

Hit them strictly with that fire.",3
Kendrick Lamar,Boom bap / Lyric,HfWLgELllZs,Kendrick Lamar - luther (Official Audio),Kendrick Lamar,I like this song,4
Kendrick Lamar,Boom bap / Lyric,HfWLgELllZs,Kendrick Lamar - luther (Official Audio),Kendrick Lamar,like,1
Kendrick Lamar,Boom bap / Lyric,HfWLgELllZs,Kendrick Lamar - luther (Official Audio),Kendrick Lamar,Kendrick Lamar I like your songs!!!!!!!!!!!!!!!!❤❤❤❤❤❤❤❤🎉🎉🎉🎉🎉🎉🎉🎉🎉😂😂😂😂😂😂😂😊😊😊😊😊😊😊😊!!!!!!,1
Kendrick Lamar,Boom bap / Lyric,HfWLgELllZs,Kendrick Lamar - luther (Official Audio),Kendrick Lamar,.,1
Kendrick Lamar,Boom bap / Lyric,HfWLgELllZs,Kendrick Lamar - luther (Official Audio),Kendrick Lamar,Song sounds like Victory,1
Kendrick Lamar,Boom bap / Lyric,HfWLgELllZs,Kendrick Lamar - luther (Official Audio),Kendrick Lamar,Me parece increíble solo escribir en Youtube algo por si sale algo y está esta canción en la lista del algoritmo me gustó este ritmo,1
Kendrick Lamar,Boom bap / Lyric,HfWLgELllZs,Kendrick Lamar - luther (Official Audio),Kendrick Lamar,2026...still BUMPING THIS SONG...ONE FOR THE BOOKS...😊,5
Kendrick Lamar,Boom bap / Lyric,HfWLgELllZs,Kendrick Lamar - luther (Official Audio),Kendrick Lamar,có ai vn ko,2
Kendrick Lamar,Boom bap / Lyric,HfWLgELllZs,Kendrick Lamar - luther (Official Audio),Kendrick Lamar,"same guy who made ""tv off"" BTW",2
Kendrick Lamar,Boom bap / Lyric,HfWLgELllZs,Kendrick Lamar - luther (Official Audio),Kendrick Lamar,This song places a smile so hard on my face each time I hear it. Helps me to be patient and wait for my guy who'll see me and know it's me for him 100% from day 1.🎉,2
Kendrick Lamar,Boom bap / Lyric,HfWLgELllZs,Kendrick Lamar - luther (Official Audio),Kendrick Lamar,Amazing music !!!,1
Kendrick Lamar,Boom bap / Lyric,HfWLgELllZs,Kendrick Lamar - luther (Official Audio),Kendrick Lamar,Really looking for a girlfriend would like to marry I'm 31,1
Kendrick Lamar,Boom bap / Lyric,HfWLgELllZs,Kendrick Lamar - luther (Official Audio),Kendrick Lamar,Vary few songs of all genres have captured me like this song has. Its one of the best things ive heard in a long time. Vocals to the beat. Everything is just right.,0
Kendrick Lamar,Boom bap / Lyric,HfWLgELllZs,Kendrick Lamar - luther (Official Audio),Kendrick Lamar,This song is lowkey a bop but doesn't sound normal to me anymore after being exposed to so much mustard mango tantum verde aldi's 67 brainrot.,0
Kendrick Lamar,Boom bap / Lyric,HfWLgELllZs,Kendrick Lamar - luther (Official Audio),Kendrick Lamar,"If this world were mine
Hey, Roman numeral seven, bae, drop it like it's hot
If this world was mine, I'd take your dreams and make 'em multiply
If this world was mine, I'd take your enemies in front of God
Introduce 'em to that light, hit them strictly with that fire
Fah-fah, fah-fah-fah, fah-fah, fah
Hey, Roman numeral seven, bae, drop it like it's hot
If this world was mine, I'd take your dreams and make 'em multiply
If this world was mine, I'd take your enemies in front of God
Introduce 'em to that light, hit them strictly with that fire
It's a vibe, do your dance, let 'em watch
She a fan, he a flop, they just wanna kumbaya, nah
In this world, concrete flowers grow
Heartache, she only doin' what she know
Weekends, get it poppin' on the low
Better days comin' for sure (if this world were)
If it was up to me
I wouldn't give these nobodies no sympathy
I'd take away the pain, I'd give you everything
I just wanna see you win, wanna see (if this world were mine)
It go in (when you), out (ride it), do it real slow (slide)
Baby, you a star, strike, pose (right)
When I'm (when you), with you (with me), everything goes (slow)
Come and (put that), put that (on my), on my (titi), soul (soul)
'Rari (red), crown (stack), wrist (stay), froze (really)
Drip (tell me), pound (if you), on the way home (love me)
In this world, concrete flowers grow
Heartache, she only doin' what she know
Weekends, get it poppin' on the low
Better days comin' for sure (if this world were)
If it was up to me
I wouldn't give these nobodies no sympathy
I'd take away the pain, I'd give you everything
I just wanna see you win, wanna see (if this world were mine)
I can't lie, I trust you, I love you, I won't waste your time
I turn it off just so I can turn you on
I'ma make you say it loud
I'm not even trippin', I won't stress you out
I might even settle down for you, I'ma show you I'm a pro
I'ma take my time and turn it off
Just so I can turn you on, baby
Weekends, get it poppin' on the low
Better days comin' for sure
I know you'll come
I know you're comin' for
(Anything)
(If this world were mine)",1
Kendrick Lamar,Boom bap / Lyric,HfWLgELllZs,Kendrick Lamar - luther (Official Audio),Kendrick Lamar,"If this world were mine
Hey, Roman numeral seven, bae, drop it like it's hot
If this world was mine, I'd take your dreams and make 'em multiply
If this world was mine, I'd take your enemies in front of God
Introduce 'em to that light, hit them strictly with that fire
Fah-fah, fah-fah-fah, fah-fah, fah
Hey, Roman numeral seven, bae, drop it like it's hot
If this world was mine, I'd take your dreams and make 'em multiply
If this world was mine, I'd take your enemies in front of God
Introduce 'em to that light, hit them strictly with that fire
It's a vibe, do your dance, let 'em watch
She a fan, he a flop, they just wanna kumbaya, nah
In this world, concrete flowers grow
Heartache, she only doin' what she know
Weekends, get it poppin' on the low
Better days comin' for sure (if this world were)
If it was up to me
I wouldn't give these nobodies no sympathy
I'd take away the pain, I'd give you everything
I just wanna see you win, wanna see (if this world were mine)
It go in (when you), out (ride it), do it real slow (slide)
Baby, you a star, strike, pose
When I'm (when you), with you (with me), everything goes (slow)
Come and (put that), put that (on my), on my (titi), soul (soul)
'Rari (red), crown (stack), wrist (stay), froze (really)
Drip (tell me), pound (if you), on the way home (love me)
In this world, concrete flowers grow
Heartache, she only doin' what she know
Weekends, get it poppin' on the low
Better days comin' for sure (if this world were)
If it was up to me
I wouldn't give these nobodies no sympathy
I'd take away the pain, I'd give you everything
I just wanna see you win, wanna see (if this world were mine)
I can't lie, I trust you, I love you, I won't waste your time
I turn it off just so I can turn you on
I'ma make you say it loud
I'm not even trippin', I won't stress you out
I might even settle down for you, I'ma show you I'm a pro
I'ma take my time and turn it off just so I can turn you on, baby
Weekends, get it poppin' on the low
Better days comin' for sure
I know you're comin' for (ah-ooh)
Better days (ah-ooh)
If this world were mine",1
Kendrick Lamar,Boom bap / Lyric,HfWLgELllZs,Kendrick Lamar - luther (Official Audio),Kendrick Lamar,☘️,1
Kendrick Lamar,Boom bap / Lyric,HfWLgELllZs,Kendrick Lamar - luther (Official Audio),Kendrick Lamar,Not a Kendrick fan his voice annoys tf outta me but i like this one,3
Kendrick Lamar,Boom bap / Lyric,HfWLgELllZs,Kendrick Lamar - luther (Official Audio),Kendrick Lamar,"If this world were mine
Hey, Roman numeral seven, bae, drop it like it's hot
If this world was mine, I'd take your dreams and make 'em multiply
If this world was mine, I'd take your enemies in front of God
Introduce 'em to that light, hit them strictly with that fire
Fah-fah, fah-fah-fah, fah-fah, fah
Hey, Roman numeral seven, bae, drop it like it's hot
If this world was mine, I'd take your dreams and make 'em multiply
If this world was mine, I'd take your enemies in front of God
Introduce 'em to that light, hit them strictly with that fire
It's a vibe, do your dance, let 'em watch
She a fan, he a flop, they just wanna kumbaya, nah
In this world, concrete flowers grow
Heartache, she only doin' what she know
Weekends, get it poppin' on the low
Better days comin' for sure (if this world were)
If it was up to me
I wouldn't give these nobodies no sympathy
I'd take away the pain, I'd give you everything
I just wanna see you win, wanna see (if this world were mine)
It go in (when you), out (ride it), do it real slow (slide)
Baby, you a star, strike, pose (right)
When I'm (when you), with you (with me), everything goes (slow)
Come and (put that), put that (on my), on my (titi), soul (soul)
'Rari (red), crown (stack), wrist (stay), froze (really)
Drip (tell me), pound (if you), on the way home (love me)
In this world, concrete flowers grow
Heartache, she only doin' what she know
Weekends, get it poppin' on the low
Better days comin' for sure (if this world were)
If it was up to me
I wouldn't give these nobodies no sympathy
I'd take away the pain, I'd give you everything
I just wanna see you win, wanna see (if this world were mine)
I can't lie, I trust you, I love you, I won't waste your time
I turn it off just so I can turn you on
I'ma make you say it loud
I'm not even trippin', I won't stress you out
I might even settle down for you, I'ma show you I'm a pro
I'ma take my time and turn it off
Just so I can turn you on, baby
Weekends, get it poppin' on the low
Better days comin' for sure
I know you'll come
I know you're comin' for
(Anything)
(If this world were mine)",3
Kendrick Lamar,Boom bap / Lyric,HfWLgELllZs,Kendrick Lamar - luther (Official Audio),Kendrick Lamar,"Love that song so much. It's been a while since I haven't liked a song like that! Makes me want to hit the road at sundown with friends and sing it outloud by the windows! Parck at a nice spot and just chill!Fire, roasted mashmallllows!!!!A good drink and some peacefull laughter!",2
Kendrick Lamar,Boom bap / Lyric,HfWLgELllZs,Kendrick Lamar - luther (Official Audio),Kendrick Lamar,FIRE,3
Kendrick Lamar,Boom bap / Lyric,HfWLgELllZs,Kendrick Lamar - luther (Official Audio),Kendrick Lamar,Who here after the GRAMMY?,0
Kendrick Lamar,Boom bap / Lyric,HfWLgELllZs,Kendrick Lamar - luther (Official Audio),Kendrick Lamar,"I'm here on the video of your favourite song, hoping you'll see my comment amongst all of them. The chances are slim.
I miss you and I'll always love you",1
Kendrick Lamar,Boom bap / Lyric,HfWLgELllZs,Kendrick Lamar - luther (Official Audio),Kendrick Lamar,Coming back for this masterpiece,0
Kendrick Lamar,Boom bap / Lyric,HfWLgELllZs,Kendrick Lamar - luther (Official Audio),Kendrick Lamar,"Kendrick so ass bro he legit ruined this song, not even a hater but tell me drake wouldn’t be a way better option for this song?",2
Kendrick Lamar,Boom bap / Lyric,HfWLgELllZs,Kendrick Lamar - luther (Official Audio),Kendrick Lamar,🌷,0
Kendrick Lamar,Boom bap / Lyric,HfWLgELllZs,Kendrick Lamar - luther (Official Audio),Kendrick Lamar,I am from India I have just recorded my own song pl hear it and also give me feedback,1
Kendrick Lamar,Boom bap / Lyric,HfWLgELllZs,Kendrick Lamar - luther (Official Audio),Kendrick Lamar,Life felt good when this album came out😅,1
Kendrick Lamar,Boom bap / Lyric,HfWLgELllZs,Kendrick Lamar - luther (Official Audio),Kendrick Lamar,"You know what time it is, ante up, this is in forever
Y'all got 'til May the 22nd to get ya'll 💩 together

🦉",1
Kendrick Lamar,Boom bap / Lyric,HfWLgELllZs,Kendrick Lamar - luther (Official Audio),Kendrick Lamar,Drake Iceland season,2
Kendrick Lamar,Boom bap / Lyric,HfWLgELllZs,Kendrick Lamar - luther (Official Audio),Kendrick Lamar,"If this world were mine
Hey, Roman numeral seven, bae, drop it like it's hot
If this world was mine, I'd take your dreams and make 'em multiply
If this world was mine, I'd take your enemies in front of God
Introduce 'em to that light, hit them strictly with that fire
Fah-fah, fah-fah-fah, fah-fah, fah
Hey, Roman numeral seven, bae, drop it like it's hot
If this world was mine, I'd take your dreams and make 'em multiply
If this world was mine, I'd take your enemies in front of God
Introduce 'em to that light, hit them strictly with that fire
It's a vibe, do your dance, let 'em watch
She a fan, he a flop, they just wanna kumbaya, nah
In this world, concrete flowers grow
Heartache, she only doin' what she know
Weekends, get it poppin' on the low
Better days comin' for sure (if this world were)
If it was up to me
I wouldn't give these nobodies no sympathy
I'd take away the pain, I'd give you everything
I just wanna see you win, wanna see (if this world were mine)
It go in (when you), out (ride it), do it real slow (slide)
Baby, you a star, strike, pose (right)
When I'm (when you), with you (with me), everything goes (slow)
Come and (put that), put that (on my), on my (titi), soul (soul)
'Rari (red), crown (stack), wrist (stay), froze (really)
Drip (tell me), pound (if you), on the way home (love me)
In this world, concrete flowers grow
Heartache, she only doin' what she know
Weekends, get it poppin' on the low
Better days comin' for sure (if this world were)
If it was up to me
I wouldn't give these nobodies no sympathy
I'd take away the pain, I'd give you everything
I just wanna see you win, wanna see (if this world were mine)
I can't lie, I trust you, I love you, I won't waste your time
I turn it off just so I can turn you on
I'ma make you say it loud
I'm not even trippin', I won't stress you out
I might even settle down for you, I'ma show you I'm a pro
I'ma take my time and turn it off
Just so I can turn you on, baby
Weekends, get it poppin' on the low
Better days comin' for sure
I know you'll come
I know you're comin' for
(Anything)
(If this world were mine)",2
Kendrick Lamar,Boom bap / Lyric,HfWLgELllZs,Kendrick Lamar - luther (Official Audio),Kendrick Lamar,KENDRICK YOU SHOILD DROP A ALBUM CALLED FIREMAN,2
Kendrick Lamar,Boom bap / Lyric,HfWLgELllZs,Kendrick Lamar - luther (Official Audio),Kendrick Lamar,Here after Lawbrey Drake Graham dropped Ice Man and the other 2 albums 4 days ago. He didn’t even come close. Where’s quinten when he needs him?,1
Kendrick Lamar,Boom bap / Lyric,HfWLgELllZs,Kendrick Lamar - luther (Official Audio),Kendrick Lamar,노래 잘 만들었엌ㅋㅋ,5
Kendrick Lamar,Boom bap / Lyric,HfWLgELllZs,Kendrick Lamar - luther (Official Audio),Kendrick Lamar,It’s crazy how time flies,98
Kendrick Lamar,Boom bap / Lyric,HfWLgELllZs,Kendrick Lamar - luther (Official Audio),Kendrick Lamar,"He told Drake what not to do on this song. Kat Williams said don't disrespect a black woman. In the  Roast of Kevin Hart, Kevin Hart said he not gonna disrespect a black woman on the show lol",0
Kendrick Lamar,Boom bap / Lyric,HfWLgELllZs,Kendrick Lamar - luther (Official Audio),Kendrick Lamar,How is here after that trash album,0
Kendrick Lamar,Boom bap / Lyric,HfWLgELllZs,Kendrick Lamar - luther (Official Audio),Kendrick Lamar,Who's here on May 2026 🫶🏽😍,2
Kendrick Lamar,Boom bap / Lyric,HfWLgELllZs,Kendrick Lamar - luther (Official Audio),Kendrick Lamar,Two queens of plaid walk into a room,0
Kendrick Lamar,Boom bap / Lyric,HfWLgELllZs,Kendrick Lamar - luther (Official Audio),Kendrick Lamar,"Can you guys PLEASE stop crying about Drake 😂

I thought Kendrick won? All you do is cry about Drake when he isnt even on here.",2
Kendrick Lamar,Boom bap / Lyric,HfWLgELllZs,Kendrick Lamar - luther (Official Audio),Kendrick Lamar,How is this one album better than the three Drake dropped? And I glaze Drake too OH MY GOD,2
Kendrick Lamar,Boom bap / Lyric,HfWLgELllZs,Kendrick Lamar - luther (Official Audio),Kendrick Lamar,2:17,0
Kendrick Lamar,Boom bap / Lyric,HfWLgELllZs,Kendrick Lamar - luther (Official Audio),Kendrick Lamar,You are the,1
Kendrick Lamar,Boom bap / Lyric,HfWLgELllZs,Kendrick Lamar - luther (Official Audio),Kendrick Lamar,Who is the best?,0
Kendrick Lamar,Boom bap / Lyric,HfWLgELllZs,Kendrick Lamar - luther (Official Audio),Kendrick Lamar,"May 16, 2026 🔥🔥🔥🔥🔥",2
Kendrick Lamar,Boom bap / Lyric,HfWLgELllZs,Kendrick Lamar - luther (Official Audio),Kendrick Lamar,🔥🙅🏽‍♀️🤎,2
Kendrick Lamar,Boom bap / Lyric,HfWLgELllZs,Kendrick Lamar - luther (Official Audio),Kendrick Lamar,i swear this song came out before the beef i have to be going crazy,5
Kendrick Lamar,Boom bap / Lyric,HfWLgELllZs,Kendrick Lamar - luther (Official Audio),Kendrick Lamar,Here after Iceman,19
Kendrick Lamar,Boom bap / Lyric,HfWLgELllZs,Kendrick Lamar - luther (Official Audio),Kendrick Lamar,Here' in 2026  5/15/26,2
Kendrick Lamar,Boom bap / Lyric,HfWLgELllZs,Kendrick Lamar - luther (Official Audio),Kendrick Lamar,5 14 26,0
Kendrick Lamar,Boom bap / Lyric,HfWLgELllZs,Kendrick Lamar - luther (Official Audio),Kendrick Lamar,2:13,0
Kendrick Lamar,Boom bap / Lyric,HfWLgELllZs,Kendrick Lamar - luther (Official Audio),Kendrick Lamar,Sza❤❤❤❤,1
Kendrick Lamar,Boom bap / Lyric,HfWLgELllZs,Kendrick Lamar - luther (Official Audio),Kendrick Lamar,REINCARNATED!,1
Kendrick Lamar,Boom bap / Lyric,HfWLgELllZs,Kendrick Lamar - luther (Official Audio),Kendrick Lamar,"How 50 cent used Kendrick to play lotis jackson on Power 

https://youtu.be/OclG4ijYSBE?si=22ug6oGB3xcwcQqo",0
Kendrick Lamar,Boom bap / Lyric,HfWLgELllZs,Kendrick Lamar - luther (Official Audio),Kendrick Lamar,Ts some burger music,4
Kendrick Lamar,Boom bap / Lyric,HfWLgELllZs,Kendrick Lamar - luther (Official Audio),Kendrick Lamar,I love this 🎵 song!,3
Kendrick Lamar,Boom bap / Lyric,HfWLgELllZs,Kendrick Lamar - luther (Official Audio),Kendrick Lamar,I missed you! ❤️🔥❤️🔥❤️🔥❤️🔥❤️🔥❤️,0
Kendrick Lamar,Boom bap / Lyric,HfWLgELllZs,Kendrick Lamar - luther (Official Audio),Kendrick Lamar,Mf shooting on a rnb song like Foolio Coolio,0
Kendrick Lamar,Boom bap / Lyric,HfWLgELllZs,Kendrick Lamar - luther (Official Audio),Kendrick Lamar,The best,1
Kendrick Lamar,Boom bap / Lyric,HfWLgELllZs,Kendrick Lamar - luther (Official Audio),Kendrick Lamar,"The Delta to LA - Outro. 

Brandon Luther Smith, P.E.",0
Kendrick Lamar,Boom bap / Lyric,HfWLgELllZs,Kendrick Lamar - luther (Official Audio),Kendrick Lamar,"Honestly a little more groovy than the original, more live performance kinda feel and it's immaculate 👏🏻👏🏻",1
Kendrick Lamar,Boom bap / Lyric,HfWLgELllZs,Kendrick Lamar - luther (Official Audio),Kendrick Lamar,It's back!  As it should be!🔥🔥🔥,11
Kendrick Lamar,Boom bap / Lyric,HfWLgELllZs,Kendrick Lamar - luther (Official Audio),Kendrick Lamar,e D r.🎉☆ ☆ Wow .,0
Kendrick Lamar,Boom bap / Lyric,HfWLgELllZs,Kendrick Lamar - luther (Official Audio),Kendrick Lamar,Nicholas Hoult brought me here,0
Kendrick Lamar,Boom bap / Lyric,HfWLgELllZs,Kendrick Lamar - luther (Official Audio),Kendrick Lamar,I’m here check on KDot ‘s music 😊,1
Kendrick Lamar,Boom bap / Lyric,HfWLgELllZs,Kendrick Lamar - luther (Official Audio),Kendrick Lamar,im here because they deleted it,1
Kendrick Lamar,Boom bap / Lyric,HfWLgELllZs,Kendrick Lamar - luther (Official Audio),Kendrick Lamar,69 God,0
Kendrick Lamar,Boom bap / Lyric,HfWLgELllZs,Kendrick Lamar - luther (Official Audio),Kendrick Lamar,This album has been removed from streaming services,0
Kendrick Lamar,Boom bap / Lyric,HfWLgELllZs,Kendrick Lamar - luther (Official Audio),Kendrick Lamar,Whos here because the not like us music video got deleted and hin also reuploading luther?,78
Kendrick Lamar,Boom bap / Lyric,HfWLgELllZs,Kendrick Lamar - luther (Official Audio),Kendrick Lamar,here cus they deleted the video🤦‍♂️,4
Kendrick Lamar,Boom bap / Lyric,HfWLgELllZs,Kendrick Lamar - luther (Official Audio),Kendrick Lamar,What's hannenin?,2
Kendrick Lamar,Boom bap / Lyric,HfWLgELllZs,Kendrick Lamar - luther (Official Audio),Kendrick Lamar,"Album deleted from both YT (Music) and Apple. Still up in Spotify.

Music videos for both ""Luther"" and ""Not Like Us"" removed from here too...

What is happening?",3
Kendrick Lamar,Boom bap / Lyric,HfWLgELllZs,Kendrick Lamar - luther (Official Audio),Kendrick Lamar,"Wait, where is the music video? 😢",5
Kendrick Lamar,Boom bap / Lyric,HfWLgELllZs,Kendrick Lamar - luther (Official Audio),Kendrick Lamar,"Where's my music video Kendrick?
You're making me very mad >:(((((",2
Kendrick Lamar,Boom bap / Lyric,HfWLgELllZs,Kendrick Lamar - luther (Official Audio),Kendrick Lamar,"Deleted off Apple Music, music video deleted off YT. Tf?",3
Kendrick Lamar,Boom bap / Lyric,HfWLgELllZs,Kendrick Lamar - luther (Official Audio),Kendrick Lamar,Mv?,0
Kendrick Lamar,Boom bap / Lyric,HfWLgELllZs,Kendrick Lamar - luther (Official Audio),Kendrick Lamar,here cus they deleted it off apple music,73
Kendrick Lamar,Boom bap / Lyric,HfWLgELllZs,Kendrick Lamar - luther (Official Audio),Kendrick Lamar,where did the video go ,6
Kendrick Lamar,Boom bap / Lyric,HfWLgELllZs,Kendrick Lamar - luther (Official Audio),Kendrick Lamar,Crazzyyyyyyy🎉,0
Kendrick Lamar,Boom bap / Lyric,HfWLgELllZs,Kendrick Lamar - luther (Official Audio),Kendrick Lamar,"I luv luthers..
Better days outro",2
Kendrick Lamar,Boom bap / Lyric,HfWLgELllZs,Kendrick Lamar - luther (Official Audio),Kendrick Lamar,"Liberty,Jackson ❤",0
Kendrick Lamar,Boom bap / Lyric,HfWLgELllZs,Kendrick Lamar - luther (Official Audio),Kendrick Lamar,Do different from othe's😂😂,0
Kendrick Lamar,Boom bap / Lyric,HfWLgELllZs,Kendrick Lamar - luther (Official Audio),Kendrick Lamar,"Slow night drive on this track in 2026, with a cigarette and a beautiful miss",0
Kendrick Lamar,Boom bap / Lyric,HfWLgELllZs,Kendrick Lamar - luther (Official Audio),Kendrick Lamar,"da greatest rapper alive, hands down 😘😍🥰",0
Kendrick Lamar,Boom bap / Lyric,HfWLgELllZs,Kendrick Lamar - luther (Official Audio),Kendrick Lamar,22486,0
Kendrick Lamar,Boom bap / Lyric,HfWLgELllZs,Kendrick Lamar - luther (Official Audio),Kendrick Lamar,It reminds me of being in a warm sunset ❤️‍🔥,1
Kendrick Lamar,Boom bap / Lyric,HfWLgELllZs,Kendrick Lamar - luther (Official Audio),Kendrick Lamar,"2:13 I love the moment when they sing together, they complement each other perfectly",1
Kendrick Lamar,Boom bap / Lyric,HfWLgELllZs,Kendrick Lamar - luther (Official Audio),Kendrick Lamar,MTP,0
Kendrick Lamar,Boom bap / Lyric,HfWLgELllZs,Kendrick Lamar - luther (Official Audio),Kendrick Lamar,anyone's here in june?,2
Kendrick Lamar,Boom bap / Lyric,HfWLgELllZs,Kendrick Lamar - luther (Official Audio),Kendrick Lamar,"If this world were mine

Hey, Roman numeral seven, bae, drop it like it's hot
If this world was mine, I'd take your dreams and make 'em multiply
If this world was mine, I'd take your enemies in front of God
Introduce 'em to that light, hit them strictly with that fire
Fah-fah, fah-fah-fah, fah-fah, fah

Hey, Roman numeral seven, bae, drop it like it's hot
If this world was mine, I'd take your dreams and make 'em multiply
If this world was mine, I'd take your enemies in front of God
Introduce 'em to that light, hit them strictly with that fire
It's a vibe, do your dance, let 'em watch
She a fan, he a flop, they just wanna kumbaya, nah

In this world, concrete flowers grow
Heartache, she only doin' what she know
Weekends, get it poppin' on the low
Better days comin' for sure
If this world were
If it was up to me
I wouldn't give these nobodies no sympathy
I'd take away the pain, I'd give you everything
I just wanna see you win, wanna see
If this world

It go in (when you), out (ride it), do it real slow (slide)
Baby, you a star, strike, pose
When I'm (when you) with you (with me) everything goes (slow)
Come and (put that) put that (on my) on my (titi) soul (soul)
'Rari (red), crown (stack), wrist (stay) froze (really)
Drip (tell me), pound (if you) on the way home (love me)

In this world, concrete flowers grow
Heartache, she only doin' what she know
Weekends, get it poppin' on the low
Better days comin' for sure
If this world were
If it was up to me
I wouldn't give these nobodies no sympathy
I'd take away the pain, I'd give you everything
I just wanna see you win, wanna see
If this world

I can't lie
I trust you, I love you, I won't waste your time
I turn it off just so I can turn you on
I'ma make you say it loud
I'm not even trippin', I won't stress you out
I might even settle down for you
I'ma show you I'm a pro
I'ma take my time and turn it off
Just so I can turn you on, baby

Weekends, get it poppin' on the low
Better days comin' for sure
I know you're comin' for
Better days

If this world were mine",2
Kendrick Lamar,Boom bap / Lyric,HfWLgELllZs,Kendrick Lamar - luther (Official Audio),Kendrick Lamar,who's there in 2026?? everybody??,1
Kendrick Lamar,Boom bap / Lyric,HfWLgELllZs,Kendrick Lamar - luther (Official Audio),Kendrick Lamar,Plz,0
Kendrick Lamar,Boom bap / Lyric,HfWLgELllZs,Kendrick Lamar - luther (Official Audio),Kendrick Lamar,Nahh this song deserves 1B views this is Vibes 🔥,5
Kendrick Lamar,Boom bap / Lyric,HfWLgELllZs,Kendrick Lamar - luther (Official Audio),Kendrick Lamar,Soulful song..really I like it.,2
Kendrick Lamar,Boom bap / Lyric,HfWLgELllZs,Kendrick Lamar - luther (Official Audio),Kendrick Lamar,ကွမ်းကွမ်း😂😂😂,0
Kendrick Lamar,Boom bap / Lyric,HfWLgELllZs,Kendrick Lamar - luther (Official Audio),Kendrick Lamar,လင်းဖြိုးသူ😂😂😂,0
Kendrick Lamar,Boom bap / Lyric,HfWLgELllZs,Kendrick Lamar - luther (Official Audio),Kendrick Lamar,စွမ်းထက်ကျော်😂😂😂,0
Kendrick Lamar,Boom bap / Lyric,HfWLgELllZs,Kendrick Lamar - luther (Official Audio),Kendrick Lamar,Rap by1😂😂,0
Kendrick Lamar,Boom bap / Lyric,HfWLgELllZs,Kendrick Lamar - luther (Official Audio),Kendrick Lamar,By1???😂😂,0
Kendrick Lamar,Boom bap / Lyric,HfWLgELllZs,Kendrick Lamar - luther (Official Audio),Kendrick Lamar,May lol😂😂,0
Kendrick Lamar,Boom bap / Lyric,HfWLgELllZs,Kendrick Lamar - luther (Official Audio),Kendrick Lamar,Not a huge fan of Kendrick but ever since I heard it for the first time I have never skipped it. Its replay value is insane and it helps that Sza and Kendrick dont miss as a duo 💯,4
Kendrick Lamar,Boom bap / Lyric,HfWLgELllZs,Kendrick Lamar - luther (Official Audio),Kendrick Lamar,Someone said Kendrick makes me feel closer to a god I don't even believe in and I can't think of a better encapsulation of his music than that.,1
Kendrick Lamar,Boom bap / Lyric,HfWLgELllZs,Kendrick Lamar - luther (Official Audio),Kendrick Lamar,🕺🕺🕺🕺,1
Kendrick Lamar,Boom bap / Lyric,HfWLgELllZs,Kendrick Lamar - luther (Official Audio),Kendrick Lamar,Why he doesn't mention SZA?,0
Kendrick Lamar,Boom bap / Lyric,HfWLgELllZs,Kendrick Lamar - luther (Official Audio),Kendrick Lamar,My wedding song,2
Kendrick Lamar,Boom bap / Lyric,HfWLgELllZs,Kendrick Lamar - luther (Official Audio),Kendrick Lamar,SOLD YOUR SOUL COWARD,0
Kendrick Lamar,Boom bap / Lyric,HfWLgELllZs,Kendrick Lamar - luther (Official Audio),Kendrick Lamar,In 1876,1
Kendrick Lamar,Boom bap / Lyric,HfWLgELllZs,Kendrick Lamar - luther (Official Audio),Kendrick Lamar,2026 anyone,3
Kendrick Lamar,Boom bap / Lyric,HfWLgELllZs,Kendrick Lamar - luther (Official Audio),Kendrick Lamar,Funny how you losers cant do shit to him lately,1
Kendrick Lamar,Boom bap / Lyric,HfWLgELllZs,Kendrick Lamar - luther (Official Audio),Kendrick Lamar,I wish kendrick have one more verse in this song,0
Kendrick Lamar,Boom bap / Lyric,HfWLgELllZs,Kendrick Lamar - luther (Official Audio),Kendrick Lamar,"This is mine and Mommas song... she passed at 85yrs, Im 50 and when we drove her home I bumped this as our last cruise as I followed her casket being driven home.... Momma loved this song.... I love this song.",4
Kendrick Lamar,Boom bap / Lyric,HfWLgELllZs,Kendrick Lamar - luther (Official Audio),Kendrick Lamar,"This song reminds me of driving down I-94 coming into Minneapolis coming from up north, this song would always be playing on the radio.  Hour or so go by, I'll be driving around downtown Minneapolis and this song would play again...reminiscing about fun times, while they lasted ...",2
Kendrick Lamar,Boom bap / Lyric,HfWLgELllZs,Kendrick Lamar - luther (Official Audio),Kendrick Lamar,ㅌㅇ이의 애착 노래입니다 없으면 잠못자요~호호호호,1
Kendrick Lamar,Boom bap / Lyric,HfWLgELllZs,Kendrick Lamar - luther (Official Audio),Kendrick Lamar,Lit🔥,2
Kendrick Lamar,Boom bap / Lyric,HfWLgELllZs,Kendrick Lamar - luther (Official Audio),Kendrick Lamar,🔥,2
Kendrick Lamar,Boom bap / Lyric,HfWLgELllZs,Kendrick Lamar - luther (Official Audio),Kendrick Lamar,"The performance, collaboration, emotions, and atmosphere were the best ever.",26
Kendrick Lamar,Boom bap / Lyric,HfWLgELllZs,Kendrick Lamar - luther (Official Audio),Kendrick Lamar,April 13th 2026 ( 15:08 pm ),2
Kendrick Lamar,Boom bap / Lyric,HfWLgELllZs,Kendrick Lamar - luther (Official Audio),Kendrick Lamar,I LOVEEEEEEEEEEEEEEEEEEEEEEEEEEEEEEEEEE,0
Kendrick Lamar,Boom bap / Lyric,HfWLgELllZs,Kendrick Lamar - luther (Official Audio),Kendrick Lamar,Roman milk,0
Kendrick Lamar,Boom bap / Lyric,HfWLgELllZs,Kendrick Lamar - luther (Official Audio),Kendrick Lamar,I like Kendrick Lamar songs,1
Kendrick Lamar,Boom bap / Lyric,HfWLgELllZs,Kendrick Lamar - luther (Official Audio),Kendrick Lamar,❤,0
Kendrick Lamar,Boom bap / Lyric,HfWLgELllZs,Kendrick Lamar - luther (Official Audio),Kendrick Lamar,2026,0
Kendrick Lamar,Boom bap / Lyric,HfWLgELllZs,Kendrick Lamar - luther (Official Audio),Kendrick Lamar,2:10 fire part right here 🔥,0
Kendrick Lamar,Boom bap / Lyric,HfWLgELllZs,Kendrick Lamar - luther (Official Audio),Kendrick Lamar,Damn,0
Kendrick Lamar,Boom bap / Lyric,HfWLgELllZs,Kendrick Lamar - luther (Official Audio),Kendrick Lamar,𝕀𝕗 𝕗𝕚 𝕗𝕚 𝕥𝕙𝕚𝕤 𝕨𝕠𝕣𝕝𝕕,0
Kendrick Lamar,Boom bap / Lyric,HfWLgELllZs,Kendrick Lamar - luther (Official Audio),Kendrick Lamar,https://youtu.be/Rh3bJKkEhk8?si=XHghcyL_LqJHW0Ek,0
Kendrick Lamar,Boom bap / Lyric,HfWLgELllZs,Kendrick Lamar - luther (Official Audio),Kendrick Lamar,Love this song,0
Kendrick Lamar,Boom bap / Lyric,HfWLgELllZs,Kendrick Lamar - luther (Official Audio),Kendrick Lamar,Where’s the 2026 listeners ???🎉,6
Kendrick Lamar,Boom bap / Lyric,HfWLgELllZs,Kendrick Lamar - luther (Official Audio),Kendrick Lamar,2:39 sza 😭😭😭😭,0
Kendrick Lamar,Boom bap / Lyric,HfWLgELllZs,Kendrick Lamar - luther (Official Audio),Kendrick Lamar,Nice,1
Kendrick Lamar,Boom bap / Lyric,HfWLgELllZs,Kendrick Lamar - luther (Official Audio),Kendrick Lamar,,0
Kendrick Lamar,Boom bap / Lyric,HfWLgELllZs,Kendrick Lamar - luther (Official Audio),Kendrick Lamar,🔥🔥🔥🔥🔥🔥🔥🔥🔥🔥🔥🔥🔥🔥🔥🔥🔥🔥🔥🔥🔥🔥🔥🔥🔥🔥🔥🔥🔥🔥🔥🔥🔥🔥🔥🔥,1
Kendrick Lamar,Boom bap / Lyric,HfWLgELllZs,Kendrick Lamar - luther (Official Audio),Kendrick Lamar,Very sad day 😢 #szabeyoncékj,0
Kendrick Lamar,Boom bap / Lyric,HfWLgELllZs,Kendrick Lamar - luther (Official Audio),Kendrick Lamar,I’m guessing the leftover of sza stays with Beyoncé and kj?,0
Kendrick Lamar,Boom bap / Lyric,HfWLgELllZs,Kendrick Lamar - luther (Official Audio),Kendrick Lamar,0:27 FAHHHHHH,0
Kendrick Lamar,Boom bap / Lyric,HfWLgELllZs,Kendrick Lamar - luther (Official Audio),Kendrick Lamar,Siempre canta lo mismo no sé qué le encuentran de extraordinario,0
Kendrick Lamar,Boom bap / Lyric,HfWLgELllZs,Kendrick Lamar - luther (Official Audio),Kendrick Lamar,🔥🔥🔥,0
Kendrick Lamar,Boom bap / Lyric,HfWLgELllZs,Kendrick Lamar - luther (Official Audio),Kendrick Lamar,woa,0
Kendrick Lamar,Boom bap / Lyric,HfWLgELllZs,Kendrick Lamar - luther (Official Audio),Kendrick Lamar,15/19 still available for classic 350 single disk?,0
Kendrick Lamar,Boom bap / Lyric,HfWLgELllZs,Kendrick Lamar - luther (Official Audio),Kendrick Lamar,Great song,0
Kendrick Lamar,Boom bap / Lyric,HfWLgELllZs,Kendrick Lamar - luther (Official Audio),Kendrick Lamar,Anyone in 2027??,0
Kendrick Lamar,Boom bap / Lyric,HfWLgELllZs,Kendrick Lamar - luther (Official Audio),Kendrick Lamar,I'm here cuz HEESEUNG cover this song,0
Kendrick Lamar,Boom bap / Lyric,HfWLgELllZs,Kendrick Lamar - luther (Official Audio),Kendrick Lamar,Pregnancy song for my daughter,0
Kendrick Lamar,Boom bap / Lyric,HfWLgELllZs,Kendrick Lamar - luther (Official Audio),Kendrick Lamar,Here after someone broke my heart! After to give it all💔😞,0
Kendrick Lamar,Boom bap / Lyric,HfWLgELllZs,Kendrick Lamar - luther (Official Audio),Kendrick Lamar,Kumagaya 🎉,0
Kendrick Lamar,Boom bap / Lyric,HfWLgELllZs,Kendrick Lamar - luther (Official Audio),Kendrick Lamar,Songs good,0
Kendrick Lamar,Boom bap / Lyric,HfWLgELllZs,Kendrick Lamar - luther (Official Audio),Kendrick Lamar,This was such a good song,0
Kendrick Lamar,Boom bap / Lyric,HfWLgELllZs,Kendrick Lamar - luther (Official Audio),Kendrick Lamar,Yep,0
Kendrick Lamar,Boom bap / Lyric,HfWLgELllZs,Kendrick Lamar - luther (Official Audio),Kendrick Lamar,Fa fa fa fa fa faaaa fafa fa..     😲🤔,2
Kendrick Lamar,Boom bap / Lyric,HfWLgELllZs,Kendrick Lamar - luther (Official Audio),Kendrick Lamar,Kawaii girl 💕,2
Kendrick Lamar,Boom bap / Lyric,HfWLgELllZs,Kendrick Lamar - luther (Official Audio),Kendrick Lamar,2:14  the feeling there,2
Kendrick Lamar,Boom bap / Lyric,HfWLgELllZs,Kendrick Lamar - luther (Official Audio),Kendrick Lamar,favorit,0
Kendrick Lamar,Boom bap / Lyric,HfWLgELllZs,Kendrick Lamar - luther (Official Audio),Kendrick Lamar,A😢❤😢❤😢😢😢😢😂🎉😂🎉😂,0
Kendrick Lamar,Boom bap / Lyric,HfWLgELllZs,Kendrick Lamar - luther (Official Audio),Kendrick Lamar,Justin Bieber killed it!,0
Kendrick Lamar,Boom bap / Lyric,HfWLgELllZs,Kendrick Lamar - luther (Official Audio),Kendrick Lamar,If this world were mine,0
Kendrick Lamar,Boom bap / Lyric,HfWLgELllZs,Kendrick Lamar - luther (Official Audio),Kendrick Lamar,Me and my mom loves Kendrick Lamar and SZA,2
Kendrick Lamar,Boom bap / Lyric,HfWLgELllZs,Kendrick Lamar - luther (Official Audio),Kendrick Lamar,0:10 ✨,0
Kendrick Lamar,Boom bap / Lyric,HfWLgELllZs,Kendrick Lamar - luther (Official Audio),Kendrick Lamar,C,0
Kendrick Lamar,Boom bap / Lyric,HfWLgELllZs,Kendrick Lamar - luther (Official Audio),Kendrick Lamar,☺️🥐🧁,0
Kendrick Lamar,Boom bap / Lyric,HfWLgELllZs,Kendrick Lamar - luther (Official Audio),Kendrick Lamar,☺️🥐🧁💕,0
Kendrick Lamar,Boom bap / Lyric,HfWLgELllZs,Kendrick Lamar - luther (Official Audio),Kendrick Lamar,💙,0
Kendrick Lamar,Boom bap / Lyric,HfWLgELllZs,Kendrick Lamar - luther (Official Audio),Kendrick Lamar,Here after record of the year at grammys,1
Kendrick Lamar,Boom bap / Lyric,HfWLgELllZs,Kendrick Lamar - luther (Official Audio),Kendrick Lamar,I love this song,0
Kendrick Lamar,Boom bap / Lyric,HfWLgELllZs,Kendrick Lamar - luther (Official Audio),Kendrick Lamar,"[Intro]
If this world were mine

[Verse 1: Kendrick Lamar]
Hey, Roman numeral seven, bae, drop it like it's hot
If this world was mine, I'd take your dreams and make 'em multiply
If this world was mine, I'd take your enemies in front of God
Introduce 'em to that light, hit them strictly with that fire
Fah-fah, fah-fah-fah, fah-fah, fah
Hey, Roman numeral seven, bae, drop it like it's hot
If this world was mine, I'd take your dreams and make 'em multiply
If this world was mine, I'd take your enemies in front of God
Introduce 'em to that light, hit them strictly with that fire
It's a vibe, do your dance, let 'em watch
She a fan, he a flop, they just wanna kumbaya, nah

[Chorus: SZA, SZA & Kendrick Lamar]
In this world, concrete flowers grow
Heartache, she only doin' what she know
Weekends, get it poppin' on the low
Better days comin' for sure
If this world were—
If it was up to me
I wouldn't give these nobodies no sympathy
I'd take away the pain, I'd give you everything
I just wanna see you win, wanna see
If this world were mine

[Verse 2: Kendrick Lamar & SZA]
It go in (When you), out (Ride it), do it real slow (Slide)
Baby, you a star, strike, pose
When I'm (When you), with you (With me), everything goes (Slow)
Come and (Put that), put that (On my), on my (Titi), soul (Soul)
'Rari (Red), crown (Stack), wrist (Stay), froze (Really)
Drip (Tell me), pound (If you), on the way home (Love me)

[Chorus: Kendrick Lamar & SZA]
In this world, concrete flowers grow
Heartache, she only doin' what she know
Weekends, get it poppin' on the low
Better days comin' for sure
If this world were
I wouldn't give these nobodies no sympathy
I'd take away the pain, I'd give you everything
I just wanna see you win, wanna see
If this world were mine

[Verse 3: Kendrick Lamar & SZA]
I can't lie
I trust you, I love you, I won't waste your time
I turn it off just so I can turn you on
I'ma make you say it loud
I'm not even trippin', I won't stress you out
I might even settle down for you, I'ma show you I'm a pro
I'ma take my time and turn it off
Just so I can turn you on, baby
Weekends, get it poppin' on the low
Better days comin' for sure

[Outro: SZA]
I know you're comin' for
Better days
If this world",0
Kendrick Lamar,Boom bap / Lyric,HfWLgELllZs,Kendrick Lamar - luther (Official Audio),Kendrick Lamar,Love it Kendrick! Listening in 2026! Bonjour - Shirley from LA,0
Kendrick Lamar,Boom bap / Lyric,HfWLgELllZs,Kendrick Lamar - luther (Official Audio),Kendrick Lamar,켄드릭 투어가 한국에도 왔으면 얼마나 좋았을까?ㅠㅠ,1
Kendrick Lamar,Boom bap / Lyric,HfWLgELllZs,Kendrick Lamar - luther (Official Audio),Kendrick Lamar,Damian Priest brokers up loyal voice next dived wwe,0
Kendrick Lamar,Boom bap / Lyric,HfWLgELllZs,Kendrick Lamar - luther (Official Audio),Kendrick Lamar,Song healed me fr,3
Kendrick Lamar,Boom bap / Lyric,HfWLgELllZs,Kendrick Lamar - luther (Official Audio),Kendrick Lamar,Hello,0
Kendrick Lamar,Boom bap / Lyric,HfWLgELllZs,Kendrick Lamar - luther (Official Audio),Kendrick Lamar,Yowwsaz,0
Kendrick Lamar,Boom bap / Lyric,HfWLgELllZs,Kendrick Lamar - luther (Official Audio),Kendrick Lamar,"after Bangtan here again, lets go, baby",0
Kendrick Lamar,Boom bap / Lyric,HfWLgELllZs,Kendrick Lamar - luther (Official Audio),Kendrick Lamar,Its hottt,0
Kendrick Lamar,Boom bap / Lyric,HfWLgELllZs,Kendrick Lamar - luther (Official Audio),Kendrick Lamar,She gonna call me baby boooooooooooooóooooooóoooooooooooooooooppo,0
Kendrick Lamar,Boom bap / Lyric,HfWLgELllZs,Kendrick Lamar - luther (Official Audio),Kendrick Lamar,Fah fah fah fah fah       FAH❤,0
Kendrick Lamar,Boom bap / Lyric,HfWLgELllZs,Kendrick Lamar - luther (Official Audio),Kendrick Lamar,❤❤❤❤❤❤🔥🔥🔥🔥🔥🔥🌟🌟,0
Kendrick Lamar,Boom bap / Lyric,HfWLgELllZs,Kendrick Lamar - luther (Official Audio),Kendrick Lamar,Love beyond times. A+,0
Kendrick Lamar,Boom bap / Lyric,HfWLgELllZs,Kendrick Lamar - luther (Official Audio),Kendrick Lamar,"Lyrics

If this world were mine
Hey, Roman numeral seven, bae, drop it like it's hot
If this world was mine, I'd take your dreams and make 'em multiply
If this world was mine, I'd take your enemies in front of God
Introduce 'em to that light, hit them strictly with that fire
Fah-fah, fah-fah-fah, fah-fah, fah
Hey, Roman numeral seven, bae, drop it like it's hot
If this world was mine, I'd take your dreams and make 'em multiply
If this world was mine, I'd take your enemies in front of God
Introduce 'em to that light, hit them strictly with that fire
It's a vibe, do your dance, let 'em watch
She a fan, he a flop, they just wanna kumbaya, nah
In this world, concrete flowers grow
Heartache, she only doin' what she know
Weekends, get it poppin' on the low
Better days comin' for sure (if this world were)
If it was up to me
I wouldn't give these nobodies no sympathy
I'd take away the pain, I'd give you everything
I just wanna see you win, wanna see (if this world were mine)
It go in (when you), out (ride it), do it real slow (slide)
Baby, you a star, strike, pose (right)
When I'm (when you), with you (with me), everything goes (slow)
Come and (put that), put that (on my), on my (titi), soul (soul)
'Rari (red), crown (stack), wrist (stay), froze (really)
Drip (tell me), pound (if you), on the way home (love me)
In this world, concrete flowers grow
Heartache, she only doin' what she know
Weekends, get it poppin' on the low
Better days comin' for sure (if this world were)
If it was up to me
I wouldn't give these nobodies no sympathy
I'd take away the pain, I'd give you everything
I just wanna see you win, wanna see (if this world were mine)
I can't lie, I trust you, I love you, I won't waste your time
I turn it off just so I can turn you on
I'ma make you say it loud
I'm not even trippin', I won't stress you out
I might even settle down for you, I'ma show you I'm a pro
I'ma take my time and turn it off
Just so I can turn you on, baby
Weekends, get it poppin' on the low
Better days comin' for sure
I know you'll come
I know you're comin' for
(Anything)
(If this world were mine)",19
Kendrick Lamar,Boom bap / Lyric,HfWLgELllZs,Kendrick Lamar - luther (Official Audio),Kendrick Lamar,perfection,0
Kendrick Lamar,Boom bap / Lyric,HfWLgELllZs,Kendrick Lamar - luther (Official Audio),Kendrick Lamar,"this is perfect who is macklemore, f drake yo",0
Kendrick Lamar,Boom bap / Lyric,HfWLgELllZs,Kendrick Lamar - luther (Official Audio),Kendrick Lamar,where ur gaza song,0
Kendrick Lamar,Boom bap / Lyric,HfWLgELllZs,Kendrick Lamar - luther (Official Audio),Kendrick Lamar,0:51,0
Kendrick Lamar,Boom bap / Lyric,HfWLgELllZs,Kendrick Lamar - luther (Official Audio),Kendrick Lamar,That was SZA?😮,1
Kendrick Lamar,Boom bap / Lyric,HfWLgELllZs,Kendrick Lamar - luther (Official Audio),Kendrick Lamar,Luther Vandross!,0
Kendrick Lamar,Boom bap / Lyric,HfWLgELllZs,Kendrick Lamar - luther (Official Audio),Kendrick Lamar,Tip for anyone sick of those 'Learn AI and get rich' ads mid-video: Blockify removes them across all sites.,0
Kendrick Lamar,Boom bap / Lyric,HfWLgELllZs,Kendrick Lamar - luther (Official Audio),Kendrick Lamar,I am anticipating on you picking me up from the party❣️,0
Kendrick Lamar,Boom bap / Lyric,HfWLgELllZs,Kendrick Lamar - luther (Official Audio),Kendrick Lamar,kdot is the goat,0
Kendrick Lamar,Boom bap / Lyric,HfWLgELllZs,Kendrick Lamar - luther (Official Audio),Kendrick Lamar,Whenever it’s a Kendrick and SZA song it’s a good song I won’t even be surprised if they start dating now clock that tee🤏🏽,0
Kendrick Lamar,Boom bap / Lyric,HfWLgELllZs,Kendrick Lamar - luther (Official Audio),Kendrick Lamar,"If this world were mine
Hey, Roman numeral seven, bae, drop it like it's hot
If this world was mine, I'd take your dreams and make 'em multiply
If this world was mine, I'd take your enemies in front of God
Introduce 'em to that light, hit them strictly with that fire
Fah-fah, fah-fah-fah, fah-fah, fah
Hey, Roman numeral seven, bae, drop it like it's hot
If this world was mine, I'd take your dreams and make 'em multiply
If this world was mine, I'd take your enemies in front of God
Introduce 'em to that light, hit them strictly with that fire
It's a vibe, do your dance, let 'em watch
She a fan, he a flop, they just wanna kumbaya, nah
In this world, concrete flowers grow
Heartache, she only doin' what she know
Weekends, get it poppin' on the low
Better days comin' for sure (if this world were)
If it was up to me
I wouldn't give these nobodies no sympathy
I'd take away the pain, I'd give you everything
I just wanna see you win, wanna see (if this world were mine)
It go in (when you), out (ride it), do it real slow (slide)
Baby, you a star, strike, pose (right)
When I'm (when you), with you (with me), everything goes (slow)
Come and (put that), put that (on my), on my (titi), soul (soul)
'Rari (red), crown (stack), wrist (stay), froze (really)
Drip (tell me), pound (if you), on the way home (love me)
In this world, concrete flowers grow
Heartache, she only doin' what she know
Weekends, get it poppin' on the low
Better days comin' for sure (if this world were)
If it was up to me
I wouldn't give these nobodies no sympathy
I'd take away the pain, I'd give you everything
I just wanna see you win, wanna see (if this world were mine)
I can't lie, I trust you, I love you, I won't waste your time
I turn it off just so I can turn you on
I'ma make you say it loud
I'm not even trippin', I won't stress you out
I might even settle down for you, I'ma show you I'm a pro
I'ma take my time and turn it off
Just so I can turn you on, baby
Weekends, get it poppin' on the low
Better days comin' for sure
I know you'll come
I know you're comin' for
(Anything)
(If this world were mine)",0
Kendrick Lamar,Boom bap / Lyric,HfWLgELllZs,Kendrick Lamar - luther (Official Audio),Kendrick Lamar,"So while everyone is in the house;
drinking tainted water.
Maybe more than tainted.
Have you out here like ""white blotter"".
Are you even aware?
Of what that is?
AI will have you out here killing your children.
Saving ""kids"".
Did you think you were so smart?
We will make sure it never harms.
""Please dispatch the swat team""!
""We must remove his arms""!
What if you are charged.
Will you have any luck?
You said to a minor,
""suck it up butter cup""!?
People inherit things.
It's because they have the facts.
If you leave them out of it,
your companies will crash.
It's not because they are better.
Or think that you are junk.
Your just in the wrong positions.
Can't harvest your own luck.
PATRICIA A. MANIACI/AMERICA RACINE/BLOCK",0
Kendrick Lamar,Boom bap / Lyric,HfWLgELllZs,Kendrick Lamar - luther (Official Audio),Kendrick Lamar,Best song ever,0
Kendrick Lamar,Boom bap / Lyric,HfWLgELllZs,Kendrick Lamar - luther (Official Audio),Kendrick Lamar,No let JD and Raquel get the IC title while LivDom take the world titles,0
Kendrick Lamar,Boom bap / Lyric,HfWLgELllZs,Kendrick Lamar - luther (Official Audio),Kendrick Lamar,"Nice song to listen ""GNX""",0
Kendrick Lamar,Boom bap / Lyric,HfWLgELllZs,Kendrick Lamar - luther (Official Audio),Kendrick Lamar,Bye h,0
Kendrick Lamar,Boom bap / Lyric,HfWLgELllZs,Kendrick Lamar - luther (Official Audio),Kendrick Lamar,🎉❤my birth defects,0
Kendrick Lamar,Boom bap / Lyric,HfWLgELllZs,Kendrick Lamar - luther (Official Audio),Kendrick Lamar,I love you to all my loved ones,0
Kendrick Lamar,Boom bap / Lyric,HfWLgELllZs,Kendrick Lamar - luther (Official Audio),Kendrick Lamar,Erick morgan,0
Kendrick Lamar,Boom bap / Lyric,HfWLgELllZs,Kendrick Lamar - luther (Official Audio),Kendrick Lamar,Dora the explorer Dora system,0
Kendrick Lamar,Boom bap / Lyric,HfWLgELllZs,Kendrick Lamar - luther (Official Audio),Kendrick Lamar,1:23 cutest lyrics ever,0
Kendrick Lamar,Boom bap / Lyric,HfWLgELllZs,Kendrick Lamar - luther (Official Audio),Kendrick Lamar,A ver pagalo :v,0
Kendrick Lamar,Boom bap / Lyric,HfWLgELllZs,Kendrick Lamar - luther (Official Audio),Kendrick Lamar,March 2026 🤔,1
Kendrick Lamar,Boom bap / Lyric,HfWLgELllZs,Kendrick Lamar - luther (Official Audio),Kendrick Lamar,"I am cussing the royals totally out right now swear. I'm like, ""your making wine of my people""! You can't be around anyone on the f'ing planet without getting confused, hurt, forget what happened and wake up sick! Mixing bad fruit with good fruit makes wine!
PATRICIA A. MANIACI/AMERICA RACINE/BLOCK
NOT AMERIKIS THE PROSTITUTE ON HUMANIPLEX.
YOU ARE WASTING MONEY ON SCABS.
IT IS MY MONEY
WHO TAUGHT YOU THAT LOVE HAD ANYTHING TO DO WITH SEX?
IT IS A LIE.",0
Kendrick Lamar,Boom bap / Lyric,HfWLgELllZs,Kendrick Lamar - luther (Official Audio),Kendrick Lamar,Anybody in 2026🎉,0
Kendrick Lamar,Boom bap / Lyric,HfWLgELllZs,Kendrick Lamar - luther (Official Audio),Kendrick Lamar,"My son Patrick was replaced by James Sears they look alike. My son is in prison. He is innocent. The people living in my house are not my family they stole my dog and murdered my mom and sister and step dad they are costumes. They stole a $100 million settlement from me last week in Riverside Historic Courthouse dept 10. They were on the zoom call arranging flights in Guyana where they stole my inheritance from to make it appear I was agreeing to something. I am really an Empress out here they aren't taking anything from me ask God?
3 6 9 12
I am 3.
Patrick is already 6.
Bryan is 9.
12 is open.
We do not force spiritual positions.
You can not replace us.
We are the Irish Parliament for God's sake.
Free will has nothing to do with last wills.
Word magic.

How are all of you feeling?
After the big bang?
I'm still being stalked.
Old lady gang.
They all are living off me.
I do not know the color.
They claim we are all family.
That is not my brother.
You need not fear the gangsters.
Cushy crip or blood.
Beware of your grandma.
She is the real thug.
PATRICIA A. MANIACI/AMERICA RACINE/BLOCK",0
Kendrick Lamar,Boom bap / Lyric,HfWLgELllZs,Kendrick Lamar - luther (Official Audio),Kendrick Lamar,"I love my country.
More than most.
My name is America.
On the west coast.
I am more important;
then I ever knew.
My mom said,
""Patti why would they stalk you""?
Well I know now.
I clearly can see.
I am an Empress.
That's why they stalk me.
PATRICIA A. MANIACI/AMERICA RACINE/BLOCK",0
Kendrick Lamar,Boom bap / Lyric,HfWLgELllZs,Kendrick Lamar - luther (Official Audio),Kendrick Lamar,This is one of those tracks you chill to while listening to it. This is a calming track for real.,2
Kendrick Lamar,Boom bap / Lyric,HfWLgELllZs,Kendrick Lamar - luther (Official Audio),Kendrick Lamar,0:26 pavi❤,1
Kendrick Lamar,Boom bap / Lyric,HfWLgELllZs,Kendrick Lamar - luther (Official Audio),Kendrick Lamar,fav song ngl,2
Kendrick Lamar,Boom bap / Lyric,HfWLgELllZs,Kendrick Lamar - luther (Official Audio),Kendrick Lamar,Beat Remake/Breakdown On My Channel🔥🔥🔥,1
Kendrick Lamar,Boom bap / Lyric,HfWLgELllZs,Kendrick Lamar - luther (Official Audio),Kendrick Lamar,Hi. How are you. Today 😊,4
Kendrick Lamar,Boom bap / Lyric,HfWLgELllZs,Kendrick Lamar - luther (Official Audio),Kendrick Lamar,In 29 years we will party in the sky,2
Kendrick Lamar,Boom bap / Lyric,HfWLgELllZs,Kendrick Lamar - luther (Official Audio),Kendrick Lamar,🔥🔥🔥🔥,1
Kendrick Lamar,Boom bap / Lyric,HfWLgELllZs,Kendrick Lamar - luther (Official Audio),Kendrick Lamar,Lil Luther or Big Luthor,1
Kendrick Lamar,Boom bap / Lyric,HfWLgELllZs,Kendrick Lamar - luther (Official Audio),Kendrick Lamar,"If this world were mine
Hey, Roman numeral seven, bae, drop it like it's hot
If this world was mine, I'd take your dreams and make 'em multiply
If this world was mine, I'd take your enemies in front of God
Introduce 'em to that light, hit them strictly with that fire
Fah-fah, fah-fah-fah, fah-fah, fah
Hey, Roman numeral seven, bae, drop it like it's hot
If this world was mine, I'd take your dreams and make 'em multiply
If this world was mine, I'd take your enemies in front of God
Introduce 'em to that light, hit them strictly with that fire
It's a vibe, do your dance, let 'em watch
She a fan, he a flop, they just wanna kumbaya, nah
In this world, concrete flowers grow
Heartache, she only doin' what she know
Weekends, get it poppin' on the low
Better days comin' for sure (if this world were)
If it was up to me
I wouldn't give these nobodies no sympathy
I'd take away the pain, I'd give you everything
I just wanna see you win, wanna see (if this world were mine)
It go in (when you), out (ride it), do it real slow (slide)
Baby, you a star, strike, pose (right)
When I'm (when you), with you (with me), everything goes (slow)
Come and (put that), put that (on my), on my (titi), soul (soul)
'Rari (red), crown (stack), wrist (stay), froze (really)
Drip (tell me), pound (if you), on the way home (love me)
In this world, concrete flowers grow
Heartache, she only doin' what she know
Weekends, get it poppin' on the low
Better days comin' for sure (if this world were)
If it was up to me
I wouldn't give these nobodies no sympathy
I'd take away the pain, I'd give you everything
I just wanna see you win, wanna see (if this world were mine)
I can't lie, I trust you, I love you, I won't waste your time
I turn it off just so I can turn you on
I'ma make you say it loud
I'm not even trippin', I won't stress you out
I might even settle down for you, I'ma show you I'm a pro
I'ma take my time and turn it off
Just so I can turn you on, baby
Weekends, get it poppin' on the low
Better days comin' for sure
I know you'll come
I know you're comin' for
(Anything)
(If this world were mine)",1
Kendrick Lamar,Boom bap / Lyric,HfWLgELllZs,Kendrick Lamar - luther (Official Audio),Kendrick Lamar,0:28,1
Kendrick Lamar,Boom bap / Lyric,HfWLgELllZs,Kendrick Lamar - luther (Official Audio),Kendrick Lamar,❤,2
Kendrick Lamar,Boom bap / Lyric,HfWLgELllZs,Kendrick Lamar - luther (Official Audio),Kendrick Lamar,fa fa fa fa fa fa FA,1
Kendrick Lamar,Boom bap / Lyric,HfWLgELllZs,Kendrick Lamar - luther (Official Audio),Kendrick Lamar,Still listening to this in 2026,4
Kendrick Lamar,Boom bap / Lyric,HfWLgELllZs,Kendrick Lamar - luther (Official Audio),Kendrick Lamar,Fa Fa Fa Fa Fa Fa Fa faaaaa,3
Kendrick Lamar,Boom bap / Lyric,HfWLgELllZs,Kendrick Lamar - luther (Official Audio),Kendrick Lamar,I'm such a big fan who's been here since he made money trees all of them are bangers tho,1
Kendrick Lamar,Boom bap / Lyric,HfWLgELllZs,Kendrick Lamar - luther (Official Audio),Kendrick Lamar,This is pretty much Love Galore part 2 with the undeniable hit of Luther,5
Kendrick Lamar,Boom bap / Lyric,HfWLgELllZs,Kendrick Lamar - luther (Official Audio),Kendrick Lamar,Did so justice to the luther vandross,2
Kendrick Lamar,Boom bap / Lyric,HfWLgELllZs,Kendrick Lamar - luther (Official Audio),Kendrick Lamar,"If this world were mine
Hey, Roman numeral seven, bae, drop it like it's hot
If this world was mine, I'd take your dreams and make 'em multiply
If this world was mine, I'd take your enemies in front of God
Introduce 'em to that light, hit them strictly with that fire
Fah-fah, fah-fah-fah, fah-fah, fah
Hey, Roman numeral seven, bae, drop it like it's hot
If this world was mine, I'd take your dreams and make 'em multiply
If this world was mine, I'd take your enemies in front of God
Introduce 'em to that light, hit them strictly with that fire
It's a vibe, do your dance, let 'em watch
She a fan, he a flop, they just wanna kumbaya, nah
In this world, concrete flowers grow
Heartache, she only doin' what she know
Weekends, get it poppin' on the low
Better days comin' for sure (if this world were)
If it was up to me
I wouldn't give these nobodies no sympathy
I'd take away the pain, I'd give you everything
I just wanna see you win, wanna see (if this world were mine)
It go in (when you), out (ride it), do it real slow (slide)
Baby, you a star, strike, pose (right)
When I'm (when you), with you (with me), everything goes (slow)
Come and (put that), put that (on my), on my (titi), soul (soul)
'Rari (red), crown (stack), wrist (stay), froze (really)
Drip (tell me), pound (if you), on the way home (love me)
In this world, concrete flowers grow
Heartache, she only doin' what she know
Weekends, get it poppin' on the low
Better days comin' for sure (if this world were)
If it was up to me
I wouldn't give these nobodies no sympathy
I'd take away the pain, I'd give you everything
I just wanna see you win, wanna see (if this world were mine)
I can't lie, I trust you, I love you, I won't waste your time
I turn it off just so I can turn you on
I'ma make you say it loud
I'm not even trippin', I won't stress you out
I might even settle down for you, I'ma show you I'm a pro
I'ma take my time and turn it off
Just so I can turn you on, baby
Weekends, get it poppin' on the low
Better days comin' for sure
I know you'll come
I know you're comin' for
(Anything)
(If this world were mine)",2
Kendrick Lamar,Boom bap / Lyric,HfWLgELllZs,Kendrick Lamar - luther (Official Audio),Kendrick Lamar,🙁💕,1
Kendrick Lamar,Boom bap / Lyric,HfWLgELllZs,Kendrick Lamar - luther (Official Audio),Kendrick Lamar,🔥🔥🔥🔥🔥🔥🇨🇺,0
Kendrick Lamar,Boom bap / Lyric,HfWLgELllZs,Kendrick Lamar - luther (Official Audio),Kendrick Lamar,This song if of the ones that I wish were 10 min long💯,1
Kendrick Lamar,Boom bap / Lyric,HfWLgELllZs,Kendrick Lamar - luther (Official Audio),Kendrick Lamar,mais produções,0
Kendrick Lamar,Boom bap / Lyric,HfWLgELllZs,Kendrick Lamar - luther (Official Audio),Kendrick Lamar,"sza best vocal, best track in my playlist",0
Kendrick Lamar,Boom bap / Lyric,HfWLgELllZs,Kendrick Lamar - luther (Official Audio),Kendrick Lamar,😊😊👋👋,0
Kendrick Lamar,Boom bap / Lyric,HfWLgELllZs,Kendrick Lamar - luther (Official Audio),Kendrick Lamar,Ushotthat,0
Kendrick Lamar,Boom bap / Lyric,HfWLgELllZs,Kendrick Lamar - luther (Official Audio),Kendrick Lamar,This vibe is absolutely fire! Just subscribed and liked. Can't wait to see more from you,0
Kendrick Lamar,Boom bap / Lyric,HfWLgELllZs,Kendrick Lamar - luther (Official Audio),Kendrick Lamar,🔥,0
Kendrick Lamar,Boom bap / Lyric,HfWLgELllZs,Kendrick Lamar - luther (Official Audio),Kendrick Lamar,My cousin who taught me the song,0
Kendrick Lamar,Boom bap / Lyric,HfWLgELllZs,Kendrick Lamar - luther (Official Audio),Kendrick Lamar,Who in 2027?,4
Kendrick Lamar,Boom bap / Lyric,HfWLgELllZs,Kendrick Lamar - luther (Official Audio),Kendrick Lamar,Song straight 🔥🔥🔥,0
Kendrick Lamar,Boom bap / Lyric,HfWLgELllZs,Kendrick Lamar - luther (Official Audio),Kendrick Lamar,Amo essa música ❤❤,0
Kendrick Lamar,Boom bap / Lyric,HfWLgELllZs,Kendrick Lamar - luther (Official Audio),Kendrick Lamar,2026?,0
Kendrick Lamar,Boom bap / Lyric,HfWLgELllZs,Kendrick Lamar - luther (Official Audio),Kendrick Lamar,💕 love,1
Kendrick Lamar,Boom bap / Lyric,HfWLgELllZs,Kendrick Lamar - luther (Official Audio),Kendrick Lamar,"@Death it she really loves you
She will apologize and come back",1
Kendrick Lamar,Boom bap / Lyric,HfWLgELllZs,Kendrick Lamar - luther (Official Audio),Kendrick Lamar,"I don't know what it is, but I prefer this version of Luther. I really love this one.",2
Kendrick Lamar,Boom bap / Lyric,HfWLgELllZs,Kendrick Lamar - luther (Official Audio),Kendrick Lamar,Ngl this song is a beautiful  ass song what  the hell,1
Kendrick Lamar,Boom bap / Lyric,HfWLgELllZs,Kendrick Lamar - luther (Official Audio),Kendrick Lamar,“Tom Kenny spin around/Tom Kenny & Justin Bieber Baby Laughing yells Boo!”,1
Kendrick Lamar,Boom bap / Lyric,HfWLgELllZs,Kendrick Lamar - luther (Official Audio),Kendrick Lamar,I cannot unhear the ramen noodles in a pot,8
Kendrick Lamar,Boom bap / Lyric,HfWLgELllZs,Kendrick Lamar - luther (Official Audio),Kendrick Lamar,2026 🎯👌✨,0
Kendrick Lamar,Boom bap / Lyric,HfWLgELllZs,Kendrick Lamar - luther (Official Audio),Kendrick Lamar,Congratulations u 🏆 the grammy (im serious),0
Kendrick Lamar,Boom bap / Lyric,HfWLgELllZs,Kendrick Lamar - luther (Official Audio),Kendrick Lamar,Even used  the ❤FAH MEME,0
Kendrick Lamar,Boom bap / Lyric,HfWLgELllZs,Kendrick Lamar - luther (Official Audio),Kendrick Lamar,The song FAH,0
Kendrick Lamar,Boom bap / Lyric,HfWLgELllZs,Kendrick Lamar - luther (Official Audio),Kendrick Lamar,안녕하세요 저는 숭실 중학교에 재학중인 박현호입니다 숭실 중학교에 놀러오시면 신준을 만나실 수 있습니다 얼른 놀러오세요~~,0
Kendrick Lamar,Boom bap / Lyric,HfWLgELllZs,Kendrick Lamar - luther (Official Audio),Kendrick Lamar,Anyone in 2026❤🎉,2
Kendrick Lamar,Boom bap / Lyric,HfWLgELllZs,Kendrick Lamar - luther (Official Audio),Kendrick Lamar,Ramen Noodles 7 Days Drop it like it hot,2
Kendrick Lamar,Boom bap / Lyric,HfWLgELllZs,Kendrick Lamar - luther (Official Audio),Kendrick Lamar,🙊🙉🙈 I miss my baby so much 💔,1
Kendrick Lamar,Boom bap / Lyric,HfWLgELllZs,Kendrick Lamar - luther (Official Audio),Kendrick Lamar,2026🎉So happy 🎉❤,0
Kendrick Lamar,Boom bap / Lyric,HfWLgELllZs,Kendrick Lamar - luther (Official Audio),Kendrick Lamar,BEAT IS ON FIRE🔥,0
Kendrick Lamar,Boom bap / Lyric,HfWLgELllZs,Kendrick Lamar - luther (Official Audio),Kendrick Lamar,🔥🔥🔥🔥,1
Kendrick Lamar,Boom bap / Lyric,HfWLgELllZs,Kendrick Lamar - luther (Official Audio),Kendrick Lamar,0:25 FAAA,1
Kendrick Lamar,Boom bap / Lyric,HfWLgELllZs,Kendrick Lamar - luther (Official Audio),Kendrick Lamar,TEMAZO,0
Kendrick Lamar,Boom bap / Lyric,HfWLgELllZs,Kendrick Lamar - luther (Official Audio),Kendrick Lamar,what the,0
Kendrick Lamar,Boom bap / Lyric,HfWLgELllZs,Kendrick Lamar - luther (Official Audio),Kendrick Lamar,wow this song boosts my confidence.... I love it.....,4
Kendrick Lamar,Boom bap / Lyric,HfWLgELllZs,Kendrick Lamar - luther (Official Audio),Kendrick Lamar,🔥🔥,1
Kendrick Lamar,Boom bap / Lyric,HfWLgELllZs,Kendrick Lamar - luther (Official Audio),Kendrick Lamar,fafa,0
Kendrick Lamar,Boom bap / Lyric,HfWLgELllZs,Kendrick Lamar - luther (Official Audio),Kendrick Lamar,i love you all kiss me daddy,0
Kendrick Lamar,Boom bap / Lyric,HfWLgELllZs,Kendrick Lamar - luther (Official Audio),Kendrick Lamar,luther the song is fire!!!!!!!!!!!!!!!!!!!!!!!!!!!!!!!!!!!!!!!!!!!!!!!!!!!!!!!!!!!!!!!!!!!!!!!!!!!!!!!!!!!!!!!!!!!!!!!!!!!!!!!!!!!!!!!!!!!!!!!!!!!!!!!!!!!!!!!!!!!!!!!!!!!!!!!!!!!!!!!!!!!!!!!!!!!!!!!!!!!!!!!!!!!!!!!!!!!!!!!!!!!!!!!!!!!!!!!!!!!!!!!!!!!!!!!!!!!!!!!!!!!!!!!!!!!!!!!!!!!!!!!!!!!!!!!!!!!!!!!!!!!!! it fire!!!!!!!!!!!!!!!!!!!!!!!!!!!!!!!!!!!!!!!!!!!!!!!!!!!!!!!!!!!!!!!!!!!!!!!!!!!!!!!!!!!!!!!!!!!!!!!!!!!!!!!!!!!!!!!!!!!!!!!!!!!!!!!!!!!!!!!!!!!!!!!!!!!!!!!!!!!!!!!!!!!!!!!!!!!!!!!!!!!!!!!!!!!!!!!!!!!!!!!!!!!!!!!!!!!!!!!!!!!!!!!!!!!!!!!!!!!!!!!!!!!!!!!!!!!!!!!!!!!!!!!!!!!!!!!!!!!!!!!!!!!!!!!!!!!!!!!!!!!!!!!!!!!!!!!!!!!!!!!!!!!!!!!!!!!!!!!!!!!!!!!!!!!!!!!!!!!!!!!!!!!!!!!!!!!!!!!!!!!!!!!!!!!!!!!!!!!!!!!!!!!!!!!!,2
Kendrick Lamar,Boom bap / Lyric,HfWLgELllZs,Kendrick Lamar - luther (Official Audio),Kendrick Lamar,I knew it was going to win song of the year the moment i heard it !,4
Kendrick Lamar,Boom bap / Lyric,HfWLgELllZs,Kendrick Lamar - luther (Official Audio),Kendrick Lamar,My fav walk song… 2026,1
Kendrick Lamar,Boom bap / Lyric,HfWLgELllZs,Kendrick Lamar - luther (Official Audio),Kendrick Lamar,❤❤ Brazil,1
Kendrick Lamar,Boom bap / Lyric,HfWLgELllZs,Kendrick Lamar - luther (Official Audio),Kendrick Lamar,"If this bowl were mine, ramen noodle 🍜",0
Kendrick Lamar,Boom bap / Lyric,HfWLgELllZs,Kendrick Lamar - luther (Official Audio),Kendrick Lamar,2026 still here,0
Kendrick Lamar,Boom bap / Lyric,HfWLgELllZs,Kendrick Lamar - luther (Official Audio),Kendrick Lamar,My nigga big mike from the wood still playing this song for staceys lil sister ong 😂 iykyk,1
Kendrick Lamar,Boom bap / Lyric,HfWLgELllZs,Kendrick Lamar - luther (Official Audio),Kendrick Lamar,0:12 VII 🗣️🗣️🗣️🗣️🗣️🗣️🗣️🗣️🗣️🗣️🗣️🗣️,0
Kendrick Lamar,Boom bap / Lyric,HfWLgELllZs,Kendrick Lamar - luther (Official Audio),Kendrick Lamar,My favorite ❤️ 🇿🇼,1
Kendrick Lamar,Boom bap / Lyric,HfWLgELllZs,Kendrick Lamar - luther (Official Audio),Kendrick Lamar,FA FAFA,0
Kendrick Lamar,Boom bap / Lyric,HfWLgELllZs,Kendrick Lamar - luther (Official Audio),Kendrick Lamar,"I❤Luther
I❤🇹🇭",1
Kendrick Lamar,Boom bap / Lyric,HfWLgELllZs,Kendrick Lamar - luther (Official Audio),Kendrick Lamar,Jordan Chiles last night,0
Kendrick Lamar,Boom bap / Lyric,HfWLgELllZs,Kendrick Lamar - luther (Official Audio),Kendrick Lamar,mud uses my name to be in a music vid💀,0
Kendrick Lamar,Boom bap / Lyric,HfWLgELllZs,Kendrick Lamar - luther (Official Audio),Kendrick Lamar,This songs always makes my mood cheerful,6
Kendrick Lamar,Boom bap / Lyric,HfWLgELllZs,Kendrick Lamar - luther (Official Audio),Kendrick Lamar,This song was alright,0
Kendrick Lamar,Boom bap / Lyric,HfWLgELllZs,Kendrick Lamar - luther (Official Audio),Kendrick Lamar,Fa fa fa myyy fav part,0
Kendrick Lamar,Boom bap / Lyric,HfWLgELllZs,Kendrick Lamar - luther (Official Audio),Kendrick Lamar,So happy they sing this beautiful song at the Superbowl,1
Kendrick Lamar,Boom bap / Lyric,HfWLgELllZs,Kendrick Lamar - luther (Official Audio),Kendrick Lamar,https://youtu.be/x6Y3BVJGVso?si=IeoUT9Tk-TW-MxHG,0
Kendrick Lamar,Boom bap / Lyric,HfWLgELllZs,Kendrick Lamar - luther (Official Audio),Kendrick Lamar,"If this world were mine
Hey, Roman numeral seven, bae, drop it like it's hot
If this world was mine, I'd take your dreams and make 'em multiply
If this world was mine, I'd take your enemies in front of God
Introduce 'em to that light, hit them strictly with that fire
Fah-fah, fah-fah-fah, fah-fah, fah
Hey, Roman numeral seven, bae, drop it like it's hot
If this world was mine, I'd take your dreams and make 'em multiply
If this world was mine, I'd take your enemies in front of God
Introduce 'em to that light, hit them strictly with that fire
It's a vibe, do your dance, let 'em watch
She a fan, he a flop, they just wanna kumbaya, nah
In this world, concrete flowers grow
Heartache, she only doin' what she know
Weekends, get it poppin' on the low
Better days comin' for sure (if this world were)
If it was up to me
I wouldn't give these nobodies no sympathy
I'd take away the pain, I'd give you everything
I just wanna see you win, wanna see (if this world were mine)
It go in (when you), out (ride it), do it real slow (slide)
Baby, you a star, strike, pose (right)
When I'm (when you), with you (with me), everything goes (slow)
Come and (put that), put that (on my), on my (titi), soul (soul)
'Rari (red), crown (stack), wrist (stay), froze (really)
Drip (tell me), pound (if you), on the way home (love me)
In this world, concrete flowers grow
Heartache, she only doin' what she know
Weekends, get it poppin' on the low
Better days comin' for sure (if this world were)
If it was up to me
I wouldn't give these nobodies no sympathy
I'd take away the pain, I'd give you everything
I just wanna see you win, wanna see (if this world were mine)
I can't lie, I trust you, I love you, I won't waste your time
I turn it off just so I can turn you on
I'ma make you say it loud
I'm not even trippin', I won't stress you out
I might even settle down for you, I'ma show you I'm a pro
I'ma take my time and turn it off
Just so I can turn you on, baby
Weekends, get it poppin' on the low
Better days comin' for sure
I know you'll come
I know you're comin' for
(Anything)
(If this world were mine)",1
Kendrick Lamar,Boom bap / Lyric,HfWLgELllZs,Kendrick Lamar - luther (Official Audio),Kendrick Lamar,Im from indonesia broo.. if you go to indonesia you must eat nasi padang,1
Kendrick Lamar,Boom bap / Lyric,HfWLgELllZs,Kendrick Lamar - luther (Official Audio),Kendrick Lamar,0:10,0
Kendrick Lamar,Boom bap / Lyric,HfWLgELllZs,Kendrick Lamar - luther (Official Audio),Kendrick Lamar,ثنائي نشاز مادري ليش😂,0
Kendrick Lamar,Boom bap / Lyric,HfWLgELllZs,Kendrick Lamar - luther (Official Audio),Kendrick Lamar,here for the song,0
Kendrick Lamar,Boom bap / Lyric,HfWLgELllZs,Kendrick Lamar - luther (Official Audio),Kendrick Lamar,Absolute sinema,0
Kendrick Lamar,Boom bap / Lyric,HfWLgELllZs,Kendrick Lamar - luther (Official Audio),Kendrick Lamar,How this won a grammy. It's terrible. I think something is up that we can't see.,2
Kendrick Lamar,Boom bap / Lyric,HfWLgELllZs,Kendrick Lamar - luther (Official Audio),Kendrick Lamar,161m 👀,0
Kendrick Lamar,Boom bap / Lyric,HfWLgELllZs,Kendrick Lamar - luther (Official Audio),Kendrick Lamar,0:00 Is no one going to talk about this instrumental?,1
Kendrick Lamar,Boom bap / Lyric,HfWLgELllZs,Kendrick Lamar - luther (Official Audio),Kendrick Lamar,0:11 0:12 0:13 0:14 0:15 0:16 0:17 0:18 0:19 0:20 0:21 0:22 0:23 0:24 0:25 0:26 0:27 0:28 0:29 0:30 0:31 0:32 0:33 0:34 0:35 0:36 0:37 0:38 0:39 0:40 0:41 0:42 0:43 0:44 0:45 0:46 0:47 0:48 0:49 0:50 0:51 0:52 0:53 0:54 0:55 0:56 0:57 0:58 0:59 1:00 1:01 1:02 1:03 1:04 1:05 1:06 1:07 1:08 1:09 1:10 1:11 1:12 1:13 1:14 1:15 1:16 1:17 1:18 1:19 1:20 1:21 1:22 1:23 1:24 1:25 1:26 1:27 1:28 1:29 1:30 1:31 1:32 1:33 1:34 1:35 1:36 1:37 1:38 1:39 1:40 1:41 1:42 1:43 1:44 1:45 1:46 1:47 1:48 1:49 1:50 1:51 1:52 1:53 1:54 1:55 1:56 1:57 1:58 1:59 2:00 2:01 2:02 2:03 2:04 2:05 2:06 2:07 2:08 2:09 2:10 2:11 2:12 2:13 2:14 2:15 2:16 2:17 2:18 2:19 2:20 2:21 2:22 2:23 2:24 2:25 2:26 2:27 2:28 2:29 2:30 2:31 2:32 2:33 2:34 2:35 2:36 2:37 2:38 2:39 2:40 2:41 2:42 2:43 2:44 2:45 2:46 2:47 2:48 2:49 2:50,1
Kendrick Lamar,Boom bap / Lyric,HfWLgELllZs,Kendrick Lamar - luther (Official Audio),Kendrick Lamar,Meu amor me mandou essa música 💞💖💖💖 ❤ 1:09,1
Kendrick Lamar,Boom bap / Lyric,HfWLgELllZs,Kendrick Lamar - luther (Official Audio),Kendrick Lamar,kendrick just opened his mouth some one hand him a fucking grammy rn,2
Kendrick Lamar,Boom bap / Lyric,HfWLgELllZs,Kendrick Lamar - luther (Official Audio),Kendrick Lamar,0:25,1
Kendrick Lamar,Boom bap / Lyric,HfWLgELllZs,Kendrick Lamar - luther (Official Audio),Kendrick Lamar,and I said they won grammy.,6
Kendrick Lamar,Boom bap / Lyric,HfWLgELllZs,Kendrick Lamar - luther (Official Audio),Kendrick Lamar,Never thought I’d see a Grenadian flag at the superbowl 🥹❤️,2
Kendrick Lamar,Boom bap / Lyric,HfWLgELllZs,Kendrick Lamar - luther (Official Audio),Kendrick Lamar,"Damn listening to this in 2026, i didn't realize he had that mos def vibes...is that reincarnation? 😤",0
Kendrick Lamar,Boom bap / Lyric,HfWLgELllZs,Kendrick Lamar - luther (Official Audio),Kendrick Lamar,Record of the Year!,2
Kendrick Lamar,Boom bap / Lyric,HfWLgELllZs,Kendrick Lamar - luther (Official Audio),Kendrick Lamar,Que lindo es escucharvuna voz tan hermosa como la de luther vandross..el resto solo de sobra..pero lo mismo gracias por ese homenaje.,0
Kendrick Lamar,Boom bap / Lyric,HfWLgELllZs,Kendrick Lamar - luther (Official Audio),Kendrick Lamar,Best of best in 2026,1
Kendrick Lamar,Boom bap / Lyric,HfWLgELllZs,Kendrick Lamar - luther (Official Audio),Kendrick Lamar,My cousin showed me his song and I love it,1
Kendrick Lamar,Boom bap / Lyric,HfWLgELllZs,Kendrick Lamar - luther (Official Audio),Kendrick Lamar,켄드릭 라마 스펙트럼을 알게 된 곡,1
Kendrick Lamar,Boom bap / Lyric,HfWLgELllZs,Kendrick Lamar - luther (Official Audio),Kendrick Lamar,Luther,0
Kendrick Lamar,Boom bap / Lyric,HfWLgELllZs,Kendrick Lamar - luther (Official Audio),Kendrick Lamar,Sounwave cool!,0
Kendrick Lamar,Boom bap / Lyric,HfWLgELllZs,Kendrick Lamar - luther (Official Audio),Kendrick Lamar,""" I can't lie, I trust you, I love you, I won't waste your time
I turn it off just so I can turn you on""",2
Kendrick Lamar,Boom bap / Lyric,HfWLgELllZs,Kendrick Lamar - luther (Official Audio),Kendrick Lamar,"Superbowl Sunday f""""k bad BunnY",1
Kendrick Lamar,Boom bap / Lyric,HfWLgELllZs,Kendrick Lamar - luther (Official Audio),Kendrick Lamar,"what a crap, and this is the best single on earth?",0
Kendrick Lamar,Boom bap / Lyric,HfWLgELllZs,Kendrick Lamar - luther (Official Audio),Kendrick Lamar,grammy is crazy lol,0
Kendrick Lamar,Boom bap / Lyric,HfWLgELllZs,Kendrick Lamar - luther (Official Audio),Kendrick Lamar,Deserve it all,1
Kendrick Lamar,Boom bap / Lyric,HfWLgELllZs,Kendrick Lamar - luther (Official Audio),Kendrick Lamar,It’s to easy for you at this point,1
Kendrick Lamar,Boom bap / Lyric,HfWLgELllZs,Kendrick Lamar - luther (Official Audio),Kendrick Lamar,Anyone in 2026? 😅,7
Kendrick Lamar,Boom bap / Lyric,HfWLgELllZs,Kendrick Lamar - luther (Official Audio),Kendrick Lamar,"Fart,Fart Fart.",0
Kendrick Lamar,Boom bap / Lyric,HfWLgELllZs,Kendrick Lamar - luther (Official Audio),Kendrick Lamar,"Gammy winner
8/2/2025",1
Kendrick Lamar,Boom bap / Lyric,HfWLgELllZs,Kendrick Lamar - luther (Official Audio),Kendrick Lamar,After all Grammy!,2
Kendrick Lamar,Boom bap / Lyric,HfWLgELllZs,Kendrick Lamar - luther (Official Audio),Kendrick Lamar,🔥🔥🔥🔥🔥🔥🔥🔥🔥🔥🔥🔥🔥🔥🔥🔥🔥🔥🔥🔥🔥🔥🔥🔥🔥🔥🔥🔥🔥🔥🔥🔥🔥🔥🔥🔥🔥🔥🔥🔥🔥🔥🔥🔥🔥🔥🔥🔥🔥🔥🔥🔥🔥🔥🔥🔥🔥🔥🔥🔥🔥🔥🔥🔥🔥🔥🔥🔥🔥🔥🔥🔥🔥🔥🔥🔥🔥🔥🔥🔥🔥🔥🔥🔥🔥🔥🔥🔥🔥🔥🔥🔥🔥🔥🔥🔥🔥🔥🔥🔥🔥🔥🔥🔥🔥🔥🔥🔥🔥🔥🔥🔥🔥🔥🔥🔥🔥🔥🔥🔥🔥🔥🔥🔥🔥🔥🔥🔥🔥🔥🔥🔥🔥🔥🔥🔥🔥🔥🔥🔥🔥🔥🔥🔥🔥🔥🔥🔥🔥🔥🔥🔥🔥🔥🔥🔥🔥🔥🔥🔥🔥🔥🔥🔥🔥🔥🔥🔥🔥🔥🔥🔥🔥🔥🔥🔥🔥🔥🔥🔥🔥🔥🔥🔥🔥🔥🔥🔥🔥🔥🔥🔥🔥🔥🔥🔥🔥🔥🔥🔥🔥🔥🔥🔥🔥🔥🔥🔥🔥🔥🔥🔥🔥🔥🔥🔥🔥🔥🔥🔥🔥🔥🔥🔥🔥🔥🔥🔥🔥🔥🔥🔥🔥🔥🔥🔥🔥🔥🔥🔥🔥🔥🔥🔥🔥🔥🔥🔥🔥🔥🔥🔥🔥🔥🔥🔥🔥🔥🔥🔥🔥🔥🔥🔥🔥🔥🔥🔥🔥🔥🔥🔥🔥🔥🔥🔥🔥🔥🔥🔥🔥🔥🔥🔥🔥🔥🔥🔥🔥🔥🔥🔥🔥🔥🔥🔥🔥🔥🔥🔥🔥🔥🔥🔥🔥🔥🔥🔥🔥🔥🔥🔥🔥🔥🔥🔥🔥🔥🔥🔥🔥🔥🔥🔥🔥🔥🔥🔥🔥🔥🔥🔥🔥🔥🔥🔥🔥🔥🔥🔥🔥🔥🔥🔥🔥🔥🔥🔥🔥🔥🔥🔥🔥🔥🔥🔥🔥🔥🔥🔥🔥🔥🔥🔥🔥🔥🔥🔥🔥🔥🔥🔥🔥🔥🔥🔥🔥🔥🔥🔥🔥🔥🔥🔥🔥🔥🔥🔥🔥🔥🔥🔥🔥🔥🔥🔥🔥🔥🔥🔥🔥🔥🔥🔥🔥🔥🔥🔥🔥🔥🔥🔥🔥🔥🔥🔥🔥🔥🔥🔥🔥🔥🔥🔥🔥🔥🔥🔥🔥🔥🔥🔥🔥🔥🔥🔥🔥🔥🔥🔥🔥🔥🔥🔥🔥🔥🔥🔥🔥🔥🔥🔥🔥🔥🔥🔥🔥🔥🔥🔥🔥🔥🔥🔥🔥🔥🔥🔥🔥🔥🔥🔥🔥🔥🔥🔥🔥🔥🔥🔥🔥🔥🔥🔥🔥🔥🔥🔥🔥🔥🔥🔥🔥🔥🔥🔥🔥🔥🔥🔥🔥🔥🔥🔥🔥🔥🔥🔥🔥🔥🔥🔥🔥🔥🔥🔥🔥🔥🔥🔥🔥🔥🔥🔥🔥🔥🔥🔥🔥🔥🔥🔥🔥🔥🔥🔥🔥🔥🔥🔥🔥🔥🔥🔥🔥🔥🔥🔥🔥🔥🔥🔥🔥🔥🔥🔥🔥🔥🔥🔥🔥🔥🔥🔥🔥🔥🔥🔥🔥🔥🔥🔥🔥🔥🔥🔥🔥🔥🔥🔥🔥🔥🔥🔥🔥🔥🔥🔥🔥🔥🔥🔥🔥🔥🔥🔥🔥🔥🔥🔥🔥🔥🔥🔥🔥🔥🔥🔥🔥🔥🔥🔥🔥🔥🔥🔥🔥🔥🔥🔥🔥🔥🔥🔥🔥🔥🔥🔥🔥🔥🔥🔥🔥🔥🔥🔥🔥🔥🔥🔥🔥🔥🔥🔥🔥🔥🔥🔥🔥🔥🔥🔥🔥🔥🔥🔥🔥🔥🔥🔥🔥🔥🔥🔥🔥🔥🔥🔥🔥🔥🔥🔥🔥🔥🔥🔥🔥🔥🔥🔥🔥🔥🔥🔥🔥🔥🔥🔥🔥🔥🔥🔥🔥🔥🔥🔥🔥🔥🔥🔥🔥🔥🔥🔥🔥🔥🔥🔥🔥🔥🔥🔥🔥🔥🔥🔥🔥🔥🔥🔥🔥🔥🔥🔥🔥🔥🔥🔥🔥🔥🔥🔥🔥🔥🔥🔥🔥🔥🔥🔥🔥🔥🔥🔥🔥🔥🔥🔥🔥🔥🔥🔥🔥🔥🔥🔥🔥🔥🔥🔥🔥🔥🔥🔥🔥🔥🔥🔥🔥🔥🔥🔥🔥🔥🔥🔥🔥🔥🔥🔥🔥🔥🔥🔥🔥🔥🔥🔥🔥🔥🔥🔥🔥🔥🔥🔥🔥🔥🔥🔥🔥🔥🔥🔥🔥🔥🔥🔥🔥🔥🔥🔥🔥🔥🔥🔥🔥🔥🔥🔥🔥🔥🔥🔥🔥🔥🔥🔥🔥🔥🔥🔥🔥🔥🔥🔥🔥🔥🔥🔥🔥🔥🔥🔥🔥🔥🔥🔥🔥🔥🔥🔥🔥🔥🔥🔥🔥🔥🔥🔥🔥,3
Kendrick Lamar,Boom bap / Lyric,HfWLgELllZs,Kendrick Lamar - luther (Official Audio),Kendrick Lamar,Here for a good vibe ❤,2
Kendrick Lamar,Boom bap / Lyric,HfWLgELllZs,Kendrick Lamar - luther (Official Audio),Kendrick Lamar,Niggas wonna kumbaya nah🙅🏽,1
Kendrick Lamar,Boom bap / Lyric,HfWLgELllZs,Kendrick Lamar - luther (Official Audio),Kendrick Lamar,1:08,0
Kendrick Lamar,Boom bap / Lyric,HfWLgELllZs,Kendrick Lamar - luther (Official Audio),Kendrick Lamar,"You killed all your friends?
Except the traitor?
Let him stab you in the back a few more times?
Kill him later?
He convinced you.
He was the one to trust.
Let you kill off your real friends.
Watch your bubble bust.
So you think he's honest?
Trust him with your life.
All your friends are dead.
Who's still stabbing with the knife?
When you take action on lies;
you soul is sold.
May not realize it's gone;
til you're old.
So research the facts first.
Make sure it is true.
No one pays that karmic debt back;
but you.
-PATRICIA A. MANIACI/AMERICA RACINE/BLOCK
DNA TRY IT!",0
Kendrick Lamar,Boom bap / Lyric,HfWLgELllZs,Kendrick Lamar - luther (Official Audio),Kendrick Lamar,장한음 추천으로 들으러옴,0
Kendrick Lamar,Boom bap / Lyric,HfWLgELllZs,Kendrick Lamar - luther (Official Audio),Kendrick Lamar,"Luther Spanish version 

https://youtu.be/Ve2JKGAtCNQ?si=UeBrqPWbR9tdtuNA",0
Kendrick Lamar,Boom bap / Lyric,HfWLgELllZs,Kendrick Lamar - luther (Official Audio),Kendrick Lamar,1:20,1
Kendrick Lamar,Boom bap / Lyric,HfWLgELllZs,Kendrick Lamar - luther (Official Audio),Kendrick Lamar,Jesus is lord and savior forever.,1
Kendrick Lamar,Boom bap / Lyric,HfWLgELllZs,Kendrick Lamar - luther (Official Audio),Kendrick Lamar,Dricky!,0
Kendrick Lamar,Boom bap / Lyric,HfWLgELllZs,Kendrick Lamar - luther (Official Audio),Kendrick Lamar,congrats for the grammy,0
Kendrick Lamar,Boom bap / Lyric,HfWLgELllZs,Kendrick Lamar - luther (Official Audio),Kendrick Lamar,Record of the year ?  Sounds like generic BS to me.,1
Kendrick Lamar,Boom bap / Lyric,HfWLgELllZs,Kendrick Lamar - luther (Official Audio),Kendrick Lamar,Super genial rola,0
Kendrick Lamar,Boom bap / Lyric,HfWLgELllZs,Kendrick Lamar - luther (Official Audio),Kendrick Lamar,"Hey, Roman numeral seven, bae, drop it like it's hot
If this world was mine, I'd take your dreams and make 'em multiply
If this world was mine, I'd take your enemies in front of God
Introduce 'em to that light, hit them strictly with that fire
Fah-fah, fah-fah-fah, fah-fah, fah
Hey, Roman numeral seven, bae, drop it like it's hot
If this world was mine, I'd take your dreams and make 'em multiply
If this world was mine, I'd take your enemies in front of God
Introduce 'em to that light, hit them strictly with that fire
It's a vibe, do your dance, let 'em watch
She a fan, he a flop, they just wanna kumbaya, nah
In this world, concrete flowers grow
Heartache, she only doin' what she know
Weekends, get it poppin' on the low
Better days comin' for sure (if this world were)
If it was up to me
I wouldn't give these nobodies no sympathy
I'd take away the pain, I'd give you everything
I just wanna see you win, wanna see (if this world were mine)
It go in (when you), out (ride it), do it real slow (slide)
Baby, you a star, strike, pose (right)
When I'm (when you), with you (with me), everything goes (slow)
Come and (put that), put that (on my), on my (titi), soul (soul)
'Rari (red), crown (stack), wrist (stay), froze (really)
Drip (tell me), pound (if you), on the way home (love me)
In this world, concrete flowers grow
Heartache, she only doin' what she know
Weekends, get it poppin' on the low
Better days comin' for sure (if this world were)
If it was up to me
I wouldn't give these nobodies no sympathy
I'd take away the pain, I'd give you everything
I just wanna see you win, wanna see (if this world were mine)
I can't lie, I trust you, I love you, I won't waste your time
I turn it off just so I can turn you on
I'ma make you say it loud
I'm not even trippin', I won't stress you out
I might even settle down for you, I'ma show you I'm a pro
I'ma take my time and turn it off
Just so I can turn you on, baby
Weekends, get it poppin' on the low
Better days comin' for sure",0
Kendrick Lamar,Boom bap / Lyric,HfWLgELllZs,Kendrick Lamar - luther (Official Audio),Kendrick Lamar,Needs more Luther !,2
Kendrick Lamar,Boom bap / Lyric,HfWLgELllZs,Kendrick Lamar - luther (Official Audio),Kendrick Lamar,"I struggle to understand how this wins grammies, I love Kendrick but this is being overrated.",1
Kendrick Lamar,Boom bap / Lyric,HfWLgELllZs,Kendrick Lamar - luther (Official Audio),Kendrick Lamar,Such a beautiful song,1
Kendrick Lamar,Boom bap / Lyric,HfWLgELllZs,Kendrick Lamar - luther (Official Audio),Kendrick Lamar,Damn this shit won? 😢 I like some other things he’s done but this? Ok Grammy Awards must be trash these days.,2
Kendrick Lamar,Boom bap / Lyric,HfWLgELllZs,Kendrick Lamar - luther (Official Audio),Kendrick Lamar,1:01 is my fav,1
Kendrick Lamar,Boom bap / Lyric,HfWLgELllZs,Kendrick Lamar - luther (Official Audio),Kendrick Lamar,gram,0
Kendrick Lamar,Boom bap / Lyric,HfWLgELllZs,Kendrick Lamar - luther (Official Audio),Kendrick Lamar,ဆုနဲ့ထိုက်တန်ပါတယ်ဗျာ 🎉🎉ဂုဏ်ယူပါတယ် bro,0
Kendrick Lamar,Boom bap / Lyric,HfWLgELllZs,Kendrick Lamar - luther (Official Audio),Kendrick Lamar,Who here after the Grammys,7
Kendrick Lamar,Boom bap / Lyric,HfWLgELllZs,Kendrick Lamar - luther (Official Audio),Kendrick Lamar,Grammy winner,2
Kendrick Lamar,Boom bap / Lyric,HfWLgELllZs,Kendrick Lamar - luther (Official Audio),Kendrick Lamar,Definitely Record Of The Year!,9
Kendrick Lamar,Boom bap / Lyric,HfWLgELllZs,Kendrick Lamar - luther (Official Audio),Kendrick Lamar,Their voices together are simply... MAJESTIC😮‍💨👌,16
Kendrick Lamar,Boom bap / Lyric,HfWLgELllZs,Kendrick Lamar - luther (Official Audio),Kendrick Lamar,FAAAHHHHH.....,1
Kendrick Lamar,Boom bap / Lyric,HfWLgELllZs,Kendrick Lamar - luther (Official Audio),Kendrick Lamar,Linda homenagem a Luther wandros e a nossa Fafá de Belém,0
Kendrick Lamar,Boom bap / Lyric,HfWLgELllZs,Kendrick Lamar - luther (Official Audio),Kendrick Lamar,Here before and after the GRAMMY!! 🇹🇹🇹🇹🇹🇹🇹🇹💯✨,8
Kendrick Lamar,Boom bap / Lyric,HfWLgELllZs,Kendrick Lamar - luther (Official Audio),Kendrick Lamar,Girl*,0
Kendrick Lamar,Boom bap / Lyric,HfWLgELllZs,Kendrick Lamar - luther (Official Audio),Kendrick Lamar,Still felt like mickey with a hickey from my girls comfort,0
Kendrick Lamar,Boom bap / Lyric,HfWLgELllZs,Kendrick Lamar - luther (Official Audio),Kendrick Lamar,SZA I forgive you for cancelling your concert on me sad train ride home 😢,2
Kendrick Lamar,Boom bap / Lyric,HfWLgELllZs,Kendrick Lamar - luther (Official Audio),Kendrick Lamar,LSU let’s stay united 🐅,0
Kendrick Lamar,Boom bap / Lyric,HfWLgELllZs,Kendrick Lamar - luther (Official Audio),Kendrick Lamar,6 likes and ill buy you a flip flops,0
Kendrick Lamar,Boom bap / Lyric,HfWLgELllZs,Kendrick Lamar - luther (Official Audio),Kendrick Lamar,Grammy ?? Sjeesh booooooooring,1
Kendrick Lamar,Boom bap / Lyric,HfWLgELllZs,Kendrick Lamar - luther (Official Audio),Kendrick Lamar,Sounds like 💩... trash!,1
Kendrick Lamar,Boom bap / Lyric,HfWLgELllZs,Kendrick Lamar - luther (Official Audio),Kendrick Lamar,"Congratulations,  don't stop , it won't stop 💪💪💪💪💪💪",1
Kendrick Lamar,Boom bap / Lyric,HfWLgELllZs,Kendrick Lamar - luther (Official Audio),Kendrick Lamar,Congratulations kendrick Lamar on you Grammy award,0
Kendrick Lamar,Boom bap / Lyric,HfWLgELllZs,Kendrick Lamar - luther (Official Audio),Kendrick Lamar,underserved btw,1
Kendrick Lamar,Boom bap / Lyric,HfWLgELllZs,Kendrick Lamar - luther (Official Audio),Kendrick Lamar,Deserved Grammy win for real,6
Kendrick Lamar,Boom bap / Lyric,HfWLgELllZs,Kendrick Lamar - luther (Official Audio),Kendrick Lamar,Luther Forever❤❤,0
Kendrick Lamar,Boom bap / Lyric,HfWLgELllZs,Kendrick Lamar - luther (Official Audio),Kendrick Lamar,He won a Grammy for this song??Back to my regular schedule program..,1
Kendrick Lamar,Boom bap / Lyric,HfWLgELllZs,Kendrick Lamar - luther (Official Audio),Kendrick Lamar,King and queen,0
Kendrick Lamar,Boom bap / Lyric,HfWLgELllZs,Kendrick Lamar - luther (Official Audio),Kendrick Lamar,6 days 🗣️🗣️🗣️🙏🏼🙏🏼🙏🏼💀,0
Kendrick Lamar,Boom bap / Lyric,HfWLgELllZs,Kendrick Lamar - luther (Official Audio),Kendrick Lamar,He won again,5
Kendrick Lamar,Boom bap / Lyric,HfWLgELllZs,Kendrick Lamar - luther (Official Audio),Kendrick Lamar,They did their thing with this one 😊❤,0
Kendrick Lamar,Boom bap / Lyric,HfWLgELllZs,Kendrick Lamar - luther (Official Audio),Kendrick Lamar,Luther won ❤🎉,0
Kendrick Lamar,Boom bap / Lyric,HfWLgELllZs,Kendrick Lamar - luther (Official Audio),Kendrick Lamar,Really deserve it🎉,0
Kendrick Lamar,Boom bap / Lyric,HfWLgELllZs,Kendrick Lamar - luther (Official Audio),Kendrick Lamar,Taking weed and listen this song ❤️‍🔥,1
Kendrick Lamar,Boom bap / Lyric,HfWLgELllZs,Kendrick Lamar - luther (Official Audio),Kendrick Lamar,My man won them Grammies 😭❤️,1
Kendrick Lamar,Boom bap / Lyric,HfWLgELllZs,Kendrick Lamar - luther (Official Audio),Kendrick Lamar,Here again after the Grammy 🤭,1
Kendrick Lamar,Boom bap / Lyric,HfWLgELllZs,Kendrick Lamar - luther (Official Audio),Kendrick Lamar,SZA and Lamar together are a 500-degree oven on full blast. We just have to sit and allow for a cool down in a moment.,1
Kendrick Lamar,Boom bap / Lyric,HfWLgELllZs,Kendrick Lamar - luther (Official Audio),Kendrick Lamar,"If this world were mine
Hey, Roman numeral seven, bae, drop it like it's hot
If this world was mine, I'd take your dreams and make 'em multiply
If this world was mine, I'd take your enemies in front of God
Introduce 'em to that light, hit them strictly with that fire
Fah-fah, fah-fah-fah, fah-fah, fah
Hey, Roman numeral seven, bae, drop it like it's hot
If this world was mine, I'd take your dreams and make 'em multiply
If this world was mine, I'd take your enemies in front of God
Introduce 'em to that light, hit them strictly with that fire
It's a vibe, do your dance, let 'em watch
She a fan, he a flop, they just wanna kumbaya, nah
In this world, concrete flowers grow
Heartache, she only doin' what she know
Weekends, get it poppin' on the low
Better days comin' for sure (if this world were)
If it was up to me, I wouldn't give these nobodies no sympathy
I'd take away the pain, I'd give you everything
I just wanna see you win, wanna see (if this world were mine)
It go in (when you), out (ride it), do it real slow (slide)
Baby, you a star, strike, pose
When I'm (when you), with you (with me), everything goes (slow)
Come and (put that), put that (on my), on my (titi), soul (soul)
'Rari (red), crown (stack), wrist (stay), froze (really)
Drip (tell me), pound (if you), on the way home (love me)
In this world, concrete flowers grow
Heartache, she only doin' what she know
Weekends, get it poppin' on the low
Better days comin' for sure (if this world were)
If it was up to me, I wouldn't give these nobodies no sympathy
I'd take away the pain, I'd give you everything
I just wanna see you win, wanna see (if this world were mine)
I can't lie, I trust you, I love you, I won't waste your time
I turn it off just so I can turn you on
I'ma make you say it loud
I'm not even trippin', I won't stress you out
I might even settle down for you, I'ma show you I'm a pro
I'ma take my time and turn it off just so I can turn you on, baby
Weekends, get it poppin' on the low
Better days comin' for sure (I know you're comin', I know you're comin' for)
Ah-ooh (better days)
Ah-ooh (if this world were mine)",1
Kendrick Lamar,Boom bap / Lyric,HfWLgELllZs,Kendrick Lamar - luther (Official Audio),Kendrick Lamar,Grammy is a**. This mumble rap won? Goddamn 😂😂😂,1
Kendrick Lamar,Boom bap / Lyric,HfWLgELllZs,Kendrick Lamar - luther (Official Audio),Kendrick Lamar,Here for the Grammy ❤‍🔥,0
Kendrick Lamar,Boom bap / Lyric,HfWLgELllZs,Kendrick Lamar - luther (Official Audio),Kendrick Lamar,"#Dutch producer
#Roselilah",0
Kendrick Lamar,Boom bap / Lyric,HfWLgELllZs,Kendrick Lamar - luther (Official Audio),Kendrick Lamar,Another one!,0
Kendrick Lamar,Boom bap / Lyric,HfWLgELllZs,Kendrick Lamar - luther (Official Audio),Kendrick Lamar,this song deserve the gramy guys,3
Kendrick Lamar,Boom bap / Lyric,HfWLgELllZs,Kendrick Lamar - luther (Official Audio),Kendrick Lamar,"Congratulations to Kendrick but 
I don't know I don't quite get it I realize there's going to be a new artists in this world with the reference to Luther Vandross if we're comparing things Luther was R&B in this song just isn't comparable to Luther's original music. It doesn't hold the same Beauty",0
Kendrick Lamar,Boom bap / Lyric,HfWLgELllZs,Kendrick Lamar - luther (Official Audio),Kendrick Lamar,Fa fa fa 😂😂😂😂,0
Kendrick Lamar,Boom bap / Lyric,HfWLgELllZs,Kendrick Lamar - luther (Official Audio),Kendrick Lamar,"Very nice sample of If this World were mine, I’m 74 years old and loved Luther’s rendition of this song (he made it his own).  But, the Marvin Gaye and Tammi Terrell version will always be the most memorable for me.  If you haven’t heard the original version you’re missing out!",2
Kendrick Lamar,Boom bap / Lyric,HfWLgELllZs,Kendrick Lamar - luther (Official Audio),Kendrick Lamar,No por nada se gano un grammy😎,0
Kendrick Lamar,Boom bap / Lyric,HfWLgELllZs,Kendrick Lamar - luther (Official Audio),Kendrick Lamar,"The ""I"" always get me 🔥",0
Kendrick Lamar,Boom bap / Lyric,HfWLgELllZs,Kendrick Lamar - luther (Official Audio),Kendrick Lamar,grammys,1
Kendrick Lamar,Boom bap / Lyric,HfWLgELllZs,Kendrick Lamar - luther (Official Audio),Kendrick Lamar,"The fcking goat, i love GNX since you released da album, specially Luther because SZA and u are fire, i'm so proud to be here when a lot of people was think that GNX was not a masterpiece and the academy rewarded you with a Grammy.
I love you Kendrick, be always the man that you are, all my love to you from Mexico 🤍",5
Kendrick Lamar,Boom bap / Lyric,HfWLgELllZs,Kendrick Lamar - luther (Official Audio),Kendrick Lamar,Luther Vandross ❤,2
Kendrick Lamar,Boom bap / Lyric,HfWLgELllZs,Kendrick Lamar - luther (Official Audio),Kendrick Lamar,"Congratulations, blessings, for winning Record of the Year.",12
Kendrick Lamar,Boom bap / Lyric,HfWLgELllZs,Kendrick Lamar - luther (Official Audio),Kendrick Lamar,the goat won a grammy,6
Kendrick Lamar,Boom bap / Lyric,HfWLgELllZs,Kendrick Lamar - luther (Official Audio),Kendrick Lamar,Here before grammys 🤔,2
Kendrick Lamar,Boom bap / Lyric,HfWLgELllZs,Kendrick Lamar - luther (Official Audio),Kendrick Lamar,Great late tribute to Luther ❤,3
Kendrick Lamar,Boom bap / Lyric,HfWLgELllZs,Kendrick Lamar - luther (Official Audio),Kendrick Lamar,Luther!! Forever,4
Kendrick Lamar,Boom bap / Lyric,HfWLgELllZs,Kendrick Lamar - luther (Official Audio),Kendrick Lamar,"Best song, absolutely NOT
Great song, CUSS yeah!!!!!",3
Kendrick Lamar,Boom bap / Lyric,HfWLgELllZs,Kendrick Lamar - luther (Official Audio),Kendrick Lamar,Encerio esta canción ganó el Grammy?? Esta fea debía ganar apt,1
Kendrick Lamar,Boom bap / Lyric,HfWLgELllZs,Kendrick Lamar - luther (Official Audio),Kendrick Lamar,I'm so happy the song Luther won a grammy,2
Kendrick Lamar,Boom bap / Lyric,HfWLgELllZs,Kendrick Lamar - luther (Official Audio),Kendrick Lamar,This is my Goat,5
Kendrick Lamar,Boom bap / Lyric,HfWLgELllZs,Kendrick Lamar - luther (Official Audio),Kendrick Lamar,Goat! I love this song! It Deserves A Grammy,6
Kendrick Lamar,Boom bap / Lyric,HfWLgELllZs,Kendrick Lamar - luther (Official Audio),Kendrick Lamar,🎉it's the best,2
Kendrick Lamar,Boom bap / Lyric,HfWLgELllZs,Kendrick Lamar - luther (Official Audio),Kendrick Lamar,Is this such a special song?,0
Kendrick Lamar,Boom bap / Lyric,HfWLgELllZs,Kendrick Lamar - luther (Official Audio),Kendrick Lamar,Can’t believe it’s been a whole year man,2
Kendrick Lamar,Boom bap / Lyric,HfWLgELllZs,Kendrick Lamar - luther (Official Audio),Kendrick Lamar,"Call ya Grams, cause we got a Grammy.",2
Kendrick Lamar,Boom bap / Lyric,HfWLgELllZs,Kendrick Lamar - luther (Official Audio),Kendrick Lamar,Another grammy.  My man Kenrick just made history last night with the most Grammys by a rap artist.,52
Kendrick Lamar,Boom bap / Lyric,HfWLgELllZs,Kendrick Lamar - luther (Official Audio),Kendrick Lamar,Top top top 🫶❤️🎵🎶,0
Kendrick Lamar,Boom bap / Lyric,HfWLgELllZs,Kendrick Lamar - luther (Official Audio),Kendrick Lamar,Kendrick o goat🔥,1
Kendrick Lamar,Boom bap / Lyric,HfWLgELllZs,Kendrick Lamar - luther (Official Audio),Kendrick Lamar,Congratulations Luther 🏆👑🎶,1
Kendrick Lamar,Boom bap / Lyric,HfWLgELllZs,Kendrick Lamar - luther (Official Audio),Kendrick Lamar,How did this win lol,1
Kendrick Lamar,Boom bap / Lyric,HfWLgELllZs,Kendrick Lamar - luther (Official Audio),Kendrick Lamar,Kendrick da GOAT. PERIODTTTTTT,3
Kendrick Lamar,Boom bap / Lyric,HfWLgELllZs,Kendrick Lamar - luther (Official Audio),Kendrick Lamar,So proud of Luther Vandross for winning the Grammy’s last night,1
Kendrick Lamar,Boom bap / Lyric,HfWLgELllZs,Kendrick Lamar - luther (Official Audio),Kendrick Lamar,🖕🏾 the haters this song is incredible and so was the album just salty mfs fr 🤣🤣🤣,1
Kendrick Lamar,Boom bap / Lyric,HfWLgELllZs,Kendrick Lamar - luther (Official Audio),Kendrick Lamar,🤢🤢🤢🤢🤢🤢🤢🤢🤢🤢🤢🤢,2
Kendrick Lamar,Boom bap / Lyric,HfWLgELllZs,Kendrick Lamar - luther (Official Audio),Kendrick Lamar,W Grammy win 🏆🏆💯👏,1
Kendrick Lamar,Boom bap / Lyric,HfWLgELllZs,Kendrick Lamar - luther (Official Audio),Kendrick Lamar,Luther Vandross winning a Grammy over 20 years after his death is iconic.,1
Kendrick Lamar,Boom bap / Lyric,HfWLgELllZs,Kendrick Lamar - luther (Official Audio),Kendrick Lamar,Luther is rolling over in his grave over this crap.,0
Kendrick Lamar,Boom bap / Lyric,HfWLgELllZs,Kendrick Lamar - luther (Official Audio),Kendrick Lamar,"I don't care much for Rapp, but I really like this one.😊",0
Kendrick Lamar,Boom bap / Lyric,HfWLgELllZs,Kendrick Lamar - luther (Official Audio),Kendrick Lamar,Aint no way this wins rap song of the year. This shit is horrible,0
Kendrick Lamar,Boom bap / Lyric,HfWLgELllZs,Kendrick Lamar - luther (Official Audio),Kendrick Lamar,"Congratulations to the #1 rapper out there❤❤❤ 
#tellemkendrickdidit🫡",0
Kendrick Lamar,Boom bap / Lyric,HfWLgELllZs,Kendrick Lamar - luther (Official Audio),Kendrick Lamar,🎉 🌹  🫠🎉🎉,0
Kendrick Lamar,Boom bap / Lyric,HfWLgELllZs,Kendrick Lamar - luther (Official Audio),Kendrick Lamar,Ag,0
Kendrick Lamar,Boom bap / Lyric,HfWLgELllZs,Kendrick Lamar - luther (Official Audio),Kendrick Lamar,Fuck I’m judging ⏰,0
Kendrick Lamar,Boom bap / Lyric,HfWLgELllZs,Kendrick Lamar - luther (Official Audio),Kendrick Lamar,We all know JID deserved that Grammy,0
Kendrick Lamar,Boom bap / Lyric,HfWLgELllZs,Kendrick Lamar - luther (Official Audio),Kendrick Lamar,Quem perdeu foi o Grammy,0
Kendrick Lamar,Boom bap / Lyric,HfWLgELllZs,Kendrick Lamar - luther (Official Audio),Kendrick Lamar,Garbage,1
Kendrick Lamar,Boom bap / Lyric,HfWLgELllZs,Kendrick Lamar - luther (Official Audio),Kendrick Lamar,Fuck this song,2
Kendrick Lamar,Boom bap / Lyric,HfWLgELllZs,Kendrick Lamar - luther (Official Audio),Kendrick Lamar,Praise God for you Kendrick!! While these celebrities and rappers are selling their souls to the enemy (Satan) you stand in the light of the ONLY ONE who can save us. God!! Stay true and join us in eternity in heaven,1
Kendrick Lamar,Boom bap / Lyric,HfWLgELllZs,Kendrick Lamar - luther (Official Audio),Kendrick Lamar,Yooooooo dancing after the Grammy win broski,0
Kendrick Lamar,Boom bap / Lyric,HfWLgELllZs,Kendrick Lamar - luther (Official Audio),Kendrick Lamar,“Luther Vandross…” 😭❤️,0
Kendrick Lamar,Boom bap / Lyric,HfWLgELllZs,Kendrick Lamar - luther (Official Audio),Kendrick Lamar,Congratulations Kendrick and Sza for your Grammy! God bless the everyone producing this record!🎉🙏🏾🏆💵,2
Kendrick Lamar,Boom bap / Lyric,HfWLgELllZs,Kendrick Lamar - luther (Official Audio),Kendrick Lamar,SONG OF THE YEAR...!!!!!!!!!!!!!!!!!!!!!!,0
Kendrick Lamar,Boom bap / Lyric,HfWLgELllZs,Kendrick Lamar - luther (Official Audio),Kendrick Lamar,Congratulations! Love this Song!!!❤❤❤,0
Kendrick Lamar,Boom bap / Lyric,HfWLgELllZs,Kendrick Lamar - luther (Official Audio),Kendrick Lamar,Here we go again ❤❤,0
Kendrick Lamar,Boom bap / Lyric,HfWLgELllZs,Kendrick Lamar - luther (Official Audio),Kendrick Lamar,"YES, DOING IT RIGHT YOUNGINS!!! EXCEPTIONAL,  BRAVO YOU TWO, BRAVO!!!!",0
Kendrick Lamar,Boom bap / Lyric,HfWLgELllZs,Kendrick Lamar - luther (Official Audio),Kendrick Lamar,This deserved to be the winner.,6
Kendrick Lamar,Boom bap / Lyric,HfWLgELllZs,Kendrick Lamar - luther (Official Audio),Kendrick Lamar,Second Record of the Year in a row! Well done Kendrick!,0
Kendrick Lamar,Boom bap / Lyric,HfWLgELllZs,Kendrick Lamar - luther (Official Audio),Kendrick Lamar,I’m sorry. I simply don’t find this at all remarkable. It’s a rather generic beat and not at all melodic.,1
Kendrick Lamar,Boom bap / Lyric,HfWLgELllZs,Kendrick Lamar - luther (Official Audio),Kendrick Lamar,5 grammies for this generic mumble bumble? geez,1
Kendrick Lamar,Boom bap / Lyric,HfWLgELllZs,Kendrick Lamar - luther (Official Audio),Kendrick Lamar,This shite is so lame middle of the road it full on crashes,0
Kendrick Lamar,Boom bap / Lyric,HfWLgELllZs,Kendrick Lamar - luther (Official Audio),Kendrick Lamar,Five more Grammys for him!,6
Kendrick Lamar,Boom bap / Lyric,HfWLgELllZs,Kendrick Lamar - luther (Official Audio),Kendrick Lamar,✊🇬🇪❤️🙏,0
Kendrick Lamar,Boom bap / Lyric,HfWLgELllZs,Kendrick Lamar - luther (Official Audio),Kendrick Lamar,Insane this trash won record of the year,1
Kendrick Lamar,Boom bap / Lyric,HfWLgELllZs,Kendrick Lamar - luther (Official Audio),Kendrick Lamar,"My granny said, ""Yes, Kendrick Luther Forever!!!""",1
Kendrick Lamar,Boom bap / Lyric,HfWLgELllZs,Kendrick Lamar - luther (Official Audio),Kendrick Lamar,“ The Grammy goes to Luther Vandross “,0
Kendrick Lamar,Boom bap / Lyric,HfWLgELllZs,Kendrick Lamar - luther (Official Audio),Kendrick Lamar,What's the Grammy for? I can't even sing the melody of this hit in 10 seconds!,0
Kendrick Lamar,Boom bap / Lyric,HfWLgELllZs,Kendrick Lamar - luther (Official Audio),Kendrick Lamar,And the grammy goes to luther Vandross🎉,0
Kendrick Lamar,Boom bap / Lyric,HfWLgELllZs,Kendrick Lamar - luther (Official Audio),Kendrick Lamar,Dang this baby boy did that.  Yassssss!,0
Kendrick Lamar,Boom bap / Lyric,HfWLgELllZs,Kendrick Lamar - luther (Official Audio),Kendrick Lamar,Is this what Dre makes now? Is this DR DRE CALIBUR BEATS?,0
Kendrick Lamar,Boom bap / Lyric,HfWLgELllZs,Kendrick Lamar - luther (Official Audio),Kendrick Lamar,Who produced this?,0
Kendrick Lamar,Boom bap / Lyric,HfWLgELllZs,Kendrick Lamar - luther (Official Audio),Kendrick Lamar,I’m here for the Grammy!,0
Kendrick Lamar,Boom bap / Lyric,HfWLgELllZs,Kendrick Lamar - luther (Official Audio),Kendrick Lamar,Who else came here because they love Kendrick Lamar music and didn't need the Grammys to pursued you to come here? 🥰,26
Kendrick Lamar,Boom bap / Lyric,HfWLgELllZs,Kendrick Lamar - luther (Official Audio),Kendrick Lamar,"Here after the grammy 🎉🎉

Now I don’t usually listen to Kendrick but those harmonies go SO HARD, it’s getting impossible to not acknowledge how good this is ❤",21
Kendrick Lamar,Boom bap / Lyric,HfWLgELllZs,Kendrick Lamar - luther (Official Audio),Kendrick Lamar,As a rosé fan much love to kendrick and sza for this sweet song. Congrats on the win dot,3
Kendrick Lamar,Boom bap / Lyric,HfWLgELllZs,Kendrick Lamar - luther (Official Audio),Kendrick Lamar,Here after the Grammy Win 🏅 2:27,0
Kendrick Lamar,Boom bap / Lyric,HfWLgELllZs,Kendrick Lamar - luther (Official Audio),Kendrick Lamar,12 in 2012,0
Kendrick Lamar,Boom bap / Lyric,HfWLgELllZs,Kendrick Lamar - luther (Official Audio),Kendrick Lamar,"Luther forever, as someone who has loved Kendrick since I was 12 in Mexico…. We love you Kendrick, forever 🙏🏽🙌🏽 we love you forever and ever just like all the legends you love 🙏🏽🙏🏽🙏🏽🙏🏽🙏🏽🙏🏽🙏🏽🙏🏽🙏🏽🙏🏽🙏🏽🙏🏽",0
Kendrick Lamar,Boom bap / Lyric,HfWLgELllZs,Kendrick Lamar - luther (Official Audio),Kendrick Lamar,This song broke so many records...as it should tbh,0
Kendrick Lamar,Boom bap / Lyric,HfWLgELllZs,Kendrick Lamar - luther (Official Audio),Kendrick Lamar,Who else is here for the grammy 🎉🎉,95
Kendrick Lamar,Boom bap / Lyric,HfWLgELllZs,Kendrick Lamar - luther (Official Audio),Kendrick Lamar,"🐐 did his thing at the Grammys once again. 
Just legendary.",1
Kendrick Lamar,Boom bap / Lyric,HfWLgELllZs,Kendrick Lamar - luther (Official Audio),Kendrick Lamar,"""OMG Luther Vandross!"" ... iykyk",16
Kendrick Lamar,Boom bap / Lyric,HfWLgELllZs,Kendrick Lamar - luther (Official Audio),Kendrick Lamar,How about writing a song without ripping off some other song?,0
Kendrick Lamar,Boom bap / Lyric,HfWLgELllZs,Kendrick Lamar - luther (Official Audio),Kendrick Lamar,"After the Grammy ... the Cabra's, KDOT and SZA",1
Kendrick Lamar,Boom bap / Lyric,HfWLgELllZs,Kendrick Lamar - luther (Official Audio),Kendrick Lamar,Sza,0
Kendrick Lamar,Boom bap / Lyric,HfWLgELllZs,Kendrick Lamar - luther (Official Audio),Kendrick Lamar,Congratulations on your Grammy! Luther would be proud of you!❤,1
Kendrick Lamar,Boom bap / Lyric,HfWLgELllZs,Kendrick Lamar - luther (Official Audio),Kendrick Lamar,RECORD OF THE YEAR !!!!!!!!!!!!!!!!!!!!!!,0
Kendrick Lamar,Boom bap / Lyric,HfWLgELllZs,Kendrick Lamar - luther (Official Audio),Kendrick Lamar,Record Of The Year 🔥😭,0
Kendrick Lamar,Boom bap / Lyric,HfWLgELllZs,Kendrick Lamar - luther (Official Audio),Kendrick Lamar,Luv this song,0
Kendrick Lamar,Boom bap / Lyric,HfWLgELllZs,Kendrick Lamar - luther (Official Audio),Kendrick Lamar,Record of the year deserved ❤❤,0
Kendrick Lamar,Boom bap / Lyric,HfWLgELllZs,Kendrick Lamar - luther (Official Audio),Kendrick Lamar,They won on music conser 🎉🎉🎉 is my favorite song my sister loves that song😊,0
Kendrick Lamar,Boom bap / Lyric,HfWLgELllZs,Kendrick Lamar - luther (Official Audio),Kendrick Lamar,Esto le gano a abracadabra?,0
Kendrick Lamar,Boom bap / Lyric,HfWLgELllZs,Kendrick Lamar - luther (Official Audio),Kendrick Lamar,😊who came here after winning the Grammy?,1
Kendrick Lamar,Boom bap / Lyric,HfWLgELllZs,Kendrick Lamar - luther (Official Audio),Kendrick Lamar,BEST RECORD MENG,0
Kendrick Lamar,Boom bap / Lyric,HfWLgELllZs,Kendrick Lamar - luther (Official Audio),Kendrick Lamar,I’m here for the Grammy.,1266
Kendrick Lamar,Boom bap / Lyric,HfWLgELllZs,Kendrick Lamar - luther (Official Audio),Kendrick Lamar,Lel,0
Kendrick Lamar,Boom bap / Lyric,HfWLgELllZs,Kendrick Lamar - luther (Official Audio),Kendrick Lamar,Grammy winner,487
Kendrick Lamar,Boom bap / Lyric,HfWLgELllZs,Kendrick Lamar - luther (Official Audio),Kendrick Lamar,LUTHER WON A GRAMMY LETS GOOO!!!! 🎉,56
Kendrick Lamar,Boom bap / Lyric,HfWLgELllZs,Kendrick Lamar - luther (Official Audio),Kendrick Lamar,BRO YOU WON THE GRAMMYS LETS GOOO!!!🎉🎉🎉,3
Kendrick Lamar,Boom bap / Lyric,HfWLgELllZs,Kendrick Lamar - luther (Official Audio),Kendrick Lamar,LOVE YOO BRO,0
Kendrick Lamar,Boom bap / Lyric,HfWLgELllZs,Kendrick Lamar - luther (Official Audio),Kendrick Lamar,그래미 수상 축하🎉🎉🎉,2
Kendrick Lamar,Boom bap / Lyric,HfWLgELllZs,Kendrick Lamar - luther (Official Audio),Kendrick Lamar,I love you Julia .,0
Kendrick Lamar,Boom bap / Lyric,HfWLgELllZs,Kendrick Lamar - luther (Official Audio),Kendrick Lamar,Congratulations on the Grammy win 🎉🎉🎉🎉🎉🎉🎉🏆,1
Kendrick Lamar,Boom bap / Lyric,HfWLgELllZs,Kendrick Lamar - luther (Official Audio),Kendrick Lamar,좋네요,0
Kendrick Lamar,Boom bap / Lyric,HfWLgELllZs,Kendrick Lamar - luther (Official Audio),Kendrick Lamar,🎉🫶🏾🏆,0
Kendrick Lamar,Boom bap / Lyric,HfWLgELllZs,Kendrick Lamar - luther (Official Audio),Kendrick Lamar,so good!,1
Kendrick Lamar,Boom bap / Lyric,HfWLgELllZs,Kendrick Lamar - luther (Official Audio),Kendrick Lamar,Here before they secure the Grammy win,469
Kendrick Lamar,Boom bap / Lyric,HfWLgELllZs,Kendrick Lamar - luther (Official Audio),Kendrick Lamar,"Kendrick Lamar did a move again.
Against me. Now he is trying to move the teeth of the movie
The Undertow, like I am some actress going to be signed
In her future, and yeah “Pretty Girls, should always smile”
And indeed I am going to call to end his life in every given opportunity,
Playing the outside bars version of Diddy ?, is something we don’t need.
And that goes to his wife too lady, my sister. She’ll keep on?
Thinking something around this is still ‘Funny’?, she should just be
Beheaded at the street like any other vampires.
Let’s take her man life without even being shamed in it.

Kendrick shouldn’t stay with us.

#endkendricklamar #endthebeef",0
Kendrick Lamar,Boom bap / Lyric,HfWLgELllZs,Kendrick Lamar - luther (Official Audio),Kendrick Lamar,"""Better days are coming for sure"" I wanna come back in 6 months and make a testimonial 🥺 I've beeeeeen waiting for better days. Tryna find strength to leave a toxic abusive relationship 😢",5
Kendrick Lamar,Boom bap / Lyric,HfWLgELllZs,Kendrick Lamar - luther (Official Audio),Kendrick Lamar,2026? 💎,3
Kendrick Lamar,Boom bap / Lyric,HfWLgELllZs,Kendrick Lamar - luther (Official Audio),Kendrick Lamar,Omg!,0
Kendrick Lamar,Boom bap / Lyric,HfWLgELllZs,Kendrick Lamar - luther (Official Audio),Kendrick Lamar,Peak,0
Kendrick Lamar,Boom bap / Lyric,HfWLgELllZs,Kendrick Lamar - luther (Official Audio),Kendrick Lamar,😮😮😮😮😮😮😮,0
Kendrick Lamar,Boom bap / Lyric,HfWLgELllZs,Kendrick Lamar - luther (Official Audio),Kendrick Lamar,Im Hooked,0
Kendrick Lamar,Boom bap / Lyric,HfWLgELllZs,Kendrick Lamar - luther (Official Audio),Kendrick Lamar,When is Kendrick Lamar coming wit another hit,0
Kendrick Lamar,Boom bap / Lyric,HfWLgELllZs,Kendrick Lamar - luther (Official Audio),Kendrick Lamar,They need a collaboration album,1
Kendrick Lamar,Boom bap / Lyric,HfWLgELllZs,Kendrick Lamar - luther (Official Audio),Kendrick Lamar,💯,0
Kendrick Lamar,Boom bap / Lyric,HfWLgELllZs,Kendrick Lamar - luther (Official Audio),Kendrick Lamar,🎉🎉🎉🎉🎉,0
Kendrick Lamar,Boom bap / Lyric,HfWLgELllZs,Kendrick Lamar - luther (Official Audio),Kendrick Lamar,🎉🎉🎉🎉🎉🎉🎉,0
Kendrick Lamar,Boom bap / Lyric,HfWLgELllZs,Kendrick Lamar - luther (Official Audio),Kendrick Lamar,🎉,0
Kendrick Lamar,Boom bap / Lyric,HfWLgELllZs,Kendrick Lamar - luther (Official Audio),Kendrick Lamar,2026 anyone?,0
Kendrick Lamar,Boom bap / Lyric,HfWLgELllZs,Kendrick Lamar - luther (Official Audio),Kendrick Lamar,I like this song,0
Kendrick Lamar,Boom bap / Lyric,HfWLgELllZs,Kendrick Lamar - luther (Official Audio),Kendrick Lamar,❤MARQUIS THIS WORLD WILL BE YOURS ❤,0
Kendrick Lamar,Boom bap / Lyric,HfWLgELllZs,Kendrick Lamar - luther (Official Audio),Kendrick Lamar,If this world was mine I’ll take your dreams and make em multiply 🌹💓🦋,0
Kendrick Lamar,Boom bap / Lyric,HfWLgELllZs,Kendrick Lamar - luther (Official Audio),Kendrick Lamar,2026 let it ride,0
Kendrick Lamar,Boom bap / Lyric,HfWLgELllZs,Kendrick Lamar - luther (Official Audio),Kendrick Lamar,A great vibe heard it for the first time 1/3/26 loving this,1
Kendrick Lamar,Boom bap / Lyric,HfWLgELllZs,Kendrick Lamar - luther (Official Audio),Kendrick Lamar,Когда у одного чела спросили кто самый лучший рэппер 50 Сент или кто он ответил что ты вот я и решил проверить так это или нет! 🤔Kendrik Lamar я бы поспорил но этот тоже это просто лютая суета и на вышке над уровнем 2200 😮🥶🥶🥶🤕 ufrfreeze me,0
Kendrick Lamar,Boom bap / Lyric,HfWLgELllZs,Kendrick Lamar - luther (Official Audio),Kendrick Lamar,1:49,0
Kendrick Lamar,Boom bap / Lyric,HfWLgELllZs,Kendrick Lamar - luther (Official Audio),Kendrick Lamar,cpppp,0
Kendrick Lamar,Boom bap / Lyric,HfWLgELllZs,Kendrick Lamar - luther (Official Audio),Kendrick Lamar,Yeah  Definitely like this Song. A This Definitely a different kind of Vibe. One more good   Male & Female Artists.,1
Kendrick Lamar,Boom bap / Lyric,HfWLgELllZs,Kendrick Lamar - luther (Official Audio),Kendrick Lamar,"Kendrick playing 4D chess again. This isn't just a song, it’s a structural audit of the industry.",0
Kendrick Lamar,Boom bap / Lyric,HfWLgELllZs,Kendrick Lamar - luther (Official Audio),Kendrick Lamar,I know I'm alone here in January 26 🤧,1
Kendrick Lamar,Boom bap / Lyric,HfWLgELllZs,Kendrick Lamar - luther (Official Audio),Kendrick Lamar,Anyone else in April 2026? ❤❤❤,30
Kendrick Lamar,Boom bap / Lyric,HfWLgELllZs,Kendrick Lamar - luther (Official Audio),Kendrick Lamar,2026? 💖💖,3
Kendrick Lamar,Boom bap / Lyric,HfWLgELllZs,Kendrick Lamar - luther (Official Audio),Kendrick Lamar,"""fa.""",1
Kendrick Lamar,Boom bap / Lyric,HfWLgELllZs,Kendrick Lamar - luther (Official Audio),Kendrick Lamar,Awesome....too short,0
Kendrick Lamar,Boom bap / Lyric,HfWLgELllZs,Kendrick Lamar - luther (Official Audio),Kendrick Lamar,Boo cheifs,0
Kendrick Lamar,Boom bap / Lyric,HfWLgELllZs,Kendrick Lamar - luther (Official Audio),Kendrick Lamar,7/10,0
Kendrick Lamar,Boom bap / Lyric,HfWLgELllZs,Kendrick Lamar - luther (Official Audio),Kendrick Lamar,0:51,0
Kendrick Lamar,Boom bap / Lyric,HfWLgELllZs,Kendrick Lamar - luther (Official Audio),Kendrick Lamar,LOL ITS COLD OUT BUT ITS NOT FROZEN,0
Kendrick Lamar,Boom bap / Lyric,HfWLgELllZs,Kendrick Lamar - luther (Official Audio),Kendrick Lamar,People here in 2026,1
Kendrick Lamar,Boom bap / Lyric,HfWLgELllZs,Kendrick Lamar - luther (Official Audio),Kendrick Lamar,BEAUTIFUL MUSIC & WORD'S WERE DEEP IF U LISTEN TO THEM I'M 70 YRS OLD. ❤❤❤❤GOD BLESS YOUR ENTIRE TEAM. YOU ALL ARE BLESSED 💯👍🏽,0
Kendrick Lamar,Boom bap / Lyric,HfWLgELllZs,Kendrick Lamar - luther (Official Audio),Kendrick Lamar,😢😢😢,0
Kendrick Lamar,Boom bap / Lyric,HfWLgELllZs,Kendrick Lamar - luther (Official Audio),Kendrick Lamar,Listening about I cooked in exam to feel better,1
Kendrick Lamar,Boom bap / Lyric,HfWLgELllZs,Kendrick Lamar - luther (Official Audio),Kendrick Lamar,"the fuck is this lyrics, i love it though",1
Kendrick Lamar,Boom bap / Lyric,HfWLgELllZs,Kendrick Lamar - luther (Official Audio),Kendrick Lamar,January 2026 anyone?,0
Kendrick Lamar,Boom bap / Lyric,HfWLgELllZs,Kendrick Lamar - luther (Official Audio),Kendrick Lamar,what a blessing,0
Kendrick Lamar,Boom bap / Lyric,HfWLgELllZs,Kendrick Lamar - luther (Official Audio),Kendrick Lamar,"Hey, Roman numeral seven, bae, drop it like it's hot
If this world was mine, I'd take your dreams and make 'em multiply
If this world was mine, I'd take your enemies in front of God
Introduce 'em to that light, hit them strictly with that fire
Fah-fah, fah-fah-fah, fah-fah, fah
Hey, Roman numeral seven, bae, drop it like it's hot
If this world was mine, I'd take your dreams and make 'em multiply
If this world was mine, I'd take your enemies in front of God
Introduce 'em to that light, hit them strictly with that fire
It's a vibe, do your dance, let 'em watch
She a fan, he a flop, they just wanna kumbaya, nah
In this world, concrete flowers grow
Heartache, she only doin' what she know
Weekends, get it poppin' on the low
Better days comin' for sure (if this world were)
If it was up to me
I wouldn't give these nobodies no sympathy
I'd take away the pain, I'd give you everything
I just wanna see you win, wanna see (if this world were mine)
It go in (when you), out (ride it), do it real slow (slide)
Baby, you a star, strike, pose (right)
When I'm (when you), with you (with me), everything goes (slow)
Come and (put that), put that (on my), on my (titi), soul (soul)
'Rari (red), crown (stack), wrist (stay), froze (really)
Drip (tell me), pound (if you), on the way home (love me)
In this world, concrete flowers grow
Heartache, she only doin' what she know
Weekends, get it poppin' on the low
Better days comin' for sure (if this world were)
If it was up to me
I wouldn't give these nobodies no sympathy
I'd take away the pain, I'd give you everything
I just wanna see you win, wanna see (if this world were mine)
I can't lie, I trust you, I love you, I won't waste your time
I turn it off just so I can turn you on
I'ma make you say it loud
I'm not even trippin', I won't stress you out
I might even settle down for you, I'ma show you I'm a pro
I'ma take my time and turn it off
Just so I can turn you on, baby
Weekends, get it poppin' on the low
Better days comin' for sure
I know you'll come
I know you're comin' for
(Anything)
(If this world were mine)",1
Kendrick Lamar,Boom bap / Lyric,HfWLgELllZs,Kendrick Lamar - luther (Official Audio),Kendrick Lamar,pho pho phophopho,0
Kendrick Lamar,Boom bap / Lyric,HfWLgELllZs,Kendrick Lamar - luther (Official Audio),Kendrick Lamar,🕺❤🕺❤,0
Kendrick Lamar,Boom bap / Lyric,HfWLgELllZs,Kendrick Lamar - luther (Official Audio),Kendrick Lamar,Only here for the fa fa fafafa faaaaaa😊,0
Kendrick Lamar,Boom bap / Lyric,HfWLgELllZs,Kendrick Lamar - luther (Official Audio),Kendrick Lamar,DON'T FUCC WITH HOOVER 'S,0
Kendrick Lamar,Boom bap / Lyric,HfWLgELllZs,Kendrick Lamar - luther (Official Audio),Kendrick Lamar,1:20,0
Kendrick Lamar,Boom bap / Lyric,HfWLgELllZs,Kendrick Lamar - luther (Official Audio),Kendrick Lamar,"We asked for a rap song not a masterpiece. I am so warmed by this tune man. No joke. Whow supports Kendrick Lamar and SZA getting married?
https://youtube.com/shorts/yRNqXuECkYo
https://youtube.com/shorts/ZdxfjsiYCeY
https://youtube.com/shorts/VVZN7WOhozM
https://youtube.com/shorts/90qRhoHuNPc",3
Kendrick Lamar,Boom bap / Lyric,HfWLgELllZs,Kendrick Lamar - luther (Official Audio),Kendrick Lamar,"Which team are you guys on? Team Drake or Team Kendrick Lamar? I choose the Jewish rapper over the Christian rapper. No joke.
https://youtube.com/shorts/yRNqXuECkYo
https://youtube.com/shorts/ZdxfjsiYCeY
https://youtube.com/shorts/VVZN7WOhozM
https://youtube.com/shorts/90qRhoHuNPc",1
Kendrick Lamar,Boom bap / Lyric,HfWLgELllZs,Kendrick Lamar - luther (Official Audio),Kendrick Lamar,https://youtu.be/U0NxDIJJrdI?si=yicNTF692AstK3Ho,0
Kendrick Lamar,Boom bap / Lyric,HfWLgELllZs,Kendrick Lamar - luther (Official Audio),Kendrick Lamar,😍,0
Kendrick Lamar,Boom bap / Lyric,HfWLgELllZs,Kendrick Lamar - luther (Official Audio),Kendrick Lamar,Amoooo está canción   podría escuchar más canciones perooooooooooooooooo   no quiero .,0
Kendrick Lamar,Boom bap / Lyric,HfWLgELllZs,Kendrick Lamar - luther (Official Audio),Kendrick Lamar,sheshh,0
Kendrick Lamar,Boom bap / Lyric,HfWLgELllZs,Kendrick Lamar - luther (Official Audio),Kendrick Lamar,IT TOOK 10 PEOPLE TO WRITE THIS GARBAGE,0
Kendrick Lamar,Boom bap / Lyric,HfWLgELllZs,Kendrick Lamar - luther (Official Audio),Kendrick Lamar,0:09,0
Kendrick Lamar,Boom bap / Lyric,HfWLgELllZs,Kendrick Lamar - luther (Official Audio),Kendrick Lamar,BEST SONG EVER,2
Kendrick Lamar,Boom bap / Lyric,HfWLgELllZs,Kendrick Lamar - luther (Official Audio),Kendrick Lamar,I love this song,1
Kendrick Lamar,Boom bap / Lyric,HfWLgELllZs,Kendrick Lamar - luther (Official Audio),Kendrick Lamar,I love SZA voice!!!!,0
Kendrick Lamar,Boom bap / Lyric,HfWLgELllZs,Kendrick Lamar - luther (Official Audio),Kendrick Lamar,Over a year later and still obsessed with this song,4
Kendrick Lamar,Boom bap / Lyric,HfWLgELllZs,Kendrick Lamar - luther (Official Audio),Kendrick Lamar,THIS SONG FIRE 🔥,0
Kendrick Lamar,Boom bap / Lyric,HfWLgELllZs,Kendrick Lamar - luther (Official Audio),Kendrick Lamar,0:26,0
Kendrick Lamar,Boom bap / Lyric,HfWLgELllZs,Kendrick Lamar - luther (Official Audio),Kendrick Lamar,🫶🏼🫶🏼🫶🏼,0
Kendrick Lamar,Boom bap / Lyric,HfWLgELllZs,Kendrick Lamar - luther (Official Audio),Kendrick Lamar,"SZA's voice raises my kundalini energy, lifting it to my third eye and guiding me toward nirvana",1
Kendrick Lamar,Boom bap / Lyric,HfWLgELllZs,Kendrick Lamar - luther (Official Audio),Kendrick Lamar,Anybody here with me 2026?,1
Kendrick Lamar,Boom bap / Lyric,HfWLgELllZs,Kendrick Lamar - luther (Official Audio),Kendrick Lamar,That my jam right there,1
Kendrick Lamar,Boom bap / Lyric,HfWLgELllZs,Kendrick Lamar - luther (Official Audio),Kendrick Lamar,Yes this song is the best song in the world OMG,0
Kendrick Lamar,Boom bap / Lyric,HfWLgELllZs,Kendrick Lamar - luther (Official Audio),Kendrick Lamar,I am obsessed with the sound in the beat in 0:15 it is sooooo good.,1
Kendrick Lamar,Boom bap / Lyric,HfWLgELllZs,Kendrick Lamar - luther (Official Audio),Kendrick Lamar,Faahhh🗣️,1
Kendrick Lamar,Boom bap / Lyric,HfWLgELllZs,Kendrick Lamar - luther (Official Audio),Kendrick Lamar,kendrick you're a beautiful singer,0
Kendrick Lamar,Boom bap / Lyric,HfWLgELllZs,Kendrick Lamar - luther (Official Audio),Kendrick Lamar,kendrick lamar is my twin flame and inspires me a lot even when we go thru tough times 😊,0
Kendrick Lamar,Boom bap / Lyric,HfWLgELllZs,Kendrick Lamar - luther (Official Audio),Kendrick Lamar,"""Better days is coming for sure"" 🔥🔥🙏🏽",1
Kendrick Lamar,Boom bap / Lyric,HfWLgELllZs,Kendrick Lamar - luther (Official Audio),Kendrick Lamar,Fah fah fah fah fah fahhh,1
Kendrick Lamar,Boom bap / Lyric,HfWLgELllZs,Kendrick Lamar - luther (Official Audio),Kendrick Lamar,Anyone here in 2026?,3
Kendrick Lamar,Boom bap / Lyric,HfWLgELllZs,Kendrick Lamar - luther (Official Audio),Kendrick Lamar,Bro,0
Kendrick Lamar,Boom bap / Lyric,HfWLgELllZs,Kendrick Lamar - luther (Official Audio),Kendrick Lamar,Y u drop me off hwee,0
Kendrick Lamar,Boom bap / Lyric,HfWLgELllZs,Kendrick Lamar - luther (Official Audio),Kendrick Lamar,Anyone in 2026,1
Kendrick Lamar,Boom bap / Lyric,HfWLgELllZs,Kendrick Lamar - luther (Official Audio),Kendrick Lamar,"The best singer , sing together again “DUOS”!",0
Kendrick Lamar,Boom bap / Lyric,HfWLgELllZs,Kendrick Lamar - luther (Official Audio),Kendrick Lamar,This song got me through when I was finally free from a dv relationship a year ago 🫶🏼,2
Kendrick Lamar,Boom bap / Lyric,HfWLgELllZs,Kendrick Lamar - luther (Official Audio),Kendrick Lamar,Psalms 55:16 But I call to God and the LORD saves me.,1
Kendrick Lamar,Boom bap / Lyric,HfWLgELllZs,Kendrick Lamar - luther (Official Audio),Kendrick Lamar,1:09. 1:21. 1:13,0
Kendrick Lamar,Boom bap / Lyric,HfWLgELllZs,Kendrick Lamar - luther (Official Audio),Kendrick Lamar,Why sza so good when we having S*X with this music on,0
Kendrick Lamar,Boom bap / Lyric,HfWLgELllZs,Kendrick Lamar - luther (Official Audio),Kendrick Lamar,2026 STILL A HIT!!!!!,0
Kendrick Lamar,Boom bap / Lyric,HfWLgELllZs,Kendrick Lamar - luther (Official Audio),Kendrick Lamar,Who’s here in 2026 ?,2
Kendrick Lamar,Boom bap / Lyric,HfWLgELllZs,Kendrick Lamar - luther (Official Audio),Kendrick Lamar,Mammiieh...,0
Kendrick Lamar,Boom bap / Lyric,HfWLgELllZs,Kendrick Lamar - luther (Official Audio),Kendrick Lamar,Who's here in 2026?,1
Kendrick Lamar,Boom bap / Lyric,HfWLgELllZs,Kendrick Lamar - luther (Official Audio),Kendrick Lamar,2k26 drop the like 🇵🇹🇺🇸,0
Kendrick Lamar,Boom bap / Lyric,HfWLgELllZs,Kendrick Lamar - luther (Official Audio),Kendrick Lamar,Who is the female voice,0
Kendrick Lamar,Boom bap / Lyric,HfWLgELllZs,Kendrick Lamar - luther (Official Audio),Kendrick Lamar,1:43,0
Kendrick Lamar,Boom bap / Lyric,HfWLgELllZs,Kendrick Lamar - luther (Official Audio),Kendrick Lamar,1:44,0
Kendrick Lamar,Boom bap / Lyric,HfWLgELllZs,Kendrick Lamar - luther (Official Audio),Kendrick Lamar,2026 anyone 👀👀😂❤️,12
Kendrick Lamar,Boom bap / Lyric,HfWLgELllZs,Kendrick Lamar - luther (Official Audio),Kendrick Lamar,I love your music so much,1
Kendrick Lamar,Boom bap / Lyric,HfWLgELllZs,Kendrick Lamar - luther (Official Audio),Kendrick Lamar,Omg im loving carpet man,0
Kendrick Lamar,Boom bap / Lyric,HfWLgELllZs,Kendrick Lamar - luther (Official Audio),Kendrick Lamar,LADY GAGA 🌈 BRUNO MARS duo of the DECADE ❤,1
Kendrick Lamar,Boom bap / Lyric,HfWLgELllZs,Kendrick Lamar - luther (Official Audio),Kendrick Lamar,before the superbowl,1
Kendrick Lamar,Boom bap / Lyric,HfWLgELllZs,Kendrick Lamar - luther (Official Audio),Kendrick Lamar,Cool song,0
Kendrick Lamar,Boom bap / Lyric,HfWLgELllZs,Kendrick Lamar - luther (Official Audio),Kendrick Lamar,Sza voice omg I love this 🎉,0
Kendrick Lamar,Boom bap / Lyric,HfWLgELllZs,Kendrick Lamar - luther (Official Audio),Kendrick Lamar,Sza voice omg I love this,0
Kendrick Lamar,Boom bap / Lyric,HfWLgELllZs,Kendrick Lamar - luther (Official Audio),Kendrick Lamar,Sza omg I love it,0
Kendrick Lamar,Boom bap / Lyric,U8F5G5wR1mk,Kendrick Lamar - tv off (Official Audio),Kendrick Lamar,I get on they azz,0
Kendrick Lamar,Boom bap / Lyric,U8F5G5wR1mk,Kendrick Lamar - tv off (Official Audio),Kendrick Lamar,Bro ❤ where is drake better lol 😅,0
Kendrick Lamar,Boom bap / Lyric,U8F5G5wR1mk,Kendrick Lamar - tv off (Official Audio),Kendrick Lamar,The first time I saw a man,0
Kendrick Lamar,Boom bap / Lyric,U8F5G5wR1mk,Kendrick Lamar - tv off (Official Audio),Kendrick Lamar,World Series 2025,0
Kendrick Lamar,Boom bap / Lyric,U8F5G5wR1mk,Kendrick Lamar - tv off (Official Audio),Kendrick Lamar,"Used to be “Mr. Nice man”, now he’s the “iceman” but it won’t last long thanks to the quicksand and the fact that all 3 albums are just as bland as his owl band 😂😂",0
Kendrick Lamar,Boom bap / Lyric,U8F5G5wR1mk,Kendrick Lamar - tv off (Official Audio),Kendrick Lamar,MustardDdddddddddddddddxddddddddddddd 2:28 2:29 2:30 2:30 2:30 2:30 2:30 2:31 2:31 2:31 2:31 2:32 2:32 2:32 2:32 2:32,0
Kendrick Lamar,Boom bap / Lyric,U8F5G5wR1mk,Kendrick Lamar - tv off (Official Audio),Kendrick Lamar,Still goes hard 🔥🔥🔥,2
Kendrick Lamar,Boom bap / Lyric,U8F5G5wR1mk,Kendrick Lamar - tv off (Official Audio),Kendrick Lamar,2027 super bowl please,1
Kendrick Lamar,Boom bap / Lyric,U8F5G5wR1mk,Kendrick Lamar - tv off (Official Audio),Kendrick Lamar,Hi,0
Kendrick Lamar,Boom bap / Lyric,U8F5G5wR1mk,Kendrick Lamar - tv off (Official Audio),Kendrick Lamar,😂😂 whooo. Yea there somebody gotta do it. 😂😂❤😊❤,0
Kendrick Lamar,Boom bap / Lyric,U8F5G5wR1mk,Kendrick Lamar - tv off (Official Audio),Kendrick Lamar,"Drake sucks now 
Ahhh thanks a lot Kendrick 😂😂",1
Kendrick Lamar,Boom bap / Lyric,U8F5G5wR1mk,Kendrick Lamar - tv off (Official Audio),Kendrick Lamar,Wow,0
Kendrick Lamar,Boom bap / Lyric,U8F5G5wR1mk,Kendrick Lamar - tv off (Official Audio),Kendrick Lamar,HahahahahH🎉🎉🎉🎉🎉🎉🎉🎉🎉🎉🎉🎉🎉🎉🎉🎉🎉🎉🎉🎉🎉🎉🎉🎉🎉🎉🎉🎉🎉🎉🎉🎉🎉🎉🎉🎉🎉🎉🎉🎉🎉🎉I,1
Kendrick Lamar,Boom bap / Lyric,U8F5G5wR1mk,Kendrick Lamar - tv off (Official Audio),Kendrick Lamar,❤,0
Kendrick Lamar,Boom bap / Lyric,U8F5G5wR1mk,Kendrick Lamar - tv off (Official Audio),Kendrick Lamar,❤❤❤❤❤❤❤❤❤❤❤❤❤❤❤❤❤❤❤❤❤❤❤,0
Kendrick Lamar,Boom bap / Lyric,U8F5G5wR1mk,Kendrick Lamar - tv off (Official Audio),Kendrick Lamar,"Oh, I would like to sue local and state policies and their kids but they think America’s just theirs. Michigan is a hell.",0
Kendrick Lamar,Boom bap / Lyric,U8F5G5wR1mk,Kendrick Lamar - tv off (Official Audio),Kendrick Lamar,What is this joyride or Joy Road gonna ruin video games with joystick too they already did that challenge😂,0
Kendrick Lamar,Boom bap / Lyric,U8F5G5wR1mk,Kendrick Lamar - tv off (Official Audio),Kendrick Lamar,They should make references to cars different models on vibes in albums cover like how I feel like the design of my life is like a pinto,0
Kendrick Lamar,Boom bap / Lyric,U8F5G5wR1mk,Kendrick Lamar - tv off (Official Audio),Kendrick Lamar,Its not enough,1
Kendrick Lamar,Boom bap / Lyric,U8F5G5wR1mk,Kendrick Lamar - tv off (Official Audio),Kendrick Lamar,fire,1
Kendrick Lamar,Boom bap / Lyric,U8F5G5wR1mk,Kendrick Lamar - tv off (Official Audio),Kendrick Lamar,"“You want any sauce?”
Kendrick:”MUSTAAAARD!”
“Is this enough”
Kendrick:”Its not enough”",2
Kendrick Lamar,Boom bap / Lyric,U8F5G5wR1mk,Kendrick Lamar - tv off (Official Audio),Kendrick Lamar,"trash
No Comments
Drake better",0
Kendrick Lamar,Boom bap / Lyric,U8F5G5wR1mk,Kendrick Lamar - tv off (Official Audio),Kendrick Lamar,"hey, Hey… MUSTTARRRRRRRRD 
😎😎😎",2
Kendrick Lamar,Boom bap / Lyric,U8F5G5wR1mk,Kendrick Lamar - tv off (Official Audio),Kendrick Lamar,Hi,0
Kendrick Lamar,Boom bap / Lyric,U8F5G5wR1mk,Kendrick Lamar - tv off (Official Audio),Kendrick Lamar,KENDRICK HAS TO MAKE A MUSTARD BRAND,1
Kendrick Lamar,Boom bap / Lyric,U8F5G5wR1mk,Kendrick Lamar - tv off (Official Audio),Kendrick Lamar,"Kendrick smoked drake, if I was drake I will be crying",4
Kendrick Lamar,Boom bap / Lyric,U8F5G5wR1mk,Kendrick Lamar - tv off (Official Audio),Kendrick Lamar,Cut yo grandma off lol,1
Kendrick Lamar,Boom bap / Lyric,U8F5G5wR1mk,Kendrick Lamar - tv off (Official Audio),Kendrick Lamar,Nice beat,0
Kendrick Lamar,Boom bap / Lyric,U8F5G5wR1mk,Kendrick Lamar - tv off (Official Audio),Kendrick Lamar,2.04 MUSTAAAAAAAARD,0
Kendrick Lamar,Boom bap / Lyric,U8F5G5wR1mk,Kendrick Lamar - tv off (Official Audio),Kendrick Lamar,I truly love this song I listen to every were I go,4
Kendrick Lamar,Boom bap / Lyric,U8F5G5wR1mk,Kendrick Lamar - tv off (Official Audio),Kendrick Lamar,!,0
Kendrick Lamar,Boom bap / Lyric,U8F5G5wR1mk,Kendrick Lamar - tv off (Official Audio),Kendrick Lamar,"Will always want a black grand national and a white monte, this will be on repeat when i get one",1
Kendrick Lamar,Boom bap / Lyric,U8F5G5wR1mk,Kendrick Lamar - tv off (Official Audio),Kendrick Lamar,"🤓""Actually, Grand National only came in black from the factory""


Fuck being rational",2
Kendrick Lamar,Boom bap / Lyric,U8F5G5wR1mk,Kendrick Lamar - tv off (Official Audio),Kendrick Lamar,"Yesterday:




Happy 39th Kendrick Lamar! 🎉🥳🎂🍰",1
Kendrick Lamar,Boom bap / Lyric,U8F5G5wR1mk,Kendrick Lamar - tv off (Official Audio),Kendrick Lamar,1:55 Krusty Krab confusion meme,1
Kendrick Lamar,Boom bap / Lyric,U8F5G5wR1mk,Kendrick Lamar - tv off (Official Audio),Kendrick Lamar,"𝖣𝗋𝖺𝗄𝖾 𝖽𝗋𝗈𝗉𝗉𝖾𝖽 𝗍𝗁𝗋𝖾𝖾 𝖺𝗅𝖻𝗎𝗆𝗌, 𝖻𝗎𝗍 𝗂𝗍'𝗌 𝗇𝗈𝗍 𝖾𝗇𝗈𝗎𝗀𝗁, 𝗅𝗈𝗅",4
Kendrick Lamar,Boom bap / Lyric,U8F5G5wR1mk,Kendrick Lamar - tv off (Official Audio),Kendrick Lamar,I just had a hot dog with onions cheese chili and a little bit of MUSTAAAAAAAAAAAAAAAAAAAAAAAAAAAAAAARD!,5
Kendrick Lamar,Boom bap / Lyric,U8F5G5wR1mk,Kendrick Lamar - tv off (Official Audio),Kendrick Lamar,2:05 MUSTAAAAAARD,3
Kendrick Lamar,Boom bap / Lyric,U8F5G5wR1mk,Kendrick Lamar - tv off (Official Audio),Kendrick Lamar,Musssssssssttttfftfaaaarrrrddddd,1
Kendrick Lamar,Boom bap / Lyric,U8F5G5wR1mk,Kendrick Lamar - tv off (Official Audio),Kendrick Lamar,3 drake ALBULMS AND IT STILL AINT ENOUGH,3
Kendrick Lamar,Boom bap / Lyric,U8F5G5wR1mk,Kendrick Lamar - tv off (Official Audio),Kendrick Lamar,67k comments...,0
Kendrick Lamar,Boom bap / Lyric,U8F5G5wR1mk,Kendrick Lamar - tv off (Official Audio),Kendrick Lamar,Mastered!!!💯,0
Kendrick Lamar,Boom bap / Lyric,U8F5G5wR1mk,Kendrick Lamar - tv off (Official Audio),Kendrick Lamar,You know it’s funny i love Kendrick but this is not a very good beat,0
Kendrick Lamar,Boom bap / Lyric,U8F5G5wR1mk,Kendrick Lamar - tv off (Official Audio),Kendrick Lamar,"Guy:want some ketchup?

Kendrick: MUSTARRRRRRRRDDDDDDDDDDDD",2
Kendrick Lamar,Boom bap / Lyric,U8F5G5wR1mk,Kendrick Lamar - tv off (Official Audio),Kendrick Lamar,Haven’t listened in months and still bangs,7
Kendrick Lamar,Boom bap / Lyric,U8F5G5wR1mk,Kendrick Lamar - tv off (Official Audio),Kendrick Lamar,ITS NOT ENOUGH!!!!!,1
Kendrick Lamar,Boom bap / Lyric,U8F5G5wR1mk,Kendrick Lamar - tv off (Official Audio),Kendrick Lamar,came here from the pyramids whip shorts,0
Kendrick Lamar,Boom bap / Lyric,U8F5G5wR1mk,Kendrick Lamar - tv off (Official Audio),Kendrick Lamar,Had to come back seeing people not mess wit drakes new songs and was turning up to tv off instead lol,2
Kendrick Lamar,Boom bap / Lyric,U8F5G5wR1mk,Kendrick Lamar - tv off (Official Audio),Kendrick Lamar,Better than drake,2
Kendrick Lamar,Boom bap / Lyric,U8F5G5wR1mk,Kendrick Lamar - tv off (Official Audio),Kendrick Lamar,we watch captains game,1
Kendrick Lamar,Boom bap / Lyric,U8F5G5wR1mk,Kendrick Lamar - tv off (Official Audio),Kendrick Lamar,U ate that plus it’s mine dance song 😎,1
Kendrick Lamar,Boom bap / Lyric,U8F5G5wR1mk,Kendrick Lamar - tv off (Official Audio),Kendrick Lamar,Drake is the worst,3
Kendrick Lamar,Boom bap / Lyric,U8F5G5wR1mk,Kendrick Lamar - tv off (Official Audio),Kendrick Lamar,K,1
Kendrick Lamar,Boom bap / Lyric,U8F5G5wR1mk,Kendrick Lamar - tv off (Official Audio),Kendrick Lamar,Featuring E.A.G.l.E.S. Eagles.Represent Boi,2
Kendrick Lamar,Boom bap / Lyric,U8F5G5wR1mk,Kendrick Lamar - tv off (Official Audio),Kendrick Lamar,victory dance aahh song,3
Kendrick Lamar,Boom bap / Lyric,U8F5G5wR1mk,Kendrick Lamar - tv off (Official Audio),Kendrick Lamar,You with the kids but I don't want to,2
Kendrick Lamar,Boom bap / Lyric,U8F5G5wR1mk,Kendrick Lamar - tv off (Official Audio),Kendrick Lamar,#knicks,2
Kendrick Lamar,Boom bap / Lyric,U8F5G5wR1mk,Kendrick Lamar - tv off (Official Audio),Kendrick Lamar,"MUSTARD on the beat shabang. All of my opps, they dead",1
Kendrick Lamar,Boom bap / Lyric,U8F5G5wR1mk,Kendrick Lamar - tv off (Official Audio),Kendrick Lamar,Pio,0
Kendrick Lamar,Boom bap / Lyric,U8F5G5wR1mk,Kendrick Lamar - tv off (Official Audio),Kendrick Lamar,People listen to this. Deevolution,0
Kendrick Lamar,Boom bap / Lyric,U8F5G5wR1mk,Kendrick Lamar - tv off (Official Audio),Kendrick Lamar,Jesus Saves Gangsterz Too 🤟💯🔥😱😎💀,0
Kendrick Lamar,Boom bap / Lyric,U8F5G5wR1mk,Kendrick Lamar - tv off (Official Audio),Kendrick Lamar,"##WHERE'S THE ""BEEF""!!!!!!!!!❤❤❤❤❤❤❤(Q&A)",1
Kendrick Lamar,Boom bap / Lyric,U8F5G5wR1mk,Kendrick Lamar - tv off (Official Audio),Kendrick Lamar,That MUSTARDDDDDDDDDDDDDDDDDDDDDDDDD will be written in the history books….,2
Kendrick Lamar,Boom bap / Lyric,U8F5G5wR1mk,Kendrick Lamar - tv off (Official Audio),Kendrick Lamar,2:05,0
Kendrick Lamar,Boom bap / Lyric,U8F5G5wR1mk,Kendrick Lamar - tv off (Official Audio),Kendrick Lamar,that one MUSTARDDDDDDDD is better than almost whole drake discography,1
Kendrick Lamar,Boom bap / Lyric,U8F5G5wR1mk,Kendrick Lamar - tv off (Official Audio),Kendrick Lamar,"""Hey,heey. 👀. Mustaaaaaaaaaaaaaaaard!!! 🗣🗣🗣😤😤😤",0
Kendrick Lamar,Boom bap / Lyric,U8F5G5wR1mk,Kendrick Lamar - tv off (Official Audio),Kendrick Lamar,Mustered,0
Kendrick Lamar,Boom bap / Lyric,U8F5G5wR1mk,Kendrick Lamar - tv off (Official Audio),Kendrick Lamar,GARBAGE,1
Kendrick Lamar,Boom bap / Lyric,U8F5G5wR1mk,Kendrick Lamar - tv off (Official Audio),Kendrick Lamar,2:21 2:22 2:22 2:22 2:22 2:22 2:23 2:23 2:23 2:23 2:23 2:23 2:24,0
Kendrick Lamar,Boom bap / Lyric,U8F5G5wR1mk,Kendrick Lamar - tv off (Official Audio),Kendrick Lamar,Matsddssxxx,0
Kendrick Lamar,Boom bap / Lyric,U8F5G5wR1mk,Kendrick Lamar - tv off (Official Audio),Kendrick Lamar,Mustard,0
Kendrick Lamar,Boom bap / Lyric,U8F5G5wR1mk,Kendrick Lamar - tv off (Official Audio),Kendrick Lamar,International sweet daze,1
Kendrick Lamar,Boom bap / Lyric,U8F5G5wR1mk,Kendrick Lamar - tv off (Official Audio),Kendrick Lamar,Musterrrrrrrrrrrrrdddddddddddd!!!!!!!!!!!!!!!!!!!!!!!,0
Kendrick Lamar,Boom bap / Lyric,U8F5G5wR1mk,Kendrick Lamar - tv off (Official Audio),Kendrick Lamar,juicwrld,1
Kendrick Lamar,Boom bap / Lyric,U8F5G5wR1mk,Kendrick Lamar - tv off (Official Audio),Kendrick Lamar,Tell kendrick to clip it,0
Kendrick Lamar,Boom bap / Lyric,U8F5G5wR1mk,Kendrick Lamar - tv off (Official Audio),Kendrick Lamar,I was trying to sleep bit the beat drops,0
Kendrick Lamar,Boom bap / Lyric,U8F5G5wR1mk,Kendrick Lamar - tv off (Official Audio),Kendrick Lamar,"That lil ""ay"" in the adlibs",0
Kendrick Lamar,Boom bap / Lyric,U8F5G5wR1mk,Kendrick Lamar - tv off (Official Audio),Kendrick Lamar,Kendrick release another album so He can hibernate since He the iceman  😂,1
Kendrick Lamar,Boom bap / Lyric,U8F5G5wR1mk,Kendrick Lamar - tv off (Official Audio),Kendrick Lamar,"No wonder you got punched at Canada Day. Canada never allows bullying against Rohit. Dont ever call him ""TV"". you know their Gopi Nijjar, Rick Ross, fled.",0
Kendrick Lamar,Boom bap / Lyric,U8F5G5wR1mk,Kendrick Lamar - tv off (Official Audio),Kendrick Lamar,Ok damn I'll turn the tv off,0
Kendrick Lamar,Boom bap / Lyric,U8F5G5wR1mk,Kendrick Lamar - tv off (Official Audio),Kendrick Lamar,Mustard,1
Kendrick Lamar,Boom bap / Lyric,U8F5G5wR1mk,Kendrick Lamar - tv off (Official Audio),Kendrick Lamar,Musssstaaaaaartrrraddd i spelt it wrong,2
Kendrick Lamar,Boom bap / Lyric,U8F5G5wR1mk,Kendrick Lamar - tv off (Official Audio),Kendrick Lamar,2026 🔥🔥🔥🔥🔥🔥🔥,0
Kendrick Lamar,Boom bap / Lyric,U8F5G5wR1mk,Kendrick Lamar - tv off (Official Audio),Kendrick Lamar,Man that is totally ti,0
Kendrick Lamar,Boom bap / Lyric,U8F5G5wR1mk,Kendrick Lamar - tv off (Official Audio),Kendrick Lamar,3 drake albums 3 airballs 1 Kendrick album 1 swish,3
Kendrick Lamar,Boom bap / Lyric,U8F5G5wR1mk,Kendrick Lamar - tv off (Official Audio),Kendrick Lamar,Big Idiot for not making a video to this track but made a video for Squabble Up?😴😂🤣,1
Kendrick Lamar,Boom bap / Lyric,U8F5G5wR1mk,Kendrick Lamar - tv off (Official Audio),Kendrick Lamar,MUSTAAAARRRRRRRDDDDDDDDDD,1
Kendrick Lamar,Boom bap / Lyric,U8F5G5wR1mk,Kendrick Lamar - tv off (Official Audio),Kendrick Lamar,Turn this tv off!,1
Kendrick Lamar,Boom bap / Lyric,U8F5G5wR1mk,Kendrick Lamar - tv off (Official Audio),Kendrick Lamar,Give 'em what they ask for,1
Kendrick Lamar,Boom bap / Lyric,U8F5G5wR1mk,Kendrick Lamar - tv off (Official Audio),Kendrick Lamar,"3:2""ahh bro😭🙏",0
Kendrick Lamar,Boom bap / Lyric,U8F5G5wR1mk,Kendrick Lamar - tv off (Official Audio),Kendrick Lamar,1:13 1:13 1:13 1:13 1:13 1:13 1:13 1:13 1:13 1:13 1:13 1:13 1:13 1:13,0
Kendrick Lamar,Boom bap / Lyric,U8F5G5wR1mk,Kendrick Lamar - tv off (Official Audio),Kendrick Lamar,hi 1:13,0
Kendrick Lamar,Boom bap / Lyric,U8F5G5wR1mk,Kendrick Lamar - tv off (Official Audio),Kendrick Lamar,Cole is good : Kendrick lamar. It's not enough,2
Kendrick Lamar,Boom bap / Lyric,U8F5G5wR1mk,Kendrick Lamar - tv off (Official Audio),Kendrick Lamar,Mustard Is Back!!!!,5
Kendrick Lamar,Boom bap / Lyric,U8F5G5wR1mk,Kendrick Lamar - tv off (Official Audio),Kendrick Lamar,"Friday June 5th, 2026 and still 🔥🔥🔥 🔥🔥!",8
Kendrick Lamar,Boom bap / Lyric,U8F5G5wR1mk,Kendrick Lamar - tv off (Official Audio),Kendrick Lamar,"""With a bone to pick like I was seabass"" I forgot how dirty this track is🎉🎉😮",2
Kendrick Lamar,Boom bap / Lyric,U8F5G5wR1mk,Kendrick Lamar - tv off (Official Audio),Kendrick Lamar,HE WANTS MUSTARD,0
Kendrick Lamar,Boom bap / Lyric,U8F5G5wR1mk,Kendrick Lamar - tv off (Official Audio),Kendrick Lamar,Mustaaaaaaaaaaaaaaaaaaaaaaaaaaaaaaaaaaaaaaaaaaaaaaaaaaaaaaaaaaaaaaaaaaaaaaaaaaaaaaaaaaaaaaaaaaaaaaaaaaaaaaaaaaaaaaaaaaaaaaard,3
Kendrick Lamar,Boom bap / Lyric,U8F5G5wR1mk,Kendrick Lamar - tv off (Official Audio),Kendrick Lamar,not enough,0
Kendrick Lamar,Boom bap / Lyric,U8F5G5wR1mk,Kendrick Lamar - tv off (Official Audio),Kendrick Lamar,June 2026 anyone 🥰🥰🥰,0
Kendrick Lamar,Boom bap / Lyric,U8F5G5wR1mk,Kendrick Lamar - tv off (Official Audio),Kendrick Lamar,"Who's here after the mustard yell?
Like=yes",3
Kendrick Lamar,Boom bap / Lyric,U8F5G5wR1mk,Kendrick Lamar - tv off (Official Audio),Kendrick Lamar,1:16 trippen on my dog :🥀🥀🐕🐕,0
Kendrick Lamar,Boom bap / Lyric,U8F5G5wR1mk,Kendrick Lamar - tv off (Official Audio),Kendrick Lamar,Poop on a man baby don’t fart off a band baby,0
Kendrick Lamar,Boom bap / Lyric,U8F5G5wR1mk,Kendrick Lamar - tv off (Official Audio),Kendrick Lamar,Anyone seeing this on a crisp june month,1
Kendrick Lamar,Boom bap / Lyric,U8F5G5wR1mk,Kendrick Lamar - tv off (Official Audio),Kendrick Lamar,2:33,0
Kendrick Lamar,Boom bap / Lyric,U8F5G5wR1mk,Kendrick Lamar - tv off (Official Audio),Kendrick Lamar,is the tv off?,2
Kendrick Lamar,Boom bap / Lyric,U8F5G5wR1mk,Kendrick Lamar - tv off (Official Audio),Kendrick Lamar,you stink,0
Kendrick Lamar,Boom bap / Lyric,U8F5G5wR1mk,Kendrick Lamar - tv off (Official Audio),Kendrick Lamar,Give em what they ask for 🔥 still here in 2026,1
Kendrick Lamar,Boom bap / Lyric,U8F5G5wR1mk,Kendrick Lamar - tv off (Official Audio),Kendrick Lamar,Tru story 😅😮,0
Kendrick Lamar,Boom bap / Lyric,U8F5G5wR1mk,Kendrick Lamar - tv off (Official Audio),Kendrick Lamar,This song is so ass how did this win a grammy but astroworld didnt?,1
Kendrick Lamar,Boom bap / Lyric,U8F5G5wR1mk,Kendrick Lamar - tv off (Official Audio),Kendrick Lamar,"Come to Tuna Wharf see what I did here @_cygnet - 

GOD PARTICLE - SUPERPOSITION 

- 🟦 🟨 🟥 -",1
Kendrick Lamar,Boom bap / Lyric,U8F5G5wR1mk,Kendrick Lamar - tv off (Official Audio),Kendrick Lamar,i hope he gets his black grand national,0
Kendrick Lamar,Boom bap / Lyric,U8F5G5wR1mk,Kendrick Lamar - tv off (Official Audio),Kendrick Lamar,Sesini soluğunu sikeyim❤,0
Kendrick Lamar,Boom bap / Lyric,U8F5G5wR1mk,Kendrick Lamar - tv off (Official Audio),Kendrick Lamar,😭,1
Kendrick Lamar,Boom bap / Lyric,U8F5G5wR1mk,Kendrick Lamar - tv off (Official Audio),Kendrick Lamar,"Mustard, mustard, mustard, mustard, mustard, mustard, mustard, mustard",1
Kendrick Lamar,Boom bap / Lyric,U8F5G5wR1mk,Kendrick Lamar - tv off (Official Audio),Kendrick Lamar,😂,0
Kendrick Lamar,Boom bap / Lyric,U8F5G5wR1mk,Kendrick Lamar - tv off (Official Audio),Kendrick Lamar,This beat goes hard,2
Kendrick Lamar,Boom bap / Lyric,U8F5G5wR1mk,Kendrick Lamar - tv off (Official Audio),Kendrick Lamar,Musterrrrr,1
Kendrick Lamar,Boom bap / Lyric,U8F5G5wR1mk,Kendrick Lamar - tv off (Official Audio),Kendrick Lamar,Anyone still watching this comment down below,0
Kendrick Lamar,Boom bap / Lyric,U8F5G5wR1mk,Kendrick Lamar - tv off (Official Audio),Kendrick Lamar,Any one still here,1
Kendrick Lamar,Boom bap / Lyric,U8F5G5wR1mk,Kendrick Lamar - tv off (Official Audio),Kendrick Lamar,Leo101 Babeeeeeeee ❤❤❤❤,0
Kendrick Lamar,Boom bap / Lyric,U8F5G5wR1mk,Kendrick Lamar - tv off (Official Audio),Kendrick Lamar,Inshallah YAALLAH #itsasmallworld,0
Kendrick Lamar,Boom bap / Lyric,U8F5G5wR1mk,Kendrick Lamar - tv off (Official Audio),Kendrick Lamar,Repeat repeat ride proud,0
Kendrick Lamar,Boom bap / Lyric,U8F5G5wR1mk,Kendrick Lamar - tv off (Official Audio),Kendrick Lamar,"The fact that these clowns got a Grammy off of this garbage shows the state of the world, people will listen to anything and say it's great, more power to them. This is trash in my opinion",4
Kendrick Lamar,Boom bap / Lyric,U8F5G5wR1mk,Kendrick Lamar - tv off (Official Audio),Kendrick Lamar,❤❤,0
Kendrick Lamar,Boom bap / Lyric,U8F5G5wR1mk,Kendrick Lamar - tv off (Official Audio),Kendrick Lamar,Aaaaaa,0
Kendrick Lamar,Boom bap / Lyric,U8F5G5wR1mk,Kendrick Lamar - tv off (Official Audio),Kendrick Lamar,Aaaaaaaa,0
Kendrick Lamar,Boom bap / Lyric,U8F5G5wR1mk,Kendrick Lamar - tv off (Official Audio),Kendrick Lamar,WEST 🌴🎯👈🏾💪🏾💪🏾💪🏾💪🏾💪🏾💪🏾💪🏾💪🏾💪🏾💪🏾💪🏾🅱️💯,1
Kendrick Lamar,Boom bap / Lyric,U8F5G5wR1mk,Kendrick Lamar - tv off (Official Audio),Kendrick Lamar,The song sucks ass,2
Kendrick Lamar,Boom bap / Lyric,U8F5G5wR1mk,Kendrick Lamar - tv off (Official Audio),Kendrick Lamar,gnx is my fav album yet,1
Kendrick Lamar,Boom bap / Lyric,U8F5G5wR1mk,Kendrick Lamar - tv off (Official Audio),Kendrick Lamar,GO SPURS GO,1
Kendrick Lamar,Boom bap / Lyric,U8F5G5wR1mk,Kendrick Lamar - tv off (Official Audio),Kendrick Lamar,Mustardddeddddddddddddddddddddddddddddddfddddddddd,0
Kendrick Lamar,Boom bap / Lyric,U8F5G5wR1mk,Kendrick Lamar - tv off (Official Audio),Kendrick Lamar,I only come here to hear mustaaaaaaaaaard,0
Kendrick Lamar,Boom bap / Lyric,U8F5G5wR1mk,Kendrick Lamar - tv off (Official Audio),Kendrick Lamar,Kendrick been doing this since Monster Freestyle in 2010. Thank me later,0
Kendrick Lamar,Boom bap / Lyric,U8F5G5wR1mk,Kendrick Lamar - tv off (Official Audio),Kendrick Lamar,0:19 0:19 0:19  TV OFF 0:24 0:24 0:24 0:24,0
Kendrick Lamar,Boom bap / Lyric,U8F5G5wR1mk,Kendrick Lamar - tv off (Official Audio),Kendrick Lamar,Bro who is drake at this point pass the ketchup and where is mustard,0
Kendrick Lamar,Boom bap / Lyric,U8F5G5wR1mk,Kendrick Lamar - tv off (Official Audio),Kendrick Lamar,"[Part I]

[Intro: Kendrick Lamar]
All I ever wanted was a black Grand National
Fuck being rational, give 'em what they ask for

[Chorus: Kendrick Lamar]
It's not enough (Ayy)
Few solid niggas left, but it's not enough
Few bitches that'll really step, but it's not enough
Say you bigger than myself, but it's not enough (Huh)
I get on they ass, yeah, somebody gotta do it
I'll make them niggas mad, yeah, somebody gotta do it
I'll take the G pass, shit, watch a nigga do it
Huh, we survived outside, all from the music, nigga, what?
[Verse 1: Kendrick Lamar]
They like, ""What he on?""
It's the alpha and omega, bitch, welcome home
This is not a song
This a revеlation, how to get a nigga gone
You need you a man, baby, I don't understand, baby
Pay your bill and makе you feel protected like I can, baby
Teach you somethin' if you need correction, that's the plan, baby
Don't put your life in these weird niggas' hands, baby (Woah)

[Chorus: Kendrick Lamar]
It's not enough (Ayy)
Few solid niggas left, but it's not enough
Few bitches that'll really step, but it's not enough
Say you bigger than myself, but it's not enough (Huh)
I get on they ass, yeah, somebody gotta do it
I'll make them niggas mad, yeah, somebody gotta do it
I'll take the G pass, shit, watch a nigga do it
Huh, we survived outside, all from the music, nigga, what?

[Verse 2: Kendrick Lamar]
Hey, turn his TV off
Ain't with my type activities? Then don't you get involved
Hey, what, huh, how many should I send? Send 'em all
Take a risk or take a trip, you know I'm trippin' for my dog
Who you with? Couple sergeants and lieutenants for the get back
This revolution been televised, I fell through with the knick-knacks
Hey, young nigga, get your chili up, yeah, I meant that
Hey, black out if they act out, yeah, I did that
Hey, what's up, though?
I hate a bitch that's hatin' on a bitch and they both hoes
I hate a nigga hatin' on them niggas and they both broke
If you ain't coming for no chili, what you come for?
Nigga feel like he entitled 'cause he knew me since a kid
Bitch, I cut my granny off if she don't see it how I see it, hm
Got a big mouth but he lack big ideas
Send him to the moon, that's just how I feel, yellin'

[Chorus: Kendrick Lamar]
It's not enough (Ayy)
Few solid niggas left, but it's not enough
Few bitches that'll really step, but it's not enough
Say you bigger than myself, but it's not enough

[Part II]

[Intro: Kendrick Lamar]
Huh
Huh, huh
Hey
Hey (Mustard on the beat, ho)

[Chorus: Kendrick Lamar]
Mustard
Niggas actin' bad, but somebody gotta do it
Got my foot up on the gas, but somebody gotta do it
Huh, turn his TV off, turn his TV off
Huh, turn his TV off, turn his TV off
Huh, turn his TV off, turn his TV off
Huh, turn his TV off, turn his TV off

[Verse: Kendrick Lamar]
Ain't no other king in this rap thing, they siblings
Nothing but my children, one shot, they disappearin'
I'm in the city where the flag be gettin' thrown like it was pass interference
Padlock around the building
Crash, pullin' up in unmarked truck just to play freeze tag
With a bone to pick like it was sea bass
So when I made it out, I made about 50K from a show
Tryna show niggas the ropes before they hung from a rope
I'm prophetic, they only talk about it how I get it
Only good for saving face, seen the cosmetics
How many heads I gotta take to level my aesthetics?
Hurry up and get your muscle up, we out the plyometric
Nigga ran up out of luck soon as I upped the highest metric
The city just made it sweet, you could die, I bet it
They mouth get full of deceit, let these cowards tell it
Walk in New Orleans with the etiquette of LA, yellin'

[Chorus: Kendrick Lamar]
Mustard (Ah, man)
Niggas actin' bad, but somebody gotta do it
Got my foot up on the gas, but somebody gotta do it
Huh, turn his TV off, turn his TV off
Huh, turn his TV off, turn his TV off
Huh, turn his TV off, turn his TV off
Huh, turn his TV off, turn his TV off

[Outro: Lefty Gunplay]
Shit gets crazy, scary, spooky, hilarious
Crazy, scary, spooky, hilarious
Shit gets crazy, scary, spooky, hilarious
Crazy, scary, spooky, hilarious
Shit gets crazy, scary, spooky, hilarious
Crazy, scary, spooky, hilarious
Shit gets crazy, scary, spooky, hilarious
Crazy, scary, spooky, hilarious",0
Kendrick Lamar,Boom bap / Lyric,U8F5G5wR1mk,Kendrick Lamar - tv off (Official Audio),Kendrick Lamar,"Its Crazy , scarry, spooky ,hilarious!!!",0
Kendrick Lamar,Boom bap / Lyric,U8F5G5wR1mk,Kendrick Lamar - tv off (Official Audio),Kendrick Lamar,dre said that kendrick lamar is a forever artist. Forever what? you gotta be a low life low intelligence Gen z to even barely understand what he's talking about Garbage can music. If Tupac and biggie were alive today Ninety percent of rappers would be working at McDonald's and best buy😂😂😂😂,1
Kendrick Lamar,Boom bap / Lyric,U8F5G5wR1mk,Kendrick Lamar - tv off (Official Audio),Kendrick Lamar,Dude this is a goofy song stupidest  goofy song  I've ever heard man a couple lines good  but y'all can have this corny stuff,0
Kendrick Lamar,Boom bap / Lyric,U8F5G5wR1mk,Kendrick Lamar - tv off (Official Audio),Kendrick Lamar,KL like AB,1
Kendrick Lamar,Boom bap / Lyric,U8F5G5wR1mk,Kendrick Lamar - tv off (Official Audio),Kendrick Lamar,Mustard on beat —,0
Kendrick Lamar,Boom bap / Lyric,U8F5G5wR1mk,Kendrick Lamar - tv off (Official Audio),Kendrick Lamar,It’s the Buick gnx in the background there’s 2 in the world,0
Kendrick Lamar,Boom bap / Lyric,U8F5G5wR1mk,Kendrick Lamar - tv off (Official Audio),Kendrick Lamar,"I use a combination of flavors that just feel right:
Color: Blueberry (calm color, also one of my favorite colors. Purple would be the one I chose if it was my preferred purple color. Same goes for green. I like darker or deeper colors, but not black.)
Idle: Coal (or truffle, Idk. Also feels the most ""fighter stance""-ish one, which fits when you mainly see it while avoiding enemy attacks.)
Thinking: Blueberry (just perfect.)
Victory: Grape (it's like I'm saying ""ta-da!"" after winning, which is funny because it's like I'm performing in front of an audience.)
Faint: Orange (feels the most dramatic. I also have a floating balloon accessory, so falling onto the ground makes it look like it popped to add more insult to injury.)",0
Kendrick Lamar,Boom bap / Lyric,U8F5G5wR1mk,Kendrick Lamar - tv off (Official Audio),Kendrick Lamar,With one song he proves he's better than Trashman 👀,0
Kendrick Lamar,Boom bap / Lyric,U8F5G5wR1mk,Kendrick Lamar - tv off (Official Audio),Kendrick Lamar,I just found out that line “ain’t other kings in this thing they’re siblings” was a Biggie line…history is crazy nice,0
Kendrick Lamar,Boom bap / Lyric,U8F5G5wR1mk,Kendrick Lamar - tv off (Official Audio),Kendrick Lamar,❤️‍🔥❤️‍🔥❤️‍🔥❤️‍🔥❤️‍🔥❤️‍🔥❤️‍🔥❤️‍🔥❤️‍🔥❤️‍🔥❤️‍🔥❤️‍🔥❤️‍🔥❤️‍🔥❤️‍🔥💯💯💯💯💯💯💯💯💯💯💯💯💯💯🖤🖤🖤🖤🖤🖤🖤🖤🖤🖤🖤🖤🖤🖤,1
Kendrick Lamar,Boom bap / Lyric,U8F5G5wR1mk,Kendrick Lamar - tv off (Official Audio),Kendrick Lamar,MUSTAAAAAARD 🗣️🗣️🗣️,3
Kendrick Lamar,Boom bap / Lyric,U8F5G5wR1mk,Kendrick Lamar - tv off (Official Audio),Kendrick Lamar,"Mary J asked for ""real love"".
She just got shoes.
No profit from those ""Mary Janes"".
She sings the blues.
Everyone walking in them.
They do not fit.
If they said that I did it?
She would want me to quit.
How would you feel?
Your name upon them?
A teenager would gather friends.
""Firing Squadron"".
I don't blame anyone.
Not mad at anger.
Just wish you would have verified.
Before attacking a stranger.
PATRICIA A. MANIACI/AMERICA RACINE/BLOCK",0
Kendrick Lamar,Boom bap / Lyric,U8F5G5wR1mk,Kendrick Lamar - tv off (Official Audio),Kendrick Lamar,"2:05  Kendrick really didnt like that beat switch, huh?",2
Kendrick Lamar,Boom bap / Lyric,U8F5G5wR1mk,Kendrick Lamar - tv off (Official Audio),Kendrick Lamar,Mustard.,2
Kendrick Lamar,Boom bap / Lyric,U8F5G5wR1mk,Kendrick Lamar - tv off (Official Audio),Kendrick Lamar,Me in Forza 6,0
Kendrick Lamar,Boom bap / Lyric,U8F5G5wR1mk,Kendrick Lamar - tv off (Official Audio),Kendrick Lamar,Panda like,1
Kendrick Lamar,Boom bap / Lyric,U8F5G5wR1mk,Kendrick Lamar - tv off (Official Audio),Kendrick Lamar,Anyone on 2026 ??,1
Kendrick Lamar,Boom bap / Lyric,U8F5G5wR1mk,Kendrick Lamar - tv off (Official Audio),Kendrick Lamar,ETSUUUUUUUUUUUUUU,0
Kendrick Lamar,Boom bap / Lyric,U8F5G5wR1mk,Kendrick Lamar - tv off (Official Audio),Kendrick Lamar,2:05🫨,1
Kendrick Lamar,Boom bap / Lyric,U8F5G5wR1mk,Kendrick Lamar - tv off (Official Audio),Kendrick Lamar,2:05 MUSTARD DDDDDDDDDDDD! 1! 1! 1! 1! 1! 1111111!!!!!!!!!!!!,1
Kendrick Lamar,Boom bap / Lyric,U8F5G5wR1mk,Kendrick Lamar - tv off (Official Audio),Kendrick Lamar,3 albums too late drake come back in 3 years sir🤷🏾‍♀️…..,3
Kendrick Lamar,Boom bap / Lyric,U8F5G5wR1mk,Kendrick Lamar - tv off (Official Audio),Kendrick Lamar,"Listened to drake , came here to clean my ears next stop is at Eminem's y'all",2
Kendrick Lamar,Boom bap / Lyric,U8F5G5wR1mk,Kendrick Lamar - tv off (Official Audio),Kendrick Lamar,"I am not playing this shit , I paused the music just to tell yall Drake is about to make yall cry assholes",3
Kendrick Lamar,Boom bap / Lyric,U8F5G5wR1mk,Kendrick Lamar - tv off (Official Audio),Kendrick Lamar,May 2026! And its still not enough!,0
Kendrick Lamar,Boom bap / Lyric,U8F5G5wR1mk,Kendrick Lamar - tv off (Official Audio),Kendrick Lamar,MID MID MID SKIP SKIP 🗣️,5
Kendrick Lamar,Boom bap / Lyric,U8F5G5wR1mk,Kendrick Lamar - tv off (Official Audio),Kendrick Lamar,Few new albums but ITS NOT ENOUGH,2
Kendrick Lamar,Boom bap / Lyric,U8F5G5wR1mk,Kendrick Lamar - tv off (Official Audio),Kendrick Lamar,MUSTARDDDDDDD that crazy 😂,0
Kendrick Lamar,Boom bap / Lyric,U8F5G5wR1mk,Kendrick Lamar - tv off (Official Audio),Kendrick Lamar,"""Stro turn his TV off"" nemesis🔥💀.",0
Kendrick Lamar,Boom bap / Lyric,U8F5G5wR1mk,Kendrick Lamar - tv off (Official Audio),Kendrick Lamar,Ice man is not enough drake🤣🤣,3
Kendrick Lamar,Boom bap / Lyric,U8F5G5wR1mk,Kendrick Lamar - tv off (Official Audio),Kendrick Lamar,Ya'll canceled Drake & All we got is this shizz,1
Kendrick Lamar,Boom bap / Lyric,U8F5G5wR1mk,Kendrick Lamar - tv off (Official Audio),Kendrick Lamar,Perfect,0
Kendrick Lamar,Boom bap / Lyric,U8F5G5wR1mk,Kendrick Lamar - tv off (Official Audio),Kendrick Lamar,"Mustard, mustard, mustard",1
Kendrick Lamar,Boom bap / Lyric,U8F5G5wR1mk,Kendrick Lamar - tv off (Official Audio),Kendrick Lamar,I love Kendrick lol Lamar❤❤,2
Kendrick Lamar,Boom bap / Lyric,U8F5G5wR1mk,Kendrick Lamar - tv off (Official Audio),Kendrick Lamar,💛💛💛💛💛💛💛💛💛💛💛💛💛💛💛💛💛💛💛💛,0
Kendrick Lamar,Boom bap / Lyric,U8F5G5wR1mk,Kendrick Lamar - tv off (Official Audio),Kendrick Lamar,I love this song,1
Kendrick Lamar,Boom bap / Lyric,U8F5G5wR1mk,Kendrick Lamar - tv off (Official Audio),Kendrick Lamar,The last of us part 1,0
Kendrick Lamar,Boom bap / Lyric,U8F5G5wR1mk,Kendrick Lamar - tv off (Official Audio),Kendrick Lamar,Fkin lighter,0
Kendrick Lamar,Boom bap / Lyric,U8F5G5wR1mk,Kendrick Lamar - tv off (Official Audio),Kendrick Lamar,Wtf,0
Kendrick Lamar,Boom bap / Lyric,U8F5G5wR1mk,Kendrick Lamar - tv off (Official Audio),Kendrick Lamar,"To quote Eminem in Killshot, Kendricks biggest flops are better than Drakes greatest hits.",2
Kendrick Lamar,Boom bap / Lyric,U8F5G5wR1mk,Kendrick Lamar - tv off (Official Audio),Kendrick Lamar,Sucks to be you drake,1
Kendrick Lamar,Boom bap / Lyric,U8F5G5wR1mk,Kendrick Lamar - tv off (Official Audio),Kendrick Lamar,This channel is where broke people that make fun of foreign biracial people come to hear music,1
Kendrick Lamar,Boom bap / Lyric,U8F5G5wR1mk,Kendrick Lamar - tv off (Official Audio),Kendrick Lamar,Yes,1
Kendrick Lamar,Boom bap / Lyric,U8F5G5wR1mk,Kendrick Lamar - tv off (Official Audio),Kendrick Lamar,"TB OFF? Wait no, this is the original",0
Kendrick Lamar,Boom bap / Lyric,U8F5G5wR1mk,Kendrick Lamar - tv off (Official Audio),Kendrick Lamar,"2:04 ""mustaaaaaaaaaaaaaaaaaaaaaaaaaaard""",0
Kendrick Lamar,Boom bap / Lyric,U8F5G5wR1mk,Kendrick Lamar - tv off (Official Audio),Kendrick Lamar,Drake still better go argue wit ya mama,0
Kendrick Lamar,Boom bap / Lyric,U8F5G5wR1mk,Kendrick Lamar - tv off (Official Audio),Kendrick Lamar,Mastarddddddddddddddd,1
Kendrick Lamar,Boom bap / Lyric,U8F5G5wR1mk,Kendrick Lamar - tv off (Official Audio),Kendrick Lamar,W song Kendrick and nice performance in the Superbowl and the mastarddddddddddddddd got me excited,3
Kendrick Lamar,Boom bap / Lyric,U8F5G5wR1mk,Kendrick Lamar - tv off (Official Audio),Kendrick Lamar,Mustaaaaaaaaaaaaaard 😂,2
Kendrick Lamar,Boom bap / Lyric,U8F5G5wR1mk,Kendrick Lamar - tv off (Official Audio),Kendrick Lamar,Sorry drake but this hit is more valuable than Ur three albums dude,7
Kendrick Lamar,Boom bap / Lyric,U8F5G5wR1mk,Kendrick Lamar - tv off (Official Audio),Kendrick Lamar,"I love kendrick Cole and Drake.
That’s called being nuanced. I had to revisit this because the hate doesn’t quite make sense. 😂 people are  living in the moment. This album was fire 🔥 if you can grasp it. This is in my forever playlist, can’t wait for the next Kendrick album! 😏😏😏",1
Kendrick Lamar,Boom bap / Lyric,U8F5G5wR1mk,Kendrick Lamar - tv off (Official Audio),Kendrick Lamar,Drake is the best rapper bro literally have 3 albums,0
Kendrick Lamar,Boom bap / Lyric,U8F5G5wR1mk,Kendrick Lamar - tv off (Official Audio),Kendrick Lamar,👁️❤❤❤👌🏼,0
Kendrick Lamar,Boom bap / Lyric,U8F5G5wR1mk,Kendrick Lamar - tv off (Official Audio),Kendrick Lamar,he is the best legend of hip hop and sza❤❤❤❤❤,4
Kendrick Lamar,Boom bap / Lyric,U8F5G5wR1mk,Kendrick Lamar - tv off (Official Audio),Kendrick Lamar,Iceman fans must understand Kendrick is the goat 🐐,4
Kendrick Lamar,Boom bap / Lyric,U8F5G5wR1mk,Kendrick Lamar - tv off (Official Audio),Kendrick Lamar,Drake ICEMAN It’s NOT ENOUGH 😂,4
Kendrick Lamar,Boom bap / Lyric,U8F5G5wR1mk,Kendrick Lamar - tv off (Official Audio),Kendrick Lamar,Jason Lamar brown,0
Kendrick Lamar,Boom bap / Lyric,U8F5G5wR1mk,Kendrick Lamar - tv off (Official Audio),Kendrick Lamar,Few Albums in a day but it's not enough,0
Kendrick Lamar,Boom bap / Lyric,U8F5G5wR1mk,Kendrick Lamar - tv off (Official Audio),Kendrick Lamar,This shit is so much fucking better than drake like no fuckin contest❤️❤️🔥🔥🔥🔥🔥🔥🔥,2
Kendrick Lamar,Boom bap / Lyric,U8F5G5wR1mk,Kendrick Lamar - tv off (Official Audio),Kendrick Lamar,Where you at Kendrick? Drake needs to dissappear again!,2
Kendrick Lamar,Boom bap / Lyric,U8F5G5wR1mk,Kendrick Lamar - tv off (Official Audio),Kendrick Lamar,National treasure by Drake is far better than this crap!,0
Kendrick Lamar,Boom bap / Lyric,U8F5G5wR1mk,Kendrick Lamar - tv off (Official Audio),Kendrick Lamar,❤happy early b-day😮🎉,0
Kendrick Lamar,Boom bap / Lyric,U8F5G5wR1mk,Kendrick Lamar - tv off (Official Audio),Kendrick Lamar,✊🏾,0
Kendrick Lamar,Boom bap / Lyric,U8F5G5wR1mk,Kendrick Lamar - tv off (Official Audio),Kendrick Lamar,"Ngl people overhated like this was actually a bop but becuase of the meme, also drake drop 3 albums full of ass like stop whining bruh😂😂 hopefully he gets his ass woopes again",1
Kendrick Lamar,Boom bap / Lyric,U8F5G5wR1mk,Kendrick Lamar - tv off (Official Audio),Kendrick Lamar,BANGER IN 10 secs BEATS ALL OF DRAKES SONGS CMON KENDRICK COOK HIM MORE AYYYYYYY BANGER RIGHT HERE AYEEEE GET SOME REVENGE FOR X DISS HIM FOR COPPYING X’s FLOW COOK THAT B HES SO BAD UR NOT COOKING HIM ENOUGH RIGHT HERE,0
Kendrick Lamar,Boom bap / Lyric,U8F5G5wR1mk,Kendrick Lamar - tv off (Official Audio),Kendrick Lamar,Drake<kendrick<ye,0
Kendrick Lamar,Boom bap / Lyric,U8F5G5wR1mk,Kendrick Lamar - tv off (Official Audio),Kendrick Lamar,I remember when this first came out ts was popular and og,1
Kendrick Lamar,Boom bap / Lyric,U8F5G5wR1mk,Kendrick Lamar - tv off (Official Audio),Kendrick Lamar,Drake could never,8
Kendrick Lamar,Boom bap / Lyric,U8F5G5wR1mk,Kendrick Lamar - tv off (Official Audio),Kendrick Lamar,Iceman but its not enough 😭✌🏾,5
Kendrick Lamar,Boom bap / Lyric,U8F5G5wR1mk,Kendrick Lamar - tv off (Official Audio),Kendrick Lamar,1:55,0
Kendrick Lamar,Boom bap / Lyric,U8F5G5wR1mk,Kendrick Lamar - tv off (Official Audio),Kendrick Lamar,MUSTAAAAAAAAAAAAAAAAAAAAAAAAAARD,1
Kendrick Lamar,Boom bap / Lyric,U8F5G5wR1mk,Kendrick Lamar - tv off (Official Audio),Kendrick Lamar,TV OFF,1
Kendrick Lamar,Boom bap / Lyric,U8F5G5wR1mk,Kendrick Lamar - tv off (Official Audio),Kendrick Lamar,2:04 MUSTAAAAAAAAAAAAAAAARD,0
Kendrick Lamar,Boom bap / Lyric,U8F5G5wR1mk,Kendrick Lamar - tv off (Official Audio),Kendrick Lamar,😂,0
Kendrick Lamar,Boom bap / Lyric,U8F5G5wR1mk,Kendrick Lamar - tv off (Official Audio),Kendrick Lamar,3 albums is not enough,29
Kendrick Lamar,Boom bap / Lyric,U8F5G5wR1mk,Kendrick Lamar - tv off (Official Audio),Kendrick Lamar,"Al I ever wanted is a black grand….. 








Rite the rest of the song❤",2
Kendrick Lamar,Boom bap / Lyric,U8F5G5wR1mk,Kendrick Lamar - tv off (Official Audio),Kendrick Lamar,goated,2
Kendrick Lamar,Boom bap / Lyric,U8F5G5wR1mk,Kendrick Lamar - tv off (Official Audio),Kendrick Lamar,"tv off
Kendrick lamar❎

TB OFF SURPLUES POTATOS
✅ 🗣️🔥🔥🔥",1
Kendrick Lamar,Boom bap / Lyric,U8F5G5wR1mk,Kendrick Lamar - tv off (Official Audio),Kendrick Lamar,Had to revisit this after drake dropped them weak ass albums,4
Kendrick Lamar,Boom bap / Lyric,U8F5G5wR1mk,Kendrick Lamar - tv off (Official Audio),Kendrick Lamar,3 albums on drake ant a enough,2
Kendrick Lamar,Boom bap / Lyric,U8F5G5wR1mk,Kendrick Lamar - tv off (Official Audio),Kendrick Lamar,It’s kind of hilarious and so perfect that Drake dropping just made me think of going back to listen to some Kendrick,3
Kendrick Lamar,Boom bap / Lyric,U8F5G5wR1mk,Kendrick Lamar - tv off (Official Audio),Kendrick Lamar,Any other Song recommendations I should download? Pls help,0
Kendrick Lamar,Boom bap / Lyric,U8F5G5wR1mk,Kendrick Lamar - tv off (Official Audio),Kendrick Lamar,Good,0
Kendrick Lamar,Boom bap / Lyric,U8F5G5wR1mk,Kendrick Lamar - tv off (Official Audio),Kendrick Lamar,🐐,2
Kendrick Lamar,Boom bap / Lyric,U8F5G5wR1mk,Kendrick Lamar - tv off (Official Audio),Kendrick Lamar,Hot saaaaaaaaaaaauce,1
Kendrick Lamar,Boom bap / Lyric,U8F5G5wR1mk,Kendrick Lamar - tv off (Official Audio),Kendrick Lamar,Sumbody Gotta do it 👍🏽💯🥰,1
Kendrick Lamar,Boom bap / Lyric,U8F5G5wR1mk,Kendrick Lamar - tv off (Official Audio),Kendrick Lamar,Kendrick pls DROP THE NEW DISS! Laubrey is asking for it😂,3
Kendrick Lamar,Boom bap / Lyric,U8F5G5wR1mk,Kendrick Lamar - tv off (Official Audio),Kendrick Lamar,IT'S NOT ENOUGH 😂,8
Kendrick Lamar,Boom bap / Lyric,U8F5G5wR1mk,Kendrick Lamar - tv off (Official Audio),Kendrick Lamar,"Now after the big 3 droppee
Fall Off is better than GNX and GNX waaaay better than iceman
I really had curiosity bout the next kdot album",3
Kendrick Lamar,Boom bap / Lyric,U8F5G5wR1mk,Kendrick Lamar - tv off (Official Audio),Kendrick Lamar,Drake its NOT ENOUGH LOL,6
Kendrick Lamar,Boom bap / Lyric,U8F5G5wR1mk,Kendrick Lamar - tv off (Official Audio),Kendrick Lamar,🧊🧊🧊🧊🧊🧊🧊,0
Kendrick Lamar,Boom bap / Lyric,U8F5G5wR1mk,Kendrick Lamar - tv off (Official Audio),Kendrick Lamar,Imagine releasing 3 albums on same day with 36 song all to  losing against to one song,3
Kendrick Lamar,Boom bap / Lyric,U8F5G5wR1mk,Kendrick Lamar - tv off (Official Audio),Kendrick Lamar,Thinking this is my favorite on the album,3
Kendrick Lamar,Boom bap / Lyric,U8F5G5wR1mk,Kendrick Lamar - tv off (Official Audio),Kendrick Lamar,well i guess i am going to turn this tv off lol,0
Kendrick Lamar,Boom bap / Lyric,U8F5G5wR1mk,Kendrick Lamar - tv off (Official Audio),Kendrick Lamar,Drake on top Kendrick bottom,1
Kendrick Lamar,Boom bap / Lyric,U8F5G5wR1mk,Kendrick Lamar - tv off (Official Audio),Kendrick Lamar,Start a slight with from Drake‘s three album turd fecta. Needed to wash that taste out my mouth. Three albums and still ain’t enough,3
Kendrick Lamar,Boom bap / Lyric,U8F5G5wR1mk,Kendrick Lamar - tv off (Official Audio),Kendrick Lamar,We all collectively came back because ICEMAN was straight doggie dookie,6
Kendrick Lamar,Boom bap / Lyric,U8F5G5wR1mk,Kendrick Lamar - tv off (Official Audio),Kendrick Lamar,Came to clean my ears after listening those 3 wack-@ss albums,6
Kendrick Lamar,Boom bap / Lyric,U8F5G5wR1mk,Kendrick Lamar - tv off (Official Audio),Kendrick Lamar,Bruh y'all in here crying about Drake on a KENDRICK LAMAR TRACK 😭,12
Kendrick Lamar,Boom bap / Lyric,U8F5G5wR1mk,Kendrick Lamar - tv off (Official Audio),Kendrick Lamar,I heard all drake songs from the new album ahit was trash had to come back here cus it was not enough,4
Kendrick Lamar,Boom bap / Lyric,U8F5G5wR1mk,Kendrick Lamar - tv off (Official Audio),Kendrick Lamar,Hey hey hey mustaaaaaaaaaaaaaaaaaaaaaaaaaaaaaaaaaaaaaaaaaad,2
Kendrick Lamar,Boom bap / Lyric,U8F5G5wR1mk,Kendrick Lamar - tv off (Official Audio),Kendrick Lamar,3 albums and still not enough,56
Kendrick Lamar,Boom bap / Lyric,U8F5G5wR1mk,Kendrick Lamar - tv off (Official Audio),Kendrick Lamar,Drake dropped 3 albums but it ain’t enough to get on this level😂😂😂,36
Kendrick Lamar,Boom bap / Lyric,U8F5G5wR1mk,Kendrick Lamar - tv off (Official Audio),Kendrick Lamar,Programming 4 good. 😅,1
Kendrick Lamar,Boom bap / Lyric,U8F5G5wR1mk,Kendrick Lamar - tv off (Official Audio),Kendrick Lamar,So that's rydell s dad because he loves the car the same as your so that's just that so you around the your son to get the milk and bite a grand natural,1
Kendrick Lamar,Boom bap / Lyric,U8F5G5wR1mk,Kendrick Lamar - tv off (Official Audio),Kendrick Lamar,3 albums and “it’s not enough”!!!!!!!! You can’t fake influence Drake!,8
Kendrick Lamar,Boom bap / Lyric,U8F5G5wR1mk,Kendrick Lamar - tv off (Official Audio),Kendrick Lamar,Like going back in time listening to these lyrics,2
Kendrick Lamar,Boom bap / Lyric,U8F5G5wR1mk,Kendrick Lamar - tv off (Official Audio),Kendrick Lamar,Man 🥲 The Goat .,3
Kendrick Lamar,Boom bap / Lyric,U8F5G5wR1mk,Kendrick Lamar - tv off (Official Audio),Kendrick Lamar,2026 & It’s still F Drake 3 albums of nothing…….THIS IS HIP HOP ……….3 ALBUMS AND WHAT K DOT SAY …..ITS NOT ENOUGH💪🏾💪🏾💪🏾💪🏾💪🏾,5
Kendrick Lamar,Boom bap / Lyric,U8F5G5wR1mk,Kendrick Lamar - tv off (Official Audio),Kendrick Lamar,Ayeeee it wasn’t enough 😂😂😂😂🔥🔥🔥🔥🔥,7
Kendrick Lamar,Boom bap / Lyric,U8F5G5wR1mk,Kendrick Lamar - tv off (Official Audio),Kendrick Lamar,Yes off,2
Kendrick Lamar,Boom bap / Lyric,U8F5G5wR1mk,Kendrick Lamar - tv off (Official Audio),Kendrick Lamar,3 albums Drake but it's not enough 😂,1922
Kendrick Lamar,Boom bap / Lyric,U8F5G5wR1mk,Kendrick Lamar - tv off (Official Audio),Kendrick Lamar,Oh how I wish this was AI 🤦🏽‍♀️🤦🏽‍♀️,0
Kendrick Lamar,Boom bap / Lyric,U8F5G5wR1mk,Kendrick Lamar - tv off (Official Audio),Kendrick Lamar,When I hear Iceman I say MUUUUUUUUUUSTAAAAAAAAAAAAAAAAAAAAAAARRRRRRRRRRRRRRRRRRRRRRRDDDDDDDDDDDDDDDDDDDDDDDDDDDDDDDDDDDDDDDDDDDDDDDDDDDDDDDDDDDDDDDDDDDDD!!!!!!,5
Kendrick Lamar,Boom bap / Lyric,U8F5G5wR1mk,Kendrick Lamar - tv off (Official Audio),Kendrick Lamar,"Drake dropped 3 albums this weekend.
Play GNX everywhere you GO !!!!!!!!!!!!!",22
Kendrick Lamar,Boom bap / Lyric,U8F5G5wR1mk,Kendrick Lamar - tv off (Official Audio),Kendrick Lamar,Pl mopMO,0
Kendrick Lamar,Boom bap / Lyric,U8F5G5wR1mk,Kendrick Lamar - tv off (Official Audio),Kendrick Lamar,This is how West Coast music should sound authentic not cosplaying for a diss,7
Kendrick Lamar,Boom bap / Lyric,U8F5G5wR1mk,Kendrick Lamar - tv off (Official Audio),Kendrick Lamar,Yeah Kendrick,12
Kendrick Lamar,Boom bap / Lyric,U8F5G5wR1mk,Kendrick Lamar - tv off (Official Audio),Kendrick Lamar,"Who's here after ICEMAN DROPPED . "" ITS NOT ENOUGH "" lmao",193
Kendrick Lamar,Boom bap / Lyric,U8F5G5wR1mk,Kendrick Lamar - tv off (Official Audio),Kendrick Lamar,Mr Lamar I love your west coast style ❤️😻,2
Kendrick Lamar,Boom bap / Lyric,U8F5G5wR1mk,Kendrick Lamar - tv off (Official Audio),Kendrick Lamar,KENDRICK DROP THAT SUMMER AMTHEM WE WAITING 💪🏾,4
Kendrick Lamar,Boom bap / Lyric,U8F5G5wR1mk,Kendrick Lamar - tv off (Official Audio),Kendrick Lamar,"Bro it’s time to finish him 
He back with 3 trash album",6
Kendrick Lamar,Boom bap / Lyric,U8F5G5wR1mk,Kendrick Lamar - tv off (Official Audio),Kendrick Lamar,My Ears hurt 😢,1
Kendrick Lamar,Boom bap / Lyric,U8F5G5wR1mk,Kendrick Lamar - tv off (Official Audio),Kendrick Lamar,Ice Cube babyyy,0
Kendrick Lamar,Boom bap / Lyric,U8F5G5wR1mk,Kendrick Lamar - tv off (Official Audio),Kendrick Lamar,This songs really hits different and gets taken to a new height after Drake drops 3 albums with 43 horrible songs that were not enough 😂,6
Kendrick Lamar,Boom bap / Lyric,U8F5G5wR1mk,Kendrick Lamar - tv off (Official Audio),Kendrick Lamar,Kendrick fans listen to Drake more than Drake fans,4
Kendrick Lamar,Boom bap / Lyric,U8F5G5wR1mk,Kendrick Lamar - tv off (Official Audio),Kendrick Lamar,WHO’S HERE AFTER ICEMAN? KENDRICK FINISHED HIM 🤣🤣🤣😭,17
Kendrick Lamar,Boom bap / Lyric,U8F5G5wR1mk,Kendrick Lamar - tv off (Official Audio),Kendrick Lamar,1mustarddddddddd got me saying that,1
Kendrick Lamar,Boom bap / Lyric,U8F5G5wR1mk,Kendrick Lamar - tv off (Official Audio),Kendrick Lamar,Nothing on Iceman comes close to TV Off,81
Kendrick Lamar,Boom bap / Lyric,U8F5G5wR1mk,Kendrick Lamar - tv off (Official Audio),Kendrick Lamar,Had to clean my ears after listening to that trash Drake just dropped. This track /album is just pure 🔥🔥 clears the whole spiteman track.,2
Kendrick Lamar,Boom bap / Lyric,U8F5G5wR1mk,Kendrick Lamar - tv off (Official Audio),Kendrick Lamar,"THIS THE ONLY THING THAT MATTERS RIGHT NOW ‼️‼️‼️

https://youtube.com/shorts/lLHQS__40Cs?si=yaBKtxkIDoNvfUxD",1
Kendrick Lamar,Boom bap / Lyric,U8F5G5wR1mk,Kendrick Lamar - tv off (Official Audio),Kendrick Lamar,We back here cuz dude album was trash🌚😭😭😭,23
Kendrick Lamar,Boom bap / Lyric,U8F5G5wR1mk,Kendrick Lamar - tv off (Official Audio),Kendrick Lamar,Kendrick get in the booth we need you,78
Kendrick Lamar,Boom bap / Lyric,U8F5G5wR1mk,Kendrick Lamar - tv off (Official Audio),Kendrick Lamar,Iceman is way better than this trash 🦉🧊🥶,0
Kendrick Lamar,Boom bap / Lyric,U8F5G5wR1mk,Kendrick Lamar - tv off (Official Audio),Kendrick Lamar,Here to cleanse my ears after listening to some whack ahh album 😫,8
Kendrick Lamar,Boom bap / Lyric,U8F5G5wR1mk,Kendrick Lamar - tv off (Official Audio),Kendrick Lamar,0:48 it’s not enough.,2
Kendrick Lamar,Boom bap / Lyric,U8F5G5wR1mk,Kendrick Lamar - tv off (Official Audio),Kendrick Lamar,1:11 drake lucky his bars were weak and not direct otherwise kdot would have tweaked on his sorry ass.⚰️🪦,5
Kendrick Lamar,Boom bap / Lyric,U8F5G5wR1mk,Kendrick Lamar - tv off (Official Audio),Kendrick Lamar,Who came for a quick cleanse 😂,53
Kendrick Lamar,Boom bap / Lyric,U8F5G5wR1mk,Kendrick Lamar - tv off (Official Audio),Kendrick Lamar,Somebody gotta do it 😊,8
Kendrick Lamar,Boom bap / Lyric,U8F5G5wR1mk,Kendrick Lamar - tv off (Official Audio),Kendrick Lamar,this shit better than those 3 albums  from the boi.,21
Kendrick Lamar,Boom bap / Lyric,U8F5G5wR1mk,Kendrick Lamar - tv off (Official Audio),Kendrick Lamar,I was out playing basketball when the Super Bowl was going the court was by an apartment and I heard ts BLASTING 2:03,3
Kendrick Lamar,Boom bap / Lyric,U8F5G5wR1mk,Kendrick Lamar - tv off (Official Audio),Kendrick Lamar,in ''what did i miss'' from Drake the fanfare sounds familiar to 1:55 fanfare here.,0
Kendrick Lamar,Boom bap / Lyric,U8F5G5wR1mk,Kendrick Lamar - tv off (Official Audio),Kendrick Lamar,Here again after Drake's 3 album slop drop made my ears bleed,4
Kendrick Lamar,Boom bap / Lyric,U8F5G5wR1mk,Kendrick Lamar - tv off (Official Audio),Kendrick Lamar,2:02 MUSTAAAAAAAAAAAAAAAAAAAAAAAAAAAAAAAAAAAAAAAAAAAAAAAAAAAAAAAARD!!!!!!!!!!!!!!!!!!!!!!!!!!!!!!!!!!!!!!!!!!!!!!!!!!!!!!!!!!!!!!!!!!!!!!!!!!!!!!!!!!!!!!!!!!!!!!,0
Kendrick Lamar,Boom bap / Lyric,U8F5G5wR1mk,Kendrick Lamar - tv off (Official Audio),Kendrick Lamar,Iceman was not enough! Im here may 15 2026,11
Kendrick Lamar,Boom bap / Lyric,U8F5G5wR1mk,Kendrick Lamar - tv off (Official Audio),Kendrick Lamar,It’s not enough,2
Kendrick Lamar,Boom bap / Lyric,U8F5G5wR1mk,Kendrick Lamar - tv off (Official Audio),Kendrick Lamar,Yeah I Did Thaaaaaaaaaaaaat!!😭🐐,2
Kendrick Lamar,Boom bap / Lyric,U8F5G5wR1mk,Kendrick Lamar - tv off (Official Audio),Kendrick Lamar,legendary song legendary artist legendary sauce legendary drunk voice,1
Kendrick Lamar,Boom bap / Lyric,U8F5G5wR1mk,Kendrick Lamar - tv off (Official Audio),Kendrick Lamar,Won't lie coming from drake but Kenny got it broooo😂,6
Kendrick Lamar,Boom bap / Lyric,U8F5G5wR1mk,Kendrick Lamar - tv off (Official Audio),Kendrick Lamar,Drake new song made me come to Ken the Man. Ken smoke his boots baby,7
Kendrick Lamar,Boom bap / Lyric,U8F5G5wR1mk,Kendrick Lamar - tv off (Official Audio),Kendrick Lamar,I came back here .. when I heard drake dropped..💯💯💯,2
Kendrick Lamar,Boom bap / Lyric,U8F5G5wR1mk,Kendrick Lamar - tv off (Official Audio),Kendrick Lamar,"No, none none",0
Kendrick Lamar,Boom bap / Lyric,U8F5G5wR1mk,Kendrick Lamar - tv off (Official Audio),Kendrick Lamar,5 14 26,0
Kendrick Lamar,Boom bap / Lyric,U8F5G5wR1mk,Kendrick Lamar - tv off (Official Audio),Kendrick Lamar,🧊🧊🧊🧊🧊🧊🧊🧊🧊🧊🧊,0
Kendrick Lamar,Boom bap / Lyric,U8F5G5wR1mk,Kendrick Lamar - tv off (Official Audio),Kendrick Lamar,0:49 0:50 0:50 0:51 0:51 0:51 0:51 0:52 0:52 0:52 0:52 0:53 0:53 0:53 0:53 0:53 0:54 0:54 0:54 0:54 0:55 0:55 0:55 0:55 0:55 0:56 0:56 0:56 0:56 0:56 0:57 0:57 0:57 0:58 0:58 0:58 0:58 0:59 0:59 0:59 0:59 1:00 1:00 1:00 1:00 1:01 1:02 1:02 1:02 1:02 1:02 1:03 1:03 1:03 1:04 1:04 1:04 1:04 1:05 1:05 1:05 1:05 1:06 1:06 1:06 1:07 1:07 1:08 1:08 1:08 1:08 1:09 1:09 1:09 1:09 1:10 1:10 1:11 1:11 1:11 1:11 1:11 1:12 1:12 1:12 1:12 1:13 1:14 1:14 1:17 1:17 1:18 1:18 1:18 1:18 1:19 1:19 1:20 1:20 1:20 1:20 1:21 1:22 1:22 1:32 1:33 1:33 1:33 1:33 1:34 1:35 1:35 1:35 1:35 1:36 1:36 1:36 1:36 1:37 1:37 1:37 1:37 1:37 1:38 1:38 1:38 1:38  1:25 1:25 1:25 1:39 1:40 1:40 1:40 1:40 1:41 1:41 1:41 1:41 1:42 1:42 1:43 1:44 1:44 1:44 1:44 1:45 1:45 1:46  1:26 1:29 1:29 1:30 1:31 1:31 1:49 1:49 1:49 1:49 1:50 1:50 1:50 1:50 1:50 1:51 1:51 1:51 1:51 1:51 1:52 1:52,0
Kendrick Lamar,Boom bap / Lyric,U8F5G5wR1mk,Kendrick Lamar - tv off (Official Audio),Kendrick Lamar,ICE MAN,0
Kendrick Lamar,Boom bap / Lyric,U8F5G5wR1mk,Kendrick Lamar - tv off (Official Audio),Kendrick Lamar,Deleted off Amazon Music 😢,0
Kendrick Lamar,Boom bap / Lyric,U8F5G5wR1mk,Kendrick Lamar - tv off (Official Audio),Kendrick Lamar,Trun his tv off awesome 👏,0
Kendrick Lamar,Boom bap / Lyric,U8F5G5wR1mk,Kendrick Lamar - tv off (Official Audio),Kendrick Lamar,Turn that pornhub off,0
Kendrick Lamar,Boom bap / Lyric,U8F5G5wR1mk,Kendrick Lamar - tv off (Official Audio),Kendrick Lamar,Kendrick lamar❤❤❤❤❤❤❤,0
Kendrick Lamar,Boom bap / Lyric,U8F5G5wR1mk,Kendrick Lamar - tv off (Official Audio),Kendrick Lamar,67676th comment… so tuff…,2
Kendrick Lamar,Boom bap / Lyric,U8F5G5wR1mk,Kendrick Lamar - tv off (Official Audio),Kendrick Lamar,The boogieman is back up!!! Feel like the first time hearing it!,0
Kendrick Lamar,Boom bap / Lyric,U8F5G5wR1mk,Kendrick Lamar - tv off (Official Audio),Kendrick Lamar,This song is fire bro 👌🎉❤,2
Kendrick Lamar,Boom bap / Lyric,U8F5G5wR1mk,Kendrick Lamar - tv off (Official Audio),Kendrick Lamar,"I like the very quiet “heyyyy” right after he initially says, “It’s not enough!” Figured this out recently.",1
Kendrick Lamar,Boom bap / Lyric,U8F5G5wR1mk,Kendrick Lamar - tv off (Official Audio),Kendrick Lamar,1:12 the Kendrick experience is my friend talking about how much he hates his weird noises and me rewinding this over and over and smiling getting hype,0
Kendrick Lamar,Boom bap / Lyric,U8F5G5wR1mk,Kendrick Lamar - tv off (Official Audio),Kendrick Lamar,MUSSSSSSSSSSSSSSSSSSSSSSSSSSSSSSTAAAAAAAAAAAAAAARRRRRRRRRRRRRRRRRRRRRRRRRRRRRRRRRRRRRRRRRRD,1
Kendrick Lamar,Boom bap / Lyric,U8F5G5wR1mk,Kendrick Lamar - tv off (Official Audio),Kendrick Lamar,2:00 MUSTARDDDDD,1
Kendrick Lamar,Boom bap / Lyric,U8F5G5wR1mk,Kendrick Lamar - tv off (Official Audio),Kendrick Lamar,u kno im trippin fo my dawg😏,0
Kendrick Lamar,Boom bap / Lyric,U8F5G5wR1mk,Kendrick Lamar - tv off (Official Audio),Kendrick Lamar,Let’s go 🕺,1
Kendrick Lamar,Boom bap / Lyric,U8F5G5wR1mk,Kendrick Lamar - tv off (Official Audio),Kendrick Lamar,2026 here we are,2
Kendrick Lamar,Boom bap / Lyric,U8F5G5wR1mk,Kendrick Lamar - tv off (Official Audio),Kendrick Lamar,TV OFF,0
Kendrick Lamar,Boom bap / Lyric,U8F5G5wR1mk,Kendrick Lamar - tv off (Official Audio),Kendrick Lamar,🔥🔥🔥💯,0
Kendrick Lamar,Boom bap / Lyric,U8F5G5wR1mk,Kendrick Lamar - tv off (Official Audio),Kendrick Lamar,"Hey! 
🎉🥵",0
Kendrick Lamar,Boom bap / Lyric,U8F5G5wR1mk,Kendrick Lamar - tv off (Official Audio),Kendrick Lamar,Mustard!!!!!!!!!!,1
Kendrick Lamar,Boom bap / Lyric,U8F5G5wR1mk,Kendrick Lamar - tv off (Official Audio),Kendrick Lamar,Mustaaaaaaaaaaaaaaaaaaaaaaaaaaaaaaaaaaaaaaaaaaaaaaaaaaaaaaaaaaaaaaaaaaaaaaaaaaaaaaaaaaaaaaaaaaaaaaaaaaaaaaaaaaaaaaaaaaaaaaaaaaaaaaaaaaaaaaaaaaaaaaaaaaaaaaaaaaaaaaaaaaaaaaaaaaaaaaaaaaaaaaaaaaaaaaaaaaaaaaaaaaaaaaaaaaaaaaaaaaaaaaaaaaaaaaaaaaaaaaaaaaaaaaaaaaaaaaaaaaaaaaaaaaaaaaaaaaaaaaaaaaaaaaaaaaaaaaaaaaaaaaaaaaaaaaaaaaaaaaaaaaaaaaaaaaaaaaaaaaaaaaaaaaaaaaaaaaaaaaaaaaaaaaaaaaaaaaaaaaaaaaaaaaaaaaaaaaaaaaaaaaaaaaaaaaaaaaaaaaaaaaaaaaaaaaaaaaaaaaaaaaaaaaaaaaaaaaaaaaaaaaaaaaaaaaaaaaaaaaard,0
Kendrick Lamar,Boom bap / Lyric,U8F5G5wR1mk,Kendrick Lamar - tv off (Official Audio),Kendrick Lamar,Devil music fr fr,0
Kendrick Lamar,Boom bap / Lyric,U8F5G5wR1mk,Kendrick Lamar - tv off (Official Audio),Kendrick Lamar,2026 May❤ Let's go,0
Kendrick Lamar,Boom bap / Lyric,U8F5G5wR1mk,Kendrick Lamar - tv off (Official Audio),Kendrick Lamar,Huh huh hey hey mustard on beat,0
Kendrick Lamar,Boom bap / Lyric,U8F5G5wR1mk,Kendrick Lamar - tv off (Official Audio),Kendrick Lamar,Its not enough!,4
Kendrick Lamar,Boom bap / Lyric,U8F5G5wR1mk,Kendrick Lamar - tv off (Official Audio),Kendrick Lamar,Turn his tv off !! 😭😭,1
Kendrick Lamar,Boom bap / Lyric,U8F5G5wR1mk,Kendrick Lamar - tv off (Official Audio),Kendrick Lamar,mustard,1
Kendrick Lamar,Boom bap / Lyric,U8F5G5wR1mk,Kendrick Lamar - tv off (Official Audio),Kendrick Lamar,Bruh they said he deleted it omfg internet count your days 😂Damnnnnnnn I’m cheesing so hard rapping this all over again 🥳🤘🏾❤️‍🔥❤️‍🔥❤️‍🔥 letsssgooooooo kdot,5
Kendrick Lamar,Boom bap / Lyric,U8F5G5wR1mk,Kendrick Lamar - tv off (Official Audio),Kendrick Lamar,AYYYYY,2
Kendrick Lamar,Boom bap / Lyric,U8F5G5wR1mk,Kendrick Lamar - tv off (Official Audio),Kendrick Lamar,The legendary track,4
Kendrick Lamar,Boom bap / Lyric,U8F5G5wR1mk,Kendrick Lamar - tv off (Official Audio),Kendrick Lamar,❤❤🔥🔥,0
Kendrick Lamar,Boom bap / Lyric,U8F5G5wR1mk,Kendrick Lamar - tv off (Official Audio),Kendrick Lamar,Still Yes Kendrick,14
Kendrick Lamar,Boom bap / Lyric,U8F5G5wR1mk,Kendrick Lamar - tv off (Official Audio),Kendrick Lamar,This shit genuinely bang tho,2
Kendrick Lamar,Boom bap / Lyric,U8F5G5wR1mk,Kendrick Lamar - tv off (Official Audio),Kendrick Lamar,👀,1
Kendrick Lamar,Boom bap / Lyric,U8F5G5wR1mk,Kendrick Lamar - tv off (Official Audio),Kendrick Lamar,Why is this my first time seeing this MV 😭😭,1
Kendrick Lamar,Boom bap / Lyric,U8F5G5wR1mk,Kendrick Lamar - tv off (Official Audio),Kendrick Lamar,Corsaaaaaaaaaaaaaaaaaaa would be so good,1
Kendrick Lamar,Boom bap / Lyric,U8F5G5wR1mk,Kendrick Lamar - tv off (Official Audio),Kendrick Lamar,Not on apple music anymore???,5
Kendrick Lamar,Boom bap / Lyric,U8F5G5wR1mk,Kendrick Lamar - tv off (Official Audio),Kendrick Lamar,67k comments 😭💀,0
Kendrick Lamar,Boom bap / Lyric,U8F5G5wR1mk,Kendrick Lamar - tv off (Official Audio),Kendrick Lamar,Why is this guy so famous?,0
Kendrick Lamar,Boom bap / Lyric,U8F5G5wR1mk,Kendrick Lamar - tv off (Official Audio),Kendrick Lamar,"📖 Debate Performance and Preparation Strategies (0:00 - 6:54)
├─ 2:07 Personal Account of Wildfire Evacuation Experience
└─ 3:59 Personal Experience with LA Wildfires and Homelessness
📖 Experiencing the 2009 Los Angeles Wildfires (6:54 - 11:35)
└─ 9:32 Trauma and Chaos During Wildfires
📖 Rebuilding After a House Fire Disaster (11:35 - 16:51)
└─ 13:54 Confronting Corruption and Negligence in LA
📖 Citizenship and Civic Responsibility in Politics (16:51 - 21:21)
└─ 18:49 Addressing Homelessness and Addiction in LA
📖 Corruption in Non-Profit Organizations in LA (21:21 - 26:25)
📖 Corruption in Government and Non-Profit Organizations (26:25 - 31:30)
└─ 28:37 Criticism of Mayor's Handling of Wildfires and Homelessness
📖 Addressing Homelessness and Business Decline in LA (31:30 - 36:03)
└─ 33:02 LA's Safety Crisis and Homelessness
📖 Effective Law Enforcement Strategies for Urban Revitalization (36:03 - 40:53)
└─ 38:36 Rebuilding LA: Strategy for City Revitalization
📖 Addressing LA's Education and Financial Inefficiencies (40:53 - 46:15)
└─ 43:48 Waste and Misuse of Public Funds in LA
📖 Balancing Union Power with City Needs (46:15 - 55:13)
├─ 48:45 Rebuilding LA's Infrastructure and Economy
├─ 50:46 Revitalizing Independent Filmmaking in Los Angeles
└─ 52:22 Revitalizing LA's Film Industry and Infrastructure
📖 Streamlining LA's Construction Permitting Process (55:13 - 1:04:02)
├─ 57:58 Streamlining LA's Development Process
├─ 59:54 Attracting Talent to Revitalize LA
└─ 1:01:13 Streamlining Small Business Regulations in LA
📖 LA's Infrastructure and Development Crisis (1:04:02 - 1:11:18)
├─ 1:06:59 Critique of Democratic Socialism and Tyranny
└─ 1:08:18 Restoring LA's Safety and Prosperity",2
Kendrick Lamar,Boom bap / Lyric,U8F5G5wR1mk,Kendrick Lamar - tv off (Official Audio),Kendrick Lamar,2026/05/11👆🇿🇦🔥💯,1
Kendrick Lamar,Boom bap / Lyric,U8F5G5wR1mk,Kendrick Lamar - tv off (Official Audio),Kendrick Lamar,Lefty gunplays contribution added character to this song,0
Kendrick Lamar,Boom bap / Lyric,U8F5G5wR1mk,Kendrick Lamar - tv off (Official Audio),Kendrick Lamar,2026Allahu Akbar 🙌🏽🙌🏾🙌🏿🙌🙌🏿🙌🏾🙌🏼🙌🙌🏾🙌🏼🙌🏻🙌🏼🙌🙌🏿🙌🏽🙌🏾🙌🏿🙌🏾🙌🙌🏿🙌🏽🙌🏿🙌🏾🙌💪🏿💪🏽💪🏿💪🏽💪🏿💪🏽💪🏿💪🏽💪🏿🎉🎉🎉🎉,1
Kendrick Lamar,Boom bap / Lyric,U8F5G5wR1mk,Kendrick Lamar - tv off (Official Audio),Kendrick Lamar,"Chelsiemuccibo,downsindrone😉🎂😉🍸🍭✨️✨️✨️",1
Kendrick Lamar,Boom bap / Lyric,U8F5G5wR1mk,Kendrick Lamar - tv off (Official Audio),Kendrick Lamar,Wztaaaaaaa,0
Kendrick Lamar,Boom bap / Lyric,U8F5G5wR1mk,Kendrick Lamar - tv off (Official Audio),Kendrick Lamar,MUUUUUUUUUUUUUUUUUUUUUUUUSSSSSSSSSSSSSSSSSSSSSSSSSSSSSSSSSSSSSSSSSSTTTTTTTTTTTTTTTTTTTTARDDDDDDDDDDDDDDDDDDDD,0
Kendrick Lamar,Boom bap / Lyric,U8F5G5wR1mk,Kendrick Lamar - tv off (Official Audio),Kendrick Lamar,I love you,0
Kendrick Lamar,Boom bap / Lyric,U8F5G5wR1mk,Kendrick Lamar - tv off (Official Audio),Kendrick Lamar,FIRE,0
Kendrick Lamar,Boom bap / Lyric,U8F5G5wR1mk,Kendrick Lamar - tv off (Official Audio),Kendrick Lamar,desliga a televisão,0
Kendrick Lamar,Boom bap / Lyric,U8F5G5wR1mk,Kendrick Lamar - tv off (Official Audio),Kendrick Lamar,"So coincidental that this is the first and only song or kendrick lamar I've listened to right when it came out and it also happened to become viral and I'm not a kendrick fan too 

Reminds me of that time i joined an odetari live music stream and i was one of the first people and it went viral too and I'm not a big odetari fan too, i don't think these are a coincidence",0
Kendrick Lamar,Boom bap / Lyric,U8F5G5wR1mk,Kendrick Lamar - tv off (Official Audio),Kendrick Lamar,gay af,0
Kendrick Lamar,Boom bap / Lyric,U8F5G5wR1mk,Kendrick Lamar - tv off (Official Audio),Kendrick Lamar,TRRRRRAAASSSHHHHHHH,0
Kendrick Lamar,Boom bap / Lyric,U8F5G5wR1mk,Kendrick Lamar - tv off (Official Audio),Kendrick Lamar,fax,0
Kendrick Lamar,Boom bap / Lyric,U8F5G5wR1mk,Kendrick Lamar - tv off (Official Audio),Kendrick Lamar,Brilliant,0
Kendrick Lamar,Boom bap / Lyric,U8F5G5wR1mk,Kendrick Lamar - tv off (Official Audio),Kendrick Lamar,Musterrrrrrrrrrrrrrrrrrrrrrrrrrrrrrrrrrrrrrrrrrrrd,0
Kendrick Lamar,Boom bap / Lyric,U8F5G5wR1mk,Kendrick Lamar - tv off (Official Audio),Kendrick Lamar,MARSTONNNNNNNNNNNNN🔥🔥🔥🔥,0
Kendrick Lamar,Boom bap / Lyric,U8F5G5wR1mk,Kendrick Lamar - tv off (Official Audio),Kendrick Lamar,Haha,0
Kendrick Lamar,Boom bap / Lyric,U8F5G5wR1mk,Kendrick Lamar - tv off (Official Audio),Kendrick Lamar,Shut the tv off,0
Kendrick Lamar,Boom bap / Lyric,U8F5G5wR1mk,Kendrick Lamar - tv off (Official Audio),Kendrick Lamar,Return of Killing Season Tree 🌴👊🏿💪🏿🎼🎶🔊🔥💥🚀🎇✨🎶👑🫡🏁,0
Kendrick Lamar,Boom bap / Lyric,U8F5G5wR1mk,Kendrick Lamar - tv off (Official Audio),Kendrick Lamar,The first time we saw him was in the middle of an interview and I was like what did you mean by that and I said well I’m going back and see king Von,0
Kendrick Lamar,Boom bap / Lyric,U8F5G5wR1mk,Kendrick Lamar - tv off (Official Audio),Kendrick Lamar,🔥,0
Kendrick Lamar,Boom bap / Lyric,U8F5G5wR1mk,Kendrick Lamar - tv off (Official Audio),Kendrick Lamar,Kendrick literally told drake to turn his tv off when he got the grammy,0
Kendrick Lamar,Boom bap / Lyric,U8F5G5wR1mk,Kendrick Lamar - tv off (Official Audio),Kendrick Lamar,"Diddy be like : Musstaaaardde!!!😂😂

Evil diddy : Ketchuuuppp!!!🍆🍆",3
Kendrick Lamar,Boom bap / Lyric,U8F5G5wR1mk,Kendrick Lamar - tv off (Official Audio),Kendrick Lamar,I realized that this has 67k likes😂😂😂,2
Kendrick Lamar,Boom bap / Lyric,U8F5G5wR1mk,Kendrick Lamar - tv off (Official Audio),Kendrick Lamar,Bs music,0
Kendrick Lamar,Boom bap / Lyric,U8F5G5wR1mk,Kendrick Lamar - tv off (Official Audio),Kendrick Lamar,"I wanna meet Kendrick so god damn bad. Oh the conversations we would have. School me, daddy.",0
Kendrick Lamar,Boom bap / Lyric,U8F5G5wR1mk,Kendrick Lamar - tv off (Official Audio),Kendrick Lamar,Drake or Kendrick !?,1
Kendrick Lamar,Boom bap / Lyric,U8F5G5wR1mk,Kendrick Lamar - tv off (Official Audio),Kendrick Lamar,I feel like lefty probably put a verse out for this but it just wasn't good so they took 1 bar n gave him the feat 😂,0
Kendrick Lamar,Boom bap / Lyric,U8F5G5wR1mk,Kendrick Lamar - tv off (Official Audio),Kendrick Lamar,🌹🤳🏽,1
Kendrick Lamar,Boom bap / Lyric,U8F5G5wR1mk,Kendrick Lamar - tv off (Official Audio),Kendrick Lamar,NOT ENOUGH,0
Kendrick Lamar,Boom bap / Lyric,U8F5G5wR1mk,Kendrick Lamar - tv off (Official Audio),Kendrick Lamar,MUSAAAAAAAAAAAAAAAAAAAAAAAAAAAAAAAAAAAAAAARD,0
Kendrick Lamar,Boom bap / Lyric,U8F5G5wR1mk,Kendrick Lamar - tv off (Official Audio),Kendrick Lamar,I came for the chilli,0
Kendrick Lamar,Boom bap / Lyric,U8F5G5wR1mk,Kendrick Lamar - tv off (Official Audio),Kendrick Lamar,"Nobody talkin bout these Biggie bars?
2:22 Ain't no other kings in this rap thing, they siblings
Nothin' but my children—one shot, they disappearin'",1
Kendrick Lamar,Boom bap / Lyric,U8F5G5wR1mk,Kendrick Lamar - tv off (Official Audio),Kendrick Lamar,Kendrick super Saiyan,0
Kendrick Lamar,Boom bap / Lyric,U8F5G5wR1mk,Kendrick Lamar - tv off (Official Audio),Kendrick Lamar,"Comments
1% the actual song
99%MUSTAAAAAAARRRRRRDDDDDD",3
Kendrick Lamar,Boom bap / Lyric,U8F5G5wR1mk,Kendrick Lamar - tv off (Official Audio),Kendrick Lamar,"My cat is a kendrick fan and this is his favorate song, whenever i can't find him i just play this song and he comes running",0
Kendrick Lamar,Boom bap / Lyric,U8F5G5wR1mk,Kendrick Lamar - tv off (Official Audio),Kendrick Lamar,Fred beyer in this,0
Kendrick Lamar,Boom bap / Lyric,U8F5G5wR1mk,Kendrick Lamar - tv off (Official Audio),Kendrick Lamar,Yesssss Kendrick real sh*t ur posting,1
Kendrick Lamar,Boom bap / Lyric,U8F5G5wR1mk,Kendrick Lamar - tv off (Official Audio),Kendrick Lamar,Cosco worker: what would you like on your hotdog? Kendrick: MUSTAAAAAAAAAAAAAAAAAAAAAAAAAAAAAAAAAAAAAAAAAAAAAAAAAAAAAAAAAAAAAAAAAAAAAAAAAAAAAAAAAAAAAAAAAAAAAAAAAAAAAAAAAAAAAAAAAAAAAAAAAAAAAAAAARD,0
Kendrick Lamar,Boom bap / Lyric,U8F5G5wR1mk,Kendrick Lamar - tv off (Official Audio),Kendrick Lamar,it's enough mate,0
Kendrick Lamar,Boom bap / Lyric,U8F5G5wR1mk,Kendrick Lamar - tv off (Official Audio),Kendrick Lamar,MUSTAAAAAAAAAAAAAAAAAAAAAAAAAAAAAAAAAAAAAAAAAAAAAAAAAAAAAAAAAAAAAAAAARD,2
Kendrick Lamar,Boom bap / Lyric,U8F5G5wR1mk,Kendrick Lamar - tv off (Official Audio),Kendrick Lamar,2:59,1
Kendrick Lamar,Boom bap / Lyric,U8F5G5wR1mk,Kendrick Lamar - tv off (Official Audio),Kendrick Lamar,It was lovely,0
Kendrick Lamar,Boom bap / Lyric,U8F5G5wR1mk,Kendrick Lamar - tv off (Official Audio),Kendrick Lamar,THIS SHIT HITS HARDER THAN FIRE 🔥,0
Kendrick Lamar,Boom bap / Lyric,U8F5G5wR1mk,Kendrick Lamar - tv off (Official Audio),Kendrick Lamar,That intro is legendary,2
Kendrick Lamar,Boom bap / Lyric,U8F5G5wR1mk,Kendrick Lamar - tv off (Official Audio),Kendrick Lamar,OOOO F.......,0
Kendrick Lamar,Boom bap / Lyric,U8F5G5wR1mk,Kendrick Lamar - tv off (Official Audio),Kendrick Lamar,mustard is still hype as fuck,0
Kendrick Lamar,Boom bap / Lyric,U8F5G5wR1mk,Kendrick Lamar - tv off (Official Audio),Kendrick Lamar,nostalgic now,0
Kendrick Lamar,Boom bap / Lyric,U8F5G5wR1mk,Kendrick Lamar - tv off (Official Audio),Kendrick Lamar,MUSTARDDDDDDDDDDDDDDDDDDDDDDDDDDDDDDDDDDDDDDDDDDDDDDDDDDDDDDDDDDDDDDDDDDDDDDDDDDDDDDDDDDDDDDDDDDDDDDDDDDDDDDDDDDDDDDDDDDDDDDDDDDDDDDDDDDDDDDDDDDDDDDDDDDDDDDDDDDDDDDDDDDDDDDDDDDDDDDDDDDDDDDDDDDDDDDDDDDDDDDDDDDDDDDDDDDDDDDDDDDDDDDDDDDDDDDDDDDDDDDDDDDDDDDDDDDDDDDDDDDDDDDDDDDDDDDDDDDDDDDDDDDDDDDDDDDDDDD💛💛💛💛💛💛💛💛💛💛💛💛💛💛💛💛💛💛💛💛💛💛💛💛💛💛💛💛💛💛💛💛💛💛💛💛💛💛💛💛💛💛💛💛💛💛💛💛💛💛😂😂😂😂😂😂😂😂😂😂😂😂😂😂😂😂😂😂😂😂😂😂😂😂😂😂😂😂😂😂😂😂😂😂😂😂😂😂😂😂😂😂😂😂😂😂😂😂😂😂,0
Kendrick Lamar,Boom bap / Lyric,U8F5G5wR1mk,Kendrick Lamar - tv off (Official Audio),Kendrick Lamar,2:05 MUSTAAAAAAAAAAAAAAAAAAAAAAAAAAAAAAAAAAAAAAAAAAAAAAAAAAAAAAAAAAAAAAAAAARD!!!!!!!!!!!!!!!!!!!!,0
Kendrick Lamar,Boom bap / Lyric,U8F5G5wR1mk,Kendrick Lamar - tv off (Official Audio),Kendrick Lamar,Still in rotation 🔥 may 2026,203
Kendrick Lamar,Boom bap / Lyric,U8F5G5wR1mk,Kendrick Lamar - tv off (Official Audio),Kendrick Lamar,I like the 3rd verse were Kendrick pays homage to biggie (kick in the door) and Juvenile ( HA),1
Kendrick Lamar,Boom bap / Lyric,U8F5G5wR1mk,Kendrick Lamar - tv off (Official Audio),Kendrick Lamar,May 15th get ready 🧊🥶❄️,1
Kendrick Lamar,Boom bap / Lyric,U8F5G5wR1mk,Kendrick Lamar - tv off (Official Audio),Kendrick Lamar,That looks cool. I like that,0
Kendrick Lamar,Boom bap / Lyric,U8F5G5wR1mk,Kendrick Lamar - tv off (Official Audio),Kendrick Lamar,Nobody gon care nowadays except those losers tellin Terry Crews what to do.,0
Kendrick Lamar,Boom bap / Lyric,U8F5G5wR1mk,Kendrick Lamar - tv off (Official Audio),Kendrick Lamar,Be gay. Be trans <--. Be st8. Be cis. Nobody thinks sum for nun. Nobody thinks nun for sum,0
Kendrick Lamar,Boom bap / Lyric,U8F5G5wR1mk,Kendrick Lamar - tv off (Official Audio),Kendrick Lamar,Mustard is birthday!!!!,0
Kendrick Lamar,Boom bap / Lyric,U8F5G5wR1mk,Kendrick Lamar - tv off (Official Audio),Kendrick Lamar,Sarsooooooo Pantherrrr🥷🫂,0
Kendrick Lamar,Boom bap / Lyric,U8F5G5wR1mk,Kendrick Lamar - tv off (Official Audio),Kendrick Lamar,MUSTARDDDDDDDDDDDDDDDD THIS SONG ABSOLUTELY GOOD,3
Kendrick Lamar,Boom bap / Lyric,U8F5G5wR1mk,Kendrick Lamar - tv off (Official Audio),Kendrick Lamar,"This choonbis hard, the line near beginnin is so real,

""Try n love me when am ere, don't love me when am gone""

Absolutely mullered it big up unu self 💯❤️",0
Kendrick Lamar,Boom bap / Lyric,U8F5G5wR1mk,Kendrick Lamar - tv off (Official Audio),Kendrick Lamar,Mustard,0
Kendrick Lamar,Boom bap / Lyric,U8F5G5wR1mk,Kendrick Lamar - tv off (Official Audio),Kendrick Lamar,When,0
Kendrick Lamar,Boom bap / Lyric,U8F5G5wR1mk,Kendrick Lamar - tv off (Official Audio),Kendrick Lamar,2:04,0
Kendrick Lamar,Boom bap / Lyric,U8F5G5wR1mk,Kendrick Lamar - tv off (Official Audio),Kendrick Lamar,Kendrick Mustard is the fire shi,0
Kendrick Lamar,Boom bap / Lyric,U8F5G5wR1mk,Kendrick Lamar - tv off (Official Audio),Kendrick Lamar,Mustard = Dejon 😂 i like yellow mustard though dejon to zesty,0
Kendrick Lamar,Boom bap / Lyric,U8F5G5wR1mk,Kendrick Lamar - tv off (Official Audio),Kendrick Lamar,ITS NOT ENOUGH,1
Kendrick Lamar,Boom bap / Lyric,U8F5G5wR1mk,Kendrick Lamar - tv off (Official Audio),Kendrick Lamar,the city just made me sweet you can dia-betic🔥🔥🔥,0
Kendrick Lamar,Boom bap / Lyric,U8F5G5wR1mk,Kendrick Lamar - tv off (Official Audio),Kendrick Lamar,Who is in 2026🎉🎉🎉🎉,0
Kendrick Lamar,Boom bap / Lyric,U8F5G5wR1mk,Kendrick Lamar - tv off (Official Audio),Kendrick Lamar,2:05 was the catalyst for brainrot,0
Kendrick Lamar,Boom bap / Lyric,U8F5G5wR1mk,Kendrick Lamar - tv off (Official Audio),Kendrick Lamar,Where's the evidence? I ain't here you claim Messiah not one time. The spirit of prophecy is the testimony of Christ. Idk what kind of spirit you're operating under and idk why this TV is on.,0
Kendrick Lamar,Boom bap / Lyric,U8F5G5wR1mk,Kendrick Lamar - tv off (Official Audio),Kendrick Lamar,Loses me with the pee wee Herman yell,0
Kendrick Lamar,Boom bap / Lyric,U8F5G5wR1mk,Kendrick Lamar - tv off (Official Audio),Kendrick Lamar,Mustaaaaaaaaaaaaaaaaaaaaaaaaaaaaaaaaaaaaaaaaaaaaaaaaaaasssssssssssssssssd,0
Kendrick Lamar,Boom bap / Lyric,U8F5G5wR1mk,Kendrick Lamar - tv off (Official Audio),Kendrick Lamar,"All I ever wanted was a black Grand National
 Fuck bein' rational
 Give 'em what they ask for

 It's not enough (ayy)
 Few solid niggas left, but it's not enough
 Few bitches that'll really step, but it's not enough
 Say you bigger than myself, but it's not enough (huh)
 I  get on they ass, yeah, somebody gotta do it
 I'll make them niggas mad, yeah, somebody gotta do it
 I'll take the G pass, shit, watch a nigga do it
 Huh, we survived outside, all from the music, nigga, what?

 They like: What he on?
 It's the alpha and omega, bitch, welcome home
 This is not a song
 This a revelation, how to get a nigga gone
 You need you a man, baby, I don't understand, baby
 Pay your bill and make you feel protected like I can, baby
 Teach you somethin' if you need correction, that's the plan, baby
 Don't put your life in these weird niggas' hands, baby (woah)

 It's not enough (ayy)
 Few solid niggas left, but it's not enough
 Few bitches that'll really step, but it's not enough
 Say you bigger than myself, but it's not enough (huh)
 I get on they ass, yeah, somebody gotta do it
 I'll make them niggas mad, yeah, somebody gotta do it
 I'll take the G pass, shit, watch a nigga do it
 Huh, we survived outside, all from the music, nigga, what?

 Hey, turn his TV off
 Ain't with my type activities? Then don't you get involved
 Hey, what? Huh? How many should I send? Send 'em all
 Take a risk or take a trip, you know I'm trippin' for my dog
 Who you with? Couple sergeants and lieutenants for the get back
 This revolution been televised, I fell through with the knick-knacks
 Hey, young nigga, get your chili up, yeah, I meant that
 Hey, black out if they act out, yeah, I did that
 Hey, what's up, though?
 I  hate a bitch that's hatin' on a bitch and they both hoes
 I hate a nigga hatin' on them niggas and they both broke
 If you ain't comin' for no chili, what you come for? 
 Nigga feel like he entitled 'cause he knew me since a kid
 Bitch, I cut my granny off if she don't see it how I see it, hm
 Got a big mouth but he lack big ideas
 Send him to the Moon, that's just how I feel, yellin'

 It's not enough (ayy)
 Few solid niggas left, but it's not enough
 Few bitches that'll really step, but it's not enough
 Say you bigger than myself, but it's not enough

 Huh
 Huh, huh
 Hey
Hey (Mustard on the beat, ho)

 Mustard!
 Niggas actin' bad, but somebody gotta do it
 Got my foot up on the gas, but somebody gotta do it
 Huh, turn his TV off, turn his TV off
 Huh, turn his TV off, turn his TV off
 Huh, turn his TV off, turn his TV off
 Huh, turn his TV off, turn his TV off

 Ain't no other king in this rap thing, they siblings
 Nothing but my children, one shot, they disappearin'
 I'm in the city where the flag be gettin' thrown like it was pass interference
 Padlock around the buildin'
 CRASH, pullin' up in unmarked truck just to play freeze tag
 With a bone to pick like it was sea bass
 So when I made it out, I made about 50K from a show
 Tryna show niggas the ropes before they hung from a rope
 I'm prophetic
 They only talk about it how I get it
 Only good for savin' face, seen the cosmetics
 How many heads I gotta take to level my aesthetics?
 Hurry up and get your muscle up, we out the plyometric
 Nigga ran up out of luck soon as I upped the highest metric
 The city just made it sweet, you could die, I bet it
 They mouth get full of deceit, let these cowards tell it
 Walk in New Orleans with the etiquette of LA, yellin'

 Mustard! (Ah, man)
 Niggas actin' bad, but somebody gotta do it
 Got my foot up on the gas, but somebody gotta do it
 Huh, turn his TV off, turn his TV off
 Huh, turn his TV off, turn his TV off
 Huh, turn his TV off, turn his TV off
 Huh, turn his TV off, turn his TV off

 Shit gets crazy, scary, spooky, hilarious
 Crazy, scary, spooky, hilarious
 Shit gets crazy, scary, spooky, hilarious
 Crazy, scary, spooky, hilarious
 Shit gets crazy, scary, spooky, hilarious
 Crazy, scary, spooky, hilarious
 Shit gets crazy, scary, spooky, hilarious
 Crazy, scary, spooky, hilarious",2
Kendrick Lamar,Boom bap / Lyric,U8F5G5wR1mk,Kendrick Lamar - tv off (Official Audio),Kendrick Lamar,W Music 😎,0
Kendrick Lamar,Boom bap / Lyric,U8F5G5wR1mk,Kendrick Lamar - tv off (Official Audio),Kendrick Lamar,Niggas Acting Bad But Somebody Gotta Do It🤷🏽‍♂️,1
Kendrick Lamar,Boom bap / Lyric,U8F5G5wR1mk,Kendrick Lamar - tv off (Official Audio),Kendrick Lamar,This shit sounds like the rapper is eating food while rapping. Mouthful mumbling is not cool.,1
Kendrick Lamar,Boom bap / Lyric,U8F5G5wR1mk,Kendrick Lamar - tv off (Official Audio),Kendrick Lamar,0:52 0:53 0:53 0:53 0:54,0
Kendrick Lamar,Boom bap / Lyric,U8F5G5wR1mk,Kendrick Lamar - tv off (Official Audio),Kendrick Lamar,0:50,0
Kendrick Lamar,Boom bap / Lyric,U8F5G5wR1mk,Kendrick Lamar - tv off (Official Audio),Kendrick Lamar,0:48,0
Kendrick Lamar,Boom bap / Lyric,U8F5G5wR1mk,Kendrick Lamar - tv off (Official Audio),Kendrick Lamar,C'est un magnifique son franchement,0
Kendrick Lamar,Boom bap / Lyric,U8F5G5wR1mk,Kendrick Lamar - tv off (Official Audio),Kendrick Lamar,"Mustard on the beat, bro",0
Kendrick Lamar,Boom bap / Lyric,U8F5G5wR1mk,Kendrick Lamar - tv off (Official Audio),Kendrick Lamar,"Yes Kendrick, beat em up",1
Kendrick Lamar,Boom bap / Lyric,U8F5G5wR1mk,Kendrick Lamar - tv off (Official Audio),Kendrick Lamar,Let’sgo,0
Kendrick Lamar,Boom bap / Lyric,U8F5G5wR1mk,Kendrick Lamar - tv off (Official Audio),Kendrick Lamar,"How we gonna see you if we turn the TVs off Kendrick? That’s the only time where you might be in action, Cause it damn sure wasn’t on the stage. I saw your show live Kendrick. It was awful. 🙄🙄🙄 You suck in concert Kendrick.",0
Kendrick Lamar,Boom bap / Lyric,U8F5G5wR1mk,Kendrick Lamar - tv off (Official Audio),Kendrick Lamar,"Who watching it here in 2026 
All Kendrick Lamar fans gather here 🙌🏿🙏",3
Kendrick Lamar,Boom bap / Lyric,U8F5G5wR1mk,Kendrick Lamar - tv off (Official Audio),Kendrick Lamar,1:03 tb off 1:15,0
Kendrick Lamar,Boom bap / Lyric,U8F5G5wR1mk,Kendrick Lamar - tv off (Official Audio),Kendrick Lamar,crazy. scary. spooky. hilarious.,0
Kendrick Lamar,Boom bap / Lyric,U8F5G5wR1mk,Kendrick Lamar - tv off (Official Audio),Kendrick Lamar,💜,0
Kendrick Lamar,Boom bap / Lyric,U8F5G5wR1mk,Kendrick Lamar - tv off (Official Audio),Kendrick Lamar,Grand national I’m already dead. 🔥🔥🔥🔥,0
Kendrick Lamar,Boom bap / Lyric,U8F5G5wR1mk,Kendrick Lamar - tv off (Official Audio),Kendrick Lamar,Mustuddddddddddddddddddddddddddddddddddd,0
Kendrick Lamar,Boom bap / Lyric,U8F5G5wR1mk,Kendrick Lamar - tv off (Official Audio),Kendrick Lamar,🎉🎉🎉🎉🎉🎉🎉😢,0
Kendrick Lamar,Boom bap / Lyric,U8F5G5wR1mk,Kendrick Lamar - tv off (Official Audio),Kendrick Lamar,💯💯,0
Kendrick Lamar,Boom bap / Lyric,U8F5G5wR1mk,Kendrick Lamar - tv off (Official Audio),Kendrick Lamar,Waiting for fireman⏳,2
Kendrick Lamar,Boom bap / Lyric,U8F5G5wR1mk,Kendrick Lamar - tv off (Official Audio),Kendrick Lamar,Best part 1:08,1
Kendrick Lamar,Boom bap / Lyric,U8F5G5wR1mk,Kendrick Lamar - tv off (Official Audio),Kendrick Lamar,This song is peak ngl,0
Kendrick Lamar,Boom bap / Lyric,U8F5G5wR1mk,Kendrick Lamar - tv off (Official Audio),Kendrick Lamar,"Here's every time he swears 
0:07 f word
0:11 n word
0:13 b word
0:22 n word
0:25 n word again 
0:28 n word literally again
0:32 n word + b word
0:37 n word
0:46 n word
0:50 n word 
0:52 b word
0:59 n word 
1:02 n word 
1:06 n word 
1:21 n word why does he always say the n word 
1:27 b word 2x + høe + n word
1:35 n word might be wrong 
1:37 b word might be wrong also 
1:48 n word 
1:50 b word 
1:56 mustard on the beat høe
2:09 n word 
2:40 n word 
3:00 MUSTARDDDDDDDDDDDDD
3:07 n word
3:20 end
Damn took like 10 minutes to do  make by the way sorry if this is offensive but he said the n-word like 100 times😂",1
Kendrick Lamar,Boom bap / Lyric,U8F5G5wR1mk,Kendrick Lamar - tv off (Official Audio),Kendrick Lamar,Absolutely banger 🔥🔥🔥🔥🔥🔥🔥🔥🔥🔥🔥,1
Kendrick Lamar,Boom bap / Lyric,U8F5G5wR1mk,Kendrick Lamar - tv off (Official Audio),Kendrick Lamar,🔥🔥🔥🔥🔥🔥🔥🔥🔥🔥,1
Kendrick Lamar,Boom bap / Lyric,U8F5G5wR1mk,Kendrick Lamar - tv off (Official Audio),Kendrick Lamar,top notch top notch top notch,0
Kendrick Lamar,Boom bap / Lyric,U8F5G5wR1mk,Kendrick Lamar - tv off (Official Audio),Kendrick Lamar,Bhot pyaar,0
Kendrick Lamar,Boom bap / Lyric,U8F5G5wR1mk,Kendrick Lamar - tv off (Official Audio),Kendrick Lamar,Pawor bro 🔥🔥🔥🔥,0
Kendrick Lamar,Boom bap / Lyric,U8F5G5wR1mk,Kendrick Lamar - tv off (Official Audio),Kendrick Lamar,"✔️ 
Mustard on pancakes 🥞 so good. With syrup.",0
Kendrick Lamar,Boom bap / Lyric,U8F5G5wR1mk,Kendrick Lamar - tv off (Official Audio),Kendrick Lamar,💩,0
Kendrick Lamar,Boom bap / Lyric,U8F5G5wR1mk,Kendrick Lamar - tv off (Official Audio),Kendrick Lamar,Original song whoo the kid -duct tape. Most of this ain't even his song I'm not hating I still fuc with this version but it's difenatly somebody else song,0
Kendrick Lamar,Boom bap / Lyric,U8F5G5wR1mk,Kendrick Lamar - tv off (Official Audio),Kendrick Lamar,"26 avril 2026
France❤🙋🏼‍♀️🇨🇵❤️‍🔥💐🌝🌟🔥",0
Kendrick Lamar,Boom bap / Lyric,U8F5G5wR1mk,Kendrick Lamar - tv off (Official Audio),Kendrick Lamar,"""What kind of sauce do you want on your burger sir.""
The amazing and intellectual, handsome kendrick:",1
Kendrick Lamar,Boom bap / Lyric,U8F5G5wR1mk,Kendrick Lamar - tv off (Official Audio),Kendrick Lamar,0:32,0
Kendrick Lamar,Boom bap / Lyric,U8F5G5wR1mk,Kendrick Lamar - tv off (Official Audio),Kendrick Lamar,Absolute cinema!!!!!!!!!!!🔥🔥🔥🔥🔥🔥🔥🔥🔥🔥🔥🔥🔥,0
Kendrick Lamar,Boom bap / Lyric,U8F5G5wR1mk,Kendrick Lamar - tv off (Official Audio),Kendrick Lamar,Who listening in 2026 Apr 25,108
Kendrick Lamar,Boom bap / Lyric,U8F5G5wR1mk,Kendrick Lamar - tv off (Official Audio),Kendrick Lamar,.,0
Kendrick Lamar,Boom bap / Lyric,U8F5G5wR1mk,Kendrick Lamar - tv off (Official Audio),Kendrick Lamar,Everybody do what to see on sing lion,0
Kendrick Lamar,Boom bap / Lyric,U8F5G5wR1mk,Kendrick Lamar - tv off (Official Audio),Kendrick Lamar,I gotta turn my goku,0
Kendrick Lamar,Boom bap / Lyric,U8F5G5wR1mk,Kendrick Lamar - tv off (Official Audio),Kendrick Lamar,I gotta turn the super saden,0
Kendrick Lamar,Boom bap / Lyric,U8F5G5wR1mk,Kendrick Lamar - tv off (Official Audio),Kendrick Lamar,"Ese Tupac, we're so proud of you Lefty 🔥❤️💯",1
Kendrick Lamar,Boom bap / Lyric,U8F5G5wR1mk,Kendrick Lamar - tv off (Official Audio),Kendrick Lamar,Me and my cheer team used this song for our competition 2:05,0
Kendrick Lamar,Boom bap / Lyric,U8F5G5wR1mk,Kendrick Lamar - tv off (Official Audio),Kendrick Lamar,MUSTAAAAAAAAAAAAAAAAAAAAAAAAAAAAAAAAAAAAAAAAAAAAAAAAAAAAAAAAAAAAAAAAAAAAAAAAAAAAAAAAAAAAAAAAAAAAAAAAAAAAAAAAAAAAAAAAAAAAAAAAAAAAAAAAARD,0
Kendrick Lamar,Boom bap / Lyric,U8F5G5wR1mk,Kendrick Lamar - tv off (Official Audio),Kendrick Lamar,2026!,0
Kendrick Lamar,Boom bap / Lyric,U8F5G5wR1mk,Kendrick Lamar - tv off (Official Audio),Kendrick Lamar,Still Bumping This 🔥🔥🔥👏🏾👏🏾👏🏾👍🏾👍🏾👍🏾🙌🏾👊🏾,0
Kendrick Lamar,Boom bap / Lyric,U8F5G5wR1mk,Kendrick Lamar - tv off (Official Audio),Kendrick Lamar,grand national mohta fuckaaasaaaaass,0
Kendrick Lamar,Boom bap / Lyric,U8F5G5wR1mk,Kendrick Lamar - tv off (Official Audio),Kendrick Lamar,"I got homework and my teacher said, its not enough",1
Kendrick Lamar,Boom bap / Lyric,U8F5G5wR1mk,Kendrick Lamar - tv off (Official Audio),Kendrick Lamar,I love your music 🎶😍,1
Kendrick Lamar,Boom bap / Lyric,U8F5G5wR1mk,Kendrick Lamar - tv off (Official Audio),Kendrick Lamar,❤❤❤❤❤,0
Kendrick Lamar,Boom bap / Lyric,U8F5G5wR1mk,Kendrick Lamar - tv off (Official Audio),Kendrick Lamar,worst fucking artist to ever exist by cliffton vassell,0
Kendrick Lamar,Boom bap / Lyric,U8F5G5wR1mk,Kendrick Lamar - tv off (Official Audio),Kendrick Lamar,“I’d cut my granny off if she didn’t see it how I see it” cold ass bar even after the hundredth time hearing it.,0
Kendrick Lamar,Boom bap / Lyric,U8F5G5wR1mk,Kendrick Lamar - tv off (Official Audio),Kendrick Lamar,MUSTAAAAAAAAAAAAAAAAAAAAAAAARD!,1
Kendrick Lamar,Boom bap / Lyric,U8F5G5wR1mk,Kendrick Lamar - tv off (Official Audio),Kendrick Lamar,Future metro boom boom boomin just vibing the viber during highness of weed. With this vibe you can kill everyone's vibe.,1
Kendrick Lamar,Boom bap / Lyric,U8F5G5wR1mk,Kendrick Lamar - tv off (Official Audio),Kendrick Lamar,https://www.youtube.com/watch?v=j61Y_jjFwh8,0
Kendrick Lamar,Boom bap / Lyric,U8F5G5wR1mk,Kendrick Lamar - tv off (Official Audio),Kendrick Lamar,The Root of all evil,1
Kendrick Lamar,Boom bap / Lyric,U8F5G5wR1mk,Kendrick Lamar - tv off (Official Audio),Kendrick Lamar,Somebody gotta do it,1
Kendrick Lamar,Boom bap / Lyric,U8F5G5wR1mk,Kendrick Lamar - tv off (Official Audio),Kendrick Lamar,Jouleee Koundeee❤️💙,0
Kendrick Lamar,Boom bap / Lyric,U8F5G5wR1mk,Kendrick Lamar - tv off (Official Audio),Kendrick Lamar,Mustard dddddd,1
Kendrick Lamar,Boom bap / Lyric,U8F5G5wR1mk,Kendrick Lamar - tv off (Official Audio),Kendrick Lamar,Is this the censored version,0
Kendrick Lamar,Boom bap / Lyric,U8F5G5wR1mk,Kendrick Lamar - tv off (Official Audio),Kendrick Lamar,Mustardddddddddďdddddddddddddddddd and ketchupppppppppppppppppppppppppp😂😂😂😂😂😂😂😂,0
Kendrick Lamar,Boom bap / Lyric,U8F5G5wR1mk,Kendrick Lamar - tv off (Official Audio),Kendrick Lamar,This my fav song,0
Kendrick Lamar,Boom bap / Lyric,U8F5G5wR1mk,Kendrick Lamar - tv off (Official Audio),Kendrick Lamar,"Yo how are y'all STILL going on about drake in these comments in 2026 😂 

Move on from the beef and enjoy the music for what it is instead of trying to stir arguments for attention",0
Kendrick Lamar,Boom bap / Lyric,U8F5G5wR1mk,Kendrick Lamar - tv off (Official Audio),Kendrick Lamar,Ketchup,0
Kendrick Lamar,Boom bap / Lyric,U8F5G5wR1mk,Kendrick Lamar - tv off (Official Audio),Kendrick Lamar,2:12 2:13,0
Kendrick Lamar,Boom bap / Lyric,U8F5G5wR1mk,Kendrick Lamar - tv off (Official Audio),Kendrick Lamar,2026 well of course ❤,0
Kendrick Lamar,Boom bap / Lyric,U8F5G5wR1mk,Kendrick Lamar - tv off (Official Audio),Kendrick Lamar,BOZZ MOVEZ 💨💯🌹💜🔥🔥🔥,1
Kendrick Lamar,Boom bap / Lyric,U8F5G5wR1mk,Kendrick Lamar - tv off (Official Audio),Kendrick Lamar,Nive,0
Kendrick Lamar,Boom bap / Lyric,U8F5G5wR1mk,Kendrick Lamar - tv off (Official Audio),Kendrick Lamar,Who's here in 2026?,2
Kendrick Lamar,Boom bap / Lyric,U8F5G5wR1mk,Kendrick Lamar - tv off (Official Audio),Kendrick Lamar,Who’s still here in 2038?,2
Kendrick Lamar,Boom bap / Lyric,U8F5G5wR1mk,Kendrick Lamar - tv off (Official Audio),Kendrick Lamar,❤❤❤❤😊😊😊😊eve,0
Kendrick Lamar,Boom bap / Lyric,U8F5G5wR1mk,Kendrick Lamar - tv off (Official Audio),Kendrick Lamar,Spooky lary indeed,0
Kendrick Lamar,Boom bap / Lyric,U8F5G5wR1mk,Kendrick Lamar - tv off (Official Audio),Kendrick Lamar,146 gotta get a nigga off im from 4KT NBA PSALM 23 4/19/O⸸ ♕ MAKE AMERICA SLIME AGAIN 🐌,0
Kendrick Lamar,Boom bap / Lyric,U8F5G5wR1mk,Kendrick Lamar - tv off (Official Audio),Kendrick Lamar,4KT NBA PSALM 23 4/19/O⸸ ♕ MAKE AMERICA SLIME AGAIN 🐌,0
Kendrick Lamar,Boom bap / Lyric,U8F5G5wR1mk,Kendrick Lamar - tv off (Official Audio),Kendrick Lamar,MAGA made me MASA  4/19/O⸸ ♕,0
Kendrick Lamar,Boom bap / Lyric,U8F5G5wR1mk,Kendrick Lamar - tv off (Official Audio),Kendrick Lamar,4/19/O⸸ ♕,0
Kendrick Lamar,Boom bap / Lyric,U8F5G5wR1mk,Kendrick Lamar - tv off (Official Audio),Kendrick Lamar,Give them what they ask for !!!!!!😢😢😂😂,1
Kendrick Lamar,Boom bap / Lyric,U8F5G5wR1mk,Kendrick Lamar - tv off (Official Audio),Kendrick Lamar,SLIME SLAT SLAT ATLANTA U 🦉🌟🌟🌟,0
Kendrick Lamar,Boom bap / Lyric,U8F5G5wR1mk,Kendrick Lamar - tv off (Official Audio),Kendrick Lamar,Kdot 🦸🏻‍♂️,0
Kendrick Lamar,Boom bap / Lyric,U8F5G5wR1mk,Kendrick Lamar - tv off (Official Audio),Kendrick Lamar,I think he likes mustard,0
Kendrick Lamar,Boom bap / Lyric,U8F5G5wR1mk,Kendrick Lamar - tv off (Official Audio),Kendrick Lamar,I think he likes mustard,0
Kendrick Lamar,Boom bap / Lyric,U8F5G5wR1mk,Kendrick Lamar - tv off (Official Audio),Kendrick Lamar,I think he likes mustard,0
Kendrick Lamar,Boom bap / Lyric,U8F5G5wR1mk,Kendrick Lamar - tv off (Official Audio),Kendrick Lamar,2026 still banging this anthem,3
Kendrick Lamar,Boom bap / Lyric,U8F5G5wR1mk,Kendrick Lamar - tv off (Official Audio),Kendrick Lamar,Y SEE DEAD PEOPLE,0
Kendrick Lamar,Boom bap / Lyric,U8F5G5wR1mk,Kendrick Lamar - tv off (Official Audio),Kendrick Lamar,BLACKAA 🔥🔥🔥🔥,0
Kendrick Lamar,Boom bap / Lyric,U8F5G5wR1mk,Kendrick Lamar - tv off (Official Audio),Kendrick Lamar,BLACKAA,0
Kendrick Lamar,Boom bap / Lyric,U8F5G5wR1mk,Kendrick Lamar - tv off (Official Audio),Kendrick Lamar,those who run and sue should lny br calleim themselves killers and gangsters and rappers naww,0
Kendrick Lamar,Boom bap / Lyric,U8F5G5wR1mk,Kendrick Lamar - tv off (Official Audio),Kendrick Lamar,Kendrick forever,0
Kendrick Lamar,Boom bap / Lyric,U8F5G5wR1mk,Kendrick Lamar - tv off (Official Audio),Kendrick Lamar,turn the tv off facts let's hear that real shit Kendrick,0
Kendrick Lamar,Boom bap / Lyric,U8F5G5wR1mk,Kendrick Lamar - tv off (Official Audio),Kendrick Lamar,Who here is 2026? This song mustard,2
Kendrick Lamar,Boom bap / Lyric,U8F5G5wR1mk,Kendrick Lamar - tv off (Official Audio),Kendrick Lamar,🔥  fire 🔥  🔥  w song 🎵 🔥 👌 🙌,0
Kendrick Lamar,Boom bap / Lyric,U8F5G5wR1mk,Kendrick Lamar - tv off (Official Audio),Kendrick Lamar,I still remember when he did this song at the Super Bowl LEGENDARY,0
Kendrick Lamar,Boom bap / Lyric,U8F5G5wR1mk,Kendrick Lamar - tv off (Official Audio),Kendrick Lamar,67,1
Kendrick Lamar,Boom bap / Lyric,U8F5G5wR1mk,Kendrick Lamar - tv off (Official Audio),Kendrick Lamar,"did you just say your last name, is m u s t a r d?",0
Kendrick Lamar,Boom bap / Lyric,U8F5G5wR1mk,Kendrick Lamar - tv off (Official Audio),Kendrick Lamar,MUSTAARD,0
Kendrick Lamar,Boom bap / Lyric,U8F5G5wR1mk,Kendrick Lamar - tv off (Official Audio),Kendrick Lamar,"What do you want from McDonald’s burger, mustard no the beat ho",2
Kendrick Lamar,Boom bap / Lyric,U8F5G5wR1mk,Kendrick Lamar - tv off (Official Audio),Kendrick Lamar,Anyone in 2026 👇,16
Kendrick Lamar,Boom bap / Lyric,U8F5G5wR1mk,Kendrick Lamar - tv off (Official Audio),Kendrick Lamar,3:00 me say muuuuuuuuuuuuuassssssssssssstttttttttttrrrrrrrrrrrrrddddddddddddddd😂,1
Kendrick Lamar,Boom bap / Lyric,U8F5G5wR1mk,Kendrick Lamar - tv off (Official Audio),Kendrick Lamar,Kendrick llamarrrr ❤❤❤,1
Kendrick Lamar,Boom bap / Lyric,U8F5G5wR1mk,Kendrick Lamar - tv off (Official Audio),Kendrick Lamar,##MUSTARD😂😂😂😂😮😮😮,1
Kendrick Lamar,Boom bap / Lyric,U8F5G5wR1mk,Kendrick Lamar - tv off (Official Audio),Kendrick Lamar,Kendrick is good,3
Kendrick Lamar,Boom bap / Lyric,U8F5G5wR1mk,Kendrick Lamar - tv off (Official Audio),Kendrick Lamar,💫💫💫💫💫💫💫💫💫💫💫💅,1
Kendrick Lamar,Boom bap / Lyric,U8F5G5wR1mk,Kendrick Lamar - tv off (Official Audio),Kendrick Lamar,I’m still here Kenny!!!🎉🎉🎉 2026,0
Kendrick Lamar,Boom bap / Lyric,U8F5G5wR1mk,Kendrick Lamar - tv off (Official Audio),Kendrick Lamar,"siema, jestes fanem mojego ziomka oliwiera draguna",0
Kendrick Lamar,Boom bap / Lyric,U8F5G5wR1mk,Kendrick Lamar - tv off (Official Audio),Kendrick Lamar,😊😊😊😊😊😊😊😊😊😊,0
Kendrick Lamar,Boom bap / Lyric,U8F5G5wR1mk,Kendrick Lamar - tv off (Official Audio),Kendrick Lamar,Kendr.\nIck lamar peak,0
Kendrick Lamar,Boom bap / Lyric,U8F5G5wR1mk,Kendrick Lamar - tv off (Official Audio),Kendrick Lamar,FEW DROPS OF MUSTARD LEFT BUT ITS NOT ENOUGH,1
Kendrick Lamar,Boom bap / Lyric,U8F5G5wR1mk,Kendrick Lamar - tv off (Official Audio),Kendrick Lamar,3:30 for Lefty gunplay,0
Kendrick Lamar,Boom bap / Lyric,U8F5G5wR1mk,Kendrick Lamar - tv off (Official Audio),Kendrick Lamar,"🙋🏾‍♂️ Drake fan here, Kendrick is a self proclaimed hater that was summoned to destroy Drake by the mayo man. He got his belly rubbed like a good dog by receiving trophies. Damn cuz, don’t y’all seeeeee",1
Kendrick Lamar,Boom bap / Lyric,U8F5G5wR1mk,Kendrick Lamar - tv off (Official Audio),Kendrick Lamar,🎉🎉🎉🎉🎉,1
Kendrick Lamar,Boom bap / Lyric,U8F5G5wR1mk,Kendrick Lamar - tv off (Official Audio),Kendrick Lamar,Ngl the worst thing that happened to this song was the beat switch.,1
Kendrick Lamar,Boom bap / Lyric,U8F5G5wR1mk,Kendrick Lamar - tv off (Official Audio),Kendrick Lamar,Like I'm getting angry mom getting angry mom,0
Kendrick Lamar,Boom bap / Lyric,U8F5G5wR1mk,Kendrick Lamar - tv off (Official Audio),Kendrick Lamar,Kamar is not a g,0
Kendrick Lamar,Boom bap / Lyric,U8F5G5wR1mk,Kendrick Lamar - tv off (Official Audio),Kendrick Lamar,Ain’t no way 2024 starting to feel nostalgic from all this 💀,0
Kendrick Lamar,Boom bap / Lyric,U8F5G5wR1mk,Kendrick Lamar - tv off (Official Audio),Kendrick Lamar,This guys just straight Nasty . Mad battle axe warrior here! Why u got some?😂,0
Kendrick Lamar,Boom bap / Lyric,U8F5G5wR1mk,Kendrick Lamar - tv off (Official Audio),Kendrick Lamar,MUSTAAAAAAAAAAAAAAAAAAAAARD,1
Kendrick Lamar,Boom bap / Lyric,U8F5G5wR1mk,Kendrick Lamar - tv off (Official Audio),Kendrick Lamar,Yaaaaaaaaap,1
Kendrick Lamar,Boom bap / Lyric,U8F5G5wR1mk,Kendrick Lamar - tv off (Official Audio),Kendrick Lamar,Me: Yo Kendrick what do you want on your hotdog?       Kendrick: MUSTAAAAAAAAAAAAAAAAAAAAAAAAAAAAAAAAAAAAAAAAAAAAAARD,5
Kendrick Lamar,Boom bap / Lyric,U8F5G5wR1mk,Kendrick Lamar - tv off (Official Audio),Kendrick Lamar,geeez,0
Kendrick Lamar,Boom bap / Lyric,U8F5G5wR1mk,Kendrick Lamar - tv off (Official Audio),Kendrick Lamar,Lol,0
Kendrick Lamar,Boom bap / Lyric,U8F5G5wR1mk,Kendrick Lamar - tv off (Official Audio),Kendrick Lamar,We do it,0
Kendrick Lamar,Boom bap / Lyric,U8F5G5wR1mk,Kendrick Lamar - tv off (Official Audio),Kendrick Lamar,If it ain't me and butter for rael,1
Kendrick Lamar,Boom bap / Lyric,U8F5G5wR1mk,Kendrick Lamar - tv off (Official Audio),Kendrick Lamar,Of it anye and butter I don't know,0
Kendrick Lamar,Boom bap / Lyric,U8F5G5wR1mk,Kendrick Lamar - tv off (Official Audio),Kendrick Lamar,dis shi is full on fire when u studying like dis guy has to always make bangers like dis like damyumm!...,0
Kendrick Lamar,Boom bap / Lyric,U8F5G5wR1mk,Kendrick Lamar - tv off (Official Audio),Kendrick Lamar,Put mustard on your burger rrrrrerrrrerrerr,0
Kendrick Lamar,Boom bap / Lyric,U8F5G5wR1mk,Kendrick Lamar - tv off (Official Audio),Kendrick Lamar,2:03,0
Kendrick Lamar,Boom bap / Lyric,U8F5G5wR1mk,Kendrick Lamar - tv off (Official Audio),Kendrick Lamar,Go Kendrick❤❤❤❤❤❤❤❤🎉🎉🎉🎉🎉🎉🎉🎉😊😊😊😊😊😊😊😊😊😊,2
Kendrick Lamar,Boom bap / Lyric,U8F5G5wR1mk,Kendrick Lamar - tv off (Official Audio),Kendrick Lamar,GSG 🤘,1
Kendrick Lamar,Boom bap / Lyric,U8F5G5wR1mk,Kendrick Lamar - tv off (Official Audio),Kendrick Lamar,Olive Garden Employee: Is this enough cheese.  Kendrick: mmmm ITS NOT ENOUGH!,62
Kendrick Lamar,Boom bap / Lyric,U8F5G5wR1mk,Kendrick Lamar - tv off (Official Audio),Kendrick Lamar,MUSTAAAAAAAAAAAARDDDD,5
Kendrick Lamar,Boom bap / Lyric,U8F5G5wR1mk,Kendrick Lamar - tv off (Official Audio),Kendrick Lamar,Everyone is going to spam MUSTARDDDDDD for years,1
Kendrick Lamar,Boom bap / Lyric,U8F5G5wR1mk,Kendrick Lamar - tv off (Official Audio),Kendrick Lamar,"Dude, TURN THAT TV OFF😭😭😭",1
Kendrick Lamar,Boom bap / Lyric,U8F5G5wR1mk,Kendrick Lamar - tv off (Official Audio),Kendrick Lamar,2:04 MUSTARDDDDDDDDEDDDEDDDDD!!!!!!,0
Kendrick Lamar,Boom bap / Lyric,U8F5G5wR1mk,Kendrick Lamar - tv off (Official Audio),Kendrick Lamar,3:07,0
Kendrick Lamar,Boom bap / Lyric,U8F5G5wR1mk,Kendrick Lamar - tv off (Official Audio),Kendrick Lamar,1:55,0
Kendrick Lamar,Boom bap / Lyric,U8F5G5wR1mk,Kendrick Lamar - tv off (Official Audio),Kendrick Lamar,1:56 3:06,0
Kendrick Lamar,Boom bap / Lyric,U8F5G5wR1mk,Kendrick Lamar - tv off (Official Audio),Kendrick Lamar,Yes again,1
Kendrick Lamar,Boom bap / Lyric,U8F5G5wR1mk,Kendrick Lamar - tv off (Official Audio),Kendrick Lamar,Again,1
Kendrick Lamar,Boom bap / Lyric,U8F5G5wR1mk,Kendrick Lamar - tv off (Official Audio),Kendrick Lamar,Bull 69 to keyboard cat,1
Kendrick Lamar,Boom bap / Lyric,U8F5G5wR1mk,Kendrick Lamar - tv off (Official Audio),Kendrick Lamar,Mangos,0
Kendrick Lamar,Boom bap / Lyric,U8F5G5wR1mk,Kendrick Lamar - tv off (Official Audio),Kendrick Lamar,Halfway through this song and I’m dancing so big… was not expecting that ha ha ha ha ha ha ha ha ha ha,0
Kendrick Lamar,Boom bap / Lyric,U8F5G5wR1mk,Kendrick Lamar - tv off (Official Audio),Kendrick Lamar,❤❤❤❤❤❤❤❤❤❤❤❤❤❤❤❤❤❤❤❤❤❤❤❤❤❤❤❤❤❤❤❤❤❤❤❤❤❤❤❤❤❤❤❤❤❤❤❤❤❤❤❤❤❤❤❤❤❤❤❤,0
Kendrick Lamar,Boom bap / Lyric,U8F5G5wR1mk,Kendrick Lamar - tv off (Official Audio),Kendrick Lamar,This performance is worth sharing It made my day better.,0
Kendrick Lamar,Boom bap / Lyric,U8F5G5wR1mk,Kendrick Lamar - tv off (Official Audio),Kendrick Lamar,The content is top notch It made my day better.,0
Kendrick Lamar,Boom bap / Lyric,U8F5G5wR1mk,Kendrick Lamar - tv off (Official Audio),Kendrick Lamar,This channel is well made I will definitely recommend this.,0
Kendrick Lamar,Boom bap / Lyric,U8F5G5wR1mk,Kendrick Lamar - tv off (Official Audio),Kendrick Lamar,This channel is underrated It deserves more views.,0
Kendrick Lamar,Boom bap / Lyric,U8F5G5wR1mk,Kendrick Lamar - tv off (Official Audio),Kendrick Lamar,The editing is very impressive I enjoyed every second of it.,0
Kendrick Lamar,Boom bap / Lyric,U8F5G5wR1mk,Kendrick Lamar - tv off (Official Audio),Kendrick Lamar,MUSTAAAAAAAAAAAAAAAAAAAAAAAAAAAAAAAAAAAAAAAAAAAAAAAAAAAAAAAAAAAAAAAAAAAAAAAAAAAAAAAAAAAAAAAAAAAAAAAAAAAAAAAAAAAAAAAAAAAAAAAAAAAAAAAAAAAAAAAAAAAAAAAARD,1
Kendrick Lamar,Boom bap / Lyric,U8F5G5wR1mk,Kendrick Lamar - tv off (Official Audio),Kendrick Lamar,The root of all evil,2
Kendrick Lamar,Boom bap / Lyric,U8F5G5wR1mk,Kendrick Lamar - tv off (Official Audio),Kendrick Lamar,2:04 everyone has been waiting,3
Kendrick Lamar,Boom bap / Lyric,U8F5G5wR1mk,Kendrick Lamar - tv off (Official Audio),Kendrick Lamar,We survived outside all from the Psalms 😂😂😂❤❤❤,1
Kendrick Lamar,Boom bap / Lyric,U8F5G5wR1mk,Kendrick Lamar - tv off (Official Audio),Kendrick Lamar,"I am sorry but Kendrick Lamar, Sza and Mustard shut the half time die",1
Kendrick Lamar,Boom bap / Lyric,U8F5G5wR1mk,Kendrick Lamar - tv off (Official Audio),Kendrick Lamar,Cub Swansons retirement walk out song 🤟,4
Kendrick Lamar,Boom bap / Lyric,U8F5G5wR1mk,Kendrick Lamar - tv off (Official Audio),Kendrick Lamar,I love the mustard part,5
Kendrick Lamar,Boom bap / Lyric,U8F5G5wR1mk,Kendrick Lamar - tv off (Official Audio),Kendrick Lamar,I don’t like this song I love it 😍😍😍,0
Kendrick Lamar,Boom bap / Lyric,U8F5G5wR1mk,Kendrick Lamar - tv off (Official Audio),Kendrick Lamar,MUSTARRRRDDD! is going to get us all out of our alzheimer trance,0
Kendrick Lamar,Boom bap / Lyric,U8F5G5wR1mk,Kendrick Lamar - tv off (Official Audio),Kendrick Lamar,Too classic.,0
Kendrick Lamar,Boom bap / Lyric,U8F5G5wR1mk,Kendrick Lamar - tv off (Official Audio),Kendrick Lamar,Who's here april 2026,1
Kendrick Lamar,Boom bap / Lyric,U8F5G5wR1mk,Kendrick Lamar - tv off (Official Audio),Kendrick Lamar,And the fact is the people who have the most votes are,0
Kendrick Lamar,Boom bap / Lyric,U8F5G5wR1mk,Kendrick Lamar - tv off (Official Audio),Kendrick Lamar,Nice house huh,0
Kendrick Lamar,Boom bap / Lyric,U8F5G5wR1mk,Kendrick Lamar - tv off (Official Audio),Kendrick Lamar,Thumbs 👍 qas,0
Kendrick Lamar,Boom bap / Lyric,U8F5G5wR1mk,Kendrick Lamar - tv off (Official Audio),Kendrick Lamar,You got a friend in me,1
Kendrick Lamar,Boom bap / Lyric,U8F5G5wR1mk,Kendrick Lamar - tv off (Official Audio),Kendrick Lamar,You got a friend in me kendrick,1
Kendrick Lamar,Boom bap / Lyric,U8F5G5wR1mk,Kendrick Lamar - tv off (Official Audio),Kendrick Lamar,"""MARSTOOOOOOOOOON""🗣❗❗❗",5
Kendrick Lamar,Boom bap / Lyric,U8F5G5wR1mk,Kendrick Lamar - tv off (Official Audio),Kendrick Lamar,I CANNOT keep track of how many people talk about kendrick saying mustard </3,1
Kendrick Lamar,Boom bap / Lyric,U8F5G5wR1mk,Kendrick Lamar - tv off (Official Audio),Kendrick Lamar,I like this part,1
Kendrick Lamar,Boom bap / Lyric,U8F5G5wR1mk,Kendrick Lamar - tv off (Official Audio),Kendrick Lamar,MUSTAAAAAAAAAAAAAAAAAAAAAAAAAAÀAAAAAAAAAAAAAAAAAAAAAAAAAAAAAAAAAARD🗣🗣🗣2026,8
Kendrick Lamar,Boom bap / Lyric,U8F5G5wR1mk,Kendrick Lamar - tv off (Official Audio),Kendrick Lamar,Like this is real life shit.,0
Kendrick Lamar,Boom bap / Lyric,U8F5G5wR1mk,Kendrick Lamar - tv off (Official Audio),Kendrick Lamar,oh yeah turn tis tv offfff ohh,0
Kendrick Lamar,Boom bap / Lyric,U8F5G5wR1mk,Kendrick Lamar - tv off (Official Audio),Kendrick Lamar,Its been over a year and this song still sucks ass...Kendrick is the most over  rated artist of all time,0
Kendrick Lamar,Boom bap / Lyric,U8F5G5wR1mk,Kendrick Lamar - tv off (Official Audio),Kendrick Lamar,Drake3 alllllllllllll adaaaaaaaay !!!!!!!!!!!!!,0
Kendrick Lamar,Boom bap / Lyric,U8F5G5wR1mk,Kendrick Lamar - tv off (Official Audio),Kendrick Lamar,I’m back here after one year. Still slaps.,0
Kendrick Lamar,Boom bap / Lyric,U8F5G5wR1mk,Kendrick Lamar - tv off (Official Audio),Kendrick Lamar,"All I ever wanted was a Black Grand National
- bein' rational, give 'em what they ask for
There's not enough (ay)
Few solid - left, but it's not enough
Few - that'll really step, but it's not enough
Say you bigger than myself, but it's not enough (huh)
I get on they -, yeah, somebody gotta do it
I make 'em - mad, yeah, somebody gotta do it
I take a G-pass, yeah, watch a - do it (huh)
We survived outside, all from the music, -, what?
They like, ""What he on?""
It's the Alpha and Omega, -, welcome home
This is not a song
This a revelation, ""How to get a - gone""
You need your man, baby, I don't wanna slam, baby
Pay your bill and make you feel protected like I can, baby
Teach you somethin' if you need correction, that's the plan, baby
Don't put your life in these weird - hands, baby (wop)
There's not enough (ay)
Few solid - left, but it's not enough
Few - that'll really step, but it's not enough
Say you bigger than myself, but it's not enough (huh)
I get on they -, yeah, somebody gotta do it
I make 'em - mad, yeah, somebody gotta do it
I take a G-pass, yeah, watch a - do it (huh)
We survived outside, all from the music, -, what?
Hey, turn this TV off
Ain't with my type activities? Then don't you get involved
Hey, what, huh, how many - I seen? Seen 'em all
Take a rest or take a trip, you know I'm trippin' for my dawg
Who you with? Couple sergeants and lieutenants for the get-back
This revolution been televised, I fell through with the knick-knacks
Hey, young -, get your chili up, yeah, I meant that
Hey, blackout if they act out, yeah, I did that
Hey, what's up, dawg?
I hate a - that's hatin' on a - and they both -
I hate a - hatin' on 'em - and they both broke
If you ain't comin' for no chili, what you come for?
- feel like he entitled 'cause he knew me since a kid
-, I cut my granny off, if she won't see it how I see it
Hm, got a big mouth, but he lack big ideas
Send him to the moon, that's just how I feel yellin'
There's not enough (ay)
Few solid - left, but it's not enough
Few - that'll really step, but it's not enough
Say you bigger than myself, but it's not enough
Huh, huh, huh
Hey, hey (Mustard on the beat, -)
Mustard
- actin' bad, but somebody gotta do it
Got my foot up on the gas, but somebody gotta do it
Huh, turn this TV off, turn this TV off
Huh, turn this TV off, turn this TV off
Huh, turn this TV off, turn this TV off
Huh, turn this TV off, turn this TV off
Ain't no other king in this rap thing, they siblings
Nothin' but my children, one shot, they disappearin'
I'm in a city where the flag be gettin' thrown like it was
Pass interference, padlock around the buildin'
Crash, pullin' up in a marked truck just to play freeze tag
With a bone to pick, like it was sea bass
So when I made it out, I made about 50K from a show
Tryna show - the ropes before they hung from a rope
I'm prophetic, they only talk about it, I get it
Only good for savin' face, seen the cosmetics
How many heads I gotta take to level my aesthetics?
Hurry up and get your muscle up, we out to plyometric
- ran up out of luck soon as I up the highest metric
The city just made it sweet, you could die, I bet it
They mouth get full of deceit, let these cowards tell it
Walk in New Orleans with the etiquette of LA, yellin'
Mustard (oh, man)
- actin' bad, but somebody gotta do it
Got my foot up on the gas, but somebody gotta do it
Huh, turn this TV off, turn this TV off
Huh, turn this TV off, turn this TV off
Huh, turn this TV off, turn this TV off
Huh, turn this TV off, turn this TV off
- gets crazy, scary, spooky, hilarious
Crazy, scary, spooky, hilarious
- gets crazy, scary, spooky, hilarious
Crazy, scary, spooky, hilarious
- gets crazy, scary, spooky, hilarious
Crazy, scary, spooky, hilarious
- gets crazy, scary, spooky, hilarious
Crazy, scary, spooky, hilarious",0
Kendrick Lamar,Boom bap / Lyric,U8F5G5wR1mk,Kendrick Lamar - tv off (Official Audio),Kendrick Lamar,FUCK BEING RATIONAL,0
Kendrick Lamar,Boom bap / Lyric,U8F5G5wR1mk,Kendrick Lamar - tv off (Official Audio),Kendrick Lamar,Crazy scary spooky hilarious,1
Kendrick Lamar,Boom bap / Lyric,U8F5G5wR1mk,Kendrick Lamar - tv off (Official Audio),Kendrick Lamar,One of the best songs on the album,0
Kendrick Lamar,Boom bap / Lyric,U8F5G5wR1mk,Kendrick Lamar - tv off (Official Audio),Kendrick Lamar,"""I prefer ketchup more...""
kendrick: ""GET OUT, MUSTARDDDDDDDDDDD""",0
Kendrick Lamar,Boom bap / Lyric,U8F5G5wR1mk,Kendrick Lamar - tv off (Official Audio),Kendrick Lamar,TVVVVVVVVVVVVVVVVVVVVVVVV OFFFFFFFFFFFFFFFFFFFFFF,0
Kendrick Lamar,Boom bap / Lyric,U8F5G5wR1mk,Kendrick Lamar - tv off (Official Audio),Kendrick Lamar,This is gonna be  the new2026 trend fr,0
Kendrick Lamar,Boom bap / Lyric,U8F5G5wR1mk,Kendrick Lamar - tv off (Official Audio),Kendrick Lamar,When I was at my mothers job then we left I played this song and I felt something,0
Kendrick Lamar,Boom bap / Lyric,U8F5G5wR1mk,Kendrick Lamar - tv off (Official Audio),Kendrick Lamar,"Pov me: you like this channel 
Pov kendrick: turn the tv off",1
Kendrick Lamar,Boom bap / Lyric,U8F5G5wR1mk,Kendrick Lamar - tv off (Official Audio),Kendrick Lamar,😂,0
Kendrick Lamar,Boom bap / Lyric,U8F5G5wR1mk,Kendrick Lamar - tv off (Official Audio),Kendrick Lamar,Does he say liven on that beat no before he says MUSTARRRRRRRRRT,0
Kendrick Lamar,Boom bap / Lyric,U8F5G5wR1mk,Kendrick Lamar - tv off (Official Audio),Kendrick Lamar,no way this shit won best rap song over The Birds Don't Sing 😭,0
Kendrick Lamar,Boom bap / Lyric,U8F5G5wR1mk,Kendrick Lamar - tv off (Official Audio),Kendrick Lamar,😮😂😂😂😂😂😂😂😂😂😂😂😂😂😂😂😂😂😂😂😂😂😂😂ff$&&&&&,0
Kendrick Lamar,Boom bap / Lyric,U8F5G5wR1mk,Kendrick Lamar - tv off (Official Audio),Kendrick Lamar,I think Kendrick Lamar has more subscribers than Eminem Kendrick Lamar has 20.1 million subs,0
Kendrick Lamar,Boom bap / Lyric,U8F5G5wR1mk,Kendrick Lamar - tv off (Official Audio),Kendrick Lamar,"Sir, do you want anything on your hotdog?



Kendrick: mustaaaaaaaaaaaaaaaaaaaaaaaaaaaaaaaaaaaaaaaaaaaaaaaaaaaaaaaaaaaaaaaaaaaaaaaaaaaaaaaaaaaaaaaaaard",0
Kendrick Lamar,Boom bap / Lyric,U8F5G5wR1mk,Kendrick Lamar - tv off (Official Audio),Kendrick Lamar,Artillles introduced me to this music,0
Kendrick Lamar,Boom bap / Lyric,U8F5G5wR1mk,Kendrick Lamar - tv off (Official Audio),Kendrick Lamar,67k comments naaaah heeeell nahhhh ☠️,0
Kendrick Lamar,Boom bap / Lyric,U8F5G5wR1mk,Kendrick Lamar - tv off (Official Audio),Kendrick Lamar,""" sauce?""


  Kendrick :Mustaaaaàaaaaaaaaaaaaaaaaaaaaaaaaaaaaaaaaaaaaaaaaaaaaard!!!!!!",1
Kendrick Lamar,Boom bap / Lyric,U8F5G5wR1mk,Kendrick Lamar - tv off (Official Audio),Kendrick Lamar,MUSTARDDDDDDDDD!!!!!!!! 2:02,0
Kendrick Lamar,Boom bap / Lyric,U8F5G5wR1mk,Kendrick Lamar - tv off (Official Audio),Kendrick Lamar,2:05,2
Kendrick Lamar,Boom bap / Lyric,U8F5G5wR1mk,Kendrick Lamar - tv off (Official Audio),Kendrick Lamar,👥☠️☠️🥴👹👹,0
Kendrick Lamar,Boom bap / Lyric,U8F5G5wR1mk,Kendrick Lamar - tv off (Official Audio),Kendrick Lamar,Masterrrrrrrrrrrrrrrrrrrrrrrr!!!!!!!!!!!!!!!!!!!!!!!!!,1
Kendrick Lamar,Boom bap / Lyric,U8F5G5wR1mk,Kendrick Lamar - tv off (Official Audio),Kendrick Lamar,I’m sticking to the 6,0
Kendrick Lamar,Boom bap / Lyric,U8F5G5wR1mk,Kendrick Lamar - tv off (Official Audio),Kendrick Lamar,W mustard song at the super bowl,0
Kendrick Lamar,Boom bap / Lyric,U8F5G5wR1mk,Kendrick Lamar - tv off (Official Audio),Kendrick Lamar,Muuuuuuuuuuuuuuuuuuuuuuuuuuuiuiuuuuuiuiuuuuuuuuuuuuuuuuuuiuųuuuuuuuuuuuuuuuuuuuuuuuuuuiuiuiuiuiuuuuuiuuuiuiuiuiuiuiuiuiuiuiuiusdard,1
Kendrick Lamar,Boom bap / Lyric,U8F5G5wR1mk,Kendrick Lamar - tv off (Official Audio),Kendrick Lamar,I’ll wack my granny off if she don’t see it how I see it 😐,0
Kendrick Lamar,Boom bap / Lyric,NPqDIwWMtxg,euphoria,Kendrick Lamar,"4:05 I hate the way that you walk
Drake: Haha idc",0
Kendrick Lamar,Boom bap / Lyric,NPqDIwWMtxg,euphoria,Kendrick Lamar,4:34 sexy red 😂,0
Kendrick Lamar,Boom bap / Lyric,NPqDIwWMtxg,euphoria,Kendrick Lamar,My best out every diss in the beef 🔥🔥🔥,0
Kendrick Lamar,Boom bap / Lyric,NPqDIwWMtxg,euphoria,Kendrick Lamar,"Some of us take things serious. Thats about 10% outta all you humans. We bet it all i just realized ive done so ever since 20 im 27 i was a wild bird out the cage who just wanted to unalive itself based on how life played the movie. Not in a suicidal way because. i was untouchable i was that throwaway that wanted to break and humiliate. specially bigger guys people who are suppoused to be better. ""Suppoused"" lol i broke them all. Except me. I wonder why yahweh needs me here with yall. Im trying to keep the monster in control. But seeing so many bark and not bite. Its tricky when you on kill mode.",0
Kendrick Lamar,Boom bap / Lyric,NPqDIwWMtxg,euphoria,Kendrick Lamar,9:18 fye,0
Kendrick Lamar,Boom bap / Lyric,NPqDIwWMtxg,euphoria,Kendrick Lamar,Sirius is definitely less fun than orion but when theyre 15/10 and 20/10 on the fun scale does it really matter?,0
Kendrick Lamar,Boom bap / Lyric,NPqDIwWMtxg,euphoria,Kendrick Lamar,bet this went hard with the redditors,0
Kendrick Lamar,Boom bap / Lyric,NPqDIwWMtxg,euphoria,Kendrick Lamar,Panda like,1
Kendrick Lamar,Boom bap / Lyric,NPqDIwWMtxg,euphoria,Kendrick Lamar,damn,0
Kendrick Lamar,Boom bap / Lyric,NPqDIwWMtxg,euphoria,Kendrick Lamar,❤️‍🔥,1
Kendrick Lamar,Boom bap / Lyric,NPqDIwWMtxg,euphoria,Kendrick Lamar,This song is trash,0
Kendrick Lamar,Boom bap / Lyric,NPqDIwWMtxg,euphoria,Kendrick Lamar,😂😂😂 Tyler I’ll never forgive you for the India Irie diss 😂😂😂😂 shi was funny asf then and still is now.,0
Kendrick Lamar,Boom bap / Lyric,NPqDIwWMtxg,euphoria,Kendrick Lamar,Kendrick taught me there are levels to hate.,0
Kendrick Lamar,Boom bap / Lyric,NPqDIwWMtxg,euphoria,Kendrick Lamar,GOATED diss track,0
Kendrick Lamar,Boom bap / Lyric,NPqDIwWMtxg,euphoria,Kendrick Lamar,Shoo shoo,0
Kendrick Lamar,Boom bap / Lyric,NPqDIwWMtxg,euphoria,Kendrick Lamar,"First Person Shooter: Drake offering a high-five, and Kendrick pulling his hand back to wipe it on his pants.

Push Ups: Drake trying to fight the entire VIP section at once.

Taylor Made Freestyle: Drake using AI Snoop and Tupac like a kid holding up action figures to argue for him.

Euphoria: A six-minute Yelp review detailing exactly why Kendrick hates Drake’s entire existence.

6:16 in LA: Kendrick playing creepy circus music outside Drake’s window at 3 AM.

Family Matters: Dropping a nuke on an empty field, only to turn around and realize Kendrick is standing right behind him.

Meet the Grahams: The audio equivalent of a sleep paralysis demon reading Drake’s diary out loud.

Not Like Us: The entire world doing the Macarena on top of a casket.

The Heart Part 6: Drake tripping down the stairs and yelling, ""I did that on purpose to test gravity!""",0
Kendrick Lamar,Boom bap / Lyric,NPqDIwWMtxg,euphoria,Kendrick Lamar,this is for all my haters,1
Kendrick Lamar,Boom bap / Lyric,NPqDIwWMtxg,euphoria,Kendrick Lamar,Hi,0
Kendrick Lamar,Boom bap / Lyric,NPqDIwWMtxg,euphoria,Kendrick Lamar,Pop out,0
Kendrick Lamar,Boom bap / Lyric,NPqDIwWMtxg,euphoria,Kendrick Lamar,How much did UMG pay to push this against their own artist? Difference between getting out of your deal n mfs letting u outta your deal damnnnnnn,0
Kendrick Lamar,Boom bap / Lyric,NPqDIwWMtxg,euphoria,Kendrick Lamar,Here again🎉,1
Kendrick Lamar,Boom bap / Lyric,NPqDIwWMtxg,euphoria,Kendrick Lamar,Lemme see if Chubz really crash sumn 🤷🏾,1
Kendrick Lamar,Boom bap / Lyric,NPqDIwWMtxg,euphoria,Kendrick Lamar,Happy Juneteenth 🐈‍⬛,4
Kendrick Lamar,Boom bap / Lyric,NPqDIwWMtxg,euphoria,Kendrick Lamar,##MANY MORE BLESSED DAYS TO COME!!!LLAMA❤❤,1
Kendrick Lamar,Boom bap / Lyric,NPqDIwWMtxg,euphoria,Kendrick Lamar,What a magical morning this was when it dropped ✨,2
Kendrick Lamar,Boom bap / Lyric,NPqDIwWMtxg,euphoria,Kendrick Lamar,Two years later and this is still one of the greatest murders I’ve ever witnessed 😂,2
Kendrick Lamar,Boom bap / Lyric,NPqDIwWMtxg,euphoria,Kendrick Lamar,"Ryu, dapat diniss mo nalang si kuya lumar",0
Kendrick Lamar,Boom bap / Lyric,NPqDIwWMtxg,euphoria,Kendrick Lamar,2 years man...,2
Kendrick Lamar,Boom bap / Lyric,NPqDIwWMtxg,euphoria,Kendrick Lamar,"Yep, I stay here. I just don't be saying anything!!!!!",2
Kendrick Lamar,Boom bap / Lyric,NPqDIwWMtxg,euphoria,Kendrick Lamar,Mid mid mid skip skip,1
Kendrick Lamar,Boom bap / Lyric,NPqDIwWMtxg,euphoria,Kendrick Lamar,I wonder how tall Kendrick’s son is gonna grow up.,1
Kendrick Lamar,Boom bap / Lyric,NPqDIwWMtxg,euphoria,Kendrick Lamar,2024 Apr 30 until 2026 Thursday Jun 18th & I'm still listening to this classic ❤,2
Kendrick Lamar,Boom bap / Lyric,NPqDIwWMtxg,euphoria,Kendrick Lamar,Who came here bc drake dropped 3 albums 😂,1
Kendrick Lamar,Boom bap / Lyric,NPqDIwWMtxg,euphoria,Kendrick Lamar,That bell ring is from the undertaker entry music,1
Kendrick Lamar,Boom bap / Lyric,NPqDIwWMtxg,euphoria,Kendrick Lamar,Happy birthday to the 🐐!! I wish I could hear this for the first time again 😣😣,3
Kendrick Lamar,Boom bap / Lyric,NPqDIwWMtxg,euphoria,Kendrick Lamar,Happy Bday Pac & Dot!! I hope ya'll had the BEST fukkin day in Heaven & on Earth!! #HomeTownHeroes 6/16/26 🌴🌴,3
Kendrick Lamar,Boom bap / Lyric,NPqDIwWMtxg,euphoria,Kendrick Lamar,Still hits. Still.,19
Kendrick Lamar,Boom bap / Lyric,NPqDIwWMtxg,euphoria,Kendrick Lamar,We going to have the best hip hop memory to tell our kids lol,4
Kendrick Lamar,Boom bap / Lyric,NPqDIwWMtxg,euphoria,Kendrick Lamar,0:01 everything they say about me is true,4
Kendrick Lamar,Boom bap / Lyric,NPqDIwWMtxg,euphoria,Kendrick Lamar,Cool song but family matters won drake the battle 🧊,1
Kendrick Lamar,Boom bap / Lyric,NPqDIwWMtxg,euphoria,Kendrick Lamar,its 2030 - Melly line is still stick ,6
Kendrick Lamar,Boom bap / Lyric,NPqDIwWMtxg,euphoria,Kendrick Lamar,Let me see if chubbs really crash one was the death sentence,4
Kendrick Lamar,Boom bap / Lyric,NPqDIwWMtxg,euphoria,Kendrick Lamar,Am sure Drake was shaking his head while listening the second beat 😭,3
Kendrick Lamar,Boom bap / Lyric,NPqDIwWMtxg,euphoria,Kendrick Lamar,"Everything about this song is so perfect. The beat, the beautiful intro, the drop, the writing, Kendrick’s delivery. This is the song that ended the beef, Not Like Us was just a championship parade. This is the song that he killed Drake lol",5
Kendrick Lamar,Boom bap / Lyric,NPqDIwWMtxg,euphoria,Kendrick Lamar,Drake made K-Dot come back,1
Kendrick Lamar,Boom bap / Lyric,NPqDIwWMtxg,euphoria,Kendrick Lamar,Myself,0
Kendrick Lamar,Boom bap / Lyric,NPqDIwWMtxg,euphoria,Kendrick Lamar,"Kendrick this this about fame, 🤣🤣🤣

No, this Heavenly Chess.",0
Kendrick Lamar,Boom bap / Lyric,NPqDIwWMtxg,euphoria,Kendrick Lamar,Getting absurd nostalgia listening to this,13
Kendrick Lamar,Boom bap / Lyric,NPqDIwWMtxg,euphoria,Kendrick Lamar,That boi dissed Wayne and no one caught it. “His daddy a killer (Wayne) he wanna be Jr. (Wayne is already a jr. with birdman) he must have forgot the s*** that they done    (Wayne and Birdman iykyk). Dementia must run in his family (Wayne forgetting lyrics) but let it get shaky I will park-his-son (Parkinson’s disease is a side effect of dementia. 🔥🔥🔥🔥,4
Kendrick Lamar,Boom bap / Lyric,NPqDIwWMtxg,euphoria,Kendrick Lamar,"""I make music that electrify em, you make music that pacify em""",4
Kendrick Lamar,Boom bap / Lyric,NPqDIwWMtxg,euphoria,Kendrick Lamar,how is this 2 years old,4
Kendrick Lamar,Boom bap / Lyric,NPqDIwWMtxg,euphoria,Kendrick Lamar,I remember this song being a lot better or I’m trippin,0
Kendrick Lamar,Boom bap / Lyric,NPqDIwWMtxg,euphoria,Kendrick Lamar,"2 years later and its still a BANGERR, i would play this all the time while playing arsenal, this is so nostalgic for no reason!!",1
Kendrick Lamar,Boom bap / Lyric,NPqDIwWMtxg,euphoria,Kendrick Lamar,This song is one of the nastiest reads of all time. Aged like fine wine and it’s still in that barrel,8
Kendrick Lamar,Boom bap / Lyric,NPqDIwWMtxg,euphoria,Kendrick Lamar,We are gathered here again ⚰️😁🙏🏾,6
Kendrick Lamar,Boom bap / Lyric,NPqDIwWMtxg,euphoria,Kendrick Lamar,Jahy Hill And Keira Miller,0
Kendrick Lamar,Boom bap / Lyric,NPqDIwWMtxg,euphoria,Kendrick Lamar,"I love how if you look back at the reactions at the time, everyone reacted to the ""We ain't gotta get personal, this a friendly fade, you should keep it that way"" line with a ""really?  Really, this is you being friendly?""

and then after Meet the Grahams, uh... yeah, no, this was in fact you being friendly.",3
Kendrick Lamar,Boom bap / Lyric,NPqDIwWMtxg,euphoria,Kendrick Lamar,This song is about narcissistic people,2
Kendrick Lamar,Boom bap / Lyric,NPqDIwWMtxg,euphoria,Kendrick Lamar,Why is the first part so chill,0
Kendrick Lamar,Boom bap / Lyric,NPqDIwWMtxg,euphoria,Kendrick Lamar,🥶,1
Kendrick Lamar,Boom bap / Lyric,NPqDIwWMtxg,euphoria,Kendrick Lamar,"""I hate the way you sneak dissing""😂😂yoooh.....let your core audience stomach that😂they shutting themselves",4
Kendrick Lamar,Boom bap / Lyric,NPqDIwWMtxg,euphoria,Kendrick Lamar,@0:001😂😂😂Drake getting choked,0
Kendrick Lamar,Boom bap / Lyric,NPqDIwWMtxg,euphoria,Kendrick Lamar,Do not stop,2
Kendrick Lamar,Boom bap / Lyric,NPqDIwWMtxg,euphoria,Kendrick Lamar,🔥,3
Kendrick Lamar,Boom bap / Lyric,NPqDIwWMtxg,euphoria,Kendrick Lamar,"👇Anyone in 2026, this song is fireee! And drake the beef is done SIT DOWN.",5
Kendrick Lamar,Boom bap / Lyric,NPqDIwWMtxg,euphoria,Kendrick Lamar,"Happy ""yeah cause f!@# Drake"" day😂",5
Kendrick Lamar,Boom bap / Lyric,NPqDIwWMtxg,euphoria,Kendrick Lamar,#StillHere2026 🔥 ❤,5
Kendrick Lamar,Boom bap / Lyric,NPqDIwWMtxg,euphoria,Kendrick Lamar,Clever nasty dutty work.  BIg up yourself Mr Lamar . Everytime Tha Sick Dog hears the word Euphoria it will resonate as he is an executive producer of the teen orientated TV show Euphoria.   🎉🎉,0
Kendrick Lamar,Boom bap / Lyric,NPqDIwWMtxg,euphoria,Kendrick Lamar,Truth hurts now I see,3
Kendrick Lamar,Boom bap / Lyric,NPqDIwWMtxg,euphoria,Kendrick Lamar,best diss ever,6
Kendrick Lamar,Boom bap / Lyric,NPqDIwWMtxg,euphoria,Kendrick Lamar,Whoopin feet 😂😂,4
Kendrick Lamar,Boom bap / Lyric,NPqDIwWMtxg,euphoria,Kendrick Lamar,❤️‍🩹🤫 this needs more views☝🏾❤️‍🩹🤫,0
Kendrick Lamar,Boom bap / Lyric,NPqDIwWMtxg,euphoria,Kendrick Lamar,condolences to drake❤,5
Kendrick Lamar,Boom bap / Lyric,NPqDIwWMtxg,euphoria,Kendrick Lamar,He was shooting at everybody,3
Kendrick Lamar,Boom bap / Lyric,NPqDIwWMtxg,euphoria,Kendrick Lamar,Just randomly felt the need to come back to this one after a year since I listened to it.,1
Kendrick Lamar,Boom bap / Lyric,NPqDIwWMtxg,euphoria,Kendrick Lamar,"Love how this song came straight our of nowhere in my front page, especially with Drake dropping 3 albums to get high numbers. And this was 3 singles. Jesus christ 💀",2
Kendrick Lamar,Boom bap / Lyric,NPqDIwWMtxg,euphoria,Kendrick Lamar,Kendrick talking about trump😂😂,1
Kendrick Lamar,Boom bap / Lyric,NPqDIwWMtxg,euphoria,Kendrick Lamar,5:01 KNOW NUN BOUT DAT😂,0
Kendrick Lamar,Boom bap / Lyric,NPqDIwWMtxg,euphoria,Kendrick Lamar,2026 and I'm still here yall,4
Kendrick Lamar,Boom bap / Lyric,NPqDIwWMtxg,euphoria,Kendrick Lamar,Why he sound like Popeye the sailor man tho - he don’t wanna work with me no more oookkk,0
Kendrick Lamar,Boom bap / Lyric,NPqDIwWMtxg,euphoria,Kendrick Lamar,🧊,0
Kendrick Lamar,Boom bap / Lyric,NPqDIwWMtxg,euphoria,Kendrick Lamar,Kendrick lamar do not stop make music forever,5
Kendrick Lamar,Boom bap / Lyric,NPqDIwWMtxg,euphoria,Kendrick Lamar,What is it? THE BRAIDS?!,1
Kendrick Lamar,Boom bap / Lyric,NPqDIwWMtxg,euphoria,Kendrick Lamar,this track un-slapped chris rock and redirected it to drake,1
Kendrick Lamar,Boom bap / Lyric,NPqDIwWMtxg,euphoria,Kendrick Lamar,"Eurt si em tuoba yas yeht gnihtyrevE
Euphoria
Them superpowers getting neutralized, I can only watch in silence
The famous actor we once knew is lookin' paranoid and now spiralin'
You're movin' just like a degenerate, every antic is feelin' distasteful
I calculate you're not as calculated, I can even predict your angle
Fabricating stories on the family front 'cause you heard Mr. Morale
A pathetic master manipulator, I can smell the tales on you now
You're not a rap artist, you a scam artist with the hopes of being accepted
Tommy Hilfiger stood out, but FUBU never had been your collection
I make music that electrify 'em, you make music that pacify 'em
I can double down on that line, but spare you this time, that's random acts of kindness
Know you a master manipulator and habitual liar too
But don't tell no lie about me and I won't tell truths 'bout you
Shoo, shoo, shoo
Shoo, shoo, shoo
Bee, bee, bee, bee, bee, bee
Yeah, I'm out the way, yeah, I'm low, okay
Yeah, the island right here's remote, okay
I ain't thinkin' about no reaper
Nigga, I'm reapin' what I sow, okay
Got a Benjamin and a Jackson all in my house like I'm Joe, okay
Hellcat, made his homeboys and them type sell they soul, okay
Everybody wanna be demon 'til they get chipped by your throwaway
And I might do a show a day, once a lame, always a lame
Oh, you thought the money, the power or fame would make you go away?
Have you ever played have-you-ever? Okay, nigga, let's play
Have you ever walked your enemy down like with a poker face?
Have you ever paid five hundred thou' like to an open case?
Well, I have, and I failed at both, but I came out straight
I hate when a rapper talk about guns, then somebody die
They turn into nuns, then hop online, like ""Pray for my city""
He fakin' for likes and digital hugs
His daddy a killer, he wanna be junior, they must've forgot the shit that they done
Dementia must run in his family, but let it get shaky
I'll park his son
The very first time I shot me a Drac', the homie had told me to aim it this way
I didn't point down enough, today, I'll show you I learned from those mistakes
Somebody had told me that you got a ring, on God, I'm ready to double the wage
I'd rather do that than let a Canadian nigga make Pac turn in his grave
Cutthroat business, you got shit twisted
What is it? The braids?
I hurt your feelings? You don't wanna work with me no more? Okay
It's three G.O.A.T.s left, and I seen two of them kissin' and huggin' on stage
I love 'em to death, and in eight bars, I'll explain that phrase, huh
It's nothin' nobody can tell me, huh
I don't wanna talk on no celly, huh
You know I got language barriers, huh
It's no accent you can sell me, huh
Yeah, Cole and Aubrey know I'm a selfish nigga, the crown is heavy, huh
I pray they my real friends, if not, I'm YNW Melly
I don't like you poppin' shit at Pharrell, for him, I inherit the beef
Yeah, fuck all that pushin' P, let me see you push a T
You better off spinnin' again on him, you think about pushin' me
He's Terrence Thornton, I'm Terence Crawford, yeah, I'm whoopin' feet
We ain't gotta get personal, this a friendly fade, you should keep it that way
I know some shit about niggas that make Gunna Wunna look like a saint
This ain't been about critics, not about gimmicks, not about who the greatest
It's always been about love and hate, now let me say I'm the biggest hater
I hate the way that you walk, the way that you talk, I hate the way that you dress
I hate the way that you sneak diss, if I catch flight, it's gon' be direct
We hate the bitches you fuck, 'cause they confuse themself with real women
And notice, I said ""we, "" it's not just me, I'm what the culture feelin'
How many more fairytale stories 'bout your life 'til we had enough?
How many more Black features 'til you finally feel that you're Black enough?
I like Drake with the melodies, I don't like Drake when he act tough
You gon' make a nigga bring back Puff, let me see if Chubbs really crash somethin'
Yeah, my first one like my last one, it's a classic, you don't have one
Let your core audience stomach that, then tell 'em where you get your abs from
V12, it's a fast one, baow-baow-baow, last one
Headshot for the year, you better walk around like Daft Punk
Remember?
Ay, Top Dawg, who the fuck they think they playin' with?
Extortion my middle name as soon as you jump off of that plane, bitch
I'm allergic to the lame shit, only you like bein' famous
Yachty can't give you no swag neither, I don't give a fuck 'bout who you hang with
I hate the way that you walk, the way that you talk, I hate the way that you dress
Surprised you wanted that feature request
You know that we got some shit to address
I even hate when you say the word ""nigga, "" but that's just me, I guess
Some shit just cringeworthy, it ain't even gotta be deep, I guess
Still love when you see success, everything with me is blessed
Keep makin' me dance, wavin' my hand, and it won't be no threat
I'm knowin' they call you The Boy, but where is a man? 'Cause I ain't seen him yet
Matter fact, I ain't even bleed him yet, can I bleed him? Bet
When I see you stand by Sexyy Red, I believe you see two bad bitches
I believe you don't like women, it's real competition, you might pop ass with 'em
Let's speak on percentage, show me your splits, I'll make sure I double back with you
You were signed to a nigga that's signed to a nigga that said he was signed to that nigga
Try cease and desist on the ""Like That"" record?
Hoe, what? You ain't like that record?
""Back To Back, "" I like that record
I'ma get back to that, for the record
Why would I call around tryna get dirt on niggas? Y'all think all my life is rap?
That's hoe shit, I got a son to raise, but I can see you don't know nothin' 'bout that
Wakin' him up, know nothin' 'bout that
And tell him to pray, know nothin' 'bout that
And givin' him tools to walk through life like day-by-day, know nothin' 'bout that
Teachin' him morals, integrity, discipline, listen, man, you don't know nothin' 'bout that
Speakin' the truth and consider what God's considerin', you don't know nothin' 'bout that
Ain't 20-v-1, it's 1-v-20 if I gotta smack niggas that write with you
Yeah, bring 'em out too, I'll clean 'em out too
Tell BEAM that he better stay right with you
Am I battlin' ghost or AI? Nigga feelin' like Joel Hale Osteen
Funny, he was in a film called ""AI""
And my sixth sense tellin' me to off him
I'ma blick niggas all in they coffin
Yeah, OV-hoe niggas is dick riders
Tell 'em run to America, they imitate heritage, they can't imitate this violence
What I learned is niggas don't like the West Coast
And I'm fine with it, I'll push the line with it
Pick a nigga off one at a time with it
We can be on a three-hour time difference
Don't speak on the family, crodie
It can get deep in the family, crodie
Talk about me and my family, crodie?
Someone gon' bleed in your family, crodie
I be at New Ho King eatin' fried rice with a dip sauce and blammy, crodie
Tell me you're cheesin', fam
We can do this right now on the camera, crodie
Ay, fuck y'all niggas, I don't trust y'all niggas
I wave one finger and thump y'all niggas like, ""Mm""
Field goal, punt y'all niggas, they punk y'all niggas, nobody never took my food
Whoever that's fuckin' with him, fuck you niggas, and fuck the industry too
If you take it there, I'm takin' it further
Psst, that's somethin' you don't wanna do
Ooh
We don't wanna hear you say ""nigga"" no more
We don't wanna hear you say ""nigga"" no more
Stop",0
Kendrick Lamar,Boom bap / Lyric,NPqDIwWMtxg,euphoria,Kendrick Lamar,😬😬😬tweaked,0
Kendrick Lamar,Boom bap / Lyric,NPqDIwWMtxg,euphoria,Kendrick Lamar,CordieE,0
Kendrick Lamar,Boom bap / Lyric,NPqDIwWMtxg,euphoria,Kendrick Lamar,6:19 bet you can't do that no moreeeee 🤣🤣🤣,1
Kendrick Lamar,Boom bap / Lyric,NPqDIwWMtxg,euphoria,Kendrick Lamar,5:33 🔫😂,0
Kendrick Lamar,Boom bap / Lyric,NPqDIwWMtxg,euphoria,Kendrick Lamar,4:33 😂😂😂,0
Kendrick Lamar,Boom bap / Lyric,NPqDIwWMtxg,euphoria,Kendrick Lamar,"I’m not a hater this shit hard, Iceman was tough too. Family matters and this the hardest diss songs I ever heard ngl",1
Kendrick Lamar,Boom bap / Lyric,NPqDIwWMtxg,euphoria,Kendrick Lamar,"Back in 2026.  I'm so grateful this man took this serious, this records instrumental is album/single level. Kenny went for the kill here.",2
Kendrick Lamar,Boom bap / Lyric,NPqDIwWMtxg,euphoria,Kendrick Lamar,IM BACK😅  I PLAY AGAIN AND AGAIN😂😂😂,8
Kendrick Lamar,Boom bap / Lyric,NPqDIwWMtxg,euphoria,Kendrick Lamar,“Can’t listen to the stick talk in falsetto save it for a hip hop nigha”😤🔥💪,0
Kendrick Lamar,Boom bap / Lyric,NPqDIwWMtxg,euphoria,Kendrick Lamar,2 years later still one of the greatest rap disses of all time.,4
Kendrick Lamar,Boom bap / Lyric,NPqDIwWMtxg,euphoria,Kendrick Lamar,I can’t help but feel think of dr doom when i hear this… he would rock with dot for sure,0
Kendrick Lamar,Boom bap / Lyric,NPqDIwWMtxg,euphoria,Kendrick Lamar,R.I.P Rue bennet😢,2
Kendrick Lamar,Boom bap / Lyric,NPqDIwWMtxg,euphoria,Kendrick Lamar,P p p p p p,0
Kendrick Lamar,Boom bap / Lyric,NPqDIwWMtxg,euphoria,Kendrick Lamar,What is it the BRAIDS !!!! 😂😂😂,6
Kendrick Lamar,Boom bap / Lyric,NPqDIwWMtxg,euphoria,Kendrick Lamar,Going after his cat is wild😭😭,4
Kendrick Lamar,Boom bap / Lyric,NPqDIwWMtxg,euphoria,Kendrick Lamar,Im here after digesting iceman album 🔥🔥,1
Kendrick Lamar,Boom bap / Lyric,NPqDIwWMtxg,euphoria,Kendrick Lamar,Long Live Tha Great 👑🔵🤲🏾🏁,0
Kendrick Lamar,Boom bap / Lyric,NPqDIwWMtxg,euphoria,Kendrick Lamar,6 mins of best roast,3
Kendrick Lamar,Boom bap / Lyric,NPqDIwWMtxg,euphoria,Kendrick Lamar,6:21 This whole song was a warning to enjoy the euphoria; listing the things and reasons one should STOP. 🛑 (Now dude suing to stop. Lol),1
Kendrick Lamar,Boom bap / Lyric,NPqDIwWMtxg,euphoria,Kendrick Lamar,These three switches are better those three albums.,7
Kendrick Lamar,Boom bap / Lyric,NPqDIwWMtxg,euphoria,Kendrick Lamar,Mane dat nga went off on dis joint😂,6
Kendrick Lamar,Boom bap / Lyric,NPqDIwWMtxg,euphoria,Kendrick Lamar,3:50 kendrick enters his second phase despite taking exactly zero damage,0
Kendrick Lamar,Boom bap / Lyric,NPqDIwWMtxg,euphoria,Kendrick Lamar,K dot you make music and made drake rap again thank you.,3
Kendrick Lamar,Boom bap / Lyric,NPqDIwWMtxg,euphoria,Kendrick Lamar,"Came back here after Stat Quo said on The 3rd Verse podcast that it was the first time he felt jealousy, even after retiring, seeing the crowd know every word of this on The Pop Out",2
Kendrick Lamar,Boom bap / Lyric,NPqDIwWMtxg,euphoria,Kendrick Lamar,I always thought this was the best song in the battle,1
Kendrick Lamar,Boom bap / Lyric,NPqDIwWMtxg,euphoria,Kendrick Lamar,peak,1
Kendrick Lamar,Boom bap / Lyric,NPqDIwWMtxg,euphoria,Kendrick Lamar,Fireman,3
Kendrick Lamar,Boom bap / Lyric,NPqDIwWMtxg,euphoria,Kendrick Lamar,"Here to celebrate the downfall of iceman 2 weeks after release lolol, man we witnessed jn real time this piece of time in music that’s so huge it’s like almost a transcendental beef do to the fucking insane comebacks from Kendrick. Absolutly.     Bodied.     
The reaper indeed lol :)  
Stay on their neck when you need to dot, much respect.",1
Kendrick Lamar,Boom bap / Lyric,NPqDIwWMtxg,euphoria,Kendrick Lamar,4/30 6/24... 4 a 30 yr old born 6/24... I was 28 when this came out... Dot killed Drake so the one could rise... Watch what I say 💪🏿💪🏿💪🏿,1
Kendrick Lamar,Boom bap / Lyric,NPqDIwWMtxg,euphoria,Kendrick Lamar,Make sure yall pull Kendrick zipper back up when yall done in these comments,1
Kendrick Lamar,Boom bap / Lyric,NPqDIwWMtxg,euphoria,Kendrick Lamar,⚖️,0
Kendrick Lamar,Boom bap / Lyric,NPqDIwWMtxg,euphoria,Kendrick Lamar,maturing is realizing that this is the best diss out of all disses from dot🔥,2
Kendrick Lamar,Boom bap / Lyric,NPqDIwWMtxg,euphoria,Kendrick Lamar,Tyler and keira miller,0
Kendrick Lamar,Boom bap / Lyric,NPqDIwWMtxg,euphoria,Kendrick Lamar,This song is trash,1
Kendrick Lamar,Boom bap / Lyric,NPqDIwWMtxg,euphoria,Kendrick Lamar,Aw damn,0
Kendrick Lamar,Boom bap / Lyric,NPqDIwWMtxg,euphoria,Kendrick Lamar,I'm back to listen since 2 years ago I still feel the same its trash the lyrics are its the delivery he should of not rap high pitch like that lol,0
Kendrick Lamar,Boom bap / Lyric,NPqDIwWMtxg,euphoria,Kendrick Lamar,Can I bleed him? 🥲,0
Kendrick Lamar,Boom bap / Lyric,NPqDIwWMtxg,euphoria,Kendrick Lamar,It was bout 1864 when Kendrick ended Drakes career. Yes I do believe that was the time,0
Kendrick Lamar,Boom bap / Lyric,NPqDIwWMtxg,euphoria,Kendrick Lamar,this still 🔥,0
Kendrick Lamar,Boom bap / Lyric,NPqDIwWMtxg,euphoria,Kendrick Lamar,It's 2026 June who's here,0
Kendrick Lamar,Boom bap / Lyric,NPqDIwWMtxg,euphoria,Kendrick Lamar,"Tell em run to America to imitate heritage, they can’t imitate this violence 🥶",1
Kendrick Lamar,Boom bap / Lyric,NPqDIwWMtxg,euphoria,Kendrick Lamar,Still🔥🔥🔥,0
Kendrick Lamar,Boom bap / Lyric,NPqDIwWMtxg,euphoria,Kendrick Lamar,If I catch flight it’s gon be direct🔥,1
Kendrick Lamar,Boom bap / Lyric,NPqDIwWMtxg,euphoria,Kendrick Lamar,5:20 The flow transition is peakkk !!!! 🙌🙌,1
Kendrick Lamar,Boom bap / Lyric,NPqDIwWMtxg,euphoria,Kendrick Lamar,Still 🔥🔥🔥🔥🔥,0
Kendrick Lamar,Boom bap / Lyric,NPqDIwWMtxg,euphoria,Kendrick Lamar,How this mf was moving euphoria js for not like us to be more popular cause it has a more catchy beat,4
Kendrick Lamar,Boom bap / Lyric,NPqDIwWMtxg,euphoria,Kendrick Lamar,this hot butt,0
Kendrick Lamar,Boom bap / Lyric,NPqDIwWMtxg,euphoria,Kendrick Lamar,Rumor has it Drake still comes back to this video every other month just to listen,1
Kendrick Lamar,Boom bap / Lyric,NPqDIwWMtxg,euphoria,Kendrick Lamar,2026 anyone here after Drake dropped 😂,4
Kendrick Lamar,Boom bap / Lyric,NPqDIwWMtxg,euphoria,Kendrick Lamar,holy 2 years thats wild,2
Kendrick Lamar,Boom bap / Lyric,NPqDIwWMtxg,euphoria,Kendrick Lamar,2:44 he said YNW Melly,0
Kendrick Lamar,Boom bap / Lyric,NPqDIwWMtxg,euphoria,Kendrick Lamar,"Get ‘em, Soul!!!! Show the people how it’s done!! Hit-Boy, the beat is too fiya!! Ab-Soul x Hit-Boy = LA all up in here!
🌴🌴🌊🌊🚗🚙

More please! I’ll take one in every color! 😂",0
Kendrick Lamar,Boom bap / Lyric,NPqDIwWMtxg,euphoria,Kendrick Lamar,"Might be an unpopular opinion, but Euphoria is better than Not Like Us and imma die on that hill 💯💯",6
Kendrick Lamar,Boom bap / Lyric,NPqDIwWMtxg,euphoria,Kendrick Lamar,Its very much like the buddha rapping,1
Kendrick Lamar,Boom bap / Lyric,NPqDIwWMtxg,euphoria,Kendrick Lamar,Couldn't find this on apple music soo here I am,0
Kendrick Lamar,Boom bap / Lyric,NPqDIwWMtxg,euphoria,Kendrick Lamar,Down,0
Kendrick Lamar,Boom bap / Lyric,NPqDIwWMtxg,euphoria,Kendrick Lamar,I just came back to say....he HATES this 🥷,0
Kendrick Lamar,Boom bap / Lyric,NPqDIwWMtxg,euphoria,Kendrick Lamar,😂😂😂 drake fans still losing they mind to this day 💀,6
Kendrick Lamar,Boom bap / Lyric,NPqDIwWMtxg,euphoria,Kendrick Lamar,ICEMAN won it,0
Kendrick Lamar,Boom bap / Lyric,NPqDIwWMtxg,euphoria,Kendrick Lamar,"Jesus Christ loves you and died for your sins! Repent and seek Christ! Read and pray! Prophecy has been coming to pass! The Euphrates river is drying up, rivers and seas turning to blood, knowledge and technology is increasing, decrease in love and morals in the world, they're trying to change our DNA We are in the last days! Religion and good deeds won't save us! Jesus is the only way to be saved from this evil world and he is coming soon!! 🙏",1
Kendrick Lamar,Boom bap / Lyric,NPqDIwWMtxg,euphoria,Kendrick Lamar,"In my Tupac juice voice,  I  warned him,  he had no business trying to grab the gun like that, 😂😂",0
Kendrick Lamar,Boom bap / Lyric,NPqDIwWMtxg,euphoria,Kendrick Lamar,THIS SHIT (still) HARD,2
Kendrick Lamar,Boom bap / Lyric,NPqDIwWMtxg,euphoria,Kendrick Lamar,Back again.,2
Kendrick Lamar,Boom bap / Lyric,NPqDIwWMtxg,euphoria,Kendrick Lamar,I'm back home 😌,7
Kendrick Lamar,Boom bap / Lyric,NPqDIwWMtxg,euphoria,Kendrick Lamar,2yrs ago is unbelievable bro 🤦🏽‍♂️,3
Kendrick Lamar,Boom bap / Lyric,NPqDIwWMtxg,euphoria,Kendrick Lamar,bro spittin for 6 minutes straight,8
Kendrick Lamar,Boom bap / Lyric,NPqDIwWMtxg,euphoria,Kendrick Lamar,"Eurt si em tuoba yas yeht gnihtyrevE
Euphoria
Them superpowers getting neutralized, I can only watch in silence
The famous actor we once knew is lookin' paranoid and now spiralin'
You're movin' just like a degenerate, every antic is feelin' distasteful
I calculate you're not as calculated, I can even predict your angle
Fabricating stories on the family front 'cause you heard Mr. Morale
A pathetic master manipulator, I can smell the tales on you now
You're not a rap artist, you a scam artist with the hopes of being accepted
Tommy Hilfiger stood out, but FUBU never had been your collection
I make music that electrify 'em, you make music that pacify 'em
I can double down on that line, but spare you this time, that's random acts of kindness
Know you a master manipulator and habitual liar too
But don't tell no lie about me and I won't tell truths 'bout you
Shoo, shoo, shoo
Shoo, shoo, shoo
Bee, bee, bee, bee, bee, bee
Yeah, I'm out the way, yeah, I'm low, okay
Yeah, the island right here's remote, okay
I ain't thinkin' about no reaper
Nigga, I'm reapin' what I sow, okay
Got a Benjamin and a Jackson all in my house like I'm Joe, okay
Hellcat, made his homeboys and them type sell they soul, okay
Everybody wanna be demon 'til they get chipped by your throwaway
And I might do a show a day, once a lame, always a lame
Oh, you thought the money, the power or fame would make you go away?
Have you ever played have-you-ever? Okay, nigga, let's play
Have you ever walked your enemy down like with a poker face?
Have you ever paid five hundred thou' like to an open case?
Well, I have, and I failed at both, but I came out straight
I hate when a rapper talk about guns, then somebody die
They turn into nuns, then hop online, like ""Pray for my city""
He fakin' for likes and digital hugs
His daddy a killer, he wanna be junior, they must've forgot the shit that they done
Dementia must run in his family, but let it get shaky
I'll park his son
The very first time I shot me a Drac', the homie had told me to aim it this way
I didn't point down enough, today, I'll show you I learned from those mistakes
Somebody had told me that you got a ring, on God, I'm ready to double the wage
I'd rather do that than let a Canadian nigga make Pac turn in his grave
Cutthroat business, you got shit twisted
What is it? The braids?
I hurt your feelings? You don't wanna work with me no more? Okay
It's three G.O.A.T.s left, and I seen two of them kissin' and huggin' on stage
I love 'em to death, and in eight bars, I'll explain that phrase, huh
It's nothin' nobody can tell me, huh
I don't wanna talk on no celly, huh
You know I got language barriers, huh
It's no accent you can sell me, huh
Yeah, Cole and Aubrey know I'm a selfish nigga, the crown is heavy, huh
I pray they my real friends, if not, I'm YNW Melly
I don't like you poppin' shit at Pharrell, for him, I inherit the beef
Yeah, fuck all that pushin' P, let me see you push a T
You better off spinnin' again on him, you think about pushin' me
He's Terrence Thornton, I'm Terence Crawford, yeah, I'm whoopin' feet
We ain't gotta get personal, this a friendly fade, you should keep it that way
I know some shit about niggas that make Gunna Wunna look like a saint
This ain't been about critics, not about gimmicks, not about who the greatest
It's always been about love and hate, now let me say I'm the biggest hater
I hate the way that you walk, the way that you talk, I hate the way that you dress
I hate the way that you sneak diss, if I catch flight, it's gon' be direct
We hate the bitches you fuck, 'cause they confuse themself with real women
And notice, I said ""we, "" it's not just me, I'm what the culture feelin'
How many more fairytale stories 'bout your life 'til we had enough?
How many more Black features 'til you finally feel that you're Black enough?
I like Drake with the melodies, I don't like Drake when he act tough
You gon' make a nigga bring back Puff, let me see if Chubbs really crash somethin'
Yeah, my first one like my last one, it's a classic, you don't have one
Let your core audience stomach that, then tell 'em where you get your abs from
V12, it's a fast one, baow-baow-baow, last one
Headshot for the year, you better walk around like Daft Punk
Remember?
Ay, Top Dawg, who the fuck they think they playin' with?
Extortion my middle name as soon as you jump off of that plane, bitch
I'm allergic to the lame shit, only you like bein' famous
Yachty can't give you no swag neither, I don't give a fuck 'bout who you hang with
I hate the way that you walk, the way that you talk, I hate the way that you dress
Surprised you wanted that feature request
You know that we got some shit to address
I even hate when you say the word ""nigga, "" but that's just me, I guess
Some shit just cringeworthy, it ain't even gotta be deep, I guess
Still love when you see success, everything with me is blessed
Keep makin' me dance, wavin' my hand, and it won't be no threat
I'm knowin' they call you The Boy, but where is a man? 'Cause I ain't seen him yet
Matter fact, I ain't even bleed him yet, can I bleed him? Bet
When I see you stand by Sexyy Red, I believe you see two bad bitches
I believe you don't like women, it's real competition, you might pop ass with 'em
Let's speak on percentage, show me your splits, I'll make sure I double back with you
You were signed to a nigga that's signed to a nigga that said he was signed to that nigga
Try cease and desist on the ""Like That"" record?
Hoe, what? You ain't like that record?
""Back To Back, "" I like that record
I'ma get back to that, for the record
Why would I call around tryna get dirt on niggas? Y'all think all my life is rap?
That's hoe shit, I got a son to raise, but I can see you don't know nothin' 'bout that
Wakin' him up, know nothin' 'bout that
And tell him to pray, know nothin' 'bout that
And givin' him tools to walk through life like day-by-day, know nothin' 'bout that
Teachin' him morals, integrity, discipline, listen, man, you don't know nothin' 'bout that
Speakin' the truth and consider what God's considerin', you don't know nothin' 'bout that
Ain't 20-v-1, it's 1-v-20 if I gotta smack niggas that write with you
Yeah, bring 'em out too, I'll clean 'em out too
Tell BEAM that he better stay right with you
Am I battlin' ghost or AI? Nigga feelin' like Joel Hale Osteen
Funny, he was in a film called ""AI""
And my sixth sense tellin' me to off him
I'ma blick niggas all in they coffin
Yeah, OV-hoe niggas is dick riders
Tell 'em run to America, they imitate heritage, they can't imitate this violence
What I learned is niggas don't like the West Coast
And I'm fine with it, I'll push the line with it
Pick a nigga off one at a time with it
We can be on a three-hour time difference
Don't speak on the family, crodie
It can get deep in the family, crodie
Talk about me and my family, crodie?
Someone gon' bleed in your family, crodie
I be at New Ho King eatin' fried rice with a dip sauce and blammy, crodie
Tell me you're cheesin', fam
We can do this right now on the camera, crodie
Ay, fuck y'all niggas, I don't trust y'all niggas
I wave one finger and thump y'all niggas like, ""Mm""
Field goal, punt y'all niggas, they punk y'all niggas, nobody never took my food
Whoever that's fuckin' with him, fuck you niggas, and fuck the industry too
If you take it there, I'm takin' it further
Psst, that's somethin' you don't wanna do
Ooh
We don't wanna hear you say ""nigga"" no more
We don't wanna hear you say ""nigga"" no more
Stop",5
Kendrick Lamar,Boom bap / Lyric,NPqDIwWMtxg,euphoria,Kendrick Lamar,*the best diss by far!*,3
Kendrick Lamar,Boom bap / Lyric,NPqDIwWMtxg,euphoria,Kendrick Lamar,3:10 biggest hater 🔥,3
Kendrick Lamar,Boom bap / Lyric,NPqDIwWMtxg,euphoria,Kendrick Lamar,RIP Rue! 😢,4
Kendrick Lamar,Boom bap / Lyric,NPqDIwWMtxg,euphoria,Kendrick Lamar,"Even after iceman, I still had to come back to this",3
Kendrick Lamar,Boom bap / Lyric,NPqDIwWMtxg,euphoria,Kendrick Lamar,Crazy his best music came from a diss track..,1
Kendrick Lamar,Boom bap / Lyric,NPqDIwWMtxg,euphoria,Kendrick Lamar,Low key miss 2024,0
Kendrick Lamar,Boom bap / Lyric,NPqDIwWMtxg,euphoria,Kendrick Lamar,I still don’t understand how Kendrick won. Someone please explain why Kendrick won please.,0
Kendrick Lamar,Boom bap / Lyric,NPqDIwWMtxg,euphoria,Kendrick Lamar,"Aye, anybody who can recite every word to this and fully embody each character along the way deserves an Oscar. 😂😂😂 The way my personality switches every bar is nothing short of award-worthy. I need my trophy ASAP! 😂😂😂❤️🏆",4
Kendrick Lamar,Boom bap / Lyric,NPqDIwWMtxg,euphoria,Kendrick Lamar,trash,1
Kendrick Lamar,Boom bap / Lyric,NPqDIwWMtxg,euphoria,Kendrick Lamar,💀,0
Kendrick Lamar,Boom bap / Lyric,NPqDIwWMtxg,euphoria,Kendrick Lamar,6:08 He warned him about Not Like Us. 🤣,3
Kendrick Lamar,Boom bap / Lyric,NPqDIwWMtxg,euphoria,Kendrick Lamar,3:08,1
Kendrick Lamar,Boom bap / Lyric,NPqDIwWMtxg,euphoria,Kendrick Lamar,3:52 He lowkey could've stopped right here. The rest was overkill lmao. He is already dead.,4
Kendrick Lamar,Boom bap / Lyric,NPqDIwWMtxg,euphoria,Kendrick Lamar,"Fuck yall this one is better than family matters


No truths just repeating same lame bars
Kdot had beef in him since and he said it

Just half facts and no real truth
Where is pdf reports
Where is the ghost writers

Yall should listen family matters
It was really a 20v1",4
Kendrick Lamar,Boom bap / Lyric,NPqDIwWMtxg,euphoria,Kendrick Lamar,2026 after drakes drop and this is still a violation 🔥🔥🔥🔥🔥🔥🔥🔥🔥🔥🔥🔥🔥🔥🔥,3
Kendrick Lamar,Boom bap / Lyric,NPqDIwWMtxg,euphoria,Kendrick Lamar,Ava Ndi...BABA VEDU SIGNED BY JIGGA 💥,0
Kendrick Lamar,Boom bap / Lyric,NPqDIwWMtxg,euphoria,Kendrick Lamar,everything they say about me is true,1
Kendrick Lamar,Boom bap / Lyric,NPqDIwWMtxg,euphoria,Kendrick Lamar,"Man, he's responding to Iceman's album from the past.",14
Kendrick Lamar,Boom bap / Lyric,NPqDIwWMtxg,euphoria,Kendrick Lamar,Drake is better. And will always be. Imagine your biggest song being about talking about someone 😂,1
Kendrick Lamar,Boom bap / Lyric,NPqDIwWMtxg,euphoria,Kendrick Lamar,Your great papi,0
Kendrick Lamar,Boom bap / Lyric,NPqDIwWMtxg,euphoria,Kendrick Lamar,"someone said euphoria is better then money trees is a reel comment section , n i was like let's listen to it , i'm forever greatfull for that comment",0
Kendrick Lamar,Boom bap / Lyric,NPqDIwWMtxg,euphoria,Kendrick Lamar,"“Im taking it further psst that’s something you don’t want to do ”


Shit still creepy that what transpired since 😂😂😂",5
Kendrick Lamar,Boom bap / Lyric,NPqDIwWMtxg,euphoria,Kendrick Lamar,"2 years and after 3 albums, shit still stings 😂😂😂 Drake never had a chance. Shouldn’t have brought up this man’s family simple as that",6
Kendrick Lamar,Boom bap / Lyric,NPqDIwWMtxg,euphoria,Kendrick Lamar,Best diss of all time,6
Kendrick Lamar,Boom bap / Lyric,NPqDIwWMtxg,euphoria,Kendrick Lamar,2 year  anniversary for euphoria 1 year anniversary for not like us kendrick fire man,1
Kendrick Lamar,Boom bap / Lyric,NPqDIwWMtxg,euphoria,Kendrick Lamar,It’s so romantic how we all gathered together to watch this historical moment,5
Kendrick Lamar,Boom bap / Lyric,NPqDIwWMtxg,euphoria,Kendrick Lamar,I just realized he really made Drake's Push Ups sound like High School Musical kids beefing in a canteen. 😭😭😭,2
Kendrick Lamar,Boom bap / Lyric,NPqDIwWMtxg,euphoria,Kendrick Lamar,This new generation has to come out with 3 full songs about someone when they battle? They couldn't end things with one song lol...,0
Kendrick Lamar,Boom bap / Lyric,NPqDIwWMtxg,euphoria,Kendrick Lamar,"I remember worrying about the intro when it first came out like ""stop playing, beat his ass"" now its my favorite part, its so musically distinct that it brings me back to 2024.",5
Kendrick Lamar,Boom bap / Lyric,NPqDIwWMtxg,euphoria,Kendrick Lamar,Dot fried drizzy’s brain sm he decided to drop 3 more MID albums😂,4
Kendrick Lamar,Boom bap / Lyric,NPqDIwWMtxg,euphoria,Kendrick Lamar,It was never close from the start,1
Kendrick Lamar,Boom bap / Lyric,NPqDIwWMtxg,euphoria,Kendrick Lamar,WATTBA! Literally!,0
Kendrick Lamar,Boom bap / Lyric,NPqDIwWMtxg,euphoria,Kendrick Lamar,This song lives rent free in the gambling ADDICT Aubrey Graham.,2
Kendrick Lamar,Boom bap / Lyric,NPqDIwWMtxg,euphoria,Kendrick Lamar,This has more views than Drake’s videos,6
Kendrick Lamar,Boom bap / Lyric,NPqDIwWMtxg,euphoria,Kendrick Lamar,"kendrick nro I think u broke drakes brain cuz no ay he dropped 3 mid albums, please fix him",3
Kendrick Lamar,Boom bap / Lyric,NPqDIwWMtxg,euphoria,Kendrick Lamar,🎉🎉2026,5
Kendrick Lamar,Boom bap / Lyric,NPqDIwWMtxg,euphoria,Kendrick Lamar,Ngl we gotta appreciate the art,4
Kendrick Lamar,Boom bap / Lyric,NPqDIwWMtxg,euphoria,Kendrick Lamar,Somebody piss this man off again PLEASE 😂,9
Kendrick Lamar,Boom bap / Lyric,NPqDIwWMtxg,euphoria,Kendrick Lamar,"When does he say ""I AM FIREMAN, I I I AM FIREMAN""?",0
Kendrick Lamar,Boom bap / Lyric,NPqDIwWMtxg,euphoria,Kendrick Lamar,Where was this fk 🥷 ice man at when diz 🔥🔥🔥🔥🔥 drop? 🤣,4
Kendrick Lamar,Boom bap / Lyric,NPqDIwWMtxg,euphoria,Kendrick Lamar,This is a random act of kindness.,4
Kendrick Lamar,Boom bap / Lyric,NPqDIwWMtxg,euphoria,Kendrick Lamar,Peak,2
Kendrick Lamar,Boom bap / Lyric,NPqDIwWMtxg,euphoria,Kendrick Lamar,Whos here after drakes new drop😅,3
Kendrick Lamar,Boom bap / Lyric,NPqDIwWMtxg,euphoria,Kendrick Lamar,Happy2ñď anniversary frrrr.,3
Kendrick Lamar,Boom bap / Lyric,NPqDIwWMtxg,euphoria,Kendrick Lamar,"2:58 He's Terrance Thorton I'm Terrance Crawford yeah I'm Whoopin Feet
.
.
.
When is DOT getting his hip hop hall of fame induction‼️‼️‼️ 

I'm just saying what we've all been thinking. 🤧",3
Kendrick Lamar,Boom bap / Lyric,NPqDIwWMtxg,euphoria,Kendrick Lamar,"“I like Drake with the melodies, I don't like Drake when he act tough” describes Drakes new albums to a T",5
Kendrick Lamar,Boom bap / Lyric,NPqDIwWMtxg,euphoria,Kendrick Lamar,This was the best song out of the beef,2
Kendrick Lamar,Boom bap / Lyric,NPqDIwWMtxg,euphoria,Kendrick Lamar,Tell me you cheesing fam 😂 5:52,6
Kendrick Lamar,Boom bap / Lyric,NPqDIwWMtxg,euphoria,Kendrick Lamar,Nah this song is pretty good 😂😂😂😂,1
Kendrick Lamar,Boom bap / Lyric,NPqDIwWMtxg,euphoria,Kendrick Lamar,This song better than  all three albums of Aubrey from degressi,4
Kendrick Lamar,Boom bap / Lyric,NPqDIwWMtxg,euphoria,Kendrick Lamar,"* Dr. Dre — Pleaded no contest in 1991 to battery after assaulting journalist Dee Barnes and has also faced multiple abuse allegations from former partners.

* Jay-Z — Was accused in a civil sexual assault lawsuit tied to an alleged 2000 incident, which he denied and which was later dismissed with prejudice.

* Kodak Black — Faced a sexual assault case from a 2016 accusation and later accepted a plea deal to a lesser assault and battery charge.

* Playboi Carti — Was arrested in 2023 on allegations of assaulting his pregnant girlfriend in a domestic violence case that was later reportedly dropped.

* Tupac Shakur — Was convicted in 1995 of first-degree sexual abuse stemming from a 1993 assault case and served prison time.",0
Kendrick Lamar,Boom bap / Lyric,NPqDIwWMtxg,euphoria,Kendrick Lamar,3:23 IM WHAT THE CULTURES FEELING🗣️🗣️🔥🔥🔥🔥🔥,3
Kendrick Lamar,Boom bap / Lyric,NPqDIwWMtxg,euphoria,Kendrick Lamar,Just For Hip Hop 😁😁😁,0
Kendrick Lamar,Boom bap / Lyric,NPqDIwWMtxg,euphoria,Kendrick Lamar,To go back to 2024 ughhhhhh,0
Kendrick Lamar,Boom bap / Lyric,NPqDIwWMtxg,euphoria,Kendrick Lamar,"I used to bang this in the whip everyday, it ain’t even about dawg this shit just fkn COLD",4
Kendrick Lamar,Boom bap / Lyric,NPqDIwWMtxg,euphoria,Kendrick Lamar,Time flies dont it...,3
Kendrick Lamar,Boom bap / Lyric,NPqDIwWMtxg,euphoria,Kendrick Lamar,2 years later and drake still aint let this go 😂,3
Kendrick Lamar,Boom bap / Lyric,NPqDIwWMtxg,euphoria,Kendrick Lamar,Ya this dude Kendrick is CRAZY,2
Kendrick Lamar,Boom bap / Lyric,NPqDIwWMtxg,euphoria,Kendrick Lamar,This is so bad it’s embarrassing.,0
Kendrick Lamar,Boom bap / Lyric,NPqDIwWMtxg,euphoria,Kendrick Lamar,pi pi pi pi pi pi🗣🔥,0
Kendrick Lamar,Boom bap / Lyric,NPqDIwWMtxg,euphoria,Kendrick Lamar,"The fact that 2 years later Kendrick is still in Drake’s mind rent free so much the man made 3 albums talking about it, and they aren’t even  good. 😭",5
Kendrick Lamar,Boom bap / Lyric,NPqDIwWMtxg,euphoria,Kendrick Lamar,It's definitely the braids 😂,8
Kendrick Lamar,Boom bap / Lyric,NPqDIwWMtxg,euphoria,Kendrick Lamar,In the very beginning of the song where it sounds like the audio is in (REVERSE) it says: “everything they say about me is true. I’m a phony.”,1
Kendrick Lamar,Boom bap / Lyric,NPqDIwWMtxg,euphoria,Kendrick Lamar,4:59 Nun bout that,3
Kendrick Lamar,Boom bap / Lyric,NPqDIwWMtxg,euphoria,Kendrick Lamar,2026 gng,0
Kendrick Lamar,Boom bap / Lyric,NPqDIwWMtxg,euphoria,Kendrick Lamar,Goddamn that YNW Melly bar was crazzzzyyyyy,3
Kendrick Lamar,Boom bap / Lyric,NPqDIwWMtxg,euphoria,Kendrick Lamar,To be honest; this masterpiece deserved a video!,5
Kendrick Lamar,Boom bap / Lyric,NPqDIwWMtxg,euphoria,Kendrick Lamar,„Ironic cause the Iceman was a nice man“,0
Kendrick Lamar,Boom bap / Lyric,NPqDIwWMtxg,euphoria,Kendrick Lamar,Peekaboo😅,1
Kendrick Lamar,Boom bap / Lyric,NPqDIwWMtxg,euphoria,Kendrick Lamar,A track never aged this well 😏,5
Kendrick Lamar,Boom bap / Lyric,NPqDIwWMtxg,euphoria,Kendrick Lamar,Island... Airplane? Ep island? Aviloop air plane? Wow,0
Kendrick Lamar,Boom bap / Lyric,NPqDIwWMtxg,euphoria,Kendrick Lamar,"Coming back to this and Kendrick definitely loss, lmfao buddy kept tying to call this a friendly fade and be buddy and buddy.",0
Kendrick Lamar,Boom bap / Lyric,NPqDIwWMtxg,euphoria,Kendrick Lamar,Had to come back and slap this in the midst of the Drizzy Drops 😂 6 mins & 24 seconds of straight bars😭 Kdot & Ice Man best music makers of our time 🥲 💎🔥🧊💯 🎶 😭🙏🏾,1
Kendrick Lamar,Boom bap / Lyric,NPqDIwWMtxg,euphoria,Kendrick Lamar,That Haley Joel Osment line STILL kills me till this day. 🔥 😩🫡,2
Kendrick Lamar,Boom bap / Lyric,NPqDIwWMtxg,euphoria,Kendrick Lamar,🔥,1
Kendrick Lamar,Boom bap / Lyric,NPqDIwWMtxg,euphoria,Kendrick Lamar,"As a Drake fan, this one was my favorite Dot diss, it aged the best (no forgotten daughter) and was still complex and disrespectful asf.",4
Kendrick Lamar,Boom bap / Lyric,NPqDIwWMtxg,euphoria,Kendrick Lamar,"Back at it again, 21:15 Tue, 27 May 2026",1
Kendrick Lamar,Boom bap / Lyric,NPqDIwWMtxg,euphoria,Kendrick Lamar,Iceman so trash i had to come back to quench my thirst,11
Kendrick Lamar,Boom bap / Lyric,NPqDIwWMtxg,euphoria,Kendrick Lamar,"What a time it was to be alive!  The response anticipation, the dissection of hidden meanings, the research, the online reactions adding to the vibe and culture… while being on the winning side.  Greatest Hip Hop moment in my lifetime, and a true display of levels of skills between Drake and Kendrick.  Idk wtf Drake was thinking",1
Kendrick Lamar,Boom bap / Lyric,NPqDIwWMtxg,euphoria,Kendrick Lamar,Been awhile but I’m back to this greatness 😅,4
Kendrick Lamar,Boom bap / Lyric,NPqDIwWMtxg,euphoria,Kendrick Lamar,"Drake lost that ridicules case last year but sued again last month. K-dot moved on long ago, he released a new album and had a very successful tour. Drake is gone to me, never was that interested in him anyway... looking forward to what good rappers are cooking like K-dot.",5
Kendrick Lamar,Boom bap / Lyric,NPqDIwWMtxg,euphoria,Kendrick Lamar,its crazy ts still as lame as it was ... time does wonders for the old hopers,1
Kendrick Lamar,Boom bap / Lyric,NPqDIwWMtxg,euphoria,Kendrick Lamar,Dot won the battle and the war button 🤷🏾‍♂️,12
Kendrick Lamar,Boom bap / Lyric,NPqDIwWMtxg,euphoria,Kendrick Lamar,It’s crazy this song hits even harder after then trash ass 3 albums 😂,5
Kendrick Lamar,Boom bap / Lyric,NPqDIwWMtxg,euphoria,Kendrick Lamar,Who’s here after ASSMAN? 😫👌🏽,8
Kendrick Lamar,Boom bap / Lyric,NPqDIwWMtxg,euphoria,Kendrick Lamar,now way ts was 2 years ago what the fuck,5
Kendrick Lamar,Boom bap / Lyric,NPqDIwWMtxg,euphoria,Kendrick Lamar,Maybe drake needs that treatment again he’s acting tough again😭🤦‍♂️,3
Kendrick Lamar,Boom bap / Lyric,NPqDIwWMtxg,euphoria,Kendrick Lamar,classic,0
Kendrick Lamar,Boom bap / Lyric,NPqDIwWMtxg,euphoria,Kendrick Lamar,Dis shid is aging like ancient wine at dis point Drake album is horrific ☠️,5
Kendrick Lamar,Boom bap / Lyric,NPqDIwWMtxg,euphoria,Kendrick Lamar,“pushin p lemme see you push a teee” stfu😭😭😭😭😭,5
Kendrick Lamar,Boom bap / Lyric,NPqDIwWMtxg,euphoria,Kendrick Lamar,this dont compare to the 8 minute song with 3 beats and he got destroyed,3
Kendrick Lamar,Boom bap / Lyric,NPqDIwWMtxg,euphoria,Kendrick Lamar,damn shut up,1
Kendrick Lamar,Boom bap / Lyric,NPqDIwWMtxg,euphoria,Kendrick Lamar,gOoOo away,0
Kendrick Lamar,Boom bap / Lyric,NPqDIwWMtxg,euphoria,Kendrick Lamar,the beats carriying,0
Kendrick Lamar,Boom bap / Lyric,NPqDIwWMtxg,euphoria,Kendrick Lamar,voice cracks crazy,0
Kendrick Lamar,Boom bap / Lyric,NPqDIwWMtxg,euphoria,Kendrick Lamar,why he so cute and quiet,1
Kendrick Lamar,Boom bap / Lyric,NPqDIwWMtxg,euphoria,Kendrick Lamar,ima listen to this lets see ima try a kendrick song,3
Kendrick Lamar,Boom bap / Lyric,NPqDIwWMtxg,euphoria,Kendrick Lamar,6:10,0
Kendrick Lamar,Boom bap / Lyric,NPqDIwWMtxg,euphoria,Kendrick Lamar,"Eurt si em tuoba yas yeht gnihtyrevE
Euphoria
Them superpowers getting neutralized, I can only watch in silence
The famous actor we once knew is lookin' paranoid and now spiralin'
You're movin' just like a degenerate, every antic is feelin' distasteful
I calculate you're not as calculated, I can even predict your angle
Fabricating stories on the family front 'cause you heard Mr. Morale
A pathetic master manipulator, I can smell the tales on you now
You're not a rap artist, you a scam artist with the hopes of being accepted
Tommy Hilfiger stood out, but FUBU never had been your collection
I make music that electrify 'em, you make music that pacify 'em
I can double down on that line, but spare you this time, that's random acts of kindness
Know you a master manipulator and habitual liar too
But don't tell no lie about me and I won't tell truths 'bout you
Shoo, shoo, shoo
Shoo, shoo, shoo
Bee, bee, bee, bee, bee, bee
Yeah, I'm out the way, yeah, I'm low, okay
Yeah, the island right here's remote, okay
I ain't thinkin' about no reaper
Nigga, I'm reapin' what I sow, okay
Got a Benjamin and a Jackson all in my house like I'm Joe, okay
Hellcat, made his homeboys and them type sell they soul, okay
Everybody wanna be demon 'til they get chipped by your throwaway
And I might do a show a day, once a lame, always a lame
Oh, you thought the money, the power or fame would make you go away?
Have you ever played have-you-ever? Okay, nigga, let's play
Have you ever walked your enemy down like with a poker face?
Have you ever paid five hundred thou' like to an open case?
Well, I have, and I failed at both, but I came out straight
I hate when a rapper talk about guns, then somebody die
They turn into nuns, then hop online, like ""Pray for my city""
He fakin' for likes and digital hugs
His daddy a killer, he wanna be junior, they must've forgot the shit that they done
Dementia must run in his family, but let it get shaky
I'll park his son
The very first time I shot me a Drac', the homie had told me to aim it this way
I didn't point down enough, today, I'll show you I learned from those mistakes
Somebody had told me that you got a ring, on God, I'm ready to double the wage
I'd rather do that than let a Canadian nigga make Pac turn in his grave
Cutthroat business, you got shit twisted
What is it? The braids?
I hurt your feelings? You don't wanna work with me no more? Okay
It's three G.O.A.T.s left, and I seen two of them kissin' and huggin' on stage
I love 'em to death, and in eight bars, I'll explain that phrase, huh
It's nothin' nobody can tell me, huh
I don't wanna talk on no celly, huh
You know I got language barriers, huh
It's no accent you can sell me, huh
Yeah, Cole and Aubrey know I'm a selfish nigga, the crown is heavy, huh
I pray they my real friends, if not, I'm YNW Melly
I don't like you poppin' shit at Pharrell, for him, I inherit the beef
Yeah, fuck all that pushin' P, let me see you push a T
You better off spinnin' again on him, you think about pushin' me
He's Terrence Thornton, I'm Terence Crawford, yeah, I'm whoopin' feet
We ain't gotta get personal, this a friendly fade, you should keep it that way
I know some shit about niggas that make Gunna Wunna look like a saint
This ain't been about critics, not about gimmicks, not about who the greatest
It's always been about love and hate, now let me say I'm the biggest hater
I hate the way that you walk, the way that you talk, I hate the way that you dress
I hate the way that you sneak diss, if I catch flight, it's gon' be direct
We hate the bitches you fuck, 'cause they confuse themself with real women
And notice, I said ""we, "" it's not just me, I'm what the culture feelin'
How many more fairytale stories 'bout your life 'til we had enough?
How many more Black features 'til you finally feel that you're Black enough?
I like Drake with the melodies, I don't like Drake when he act tough
You gon' make a nigga bring back Puff, let me see if Chubbs really crash somethin'
Yeah, my first one like my last one, it's a classic, you don't have one
Let your core audience stomach that, then tell 'em where you get your abs from
V12, it's a fast one, baow-baow-baow, last one
Headshot for the year, you better walk around like Daft Punk
Remember?
Ay, Top Dawg, who the fuck they think they playin' with?
Extortion my middle name as soon as you jump off of that plane, bitch
I'm allergic to the lame shit, only you like bein' famous
Yachty can't give you no swag neither, I don't give a fuck 'bout who you hang with
I hate the way that you walk, the way that you talk, I hate the way that you dress
Surprised you wanted that feature request
You know that we got some shit to address
I even hate when you say the word ""nigga, "" but that's just me, I guess
Some shit just cringeworthy, it ain't even gotta be deep, I guess
Still love when you see success, everything with me is blessed
Keep makin' me dance, wavin' my hand, and it won't be no threat
I'm knowin' they call you The Boy, but where is a man? 'Cause I ain't seen him yet
Matter fact, I ain't even bleed him yet, can I bleed him? Bet
When I see you stand by Sexyy Red, I believe you see two bad bitches
I believe you don't like women, it's real competition, you might pop ass with 'em
Let's speak on percentage, show me your splits, I'll make sure I double back with you
You were signed to a nigga that's signed to a nigga that said he was signed to that nigga
Try cease and desist on the ""Like That"" record?
Hoe, what? You ain't like that record?
""Back To Back, "" I like that record
I'ma get back to that, for the record
Why would I call around tryna get dirt on niggas? Y'all think all my life is rap?
That's hoe shit, I got a son to raise, but I can see you don't know nothin' 'bout that
Wakin' him up, know nothin' 'bout that
And tell him to pray, know nothin' 'bout that
And givin' him tools to walk through life like day-by-day, know nothin' 'bout that
Teachin' him morals, integrity, discipline, listen, man, you don't know nothin' 'bout that
Speakin' the truth and consider what God's considerin', you don't know nothin' 'bout that
Ain't 20-v-1, it's 1-v-20 if I gotta smack niggas that write with you
Yeah, bring 'em out too, I'll clean 'em out too
Tell BEAM that he better stay right with you
Am I battlin' ghost or AI? Nigga feelin' like Joel Hale Osteen
Funny, he was in a film called ""AI""
And my sixth sense tellin' me to off him
I'ma blick niggas all in they coffin
Yeah, OV-hoe niggas is dick riders
Tell 'em run to America, they imitate heritage, they can't imitate this violence
What I learned is niggas don't like the West Coast
And I'm fine with it, I'll push the line with it
Pick a nigga off one at a time with it
We can be on a three-hour time difference
Don't speak on the family, crodie
It can get deep in the family, crodie
Talk about me and my family, crodie?
Someone gon' bleed in your family, crodie
I be at New Ho King eatin' fried rice with a dip sauce and blammy, crodie
Tell me you're cheesin', fam
We can do this right now on the camera, crodie
Ay, fuck y'all niggas, I don't trust y'all niggas
I wave one finger and thump y'all niggas like, ""Mm""
Field goal, punt y'all niggas, they punk y'all niggas, nobody never took my food
Whoever that's fuckin' with him, fuck you niggas, and fuck the industry too
If you take it there, I'm takin' it further
Psst, that's somethin' you don't wanna do
Ooh
We don't wanna hear you say ""nigga"" no more
We don't wanna hear you say ""nigga"" no more
Stop",1
Kendrick Lamar,Boom bap / Lyric,NPqDIwWMtxg,euphoria,Kendrick Lamar,Ausar stephens brought me back😭,3
Kendrick Lamar,Boom bap / Lyric,NPqDIwWMtxg,euphoria,Kendrick Lamar,I can rap all this and I'm italian,4
Kendrick Lamar,Boom bap / Lyric,NPqDIwWMtxg,euphoria,Kendrick Lamar,Easily the most replayable track of the beef.,82
Kendrick Lamar,Boom bap / Lyric,NPqDIwWMtxg,euphoria,Kendrick Lamar,Kendrick the GOAT✊🏻🔥,3
Kendrick Lamar,Boom bap / Lyric,NPqDIwWMtxg,euphoria,Kendrick Lamar,"Not even a Drake fsn, but there are a lot of wasted bars here. Bar for bar, I now think Meet the Graham's is the best diss of the battle. I went back and listened to it, and kept me engaged from beginning to end. I think Drake put all he had into that diss and was just oute of gas at the end...lol He lost but has the best lyrically tight song of the battle.",2
Kendrick Lamar,Boom bap / Lyric,NPqDIwWMtxg,euphoria,Kendrick Lamar,Iceman is here,1
Kendrick Lamar,Boom bap / Lyric,NPqDIwWMtxg,euphoria,Kendrick Lamar,fireman wasnt a nice man,6
Kendrick Lamar,Boom bap / Lyric,NPqDIwWMtxg,euphoria,Kendrick Lamar,"""I'm allergic to the lame shit Only you like being famous"" is the hardest bar on this to me frfr",2
Kendrick Lamar,Boom bap / Lyric,NPqDIwWMtxg,euphoria,Kendrick Lamar,3:11 3:11 3:11 3:11 3:11 3:11 3:11 3:11 3:11 3:11 3:11 3:11 3:11 3:11 3:11 3:11 3:11 3:11 3:11 3:11 3:11 3:11,2
Kendrick Lamar,Boom bap / Lyric,NPqDIwWMtxg,euphoria,Kendrick Lamar,That shot me a drake bar was underrated,0
Kendrick Lamar,Boom bap / Lyric,NPqDIwWMtxg,euphoria,Kendrick Lamar,im gay,3
Kendrick Lamar,Boom bap / Lyric,NPqDIwWMtxg,euphoria,Kendrick Lamar,"Something that I don’t hear people talking about is the end of verse 3 when Kendrick says “nobody never took my food.” Why did he say that? Who is he referencing? What is he referencing? He’s referring to Drake accusing Top Dawg (CEO of Top Dawg Ent) of extorting Kendrick. Kendrick is basically saying “YEAH Top is an OG where he’s from, a real reputable. And guess what? He still ain’t taking my food! So if a OG from Watts ain’t scaring me, you think I’m scared of a Canadian TV star turned rapper??!!” 😂😂",2
Kendrick Lamar,Boom bap / Lyric,NPqDIwWMtxg,euphoria,Kendrick Lamar,This sound better then all 3 of Drake albums,4
Kendrick Lamar,Boom bap / Lyric,NPqDIwWMtxg,euphoria,Kendrick Lamar,Because Drake Is Minor😂,2
Kendrick Lamar,Boom bap / Lyric,NPqDIwWMtxg,euphoria,Kendrick Lamar,2:42 🔥🔥🔥,1
Kendrick Lamar,Boom bap / Lyric,NPqDIwWMtxg,euphoria,Kendrick Lamar,Who came here after drakes new album,20
Kendrick Lamar,Boom bap / Lyric,NPqDIwWMtxg,euphoria,Kendrick Lamar,This Never gets old deadass 😂‼️💪🏾💪🏾 king Kendrick frfr 🫡‼️👌🏾,4
Kendrick Lamar,Boom bap / Lyric,NPqDIwWMtxg,euphoria,Kendrick Lamar,EUPHORIA is better than all 3 Albums Drake Dropped 😂😂😂,5
Kendrick Lamar,Boom bap / Lyric,NPqDIwWMtxg,euphoria,Kendrick Lamar,3:53 The third beat is the best one honestly!,3
Kendrick Lamar,Boom bap / Lyric,NPqDIwWMtxg,euphoria,Kendrick Lamar,Remember 🤷🏾‍♂️🤷🏾‍♂️🤷🏾‍♂️,1
Kendrick Lamar,Boom bap / Lyric,NPqDIwWMtxg,euphoria,Kendrick Lamar,GAVE ME CHILLS,2
Kendrick Lamar,Boom bap / Lyric,NPqDIwWMtxg,euphoria,Kendrick Lamar,"D- Don't
R- Rap
A- Against
K- Kendrick
E- Ever

Nga is suing everyone BUT Kendrick😂",18
Kendrick Lamar,Boom bap / Lyric,NPqDIwWMtxg,euphoria,Kendrick Lamar,I hate looking up this song and getting the show instead,2
Kendrick Lamar,Boom bap / Lyric,NPqDIwWMtxg,euphoria,Kendrick Lamar,You make music that pacify em,2
Kendrick Lamar,Boom bap / Lyric,NPqDIwWMtxg,euphoria,Kendrick Lamar,Best diss track OAT,4
Kendrick Lamar,Boom bap / Lyric,NPqDIwWMtxg,euphoria,Kendrick Lamar,"Kendrick was right.

Hits harder after the 3 piss pots Drake dropped.",4
Kendrick Lamar,Boom bap / Lyric,NPqDIwWMtxg,euphoria,Kendrick Lamar,The best diss track tbh,13
Kendrick Lamar,Boom bap / Lyric,NPqDIwWMtxg,euphoria,Kendrick Lamar,"Can any Apple Music user please tell me I’m not tripping… I was listening to this song just now and at the end where he says “we don’t wanna hear you say n no more” you can slightly here “silent hill” off the Mr morale album.. as if it’s trying to transition into it, I had repeat on and transition setting off and I didn’t even have silent hill played next anyways",2
Kendrick Lamar,Boom bap / Lyric,NPqDIwWMtxg,euphoria,Kendrick Lamar,Here to put flowers 💐 on Aubrey grave site,9
Kendrick Lamar,Boom bap / Lyric,NPqDIwWMtxg,euphoria,Kendrick Lamar,Hello world 🌍 here we convene again,8
Kendrick Lamar,Boom bap / Lyric,NPqDIwWMtxg,euphoria,Kendrick Lamar,🔥🔥🔥🔥🔥🔥,3
Kendrick Lamar,Boom bap / Lyric,NPqDIwWMtxg,euphoria,Kendrick Lamar,like if you think this was the best diss track in the beef,8
Kendrick Lamar,Boom bap / Lyric,NPqDIwWMtxg,euphoria,Kendrick Lamar,I can't imagine people say this ain't the best diss truck even if it's hurting the man guys mmmmmmm,5
Kendrick Lamar,Boom bap / Lyric,NPqDIwWMtxg,euphoria,Kendrick Lamar,Bro said I hurt ur feelings u don't wanna work with me normal 😩😩🤣🤣🤣😭😭🧦😭,3
Kendrick Lamar,Boom bap / Lyric,NPqDIwWMtxg,euphoria,Kendrick Lamar,After 4 drake iceman songs gotta come back to this conclusion EUPHORIA....,5
Kendrick Lamar,Boom bap / Lyric,NPqDIwWMtxg,euphoria,Kendrick Lamar,This dude sounds like mickey mouse trying to b G,0
Kendrick Lamar,Boom bap / Lyric,NPqDIwWMtxg,euphoria,Kendrick Lamar,Crazy thing is Drake really is gay 😂😂😂,5
Kendrick Lamar,Boom bap / Lyric,NPqDIwWMtxg,euphoria,Kendrick Lamar,6:11 ouuuuuuuu,1
Kendrick Lamar,Boom bap / Lyric,NPqDIwWMtxg,euphoria,Kendrick Lamar,who all here after them 3 drake albums,74
Kendrick Lamar,Boom bap / Lyric,NPqDIwWMtxg,euphoria,Kendrick Lamar,Kung Fu “Crawford” Kenny,4
Kendrick Lamar,Boom bap / Lyric,NPqDIwWMtxg,euphoria,Kendrick Lamar,I had to come here to rinse my ears from the HIM album,4
Kendrick Lamar,Boom bap / Lyric,NPqDIwWMtxg,euphoria,Kendrick Lamar,Almost fell asleep listening to ts,0
Kendrick Lamar,Boom bap / Lyric,NPqDIwWMtxg,euphoria,Kendrick Lamar,I love this song,2
Kendrick Lamar,Boom bap / Lyric,NPqDIwWMtxg,euphoria,Kendrick Lamar,PEAK HAPPINESS,4
Kendrick Lamar,Boom bap / Lyric,NPqDIwWMtxg,euphoria,Kendrick Lamar,Drake drop but that’s not enough 😂,7
Kendrick Lamar,Boom bap / Lyric,NPqDIwWMtxg,euphoria,Kendrick Lamar,Welpppppp future got a song with drake this still a cold song best diss I still wanted drake to win 😭😭😭😭,1
Kendrick Lamar,Boom bap / Lyric,NPqDIwWMtxg,euphoria,Kendrick Lamar,we here after ICEMAN y'all 😂😅.,13
Kendrick Lamar,Boom bap / Lyric,NPqDIwWMtxg,euphoria,Kendrick Lamar,"“When I see you stand by sexxy red , l believe you see two bad bitches ”😭",11
Kendrick Lamar,Boom bap / Lyric,NPqDIwWMtxg,euphoria,Kendrick Lamar,Can I like this track again damn best track of all still,5
Kendrick Lamar,Boom bap / Lyric,NPqDIwWMtxg,euphoria,Kendrick Lamar,Here again 2026,4
Kendrick Lamar,Boom bap / Lyric,NPqDIwWMtxg,euphoria,Kendrick Lamar,"2 years later and Euphoria is still the best song this decade, Kendrick Lamar 🐐❤",6
Kendrick Lamar,Boom bap / Lyric,NPqDIwWMtxg,euphoria,Kendrick Lamar,After listening to to iceman I went back to this song… and it maturing like a good red wine from France,8
Kendrick Lamar,Boom bap / Lyric,NPqDIwWMtxg,euphoria,Kendrick Lamar,Decided to listen to Cheetah Print… immediately ran to this video,3
Kendrick Lamar,Boom bap / Lyric,NPqDIwWMtxg,euphoria,Kendrick Lamar,Fire 🔥,2
Kendrick Lamar,Boom bap / Lyric,NPqDIwWMtxg,euphoria,Kendrick Lamar,Came back here to wash off those corny ass albums,11
Kendrick Lamar,Boom bap / Lyric,NPqDIwWMtxg,euphoria,Kendrick Lamar,"i love drake and kendrick but ngl, kendrick did drake dirty. Now drake been making ass music",4
Kendrick Lamar,Boom bap / Lyric,NPqDIwWMtxg,euphoria,Kendrick Lamar,Who is here ten years later,4
Kendrick Lamar,Boom bap / Lyric,NPqDIwWMtxg,euphoria,Kendrick Lamar,Just heard this after drake's 3 albums. Drake sucks. Kdot is goat.,3
Kendrick Lamar,Boom bap / Lyric,NPqDIwWMtxg,euphoria,Kendrick Lamar,Who is here after Iceman?,6
Kendrick Lamar,Boom bap / Lyric,NPqDIwWMtxg,euphoria,Kendrick Lamar,🔥🔥🔥,3
Kendrick Lamar,Boom bap / Lyric,NPqDIwWMtxg,euphoria,Kendrick Lamar,Song aged like the finest wines 👌🏾,4
Kendrick Lamar,Boom bap / Lyric,NPqDIwWMtxg,euphoria,Kendrick Lamar,The iceman is not a nice man I'm hot n cold 😂😂😂. BBL drizzy,3
Kendrick Lamar,Boom bap / Lyric,NPqDIwWMtxg,euphoria,Kendrick Lamar,euphoria > 3 projects,6
Kendrick Lamar,Boom bap / Lyric,NPqDIwWMtxg,euphoria,Kendrick Lamar,PEAK!,2
Kendrick Lamar,Boom bap / Lyric,NPqDIwWMtxg,euphoria,Kendrick Lamar,Drake better ong,1
Kendrick Lamar,Boom bap / Lyric,NPqDIwWMtxg,euphoria,Kendrick Lamar,Wish he came with a video 🔥😭😅,1
Kendrick Lamar,Boom bap / Lyric,NPqDIwWMtxg,euphoria,Kendrick Lamar,We need a music video for this song.😮,5
Kendrick Lamar,Boom bap / Lyric,NPqDIwWMtxg,euphoria,Kendrick Lamar,Happy iceman 3 album buns drop 😂😂,0
Kendrick Lamar,Boom bap / Lyric,NPqDIwWMtxg,euphoria,Kendrick Lamar,Firemaaaaan 🔥🔥🔥🔥,1
Kendrick Lamar,Boom bap / Lyric,NPqDIwWMtxg,euphoria,Kendrick Lamar,It’s crazy how well this aged “you moving just a degenerate….. with hopes of being accepted “ drake literally having an identity crisis and he wanna be accepted so bad,5
Kendrick Lamar,Boom bap / Lyric,NPqDIwWMtxg,euphoria,Kendrick Lamar,I love Hip-Hop,3
Kendrick Lamar,Boom bap / Lyric,NPqDIwWMtxg,euphoria,Kendrick Lamar,I know you came back in 2026!!!!!!!!!!,6
Kendrick Lamar,Boom bap / Lyric,NPqDIwWMtxg,euphoria,Kendrick Lamar,here to remind myself i'm not hating hard enough,13
Kendrick Lamar,Boom bap / Lyric,NPqDIwWMtxg,euphoria,Kendrick Lamar,2 years and still peak,5
Kendrick Lamar,Boom bap / Lyric,NPqDIwWMtxg,euphoria,Kendrick Lamar,2026 Anyone ? 😀👋,5
Kendrick Lamar,Boom bap / Lyric,NPqDIwWMtxg,euphoria,Kendrick Lamar,666,0
Kendrick Lamar,Boom bap / Lyric,NPqDIwWMtxg,euphoria,Kendrick Lamar,"Is it not surprising some us are still bumping all Kendrick diss again,shit change lot of things man.😂😂",5
Kendrick Lamar,Boom bap / Lyric,NPqDIwWMtxg,euphoria,Kendrick Lamar,Kdot diss is still hurting them like a break up...u can tell😂😂,8
Kendrick Lamar,Boom bap / Lyric,NPqDIwWMtxg,euphoria,Kendrick Lamar,"Listening to this again, I just keep imagining Drake's face after some of these bars",5
Kendrick Lamar,Boom bap / Lyric,NPqDIwWMtxg,euphoria,Kendrick Lamar,Let me see you Pusha Teeeee 😂😂,6
Kendrick Lamar,Boom bap / Lyric,NPqDIwWMtxg,euphoria,Kendrick Lamar,wtf it feel like yesterday,5
Kendrick Lamar,Boom bap / Lyric,NPqDIwWMtxg,euphoria,Kendrick Lamar,Im back again,4
Kendrick Lamar,Boom bap / Lyric,NPqDIwWMtxg,euphoria,Kendrick Lamar,Hits even harder in 2026 😂😂😂,6
Kendrick Lamar,Boom bap / Lyric,NPqDIwWMtxg,euphoria,Kendrick Lamar,U something else ❤,3
Kendrick Lamar,Boom bap / Lyric,NPqDIwWMtxg,euphoria,Kendrick Lamar,It goes even harder now 😭😭,10
Kendrick Lamar,Boom bap / Lyric,NPqDIwWMtxg,euphoria,Kendrick Lamar,F** ICe wtf is Drake??,3
Kendrick Lamar,Boom bap / Lyric,NPqDIwWMtxg,euphoria,Kendrick Lamar,This is the most consistent diss song yet,4
Kendrick Lamar,Boom bap / Lyric,NPqDIwWMtxg,euphoria,Kendrick Lamar,2026 reliving the coldness 🥶,4
Kendrick Lamar,Boom bap / Lyric,NPqDIwWMtxg,euphoria,Kendrick Lamar,They friends like a muh fucka,1
Kendrick Lamar,Boom bap / Lyric,NPqDIwWMtxg,euphoria,Kendrick Lamar,First time hearing euphoria in 2years & I must say this aged very well 😂🔥🔥💯,6
Kendrick Lamar,Boom bap / Lyric,NPqDIwWMtxg,euphoria,Kendrick Lamar,Had to come and listen to this to cleanse my ears after hearing the ICEMAN album.,5
Kendrick Lamar,Boom bap / Lyric,NPqDIwWMtxg,euphoria,Kendrick Lamar,Back here after the iceman dropped 😂🙌🏾,10
Kendrick Lamar,Boom bap / Lyric,NPqDIwWMtxg,euphoria,Kendrick Lamar,Drake is so lame,10
Kendrick Lamar,Boom bap / Lyric,NPqDIwWMtxg,euphoria,Kendrick Lamar,you don't know nun bout that🤣🤣🤣,6
Kendrick Lamar,Boom bap / Lyric,NPqDIwWMtxg,euphoria,Kendrick Lamar,Nah he walked ova drake tho,11
Kendrick Lamar,Boom bap / Lyric,NPqDIwWMtxg,euphoria,Kendrick Lamar,STILL HERE!!!!,6
Kendrick Lamar,Boom bap / Lyric,NPqDIwWMtxg,euphoria,Kendrick Lamar,Back for another listen. Iceman is melting,6
Kendrick Lamar,Boom bap / Lyric,NPqDIwWMtxg,euphoria,Kendrick Lamar,Who knew Aubs would still be rebuttaling this song TWO years later?!?! 😬😂😂,6
Kendrick Lamar,Boom bap / Lyric,NPqDIwWMtxg,euphoria,Kendrick Lamar,I CAN HEAR THE ACCENT,3
Kendrick Lamar,Boom bap / Lyric,NPqDIwWMtxg,euphoria,Kendrick Lamar,LMFAOOO Who else here to cleanse their ears from Drakes Trifecta nonsense 😅,5
Kendrick Lamar,Boom bap / Lyric,NPqDIwWMtxg,euphoria,Kendrick Lamar,Dot made damages that cannot be reversed,9
Kendrick Lamar,Boom bap / Lyric,NPqDIwWMtxg,euphoria,Kendrick Lamar,Cant believe its been two years already,4
Kendrick Lamar,Boom bap / Lyric,NPqDIwWMtxg,euphoria,Kendrick Lamar,"Can we give this guy another Pulitzer for this?? Seriously, this song is aging like fine wine 😂",16
Kendrick Lamar,Boom bap / Lyric,NPqDIwWMtxg,euphoria,Kendrick Lamar,This song is 6 minutes long thats half my work place morning break,5
Kendrick Lamar,Boom bap / Lyric,NPqDIwWMtxg,euphoria,Kendrick Lamar,Everything they say about me is true.,3
Kendrick Lamar,Boom bap / Lyric,NPqDIwWMtxg,euphoria,Kendrick Lamar,Lol thanks,3
Kendrick Lamar,Boom bap / Lyric,NPqDIwWMtxg,euphoria,Kendrick Lamar,Yall ready for the Kendrick Response?,5
Kendrick Lamar,Boom bap / Lyric,NPqDIwWMtxg,euphoria,Kendrick Lamar,What is it the braiiddd?,4
Kendrick Lamar,Boom bap / Lyric,NPqDIwWMtxg,euphoria,Kendrick Lamar,Well this aged well...,24
Kendrick Lamar,Boom bap / Lyric,NPqDIwWMtxg,euphoria,Kendrick Lamar,drake music is euphoria,1
Kendrick Lamar,Boom bap / Lyric,NPqDIwWMtxg,euphoria,Kendrick Lamar,🔥🔥🔥🐐,3
Kendrick Lamar,Boom bap / Lyric,NPqDIwWMtxg,euphoria,Kendrick Lamar,Back after 2 years just to relive this amazing time😎,6
Kendrick Lamar,Boom bap / Lyric,NPqDIwWMtxg,euphoria,Kendrick Lamar,The 9/11 of the modern rap industry ✋🙂‍↕️🤚,13
Kendrick Lamar,Boom bap / Lyric,NPqDIwWMtxg,euphoria,Kendrick Lamar,iceman really made everyone come back here lol,42
Kendrick Lamar,Boom bap / Lyric,NPqDIwWMtxg,euphoria,Kendrick Lamar,Some say that drake dropped 3 albums to respond to this diss,11
Kendrick Lamar,Boom bap / Lyric,NPqDIwWMtxg,euphoria,Kendrick Lamar,Had to come here to cleanse my pallet …,11
Kendrick Lamar,Boom bap / Lyric,NPqDIwWMtxg,euphoria,Kendrick Lamar,"Well, we got *ICEMAN* plus 2 other albums from Aubrey before GTA VI and guess what? *HE RELEASED 3 ALBUMS THAT ARE NOTHING BUT BM ON A BEAT!* I feel bad for the Aubrey fans but the Stans can rot in hell. It's been almost 3 years of waiting, embarrassing themselves in 4K and hyping him up and they got the usual repetitive victim rap that he's been doing since he blew up in 2009. *I was in 10th grade when he popped off. I'm 33 with a job, arthritis and a monthly Disability check and Aubrey hasn't changed from the man he was in his 20s. He's almost 40 and running around with Streamers who are barely in their 20s.* Like I said, if it was anyone else, I'd feel bad for him but it's Aubrey Graham. He made his bed and now he's gotta lie in it. He needs to retire and apply what he learns from the therapists and psychiatrists that he obviously needs because this ain't it, Chief. 
*GROW UP OR SHUT UP!*",5
Kendrick Lamar,Boom bap / Lyric,NPqDIwWMtxg,euphoria,Kendrick Lamar,"You were so right about him, everything you said in this song",7
Kendrick Lamar,Boom bap / Lyric,NPqDIwWMtxg,euphoria,Kendrick Lamar,3 álbums none hit like ts tbh,4
Kendrick Lamar,Boom bap / Lyric,NPqDIwWMtxg,euphoria,Kendrick Lamar,This is a work of art,7
Kendrick Lamar,Boom bap / Lyric,NPqDIwWMtxg,euphoria,Kendrick Lamar,"Kendrick: am about to end this man’s rapping ability, 

“what is it, the braids?????”

Me: ooooooooooooooooo😮 2:17",3
Kendrick Lamar,Boom bap / Lyric,NPqDIwWMtxg,euphoria,Kendrick Lamar,"""When I see you stand with sexyy red I believe you see to bad bitches"" That bar is worth's it's gold after that stupid sexyy red Collab.",4
Kendrick Lamar,Boom bap / Lyric,NPqDIwWMtxg,euphoria,Kendrick Lamar,2026 Still 🔥🔥🔥🔥🔥,6
Kendrick Lamar,Boom bap / Lyric,NPqDIwWMtxg,euphoria,Kendrick Lamar,still as good as the day it dropped 🔥,12
Kendrick Lamar,Boom bap / Lyric,NPqDIwWMtxg,euphoria,Kendrick Lamar,one of the biggest direct diss tracks of all time.,10
Kendrick Lamar,Boom bap / Lyric,NPqDIwWMtxg,euphoria,Kendrick Lamar,I never noticed that flash of the prisoner from Abu Grahb prison,2
Kendrick Lamar,Boom bap / Lyric,NPqDIwWMtxg,euphoria,Kendrick Lamar,Send hate,1
Kendrick Lamar,Boom bap / Lyric,NPqDIwWMtxg,euphoria,Kendrick Lamar,Hay Yall!! Happy May 2026!🎉✨,4
Kendrick Lamar,Boom bap / Lyric,NPqDIwWMtxg,euphoria,Kendrick Lamar,ជ្រុលជាអ្ហែងតាមព្យាយាមលួចយកស្នាមញញឹមអញហើយ ទោះអញងាប់ចូលមឈូស ក៏អញទៅងាប់នៅកន្លែងណាដែលអ្ហែងប៉ះពាល់សាកសពអញមិនបានដែរ អញមិនព្រមការប្រមាថពីពួកអ្ហែងទេ អញស៊ូទៅអស់ខ្លួនជាមួយសត្វឆ្កែ ក៏នៅតែថ្លៃថ្នូរជាងទៅធ្វើសពអស់ខ្លួនជាមួយពួកអ្ហែងដែរ ស្អប់អញដោយអត់ហេតុផល ស្អប់បន្តទៀតចុះ,0
Kendrick Lamar,Boom bap / Lyric,NPqDIwWMtxg,euphoria,Kendrick Lamar,Two years later and this is still the most surgically precise track ever.,20
Kendrick Lamar,Boom bap / Lyric,NPqDIwWMtxg,euphoria,Kendrick Lamar,Years later this still hit hard 🚀🚀🚀,14
Kendrick Lamar,Boom bap / Lyric,NPqDIwWMtxg,euphoria,Kendrick Lamar,Had to wash my ears with real bars after those 3 trash albums,9
Kendrick Lamar,Boom bap / Lyric,NPqDIwWMtxg,euphoria,Kendrick Lamar,It was definitely the braids 😏,4
Kendrick Lamar,Boom bap / Lyric,NPqDIwWMtxg,euphoria,Kendrick Lamar,🤣🤣🤣🤣🔥,2
Kendrick Lamar,Boom bap / Lyric,NPqDIwWMtxg,euphoria,Kendrick Lamar,This is my fight song!!,6
Kendrick Lamar,Boom bap / Lyric,NPqDIwWMtxg,euphoria,Kendrick Lamar,"this song is literally a drake KO even after the 3 albums, LET ALONE MEET THE GRAHAMS AND NOT LIKE US VRO",6
Kendrick Lamar,Boom bap / Lyric,NPqDIwWMtxg,euphoria,Kendrick Lamar,This song is better then all three of drakes hot garbage.,5
Kendrick Lamar,Boom bap / Lyric,NPqDIwWMtxg,euphoria,Kendrick Lamar,All time classic 💯,5
Kendrick Lamar,Boom bap / Lyric,NPqDIwWMtxg,euphoria,Kendrick Lamar,HOW IT ALL BEGAN 😢 WHY DID THE BOY HAVE TO LIE !?!?!,5
Kendrick Lamar,Boom bap / Lyric,NPqDIwWMtxg,euphoria,Kendrick Lamar,We should all run up the numbers on all the drake diss songs 😂😂😂,8
Kendrick Lamar,Boom bap / Lyric,NPqDIwWMtxg,euphoria,Kendrick Lamar,one song vs 3 albums comment was got me laugh hahaha lol,5
Kendrick Lamar,Boom bap / Lyric,NPqDIwWMtxg,euphoria,Kendrick Lamar,Drake still butthurt after 2 years lmfao 😭🥀🥀🥀,2
Kendrick Lamar,Boom bap / Lyric,NPqDIwWMtxg,euphoria,Kendrick Lamar,We know who won.  Drake fans are delusional,3
Kendrick Lamar,Boom bap / Lyric,NPqDIwWMtxg,euphoria,Kendrick Lamar,"""Ice man was a nice man, now im uncle"". 🥀🥀🥀🥀🥀",12
Kendrick Lamar,Boom bap / Lyric,NPqDIwWMtxg,euphoria,Kendrick Lamar,First 5 bars killed make it hard to listen to drake the same,5
Kendrick Lamar,Boom bap / Lyric,NPqDIwWMtxg,euphoria,Kendrick Lamar,It all circles back to this 😂😂😂,4
Kendrick Lamar,Boom bap / Lyric,NPqDIwWMtxg,euphoria,Kendrick Lamar,"i think this is the song that hurt drake the most emotionally, he just went after nlu in court because of how popular it was",3
Kendrick Lamar,Boom bap / Lyric,NPqDIwWMtxg,euphoria,Kendrick Lamar,Mannnnnnnn he chop u tf up Drake smh wow,3
Kendrick Lamar,Boom bap / Lyric,NPqDIwWMtxg,euphoria,Kendrick Lamar,Kendrick lives rent free in drakes head.,8
Kendrick Lamar,Boom bap / Lyric,NPqDIwWMtxg,euphoria,Kendrick Lamar,Just here to remind myself why Drake  drop  frozen nonsense,3
Kendrick Lamar,Boom bap / Lyric,NPqDIwWMtxg,euphoria,Kendrick Lamar,"May 18, 2026",3
Kendrick Lamar,Boom bap / Lyric,NPqDIwWMtxg,euphoria,Kendrick Lamar,I am here just to be petty will be repeating several times lol,5
Kendrick Lamar,Boom bap / Lyric,NPqDIwWMtxg,euphoria,Kendrick Lamar,This shit unbelievable 😂,9
Kendrick Lamar,Boom bap / Lyric,NPqDIwWMtxg,euphoria,Kendrick Lamar,"Came here again because I was laughing at the Iceman album, needed something serious to calm down",336
Kendrick Lamar,Boom bap / Lyric,NPqDIwWMtxg,euphoria,Kendrick Lamar,Better than not like us,18
Kendrick Lamar,Boom bap / Lyric,NPqDIwWMtxg,euphoria,Kendrick Lamar,Here after Drake new album.,9
Kendrick Lamar,Boom bap / Lyric,NPqDIwWMtxg,euphoria,Kendrick Lamar,Did yall know Drake is the executive producer of Euphoria 🤮🤮🤮🤮🤮🤮🤮🤮🤮🤮🤮🤮🤮🤮🤮🤮🤮🤮🤮🤮🤮🤮🤮🤮🤮🤮🤮🤮🤮🤮🤮🤮🤮🤮🤮🤮🤮🤮🤮🤮,2
Kendrick Lamar,Boom bap / Lyric,NPqDIwWMtxg,euphoria,Kendrick Lamar,EUPHORIA VS 3 ALBUMS,11
Kendrick Lamar,Boom bap / Lyric,NPqDIwWMtxg,euphoria,Kendrick Lamar,EUPHORIA VS 3 ALBUMS,6
Kendrick Lamar,Boom bap / Lyric,NPqDIwWMtxg,euphoria,Kendrick Lamar,Who had to come back?,12
Kendrick Lamar,Boom bap / Lyric,NPqDIwWMtxg,euphoria,Kendrick Lamar,"""When i see you stand by sexy red i believe you see 2 bad bitches"" 😂",12
Kendrick Lamar,Boom bap / Lyric,NPqDIwWMtxg,euphoria,Kendrick Lamar,Mannnnn he killed that nigga smh wow,14
Kendrick Lamar,Boom bap / Lyric,NPqDIwWMtxg,euphoria,Kendrick Lamar,I am sorry every single sentence on this song is diabolical Oh. My. God.,7
Kendrick Lamar,Boom bap / Lyric,NPqDIwWMtxg,euphoria,Kendrick Lamar,"""I make music that electrify 'em, you make music that pacify 'em"" damn how he know",25
Kendrick Lamar,Boom bap / Lyric,NPqDIwWMtxg,euphoria,Kendrick Lamar,Who’s back here after those trash drops 😂,10
Kendrick Lamar,Boom bap / Lyric,NPqDIwWMtxg,euphoria,Kendrick Lamar,"Who's here after Drake's drop??? This alone fuqs up all three albums. ""Not Like Us"" was just the icing on the cake!!!!! 🔥🔥🔥🔥🔥🔥🔥🔥 COME ON, KUNG FU KENNY!!!! I KNOW THAT U'R GOING 2 FUQ HIS EARS UP AGAIN SOON ASF!!!!! 👊🏾👊🏾👊🏾👊🏾👊🏾👊🏾👊🏾👊🏾👊🏾👊🏾",10
Kendrick Lamar,Boom bap / Lyric,NPqDIwWMtxg,euphoria,Kendrick Lamar,Here after listening to that bullshit Iceman. Couldn’t even listen to the second song 😂,9
Kendrick Lamar,Boom bap / Lyric,NPqDIwWMtxg,euphoria,Kendrick Lamar,I got honeybun on my phone dang!,1
Kendrick Lamar,Boom bap / Lyric,NPqDIwWMtxg,euphoria,Kendrick Lamar,Damn it's been 2 years 😂... Drake made me come back here,30
Kendrick Lamar,Boom bap / Lyric,NPqDIwWMtxg,euphoria,Kendrick Lamar,“When I see you stand by Sexxy Red I believe you see 2 bad bitches” —Aged very well🥂,13
Kendrick Lamar,Boom bap / Lyric,NPqDIwWMtxg,euphoria,Kendrick Lamar,"Euphoria aged like the pyramids! Sheeesh! LEGENDARY!🪄🌙🔥
1 song vs 3 albums 😅",6
Kendrick Lamar,Boom bap / Lyric,NPqDIwWMtxg,euphoria,Kendrick Lamar,Up there with ether,1
Kendrick Lamar,Boom bap / Lyric,NPqDIwWMtxg,euphoria,Kendrick Lamar,I am the Master of my Multiverse,0
Kendrick Lamar,Boom bap / Lyric,NPqDIwWMtxg,euphoria,Kendrick Lamar,Hey def cried and def lost sleep l,4
Kendrick Lamar,Boom bap / Lyric,NPqDIwWMtxg,euphoria,Kendrick Lamar,Who else is here after ice man?,7
Kendrick Lamar,Boom bap / Lyric,NPqDIwWMtxg,euphoria,Kendrick Lamar,Who's here after Iceman dropped 😂,2
Kendrick Lamar,Boom bap / Lyric,NPqDIwWMtxg,euphoria,Kendrick Lamar,Aged like fine wine,16
Kendrick Lamar,Boom bap / Lyric,NPqDIwWMtxg,euphoria,Kendrick Lamar,"Soooo.. whos here on may 17, 2026??",4
Kendrick Lamar,Boom bap / Lyric,NPqDIwWMtxg,euphoria,Kendrick Lamar,This shit so hard 🤣,7
Kendrick Lamar,Boom bap / Lyric,NPqDIwWMtxg,euphoria,Kendrick Lamar,the shortest 6 mins of my life,7
Kendrick Lamar,Boom bap / Lyric,NPqDIwWMtxg,euphoria,Kendrick Lamar,Had to come back to this... his super powers have been neutralized,7
Kendrick Lamar,Boom bap / Lyric,NPqDIwWMtxg,euphoria,Kendrick Lamar,"I came here to cleanse my hears after listening to that bullshit of iceman Damm kendrick look what you did to the boy, his all brokenand shit you predicted and layed it all down on this track.",2
Kendrick Lamar,Boom bap / Lyric,NPqDIwWMtxg,euphoria,Kendrick Lamar,Kendrick Lamar is better then drake,13
Kendrick Lamar,Boom bap / Lyric,NPqDIwWMtxg,euphoria,Kendrick Lamar,Still valid,11
Kendrick Lamar,Boom bap / Lyric,NPqDIwWMtxg,euphoria,Kendrick Lamar,Aubrey really thinks he can compete against a time traveller😂,11
Kendrick Lamar,Boom bap / Lyric,NPqDIwWMtxg,euphoria,Kendrick Lamar,After listening to that 🚮 from Drake I had to do a factory reset!,6
Kendrick Lamar,Boom bap / Lyric,NPqDIwWMtxg,euphoria,Kendrick Lamar,After the debacle Drake just did with that 3 album release…. This song is even more relevant now than then! Kendrick saved hip hop!,6
Kendrick Lamar,Boom bap / Lyric,NPqDIwWMtxg,euphoria,Kendrick Lamar,These diss track keeps aging better with time.,9
Kendrick Lamar,Boom bap / Lyric,NPqDIwWMtxg,euphoria,Kendrick Lamar,"Damn 2 years later and I’m just now catching the “remember?” “ Still love when you see success ; everything with me is blessed. “ he was talking about Drake songs. Way up I feel blessed, I just wanna be successful & worst behavior",4
Kendrick Lamar,Boom bap / Lyric,NPqDIwWMtxg,euphoria,Kendrick Lamar,Kendrick Absolutely save 2024 🫶,6
Kendrick Lamar,Boom bap / Lyric,NPqDIwWMtxg,euphoria,Kendrick Lamar,3 albums of talking shit and still can’t come back…. KDOT THE 🐐,11
Kendrick Lamar,Boom bap / Lyric,NPqDIwWMtxg,euphoria,Kendrick Lamar,This song hits even harder now 😭,11
Kendrick Lamar,Boom bap / Lyric,NPqDIwWMtxg,euphoria,Kendrick Lamar,"Yall think Haley Joel Osment has black people coming up to him in public calling him the name of a greedy, phoney Texas ""preacher""?😂😂😂",1
Kendrick Lamar,Boom bap / Lyric,NPqDIwWMtxg,euphoria,Kendrick Lamar,I went to go listen to baby keem after that shit got on my shuffle 😂,3
Kendrick Lamar,Boom bap / Lyric,NPqDIwWMtxg,euphoria,Kendrick Lamar,This is a comment,2
Kendrick Lamar,Boom bap / Lyric,NPqDIwWMtxg,euphoria,Kendrick Lamar,2 years later the diss still works,3
Kendrick Lamar,Boom bap / Lyric,NPqDIwWMtxg,euphoria,Kendrick Lamar,SHOOOOOOOOOOOOOOOOOOOOOOOOOO,6
Kendrick Lamar,Boom bap / Lyric,NPqDIwWMtxg,euphoria,Kendrick Lamar,Yo anybody back here after listening them 3 mid albums? 😂,11
Kendrick Lamar,Boom bap / Lyric,NPqDIwWMtxg,euphoria,Kendrick Lamar,This aged like fine wine 😂,15
Kendrick Lamar,Boom bap / Lyric,NPqDIwWMtxg,euphoria,Kendrick Lamar,That album made me run it back 😂😂😂,8
Kendrick Lamar,Boom bap / Lyric,NPqDIwWMtxg,euphoria,Kendrick Lamar,"Turned iceman to miceman 
long live King Kenny",9
Kendrick Lamar,Boom bap / Lyric,NPqDIwWMtxg,euphoria,Kendrick Lamar,"At this point Dot, don't even give him a new battle rap, just  re-upload Euphoria and that 9gga be crying again talking to his watch and goddamn Car in his bloody garrage",12
Kendrick Lamar,Boom bap / Lyric,NPqDIwWMtxg,euphoria,Kendrick Lamar,What a year 🎉,4
Kendrick Lamar,Boom bap / Lyric,NPqDIwWMtxg,euphoria,Kendrick Lamar,3 albums and still can’t lol,7
Kendrick Lamar,Boom bap / Lyric,NPqDIwWMtxg,euphoria,Kendrick Lamar,Drake still ran to Atlanta. Damn. Kendrick did major damage.,31
Kendrick Lamar,Boom bap / Lyric,NPqDIwWMtxg,euphoria,Kendrick Lamar,"Still true May 16, 2026",10
Kendrick Lamar,Boom bap / Lyric,NPqDIwWMtxg,euphoria,Kendrick Lamar,So many lies in this yet people think that he’s stating facts. Actually listen to the lyrics but makes sense when you hate someone you just make up lies.,1
Kendrick Lamar,Boom bap / Lyric,NPqDIwWMtxg,euphoria,Kendrick Lamar,Who's here after midman and honestly never mind z side's this is a breath of fresh air,12
Kendrick Lamar,Boom bap / Lyric,NPqDIwWMtxg,euphoria,Kendrick Lamar,This one song still mogs Drake's new albums,24
Kendrick Lamar,Boom bap / Lyric,NPqDIwWMtxg,euphoria,Kendrick Lamar,That sexyy red bar aged like gold after that trash ass song on his new album,299
Kendrick Lamar,Boom bap / Lyric,NPqDIwWMtxg,euphoria,Kendrick Lamar,He did indeed go Melly,6
Kendrick Lamar,Boom bap / Lyric,NPqDIwWMtxg,euphoria,Kendrick Lamar,And it’s bout to be Gemini ♊️ season my Gemini bruddah popping bacc out soon sayyyyy drake we ain’t never like yo bishhh ssa,8
Kendrick Lamar,Boom bap / Lyric,NPqDIwWMtxg,euphoria,Kendrick Lamar,I’m back lol 😂  86 millionth time,15
Kendrick Lamar,Boom bap / Lyric,NPqDIwWMtxg,euphoria,Kendrick Lamar,Can we all agree that this Shi so ass 😆,2
Kendrick Lamar,Boom bap / Lyric,NPqDIwWMtxg,euphoria,Kendrick Lamar,Had to cleanse my ears real quick,22
Kendrick Lamar,Boom bap / Lyric,NPqDIwWMtxg,euphoria,Kendrick Lamar,I just had to come back cause he still not over the beef😂,39
Kendrick Lamar,Boom bap / Lyric,NPqDIwWMtxg,euphoria,Kendrick Lamar,Meet the grahams was the cherry on top 🍒,10
Kendrick Lamar,Boom bap / Lyric,NPqDIwWMtxg,euphoria,Kendrick Lamar,who's here after iceman,29
Kendrick Lamar,Boom bap / Lyric,NPqDIwWMtxg,euphoria,Kendrick Lamar,Aging like fine wine sheesh,11
Kendrick Lamar,Boom bap / Lyric,NPqDIwWMtxg,euphoria,Kendrick Lamar,This is ASS 💩💩,3
Kendrick Lamar,Boom bap / Lyric,NPqDIwWMtxg,euphoria,Kendrick Lamar,And we’re back 😎,13
Kendrick Lamar,Boom bap / Lyric,NPqDIwWMtxg,euphoria,Kendrick Lamar,"Dont

Rap

Against 

Kendrick 

Ever",12
Kendrick Lamar,Boom bap / Lyric,NPqDIwWMtxg,euphoria,Kendrick Lamar,🫡💯🔥,4
Kendrick Lamar,Boom bap / Lyric,NPqDIwWMtxg,euphoria,Kendrick Lamar,We are here after iceman couldnt compete😂,70
Kendrick Lamar,Boom bap / Lyric,NPqDIwWMtxg,euphoria,Kendrick Lamar,Who's here to confirm Aubrey is washed,14
Kendrick Lamar,Boom bap / Lyric,NPqDIwWMtxg,euphoria,Kendrick Lamar,Going on a couple years now he really is having a lifelong battle with himself 😂😂😂,46
Kendrick Lamar,Boom bap / Lyric,NPqDIwWMtxg,euphoria,Kendrick Lamar,"The energy in this track is forever immortalised, so fucking good man",30
Kendrick Lamar,Boom bap / Lyric,NPqDIwWMtxg,euphoria,Kendrick Lamar,"Back again, drake just dropped 3 wack albums. This coming like my personal diary 😅",9
Kendrick Lamar,Boom bap / Lyric,NPqDIwWMtxg,euphoria,Kendrick Lamar,This track obliterates all 3 lame albums . No questions.,19
Kendrick Lamar,Boom bap / Lyric,NPqDIwWMtxg,euphoria,Kendrick Lamar,"Here after drake released 3 horrible,trash, garbage, rubbish,shitty album",14
Kendrick Lamar,Boom bap / Lyric,NPqDIwWMtxg,euphoria,Kendrick Lamar,.DOT!!!👽👽👽..,8
Kendrick Lamar,Boom bap / Lyric,NPqDIwWMtxg,euphoria,Kendrick Lamar,Draka was definitely listening to this in the dark for 2 years lmfao,24
Kendrick Lamar,Boom bap / Lyric,NPqDIwWMtxg,euphoria,Kendrick Lamar,maga iceman just dropped lmao!,9
Kendrick Lamar,Boom bap / Lyric,NPqDIwWMtxg,euphoria,Kendrick Lamar,Damn!!this hit hard!,14
Kendrick Lamar,Boom bap / Lyric,NPqDIwWMtxg,euphoria,Kendrick Lamar,Iceman can’t stop thissss,9
Kendrick Lamar,Boom bap / Lyric,NPqDIwWMtxg,euphoria,Kendrick Lamar,KENDRICKK!!!! DROPPPP SOMETHING PLS. THE CANADIAN IS TALKING CRZY AGAIN GANG,6
Kendrick Lamar,Boom bap / Lyric,NPqDIwWMtxg,euphoria,Kendrick Lamar,This song lwk sounds like he’s taking a fat shi the whole song,3
Kendrick Lamar,Boom bap / Lyric,NPqDIwWMtxg,euphoria,Kendrick Lamar,Its time to bring out eminem and absolutely destroy b1tchass drake,6
Kendrick Lamar,Boom bap / Lyric,NPqDIwWMtxg,euphoria,Kendrick Lamar,😭this song had the lightskinned  spiraling,26
Kendrick Lamar,Boom bap / Lyric,NPqDIwWMtxg,euphoria,Kendrick Lamar,this song gone age well with time.,23
Kendrick Lamar,Boom bap / Lyric,NPqDIwWMtxg,euphoria,Kendrick Lamar,Tsar Bomba vs 3 crying babies ahh situation 😭🥀🥀,4
Kendrick Lamar,Boom bap / Lyric,NPqDIwWMtxg,euphoria,Kendrick Lamar,I heard it over there.....its trash bro 😆 yea nah ur fine 🙂  ice melts u know 😏,4
Kendrick Lamar,Boom bap / Lyric,NPqDIwWMtxg,euphoria,Kendrick Lamar,Ok back to reality now. Don't know what those 3 phases were but its definitely the braides😂,16
Kendrick Lamar,Boom bap / Lyric,NPqDIwWMtxg,euphoria,Kendrick Lamar,Drake made me a Kendrick fan today ❤,13
Kendrick Lamar,Boom bap / Lyric,NPqDIwWMtxg,euphoria,Kendrick Lamar,"Drake is still Traumatized…

Can Confirm that after listening to his latest Album",51
Kendrick Lamar,Boom bap / Lyric,NPqDIwWMtxg,euphoria,Kendrick Lamar,After listening to assman this is so fun to listen to bc kdot predicted drake moves from 2 years ago,102
Kendrick Lamar,Boom bap / Lyric,NPqDIwWMtxg,euphoria,Kendrick Lamar,He never bounced back and these albums are duds.,10
Kendrick Lamar,Boom bap / Lyric,NPqDIwWMtxg,euphoria,Kendrick Lamar,Mannnn Drake been trying to copy & paste since Nokia 😂,11
Kendrick Lamar,Boom bap / Lyric,NPqDIwWMtxg,euphoria,Kendrick Lamar,Aayyyeee,2
Kendrick Lamar,Boom bap / Lyric,NPqDIwWMtxg,euphoria,Kendrick Lamar,Back after the ice melted😂😂,33
Kendrick Lamar,Boom bap / Lyric,NPqDIwWMtxg,euphoria,Kendrick Lamar,",.,",5
Kendrick Lamar,Boom bap / Lyric,NPqDIwWMtxg,euphoria,Kendrick Lamar,"Aubrey released 3 albums after almost 3 years and *ALL OF THEM WERE ASS! ICEMAN IS ASS!* Everyone with a functioning brain saw it coming and even some of the OV-HOES hate what Aubrey spent almost 3 years creating, only to say the same ol' bullshit he's always said and he's still acting like he just lost The Beef. Aubrey is desperate for a Round 2 but Kendrick made it clear that *there ain't no Round 2s.* and even if Kendrick gave him what he wanted, he'd still lose the black way and he's still losing the white way with his Karen ahh, clown ahh lawsuits!",14
Kendrick Lamar,Boom bap / Lyric,NPqDIwWMtxg,euphoria,Kendrick Lamar,"Euphoria over Not like us
Damn that was some serious CIA intel there",8
Kendrick Lamar,Boom bap / Lyric,NPqDIwWMtxg,euphoria,Kendrick Lamar,"🗣️LET’S GO K-BOTZ, 🧛🏽🧛🏻‍♀️ &  the 🧟‍♀️.. let’s show them how WE do it! He STILL got shit twisted! Let’s beat them at their own game, 🗣️NUMBERS! Let’s run it up!",3
Kendrick Lamar,Boom bap / Lyric,NPqDIwWMtxg,euphoria,Kendrick Lamar,Dot please slap him again 🥷🏾,14
Kendrick Lamar,Boom bap / Lyric,NPqDIwWMtxg,euphoria,Kendrick Lamar,ICEMAN 😂👎🏿,14
Kendrick Lamar,Boom bap / Lyric,NPqDIwWMtxg,euphoria,Kendrick Lamar,Who here today of May  15 before ice man drop,23
Kendrick Lamar,Boom bap / Lyric,NPqDIwWMtxg,euphoria,Kendrick Lamar,Back at the haunting bars that killed Drake. And it's showing on his new album(s),13
Kendrick Lamar,Boom bap / Lyric,NPqDIwWMtxg,euphoria,Kendrick Lamar,The year is 2046 and Drake has now released 99 albums because of this track.,678
Kendrick Lamar,Boom bap / Lyric,NPqDIwWMtxg,euphoria,Kendrick Lamar,I'm back to listen to the song that broke a pop star.,10
Kendrick Lamar,Boom bap / Lyric,NPqDIwWMtxg,euphoria,Kendrick Lamar,He really thought he did something dropping 3 albums 😂,24
Kendrick Lamar,Boom bap / Lyric,NPqDIwWMtxg,euphoria,Kendrick Lamar,Euphoria AKA Fireman,9
Kendrick Lamar,Boom bap / Lyric,NPqDIwWMtxg,euphoria,Kendrick Lamar,You murked his soul he forgot how to rap 😂😂😂😂,15
Kendrick Lamar,Boom bap / Lyric,NPqDIwWMtxg,euphoria,Kendrick Lamar,It’s crazy cause drake really beeped out the word nigga on the iceman album 🤣🤣🤣🤣,7
Kendrick Lamar,Boom bap / Lyric,NPqDIwWMtxg,euphoria,Kendrick Lamar,rebuttal after 2 years is crazy lmao,7
Kendrick Lamar,Boom bap / Lyric,NPqDIwWMtxg,euphoria,Kendrick Lamar,"“How many more fairytale stories about your life, until we had enough?” 3:25",15
Kendrick Lamar,Boom bap / Lyric,NPqDIwWMtxg,euphoria,Kendrick Lamar,Drake got so butt hurt. 2 years later he still talks about Kendrick.🗣️🥀🥀💀🇺🇸,2167
Kendrick Lamar,Boom bap / Lyric,NPqDIwWMtxg,euphoria,Kendrick Lamar,Ageing like fine wine 🥶,19
Kendrick Lamar,Boom bap / Lyric,NPqDIwWMtxg,euphoria,Kendrick Lamar,It was deff the braids 🤣😭😭😭😭,53
Kendrick Lamar,Boom bap / Lyric,NPqDIwWMtxg,euphoria,Kendrick Lamar,Back again.,11
Kendrick Lamar,Boom bap / Lyric,NPqDIwWMtxg,euphoria,Kendrick Lamar,Real ones know the battle was over after this track dropped,338
Kendrick Lamar,Boom bap / Lyric,NPqDIwWMtxg,euphoria,Kendrick Lamar,😂😂😂😂😂drake he'll never recover from this 😂😂😂,8
Kendrick Lamar,Boom bap / Lyric,NPqDIwWMtxg,euphoria,Kendrick Lamar,Who’s here after iceman😂,39
Kendrick Lamar,Boom bap / Lyric,NPqDIwWMtxg,euphoria,Kendrick Lamar,May 15 2026 👨‍🚒,8
Kendrick Lamar,Boom bap / Lyric,NPqDIwWMtxg,euphoria,Kendrick Lamar,I needed this after hearing these lame Triple Frown from Drake get released,6
Kendrick Lamar,Boom bap / Lyric,NPqDIwWMtxg,euphoria,Kendrick Lamar,Came to run this back up 💪🏿💪🏿💪🏿💪🏿,20
Kendrick Lamar,Boom bap / Lyric,NPqDIwWMtxg,euphoria,Kendrick Lamar,cooked him,14
Kendrick Lamar,Boom bap / Lyric,NPqDIwWMtxg,euphoria,Kendrick Lamar,Back here after finding out Drake lied about Mr. Dennis having cancer. 😡,11
Kendrick Lamar,Boom bap / Lyric,NPqDIwWMtxg,euphoria,Kendrick Lamar,What is it the braids? Seems like euphoria was Drakes favorite from the beef that one lives rent free,13
Kendrick Lamar,Boom bap / Lyric,NPqDIwWMtxg,euphoria,Kendrick Lamar,"now this....!!!  i dont even like him,  i prefer him in melodies not when he is trying to act tough!!",3
Kendrick Lamar,Boom bap / Lyric,NPqDIwWMtxg,euphoria,Kendrick Lamar,"The frequency on this master tape hasn't lost an ounce of its ICE. 
Two years of playback in the underground sectors and the internal logic still exposes every flaw in the siMulAtioN. 
Signal is 100%.",4
Kendrick Lamar,Boom bap / Lyric,NPqDIwWMtxg,euphoria,Kendrick Lamar,Glad we all decided to come back here today,17
Kendrick Lamar,Boom bap / Lyric,NPqDIwWMtxg,euphoria,Kendrick Lamar,"After listening to some of the songs from these 3 new albums, I’ve come to the conclusion that this is the song that got to Drake the most.",13
Kendrick Lamar,Boom bap / Lyric,NPqDIwWMtxg,euphoria,Kendrick Lamar,Who here cause all 3 Drake albums were mid?!,39
Kendrick Lamar,Boom bap / Lyric,NPqDIwWMtxg,euphoria,Kendrick Lamar,Back to this because Drake still can’t let go of the beef after dropping 3 snooze albums.,2
Kendrick Lamar,Boom bap / Lyric,NPqDIwWMtxg,euphoria,Kendrick Lamar,🔥🔥🔥🔥,2
Kendrick Lamar,Boom bap / Lyric,NPqDIwWMtxg,euphoria,Kendrick Lamar,Drake never recovered * I mean Aubrey,2
Kendrick Lamar,Boom bap / Lyric,NPqDIwWMtxg,euphoria,Kendrick Lamar,The boy still hasn't recovered,6
Kendrick Lamar,Boom bap / Lyric,NPqDIwWMtxg,euphoria,Kendrick Lamar,WHO IS HERE AFTER ICEMAN DROPPED,8
Kendrick Lamar,Boom bap / Lyric,NPqDIwWMtxg,euphoria,Kendrick Lamar,Had to come clean my ears after being exposed to that lawbrey bs,6
Kendrick Lamar,Boom bap / Lyric,NPqDIwWMtxg,euphoria,Kendrick Lamar,"Drake reminded everyone to come back to this song in the big 2 6. I am waiting to say ""Kendrick Dropped."" again.",17
Kendrick Lamar,Boom bap / Lyric,NPqDIwWMtxg,euphoria,Kendrick Lamar,You know exactly why I am here today,6
Kendrick Lamar,Boom bap / Lyric,NPqDIwWMtxg,euphoria,Kendrick Lamar,"Still think this was more potent than ""Not Like Us""
🔥🔥🔥🔥🔥",4
Kendrick Lamar,Boom bap / Lyric,NPqDIwWMtxg,euphoria,Kendrick Lamar,once a lame always a lame,4
Kendrick Lamar,Boom bap / Lyric,NPqDIwWMtxg,euphoria,Kendrick Lamar,I dont like drake when he acts tuff😂😂i like Drake with the Melodies 😂😂😂,2
Kendrick Lamar,Boom bap / Lyric,NPqDIwWMtxg,euphoria,Kendrick Lamar,Whos here after listening to those sorry ass ICEMAN albums 😂😂,24
Kendrick Lamar,Boom bap / Lyric,NPqDIwWMtxg,euphoria,Kendrick Lamar,Drake (He Dead),1
Kendrick Lamar,Boom bap / Lyric,NPqDIwWMtxg,euphoria,Kendrick Lamar,Came after the 3 trash can release. Still on top.,9
Kendrick Lamar,Boom bap / Lyric,NPqDIwWMtxg,euphoria,Kendrick Lamar,Here to cleanse my ears,5
Kendrick Lamar,Boom bap / Lyric,NPqDIwWMtxg,euphoria,Kendrick Lamar,Crazy to see how well the opening verse ALONE holds up LMFAO.,5
Kendrick Lamar,Boom bap / Lyric,NPqDIwWMtxg,euphoria,Kendrick Lamar,LET ME FUCKING CLEANSE HOLY SHIT I ENDURE THAT SHIT,2
Kendrick Lamar,Boom bap / Lyric,NPqDIwWMtxg,euphoria,Kendrick Lamar,came back to analyze what this boy did to Drake cause that ICEMAN aint hitting,5
Kendrick Lamar,Boom bap / Lyric,NPqDIwWMtxg,euphoria,Kendrick Lamar,One song vs 3 albums,3622
Kendrick Lamar,Boom bap / Lyric,NPqDIwWMtxg,euphoria,Kendrick Lamar,"Made all the references on his album this did a number on Drake, play this at your next therapy session bookie 😅",1
Kendrick Lamar,Boom bap / Lyric,NPqDIwWMtxg,euphoria,Kendrick Lamar,"I'm here after the lightskin dropped 3 mid projects in one night, lmao this slaps even harder now😂",134
Kendrick Lamar,Boom bap / Lyric,NPqDIwWMtxg,euphoria,Kendrick Lamar,"This song really hurt Drake's feelings, you can hear it all over that new album. lmao",19
Kendrick Lamar,Boom bap / Lyric,NPqDIwWMtxg,euphoria,Kendrick Lamar,Drake album made me renew kendrick lamar songs,53
Kendrick Lamar,Boom bap / Lyric,NPqDIwWMtxg,euphoria,Kendrick Lamar,We back after Drake dropped trash albums not even going to listen to that shit,5
Kendrick Lamar,Boom bap / Lyric,NPqDIwWMtxg,euphoria,Kendrick Lamar,came to wash my ears after the trash that came out today lmao,6
Kendrick Lamar,Boom bap / Lyric,NPqDIwWMtxg,euphoria,Kendrick Lamar,Who's here after those Trash Album's from Dropped?,6
Kendrick Lamar,Boom bap / Lyric,NPqDIwWMtxg,euphoria,Kendrick Lamar,Had to cleanse my palette after that shaved iceboy album.,4
Kendrick Lamar,Boom bap / Lyric,NPqDIwWMtxg,euphoria,Kendrick Lamar,Had to stop by to one of my biggest opps funeral tn just to make sure they were dead. ICEMAN ON TOP,2
Kendrick Lamar,Boom bap / Lyric,NPqDIwWMtxg,euphoria,Kendrick Lamar,Here after Iceman,3
Kendrick Lamar,Boom bap / Lyric,NPqDIwWMtxg,euphoria,Kendrick Lamar,Not this playing in the middle of Drake's drop I was listening to tonight 😂😂😂,5
Kendrick Lamar,Boom bap / Lyric,NPqDIwWMtxg,euphoria,Kendrick Lamar,sounds better after ice cream dropped 😂🍦💐👒🤣Hoe Vo as emo as ever,2
Kendrick Lamar,Boom bap / Lyric,NPqDIwWMtxg,euphoria,Kendrick Lamar,Meanwhile.......😎 While everyone is listening  to 🧊 🧊 🧊,1
Kendrick Lamar,Boom bap / Lyric,NPqDIwWMtxg,euphoria,Kendrick Lamar,🙂🙂🙂🙂👋🏾 stilllll relevant (and stilllll got em bothered 😭)🔥🔥🔥,2
Kendrick Lamar,Boom bap / Lyric,NPqDIwWMtxg,euphoria,Kendrick Lamar,And we’re back,5
Kendrick Lamar,Boom bap / Lyric,NPqDIwWMtxg,euphoria,Kendrick Lamar,This song is better than the whole ice man album 😂,8
Kendrick Lamar,Boom bap / Lyric,NPqDIwWMtxg,euphoria,Kendrick Lamar,"After checking out that weak ass ice man stream, I had to come back to this real shit 😂😂😂",18
Kendrick Lamar,Boom bap / Lyric,NPqDIwWMtxg,euphoria,Kendrick Lamar,This song just reactivated me like Winter Soldier 😂😂,953
Kendrick Lamar,Boom bap / Lyric,NPqDIwWMtxg,euphoria,Kendrick Lamar,Still with the program dunno the point.,2
Kendrick Lamar,Boom bap / Lyric,NPqDIwWMtxg,euphoria,Kendrick Lamar,Dot changed that boy from this moment forward,2
Kendrick Lamar,Boom bap / Lyric,NPqDIwWMtxg,euphoria,Kendrick Lamar,Bro my stomach hurts i gotta go to toilet,2
Kendrick Lamar,Boom bap / Lyric,NPqDIwWMtxg,euphoria,Kendrick Lamar,"Them: the boy leaked 
Me: whats that you say, go listen to euphoria again? Aight bet",7
Kendrick Lamar,Boom bap / Lyric,NPqDIwWMtxg,euphoria,Kendrick Lamar,K-Dot dropped this after 17 days cus Drake couldn't wait for the beef to turn 18,3
Kendrick Lamar,Boom bap / Lyric,NPqDIwWMtxg,euphoria,Kendrick Lamar,Who here after 1am in Albany✔️,8
Kendrick Lamar,Boom bap / Lyric,NPqDIwWMtxg,euphoria,Kendrick Lamar,Take him down,0
Kendrick Lamar,Boom bap / Lyric,NPqDIwWMtxg,euphoria,Kendrick Lamar,A MINORRRRRR,2
Kendrick Lamar,Boom bap / Lyric,NPqDIwWMtxg,euphoria,Kendrick Lamar,I love it,2
Kendrick Lamar,Boom bap / Lyric,NPqDIwWMtxg,euphoria,Kendrick Lamar,Checking in before Iceman start dissing again,7
Kendrick Lamar,Boom bap / Lyric,NPqDIwWMtxg,euphoria,Kendrick Lamar,Who here after that bs 😭😭😂,19
Kendrick Lamar,Boom bap / Lyric,NPqDIwWMtxg,euphoria,Kendrick Lamar,"2 Years later, still my favorite BEEF Track. You betta walk around like DAFT PUNK.",11
Kendrick Lamar,Boom bap / Lyric,NPqDIwWMtxg,euphoria,Kendrick Lamar,❤,0
Kendrick Lamar,Boom bap / Lyric,NPqDIwWMtxg,euphoria,Kendrick Lamar,Shit is still boring.,0
Kendrick Lamar,Boom bap / Lyric,NPqDIwWMtxg,euphoria,Kendrick Lamar,"YEAH, DRIZZY DRAKE FADES AWAY.",6
Kendrick Lamar,Boom bap / Lyric,NPqDIwWMtxg,euphoria,Kendrick Lamar,Since Drake came through with that BS in 1 AM in Albany had to revisit the quotable itself.,39
Kendrick Lamar,Boom bap / Lyric,NPqDIwWMtxg,euphoria,Kendrick Lamar,"I think this the best, most complete diss track of all time.",4
Kendrick Lamar,Boom bap / Lyric,NPqDIwWMtxg,euphoria,Kendrick Lamar,Love ya KFK!!😎😎🖤🖤🤘🤘,1
Kendrick Lamar,Boom bap / Lyric,NPqDIwWMtxg,euphoria,Kendrick Lamar,This has to be one of Kendrick’s best songs. A prime example of how he’s one of the best lyricists!,27
Kendrick Lamar,Boom bap / Lyric,NPqDIwWMtxg,euphoria,Kendrick Lamar,"""I love em to death and in eight bars I'll explain that phrase""
*Eight bars later*
""I pray they my real friends, if not I'm YNW Melly""

Yo k-dot, you good?",4
Kendrick Lamar,Boom bap / Lyric,NPqDIwWMtxg,euphoria,Kendrick Lamar,Who's here after 1 AM in Mid?,15
Kendrick Lamar,Boom bap / Lyric,NPqDIwWMtxg,euphoria,Kendrick Lamar,‏‪0:21‬‏ ‏‪0:26‬‏ ‏‪0:30‬‏,1
Kendrick Lamar,Boom bap / Lyric,NPqDIwWMtxg,euphoria,Kendrick Lamar,you  coot,1
Kendrick Lamar,Boom bap / Lyric,NPqDIwWMtxg,euphoria,Kendrick Lamar,Back to hear this kill shot,5
Kendrick Lamar,Boom bap / Lyric,NPqDIwWMtxg,euphoria,Kendrick Lamar,🧊,1
Kendrick Lamar,Boom bap / Lyric,NPqDIwWMtxg,euphoria,Kendrick Lamar,Wow! It came back with 27m more views…..owls are pisssed,3
Kendrick Lamar,Boom bap / Lyric,NPqDIwWMtxg,euphoria,Kendrick Lamar,No body should have came for God's weapon.,2
Kendrick Lamar,Boom bap / Lyric,NPqDIwWMtxg,euphoria,Kendrick Lamar,Superpowers still being neutralized 2 years later 😂😂😂,3
Kendrick Lamar,Boom bap / Lyric,fuV4yQWdn_4,squabble up,Kendrick Lamar,R.i.p Drakeo we know the truth,0
Kendrick Lamar,Boom bap / Lyric,fuV4yQWdn_4,squabble up,Kendrick Lamar,Kendrick in 2020 was the beginning of the end for blacks being cool. This is lame as shit. Blacks suck.,0
Kendrick Lamar,Boom bap / Lyric,fuV4yQWdn_4,squabble up,Kendrick Lamar,R.I.P Mr. He did it first. Drakeo the don the ruler...,3
Kendrick Lamar,Boom bap / Lyric,fuV4yQWdn_4,squabble up,Kendrick Lamar,Dracko the ruler diss huh 😂😂,1
Kendrick Lamar,Boom bap / Lyric,fuV4yQWdn_4,squabble up,Kendrick Lamar,Damn making fun of Drakeo,0
Kendrick Lamar,Boom bap / Lyric,fuV4yQWdn_4,squabble up,Kendrick Lamar,"Maaan bro, I hope your label sues Flakko for defamation. He over there calling you an active gang member rn. Smh",0
Kendrick Lamar,Boom bap / Lyric,fuV4yQWdn_4,squabble up,Kendrick Lamar,This is a Drake and Drakeo diss 😳,1
Kendrick Lamar,Boom bap / Lyric,fuV4yQWdn_4,squabble up,Kendrick Lamar,That moment you realize this entire song and video is one big Drakeo the Ruler diss 🤯,1
Kendrick Lamar,Boom bap / Lyric,fuV4yQWdn_4,squabble up,Kendrick Lamar,"After seeing 1 Drake fan vs 5 Kendrick fans, I’ll be honest — this is my first time hearing this song. For them to reference it multiple times, they never really had an argument. The song is average maybe ""good.""  Also, am I the only one who feels like Kendrick has the personality of someone who doesn't want to you see you win...?",0
Kendrick Lamar,Boom bap / Lyric,fuV4yQWdn_4,squabble up,Kendrick Lamar,This is just to hard of old school with the New FLOW.???❤,1
Kendrick Lamar,Boom bap / Lyric,fuV4yQWdn_4,squabble up,Kendrick Lamar,❤❤❤❤❤❤❤❤❤❤❤❤❤❤❤❤❤❤❤❤❤❤❤❤❤,0
Kendrick Lamar,Boom bap / Lyric,fuV4yQWdn_4,squabble up,Kendrick Lamar,All That!,0
Kendrick Lamar,Boom bap / Lyric,fuV4yQWdn_4,squabble up,Kendrick Lamar,This 🥷🏼 really was not talking about shit,0
Kendrick Lamar,Boom bap / Lyric,fuV4yQWdn_4,squabble up,Kendrick Lamar,😇💙💙💛💛❤️❤️💜💜🫡😘🥺🐣🥴😊,0
Kendrick Lamar,Boom bap / Lyric,fuV4yQWdn_4,squabble up,Kendrick Lamar,Thump Thump Thump Thump baby rocking me,1
Kendrick Lamar,Boom bap / Lyric,fuV4yQWdn_4,squabble up,Kendrick Lamar,👍,0
Kendrick Lamar,Boom bap / Lyric,fuV4yQWdn_4,squabble up,Kendrick Lamar,The dancer at the beginning kinda fine 😅,0
Kendrick Lamar,Boom bap / Lyric,fuV4yQWdn_4,squabble up,Kendrick Lamar,Kendrick ain’t fighting nothing lmao,0
Kendrick Lamar,Boom bap / Lyric,fuV4yQWdn_4,squabble up,Kendrick Lamar,Why are you in the back rooms😭,1
Kendrick Lamar,Boom bap / Lyric,fuV4yQWdn_4,squabble up,Kendrick Lamar,"Worst of all I think I'm wearing the same hoodie as Kendrick Lamar right now. No joke. However, my hoodie is a different tone of blue by the way. Also, I'm also a different tone of brown since I'm tan.
https://youtube.com/shorts/yRNqXuECkYo
https://youtube.com/shorts/ZdxfjsiYCeY
https://youtube.com/shorts/VVZN7WOhozM
https://youtube.com/shorts/90qRhoHuNPc",1
Kendrick Lamar,Boom bap / Lyric,fuV4yQWdn_4,squabble up,Kendrick Lamar,"Who is here after watching Not Like Us? I sure am. This song was shown at the beginning of that song. No joke.
https://youtube.com/shorts/yRNqXuECkYo
https://youtube.com/shorts/ZdxfjsiYCeY
https://youtube.com/shorts/VVZN7WOhozM
https://youtube.com/shorts/90qRhoHuNPc",1
Kendrick Lamar,Boom bap / Lyric,fuV4yQWdn_4,squabble up,Kendrick Lamar,He really got new Papercuts lol,1
Kendrick Lamar,Boom bap / Lyric,fuV4yQWdn_4,squabble up,Kendrick Lamar,GO Kendrik,1
Kendrick Lamar,Boom bap / Lyric,fuV4yQWdn_4,squabble up,Kendrick Lamar,"Hold up
Wait a minute…
Anybody ever figure out the different lyrics?",1
Kendrick Lamar,Boom bap / Lyric,fuV4yQWdn_4,squabble up,Kendrick Lamar,"Yesterday:




Happy 39th Kendrick Lamar! 🎉🥳🎂🍰",0
Kendrick Lamar,Boom bap / Lyric,fuV4yQWdn_4,squabble up,Kendrick Lamar,Kepler Kendrick 👽,0
Kendrick Lamar,Boom bap / Lyric,fuV4yQWdn_4,squabble up,Kendrick Lamar,The only Backrooms I want to noclip into,1
Kendrick Lamar,Boom bap / Lyric,fuV4yQWdn_4,squabble up,Kendrick Lamar,0:26 dayum dat gurl be krumpin’,0
Kendrick Lamar,Boom bap / Lyric,fuV4yQWdn_4,squabble up,Kendrick Lamar,Happy birthday bro 🎉🎉🎉🎉🎉🎉🎉🎉🎉🎉hope you live long,0
Kendrick Lamar,Boom bap / Lyric,fuV4yQWdn_4,squabble up,Kendrick Lamar,Aim it up,0
Kendrick Lamar,Boom bap / Lyric,fuV4yQWdn_4,squabble up,Kendrick Lamar,Happy birthday goat ❤,1
Kendrick Lamar,Boom bap / Lyric,fuV4yQWdn_4,squabble up,Kendrick Lamar,Whas hannenin'?!?!?,1
Kendrick Lamar,Boom bap / Lyric,fuV4yQWdn_4,squabble up,Kendrick Lamar,0:15 - Legends say that Kendrick is still looking for the broccoli.,0
Kendrick Lamar,Boom bap / Lyric,fuV4yQWdn_4,squabble up,Kendrick Lamar,Just Because..😁😁😁,0
Kendrick Lamar,Boom bap / Lyric,fuV4yQWdn_4,squabble up,Kendrick Lamar,"Peng,weed😉🎂",1
Kendrick Lamar,Boom bap / Lyric,fuV4yQWdn_4,squabble up,Kendrick Lamar,"Im,a,genius😉🎂",1
Kendrick Lamar,Boom bap / Lyric,fuV4yQWdn_4,squabble up,Kendrick Lamar,"Piggy Poop,downsindrone😉🎂",1
Kendrick Lamar,Boom bap / Lyric,fuV4yQWdn_4,squabble up,Kendrick Lamar,Bra did a music video in the backrooms 0:31,0
Kendrick Lamar,Boom bap / Lyric,fuV4yQWdn_4,squabble up,Kendrick Lamar,"Rewatching this now, it kinda looks like Kendrick is stuck in the backrooms",1
Kendrick Lamar,Boom bap / Lyric,fuV4yQWdn_4,squabble up,Kendrick Lamar,https://youtu.be/9Qpe2qlERWY?is=KzaQbrK2f7WRggT6,0
Kendrick Lamar,Boom bap / Lyric,fuV4yQWdn_4,squabble up,Kendrick Lamar,The girl in the begin of the song vibing,2
Kendrick Lamar,Boom bap / Lyric,fuV4yQWdn_4,squabble up,Kendrick Lamar,kendrick predicted the backrooms movie?,0
Kendrick Lamar,Boom bap / Lyric,fuV4yQWdn_4,squabble up,Kendrick Lamar,BANGER🎉,1
Kendrick Lamar,Boom bap / Lyric,fuV4yQWdn_4,squabble up,Kendrick Lamar,Jesus saves gangsters too,1
Kendrick Lamar,Boom bap / Lyric,fuV4yQWdn_4,squabble up,Kendrick Lamar,Hey!!! I had a big wheel!!!😂😂😂,1
Kendrick Lamar,Boom bap / Lyric,fuV4yQWdn_4,squabble up,Kendrick Lamar,Is no one is gonna talk about the kid on the sign😭🫪 0:24,0
Kendrick Lamar,Boom bap / Lyric,fuV4yQWdn_4,squabble up,Kendrick Lamar,Im just checking in dot.... we need Kung fu Kenny in 2026 ❤❤❤❤❤,0
Kendrick Lamar,Boom bap / Lyric,fuV4yQWdn_4,squabble up,Kendrick Lamar,The love and the hate go side 2 side,1
Kendrick Lamar,Boom bap / Lyric,fuV4yQWdn_4,squabble up,Kendrick Lamar,"Bro the girl in the background in the start on the video is, 'dancin so good
😮",1
Kendrick Lamar,Boom bap / Lyric,fuV4yQWdn_4,squabble up,Kendrick Lamar,"God knows, Iam ..",0
Kendrick Lamar,Boom bap / Lyric,fuV4yQWdn_4,squabble up,Kendrick Lamar,Might be the worst song i ever heard 😂,1
Kendrick Lamar,Boom bap / Lyric,fuV4yQWdn_4,squabble up,Kendrick Lamar,I feel good....,1
Kendrick Lamar,Boom bap / Lyric,fuV4yQWdn_4,squabble up,Kendrick Lamar,This was so funny and amazing,0
Kendrick Lamar,Boom bap / Lyric,fuV4yQWdn_4,squabble up,Kendrick Lamar,So good,1
Kendrick Lamar,Boom bap / Lyric,fuV4yQWdn_4,squabble up,Kendrick Lamar,❤,0
Kendrick Lamar,Boom bap / Lyric,fuV4yQWdn_4,squabble up,Kendrick Lamar,Incredible best rapper,0
Kendrick Lamar,Boom bap / Lyric,fuV4yQWdn_4,squabble up,Kendrick Lamar,"Who's here after pgLang debuted Imani Imani? ""I got hits I got bucks I got new PAPERCUTS...""

🔮",0
Kendrick Lamar,Boom bap / Lyric,fuV4yQWdn_4,squabble up,Kendrick Lamar,No closed captions?,0
Kendrick Lamar,Boom bap / Lyric,fuV4yQWdn_4,squabble up,Kendrick Lamar,"""Papercut"" mentioned here was intentional... this man is a genius. Now, the title of Imani Imani's album. 😎👌",0
Kendrick Lamar,Boom bap / Lyric,fuV4yQWdn_4,squabble up,Kendrick Lamar,Yoooh 🔥🔥🤚😭,0
Kendrick Lamar,Boom bap / Lyric,fuV4yQWdn_4,squabble up,Kendrick Lamar,1:04 SCRAPIN IN MY SCRAPER BIKE,1
Kendrick Lamar,Boom bap / Lyric,fuV4yQWdn_4,squabble up,Kendrick Lamar,"June 2026 anyone???… hits, bucks and new PAPERCUTs ❤",2
Kendrick Lamar,Boom bap / Lyric,fuV4yQWdn_4,squabble up,Kendrick Lamar,https://music.youtube.com/watch?v=WgQo0RkIaxo,0
Kendrick Lamar,Boom bap / Lyric,fuV4yQWdn_4,squabble up,Kendrick Lamar,Sénégal ayyyy ❤,0
Kendrick Lamar,Boom bap / Lyric,fuV4yQWdn_4,squabble up,Kendrick Lamar,"After listening to iceman, once again, this s*** is trash.Can juice",2
Kendrick Lamar,Boom bap / Lyric,fuV4yQWdn_4,squabble up,Kendrick Lamar,Is bro in the back or the room or something 😭,0
Kendrick Lamar,Boom bap / Lyric,fuV4yQWdn_4,squabble up,Kendrick Lamar,The kid lol,0
Kendrick Lamar,Boom bap / Lyric,fuV4yQWdn_4,squabble up,Kendrick Lamar,Drake can't match this,4
Kendrick Lamar,Boom bap / Lyric,fuV4yQWdn_4,squabble up,Kendrick Lamar,Kendrick was really in the backrooms,0
Kendrick Lamar,Boom bap / Lyric,fuV4yQWdn_4,squabble up,Kendrick Lamar,Who's watching on June🎉,1
Kendrick Lamar,Boom bap / Lyric,fuV4yQWdn_4,squabble up,Kendrick Lamar,GNX Squabscribeup,2
Kendrick Lamar,Boom bap / Lyric,fuV4yQWdn_4,squabble up,Kendrick Lamar,Ok but the dog fight training is BS .. stop Kendrick.. you’re better than that,0
Kendrick Lamar,Boom bap / Lyric,fuV4yQWdn_4,squabble up,Kendrick Lamar,"""I got paper cuts""",4
Kendrick Lamar,Boom bap / Lyric,fuV4yQWdn_4,squabble up,Kendrick Lamar,Mid mid mid skip skip,7
Kendrick Lamar,Boom bap / Lyric,fuV4yQWdn_4,squabble up,Kendrick Lamar,Still here June 2026,3
Kendrick Lamar,Boom bap / Lyric,fuV4yQWdn_4,squabble up,Kendrick Lamar,Huh 🎉,1
Kendrick Lamar,Boom bap / Lyric,fuV4yQWdn_4,squabble up,Kendrick Lamar,🎉😂😢🎉,0
Kendrick Lamar,Boom bap / Lyric,fuV4yQWdn_4,squabble up,Kendrick Lamar,what tha phuck i got hits i got bucks i got new paper cuts,1
Kendrick Lamar,Boom bap / Lyric,fuV4yQWdn_4,squabble up,Kendrick Lamar,"""Kendrick dropped!"" was the rollout",0
Kendrick Lamar,Boom bap / Lyric,fuV4yQWdn_4,squabble up,Kendrick Lamar,i hope you find your brocoli,0
Kendrick Lamar,Boom bap / Lyric,fuV4yQWdn_4,squabble up,Kendrick Lamar,0:24 idk what those moves are called but I need to know it now lmao it’s stuck in my head,0
Kendrick Lamar,Boom bap / Lyric,fuV4yQWdn_4,squabble up,Kendrick Lamar,That was so fucking lame,5
Kendrick Lamar,Boom bap / Lyric,fuV4yQWdn_4,squabble up,Kendrick Lamar,1 YEAR LATE SQUAD WHERE YOU AT?!?!?!?!?!?!?!?!?!?!?!?!?!?!?!?!?!?!?!?!?!?!?!?!?!?!?!?!?!?!?!?!?!?!?!?!?!?!?!?!?!?!?!?!?!?!?!?!?!?!?!?!?!?!?!?!?!? 5:10a.m. 5/31/2026,1
Kendrick Lamar,Boom bap / Lyric,fuV4yQWdn_4,squabble up,Kendrick Lamar,Deli Boys season 2 episode 2 anyone? 5:10a.m. 5/31/2026,0
Kendrick Lamar,Boom bap / Lyric,fuV4yQWdn_4,squabble up,Kendrick Lamar,5:09a.m. 5/31/2026,0
Kendrick Lamar,Boom bap / Lyric,fuV4yQWdn_4,squabble up,Kendrick Lamar,"For those who don't know, this is Dot telling Drake to pull up so Compton can smoke him. Dot portrayed Drake's biggest addictions in this video: women...but in Compton, women don't play that submissive Hollywood eye candy shii....They'll literally smoke you... I know, because I watch a lot of DJ Ghost channel and he tell us everything about Cali.",1
Kendrick Lamar,Boom bap / Lyric,fuV4yQWdn_4,squabble up,Kendrick Lamar,ts so ahh😭😭,7
Kendrick Lamar,Boom bap / Lyric,fuV4yQWdn_4,squabble up,Kendrick Lamar,Bloo,0
Kendrick Lamar,Boom bap / Lyric,fuV4yQWdn_4,squabble up,Kendrick Lamar,X-MEN,0
Kendrick Lamar,Boom bap / Lyric,fuV4yQWdn_4,squabble up,Kendrick Lamar,I’m here because of “Make Them Remember”,1
Kendrick Lamar,Boom bap / Lyric,fuV4yQWdn_4,squabble up,Kendrick Lamar,I just listened to this bullshit and ngl lie this is straight bunz so what i gotta say is the only thing that was right is that jesus saves gansters 2 and you didnt even say that shit you need to stfu like janice. drake 100x better name any kendrick song and any drake song i promise the drake one will be better than kendricks bulll shit.,2
Kendrick Lamar,Boom bap / Lyric,fuV4yQWdn_4,squabble up,Kendrick Lamar,I’m bacc to see if Dot found the broccoli yet? 💨 🥦,0
Kendrick Lamar,Boom bap / Lyric,fuV4yQWdn_4,squabble up,Kendrick Lamar,short king,3
Kendrick Lamar,Boom bap / Lyric,fuV4yQWdn_4,squabble up,Kendrick Lamar,The pictures are so random,0
Kendrick Lamar,Boom bap / Lyric,fuV4yQWdn_4,squabble up,Kendrick Lamar,RIP Nate Dogg 🇲🇽,2
Kendrick Lamar,Boom bap / Lyric,fuV4yQWdn_4,squabble up,Kendrick Lamar,So peak😭😭,1
Kendrick Lamar,Boom bap / Lyric,fuV4yQWdn_4,squabble up,Kendrick Lamar,Wya Kendrick,1
Kendrick Lamar,Boom bap / Lyric,fuV4yQWdn_4,squabble up,Kendrick Lamar,This song is irritating,5
Kendrick Lamar,Boom bap / Lyric,fuV4yQWdn_4,squabble up,Kendrick Lamar,Been searching for this video,1
Kendrick Lamar,Boom bap / Lyric,fuV4yQWdn_4,squabble up,Kendrick Lamar,Bro we gotta attack back that ice man melt him,1
Kendrick Lamar,Boom bap / Lyric,fuV4yQWdn_4,squabble up,Kendrick Lamar,❤,0
Kendrick Lamar,Boom bap / Lyric,fuV4yQWdn_4,squabble up,Kendrick Lamar,MID MID MID SKIP SKIP 🗣️,5
Kendrick Lamar,Boom bap / Lyric,fuV4yQWdn_4,squabble up,Kendrick Lamar,Hi is here somebody needs a extreme loud decibel level to feel nothing inside the head?,0
Kendrick Lamar,Boom bap / Lyric,fuV4yQWdn_4,squabble up,Kendrick Lamar,Ngl this shit is buns,5
Kendrick Lamar,Boom bap / Lyric,fuV4yQWdn_4,squabble up,Kendrick Lamar,song is trash,6
Kendrick Lamar,Boom bap / Lyric,fuV4yQWdn_4,squabble up,Kendrick Lamar,this is so shite lmao,4
Kendrick Lamar,Boom bap / Lyric,fuV4yQWdn_4,squabble up,Kendrick Lamar,change tryna blows hands,0
Kendrick Lamar,Boom bap / Lyric,fuV4yQWdn_4,squabble up,Kendrick Lamar,Let’s go Kendrick,1
Kendrick Lamar,Boom bap / Lyric,fuV4yQWdn_4,squabble up,Kendrick Lamar,Zambia approves iwe ndani!,1
Kendrick Lamar,Boom bap / Lyric,fuV4yQWdn_4,squabble up,Kendrick Lamar,They should've added more of When I Hear Music and this song should be at least 4 min😂,0
Kendrick Lamar,Boom bap / Lyric,fuV4yQWdn_4,squabble up,Kendrick Lamar,bro i got the broccoli,1
Kendrick Lamar,Boom bap / Lyric,fuV4yQWdn_4,squabble up,Kendrick Lamar,Who here after the flow from  Drake - 2 Hard 4 The Radio ????? DAMN LOL,2
Kendrick Lamar,Boom bap / Lyric,fuV4yQWdn_4,squabble up,Kendrick Lamar,This channel is where broke people that make fun of foreign biracial people come to hear music,0
Kendrick Lamar,Boom bap / Lyric,fuV4yQWdn_4,squabble up,Kendrick Lamar,When i hear music it makes me dance!!!!!......best part of the song!!! IMO,0
Kendrick Lamar,Boom bap / Lyric,fuV4yQWdn_4,squabble up,Kendrick Lamar,Straight ass😂😂🚮,5
Kendrick Lamar,Boom bap / Lyric,fuV4yQWdn_4,squabble up,Kendrick Lamar,Who’s here after hearing Drakes wack album iceman 😢😂?,7
Kendrick Lamar,Boom bap / Lyric,fuV4yQWdn_4,squabble up,Kendrick Lamar,"Don't insult my intelligence 
🔥🔥🔥🔥🔥💯
Bars later:

Don't let a white comedian talk about no black woman ... that's law.. 😮thanks Netflix Kevin Hart Roast 👎🏿👎🏿👎🏿👎🏿👎🏿👎🏿",0
Kendrick Lamar,Boom bap / Lyric,fuV4yQWdn_4,squabble up,Kendrick Lamar,❤❤❤❤,1
Kendrick Lamar,Boom bap / Lyric,fuV4yQWdn_4,squabble up,Kendrick Lamar,So lame,4
Kendrick Lamar,Boom bap / Lyric,fuV4yQWdn_4,squabble up,Kendrick Lamar,Had to rehear this😢😢,1
Kendrick Lamar,Boom bap / Lyric,fuV4yQWdn_4,squabble up,Kendrick Lamar,Purple rain cover gotta drop.,0
Kendrick Lamar,Boom bap / Lyric,fuV4yQWdn_4,squabble up,Kendrick Lamar,ㅇㅈ,0
Kendrick Lamar,Boom bap / Lyric,fuV4yQWdn_4,squabble up,Kendrick Lamar,virgen del orto pedro,0
Kendrick Lamar,Boom bap / Lyric,fuV4yQWdn_4,squabble up,Kendrick Lamar,❤️🩷💕💜💗💓💞💕💖💝❤️❤️❤️❤️🩷🩷🩷🩷,1
Kendrick Lamar,Boom bap / Lyric,fuV4yQWdn_4,squabble up,Kendrick Lamar,I absolutely 💯 love Kendrick Lamar’s music 🎶,1
Kendrick Lamar,Boom bap / Lyric,fuV4yQWdn_4,squabble up,Kendrick Lamar,❤❤❤❤❤❤❤❤❤❤❤❤,1
Kendrick Lamar,Boom bap / Lyric,fuV4yQWdn_4,squabble up,Kendrick Lamar,I was on the inside for 2 years is there any explanation video to this song I really can't keep up,1
Kendrick Lamar,Boom bap / Lyric,fuV4yQWdn_4,squabble up,Kendrick Lamar,🐐🐐,1
Kendrick Lamar,Boom bap / Lyric,fuV4yQWdn_4,squabble up,Kendrick Lamar,People listen to ts????? 😂😂😂,4
Kendrick Lamar,Boom bap / Lyric,fuV4yQWdn_4,squabble up,Kendrick Lamar,1:55 to 2:45 he treated sht 😂😂😂😂 🔥🔥🕺🕺🕺🕺🕺,0
Kendrick Lamar,Boom bap / Lyric,fuV4yQWdn_4,squabble up,Kendrick Lamar,🧊🧊🧊🧊🧊🧊🧊🧊,3
Kendrick Lamar,Boom bap / Lyric,fuV4yQWdn_4,squabble up,Kendrick Lamar,Hey everyone what's your stance on theft...was trying to ask China...comical interrupted me...but ugh feel free,0
Kendrick Lamar,Boom bap / Lyric,fuV4yQWdn_4,squabble up,Kendrick Lamar,This is Probably one of the best on the albums but the dissatisfying thing about Kendrick is he can make a banger album or song then comes the bounce back and he is nowhere to be seen he cooked last year but didn't make anything new,2
Kendrick Lamar,Boom bap / Lyric,fuV4yQWdn_4,squabble up,Kendrick Lamar,Music is life.... 1:48,0
Kendrick Lamar,Boom bap / Lyric,fuV4yQWdn_4,squabble up,Kendrick Lamar,🇬🇭,0
Kendrick Lamar,Boom bap / Lyric,fuV4yQWdn_4,squabble up,Kendrick Lamar,Who's here after iceman,0
Kendrick Lamar,Boom bap / Lyric,fuV4yQWdn_4,squabble up,Kendrick Lamar,1:28,1
Kendrick Lamar,Boom bap / Lyric,fuV4yQWdn_4,squabble up,Kendrick Lamar,Do people really enjoy this crap?,6
Kendrick Lamar,Boom bap / Lyric,fuV4yQWdn_4,squabble up,Kendrick Lamar,"Worst lyricist ever, but people claim he’s some genius poet lol",2
Kendrick Lamar,Boom bap / Lyric,fuV4yQWdn_4,squabble up,Kendrick Lamar,Who's is here to cleanse his/her ears of some dumb 3 albums dropped by a certain person 😅,3
Kendrick Lamar,Boom bap / Lyric,fuV4yQWdn_4,squabble up,Kendrick Lamar,"squabble up
squabble up 
squabble up
squabble up
squabble up (mh, mh)
squabble up (mh, mh)
squabble up (mh, mh)
squabble up

Awesome Artwork btw. 🔥",0
Kendrick Lamar,Boom bap / Lyric,fuV4yQWdn_4,squabble up,Kendrick Lamar,Yep #WestSideForever,0
Kendrick Lamar,Boom bap / Lyric,fuV4yQWdn_4,squabble up,Kendrick Lamar,KENDRICK YOU SHOILD DROP A ALBUM CALLED FIREMAN,0
Kendrick Lamar,Boom bap / Lyric,fuV4yQWdn_4,squabble up,Kendrick Lamar,Being honest I like Kendrick. This was ass. Terrible,6
Kendrick Lamar,Boom bap / Lyric,fuV4yQWdn_4,squabble up,Kendrick Lamar,Desde RD 🇩🇴🇩🇴,0
Kendrick Lamar,Boom bap / Lyric,fuV4yQWdn_4,squabble up,Kendrick Lamar,This shit is ass with the upmost disrespect lmao,2
Kendrick Lamar,Boom bap / Lyric,fuV4yQWdn_4,squabble up,Kendrick Lamar,Omg,1
Kendrick Lamar,Boom bap / Lyric,fuV4yQWdn_4,squabble up,Kendrick Lamar,🔥🔥🐐,0
Kendrick Lamar,Boom bap / Lyric,fuV4yQWdn_4,squabble up,Kendrick Lamar,Had to cleanse my ears after 2 hard for the radio 😭,11
Kendrick Lamar,Boom bap / Lyric,fuV4yQWdn_4,squabble up,Kendrick Lamar,🔥🔥🔥🔥🔥,2
Kendrick Lamar,Boom bap / Lyric,fuV4yQWdn_4,squabble up,Kendrick Lamar,worst rapper alive,6
Kendrick Lamar,Boom bap / Lyric,fuV4yQWdn_4,squabble up,Kendrick Lamar,Won the battle definitely lost the war though,6
Kendrick Lamar,Boom bap / Lyric,fuV4yQWdn_4,squabble up,Kendrick Lamar,Ngl wasn’t a Kendrick fan until the beef. Bruh got some hits way better quality than Snake,2
Kendrick Lamar,Boom bap / Lyric,fuV4yQWdn_4,squabble up,Kendrick Lamar,Bro I bump this through the hood all the time all the homies love me!,2
Kendrick Lamar,Boom bap / Lyric,fuV4yQWdn_4,squabble up,Kendrick Lamar,Iceman turnt what else🧊🧊🧊,4
Kendrick Lamar,Boom bap / Lyric,fuV4yQWdn_4,squabble up,Kendrick Lamar,Hey,0
Kendrick Lamar,Boom bap / Lyric,fuV4yQWdn_4,squabble up,Kendrick Lamar,Bruh his voice sounds like a wet fart.,3
Kendrick Lamar,Boom bap / Lyric,fuV4yQWdn_4,squabble up,Kendrick Lamar,Classic,2
Kendrick Lamar,Boom bap / Lyric,fuV4yQWdn_4,squabble up,Kendrick Lamar,2 Hard For The Radio is better ✌🏾 better flow and bars.,10
Kendrick Lamar,Boom bap / Lyric,fuV4yQWdn_4,squabble up,Kendrick Lamar,🤣 mr 1,0
Kendrick Lamar,Boom bap / Lyric,fuV4yQWdn_4,squabble up,Kendrick Lamar,Why does this don't sound good again?😭💀💔,2
Kendrick Lamar,Boom bap / Lyric,fuV4yQWdn_4,squabble up,Kendrick Lamar,K dot 🔥🔥🔥,0
Kendrick Lamar,Boom bap / Lyric,fuV4yQWdn_4,squabble up,Kendrick Lamar,Who is here after Drake release the xanax one 😂,1
Kendrick Lamar,Boom bap / Lyric,fuV4yQWdn_4,squabble up,Kendrick Lamar,We’re So Back,1
Kendrick Lamar,Boom bap / Lyric,fuV4yQWdn_4,squabble up,Kendrick Lamar,Damn I don’t remember this song being this bad …..holy,6
Kendrick Lamar,Boom bap / Lyric,fuV4yQWdn_4,squabble up,Kendrick Lamar,1:29 what happened here,1
Kendrick Lamar,Boom bap / Lyric,fuV4yQWdn_4,squabble up,Kendrick Lamar,Drake dropped a temu version of this,2
Kendrick Lamar,Boom bap / Lyric,fuV4yQWdn_4,squabble up,Kendrick Lamar,"Drop Kendrick Drop!!
Drop Kendrick Drop!!
Drop Kendrick Drop!!
Drop Kendrick Drop!!
Drop Kendrick Drop!!
Drop Kendrick Drop!!
Drop Kendrick Drop!!
Drop Kendrick Drop!!
Drop Kendrick Drop!!
Drop Kendrick Drop!!

Drop Kendrick Drop!!
Drop Kendrick Drop!!
Drop Kendrick Drop!!
Drop Kendrick Drop!!
Drop Kendrick Drop!!
Drop Kendrick Drop!!
Drop Kendrick Drop!!
Drop Kendrick Drop!!
Drop Kendrick Drop!!
Drop Kendrick Drop!!

Drop Kendrick Drop!!
Drop Kendrick Drop!!
Drop Kendrick Drop!!
Drop Kendrick Drop!!
Drop Kendrick Drop!!
Drop Kendrick Drop!!
Drop Kendrick Drop!!
Drop Kendrick Drop!!
Drop Kendrick Drop!!
Drop Kendrick Drop!!

Drop Kendrick Drop!!
Drop Kendrick Drop!!
Drop Kendrick Drop!!
Drop Kendrick Drop!!
Drop Kendrick Drop!!
Drop Kendrick Drop!!
Drop Kendrick Drop!!
Drop Kendrick Drop!!
Drop Kendrick Drop!!
Drop Kendrick Drop!!

Drop Kendrick Drop!!
Drop Kendrick Drop!!
Drop Kendrick Drop!!
Drop Kendrick Drop!!
Drop Kendrick Drop!!
Drop Kendrick Drop!!
Drop Kendrick Drop!!
Drop Kendrick Drop!!
Drop Kendrick Drop!!
Drop Kendrick Drop!!",3
Kendrick Lamar,Boom bap / Lyric,fuV4yQWdn_4,squabble up,Kendrick Lamar,I don’t think so but I’m su,1
Kendrick Lamar,Boom bap / Lyric,fuV4yQWdn_4,squabble up,Kendrick Lamar,"You know? Coming back to this.. yeah, I’m positive. $$$4U and ICEMAN cleared this",2
Kendrick Lamar,Boom bap / Lyric,fuV4yQWdn_4,squabble up,Kendrick Lamar,✨🥰✨MY MOOD HAS BEEN ACCESSED ✨🥰✨,1
Kendrick Lamar,Boom bap / Lyric,fuV4yQWdn_4,squabble up,Kendrick Lamar,💘💘💘,1
Kendrick Lamar,Boom bap / Lyric,fuV4yQWdn_4,squabble up,Kendrick Lamar,How tall is Kendrick really? 4’2”?,2
Kendrick Lamar,Boom bap / Lyric,fuV4yQWdn_4,squabble up,Kendrick Lamar,This is trash as hell geez,4
Kendrick Lamar,Boom bap / Lyric,fuV4yQWdn_4,squabble up,Kendrick Lamar,Damn this is crap,4
Kendrick Lamar,Boom bap / Lyric,fuV4yQWdn_4,squabble up,Kendrick Lamar,Here after iceman. Drake could never,7
Kendrick Lamar,Boom bap / Lyric,fuV4yQWdn_4,squabble up,Kendrick Lamar,Pipe down Drake these some different politics,3
Kendrick Lamar,Boom bap / Lyric,fuV4yQWdn_4,squabble up,Kendrick Lamar,Kendrick’s 4 foot azz would get smacked if he squabbled up 😂🤡,4
Kendrick Lamar,Boom bap / Lyric,fuV4yQWdn_4,squabble up,Kendrick Lamar,This trashhhhh,2
Kendrick Lamar,Boom bap / Lyric,fuV4yQWdn_4,squabble up,Kendrick Lamar,ts is wack omg,2
Kendrick Lamar,Boom bap / Lyric,fuV4yQWdn_4,squabble up,Kendrick Lamar,👑,1
Kendrick Lamar,Boom bap / Lyric,fuV4yQWdn_4,squabble up,Kendrick Lamar,Man this song is straigh ASS 🌹💔,3
Kendrick Lamar,Boom bap / Lyric,fuV4yQWdn_4,squabble up,Kendrick Lamar,I can’t believe I convinced myself this was top tier just cause there was no drake dropping….,6
Kendrick Lamar,Boom bap / Lyric,fuV4yQWdn_4,squabble up,Kendrick Lamar,1:35 why is no one talking talking about this part? These are not the original lyrics of the song. I know this song got taken down but I know for a fact this part of the song got changed....,1
Kendrick Lamar,Boom bap / Lyric,fuV4yQWdn_4,squabble up,Kendrick Lamar,nah drake wont beat him,1
Kendrick Lamar,Boom bap / Lyric,fuV4yQWdn_4,squabble up,Kendrick Lamar,2016,0
Kendrick Lamar,Boom bap / Lyric,fuV4yQWdn_4,squabble up,Kendrick Lamar,You know…This song is 2 hard 4 the radio 😂,2
Kendrick Lamar,Boom bap / Lyric,fuV4yQWdn_4,squabble up,Kendrick Lamar,Kendrick lamar i miss you 😢,1
Kendrick Lamar,Boom bap / Lyric,fuV4yQWdn_4,squabble up,Kendrick Lamar,I have to come back to GNX album 💿 to clean my ears,1
Kendrick Lamar,Boom bap / Lyric,fuV4yQWdn_4,squabble up,Kendrick Lamar,Did my boy find the broccoli,0
Kendrick Lamar,Boom bap / Lyric,fuV4yQWdn_4,squabble up,Kendrick Lamar,This song is worse than I remember 💀😭,6
Kendrick Lamar,Boom bap / Lyric,fuV4yQWdn_4,squabble up,Kendrick Lamar,"Drake took your sound and outdid u lol. This is weak sauce hence why this album is cratering on the charts, ur own fans don’t care for it.

We will be there when it completely falls off by the end of the year.",0
Kendrick Lamar,Boom bap / Lyric,fuV4yQWdn_4,squabble up,Kendrick Lamar,Who is here after Drake's 2 hard 4 radio song?,2
Kendrick Lamar,Boom bap / Lyric,fuV4yQWdn_4,squabble up,Kendrick Lamar,Im digging the nod to ICE T,0
Kendrick Lamar,Boom bap / Lyric,fuV4yQWdn_4,squabble up,Kendrick Lamar,Perfect song for every new week /Monday 💯💜,0
Kendrick Lamar,Boom bap / Lyric,fuV4yQWdn_4,squabble up,Kendrick Lamar,Drake trynna claim arab emirates now 😂,0
Kendrick Lamar,Boom bap / Lyric,fuV4yQWdn_4,squabble up,Kendrick Lamar,Cleansing my ears after the shit album drop,8
Kendrick Lamar,Boom bap / Lyric,fuV4yQWdn_4,squabble up,Kendrick Lamar,When they say Iceman ii say MUUUUUUUUUUSTAAAAAAAAAAAAAAAAAAAAAAARRRRRRRRRRRRRRRRRRRRRRRDDDDDDDDDDDDDDDDDDDDDDDDDDDDDDDDDDDDDDDDDDDDDDDDDDDDDDDDDDDDDDDDDDDDD!!!!!!!!😮,1
Kendrick Lamar,Boom bap / Lyric,fuV4yQWdn_4,squabble up,Kendrick Lamar,"Fee-fi-fo-fum,
I smell the blood of an Britishman,
Be he alive, or be he dead
I'll have his bones to grind my bread.",1
Kendrick Lamar,Boom bap / Lyric,fuV4yQWdn_4,squabble up,Kendrick Lamar,"Drake dropped 3 albums this weekend.
Play GNX everywhere you GO !!!!!!!!!!!!!",8
Kendrick Lamar,Boom bap / Lyric,fuV4yQWdn_4,squabble up,Kendrick Lamar,Came here after listening to diet squabble up from Drake (2 hard for the radio) 🤣🤣,5
Kendrick Lamar,Boom bap / Lyric,fuV4yQWdn_4,squabble up,Kendrick Lamar,short dude but no one has nothing to say! money gets you respect,7
Kendrick Lamar,Boom bap / Lyric,fuV4yQWdn_4,squabble up,Kendrick Lamar,Bootz 👢 I need your help!,0
Kendrick Lamar,Boom bap / Lyric,fuV4yQWdn_4,squabble up,Kendrick Lamar,💀,0
Kendrick Lamar,Boom bap / Lyric,fuV4yQWdn_4,squabble up,Kendrick Lamar,had to cleanse my ears after those fuckass albums,20
Kendrick Lamar,Boom bap / Lyric,fuV4yQWdn_4,squabble up,Kendrick Lamar,Back here cleaning my ears from some Iceman doodoo. I really hope K.Dot burns him for real.,4
Kendrick Lamar,Boom bap / Lyric,fuV4yQWdn_4,squabble up,Kendrick Lamar,Had to cleanse my ears 😅,66
Kendrick Lamar,Boom bap / Lyric,fuV4yQWdn_4,squabble up,Kendrick Lamar,"You know damn well why yall here again 🤣🤣🤣🤣🤣
Had to comeback to the original because that other one was not it 🤣🤣🤣🤣🤣🤣🤣",12
Kendrick Lamar,Boom bap / Lyric,fuV4yQWdn_4,squabble up,Kendrick Lamar,Who here after drake album come out 🧊,9
Kendrick Lamar,Boom bap / Lyric,fuV4yQWdn_4,squabble up,Kendrick Lamar,Heard the Mayo on the beat version and had to come back to this,132
Kendrick Lamar,Boom bap / Lyric,fuV4yQWdn_4,squabble up,Kendrick Lamar,I'm here after the trash iceman 😂,11
Kendrick Lamar,Boom bap / Lyric,fuV4yQWdn_4,squabble up,Kendrick Lamar,Whose here after the Dj Ketchup versıon,6
Kendrick Lamar,Boom bap / Lyric,fuV4yQWdn_4,squabble up,Kendrick Lamar,Who’s here after Drakes Temu Version Of This? 😂🤣,30
Kendrick Lamar,Boom bap / Lyric,fuV4yQWdn_4,squabble up,Kendrick Lamar,New owner who dis? Congrats PGLang and Dot. Masterclass. 1:28 wait did you change the lyrics?! 👀 EE did you fill in the wacced out mural blanks too then?!,0
Kendrick Lamar,Boom bap / Lyric,fuV4yQWdn_4,squabble up,Kendrick Lamar,Hol' up (Hol' up) Bring it in the tuck (Bring it in the tuck) Spices (Spices) Tender sauce (Tender sauce) Walk on trays (Walk on trays) It don't gust (It don't gust) Fee-fi (Fee-fi) Sighted in the tub (Sighted in the tub),1
Kendrick Lamar,Boom bap / Lyric,fuV4yQWdn_4,squabble up,Kendrick Lamar,Where is .... viva . Im on 1 ..,0
Kendrick Lamar,Boom bap / Lyric,fuV4yQWdn_4,squabble up,Kendrick Lamar,"Did anyone noticed how it's slightly different?
If i understand correctly this whole time he allowed YouTubers make money off on UMG along with him to just take all of his songs back now to now earn him complete control of gnx and any future song he does because he owns pg Lang. He no longer need UMG he just basically hired interscope to stream his stuff for him.
This man is a genius. Drake trying to put an album out and this man just sky rocket his company. Smh",1
Kendrick Lamar,Boom bap / Lyric,fuV4yQWdn_4,squabble up,Kendrick Lamar,"Thank you Drake for reminding me that this song is a bop.

“West Coast Music is trash”

*Drake raps on West Coast beat*

“OMG THIS IS SO GOOD, BETTER THAN THAT MIDRICK SONG”

Lmao fuck outta here",17
Kendrick Lamar,Boom bap / Lyric,fuV4yQWdn_4,squabble up,Kendrick Lamar,Drake wanted to recreate this so bad lol,184
Kendrick Lamar,Boom bap / Lyric,fuV4yQWdn_4,squabble up,Kendrick Lamar,I feel like Drake blatantly copied him lol,12
Kendrick Lamar,Boom bap / Lyric,fuV4yQWdn_4,squabble up,Kendrick Lamar,Yessir we're again baby,9
Kendrick Lamar,Boom bap / Lyric,fuV4yQWdn_4,squabble up,Kendrick Lamar,Who here in 2026,11
Kendrick Lamar,Boom bap / Lyric,fuV4yQWdn_4,squabble up,Kendrick Lamar,❤❤❤🎉🎉,1
Kendrick Lamar,Boom bap / Lyric,fuV4yQWdn_4,squabble up,Kendrick Lamar,came over here to get my ears right,253
Kendrick Lamar,Boom bap / Lyric,fuV4yQWdn_4,squabble up,Kendrick Lamar,Came here to wash off my ears from Drake Iceman album.,21
Kendrick Lamar,Boom bap / Lyric,fuV4yQWdn_4,squabble up,Kendrick Lamar,"Damn Kendra, why you drake hit you with three full albums while you put out that corny gnx bullshit?",0
Kendrick Lamar,Boom bap / Lyric,fuV4yQWdn_4,squabble up,Kendrick Lamar,Drake made a whole album lying this the truth right here,4
Kendrick Lamar,Boom bap / Lyric,fuV4yQWdn_4,squabble up,Kendrick Lamar,1:29 the audio is messed up sounds like a layer is missing,2
Kendrick Lamar,Boom bap / Lyric,fuV4yQWdn_4,squabble up,Kendrick Lamar,Drake just failed miserably at making something like this,7
Kendrick Lamar,Boom bap / Lyric,fuV4yQWdn_4,squabble up,Kendrick Lamar,"Came back here after ""2 Hard 4 the Radio""",8
Kendrick Lamar,Boom bap / Lyric,fuV4yQWdn_4,squabble up,Kendrick Lamar,Came here to cleanse my ears from that tubi version,11
Kendrick Lamar,Boom bap / Lyric,fuV4yQWdn_4,squabble up,Kendrick Lamar,I'm here after listening to 2hard for the radio 😂😂😂 squabble up is better ❤❤,23
Kendrick Lamar,Boom bap / Lyric,fuV4yQWdn_4,squabble up,Kendrick Lamar,Who is here after the Temu version,196
Kendrick Lamar,Boom bap / Lyric,fuV4yQWdn_4,squabble up,Kendrick Lamar,"after listening to 2 hard 4 the radio, had to come back to the original lol",54
Kendrick Lamar,Boom bap / Lyric,fuV4yQWdn_4,squabble up,Kendrick Lamar,Have to run this up after that goofy ass temu squabble up Aubrey just dropped. 😂,14
Kendrick Lamar,Boom bap / Lyric,fuV4yQWdn_4,squabble up,Kendrick Lamar,Drop please we need that...,0
Kendrick Lamar,Boom bap / Lyric,fuV4yQWdn_4,squabble up,Kendrick Lamar,Is that Snoop Dogg or someone else,0
Kendrick Lamar,Boom bap / Lyric,fuV4yQWdn_4,squabble up,Kendrick Lamar,"the last scene is the coldest

jesus on sale for bbl dizzy for only $40  (his producer)",2
Kendrick Lamar,Boom bap / Lyric,fuV4yQWdn_4,squabble up,Kendrick Lamar,🙌🏾🔥🔥💯👌🏾💯🔥🔥🙌🏾😊,0
Kendrick Lamar,Boom bap / Lyric,fuV4yQWdn_4,squabble up,Kendrick Lamar,Dancing 🕺 👯‍♂️ 🕺 👯‍♀️,0
Kendrick Lamar,Boom bap / Lyric,fuV4yQWdn_4,squabble up,Kendrick Lamar,"How 50 cent used Kendrick to play lotis jackson on Power 

https://youtu.be/OclG4ijYSBE?si=22ug6oGB3xcwcQqo",0
Kendrick Lamar,Boom bap / Lyric,fuV4yQWdn_4,squabble up,Kendrick Lamar,FACEEEEEEE,0
Kendrick Lamar,Boom bap / Lyric,fuV4yQWdn_4,squabble up,Kendrick Lamar,I can't believed I haven't like yet! My bad 🔥🔥🔥,1
Kendrick Lamar,Boom bap / Lyric,fuV4yQWdn_4,squabble up,Kendrick Lamar,❤,0
Kendrick Lamar,Boom bap / Lyric,fuV4yQWdn_4,squabble up,Kendrick Lamar,This is the worst thing I’ve ever heard from Kendrick and he has the audacity to create a music video for it?,3
Kendrick Lamar,Boom bap / Lyric,fuV4yQWdn_4,squabble up,Kendrick Lamar,Iceman coming yall but this is a banger still,0
Kendrick Lamar,Boom bap / Lyric,fuV4yQWdn_4,squabble up,Kendrick Lamar,I AMM,2
Kendrick Lamar,Boom bap / Lyric,fuV4yQWdn_4,squabble up,Kendrick Lamar,Dork music,3
Kendrick Lamar,Boom bap / Lyric,fuV4yQWdn_4,squabble up,Kendrick Lamar,🎉🎉🎉,1
Kendrick Lamar,Boom bap / Lyric,fuV4yQWdn_4,squabble up,Kendrick Lamar,What book was he reading?it said something like Kendrick but I couldn't see the rest,2
Kendrick Lamar,Boom bap / Lyric,fuV4yQWdn_4,squabble up,Kendrick Lamar,ay 15 🦉 🦉 🧊 🧊 🧊Iceman May 15 🦉 🦉 🧊 🧊 🧊Iceman May 15 🦉 🦉 🧊 🧊 🧊Iceman May 15 🦉 🦉 🧊 🧊 🧊Iceman May 15 🦉 🦉 🧊 🧊 🧊Iceman May 15 🦉 🦉 🧊 🧊 🧊Iceman May 15 🦉 🦉 🧊 🧊 🧊Iceman May 15 🦉 🦉 🧊 🧊 🧊Iceman May 15 🦉 🦉 🧊 🧊 🧊Iceman May 15 🦉 🦉 🧊 🧊 🧊Iceman May 15 🦉 🦉 🧊 🧊 🧊Iceman May 15 🦉 🦉 🧊 🧊 🧊Iceman May 15 🦉 🦉 🧊 🧊 🧊Iceman May 15 🦉 🦉 🧊 🧊 🧊Iceman May 15 🦉 🦉 🧊 🧊 🧊Iceman May 15 🦉 🦉 🧊 🧊 🧊Iceman May 15 🦉 🦉 🧊 🧊 🧊Iceman May 15 🦉 🦉 🧊 🧊 🧊Iceman May 15 🦉 🦉 🧊 🧊 🧊Iceman May 15 🦉 🦉 🧊 🧊 🧊Iceman May 15 🦉 🦉 🧊 🧊 🧊Iceman May 15 🦉 🦉 🧊 🧊 🧊Iceman May 15 🦉 🦉 🧊 🧊 🧊Iceman May 15 🦉 🦉 🧊 🧊 🧊Iceman May 15 🦉 🦉 🧊 🧊 🧊Iceman May 15 🦉 🦉 🧊 🧊 🧊Iceman May 15 🦉 🦉 🧊 🧊 🧊Iceman May 15 🦉 🦉 🧊 🧊 🧊Iceman May 15 🦉 🦉 🧊 🧊 🧊Iceman May 15 🦉 🦉 🧊 🧊 🧊Iceman May 15 🦉 🦉 🧊 🧊 🧊Iceman May 15 🦉 🦉 🧊 🧊 🧊Iceman May 15 🦉 🦉 🧊 🧊 🧊Iceman May 15 🦉 🦉 🧊 🧊 🧊Iceman May 15 🦉 🦉 🧊 🧊 🧊Iceman May 15 🦉 🦉 🧊 🧊 🧊Iceman May 15 🦉 🦉 🧊 🧊 🧊Iceman May 15 🦉 🦉 🧊 🧊 🧊😊,1
Kendrick Lamar,Boom bap / Lyric,fuV4yQWdn_4,squabble up,Kendrick Lamar,FIREMAN 👨‍🚒🔥,11
Kendrick Lamar,Boom bap / Lyric,fuV4yQWdn_4,squabble up,Kendrick Lamar,Who's here after the reload?,10
Kendrick Lamar,Boom bap / Lyric,fuV4yQWdn_4,squabble up,Kendrick Lamar,"ICEMAN FRIDAY NO ONE CARES 
DRAKE WAY BETTER. 
 THIS AI OR REAL CHAT 🤯🤯
https://youtu.be/FerQ7oZHr2A?si=08gp1qUkaeQi3Ma4",1
Kendrick Lamar,Boom bap / Lyric,fuV4yQWdn_4,squabble up,Kendrick Lamar,"its not make sense to have 1 milion views, whole world see this beef , minimum 1 Billion views..something fishy",1
Kendrick Lamar,Boom bap / Lyric,fuV4yQWdn_4,squabble up,Kendrick Lamar,Beautiful 🖤🖤🖤,0
Kendrick Lamar,Boom bap / Lyric,fuV4yQWdn_4,squabble up,Kendrick Lamar,I guess this one didn’t get deleted!,1
Kendrick Lamar,Boom bap / Lyric,fuV4yQWdn_4,squabble up,Kendrick Lamar,ay 15 🦉 🦉 🧊 🧊 🧊Iceman May 15 🦉 🦉 🧊 🧊 🧊Iceman May 15 🦉 🦉 🧊 🧊 🧊Iceman May 15 🦉 🦉 🧊 🧊 🧊Iceman May 15 🦉 🦉 🧊 🧊 🧊Iceman May 15 🦉 🦉 🧊 🧊 🧊Iceman May 15 🦉 🦉 🧊 🧊 🧊Iceman May 15 🦉 🦉 🧊 🧊 🧊Iceman May 15 🦉 🦉 🧊 🧊 🧊Iceman May 15 🦉 🦉 🧊 🧊 🧊Iceman May 15 🦉 🦉 🧊 🧊 🧊Iceman May 15 🦉 🦉 🧊 🧊 🧊Iceman May 15 🦉 🦉 🧊 🧊 🧊Iceman May 15 🦉 🦉 🧊 🧊 🧊Iceman May 15 🦉 🦉 🧊 🧊 🧊Iceman May 15 🦉 🦉 🧊 🧊 🧊Iceman May 15 🦉 🦉 🧊 🧊 🧊Iceman May 15 🦉 🦉 🧊 🧊 🧊Iceman May 15 🦉 🦉 🧊 🧊 🧊Iceman May 15 🦉 🦉 🧊 🧊 🧊Iceman May 15 🦉 🦉 🧊 🧊 🧊Iceman May 15 🦉 🦉 🧊 🧊 🧊Iceman May 15 🦉 🦉 🧊 🧊 🧊Iceman May 15 🦉 🦉 🧊 🧊 🧊Iceman May 15 🦉 🦉 🧊 🧊 🧊Iceman May 15 🦉 🦉 🧊 🧊 🧊Iceman May 15 🦉 🦉 🧊 🧊 🧊Iceman May 15 🦉 🦉 🧊 🧊 🧊Iceman May 15 🦉 🦉 🧊 🧊 🧊Iceman May 15 🦉 🦉 🧊 🧊 🧊Iceman May 15 🦉 🦉 🧊 🧊 🧊Iceman May 15 🦉 🦉 🧊 🧊 🧊Iceman May 15 🦉 🦉 🧊 🧊 🧊Iceman May 15 🦉 🦉 🧊 🧊 🧊Iceman May 15 🦉 🦉 🧊 🧊 🧊Iceman May 15 🦉 🦉 🧊 🧊 🧊Iceman May 15 🦉 🦉 🧊 🧊 🧊Iceman May 15 🦉 🦉 🧊 🧊 🧊😊,2
Kendrick Lamar,Boom bap / Lyric,fuV4yQWdn_4,squabble up,Kendrick Lamar,👀,1
Kendrick Lamar,Boom bap / Lyric,fuV4yQWdn_4,squabble up,Kendrick Lamar,SU has been spared in the May 2026 KD wipe down reload scandal! 😂,0
Kendrick Lamar,Boom bap / Lyric,fuV4yQWdn_4,squabble up,Kendrick Lamar,1:28 did this always sound like that???,3
Kendrick Lamar,Boom bap / Lyric,fuV4yQWdn_4,squabble up,Kendrick Lamar,here before it disappears 22:15 11 May 2026 ZA,1
Kendrick Lamar,Boom bap / Lyric,fuV4yQWdn_4,squabble up,Kendrick Lamar,Here before he removes this one too because he BOTTED views 🤖 #MAY15🧊,3
Kendrick Lamar,Boom bap / Lyric,fuV4yQWdn_4,squabble up,Kendrick Lamar,1:53 bro gave up for a sec😂,2
Kendrick Lamar,Boom bap / Lyric,fuV4yQWdn_4,squabble up,Kendrick Lamar,Think this one might get taken down too?,0
Kendrick Lamar,Boom bap / Lyric,fuV4yQWdn_4,squabble up,Kendrick Lamar,"YOU NEED TO RE-UPLOAD THIS ONE, COMMIT TO THE FIREMAN ROLLOUT 🙏🙏🙏",2
Kendrick Lamar,Boom bap / Lyric,fuV4yQWdn_4,squabble up,Kendrick Lamar,Whos here because the not like us music video got deleted and hin also reuploading luther?,2
Kendrick Lamar,Boom bap / Lyric,fuV4yQWdn_4,squabble up,Kendrick Lamar,fireman,2
Kendrick Lamar,Boom bap / Lyric,fuV4yQWdn_4,squabble up,Kendrick Lamar,Dont remove this video dawg,3
Kendrick Lamar,Boom bap / Lyric,fuV4yQWdn_4,squabble up,Kendrick Lamar,🧊🧊🧊🧊🧊🧊,7
Kendrick Lamar,Boom bap / Lyric,fuV4yQWdn_4,squabble up,Kendrick Lamar,Iceman coming bot boy 🤖🥶❄️❄️🧊,9
Kendrick Lamar,Boom bap / Lyric,fuV4yQWdn_4,squabble up,Kendrick Lamar,Watching this video b4 it gets taken down next 😭😭😭,89
Kendrick Lamar,Boom bap / Lyric,fuV4yQWdn_4,squabble up,Kendrick Lamar,you are like us dropping next,2
Kendrick Lamar,Boom bap / Lyric,fuV4yQWdn_4,squabble up,Kendrick Lamar,Ayy man tf is going on😭😭,1
Kendrick Lamar,Boom bap / Lyric,fuV4yQWdn_4,squabble up,Kendrick Lamar,Watch this vid get taken down next 😭😭😭,43
Kendrick Lamar,Boom bap / Lyric,fuV4yQWdn_4,squabble up,Kendrick Lamar,YOU ARE A TOTAL FRAUD 😂😂😂😂😂😂😂😂😂😂😂,8
Kendrick Lamar,Boom bap / Lyric,fuV4yQWdn_4,squabble up,Kendrick Lamar,i was here on monday ...iceman on friday.,3
Kendrick Lamar,Boom bap / Lyric,fuV4yQWdn_4,squabble up,Kendrick Lamar,"""🧊🧊🧊❄️🧊🧊🧊🧊🧊❄️❄️🥶🥶❄️❄️🧊🧊❄️🥶🥶❄️🧊🧊🧊❄️🥶🧊🧊🧊🧊❄️🥶❄️🧊🧊🧊🧊🧊🧊🧊🧊🧊",8
Kendrick Lamar,Boom bap / Lyric,fuV4yQWdn_4,squabble up,Kendrick Lamar,I LOVE THIS FUCKING SONG !!!!!,1
Kendrick Lamar,Boom bap / Lyric,fuV4yQWdn_4,squabble up,Kendrick Lamar,Yessss,0
Kendrick Lamar,Boom bap / Lyric,fuV4yQWdn_4,squabble up,Kendrick Lamar,2026💓💓💓💓✌🏿✌🏾✌🏽✌🏼✌️✌🏼✌🏽😂✌️✌🏾✌🏻✌️✌🏼✌🏽😅✌🏿 Allahu Akbar 🙌🏾🙌🏿🙌🏾🙌🏼🙌🙌🙌🏼🙌🏾🙌🏿🙌🙌🏾🙌🏼🙌🏻🙌🏾🙌🏿🙌🏼🙌🙌🏾🙌🏿🙌🏼🙌🙌🏿🙌🏾🙌🏽🙌🏽🙌🏽🙌🏽💪🏽,1
Kendrick Lamar,Boom bap / Lyric,fuV4yQWdn_4,squabble up,Kendrick Lamar,UR MY FAVRIOT RAPPER MUSTARDDDDDDDDDDDDD,0
Kendrick Lamar,Boom bap / Lyric,fuV4yQWdn_4,squabble up,Kendrick Lamar,C'est magnifique,0
Kendrick Lamar,Boom bap / Lyric,fuV4yQWdn_4,squabble up,Kendrick Lamar,Dodgers and Kendrick on top and Drake and the blow jays left in the dust,2
Kendrick Lamar,Boom bap / Lyric,fuV4yQWdn_4,squabble up,Kendrick Lamar,Bro  stop playing! Message!!,0
Kendrick Lamar,Boom bap / Lyric,fuV4yQWdn_4,squabble up,Kendrick Lamar,Mr. LIBERATED AND MEANINGFUL AS ALWAYS ✊🏽⚡️,0
Kendrick Lamar,Boom bap / Lyric,fuV4yQWdn_4,squabble up,Kendrick Lamar,"Back becuz??? Whats good.  Scrabble, babble.. i like this squeeze.",0
Kendrick Lamar,Boom bap / Lyric,fuV4yQWdn_4,squabble up,Kendrick Lamar,My favorite autistic rapper.,2
Kendrick Lamar,Boom bap / Lyric,fuV4yQWdn_4,squabble up,Kendrick Lamar,❤❤,0
Kendrick Lamar,Boom bap / Lyric,fuV4yQWdn_4,squabble up,Kendrick Lamar,Trash.,1
Kendrick Lamar,Boom bap / Lyric,fuV4yQWdn_4,squabble up,Kendrick Lamar,1:47 is this some AI insert here??? Have I had a stroke??,1
Kendrick Lamar,Boom bap / Lyric,fuV4yQWdn_4,squabble up,Kendrick Lamar,"Worst of all I think I'm wearing the same hoodie as Kendrick Lamar right now. No joke. However, my hoodie is a different tone of blue by the way. Also, I'm also a different tone of brown since I'm tan.
https://youtube.com/shorts/yRNqXuECkYo
https://youtube.com/shorts/ZdxfjsiYCeY
https://youtube.com/shorts/VVZN7WOhozM
https://youtube.com/shorts/90qRhoHuNPc",1
Kendrick Lamar,Boom bap / Lyric,fuV4yQWdn_4,squabble up,Kendrick Lamar,"Who is here after watching Not Like Us? I sure am. This song was shown at the beginning of that song. No joke.
https://youtube.com/shorts/yRNqXuECkYo
https://youtube.com/shorts/ZdxfjsiYCeY
https://youtube.com/shorts/VVZN7WOhozM
https://youtube.com/shorts/90qRhoHuNPc",1
Kendrick Lamar,Boom bap / Lyric,fuV4yQWdn_4,squabble up,Kendrick Lamar,I still watch this video waiting for Miss Ma'am on the right in that dance trio. ❤️‍🔥,0
Kendrick Lamar,Boom bap / Lyric,fuV4yQWdn_4,squabble up,Kendrick Lamar,https://music.youtube.com/playlist?list=OLAK5uy_nSkgzAkBFe3aN1Cqm1U2oX18ewTpxF8ts&si=fR587EuZdRAwbUsZ,0
Kendrick Lamar,Boom bap / Lyric,fuV4yQWdn_4,squabble up,Kendrick Lamar,"Reencarnación, and then why Jesus?",1
Kendrick Lamar,Boom bap / Lyric,fuV4yQWdn_4,squabble up,Kendrick Lamar,Amazing great song ❤❤❤❤❤❤❤❤,2
Kendrick Lamar,Boom bap / Lyric,fuV4yQWdn_4,squabble up,Kendrick Lamar,Amazing ❤❤❤❤❤,0
Kendrick Lamar,Boom bap / Lyric,fuV4yQWdn_4,squabble up,Kendrick Lamar,c# (get lit up).,0
Kendrick Lamar,Boom bap / Lyric,fuV4yQWdn_4,squabble up,Kendrick Lamar,"Jeremiah 29:11 [NIV] says, ""For I know the plans I have for you,” declares the Lord, “plans to prosper you and not to harm you, plans to give you hope and a future."" ❤",0
Kendrick Lamar,Boom bap / Lyric,fuV4yQWdn_4,squabble up,Kendrick Lamar,God bless you and yours eternally with Enoch God and Jesus Christ in the holy Bible amen,1
Kendrick Lamar,Boom bap / Lyric,fuV4yQWdn_4,squabble up,Kendrick Lamar,"Every Track on GNX seems to be mastered with an Array of Kompressors only and optimised for smartphones. Sound is aweful on studio speakers, the video version is even worse, washed out and flat. 

From a mastering/soundengieneering perspective, this is a complete desaster.",1
Kendrick Lamar,Boom bap / Lyric,fuV4yQWdn_4,squabble up,Kendrick Lamar,Still in rotation 🖤🔥🔥,0
Kendrick Lamar,Boom bap / Lyric,fuV4yQWdn_4,squabble up,Kendrick Lamar,😉🎂,2
Kendrick Lamar,Boom bap / Lyric,fuV4yQWdn_4,squabble up,Kendrick Lamar,"""cuhs that apple looking sweet""
-supernintent Michelle",0
Kendrick Lamar,Boom bap / Lyric,fuV4yQWdn_4,squabble up,Kendrick Lamar,Gotta ric it off,0
Kendrick Lamar,Boom bap / Lyric,fuV4yQWdn_4,squabble up,Kendrick Lamar,mr get off i get off a my feet,2
Kendrick Lamar,Boom bap / Lyric,fuV4yQWdn_4,squabble up,Kendrick Lamar,JEAN MANTEZOLO,0
Kendrick Lamar,Boom bap / Lyric,fuV4yQWdn_4,squabble up,Kendrick Lamar,"Them:I wanna fight 
Me:squabble up😅😂",0
Kendrick Lamar,Boom bap / Lyric,fuV4yQWdn_4,squabble up,Kendrick Lamar,We don’t talk about this beat enough,0
Kendrick Lamar,Boom bap / Lyric,fuV4yQWdn_4,squabble up,Kendrick Lamar,Is anyone else noticing the gibberish around 1:40?,3
Kendrick Lamar,Boom bap / Lyric,fuV4yQWdn_4,squabble up,Kendrick Lamar,I could’ve sworn Tommy The Clown was in this 🤔🤔🤔,0
Kendrick Lamar,Boom bap / Lyric,fuV4yQWdn_4,squabble up,Kendrick Lamar,This is literally honest to god the worst song I’ve ever heard in my entire life,2
Kendrick Lamar,Boom bap / Lyric,fuV4yQWdn_4,squabble up,Kendrick Lamar,"Video your crypt walk Shane idol 11 and hit your skit and throw up westside, solo train 2 and for your father sol fire train 3",0
Kendrick Lamar,Boom bap / Lyric,fuV4yQWdn_4,squabble up,Kendrick Lamar,Here..4..30..2026 👊🏿,1
Kendrick Lamar,Boom bap / Lyric,fuV4yQWdn_4,squabble up,Kendrick Lamar,Edit 1:07 “my favorite part spit a logy at the camera speed off yeah it’s us”,0
Kendrick Lamar,Boom bap / Lyric,fuV4yQWdn_4,squabble up,Kendrick Lamar,"""Hi fren'
How you doin, 1:48 
And then 2:04 
2:12 was the worst.",0
Kendrick Lamar,Boom bap / Lyric,fuV4yQWdn_4,squabble up,Kendrick Lamar,JESUS ALSO SAVES GANSTERS 1:35,0
Kendrick Lamar,Boom bap / Lyric,fuV4yQWdn_4,squabble up,Kendrick Lamar,Evansville IN,0
Kendrick Lamar,Boom bap / Lyric,fuV4yQWdn_4,squabble up,Kendrick Lamar,Oh and I really like the thorn crown I’m glad you didn’t listen to the noise <3,0
Kendrick Lamar,Boom bap / Lyric,fuV4yQWdn_4,squabble up,Kendrick Lamar,+100000000 for the sign,0
Kendrick Lamar,Boom bap / Lyric,fuV4yQWdn_4,squabble up,Kendrick Lamar,"Kendrick Lamar, can you drop a album called fireman plz",1
Kendrick Lamar,Boom bap / Lyric,fuV4yQWdn_4,squabble up,Kendrick Lamar,kendrick he's God,0
Kendrick Lamar,Boom bap / Lyric,fuV4yQWdn_4,squabble up,Kendrick Lamar,Shout out g perico I see u g,0
Kendrick Lamar,Boom bap / Lyric,fuV4yQWdn_4,squabble up,Kendrick Lamar,Kbots listening to this on repeat are the biggest losers in the world,3
Kendrick Lamar,Boom bap / Lyric,fuV4yQWdn_4,squabble up,Kendrick Lamar,stolen song but still ok,0
Kendrick Lamar,Boom bap / Lyric,fuV4yQWdn_4,squabble up,Kendrick Lamar,Backrooms 😂,0
Kendrick Lamar,Boom bap / Lyric,fuV4yQWdn_4,squabble up,Kendrick Lamar,"All due respect Kendrick, you call yourself Pac reincarnated but this feels like Vanilla Ice type of HipHop. Take this bullsh’t down",2
Kendrick Lamar,Boom bap / Lyric,fuV4yQWdn_4,squabble up,Kendrick Lamar,Bro has one of the hardest beats ever and ruined it with his little voice changes.,1
Kendrick Lamar,Boom bap / Lyric,fuV4yQWdn_4,squabble up,Kendrick Lamar,2026 anyone..?,3
Kendrick Lamar,Boom bap / Lyric,fuV4yQWdn_4,squabble up,Kendrick Lamar,Classic Record 🔥🔥🔥👍🏾👍🏾👍🏾👏🏾👏🏾👏🏾👊🏾,1
Kendrick Lamar,Boom bap / Lyric,fuV4yQWdn_4,squabble up,Kendrick Lamar,This thing wild😂😂😂😂😂🎉🎉🎉🎉🎉🎉🎉🎉🎉🎉❤❤❤❤❤❤❤❤❤❤❤😊😊😊😊😊😊😊😊😊,2
Kendrick Lamar,Boom bap / Lyric,fuV4yQWdn_4,squabble up,Kendrick Lamar,Am I tweaking or did he change the part where he’s mumbling,2
Kendrick Lamar,Boom bap / Lyric,fuV4yQWdn_4,squabble up,Kendrick Lamar,This song is so trash,4
Kendrick Lamar,Boom bap / Lyric,fuV4yQWdn_4,squabble up,Kendrick Lamar,I really wonder if Kendrick knows how much YouTube allows this song to be manipulated under His own name,0
Kendrick Lamar,Boom bap / Lyric,fuV4yQWdn_4,squabble up,Kendrick Lamar,he showin the culture drake ain’t grow up in,2
Kendrick Lamar,Boom bap / Lyric,fuV4yQWdn_4,squabble up,Kendrick Lamar,Ice Man Cometh 🥶🧊🥶🧊,4
Kendrick Lamar,Boom bap / Lyric,fuV4yQWdn_4,squabble up,Kendrick Lamar,Squabble Up!!!!! 🧊🥶🧊🥶 U Ready?!?!,2
Kendrick Lamar,Boom bap / Lyric,fuV4yQWdn_4,squabble up,Kendrick Lamar,"This is the song that comes on when Hillary, Bill and Kamala are getting it on and then they switch 🔥",1
Kendrick Lamar,Boom bap / Lyric,fuV4yQWdn_4,squabble up,Kendrick Lamar,Omg hilarious that’s me you beat up  my husband oh I’m coming for you 😂,0
Kendrick Lamar,Boom bap / Lyric,fuV4yQWdn_4,squabble up,Kendrick Lamar,He calls it law of intention he calls it shang tsing,0
Kendrick Lamar,Boom bap / Lyric,fuV4yQWdn_4,squabble up,Kendrick Lamar,Of reggi martinez,0
Kendrick Lamar,Boom bap / Lyric,fuV4yQWdn_4,squabble up,Kendrick Lamar,A law of I t wntions to this arifitiislc intelligence of,0
Kendrick Lamar,Boom bap / Lyric,fuV4yQWdn_4,squabble up,Kendrick Lamar,Two minutes of a vibe. The west coast energy in this song is amazing. I do wish this song was longer but I feel like it's at a perfect length so it doesn't get stale. This video is everything as well with all the chaos going on in the room.,1
Kendrick Lamar,Boom bap / Lyric,fuV4yQWdn_4,squabble up,Kendrick Lamar,Jesus saves gangsters 🫡,3
Kendrick Lamar,Boom bap / Lyric,fuV4yQWdn_4,squabble up,Kendrick Lamar,This room really saw everything.,3
Kendrick Lamar,Boom bap / Lyric,fuV4yQWdn_4,squabble up,Kendrick Lamar,SIXORTHREE F STREET 9678-E . 4KT NBA PSALM 23 4/19/O⸸ ♕ MAKE AMERICA SLIME AGAIN 🐌,1
Kendrick Lamar,Boom bap / Lyric,fuV4yQWdn_4,squabble up,Kendrick Lamar,Peak,3
Kendrick Lamar,Boom bap / Lyric,fuV4yQWdn_4,squabble up,Kendrick Lamar,It’s 2026 and kendrick is still looking for his broccoli,4
Kendrick Lamar,Boom bap / Lyric,fuV4yQWdn_4,squabble up,Kendrick Lamar,##🙉🙉🙉🙊🙊🙈🙈🙈🙈FEELLLLLLLLL❤❤❤❤❤❤❤❤❤❤❤❤🎉🎉🎉🎉🎉🎉🎉🎉🎉,2
Kendrick Lamar,Boom bap / Lyric,fuV4yQWdn_4,squabble up,Kendrick Lamar,"🙋🏾‍♂️ Drake fan here, Kendrick is a self proclaimed hater that was summoned to destroy Drakes image by the mayo man. He got his belly rubbed like a good dog by receiving trophies. Damn cuz, don’t y’all seeeeee",3
Kendrick Lamar,Boom bap / Lyric,fuV4yQWdn_4,squabble up,Kendrick Lamar,❤❤,1
Kendrick Lamar,Boom bap / Lyric,fuV4yQWdn_4,squabble up,Kendrick Lamar,I got the money and the power,1
Kendrick Lamar,Boom bap / Lyric,fuV4yQWdn_4,squabble up,Kendrick Lamar,"💙💚..🙋🏾‍♀️
God bless you Kendrick❤

2:23..💛🖤🤎 God bless us",1
Kendrick Lamar,Boom bap / Lyric,fuV4yQWdn_4,squabble up,Kendrick Lamar,Is that the girl from DOC????,0
Kendrick Lamar,Boom bap / Lyric,fuV4yQWdn_4,squabble up,Kendrick Lamar,it sounds better if you put the video speed at 1.05,1
Kendrick Lamar,Boom bap / Lyric,fuV4yQWdn_4,squabble up,Kendrick Lamar,who listening in 2026?,2
Kendrick Lamar,Boom bap / Lyric,fuV4yQWdn_4,squabble up,Kendrick Lamar,walls look like untitled unmastered,3
Kendrick Lamar,Boom bap / Lyric,fuV4yQWdn_4,squabble up,Kendrick Lamar,Ako ya kozua ba leçons 😂 jean mantezolo,0
Kendrick Lamar,Boom bap / Lyric,fuV4yQWdn_4,squabble up,Kendrick Lamar,How to be like Kendrick for dummies,0
Kendrick Lamar,Boom bap / Lyric,fuV4yQWdn_4,squabble up,Kendrick Lamar,Amen,1
Kendrick Lamar,Boom bap / Lyric,fuV4yQWdn_4,squabble up,Kendrick Lamar,Kun- fu stands thank you kindrick . Been following homie sence quando? When ? Black hippys,1
Kendrick Lamar,Boom bap / Lyric,fuV4yQWdn_4,squabble up,Kendrick Lamar,The content is amazing I learned a lot from it.,1
Kendrick Lamar,Boom bap / Lyric,fuV4yQWdn_4,squabble up,Kendrick Lamar,Your explanation is outstanding It made my day better.,2
Kendrick Lamar,Boom bap / Lyric,fuV4yQWdn_4,squabble up,Kendrick Lamar,The editing is very impressive I really appreciate the effort.,0
Kendrick Lamar,Boom bap / Lyric,fuV4yQWdn_4,squabble up,Kendrick Lamar,The production quality is well made I learned a lot from it.,0
Kendrick Lamar,Boom bap / Lyric,fuV4yQWdn_4,squabble up,Kendrick Lamar,The production quality is exactly what I needed I learned a lot from it.,1
Kendrick Lamar,Boom bap / Lyric,fuV4yQWdn_4,squabble up,Kendrick Lamar,The way you present is worth sharing I really appreciate the effort.,1
Kendrick Lamar,Boom bap / Lyric,fuV4yQWdn_4,squabble up,Kendrick Lamar,"VICTIM MENTALITY
What is going on?
Are you feeling bad?
Situations in your life.
Making you drag?
I know for a fact.
I'm not blocking myself.
Never received,
any of my wealth.
I can take this opportunity;
to feel like a victim.
Run around fighting with people.
Threatening to kill them.
What will that do for me?
I just stay happy.
Frequency high.
You surly can't drag me.
PATRICIA A. MANIACI/AMERICA RACINE/BLOCK",1
Kendrick Lamar,Boom bap / Lyric,fuV4yQWdn_4,squabble up,Kendrick Lamar,You can rig Google SEO to make people think Lawbrey was the last HipHop artist to hit number 1 - but we all know it was LUTHER 😌,1
Kendrick Lamar,Boom bap / Lyric,fuV4yQWdn_4,squabble up,Kendrick Lamar,Kendrick Lamar is just my favorite rapper,4
Kendrick Lamar,Boom bap / Lyric,fuV4yQWdn_4,squabble up,Kendrick Lamar,Love this song listen to it for like 1hr,2
Kendrick Lamar,Boom bap / Lyric,fuV4yQWdn_4,squabble up,Kendrick Lamar,"https://youtu.be/5G9DNx7xIIc?si=_3MXarLZaUVLAVmM

God knows",0
Kendrick Lamar,Boom bap / Lyric,fuV4yQWdn_4,squabble up,Kendrick Lamar,Ayo Drake went off on Kenny fr,0
Kendrick Lamar,Boom bap / Lyric,fuV4yQWdn_4,squabble up,Kendrick Lamar,1:27 ????,1
Kendrick Lamar,Boom bap / Lyric,fuV4yQWdn_4,squabble up,Kendrick Lamar,"Just noticed the board OMNIA EST ALIQUID” — a Latin phrase meaning “Everything is something” / “Everything has meaning.” 

every visual/detail in the video has purpose
	•	nothing in the frame is random
	•	he wants viewers overanalyzing every symbol/easter egg",2
Kendrick Lamar,Boom bap / Lyric,fuV4yQWdn_4,squabble up,Kendrick Lamar,I love that he brought the Mexicans in 💪🏽💪🏽💪🏽 I’m blaxican from Inglewood. Black and brown has always and will forever be unstoppable,2
Kendrick Lamar,Boom bap / Lyric,fuV4yQWdn_4,squabble up,Kendrick Lamar,Why he dissing j cole,1
Kendrick Lamar,Boom bap / Lyric,fuV4yQWdn_4,squabble up,Kendrick Lamar,why he on a backroom,0
Kendrick Lamar,Boom bap / Lyric,fuV4yQWdn_4,squabble up,Kendrick Lamar,We’re not even going,2
Kendrick Lamar,Boom bap / Lyric,fuV4yQWdn_4,squabble up,Kendrick Lamar,I'm here,3
Kendrick Lamar,Boom bap / Lyric,fuV4yQWdn_4,squabble up,Kendrick Lamar,Make me feel like im at home catching a faaaaade,1
Kendrick Lamar,Boom bap / Lyric,fuV4yQWdn_4,squabble up,Kendrick Lamar,No God seal,1
Kendrick Lamar,Boom bap / Lyric,fuV4yQWdn_4,squabble up,Kendrick Lamar,1:46 tung tung tung,1
Kendrick Lamar,Boom bap / Lyric,fuV4yQWdn_4,squabble up,Kendrick Lamar,That first part wen the beat drop is the best part of the song 😂,1
Kendrick Lamar,Boom bap / Lyric,fuV4yQWdn_4,squabble up,Kendrick Lamar,What does Kendrick have to do with broccoli😭,1
Kendrick Lamar,Boom bap / Lyric,fuV4yQWdn_4,squabble up,Kendrick Lamar,So smooth,1
Kendrick Lamar,Boom bap / Lyric,fuV4yQWdn_4,squabble up,Kendrick Lamar,Wolfe,0
Kendrick Lamar,Boom bap / Lyric,fuV4yQWdn_4,squabble up,Kendrick Lamar,Where was I -3 yrs ago❤❤🔥🔥🔥🔥,0
Kendrick Lamar,Boom bap / Lyric,fuV4yQWdn_4,squabble up,Kendrick Lamar,"Man 50 deep ain't even enuff, Fck A Play, There He go Beat him up 😂",2
Kendrick Lamar,Boom bap / Lyric,fuV4yQWdn_4,squabble up,Kendrick Lamar,That's just not art or music that's fucking aesthetics,0
Kendrick Lamar,Boom bap / Lyric,fuV4yQWdn_4,squabble up,Kendrick Lamar,Found the brocolli yet?,0
Kendrick Lamar,Boom bap / Lyric,fuV4yQWdn_4,squabble up,Kendrick Lamar,Squabble,0
Kendrick Lamar,Boom bap / Lyric,fuV4yQWdn_4,squabble up,Kendrick Lamar,I hope he finds the barley,1
Kendrick Lamar,Boom bap / Lyric,fuV4yQWdn_4,squabble up,Kendrick Lamar,"Seriously 😮, u cute.",1
Kendrick Lamar,Boom bap / Lyric,fuV4yQWdn_4,squabble up,Kendrick Lamar,Este tipo de musica no me suele gustar pero este tio tiene una personalidad diferente y brutal 🎉🎉🎉🎉🎉,1
Kendrick Lamar,Boom bap / Lyric,fuV4yQWdn_4,squabble up,Kendrick Lamar,LosScandolous❤,0
Kendrick Lamar,Boom bap / Lyric,fuV4yQWdn_4,squabble up,Kendrick Lamar,He is always looking mad😂😂😂,1
Kendrick Lamar,Boom bap / Lyric,fuV4yQWdn_4,squabble up,Kendrick Lamar,Like 👍 Dis song 🎧,0
Kendrick Lamar,Boom bap / Lyric,fuV4yQWdn_4,squabble up,Kendrick Lamar,Goid,0
Kendrick Lamar,Boom bap / Lyric,fuV4yQWdn_4,squabble up,Kendrick Lamar,"Wednesday April 1st, 2026 I was here 🎯",1
Kendrick Lamar,Boom bap / Lyric,fuV4yQWdn_4,squabble up,Kendrick Lamar,"If it's ur first time hearing this, huh I'm jealous 🙂",1
Kendrick Lamar,Boom bap / Lyric,fuV4yQWdn_4,squabble up,Kendrick Lamar,anybody else that realizes this is a yo gabba gabba song has kids,0
Kendrick Lamar,Boom bap / Lyric,fuV4yQWdn_4,squabble up,Kendrick Lamar,Man down let me know what to payyyyyy,0
Kendrick Lamar,Boom bap / Lyric,fuV4yQWdn_4,squabble up,Kendrick Lamar,Creepy,1
Kendrick Lamar,Boom bap / Lyric,fuV4yQWdn_4,squabble up,Kendrick Lamar,It's been a while 'tho hahaha,0
Kendrick Lamar,Boom bap / Lyric,fuV4yQWdn_4,squabble up,Kendrick Lamar,Its ok Stay Humble thats how a Champ have to be! 😎,1
Kendrick Lamar,Boom bap / Lyric,fuV4yQWdn_4,squabble up,Kendrick Lamar,Whats wrong? Why you so Humble! 😂,0
Kendrick Lamar,Boom bap / Lyric,fuV4yQWdn_4,squabble up,Kendrick Lamar,Sag nichts was du bereuen wirst! 🫵,0
Kendrick Lamar,Boom bap / Lyric,fuV4yQWdn_4,squabble up,Kendrick Lamar,Dont Talk so much bullshit!,0
Kendrick Lamar,Boom bap / Lyric,fuV4yQWdn_4,squabble up,Kendrick Lamar,How to be more like kendrick Dummies😅😅😅,0
Kendrick Lamar,Boom bap / Lyric,fuV4yQWdn_4,squabble up,Kendrick Lamar,2026 Lamar fans...,0
Kendrick Lamar,Boom bap / Lyric,fuV4yQWdn_4,squabble up,Kendrick Lamar,"When I hear music, It makes me dance❤",0
Kendrick Lamar,Boom bap / Lyric,fuV4yQWdn_4,squabble up,Kendrick Lamar,Wtf is this version?,1
Kendrick Lamar,Boom bap / Lyric,fuV4yQWdn_4,squabble up,Kendrick Lamar,Who else here after the J. Cole Interview?,2
Kendrick Lamar,Boom bap / Lyric,fuV4yQWdn_4,squabble up,Kendrick Lamar,Omg why was I grooving and blasting this ish and it's F****N Edited!!!!!; 🤦‍♀️😡😡🤬🤬🤬 Ruined my vibe!!;😢🤦‍♀️😭😭😭😆,0
Kendrick Lamar,Boom bap / Lyric,fuV4yQWdn_4,squabble up,Kendrick Lamar,"##NO MEANS ""NOPE""",1
Kendrick Lamar,Boom bap / Lyric,fuV4yQWdn_4,squabble up,Kendrick Lamar,2:12 aging like fine wine,4
Kendrick Lamar,Boom bap / Lyric,fuV4yQWdn_4,squabble up,Kendrick Lamar,"Worst of all I think I'm wearing the same hoodie as Kendrick Lamar right now. No joke. However, my hoodie is a different tone of blue by the way. Also, I'm also a different tone of brown since I'm tan.
https://youtube.com/shorts/yRNqXuECkYo
https://youtube.com/shorts/ZdxfjsiYCeY
https://youtube.com/shorts/VVZN7WOhozM
https://youtube.com/shorts/90qRhoHuNPc",2
Kendrick Lamar,Boom bap / Lyric,fuV4yQWdn_4,squabble up,Kendrick Lamar,"Who is here after watching Not Like Us? I sure am. This song was shown at the beginning of that song. No joke.
https://youtube.com/shorts/yRNqXuECkYo
https://youtube.com/shorts/ZdxfjsiYCeY
https://youtube.com/shorts/VVZN7WOhozM
https://youtube.com/shorts/90qRhoHuNPc",1
Kendrick Lamar,Boom bap / Lyric,fuV4yQWdn_4,squabble up,Kendrick Lamar,Lemme know when he finds the broccoli,1
Kendrick Lamar,Boom bap / Lyric,fuV4yQWdn_4,squabble up,Kendrick Lamar,Bro this is so cringe old Kendrick Lamar was way fucking better but unfortunately people won't see it or accept it,2
Kendrick Lamar,Boom bap / Lyric,fuV4yQWdn_4,squabble up,Kendrick Lamar,0:22 Shorty was going crazy.. 💃🏾🕺🏾,0
Kendrick Lamar,Boom bap / Lyric,fuV4yQWdn_4,squabble up,Kendrick Lamar,فليكس عملها اجمد,0
Kendrick Lamar,Boom bap / Lyric,fuV4yQWdn_4,squabble up,Kendrick Lamar,Why was us so angry?,0
Kendrick Lamar,Boom bap / Lyric,fuV4yQWdn_4,squabble up,Kendrick Lamar,Me and my nigga fighting lmao sorry ain’t no fighting fair,0
Kendrick Lamar,Boom bap / Lyric,fuV4yQWdn_4,squabble up,Kendrick Lamar,"I would only be willing to square up if a man was willing to insult me to my face. Then at the same time, I was raised not to fight a man. I had a very wise father. All these insults in songs are LAME.",0
Kendrick Lamar,Boom bap / Lyric,fuV4yQWdn_4,squabble up,Kendrick Lamar,"David please put the cup down!  If not for us, think of your heart.",0
Kendrick Lamar,Boom bap / Lyric,fuV4yQWdn_4,squabble up,Kendrick Lamar,1:11 get tf outta my fries 🙏😭,1
Kendrick Lamar,Boom bap / Lyric,fuV4yQWdn_4,squabble up,Kendrick Lamar,It’s been a year has he found his broccoli?,0
Kendrick Lamar,Boom bap / Lyric,fuV4yQWdn_4,squabble up,Kendrick Lamar,I love this song,1
Kendrick Lamar,Boom bap / Lyric,fuV4yQWdn_4,squabble up,Kendrick Lamar,🐐,1
Kendrick Lamar,Boom bap / Lyric,fuV4yQWdn_4,squabble up,Kendrick Lamar,❤,1
Kendrick Lamar,Boom bap / Lyric,fuV4yQWdn_4,squabble up,Kendrick Lamar,Calmatic's trick is special characters in special costumes,1
Kendrick Lamar,Boom bap / Lyric,fuV4yQWdn_4,squabble up,Kendrick Lamar,"""When I hear Music""🎵🎶",1
Kendrick Lamar,Boom bap / Lyric,fuV4yQWdn_4,squabble up,Kendrick Lamar,Njanyami ❤I'm not alone,1
Kendrick Lamar,Boom bap / Lyric,fuV4yQWdn_4,squabble up,Kendrick Lamar,"Worst of all I think I'm wearing the same hoodie as Kendrick Lamar right now. No joke. However, my hoodie is a different tone of blue by the way. Also, I'm also a different tone of brown since I'm tan.
https://youtube.com/shorts/yRNqXuECkYo
https://youtube.com/shorts/ZdxfjsiYCeY
https://youtube.com/shorts/VVZN7WOhozM
https://youtube.com/shorts/90qRhoHuNPc",1
Kendrick Lamar,Boom bap / Lyric,fuV4yQWdn_4,squabble up,Kendrick Lamar,"Who is here after watching Not Like Us? I sure am. This song was shown at the beginning of that song. No joke.
https://youtube.com/shorts/yRNqXuECkYo
https://youtube.com/shorts/ZdxfjsiYCeY
https://youtube.com/shorts/VVZN7WOhozM
https://youtube.com/shorts/90qRhoHuNPc",2
Kendrick Lamar,Boom bap / Lyric,fuV4yQWdn_4,squabble up,Kendrick Lamar,🎉🎉🎉,1
Kendrick Lamar,Boom bap / Lyric,fuV4yQWdn_4,squabble up,Kendrick Lamar,Ghetto but good at the same time,1
Kendrick Lamar,Boom bap / Lyric,fuV4yQWdn_4,squabble up,Kendrick Lamar,Best rapper ever ❤sorry he got the crown 👑 no competition. Just music❤ can’t help he just the real you can’t fake authentication 🎉❤,1
Kendrick Lamar,Boom bap / Lyric,fuV4yQWdn_4,squabble up,Kendrick Lamar,😂,2
Kendrick Lamar,Boom bap / Lyric,fuV4yQWdn_4,squabble up,Kendrick Lamar,His references be crazy-can tell he was outside in the 90's,4
Kendrick Lamar,Boom bap / Lyric,fuV4yQWdn_4,squabble up,Kendrick Lamar,Fall back 😠 I'm good on all you YN chill out...focus on yourself 😂,0
Kendrick Lamar,Boom bap / Lyric,fuV4yQWdn_4,squabble up,Kendrick Lamar,love the song it is a banger. Kendrick is a Genius!!,2
Kendrick Lamar,Boom bap / Lyric,fuV4yQWdn_4,squabble up,Kendrick Lamar,I feel good get the fuck out my face 😈,3
Kendrick Lamar,Boom bap / Lyric,fuV4yQWdn_4,squabble up,Kendrick Lamar,Amazing,1
Kendrick Lamar,Boom bap / Lyric,fuV4yQWdn_4,squabble up,Kendrick Lamar,1:47 c'est la charité maintenant,0
Kendrick Lamar,Boom bap / Lyric,fuV4yQWdn_4,squabble up,Kendrick Lamar,Espresso,0
Kendrick Lamar,Boom bap / Lyric,fuV4yQWdn_4,squabble up,Kendrick Lamar,I'm white as hell but ts is HELLA GOOD,2
Kendrick Lamar,Boom bap / Lyric,fuV4yQWdn_4,squabble up,Kendrick Lamar,AHNIYAH FROM DOC,0
Kendrick Lamar,Boom bap / Lyric,fuV4yQWdn_4,squabble up,Kendrick Lamar,🔥🔥🔥Squabble Up,2
Kendrick Lamar,Boom bap / Lyric,fuV4yQWdn_4,squabble up,Kendrick Lamar,Here after watching the Somali Donny’s smashing the shoulder dance to this,1
Kendrick Lamar,Boom bap / Lyric,fuV4yQWdn_4,squabble up,Kendrick Lamar,Workout repeat. ❤,1
Kendrick Lamar,Boom bap / Lyric,fuV4yQWdn_4,squabble up,Kendrick Lamar,Kendricks got swag,2
Kendrick Lamar,Boom bap / Lyric,fuV4yQWdn_4,squabble up,Kendrick Lamar,Hi,0
Kendrick Lamar,Boom bap / Lyric,fuV4yQWdn_4,squabble up,Kendrick Lamar,2026 thuggin it,0
Kendrick Lamar,Boom bap / Lyric,fuV4yQWdn_4,squabble up,Kendrick Lamar,I was looking for the bardcore song and came upon this sh*t. Sheesh.,0
Kendrick Lamar,Boom bap / Lyric,fuV4yQWdn_4,squabble up,Kendrick Lamar,❤❤❤❤❤❤❤❤❤❤❤❤❤❤❤❤❤❤❤❤❤❤❤❤❤❤❤❤❤❤❤❤❤❤❤❤❤❤❤❤❤❤❤❤❤❤❤❤❤❤❤❤,0
Kendrick Lamar,Boom bap / Lyric,fuV4yQWdn_4,squabble up,Kendrick Lamar,🇪🇦🇩🇪🇨🇦🇮🇹🇮🇪🇵🇷🇲🇽,0
Kendrick Lamar,Boom bap / Lyric,fuV4yQWdn_4,squabble up,Kendrick Lamar,Felaket güzel sesini kullanıyor 💯🔥,0
Kendrick Lamar,Boom bap / Lyric,fuV4yQWdn_4,squabble up,Kendrick Lamar,Back,1
Kendrick Lamar,Boom bap / Lyric,fuV4yQWdn_4,squabble up,Kendrick Lamar,Genius,1
Kendrick Lamar,Boom bap / Lyric,fuV4yQWdn_4,squabble up,Kendrick Lamar,"that theme song in the back from Debbie Debb ""When I ear music "" was one of the top freestyle songs back in NY in 89!!",23
Kendrick Lamar,Boom bap / Lyric,fuV4yQWdn_4,squabble up,Kendrick Lamar,UR BUILT DIFFERENT,2
Kendrick Lamar,Boom bap / Lyric,fuV4yQWdn_4,squabble up,Kendrick Lamar,0:58 aura forming,1
Kendrick Lamar,Boom bap / Lyric,fuV4yQWdn_4,squabble up,Kendrick Lamar,0:07 bro is just aura forming in this video,1
Kendrick Lamar,Boom bap / Lyric,fuV4yQWdn_4,squabble up,Kendrick Lamar,What happened to the hold up?,0
Kendrick Lamar,Boom bap / Lyric,fuV4yQWdn_4,squabble up,Kendrick Lamar,Beat Remake/Breakdown On My Channel🔥🔥🔥,0
Kendrick Lamar,Boom bap / Lyric,fuV4yQWdn_4,squabble up,Kendrick Lamar,is the thumbnail different?,0
Kendrick Lamar,Boom bap / Lyric,fuV4yQWdn_4,squabble up,Kendrick Lamar,ain't no way someones listening to this shi,1
Kendrick Lamar,Boom bap / Lyric,fuV4yQWdn_4,squabble up,Kendrick Lamar,The black panther 🖤,1
Kendrick Lamar,Boom bap / Lyric,fuV4yQWdn_4,squabble up,Kendrick Lamar,Fabulous job in the ballroom!❤️‍🔥,0
Kendrick Lamar,Boom bap / Lyric,fuV4yQWdn_4,squabble up,Kendrick Lamar,The start sounds like Lil Uzi vert,0
Kendrick Lamar,Boom bap / Lyric,fuV4yQWdn_4,squabble up,Kendrick Lamar,He got the beats from Debbie Deb when I hear music 🎶 sounds good,0
Kendrick Lamar,Boom bap / Lyric,fuV4yQWdn_4,squabble up,Kendrick Lamar,I made this beat and it was never paid for it or received credit for my work onit,0
Kendrick Lamar,Boom bap / Lyric,fuV4yQWdn_4,squabble up,Kendrick Lamar,"This video reminds me a bit of a Cali hood version of the movie ""The Color Of Pomegranates"".",1
Kendrick Lamar,Boom bap / Lyric,fuV4yQWdn_4,squabble up,Kendrick Lamar,Reminds me of 🤔,0
Kendrick Lamar,Boom bap / Lyric,fuV4yQWdn_4,squabble up,Kendrick Lamar,1:11 The rings are from the American Boy music video by Estelle. Something a lot of people missed,1
Kendrick Lamar,Boom bap / Lyric,fuV4yQWdn_4,squabble up,Kendrick Lamar,My female music be like,0
Kendrick Lamar,Boom bap / Lyric,fuV4yQWdn_4,squabble up,Kendrick Lamar,Okay I think kandrik is w,0
Kendrick Lamar,Boom bap / Lyric,fuV4yQWdn_4,squabble up,Kendrick Lamar,Geminem!!,0
Kendrick Lamar,Boom bap / Lyric,fuV4yQWdn_4,squabble up,Kendrick Lamar,Geminem!!,0
Kendrick Lamar,Boom bap / Lyric,fuV4yQWdn_4,squabble up,Kendrick Lamar,Shits wack.,0
Kendrick Lamar,Boom bap / Lyric,fuV4yQWdn_4,squabble up,Kendrick Lamar,K-GOAT,0
Kendrick Lamar,Boom bap / Lyric,fuV4yQWdn_4,squabble up,Kendrick Lamar,This song is good,0
Kendrick Lamar,Boom bap / Lyric,fuV4yQWdn_4,squabble up,Kendrick Lamar,This vibe is absolutely fire! Just subscribed and liked. Can't wait to see more from you,0
Kendrick Lamar,Boom bap / Lyric,fuV4yQWdn_4,squabble up,Kendrick Lamar,What was that punching scene wtf,0
Kendrick Lamar,Boom bap / Lyric,fuV4yQWdn_4,squabble up,Kendrick Lamar,1:09 I love that ICE-T album visual,1
Kendrick Lamar,Boom bap / Lyric,fuV4yQWdn_4,squabble up,Kendrick Lamar,You got the same name as me,0
Kendrick Lamar,Boom bap / Lyric,fuV4yQWdn_4,squabble up,Kendrick Lamar,Kendrick sza is cheating on  you,0
Kendrick Lamar,Boom bap / Lyric,fuV4yQWdn_4,squabble up,Kendrick Lamar,Kenchic,0
Kendrick Lamar,Boom bap / Lyric,fuV4yQWdn_4,squabble up,Kendrick Lamar,💃🏾💃🏾💃🏾💃🏾💃🏾💃🏾,1
Kendrick Lamar,Boom bap / Lyric,fuV4yQWdn_4,squabble up,Kendrick Lamar,"""reincarnated i was star gazing"" felt that",0
Kendrick Lamar,Boom bap / Lyric,fuV4yQWdn_4,squabble up,Kendrick Lamar,"Who came here after hearing Debbie Deb's ""When I Hear Music""? Give her some change Kendrick 🙏🏻",1
Kendrick Lamar,Boom bap / Lyric,fuV4yQWdn_4,squabble up,Kendrick Lamar,Hey its lizzie,0
Kendrick Lamar,Boom bap / Lyric,fuV4yQWdn_4,squabble up,Kendrick Lamar,This song sucks,0
Kendrick Lamar,Boom bap / Lyric,fuV4yQWdn_4,squabble up,Kendrick Lamar,🤙🏻,0
Kendrick Lamar,Boom bap / Lyric,fuV4yQWdn_4,squabble up,Kendrick Lamar,Yo he a real one for this sample. Love this original,0
Kendrick Lamar,Boom bap / Lyric,fuV4yQWdn_4,squabble up,Kendrick Lamar,https://youtube.com/@p3mds26?si=PPNmu8b4lIMIDBIA,0
Kendrick Lamar,Boom bap / Lyric,fuV4yQWdn_4,squabble up,Kendrick Lamar,"Worst of all I think I'm wearing the same hoodie as Kendrick Lamar right now. No joke. However, my hoodie is a different tone of blue by the way. Also, I'm also a different tone of brown since I'm tan.
https://youtube.com/shorts/yRNqXuECkYo
https://youtube.com/shorts/ZdxfjsiYCeY
https://youtube.com/shorts/VVZN7WOhozM
https://youtube.com/shorts/90qRhoHuNPc",1
Kendrick Lamar,Boom bap / Lyric,fuV4yQWdn_4,squabble up,Kendrick Lamar,Bros just nonchalant,2
Kendrick Lamar,Boom bap / Lyric,fuV4yQWdn_4,squabble up,Kendrick Lamar,So K-dot a cripp? educate this white boy :D,0
Kendrick Lamar,Boom bap / Lyric,fuV4yQWdn_4,squabble up,Kendrick Lamar,K-Dot if you watch closely energy was totally different from the video you can tell it's me vs me with him vibes,1
Kendrick Lamar,Boom bap / Lyric,fuV4yQWdn_4,squabble up,Kendrick Lamar,Abcde,0
Kendrick Lamar,Boom bap / Lyric,fuV4yQWdn_4,squabble up,Kendrick Lamar,Go look up “mens grass dance mashantucket pequot pow wow ” . You can see how LA’s culture of the crip walk and other dances comes from native american ritual dances in connection to the earth. Its funny how we think of snoop dog ice cube kendrick nipsey tupac and other BLACK artists when we think of LA but the true blood and artform of LA is stemming from latino/indigenous energy ❤️,0
Kendrick Lamar,Boom bap / Lyric,fuV4yQWdn_4,squabble up,Kendrick Lamar,God don't represent being low and representing an dble x chromzome that you keep trying to portray with triple dirt that can't squabble fr.,0
Kendrick Lamar,Boom bap / Lyric,fuV4yQWdn_4,squabble up,Kendrick Lamar,KENDIRCK PLEASE DROP AGAIN,2
Kendrick Lamar,Boom bap / Lyric,fuV4yQWdn_4,squabble up,Kendrick Lamar,🎉2 22 26,1
Kendrick Lamar,Boom bap / Lyric,fuV4yQWdn_4,squabble up,Kendrick Lamar,Rappin over an old school beat,0
Kendrick Lamar,Boom bap / Lyric,fuV4yQWdn_4,squabble up,Kendrick Lamar,“Jesus SAVES gangsters too” ❤🎉🎉🎉❤❤❤,0
Kendrick Lamar,Boom bap / Lyric,fuV4yQWdn_4,squabble up,Kendrick Lamar,Boys got a UFC belt on gaughttt dayum KENDRICK,0
Kendrick Lamar,Boom bap / Lyric,fuV4yQWdn_4,squabble up,Kendrick Lamar,This song and video make me nostalgic for the late 90s and early 2000s,0
Kendrick Lamar,Boom bap / Lyric,fuV4yQWdn_4,squabble up,Kendrick Lamar,"Crazy that this song was originally a drake diss, and the “How to be more like kendrick for dummies” book at 0:58 would’ve worked so well in the OG song’s music video if this song was still a diss",0
Kendrick Lamar,Boom bap / Lyric,fuV4yQWdn_4,squabble up,Kendrick Lamar,The Clash Royale Affairs Emote has the same ring tone 😂,0
Kendrick Lamar,Boom bap / Lyric,fuV4yQWdn_4,squabble up,Kendrick Lamar,🎉2  21 26,1
Kendrick Lamar,Boom bap / Lyric,fuV4yQWdn_4,squabble up,Kendrick Lamar,Symbols illum*n4ti everywhere 🩷🩵🥳,0
Kendrick Lamar,Boom bap / Lyric,fuV4yQWdn_4,squabble up,Kendrick Lamar,L'air plouc,0
Kendrick Lamar,Boom bap / Lyric,fuV4yQWdn_4,squabble up,Kendrick Lamar,Gotta give credit to Debbie deb for this one,0
Kendrick Lamar,Boom bap / Lyric,fuV4yQWdn_4,squabble up,Kendrick Lamar,🎉🎉,0
Kendrick Lamar,Boom bap / Lyric,fuV4yQWdn_4,squabble up,Kendrick Lamar,"Mario: lets-a-go!
K-Dot: squabble up!",1
Kendrick Lamar,Boom bap / Lyric,fuV4yQWdn_4,squabble up,Kendrick Lamar,Fire boys fighting i cat rap and beatbox bombs bob saos,0
Kendrick Lamar,Boom bap / Lyric,fuV4yQWdn_4,squabble up,Kendrick Lamar,Weirdest music video I’ve ever seen,0
Kendrick Lamar,Boom bap / Lyric,fuV4yQWdn_4,squabble up,Kendrick Lamar,Most nonchalant music video 😂,0
Kendrick Lamar,Boom bap / Lyric,fuV4yQWdn_4,squabble up,Kendrick Lamar,Trash song,0
Kendrick Lamar,Boom bap / Lyric,fuV4yQWdn_4,squabble up,Kendrick Lamar,Bro is right,0
Kendrick Lamar,Boom bap / Lyric,fuV4yQWdn_4,squabble up,Kendrick Lamar,On mothers day Charlie had a piece of metal just leaving over off new york street. This been back in my red neon. Father was staying in newburgh.,0
Kendrick Lamar,Boom bap / Lyric,fuV4yQWdn_4,squabble up,Kendrick Lamar,Corp control how can I be judge Judy bailiff,0
Kendrick Lamar,Boom bap / Lyric,fuV4yQWdn_4,squabble up,Kendrick Lamar,"0:53 me when i Heard ""Kendrick Is nothing in front of Drake""",0
Kendrick Lamar,Boom bap / Lyric,fuV4yQWdn_4,squabble up,Kendrick Lamar,W,1
Kendrick Lamar,Boom bap / Lyric,fuV4yQWdn_4,squabble up,Kendrick Lamar,Bro you got bars guess no now your legacy is beefing with a better artist. All about the empowering of hip hop but now degrading at fellow artist... Im missing the point. He even tried to put you on. But hey I guess the Stans will be just that. So keep it up I guess...,0
Kendrick Lamar,Boom bap / Lyric,fuV4yQWdn_4,squabble up,Kendrick Lamar,Wow,0
Kendrick Lamar,Boom bap / Lyric,fuV4yQWdn_4,squabble up,Kendrick Lamar,Against ourselves ❤,0
Kendrick Lamar,Boom bap / Lyric,fuV4yQWdn_4,squabble up,Kendrick Lamar,You used us,0
Kendrick Lamar,Boom bap / Lyric,fuV4yQWdn_4,squabble up,Kendrick Lamar,Yup they were on the bikes watching,0
Kendrick Lamar,Boom bap / Lyric,fuV4yQWdn_4,squabble up,Kendrick Lamar,"Nice, the guy against the wall 🧱",0
Kendrick Lamar,Boom bap / Lyric,fuV4yQWdn_4,squabble up,Kendrick Lamar,At my brother's 🏠 you did this too,0
Kendrick Lamar,Boom bap / Lyric,fuV4yQWdn_4,squabble up,Kendrick Lamar,😱 1:30 - 1:46 what happened to d original lyrics⁉️👀,0
Kendrick Lamar,Boom bap / Lyric,fuV4yQWdn_4,squabble up,Kendrick Lamar,1:51 was there a change in the audio? he is singing something else in the video,1
Kendrick Lamar,Boom bap / Lyric,fuV4yQWdn_4,squabble up,Kendrick Lamar,"MrKLM looking kalm, cool & collected. 🫶😘💕",0
Kendrick Lamar,Boom bap / Lyric,fuV4yQWdn_4,squabble up,Kendrick Lamar,thanks to my 3smidge energy I found this song,0
Kendrick Lamar,Boom bap / Lyric,fuV4yQWdn_4,squabble up,Kendrick Lamar,I’m just trying not really a big one right here so if you’re going somewhere you might be more interested than us I’m sure I,0
Kendrick Lamar,Boom bap / Lyric,fuV4yQWdn_4,squabble up,Kendrick Lamar,Много добро брат...,0
Kendrick Lamar,Boom bap / Lyric,fuV4yQWdn_4,squabble up,Kendrick Lamar,It rams from ftl    make some new rap,0
Kendrick Lamar,Boom bap / Lyric,fuV4yQWdn_4,squabble up,Kendrick Lamar,❤❤❤😊,0
Kendrick Lamar,Boom bap / Lyric,fuV4yQWdn_4,squabble up,Kendrick Lamar,Some one 2026?,0
Kendrick Lamar,Boom bap / Lyric,fuV4yQWdn_4,squabble up,Kendrick Lamar,It’s like the back rooms of California lmfao,0
Kendrick Lamar,Boom bap / Lyric,fuV4yQWdn_4,squabble up,Kendrick Lamar,ar 00:06 GOD knows,0
Kendrick Lamar,Boom bap / Lyric,fuV4yQWdn_4,squabble up,Kendrick Lamar,Did he find his broccoli,1
Kendrick Lamar,Boom bap / Lyric,fuV4yQWdn_4,squabble up,Kendrick Lamar,"TAKE MY LAST COMMENT BACK TO MY BEAUTIFUL FATHER JEHOVAH JIREH GOD, ETERNAL KING JESUS CHRIST, THE BEAUTIFUL HOLY RIGHTEOUS SPIRIT ( THE HOLY TRINITY) ABOUT THE CONTEXT THAT I SHARED WITH YOU ALL... PRICELESS AND GIFTED WISDOM... FOR CONFIRMATION... AND HE GETS THE GLORY ONLY.... THE HOLY SPIRIT WAS JUST USING ME AS A PROUD AND WILLING VESSEL..",1
Kendrick Lamar,Boom bap / Lyric,fuV4yQWdn_4,squabble up,Kendrick Lamar,YES JESUS CHRIST SAVES A WILLING HEART AND SPIRIT!!! EVEN GANG MEMBERS AS WELL..... IF YOU ARE WILLING AND READY TO REPENT AND TURN YOUR LIFE AROUND.... NOT MURDERS.... IT'S BREAKING ONE OF THE TEN COMMANDMENTS.... JUST THE GANG BANGERS WHO LIKE  MATERIALISTIC BEHAVIOR... THAT'S A SIN NOT A TEN COMMANDMENT... MUCH LOVE TO KENDRICK LAMAR AND HIS FAMILY.... FROM THE ROYAL PALACE... I'M SECOND TO CONFIRM...,1
Kendrick Lamar,Boom bap / Lyric,fuV4yQWdn_4,squabble up,Kendrick Lamar,He the goat fr,0
Kendrick Lamar,Boom bap / Lyric,fuV4yQWdn_4,squabble up,Kendrick Lamar,Parting Ways. Parting Waves.,0
Kendrick Lamar,Boom bap / Lyric,fuV4yQWdn_4,squabble up,Kendrick Lamar,Expanding Parhways.,0
Kendrick Lamar,Boom bap / Lyric,fuV4yQWdn_4,squabble up,Kendrick Lamar,Came back to see why GNX won. A good reminder🎉,43
Kendrick Lamar,Boom bap / Lyric,fuV4yQWdn_4,squabble up,Kendrick Lamar,BROAADDDWAAYYYY | ELEVEN DUECE IN THE HOOUUUSSEEE,0
Kendrick Lamar,Boom bap / Lyric,fuV4yQWdn_4,squabble up,Kendrick Lamar,you failed Kendrick the s***,1
Kendrick Lamar,Boom bap / Lyric,fuV4yQWdn_4,squabble up,Kendrick Lamar,This beat is so hot but this dude is so corny it makes it hard to listen to this song,0
Kendrick Lamar,Boom bap / Lyric,fuV4yQWdn_4,squabble up,Kendrick Lamar,RNA,0
Kendrick Lamar,Boom bap / Lyric,fuV4yQWdn_4,squabble up,Kendrick Lamar,TEACH YO MAN HOW TO SQUABBLE,0
Kendrick Lamar,Boom bap / Lyric,fuV4yQWdn_4,squabble up,Kendrick Lamar,You people plague the sacred,1
Kendrick Lamar,Boom bap / Lyric,fuV4yQWdn_4,squabble up,Kendrick Lamar,I used to not like(us lol) this song and king kunta but now these songs are good to me,0
Kendrick Lamar,Boom bap / Lyric,fuV4yQWdn_4,squabble up,Kendrick Lamar,Jesus saves gansters too😂,0
Kendrick Lamar,Boom bap / Lyric,fuV4yQWdn_4,squabble up,Kendrick Lamar,"""Let the wolves out, i been a dog."" ❤ Genuinely. They need to quit with the threats. Were fucking ready.",0
Kendrick Lamar,Boom bap / Lyric,fuV4yQWdn_4,squabble up,Kendrick Lamar,H,0
Kendrick Lamar,Boom bap / Lyric,fuV4yQWdn_4,squabble up,Kendrick Lamar,2:01 Drake,2
Kendrick Lamar,Boom bap / Lyric,fuV4yQWdn_4,squabble up,Kendrick Lamar,Ayo thas wsg,0
Kendrick Lamar,Boom bap / Lyric,fuV4yQWdn_4,squabble up,Kendrick Lamar,67,0
Kendrick Lamar,Boom bap / Lyric,fuV4yQWdn_4,squabble up,Kendrick Lamar,"This better than that Bad Bunny weak ass album that won album of the year. That shouldv'e went to Kendrick. Bad Bunny don't even rhyme his bars, I just heard the English version of the album and that shit is SUUUUPPPEER! BOO BOO!! We got robbed, and I went track for track with Bad Bunny and Kendrick albums. GNX Album of the year 2025 Fuck The Grammys 🏆",3
Kendrick Lamar,Boom bap / Lyric,fuV4yQWdn_4,squabble up,Kendrick Lamar,"""What the fuck? I got hits, I got bucks, I got new paper cuts
I got friends, I got foes, but they all sitting ducks
Hit his turf and get crackin', double back like a deluxe
Fifty deep, but it ain't deep enough
Fuck a plea, there he go, beat him up
Fallin' from my money tree and it grow throughout the months
Spit a loogie at the camera, speed off, yeah, it's us""",3
Kendrick Lamar,Boom bap / Lyric,fuV4yQWdn_4,squabble up,Kendrick Lamar,Complete garbage,3
Kendrick Lamar,Boom bap / Lyric,fuV4yQWdn_4,squabble up,Kendrick Lamar,Squabble up.,1
Kendrick Lamar,Boom bap / Lyric,fuV4yQWdn_4,squabble up,Kendrick Lamar,"wtf is up with chandeliers in raps these days lol, Kendrick got it here in the video and Clipse kept saying it in Let God Sort em Out.",2
Kendrick Lamar,Boom bap / Lyric,fuV4yQWdn_4,squabble up,Kendrick Lamar,"❤️JOHN 3:16. For God so loved the world that he gave his only begotten son that whosoever believeth on him shall not perish but have everlasting life.❤️
Romans 3:10 As it is written there is none righteous no not one.
Romans 3:23 For all have sinned and come short of the glory of God.
Romans 6:23 For the wages of sin is death but the gift of God is eternal life through Jesus Christ our Lord.
Romans 5:8 But God commendeth his love toward us in that while we were yet sinners Christ died for us.
Romans 10:9,11
That if thou shalt confess with thy mouth the Lord Jesus and shalt believe in thine heart that God hath raised him from the dead thou shalt be saved.  For the scripture saith whosoever believeth in him shall not be ashamed.❤️",0
Kendrick Lamar,Boom bap / Lyric,fuV4yQWdn_4,squabble up,Kendrick Lamar,KL💥,0
Kendrick Lamar,Boom bap / Lyric,fuV4yQWdn_4,squabble up,Kendrick Lamar,"God knows
I am
Reincarnated, I was stargazin'
Life goes on, I need all my babies (gyah, gyah)
Woke up lookin' for the broccoli
High-key, keep a horn on me, that Kamasi
IP, ownership, the blueprint is by me
Mr. Get Off, I get off at my feet
(When I hear music, it makes me dance)
(You got the music, now is your chance)
A yee nigga couldn't try me in the tri-state
Buddy pass, bet I get him splashed 'til he hydrated
Bounce out, know he spook town, eyes dilated
I got the money and the power both gyratin'
I feel good, get the fuck out my face
Look good, but she don't got no taste
I walk in, walked out with the safe
Mando, let me know what the play
What the fuck? I got hits, I got bucks, I got new paper cuts
I got friends, I got foes, but they all sitting ducks
Hit his turf and get crackin', double back like a deluxe
Fifty deep, but it ain't deep enough
Fuck a plea, there he go, beat him up
Fallin' from my money tree and it grow throughout the months
Spit a loogie at the camera, speed off, yeah, it's us
I feel good, get the fuck out my face
Look good, but she don't got no taste
I walk in, walked out with the safe
Mando, let me know what the play
Squabble up, squabble up
Squabble up, squabble up
Squabble up (mh-mh), squabble up (mh-mh)
Squabble up (mh-mh), squabble up
Hol' up (hol' up), where you from? (Where you from?)
Bye, bitch (bye, bitch), I'm finna go dumb (finna go dumb)
Sideways (sideways), bunk skunk (bunk skunk)
Fever (fever), I'm on one (I'm on one)
Thunk, thunk, thunk, thunk, thunk, baby rockin' it
Quid pro quo, what you want? 'Cause I'm watchin' it
Work on the floor, let me know if you clockin' it
Brodie won't go, but I know that he poppin' it
It was woof tickets on sale 'til I silenced it
Pipe down, young, these some whole other politics
Bitch with him and some bitch in him, that's a lot of bitch
Don't hit him, he got kids with him, my apologies
Ghetto child, it was Black & Milds with the Smirnoff
Yeehaw, we outside, whoadie 'bout to kill him off
Blaps on blaps, it's a fact, this a brick of raw
Tell me why the fuck you niggas rap if it's fictional?
Tell me why the fuck you niggas fed if you criminal?
""Ayy, Dot, can I get a drop?"" I'm like, ""Nigga, nah""
Ace boon coon from the Westside to Senegal
It's a full moon, let the (ah) wolves out, I been a dog
I feel good, get the fuck out my face
Look good, but she don't got no taste
I walked in, walked out with the safe
Mando, let me know what the play
Squabble up, squabble up
Squabble up, squabble up
Squabble up (mh-mh), squabble up (mh-mh)
Squabble up (mh-mh), squabble up",1
Kendrick Lamar,Boom bap / Lyric,fuV4yQWdn_4,squabble up,Kendrick Lamar,"You have lyricism, flow, and a lot of skill, and that makes you one of the greatest names in HIP HOP of all time, K-DOT 🔥🔥🔥🔥🔥🔥",1
Kendrick Lamar,Boom bap / Lyric,fuV4yQWdn_4,squabble up,Kendrick Lamar,Stupidest shit,2
Kendrick Lamar,Boom bap / Lyric,fuV4yQWdn_4,squabble up,Kendrick Lamar,My life...,0
Kendrick Lamar,Boom bap / Lyric,fuV4yQWdn_4,squabble up,Kendrick Lamar,😂😂😂 it's just  not like us 1.5,0
Kendrick Lamar,Boom bap / Lyric,fuV4yQWdn_4,squabble up,Kendrick Lamar,I gotchu! Amen. you already know,0
Kendrick Lamar,Boom bap / Lyric,fuV4yQWdn_4,squabble up,Kendrick Lamar,"I think Clipse had the best album, but this shyt does knock!",1
Kendrick Lamar,Boom bap / Lyric,fuV4yQWdn_4,squabble up,Kendrick Lamar,CONGRATULATIONS KENDRICK!!! You deserve the WIN!!!✊️,2
Kendrick Lamar,Boom bap / Lyric,fuV4yQWdn_4,squabble up,Kendrick Lamar,More grammy 🎉🎉🎉🎉,1
Kendrick Lamar,Boom bap / Lyric,fuV4yQWdn_4,squabble up,Kendrick Lamar,Do people not get how insanely brilliant Kendrick is? Once in a generation talent,19
Kendrick Lamar,Boom bap / Lyric,fuV4yQWdn_4,squabble up,Kendrick Lamar,Quite,0
Kendrick Lamar,Boom bap / Lyric,fuV4yQWdn_4,squabble up,Kendrick Lamar,❤,1
Kendrick Lamar,Boom bap / Lyric,fuV4yQWdn_4,squabble up,Kendrick Lamar,Praying for You Big Homi3,0
Kendrick Lamar,Boom bap / Lyric,fuV4yQWdn_4,squabble up,Kendrick Lamar,https://youtu.be/mmbeQJJ4AzU?si=eFx97teVn5nDyayg,0
Kendrick Lamar,Boom bap / Lyric,fuV4yQWdn_4,squabble up,Kendrick Lamar,Father up,0
Kendrick Lamar,Boom bap / Lyric,fuV4yQWdn_4,squabble up,Kendrick Lamar,"Feel good get the @$&? Face
Hits hard 🔥🔥🔥",1
Kendrick Lamar,Boom bap / Lyric,fuV4yQWdn_4,squabble up,Kendrick Lamar,For those that dont know the woman in white knickers with a shot gun in her hand in a praise to Ice T. Ice had that on his album cover,3
Kendrick Lamar,Boom bap / Lyric,fuV4yQWdn_4,squabble up,Kendrick Lamar,Dam,1
Kendrick Lamar,Boom bap / Lyric,fuV4yQWdn_4,squabble up,Kendrick Lamar,Kendrick Lamar é fera está de parabéns,0
Kendrick Lamar,Boom bap / Lyric,fuV4yQWdn_4,squabble up,Kendrick Lamar,Ts music vid a fever dream istg 😭🙏,0
Kendrick Lamar,Boom bap / Lyric,fuV4yQWdn_4,squabble up,Kendrick Lamar,",,You Always Rapping Like You Trynna Get The Slaves Free,, .. meanwhile 2026 being free and leaving useless music in the past!!!",1
Kendrick Lamar,Boom bap / Lyric,fuV4yQWdn_4,squabble up,Kendrick Lamar,Amazing Musician,0
Kendrick Lamar,Boom bap / Lyric,fuV4yQWdn_4,squabble up,Kendrick Lamar,😂🎉,0
Kendrick Lamar,Boom bap / Lyric,fuV4yQWdn_4,squabble up,Kendrick Lamar,Watch at 1.5x speed,0
Kendrick Lamar,Boom bap / Lyric,fuV4yQWdn_4,squabble up,Kendrick Lamar,Hi😂😂😂,0
Kendrick Lamar,Boom bap / Lyric,cbHkzwa0QmM,Kendrick Lamar - peekaboo (Official Audio),Kendrick Lamar,"Yea, this was a Drakeo the Ruler diss! They went hard too",0
Kendrick Lamar,Boom bap / Lyric,cbHkzwa0QmM,Kendrick Lamar - peekaboo (Official Audio),Kendrick Lamar,"""Bim bam boom boom boom bap bam"" 🔥🔥🔥

~ Kendrick Lamar

Very inspiring.",1
Kendrick Lamar,Boom bap / Lyric,cbHkzwa0QmM,Kendrick Lamar - peekaboo (Official Audio),Kendrick Lamar,Omg. This is trash.,0
Kendrick Lamar,Boom bap / Lyric,cbHkzwa0QmM,Kendrick Lamar - peekaboo (Official Audio),Kendrick Lamar,Shoutout to Drakeo the real knows,0
Kendrick Lamar,Boom bap / Lyric,cbHkzwa0QmM,Kendrick Lamar - peekaboo (Official Audio),Kendrick Lamar,shoutout to AZ Chike for demonstrating what it looks like to capitalize on an opportunity. been absolutely killing it since this dropped. his new song is fire too!,2
Kendrick Lamar,Boom bap / Lyric,cbHkzwa0QmM,Kendrick Lamar - peekaboo (Official Audio),Kendrick Lamar,"Been playing the new yg album and got in the mood to come back and revisit gnx… this album still sounds fresh, slaps even harder every time I come back to it 🔥🔥

also, this album CLEARS the fall off and that 3-pack of ahh that drake just dropped 😂😂",1
Kendrick Lamar,Boom bap / Lyric,cbHkzwa0QmM,Kendrick Lamar - peekaboo (Official Audio),Kendrick Lamar,❤❤ 7:06,1
Kendrick Lamar,Boom bap / Lyric,cbHkzwa0QmM,Kendrick Lamar - peekaboo (Official Audio),Kendrick Lamar,Lemme FaceTime my opp 😂 💯 bih I’m up the street!!,1
Kendrick Lamar,Boom bap / Lyric,cbHkzwa0QmM,Kendrick Lamar - peekaboo (Official Audio),Kendrick Lamar,1:14 ayo😂😂,1
Kendrick Lamar,Boom bap / Lyric,cbHkzwa0QmM,Kendrick Lamar - peekaboo (Official Audio),Kendrick Lamar,❤❤❤❤❤❤❤❤❤❤❤❤❤❤❤❤,1
Kendrick Lamar,Boom bap / Lyric,cbHkzwa0QmM,Kendrick Lamar - peekaboo (Official Audio),Kendrick Lamar,Watalamtolamlbla,1
Kendrick Lamar,Boom bap / Lyric,cbHkzwa0QmM,Kendrick Lamar - peekaboo (Official Audio),Kendrick Lamar,This is so 67 Kendrick,1
Kendrick Lamar,Boom bap / Lyric,cbHkzwa0QmM,Kendrick Lamar - peekaboo (Official Audio),Kendrick Lamar,1:46 Yuno Miles type verse,0
Kendrick Lamar,Boom bap / Lyric,cbHkzwa0QmM,Kendrick Lamar - peekaboo (Official Audio),Kendrick Lamar,မြန်မာပြည်မှာ ကျားဖြန့်နဲ့ စစ်မြင်းပြီးရင် နင်တို့ ပဲ ငါလီး နိုင်ငံအနေထားကို ကြည့်,1
Kendrick Lamar,Boom bap / Lyric,cbHkzwa0QmM,Kendrick Lamar - peekaboo (Official Audio),Kendrick Lamar,"Kendrick Lamar, can you drop a album called fireman plz",1
Kendrick Lamar,Boom bap / Lyric,cbHkzwa0QmM,Kendrick Lamar - peekaboo (Official Audio),Kendrick Lamar,Yall stole Drakeos whole wave! We know the truth!,4
Kendrick Lamar,Boom bap / Lyric,cbHkzwa0QmM,Kendrick Lamar - peekaboo (Official Audio),Kendrick Lamar,Wow this whole sound is Drakeos lol,3
Kendrick Lamar,Boom bap / Lyric,cbHkzwa0QmM,Kendrick Lamar - peekaboo (Official Audio),Kendrick Lamar,Yoo this is too much like Drakeo style smh RIP Kendrick lame for jackn,2
Kendrick Lamar,Boom bap / Lyric,cbHkzwa0QmM,Kendrick Lamar - peekaboo (Official Audio),Kendrick Lamar,This dude stole Drakeos whole ish man Can never rock wit this sad imitation,2
Kendrick Lamar,Boom bap / Lyric,cbHkzwa0QmM,Kendrick Lamar - peekaboo (Official Audio),Kendrick Lamar,That is the Musterd guy,2
Kendrick Lamar,Boom bap / Lyric,cbHkzwa0QmM,Kendrick Lamar - peekaboo (Official Audio),Kendrick Lamar,“Like my Mac touchin yams” 🔥😋,2
Kendrick Lamar,Boom bap / Lyric,cbHkzwa0QmM,Kendrick Lamar - peekaboo (Official Audio),Kendrick Lamar,.,1
Kendrick Lamar,Boom bap / Lyric,cbHkzwa0QmM,Kendrick Lamar - peekaboo (Official Audio),Kendrick Lamar,This is the most fun I ever seen Rappers have while filming a music video.,2
Kendrick Lamar,Boom bap / Lyric,cbHkzwa0QmM,Kendrick Lamar - peekaboo (Official Audio),Kendrick Lamar,Yg would've killed this beat too,1
Kendrick Lamar,Boom bap / Lyric,cbHkzwa0QmM,Kendrick Lamar - peekaboo (Official Audio),Kendrick Lamar,"0:07 “Give A Helping Hand to Your Fellow Man.”

Euless, HEB, DFW, Texas, and White America Missed that Mark …",1
Kendrick Lamar,Boom bap / Lyric,cbHkzwa0QmM,Kendrick Lamar - peekaboo (Official Audio),Kendrick Lamar,1:46,1
Kendrick Lamar,Boom bap / Lyric,cbHkzwa0QmM,Kendrick Lamar - peekaboo (Official Audio),Kendrick Lamar,1:46 BING BOP BOOM BOOM BOOM BOP BAM,2
Kendrick Lamar,Boom bap / Lyric,cbHkzwa0QmM,Kendrick Lamar - peekaboo (Official Audio),Kendrick Lamar,"I know it's subjective and debatable but I'ma be honest with y'all, Kendrick is the best Rapper of all time.",2
Kendrick Lamar,Boom bap / Lyric,cbHkzwa0QmM,Kendrick Lamar - peekaboo (Official Audio),Kendrick Lamar,Daytume Daytume Daytume Daytume. Daytume Daytume,1
Kendrick Lamar,Boom bap / Lyric,cbHkzwa0QmM,Kendrick Lamar - peekaboo (Official Audio),Kendrick Lamar,Heeeeyyyy bookies in the background....go team!!!❤❤,1
Kendrick Lamar,Boom bap / Lyric,cbHkzwa0QmM,Kendrick Lamar - peekaboo (Official Audio),Kendrick Lamar,Stomping feet,1
Kendrick Lamar,Boom bap / Lyric,cbHkzwa0QmM,Kendrick Lamar - peekaboo (Official Audio),Kendrick Lamar,Killer beat 😮,0
Kendrick Lamar,Boom bap / Lyric,cbHkzwa0QmM,Kendrick Lamar - peekaboo (Official Audio),Kendrick Lamar,Drake killed X,0
Kendrick Lamar,Boom bap / Lyric,cbHkzwa0QmM,Kendrick Lamar - peekaboo (Official Audio),Kendrick Lamar,❤ 🌹 ❤ €D●N €●N M●ND¥ ❤ 🌹 ❤,0
Kendrick Lamar,Boom bap / Lyric,cbHkzwa0QmM,Kendrick Lamar - peekaboo (Official Audio),Kendrick Lamar,needs a mickey mouse clubhouse beat,1
Kendrick Lamar,Boom bap / Lyric,cbHkzwa0QmM,Kendrick Lamar - peekaboo (Official Audio),Kendrick Lamar,2:21,1
Kendrick Lamar,Boom bap / Lyric,cbHkzwa0QmM,Kendrick Lamar - peekaboo (Official Audio),Kendrick Lamar,Shout out to the lady who had this stuck in her head while she was pulling that man out of her car 🤣,1
Kendrick Lamar,Boom bap / Lyric,cbHkzwa0QmM,Kendrick Lamar - peekaboo (Official Audio),Kendrick Lamar,"Here, listening on loop🔥🔥",3
Kendrick Lamar,Boom bap / Lyric,cbHkzwa0QmM,Kendrick Lamar - peekaboo (Official Audio),Kendrick Lamar,I like the song form HeveonnytheDon,1
Kendrick Lamar,Boom bap / Lyric,cbHkzwa0QmM,Kendrick Lamar - peekaboo (Official Audio),Kendrick Lamar,This is what kendrick fans say is “real hiphop” 🤣,3
Kendrick Lamar,Boom bap / Lyric,cbHkzwa0QmM,Kendrick Lamar - peekaboo (Official Audio),Kendrick Lamar,I hope every time a nigga I hate hear this song they think of me,1
Kendrick Lamar,Boom bap / Lyric,cbHkzwa0QmM,Kendrick Lamar - peekaboo (Official Audio),Kendrick Lamar,Even repeats the same thing over and over and over and over and over.,2
Kendrick Lamar,Boom bap / Lyric,cbHkzwa0QmM,Kendrick Lamar - peekaboo (Official Audio),Kendrick Lamar,The whole time searching this song I was looking for Snoop! 😅,1
Kendrick Lamar,Boom bap / Lyric,cbHkzwa0QmM,Kendrick Lamar - peekaboo (Official Audio),Kendrick Lamar,"I can't hear a damn thing but couple pennies in my pocket , it's just chump change penny proud couldn't be in contact . I just need a opportunity to sign a contract , lately I been hoping she could be my contact eye 2 eye by the balls not the balls just being star pupils",3
Kendrick Lamar,Boom bap / Lyric,cbHkzwa0QmM,Kendrick Lamar - peekaboo (Official Audio),Kendrick Lamar,🍯🐝🕯️🙏🏾🇭🇹☝🏾  -  Let da creative juices flow like a Aquarian ♒ Water Bearer,1
Kendrick Lamar,Boom bap / Lyric,cbHkzwa0QmM,Kendrick Lamar - peekaboo (Official Audio),Kendrick Lamar,Bing bop boom boom🔥🔥🔥🔥🔥,1
Kendrick Lamar,Boom bap / Lyric,cbHkzwa0QmM,Kendrick Lamar - peekaboo (Official Audio),Kendrick Lamar,I never hear anybody playin this bullshit yet he won a Grammy. Definitely a industry plant😂,6
Kendrick Lamar,Boom bap / Lyric,cbHkzwa0QmM,Kendrick Lamar - peekaboo (Official Audio),Kendrick Lamar,peekaboo 👀👀👀,1
Kendrick Lamar,Boom bap / Lyric,cbHkzwa0QmM,Kendrick Lamar - peekaboo (Official Audio),Kendrick Lamar,"I love this song. When I come by this. I listnen it at least x3.
My cats love this allso.",0
Kendrick Lamar,Boom bap / Lyric,cbHkzwa0QmM,Kendrick Lamar - peekaboo (Official Audio),Kendrick Lamar,1:46 that's what you are looking for 😁,2
Kendrick Lamar,Boom bap / Lyric,cbHkzwa0QmM,Kendrick Lamar - peekaboo (Official Audio),Kendrick Lamar,"Big mac,tard😉🎂",2
Kendrick Lamar,Boom bap / Lyric,cbHkzwa0QmM,Kendrick Lamar - peekaboo (Official Audio),Kendrick Lamar,🤣😂 he funny 😂🤣. Where's the 🥦,0
Kendrick Lamar,Boom bap / Lyric,cbHkzwa0QmM,Kendrick Lamar - peekaboo (Official Audio),Kendrick Lamar,🤣,0
Kendrick Lamar,Boom bap / Lyric,cbHkzwa0QmM,Kendrick Lamar - peekaboo (Official Audio),Kendrick Lamar,Goofy ahh music 😂,5
Kendrick Lamar,Boom bap / Lyric,cbHkzwa0QmM,Kendrick Lamar - peekaboo (Official Audio),Kendrick Lamar,Shi ahh,2
Kendrick Lamar,Boom bap / Lyric,cbHkzwa0QmM,Kendrick Lamar - peekaboo (Official Audio),Kendrick Lamar,What they talking about what they talking what they talking what they talking what they talking I want to hear Bing bop boom boom boom bop bam,0
Kendrick Lamar,Boom bap / Lyric,cbHkzwa0QmM,Kendrick Lamar - peekaboo (Official Audio),Kendrick Lamar,"IVE BEEN ON A PLAYLIST WITH 1000 SONGS AND LUTHER, DODGER BLUE, TV OFF, AND THIS SONG PLAYED IN A ROW FOR THE FIRST FOUR SONGS",0
Kendrick Lamar,Boom bap / Lyric,cbHkzwa0QmM,Kendrick Lamar - peekaboo (Official Audio),Kendrick Lamar,1:46,1
Kendrick Lamar,Boom bap / Lyric,cbHkzwa0QmM,Kendrick Lamar - peekaboo (Official Audio),Kendrick Lamar,What is this shit? It's supposed to music? Wtf,2
Kendrick Lamar,Boom bap / Lyric,cbHkzwa0QmM,Kendrick Lamar - peekaboo (Official Audio),Kendrick Lamar,"Wadetaubadeytaubanun
Wadetaubadeytaubanun
Wadetaubadeytaubanun",0
Kendrick Lamar,Boom bap / Lyric,cbHkzwa0QmM,Kendrick Lamar - peekaboo (Official Audio),Kendrick Lamar,what the fuck is this kendrick,1
Kendrick Lamar,Boom bap / Lyric,cbHkzwa0QmM,Kendrick Lamar - peekaboo (Official Audio),Kendrick Lamar,I still need a video to this 😅💯,2
Kendrick Lamar,Boom bap / Lyric,cbHkzwa0QmM,Kendrick Lamar - peekaboo (Official Audio),Kendrick Lamar,Gym song,1
Kendrick Lamar,Boom bap / Lyric,cbHkzwa0QmM,Kendrick Lamar - peekaboo (Official Audio),Kendrick Lamar,hate from nepal,3
Kendrick Lamar,Boom bap / Lyric,cbHkzwa0QmM,Kendrick Lamar - peekaboo (Official Audio),Kendrick Lamar,🙋🏻‍♀️ pick number 3 my lord 😂,0
Kendrick Lamar,Boom bap / Lyric,cbHkzwa0QmM,Kendrick Lamar - peekaboo (Official Audio),Kendrick Lamar,here from blade edit 💥🔥,0
Kendrick Lamar,Boom bap / Lyric,cbHkzwa0QmM,Kendrick Lamar - peekaboo (Official Audio),Kendrick Lamar,Put my boogers on a train hits hard,0
Kendrick Lamar,Boom bap / Lyric,cbHkzwa0QmM,Kendrick Lamar - peekaboo (Official Audio),Kendrick Lamar,Who’s here from Anton Daniels? 🤣🤣🤣🤣🤣🤣🤣🤣🤣🤣🤣,0
Kendrick Lamar,Boom bap / Lyric,cbHkzwa0QmM,Kendrick Lamar - peekaboo (Official Audio),Kendrick Lamar,me too,0
Kendrick Lamar,Boom bap / Lyric,cbHkzwa0QmM,Kendrick Lamar - peekaboo (Official Audio),Kendrick Lamar,It’s a real blood set in Bali  B Bop blood 🩸 Gang,0
Kendrick Lamar,Boom bap / Lyric,cbHkzwa0QmM,Kendrick Lamar - peekaboo (Official Audio),Kendrick Lamar,what they talking they aint talking about nothing,1
Kendrick Lamar,Boom bap / Lyric,cbHkzwa0QmM,Kendrick Lamar - peekaboo (Official Audio),Kendrick Lamar,In the living room with my ten month old absolutely rocking to this shit. This album is timeless,1
Kendrick Lamar,Boom bap / Lyric,cbHkzwa0QmM,Kendrick Lamar - peekaboo (Official Audio),Kendrick Lamar,"This is what it means for gang members to be dumb 


When you have a Peekaboo story and you never shared it in what 36 years? Oh my bad. 😂

I am a MASSHOLE I make fun of them. Like bro go sit down 👇 chair here... Can you spell? What tests did you pass? #WinstonChurchhill",0
Kendrick Lamar,Boom bap / Lyric,cbHkzwa0QmM,Kendrick Lamar - peekaboo (Official Audio),Kendrick Lamar,Listening to this after listening to the new OVO Album🤣 Kendrick Lamar is the Greatest of All Time from this gen to the next 3,0
Kendrick Lamar,Boom bap / Lyric,cbHkzwa0QmM,Kendrick Lamar - peekaboo (Official Audio),Kendrick Lamar,Listening to this after listening to the new OVO Album🤣 Kendrick Lamar is the Greatest of All Time from this gen to the next 3,0
Kendrick Lamar,Boom bap / Lyric,cbHkzwa0QmM,Kendrick Lamar - peekaboo (Official Audio),Kendrick Lamar,Drake haters dont like when I bring this song up when they wanna talk corny 😂😂😂😂,2
Kendrick Lamar,Boom bap / Lyric,cbHkzwa0QmM,Kendrick Lamar - peekaboo (Official Audio),Kendrick Lamar,This track crazy 🔥,0
Kendrick Lamar,Boom bap / Lyric,cbHkzwa0QmM,Kendrick Lamar - peekaboo (Official Audio),Kendrick Lamar,This is better that hickory dickory duck,0
Kendrick Lamar,Boom bap / Lyric,cbHkzwa0QmM,Kendrick Lamar - peekaboo (Official Audio),Kendrick Lamar,1:49 bing pop,0
Kendrick Lamar,Boom bap / Lyric,cbHkzwa0QmM,Kendrick Lamar - peekaboo (Official Audio),Kendrick Lamar,1:45 is what you're looking for.,0
Kendrick Lamar,Boom bap / Lyric,cbHkzwa0QmM,Kendrick Lamar - peekaboo (Official Audio),Kendrick Lamar,Bro don’t listen to trashman,0
Kendrick Lamar,Boom bap / Lyric,cbHkzwa0QmM,Kendrick Lamar - peekaboo (Official Audio),Kendrick Lamar,They talking for sure,0
Kendrick Lamar,Boom bap / Lyric,cbHkzwa0QmM,Kendrick Lamar - peekaboo (Official Audio),Kendrick Lamar,Huh! 😊,0
Kendrick Lamar,Boom bap / Lyric,cbHkzwa0QmM,Kendrick Lamar - peekaboo (Official Audio),Kendrick Lamar,Booga,0
Kendrick Lamar,Boom bap / Lyric,cbHkzwa0QmM,Kendrick Lamar - peekaboo (Official Audio),Kendrick Lamar,W halftime shw,1
Kendrick Lamar,Boom bap / Lyric,cbHkzwa0QmM,Kendrick Lamar - peekaboo (Official Audio),Kendrick Lamar,"Fun fact, this has the same tempo as the mickey mouse clubhouse intro",1
Kendrick Lamar,Boom bap / Lyric,cbHkzwa0QmM,Kendrick Lamar - peekaboo (Official Audio),Kendrick Lamar,This is the best ever sound trucker ever heard keep doing it keeps Lamar you’re the best❤❤❤❤❤❤❤,0
Kendrick Lamar,Boom bap / Lyric,cbHkzwa0QmM,Kendrick Lamar - peekaboo (Official Audio),Kendrick Lamar,To me its the oshawatt line. Samaroutt isn't bad but dewott looked the best to me,0
Kendrick Lamar,Boom bap / Lyric,cbHkzwa0QmM,Kendrick Lamar - peekaboo (Official Audio),Kendrick Lamar,🔥,0
Kendrick Lamar,Boom bap / Lyric,cbHkzwa0QmM,Kendrick Lamar - peekaboo (Official Audio),Kendrick Lamar,Who’s here after Ice Man?,1
Kendrick Lamar,Boom bap / Lyric,cbHkzwa0QmM,Kendrick Lamar - peekaboo (Official Audio),Kendrick Lamar,Yes sir 🙌🏾💙👑,0
Kendrick Lamar,Boom bap / Lyric,cbHkzwa0QmM,Kendrick Lamar - peekaboo (Official Audio),Kendrick Lamar,What’s next Kendrick ?,0
Kendrick Lamar,Boom bap / Lyric,cbHkzwa0QmM,Kendrick Lamar - peekaboo (Official Audio),Kendrick Lamar,Drakes burning bridges brought me here iykyk,1
Kendrick Lamar,Boom bap / Lyric,cbHkzwa0QmM,Kendrick Lamar - peekaboo (Official Audio),Kendrick Lamar,1:46,0
Kendrick Lamar,Boom bap / Lyric,cbHkzwa0QmM,Kendrick Lamar - peekaboo (Official Audio),Kendrick Lamar,This shit garbage 😂😂😂😂😂😂,5
Kendrick Lamar,Boom bap / Lyric,cbHkzwa0QmM,Kendrick Lamar - peekaboo (Official Audio),Kendrick Lamar,Hilarious that his og name was Kdot and Toronto used to be referred to as the dot or Tdot then it seemed like over night everyone srted callin it the cuz 6 and  we started going by our area code the not just because drake stile the saying from the YNS really out there fk that dude like cmon mane 456 talluptwinz and the BFR boys pressa's camp,0
Kendrick Lamar,Boom bap / Lyric,cbHkzwa0QmM,Kendrick Lamar - peekaboo (Official Audio),Kendrick Lamar,What in the hell is this trash. Nails on a chalkboard,1
Kendrick Lamar,Boom bap / Lyric,cbHkzwa0QmM,Kendrick Lamar - peekaboo (Official Audio),Kendrick Lamar,mid mid mid skip skip,0
Kendrick Lamar,Boom bap / Lyric,cbHkzwa0QmM,Kendrick Lamar - peekaboo (Official Audio),Kendrick Lamar,Heck ye,0
Kendrick Lamar,Boom bap / Lyric,cbHkzwa0QmM,Kendrick Lamar - peekaboo (Official Audio),Kendrick Lamar,Mi mid mid skip skip,4
Kendrick Lamar,Boom bap / Lyric,cbHkzwa0QmM,Kendrick Lamar - peekaboo (Official Audio),Kendrick Lamar,The big bom pom bom pom dm🙌🙌🙌,0
Kendrick Lamar,Boom bap / Lyric,cbHkzwa0QmM,Kendrick Lamar - peekaboo (Official Audio),Kendrick Lamar,Thinking this could be better than eny drake song its Crazy peekbooo,4
Kendrick Lamar,Boom bap / Lyric,cbHkzwa0QmM,Kendrick Lamar - peekaboo (Official Audio),Kendrick Lamar,Str8 dookie,2
Kendrick Lamar,Boom bap / Lyric,cbHkzwa0QmM,Kendrick Lamar - peekaboo (Official Audio),Kendrick Lamar,I had to spin this again after listening to Drizzy’s 3 album drop….,0
Kendrick Lamar,Boom bap / Lyric,cbHkzwa0QmM,Kendrick Lamar - peekaboo (Official Audio),Kendrick Lamar,"Still here basically June 2026.  Iceman didn’t make it past the 2nd day, never mind the first week.  Yeah, the crown is heavy",1
Kendrick Lamar,Boom bap / Lyric,cbHkzwa0QmM,Kendrick Lamar - peekaboo (Official Audio),Kendrick Lamar,1:45,0
Kendrick Lamar,Boom bap / Lyric,cbHkzwa0QmM,Kendrick Lamar - peekaboo (Official Audio),Kendrick Lamar,Who's here after super hot fire actually bing bopped Ray J??!🤣😂,0
Kendrick Lamar,Boom bap / Lyric,cbHkzwa0QmM,Kendrick Lamar - peekaboo (Official Audio),Kendrick Lamar,This goes hard its fire🔥🔥🔥🔥🔥🔥🔥,1
Kendrick Lamar,Boom bap / Lyric,cbHkzwa0QmM,Kendrick Lamar - peekaboo (Official Audio),Kendrick Lamar,Like wahhhhhhh hai 👋,0
Kendrick Lamar,Boom bap / Lyric,cbHkzwa0QmM,Kendrick Lamar - peekaboo (Official Audio),Kendrick Lamar,So trash,6
Kendrick Lamar,Boom bap / Lyric,cbHkzwa0QmM,Kendrick Lamar - peekaboo (Official Audio),Kendrick Lamar,....pssst.....bookies❤❤❤,0
Kendrick Lamar,Boom bap / Lyric,cbHkzwa0QmM,Kendrick Lamar - peekaboo (Official Audio),Kendrick Lamar,straight garbage,12
Kendrick Lamar,Boom bap / Lyric,cbHkzwa0QmM,Kendrick Lamar - peekaboo (Official Audio),Kendrick Lamar,This channel is where broke people that make fun of foreign biracial people come to hear music,5
Kendrick Lamar,Boom bap / Lyric,cbHkzwa0QmM,Kendrick Lamar - peekaboo (Official Audio),Kendrick Lamar,"Them when Kendrick talks real shit: This too preachy!

Them when Kendrick has fun: This is too silly!

Me: What they talkin bout? They aint talkin bout nothin",5
Kendrick Lamar,Boom bap / Lyric,cbHkzwa0QmM,Kendrick Lamar - peekaboo (Official Audio),Kendrick Lamar,Swimming pools will forever be your best song 🎉,2
Kendrick Lamar,Boom bap / Lyric,cbHkzwa0QmM,Kendrick Lamar - peekaboo (Official Audio),Kendrick Lamar,Been slowly listening to each song month by month since it been out......NOT A SINGLE FLOP.....SERIOUSLY>,13
Kendrick Lamar,Boom bap / Lyric,cbHkzwa0QmM,Kendrick Lamar - peekaboo (Official Audio),Kendrick Lamar,this is yuno miles,1
Kendrick Lamar,Boom bap / Lyric,cbHkzwa0QmM,Kendrick Lamar - peekaboo (Official Audio),Kendrick Lamar,"I respect different music opinions to an extent but seeing all the drake fanboys willingly click on Kendricks worst song to hate is hilarious, they can't do the same on anything from tpab or gkmc",3
Kendrick Lamar,Boom bap / Lyric,cbHkzwa0QmM,Kendrick Lamar - peekaboo (Official Audio),Kendrick Lamar,Timeless art,1
Kendrick Lamar,Boom bap / Lyric,cbHkzwa0QmM,Kendrick Lamar - peekaboo (Official Audio),Kendrick Lamar,"(Give a helping hand)
(To your fellow men)
(Oh, my)

Ayy
What?
Look

What they talkin' 'bout? They ain't talkin' 'bout nothin'
What they talkin' 'bout? They ain't talkin' 'bout nothin'
What they talkin' 'bout? They ain't talkin' 'bout nothin'
What they talkin' 'bout? They ain't talkin' 'bout nothin'
Huh? They ain't talkin' 'bout nothin'
Hm, ayy

What they talkin' 'bout? They ain't talkin' 'bout nothin'
What they talkin' 'bout? They ain't talkin' 'bout nothin'
What they talkin' 'bout? They ain't talkin' 'bout nothin'
What they talkin' 'bout? They ain't talkin' 'bout nothin'
Huh? They ain't talkin' 'bout nothin'
Hm
Peekaboo, I just put them boogers in my chain
Peekaboo, eighty-pointers like a Kobe game
Peekaboo, 7.62s'll make 'em plank
Peekaboo, poppin' out, you better not smut my name
Peekaboo, put two foreigns on the 405
Peekaboo, Cacio e Pepe if I'm doin' pasta
Peekaboo, why you actin' tough on IG live?
Peekaboo, you know my lil' niggas off they rocker

(Peekaboo) surprise, bitch, it's that nigga Chuck E. Cheese
(Peekaboo) let me FaceTime my opp, bitch, I'm up the street
(Peekaboo) yeah, it's Az, I'm puttin' somethin' to sleep
(Peekaboo) he on the ground, I praise God and start stompin' feet
(Peekaboo) I put ten on his face, bitch, my shooter playin'
(Peekaboo) I hit it from the back, I told her move her hands
(Peekaboo) then slide my thumb in it where her, uh, at
(Peekaboo) I'm on your top, I'm with Dot, bitch, don't look back

What they talkin' 'bout? They ain't talkin' 'bout nothin'
What they talkin' 'bout? They ain't talkin' 'bout nothin'
What they talkin' 'bout? They ain't talkin' 'bout nothin'
What they talkin' 'bout? They ain't talkin' 'bout nothin'
Huh? They ain't talkin' 'bout nothin'
Hm

Hey, hey, hey, hey, hey, hey, hey, that's my bitch
Hey, hey, hey, hey, hey, hey, hey, that's my bitch
Hey, hey, hey, hey, with all that fake shit
Hey, hey, hey, hey, ain't the one to play with
Hey, hey, hey, hey, hey, pull off in a Lam'
Double-park it all at Tam's, Mister Get-Off-On-Your-Mans
If he hatin', disrespect, you better follow up with hands
Losses to the neck, but now I'm trophied up, I'm sayin', like
Bing-bop-boom-boom-boom-bop-bam
The type of shit I'm on, you wouldn't understand
The type of skits I'm on, you wouldn't understand
Big dog business, I would not hold your hand

Broke-bitch business, I could not be your man
Never got his ass whooped until we opened up that can
Damn, alley-oop me bands, I'ma slam, jam
Freak bitch, I like my MAC touchin' yams
Play that opp shit around me, I'ma tell you: Turn it off
Heard what happened to your mans, not sorry for your loss
Should've prayed before them shooters came and nailed him to the cross
I let your boy get a pass, bitch, you lucky he soft, for real

What they talkin' 'bout? (They ain't talkin' 'bout nothin')
What they talkin' 'bout? (They ain't talkin' 'bout nothin')
What they talkin' 'bout? (They ain't talkin' 'bout nothin')
What they talkin' 'bout? (They ain't talkin' 'bout nothin')
Huh? They ain't talkin' 'bout nothin'
Hm, ayy

What they talkin' 'bout? (They ain't talkin' 'bout nothin')
What they talkin' 'bout? (They ain't talkin' 'bout nothin')
What they talkin' 'bout? (They ain't talkin' 'bout nothin')
What they talkin' 'bout? (They ain't talkin' 'bout nothin')
Huh? They ain't talkin' 'bout nothin'
Hm

Peekaboo",1
Kendrick Lamar,Boom bap / Lyric,cbHkzwa0QmM,Kendrick Lamar - peekaboo (Official Audio),Kendrick Lamar,🚮🗑️,3
Kendrick Lamar,Boom bap / Lyric,cbHkzwa0QmM,Kendrick Lamar - peekaboo (Official Audio),Kendrick Lamar,Kendrick Lamar ruined this entire Kendrick Lamar song,3
Kendrick Lamar,Boom bap / Lyric,cbHkzwa0QmM,Kendrick Lamar - peekaboo (Official Audio),Kendrick Lamar,2024 was a dark year,6
Kendrick Lamar,Boom bap / Lyric,cbHkzwa0QmM,Kendrick Lamar - peekaboo (Official Audio),Kendrick Lamar,Music for whites that think they know rap 😂,8
Kendrick Lamar,Boom bap / Lyric,cbHkzwa0QmM,Kendrick Lamar - peekaboo (Official Audio),Kendrick Lamar,The GOAT Supa Hot Fire brought me here.,0
Kendrick Lamar,Boom bap / Lyric,cbHkzwa0QmM,Kendrick Lamar - peekaboo (Official Audio),Kendrick Lamar,They ain’t talking bout nuthin!!(that part) I love this song 🔥🔥🔥🔥🤩🤩🤩🤩🔥🔥🔥🔥🔥🔥🔥🔥🔥🔥❤️❤️❤️❤️❤️❤️❤️❤️❤️❤️,1
Kendrick Lamar,Boom bap / Lyric,cbHkzwa0QmM,Kendrick Lamar - peekaboo (Official Audio),Kendrick Lamar,The OVO bots have truly lost their shit. Hearing a whiney sadboy Drake hurt their feelings so much they decided to trash this gem.,2
Kendrick Lamar,Boom bap / Lyric,cbHkzwa0QmM,Kendrick Lamar - peekaboo (Official Audio),Kendrick Lamar,Nga’s will call this trash then go listen to a Drake and Sexy Red song wit a straight face 😂😂😂😂,7
Kendrick Lamar,Boom bap / Lyric,cbHkzwa0QmM,Kendrick Lamar - peekaboo (Official Audio),Kendrick Lamar,Stole Drakeos flow 🥱,1
Kendrick Lamar,Boom bap / Lyric,cbHkzwa0QmM,Kendrick Lamar - peekaboo (Official Audio),Kendrick Lamar,Finally people recognised how trash is this😭,15
Kendrick Lamar,Boom bap / Lyric,cbHkzwa0QmM,Kendrick Lamar - peekaboo (Official Audio),Kendrick Lamar,Real Kendrick Fans here fuk Drake !,1
Kendrick Lamar,Boom bap / Lyric,cbHkzwa0QmM,Kendrick Lamar - peekaboo (Official Audio),Kendrick Lamar,Wtffff is this garbage omg,11
Kendrick Lamar,Boom bap / Lyric,cbHkzwa0QmM,Kendrick Lamar - peekaboo (Official Audio),Kendrick Lamar,Over hype over glazed,2
Kendrick Lamar,Boom bap / Lyric,cbHkzwa0QmM,Kendrick Lamar - peekaboo (Official Audio),Kendrick Lamar,👏👏👏,1
Kendrick Lamar,Boom bap / Lyric,cbHkzwa0QmM,Kendrick Lamar - peekaboo (Official Audio),Kendrick Lamar,That aint even music,7
Kendrick Lamar,Boom bap / Lyric,cbHkzwa0QmM,Kendrick Lamar - peekaboo (Official Audio),Kendrick Lamar,1:46,1
Kendrick Lamar,Boom bap / Lyric,cbHkzwa0QmM,Kendrick Lamar - peekaboo (Official Audio),Kendrick Lamar,Straight up garbage,14
Kendrick Lamar,Boom bap / Lyric,cbHkzwa0QmM,Kendrick Lamar - peekaboo (Official Audio),Kendrick Lamar,Dot where tf you at love you brother,2
Kendrick Lamar,Boom bap / Lyric,cbHkzwa0QmM,Kendrick Lamar - peekaboo (Official Audio),Kendrick Lamar,They ain’t talkin bout nothin,5
Kendrick Lamar,Boom bap / Lyric,cbHkzwa0QmM,Kendrick Lamar - peekaboo (Official Audio),Kendrick Lamar,Wait…. Why is gnx actually growing on me,0
Kendrick Lamar,Boom bap / Lyric,cbHkzwa0QmM,Kendrick Lamar - peekaboo (Official Audio),Kendrick Lamar,All drake fans gtfoh outta here 😂😂😂😂😂 yall know this shit slapped the last hardest drake album was nothing was the same!!,5
Kendrick Lamar,Boom bap / Lyric,cbHkzwa0QmM,Kendrick Lamar - peekaboo (Official Audio),Kendrick Lamar,This shit is genuinely trash 😭,21
Kendrick Lamar,Boom bap / Lyric,cbHkzwa0QmM,Kendrick Lamar - peekaboo (Official Audio),Kendrick Lamar,😂😂😂😂 tf was that,4
Kendrick Lamar,Boom bap / Lyric,cbHkzwa0QmM,Kendrick Lamar - peekaboo (Official Audio),Kendrick Lamar,“Heeey heeey heeey thats my bitch. Pim bap boom boom bap bam” straight bars 🔥🔥🔥🔥,4
Kendrick Lamar,Boom bap / Lyric,cbHkzwa0QmM,Kendrick Lamar - peekaboo (Official Audio),Kendrick Lamar,This is genuinely awful,17
Kendrick Lamar,Boom bap / Lyric,cbHkzwa0QmM,Kendrick Lamar - peekaboo (Official Audio),Kendrick Lamar,Holy shit! This song was garbage. Kendrick had everyone fooled listening to trash 😂😂😂😂😂,12
Kendrick Lamar,Boom bap / Lyric,cbHkzwa0QmM,Kendrick Lamar - peekaboo (Official Audio),Kendrick Lamar,Them niggas was rapping!!,2
Kendrick Lamar,Boom bap / Lyric,cbHkzwa0QmM,Kendrick Lamar - peekaboo (Official Audio),Kendrick Lamar,This is trash 🚮,18
Kendrick Lamar,Boom bap / Lyric,cbHkzwa0QmM,Kendrick Lamar - peekaboo (Official Audio),Kendrick Lamar,This is how i escape Drake,0
Kendrick Lamar,Boom bap / Lyric,cbHkzwa0QmM,Kendrick Lamar - peekaboo (Official Audio),Kendrick Lamar,It's 2026 and I'm back after Drake flopped like a fish 🐟 out of water 😂😂😂,5
Kendrick Lamar,Boom bap / Lyric,cbHkzwa0QmM,Kendrick Lamar - peekaboo (Official Audio),Kendrick Lamar,This is ass bruh,12
Kendrick Lamar,Boom bap / Lyric,cbHkzwa0QmM,Kendrick Lamar - peekaboo (Official Audio),Kendrick Lamar,Trash bars 😭🤣,16
Kendrick Lamar,Boom bap / Lyric,cbHkzwa0QmM,Kendrick Lamar - peekaboo (Official Audio),Kendrick Lamar,Big dawg business,4
Kendrick Lamar,Boom bap / Lyric,cbHkzwa0QmM,Kendrick Lamar - peekaboo (Official Audio),Kendrick Lamar,That shit is a two pack of ass,7
Kendrick Lamar,Boom bap / Lyric,cbHkzwa0QmM,Kendrick Lamar - peekaboo (Official Audio),Kendrick Lamar,Garbage ass song 😂,13
Kendrick Lamar,Boom bap / Lyric,cbHkzwa0QmM,Kendrick Lamar - peekaboo (Official Audio),Kendrick Lamar,Drake released the biggest piece of dog sh!t and i had to clean my ear drums with this banger of an album,9
Kendrick Lamar,Boom bap / Lyric,cbHkzwa0QmM,Kendrick Lamar - peekaboo (Official Audio),Kendrick Lamar,"This still better than 
“Iceman was a nice man”👿👿🤡🤡🤡",7
Kendrick Lamar,Boom bap / Lyric,cbHkzwa0QmM,Kendrick Lamar - peekaboo (Official Audio),Kendrick Lamar,He needs a Ghost writer Dot lmfao he needs help smh,3
Kendrick Lamar,Boom bap / Lyric,cbHkzwa0QmM,Kendrick Lamar - peekaboo (Official Audio),Kendrick Lamar,Encino Man drops 3 albums. It's just raps and baps he had to put on ice the past 2 years.,0
Kendrick Lamar,Boom bap / Lyric,cbHkzwa0QmM,Kendrick Lamar - peekaboo (Official Audio),Kendrick Lamar,This song sounds so stupid but good at the same time,0
Kendrick Lamar,Boom bap / Lyric,cbHkzwa0QmM,Kendrick Lamar - peekaboo (Official Audio),Kendrick Lamar,3 albums & like Kung Fu Kenny said they ain't talking about nothing 😂,18
Kendrick Lamar,Boom bap / Lyric,cbHkzwa0QmM,Kendrick Lamar - peekaboo (Official Audio),Kendrick Lamar,Wtf is this lol,11
Kendrick Lamar,Boom bap / Lyric,cbHkzwa0QmM,Kendrick Lamar - peekaboo (Official Audio),Kendrick Lamar,When they say Iceman ii say MUUUUUUUUUUSTAAAAAAAAAAAAAAAAAAAAAAARRRRRRRRRRRRRRRRRRRRRRRDDDDDDDDDDDDDDDDDDDDDDDDDDDDDDDDDDDDDDDDDDDDDDDDDDDDDDDDDDDDDDDDDDDDD,0
Kendrick Lamar,Boom bap / Lyric,cbHkzwa0QmM,Kendrick Lamar - peekaboo (Official Audio),Kendrick Lamar,"Give a helping hand
To your fellow men, oh, my-
Ayy, what?
Look
What they talkin' 'bout? They ain't talkin' 'bout nothin'
What they talkin' 'bout? They ain't talkin' 'bout nothin'
What they talkin' 'bout? They ain't talkin' 'bout nothin'
What they talkin' 'bout? They ain't talkin' 'bout nothin'
Huh? They ain't talkin' 'bout nothin'
Hm, ayy
What they talkin' 'bout? They ain't talkin' 'bout nothin'
What they talkin' 'bout? They ain't talkin' 'bout nothin'
What they talkin' 'bout? They ain't talkin' 'bout nothin'
What they talkin' 'bout? They ain't talkin' 'bout nothin'
Huh? They ain't talkin' 'bout nothin', hm
Peekaboo, I just put them boogers in my chain
Peekaboo, eighty-pointers like a Kobe game
Peekaboo, 7.62s'll make 'em plank
Peekaboo, poppin' out, you better not smut my name
Peekaboo, put two foreigns on the 405
Peekaboo, cacio e pepe if I'm doin' pasta
Peekaboo, why you actin' tough on IG Live?
Peekaboo, you know my lil' niggas off they rocker
Peekaboo, surprise, bitch, it's that nigga Chuck E. Cheese
Peekaboo, let me FaceTime my opp, bitch, I'm up the street
Peekaboo, yeah, it's AZ, I'm puttin' somethin' to sleep
Peekaboo, he on the ground, I praise God and start stompin' feet
Peekaboo, I put ten on his face, bitch, my shooter playin'
Peekaboo, I hit it from the back, I told her move her hand
Peekaboo, then slide my thumb in where her, uh, at
Peekaboo, I'm on your top, I'm with Dot, bitch, don't look back
What they talkin' 'bout? They ain't talkin' 'bout nothin'
What they talkin' 'bout? They ain't talkin' 'bout nothin'
What they talkin' 'bout? They ain't talkin' 'bout nothin'
What they talkin' 'bout? They ain't talkin' 'bout nothin'
Huh? They ain't talkin' 'bout nothin', hm
Hey, hey, hey, hey, hey, hey, hey, that's my bitch
Hey, hey, hey, hey, hey, hey, hey, that's my bitch
Hey, hey, hey, hey, with all that fake shit
Hey, hey, hey, hey, ain't the one to play with
Hey, hey, hey, hey, hey, pull off in a Lamb'
Double-park it all at Tam's, Mr. Get-Off-On-Your-Mans
If he hatin', disrespect, you better follow up with hands
Losses to the neck, but now I'm trophied up, I'm sayin', like
Bing-bop-boom-boom-boom-bop-bam
The type of shit I'm on, you wouldn't understand
The type of skits I'm on, you wouldn't understand
Big dog business, I would not hold your hand
Broke bitch business, I could not be your man
Never got his ass whooped until we open up that can
Damn, alley-oop me bands, I'ma slam
Jam, freak bitch, I like my MAC touchin' yams
Play that opp shit around me, I'ma tell you, ""Turn it off""
Heard what happened to your mans, not sorry for your loss
Should've prayed before them shooters came and nailed him to the cross
I let your boy get a pass, bitch, you lucky he soft, for real
What they talkin' 'bout? They ain't talkin' 'bout nothin'
What they talkin' 'bout? They ain't talkin' 'bout nothin'
What they talkin' 'bout? They ain't talkin' 'bout nothin'
What they talkin' 'bout? They ain't talkin' 'bout nothin'
Huh? They ain't talkin' 'bout nothin', hm, ayy
What they talkin' 'bout? They ain't talkin' 'bout nothin'
What they talkin' 'bout? They ain't talkin' 'bout nothin'
What they talkin' 'bout? They ain't talkin' 'bout nothin'
What they talkin' 'bout? They ain't talkin' 'bout nothin'
Huh? They ain't talkin' 'bout nothin', hm
Peekaboo",0
Kendrick Lamar,Boom bap / Lyric,cbHkzwa0QmM,Kendrick Lamar - peekaboo (Official Audio),Kendrick Lamar,Got me dancing every time I hear this🔥🔥🔥🔥🔥🔥🔥,1
Kendrick Lamar,Boom bap / Lyric,cbHkzwa0QmM,Kendrick Lamar - peekaboo (Official Audio),Kendrick Lamar,5 16 26,0
Kendrick Lamar,Boom bap / Lyric,cbHkzwa0QmM,Kendrick Lamar - peekaboo (Official Audio),Kendrick Lamar,Still bangs,2
Kendrick Lamar,Boom bap / Lyric,cbHkzwa0QmM,Kendrick Lamar - peekaboo (Official Audio),Kendrick Lamar,🧊🧊🧊🧊🧊🧊🧊🧊🧊🧊🧊🧊🧊🧊🧊🧊🧊🧊🧊🧊🧊🧊🧊🧊🧊🧊🧊🧊🧊🧊🧊🧊🧊🧊🧊🧊🧊🧊🧊🧊🧊🧊🧊🧊🧊🧊🧊🧊🧊🧊🧊🧊🧊🧊🧊🧊🧊🧊🧊🧊🧊🧊🧊🧊🧊🧊🧊🧊🧊,8
Kendrick Lamar,Boom bap / Lyric,cbHkzwa0QmM,Kendrick Lamar - peekaboo (Official Audio),Kendrick Lamar,They were in fact talm bout nothing! 😂,179
Kendrick Lamar,Boom bap / Lyric,cbHkzwa0QmM,Kendrick Lamar - peekaboo (Official Audio),Kendrick Lamar,😂😂SMH this track alone is better than that 🧊MAN BS,8
Kendrick Lamar,Boom bap / Lyric,cbHkzwa0QmM,Kendrick Lamar - peekaboo (Official Audio),Kendrick Lamar,"“Drake dropping them 3 albums ,I got a bar of it “But it brought me Bac here 💯👌🏽",1
Kendrick Lamar,Boom bap / Lyric,cbHkzwa0QmM,Kendrick Lamar - peekaboo (Official Audio),Kendrick Lamar,WHO’S HERE AFTER WE HEARD THOSE 3 TRASH ALBUMS? 😭,8
Kendrick Lamar,Boom bap / Lyric,cbHkzwa0QmM,Kendrick Lamar - peekaboo (Official Audio),Kendrick Lamar,0:39,0
Kendrick Lamar,Boom bap / Lyric,cbHkzwa0QmM,Kendrick Lamar - peekaboo (Official Audio),Kendrick Lamar,Garbage,6
Kendrick Lamar,Boom bap / Lyric,cbHkzwa0QmM,Kendrick Lamar - peekaboo (Official Audio),Kendrick Lamar,This shit so trash 😂😂😂😂,7
Kendrick Lamar,Boom bap / Lyric,cbHkzwa0QmM,Kendrick Lamar - peekaboo (Official Audio),Kendrick Lamar,Drake album made me come back here cuz wtf was that😭😭😭🤧 #Fireman,94
Kendrick Lamar,Boom bap / Lyric,cbHkzwa0QmM,Kendrick Lamar - peekaboo (Official Audio),Kendrick Lamar,I'm just here after new drake album cos f that guy,88
Kendrick Lamar,Boom bap / Lyric,cbHkzwa0QmM,Kendrick Lamar - peekaboo (Official Audio),Kendrick Lamar,🦖,0
Kendrick Lamar,Boom bap / Lyric,cbHkzwa0QmM,Kendrick Lamar - peekaboo (Official Audio),Kendrick Lamar,May 2026,0
Kendrick Lamar,Boom bap / Lyric,cbHkzwa0QmM,Kendrick Lamar - peekaboo (Official Audio),Kendrick Lamar,Kendrick dissed Drake pet cat Crowdee,0
Kendrick Lamar,Boom bap / Lyric,cbHkzwa0QmM,Kendrick Lamar - peekaboo (Official Audio),Kendrick Lamar,"""What they talking about?  they talking about nothing""  on 5/15/26 💙",0
Kendrick Lamar,Boom bap / Lyric,cbHkzwa0QmM,Kendrick Lamar - peekaboo (Official Audio),Kendrick Lamar,Drop a video for this,0
Kendrick Lamar,Boom bap / Lyric,cbHkzwa0QmM,Kendrick Lamar - peekaboo (Official Audio),Kendrick Lamar,Straight garage garbage 🗑... a real nigga dropping tonight 😂😂😂😂😂,5
Kendrick Lamar,Boom bap / Lyric,cbHkzwa0QmM,Kendrick Lamar - peekaboo (Official Audio),Kendrick Lamar,5 14 26,0
Kendrick Lamar,Boom bap / Lyric,cbHkzwa0QmM,Kendrick Lamar - peekaboo (Official Audio),Kendrick Lamar,The most garbage song right next to meet the grahms 😂😂😂,2
Kendrick Lamar,Boom bap / Lyric,cbHkzwa0QmM,Kendrick Lamar - peekaboo (Official Audio),Kendrick Lamar,"💃🏾💃🏾💃🏾 they talkin bout Kendrick 😂 all over internet like he just dropped 5/13/26""😂😂😂😂😂",0
Kendrick Lamar,Boom bap / Lyric,cbHkzwa0QmM,Kendrick Lamar - peekaboo (Official Audio),Kendrick Lamar,Keem got two phones❤,0
Kendrick Lamar,Boom bap / Lyric,cbHkzwa0QmM,Kendrick Lamar - peekaboo (Official Audio),Kendrick Lamar,"Actually, I searched for ""Bing bop boom boom boom bop bam"".",2
Kendrick Lamar,Boom bap / Lyric,cbHkzwa0QmM,Kendrick Lamar - peekaboo (Official Audio),Kendrick Lamar,"Na verdade, pesquisei ""bing bop boom boom boom bop bam"".",1
Kendrick Lamar,Boom bap / Lyric,cbHkzwa0QmM,Kendrick Lamar - peekaboo (Official Audio),Kendrick Lamar,"This would still hurt my feelings in 2026 and it wasn’t euphoria or meet the grahams, let alone “not like us”",2
Kendrick Lamar,Boom bap / Lyric,cbHkzwa0QmM,Kendrick Lamar - peekaboo (Official Audio),Kendrick Lamar,"Kendrick lamar 
if you read this, drop something either on Thursday or Friday that crodie getting comfortable again and he's the only who hasn't said, i was just playing. Get back into your kung fu element i know it's in your dna do it for me and baby keem. Show that crodie who's a better masseuse in this bih. Show the world that the crodie got lucky seems people are forgetting that he soft.",0
Kendrick Lamar,Boom bap / Lyric,cbHkzwa0QmM,Kendrick Lamar - peekaboo (Official Audio),Kendrick Lamar,Nothing! AT All!!!😂 Facts,1
Kendrick Lamar,Boom bap / Lyric,cbHkzwa0QmM,Kendrick Lamar - peekaboo (Official Audio),Kendrick Lamar,Master piece of a track.,1
Kendrick Lamar,Boom bap / Lyric,cbHkzwa0QmM,Kendrick Lamar - peekaboo (Official Audio),Kendrick Lamar,Hey. What?,0
Kendrick Lamar,Boom bap / Lyric,cbHkzwa0QmM,Kendrick Lamar - peekaboo (Official Audio),Kendrick Lamar,"whhy is spotify not  working why     
",0
Kendrick Lamar,Boom bap / Lyric,cbHkzwa0QmM,Kendrick Lamar - peekaboo (Official Audio),Kendrick Lamar,They ain’t talking bout nothing kdot ! 😭,1
Kendrick Lamar,Boom bap / Lyric,cbHkzwa0QmM,Kendrick Lamar - peekaboo (Official Audio),Kendrick Lamar,Anybody else here cause the streaming apps trippin??? 🤔🤔🤔,42
Kendrick Lamar,Boom bap / Lyric,cbHkzwa0QmM,Kendrick Lamar - peekaboo (Official Audio),Kendrick Lamar,Who is here before it’s be delete?👀,2
Kendrick Lamar,Boom bap / Lyric,cbHkzwa0QmM,Kendrick Lamar - peekaboo (Official Audio),Kendrick Lamar,""" *Hey, hey, hey, hey, hey, hey, hey* "" 🗣️🗣️🗣️🔥🔥🔥🔥🔥🔥",13
Kendrick Lamar,Boom bap / Lyric,cbHkzwa0QmM,Kendrick Lamar - peekaboo (Official Audio),Kendrick Lamar,Damn this song is really bad 😂 yall actually like this?🫩,3
Kendrick Lamar,Boom bap / Lyric,cbHkzwa0QmM,Kendrick Lamar - peekaboo (Official Audio),Kendrick Lamar,Mussstarrrrrddddddddddddddddddddddddddddddddddddddddddddddddddddddddddddddddddddddddddddddddddddddddddddddddddddddddddddddddddd,0
Kendrick Lamar,Boom bap / Lyric,cbHkzwa0QmM,Kendrick Lamar - peekaboo (Official Audio),Kendrick Lamar,"Mass Hypnosis; that’s my “best guess” the gist of them/their pow-wow.  Concur, or challenge??",1
Kendrick Lamar,Boom bap / Lyric,cbHkzwa0QmM,Kendrick Lamar - peekaboo (Official Audio),Kendrick Lamar,COOL,0
Kendrick Lamar,Boom bap / Lyric,cbHkzwa0QmM,Kendrick Lamar - peekaboo (Official Audio),Kendrick Lamar,"Did this guy just record each line once and then looped this s**t man? We get it that rap doesn't need to have a meaning or whatever. Also, dude. Did this guy sniff glue or something?
https://youtube.com/shorts/yRNqXuECkYo
https://youtube.com/shorts/ZdxfjsiYCeY
https://youtube.com/shorts/VVZN7WOhozM
https://youtube.com/shorts/90qRhoHuNPc",1
Kendrick Lamar,Boom bap / Lyric,cbHkzwa0QmM,Kendrick Lamar - peekaboo (Official Audio),Kendrick Lamar,"Which team are you guys on? Team Drake or Team Kendrick Lamar? I choose the Jewish rapper over the Christian rapper. No joke.
https://youtube.com/shorts/yRNqXuECkYo
https://youtube.com/shorts/ZdxfjsiYCeY
https://youtube.com/shorts/VVZN7WOhozM
https://youtube.com/shorts/90qRhoHuNPc",1
Kendrick Lamar,Boom bap / Lyric,cbHkzwa0QmM,Kendrick Lamar - peekaboo (Official Audio),Kendrick Lamar,❤❤❤❤❤❤,0
Kendrick Lamar,Boom bap / Lyric,cbHkzwa0QmM,Kendrick Lamar - peekaboo (Official Audio),Kendrick Lamar,Good song.,1
Kendrick Lamar,Boom bap / Lyric,cbHkzwa0QmM,Kendrick Lamar - peekaboo (Official Audio),Kendrick Lamar,BLUEFACE ON THE REMIX WILL BE FIRE 🔥🔥,1
Kendrick Lamar,Boom bap / Lyric,cbHkzwa0QmM,Kendrick Lamar - peekaboo (Official Audio),Kendrick Lamar,What are they referring to,1
Kendrick Lamar,Boom bap / Lyric,cbHkzwa0QmM,Kendrick Lamar - peekaboo (Official Audio),Kendrick Lamar,2027 😂,2
Kendrick Lamar,Boom bap / Lyric,cbHkzwa0QmM,Kendrick Lamar - peekaboo (Official Audio),Kendrick Lamar,Winnie brought me here 😂,1
Kendrick Lamar,Boom bap / Lyric,cbHkzwa0QmM,Kendrick Lamar - peekaboo (Official Audio),Kendrick Lamar,This stupid,0
Kendrick Lamar,Boom bap / Lyric,cbHkzwa0QmM,Kendrick Lamar - peekaboo (Official Audio),Kendrick Lamar,6:33 PEEKABOO😅,4
Kendrick Lamar,Boom bap / Lyric,cbHkzwa0QmM,Kendrick Lamar - peekaboo (Official Audio),Kendrick Lamar,💯,1
Kendrick Lamar,Boom bap / Lyric,cbHkzwa0QmM,Kendrick Lamar - peekaboo (Official Audio),Kendrick Lamar,"Bro. Wtf is ""peekaboo I out em boogers on my chain"" like wtf🥀🫩✌️",0
Kendrick Lamar,Boom bap / Lyric,cbHkzwa0QmM,Kendrick Lamar - peekaboo (Official Audio),Kendrick Lamar,Where it starts 1:45,0
Kendrick Lamar,Boom bap / Lyric,cbHkzwa0QmM,Kendrick Lamar - peekaboo (Official Audio),Kendrick Lamar,Will appreciate if u will come to South Africa 🇿🇦❤,0
Kendrick Lamar,Boom bap / Lyric,cbHkzwa0QmM,Kendrick Lamar - peekaboo (Official Audio),Kendrick Lamar,Yo definitely 3/10 song,0
Kendrick Lamar,Boom bap / Lyric,cbHkzwa0QmM,Kendrick Lamar - peekaboo (Official Audio),Kendrick Lamar,NEVER GOT HIS ASS WHOOPED TILL HE OPENED UP THAT CAN 🤣,0
Kendrick Lamar,Boom bap / Lyric,cbHkzwa0QmM,Kendrick Lamar - peekaboo (Official Audio),Kendrick Lamar,Same,0
Kendrick Lamar,Boom bap / Lyric,cbHkzwa0QmM,Kendrick Lamar - peekaboo (Official Audio),Kendrick Lamar,1:46  😎,0
Kendrick Lamar,Boom bap / Lyric,cbHkzwa0QmM,Kendrick Lamar - peekaboo (Official Audio),Kendrick Lamar,Pikabu 😂😂 this song is the worst song of all time in the history of west coast hip hop,1
Kendrick Lamar,Boom bap / Lyric,cbHkzwa0QmM,Kendrick Lamar - peekaboo (Official Audio),Kendrick Lamar,"“hEy HeY heY HeY with all that fake shit, hEy HeY heY HeY ain’t the one to play with…”—Compton vibes 🌴🎶💃🏽🕺",1
Kendrick Lamar,Boom bap / Lyric,cbHkzwa0QmM,Kendrick Lamar - peekaboo (Official Audio),Kendrick Lamar,Compton vibes 🌴🎶💃🏽🕺,0
Kendrick Lamar,Boom bap / Lyric,cbHkzwa0QmM,Kendrick Lamar - peekaboo (Official Audio),Kendrick Lamar,This must be something different because I don't get the hype I'm not going to ruin your parade I'm just saying he's not my jam there are a lot more lyrically talented people than this individual,1
Kendrick Lamar,Boom bap / Lyric,cbHkzwa0QmM,Kendrick Lamar - peekaboo (Official Audio),Kendrick Lamar,Still in rotation 😂🔥🖤,1
Kendrick Lamar,Boom bap / Lyric,cbHkzwa0QmM,Kendrick Lamar - peekaboo (Official Audio),Kendrick Lamar,🔥🔥🔥🔥🔥🔥🔥🔥🔥🔥🔥🔥🔥🔥🔥🔥🔥🔥🔥🔥🔥🔥🔥🔥🔥🔥🔥🔥🔥🔥🔥🔥🔥🔥🔥🔥🔥🔥🔥🔥🔥🔥🔥🔥🔥🔥🔥🔥🔥🔥🔥🔥🔥,0
Kendrick Lamar,Boom bap / Lyric,cbHkzwa0QmM,Kendrick Lamar - peekaboo (Official Audio),Kendrick Lamar,Fire anyone give me like it is Scriba,0
Kendrick Lamar,Boom bap / Lyric,cbHkzwa0QmM,Kendrick Lamar - peekaboo (Official Audio),Kendrick Lamar,This man Kendrick is actually a troll. This is not a serious track but it slaps. The AzChike feature here is great as well. I like goofy Kendrick and Az really works with Kendrick.,1
Kendrick Lamar,Boom bap / Lyric,cbHkzwa0QmM,Kendrick Lamar - peekaboo (Official Audio),Kendrick Lamar,"peekaboo ,may 2026",2
Kendrick Lamar,Boom bap / Lyric,cbHkzwa0QmM,Kendrick Lamar - peekaboo (Official Audio),Kendrick Lamar,This is one of the ugliest songs I've heard,1
Kendrick Lamar,Boom bap / Lyric,cbHkzwa0QmM,Kendrick Lamar - peekaboo (Official Audio),Kendrick Lamar,Like bing bop boom boom boom bop bam,1
Kendrick Lamar,Boom bap / Lyric,cbHkzwa0QmM,Kendrick Lamar - peekaboo (Official Audio),Kendrick Lamar,Peekaboo,0
Kendrick Lamar,Boom bap / Lyric,cbHkzwa0QmM,Kendrick Lamar - peekaboo (Official Audio),Kendrick Lamar,1:46 hits different Kendrick bro,2
Kendrick Lamar,Boom bap / Lyric,cbHkzwa0QmM,Kendrick Lamar - peekaboo (Official Audio),Kendrick Lamar,Who heard Drakeo on this beat,0
Kendrick Lamar,Boom bap / Lyric,cbHkzwa0QmM,Kendrick Lamar - peekaboo (Official Audio),Kendrick Lamar,Why Aka talking trash about his ft. these boys is 🔥,0
Kendrick Lamar,Boom bap / Lyric,cbHkzwa0QmM,Kendrick Lamar - peekaboo (Official Audio),Kendrick Lamar,He said i just put my boogers in the chain,0
Kendrick Lamar,Boom bap / Lyric,cbHkzwa0QmM,Kendrick Lamar - peekaboo (Official Audio),Kendrick Lamar,we all are her for the boom ba boom ba boom ba bam,1
Kendrick Lamar,Boom bap / Lyric,cbHkzwa0QmM,Kendrick Lamar - peekaboo (Official Audio),Kendrick Lamar,2:04,0
Kendrick Lamar,Boom bap / Lyric,cbHkzwa0QmM,Kendrick Lamar - peekaboo (Official Audio),Kendrick Lamar,🔥🔥🔥🔥🔥🔥man,0
Kendrick Lamar,Boom bap / Lyric,cbHkzwa0QmM,Kendrick Lamar - peekaboo (Official Audio),Kendrick Lamar,I like Kendrick but he sounds like Kevin hart rappin 😂 but it bangs,0
Kendrick Lamar,Boom bap / Lyric,cbHkzwa0QmM,Kendrick Lamar - peekaboo (Official Audio),Kendrick Lamar,Ain't this drakeo the ruler original beat? And almost the same lyrics?,0
Kendrick Lamar,Boom bap / Lyric,cbHkzwa0QmM,Kendrick Lamar - peekaboo (Official Audio),Kendrick Lamar,1:27,1
Kendrick Lamar,Boom bap / Lyric,cbHkzwa0QmM,Kendrick Lamar - peekaboo (Official Audio),Kendrick Lamar,✋🏼😵🤚🏼,1
Kendrick Lamar,Boom bap / Lyric,cbHkzwa0QmM,Kendrick Lamar - peekaboo (Official Audio),Kendrick Lamar,okay why dose the beginning sounds to me like “ what they tell the tell my nan”😭,0
Kendrick Lamar,Boom bap / Lyric,cbHkzwa0QmM,Kendrick Lamar - peekaboo (Official Audio),Kendrick Lamar,Yes still 🔥🔥🔥🔥🔥🔥🙏🙏🙏❤️❤️❤️❤️💯💯💯,2
Kendrick Lamar,Boom bap / Lyric,cbHkzwa0QmM,Kendrick Lamar - peekaboo (Official Audio),Kendrick Lamar,Kendrick is the goat ❤❤❤❤,1
Kendrick Lamar,Boom bap / Lyric,cbHkzwa0QmM,Kendrick Lamar - peekaboo (Official Audio),Kendrick Lamar,Ripped Drakeo’s whole flow,0
Kendrick Lamar,Boom bap / Lyric,cbHkzwa0QmM,Kendrick Lamar - peekaboo (Official Audio),Kendrick Lamar,Snitch 3 go free. Robert not getting fucked for weeks now.,0
Kendrick Lamar,Boom bap / Lyric,cbHkzwa0QmM,Kendrick Lamar - peekaboo (Official Audio),Kendrick Lamar,Bonta snitch,0
Kendrick Lamar,Boom bap / Lyric,cbHkzwa0QmM,Kendrick Lamar - peekaboo (Official Audio),Kendrick Lamar,Huh ❤😂,0
Kendrick Lamar,Boom bap / Lyric,cbHkzwa0QmM,Kendrick Lamar - peekaboo (Official Audio),Kendrick Lamar,1:46,0
Kendrick Lamar,Boom bap / Lyric,cbHkzwa0QmM,Kendrick Lamar - peekaboo (Official Audio),Kendrick Lamar,1:08,0
Kendrick Lamar,Boom bap / Lyric,cbHkzwa0QmM,Kendrick Lamar - peekaboo (Official Audio),Kendrick Lamar,What our 47th president is probably listening to in the beast! ❤ 🌹 ❤ But know one truly knows who even knew???????🏐🥅☎📞📅📆🗓📍📝🗝🪜🪝🧬🔬🚿🩸,1
Kendrick Lamar,Boom bap / Lyric,cbHkzwa0QmM,Kendrick Lamar - peekaboo (Official Audio),Kendrick Lamar,1:44 bing bat boom boom boom bat bay um,0
Kendrick Lamar,Boom bap / Lyric,cbHkzwa0QmM,Kendrick Lamar - peekaboo (Official Audio),Kendrick Lamar,Got caught slippin in the same way he sang about. RIP foolio,0
Kendrick Lamar,Boom bap / Lyric,cbHkzwa0QmM,Kendrick Lamar - peekaboo (Official Audio),Kendrick Lamar,Rap used to be good this shit garbage. And I am a fan of Kendrick but damn rap fell off,0
Kendrick Lamar,Boom bap / Lyric,cbHkzwa0QmM,Kendrick Lamar - peekaboo (Official Audio),Kendrick Lamar,who is the feture on this song!!!,0
Kendrick Lamar,Boom bap / Lyric,cbHkzwa0QmM,Kendrick Lamar - peekaboo (Official Audio),Kendrick Lamar,🇵🇸🇵🇸🇵🇸🥰🥰🇵🇸,0
Kendrick Lamar,Boom bap / Lyric,cbHkzwa0QmM,Kendrick Lamar - peekaboo (Official Audio),Kendrick Lamar,On God’s Amen Omen,0
Kendrick Lamar,Boom bap / Lyric,cbHkzwa0QmM,Kendrick Lamar - peekaboo (Official Audio),Kendrick Lamar,.,0
Kendrick Lamar,Boom bap / Lyric,cbHkzwa0QmM,Kendrick Lamar - peekaboo (Official Audio),Kendrick Lamar,This song got good energy💯,0
Kendrick Lamar,Boom bap / Lyric,cbHkzwa0QmM,Kendrick Lamar - peekaboo (Official Audio),Kendrick Lamar,🧊🧊🧊🧊🧊🧊🧊🧊🧊🧊🧊🧊,0
Kendrick Lamar,Boom bap / Lyric,cbHkzwa0QmM,Kendrick Lamar - peekaboo (Official Audio),Kendrick Lamar,Why voice so much match with snoop?,0
Kendrick Lamar,Boom bap / Lyric,cbHkzwa0QmM,Kendrick Lamar - peekaboo (Official Audio),Kendrick Lamar,i like my mac touching yams,0
Kendrick Lamar,Boom bap / Lyric,cbHkzwa0QmM,Kendrick Lamar - peekaboo (Official Audio),Kendrick Lamar,"What 's crazy is the ""Bang bop boom boom boom bop bam"" and xxxtentacion was shot in the neck 3 times ""boom boom boom""",0
Kendrick Lamar,Boom bap / Lyric,cbHkzwa0QmM,Kendrick Lamar - peekaboo (Official Audio),Kendrick Lamar,"""Whattheytalmbouttheyainttalmboutnuttinwhattheytalmbouttheyainttalmboutnuttinwhattheytalmbouttheyainttalmboutnuttinwhattheytalmbouttheyainttalmboutnuttin""
""hey hey hey hey""
""bing bop boom boom bing bop bam""
peak lyrics right here",1
Kendrick Lamar,Boom bap / Lyric,cbHkzwa0QmM,Kendrick Lamar - peekaboo (Official Audio),Kendrick Lamar,🔥💯,0
Kendrick Lamar,Boom bap / Lyric,cbHkzwa0QmM,Kendrick Lamar - peekaboo (Official Audio),Kendrick Lamar,First Lit 🔥 💯,0
Kendrick Lamar,Boom bap / Lyric,cbHkzwa0QmM,Kendrick Lamar - peekaboo (Official Audio),Kendrick Lamar,❤🦅🦾,0
Kendrick Lamar,Boom bap / Lyric,cbHkzwa0QmM,Kendrick Lamar - peekaboo (Official Audio),Kendrick Lamar,FAITH😂   KETCHUP mustard    peakaboo😂,1
Kendrick Lamar,Boom bap / Lyric,cbHkzwa0QmM,Kendrick Lamar - peekaboo (Official Audio),Kendrick Lamar,Peekaboo,0
Kendrick Lamar,Boom bap / Lyric,cbHkzwa0QmM,Kendrick Lamar - peekaboo (Official Audio),Kendrick Lamar,Peekaboo,0
Kendrick Lamar,Boom bap / Lyric,cbHkzwa0QmM,Kendrick Lamar - peekaboo (Official Audio),Kendrick Lamar,1:47 Bing bang boom boom boom back boom Bing bang boom boom boom Bam just press this and then you’ll get to that part😊,1
Kendrick Lamar,Boom bap / Lyric,cbHkzwa0QmM,Kendrick Lamar - peekaboo (Official Audio),Kendrick Lamar,Hey not the one to play with,1
Kendrick Lamar,Boom bap / Lyric,cbHkzwa0QmM,Kendrick Lamar - peekaboo (Official Audio),Kendrick Lamar,Too much to listen,0
Kendrick Lamar,Boom bap / Lyric,cbHkzwa0QmM,Kendrick Lamar - peekaboo (Official Audio),Kendrick Lamar,Your arms are 2 short 2 box with a god!   FAITH   lol😂   ketchup mustard,2
Kendrick Lamar,Boom bap / Lyric,cbHkzwa0QmM,Kendrick Lamar - peekaboo (Official Audio),Kendrick Lamar,❤❤❤❤❤❤❤❤❤❤❤❤❤❤❤❤❤❤❤❤❤❤❤❤❤❤❤❤❤❤❤❤❤❤❤❤❤❤❤❤❤❤❤❤❤❤❤❤❤❤❤❤❤❤❤❤❤❤❤❤,0
Kendrick Lamar,Boom bap / Lyric,cbHkzwa0QmM,Kendrick Lamar - peekaboo (Official Audio),Kendrick Lamar,I respect this guy but when it comes to raw lyrics late 80' early 90's is where its at.,0
Kendrick Lamar,Boom bap / Lyric,cbHkzwa0QmM,Kendrick Lamar - peekaboo (Official Audio),Kendrick Lamar,😂😂🔥🔥🔥,0
Kendrick Lamar,Boom bap / Lyric,cbHkzwa0QmM,Kendrick Lamar - peekaboo (Official Audio),Kendrick Lamar,that bassline,0
Kendrick Lamar,Boom bap / Lyric,cbHkzwa0QmM,Kendrick Lamar - peekaboo (Official Audio),Kendrick Lamar,Gotta change it to “80 points like a bam game” now damn 😔,1
Kendrick Lamar,Boom bap / Lyric,cbHkzwa0QmM,Kendrick Lamar - peekaboo (Official Audio),Kendrick Lamar,"Give a helping hand
To your fellow men, oh-oh, my-
A'ight, what?
Look
What they talkin' 'bout? They ain't talkin' 'bout nothin'
What they talkin' 'bout? They ain't talkin' 'bout nothin'
What they talkin' 'bout? They ain't talkin' 'bout nothin'
What they talkin' 'bout? They ain't talkin' 'bout nothin'
Huh? They ain't talkin' 'bout nothin'
Hm, a'ight
What they talkin' 'bout? They ain't talkin' 'bout nothin'
What they talkin' 'bout? They ain't talkin' 'bout nothin'
What they talkin' 'bout? They ain't talkin' 'bout nothin'
What they talkin' 'bout? They ain't talkin' 'bout nothin'
Huh? They ain't talkin' 'bout nothin', hmm
Peekaboo, I just put them boogers in my chain
Peekaboo, 80 pointers like a Kobe game
Peekaboo, 7.62's, I'll make 'em plank
Peekaboo, poppin' out, you better not smoke my name
Peekaboo, put two foreigns on the 405
Peekaboo, cacio e pepe if I'm doin' pasta
Peekaboo, why you actin' tough on IG Live?
Peekaboo, you know my lil' niggas off they rocker
Peekaboo, surprise, bitch, it's that nigga Chike E. Cheese
Peekaboo, let me FaceTime my opp, bitch, I'm in the streets
Peekaboo, yeah, it's Az-, I'm puttin' somethin' to sleep
Peekaboo, he on the ground, I praise God and start stompin' feet
Peekaboo, I put ten on his face, bitch, my shooter plan
Peekaboo, I hit it from the back, I told her move her hand
Peekaboo, then slide my thumb in it, where her ugh at
Peekaboo, I'm on your top, I'm with Dot, bitch, don't look back
What they talkin' 'bout? They ain't talkin' 'bout nothin'
What they talkin' 'bout? They ain't talkin' 'bout nothin'
What they talkin' 'bout? They ain't talkin' 'bout nothin'
What they talkin' 'bout? They ain't talkin' 'bout nothin'
Huh? They ain't talkin' 'bout nothin', hm
Hey, hey, hey, hey, hey, hey, hey, that's my bitch
Hey, hey, hey, hey, hey, hey, that's my bitch
Hey, hey, hey, hey, with all that fake shit
Hey, hey, hey, hey, ain't the one to play with
Hey, hey, hey, hey, hey
Pull off in a Lamb'
Double parkin' all at Tam's, Mr. Get-Off-On-Your-Bands
If he hatin', disrespect, you better follow up with hands
Losses to the neck, but now I'm trophied up, I'm sayin', like
""Bing-bap-boom-boom-boom-bap-bam""
The type of shit I'm on, you wouldn't understand
The type of skits I'm on, you wouldn't understand
Big dawg business, I would not hold your hand
Broke bitch business, I could not be your man
Never got his ass whooped until we open up that can
Damn, alley-oop me bands, I'ma slam
Gym freak, bitch, I like my MAC touchin' yams
Play that opps shit around me, I'ma tell you, ""Turn it off""
Heard what happened to your mans, not sorry for your loss
Should've prayed before them shooters came and nailed him to cross
I let your boy get a pass, bitch, you lucky he soft, for real
What they talkin' 'bout? They ain't talkin' 'bout nothin'
What they talkin' 'bout? They ain't talkin' 'bout nothin'
What they talkin' 'bout? They ain't talkin' 'bout nothin'
What they talkin' 'bout? They ain't talkin' 'bout nothin'
Huh? They ain't talkin' 'bout nothin'
Hm, a'ight
What they talkin' 'bout? They ain't talkin' 'bout nothin'
What they talkin' 'bout? They ain't talkin' 'bout nothin'
What they talkin' 'bout? They ain't talkin' 'bout nothin'
What they talkin' 'bout? They ain't talkin' 'bout nothin'
Huh? They ain't talkin' 'bout nothin', hm
Peekaboo",0
Kendrick Lamar,Boom bap / Lyric,cbHkzwa0QmM,Kendrick Lamar - peekaboo (Official Audio),Kendrick Lamar,"""I like my Mac touchin' Yams!"" 💯",0
Kendrick Lamar,Boom bap / Lyric,cbHkzwa0QmM,Kendrick Lamar - peekaboo (Official Audio),Kendrick Lamar,This video is really helpful I will come back to watch it again.,1
Kendrick Lamar,Boom bap / Lyric,cbHkzwa0QmM,Kendrick Lamar - peekaboo (Official Audio),Kendrick Lamar,The idea is outstanding It made my day better.,0
Kendrick Lamar,Boom bap / Lyric,cbHkzwa0QmM,Kendrick Lamar - peekaboo (Official Audio),Kendrick Lamar,I BE PUDDING THESE BUGERS ON MY CHAIN THAT HARD RIGHT THERE THOUGH,0
Kendrick Lamar,Boom bap / Lyric,cbHkzwa0QmM,Kendrick Lamar - peekaboo (Official Audio),Kendrick Lamar,Uh-oooooooH😊,0
Kendrick Lamar,Boom bap / Lyric,cbHkzwa0QmM,Kendrick Lamar - peekaboo (Official Audio),Kendrick Lamar,Ayooo clack comin. Need some more solo sheeeeet. Inspire this man again.,0
Kendrick Lamar,Boom bap / Lyric,cbHkzwa0QmM,Kendrick Lamar - peekaboo (Official Audio),Kendrick Lamar,🇳🇬,0
Kendrick Lamar,Boom bap / Lyric,cbHkzwa0QmM,Kendrick Lamar - peekaboo (Official Audio),Kendrick Lamar,MUTT Leon Thomas Chris brown,0
Kendrick Lamar,Boom bap / Lyric,cbHkzwa0QmM,Kendrick Lamar - peekaboo (Official Audio),Kendrick Lamar,1:43 the best part yall been searchin about welcome.,2
Kendrick Lamar,Boom bap / Lyric,cbHkzwa0QmM,Kendrick Lamar - peekaboo (Official Audio),Kendrick Lamar,🎉2026,0
Kendrick Lamar,Boom bap / Lyric,cbHkzwa0QmM,Kendrick Lamar - peekaboo (Official Audio),Kendrick Lamar,Bing ￼bop boom boom ￼ boom￼,1
Kendrick Lamar,Boom bap / Lyric,cbHkzwa0QmM,Kendrick Lamar - peekaboo (Official Audio),Kendrick Lamar,"Every time I hear this I thought he saying ""peakable""",0
Kendrick Lamar,Boom bap / Lyric,cbHkzwa0QmM,Kendrick Lamar - peekaboo (Official Audio),Kendrick Lamar,삥빡뽕뽕뽕빡삥삥 듣고 옴,1
Kendrick Lamar,Boom bap / Lyric,cbHkzwa0QmM,Kendrick Lamar - peekaboo (Official Audio),Kendrick Lamar,I’m independent voter 🎉,0
Kendrick Lamar,Boom bap / Lyric,cbHkzwa0QmM,Kendrick Lamar - peekaboo (Official Audio),Kendrick Lamar,“Being locked up and coming out to new songs is always a blessingggg. tf is up.”,6
Kendrick Lamar,Boom bap / Lyric,cbHkzwa0QmM,Kendrick Lamar - peekaboo (Official Audio),Kendrick Lamar,Louder big girls taina stack and Tainah stack make some noise 👍 just going to big Mac from McDonald's huh,2
Kendrick Lamar,Boom bap / Lyric,cbHkzwa0QmM,Kendrick Lamar - peekaboo (Official Audio),Kendrick Lamar,Big girls ha ha you better now so peeeboo,1
Kendrick Lamar,Boom bap / Lyric,cbHkzwa0QmM,Kendrick Lamar - peekaboo (Official Audio),Kendrick Lamar,Hits better when you are shizo,1
Kendrick Lamar,Boom bap / Lyric,cbHkzwa0QmM,Kendrick Lamar - peekaboo (Official Audio),Kendrick Lamar,1:43 @drakeotheruler sneak diss,1
Kendrick Lamar,Boom bap / Lyric,cbHkzwa0QmM,Kendrick Lamar - peekaboo (Official Audio),Kendrick Lamar,Garbage,1
Kendrick Lamar,Boom bap / Lyric,cbHkzwa0QmM,Kendrick Lamar - peekaboo (Official Audio),Kendrick Lamar,"May the brother, Nip. Continues to rest in peace. Amen 🙏🏾 ✊🏾",1
Kendrick Lamar,Boom bap / Lyric,cbHkzwa0QmM,Kendrick Lamar - peekaboo (Official Audio),Kendrick Lamar,My boi got on his yuno miles rq😭,0
Kendrick Lamar,Boom bap / Lyric,cbHkzwa0QmM,Kendrick Lamar - peekaboo (Official Audio),Kendrick Lamar,Kendrick you my goat never stop making music man,2
Kendrick Lamar,Boom bap / Lyric,cbHkzwa0QmM,Kendrick Lamar - peekaboo (Official Audio),Kendrick Lamar,@shootingstar_star it be that way sometimes. And I bet it popped right up too lol,0
Kendrick Lamar,Boom bap / Lyric,cbHkzwa0QmM,Kendrick Lamar - peekaboo (Official Audio),Kendrick Lamar,1:46 best part,1
Kendrick Lamar,Boom bap / Lyric,cbHkzwa0QmM,Kendrick Lamar - peekaboo (Official Audio),Kendrick Lamar,"Thank you, brother, you motivated me during the workout. Thank you, my friend, you motivated me.",1
Kendrick Lamar,Boom bap / Lyric,cbHkzwa0QmM,Kendrick Lamar - peekaboo (Official Audio),Kendrick Lamar,80 POINTERS LIKE A BAM GAME,2
Kendrick Lamar,Boom bap / Lyric,cbHkzwa0QmM,Kendrick Lamar - peekaboo (Official Audio),Kendrick Lamar,"""hey what""🗣🗣🗣🗣🔥🔥🔥🔥🔥",0
Kendrick Lamar,Boom bap / Lyric,cbHkzwa0QmM,Kendrick Lamar - peekaboo (Official Audio),Kendrick Lamar,he the bomb,0
Kendrick Lamar,Boom bap / Lyric,cbHkzwa0QmM,Kendrick Lamar - peekaboo (Official Audio),Kendrick Lamar,He wrote the song when he was having a stroke,0
Kendrick Lamar,Boom bap / Lyric,cbHkzwa0QmM,Kendrick Lamar - peekaboo (Official Audio),Kendrick Lamar,Ts so ahh,2
Kendrick Lamar,Boom bap / Lyric,cbHkzwa0QmM,Kendrick Lamar - peekaboo (Official Audio),Kendrick Lamar,Why isn’t this streamed more,2
Kendrick Lamar,Boom bap / Lyric,cbHkzwa0QmM,Kendrick Lamar - peekaboo (Official Audio),Kendrick Lamar,never had a ass whoppin till he opened up dat can,1
Kendrick Lamar,Boom bap / Lyric,cbHkzwa0QmM,Kendrick Lamar - peekaboo (Official Audio),Kendrick Lamar,High quality of this song 😮😮😮,1
Kendrick Lamar,Boom bap / Lyric,cbHkzwa0QmM,Kendrick Lamar - peekaboo (Official Audio),Kendrick Lamar,Kendrick Lamar vice this song 🔥🔥🔥 killed,0
Kendrick Lamar,Boom bap / Lyric,cbHkzwa0QmM,Kendrick Lamar - peekaboo (Official Audio),Kendrick Lamar,👍💃💃💃,1
Kendrick Lamar,Boom bap / Lyric,cbHkzwa0QmM,Kendrick Lamar - peekaboo (Official Audio),Kendrick Lamar,Hey hey,0
Kendrick Lamar,Boom bap / Lyric,cbHkzwa0QmM,Kendrick Lamar - peekaboo (Official Audio),Kendrick Lamar,They ain't talking about nuttin,1
Kendrick Lamar,Boom bap / Lyric,cbHkzwa0QmM,Kendrick Lamar - peekaboo (Official Audio),Kendrick Lamar,I came here from the Mickey Mouse version,2
Kendrick Lamar,Boom bap / Lyric,cbHkzwa0QmM,Kendrick Lamar - peekaboo (Official Audio),Kendrick Lamar,Why they always trying to claim the sidewalk it's a shame that people don't know the law,0
Kendrick Lamar,Boom bap / Lyric,cbHkzwa0QmM,Kendrick Lamar - peekaboo (Official Audio),Kendrick Lamar,I searched up Bing boom boom Bing bop bam,0
Kendrick Lamar,Boom bap / Lyric,cbHkzwa0QmM,Kendrick Lamar - peekaboo (Official Audio),Kendrick Lamar,1:46,0
Kendrick Lamar,Boom bap / Lyric,cbHkzwa0QmM,Kendrick Lamar - peekaboo (Official Audio),Kendrick Lamar,This lit bro his better than drake,0
Kendrick Lamar,Boom bap / Lyric,cbHkzwa0QmM,Kendrick Lamar - peekaboo (Official Audio),Kendrick Lamar,Omg. Worst song I’ve heard in a decade.,1
Kendrick Lamar,Boom bap / Lyric,cbHkzwa0QmM,Kendrick Lamar - peekaboo (Official Audio),Kendrick Lamar,song name pls?,1
Kendrick Lamar,Boom bap / Lyric,cbHkzwa0QmM,Kendrick Lamar - peekaboo (Official Audio),Kendrick Lamar,"Samples:
Little Beaver - Give a Helping Hand (0:00-0:11)
Grelle-Chemand - Blue-Revery (0:29-0:39), (1:17-1:27), (1:37- 1:46), (2:04-2:14), (2:24-2:34)",0
Kendrick Lamar,Boom bap / Lyric,cbHkzwa0QmM,Kendrick Lamar - peekaboo (Official Audio),Kendrick Lamar,Peekaboo?!,1
Kendrick Lamar,Boom bap / Lyric,cbHkzwa0QmM,Kendrick Lamar - peekaboo (Official Audio),Kendrick Lamar,this is the worst song ever 😂,0
Kendrick Lamar,Boom bap / Lyric,cbHkzwa0QmM,Kendrick Lamar - peekaboo (Official Audio),Kendrick Lamar,I love that beat,2
Kendrick Lamar,Boom bap / Lyric,cbHkzwa0QmM,Kendrick Lamar - peekaboo (Official Audio),Kendrick Lamar,“They aint talking bout nothin”,0
Kendrick Lamar,Boom bap / Lyric,cbHkzwa0QmM,Kendrick Lamar - peekaboo (Official Audio),Kendrick Lamar,Peekabo bam adebyo,1
Kendrick Lamar,Boom bap / Lyric,cbHkzwa0QmM,Kendrick Lamar - peekaboo (Official Audio),Kendrick Lamar,Bing bop boom bop bam are the words uttered to open pandoras box.,1
Kendrick Lamar,Boom bap / Lyric,cbHkzwa0QmM,Kendrick Lamar - peekaboo (Official Audio),Kendrick Lamar,This beat slaps. ✔️,1
Kendrick Lamar,Boom bap / Lyric,cbHkzwa0QmM,Kendrick Lamar - peekaboo (Official Audio),Kendrick Lamar,"🫣PEEKABOO WHY YOU SON’S OF BITCHS ALWAYS 🤥LYING 
🫣PEEKABOO TRYING TO ACT LIKE Y’ALL ONE OF 👑🌗🔴⚪️🅾️🫲🪶🔼MINES……….Huh y’all ain’t talking bout nothing",0
Kendrick Lamar,Boom bap / Lyric,cbHkzwa0QmM,Kendrick Lamar - peekaboo (Official Audio),Kendrick Lamar,HEY HEY HEYYYYY y’all need quit HEY HEY HEYYYYYY with all that fake 🤖A.I shit💩,0
Kendrick Lamar,Boom bap / Lyric,cbHkzwa0QmM,Kendrick Lamar - peekaboo (Official Audio),Kendrick Lamar,😂BING BAP BOOM BAP BAM they talking about 🌗⭐️☀️🅾️Astrology and things they don’t understand knowing you can’t BE A 👑 ROYAL WITHOUT A 🫲LEFT HAND,0
Kendrick Lamar,Boom bap / Lyric,cbHkzwa0QmM,Kendrick Lamar - peekaboo (Official Audio),Kendrick Lamar,This song is just a vibe,0
Kendrick Lamar,Boom bap / Lyric,cbHkzwa0QmM,Kendrick Lamar - peekaboo (Official Audio),Kendrick Lamar,🦈🦈🦈🦈🦈🦈🦈,0
Kendrick Lamar,Boom bap / Lyric,cbHkzwa0QmM,Kendrick Lamar - peekaboo (Official Audio),Kendrick Lamar,80 pointer like a bam game,0
Kendrick Lamar,Boom bap / Lyric,cbHkzwa0QmM,Kendrick Lamar - peekaboo (Official Audio),Kendrick Lamar,"80 pointers like a Kobe game… bing boom boom bop BAM
Kendrick predicted Bam scoring 83",1
Kendrick Lamar,Boom bap / Lyric,cbHkzwa0QmM,Kendrick Lamar - peekaboo (Official Audio),Kendrick Lamar,132,1
Kendrick Lamar,Boom bap / Lyric,cbHkzwa0QmM,Kendrick Lamar - peekaboo (Official Audio),Kendrick Lamar,This shitty ass music singing random shit call it a song? And went viral?,1
Kendrick Lamar,Boom bap / Lyric,cbHkzwa0QmM,Kendrick Lamar - peekaboo (Official Audio),Kendrick Lamar,The klee and friend,1
Kendrick Lamar,Boom bap / Lyric,cbHkzwa0QmM,Kendrick Lamar - peekaboo (Official Audio),Kendrick Lamar,0:59 the feat,1
Kendrick Lamar,Boom bap / Lyric,cbHkzwa0QmM,Kendrick Lamar - peekaboo (Official Audio),Kendrick Lamar,let me facetime my opp,1
Kendrick Lamar,Boom bap / Lyric,cbHkzwa0QmM,Kendrick Lamar - peekaboo (Official Audio),Kendrick Lamar,"my list is long, but essentially, I'm using gentle parenting.",0
Kendrick Lamar,Boom bap / Lyric,cbHkzwa0QmM,Kendrick Lamar - peekaboo (Official Audio),Kendrick Lamar,Omg,1
Kendrick Lamar,Boom bap / Lyric,cbHkzwa0QmM,Kendrick Lamar - peekaboo (Official Audio),Kendrick Lamar,Kenyan lamar😂,1
Kendrick Lamar,Boom bap / Lyric,cbHkzwa0QmM,Kendrick Lamar - peekaboo (Official Audio),Kendrick Lamar,THE GOAT 🐐 ❤️🖤💛💚👑🎬🎼🎤🏆🔥🔥🔥🔥,1
Kendrick Lamar,Boom bap / Lyric,cbHkzwa0QmM,Kendrick Lamar - peekaboo (Official Audio),Kendrick Lamar,Lamar is in his prime you single berries you cutting the mvp stop,1
Kendrick Lamar,Boom bap / Lyric,cbHkzwa0QmM,Kendrick Lamar - peekaboo (Official Audio),Kendrick Lamar,83 pointers like a BAM game 😂,2
Kendrick Lamar,Boom bap / Lyric,cbHkzwa0QmM,Kendrick Lamar - peekaboo (Official Audio),Kendrick Lamar,#KDot and #AzChike will always hit for the WestSide no cap !!! 🔥💙🙏🏾👊🏾💪🏾✊🏾✌🏾💯,1
Kendrick Lamar,Boom bap / Lyric,cbHkzwa0QmM,Kendrick Lamar - peekaboo (Official Audio),Kendrick Lamar,Bing Bop boom boom boom bop bam💀💀,0
Kendrick Lamar,Boom bap / Lyric,cbHkzwa0QmM,Kendrick Lamar - peekaboo (Official Audio),Kendrick Lamar,Who’s the feature?,1
Kendrick Lamar,Boom bap / Lyric,cbHkzwa0QmM,Kendrick Lamar - peekaboo (Official Audio),Kendrick Lamar,Copied Yuno Miles whole flow and lyrics,0
Kendrick Lamar,Boom bap / Lyric,cbHkzwa0QmM,Kendrick Lamar - peekaboo (Official Audio),Kendrick Lamar,HAYHAYHAY 🐴,0
Kendrick Lamar,Boom bap / Lyric,cbHkzwa0QmM,Kendrick Lamar - peekaboo (Official Audio),Kendrick Lamar,"Babyboo, she gon’ call me babyboo🗣️",1
Kendrick Lamar,Boom bap / Lyric,cbHkzwa0QmM,Kendrick Lamar - peekaboo (Official Audio),Kendrick Lamar,Gay song,1
Kendrick Lamar,Boom bap / Lyric,cbHkzwa0QmM,Kendrick Lamar - peekaboo (Official Audio),Kendrick Lamar,That's the trumpet homie,1
Kendrick Lamar,Boom bap / Lyric,cbHkzwa0QmM,Kendrick Lamar - peekaboo (Official Audio),Kendrick Lamar,What the hell are they talking about?,2
Kendrick Lamar,Boom bap / Lyric,cbHkzwa0QmM,Kendrick Lamar - peekaboo (Official Audio),Kendrick Lamar,Um this is for XXX don't forget that. I love Juice and X.,0
Kendrick Lamar,Boom bap / Lyric,cbHkzwa0QmM,Kendrick Lamar - peekaboo (Official Audio),Kendrick Lamar,80 pointer like a bam game,25
Kendrick Lamar,Boom bap / Lyric,cbHkzwa0QmM,Kendrick Lamar - peekaboo (Official Audio),Kendrick Lamar,Whatheytawnbouttheyainttawnboutnunwhattheytawnboutwhatheytawnbouttheyainttawnboutnuttin...huh??,2
Kendrick Lamar,Boom bap / Lyric,cbHkzwa0QmM,Kendrick Lamar - peekaboo (Official Audio),Kendrick Lamar,No sé qué dice pero suena good,1
Kendrick Lamar,Boom bap / Lyric,cbHkzwa0QmM,Kendrick Lamar - peekaboo (Official Audio),Kendrick Lamar,this is so peak,4
Kendrick Lamar,Boom bap / Lyric,cbHkzwa0QmM,Kendrick Lamar - peekaboo (Official Audio),Kendrick Lamar,Peekaboo 🔥🔥,2
Kendrick Lamar,Boom bap / Lyric,cbHkzwa0QmM,Kendrick Lamar - peekaboo (Official Audio),Kendrick Lamar,80 pointers like a Kobe game✅✅✅                    80 pointers like a Adebayo game❌❌❌❌❌❌,9
Kendrick Lamar,Boom bap / Lyric,cbHkzwa0QmM,Kendrick Lamar - peekaboo (Official Audio),Kendrick Lamar,When he said bing bop boom boom boom bop bam I felt that💯💯🔥💯🔥,0
Kendrick Lamar,Boom bap / Lyric,cbHkzwa0QmM,Kendrick Lamar - peekaboo (Official Audio),Kendrick Lamar,HUH?!😒,0
Kendrick Lamar,Boom bap / Lyric,cbHkzwa0QmM,Kendrick Lamar - peekaboo (Official Audio),Kendrick Lamar,SOUTH AFRICA!!!🔥🔥🔥🔥🔥🔥🔥🔥🔥🔥🔥🧯🧯🧯,1
Kendrick Lamar,Boom bap / Lyric,cbHkzwa0QmM,Kendrick Lamar - peekaboo (Official Audio),Kendrick Lamar,80 points like a Bam game 🙂‍↕️,7
Kendrick Lamar,Boom bap / Lyric,cbHkzwa0QmM,Kendrick Lamar - peekaboo (Official Audio),Kendrick Lamar,Mah Na Mah Na,0
Kendrick Lamar,Boom bap / Lyric,cbHkzwa0QmM,Kendrick Lamar - peekaboo (Official Audio),Kendrick Lamar,🖤💯🖤,0
Kendrick Lamar,Boom bap / Lyric,cbHkzwa0QmM,Kendrick Lamar - peekaboo (Official Audio),Kendrick Lamar,"So when I’m looking for bangers.   I think of Kendrick and Beyoncé 



But now I love alkimizta",1
Kendrick Lamar,Boom bap / Lyric,cbHkzwa0QmM,Kendrick Lamar - peekaboo (Official Audio),Kendrick Lamar,Huh? They ain talmbout none 🔥🔥,0
Kendrick Lamar,Boom bap / Lyric,cbHkzwa0QmM,Kendrick Lamar - peekaboo (Official Audio),Kendrick Lamar,Kendrick predicted bam adebayo 80 point game 😮,2
Kendrick Lamar,Boom bap / Lyric,cbHkzwa0QmM,Kendrick Lamar - peekaboo (Official Audio),Kendrick Lamar,"so did we all just search ""boom bap bam kendrick lamar"" 😭",1
Kendrick Lamar,Boom bap / Lyric,cbHkzwa0QmM,Kendrick Lamar - peekaboo (Official Audio),Kendrick Lamar,"did Mr Lamar predict it??! 
“80 pointers like a kobe game”

“bing bop boom boom boom BAM”",22
Kendrick Lamar,Boom bap / Lyric,cbHkzwa0QmM,Kendrick Lamar - peekaboo (Official Audio),Kendrick Lamar,0:41 80s like a bam and Kobe game*,16
Kendrick Lamar,Boom bap / Lyric,cbHkzwa0QmM,Kendrick Lamar - peekaboo (Official Audio),Kendrick Lamar,0:41 80 pointers like a Bam game,30
Kendrick Lamar,Boom bap / Lyric,cbHkzwa0QmM,Kendrick Lamar - peekaboo (Official Audio),Kendrick Lamar,Bam Adebayo,10
Kendrick Lamar,Boom bap / Lyric,cbHkzwa0QmM,Kendrick Lamar - peekaboo (Official Audio),Kendrick Lamar,same dude that made MUSTARDDDDDDDDDDDDDDDDDDDDDDDDDDDDDDD btw,0
Kendrick Lamar,Boom bap / Lyric,cbHkzwa0QmM,Kendrick Lamar - peekaboo (Official Audio),Kendrick Lamar,0:41 Why you're now listening to this. 😂,18
Kendrick Lamar,Boom bap / Lyric,cbHkzwa0QmM,Kendrick Lamar - peekaboo (Official Audio),Kendrick Lamar,Men this song is a hit,3
Kendrick Lamar,Boom bap / Lyric,cbHkzwa0QmM,Kendrick Lamar - peekaboo (Official Audio),Kendrick Lamar,“80 POINTERS LIKE A BAM GAME”,7
Kendrick Lamar,Boom bap / Lyric,cbHkzwa0QmM,Kendrick Lamar - peekaboo (Official Audio),Kendrick Lamar,“80 pointers just like a Bam game”,43
Kendrick Lamar,Boom bap / Lyric,cbHkzwa0QmM,Kendrick Lamar - peekaboo (Official Audio),Kendrick Lamar,Bro rly said bam and 80 points,7
Kendrick Lamar,Boom bap / Lyric,cbHkzwa0QmM,Kendrick Lamar - peekaboo (Official Audio),Kendrick Lamar,Peekabo! Bam just broke Kobe's 80 pointer game 🔥,11
Kendrick Lamar,Boom bap / Lyric,cbHkzwa0QmM,Kendrick Lamar - peekaboo (Official Audio),Kendrick Lamar,rip shooting star,1
Kendrick Lamar,Boom bap / Lyric,cbHkzwa0QmM,Kendrick Lamar - peekaboo (Official Audio),Kendrick Lamar,1:45 is all you Guys looking for 😂 Thank me later!,1
Kendrick Lamar,Boom bap / Lyric,cbHkzwa0QmM,Kendrick Lamar - peekaboo (Official Audio),Kendrick Lamar,1:28 - 1:38 Hey hey hey hey hey hey! I can't fkn breathe 😭😭😭😭😭😭😭😭,0
Kendrick Lamar,Boom bap / Lyric,cbHkzwa0QmM,Kendrick Lamar - peekaboo (Official Audio),Kendrick Lamar,At 70 years of age!! In 2026. And still here! Listening to king Kendrick’s. Grooving!❤😅😊 💯! 🔥,2
Kendrick Lamar,Boom bap / Lyric,cbHkzwa0QmM,Kendrick Lamar - peekaboo (Official Audio),Kendrick Lamar,This joint is 🔥 🔥 🔥 Legendary Shyt 👊🏿 ✊🏿,1
Kendrick Lamar,Boom bap / Lyric,cbHkzwa0QmM,Kendrick Lamar - peekaboo (Official Audio),Kendrick Lamar,Only Kdot can drop a new classic 😎,1
Kendrick Lamar,Boom bap / Lyric,cbHkzwa0QmM,Kendrick Lamar - peekaboo (Official Audio),Kendrick Lamar,"guys, the first 9 seconds of the song is sampled from the song ""give me a helping hand"" accelerated by 1,30 starting from  the 12th second to the 24th.",0
Kendrick Lamar,Boom bap / Lyric,cbHkzwa0QmM,Kendrick Lamar - peekaboo (Official Audio),Kendrick Lamar,They yakin about that low rider,0
Kendrick Lamar,Boom bap / Lyric,cbHkzwa0QmM,Kendrick Lamar - peekaboo (Official Audio),Kendrick Lamar,I made this beat and was never paid or credited for the work,0
Kendrick Lamar,Boom bap / Lyric,cbHkzwa0QmM,Kendrick Lamar - peekaboo (Official Audio),Kendrick Lamar,March 2026?,1
Kendrick Lamar,Boom bap / Lyric,cbHkzwa0QmM,Kendrick Lamar - peekaboo (Official Audio),Kendrick Lamar,❤❤❤,0
Kendrick Lamar,Boom bap / Lyric,cbHkzwa0QmM,Kendrick Lamar - peekaboo (Official Audio),Kendrick Lamar,What they toma they toma bout...😅😅,1
Kendrick Lamar,Boom bap / Lyric,cbHkzwa0QmM,Kendrick Lamar - peekaboo (Official Audio),Kendrick Lamar,Same,0
Kendrick Lamar,Boom bap / Lyric,cbHkzwa0QmM,Kendrick Lamar - peekaboo (Official Audio),Kendrick Lamar,DNA 🧬 or  peekaboo,1
Kendrick Lamar,Boom bap / Lyric,cbHkzwa0QmM,Kendrick Lamar - peekaboo (Official Audio),Kendrick Lamar,🔥🔥🔥🔥,2
Kendrick Lamar,Boom bap / Lyric,cbHkzwa0QmM,Kendrick Lamar - peekaboo (Official Audio),Kendrick Lamar,Who else is here because of Eric adams,0
Kendrick Lamar,Boom bap / Lyric,cbHkzwa0QmM,Kendrick Lamar - peekaboo (Official Audio),Kendrick Lamar,this is excellent,1
Kendrick Lamar,Boom bap / Lyric,cbHkzwa0QmM,Kendrick Lamar - peekaboo (Official Audio),Kendrick Lamar,Guys when he performed it he was on the 30 guard stage,0
Kendrick Lamar,Boom bap / Lyric,cbHkzwa0QmM,Kendrick Lamar - peekaboo (Official Audio),Kendrick Lamar,1:09 1:11 1:11 1:11 1:11 1:11 1:12 1:12 1:12 1:12 1:13 1:13 1:13 1:13 1:14 1:14 1:15 1:15 1:15 1:15 1:15 1:16 1:16 1:16 1:17 1:17 1:17 1:17,0
Kendrick Lamar,Boom bap / Lyric,cbHkzwa0QmM,Kendrick Lamar - peekaboo (Official Audio),Kendrick Lamar,This one made me cry,0
Kendrick Lamar,Boom bap / Lyric,cbHkzwa0QmM,Kendrick Lamar - peekaboo (Official Audio),Kendrick Lamar,Bebop bill 💸 bill's,0
Kendrick Lamar,Boom bap / Lyric,cbHkzwa0QmM,Kendrick Lamar - peekaboo (Official Audio),Kendrick Lamar,🔥,3
Kendrick Lamar,Boom bap / Lyric,cbHkzwa0QmM,Kendrick Lamar - peekaboo (Official Audio),Kendrick Lamar,😂😂😂,2
Kendrick Lamar,Boom bap / Lyric,cbHkzwa0QmM,Kendrick Lamar - peekaboo (Official Audio),Kendrick Lamar,👑KING KENDRICK SLAPP! 3/02/2026!,8
Kendrick Lamar,Boom bap / Lyric,cbHkzwa0QmM,Kendrick Lamar - peekaboo (Official Audio),Kendrick Lamar,1:46 1:46 1:47 1:47 1:47 1:47 1:48 1:48,5
Kendrick Lamar,Boom bap / Lyric,cbHkzwa0QmM,Kendrick Lamar - peekaboo (Official Audio),Kendrick Lamar,"Hey
Hey
Hey
Hey
Hey
Hey
-kendrick lamar",10
Kendrick Lamar,Boom bap / Lyric,cbHkzwa0QmM,Kendrick Lamar - peekaboo (Official Audio),Kendrick Lamar,Hard to believe this crap passes for music these days. So glad I got to grow up in the 80s and 90s when rap was real.,1
Kendrick Lamar,Boom bap / Lyric,cbHkzwa0QmM,Kendrick Lamar - peekaboo (Official Audio),Kendrick Lamar,It’s 2026,10
Kendrick Lamar,Boom bap / Lyric,cbHkzwa0QmM,Kendrick Lamar - peekaboo (Official Audio),Kendrick Lamar,Fun fact Helping hands came from xxxtaction So I think drake was the one that kiied xxxtaction,2
Kendrick Lamar,Boom bap / Lyric,cbHkzwa0QmM,Kendrick Lamar - peekaboo (Official Audio),Kendrick Lamar,Ufffff 🥰🥰😍🤭🤭,1
Kendrick Lamar,Boom bap / Lyric,cbHkzwa0QmM,Kendrick Lamar - peekaboo (Official Audio),Kendrick Lamar,ok so where the duck go?,1
Kendrick Lamar,Boom bap / Lyric,cbHkzwa0QmM,Kendrick Lamar - peekaboo (Official Audio),Kendrick Lamar,The type of shit you wouldn't understand that it bro 😂😂,1
Kendrick Lamar,Boom bap / Lyric,cbHkzwa0QmM,Kendrick Lamar - peekaboo (Official Audio),Kendrick Lamar,Pekaboo,1
Kendrick Lamar,Boom bap / Lyric,cbHkzwa0QmM,Kendrick Lamar - peekaboo (Official Audio),Kendrick Lamar,1:30,1
Kendrick Lamar,Boom bap / Lyric,cbHkzwa0QmM,Kendrick Lamar - peekaboo (Official Audio),Kendrick Lamar,Song is pure ass juice,2
Kendrick Lamar,Boom bap / Lyric,cbHkzwa0QmM,Kendrick Lamar - peekaboo (Official Audio),Kendrick Lamar,1:14 “UH EH” 🗣️🔥,2
Kendrick Lamar,Boom bap / Lyric,cbHkzwa0QmM,Kendrick Lamar - peekaboo (Official Audio),Kendrick Lamar,HEY HEY HEY HEY THATS MY BITCH,2
Kendrick Lamar,Boom bap / Lyric,cbHkzwa0QmM,Kendrick Lamar - peekaboo (Official Audio),Kendrick Lamar,PEEKABOO GOT MY BOOGIES IN MY CHAIN LIKE THEY CALL ME GANG,1
Kendrick Lamar,Boom bap / Lyric,cbHkzwa0QmM,Kendrick Lamar - peekaboo (Official Audio),Kendrick Lamar,"Give a helping hand
To your fellow men, oh-oh, my-
A'ight, what?
Look
What they talkin' 'bout? They ain't talkin' 'bout nothin'
What they talkin' 'bout? They ain't talkin' 'bout nothin'
What they talkin' 'bout? They ain't talkin' 'bout nothin'
What they talkin' 'bout? They ain't talkin' 'bout nothin'
Huh? They ain't talkin' 'bout nothin'
Hm, a'ight
What they talkin' 'bout? They ain't talkin' 'bout nothin'
What they talkin' 'bout? They ain't talkin' 'bout nothin'
What they talkin' 'bout? They ain't talkin' 'bout nothin'
What they talkin' 'bout? They ain't talkin' 'bout nothin'
Huh? They ain't talkin' 'bout nothin', hmm
Peekaboo, I just put them boogers in my chain
Peekaboo, 80 pointers like a Kobe game
Peekaboo, 7.62's, I'll make 'em plank
Peekaboo, poppin' out, you better not smoke my name
Peekaboo, put two foreigns on the 405
Peekaboo, cacio e pepe if I'm doin' pasta
Peekaboo, why you actin' tough on IG Live?
Peekaboo, you know my lil' niggas off they rocker
Peekaboo, surprise, bitch, it's that nigga Chike E. Cheese
Peekaboo, let me FaceTime my opp, bitch, I'm in the streets
Peekaboo, yeah, it's Az-, I'm puttin' somethin' to sleep
Peekaboo, he on the ground, I praise God and start stompin' feet
Peekaboo, I put ten on his face, bitch, my shooter plan
Peekaboo, I hit it from the back, I told her move her hand
Peekaboo, then slide my thumb in it, where her ugh at
Peekaboo, I'm on your top, I'm with Dot, bitch, don't look back
What they talkin' 'bout? They ain't talkin' 'bout nothin'
What they talkin' 'bout? They ain't talkin' 'bout nothin'
What they talkin' 'bout? They ain't talkin' 'bout nothin'
What they talkin' 'bout? They ain't talkin' 'bout nothin'
Huh? They ain't talkin' 'bout nothin', hm
Hey, hey, hey, hey, hey, hey, hey, that's my bitch
Hey, hey, hey, hey, hey, hey, that's my bitch
Hey, hey, hey, hey, with all that fake shit
Hey, hey, hey, hey, ain't the one to play with
Hey, hey, hey, hey, hey
Pull off in a Lamb'
Double parkin' all at Tam's, Mr. Get-Off-On-Your-Bands
If he hatin', disrespect, you better follow up with hands
Losses to the neck, but now I'm trophied up, I'm sayin', like
""Bing-bap-boom-boom-boom-bap-bam""
The type of shit I'm on, you wouldn't understand
The type of skits I'm on, you wouldn't understand
Big dawg business, I would not hold your hand
Broke bitch business, I could not be your man
Never got his ass whooped until we open up that can
Damn, alley-oop me bands, I'ma slam
Gym freak, bitch, I like my MAC touchin' yams
Play that opps shit around me, I'ma tell you, ""Turn it off""
Heard what happened to your mans, not sorry for your loss
Should've prayed before them shooters came and nailed him to cross
I let your boy get a pass, bitch, you lucky he soft, for real
What they talkin' 'bout? They ain't talkin' 'bout nothin'
What they talkin' 'bout? They ain't talkin' 'bout nothin'
What they talkin' 'bout? They ain't talkin' 'bout nothin'
What they talkin' 'bout? They ain't talkin' 'bout nothin'
Huh? They ain't talkin' 'bout nothin'
Hm, a'ight
What they talkin' 'bout? They ain't talkin' 'bout nothin'
What they talkin' 'bout? They ain't talkin' 'bout nothin'
What they talkin' 'bout? They ain't talkin' 'bout nothin'
What they talkin' 'bout? They ain't talkin' 'bout nothin'
Huh? They ain't talkin' 'bout nothin', hm",1
Kendrick Lamar,Boom bap / Lyric,cbHkzwa0QmM,Kendrick Lamar - peekaboo (Official Audio),Kendrick Lamar,We still here 🇲🇽👌,7
Kendrick Lamar,Boom bap / Lyric,cbHkzwa0QmM,Kendrick Lamar - peekaboo (Official Audio),Kendrick Lamar,This is a good one 1:46,2
Kendrick Lamar,Boom bap / Lyric,cbHkzwa0QmM,Kendrick Lamar - peekaboo (Official Audio),Kendrick Lamar,The only way I could think about this was to ask if I was a member or a friend and if they,1
Kendrick Lamar,Boom bap / Lyric,cbHkzwa0QmM,Kendrick Lamar - peekaboo (Official Audio),Kendrick Lamar,1:46,2
Kendrick Lamar,Boom bap / Lyric,cbHkzwa0QmM,Kendrick Lamar - peekaboo (Official Audio),Kendrick Lamar,This song is pure ASS!  😂,4
Kendrick Lamar,Boom bap / Lyric,cbHkzwa0QmM,Kendrick Lamar - peekaboo (Official Audio),Kendrick Lamar,Fast forward to 1:40,2
Kendrick Lamar,Boom bap / Lyric,cbHkzwa0QmM,Kendrick Lamar - peekaboo (Official Audio),Kendrick Lamar,Yawl sure he got ether”d 😂😂😂😂,2
Kendrick Lamar,Boom bap / Lyric,cbHkzwa0QmM,Kendrick Lamar - peekaboo (Official Audio),Kendrick Lamar,"He named this song after Mike Tyson fighting style, peekaboo.",3
Kendrick Lamar,Boom bap / Lyric,cbHkzwa0QmM,Kendrick Lamar - peekaboo (Official Audio),Kendrick Lamar,My ugly friend called you a baby please Respond,0
Kendrick Lamar,Boom bap / Lyric,cbHkzwa0QmM,Kendrick Lamar - peekaboo (Official Audio),Kendrick Lamar,Bass 🔥🔥🔥,0
Kendrick Lamar,Boom bap / Lyric,cbHkzwa0QmM,Kendrick Lamar - peekaboo (Official Audio),Kendrick Lamar,"Ai
What
Look 
Is my fav bit",0
Kendrick Lamar,Boom bap / Lyric,cbHkzwa0QmM,Kendrick Lamar - peekaboo (Official Audio),Kendrick Lamar,1:56 hits hard,0
Kendrick Lamar,Boom bap / Lyric,cbHkzwa0QmM,Kendrick Lamar - peekaboo (Official Audio),Kendrick Lamar,underated,0
Kendrick Lamar,Boom bap / Lyric,cbHkzwa0QmM,Kendrick Lamar - peekaboo (Official Audio),Kendrick Lamar,This sample does something really deep inside me wtf,0
Kendrick Lamar,Boom bap / Lyric,cbHkzwa0QmM,Kendrick Lamar - peekaboo (Official Audio),Kendrick Lamar,💨💨💨💨💨💨💩,1
Kendrick Lamar,Boom bap / Lyric,cbHkzwa0QmM,Kendrick Lamar - peekaboo (Official Audio),Kendrick Lamar,Ok what does it. The Boom part. Hey im almost 60yrs old...,0
Kendrick Lamar,Boom bap / Lyric,cbHkzwa0QmM,Kendrick Lamar - peekaboo (Official Audio),Kendrick Lamar,This track is definitely booming....,0
Kendrick Lamar,Boom bap / Lyric,cbHkzwa0QmM,Kendrick Lamar - peekaboo (Official Audio),Kendrick Lamar,Nope! Nothin! 🎶🕺🏾🕺🏾🕺🏾🎶,0
Kendrick Lamar,Boom bap / Lyric,cbHkzwa0QmM,Kendrick Lamar - peekaboo (Official Audio),Kendrick Lamar,Cacio e pepe – a man of culture!,0
Kendrick Lamar,Boom bap / Lyric,cbHkzwa0QmM,Kendrick Lamar - peekaboo (Official Audio),Kendrick Lamar,9119,0
Kendrick Lamar,Boom bap / Lyric,cbHkzwa0QmM,Kendrick Lamar - peekaboo (Official Audio),Kendrick Lamar,This song has diddy written all over it,0
Kendrick Lamar,Boom bap / Lyric,cbHkzwa0QmM,Kendrick Lamar - peekaboo (Official Audio),Kendrick Lamar,Alura sucks uma merda,0
Kendrick Lamar,Boom bap / Lyric,cbHkzwa0QmM,Kendrick Lamar - peekaboo (Official Audio),Kendrick Lamar,im glad we're all here for bing bop boom boom boom bop bam,1
Kendrick Lamar,Boom bap / Lyric,cbHkzwa0QmM,Kendrick Lamar - peekaboo (Official Audio),Kendrick Lamar,the hater sent me here,0
Kendrick Lamar,Boom bap / Lyric,cbHkzwa0QmM,Kendrick Lamar - peekaboo (Official Audio),Kendrick Lamar,That's awesome thanks for the info been looking forward to the new trailer 👻😁,0
Kendrick Lamar,Boom bap / Lyric,cbHkzwa0QmM,Kendrick Lamar - peekaboo (Official Audio),Kendrick Lamar,🫰🤨👏**** Cussing,0
Kendrick Lamar,Boom bap / Lyric,cbHkzwa0QmM,Kendrick Lamar - peekaboo (Official Audio),Kendrick Lamar,me too,0
Kendrick Lamar,Boom bap / Lyric,cbHkzwa0QmM,Kendrick Lamar - peekaboo (Official Audio),Kendrick Lamar,Why does this remind me of the South Park episode where Stan hears crap noises everytime he listens to new music?,0
Kendrick Lamar,Boom bap / Lyric,cbHkzwa0QmM,Kendrick Lamar - peekaboo (Official Audio),Kendrick Lamar,"So sacrifice drakeo, then make a whole album with his style. That's your king.",0
Kendrick Lamar,Boom bap / Lyric,cbHkzwa0QmM,Kendrick Lamar - peekaboo (Official Audio),Kendrick Lamar,GENESISLOERNAVIIAE14🎉❤😊❤😊❤😊❤,1
Kendrick Lamar,Boom bap / Lyric,cbHkzwa0QmM,Kendrick Lamar - peekaboo (Official Audio),Kendrick Lamar,The H8R brought me here to laugh my ass off. 😂,1
Kendrick Lamar,Boom bap / Lyric,cbHkzwa0QmM,Kendrick Lamar - peekaboo (Official Audio),Kendrick Lamar,1:45 best part 1:46,0
Kendrick Lamar,Boom bap / Lyric,cbHkzwa0QmM,Kendrick Lamar - peekaboo (Official Audio),Kendrick Lamar,😂 1:40,0
Kendrick Lamar,Boom bap / Lyric,cbHkzwa0QmM,Kendrick Lamar - peekaboo (Official Audio),Kendrick Lamar,😂 1:12,0
Kendrick Lamar,Boom bap / Lyric,cbHkzwa0QmM,Kendrick Lamar - peekaboo (Official Audio),Kendrick Lamar,"@shootingstar_star
I toooooo😭",1
Kendrick Lamar,Boom bap / Lyric,cbHkzwa0QmM,Kendrick Lamar - peekaboo (Official Audio),Kendrick Lamar,This is legit the worst song ever made lol,0
Kendrick Lamar,Boom bap / Lyric,cbHkzwa0QmM,Kendrick Lamar - peekaboo (Official Audio),Kendrick Lamar,daytama daytama daytamanun daytamanun 🥶🥶,0
Kendrick Lamar,Boom bap / Lyric,cbHkzwa0QmM,Kendrick Lamar - peekaboo (Official Audio),Kendrick Lamar,"Piggy Poop,gassed😉❤️",1
Kendrick Lamar,Boom bap / Lyric,cbHkzwa0QmM,Kendrick Lamar - peekaboo (Official Audio),Kendrick Lamar,"These comments fucked me up in a way I wasn't expecting😂😂 took me a sec to realize they were talking about (Sammy ""tighten up"" the american flag ""ghetto"" etc) played right in our faces. It was perfect. If u dont understand it the genius goes right over their heads..this shits genius as always..I needa know who produced this shit",0
Kendrick Lamar,Boom bap / Lyric,cbHkzwa0QmM,Kendrick Lamar - peekaboo (Official Audio),Kendrick Lamar,New york guy here : this beat is sooooooo fire !!!!!!!!!!!!,0
Kendrick Lamar,Boom bap / Lyric,cbHkzwa0QmM,Kendrick Lamar - peekaboo (Official Audio),Kendrick Lamar,1:45,0
Kendrick Lamar,Boom bap / Lyric,cbHkzwa0QmM,Kendrick Lamar - peekaboo (Official Audio),Kendrick Lamar,People in 2026 lmao,6
Kendrick Lamar,Boom bap / Lyric,cbHkzwa0QmM,Kendrick Lamar - peekaboo (Official Audio),Kendrick Lamar,Cringe,0
Kendrick Lamar,Boom bap / Lyric,cbHkzwa0QmM,Kendrick Lamar - peekaboo (Official Audio),Kendrick Lamar,*starts Crip walkin' on top of the hood of the car in traffic,6
Kendrick Lamar,Boom bap / Lyric,cbHkzwa0QmM,Kendrick Lamar - peekaboo (Official Audio),Kendrick Lamar,Bing  bop  boom boom bam,2
Kendrick Lamar,Boom bap / Lyric,cbHkzwa0QmM,Kendrick Lamar - peekaboo (Official Audio),Kendrick Lamar,Believe again,2
Kendrick Lamar,Boom bap / Lyric,cbHkzwa0QmM,Kendrick Lamar - peekaboo (Official Audio),Kendrick Lamar,2 years ago btw,2
Kendrick Lamar,Boom bap / Lyric,cbHkzwa0QmM,Kendrick Lamar - peekaboo (Official Audio),Kendrick Lamar,I never got my but weapon until I open up that can.,2
Kendrick Lamar,Boom bap / Lyric,cbHkzwa0QmM,Kendrick Lamar - peekaboo (Official Audio),Kendrick Lamar,anyone 2026?,14
Kendrick Lamar,Boom bap / Lyric,cbHkzwa0QmM,Kendrick Lamar - peekaboo (Official Audio),Kendrick Lamar,1:03,1
Kendrick Lamar,Boom bap / Lyric,cbHkzwa0QmM,Kendrick Lamar - peekaboo (Official Audio),Kendrick Lamar,This song😢 hit at 2am coming  from  the club that time,2
Kendrick Lamar,Boom bap / Lyric,cbHkzwa0QmM,Kendrick Lamar - peekaboo (Official Audio),Kendrick Lamar,Baby,1
Kendrick Lamar,Boom bap / Lyric,cbHkzwa0QmM,Kendrick Lamar - peekaboo (Official Audio),Kendrick Lamar,2:21 the talking about nothing the about nothing the talking about nothing uh😂😂😂💀💀,2
Kendrick Lamar,Boom bap / Lyric,cbHkzwa0QmM,Kendrick Lamar - peekaboo (Official Audio),Kendrick Lamar,If you were up against the strongest sorcerer in history your telling me you wouldn't use your strongest move,2
Kendrick Lamar,Boom bap / Lyric,cbHkzwa0QmM,Kendrick Lamar - peekaboo (Official Audio),Kendrick Lamar,😮,1
Kendrick Lamar,Boom bap / Lyric,cbHkzwa0QmM,Kendrick Lamar - peekaboo (Official Audio),Kendrick Lamar,❤,1
Kendrick Lamar,Boom bap / Lyric,cbHkzwa0QmM,Kendrick Lamar - peekaboo (Official Audio),Kendrick Lamar,1:44 BIM BAP BOOM BOOM BOOM BAP BAM,5
Kendrick Lamar,Boom bap / Lyric,cbHkzwa0QmM,Kendrick Lamar - peekaboo (Official Audio),Kendrick Lamar,Un verdadero fan del Diejoubou no pagaría la membresía ni aun que le apunten con un arma,1
Kendrick Lamar,Boom bap / Lyric,cbHkzwa0QmM,Kendrick Lamar - peekaboo (Official Audio),Kendrick Lamar,AZ CHIKE was literally the best feature for this beat,23
Kendrick Lamar,Boom bap / Lyric,cbHkzwa0QmM,Kendrick Lamar - peekaboo (Official Audio),Kendrick Lamar,When are they going to upload the final grossing tour numbers of Kendrick gnx tour,2
Kendrick Lamar,Boom bap / Lyric,cbHkzwa0QmM,Kendrick Lamar - peekaboo (Official Audio),Kendrick Lamar,It just popped into my head. So why not 💃🏿💃🏿💃🏿,2
Kendrick Lamar,Boom bap / Lyric,cbHkzwa0QmM,Kendrick Lamar - peekaboo (Official Audio),Kendrick Lamar,😢😢😢😢😢😢😢😢😢🧐🧐🧐🧐🧐🧐🧐🧐???????🧐🧐,1
Kendrick Lamar,Boom bap / Lyric,cbHkzwa0QmM,Kendrick Lamar - peekaboo (Official Audio),Kendrick Lamar,Bing bop boom boom boom bop bam✌🏾💀🙏,2
Kendrick Lamar,Boom bap / Lyric,cbHkzwa0QmM,Kendrick Lamar - peekaboo (Official Audio),Kendrick Lamar,When anyone knows the story of this song they will understand,4
Kendrick Lamar,Boom bap / Lyric,cbHkzwa0QmM,Kendrick Lamar - peekaboo (Official Audio),Kendrick Lamar,wooo @venustezilla see the shii,2
Kendrick Lamar,Boom bap / Lyric,cbHkzwa0QmM,Kendrick Lamar - peekaboo (Official Audio),Kendrick Lamar,1:46,1
Kendrick Lamar,Boom bap / Lyric,cbHkzwa0QmM,Kendrick Lamar - peekaboo (Official Audio),Kendrick Lamar,Here after the fall off!!! Just cause,0
Kendrick Lamar,Boom bap / Lyric,cbHkzwa0QmM,Kendrick Lamar - peekaboo (Official Audio),Kendrick Lamar,"""What they talk bout, they talk bout nutting""",0
Kendrick Lamar,Boom bap / Lyric,cbHkzwa0QmM,Kendrick Lamar - peekaboo (Official Audio),Kendrick Lamar,Are we forgetting that this is the name of Mike Tyson signature style?,0
Kendrick Lamar,Boom bap / Lyric,cbHkzwa0QmM,Kendrick Lamar - peekaboo (Official Audio),Kendrick Lamar,Pasta,1
Kendrick Lamar,Boom bap / Lyric,cbHkzwa0QmM,Kendrick Lamar - peekaboo (Official Audio),Kendrick Lamar,0:04 amphetamines,0
Kendrick Lamar,Boom bap / Lyric,cbHkzwa0QmM,Kendrick Lamar - peekaboo (Official Audio),Kendrick Lamar,Tuff,0
Kendrick Lamar,Boom bap / Lyric,cbHkzwa0QmM,Kendrick Lamar - peekaboo (Official Audio),Kendrick Lamar,Tryi a remember my girl food list,0
Kendrick Lamar,Boom bap / Lyric,cbHkzwa0QmM,Kendrick Lamar - peekaboo (Official Audio),Kendrick Lamar,I like my Mac touching yams might be the hardest line,1
Kendrick Lamar,Boom bap / Lyric,cbHkzwa0QmM,Kendrick Lamar - peekaboo (Official Audio),Kendrick Lamar,2026 ❤ girls😊😊😊😊😊,0
Kendrick Lamar,Boom bap / Lyric,cbHkzwa0QmM,Kendrick Lamar - peekaboo (Official Audio),Kendrick Lamar,"2024: Peekaboo
2026: duck meme",3
Kendrick Lamar,Boom bap / Lyric,cbHkzwa0QmM,Kendrick Lamar - peekaboo (Official Audio),Kendrick Lamar,bing bop boom jawh version 😂,1
Kendrick Lamar,Boom bap / Lyric,cbHkzwa0QmM,Kendrick Lamar - peekaboo (Official Audio),Kendrick Lamar,Cacio e pepe is actually really fuckin good tho,2
Kendrick Lamar,Boom bap / Lyric,cbHkzwa0QmM,Kendrick Lamar - peekaboo (Official Audio),Kendrick Lamar,"Australia is a colonial outpost, of course they’re gonna get it wrong",0
Kendrick Lamar,Boom bap / Lyric,cbHkzwa0QmM,Kendrick Lamar - peekaboo (Official Audio),Kendrick Lamar,"""what.they.talkin.bout.they.talkin.bout.nun
what.they.talkin.bout.they.talkin.bout.nun
what.they.talkin.bout.they.talkin.bout.nun
what.they.talkin.bout.they.talkin.bout.nun
huh?
what.they.talkin.bout.they.talkin.bout.nun
hm""",0
Kendrick Lamar,Boom bap / Lyric,cbHkzwa0QmM,Kendrick Lamar - peekaboo (Official Audio),Kendrick Lamar,Time stamp for bing bop boom 1:45,3
Kendrick Lamar,Boom bap / Lyric,cbHkzwa0QmM,Kendrick Lamar - peekaboo (Official Audio),Kendrick Lamar,Who still listening in 2026,27
Kendrick Lamar,Boom bap / Lyric,cbHkzwa0QmM,Kendrick Lamar - peekaboo (Official Audio),Kendrick Lamar,Reign: 𝓑𝓲𝓷𝓰 𝓫𝓸𝓸𝓶 𝓫𝓸𝓸𝓶 𝓫𝓸𝓸𝓶  𝓫𝓸𝓹 𝓫𝓪𝓶,1
Kendrick Lamar,Boom bap / Lyric,cbHkzwa0QmM,Kendrick Lamar - peekaboo (Official Audio),Kendrick Lamar,lol 😆 🤣 😂 😹  I almost fell off my couch because this,0
Kendrick Lamar,Boom bap / Lyric,cbHkzwa0QmM,Kendrick Lamar - peekaboo (Official Audio),Kendrick Lamar,This shit so ass 😂😂😂😂,0
Kendrick Lamar,Boom bap / Lyric,cbHkzwa0QmM,Kendrick Lamar - peekaboo (Official Audio),Kendrick Lamar,0:06:SCORE KEEPER DEDUCT ONE LIFE🗣️,10
Kendrick Lamar,Boom bap / Lyric,cbHkzwa0QmM,Kendrick Lamar - peekaboo (Official Audio),Kendrick Lamar,07/02/2026!,1
Kendrick Lamar,Boom bap / Lyric,cbHkzwa0QmM,Kendrick Lamar - peekaboo (Official Audio),Kendrick Lamar,1:46 ✋️😐🤚,1
Kendrick Lamar,Boom bap / Lyric,cbHkzwa0QmM,Kendrick Lamar - peekaboo (Official Audio),Kendrick Lamar,bro what song is this 1:27,1
Kendrick Lamar,Boom bap / Lyric,cbHkzwa0QmM,Kendrick Lamar - peekaboo (Official Audio),Kendrick Lamar,Arup😂,0
Kendrick Lamar,Boom bap / Lyric,cbHkzwa0QmM,Kendrick Lamar - peekaboo (Official Audio),Kendrick Lamar,"They really do be talkin nonsense, aye? I see you ❤",2
Kendrick Lamar,Boom bap / Lyric,cbHkzwa0QmM,Kendrick Lamar - peekaboo (Official Audio),Kendrick Lamar,Peekaboo ;),4
Kendrick Lamar,Boom bap / Lyric,cbHkzwa0QmM,Kendrick Lamar - peekaboo (Official Audio),Kendrick Lamar,Had to spin back around after The Fall Off Drop due to all the continuous Dot Hate..I WAS RIGHT GNX clears Cole album no hate just facts,3
Kendrick Lamar,Boom bap / Lyric,cbHkzwa0QmM,Kendrick Lamar - peekaboo (Official Audio),Kendrick Lamar,The BEST Song 🎧 👌😎,2
Kendrick Lamar,Boom bap / Lyric,cbHkzwa0QmM,Kendrick Lamar - peekaboo (Official Audio),Kendrick Lamar,Bro this is good?.,1
Kendrick Lamar,Boom bap / Lyric,cbHkzwa0QmM,Kendrick Lamar - peekaboo (Official Audio),Kendrick Lamar,this is so bad wtf man,1
Kendrick Lamar,Boom bap / Lyric,cbHkzwa0QmM,Kendrick Lamar - peekaboo (Official Audio),Kendrick Lamar,The draconic priestess sent me here and there are no regrets,1
Kendrick Lamar,Boom bap / Lyric,cbHkzwa0QmM,Kendrick Lamar - peekaboo (Official Audio),Kendrick Lamar,Here in 2026 so nostalgic for superbowl 25,1
Kendrick Lamar,Boom bap / Lyric,cbHkzwa0QmM,Kendrick Lamar - peekaboo (Official Audio),Kendrick Lamar,This album has been crashed on tidal for like months now wtf,0
Kendrick Lamar,Boom bap / Lyric,cbHkzwa0QmM,Kendrick Lamar - peekaboo (Official Audio),Kendrick Lamar,Buck Batman...I'm Dat Man. Fire young man,0
Kendrick Lamar,Boom bap / Lyric,cbHkzwa0QmM,Kendrick Lamar - peekaboo (Official Audio),Kendrick Lamar,This it’s awful. The only good part is. Bing bop boom boom boom bop bam,0
Kendrick Lamar,Boom bap / Lyric,cbHkzwa0QmM,Kendrick Lamar - peekaboo (Official Audio),Kendrick Lamar,peekaboo uppppp,1
Kendrick Lamar,Boom bap / Lyric,cbHkzwa0QmM,Kendrick Lamar - peekaboo (Official Audio),Kendrick Lamar,The whole song is not worth it - but yes that part is really nice,0
Kendrick Lamar,Boom bap / Lyric,cbHkzwa0QmM,Kendrick Lamar - peekaboo (Official Audio),Kendrick Lamar,I mean the song is tough though who with me?,4
Kendrick Lamar,Boom bap / Lyric,cbHkzwa0QmM,Kendrick Lamar - peekaboo (Official Audio),Kendrick Lamar,"0:20 ""wudutomatotomatowudu''😭",0
Kendrick Lamar,Boom bap / Lyric,cbHkzwa0QmM,Kendrick Lamar - peekaboo (Official Audio),Kendrick Lamar,J Cole could never😤,5
Kendrick Lamar,Boom bap / Lyric,cbHkzwa0QmM,Kendrick Lamar - peekaboo (Official Audio),Kendrick Lamar,What they’re talking about what they talking about nothing what they talking about nothing what they talking about ha ha ha ha,0
Kendrick Lamar,Boom bap / Lyric,cbHkzwa0QmM,Kendrick Lamar - peekaboo (Official Audio),Kendrick Lamar,"This song is crap,wtf",3
Kendrick Lamar,Boom bap / Lyric,cbHkzwa0QmM,Kendrick Lamar - peekaboo (Official Audio),Kendrick Lamar,"Bing bop boom boom, boom Bam bing boom boom boom🎉🎉🎉🎉🎉😂😂",0
Kendrick Lamar,Boom bap / Lyric,cbHkzwa0QmM,Kendrick Lamar - peekaboo (Official Audio),Kendrick Lamar,does anyone know what the lyrics are at 0:27 ?,0
Kendrick Lamar,Boom bap / Lyric,cbHkzwa0QmM,Kendrick Lamar - peekaboo (Official Audio),Kendrick Lamar,2026 and Kdot just won record of the year grammy for “Luther”! That’s my little Gemini brother 💐💜✌🏽✨😎,0
Kendrick Lamar,Boom bap / Lyric,cbHkzwa0QmM,Kendrick Lamar - peekaboo (Official Audio),Kendrick Lamar,Kendrick can’t win in the eyes of many . They said Mr Morale was too deep no replay value and now they say GNX is not deep or lyrical enough lol . They said he don’t have enough bops he made a album full of em and ppl still hate. Make it make sense .,18
Kendrick Lamar,Boom bap / Lyric,cbHkzwa0QmM,Kendrick Lamar - peekaboo (Official Audio),Kendrick Lamar,This is what people have been glazing??,4
Kendrick Lamar,Boom bap / Lyric,cbHkzwa0QmM,Kendrick Lamar - peekaboo (Official Audio),Kendrick Lamar,w,0
Kendrick Lamar,Boom bap / Lyric,cbHkzwa0QmM,Kendrick Lamar - peekaboo (Official Audio),Kendrick Lamar,Ke ne drick 🫠,0
Kendrick Lamar,Boom bap / Lyric,cbHkzwa0QmM,Kendrick Lamar - peekaboo (Official Audio),Kendrick Lamar,8 seconds on Dot's song and your whole life changes,0
Kendrick Lamar,Boom bap / Lyric,cbHkzwa0QmM,Kendrick Lamar - peekaboo (Official Audio),Kendrick Lamar,Song sucks 😂,0
Kendrick Lamar,Boom bap / Lyric,cbHkzwa0QmM,Kendrick Lamar - peekaboo (Official Audio),Kendrick Lamar,BING BA BOOM,1
Kendrick Lamar,Boom bap / Lyric,cbHkzwa0QmM,Kendrick Lamar - peekaboo (Official Audio),Kendrick Lamar,Like the song🎉🎉🎉 🔥,1
Kendrick Lamar,Boom bap / Lyric,cbHkzwa0QmM,Kendrick Lamar - peekaboo (Official Audio),Kendrick Lamar,score keeper deduct one life,0
Kendrick Lamar,Boom bap / Lyric,cbHkzwa0QmM,Kendrick Lamar - peekaboo (Official Audio),Kendrick Lamar,Who is here after 5 Grammy award wins,0
Kendrick Lamar,Boom bap / Lyric,cbHkzwa0QmM,Kendrick Lamar - peekaboo (Official Audio),Kendrick Lamar,This song is about Bad Bunnys music 😂,0
Kendrick Lamar,Boom bap / Lyric,cbHkzwa0QmM,Kendrick Lamar - peekaboo (Official Audio),Kendrick Lamar,Who’s here after Kendrick Lamar won more Grammys than Jay z 😊😊,2
Kendrick Lamar,Boom bap / Lyric,cbHkzwa0QmM,Kendrick Lamar - peekaboo (Official Audio),Kendrick Lamar,Black History Month,2
Kendrick Lamar,Boom bap / Lyric,cbHkzwa0QmM,Kendrick Lamar - peekaboo (Official Audio),Kendrick Lamar,02.01.2026,0
Kendrick Lamar,Boom bap / Lyric,cbHkzwa0QmM,Kendrick Lamar - peekaboo (Official Audio),Kendrick Lamar,JIRAONTOES,2
Kendrick Lamar,Boom bap / Lyric,cbHkzwa0QmM,Kendrick Lamar - peekaboo (Official Audio),Kendrick Lamar,This song hits at 3 am 😂,292
Kendrick Lamar,Boom bap / Lyric,cbHkzwa0QmM,Kendrick Lamar - peekaboo (Official Audio),Kendrick Lamar,0:49,0
Kendrick Lamar,Boom bap / Lyric,cbHkzwa0QmM,Kendrick Lamar - peekaboo (Official Audio),Kendrick Lamar,1:45 boom🎉,0
Kendrick Lamar,Boom bap / Lyric,cbHkzwa0QmM,Kendrick Lamar - peekaboo (Official Audio),Kendrick Lamar,Wow he’s ahh,0
Kendrick Lamar,Boom bap / Lyric,cbHkzwa0QmM,Kendrick Lamar - peekaboo (Official Audio),Kendrick Lamar,This beat is stoopid 😭🔥,2
Kendrick Lamar,Boom bap / Lyric,cbHkzwa0QmM,Kendrick Lamar - peekaboo (Official Audio),Kendrick Lamar,We gotta get kdot and 50 together they would dominate the troll era 😂,0
Kendrick Lamar,Boom bap / Lyric,cbHkzwa0QmM,Kendrick Lamar - peekaboo (Official Audio),Kendrick Lamar,Im putting somthing to sleep for the 26. 😡,0
Kendrick Lamar,Boom bap / Lyric,cbHkzwa0QmM,Kendrick Lamar - peekaboo (Official Audio),Kendrick Lamar,_-cool-_,0
Kendrick Lamar,Boom bap / Lyric,cbHkzwa0QmM,Kendrick Lamar - peekaboo (Official Audio),Kendrick Lamar,Hey hey hey hey hey 😂,1
Kendrick Lamar,Boom bap / Lyric,cbHkzwa0QmM,Kendrick Lamar - peekaboo (Official Audio),Kendrick Lamar,67,0
Kendrick Lamar,Boom bap / Lyric,cbHkzwa0QmM,Kendrick Lamar - peekaboo (Official Audio),Kendrick Lamar,Stole drakeos whole flow smh,1
Kendrick Lamar,Boom bap / Lyric,cbHkzwa0QmM,Kendrick Lamar - peekaboo (Official Audio),Kendrick Lamar,Cringe af,1
Kendrick Lamar,Boom bap / Lyric,cbHkzwa0QmM,Kendrick Lamar - peekaboo (Official Audio),Kendrick Lamar,I like it ❤❤❤,0
Kendrick Lamar,Boom bap / Lyric,cbHkzwa0QmM,Kendrick Lamar - peekaboo (Official Audio),Kendrick Lamar,🚴tf it's soo peak,3
Kendrick Lamar,Boom bap / Lyric,cbHkzwa0QmM,Kendrick Lamar - peekaboo (Official Audio),Kendrick Lamar,Gatorade. Is it in you? (⏸️),0
Kendrick Lamar,Boom bap / Lyric,cbHkzwa0QmM,Kendrick Lamar - peekaboo (Official Audio),Kendrick Lamar,🔥,2
Kendrick Lamar,Boom bap / Lyric,cbHkzwa0QmM,Kendrick Lamar - peekaboo (Official Audio),Kendrick Lamar,peekaboo,0
Kendrick Lamar,Boom bap / Lyric,cbHkzwa0QmM,Kendrick Lamar - peekaboo (Official Audio),Kendrick Lamar,Why did I first hear they takin about nuttin😭😭,0
Kendrick Lamar,Boom bap / Lyric,cbHkzwa0QmM,Kendrick Lamar - peekaboo (Official Audio),Kendrick Lamar,1:44,1
Kendrick Lamar,Boom bap / Lyric,cbHkzwa0QmM,Kendrick Lamar - peekaboo (Official Audio),Kendrick Lamar,"""ay,what,..look""

                               -Kendrick Lamar",0
Kendrick Lamar,Boom bap / Lyric,cbHkzwa0QmM,Kendrick Lamar - peekaboo (Official Audio),Kendrick Lamar,bｉｍ　ｂａｐ　ｂｏｏｍ　ｂａｐ　ｂｉｍ　ｂａｐ　ｂｏｏｍ,3
Kendrick Lamar,Boom bap / Lyric,cbHkzwa0QmM,Kendrick Lamar - peekaboo (Official Audio),Kendrick Lamar,Bing bop boom boom boom  bop bam 1:44,2
Kendrick Lamar,Boom bap / Lyric,cbHkzwa0QmM,Kendrick Lamar - peekaboo (Official Audio),Kendrick Lamar,Dirty  song,0
Kendrick Lamar,Boom bap / Lyric,cbHkzwa0QmM,Kendrick Lamar - peekaboo (Official Audio),Kendrick Lamar,What they talkin bout they talkin bout nuthin What they talkin bout they talkin bout nuthin What they talkin bout they talkin bout nuthin What they talkin bout they talkin bout nuthin,1
Kendrick Lamar,Boom bap / Lyric,cbHkzwa0QmM,Kendrick Lamar - peekaboo (Official Audio),Kendrick Lamar,Somebody please like,0
Kendrick Lamar,Boom bap / Lyric,cbHkzwa0QmM,Kendrick Lamar - peekaboo (Official Audio),Kendrick Lamar,2:11 for real,0
Kendrick Lamar,Boom bap / Lyric,cbHkzwa0QmM,Kendrick Lamar - peekaboo (Official Audio),Kendrick Lamar,Pibble wash my belly uh-oh aaaaaaaaaaaaaaaaaaaaaaaaaaaaaaaa AAA,0
Kendrick Lamar,Boom bap / Lyric,cbHkzwa0QmM,Kendrick Lamar - peekaboo (Official Audio),Kendrick Lamar,This song like 💩💩💩,0
Kendrick Lamar,Boom bap / Lyric,cbHkzwa0QmM,Kendrick Lamar - peekaboo (Official Audio),Kendrick Lamar,20 years since Kobe dropped 81 🔥🔥🔥🔥,36
Kendrick Lamar,Boom bap / Lyric,cbHkzwa0QmM,Kendrick Lamar - peekaboo (Official Audio),Kendrick Lamar,they ain't  (WE IS),1
Kendrick Lamar,Boom bap / Lyric,cbHkzwa0QmM,Kendrick Lamar - peekaboo (Official Audio),Kendrick Lamar,I love your videos.😍👍👍,2
Kendrick Lamar,Boom bap / Lyric,cbHkzwa0QmM,Kendrick Lamar - peekaboo (Official Audio),Kendrick Lamar,I love this song. I'm a Fan of this song.😍👍👍,9
Kendrick Lamar,Boom bap / Lyric,cbHkzwa0QmM,Kendrick Lamar - peekaboo (Official Audio),Kendrick Lamar,I picture this video being directed by Spike Lee and the style more so in the 60s with somehow the end of the song being because someone had a hit put on them 😌 Cadillacs and Pontiacs galore,0
Kendrick Lamar,Boom bap / Lyric,cbHkzwa0QmM,Kendrick Lamar - peekaboo (Official Audio),Kendrick Lamar,I’m a big fan I love tv off,0
Kendrick Lamar,Boom bap / Lyric,cbHkzwa0QmM,Kendrick Lamar - peekaboo (Official Audio),Kendrick Lamar,Peekaboo is my song,3
Kendrick Lamar,Boom bap / Lyric,cbHkzwa0QmM,Kendrick Lamar - peekaboo (Official Audio),Kendrick Lamar,"So much symbolism and he’s telling you clearly he’s made a deal with the dark side for this career. “Spirit medium I don’t rap brother” it’s not him it’s something else using him. Then the phone. All the times he was talking on that phone he was in red and no one was able to hear him it was disconnected. But at the end when he’s in all white representing good or light, the phone final rings. God heard him the entire time but until he chose the light God wasn’t responding",1
Kendrick Lamar,Boom bap / Lyric,cbHkzwa0QmM,Kendrick Lamar - peekaboo (Official Audio),Kendrick Lamar,Wat they talkn bout,0
Kendrick Lamar,Boom bap / Lyric,cbHkzwa0QmM,Kendrick Lamar - peekaboo (Official Audio),Kendrick Lamar,They ain't talking bout nutun,0
Kendrick Lamar,Boom bap / Lyric,cbHkzwa0QmM,Kendrick Lamar - peekaboo (Official Audio),Kendrick Lamar,"this is don't fuck with me music,, period. YA I SAID IT.",0
Kendrick Lamar,Boom bap / Lyric,cbHkzwa0QmM,Kendrick Lamar - peekaboo (Official Audio),Kendrick Lamar,"HEY HEY HEY HEY HEY HEY THATS MY BITCH,,,,,",1
Kendrick Lamar,Boom bap / Lyric,cbHkzwa0QmM,Kendrick Lamar - peekaboo (Official Audio),Kendrick Lamar,Legendary because this song will never get old str8 up & that’s Fosho💯,1
Kendrick Lamar,Boom bap / Lyric,cbHkzwa0QmM,Kendrick Lamar - peekaboo (Official Audio),Kendrick Lamar,Gatorade brought me here 2026,1
Kendrick Lamar,Boom bap / Lyric,cbHkzwa0QmM,Kendrick Lamar - peekaboo (Official Audio),Kendrick Lamar,2026 🫡,2
Kendrick Lamar,Boom bap / Lyric,cbHkzwa0QmM,Kendrick Lamar - peekaboo (Official Audio),Kendrick Lamar,Meg thee stallion burning in spirit and life,1
