artist,genre,video_id,video_title,channel_title,text,likes
Young Thug,Trap,Tz6OUIjtM6E,Young Thug &quot;Best Friend&quot;,Young Thug,This is to my husband WHODDIE,0
Young Thug,Trap,Tz6OUIjtM6E,Young Thug &quot;Best Friend&quot;,Young Thug,2026 still playing,0
Young Thug,Trap,Tz6OUIjtM6E,Young Thug &quot;Best Friend&quot;,Young Thug,Share your thoughts...,0
Young Thug,Trap,Tz6OUIjtM6E,Young Thug &quot;Best Friend&quot;,Young Thug,Swagnometry,2
Young Thug,Trap,Tz6OUIjtM6E,Young Thug &quot;Best Friend&quot;,Young Thug,Young Thug- Anybody feat Nicki Minaj,2
Young Thug,Trap,Tz6OUIjtM6E,Young Thug &quot;Best Friend&quot;,Young Thug,100 people that i can't wait to replace ♡,1
Young Thug,Trap,Tz6OUIjtM6E,Young Thug &quot;Best Friend&quot;,Young Thug,Literally young thugs best track,3
Young Thug,Trap,Tz6OUIjtM6E,Young Thug &quot;Best Friend&quot;,Young Thug,"Just like that, time flies.",0
Young Thug,Trap,Tz6OUIjtM6E,Young Thug &quot;Best Friend&quot;,Young Thug,"God damn, we're getting old.",1
Young Thug,Trap,Tz6OUIjtM6E,Young Thug &quot;Best Friend&quot;,Young Thug,"What's up big crit



Thissss gross



66:23 lil hirl",0
Young Thug,Trap,Tz6OUIjtM6E,Young Thug &quot;Best Friend&quot;,Young Thug,Extras. Extra...😮🇦🇲🏳️‍🌈,0
Young Thug,Trap,Tz6OUIjtM6E,Young Thug &quot;Best Friend&quot;,Young Thug,"2:00 pull up

2 fei
















11mac




On the kid",0
Young Thug,Trap,Tz6OUIjtM6E,Young Thug &quot;Best Friend&quot;,Young Thug,"He said they all be taking d, in Atlanta SMH😂",0
Young Thug,Trap,Tz6OUIjtM6E,Young Thug &quot;Best Friend&quot;,Young Thug,2026 June nighasssl,0
Young Thug,Trap,Tz6OUIjtM6E,Young Thug &quot;Best Friend&quot;,Young Thug,#FreeLilDurk,0
Young Thug,Trap,Tz6OUIjtM6E,Young Thug &quot;Best Friend&quot;,Young Thug,That shit at 0:15 is sus🤨,0
Young Thug,Trap,Tz6OUIjtM6E,Young Thug &quot;Best Friend&quot;,Young Thug,This takes me way back❤😂. Was 22 living in my first home that I bought. Bumpin tf out of this and the neighbors callin the cops 😂❤,0
Young Thug,Trap,Tz6OUIjtM6E,Young Thug &quot;Best Friend&quot;,Young Thug,Songwriter,2
Young Thug,Trap,Tz6OUIjtM6E,Young Thug &quot;Best Friend&quot;,Young Thug,Still here in 2026 🔥 still a banger,5
Young Thug,Trap,Tz6OUIjtM6E,Young Thug &quot;Best Friend&quot;,Young Thug,🎉🎉,0
Young Thug,Trap,Tz6OUIjtM6E,Young Thug &quot;Best Friend&quot;,Young Thug,"The black culture is screwed man. 
This music is garbage and is good for no one except degenerates",1
Young Thug,Trap,Tz6OUIjtM6E,Young Thug &quot;Best Friend&quot;,Young Thug,This video shows that a woman was behind Takeoff death look with your mind.,0
Young Thug,Trap,Tz6OUIjtM6E,Young Thug &quot;Best Friend&quot;,Young Thug,Who's still here in 2026!,0
Young Thug,Trap,Tz6OUIjtM6E,Young Thug &quot;Best Friend&quot;,Young Thug,2026?,0
Young Thug,Trap,Tz6OUIjtM6E,Young Thug &quot;Best Friend&quot;,Young Thug,@Yurr,0
Young Thug,Trap,Tz6OUIjtM6E,Young Thug &quot;Best Friend&quot;,Young Thug,10 yrs later pure greatness!,0
Young Thug,Trap,Tz6OUIjtM6E,Young Thug &quot;Best Friend&quot;,Young Thug,2026??,0
Young Thug,Trap,Tz6OUIjtM6E,Young Thug &quot;Best Friend&quot;,Young Thug,2029💙,0
Young Thug,Trap,Tz6OUIjtM6E,Young Thug &quot;Best Friend&quot;,Young Thug,Yo,1
Young Thug,Trap,Tz6OUIjtM6E,Young Thug &quot;Best Friend&quot;,Young Thug,Always on 1,2
Young Thug,Trap,Tz6OUIjtM6E,Young Thug &quot;Best Friend&quot;,Young Thug,Do anybody else notice dog with the red hair when his arms grow it it reminds me of mortal Kombat,0
Young Thug,Trap,Tz6OUIjtM6E,Young Thug &quot;Best Friend&quot;,Young Thug,Y'all still here 2026???,0
Young Thug,Trap,Tz6OUIjtM6E,Young Thug &quot;Best Friend&quot;,Young Thug,Much Love,1
Young Thug,Trap,Tz6OUIjtM6E,Young Thug &quot;Best Friend&quot;,Young Thug,ME lisa,1
Young Thug,Trap,Tz6OUIjtM6E,Young Thug &quot;Best Friend&quot;,Young Thug,Young thug ❤💯💪🥶,0
Young Thug,Trap,Tz6OUIjtM6E,Young Thug &quot;Best Friend&quot;,Young Thug,Yes three classes one a keeper,0
Young Thug,Trap,Tz6OUIjtM6E,Young Thug &quot;Best Friend&quot;,Young Thug,Keeper over there,0
Young Thug,Trap,Tz6OUIjtM6E,Young Thug &quot;Best Friend&quot;,Young Thug,Leader of the bees,0
Young Thug,Trap,Tz6OUIjtM6E,Young Thug &quot;Best Friend&quot;,Young Thug,Best friend E.B.F.F.E.F.L.,1
Young Thug,Trap,Tz6OUIjtM6E,Young Thug &quot;Best Friend&quot;,Young Thug,Faith is your friendship,0
Young Thug,Trap,Tz6OUIjtM6E,Young Thug &quot;Best Friend&quot;,Young Thug,10 years ago … heyyeaaahhhhhh,0
Young Thug,Trap,Tz6OUIjtM6E,Young Thug &quot;Best Friend&quot;,Young Thug,this is literally dogshit mumble rap. why do people watch this garbage,0
Young Thug,Trap,Tz6OUIjtM6E,Young Thug &quot;Best Friend&quot;,Young Thug,2026 and this still hard😭,1
Young Thug,Trap,Tz6OUIjtM6E,Young Thug &quot;Best Friend&quot;,Young Thug,"Thugger, I am begging you not to get into any Brazilian helicopters.",0
Young Thug,Trap,Tz6OUIjtM6E,Young Thug &quot;Best Friend&quot;,Young Thug,O cara meteu o estilo de paulista tropeiro 😂😂,0
Young Thug,Trap,Tz6OUIjtM6E,Young Thug &quot;Best Friend&quot;,Young Thug,0:12 is wild,0
Young Thug,Trap,Tz6OUIjtM6E,Young Thug &quot;Best Friend&quot;,Young Thug,And good Luck about the Work Musique 🎹🎹🎹🎶🎹🎹🎶🎶🎶🪂💫🎃🤓🏫🏫🤓,0
Young Thug,Trap,Tz6OUIjtM6E,Young Thug &quot;Best Friend&quot;,Young Thug,Good evening my best Favorite in YouTube and i Like Your best Style Video Clips 🤓💫💫🎃🤓🏫,0
Young Thug,Trap,Tz6OUIjtM6E,Young Thug &quot;Best Friend&quot;,Young Thug,❤ 🌹 ❤ I concer 💯% @ 168 @ ₩€@|< ❤ 🌹 ❤,0
Young Thug,Trap,Tz6OUIjtM6E,Young Thug &quot;Best Friend&quot;,Young Thug,"I would love love to attend one of your concerts when you’re here in Houston, Texas a.k.a. Drake",0
Young Thug,Trap,Tz6OUIjtM6E,Young Thug &quot;Best Friend&quot;,Young Thug,You’re amazing Young Thug❤,0
Young Thug,Trap,Tz6OUIjtM6E,Young Thug &quot;Best Friend&quot;,Young Thug,I love you Young Thug❤🎉😮😊,0
Young Thug,Trap,Tz6OUIjtM6E,Young Thug &quot;Best Friend&quot;,Young Thug,New Jersey Shit,0
Young Thug,Trap,Tz6OUIjtM6E,Young Thug &quot;Best Friend&quot;,Young Thug,"(I'm robot🤳)
 I'm coming the future someone listening in 3033?",0
Young Thug,Trap,Tz6OUIjtM6E,Young Thug &quot;Best Friend&quot;,Young Thug,Oshiet,0
Young Thug,Trap,Tz6OUIjtM6E,Young Thug &quot;Best Friend&quot;,Young Thug,June 9th 2026?,0
Young Thug,Trap,Tz6OUIjtM6E,Young Thug &quot;Best Friend&quot;,Young Thug,young thug是goat！,0
Young Thug,Trap,Tz6OUIjtM6E,Young Thug &quot;Best Friend&quot;,Young Thug,This song is actually so fucking hard it's insane,1
Young Thug,Trap,Tz6OUIjtM6E,Young Thug &quot;Best Friend&quot;,Young Thug,Sup,0
Young Thug,Trap,Tz6OUIjtM6E,Young Thug &quot;Best Friend&quot;,Young Thug,🤖 follow up 🎊,0
Young Thug,Trap,Tz6OUIjtM6E,Young Thug &quot;Best Friend&quot;,Young Thug,больной,0
Young Thug,Trap,Tz6OUIjtM6E,Young Thug &quot;Best Friend&quot;,Young Thug,2026 and over never going to stop,0
Young Thug,Trap,Tz6OUIjtM6E,Young Thug &quot;Best Friend&quot;,Young Thug,2026 anyone,1
Young Thug,Trap,Tz6OUIjtM6E,Young Thug &quot;Best Friend&quot;,Young Thug,I lk to sing lk this. amazing style youngthug gats,0
Young Thug,Trap,Tz6OUIjtM6E,Young Thug &quot;Best Friend&quot;,Young Thug,Fiveid3,0
Young Thug,Trap,Tz6OUIjtM6E,Young Thug &quot;Best Friend&quot;,Young Thug,Ybreadyifurnotnewborntwoonceagainontopofoverofthetopofmyworldismysisthereanymoreonefrommenewbornyoungthugliketwostayalifeliveingonceauponatimeistherestimesdonefromthebothdiffencesislikewhoiamandwhoareyouhuhputingslikewatfromformingsnewbornmagjickurdadblaxkmale,1
Young Thug,Trap,Tz6OUIjtM6E,Young Thug &quot;Best Friend&quot;,Young Thug,0:51 😮😮,0
Young Thug,Trap,Tz6OUIjtM6E,Young Thug &quot;Best Friend&quot;,Young Thug,"people compare thug to gunna? Lets be real, thug da goat theres no gunna without thug, pioneer of the atlanta rap. Thugs da goat",0
Young Thug,Trap,Tz6OUIjtM6E,Young Thug &quot;Best Friend&quot;,Young Thug,Elmo Monster,0
Young Thug,Trap,Tz6OUIjtM6E,Young Thug &quot;Best Friend&quot;,Young Thug,my reefer louder than my speaker 🌬️🔥💨💯 true smokers know.....,0
Young Thug,Trap,Tz6OUIjtM6E,Young Thug &quot;Best Friend&quot;,Young Thug,This shit going crazy 😮🚁,0
Young Thug,Trap,Tz6OUIjtM6E,Young Thug &quot;Best Friend&quot;,Young Thug,Prime thug,2
Young Thug,Trap,Tz6OUIjtM6E,Young Thug &quot;Best Friend&quot;,Young Thug,n ational treassor,0
Young Thug,Trap,Tz6OUIjtM6E,Young Thug &quot;Best Friend&quot;,Young Thug,Yo,0
Young Thug,Trap,Tz6OUIjtM6E,Young Thug &quot;Best Friend&quot;,Young Thug,2026🎉,1
Young Thug,Trap,Tz6OUIjtM6E,Young Thug &quot;Best Friend&quot;,Young Thug,Young🔥🔥🔥thug alone 👍,0
Young Thug,Trap,Tz6OUIjtM6E,Young Thug &quot;Best Friend&quot;,Young Thug,Lezanti luister iets Anders,0
Young Thug,Trap,Tz6OUIjtM6E,Young Thug &quot;Best Friend&quot;,Young Thug,Yo,0
Young Thug,Trap,Tz6OUIjtM6E,Young Thug &quot;Best Friend&quot;,Young Thug,June 2026 ❤,0
Young Thug,Trap,Tz6OUIjtM6E,Young Thug &quot;Best Friend&quot;,Young Thug,The Weeknd- Try Me,0
Young Thug,Trap,Tz6OUIjtM6E,Young Thug &quot;Best Friend&quot;,Young Thug,GAOT 🔥,0
Young Thug,Trap,Tz6OUIjtM6E,Young Thug &quot;Best Friend&quot;,Young Thug,You Can't Kill Who Was Already Dead Years Ago - RA,0
Young Thug,Trap,Tz6OUIjtM6E,Young Thug &quot;Best Friend&quot;,Young Thug,,0
Young Thug,Trap,Tz6OUIjtM6E,Young Thug &quot;Best Friend&quot;,Young Thug,He’s the pac of my generation,0
Young Thug,Trap,Tz6OUIjtM6E,Young Thug &quot;Best Friend&quot;,Young Thug,Missing my best friend 🤧,2
Young Thug,Trap,Tz6OUIjtM6E,Young Thug &quot;Best Friend&quot;,Young Thug,2026😊anyone here?,0
Young Thug,Trap,Tz6OUIjtM6E,Young Thug &quot;Best Friend&quot;,Young Thug,05/2026 ?,0
Young Thug,Trap,Tz6OUIjtM6E,Young Thug &quot;Best Friend&quot;,Young Thug,🎉❤,0
Young Thug,Trap,Tz6OUIjtM6E,Young Thug &quot;Best Friend&quot;,Young Thug,2026??,1
Young Thug,Trap,Tz6OUIjtM6E,Young Thug &quot;Best Friend&quot;,Young Thug,0:41 HEYEAAAAAAAHHHHHHHHHH🔥🔥🔥🔥🔥 0:43,1
Young Thug,Trap,Tz6OUIjtM6E,Young Thug &quot;Best Friend&quot;,Young Thug,Mama loves you thug ❤❤❤❤❤❤,1
Young Thug,Trap,Tz6OUIjtM6E,Young Thug &quot;Best Friend&quot;,Young Thug,DIVEST ☣️☣️☣️☣️☣️,1
Young Thug,Trap,Tz6OUIjtM6E,Young Thug &quot;Best Friend&quot;,Young Thug,1:32-1:35 Hitten Dem Folks 😭🤣,2
Young Thug,Trap,Tz6OUIjtM6E,Young Thug &quot;Best Friend&quot;,Young Thug,this will always be my hype song,1
Young Thug,Trap,Tz6OUIjtM6E,Young Thug &quot;Best Friend&quot;,Young Thug,2026 anybody ?,2
Young Thug,Trap,Tz6OUIjtM6E,Young Thug &quot;Best Friend&quot;,Young Thug,"My wonderfull this will no no, no well this will my name will be a i am lingvist",1
Young Thug,Trap,Tz6OUIjtM6E,Young Thug &quot;Best Friend&quot;,Young Thug,Ain’t $hit Change East Side Decatur still getting it ….. Don’t do no talking better ……Bless all our $onS Da $hooter$,0
Young Thug,Trap,Tz6OUIjtM6E,Young Thug &quot;Best Friend&quot;,Young Thug,Take dem boyz to school swagonometry,0
Young Thug,Trap,Tz6OUIjtM6E,Young Thug &quot;Best Friend&quot;,Young Thug,Tf was that opening scene about lmao,0
Young Thug,Trap,Tz6OUIjtM6E,Young Thug &quot;Best Friend&quot;,Young Thug,"‘That boy want smoke I’ll drop my lo right now, come get high with us’ is CRAZY 

I don’t condone violence but that’s lyrical genius",0
Young Thug,Trap,Tz6OUIjtM6E,Young Thug &quot;Best Friend&quot;,Young Thug,Pensée a mon enceinte 50 w,0
Young Thug,Trap,Tz6OUIjtM6E,Young Thug &quot;Best Friend&quot;,Young Thug,YYYYYYYYYYYYYYYYEEEEEEEEEEAAAAA!!,0
Young Thug,Trap,Tz6OUIjtM6E,Young Thug &quot;Best Friend&quot;,Young Thug,She just s dumb ass lucky just like me ... Yah .,0
Young Thug,Trap,Tz6OUIjtM6E,Young Thug &quot;Best Friend&quot;,Young Thug,🔥🔥🔥🔥🔥🔥🔥,0
Young Thug,Trap,Tz6OUIjtM6E,Young Thug &quot;Best Friend&quot;,Young Thug,Go check the last leak yall,0
Young Thug,Trap,Tz6OUIjtM6E,Young Thug &quot;Best Friend&quot;,Young Thug,Good news: I time traveled and this is the National Anthem of 2064.,0
Young Thug,Trap,Tz6OUIjtM6E,Young Thug &quot;Best Friend&quot;,Young Thug,❤2026..,1
Young Thug,Trap,Tz6OUIjtM6E,Young Thug &quot;Best Friend&quot;,Young Thug,Amen,0
Young Thug,Trap,Tz6OUIjtM6E,Young Thug &quot;Best Friend&quot;,Young Thug,Free Thug for the end of the World Fight!!!!,0
Young Thug,Trap,Tz6OUIjtM6E,Young Thug &quot;Best Friend&quot;,Young Thug,❤IUI,2
Young Thug,Trap,Tz6OUIjtM6E,Young Thug &quot;Best Friend&quot;,Young Thug,🔥👂🏾🔥👂🏾🔥👂🏾🔥👂🏾🔥👂🏾🔥👂🏾,0
Young Thug,Trap,Tz6OUIjtM6E,Young Thug &quot;Best Friend&quot;,Young Thug,2026 ????? 🎉,1
Young Thug,Trap,Tz6OUIjtM6E,Young Thug &quot;Best Friend&quot;,Young Thug,"""Every artist who hop on this beat be snapping.""🙂‍↔️🤞🏽🫀🇿🇦🥳🔥",1
Young Thug,Trap,Tz6OUIjtM6E,Young Thug &quot;Best Friend&quot;,Young Thug,2026 and beyond 🤘🏾,1
Young Thug,Trap,Tz6OUIjtM6E,Young Thug &quot;Best Friend&quot;,Young Thug,Swagonometry 🎉❤,2
Young Thug,Trap,Tz6OUIjtM6E,Young Thug &quot;Best Friend&quot;,Young Thug,Anyone 2026,2
Young Thug,Trap,Tz6OUIjtM6E,Young Thug &quot;Best Friend&quot;,Young Thug,Yess,1
Young Thug,Trap,Tz6OUIjtM6E,Young Thug &quot;Best Friend&quot;,Young Thug,OKAY THATS MAH BEST FRIEND. BESTIE MY BEST FRIEND. 💨💨💯😎,0
Young Thug,Trap,Tz6OUIjtM6E,Young Thug &quot;Best Friend&quot;,Young Thug,334M,0
Young Thug,Trap,Tz6OUIjtM6E,Young Thug &quot;Best Friend&quot;,Young Thug,Slime yb or thug?,1
Young Thug,Trap,Tz6OUIjtM6E,Young Thug &quot;Best Friend&quot;,Young Thug,2026🔥🔥🔥,0
Young Thug,Trap,Tz6OUIjtM6E,Young Thug &quot;Best Friend&quot;,Young Thug,Roaches on the stove!,0
Young Thug,Trap,Tz6OUIjtM6E,Young Thug &quot;Best Friend&quot;,Young Thug,😂😂😂😂,0
Young Thug,Trap,Tz6OUIjtM6E,Young Thug &quot;Best Friend&quot;,Young Thug,Yo,0
Young Thug,Trap,Tz6OUIjtM6E,Young Thug &quot;Best Friend&quot;,Young Thug,Yo,0
Young Thug,Trap,Tz6OUIjtM6E,Young Thug &quot;Best Friend&quot;,Young Thug,2:34 it's time to start talking about mental illness in the black community,0
Young Thug,Trap,Tz6OUIjtM6E,Young Thug &quot;Best Friend&quot;,Young Thug,Uncle kreeee,0
Young Thug,Trap,Tz6OUIjtM6E,Young Thug &quot;Best Friend&quot;,Young Thug,Go Best frend's please its YT KING  THANK YOU! 👍👍💪👌 Poland!!!,0
Young Thug,Trap,Tz6OUIjtM6E,Young Thug &quot;Best Friend&quot;,Young Thug,Ot genius flow,0
Young Thug,Trap,Tz6OUIjtM6E,Young Thug &quot;Best Friend&quot;,Young Thug,Still 🔥,1
Young Thug,Trap,Tz6OUIjtM6E,Young Thug &quot;Best Friend&quot;,Young Thug,Bros head playing tricks on the centre of the table 😅😅,0
Young Thug,Trap,Tz6OUIjtM6E,Young Thug &quot;Best Friend&quot;,Young Thug,Thank God for my dad,1
Young Thug,Trap,Tz6OUIjtM6E,Young Thug &quot;Best Friend&quot;,Young Thug,TRAPPING 🎉🎉🎉🎉🎉,1
Young Thug,Trap,Tz6OUIjtM6E,Young Thug &quot;Best Friend&quot;,Young Thug,Bro must be inspecting them muffler bearings when he's just randomly looking under the rear of the car,0
Young Thug,Trap,Tz6OUIjtM6E,Young Thug &quot;Best Friend&quot;,Young Thug,"En el nombre de Allah (Dios), el Compasivo, el Misericordioso.

La paz sea con aquellos que siguen la guía.

Hemos enviado un mensajero a cada comunidad: ""Adorad a Allah y apartaos de los Tagut.""Y hubo entre ellos a quien Allah guió, pero hubo en quien se hizo realidad el extravío.Recorred pues la tierra y ved cómo acabaron los que negaron la verdad. Corán (16:36)

Taghut: significa cualquier cosa adorada además de Allah (Dios).

Hay cinco cabezas de taghut

Satanás: El instigador supremo que incita a la gente a desobedecer a Alá (Dios) y a adorar a otros.
Aquel que es adorado y se complace con ello: Alguien (o algo) adorado además de Alá (Dios), que se complace con esa adoración (por ejemplo, ídolos, santos fallecidos adorados falsamente).
Quien afirma conocer lo Oculto (Ghayb): Alguien que afirma falsamente conocer asuntos ocultos, que pertenecen solo a Alá (Dios).
Quien incita a la gente a adorarse a sí mismo: Un líder o figura que invita activamente a otros a adorarle, independientemente de si cumplen o no.
Quien no juzga con base en lo que Alá ha revelado: Un gobernante o autoridad que sustituye la ley divina de Alá con leyes humanas, desviando a la gente del camino de Dios.

Y no he creado a los genios y a los hombres sino para que Me adoren. Corán (51:56)

""Él es Quien creó la muerte y la vida para probaros y ver cuál de vosotros sería mejor en obras. Corán (67:2)

Realmente la práctica de Adoración ante Allah es el Islam. Corán (3:19)

Y quien desee otra práctica de Adoración que no sea el Islam. no le será aceptada y en la Última Vida será de los perdedores. Corán (3:85)

Toda alma probará la muerte. Y el Día del Levantamiento se os pagará cumplidamente la retribución que os corresponda.Quien sea alejado del Fuego e introducido en el Jardín, habrá triunfado. La vida de este mundo no es sino el disfrute engañoso de lo que se acaba. Corán (3:185)

La vida del mundo no es sino juego y distracción, la verdadera vida es la morada de la Última Vida, si supieran. Corán (29:64)

Ni vuestra consanguinidad ni vuestros hijos os servirán el Día del Levantamiento. Cada uno de vosotros tendrá el juicio que le corresponda. Allah ve lo que hacéis. Corán (60:3)

Y al que está ciego para el recuerdo del Misericordioso le asignamos un demonio que se convierte en su compañero inseparable. Y éstos les apartan del camino mientras ellos se creen guiados. Corán (43:36-37)",1
Young Thug,Trap,Tz6OUIjtM6E,Young Thug &quot;Best Friend&quot;,Young Thug,"In the name of Allah(God), the Most Gracious, the Most Merciful

Peace be with those who follow the guidance

And We certainly sent into every nation a messenger, [saying], ""Worship Allah and avoid Taghut."" And among them were those whom Allah guided, and among them were those upon whom error was [deservedly] decreed. So proceed through the earth and observe how was the end of the deniers. Quran (16:36)

Taghut: means anything worshipped besides Allah(God).

There are five heads of taghut

Satan: The ultimate instigator who calls people to disobey Allah(God) and worship others.
The one worshipped and pleased with it: Someone (or something) worshipped besides Allah(God), who is content with that worship (e.g., idols, deceased saints worshipped falsely).
The one who claims knowledge of the Unseen (Ghayb): Someone who falsely asserts knowledge of hidden matters, which belongs only to Allah(God).
The one who calls people to worship himself: A leader or figure who actively invites others to worship him, regardless of whether they comply.
The one who judges by other than what Allah has revealed: A ruler or authority who substitutes Allah's divine law with man-made laws, leading people away from God's path. 

I did not create jinn and humans except to worship Me. Quran (51:56)

He] who created death and life to test you [as to] which of you is best in deed Quran (67:2)

Indeed, the religion in the sight of Allah is Islam. Quran (3:19)

Whoever seeks a way other than Islam,1 it will never be accepted from them, and in the Hereafter they will be among the losers. Quran (3:85)

Every soul will taste death. And you will only receive your full reward on the Day of Judgment. Whoever is spared from the Fire and is admitted into Paradise will ˹indeed˺ triumph, whereas the life of this world is no more than the delusion of enjoyment. Quran (3:185)

And this worldly life is not but diversion and amusement. And indeed, the home of the Hereafter - that is the [eternal] life, if only they knew. Quran (29:64)

Neither your relatives nor children will benefit you on Judgment Day—He will decide between you ˹all˺. For Allah is All-Seeing of what you do. Quran (60:3)

And whoever turns a blind eye to the Reminder of the Most Compassionate, We place at the disposal of each a devilish one as their close associate, who will certainly hinder them from the ˹Right˺ Way while they think they are ˹rightly˺ guided. Quran (43:36-37)",1
Young Thug,Trap,Tz6OUIjtM6E,Young Thug &quot;Best Friend&quot;,Young Thug,"Can't deny Young Thug been in his bag since day one, but that AUTHENTIC VIEWS DAWT CAWM boost is on another level! Dude’s literally unstoppable now. 🔥💥",15
Young Thug,Trap,Tz6OUIjtM6E,Young Thug &quot;Best Friend&quot;,Young Thug,Just REALLY watching this video after all these years.. these fools are at my FAV hiking spot in GA.,0
Young Thug,Trap,Tz6OUIjtM6E,Young Thug &quot;Best Friend&quot;,Young Thug,0:26 0:40 0:49,0
Young Thug,Trap,Tz6OUIjtM6E,Young Thug &quot;Best Friend&quot;,Young Thug,Yo,0
Young Thug,Trap,Tz6OUIjtM6E,Young Thug &quot;Best Friend&quot;,Young Thug,#young thug @ #TSG,1
Young Thug,Trap,Tz6OUIjtM6E,Young Thug &quot;Best Friend&quot;,Young Thug,Carti sister kee 😂😂 0:09,0
Young Thug,Trap,Tz6OUIjtM6E,Young Thug &quot;Best Friend&quot;,Young Thug,2026 who here? 🔥,2
Young Thug,Trap,Tz6OUIjtM6E,Young Thug &quot;Best Friend&quot;,Young Thug,May 2026.,1
Young Thug,Trap,Tz6OUIjtM6E,Young Thug &quot;Best Friend&quot;,Young Thug,2026?,4
Young Thug,Trap,Tz6OUIjtM6E,Young Thug &quot;Best Friend&quot;,Young Thug,May 2026 from Angola 🇦🇴❤👌,0
Young Thug,Trap,Tz6OUIjtM6E,Young Thug &quot;Best Friend&quot;,Young Thug,How am I finally seeing this gem,1
Young Thug,Trap,Tz6OUIjtM6E,Young Thug &quot;Best Friend&quot;,Young Thug,https://youtu.be/JfFBlKiqDVQ?si=4VF_Yp1gozCmS8wA,0
Young Thug,Trap,Tz6OUIjtM6E,Young Thug &quot;Best Friend&quot;,Young Thug,https://youtu.be/JfFBlKiqDVQ?si=4VF_Yp1gozCmS8wA,0
Young Thug,Trap,Tz6OUIjtM6E,Young Thug &quot;Best Friend&quot;,Young Thug,https://youtu.be/JfFBlKiqDVQ?si=4VF_Yp1gozCmS8wA,0
Young Thug,Trap,Tz6OUIjtM6E,Young Thug &quot;Best Friend&quot;,Young Thug,https://youtu.be/JfFBlKiqDVQ?si=4VF_Yp1gozCmS8wA,0
Young Thug,Trap,Tz6OUIjtM6E,Young Thug &quot;Best Friend&quot;,Young Thug,https://youtu.be/JfFBlKiqDVQ?si=4VF_Yp1gozCmS8wA,0
Young Thug,Trap,Tz6OUIjtM6E,Young Thug &quot;Best Friend&quot;,Young Thug,https://youtu.be/JfFBlKiqDVQ?si=4VF_Yp1gozCmS8wA,0
Young Thug,Trap,Tz6OUIjtM6E,Young Thug &quot;Best Friend&quot;,Young Thug,Anyone in may 2026,0
Young Thug,Trap,Tz6OUIjtM6E,Young Thug &quot;Best Friend&quot;,Young Thug,Fettish wap,0
Young Thug,Trap,Tz6OUIjtM6E,Young Thug &quot;Best Friend&quot;,Young Thug,Wyat,0
Young Thug,Trap,Tz6OUIjtM6E,Young Thug &quot;Best Friend&quot;,Young Thug,Wap,0
Young Thug,Trap,Tz6OUIjtM6E,Young Thug &quot;Best Friend&quot;,Young Thug,Zap,0
Young Thug,Trap,Tz6OUIjtM6E,Young Thug &quot;Best Friend&quot;,Young Thug,Dillon bolt,0
Young Thug,Trap,Tz6OUIjtM6E,Young Thug &quot;Best Friend&quot;,Young Thug,Land year light,0
Young Thug,Trap,Tz6OUIjtM6E,Young Thug &quot;Best Friend&quot;,Young Thug,2026🤪🦾😮‍💨,1
Young Thug,Trap,Tz6OUIjtM6E,Young Thug &quot;Best Friend&quot;,Young Thug,The shorties was snapping in the back lol,0
Young Thug,Trap,Tz6OUIjtM6E,Young Thug &quot;Best Friend&quot;,Young Thug,❤❤,1
Young Thug,Trap,Tz6OUIjtM6E,Young Thug &quot;Best Friend&quot;,Young Thug,still a banger in 2026,6
Young Thug,Trap,Tz6OUIjtM6E,Young Thug &quot;Best Friend&quot;,Young Thug,Swaganometry,0
Young Thug,Trap,Tz6OUIjtM6E,Young Thug &quot;Best Friend&quot;,Young Thug,2026,0
Young Thug,Trap,Tz6OUIjtM6E,Young Thug &quot;Best Friend&quot;,Young Thug,"Should be a lesson for all the wanna be thugs that think that life style is fun...All these dudes are dead already, you dont live past 30, sometimes dont even make it to 20, and for what? Nobody thinks your hard and nobody is scared of you except your ""ops"" which are people just like you anyways so what are you really doing other than contributing to your own downfall?",0
Young Thug,Trap,Tz6OUIjtM6E,Young Thug &quot;Best Friend&quot;,Young Thug,Thug is the only trapp shit i respect,3
Young Thug,Trap,Tz6OUIjtM6E,Young Thug &quot;Best Friend&quot;,Young Thug,🧑🏽‍🦱🧠👨🏾‍🦲🧠🗣️🗣️,1
Young Thug,Trap,Tz6OUIjtM6E,Young Thug &quot;Best Friend&quot;,Young Thug,@15 secs is wild,0
Young Thug,Trap,Tz6OUIjtM6E,Young Thug &quot;Best Friend&quot;,Young Thug,Ref ❤,0
Young Thug,Trap,Tz6OUIjtM6E,Young Thug &quot;Best Friend&quot;,Young Thug,2026🎉❤ still my ringtone,0
Young Thug,Trap,Tz6OUIjtM6E,Young Thug &quot;Best Friend&quot;,Young Thug,I love how they in the woods just dancing,0
Young Thug,Trap,Tz6OUIjtM6E,Young Thug &quot;Best Friend&quot;,Young Thug,Big Sam’s Club. Business,0
Young Thug,Trap,Tz6OUIjtM6E,Young Thug &quot;Best Friend&quot;,Young Thug,Grocery Wood in,0
Young Thug,Trap,Tz6OUIjtM6E,Young Thug &quot;Best Friend&quot;,Young Thug,Slim thick Driving & getting Ate,0
Young Thug,Trap,Tz6OUIjtM6E,Young Thug &quot;Best Friend&quot;,Young Thug,This is some renaissance shit,91
Young Thug,Trap,Tz6OUIjtM6E,Young Thug &quot;Best Friend&quot;,Young Thug,Someone help me find the exact fit he has on in that car .,0
Young Thug,Trap,Tz6OUIjtM6E,Young Thug &quot;Best Friend&quot;,Young Thug,2026🎉,0
Young Thug,Trap,Tz6OUIjtM6E,Young Thug &quot;Best Friend&quot;,Young Thug,🇹🇭🇹🇭,0
Young Thug,Trap,Tz6OUIjtM6E,Young Thug &quot;Best Friend&quot;,Young Thug,"trth that this song goes out to all my best frieds including,,,, 
wa",0
Young Thug,Trap,Tz6OUIjtM6E,Young Thug &quot;Best Friend&quot;,Young Thug,💃🏾💃🏾💃🏾💃🏾,0
Young Thug,Trap,Tz6OUIjtM6E,Young Thug &quot;Best Friend&quot;,Young Thug,1:03 💪🔥🔥🔥🔥🔥,1
Young Thug,Trap,Tz6OUIjtM6E,Young Thug &quot;Best Friend&quot;,Young Thug,"float like a butterfly, sting like a ...(Bumble)BeeEEE ... or (Mumble)Bee, not sure if you guyz like that title, no disrespect, I think it's Dope ...",0
Young Thug,Trap,Tz6OUIjtM6E,Young Thug &quot;Best Friend&quot;,Young Thug,Came here from that guy’s TikTok video to check his level of accuracy,2
Young Thug,Trap,Tz6OUIjtM6E,Young Thug &quot;Best Friend&quot;,Young Thug,🔥🔥🔥🔗⛓️‍💥,0
Young Thug,Trap,Tz6OUIjtM6E,Young Thug &quot;Best Friend&quot;,Young Thug,Why did I think this was trippie redd,0
Young Thug,Trap,Tz6OUIjtM6E,Young Thug &quot;Best Friend&quot;,Young Thug,2026 anyone? 😊,1
Young Thug,Trap,Tz6OUIjtM6E,Young Thug &quot;Best Friend&quot;,Young Thug,Best friend,1
Young Thug,Trap,Tz6OUIjtM6E,Young Thug &quot;Best Friend&quot;,Young Thug,2026?!?!,2
Young Thug,Trap,Tz6OUIjtM6E,Young Thug &quot;Best Friend&quot;,Young Thug,Dreadful lyrics.,0
Young Thug,Trap,Tz6OUIjtM6E,Young Thug &quot;Best Friend&quot;,Young Thug,Thats my bestie my bestie my bestie my bestfriend. GO BESTFRIEND,1
Young Thug,Trap,Tz6OUIjtM6E,Young Thug &quot;Best Friend&quot;,Young Thug,Still Jamming the hardest trap song in 2026 💯🔥,1
Young Thug,Trap,Tz6OUIjtM6E,Young Thug &quot;Best Friend&quot;,Young Thug,Alguém 2026??,2
Young Thug,Trap,Tz6OUIjtM6E,Young Thug &quot;Best Friend&quot;,Young Thug,"ThUg'GUH....DHEY DONT KNOW...SO....quote...U LOOKED OUT 4..me..I AINT....GONE NEVA 4GET DAT....DATS Y...I.,....IM GONE AX..........DID U SAVE....WEEZY'@..,LIFE...... ¿? #TIME2HEAL......LUV",1
Young Thug,Trap,Tz6OUIjtM6E,Young Thug &quot;Best Friend&quot;,Young Thug,I made my bff a video off this video cause she was my bff that’s it ik the song don’t fit but oh well but kinda do cause she stole my crush away and called me otp while she was giving her head and that hurt till this day 😢,0
Young Thug,Trap,Tz6OUIjtM6E,Young Thug &quot;Best Friend&quot;,Young Thug,Ysl4life,0
Young Thug,Trap,Tz6OUIjtM6E,Young Thug &quot;Best Friend&quot;,Young Thug,Anyone in 2026 ? 🎉,0
Young Thug,Trap,Tz6OUIjtM6E,Young Thug &quot;Best Friend&quot;,Young Thug,That's my best friend that's my best friend 🔥,3
Young Thug,Trap,Tz6OUIjtM6E,Young Thug &quot;Best Friend&quot;,Young Thug,🐐🙏🔥🔥,0
Young Thug,Trap,Tz6OUIjtM6E,Young Thug &quot;Best Friend&quot;,Young Thug,My brudda unfortunately lost his life. Almost injuring others in the process. This was our favorite artist back in the day. Rip big bro 😢,1
Young Thug,Trap,Tz6OUIjtM6E,Young Thug &quot;Best Friend&quot;,Young Thug,Dis 🎉the 💧😊,0
Young Thug,Trap,Tz6OUIjtM6E,Young Thug &quot;Best Friend&quot;,Young Thug,When art was art,1
Young Thug,Trap,Tz6OUIjtM6E,Young Thug &quot;Best Friend&quot;,Young Thug,Chevrolet logo shape bend with aluminium rods glued between cardboard circle cuts is Rolex homemades mommy,0
Young Thug,Trap,Tz6OUIjtM6E,Young Thug &quot;Best Friend&quot;,Young Thug,I feel like young thug influenced a Lotta people to smoke weed.,2
Young Thug,Trap,Tz6OUIjtM6E,Young Thug &quot;Best Friend&quot;,Young Thug,2026 anyone?,0
Young Thug,Trap,Tz6OUIjtM6E,Young Thug &quot;Best Friend&quot;,Young Thug,2:00,1
Young Thug,Trap,Tz6OUIjtM6E,Young Thug &quot;Best Friend&quot;,Young Thug,Well ysl 4 life didn't last did it lmao,0
Young Thug,Trap,Tz6OUIjtM6E,Young Thug &quot;Best Friend&quot;,Young Thug,Yo,0
Young Thug,Trap,Tz6OUIjtM6E,Young Thug &quot;Best Friend&quot;,Young Thug,Yo,0
Young Thug,Trap,Tz6OUIjtM6E,Young Thug &quot;Best Friend&quot;,Young Thug,Vanilla ice collected wnough for himselpf,0
Young Thug,Trap,Tz6OUIjtM6E,Young Thug &quot;Best Friend&quot;,Young Thug,"Is Google your best friend, google is definitely my best friend, shout out to google! 🎉🎉🎉🎉",0
Young Thug,Trap,Tz6OUIjtM6E,Young Thug &quot;Best Friend&quot;,Young Thug,Eat that booty like groceries,0
Young Thug,Trap,Tz6OUIjtM6E,Young Thug &quot;Best Friend&quot;,Young Thug,u da real best friend,1
Young Thug,Trap,Tz6OUIjtM6E,Young Thug &quot;Best Friend&quot;,Young Thug,Young thug and Lil baby need to do a mixtape fr,1
Young Thug,Trap,Tz6OUIjtM6E,Young Thug &quot;Best Friend&quot;,Young Thug,It s god,0
Young Thug,Trap,Tz6OUIjtM6E,Young Thug &quot;Best Friend&quot;,Young Thug,Where's my best friend straight best frien never da end💨🐎 💨💨🐎🎶☄️,1
Young Thug,Trap,Tz6OUIjtM6E,Young Thug &quot;Best Friend&quot;,Young Thug,"Take them boys to school, swagonometry
Bitch I'm bleeding bad, like a bumble bee
Hold up! Hold it, hold it, nigga proceed
I'ma eat that booty just like groceries
Eat on that coochie, lay that bitch down like ""let's do it""
No Tiger bitch, eat that wood, eat that wood
Supplier, bitch, I got pistols, no wood
I want them tacos that are Meagan Good
Helicopter choppin' with the buz
Stuff them racks inside them if they nudge
Bang that other side, nigga curb
And my reefer louder than a speaker
Yeah my niece is hanging with The Beatles
If you ever find her, better keep her
Thirty seven cameras for the sneakers
Goin' out like Ox or Beanie Sigel
Send a cop, I can't wait to mistreat 'em
Forcin' your ho, I can't wait to mislead 'em
And beat 'em, they ain't my people",1
Young Thug,Trap,Tz6OUIjtM6E,Young Thug &quot;Best Friend&quot;,Young Thug,"3:11 ""KEEP A RACHET""",1
Young Thug,Trap,Tz6OUIjtM6E,Young Thug &quot;Best Friend&quot;,Young Thug,2026❤🎉😂,0
Young Thug,Trap,Tz6OUIjtM6E,Young Thug &quot;Best Friend&quot;,Young Thug,Yo,0
Young Thug,Trap,Tz6OUIjtM6E,Young Thug &quot;Best Friend&quot;,Young Thug,Yo,0
Young Thug,Trap,Tz6OUIjtM6E,Young Thug &quot;Best Friend&quot;,Young Thug,who here in April 2026,0
Young Thug,Trap,Tz6OUIjtM6E,Young Thug &quot;Best Friend&quot;,Young Thug,3000,0
Young Thug,Trap,Tz6OUIjtM6E,Young Thug &quot;Best Friend&quot;,Young Thug,April 2026?,0
Young Thug,Trap,Tz6OUIjtM6E,Young Thug &quot;Best Friend&quot;,Young Thug,❤❤❤❤#tyesha I'm still listening and here a fan forever!,1
Young Thug,Trap,Tz6OUIjtM6E,Young Thug &quot;Best Friend&quot;,Young Thug,ENITYCOVERAGE ON CAR INSURANCE,0
Young Thug,Trap,Tz6OUIjtM6E,Young Thug &quot;Best Friend&quot;,Young Thug,❤❤❤❤❤❤❤,0
Young Thug,Trap,Tz6OUIjtM6E,Young Thug &quot;Best Friend&quot;,Young Thug,هههههههه,0
Young Thug,Trap,Tz6OUIjtM6E,Young Thug &quot;Best Friend&quot;,Young Thug,This has hella views since I was 12,0
Young Thug,Trap,Tz6OUIjtM6E,Young Thug &quot;Best Friend&quot;,Young Thug,2026 hellooooooo,1
Young Thug,Trap,Tz6OUIjtM6E,Young Thug &quot;Best Friend&quot;,Young Thug,I used to love rap music until I heard Young Thug... now I love Young Thug's music.. F rap yall can have it back lol,0
Young Thug,Trap,Tz6OUIjtM6E,Young Thug &quot;Best Friend&quot;,Young Thug,Yo,0
Young Thug,Trap,Tz6OUIjtM6E,Young Thug &quot;Best Friend&quot;,Young Thug,Yo,0
Young Thug,Trap,Tz6OUIjtM6E,Young Thug &quot;Best Friend&quot;,Young Thug,Yo,0
Young Thug,Trap,Tz6OUIjtM6E,Young Thug &quot;Best Friend&quot;,Young Thug,Yo,0
Young Thug,Trap,Tz6OUIjtM6E,Young Thug &quot;Best Friend&quot;,Young Thug,Yo,0
Young Thug,Trap,Tz6OUIjtM6E,Young Thug &quot;Best Friend&quot;,Young Thug,Yo,0
Young Thug,Trap,Tz6OUIjtM6E,Young Thug &quot;Best Friend&quot;,Young Thug,Yo,0
Young Thug,Trap,Tz6OUIjtM6E,Young Thug &quot;Best Friend&quot;,Young Thug,Yo,0
Young Thug,Trap,Tz6OUIjtM6E,Young Thug &quot;Best Friend&quot;,Young Thug,"Young Thug’s song “Best Friend” is really rhythmic, isn’t it? 😊",1
Young Thug,Trap,Tz6OUIjtM6E,Young Thug &quot;Best Friend&quot;,Young Thug,No one can ever beat Thugger like never ever,2
Young Thug,Trap,Tz6OUIjtM6E,Young Thug &quot;Best Friend&quot;,Young Thug,2026 anyone,2
Young Thug,Trap,Tz6OUIjtM6E,Young Thug &quot;Best Friend&quot;,Young Thug,2026STILL THUGGER❤‍🔥,0
Young Thug,Trap,Tz6OUIjtM6E,Young Thug &quot;Best Friend&quot;,Young Thug,Its tree 🔊,0
Young Thug,Trap,Tz6OUIjtM6E,Young Thug &quot;Best Friend&quot;,Young Thug,I love you Jeffrey,0
Young Thug,Trap,Tz6OUIjtM6E,Young Thug &quot;Best Friend&quot;,Young Thug,Ya know,0
Young Thug,Trap,Tz6OUIjtM6E,Young Thug &quot;Best Friend&quot;,Young Thug,Vdvagdffgggwfefdsvgfffffgggdffdddfdfdfdfdfffdfsfsdsw❤❤❤❤❤❤,0
Young Thug,Trap,Tz6OUIjtM6E,Young Thug &quot;Best Friend&quot;,Young Thug,Sheesh gotta side eye the so called nerds even 😂,0
Young Thug,Trap,Tz6OUIjtM6E,Young Thug &quot;Best Friend&quot;,Young Thug,Mexicans are black,0
Young Thug,Trap,Tz6OUIjtM6E,Young Thug &quot;Best Friend&quot;,Young Thug,2 aPPLe WaTCHeS oN FaCeTiMe WiTH SPiDeR YSL aF,0
Young Thug,Trap,Tz6OUIjtM6E,Young Thug &quot;Best Friend&quot;,Young Thug,2026 still classic,0
Young Thug,Trap,Tz6OUIjtM6E,Young Thug &quot;Best Friend&quot;,Young Thug,1:53 he hittn that shit omm,8
Young Thug,Trap,Tz6OUIjtM6E,Young Thug &quot;Best Friend&quot;,Young Thug,I miss this thug for real,0
Young Thug,Trap,Tz6OUIjtM6E,Young Thug &quot;Best Friend&quot;,Young Thug,What's up heb I'm governed like this. Is this the way it goes CIA?,0
Young Thug,Trap,Tz6OUIjtM6E,Young Thug &quot;Best Friend&quot;,Young Thug,2026 April who’s bumping this hit,10
Young Thug,Trap,Tz6OUIjtM6E,Young Thug &quot;Best Friend&quot;,Young Thug,I forgot that he made sp5ider😂,0
Young Thug,Trap,Tz6OUIjtM6E,Young Thug &quot;Best Friend&quot;,Young Thug,👇Anyone april 2026,1
Young Thug,Trap,Tz6OUIjtM6E,Young Thug &quot;Best Friend&quot;,Young Thug,UFO,1
Young Thug,Trap,Tz6OUIjtM6E,Young Thug &quot;Best Friend&quot;,Young Thug,Favorite song ever...?  mosquito !!,3
Young Thug,Trap,Tz6OUIjtM6E,Young Thug &quot;Best Friend&quot;,Young Thug,Batch No.Ordered,0
Young Thug,Trap,Tz6OUIjtM6E,Young Thug &quot;Best Friend&quot;,Young Thug,thugger jackson,1
Young Thug,Trap,Tz6OUIjtM6E,Young Thug &quot;Best Friend&quot;,Young Thug,I was just about to go steal his man he lucky.,0
Young Thug,Trap,Tz6OUIjtM6E,Young Thug &quot;Best Friend&quot;,Young Thug,I listen to this song every day.     awesome.good drop to it. sounds real good . kick ass lyrics,0
Young Thug,Trap,Tz6OUIjtM6E,Young Thug &quot;Best Friend&quot;,Young Thug,"""Find one in every car.. You'll see. 🎄""
~Miller",0
Young Thug,Trap,Tz6OUIjtM6E,Young Thug &quot;Best Friend&quot;,Young Thug,2026 were you at ?????,1
Young Thug,Trap,Tz6OUIjtM6E,Young Thug &quot;Best Friend&quot;,Young Thug,"Till this day, there's no one like thugga",2
Young Thug,Trap,Tz6OUIjtM6E,Young Thug &quot;Best Friend&quot;,Young Thug,2026 April anyone?,1
Young Thug,Trap,Tz6OUIjtM6E,Young Thug &quot;Best Friend&quot;,Young Thug,I have so many beats that I want to introduce to them that would be phenomenal,0
Young Thug,Trap,Tz6OUIjtM6E,Young Thug &quot;Best Friend&quot;,Young Thug,The Goat 2026 🇬🇭🇬🇭🇬🇭🇬🇭🇬🇭,2
Young Thug,Trap,Tz6OUIjtM6E,Young Thug &quot;Best Friend&quot;,Young Thug,Young thug is timeless. His music never ages. Unlike us 🤙🏼,0
Young Thug,Trap,Tz6OUIjtM6E,Young Thug &quot;Best Friend&quot;,Young Thug,I love his songs ❤,1
Young Thug,Trap,Tz6OUIjtM6E,Young Thug &quot;Best Friend&quot;,Young Thug,I'm gonna tell my kids this was MJ in his prime.,2
Young Thug,Trap,Tz6OUIjtM6E,Young Thug &quot;Best Friend&quot;,Young Thug,pedrada,0
Young Thug,Trap,Tz6OUIjtM6E,Young Thug &quot;Best Friend&quot;,Young Thug,😂😂😂😂😂😂😂😂😂😂,1
Young Thug,Trap,Tz6OUIjtM6E,Young Thug &quot;Best Friend&quot;,Young Thug,0:52,0
Young Thug,Trap,Tz6OUIjtM6E,Young Thug &quot;Best Friend&quot;,Young Thug,صدق الله العظيم,1
Young Thug,Trap,Tz6OUIjtM6E,Young Thug &quot;Best Friend&quot;,Young Thug,Mirrorrrrrrer memior get overrrr hwreeee finish themmmm simsss,0
Young Thug,Trap,Tz6OUIjtM6E,Young Thug &quot;Best Friend&quot;,Young Thug,You must be hella dumb with your sisters,0
Young Thug,Trap,Tz6OUIjtM6E,Young Thug &quot;Best Friend&quot;,Young Thug,Lolllll,0
Young Thug,Trap,Tz6OUIjtM6E,Young Thug &quot;Best Friend&quot;,Young Thug,And back at chaaaaa,0
Young Thug,Trap,Tz6OUIjtM6E,Young Thug &quot;Best Friend&quot;,Young Thug,So you think Alvin spending 131 million dollars out of my federal reserve bank account and im homeless is annoynoumus having for peace or division tricking the nations.,0
Young Thug,Trap,Tz6OUIjtM6E,Young Thug &quot;Best Friend&quot;,Young Thug,swaganomitry🔥🔥🔥🔥🔥🔥🔥,0
Young Thug,Trap,Tz6OUIjtM6E,Young Thug &quot;Best Friend&quot;,Young Thug,Vocal Stim Olympics,0
Young Thug,Trap,Tz6OUIjtM6E,Young Thug &quot;Best Friend&quot;,Young Thug,I know  right you have full control no resistance from me,1
Young Thug,Trap,Tz6OUIjtM6E,Young Thug &quot;Best Friend&quot;,Young Thug,2026?,0
Young Thug,Trap,Tz6OUIjtM6E,Young Thug &quot;Best Friend&quot;,Young Thug,2026 anyone?,2
Young Thug,Trap,Tz6OUIjtM6E,Young Thug &quot;Best Friend&quot;,Young Thug,тебя схавали бро,0
Young Thug,Trap,Tz6OUIjtM6E,Young Thug &quot;Best Friend&quot;,Young Thug,Here to get hype for Coachella 2026,0
Young Thug,Trap,Tz6OUIjtM6E,Young Thug &quot;Best Friend&quot;,Young Thug,Yes big Legende Young Thug Gangster vor Life Gang 🎉😊,2
Young Thug,Trap,Tz6OUIjtM6E,Young Thug &quot;Best Friend&quot;,Young Thug,2026 still banger,2
Young Thug,Trap,Tz6OUIjtM6E,Young Thug &quot;Best Friend&quot;,Young Thug,2026 who ere,0
Young Thug,Trap,Tz6OUIjtM6E,Young Thug &quot;Best Friend&quot;,Young Thug,Take Them Boyz 2 School Swagganometree 🔥,11
Young Thug,Trap,Tz6OUIjtM6E,Young Thug &quot;Best Friend&quot;,Young Thug,"Uff, when I was in high school 🎧",1
Young Thug,Trap,Tz6OUIjtM6E,Young Thug &quot;Best Friend&quot;,Young Thug,If thats my best friend..... kermit wtf you attttt.attitude. Candice is know you dont like me but for what? Your mom loves me. Your brother loves me!😍🤩😘,0
Young Thug,Trap,Tz6OUIjtM6E,Young Thug &quot;Best Friend&quot;,Young Thug,Musical Savant!,1
Young Thug,Trap,Tz6OUIjtM6E,Young Thug &quot;Best Friend&quot;,Young Thug,The flo is tight,2
Young Thug,Trap,Tz6OUIjtM6E,Young Thug &quot;Best Friend&quot;,Young Thug,We smoking playa de,0
Young Thug,Trap,Tz6OUIjtM6E,Young Thug &quot;Best Friend&quot;,Young Thug,Light them up playboy,0
Young Thug,Trap,Tz6OUIjtM6E,Young Thug &quot;Best Friend&quot;,Young Thug,I am pretty good,0
Young Thug,Trap,Tz6OUIjtM6E,Young Thug &quot;Best Friend&quot;,Young Thug,Alan witnessed greatness,0
Young Thug,Trap,Tz6OUIjtM6E,Young Thug &quot;Best Friend&quot;,Young Thug,"Ok, I got an idea ADK is the name of the song",0
Young Thug,Trap,Tz6OUIjtM6E,Young Thug &quot;Best Friend&quot;,Young Thug,2026?,2
Young Thug,Trap,Tz6OUIjtM6E,Young Thug &quot;Best Friend&quot;,Young Thug,anyone in 2026🎙️🤭,0
Young Thug,Trap,Tz6OUIjtM6E,Young Thug &quot;Best Friend&quot;,Young Thug,"Applied numbers 15, 5, 40, and 31",0
Young Thug,Trap,Tz6OUIjtM6E,Young Thug &quot;Best Friend&quot;,Young Thug,🤞🏿.,3
Young Thug,Trap,Tz6OUIjtM6E,Young Thug &quot;Best Friend&quot;,Young Thug,❤❤❤❤❤❤❤,1
Young Thug,Trap,Tz6OUIjtM6E,Young Thug &quot;Best Friend&quot;,Young Thug,🤣🤣🤣,3
Young Thug,Trap,Tz6OUIjtM6E,Young Thug &quot;Best Friend&quot;,Young Thug,This thug yesd,0
Young Thug,Trap,Tz6OUIjtM6E,Young Thug &quot;Best Friend&quot;,Young Thug,The production was definitely amateurish. So many flaws I recognize now that I didn’t see at first because the song was that damn good.  The cameraman has no clue on how to avoid reflections. And the car door opening scene was so botched 😂 but I guess it doesn’t matter cause the video got over a quarter of a billion views.,1
Young Thug,Trap,Tz6OUIjtM6E,Young Thug &quot;Best Friend&quot;,Young Thug,Alguém dia 21/03/26 ????,0
Young Thug,Trap,Tz6OUIjtM6E,Young Thug &quot;Best Friend&quot;,Young Thug,YouTube Leroy Wells American idol,0
Young Thug,Trap,Tz6OUIjtM6E,Young Thug &quot;Best Friend&quot;,Young Thug,So. So.,0
Young Thug,Trap,Tz6OUIjtM6E,Young Thug &quot;Best Friend&quot;,Young Thug,Make. Over,0
Young Thug,Trap,Tz6OUIjtM6E,Young Thug &quot;Best Friend&quot;,Young Thug,"YSL for life, bitch
Yeah fuck you, your momma and everything else
Free the GOAT!
That's my best friend, that's my best friend, flexin'
Big ol' booty bitch missus from Texas, what's next is
I'm gon' skeet off, lil nigga come catch me, catch me
And that's my bestie, my bestie, my best friend, go best friend
Nigga livin' TTG and everything is still on fleek
Bad bitch rollin' wit' me, she gon' smile cause she on fleek
Hundred thousand dollars inside my pants, my shit on fleek
Hey-yeah!
Take them boys to school, swagonometry
Bitch I'm bleeding bad, like a bumble bee
Hold up! Hold it, hold it, nigga proceed
I'ma eat that booty just like groceries
Eat on that coochie, lay that bitch down like ""let's do it""
No Tiger bitch, eat that wood, eat that wood
Supplier, bitch, I got pistols, no wood
I want them tacos that are Meagan Good
Helicopter choppin' with the buz
Stuff them racks inside them if they nudge
Bang that other side, nigga curb
And my reefer louder than a speaker
Yeah my niece is hanging with The Beatles
If you ever find her, better keep her
Thirty seven cameras for the sneakers
Goin' out like Ox or Beanie Sigel
Send a cop, I can't wait to mistreat 'em
Forcin' your ho, I can't wait to mislead 'em
And beat 'em, they ain't my people
That's my best friend, that's my best friend, flexin'
Big ol' booty bitch missus from Texas, what's next is
I'm gon' skeet off, lil nigga come catch me, catch me
And that's my bestie, my bestie, my best friend, go best friend
Nigga livin' TTG and everything is still on fleek
Bad bitch rollin' wit' me, she gon' smile cause she on fleek
Hundred thousand dollars inside my pants, my shit on fleek
Hey-yeah!
Let me tell you how I spent a couple hundreds today
I done cut back on that lean, I'm on that Hen' and D'ussé
Don't do no talkin' when you see him, you better shoot in his face
I got a hundred bitches that can't wait to replace
Michael Jackson nigga, Thugger Jackson moon walkin'
The S.L.I.M.E. army tool shopping
Me a horny goat, I'm boolin' at the bull stop
No I can't get arrested cause I'm talkin' bout my necklace
I'mma put that bitch in the buck, I'm a dog, let's get stuck
My lil' sister Dora, eat them Lucky Charms and give me luck
Waddup cus? Here yo' cup, call my Bloods, bring my bup
Your crew suck, don't got bucks, these ain't drugs nigga
That's my best friend, that's my best friend, flexin'
Big ol' booty bitch missus from Texas, what's next is
I'm gon' skeet off, lil nigga come catch me, catch me
And that's my bestie, my bestie, my best friend, go best friend
Nigga livin' TTG and everything is still on fleek
Bad bitch rollin' wit' me, she gon' smile cause she on fleek
Hundred thousand dollars inside my pants, my shit on fleek
Hey-yeah!",1
Young Thug,Trap,Tz6OUIjtM6E,Young Thug &quot;Best Friend&quot;,Young Thug,🧑🏽‍🦱what,1
Young Thug,Trap,Tz6OUIjtM6E,Young Thug &quot;Best Friend&quot;,Young Thug,2026,0
Young Thug,Trap,Tz6OUIjtM6E,Young Thug &quot;Best Friend&quot;,Young Thug,2026 I'm here sorry I can't help it 🔥 🎉,0
Young Thug,Trap,Tz6OUIjtM6E,Young Thug &quot;Best Friend&quot;,Young Thug,I'm here.,8
Young Thug,Trap,Tz6OUIjtM6E,Young Thug &quot;Best Friend&quot;,Young Thug,"Anyone 2026 match 
Love from india 🤍🤍 🇮🇳 


This song still 🔥🔥🔜 
Relevant to this day amazing music 🎶🎵🎵",0
Young Thug,Trap,Tz6OUIjtM6E,Young Thug &quot;Best Friend&quot;,Young Thug,2026 anyone 🔥,0
Young Thug,Trap,Tz6OUIjtM6E,Young Thug &quot;Best Friend&quot;,Young Thug,SWAGANOMENTRYY,2
Young Thug,Trap,Tz6OUIjtM6E,Young Thug &quot;Best Friend&quot;,Young Thug,16.3.26❤😊,0
Young Thug,Trap,Tz6OUIjtM6E,Young Thug &quot;Best Friend&quot;,Young Thug,This is one of those generational things you just had to be there for. It was so stupid even at the time but slapped so hard. How the fuck have we fallen so hard,0
Young Thug,Trap,Tz6OUIjtM6E,Young Thug &quot;Best Friend&quot;,Young Thug,man how can you listen to this and not think thug is the goat,1
Young Thug,Trap,Tz6OUIjtM6E,Young Thug &quot;Best Friend&quot;,Young Thug,❤we not dancing wit our nihgaz in the night time,0
Young Thug,Trap,Tz6OUIjtM6E,Young Thug &quot;Best Friend&quot;,Young Thug,Tokyo love you girl but my boy done the biz,0
Young Thug,Trap,Tz6OUIjtM6E,Young Thug &quot;Best Friend&quot;,Young Thug,Young thug prime,0
Young Thug,Trap,Tz6OUIjtM6E,Young Thug &quot;Best Friend&quot;,Young Thug,can't believe it's 10 years ago already,0
Young Thug,Trap,Tz6OUIjtM6E,Young Thug &quot;Best Friend&quot;,Young Thug,yoo the dancers so tuff🎉🎉❤❤,1
Young Thug,Trap,Tz6OUIjtM6E,Young Thug &quot;Best Friend&quot;,Young Thug,Had a dude on top of em haha yal niggas gay af,1
Young Thug,Trap,Tz6OUIjtM6E,Young Thug &quot;Best Friend&quot;,Young Thug,Georgia bulldogs Hawks Falcons Georgia Tech Georgia State Albany Valdosta Kennesaw State Georgia Aquarium Georgia Children's Museum,0
Young Thug,Trap,Tz6OUIjtM6E,Young Thug &quot;Best Friend&quot;,Young Thug,Vid stil tuff till this day,1
Young Thug,Trap,Tz6OUIjtM6E,Young Thug &quot;Best Friend&quot;,Young Thug,I done cut down on the lean im on that henn ducea,2
Young Thug,Trap,Tz6OUIjtM6E,Young Thug &quot;Best Friend&quot;,Young Thug,If you eva find em betta keep em,2
Young Thug,Trap,Tz6OUIjtM6E,Young Thug &quot;Best Friend&quot;,Young Thug,Thugga yeah ysl for life fukk you your best friend mama father and everything else,0
Young Thug,Trap,Tz6OUIjtM6E,Young Thug &quot;Best Friend&quot;,Young Thug,wth us attorney,0
Young Thug,Trap,Tz6OUIjtM6E,Young Thug &quot;Best Friend&quot;,Young Thug,10 years ago we discussed the election,0
Young Thug,Trap,Tz6OUIjtM6E,Young Thug &quot;Best Friend&quot;,Young Thug,That boy went crazy,1
Young Thug,Trap,Tz6OUIjtM6E,Young Thug &quot;Best Friend&quot;,Young Thug,🐐🤴🏾🦍😮‍💨🌹,1
Young Thug,Trap,Tz6OUIjtM6E,Young Thug &quot;Best Friend&quot;,Young Thug,2026 bihhh still  hard af!!!,0
Young Thug,Trap,Tz6OUIjtM6E,Young Thug &quot;Best Friend&quot;,Young Thug,Hot boys 4 life,0
Young Thug,Trap,Tz6OUIjtM6E,Young Thug &quot;Best Friend&quot;,Young Thug,who’s still here listening to this song?,1
Young Thug,Trap,Tz6OUIjtM6E,Young Thug &quot;Best Friend&quot;,Young Thug,Song go 🚶‍♀️ hard 😮😮😮😮,1
Young Thug,Trap,Tz6OUIjtM6E,Young Thug &quot;Best Friend&quot;,Young Thug,I swear this is also in my top 5 by thug and been my favorite song since I first heard it back in the day I still play this all the time also this is exactly why hes still a legend and my favorite artist his music is incredible awesome and amazing man 😂🔥🔥🔥🐐💯absolute classic no question,18
Young Thug,Trap,Tz6OUIjtM6E,Young Thug &quot;Best Friend&quot;,Young Thug,2026 anyone?,3
Young Thug,Trap,Tz6OUIjtM6E,Young Thug &quot;Best Friend&quot;,Young Thug,0:44,0
Young Thug,Trap,Tz6OUIjtM6E,Young Thug &quot;Best Friend&quot;,Young Thug,2026,1
Young Thug,Trap,Tz6OUIjtM6E,Young Thug &quot;Best Friend&quot;,Young Thug,I m haïtian yong thug my gang préféré,2
Young Thug,Trap,Tz6OUIjtM6E,Young Thug &quot;Best Friend&quot;,Young Thug,My.  Wowo.          Hame. No. Kids. Ou t.   My. Wowo.      Fat.  Cat.  Neen.    No.     1.   ..hand    far. Fat.        .cat.    my. Wo wo....to to. My  need. No.   1. Cat 🐈,0
Young Thug,Trap,Tz6OUIjtM6E,Young Thug &quot;Best Friend&quot;,Young Thug,2026?,1
Young Thug,Trap,Tz6OUIjtM6E,Young Thug &quot;Best Friend&quot;,Young Thug,Catherine.  Here. Me.    Just. Me.   Hare.       🐈,0
Young Thug,Trap,Tz6OUIjtM6E,Young Thug &quot;Best Friend&quot;,Young Thug,THATS MY BESTIE,0
Young Thug,Trap,Tz6OUIjtM6E,Young Thug &quot;Best Friend&quot;,Young Thug,if u was a teenager durin the 2010s listenin to thugga felt like watching Jordan in the 90s,0
Young Thug,Trap,Tz6OUIjtM6E,Young Thug &quot;Best Friend&quot;,Young Thug,Best friend forever,1
Young Thug,Trap,Tz6OUIjtM6E,Young Thug &quot;Best Friend&quot;,Young Thug,March/2026 ❤,1
Young Thug,Trap,Tz6OUIjtM6E,Young Thug &quot;Best Friend&quot;,Young Thug,HeyeaaaaaaAaaAAAAAAAAH,0
Young Thug,Trap,Tz6OUIjtM6E,Young Thug &quot;Best Friend&quot;,Young Thug,2030 here,0
Young Thug,Trap,Tz6OUIjtM6E,Young Thug &quot;Best Friend&quot;,Young Thug,Swagnometria,0
Young Thug,Trap,Tz6OUIjtM6E,Young Thug &quot;Best Friend&quot;,Young Thug,Let's. Get it  better  yall. That. It  thst alll. WAKE   YAll.  My opinion,1
Young Thug,Trap,Tz6OUIjtM6E,Young Thug &quot;Best Friend&quot;,Young Thug,Whoopty dooo,0
Young Thug,Trap,Tz6OUIjtM6E,Young Thug &quot;Best Friend&quot;,Young Thug,💩💩💩🍀💩🍀😊,0
Young Thug,Trap,Tz6OUIjtM6E,Young Thug &quot;Best Friend&quot;,Young Thug,Swaganometry,2
Young Thug,Trap,Tz6OUIjtM6E,Young Thug &quot;Best Friend&quot;,Young Thug,2026 any body?,0
Young Thug,Trap,Tz6OUIjtM6E,Young Thug &quot;Best Friend&quot;,Young Thug,My lil sista dora eat them lucky charms and give me luck🍀,0
Young Thug,Trap,Tz6OUIjtM6E,Young Thug &quot;Best Friend&quot;,Young Thug,"Just about to tattoo "" swaganometry"" on my leg and thought ide have a go at this song again banger 🤞",0
Young Thug,Trap,Tz6OUIjtM6E,Young Thug &quot;Best Friend&quot;,Young Thug,BAD BITCH ROLLING WITH ME SHE GON SMILE CAUSE SHE ON FLEEEEEK 🗣️,0
Young Thug,Trap,Tz6OUIjtM6E,Young Thug &quot;Best Friend&quot;,Young Thug,What is the girl scream sound effect used at like 0:15 called or what other songs did he put it in I got one stuck in my head just can’t figure out the title lol.,1
Young Thug,Trap,Tz6OUIjtM6E,Young Thug &quot;Best Friend&quot;,Young Thug,Hold up why isn't the the cancel culture that f**** with me f****** with him he doing white face i can't get away with black face why is no one saying that sht come on !,0
Young Thug,Trap,Tz6OUIjtM6E,Young Thug &quot;Best Friend&quot;,Young Thug,"I feel like a time traveler right now 😢😅❤



2026 let gather here",1
Young Thug,Trap,Tz6OUIjtM6E,Young Thug &quot;Best Friend&quot;,Young Thug,it 2026 and still here any one with me?,4
Young Thug,Trap,Tz6OUIjtM6E,Young Thug &quot;Best Friend&quot;,Young Thug,🎉🎉 7:45 P.M. 🎉 FEBRUARY 25TH 2026 🎉,0
Young Thug,Trap,Tz6OUIjtM6E,Young Thug &quot;Best Friend&quot;,Young Thug,Yo,0
Young Thug,Trap,Tz6OUIjtM6E,Young Thug &quot;Best Friend&quot;,Young Thug,GOAT,0
Young Thug,Trap,Tz6OUIjtM6E,Young Thug &quot;Best Friend&quot;,Young Thug,Believe Jesus Christ word of God God in the flesh who came down to earth to die for our sins and rose again on the third day beating Satan death and hell. Believe this and u r guaranteed heaven,1
Young Thug,Trap,Tz6OUIjtM6E,Young Thug &quot;Best Friend&quot;,Young Thug,What meme aint hti vu Luxembourg knwo gi I man because leade fod royal guard yws,0
Young Thug,Trap,Tz6OUIjtM6E,Young Thug &quot;Best Friend&quot;,Young Thug,2026 ?,1
Young Thug,Trap,Tz6OUIjtM6E,Young Thug &quot;Best Friend&quot;,Young Thug,Likeeee a bumblebeeeeeeeeeeeeeeeeeeeeeeeeeeeeeee,0
Young Thug,Trap,Tz6OUIjtM6E,Young Thug &quot;Best Friend&quot;,Young Thug,ISSO ERA O TRAP MEU FILHO,0
Young Thug,Trap,Tz6OUIjtM6E,Young Thug &quot;Best Friend&quot;,Young Thug,Don’t do it,0
Young Thug,Trap,Tz6OUIjtM6E,Young Thug &quot;Best Friend&quot;,Young Thug,🔥🔥🔥🔥,1
Young Thug,Trap,Tz6OUIjtM6E,Young Thug &quot;Best Friend&quot;,Young Thug,Yo,0
Young Thug,Trap,Tz6OUIjtM6E,Young Thug &quot;Best Friend&quot;,Young Thug,Yo,0
Young Thug,Trap,Tz6OUIjtM6E,Young Thug &quot;Best Friend&quot;,Young Thug,Yo,0
Young Thug,Trap,Tz6OUIjtM6E,Young Thug &quot;Best Friend&quot;,Young Thug,Yo,0
Young Thug,Trap,Tz6OUIjtM6E,Young Thug &quot;Best Friend&quot;,Young Thug,Keep your self in hell Mesa your self,0
Young Thug,Trap,Tz6OUIjtM6E,Young Thug &quot;Best Friend&quot;,Young Thug,Keep me posted out of hell,0
Young Thug,Trap,Tz6OUIjtM6E,Young Thug &quot;Best Friend&quot;,Young Thug,need a Choppa? Nah just play juicy j #Tgod,0
Young Thug,Trap,Tz6OUIjtM6E,Young Thug &quot;Best Friend&quot;,Young Thug,20 hearing this at the club in chicago. Im 32 still hear this at 2am dj knows thats best friend,1
Young Thug,Trap,Tz6OUIjtM6E,Young Thug &quot;Best Friend&quot;,Young Thug,1:00,1
Young Thug,Trap,Tz6OUIjtM6E,Young Thug &quot;Best Friend&quot;,Young Thug,Yo,0
Young Thug,Trap,Tz6OUIjtM6E,Young Thug &quot;Best Friend&quot;,Young Thug,Yo,0
Young Thug,Trap,Tz6OUIjtM6E,Young Thug &quot;Best Friend&quot;,Young Thug,THUG  WHAT'S UP  I AM HERE,2
Young Thug,Trap,Tz6OUIjtM6E,Young Thug &quot;Best Friend&quot;,Young Thug,JBL.   JESUS BLOOD LIVES ONLY,1
Young Thug,Trap,Tz6OUIjtM6E,Young Thug &quot;Best Friend&quot;,Young Thug,AWARDS OWE TO U ALL,1
Young Thug,Trap,Tz6OUIjtM6E,Young Thug &quot;Best Friend&quot;,Young Thug,This a buckhead/north Atlanta backyard if I ever seen one.  Equipped with the woods leading down to a lake. Shout out to thug. I pass by his old crib on roxboro by Lenox all the time.,0
Young Thug,Trap,Tz6OUIjtM6E,Young Thug &quot;Best Friend&quot;,Young Thug,🔥🔥🔥🔥🔥🔥🔥,0
Young Thug,Trap,Tz6OUIjtM6E,Young Thug &quot;Best Friend&quot;,Young Thug,Their you are with the gun playing with the son,0
Young Thug,Trap,Tz6OUIjtM6E,Young Thug &quot;Best Friend&quot;,Young Thug,"What's truly sad is that there's a whole generation that has no idea of what music, melody, singing or lyrics are. There is not one ounce of talent whatsoever in this so called song & artist.",0
Young Thug,Trap,Tz6OUIjtM6E,Young Thug &quot;Best Friend&quot;,Young Thug,i love you young thug,1
Young Thug,Trap,Tz6OUIjtM6E,Young Thug &quot;Best Friend&quot;,Young Thug,2026??,0
Young Thug,Trap,Tz6OUIjtM6E,Young Thug &quot;Best Friend&quot;,Young Thug,Anyone else in February 2026,1
Young Thug,Trap,Tz6OUIjtM6E,Young Thug &quot;Best Friend&quot;,Young Thug,Yo,0
Young Thug,Trap,Tz6OUIjtM6E,Young Thug &quot;Best Friend&quot;,Young Thug,Yo,0
Young Thug,Trap,Tz6OUIjtM6E,Young Thug &quot;Best Friend&quot;,Young Thug,Yo,0
Young Thug,Trap,Tz6OUIjtM6E,Young Thug &quot;Best Friend&quot;,Young Thug,Imma Skeet on these Nga’s🗣️,0
Young Thug,Trap,Tz6OUIjtM6E,Young Thug &quot;Best Friend&quot;,Young Thug,Thérèse was flirt street from illuminatti,0
Young Thug,Trap,Tz6OUIjtM6E,Young Thug &quot;Best Friend&quot;,Young Thug,Thème Arès was areport to souht africa to University Pretoria to church to sogler my bank,0
Young Thug,Trap,Tz6OUIjtM6E,Young Thug &quot;Best Friend&quot;,Young Thug,this song is still so fye in 2026,0
Young Thug,Trap,Tz6OUIjtM6E,Young Thug &quot;Best Friend&quot;,Young Thug,michaeljacksonngathuggerjacksonmoonwalkin,1
Young Thug,Trap,Tz6OUIjtM6E,Young Thug &quot;Best Friend&quot;,Young Thug,Oh I know you did not mfs,0
Young Thug,Trap,Tz6OUIjtM6E,Young Thug &quot;Best Friend&quot;,Young Thug,Ya you showed them where I was haha ya what,0
Young Thug,Trap,Tz6OUIjtM6E,Young Thug &quot;Best Friend&quot;,Young Thug,"2016 to 2026, we are so here! 🔥",0
Young Thug,Trap,Tz6OUIjtM6E,Young Thug &quot;Best Friend&quot;,Young Thug,2026?,0
Young Thug,Trap,Tz6OUIjtM6E,Young Thug &quot;Best Friend&quot;,Young Thug,Jeezy and  Ross really could've made collaboration history together...,0
Young Thug,Trap,Tz6OUIjtM6E,Young Thug &quot;Best Friend&quot;,Young Thug,"My lil' sister Dora, eat them Lucky Charms and give me luck... real talk...",0
Young Thug,Trap,Tz6OUIjtM6E,Young Thug &quot;Best Friend&quot;,Young Thug,40/15,0
Young Thug,Trap,Tz6OUIjtM6E,Young Thug &quot;Best Friend&quot;,Young Thug,3:33/3:34,0
Young Thug,Trap,Tz6OUIjtM6E,Young Thug &quot;Best Friend&quot;,Young Thug,2026,1
Young Thug,Trap,Tz6OUIjtM6E,Young Thug &quot;Best Friend&quot;,Young Thug,Slatt,0
Young Thug,Trap,Tz6OUIjtM6E,Young Thug &quot;Best Friend&quot;,Young Thug,hello brasil na linha de frente'' satisfação happer''s$,0
Young Thug,Trap,Tz6OUIjtM6E,Young Thug &quot;Best Friend&quot;,Young Thug,This song is crazy while tripping balls,1
Young Thug,Trap,Tz6OUIjtM6E,Young Thug &quot;Best Friend&quot;,Young Thug,he's  ma BEST FRIEND,0
Young Thug,Trap,Tz6OUIjtM6E,Young Thug &quot;Best Friend&quot;,Young Thug,11 years ago 😮‍💨,0
Young Thug,Trap,Tz6OUIjtM6E,Young Thug &quot;Best Friend&quot;,Young Thug,2026 you all still here?,1
Young Thug,Trap,Tz6OUIjtM6E,Young Thug &quot;Best Friend&quot;,Young Thug,Yo,0
Young Thug,Trap,Tz6OUIjtM6E,Young Thug &quot;Best Friend&quot;,Young Thug,"2026 anyone 
Time slime 🔥🔥🔥🔥
T.H.E.G.O.A.T 🐐",0
Young Thug,Trap,Tz6OUIjtM6E,Young Thug &quot;Best Friend&quot;,Young Thug,Truly Humble Under God,10
Young Thug,Trap,Tz6OUIjtM6E,Young Thug &quot;Best Friend&quot;,Young Thug,2030?,1
Young Thug,Trap,Tz6OUIjtM6E,Young Thug &quot;Best Friend&quot;,Young Thug,10 years ago I was 10 now 20 this shii still hit 🤦🏽‍♂️🔥,2
Young Thug,Trap,Tz6OUIjtM6E,Young Thug &quot;Best Friend&quot;,Young Thug,yeahhhhhhhhhhh take them boys to school ya swagonometry b im Bleedin bad like a Bumblebeee,0
Young Thug,Trap,Tz6OUIjtM6E,Young Thug &quot;Best Friend&quot;,Young Thug,2026🎉🎉,1
Young Thug,Trap,Tz6OUIjtM6E,Young Thug &quot;Best Friend&quot;,Young Thug,Listen To The Instrumental,1
Young Thug,Trap,Tz6OUIjtM6E,Young Thug &quot;Best Friend&quot;,Young Thug,I Love This Beat💕💕✌🏽✌🏽,0
Young Thug,Trap,Tz6OUIjtM6E,Young Thug &quot;Best Friend&quot;,Young Thug,he still locked up?,0
Young Thug,Trap,Tz6OUIjtM6E,Young Thug &quot;Best Friend&quot;,Young Thug,2026🎉🎉🎉🎉,0
Young Thug,Trap,Tz6OUIjtM6E,Young Thug &quot;Best Friend&quot;,Young Thug,Only One Young Thug Respectfully Respecting Da Respected Real Talk Respect,0
Young Thug,Trap,Tz6OUIjtM6E,Young Thug &quot;Best Friend&quot;,Young Thug,Favorite part 🔥🔥 2:15,1
Young Thug,Trap,Tz6OUIjtM6E,Young Thug &quot;Best Friend&quot;,Young Thug,Take off been hard peorid ❤❤❤❤❤look at it man messed up what they did to him,0
Young Thug,Trap,Tz6OUIjtM6E,Young Thug &quot;Best Friend&quot;,Young Thug,2026 I'm still banging this..,0
Young Thug,Trap,Tz6OUIjtM6E,Young Thug &quot;Best Friend&quot;,Young Thug,Young thug is truly a wordsmith,0
Young Thug,Trap,Tz6OUIjtM6E,Young Thug &quot;Best Friend&quot;,Young Thug,I’d rather listen to young thug over Kevin gates any day of the year 🔥,0
Young Thug,Trap,Tz6OUIjtM6E,Young Thug &quot;Best Friend&quot;,Young Thug,I heard this song a lot when I was Younger,0
Young Thug,Trap,Tz6OUIjtM6E,Young Thug &quot;Best Friend&quot;,Young Thug,Jamming to this 2026,0
Young Thug,Trap,Tz6OUIjtM6E,Young Thug &quot;Best Friend&quot;,Young Thug,swagonometry,1
Young Thug,Trap,Tz6OUIjtM6E,Young Thug &quot;Best Friend&quot;,Young Thug,🖤,0
Young Thug,Trap,Tz6OUIjtM6E,Young Thug &quot;Best Friend&quot;,Young Thug,who still here?,0
Young Thug,Trap,Tz6OUIjtM6E,Young Thug &quot;Best Friend&quot;,Young Thug,The best friend that’s my best friend,0
Young Thug,Trap,Tz6OUIjtM6E,Young Thug &quot;Best Friend&quot;,Young Thug,he the goat fr,0
Young Thug,Trap,Tz6OUIjtM6E,Young Thug &quot;Best Friend&quot;,Young Thug,2026🔥,1
Young Thug,Trap,Tz6OUIjtM6E,Young Thug &quot;Best Friend&quot;,Young Thug,I could use a best friend rn. Are there any takers?? If so tell me by hitting that like button 🩷I wanna see how many of you would friend me 💋,1
Young Thug,Trap,Tz6OUIjtM6E,Young Thug &quot;Best Friend&quot;,Young Thug,Masterpiece💯,2
Young Thug,Trap,Tz6OUIjtM6E,Young Thug &quot;Best Friend&quot;,Young Thug,Idk why it re recommend but im glad havent heard this in like 10 yrs,1
Young Thug,Trap,Tz6OUIjtM6E,Young Thug &quot;Best Friend&quot;,Young Thug,2026 🎉,1
Young Thug,Trap,Tz6OUIjtM6E,Young Thug &quot;Best Friend&quot;,Young Thug,Ysl for life,0
Young Thug,Trap,Tz6OUIjtM6E,Young Thug &quot;Best Friend&quot;,Young Thug,Tooo fire,0
Young Thug,Trap,Tz6OUIjtM6E,Young Thug &quot;Best Friend&quot;,Young Thug,Shit still slaps in 2026,0
Young Thug,Trap,Tz6OUIjtM6E,Young Thug &quot;Best Friend&quot;,Young Thug,ñ.😎,0
Young Thug,Trap,Tz6OUIjtM6E,Young Thug &quot;Best Friend&quot;,Young Thug,Yo,0
Young Thug,Trap,Tz6OUIjtM6E,Young Thug &quot;Best Friend&quot;,Young Thug,"2026 anyone???? If so, enjoy ;)",1
Young Thug,Trap,Tz6OUIjtM6E,Young Thug &quot;Best Friend&quot;,Young Thug,""" Eat on that coochie, lay that bitch down like let's do it""...🔥",0
Young Thug,Trap,Tz6OUIjtM6E,Young Thug &quot;Best Friend&quot;,Young Thug,😮,1
Young Thug,Trap,Tz6OUIjtM6E,Young Thug &quot;Best Friend&quot;,Young Thug,jeffrey your baby daddy call him at my house he okay?,0
Young Thug,Trap,Tz6OUIjtM6E,Young Thug &quot;Best Friend&quot;,Young Thug,call timothy 937 and my children,0
Young Thug,Trap,Tz6OUIjtM6E,Young Thug &quot;Best Friend&quot;,Young Thug,"Young Thug 4 life, bruh is dope",0
Young Thug,Trap,Tz6OUIjtM6E,Young Thug &quot;Best Friend&quot;,Young Thug,What he does on 3:16 is so hot to me... idk y. 😊❤❤❤,1
Young Thug,Trap,Tz6OUIjtM6E,Young Thug &quot;Best Friend&quot;,Young Thug,Yo,0
Young Thug,Trap,Tz6OUIjtM6E,Young Thug &quot;Best Friend&quot;,Young Thug,WHAT THE FUCK HAHHAHAHH HOW CAN THEY REMAIN SERIOUS? 2:35 Thug is a menace. <3,4
Young Thug,Trap,Tz6OUIjtM6E,Young Thug &quot;Best Friend&quot;,Young Thug,2026..still,2
Young Thug,Trap,Tz6OUIjtM6E,Young Thug &quot;Best Friend&quot;,Young Thug,Thuggerr thuggerr,0
Young Thug,Trap,Tz6OUIjtM6E,Young Thug &quot;Best Friend&quot;,Young Thug,Big booty bitch from st pauls,0
Young Thug,Trap,Tz6OUIjtM6E,Young Thug &quot;Best Friend&quot;,Young Thug,2026 Brasil 🙅‍♂️,0
Young Thug,Trap,Tz6OUIjtM6E,Young Thug &quot;Best Friend&quot;,Young Thug,Liberation to my soil from exile,0
Young Thug,Trap,Tz6OUIjtM6E,Young Thug &quot;Best Friend&quot;,Young Thug,2026 January 29 🔥🔥🔥🔥🔥🔥🔥🔥🔥🇩🇴🇩🇴🇩🇴🇩🇴🇩🇴🇩🇴🇩🇴🇩🇴🇩🇴🇩🇴🇩🇴🔥🔥🔥🔥🔥🔥🔥🔥🐐,0
Young Thug,Trap,Tz6OUIjtM6E,Young Thug &quot;Best Friend&quot;,Young Thug,Yo,0
Young Thug,Trap,Tz6OUIjtM6E,Young Thug &quot;Best Friend&quot;,Young Thug,"Beelzebul is Lunsford. Lord and sun with a f for flip or filth. The prince and ruler of demons and a man.See the sun upside down and when the sun is down , Lord of Filth.",0
Young Thug,Trap,Tz6OUIjtM6E,Young Thug &quot;Best Friend&quot;,Young Thug,Purfeckt,0
Young Thug,Trap,Tz6OUIjtM6E,Young Thug &quot;Best Friend&quot;,Young Thug,Telvin newby and kiera Miller,0
Young Thug,Trap,Tz6OUIjtM6E,Young Thug &quot;Best Friend&quot;,Young Thug,Wednesday July 22,0
Young Thug,Trap,Tz6OUIjtM6E,Young Thug &quot;Best Friend&quot;,Young Thug,Lisa ruffin and kiera Miller,0
Young Thug,Trap,Tz6OUIjtM6E,Young Thug &quot;Best Friend&quot;,Young Thug,Nekhia ruffin and kiera Miller,0
Young Thug,Trap,Tz6OUIjtM6E,Young Thug &quot;Best Friend&quot;,Young Thug,Anondre ruffin and kiera Miller,0
Young Thug,Trap,Tz6OUIjtM6E,Young Thug &quot;Best Friend&quot;,Young Thug,2k26 gunna still not at this lvl 😂😂😂,0
Young Thug,Trap,Tz6OUIjtM6E,Young Thug &quot;Best Friend&quot;,Young Thug,"Hold on guys. Give me a sec. At 0:13 seconds into the video.. He has a man riding him, and turned it into a girl. Or is that a normal thing around here?",0
Young Thug,Trap,Tz6OUIjtM6E,Young Thug &quot;Best Friend&quot;,Young Thug,Peanut: 🥜 😎 🙂‍↕️ 0:28 0:29 0:30 0:31 0:32 0:33 😀 😆,1
Young Thug,Trap,Tz6OUIjtM6E,Young Thug &quot;Best Friend&quot;,Young Thug,I'm a fan of young thug  love from Suriname 🇸🇷 South America I feel this song is fire 🔥🔥🔥,0
Young Thug,Trap,Tz6OUIjtM6E,Young Thug &quot;Best Friend&quot;,Young Thug,she cant dance,0
Young Thug,Trap,Tz6OUIjtM6E,Young Thug &quot;Best Friend&quot;,Young Thug,Esto escuchaba 26is cnsmr,0
Young Thug,Trap,Tz6OUIjtM6E,Young Thug &quot;Best Friend&quot;,Young Thug,One of his best joints to date.,0
Young Thug,Trap,Tz6OUIjtM6E,Young Thug &quot;Best Friend&quot;,Young Thug,R.I.P TA BRAVO,0
Young Thug,Trap,Tz6OUIjtM6E,Young Thug &quot;Best Friend&quot;,Young Thug,💣💣💣💣💣💣💣💣💣💣😑😑😑😑😑😑😑😑🫵🎶🎶🎶🎶🎶🎶🎶🎶🎶💣,0
Young Thug,Trap,Tz6OUIjtM6E,Young Thug &quot;Best Friend&quot;,Young Thug,0:11 ⌚⏰🛫🌃🌇🏙🌆🏙🤐🤑🤝🙆‍♂️🤳🌍🕋✍🌎👨‍⚖️👩‍⚖️💯💌👀🧏‍♂️🛣🤠🥳😎,0
Young Thug,Trap,Tz6OUIjtM6E,Young Thug &quot;Best Friend&quot;,Young Thug,🥳🤠,0
Young Thug,Trap,Tz6OUIjtM6E,Young Thug &quot;Best Friend&quot;,Young Thug,0:43 👐✊🤳✍🧠💌🤔🤐🗣👨‍⚖️👩‍⚖️👀🤳💪💯🤙,0
Young Thug,Trap,Tz6OUIjtM6E,Young Thug &quot;Best Friend&quot;,Young Thug,"That’s My best friend ——-
living TTG …",1
Young Thug,Trap,Tz6OUIjtM6E,Young Thug &quot;Best Friend&quot;,Young Thug,Yo,0
Young Thug,Trap,Tz6OUIjtM6E,Young Thug &quot;Best Friend&quot;,Young Thug,Shouts out too YOUNG THUG keep on thuggun.,1
Young Thug,Trap,Tz6OUIjtM6E,Young Thug &quot;Best Friend&quot;,Young Thug,"Yeeeeaaaah  who dis Nigga think he's trickin ridin my neck like im a** crack from the back of my head to my butt  S.O.B. keep on dis end up missin im not messen you my bestie you bestbe take yo A** to the FATHER bestie bestbe confessin, in,    confession  dont be testin learn your lesson or face reprocation remember what happen last time that was 20% Russian...",0
Young Thug,Trap,Tz6OUIjtM6E,Young Thug &quot;Best Friend&quot;,Young Thug,2016,0
Young Thug,Trap,Tz6OUIjtM6E,Young Thug &quot;Best Friend&quot;,Young Thug,Yo,0
Young Thug,Trap,Tz6OUIjtM6E,Young Thug &quot;Best Friend&quot;,Young Thug,FREE THUGGA,0
Young Thug,Trap,Tz6OUIjtM6E,Young Thug &quot;Best Friend&quot;,Young Thug,❤,0
Young Thug,Trap,Tz6OUIjtM6E,Young Thug &quot;Best Friend&quot;,Young Thug,Yo,0
Young Thug,Trap,Tz6OUIjtM6E,Young Thug &quot;Best Friend&quot;,Young Thug,Hey best friend ur my best best friend,0
Young Thug,Trap,Tz6OUIjtM6E,Young Thug &quot;Best Friend&quot;,Young Thug,WACK,0
Young Thug,Trap,Tz6OUIjtM6E,Young Thug &quot;Best Friend&quot;,Young Thug,2026,2
Young Thug,Trap,Tz6OUIjtM6E,Young Thug &quot;Best Friend&quot;,Young Thug,Yo,1
Young Thug,Trap,Tz6OUIjtM6E,Young Thug &quot;Best Friend&quot;,Young Thug,This shit so gay,1
Young Thug,Trap,Tz6OUIjtM6E,Young Thug &quot;Best Friend&quot;,Young Thug,Yo,2
Young Thug,Trap,Tz6OUIjtM6E,Young Thug &quot;Best Friend&quot;,Young Thug,Yo,0
Young Thug,Trap,Tz6OUIjtM6E,Young Thug &quot;Best Friend&quot;,Young Thug,Yo,0
Young Thug,Trap,Tz6OUIjtM6E,Young Thug &quot;Best Friend&quot;,Young Thug,Codak maclean,0
Young Thug,Trap,Tz6OUIjtM6E,Young Thug &quot;Best Friend&quot;,Young Thug,Classic,0
Young Thug,Trap,Tz6OUIjtM6E,Young Thug &quot;Best Friend&quot;,Young Thug,We still in it bro,2
Young Thug,Trap,Tz6OUIjtM6E,Young Thug &quot;Best Friend&quot;,Young Thug,El mejor del mundo me gustas mucho 😍😍😍😍😍😍😍😍😍😍😍😍😍😍😍😍😍,0
Young Thug,Trap,Tz6OUIjtM6E,Young Thug &quot;Best Friend&quot;,Young Thug,💚💜FR 💜💚,0
Young Thug,Trap,Tz6OUIjtM6E,Young Thug &quot;Best Friend&quot;,Young Thug,1:10 Chainsaw man lets goooooo,0
Young Thug,Trap,Tz6OUIjtM6E,Young Thug &quot;Best Friend&quot;,Young Thug,Tall ppl have the most beautiful legs,1
Young Thug,Trap,Tz6OUIjtM6E,Young Thug &quot;Best Friend&quot;,Young Thug,Fuck made state ran this bih burning sole converse lost ways nothin personal crooked like rocks moms favorite pair earrings,0
Young Thug,Trap,Tz6OUIjtM6E,Young Thug &quot;Best Friend&quot;,Young Thug,Fuck made state ran this bih burning sole converse lost ways nothin personal crooked like rocks moms favorite pair earrings,0
Young Thug,Trap,Tz6OUIjtM6E,Young Thug &quot;Best Friend&quot;,Young Thug,Thug is the Greatest Artist ever lived ❤,0
Young Thug,Trap,Tz6OUIjtM6E,Young Thug &quot;Best Friend&quot;,Young Thug,My best friend,1
Young Thug,Trap,Tz6OUIjtM6E,Young Thug &quot;Best Friend&quot;,Young Thug,2026,1
Young Thug,Trap,Tz6OUIjtM6E,Young Thug &quot;Best Friend&quot;,Young Thug,Who is here 2026,0
Young Thug,Trap,Tz6OUIjtM6E,Young Thug &quot;Best Friend&quot;,Young Thug,2030 who is with me?,1
Young Thug,Trap,Tz6OUIjtM6E,Young Thug &quot;Best Friend&quot;,Young Thug,"I am my best friend, go best friend",0
Young Thug,Trap,Tz6OUIjtM6E,Young Thug &quot;Best Friend&quot;,Young Thug,Free the GOAT!,1
Young Thug,Trap,Tz6OUIjtM6E,Young Thug &quot;Best Friend&quot;,Young Thug,I 999,1
Young Thug,Trap,Tz6OUIjtM6E,Young Thug &quot;Best Friend&quot;,Young Thug,Still on it 😈💪,1
Young Thug,Trap,Tz6OUIjtM6E,Young Thug &quot;Best Friend&quot;,Young Thug,One of the best rap beats ever,14
Young Thug,Trap,Tz6OUIjtM6E,Young Thug &quot;Best Friend&quot;,Young Thug,1⌚🏟⌚🌏🧠👍⏰🤝,0
Young Thug,Trap,Tz6OUIjtM6E,Young Thug &quot;Best Friend&quot;,Young Thug,That intro wild his own face on the bitch riding him😂,0
Young Thug,Trap,Tz6OUIjtM6E,Young Thug &quot;Best Friend&quot;,Young Thug,Not pairfegt,0
Young Thug,Trap,Tz6OUIjtM6E,Young Thug &quot;Best Friend&quot;,Young Thug,WHO DEY HERE IN 2030😊🎉,1
Young Thug,Trap,Tz6OUIjtM6E,Young Thug &quot;Best Friend&quot;,Young Thug,"2026 my shhhyytt on fleeeetttt ‼️
😎💰🌊🏄🏿‍♀️",1
Young Thug,Trap,Tz6OUIjtM6E,Young Thug &quot;Best Friend&quot;,Young Thug,❤,1
Young Thug,Trap,Tz6OUIjtM6E,Young Thug &quot;Best Friend&quot;,Young Thug,SLATTY 💚,0
Young Thug,Trap,Tz6OUIjtM6E,Young Thug &quot;Best Friend&quot;,Young Thug,What a time to be alive,5
Young Thug,Trap,Tz6OUIjtM6E,Young Thug &quot;Best Friend&quot;,Young Thug,Who's listening 2026,1
Young Thug,Trap,Tz6OUIjtM6E,Young Thug &quot;Best Friend&quot;,Young Thug,Migos called they want their style back...,0
Young Thug,Trap,Tz6OUIjtM6E,Young Thug &quot;Best Friend&quot;,Young Thug,"The lord is still over earth hes just watching us  like we watch television shit dont matter to god what happens to a world full of Devil's song title artist my brothers brother lil Boosie badazz 
Ernest javon fai",0
Young Thug,Trap,Tz6OUIjtM6E,Young Thug &quot;Best Friend&quot;,Young Thug,Jan 6 2026 anyone 🔥😢,0
Young Thug,Trap,Tz6OUIjtM6E,Young Thug &quot;Best Friend&quot;,Young Thug,Ahead of time for ever,0
Young Thug,Trap,Tz6OUIjtM6E,Young Thug &quot;Best Friend&quot;,Young Thug,2026???,1
Young Thug,Trap,Tz6OUIjtM6E,Young Thug &quot;Best Friend&quot;,Young Thug,Young Truly Humble Under God 🙏😭,1
Young Thug,Trap,Tz6OUIjtM6E,Young Thug &quot;Best Friend&quot;,Young Thug,2026 anyone???,1
Young Thug,Trap,Tz6OUIjtM6E,Young Thug &quot;Best Friend&quot;,Young Thug,Why tf was thugs face edited on that girl 😂😂😂,1
Young Thug,Trap,Tz6OUIjtM6E,Young Thug &quot;Best Friend&quot;,Young Thug,Who's listening to this in 2026😭😭??,165
Young Thug,Trap,Tz6OUIjtM6E,Young Thug &quot;Best Friend&quot;,Young Thug,2026 who still bumping??,1277
Young Thug,Trap,Tz6OUIjtM6E,Young Thug &quot;Best Friend&quot;,Young Thug,2026 yall,0
Young Thug,Trap,Tz6OUIjtM6E,Young Thug &quot;Best Friend&quot;,Young Thug,2026!!!!,0
Young Thug,Trap,Tz6OUIjtM6E,Young Thug &quot;Best Friend&quot;,Young Thug,Who here 20206 ? 👀,0
Young Thug,Trap,Tz6OUIjtM6E,Young Thug &quot;Best Friend&quot;,Young Thug,I'm goin to put that bitch down in a cup !;*,0
Young Thug,Trap,Tz6OUIjtM6E,Young Thug &quot;Best Friend&quot;,Young Thug,Young thug love ❤ hi 👋,0
Young Thug,Trap,Tz6OUIjtM6E,Young Thug &quot;Best Friend&quot;,Young Thug,Straight rioting on curious bih,0
Young Thug,Trap,Tz6OUIjtM6E,Young Thug &quot;Best Friend&quot;,Young Thug,Still here?,0
Young Thug,Trap,Tz6OUIjtM6E,Young Thug &quot;Best Friend&quot;,Young Thug,Hot 🔥🔥,0
Young Thug,Trap,Tz6OUIjtM6E,Young Thug &quot;Best Friend&quot;,Young Thug,How does one fell 4 a late New Years Party if its hardly working or just werking it 🎉,0
Young Thug,Trap,Tz6OUIjtM6E,Young Thug &quot;Best Friend&quot;,Young Thug,I think this beat gets passed over but truly is an iconic fuckin beat man that lil æ in the back goes so stupid son,2
Young Thug,Trap,Tz6OUIjtM6E,Young Thug &quot;Best Friend&quot;,Young Thug,Jamaica 7th S.gordon,0
Young Thug,Trap,Tz6OUIjtM6E,Young Thug &quot;Best Friend&quot;,Young Thug,2026 ❤anyone?🎉🎉🎉🎉,0
Young Thug,Trap,Tz6OUIjtM6E,Young Thug &quot;Best Friend&quot;,Young Thug,یانگ تاگ ❤,0
Young Thug,Trap,Tz6OUIjtM6E,Young Thug &quot;Best Friend&quot;,Young Thug,2026 happy new year.🎉🎉🎉🎉🎉🎉🎉🎉🎉🎉🎉🎉🎉🎉🎉🎉❤❤❤❤❤❤❤😂😂😂😂😂😂😂😂,2
Young Thug,Trap,Tz6OUIjtM6E,Young Thug &quot;Best Friend&quot;,Young Thug,2026 wya,0
Young Thug,Trap,Tz6OUIjtM6E,Young Thug &quot;Best Friend&quot;,Young Thug,2026🥹❤,0
Young Thug,Trap,Tz6OUIjtM6E,Young Thug &quot;Best Friend&quot;,Young Thug,Meth + weed,0
Young Thug,Trap,Tz6OUIjtM6E,Young Thug &quot;Best Friend&quot;,Young Thug,🔊🔊,0
Young Thug,Trap,Tz6OUIjtM6E,Young Thug &quot;Best Friend&quot;,Young Thug,2026,0
Young Thug,Trap,Tz6OUIjtM6E,Young Thug &quot;Best Friend&quot;,Young Thug,2026 gang 🙌😩I love dis song,0
Young Thug,Trap,Tz6OUIjtM6E,Young Thug &quot;Best Friend&quot;,Young Thug,10 years ago..still bumping this!,0
Young Thug,Trap,Tz6OUIjtM6E,Young Thug &quot;Best Friend&quot;,Young Thug,"I was in the end of my 8th grade year when this came out , this song is straight nostalgia for me",0
Young Thug,Trap,Tz6OUIjtM6E,Young Thug &quot;Best Friend&quot;,Young Thug,2026 🥳🥳🎉,1
Young Thug,Trap,Tz6OUIjtM6E,Young Thug &quot;Best Friend&quot;,Young Thug,2026 Anyone?🎉🎉,0
Young Thug,Trap,Tz6OUIjtM6E,Young Thug &quot;Best Friend&quot;,Young Thug,2026 anyone?,0
Young Thug,Trap,Tz6OUIjtM6E,Young Thug &quot;Best Friend&quot;,Young Thug,2026🎉,1
Young Thug,Trap,Tz6OUIjtM6E,Young Thug &quot;Best Friend&quot;,Young Thug,2026 anyone 💀,2
Young Thug,Trap,Tz6OUIjtM6E,Young Thug &quot;Best Friend&quot;,Young Thug,Who's there on 2 January 2026? 😅😅,3
Young Thug,Trap,Tz6OUIjtM6E,Young Thug &quot;Best Friend&quot;,Young Thug,2026🎉,0
Young Thug,Trap,Tz6OUIjtM6E,Young Thug &quot;Best Friend&quot;,Young Thug,Anyone in 2026,0
Young Thug,Trap,Tz6OUIjtM6E,Young Thug &quot;Best Friend&quot;,Young Thug,2026 who’s still here?,2
Young Thug,Trap,Tz6OUIjtM6E,Young Thug &quot;Best Friend&quot;,Young Thug,Yung Thug my son and Amber my daughter,0
Young Thug,Trap,Tz6OUIjtM6E,Young Thug &quot;Best Friend&quot;,Young Thug,Yung Thug my son and Amber my daughter,0
Young Thug,Trap,Tz6OUIjtM6E,Young Thug &quot;Best Friend&quot;,Young Thug,Anyone January 1st 2026,2
Young Thug,Trap,Tz6OUIjtM6E,Young Thug &quot;Best Friend&quot;,Young Thug,1 January 2026,10
Young Thug,Trap,Tz6OUIjtM6E,Young Thug &quot;Best Friend&quot;,Young Thug,"2026? For all the kids watching this, This is Prime Thugger!",0
Young Thug,Trap,Tz6OUIjtM6E,Young Thug &quot;Best Friend&quot;,Young Thug,"I dont wanna feel nothing ☆☆☆▪︎☆☆☆

I dont wanan feel a thing ☆☆☆ ;


Uploaded ;      upgraded ☆☆☆

to a god ; ☆☆☆☆

     Stars  ☆☆☆☆ A King 🤴 


- Bradley Walter Webster ❤",1
Young Thug,Trap,Tz6OUIjtM6E,Young Thug &quot;Best Friend&quot;,Young Thug,My new year song 🔥,0
Young Thug,Trap,Tz6OUIjtM6E,Young Thug &quot;Best Friend&quot;,Young Thug,Les Béninois ❤🎉,0
Young Thug,Trap,Tz6OUIjtM6E,Young Thug &quot;Best Friend&quot;,Young Thug,2026 Anyone? 🎉❤,3
Young Thug,Trap,Tz6OUIjtM6E,Young Thug &quot;Best Friend&quot;,Young Thug,I listened this song on new years eve crossing over to 2026.. success to me and yall 2026 we moving big🎉🎉,4
Young Thug,Trap,Tz6OUIjtM6E,Young Thug &quot;Best Friend&quot;,Young Thug,Happy New Year 2026!,1
Young Thug,Trap,Tz6OUIjtM6E,Young Thug &quot;Best Friend&quot;,Young Thug,Today being 30 December u ready to enter nxt chapter with this bang 2026??,0
Young Thug,Trap,Tz6OUIjtM6E,Young Thug &quot;Best Friend&quot;,Young Thug,Its stay on my play list 2025,0
Young Thug,Trap,Tz6OUIjtM6E,Young Thug &quot;Best Friend&quot;,Young Thug,Merry Christmas And Happy Christmas Holidays 🎄,0
Young Thug,Trap,Tz6OUIjtM6E,Young Thug &quot;Best Friend&quot;,Young Thug,"Label owners take out their artists every now and then, Suge was in the elite, but between that reckless interview talking about EAZY-E getting sh* with AIDS, Suge was just too visible with what every other label does, Tameka right was careful but she did it to her own husband (granted he was a terrible husband), but they all have a J£ŵ in common, allegedly, it's not a colour thing either, it's a money thing. 
Diddy came next and then Lucien Grange(UMG Boss or something), Tommy Matola came before Diddy, f'd up the whole Beatles' career, if you alive you're a puppet, I think Pac or Big or MJ or Prince or AKA all said that on their final or last albums.",0
Young Thug,Trap,Tz6OUIjtM6E,Young Thug &quot;Best Friend&quot;,Young Thug,Was that a nigga sucking a nigga dick in the begining?,0
Young Thug,Trap,Tz6OUIjtM6E,Young Thug &quot;Best Friend&quot;,Young Thug,HAPPY NEW YEAR 🎊 2026,0
Young Thug,Trap,Tz6OUIjtM6E,Young Thug &quot;Best Friend&quot;,Young Thug,GG🧸:,2
Young Thug,Trap,Tz6OUIjtM6E,Young Thug &quot;Best Friend&quot;,Young Thug,I mis simson,0
Young Thug,Trap,Tz6OUIjtM6E,Young Thug &quot;Best Friend&quot;,Young Thug,Old young thung was Amazing 😢❤,3
Young Thug,Trap,leJNDpm_G10,Young Thug - Hot ft. Gunna &amp; Travis Scott [Official Music Video],Young Thug,Dedo no uc e gritaria 🕺🏻🇮🇱,0
Young Thug,Trap,leJNDpm_G10,Young Thug - Hot ft. Gunna &amp; Travis Scott [Official Music Video],Young Thug,"Who’s part do you like the most?
LIKE = TRAVIS SCOTT 
Reply to my comment say gunna= gunna
Reply to my comment saying young thug = young thug",1
Young Thug,Trap,leJNDpm_G10,Young Thug - Hot ft. Gunna &amp; Travis Scott [Official Music Video],Young Thug,❤❤❤❤,0
Young Thug,Trap,leJNDpm_G10,Young Thug - Hot ft. Gunna &amp; Travis Scott [Official Music Video],Young Thug,So much memories with this song,0
Young Thug,Trap,leJNDpm_G10,Young Thug - Hot ft. Gunna &amp; Travis Scott [Official Music Video],Young Thug,😅 I will not come back tomorrow morning 😊,0
Young Thug,Trap,leJNDpm_G10,Young Thug - Hot ft. Gunna &amp; Travis Scott [Official Music Video],Young Thug,He really kick the door meng. i'm still hot yo 🔥 🔥,0
Young Thug,Trap,leJNDpm_G10,Young Thug - Hot ft. Gunna &amp; Travis Scott [Official Music Video],Young Thug,It’s lit,0
Young Thug,Trap,leJNDpm_G10,Young Thug - Hot ft. Gunna &amp; Travis Scott [Official Music Video],Young Thug,Ils font ça expres acruellement,0
Young Thug,Trap,leJNDpm_G10,Young Thug - Hot ft. Gunna &amp; Travis Scott [Official Music Video],Young Thug,The legendary meme,0
Young Thug,Trap,leJNDpm_G10,Young Thug - Hot ft. Gunna &amp; Travis Scott [Official Music Video],Young Thug,Travis scott got the best verse,0
Young Thug,Trap,leJNDpm_G10,Young Thug - Hot ft. Gunna &amp; Travis Scott [Official Music Video],Young Thug,Who’s here after the news of tay keith’s death?,2
Young Thug,Trap,leJNDpm_G10,Young Thug - Hot ft. Gunna &amp; Travis Scott [Official Music Video],Young Thug,R.I.P tay Keith from japan,4
Young Thug,Trap,leJNDpm_G10,Young Thug - Hot ft. Gunna &amp; Travis Scott [Official Music Video],Young Thug,R.i.p tay Keith 🕊️🕊️,13
Young Thug,Trap,leJNDpm_G10,Young Thug - Hot ft. Gunna &amp; Travis Scott [Official Music Video],Young Thug,Rip tay keith,1
Young Thug,Trap,leJNDpm_G10,Young Thug - Hot ft. Gunna &amp; Travis Scott [Official Music Video],Young Thug,Young thug Life❤❤❤,0
Young Thug,Trap,leJNDpm_G10,Young Thug - Hot ft. Gunna &amp; Travis Scott [Official Music Video],Young Thug,😮😮😮😮😮❤❤,0
Young Thug,Trap,leJNDpm_G10,Young Thug - Hot ft. Gunna &amp; Travis Scott [Official Music Video],Young Thug,geyest chemistry between thug and trav,0
Young Thug,Trap,leJNDpm_G10,Young Thug - Hot ft. Gunna &amp; Travis Scott [Official Music Video],Young Thug,3.30 the finał boss is aproaching,0
Young Thug,Trap,leJNDpm_G10,Young Thug - Hot ft. Gunna &amp; Travis Scott [Official Music Video],Young Thug,Qui est là en 2026,2
Young Thug,Trap,leJNDpm_G10,Young Thug - Hot ft. Gunna &amp; Travis Scott [Official Music Video],Young Thug,2026,0
Young Thug,Trap,leJNDpm_G10,Young Thug - Hot ft. Gunna &amp; Travis Scott [Official Music Video],Young Thug,the song is fire,0
Young Thug,Trap,leJNDpm_G10,Young Thug - Hot ft. Gunna &amp; Travis Scott [Official Music Video],Young Thug,"""Travis Scott translation is the hard one""",0
Young Thug,Trap,leJNDpm_G10,Young Thug - Hot ft. Gunna &amp; Travis Scott [Official Music Video],Young Thug,still hot,2
Young Thug,Trap,leJNDpm_G10,Young Thug - Hot ft. Gunna &amp; Travis Scott [Official Music Video],Young Thug,Yessss sirrrrr,0
Young Thug,Trap,leJNDpm_G10,Young Thug - Hot ft. Gunna &amp; Travis Scott [Official Music Video],Young Thug,"June 15,2026",0
Young Thug,Trap,leJNDpm_G10,Young Thug - Hot ft. Gunna &amp; Travis Scott [Official Music Video],Young Thug,4:25 Danm 🤫😂,0
Young Thug,Trap,leJNDpm_G10,Young Thug - Hot ft. Gunna &amp; Travis Scott [Official Music Video],Young Thug,3:21⚔️⚔️,0
Young Thug,Trap,leJNDpm_G10,Young Thug - Hot ft. Gunna &amp; Travis Scott [Official Music Video],Young Thug,Hot,3
Young Thug,Trap,leJNDpm_G10,Young Thug - Hot ft. Gunna &amp; Travis Scott [Official Music Video],Young Thug,Hi,0
Young Thug,Trap,leJNDpm_G10,Young Thug - Hot ft. Gunna &amp; Travis Scott [Official Music Video],Young Thug,!!!!!!!!!!!!!!!!!!!!!!!!!!!!!!!!!!!!!,0
Young Thug,Trap,leJNDpm_G10,Young Thug - Hot ft. Gunna &amp; Travis Scott [Official Music Video],Young Thug,Young 🌱,0
Young Thug,Trap,leJNDpm_G10,Young Thug - Hot ft. Gunna &amp; Travis Scott [Official Music Video],Young Thug,Travis scott licking his licks 90% of his screen time on the music videa,0
Young Thug,Trap,leJNDpm_G10,Young Thug - Hot ft. Gunna &amp; Travis Scott [Official Music Video],Young Thug,That still be my Summer 2026 anthem,0
Young Thug,Trap,leJNDpm_G10,Young Thug - Hot ft. Gunna &amp; Travis Scott [Official Music Video],Young Thug,GTA ahh song,0
Young Thug,Trap,leJNDpm_G10,Young Thug - Hot ft. Gunna &amp; Travis Scott [Official Music Video],Young Thug,Something like badness,0
Young Thug,Trap,leJNDpm_G10,Young Thug - Hot ft. Gunna &amp; Travis Scott [Official Music Video],Young Thug,How much for the Trio to perform this heat 🥵,0
Young Thug,Trap,leJNDpm_G10,Young Thug - Hot ft. Gunna &amp; Travis Scott [Official Music Video],Young Thug,GTA ahh song,0
Young Thug,Trap,leJNDpm_G10,Young Thug - Hot ft. Gunna &amp; Travis Scott [Official Music Video],Young Thug,🗣️Haaa haaaa haaa haaaaa,0
Young Thug,Trap,leJNDpm_G10,Young Thug - Hot ft. Gunna &amp; Travis Scott [Official Music Video],Young Thug,Gunna be like - calm - aura farming - ego & low sound  ✌️,0
Young Thug,Trap,leJNDpm_G10,Young Thug - Hot ft. Gunna &amp; Travis Scott [Official Music Video],Young Thug,"Smart kids doing their thing lol ,I just find my heart's desire falling ❤❤❤❤❤dwang",0
Young Thug,Trap,leJNDpm_G10,Young Thug - Hot ft. Gunna &amp; Travis Scott [Official Music Video],Young Thug,Bpp whole some 🎉🎉🎉,0
Young Thug,Trap,leJNDpm_G10,Young Thug - Hot ft. Gunna &amp; Travis Scott [Official Music Video],Young Thug,What’s up,0
Young Thug,Trap,leJNDpm_G10,Young Thug - Hot ft. Gunna &amp; Travis Scott [Official Music Video],Young Thug,Yoooooooo,0
Young Thug,Trap,leJNDpm_G10,Young Thug - Hot ft. Gunna &amp; Travis Scott [Official Music Video],Young Thug,A braba,0
Young Thug,Trap,leJNDpm_G10,Young Thug - Hot ft. Gunna &amp; Travis Scott [Official Music Video],Young Thug,Well done!,0
Young Thug,Trap,leJNDpm_G10,Young Thug - Hot ft. Gunna &amp; Travis Scott [Official Music Video],Young Thug,Booba feat SDM DOLCE CAMARA????,0
Young Thug,Trap,leJNDpm_G10,Young Thug - Hot ft. Gunna &amp; Travis Scott [Official Music Video],Young Thug,Booba Dolce Camara,0
Young Thug,Trap,leJNDpm_G10,Young Thug - Hot ft. Gunna &amp; Travis Scott [Official Music Video],Young Thug,Anyone come from that EAS hack from Washington or looking this song up after hearing about it,0
Young Thug,Trap,leJNDpm_G10,Young Thug - Hot ft. Gunna &amp; Travis Scott [Official Music Video],Young Thug,Randomly 🍑 🍑 🍑  Throws Ass and Hips I've got issues 🫶😂🤣😂🤦,0
Young Thug,Trap,leJNDpm_G10,Young Thug - Hot ft. Gunna &amp; Travis Scott [Official Music Video],Young Thug,Back again 💥🎇🤯 l,1
Young Thug,Trap,leJNDpm_G10,Young Thug - Hot ft. Gunna &amp; Travis Scott [Official Music Video],Young Thug,"Absolutely insane
No matter how old it was. Can't deny Young Thug  been in his bag since day one, but that AUTHENTIC VIEWS DAWT CAWM boost is on another level! Dude’s literally unstoppable now. 🔥💥",7
Young Thug,Trap,leJNDpm_G10,Young Thug - Hot ft. Gunna &amp; Travis Scott [Official Music Video],Young Thug,"June ,2026 who's still here❤❤❤❤for scott",9
Young Thug,Trap,leJNDpm_G10,Young Thug - Hot ft. Gunna &amp; Travis Scott [Official Music Video],Young Thug,2:07 🤤,1
Young Thug,Trap,leJNDpm_G10,Young Thug - Hot ft. Gunna &amp; Travis Scott [Official Music Video],Young Thug,Young Thig had to kick a door when he was 5 is the biggest lie I’ve ever heard 😂😂😂😂,2
Young Thug,Trap,leJNDpm_G10,Young Thug - Hot ft. Gunna &amp; Travis Scott [Official Music Video],Young Thug,THEM TRUMPET DO SOMETHING TO MY SOUL WHEN IM LIT‼️🔥🚒,2
Young Thug,Trap,leJNDpm_G10,Young Thug - Hot ft. Gunna &amp; Travis Scott [Official Music Video],Young Thug,A priest inform is hell in the all of Psalms sin,0
Young Thug,Trap,leJNDpm_G10,Young Thug - Hot ft. Gunna &amp; Travis Scott [Official Music Video],Young Thug,The worst song I've heard fr,0
Young Thug,Trap,leJNDpm_G10,Young Thug - Hot ft. Gunna &amp; Travis Scott [Official Music Video],Young Thug,You tried to diss got everything locked 🔒🔐,2
Young Thug,Trap,leJNDpm_G10,Young Thug - Hot ft. Gunna &amp; Travis Scott [Official Music Video],Young Thug,This is what sam Smith meant he said said fire on fire,0
Young Thug,Trap,leJNDpm_G10,Young Thug - Hot ft. Gunna &amp; Travis Scott [Official Music Video],Young Thug,"Sorete de musica, pero el meme es el GOAT",0
Young Thug,Trap,leJNDpm_G10,Young Thug - Hot ft. Gunna &amp; Travis Scott [Official Music Video],Young Thug,June 8 2026 anyone ??,0
Young Thug,Trap,leJNDpm_G10,Young Thug - Hot ft. Gunna &amp; Travis Scott [Official Music Video],Young Thug,it really hit different when thug said  🦅 🦅 🦅 while the spotify transcribes it as skrrt,2
Young Thug,Trap,leJNDpm_G10,Young Thug - Hot ft. Gunna &amp; Travis Scott [Official Music Video],Young Thug,Bro this is my favorite song when I was 5 and it is still hitting,1
Young Thug,Trap,leJNDpm_G10,Young Thug - Hot ft. Gunna &amp; Travis Scott [Official Music Video],Young Thug,Lowkey the worst rap,0
Young Thug,Trap,leJNDpm_G10,Young Thug - Hot ft. Gunna &amp; Travis Scott [Official Music Video],Young Thug,holy hell its the original 0:27,0
Young Thug,Trap,leJNDpm_G10,Young Thug - Hot ft. Gunna &amp; Travis Scott [Official Music Video],Young Thug,❤❤,1
Young Thug,Trap,leJNDpm_G10,Young Thug - Hot ft. Gunna &amp; Travis Scott [Official Music Video],Young Thug,HOT,1
Young Thug,Trap,leJNDpm_G10,Young Thug - Hot ft. Gunna &amp; Travis Scott [Official Music Video],Young Thug,They still ain’t paid the source. Rick flair drip can from Richard Francis being attacked by police in graysferry Philadelphia,0
Young Thug,Trap,leJNDpm_G10,Young Thug - Hot ft. Gunna &amp; Travis Scott [Official Music Video],Young Thug,There's no fireman video that will pass what thugga did in this one.... Can't wait for Kendrick's clown a$$ vid,0
Young Thug,Trap,leJNDpm_G10,Young Thug - Hot ft. Gunna &amp; Travis Scott [Official Music Video],Young Thug,Since 2k20,1
Young Thug,Trap,leJNDpm_G10,Young Thug - Hot ft. Gunna &amp; Travis Scott [Official Music Video],Young Thug,Hot..🌶,0
Young Thug,Trap,leJNDpm_G10,Young Thug - Hot ft. Gunna &amp; Travis Scott [Official Music Video],Young Thug,I'd be pissed if the fighter walking rapping doing a scene,1
Young Thug,Trap,leJNDpm_G10,Young Thug - Hot ft. Gunna &amp; Travis Scott [Official Music Video],Young Thug,چه موزیکی بود حاجی🫠🔥👏,1
Young Thug,Trap,leJNDpm_G10,Young Thug - Hot ft. Gunna &amp; Travis Scott [Official Music Video],Young Thug,❤❤,1
Young Thug,Trap,leJNDpm_G10,Young Thug - Hot ft. Gunna &amp; Travis Scott [Official Music Video],Young Thug,Kenya locked in,6
Young Thug,Trap,leJNDpm_G10,Young Thug - Hot ft. Gunna &amp; Travis Scott [Official Music Video],Young Thug,Too active ‘26,2
Young Thug,Trap,leJNDpm_G10,Young Thug - Hot ft. Gunna &amp; Travis Scott [Official Music Video],Young Thug,its like watching the mona lisa being painted,4
Young Thug,Trap,leJNDpm_G10,Young Thug - Hot ft. Gunna &amp; Travis Scott [Official Music Video],Young Thug,🇬🇦😍☺️❤je suis  amoureux de  cette  musique,1
Young Thug,Trap,leJNDpm_G10,Young Thug - Hot ft. Gunna &amp; Travis Scott [Official Music Video],Young Thug,"❤❤❤❤cette  musique  ces un karten
😅😅",0
Young Thug,Trap,leJNDpm_G10,Young Thug - Hot ft. Gunna &amp; Travis Scott [Official Music Video],Young Thug,"😂😢🇬🇦ces en haut 

De ce que  attendent",0
Young Thug,Trap,leJNDpm_G10,Young Thug - Hot ft. Gunna &amp; Travis Scott [Official Music Video],Young Thug,Ces merveilleux ❤😂😮,1
Young Thug,Trap,leJNDpm_G10,Young Thug - Hot ft. Gunna &amp; Travis Scott [Official Music Video],Young Thug,0:29 the gunna writing fire meme,1
Young Thug,Trap,leJNDpm_G10,Young Thug - Hot ft. Gunna &amp; Travis Scott [Official Music Video],Young Thug,0:29 when Shakespeare wrote his first book,2
Young Thug,Trap,leJNDpm_G10,Young Thug - Hot ft. Gunna &amp; Travis Scott [Official Music Video],Young Thug,www,1
Young Thug,Trap,leJNDpm_G10,Young Thug - Hot ft. Gunna &amp; Travis Scott [Official Music Video],Young Thug,Lit Travis Scott 🔥🔥🔥 vers,1
Young Thug,Trap,leJNDpm_G10,Young Thug - Hot ft. Gunna &amp; Travis Scott [Official Music Video],Young Thug,"3rd June 2026.
Where y'all at?",1
Young Thug,Trap,leJNDpm_G10,Young Thug - Hot ft. Gunna &amp; Travis Scott [Official Music Video],Young Thug,June??,1
Young Thug,Trap,leJNDpm_G10,Young Thug - Hot ft. Gunna &amp; Travis Scott [Official Music Video],Young Thug,"#jjba
[ Adam Warlock

5 players : 0s , 2s , 6s , 8s , 10s : Played Simultaneously ]

This in reality so I turned the whole hole off

Skrillex Repeater
Artificial Stands battle
the so unturnt city it will pop up once or twice in the United States then close itself off
... Has the guidelines with a Pennywise call ...
& why I want all these dumb* clowns off the backscatter ID tags and satellite tracking systems

according to the timeline we're in jojolion

======
======
[ -> 0s, 24s, 42s : played Simultaneously
Plan B and Bananarama ]

To get people really fighting
This is the plasmon knot tied to yo momma
that starts all life

You won't need plan B anymore you'll only need a light tweezer beam and a night night forever light

... Now turn it to Japanese so I can give you the whole Calligraphy and Pictogram art ...
this is also for some shiddy sentient life : A computer out competes it all the time.


... This is on a raytheon
synthetic graphics card ... 
before I go into photonic surgery with solenoid symphony
which doesn't mean what you think it means

===
===
[ vision and wonderman
4 players : 0s, ~0.1s, 89s, 98s : played simultaneously ]

Sexagesimal systems to catch hexidecimal systems
... Catching information on the first torpedo ever launched by a server & trying to supernaut the first USSR satellites

Recovering Data Systems that seem lost in decoherence & creating a learning machine to fill in the lost file knots
... lists skyrmions and some hyperbole

NOTE : Marvel side has a lot on Vibranium and Stark's hidden contracts to compromise anyone who has it outside of Wakanda
Wade gets hired a lot for these since he agrees to release Hangar 18 documents directly to him

===
===
[ -> 3 players : 0s, 64s, 80s : Played Simultaneously 
More likely Black Widow combined with Church Turing Thesis ]
Belladonna and Treeseason Shell for API
so they can fix themselves & start removing Driver programming
Qubit decoherence shows up here with some Archimedes knot",0
Young Thug,Trap,leJNDpm_G10,Young Thug - Hot ft. Gunna &amp; Travis Scott [Official Music Video],Young Thug,❤❤❤,0
Young Thug,Trap,leJNDpm_G10,Young Thug - Hot ft. Gunna &amp; Travis Scott [Official Music Video],Young Thug,who still here listening to this song 2026.....Gunna verse still fresh AF,0
Young Thug,Trap,leJNDpm_G10,Young Thug - Hot ft. Gunna &amp; Travis Scott [Official Music Video],Young Thug,Cartier eye...,0
Young Thug,Trap,leJNDpm_G10,Young Thug - Hot ft. Gunna &amp; Travis Scott [Official Music Video],Young Thug,Odell line hit different now 🔥🔥🔥,0
Young Thug,Trap,leJNDpm_G10,Young Thug - Hot ft. Gunna &amp; Travis Scott [Official Music Video],Young Thug,Fan,0
Young Thug,Trap,leJNDpm_G10,Young Thug - Hot ft. Gunna &amp; Travis Scott [Official Music Video],Young Thug,"This entire music video is literally just the ""This is fine"" meme",0
Young Thug,Trap,leJNDpm_G10,Young Thug - Hot ft. Gunna &amp; Travis Scott [Official Music Video],Young Thug,Gave me a fake at first,0
Young Thug,Trap,leJNDpm_G10,Young Thug - Hot ft. Gunna &amp; Travis Scott [Official Music Video],Young Thug,🎉 hot,1
Young Thug,Trap,leJNDpm_G10,Young Thug - Hot ft. Gunna &amp; Travis Scott [Official Music Video],Young Thug,Все кабаны на месте,0
Young Thug,Trap,leJNDpm_G10,Young Thug - Hot ft. Gunna &amp; Travis Scott [Official Music Video],Young Thug,Travis scott 💪,0
Young Thug,Trap,leJNDpm_G10,Young Thug - Hot ft. Gunna &amp; Travis Scott [Official Music Video],Young Thug,Ces le tage❤❤❤,0
Young Thug,Trap,leJNDpm_G10,Young Thug - Hot ft. Gunna &amp; Travis Scott [Official Music Video],Young Thug,😂😮🎉🎉,0
Young Thug,Trap,leJNDpm_G10,Young Thug - Hot ft. Gunna &amp; Travis Scott [Official Music Video],Young Thug,Man of the match in this song it deserves young thug 😂👌👐,1
Young Thug,Trap,leJNDpm_G10,Young Thug - Hot ft. Gunna &amp; Travis Scott [Official Music Video],Young Thug,hhhhhhhh,0
Young Thug,Trap,leJNDpm_G10,Young Thug - Hot ft. Gunna &amp; Travis Scott [Official Music Video],Young Thug,"MONEY MOTI 
GORI NAAR
KAALI GADDI 
KALA MAAL


BSS EHO CHAHIDA YRR🔥🔥",0
Young Thug,Trap,leJNDpm_G10,Young Thug - Hot ft. Gunna &amp; Travis Scott [Official Music Video],Young Thug,❤❤,0
Young Thug,Trap,leJNDpm_G10,Young Thug - Hot ft. Gunna &amp; Travis Scott [Official Music Video],Young Thug,Anyone today???,73
Young Thug,Trap,leJNDpm_G10,Young Thug - Hot ft. Gunna &amp; Travis Scott [Official Music Video],Young Thug,This music video hard asf😭,5
Young Thug,Trap,leJNDpm_G10,Young Thug - Hot ft. Gunna &amp; Travis Scott [Official Music Video],Young Thug,When I heard that song for the first time nee it got me crazy 😇🥶🥶,1
Young Thug,Trap,leJNDpm_G10,Young Thug - Hot ft. Gunna &amp; Travis Scott [Official Music Video],Young Thug,3:13 the most beautiful part is coming baby🔥🔥🔥Travis is coming baby❤️‍🔥❤️‍🔥❤️‍🔥,0
Young Thug,Trap,leJNDpm_G10,Young Thug - Hot ft. Gunna &amp; Travis Scott [Official Music Video],Young Thug,"Anyone this month ?
Can't deny Young Thug been in his bag since day one, but that AUTHENTIC VIEWS DAWT CAWM boost is on another level! Dude’s literally unstoppable now. 🔥💥",4
Young Thug,Trap,leJNDpm_G10,Young Thug - Hot ft. Gunna &amp; Travis Scott [Official Music Video],Young Thug,I can't understand what the hell Thug is saying but I still vibe to his verse like crazy,2
Young Thug,Trap,leJNDpm_G10,Young Thug - Hot ft. Gunna &amp; Travis Scott [Official Music Video],Young Thug,Booba instru dolce camara,0
Young Thug,Trap,leJNDpm_G10,Young Thug - Hot ft. Gunna &amp; Travis Scott [Official Music Video],Young Thug,❤❤❤❤,0
Young Thug,Trap,leJNDpm_G10,Young Thug - Hot ft. Gunna &amp; Travis Scott [Official Music Video],Young Thug,2026 still hot,0
Young Thug,Trap,leJNDpm_G10,Young Thug - Hot ft. Gunna &amp; Travis Scott [Official Music Video],Young Thug,Middle of 2026 crew wya🔥,0
Young Thug,Trap,leJNDpm_G10,Young Thug - Hot ft. Gunna &amp; Travis Scott [Official Music Video],Young Thug,Juntaram os melhores do planeta,1
Young Thug,Trap,leJNDpm_G10,Young Thug - Hot ft. Gunna &amp; Travis Scott [Official Music Video],Young Thug,"""Travis você tem apenas 60 segundos""
Travis: 3:32",0
Young Thug,Trap,leJNDpm_G10,Young Thug - Hot ft. Gunna &amp; Travis Scott [Official Music Video],Young Thug,Fire,0
Young Thug,Trap,leJNDpm_G10,Young Thug - Hot ft. Gunna &amp; Travis Scott [Official Music Video],Young Thug,hello gunna,0
Young Thug,Trap,leJNDpm_G10,Young Thug - Hot ft. Gunna &amp; Travis Scott [Official Music Video],Young Thug,Greatest music video oat,5
Young Thug,Trap,leJNDpm_G10,Young Thug - Hot ft. Gunna &amp; Travis Scott [Official Music Video],Young Thug,Yooooo THUG KILLED IT ON THE VERSE.👏👏👏👏😎,2
Young Thug,Trap,leJNDpm_G10,Young Thug - Hot ft. Gunna &amp; Travis Scott [Official Music Video],Young Thug,We need to give Thug a (pass)!?,0
Young Thug,Trap,leJNDpm_G10,Young Thug - Hot ft. Gunna &amp; Travis Scott [Official Music Video],Young Thug,Thug deserves[ PASS],0
Young Thug,Trap,leJNDpm_G10,Young Thug - Hot ft. Gunna &amp; Travis Scott [Official Music Video],Young Thug,still hot like yesterday,0
Young Thug,Trap,leJNDpm_G10,Young Thug - Hot ft. Gunna &amp; Travis Scott [Official Music Video],Young Thug,2026 we up still,12
Young Thug,Trap,leJNDpm_G10,Young Thug - Hot ft. Gunna &amp; Travis Scott [Official Music Video],Young Thug,Скажи по-русски.,0
Young Thug,Trap,leJNDpm_G10,Young Thug - Hot ft. Gunna &amp; Travis Scott [Official Music Video],Young Thug,Perfect song in GTA5,3
Young Thug,Trap,leJNDpm_G10,Young Thug - Hot ft. Gunna &amp; Travis Scott [Official Music Video],Young Thug,The creativity?! 🎉😂❤,0
Young Thug,Trap,leJNDpm_G10,Young Thug - Hot ft. Gunna &amp; Travis Scott [Official Music Video],Young Thug,it's hot  🔥🔥,0
Young Thug,Trap,leJNDpm_G10,Young Thug - Hot ft. Gunna &amp; Travis Scott [Official Music Video],Young Thug,"Thug said he kicked the door when he was 5y, to make this fire for sure",0
Young Thug,Trap,leJNDpm_G10,Young Thug - Hot ft. Gunna &amp; Travis Scott [Official Music Video],Young Thug,Still hot 🔥,0
Young Thug,Trap,leJNDpm_G10,Young Thug - Hot ft. Gunna &amp; Travis Scott [Official Music Video],Young Thug,That Song is in gta 5 ifruit radio,1
Young Thug,Trap,leJNDpm_G10,Young Thug - Hot ft. Gunna &amp; Travis Scott [Official Music Video],Young Thug,Kazakhstan 🇰🇿,2
Young Thug,Trap,leJNDpm_G10,Young Thug - Hot ft. Gunna &amp; Travis Scott [Official Music Video],Young Thug,I'm right here,1
Young Thug,Trap,leJNDpm_G10,Young Thug - Hot ft. Gunna &amp; Travis Scott [Official Music Video],Young Thug,The beat on this waaay too harddd,3
Young Thug,Trap,leJNDpm_G10,Young Thug - Hot ft. Gunna &amp; Travis Scott [Official Music Video],Young Thug,All of UK now 30° heatwave ya dunnooooo 🏄,4
Young Thug,Trap,leJNDpm_G10,Young Thug - Hot ft. Gunna &amp; Travis Scott [Official Music Video],Young Thug,The landlord was standing outside when they made this shit...,1
Young Thug,Trap,leJNDpm_G10,Young Thug - Hot ft. Gunna &amp; Travis Scott [Official Music Video],Young Thug,I love when this comes on in gta 😮‍💨🔥,1
Young Thug,Trap,leJNDpm_G10,Young Thug - Hot ft. Gunna &amp; Travis Scott [Official Music Video],Young Thug,"It was just the numbers, I tell you it’s not.",1
Young Thug,Trap,leJNDpm_G10,Young Thug - Hot ft. Gunna &amp; Travis Scott [Official Music Video],Young Thug,0:29 history was made,4
Young Thug,Trap,leJNDpm_G10,Young Thug - Hot ft. Gunna &amp; Travis Scott [Official Music Video],Young Thug,"2 Corinthians 5:7 (KJV)  (For we walk by faith, not by sight:) lust is dangerous brothers and sisters.",5
Young Thug,Trap,leJNDpm_G10,Young Thug - Hot ft. Gunna &amp; Travis Scott [Official Music Video],Young Thug,😂😂😂😊,0
Young Thug,Trap,leJNDpm_G10,Young Thug - Hot ft. Gunna &amp; Travis Scott [Official Music Video],Young Thug,"ts was made 6 yrs ago and still my fav song on repeat, one of the only songs that got me jackin my head back and forth",0
Young Thug,Trap,leJNDpm_G10,Young Thug - Hot ft. Gunna &amp; Travis Scott [Official Music Video],Young Thug,From Tanzania 🇹🇿  (East Afica)   We love you Young Thug  every day  I listen ua 🎶,7
Young Thug,Trap,leJNDpm_G10,Young Thug - Hot ft. Gunna &amp; Travis Scott [Official Music Video],Young Thug,"I'm just enjoying everything ""bout this Master piece ❤",1
Young Thug,Trap,leJNDpm_G10,Young Thug - Hot ft. Gunna &amp; Travis Scott [Official Music Video],Young Thug,"""Vivan los travestis de zona sur""",0
Young Thug,Trap,leJNDpm_G10,Young Thug - Hot ft. Gunna &amp; Travis Scott [Official Music Video],Young Thug,GTA still bringing me here,2
Young Thug,Trap,leJNDpm_G10,Young Thug - Hot ft. Gunna &amp; Travis Scott [Official Music Video],Young Thug,GTA 5,0
Young Thug,Trap,leJNDpm_G10,Young Thug - Hot ft. Gunna &amp; Travis Scott [Official Music Video],Young Thug,Best move huh 🎉❤😊😂,0
Young Thug,Trap,leJNDpm_G10,Young Thug - Hot ft. Gunna &amp; Travis Scott [Official Music Video],Young Thug,0:57,2
Young Thug,Trap,leJNDpm_G10,Young Thug - Hot ft. Gunna &amp; Travis Scott [Official Music Video],Young Thug,"This Hot, Why, Do I love this so much? This like Drum Line banging those drums and playing the drumline

I took the Bentley coupe back,
then I hopped in a Cayenne (Skrrt)


""I had to kick the door when I was 5.""",0
Young Thug,Trap,leJNDpm_G10,Young Thug - Hot ft. Gunna &amp; Travis Scott [Official Music Video],Young Thug,This official video is so funny 🤣😂😂😂😂😂😂😂😂😂😂😂😂😂😂😂😂😂😂😂😂,0
Young Thug,Trap,leJNDpm_G10,Young Thug - Hot ft. Gunna &amp; Travis Scott [Official Music Video],Young Thug,Damned that kill ́all’́'’❤,0
Young Thug,Trap,leJNDpm_G10,Young Thug - Hot ft. Gunna &amp; Travis Scott [Official Music Video],Young Thug,Gunna bodying LaFlame in a song called HOT gotta be studied,0
Young Thug,Trap,leJNDpm_G10,Young Thug - Hot ft. Gunna &amp; Travis Scott [Official Music Video],Young Thug,🔥🔥🔥🔥🔥,1
Young Thug,Trap,leJNDpm_G10,Young Thug - Hot ft. Gunna &amp; Travis Scott [Official Music Video],Young Thug,Milk and cookies,0
Young Thug,Trap,leJNDpm_G10,Young Thug - Hot ft. Gunna &amp; Travis Scott [Official Music Video],Young Thug,Boss man in a suit and a tie everything fits him can't question why,2
Young Thug,Trap,leJNDpm_G10,Young Thug - Hot ft. Gunna &amp; Travis Scott [Official Music Video],Young Thug,peak 2023 high school football game music,0
Young Thug,Trap,leJNDpm_G10,Young Thug - Hot ft. Gunna &amp; Travis Scott [Official Music Video],Young Thug,2026,0
Young Thug,Trap,leJNDpm_G10,Young Thug - Hot ft. Gunna &amp; Travis Scott [Official Music Video],Young Thug,"Me 2026❤🎉, direct from Mozambique 🇲🇿.",0
Young Thug,Trap,leJNDpm_G10,Young Thug - Hot ft. Gunna &amp; Travis Scott [Official Music Video],Young Thug,Yaa this is fire fr🔥🔥🔥🔥🔥🔥🔥🔥🔥🔥🔥🔥🔥,0
Young Thug,Trap,leJNDpm_G10,Young Thug - Hot ft. Gunna &amp; Travis Scott [Official Music Video],Young Thug,Gta 5,1
Young Thug,Trap,leJNDpm_G10,Young Thug - Hot ft. Gunna &amp; Travis Scott [Official Music Video],Young Thug,"Nigeria 🇳🇬 here , this is fire .. listened countless times 🔥",0
Young Thug,Trap,leJNDpm_G10,Young Thug - Hot ft. Gunna &amp; Travis Scott [Official Music Video],Young Thug,lets break the notch again gunna,0
Young Thug,Trap,leJNDpm_G10,Young Thug - Hot ft. Gunna &amp; Travis Scott [Official Music Video],Young Thug,Travis Is The Best...😎,0
Young Thug,Trap,leJNDpm_G10,Young Thug - Hot ft. Gunna &amp; Travis Scott [Official Music Video],Young Thug,Travis 🐐,0
Young Thug,Trap,leJNDpm_G10,Young Thug - Hot ft. Gunna &amp; Travis Scott [Official Music Video],Young Thug,20/05/40🎉🎉🎉,0
Young Thug,Trap,leJNDpm_G10,Young Thug - Hot ft. Gunna &amp; Travis Scott [Official Music Video],Young Thug,трэвис скотт просто разьебал 🫨🎧👊🏼,0
Young Thug,Trap,leJNDpm_G10,Young Thug - Hot ft. Gunna &amp; Travis Scott [Official Music Video],Young Thug,اغنية باري هههههههه😂,1
Young Thug,Trap,leJNDpm_G10,Young Thug - Hot ft. Gunna &amp; Travis Scott [Official Music Video],Young Thug,"The fact this shit was put on GTA, is crazy. And it fits so damn well.",0
Young Thug,Trap,leJNDpm_G10,Young Thug - Hot ft. Gunna &amp; Travis Scott [Official Music Video],Young Thug,Summertime 2026 playlists YSL THUGGERR THUGGERR MFFF🐍 🐐🕷️ 🥳🥃🌊,1
Young Thug,Trap,leJNDpm_G10,Young Thug - Hot ft. Gunna &amp; Travis Scott [Official Music Video],Young Thug,still perfect.,0
Young Thug,Trap,leJNDpm_G10,Young Thug - Hot ft. Gunna &amp; Travis Scott [Official Music Video],Young Thug,hamza playboy era,1
Young Thug,Trap,leJNDpm_G10,Young Thug - Hot ft. Gunna &amp; Travis Scott [Official Music Video],Young Thug,🔥🔥🔥,0
Young Thug,Trap,leJNDpm_G10,Young Thug - Hot ft. Gunna &amp; Travis Scott [Official Music Video],Young Thug,goatet song,0
Young Thug,Trap,leJNDpm_G10,Young Thug - Hot ft. Gunna &amp; Travis Scott [Official Music Video],Young Thug,Madden brought me back hear,0
Young Thug,Trap,leJNDpm_G10,Young Thug - Hot ft. Gunna &amp; Travis Scott [Official Music Video],Young Thug,Anyone on 14 th MAY 2026???,3
Young Thug,Trap,leJNDpm_G10,Young Thug - Hot ft. Gunna &amp; Travis Scott [Official Music Video],Young Thug,2026:❤,2
Young Thug,Trap,leJNDpm_G10,Young Thug - Hot ft. Gunna &amp; Travis Scott [Official Music Video],Young Thug,صلصال أكتب,0
Young Thug,Trap,leJNDpm_G10,Young Thug - Hot ft. Gunna &amp; Travis Scott [Official Music Video],Young Thug,GTA V 👀👀,0
Young Thug,Trap,leJNDpm_G10,Young Thug - Hot ft. Gunna &amp; Travis Scott [Official Music Video],Young Thug,🇿🇲,0
Young Thug,Trap,leJNDpm_G10,Young Thug - Hot ft. Gunna &amp; Travis Scott [Official Music Video],Young Thug,2026 it's lit 🔥🔥🔥🤧,1
Young Thug,Trap,leJNDpm_G10,Young Thug - Hot ft. Gunna &amp; Travis Scott [Official Music Video],Young Thug,Yo yo yo who f*ck on the grammy !!!!…… 🔥🔥🔥,0
Young Thug,Trap,leJNDpm_G10,Young Thug - Hot ft. Gunna &amp; Travis Scott [Official Music Video],Young Thug,Who is lost listening on May 2026 sunday,13
Young Thug,Trap,leJNDpm_G10,Young Thug - Hot ft. Gunna &amp; Travis Scott [Official Music Video],Young Thug,IT'S LIT🔥🔥🔥,0
Young Thug,Trap,leJNDpm_G10,Young Thug - Hot ft. Gunna &amp; Travis Scott [Official Music Video],Young Thug,Its hot here in Mombasa Kenya fam👌,1
Young Thug,Trap,leJNDpm_G10,Young Thug - Hot ft. Gunna &amp; Travis Scott [Official Music Video],Young Thug,Keep on making these songs that I love it on game,1
Young Thug,Trap,leJNDpm_G10,Young Thug - Hot ft. Gunna &amp; Travis Scott [Official Music Video],Young Thug,I just discovered this topic in 2026. GOOD,0
Young Thug,Trap,leJNDpm_G10,Young Thug - Hot ft. Gunna &amp; Travis Scott [Official Music Video],Young Thug,0:30 your welcome,0
Young Thug,Trap,leJNDpm_G10,Young Thug - Hot ft. Gunna &amp; Travis Scott [Official Music Video],Young Thug,🙊🙈🙉 Marseille 💪 usa kabyle Algéria ✈️🚀🛸🛶🫶✌️😼🤝,0
Young Thug,Trap,leJNDpm_G10,Young Thug - Hot ft. Gunna &amp; Travis Scott [Official Music Video],Young Thug,The song is FIRE ✍️ 🔥 🔥 🔥,1
Young Thug,Trap,leJNDpm_G10,Young Thug - Hot ft. Gunna &amp; Travis Scott [Official Music Video],Young Thug,0:40,0
Young Thug,Trap,leJNDpm_G10,Young Thug - Hot ft. Gunna &amp; Travis Scott [Official Music Video],Young Thug,This video make sense now knowing Gunna was writing for the whole camp (house),1
Young Thug,Trap,leJNDpm_G10,Young Thug - Hot ft. Gunna &amp; Travis Scott [Official Music Video],Young Thug,Dolce camara,1
Young Thug,Trap,leJNDpm_G10,Young Thug - Hot ft. Gunna &amp; Travis Scott [Official Music Video],Young Thug,0:40,0
Young Thug,Trap,leJNDpm_G10,Young Thug - Hot ft. Gunna &amp; Travis Scott [Official Music Video],Young Thug,"This song reminds me of ridind to my bunker, dodging sweats and gettin paid 🎉",0
Young Thug,Trap,leJNDpm_G10,Young Thug - Hot ft. Gunna &amp; Travis Scott [Official Music Video],Young Thug,My 2 favorite song,0
Young Thug,Trap,leJNDpm_G10,Young Thug - Hot ft. Gunna &amp; Travis Scott [Official Music Video],Young Thug,😊😊😊😊😊😊😊😊😊😊😊😊😊 3:43,0
Young Thug,Trap,leJNDpm_G10,Young Thug - Hot ft. Gunna &amp; Travis Scott [Official Music Video],Young Thug,0:27 It's the meme 🔥,3
Young Thug,Trap,leJNDpm_G10,Young Thug - Hot ft. Gunna &amp; Travis Scott [Official Music Video],Young Thug,Wunna,4
Young Thug,Trap,leJNDpm_G10,Young Thug - Hot ft. Gunna &amp; Travis Scott [Official Music Video],Young Thug,2026 u all ain’t shit,0
Young Thug,Trap,leJNDpm_G10,Young Thug - Hot ft. Gunna &amp; Travis Scott [Official Music Video],Young Thug,"In the name of Allah(God), the Most Gracious, the Most Merciful

Peace be with those who follow the guidance

And We certainly sent into every nation a messenger, [saying], ""Worship Allah and avoid Taghut."" And among them were those whom Allah guided, and among them were those upon whom error was [deservedly] decreed. So proceed through the earth and observe how was the end of the deniers. Quran (16:36)

Taghut: means anything worshipped besides Allah(God).

There are five heads of taghut

Satan: The ultimate instigator who calls people to disobey Allah(God) and worship others.
The one worshipped and pleased with it: Someone (or something) worshipped besides Allah(God), who is content with that worship (e.g., idols, deceased saints worshipped falsely).
The one who claims knowledge of the Unseen (Ghayb): Someone who falsely asserts knowledge of hidden matters, which belongs only to Allah(God).
The one who calls people to worship himself: A leader or figure who actively invites others to worship him, regardless of whether they comply.
The one who judges by other than what Allah has revealed: A ruler or authority who substitutes Allah's divine law with man-made laws, leading people away from God's path. 

I did not create jinn and humans except to worship Me. Quran (51:56)

He] who created death and life to test you [as to] which of you is best in deed Quran (67:2)

Indeed, the religion in the sight of Allah is Islam. Quran (3:19)

Whoever seeks a way other than Islam,1 it will never be accepted from them, and in the Hereafter they will be among the losers. Quran (3:85)

Every soul will taste death. And you will only receive your full reward on the Day of Judgment. Whoever is spared from the Fire and is admitted into Paradise will ˹indeed˺ triumph, whereas the life of this world is no more than the delusion of enjoyment. Quran (3:185)

And this worldly life is not but diversion and amusement. And indeed, the home of the Hereafter - that is the [eternal] life, if only they knew. Quran (29:64)

Neither your relatives nor children will benefit you on Judgment Day—He will decide between you ˹all˺. For Allah is All-Seeing of what you do. Quran (60:3)

And whoever turns a blind eye to the Reminder of the Most Compassionate, We place at the disposal of each a devilish one as their close associate, who will certainly hinder them from the ˹Right˺ Way while they think they are ˹rightly˺ guided. Quran (43:36-37)",1
Young Thug,Trap,leJNDpm_G10,Young Thug - Hot ft. Gunna &amp; Travis Scott [Official Music Video],Young Thug,"En el nombre de Allah (Dios), el Compasivo, el Misericordioso.

La paz sea con aquellos que siguen la guía.

Hemos enviado un mensajero a cada comunidad: ""Adorad a Allah y apartaos de los Tagut.""Y hubo entre ellos a quien Allah guió, pero hubo en quien se hizo realidad el extravío.Recorred pues la tierra y ved cómo acabaron los que negaron la verdad. Corán (16:36)

Taghut: significa cualquier cosa adorada además de Allah (Dios).

Hay cinco cabezas de taghut

Satanás: El instigador supremo que incita a la gente a desobedecer a Alá (Dios) y a adorar a otros.
Aquel que es adorado y se complace con ello: Alguien (o algo) adorado además de Alá (Dios), que se complace con esa adoración (por ejemplo, ídolos, santos fallecidos adorados falsamente).
Quien afirma conocer lo Oculto (Ghayb): Alguien que afirma falsamente conocer asuntos ocultos, que pertenecen solo a Alá (Dios).
Quien incita a la gente a adorarse a sí mismo: Un líder o figura que invita activamente a otros a adorarle, independientemente de si cumplen o no.
Quien no juzga con base en lo que Alá ha revelado: Un gobernante o autoridad que sustituye la ley divina de Alá con leyes humanas, desviando a la gente del camino de Dios.

Y no he creado a los genios y a los hombres sino para que Me adoren. Corán (51:56)

""Él es Quien creó la muerte y la vida para probaros y ver cuál de vosotros sería mejor en obras. Corán (67:2)

Realmente la práctica de Adoración ante Allah es el Islam. Corán (3:19)

Y quien desee otra práctica de Adoración que no sea el Islam. no le será aceptada y en la Última Vida será de los perdedores. Corán (3:85)

Toda alma probará la muerte. Y el Día del Levantamiento se os pagará cumplidamente la retribución que os corresponda.Quien sea alejado del Fuego e introducido en el Jardín, habrá triunfado. La vida de este mundo no es sino el disfrute engañoso de lo que se acaba. Corán (3:185)

La vida del mundo no es sino juego y distracción, la verdadera vida es la morada de la Última Vida, si supieran. Corán (29:64)

Ni vuestra consanguinidad ni vuestros hijos os servirán el Día del Levantamiento. Cada uno de vosotros tendrá el juicio que le corresponda. Allah ve lo que hacéis. Corán (60:3)

Y al que está ciego para el recuerdo del Misericordioso le asignamos un demonio que se convierte en su compañero inseparable. Y éstos les apartan del camino mientras ellos se creen guiados. Corán (43:36-37)",1
Young Thug,Trap,leJNDpm_G10,Young Thug - Hot ft. Gunna &amp; Travis Scott [Official Music Video],Young Thug,tututtutututututututu ,0
Young Thug,Trap,leJNDpm_G10,Young Thug - Hot ft. Gunna &amp; Travis Scott [Official Music Video],Young Thug,Feels it just came out,0
Young Thug,Trap,leJNDpm_G10,Young Thug - Hot ft. Gunna &amp; Travis Scott [Official Music Video],Young Thug,"That bridge just gave me chills. Pure, unadulterated talent",0
Young Thug,Trap,leJNDpm_G10,Young Thug - Hot ft. Gunna &amp; Travis Scott [Official Music Video],Young Thug,Healing in every note,0
Young Thug,Trap,leJNDpm_G10,Young Thug - Hot ft. Gunna &amp; Travis Scott [Official Music Video],Young Thug,A literal masterpiece. Keep shining! ✨,0
Young Thug,Trap,leJNDpm_G10,Young Thug - Hot ft. Gunna &amp; Travis Scott [Official Music Video],Young Thug,Gunna runing the whole meme game with speed 🔥,0
Young Thug,Trap,leJNDpm_G10,Young Thug - Hot ft. Gunna &amp; Travis Scott [Official Music Video],Young Thug,2026 🎉,0
Young Thug,Trap,leJNDpm_G10,Young Thug - Hot ft. Gunna &amp; Travis Scott [Official Music Video],Young Thug,Verse 2 đâu anh,0
Young Thug,Trap,leJNDpm_G10,Young Thug - Hot ft. Gunna &amp; Travis Scott [Official Music Video],Young Thug,RIGHT HERE,0
Young Thug,Trap,leJNDpm_G10,Young Thug - Hot ft. Gunna &amp; Travis Scott [Official Music Video],Young Thug,Look mom i can fly,0
Young Thug,Trap,leJNDpm_G10,Young Thug - Hot ft. Gunna &amp; Travis Scott [Official Music Video],Young Thug,11/05/2026🎉,0
Young Thug,Trap,leJNDpm_G10,Young Thug - Hot ft. Gunna &amp; Travis Scott [Official Music Video],Young Thug,this the coldest shit ever,0
Young Thug,Trap,leJNDpm_G10,Young Thug - Hot ft. Gunna &amp; Travis Scott [Official Music Video],Young Thug,this is the best song i've ever heard frfr🔥🔥🔥🔥,1
Young Thug,Trap,leJNDpm_G10,Young Thug - Hot ft. Gunna &amp; Travis Scott [Official Music Video],Young Thug,I live and love in Atlanta we cool,0
Young Thug,Trap,leJNDpm_G10,Young Thug - Hot ft. Gunna &amp; Travis Scott [Official Music Video],Young Thug,Those who remember this from gta rqdio,0
Young Thug,Trap,leJNDpm_G10,Young Thug - Hot ft. Gunna &amp; Travis Scott [Official Music Video],Young Thug,Iceman 😅,0
Young Thug,Trap,leJNDpm_G10,Young Thug - Hot ft. Gunna &amp; Travis Scott [Official Music Video],Young Thug,Hot like LAVA BOYZ 2026 🔥🔥🔥,0
Young Thug,Trap,leJNDpm_G10,Young Thug - Hot ft. Gunna &amp; Travis Scott [Official Music Video],Young Thug,Boogie Man,0
Young Thug,Trap,leJNDpm_G10,Young Thug - Hot ft. Gunna &amp; Travis Scott [Official Music Video],Young Thug,"This where Domani and all his kids get they talent from of course Tiny too…but come on Domani’s talent is pure genes look at his dad still rocking. I was jamming to T.I when I was 18, this is pure talent and nostalgia 🙌🏾🙌🏾🔥🔥🔥💜",0
Young Thug,Trap,leJNDpm_G10,Young Thug - Hot ft. Gunna &amp; Travis Scott [Official Music Video],Young Thug,"One of the hardest beats ever produced
Can't deny Travis Scott been in his bag since day one, but that AUTHENTIC VIEWS DAWT CAWM boost is on another level! Dude’s literally unstoppable now. 🔥💥",14
Young Thug,Trap,leJNDpm_G10,Young Thug - Hot ft. Gunna &amp; Travis Scott [Official Music Video],Young Thug,🔥🔥,0
Young Thug,Trap,leJNDpm_G10,Young Thug - Hot ft. Gunna &amp; Travis Scott [Official Music Video],Young Thug,0:28 His writing is on fire✋🏻🤨✋🏻,2
Young Thug,Trap,leJNDpm_G10,Young Thug - Hot ft. Gunna &amp; Travis Scott [Official Music Video],Young Thug,Dolce Camara,1
Young Thug,Trap,leJNDpm_G10,Young Thug - Hot ft. Gunna &amp; Travis Scott [Official Music Video],Young Thug,0:28 if you were looking,3
Young Thug,Trap,leJNDpm_G10,Young Thug - Hot ft. Gunna &amp; Travis Scott [Official Music Video],Young Thug,Qui est ici pour voir si booba a copié avec dolce camara ?,1
Young Thug,Trap,leJNDpm_G10,Young Thug - Hot ft. Gunna &amp; Travis Scott [Official Music Video],Young Thug,Gunna u are my one but run when u see thug cuz wow,1
Young Thug,Trap,leJNDpm_G10,Young Thug - Hot ft. Gunna &amp; Travis Scott [Official Music Video],Young Thug,"Everything litty, I love when it's hot
Turned up the city, I
broke off the notch
Got some more millis, I keep me a knot
I created history and made me a lot
He tried to diss me and ended on Fox
We call 'em chopsticks
'cause they gonna chop
Took her out of Follies
'cause her pussy pop
I run it like Nike, we got it on lock


Cartier eye
I'm the bossman in a suit but no tie
I can't be sober, I gotta stay high
Pour me some syrup in a Canada Dry
Ridin' in the spaceship
like Bonnie and Clyde
Don't worry, baby, I keep me some fire
Shenenehs and Birkins, she cannot decide
The latest Mercedes her go-to surprise
Don't sleep on miss
lady, her pussy a prize
Dick in her back while
I'm grippin' her sides
Bigger Maybach, this ain't regular size
We really fly, we like pelican glide
Bitch, you ain't slick,
I can tell the disguise
Upgraded my wrist, put
baguettes in that Sky
She sing, I might sign her
and change her whole life
I told her to gargle
and work on her highs

Everything litty, I love when it's hot
Turned up the city, I
broke off the notch
Got some more millis, I keep me a knot
I created history and made me a lot
He tried to diss me and ended on Fox
We call 'em chopsticks
'cause they gonna chop
Took her out of Follies
'cause her pussy pop
I run it like Nike, we got it on lock

Cash, money, checks, cash
Addy, Birkin, brand new extendos
I just wanna fuck the bitch by myself
I just passed her to
the dawg like my Sprite


I took the Bentley coupe back,
then I hopped in a Cayenne (Skrrt)
I put the bitch in the front of the
Bentley, in front of the driver (Skrrt)
Ayy, man, this shit there the
weed you can't smoke in the Rolls
Royce, woah, woah (Yeah, yeah)
I'm still double cupped up, I'm
drinkin', I shoot off your tires, huh
(Doo-doo-doo-doo-doo-doo-doo-doo)
I'm in the coupe by myself
I had to kick a door when I was 5
Keep the awards on the shelf
Whole sixteen round in the fire
I'm sick and tired of these
young niggas act like they
firin', they tellin' these lies
Actin' like they the ones created this
and they get all the drip from my guys
Yeah, Cartier eyes
Cartier coat, Cartiers the watch
Cartier love, Cartier the thot

Cartier specs, buffalo on the side
Princess cut diamonds,
they Cartier, yeah
Cartier bag for the Cartier thot
Sky Wrangler coupe with
two hundred the dash
Cartier jeans, ain't no way I can sag
Ain't no way I'ma ever gon' go out bad
Man I can't go out, no way I'ma go out
I just grip on her ass and I show out
I sit like a champ and
I wait on a hold-out
I just whip up a new Chanel Patek
I whip with the wrist and
I don't break the door out
Turn the whole top floor to a whorehouse
Hundred racks in ones, dude
brought the flood out (Oh)


Cash, money, checks, cash (Ooh, ah)
Addy, Birkin, brand new extendos (Ooh)
I just wanna fuck the
bitch by myself (Ah)
I just passed her to the dawg
like my Sprite (Ooh, it's lit)

Hot like the 504 Boyz how I
move through the lobby (Hot)
Since '012, La Flame been hot just
to show you the timeframe (La Flame)
Hundred mil' down on my desk, but
I'm still up deciding (Straight up)
Match the M's in my account to the
truck in my driveway (Skrrt, skrrt)
I'm in that four-door by myself

Know it's a hundred more niggas outside
Know they gon' ride 'til the death (Ooh)
Had some good years,
ain't no way I get tired
I gotta do what I feel
Every day Super Bowl, fuck it, oh well
I put a lot on myself
In the field, Richard Mille
on like Odell (Let's go)
She slid her hand down my pants just
to grab the torpedo (Doo-doo-doo)
I had to go back and link with my slimes
like I'm thirteen and zero (It's lit)
I told her, ""Baby, this not
the remix, this a part of the
sequel"" (Part of the seq')
No, we not livin' the same, we
not makin' the same, we not
equal (No), yeah, yeah, yeah
Look, mom, I can fly
Had some troubles, put
that shit in the sky
Brought the angels, know
the devil would try
It's so hot, you thought Paris
Hilton done said it (Yeah, yeah)
When we come out, we can't help but
leave damage (Yeah, yeah, yeah)
Afterparty, Astroworld out
the planet (Yeah, yeah)
Laid the map out, but
they didn't understand it
When I'm home, know that
I fuck on a Grammy, yeah",0
Young Thug,Trap,leJNDpm_G10,Young Thug - Hot ft. Gunna &amp; Travis Scott [Official Music Video],Young Thug,"""I'm in a coupe by myself """,1
Young Thug,Trap,leJNDpm_G10,Young Thug - Hot ft. Gunna &amp; Travis Scott [Official Music Video],Young Thug,Stil hilla hot 2027,2
Young Thug,Trap,leJNDpm_G10,Young Thug - Hot ft. Gunna &amp; Travis Scott [Official Music Video],Young Thug,2026 gang,0
Young Thug,Trap,leJNDpm_G10,Young Thug - Hot ft. Gunna &amp; Travis Scott [Official Music Video],Young Thug,2026,0
Young Thug,Trap,leJNDpm_G10,Young Thug - Hot ft. Gunna &amp; Travis Scott [Official Music Video],Young Thug,Black Americans are talented,1
Young Thug,Trap,leJNDpm_G10,Young Thug - Hot ft. Gunna &amp; Travis Scott [Official Music Video],Young Thug,Alguien en mayo del 2026,0
Young Thug,Trap,leJNDpm_G10,Young Thug - Hot ft. Gunna &amp; Travis Scott [Official Music Video],Young Thug,0:28 for the ones finding the meme,2
Young Thug,Trap,leJNDpm_G10,Young Thug - Hot ft. Gunna &amp; Travis Scott [Official Music Video],Young Thug,Dolce camara de Booba 😅😅😅 partagé par Booba,1
Young Thug,Trap,leJNDpm_G10,Young Thug - Hot ft. Gunna &amp; Travis Scott [Official Music Video],Young Thug,Gunna no compétition 😮😊,0
Young Thug,Trap,leJNDpm_G10,Young Thug - Hot ft. Gunna &amp; Travis Scott [Official Music Video],Young Thug,Alguém do Brasil 2026?,0
Young Thug,Trap,leJNDpm_G10,Young Thug - Hot ft. Gunna &amp; Travis Scott [Official Music Video],Young Thug,Thank you Travis Scott for your verse 😭🔥🔥🔥,0
Young Thug,Trap,leJNDpm_G10,Young Thug - Hot ft. Gunna &amp; Travis Scott [Official Music Video],Young Thug,i invented you nihgga,0
Young Thug,Trap,leJNDpm_G10,Young Thug - Hot ft. Gunna &amp; Travis Scott [Official Music Video],Young Thug,On va leur donner xD,1
Young Thug,Trap,leJNDpm_G10,Young Thug - Hot ft. Gunna &amp; Travis Scott [Official Music Video],Young Thug,What youtuber uses this as their intro?,1
Young Thug,Trap,leJNDpm_G10,Young Thug - Hot ft. Gunna &amp; Travis Scott [Official Music Video],Young Thug,2026 gang let's rock ours here,5
Young Thug,Trap,leJNDpm_G10,Young Thug - Hot ft. Gunna &amp; Travis Scott [Official Music Video],Young Thug,🔥 🔥 🔥 2026 My new RINGTONE,2
Young Thug,Trap,leJNDpm_G10,Young Thug - Hot ft. Gunna &amp; Travis Scott [Official Music Video],Young Thug,Send hate,0
Young Thug,Trap,leJNDpm_G10,Young Thug - Hot ft. Gunna &amp; Travis Scott [Official Music Video],Young Thug,travis Scott 🎈 part,3
Young Thug,Trap,leJNDpm_G10,Young Thug - Hot ft. Gunna &amp; Travis Scott [Official Music Video],Young Thug,Who's hera in 2028,2
Young Thug,Trap,leJNDpm_G10,Young Thug - Hot ft. Gunna &amp; Travis Scott [Official Music Video],Young Thug,This is where the meme comes from?,2
Young Thug,Trap,leJNDpm_G10,Young Thug - Hot ft. Gunna &amp; Travis Scott [Official Music Video],Young Thug,"This video is pure energy 🔥 The beat goes insanely hard, and Young Thug just floats on it with that unique flow. Gunna brings smooth vibes, and Travis Scott adds that signature hype. The visuals match the track perfectly — chaotic, stylish, and unforgettable. Definitely a track you keep on repeat.",1
Young Thug,Trap,leJNDpm_G10,Young Thug - Hot ft. Gunna &amp; Travis Scott [Official Music Video],Young Thug,"every time i listen to this song, it's so hot that i can' stand it.",0
Young Thug,Trap,leJNDpm_G10,Young Thug - Hot ft. Gunna &amp; Travis Scott [Official Music Video],Young Thug,"Crazy ass beat, trash ass lyrics! I'll def slap that instrumental!!",0
Young Thug,Trap,leJNDpm_G10,Young Thug - Hot ft. Gunna &amp; Travis Scott [Official Music Video],Young Thug,"Wheezy outta here
Hot, hot, hot, hot
Hot, hot, hot, hot
Hot, hot, hot, hot (Damn)
Hot, hot, hot, hot

Everything litty, I love when it's hot
Turned up the city, I broke off the notch
Got some more millis, I keep me a knot
I created history and made me a lot (Uh)
He tried to diss me and ended on Fox
We call 'em chopsticks 'cause they gonna chop
Took her out of Follies 'cause her pussy pop
I run it like Nike, we got it on lock

Cartier eye
I'm the bossman in a suit but no tie
I can't be sober, I gotta stay high
Poured me some syrup in a Canada Dry (Uh)
Ridin' in the spaceship like Bonnie and Clyde (Uh)
Don't worry, baby, I keep me some fire
Chanaynays and Birkins, she cannot decide (Chanaynay)
The latest Mercedes her go-to surprise (Uh)
Don't sleep on miss lady, her pussy a prize
Dig in her back while I'm grippin' her sides (Hot)
Bigger Maybach, this ain't regular size
We really fly, we like pelican glide (Fly)
Bitch, you ain't slick, I can tell the disguise
Upgraded my wrist, put baguettes in that Sky (Upgrade)
She sing, I might sign her and change her whole life
I told her to gargle and work on her highs (Hey)

Everything litty, I love when it's hot
Turned up the city, I broke off the notch
Got some more millis, I keep me a knot
I created history and made me a lot (Uh)
He tried to diss me and ended on Fox
We call 'em chopsticks 'cause they gonna chop
Took her out of Follies 'cause her pussy pop (Pop)
I run it like Nike, we got it on lock

Cash, money, checks, cash
Addy, Birkin, brand new extendos
I just wanna fuck the bitch by myself
I just passed her to the dawg like my Sprite

I took the Bentley coupe back, then I hopped in a Cayenne (Skrrt)
I put the bitch in the front of the Bentley, in front of the driver (Skrrt)
Ayy, man, this synthetic weed, you can't smoke in the Rolls Royce, woah, woah (Yeah, yeah)
I'm still double cupped up, I'm drinkin', I shoot off your tires, huh (Doo-doo-doo-doo-doo-doo-doo-doo)
I'm in the coupe by myself
I had to kick a door when I was five
Keep the awards on the shelf
Whole sixteen round in the fire
I'm sick and tired of these young niggas act like they firin', they tellin' these lies
Actin' like they the ones created this and they get all the drip from my guys
Yeah, Cartier eyes
Cartier coat, Cartiers the watch
Cartier love, Cartier the thot
Cartier specs, buffalo on the side
Princess cut diamonds, they Cartier, yeah
Cartier bag for the Cartier thot
Sky Wrangler coupe with two hundred the dash
Cartier jeans, ain't no way I can sag
Ain't no way I'ma ever gon' go out bad
I can't go out, no way, I won't go out
I just grip on her ass and I show out
I sit like a champ and I wait on a hold-out
I just whip up a new Chanel Patek
I whip with the wrist and I don't break the door out
Turn the whole top floor to a whorehouse
Hundred racks in ones, dude brought the flood out

Hot like the 504 Boyz how I move through the lobby (Hot)
Since '012, La Flame been hot just to show you the timeframe (La Flame)
Hundred mil' down on my desk, but I'm still up deciding (Straight up)
Match the M's in my account to the truck in my driveway (Skrrt, skrrt)
I'm in that four-door by myself
Know it's a hundred more niggas outside
Know they gon' ride 'til the death (Ooh)
Had some good years, ain't no way I get tired
I gotta do what I feel
Every day Super Bowl, fuck it, oh well
I put a lot on myself
In the field, Richard Mille on like Odell (Let's go)
She slid her hand down my pants just to grab the torpedo (Doo-doo-doo)
I had to go back and link with my slimes like I'm thirteen and zero (It's lit)
I told her, ""Baby, this not the remix, this a part of the sequel"" (Part of the seq')
No, we not livin' the same, we not makin' the same, we not equal (No), yeah, yeah, yeah
Look, mom, I can fly
Had some troubles, put that shit in the sky
Brought the angels, know the devil would try
It's so hot, you thought Paris Hilton done said it (Yeah, yeah)
When we come out, we can't help but leave damage (Yeah, yeah, yeah)
Afterparty, Astroworld out the planet (Yeah, yeah)
Laid the map out, but they didn't understand it
When I'm home, know that I fuck on a Grammy, yeah

Hot, hot, hot, hot
Hot, hot, hot, hot
Hot, hot, hot, hot, damn
Hot, hot, hot",0
Young Thug,Trap,leJNDpm_G10,Young Thug - Hot ft. Gunna &amp; Travis Scott [Official Music Video],Young Thug,got this from gta 😂 so lit,1
Young Thug,Trap,leJNDpm_G10,Young Thug - Hot ft. Gunna &amp; Travis Scott [Official Music Video],Young Thug,Was there a snake? I saw snake.,0
Young Thug,Trap,leJNDpm_G10,Young Thug - Hot ft. Gunna &amp; Travis Scott [Official Music Video],Young Thug,Ok dexter 🔥🔥🔥🔥,1
Young Thug,Trap,leJNDpm_G10,Young Thug - Hot ft. Gunna &amp; Travis Scott [Official Music Video],Young Thug,Yeah yeah,0
Young Thug,Trap,leJNDpm_G10,Young Thug - Hot ft. Gunna &amp; Travis Scott [Official Music Video],Young Thug,Gunna still ate,0
Young Thug,Trap,leJNDpm_G10,Young Thug - Hot ft. Gunna &amp; Travis Scott [Official Music Video],Young Thug,The fact that we may never get this Collab again is EGREGIOUS.,12
Young Thug,Trap,leJNDpm_G10,Young Thug - Hot ft. Gunna &amp; Travis Scott [Official Music Video],Young Thug,0:29 writing fire ahh gif,2
Young Thug,Trap,leJNDpm_G10,Young Thug - Hot ft. Gunna &amp; Travis Scott [Official Music Video],Young Thug,EVERYTHING LITTY I LOVE WHEN ITS HOT,0
Young Thug,Trap,leJNDpm_G10,Young Thug - Hot ft. Gunna &amp; Travis Scott [Official Music Video],Young Thug,finnaly i found meme material,0
Young Thug,Trap,leJNDpm_G10,Young Thug - Hot ft. Gunna &amp; Travis Scott [Official Music Video],Young Thug,GUNNA PART HIT  HARD,1
Young Thug,Trap,leJNDpm_G10,Young Thug - Hot ft. Gunna &amp; Travis Scott [Official Music Video],Young Thug,Thug's verse is so underrated 😭,3
Young Thug,Trap,leJNDpm_G10,Young Thug - Hot ft. Gunna &amp; Travis Scott [Official Music Video],Young Thug,I heard this on gta,0
Young Thug,Trap,leJNDpm_G10,Young Thug - Hot ft. Gunna &amp; Travis Scott [Official Music Video],Young Thug,It's legit and they all GOATS ..😎,0
Young Thug,Trap,leJNDpm_G10,Young Thug - Hot ft. Gunna &amp; Travis Scott [Official Music Video],Young Thug,Happy birthday bro🎉,0
Young Thug,Trap,leJNDpm_G10,Young Thug - Hot ft. Gunna &amp; Travis Scott [Official Music Video],Young Thug,You won't play with a child again...nuns like head games don't have reading bedtime stories..,0
Young Thug,Trap,leJNDpm_G10,Young Thug - Hot ft. Gunna &amp; Travis Scott [Official Music Video],Young Thug,Yeah me,0
Young Thug,Trap,leJNDpm_G10,Young Thug - Hot ft. Gunna &amp; Travis Scott [Official Music Video],Young Thug,4/29/26 here,1
Young Thug,Trap,leJNDpm_G10,Young Thug - Hot ft. Gunna &amp; Travis Scott [Official Music Video],Young Thug,2:24 man wtf is that ad-lib 😅😂😂😂,0
Young Thug,Trap,leJNDpm_G10,Young Thug - Hot ft. Gunna &amp; Travis Scott [Official Music Video],Young Thug,GTA🎉🎉,0
Young Thug,Trap,leJNDpm_G10,Young Thug - Hot ft. Gunna &amp; Travis Scott [Official Music Video],Young Thug,2026 still pure🔥🔥🔥🔥🔥🔥🔥🔥🔥🔥🔥💯💯💯💯🥰🥰❤️❤️❤️❤️❤️,2
Young Thug,Trap,leJNDpm_G10,Young Thug - Hot ft. Gunna &amp; Travis Scott [Official Music Video],Young Thug,Coachella!,0
Young Thug,Trap,leJNDpm_G10,Young Thug - Hot ft. Gunna &amp; Travis Scott [Official Music Video],Young Thug,This song is amazing 😮 😮  its hot 🔥 when am in a bad mood I play ▶ this song 🔥,0
Young Thug,Trap,leJNDpm_G10,Young Thug - Hot ft. Gunna &amp; Travis Scott [Official Music Video],Young Thug,Hot 🥵,1
Young Thug,Trap,leJNDpm_G10,Young Thug - Hot ft. Gunna &amp; Travis Scott [Official Music Video],Young Thug,2026 SLIME,0
Young Thug,Trap,leJNDpm_G10,Young Thug - Hot ft. Gunna &amp; Travis Scott [Official Music Video],Young Thug,Why is young thug carrying an axe in a fire,0
Young Thug,Trap,leJNDpm_G10,Young Thug - Hot ft. Gunna &amp; Travis Scott [Official Music Video],Young Thug,"I'm such an idiot for taking this one for granted , but the radio do that",0
Young Thug,Trap,leJNDpm_G10,Young Thug - Hot ft. Gunna &amp; Travis Scott [Official Music Video],Young Thug,"Glo killed that verse! Mop, mop, mop! Ayee",0
Young Thug,Trap,leJNDpm_G10,Young Thug - Hot ft. Gunna &amp; Travis Scott [Official Music Video],Young Thug,if she don't like GUNNA......i don't WUNNA,2
Young Thug,Trap,leJNDpm_G10,Young Thug - Hot ft. Gunna &amp; Travis Scott [Official Music Video],Young Thug,Goated,1
Young Thug,Trap,leJNDpm_G10,Young Thug - Hot ft. Gunna &amp; Travis Scott [Official Music Video],Young Thug,Ski,0
Young Thug,Trap,leJNDpm_G10,Young Thug - Hot ft. Gunna &amp; Travis Scott [Official Music Video],Young Thug,nice,0
Young Thug,Trap,leJNDpm_G10,Young Thug - Hot ft. Gunna &amp; Travis Scott [Official Music Video],Young Thug,"Uuuhhhh 🔥🔥🔥 singers icening, song burning",1
Young Thug,Trap,leJNDpm_G10,Young Thug - Hot ft. Gunna &amp; Travis Scott [Official Music Video],Young Thug,Nice one,0
Young Thug,Trap,leJNDpm_G10,Young Thug - Hot ft. Gunna &amp; Travis Scott [Official Music Video],Young Thug,Who is here after Kaluputic… the Ethiopian 🇪🇹 new Fashion killer who used this soundtrack 1:55,0
Young Thug,Trap,leJNDpm_G10,Young Thug - Hot ft. Gunna &amp; Travis Scott [Official Music Video],Young Thug,Gunna🐸,1
Young Thug,Trap,leJNDpm_G10,Young Thug - Hot ft. Gunna &amp; Travis Scott [Official Music Video],Young Thug,Travis is hotter than an oven,0
Young Thug,Trap,leJNDpm_G10,Young Thug - Hot ft. Gunna &amp; Travis Scott [Official Music Video],Young Thug,Thug was taked for about 24 seconds just to spin the venues with firetruck,0
Young Thug,Trap,leJNDpm_G10,Young Thug - Hot ft. Gunna &amp; Travis Scott [Official Music Video],Young Thug,Here before 300mln views,0
Young Thug,Trap,leJNDpm_G10,Young Thug - Hot ft. Gunna &amp; Travis Scott [Official Music Video],Young Thug,GUNNA:IT'S LIT,1
Young Thug,Trap,leJNDpm_G10,Young Thug - Hot ft. Gunna &amp; Travis Scott [Official Music Video],Young Thug,The songs so good the house is on fire 🔥,1
Young Thug,Trap,leJNDpm_G10,Young Thug - Hot ft. Gunna &amp; Travis Scott [Official Music Video],Young Thug,Yo yo yo,0
Young Thug,Trap,leJNDpm_G10,Young Thug - Hot ft. Gunna &amp; Travis Scott [Official Music Video],Young Thug,Back in 2026 this shiiiiit ITZ LITTTTTT,15
Young Thug,Trap,leJNDpm_G10,Young Thug - Hot ft. Gunna &amp; Travis Scott [Official Music Video],Young Thug,Wsp my nigga,0
Young Thug,Trap,leJNDpm_G10,Young Thug - Hot ft. Gunna &amp; Travis Scott [Official Music Video],Young Thug,👌🏾💯...suit wit no tie 😎 00:59,0
Young Thug,Trap,leJNDpm_G10,Young Thug - Hot ft. Gunna &amp; Travis Scott [Official Music Video],Young Thug,Glad I'm here in 2026😜❤️,0
Young Thug,Trap,leJNDpm_G10,Young Thug - Hot ft. Gunna &amp; Travis Scott [Official Music Video],Young Thug,The flute instrumental is hot 🔥,2
Young Thug,Trap,leJNDpm_G10,Young Thug - Hot ft. Gunna &amp; Travis Scott [Official Music Video],Young Thug,3:53 hit a 67 before its creation 😭🥀,0
Young Thug,Trap,leJNDpm_G10,Young Thug - Hot ft. Gunna &amp; Travis Scott [Official Music Video],Young Thug,When the  flute when WEEEOWWWEEE OWEEEE  😩😩😩🪈🪈🪈 I FELT THAT,0
Young Thug,Trap,leJNDpm_G10,Young Thug - Hot ft. Gunna &amp; Travis Scott [Official Music Video],Young Thug,The Atlanta formula: 808’s high hats and adlibs,1
Young Thug,Trap,leJNDpm_G10,Young Thug - Hot ft. Gunna &amp; Travis Scott [Official Music Video],Young Thug,Boring to me,0
Young Thug,Trap,leJNDpm_G10,Young Thug - Hot ft. Gunna &amp; Travis Scott [Official Music Video],Young Thug,Travis siempre rompiendo,0
Young Thug,Trap,leJNDpm_G10,Young Thug - Hot ft. Gunna &amp; Travis Scott [Official Music Video],Young Thug,ผมเป็นคนไทยครับ 3 ตำนานโคตรชอบเลย 3 คนนี้🎉🎉🎉🎉🇹🇭🏠🎊🎊🎊🤘🤘💪💪💪💚💚🥦,0
Young Thug,Trap,leJNDpm_G10,Young Thug - Hot ft. Gunna &amp; Travis Scott [Official Music Video],Young Thug,Bro gunna in this sounds like yeat,3
Young Thug,Trap,leJNDpm_G10,Young Thug - Hot ft. Gunna &amp; Travis Scott [Official Music Video],Young Thug,"Yo, Jeff",2
Young Thug,Trap,leJNDpm_G10,Young Thug - Hot ft. Gunna &amp; Travis Scott [Official Music Video],Young Thug,Liars LOL😊,0
Young Thug,Trap,leJNDpm_G10,Young Thug - Hot ft. Gunna &amp; Travis Scott [Official Music Video],Young Thug,"""Take p out the alphabet"",peak creativity 😂😂😂...",0
Young Thug,Trap,leJNDpm_G10,Young Thug - Hot ft. Gunna &amp; Travis Scott [Official Music Video],Young Thug,3:30 It's Lit🔥🔥,0
Young Thug,Trap,leJNDpm_G10,Young Thug - Hot ft. Gunna &amp; Travis Scott [Official Music Video],Young Thug,Keep it 💯,1
Young Thug,Trap,leJNDpm_G10,Young Thug - Hot ft. Gunna &amp; Travis Scott [Official Music Video],Young Thug,I hate they fell out,0
Young Thug,Trap,leJNDpm_G10,Young Thug - Hot ft. Gunna &amp; Travis Scott [Official Music Video],Young Thug,i'm  sick of these ......,0
Young Thug,Trap,leJNDpm_G10,Young Thug - Hot ft. Gunna &amp; Travis Scott [Official Music Video],Young Thug,I watch this video I remember travel Scott,0
Young Thug,Trap,leJNDpm_G10,Young Thug - Hot ft. Gunna &amp; Travis Scott [Official Music Video],Young Thug,0:30  that one meme,0
Young Thug,Trap,leJNDpm_G10,Young Thug - Hot ft. Gunna &amp; Travis Scott [Official Music Video],Young Thug,Pe smg,0
Young Thug,Trap,leJNDpm_G10,Young Thug - Hot ft. Gunna &amp; Travis Scott [Official Music Video],Young Thug,10 Sony and jensen,0
Young Thug,Trap,leJNDpm_G10,Young Thug - Hot ft. Gunna &amp; Travis Scott [Official Music Video],Young Thug,Hot,0
Young Thug,Trap,leJNDpm_G10,Young Thug - Hot ft. Gunna &amp; Travis Scott [Official Music Video],Young Thug,Nice 2026 🇧🇷,2
Young Thug,Trap,leJNDpm_G10,Young Thug - Hot ft. Gunna &amp; Travis Scott [Official Music Video],Young Thug,Who here in 2026 April 👀,4
Young Thug,Trap,leJNDpm_G10,Young Thug - Hot ft. Gunna &amp; Travis Scott [Official Music Video],Young Thug,2026👀,0
Young Thug,Trap,leJNDpm_G10,Young Thug - Hot ft. Gunna &amp; Travis Scott [Official Music Video],Young Thug,Thank you for sharing Christmas 🎄🎁🎄🎁🎄🎁🎄🎁🎄🎁🎄🎁🎄🎁🎄🎁🎄🎁🎄🎁,1
Young Thug,Trap,leJNDpm_G10,Young Thug - Hot ft. Gunna &amp; Travis Scott [Official Music Video],Young Thug,1%song 99% gta radio,1
Young Thug,Trap,leJNDpm_G10,Young Thug - Hot ft. Gunna &amp; Travis Scott [Official Music Video],Young Thug,GUNNA kill this track 🔥🔥🔥,2
Young Thug,Trap,leJNDpm_G10,Young Thug - Hot ft. Gunna &amp; Travis Scott [Official Music Video],Young Thug,🎉🎉🎉🎉🎉FC🇹🇭🇹🇭🇹🇭🔥🔥🔥🔥💪💪🥦💚💚💚💚,0
Young Thug,Trap,leJNDpm_G10,Young Thug - Hot ft. Gunna &amp; Travis Scott [Official Music Video],Young Thug,$,1
Young Thug,Trap,leJNDpm_G10,Young Thug - Hot ft. Gunna &amp; Travis Scott [Official Music Video],Young Thug,3 on🔥,0
Young Thug,Trap,leJNDpm_G10,Young Thug - Hot ft. Gunna &amp; Travis Scott [Official Music Video],Young Thug,How come the song is for Young thug yet  Gunna  carried the song,0
Young Thug,Trap,leJNDpm_G10,Young Thug - Hot ft. Gunna &amp; Travis Scott [Official Music Video],Young Thug,0:27 best part,0
Young Thug,Trap,leJNDpm_G10,Young Thug - Hot ft. Gunna &amp; Travis Scott [Official Music Video],Young Thug,ও নাইস ওয়ান্ডারফুল ফ্যান্টাস্টিক 🇧🇩🇧🇩🇧🇩🇧🇩oh nice wonderful fantastic,0
Young Thug,Trap,leJNDpm_G10,Young Thug - Hot ft. Gunna &amp; Travis Scott [Official Music Video],Young Thug,GTA 5 gang,0
Young Thug,Trap,leJNDpm_G10,Young Thug - Hot ft. Gunna &amp; Travis Scott [Official Music Video],Young Thug,Legendary shi!!!!!✨✨✨✨,0
Young Thug,Trap,leJNDpm_G10,Young Thug - Hot ft. Gunna &amp; Travis Scott [Official Music Video],Young Thug,Yt Don't have captions for Thugger,0
Young Thug,Trap,leJNDpm_G10,Young Thug - Hot ft. Gunna &amp; Travis Scott [Official Music Video],Young Thug,😂😂😂,0
Young Thug,Trap,leJNDpm_G10,Young Thug - Hot ft. Gunna &amp; Travis Scott [Official Music Video],Young Thug,Trav killed this beat fr,0
Young Thug,Trap,leJNDpm_G10,Young Thug - Hot ft. Gunna &amp; Travis Scott [Official Music Video],Young Thug,This makes me glad I grew up in the 90s. Much better music,0
Young Thug,Trap,leJNDpm_G10,Young Thug - Hot ft. Gunna &amp; Travis Scott [Official Music Video],Young Thug,H💥T,1
Young Thug,Trap,leJNDpm_G10,Young Thug - Hot ft. Gunna &amp; Travis Scott [Official Music Video],Young Thug,2026?🔥,15
Young Thug,Trap,leJNDpm_G10,Young Thug - Hot ft. Gunna &amp; Travis Scott [Official Music Video],Young Thug,Did he mention Cartier? 😅,0
Young Thug,Trap,leJNDpm_G10,Young Thug - Hot ft. Gunna &amp; Travis Scott [Official Music Video],Young Thug,My smoke detector is going off! 😮 🔥,1
Young Thug,Trap,leJNDpm_G10,Young Thug - Hot ft. Gunna &amp; Travis Scott [Official Music Video],Young Thug,NOTHING WAS THE SAME 😅😅😅,2
Young Thug,Trap,leJNDpm_G10,Young Thug - Hot ft. Gunna &amp; Travis Scott [Official Music Video],Young Thug,Gtaaaaa,1
Young Thug,Trap,leJNDpm_G10,Young Thug - Hot ft. Gunna &amp; Travis Scott [Official Music Video],Young Thug,"Hot (remix) (feat. Gunna & Travis Scott)
Young Thug
(Wheezy outta here)

Hot, hot, hot, hot
Hot, hot, hot, hot
Hot, hot, hot, hot
Hot, hot, hot, hot

Everything litty, I love when it's hot
Turned up the city, I broke off the notch
Got some more millis, I keep me a knot
I created history and made me a lot
He tried to diss me and ended on Fox
We call them chopsticks 'cause they gonna chop
Took her out of Follies 'cause her pussy pop
I run it like Nike, we got it on lock

Cartier eye
I'm the bossman in a suit, but no tie
I can't be sober, I gotta stay high
Pour me some syrup in a Canada Dry
Ridin' in the spaceship like Bonnie and Clyde
Don't worry, baby, I keep me some fire
Shenenehs and Birkins, she cannot decide
The latest Mercedes her go-to surprise
Don't sleep on miss lady, her pussy a prize
Dick in her back while I'm grippin' her sides
Bigger Maybach, this ain't regular size
We really fly, we like pelican glide
Bitch, you ain't slick, I can tell the disguise
Upgraded my wrist, put baguettes in that Sky
She sing, I might sign her and change her whole life
I told her to gargle and work on her highs

Everything litty, I love when it's hot
Turned up the city, I broke off the notch
Got some more millis, I keep me a knot
I created history and made me a lot
He tried to diss me and ended on Fox
We call them chopsticks 'cause they gonna chop
Took her out of Follies 'cause her pussy pop
I run it like Nike, we got it on lock

Cash, money, checks, cash
Addy, Birkin, brand new extendos
I just wanna fuck the bitch by myself
I just passed her to the dawg like my Sprite

I took the Bentley coupe back, then I hopped in a Cayenne
I put the bitch in the front of the Bentley, in front of the driver
Ayy, man, this synthetic weed
You can't smoke in the Rolls-Royce, woah, woah
I'm still double cupped up, I'm drinkin', I shoot off your tires, huh

I'm in the coupe by myself
I had to kick a door when I was 5
Keep the awards on the shelf
Whole sixteen round in the fire
I'm sick and tired of these young niggas act like they firin', they tellin' these lies
Actin' like they the ones created this and they get all the drip from my guys

Yeah, Cartier eyes
Cartier coat, Cartier's the watch
Cartier love, Cartier, the thot
Cartier specs, buffalo on the side
Princess cut diamonds, they Cartier, yeah
Cartier bag for the Cartier thot
Sky Wrangler coupe with two hundred the dash
Cartier jeans, ain't no way I can sag
Ain't no way I'ma ever gon' go out bad
I can't go out, no way I'ma go out
I just grip on her ass and I show out
I sit like a champ and I wait on a hold-out
I just whip up a new Chanel Patek
I whip with the wrist and I don't break the door out
Turn the whole top floor to a whorehouse
Hundred racks in ones, dude brought the flood out (ooh)

Cash, money, checks, cash
Addy, Birkin, brand new extendos
I just wanna fuck the bitch by myself
I just passed her to the dawg like my Sprite (it's lit)

Hot like the 504 Boyz how I move through the lobby (hot)
Since '012, La Flame been hot just to show you the timeframe (La Flame)
Hundred mil' down on my desk, but I'm still up decidin' (straight up)
Match the M's in my account to the truck in my driveway

I'm in that four-door by myself
Know it's a hundred more niggas outside
Know they gon' ride 'til the death
Had some good years, ain't no way I get tired
I gotta do what I feel
Every day Super Bowl, fuck it, oh, well
I put a lot on myself
In the field, Richard Mille on like Odell (let's go)

She slid her hand down my pants just to grab the torpedo
I had to go back and link with my slimes like I'm thirteen and zero (it's lit)
I told her: Baby, this not the remix, this a part of the sequel (part of the seq')
No, we not livin' the same, we not makin' the same, we not equal (no)
Yah, yah, yah

Look, mom, I can fly
Had some troubles, put that shit in the sky
Brought the angels, know the devil would try
It's so hot, you thought Paris Hilton done said it (yeah, yeah)
When we come out, we can't help but leave damage (yeah, yeah, yeah)
Afterparty, Astroworld out the planet (yeah, yeah)
Laid the map out, but they didn't understand it
When I'm home, know that I fuck on a Grammy, yeah

Hot, hot, hot, hot
Hot, hot, hot, hot
Hot, hot, hot, hot, damn
Hot, hot, hot, hot

Written by: Young Thug, Travis Scott, Gunna, Wheezy.
Sent by Nunx
.
Subtitled by Gonçalo.
Revised by Alexia.
Did you see an error? Send us your revision.



More songs by Young Thug
Hot (remix) (feat. Gunna & Travis Scott)
Options
Pick Up the Phone (feat. Travi$ Scott)
Options
Hot (feat. Gunna)
O",0
Young Thug,Trap,leJNDpm_G10,Young Thug - Hot ft. Gunna &amp; Travis Scott [Official Music Video],Young Thug,Young thog 2:07 🔥,0
Young Thug,Trap,leJNDpm_G10,Young Thug - Hot ft. Gunna &amp; Travis Scott [Official Music Video],Young Thug,I hope it will be like the lady gaga update and btw in the emot i hope it will be gabriela 🤞🤞🤞,0
Young Thug,Trap,leJNDpm_G10,Young Thug - Hot ft. Gunna &amp; Travis Scott [Official Music Video],Young Thug,No matter the year this songs still banger 🔥🔥🔥🔥,0
Young Thug,Trap,leJNDpm_G10,Young Thug - Hot ft. Gunna &amp; Travis Scott [Official Music Video],Young Thug,Meus sinceros foda se,0
Young Thug,Trap,leJNDpm_G10,Young Thug - Hot ft. Gunna &amp; Travis Scott [Official Music Video],Young Thug,Who’s here after Coachella 🔥,4
Young Thug,Trap,leJNDpm_G10,Young Thug - Hot ft. Gunna &amp; Travis Scott [Official Music Video],Young Thug,😂🇳🇦,0
Young Thug,Trap,leJNDpm_G10,Young Thug - Hot ft. Gunna &amp; Travis Scott [Official Music Video],Young Thug,نغمات التي يستمله Barry tube,1
Young Thug,Trap,leJNDpm_G10,Young Thug - Hot ft. Gunna &amp; Travis Scott [Official Music Video],Young Thug,Hot😊 w 🔥🔥🔥🔥🔥🔥👑👑👑,2
Young Thug,Trap,leJNDpm_G10,Young Thug - Hot ft. Gunna &amp; Travis Scott [Official Music Video],Young Thug,Rip leggenda,1
Young Thug,Trap,leJNDpm_G10,Young Thug - Hot ft. Gunna &amp; Travis Scott [Official Music Video],Young Thug,Cartier thot I felt that,1
Young Thug,Trap,leJNDpm_G10,Young Thug - Hot ft. Gunna &amp; Travis Scott [Official Music Video],Young Thug,It’s lit,1
Young Thug,Trap,leJNDpm_G10,Young Thug - Hot ft. Gunna &amp; Travis Scott [Official Music Video],Young Thug,The most aura in a song,1
Young Thug,Trap,leJNDpm_G10,Young Thug - Hot ft. Gunna &amp; Travis Scott [Official Music Video],Young Thug,Young thug🔥🔥,1
Young Thug,Trap,leJNDpm_G10,Young Thug - Hot ft. Gunna &amp; Travis Scott [Official Music Video],Young Thug,At this point ima disappointed in young thug and gunna equally for not fixing this ish man,1
Young Thug,Trap,leJNDpm_G10,Young Thug - Hot ft. Gunna &amp; Travis Scott [Official Music Video],Young Thug,Its 2026,1
Young Thug,Trap,leJNDpm_G10,Young Thug - Hot ft. Gunna &amp; Travis Scott [Official Music Video],Young Thug,"How comes it ain't reached 1B views, it's already HOT 🔥 🔥",2
Young Thug,Trap,leJNDpm_G10,Young Thug - Hot ft. Gunna &amp; Travis Scott [Official Music Video],Young Thug,this flute😭0:44,4
Young Thug,Trap,leJNDpm_G10,Young Thug - Hot ft. Gunna &amp; Travis Scott [Official Music Video],Young Thug,"This song hit different when one of yo homies gone.

Can't deny Young Thug  been in his bag since day one, but that AUTHENTIC VIEWS DAWT CAWM boost is on another level! Dude’s literally unstoppable now. 🔥💥",3
Young Thug,Trap,leJNDpm_G10,Young Thug - Hot ft. Gunna &amp; Travis Scott [Official Music Video],Young Thug,ALGUÉM 2026 🇧🇷🇧🇷🇧🇷,3
Young Thug,Trap,leJNDpm_G10,Young Thug - Hot ft. Gunna &amp; Travis Scott [Official Music Video],Young Thug,Won’t lie it’s hard to listen to thug and gunna now,1
Young Thug,Trap,leJNDpm_G10,Young Thug - Hot ft. Gunna &amp; Travis Scott [Official Music Video],Young Thug,smoking my joint while felling this joint damnnnnnnnnnnn,1
Young Thug,Trap,leJNDpm_G10,Young Thug - Hot ft. Gunna &amp; Travis Scott [Official Music Video],Young Thug,"I created history and made me a lot
He tried to diss me and ended on Fox",2
Young Thug,Trap,leJNDpm_G10,Young Thug - Hot ft. Gunna &amp; Travis Scott [Official Music Video],Young Thug,IFruit radio on top,3
Young Thug,Trap,leJNDpm_G10,Young Thug - Hot ft. Gunna &amp; Travis Scott [Official Music Video],Young Thug,Hey son what you listening to :gta,1
Young Thug,Trap,leJNDpm_G10,Young Thug - Hot ft. Gunna &amp; Travis Scott [Official Music Video],Young Thug,The beat of this song is too powerful. Kudos to the beatmaker.,5
Young Thug,Trap,leJNDpm_G10,Young Thug - Hot ft. Gunna &amp; Travis Scott [Official Music Video],Young Thug,"This Young Thug guy is good, wish someone could create English versions of his songs",2
Young Thug,Trap,leJNDpm_G10,Young Thug - Hot ft. Gunna &amp; Travis Scott [Official Music Video],Young Thug,"When travis said ""ooooooooooooooooaaaaaaaaaaaaaaa......... OOOOOOOOOOOOOOO👽👽👽👽👽👽👽👽🤖🤖🤖🤖🤖🤖🤖"" i felt it",3
Young Thug,Trap,leJNDpm_G10,Young Thug - Hot ft. Gunna &amp; Travis Scott [Official Music Video],Young Thug,"""Heyarjuayinamia"" hits different🗣️🗣️",1
Young Thug,Trap,leJNDpm_G10,Young Thug - Hot ft. Gunna &amp; Travis Scott [Official Music Video],Young Thug,Jusqu'à 2028 je vais écouter ❤❤,1
Young Thug,Trap,leJNDpm_G10,Young Thug - Hot ft. Gunna &amp; Travis Scott [Official Music Video],Young Thug,No Panicans 🤫🇮🇱🇺🇸,1
Young Thug,Trap,leJNDpm_G10,Young Thug - Hot ft. Gunna &amp; Travis Scott [Official Music Video],Young Thug,Gta ppl understand,2
Young Thug,Trap,leJNDpm_G10,Young Thug - Hot ft. Gunna &amp; Travis Scott [Official Music Video],Young Thug,2026 and am still here,3
Young Thug,Trap,leJNDpm_G10,Young Thug - Hot ft. Gunna &amp; Travis Scott [Official Music Video],Young Thug,Still Here Haters!,5
Young Thug,Trap,leJNDpm_G10,Young Thug - Hot ft. Gunna &amp; Travis Scott [Official Music Video],Young Thug,Gta5 copied your music,2
Young Thug,Trap,leJNDpm_G10,Young Thug - Hot ft. Gunna &amp; Travis Scott [Official Music Video],Young Thug,2026?! Hot fr!!!!!!,4
Young Thug,Trap,leJNDpm_G10,Young Thug - Hot ft. Gunna &amp; Travis Scott [Official Music Video],Young Thug,3:53 o Travis manda um sixseven,2
Young Thug,Trap,leJNDpm_G10,Young Thug - Hot ft. Gunna &amp; Travis Scott [Official Music Video],Young Thug,"Nessa musica ate hoje eu não consigo falar quem levou quem, essa musica é uma relikia😊",2
Young Thug,Trap,leJNDpm_G10,Young Thug - Hot ft. Gunna &amp; Travis Scott [Official Music Video],Young Thug,So this is where the meme came from??,2
Young Thug,Trap,leJNDpm_G10,Young Thug - Hot ft. Gunna &amp; Travis Scott [Official Music Video],Young Thug,Hot nest songs in 2020,2
Young Thug,Trap,leJNDpm_G10,Young Thug - Hot ft. Gunna &amp; Travis Scott [Official Music Video],Young Thug,4/8/2026,3
Young Thug,Trap,leJNDpm_G10,Young Thug - Hot ft. Gunna &amp; Travis Scott [Official Music Video],Young Thug,Wooooow🎉,1
Young Thug,Trap,leJNDpm_G10,Young Thug - Hot ft. Gunna &amp; Travis Scott [Official Music Video],Young Thug,My kids will like this song in 2036 I swear.,3
Young Thug,Trap,leJNDpm_G10,Young Thug - Hot ft. Gunna &amp; Travis Scott [Official Music Video],Young Thug,Still to this day one of the dopest beat on planet Earth,2
Young Thug,Trap,leJNDpm_G10,Young Thug - Hot ft. Gunna &amp; Travis Scott [Official Music Video],Young Thug,ITS LIT! 2026!,2
Young Thug,Trap,leJNDpm_G10,Young Thug - Hot ft. Gunna &amp; Travis Scott [Official Music Video],Young Thug,One of favorite song lyrics 🔥🔥,1
Young Thug,Trap,leJNDpm_G10,Young Thug - Hot ft. Gunna &amp; Travis Scott [Official Music Video],Young Thug,2026 🇧🇷🔥,1
Young Thug,Trap,leJNDpm_G10,Young Thug - Hot ft. Gunna &amp; Travis Scott [Official Music Video],Young Thug,какой смысл от куплета трэвиса? это тупо перепетый куплет тага,2
Young Thug,Trap,leJNDpm_G10,Young Thug - Hot ft. Gunna &amp; Travis Scott [Official Music Video],Young Thug,Slime❤,0
Young Thug,Trap,leJNDpm_G10,Young Thug - Hot ft. Gunna &amp; Travis Scott [Official Music Video],Young Thug,Hi👌,0
Young Thug,Trap,leJNDpm_G10,Young Thug - Hot ft. Gunna &amp; Travis Scott [Official Music Video],Young Thug,Anyone here before the ww3,0
Young Thug,Trap,leJNDpm_G10,Young Thug - Hot ft. Gunna &amp; Travis Scott [Official Music Video],Young Thug,Gta also have this song,0
Young Thug,Trap,leJNDpm_G10,Young Thug - Hot ft. Gunna &amp; Travis Scott [Official Music Video],Young Thug,Wintertodt vibes.,0
Young Thug,Trap,leJNDpm_G10,Young Thug - Hot ft. Gunna &amp; Travis Scott [Official Music Video],Young Thug,I cannot stay sober i gotta stay high,1
Young Thug,Trap,leJNDpm_G10,Young Thug - Hot ft. Gunna &amp; Travis Scott [Official Music Video],Young Thug,💯💯💯,1
Young Thug,Trap,leJNDpm_G10,Young Thug - Hot ft. Gunna &amp; Travis Scott [Official Music Video],Young Thug,Gsda2aeaewwqwwqaaawaAQ IN QQQQQQQWWW 2WD TO IN W QQQQQEEE EEEE I CAN GET ❤ GDDDDD E,1
Young Thug,Trap,leJNDpm_G10,Young Thug - Hot ft. Gunna &amp; Travis Scott [Official Music Video],Young Thug,"We're everybody at in 2026😤😀,y'all here with me?",4
Young Thug,Trap,leJNDpm_G10,Young Thug - Hot ft. Gunna &amp; Travis Scott [Official Music Video],Young Thug,"Everything litty I keep me a fire, I love whn it's hot 🔥😍🥵💘😅😂❤👀💥👿❤️‍🔥💯",1
Young Thug,Trap,leJNDpm_G10,Young Thug - Hot ft. Gunna &amp; Travis Scott [Official Music Video],Young Thug,Wheezy out of here,1
Young Thug,Trap,leJNDpm_G10,Young Thug - Hot ft. Gunna &amp; Travis Scott [Official Music Video],Young Thug,Yes,2
Young Thug,Trap,leJNDpm_G10,Young Thug - Hot ft. Gunna &amp; Travis Scott [Official Music Video],Young Thug,Valeu gunna🎉,2
Young Thug,Trap,leJNDpm_G10,Young Thug - Hot ft. Gunna &amp; Travis Scott [Official Music Video],Young Thug,26 still vibin,1
Young Thug,Trap,leJNDpm_G10,Young Thug - Hot ft. Gunna &amp; Travis Scott [Official Music Video],Young Thug,My Favorite Song in GTA 5,2
Young Thug,Trap,leJNDpm_G10,Young Thug - Hot ft. Gunna &amp; Travis Scott [Official Music Video],Young Thug,Who's here today?,6
Young Thug,Trap,leJNDpm_G10,Young Thug - Hot ft. Gunna &amp; Travis Scott [Official Music Video],Young Thug,Even after all this time it still hits like crazy in 2026. 🙌🙌🙌🙌,2
Young Thug,Trap,leJNDpm_G10,Young Thug - Hot ft. Gunna &amp; Travis Scott [Official Music Video],Young Thug,Ohh I here this 273 years ago😅,1
Young Thug,Trap,leJNDpm_G10,Young Thug - Hot ft. Gunna &amp; Travis Scott [Official Music Video],Young Thug,"Canción: Young Thug - Hot ft. Gunna & Travis Scott

Juego: Injustice 2 (Es la pose de victoria del doctor destino)",3
Young Thug,Trap,leJNDpm_G10,Young Thug - Hot ft. Gunna &amp; Travis Scott [Official Music Video],Young Thug,T Scott tripped on dis 1,1
Young Thug,Trap,leJNDpm_G10,Young Thug - Hot ft. Gunna &amp; Travis Scott [Official Music Video],Young Thug,3:39 LA FLAME 🔥🥵😬,1
Young Thug,Trap,leJNDpm_G10,Young Thug - Hot ft. Gunna &amp; Travis Scott [Official Music Video],Young Thug,これなんて名前のビートかわかる？,1
Young Thug,Trap,leJNDpm_G10,Young Thug - Hot ft. Gunna &amp; Travis Scott [Official Music Video],Young Thug,🇧🇷gang abril 2026,1
Young Thug,Trap,leJNDpm_G10,Young Thug - Hot ft. Gunna &amp; Travis Scott [Official Music Video],Young Thug,🔥🇧🇷,1
Young Thug,Trap,leJNDpm_G10,Young Thug - Hot ft. Gunna &amp; Travis Scott [Official Music Video],Young Thug,Chileeeeeee,1
Young Thug,Trap,leJNDpm_G10,Young Thug - Hot ft. Gunna &amp; Travis Scott [Official Music Video],Young Thug,"Level instance on character tip of pity pance is glance of mis intent of chance wander correct the kit of seed in trance build
 of the egg of devil soilication of affect tryouts in slim in negotiations peer in inside of act of ugly it ..",1
Young Thug,Trap,leJNDpm_G10,Young Thug - Hot ft. Gunna &amp; Travis Scott [Official Music Video],Young Thug,"""IT'S LIT"" 🗣🔥🔥🔥",3
Young Thug,Trap,leJNDpm_G10,Young Thug - Hot ft. Gunna &amp; Travis Scott [Official Music Video],Young Thug,The flute goin crazy,2
Young Thug,Trap,leJNDpm_G10,Young Thug - Hot ft. Gunna &amp; Travis Scott [Official Music Video],Young Thug,Not even the cc know what young thug is saying,1
Young Thug,Trap,leJNDpm_G10,Young Thug - Hot ft. Gunna &amp; Travis Scott [Official Music Video],Young Thug,What if all those ppl where sacrifice so this song would so katchy to play over and over again like they are part of the illuminate like I think about it now that Hollywoods darkest secrets are being exposed today or am I just trippin,1
Young Thug,Trap,leJNDpm_G10,Young Thug - Hot ft. Gunna &amp; Travis Scott [Official Music Video],Young Thug,I think Travis Scott should feature mo bamba,1
Young Thug,Trap,leJNDpm_G10,Young Thug - Hot ft. Gunna &amp; Travis Scott [Official Music Video],Young Thug,Nasa a snail in the spoof of mood,1
Young Thug,Trap,leJNDpm_G10,Young Thug - Hot ft. Gunna &amp; Travis Scott [Official Music Video],Young Thug,Non thinkative in the apology desired in unfamiliar,1
Young Thug,Trap,leJNDpm_G10,Young Thug - Hot ft. Gunna &amp; Travis Scott [Official Music Video],Young Thug,Textbooks is slim chance of offense fool in changes of situations goal to react to though of contemplation not granted by stale wanting reaction in manifestation,1
Young Thug,Trap,leJNDpm_G10,Young Thug - Hot ft. Gunna &amp; Travis Scott [Official Music Video],Young Thug,Whole lot of actions involved in cannibilism is whorenin case shredded untill the reveal of confliction is identified is the act of sacrifice regretted,1
Young Thug,Trap,leJNDpm_G10,Young Thug - Hot ft. Gunna &amp; Travis Scott [Official Music Video],Young Thug,Switch ways talking is chase of innocence attention to stroke the bait of attached in assigned,1
Young Thug,Trap,leJNDpm_G10,Young Thug - Hot ft. Gunna &amp; Travis Scott [Official Music Video],Young Thug,Lms if you wanna see thug n gunna reunite,1
Young Thug,Trap,leJNDpm_G10,Young Thug - Hot ft. Gunna &amp; Travis Scott [Official Music Video],Young Thug,Any 1 on 1st Epulo fuu 26 😅,2
Young Thug,Trap,leJNDpm_G10,Young Thug - Hot ft. Gunna &amp; Travis Scott [Official Music Video],Young Thug,2026 who is here,2
Young Thug,Trap,leJNDpm_G10,Young Thug - Hot ft. Gunna &amp; Travis Scott [Official Music Video],Young Thug,Payers act of divulgence is sins strps in affidavit for chair strps acts of innocence partske for grieving condolences to act as the nooke of similar in instance change and shyt.,1
Young Thug,Trap,leJNDpm_G10,Young Thug - Hot ft. Gunna &amp; Travis Scott [Official Music Video],Young Thug,Time frame is mirrors eating forr of wrecked chances in sin for evil intent in numbers,0
Young Thug,Trap,leJNDpm_G10,Young Thug - Hot ft. Gunna &amp; Travis Scott [Official Music Video],Young Thug,Valor spindlers is worries of watching and shyt..,1
Young Thug,Trap,leJNDpm_G10,Young Thug - Hot ft. Gunna &amp; Travis Scott [Official Music Video],Young Thug,"[Intro: Gunna]
Wheezy outta here
Hot, hot, hot, hot
Hot, hot, hot, hot
Hot, hot, hot, hot
Hot, hot, hot, hot

[Chorus: Gunna]
Everything litty, I love when it's hot
Turned up the city, I broke off the notch
Got some more millis, I keep me a knot
I created history and made me a lot
He tried to diss me and ended on Fox
We call 'em chopsticks 'cause they gonna chop
Took her out of Follies 'cause her pussy pop
I run it like Nike, we got it on lock

[Verse 1: Gunna]
Cartier eye
I'm the bossman in a suit but no tie
I can't be sober, I gotta stay high
Pour me some syrup in a Canada Dry
Ridin' in the spaceship like Bonnie and Clyde
Don't worry, baby, I keep me some fire
Shenenehs and Birkins, she cannot decide
The latest Mercedes her go-to surprise
Don't sleep on miss lady, her pussy a prize
Dick in her back while I'm grippin' her sides
Bigger Maybach, this ain't regular size
We really fly, we like pelican glide
Bitch, you ain't slick, I can tell the disguise
Upgraded my wrist, put baguettes in that Sky
She sing, I might sign her and change her whole life
I told her to gargle and work on her highs
See Young Thug Live
Get tickets as low as $905

[Chorus: Gunna]
Everything litty, I love when it's hot
Turned up the city, I broke off the notch
Got some more millis, I keep me a knot
I created history and made me a lot
He tried to diss me and ended on Fox
We call 'em chopsticks 'cause they gonna chop
Took her out of Follies 'cause her pussy pop
I run it like Nike, we got it on lock

[Interlude: Young Thug]
Cash, money, checks, cash
Addy, Birkin, brand new extendos
I just wanna fuck the bitch by myself
I just passed her to the dawg like my Sprite

[Verse 2: Young Thug]
I took the Bentley coupe back, then I hopped in a Cayenne (Skrrt)
I put the bitch in the front of the Bentley, in front of the driver (Skrrt)
Ayy, man, this synthetic weed, you can't smoke in the Rolls Royce, woah, woah (Yeah, yeah)
I'm still double cupped up, I'm drinkin', I shoot off your tires, huh (Doo-doo-doo-doo-doo-doo-doo-doo)
I'm in the coupe by myself
I had to kick a door when I was 5
Keep the awards on the shelf
Whole sixteen round in the fire
I'm sick and tired of these young niggas act like they firin', they tellin' these lies
Actin' like they the ones created this and they get all the drip from my guys
Yeah, Cartier eyes
Cartier coat, Cartiers the watch
Cartier love, Cartier the thot
Cartier specs, buffalo on the side
Princess cut diamonds, they Cartier, yeah
Cartier bag for the Cartier thot
Sky Wrangler coupe with two hundred the dash
Cartier jeans, ain't no way I can sag
Ain't no way I'ma ever gon' go out bad
I can't go out, no way I'ma go out
I just grip on her ass and I show out
I sit like a champ and I wait on a hold-out
I just whip up a new Chanel Patek
I whip with the wrist and I don't break the door out
Turn the whole top floor to a whorehouse
Hundred racks in ones, dude brought the flood out (Oh)

[Interlude: Young Thug & Travis Scott]
Cash, money, checks, cash (Ooh, ah)
Addy, Birkin, brand new extendos (Ooh)
I just wanna fuck the bitch by myself (Ah)
I just passed her to the dawg like my Sprite (Ooh, it's lit)

[Verse 3: Travis Scott]
Hot like the 504 Boyz how I move through the lobby (Hot)
Since '012, La Flame been hot just to show you the timeframe (La Flame)
Hundred mil' down on my desk, but I'm still up deciding (Straight up)
Match the M's in my account to the truck in my driveway (Skrrt, skrrt)
I'm in that four-door by myself
Know it's a hundred more niggas outside
Know they gon' ride 'til the death (Ooh)
Had some good years, ain't no way I get tired
I gotta do what I feel
Every day Super Bowl, fuck it, oh well
I put a lot on myself
In the field, Richard Mille on like Odell (Let's go)
She slid her hand down my pants just to grab the torpedo (Doo-doo-doo)
I had to go back and link with my slimes like I'm thirteen and zero (It's lit)
I told her, ""Baby, this not the remix, this a part of the sequel"" (Part of the seq')
No, we not livin' the same, we not makin' the same, we not equal (No), yeah, yeah, yeah
Look, mom, I can fly
Had some troubles, put that shit in the sky
Brought the angels, know the devil would try
It's so hot, you thought Paris Hilton done said it (Yeah, yeah)
When we come out, we can't help but leave damage (Yeah, yeah, yeah)
Afterparty, Astroworld out the planet (Yeah, yeah)
Laid the map out, but they didn't understand it
When I'm home, know that I fuck on a Grammy, yeah

[Outro: Gunna]
Hot, hot, hot, hot
Hot, hot, hot, hot
Hot, hot, hot, hot, damn
Hot, hot, hot, hot",1
Young Thug,Trap,leJNDpm_G10,Young Thug - Hot ft. Gunna &amp; Travis Scott [Official Music Video],Young Thug,3:23 la entrada brutal Travis Scott ❤🎉🎉🎉,5
Young Thug,Trap,leJNDpm_G10,Young Thug - Hot ft. Gunna &amp; Travis Scott [Official Music Video],Young Thug,"I’m a huge Travis Scott fan and in some of Travis Scott’s songs he has featured young thug and young thug seems good so I want to try/listen to young thug’s songs and see if I like any of them. Can young thug’s fans reply to my comment and tell me which songs of his are good that I should listen to (besides hot remix, I’ve already heard that)
⬇️",2
Young Thug,Trap,leJNDpm_G10,Young Thug - Hot ft. Gunna &amp; Travis Scott [Official Music Video],Young Thug,Lay3tik s7a,1
Young Thug,Trap,leJNDpm_G10,Young Thug - Hot ft. Gunna &amp; Travis Scott [Official Music Video],Young Thug,Where are you Travis gave me location 😅,0
Young Thug,Trap,leJNDpm_G10,Young Thug - Hot ft. Gunna &amp; Travis Scott [Official Music Video],Young Thug,Travis unlocking superpowers,3
Young Thug,Trap,leJNDpm_G10,Young Thug - Hot ft. Gunna &amp; Travis Scott [Official Music Video],Young Thug,🤞🏿✊🏿,1
Young Thug,Trap,leJNDpm_G10,Young Thug - Hot ft. Gunna &amp; Travis Scott [Official Music Video],Young Thug,Travis ruined the song.🤣,0
Young Thug,Trap,leJNDpm_G10,Young Thug - Hot ft. Gunna &amp; Travis Scott [Official Music Video],Young Thug,"3:30 _ Bro Travis, you're burning 
Travis: It's lit, nigga",1
Young Thug,Trap,leJNDpm_G10,Young Thug - Hot ft. Gunna &amp; Travis Scott [Official Music Video],Young Thug,I never left 🎊🎊🎊🎊🔥🔥🔥🔥🔥🔥🔥🎊🎊❤️❤️❤️❤️,4
Young Thug,Trap,leJNDpm_G10,Young Thug - Hot ft. Gunna &amp; Travis Scott [Official Music Video],Young Thug,❤❤❤❤,0
Young Thug,Trap,leJNDpm_G10,Young Thug - Hot ft. Gunna &amp; Travis Scott [Official Music Video],Young Thug,3:07 3:09 Slatt😂😭,1
Young Thug,Trap,leJNDpm_G10,Young Thug - Hot ft. Gunna &amp; Travis Scott [Official Music Video],Young Thug,When all the smart kids in the class do a project!,0
Young Thug,Trap,leJNDpm_G10,Young Thug - Hot ft. Gunna &amp; Travis Scott [Official Music Video],Young Thug,"3:39 
LA FLAME🗣️🗣️🗣️🔥🔥🔥",0
Young Thug,Trap,leJNDpm_G10,Young Thug - Hot ft. Gunna &amp; Travis Scott [Official Music Video],Young Thug,1:53 SLIME FORCE🗣️🗣️🗣️🗣️,0
Young Thug,Trap,leJNDpm_G10,Young Thug - Hot ft. Gunna &amp; Travis Scott [Official Music Video],Young Thug,What happened 😢,1
Young Thug,Trap,leJNDpm_G10,Young Thug - Hot ft. Gunna &amp; Travis Scott [Official Music Video],Young Thug,APOYANDO DESDE RD 🇩🇴,0
Young Thug,Trap,leJNDpm_G10,Young Thug - Hot ft. Gunna &amp; Travis Scott [Official Music Video],Young Thug,2026 here am listening at my birthday 🎉🎉,1
Young Thug,Trap,leJNDpm_G10,Young Thug - Hot ft. Gunna &amp; Travis Scott [Official Music Video],Young Thug,Wunna,0
Young Thug,Trap,leJNDpm_G10,Young Thug - Hot ft. Gunna &amp; Travis Scott [Official Music Video],Young Thug,Producer tags just get me,1
Young Thug,Trap,leJNDpm_G10,Young Thug - Hot ft. Gunna &amp; Travis Scott [Official Music Video],Young Thug,Big 26 and this song ain't Cool off it's still HOT,0
Young Thug,Trap,leJNDpm_G10,Young Thug - Hot ft. Gunna &amp; Travis Scott [Official Music Video],Young Thug,Hĳggbv cc ffffffffff trfvf fv😢,0
Young Thug,Trap,leJNDpm_G10,Young Thug - Hot ft. Gunna &amp; Travis Scott [Official Music Video],Young Thug,"What exactly did they mean when they were chanting ""Move Now"" see when I do, I'll be gone already! Lol. Uua Assoc KY. Natalie T. LA.",0
Young Thug,Trap,leJNDpm_G10,Young Thug - Hot ft. Gunna &amp; Travis Scott [Official Music Video],Young Thug,Who came just to listen to thugs intro🔥🔥🔥,1
Young Thug,Trap,leJNDpm_G10,Young Thug - Hot ft. Gunna &amp; Travis Scott [Official Music Video],Young Thug,0:28 this where it comes from,9
Young Thug,Trap,leJNDpm_G10,Young Thug - Hot ft. Gunna &amp; Travis Scott [Official Music Video],Young Thug,2026,0
Young Thug,Trap,leJNDpm_G10,Young Thug - Hot ft. Gunna &amp; Travis Scott [Official Music Video],Young Thug,Travis Scott kill everything 😊,1
Young Thug,Trap,leJNDpm_G10,Young Thug - Hot ft. Gunna &amp; Travis Scott [Official Music Video],Young Thug,M mm n. Nn ❤😊,0
Young Thug,Trap,leJNDpm_G10,Young Thug - Hot ft. Gunna &amp; Travis Scott [Official Music Video],Young Thug,Travis forgot to look up at the end lol,0
Young Thug,Trap,leJNDpm_G10,Young Thug - Hot ft. Gunna &amp; Travis Scott [Official Music Video],Young Thug,Travis Scott did look up he just did for a second,0
Young Thug,Trap,leJNDpm_G10,Young Thug - Hot ft. Gunna &amp; Travis Scott [Official Music Video],Young Thug,Minority .o1 vs 99percentage dna results for strategy acts intendedly motiivated for strength testing suggests sabatoge sacrificed is rejected to support begging..seems messaging projected from video presented.,0
Young Thug,Trap,leJNDpm_G10,Young Thug - Hot ft. Gunna &amp; Travis Scott [Official Music Video],Young Thug,2026🎉,0
Young Thug,Trap,leJNDpm_G10,Young Thug - Hot ft. Gunna &amp; Travis Scott [Official Music Video],Young Thug,🙀🔥🔥🔥🔥,0
Young Thug,Trap,leJNDpm_G10,Young Thug - Hot ft. Gunna &amp; Travis Scott [Official Music Video],Young Thug,Who is here 2026🎉,1
Young Thug,Trap,leJNDpm_G10,Young Thug - Hot ft. Gunna &amp; Travis Scott [Official Music Video],Young Thug,@youngthug this song so good no glaze,0
Young Thug,Trap,leJNDpm_G10,Young Thug - Hot ft. Gunna &amp; Travis Scott [Official Music Video],Young Thug,Fahhhhh  🗣️🗣️🗣️ 0:07,1
Young Thug,Trap,leJNDpm_G10,Young Thug - Hot ft. Gunna &amp; Travis Scott [Official Music Video],Young Thug,Young Thug 🔥🔥,0
Young Thug,Trap,leJNDpm_G10,Young Thug - Hot ft. Gunna &amp; Travis Scott [Official Music Video],Young Thug,Pamphlet,0
Young Thug,Trap,leJNDpm_G10,Young Thug - Hot ft. Gunna &amp; Travis Scott [Official Music Video],Young Thug,The song is already 🔥,2
Young Thug,Trap,leJNDpm_G10,Young Thug - Hot ft. Gunna &amp; Travis Scott [Official Music Video],Young Thug,house was burning and thug came to save Gunna..too bad for their friendship now..sometimes the ones u love most betray you  and u gotta accept and move on,0
Young Thug,Trap,leJNDpm_G10,Young Thug - Hot ft. Gunna &amp; Travis Scott [Official Music Video],Young Thug,Dirisimoos ete video❤❤❤❤❤❤😂😂😂🎉🎉🎉🎉🎉😊😊😊😊😊,0
Young Thug,Trap,leJNDpm_G10,Young Thug - Hot ft. Gunna &amp; Travis Scott [Official Music Video],Young Thug,Anyone still here 2026?❤,0
Young Thug,Trap,leJNDpm_G10,Young Thug - Hot ft. Gunna &amp; Travis Scott [Official Music Video],Young Thug,I own u.,1
Young Thug,Trap,leJNDpm_G10,Young Thug - Hot ft. Gunna &amp; Travis Scott [Official Music Video],Young Thug,🔥🔥🔥,0
Young Thug,Trap,leJNDpm_G10,Young Thug - Hot ft. Gunna &amp; Travis Scott [Official Music Video],Young Thug,Young thug voice crazy fire 🔥🔥🔥,6
Young Thug,Trap,leJNDpm_G10,Young Thug - Hot ft. Gunna &amp; Travis Scott [Official Music Video],Young Thug,I'm here,0
Young Thug,Trap,leJNDpm_G10,Young Thug - Hot ft. Gunna &amp; Travis Scott [Official Music Video],Young Thug,Who's here march 2026,1
Young Thug,Trap,leJNDpm_G10,Young Thug - Hot ft. Gunna &amp; Travis Scott [Official Music Video],Young Thug,42,0
Young Thug,Trap,leJNDpm_G10,Young Thug - Hot ft. Gunna &amp; Travis Scott [Official Music Video],Young Thug,"Cash money, checks, cash
Addy, birkin, bring the bytch sandals 
I just wanna fyck the bytch by myself
I just passed her to my dawg like my sprite (beginning of thug verse)",1
Young Thug,Trap,leJNDpm_G10,Young Thug - Hot ft. Gunna &amp; Travis Scott [Official Music Video],Young Thug,ITZ LIT,0
Young Thug,Trap,leJNDpm_G10,Young Thug - Hot ft. Gunna &amp; Travis Scott [Official Music Video],Young Thug,Gunna +young thug =🔥🔥🔥🔥,1
Young Thug,Trap,leJNDpm_G10,Young Thug - Hot ft. Gunna &amp; Travis Scott [Official Music Video],Young Thug,We here,4
Young Thug,Trap,leJNDpm_G10,Young Thug - Hot ft. Gunna &amp; Travis Scott [Official Music Video],Young Thug,🤯🤯🤯,0
Young Thug,Trap,leJNDpm_G10,Young Thug - Hot ft. Gunna &amp; Travis Scott [Official Music Video],Young Thug,Im burning 🔥🔥🔥🔥🔥🔥🔥🔥🔥🔥🔥🔥🪦🪦⚰️⚰️🪦🪦🪦☠️☠️☠️☠️☠️🔥🔥🔥🔥🔥🔥,0
Young Thug,Trap,leJNDpm_G10,Young Thug - Hot ft. Gunna &amp; Travis Scott [Official Music Video],Young Thug,Hi dtill in 2026,0
Young Thug,Trap,leJNDpm_G10,Young Thug - Hot ft. Gunna &amp; Travis Scott [Official Music Video],Young Thug,imagine saying ahhhh their fire on my cloth fr,1
Young Thug,Trap,leJNDpm_G10,Young Thug - Hot ft. Gunna &amp; Travis Scott [Official Music Video],Young Thug,bro have anyone relized how gunna aint giving no reactio to fire on his cloth fr,1
Young Thug,Trap,leJNDpm_G10,Young Thug - Hot ft. Gunna &amp; Travis Scott [Official Music Video],Young Thug,who is here in 2026,2
Young Thug,Trap,leJNDpm_G10,Young Thug - Hot ft. Gunna &amp; Travis Scott [Official Music Video],Young Thug,Donda 2 reference,1
Young Thug,Trap,leJNDpm_G10,Young Thug - Hot ft. Gunna &amp; Travis Scott [Official Music Video],Young Thug,Me at school bye I’m out I flip desk *im out*,0
Young Thug,Trap,leJNDpm_G10,Young Thug - Hot ft. Gunna &amp; Travis Scott [Official Music Video],Young Thug,Anyone today 2k26 😔🥺,11
Young Thug,Trap,leJNDpm_G10,Young Thug - Hot ft. Gunna &amp; Travis Scott [Official Music Video],Young Thug,GTA 5 radio 📻👌🔥,0
Young Thug,Trap,leJNDpm_G10,Young Thug - Hot ft. Gunna &amp; Travis Scott [Official Music Video],Young Thug,❤❤❤,0
Young Thug,Trap,leJNDpm_G10,Young Thug - Hot ft. Gunna &amp; Travis Scott [Official Music Video],Young Thug,I hear this in GTA 5,2
Young Thug,Trap,leJNDpm_G10,Young Thug - Hot ft. Gunna &amp; Travis Scott [Official Music Video],Young Thug,I found this song on GTA5 radio and I've been listening to this ever since,0
Young Thug,Trap,leJNDpm_G10,Young Thug - Hot ft. Gunna &amp; Travis Scott [Official Music Video],Young Thug,K a,0
Young Thug,Trap,leJNDpm_G10,Young Thug - Hot ft. Gunna &amp; Travis Scott [Official Music Video],Young Thug,Boi.e de a d eaalmaa r.y.a u i,0
Young Thug,Trap,leJNDpm_G10,Young Thug - Hot ft. Gunna &amp; Travis Scott [Official Music Video],Young Thug,U e u e1 1eu,0
Young Thug,Trap,leJNDpm_G10,Young Thug - Hot ft. Gunna &amp; Travis Scott [Official Music Video],Young Thug,Es ds-baden you use ha ♥️ 🤣,0
Young Thug,Trap,leJNDpm_G10,Young Thug - Hot ft. Gunna &amp; Travis Scott [Official Music Video],Young Thug,Ths/>.< 😅,0
Young Thug,Trap,leJNDpm_G10,Young Thug - Hot ft. Gunna &amp; Travis Scott [Official Music Video],Young Thug,Sta e/r f×<<>< < <.<> 💤 😴 😊,0
Young Thug,Trap,leJNDpm_G10,Young Thug - Hot ft. Gunna &amp; Travis Scott [Official Music Video],Young Thug,Ths n bared Arss.ih.KO.G constituent stars 😅,0
Young Thug,Trap,leJNDpm_G10,Young Thug - Hot ft. Gunna &amp; Travis Scott [Official Music Video],Young Thug,Ljan nof-nof b,0
Young Thug,Trap,leJNDpm_G10,Young Thug - Hot ft. Gunna &amp; Travis Scott [Official Music Video],Young Thug,Anjo-,0
Young Thug,Trap,leJNDpm_G10,Young Thug - Hot ft. Gunna &amp; Travis Scott [Official Music Video],Young Thug,2g,0
Young Thug,Trap,leJNDpm_G10,Young Thug - Hot ft. Gunna &amp; Travis Scott [Official Music Video],Young Thug,O.g.B 😢,0
Young Thug,Trap,leJNDpm_G10,Young Thug - Hot ft. Gunna &amp; Travis Scott [Official Music Video],Young Thug,Harsk,0
Young Thug,Trap,leJNDpm_G10,Young Thug - Hot ft. Gunna &amp; Travis Scott [Official Music Video],Young Thug,Ask,0
Young Thug,Trap,leJNDpm_G10,Young Thug - Hot ft. Gunna &amp; Travis Scott [Official Music Video],Young Thug,"Ths,",1
Young Thug,Trap,leJNDpm_G10,Young Thug - Hot ft. Gunna &amp; Travis Scott [Official Music Video],Young Thug,"Sarnie- Zolii.lo0, vet de de iei d3/q o raph th-vadether 😮even itif prif/prh a× 🎉",0
Young Thug,Trap,leJNDpm_G10,Young Thug - Hot ft. Gunna &amp; Travis Scott [Official Music Video],Young Thug,Rich gang,0
Young Thug,Trap,leJNDpm_G10,Young Thug - Hot ft. Gunna &amp; Travis Scott [Official Music Video],Young Thug,Travis I'm still the highest in the room 😊,0
Young Thug,Trap,leJNDpm_G10,Young Thug - Hot ft. Gunna &amp; Travis Scott [Official Music Video],Young Thug,"2026-03-15
My Favorite Song",2
Young Thug,Trap,leJNDpm_G10,Young Thug - Hot ft. Gunna &amp; Travis Scott [Official Music Video],Young Thug,Gonna he did the best,1
Young Thug,Trap,leJNDpm_G10,Young Thug - Hot ft. Gunna &amp; Travis Scott [Official Music Video],Young Thug,“Hot 🔥 hot 🔥 hot 🔥 hot 🔥 hot 🔥 “,1
Young Thug,Trap,leJNDpm_G10,Young Thug - Hot ft. Gunna &amp; Travis Scott [Official Music Video],Young Thug,Who came from GTA,2
Young Thug,Trap,leJNDpm_G10,Young Thug - Hot ft. Gunna &amp; Travis Scott [Official Music Video],Young Thug,Camera is always far from thug when its his time to rap. He doesnt know his own lyrics,0
Young Thug,Trap,leJNDpm_G10,Young Thug - Hot ft. Gunna &amp; Travis Scott [Official Music Video],Young Thug,Water and lo..a.....,0
Young Thug,Trap,leJNDpm_G10,Young Thug - Hot ft. Gunna &amp; Travis Scott [Official Music Video],Young Thug,Травис Скотч,0
Young Thug,Trap,leJNDpm_G10,Young Thug - Hot ft. Gunna &amp; Travis Scott [Official Music Video],Young Thug,Deci de aici a luat mgk type beat ul pt suvul blindat aaaahaaa,0
Young Thug,Trap,leJNDpm_G10,Young Thug - Hot ft. Gunna &amp; Travis Scott [Official Music Video],Young Thug,🇹🇿🇹🇿🇹🇿🔥🔥🔥,1
Young Thug,Trap,leJNDpm_G10,Young Thug - Hot ft. Gunna &amp; Travis Scott [Official Music Video],Young Thug,271 m views because of travis,0
Young Thug,Trap,leJNDpm_G10,Young Thug - Hot ft. Gunna &amp; Travis Scott [Official Music Video],Young Thug,Travis really locked in on his verse🔥,0
Young Thug,Trap,leJNDpm_G10,Young Thug - Hot ft. Gunna &amp; Travis Scott [Official Music Video],Young Thug,"2:40 I just realized a crazy thing
Young Thug says the word 'Carti' 3 times in 5 seconds and 'Music' 1 second later
5+1=6
6 years later, Playboi Carti releases a 30-song album called 'MUSIC'
Is Young Thug prophetic?",0
Young Thug,Trap,leJNDpm_G10,Young Thug - Hot ft. Gunna &amp; Travis Scott [Official Music Video],Young Thug,1:42,0
Young Thug,Trap,leJNDpm_G10,Young Thug - Hot ft. Gunna &amp; Travis Scott [Official Music Video],Young Thug,It's getting hot 🔥🥵 get the straps pistol City 🏙️ gun gang HB what up 😉,0
Young Thug,Trap,leJNDpm_G10,Young Thug - Hot ft. Gunna &amp; Travis Scott [Official Music Video],Young Thug,🔥🔥,0
Young Thug,Trap,leJNDpm_G10,Young Thug - Hot ft. Gunna &amp; Travis Scott [Official Music Video],Young Thug,"Is just a classic 🔥🔥 I don’t care about the beef 

Are you here today ? Mark attendance",0
Young Thug,Trap,leJNDpm_G10,Young Thug - Hot ft. Gunna &amp; Travis Scott [Official Music Video],Young Thug,$474843838385858493362673883383883848495949393393838384848457271829394488392929394848484838383616171919191929302827463627828238483939483387362618383389393822773737372837251514263638393939596969696928171726363526855859966969691181819192939485857483939938383849585838347584848484829919292919138362625374848493959592929384844848389348291919191292929395959549594437171626337484838392929393949491181727363672829288282929384869696969669696968372727727373838383837161616616273848489999999999999999999999999999999999999999999999999999999999999999999999999999999999999999999999999999999999999999999999999999999999999999999999999999999999999999999999999999999999999999999999,0
Young Thug,Trap,leJNDpm_G10,Young Thug - Hot ft. Gunna &amp; Travis Scott [Official Music Video],Young Thug,🔥🔥🔥🔥,0
Young Thug,Trap,leJNDpm_G10,Young Thug - Hot ft. Gunna &amp; Travis Scott [Official Music Video],Young Thug,Right ride that beat 😂,1
Young Thug,Trap,leJNDpm_G10,Young Thug - Hot ft. Gunna &amp; Travis Scott [Official Music Video],Young Thug,"Jo,Ceder Lodge Nuneaton,obese,retarded,kiddie,fiddler😉🎂",0
Young Thug,Trap,leJNDpm_G10,Young Thug - Hot ft. Gunna &amp; Travis Scott [Official Music Video],Young Thug,"Tuff asf when Yung thug said: ""todado lahmasef"" 2:03",0
Young Thug,Trap,leJNDpm_G10,Young Thug - Hot ft. Gunna &amp; Travis Scott [Official Music Video],Young Thug,Yung thung: Cartier Cartier Cartier Cartier Cartier,1
Young Thug,Trap,leJNDpm_G10,Young Thug - Hot ft. Gunna &amp; Travis Scott [Official Music Video],Young Thug,Yep it's definitely hot 🔥,0
Young Thug,Trap,leJNDpm_G10,Young Thug - Hot ft. Gunna &amp; Travis Scott [Official Music Video],Young Thug,😉🎂,0
Young Thug,Trap,leJNDpm_G10,Young Thug - Hot ft. Gunna &amp; Travis Scott [Official Music Video],Young Thug,Gunna snap asf on this 🔥🔥🔥🔥🔥🔥🔥,2
Young Thug,Trap,leJNDpm_G10,Young Thug - Hot ft. Gunna &amp; Travis Scott [Official Music Video],Young Thug,When Young thug said “YAAaAAA” I felt it coming. 2:15,40
Young Thug,Trap,leJNDpm_G10,Young Thug - Hot ft. Gunna &amp; Travis Scott [Official Music Video],Young Thug,🔥🔥🔥🔥🔥🔥🔥🔥🔥🔥,0
Young Thug,Trap,leJNDpm_G10,Young Thug - Hot ft. Gunna &amp; Travis Scott [Official Music Video],Young Thug,"Director: Don’t go in the fire Travis Scott

Travis Scott: ITZ LIT",3
Young Thug,Trap,leJNDpm_G10,Young Thug - Hot ft. Gunna &amp; Travis Scott [Official Music Video],Young Thug,When Travis scott said “ LA FLAME” i was laughing,1
Young Thug,Trap,leJNDpm_G10,Young Thug - Hot ft. Gunna &amp; Travis Scott [Official Music Video],Young Thug,This song Go hard 🔥🔥🔥🔥🔥🔥🔥🔥🔥🔥🔥🔥🔥🔥🔥🔥🔥🔥🔥🔥🔥🔥🔥🔥🔥,0
Young Thug,Trap,leJNDpm_G10,Young Thug - Hot ft. Gunna &amp; Travis Scott [Official Music Video],Young Thug,Super 🎉🎉🎉🎉🎉,1
Young Thug,Trap,leJNDpm_G10,Young Thug - Hot ft. Gunna &amp; Travis Scott [Official Music Video],Young Thug,Shit,0
Young Thug,Trap,leJNDpm_G10,Young Thug - Hot ft. Gunna &amp; Travis Scott [Official Music Video],Young Thug,"""wena ung'jwayel amasimba""😭",0
Young Thug,Trap,leJNDpm_G10,Young Thug - Hot ft. Gunna &amp; Travis Scott [Official Music Video],Young Thug,Still here,1
Young Thug,Trap,leJNDpm_G10,Young Thug - Hot ft. Gunna &amp; Travis Scott [Official Music Video],Young Thug,❤,1
Young Thug,Trap,leJNDpm_G10,Young Thug - Hot ft. Gunna &amp; Travis Scott [Official Music Video],Young Thug,Goood song omg,0
Young Thug,Trap,leJNDpm_G10,Young Thug - Hot ft. Gunna &amp; Travis Scott [Official Music Video],Young Thug,C2 English,0
Young Thug,Trap,leJNDpm_G10,Young Thug - Hot ft. Gunna &amp; Travis Scott [Official Music Video],Young Thug,March 2026 Anyone?,25
Young Thug,Trap,leJNDpm_G10,Young Thug - Hot ft. Gunna &amp; Travis Scott [Official Music Video],Young Thug,Little rock the 504,0
Young Thug,Trap,leJNDpm_G10,Young Thug - Hot ft. Gunna &amp; Travis Scott [Official Music Video],Young Thug,Instrumentals aree sickkkk🔥🔥,0
Young Thug,Trap,leJNDpm_G10,Young Thug - Hot ft. Gunna &amp; Travis Scott [Official Music Video],Young Thug,"When thug said "" he had to kick a door when he was five 🌡️🔥🫅🌋⚡🍃felt it like ton of bricks ..I can bet his eyes was closed in tha both...lol n gunna verse went out the window after he said it ish crazy",0
Young Thug,Trap,leJNDpm_G10,Young Thug - Hot ft. Gunna &amp; Travis Scott [Official Music Video],Young Thug,FLAMES 🎉💣💥🔥🔥😱💫💫💫,0
Young Thug,Trap,leJNDpm_G10,Young Thug - Hot ft. Gunna &amp; Travis Scott [Official Music Video],Young Thug,Wakenya 🎉😂,0
Young Thug,Trap,leJNDpm_G10,Young Thug - Hot ft. Gunna &amp; Travis Scott [Official Music Video],Young Thug,2026?,3
Young Thug,Trap,leJNDpm_G10,Young Thug - Hot ft. Gunna &amp; Travis Scott [Official Music Video],Young Thug,❤❤❤❤❤🎉,1
Young Thug,Trap,leJNDpm_G10,Young Thug - Hot ft. Gunna &amp; Travis Scott [Official Music Video],Young Thug,mess not with Travis entry,0
Young Thug,Trap,leJNDpm_G10,Young Thug - Hot ft. Gunna &amp; Travis Scott [Official Music Video],Young Thug,🥶🏃👌🤣🤣🤣🤣🤣🇿🇦,0
Young Thug,Trap,leJNDpm_G10,Young Thug - Hot ft. Gunna &amp; Travis Scott [Official Music Video],Young Thug,🎉😢,0
Young Thug,Trap,leJNDpm_G10,Young Thug - Hot ft. Gunna &amp; Travis Scott [Official Music Video],Young Thug,"Yo, you guys have put the planet on its feet with this it",0
Young Thug,Trap,leJNDpm_G10,Young Thug - Hot ft. Gunna &amp; Travis Scott [Official Music Video],Young Thug,even youtube cannot translate what young thug said 😂,0
Young Thug,Trap,leJNDpm_G10,Young Thug - Hot ft. Gunna &amp; Travis Scott [Official Music Video],Young Thug,March 2026?,38
Young Thug,Trap,leJNDpm_G10,Young Thug - Hot ft. Gunna &amp; Travis Scott [Official Music Video],Young Thug,❤,1
Young Thug,Trap,leJNDpm_G10,Young Thug - Hot ft. Gunna &amp; Travis Scott [Official Music Video],Young Thug,,0
Young Thug,Trap,leJNDpm_G10,Young Thug - Hot ft. Gunna &amp; Travis Scott [Official Music Video],Young Thug,🎷🔥🔊  hot,1
Young Thug,Trap,leJNDpm_G10,Young Thug - Hot ft. Gunna &amp; Travis Scott [Official Music Video],Young Thug,Travis FLOWED on this one,0
Young Thug,Trap,leJNDpm_G10,Young Thug - Hot ft. Gunna &amp; Travis Scott [Official Music Video],Young Thug,Still as fresh as the release date!! 🎉,2
Young Thug,Trap,leJNDpm_G10,Young Thug - Hot ft. Gunna &amp; Travis Scott [Official Music Video],Young Thug,Primetime slim time 😅,1
Young Thug,Trap,leJNDpm_G10,Young Thug - Hot ft. Gunna &amp; Travis Scott [Official Music Video],Young Thug,Peak wheezy production,0
Young Thug,Trap,leJNDpm_G10,Young Thug - Hot ft. Gunna &amp; Travis Scott [Official Music Video],Young Thug,1:49 best part ❌✨,0
Young Thug,Trap,leJNDpm_G10,Young Thug - Hot ft. Gunna &amp; Travis Scott [Official Music Video],Young Thug,GTA V🤜🤛,1
Young Thug,Trap,leJNDpm_G10,Young Thug - Hot ft. Gunna &amp; Travis Scott [Official Music Video],Young Thug,Damn young thug must love cartier,0
Young Thug,Trap,leJNDpm_G10,Young Thug - Hot ft. Gunna &amp; Travis Scott [Official Music Video],Young Thug,Satanic ahh video,0
Young Thug,Trap,leJNDpm_G10,Young Thug - Hot ft. Gunna &amp; Travis Scott [Official Music Video],Young Thug,3:13,1
Young Thug,Trap,leJNDpm_G10,Young Thug - Hot ft. Gunna &amp; Travis Scott [Official Music Video],Young Thug,This song slap I fuck with gunna period he a real one no matter what people say about dude,0
Young Thug,Trap,leJNDpm_G10,Young Thug - Hot ft. Gunna &amp; Travis Scott [Official Music Video],Young Thug,🫨🫨🫨,0
Young Thug,Trap,leJNDpm_G10,Young Thug - Hot ft. Gunna &amp; Travis Scott [Official Music Video],Young Thug,0:28 top scene,2
Young Thug,Trap,leJNDpm_G10,Young Thug - Hot ft. Gunna &amp; Travis Scott [Official Music Video],Young Thug,Ride 2 da Beat       Flow 2 da beat,0
Young Thug,Trap,leJNDpm_G10,Young Thug - Hot ft. Gunna &amp; Travis Scott [Official Music Video],Young Thug,he did it again pray 4 love he can cook,0
Young Thug,Trap,leJNDpm_G10,Young Thug - Hot ft. Gunna &amp; Travis Scott [Official Music Video],Young Thug,slime og,1
Young Thug,Trap,leJNDpm_G10,Young Thug - Hot ft. Gunna &amp; Travis Scott [Official Music Video],Young Thug,"im lovin it 
T",1
Young Thug,Trap,leJNDpm_G10,Young Thug - Hot ft. Gunna &amp; Travis Scott [Official Music Video],Young Thug,Gant Gant,1
Young Thug,Trap,leJNDpm_G10,Young Thug - Hot ft. Gunna &amp; Travis Scott [Official Music Video],Young Thug,Song name??,0
Young Thug,Trap,leJNDpm_G10,Young Thug - Hot ft. Gunna &amp; Travis Scott [Official Music Video],Young Thug,🔥,0
Young Thug,Trap,leJNDpm_G10,Young Thug - Hot ft. Gunna &amp; Travis Scott [Official Music Video],Young Thug,🔥,0
Young Thug,Trap,leJNDpm_G10,Young Thug - Hot ft. Gunna &amp; Travis Scott [Official Music Video],Young Thug,“dig in my butt this ain’t regula size”🗣️🗣️🗣️,0
Young Thug,Trap,leJNDpm_G10,Young Thug - Hot ft. Gunna &amp; Travis Scott [Official Music Video],Young Thug,"YEAT, shewww..Da Bomb! We in here tonight, from KPT, Tennessee. Nothing but good Blessings to y'all. 🔥🤍💯🗣️💪🏾🙏🏾",0
Young Thug,Trap,leJNDpm_G10,Young Thug - Hot ft. Gunna &amp; Travis Scott [Official Music Video],Young Thug,"Yeats, da bomb!! 🔥 Represent from KPT, Tennessee. Nothing but Blessings to y'all. 🤍🗣️🙏🏾😘💯🏃🏾‍♀️",0
Young Thug,Trap,leJNDpm_G10,Young Thug - Hot ft. Gunna &amp; Travis Scott [Official Music Video],Young Thug,اول مرة نحسه متعني ف بيف,0
Young Thug,Trap,leJNDpm_G10,Young Thug - Hot ft. Gunna &amp; Travis Scott [Official Music Video],Young Thug,I mean people don’t realize how generational this is. The song the dance the vibe and all of it in one shot. Damn🤯,0
Young Thug,Trap,leJNDpm_G10,Young Thug - Hot ft. Gunna &amp; Travis Scott [Official Music Video],Young Thug,Young thug Always 2026,5
Young Thug,Trap,leJNDpm_G10,Young Thug - Hot ft. Gunna &amp; Travis Scott [Official Music Video],Young Thug,WHO'S HERE? FEB?,1
Young Thug,Trap,leJNDpm_G10,Young Thug - Hot ft. Gunna &amp; Travis Scott [Official Music Video],Young Thug,Define aura😊,9
Young Thug,Trap,leJNDpm_G10,Young Thug - Hot ft. Gunna &amp; Travis Scott [Official Music Video],Young Thug,Gunna killed ts,1
Young Thug,Trap,leJNDpm_G10,Young Thug - Hot ft. Gunna &amp; Travis Scott [Official Music Video],Young Thug,Anyone 2026 feb?,0
Young Thug,Trap,leJNDpm_G10,Young Thug - Hot ft. Gunna &amp; Travis Scott [Official Music Video],Young Thug,3:16 4:06,0
Young Thug,Trap,leJNDpm_G10,Young Thug - Hot ft. Gunna &amp; Travis Scott [Official Music Video],Young Thug,7 years later it best,1
Young Thug,Trap,_-QxSh19nDI,Young Thug &quot;Power&quot;,Young Thug,2026 anyone,0
Young Thug,Trap,_-QxSh19nDI,Young Thug &quot;Power&quot;,Young Thug,❤❤❤❤❤❤❤❤❤Bang,0
Young Thug,Trap,_-QxSh19nDI,Young Thug &quot;Power&quot;,Young Thug,🔥🔥🔥💯💪🏾,0
Young Thug,Trap,_-QxSh19nDI,Young Thug &quot;Power&quot;,Young Thug,😂😂😂,0
Young Thug,Trap,_-QxSh19nDI,Young Thug &quot;Power&quot;,Young Thug,2026🕷️🕸️,0
Young Thug,Trap,_-QxSh19nDI,Young Thug &quot;Power&quot;,Young Thug,2026 anyone?,0
Young Thug,Trap,_-QxSh19nDI,Young Thug &quot;Power&quot;,Young Thug,"macKenzieeeee scotttttttttt
$teven Johnson???¿",0
Young Thug,Trap,_-QxSh19nDI,Young Thug &quot;Power&quot;,Young Thug,My love❤,0
Young Thug,Trap,_-QxSh19nDI,Young Thug &quot;Power&quot;,Young Thug,I invoke the dragon,0
Young Thug,Trap,_-QxSh19nDI,Young Thug &quot;Power&quot;,Young Thug,even 10 years ago i did knew it that he will be successful,0
Young Thug,Trap,_-QxSh19nDI,Young Thug &quot;Power&quot;,Young Thug,Big benny binny be my big binny binny 😂😂😂,0
Young Thug,Trap,_-QxSh19nDI,Young Thug &quot;Power&quot;,Young Thug,And bye 🎹🎶🎶🪂💫🎃🤓❤❤,0
Young Thug,Trap,_-QxSh19nDI,Young Thug &quot;Power&quot;,Young Thug,Good evening my best Favorite and thank you very much,2
Young Thug,Trap,_-QxSh19nDI,Young Thug &quot;Power&quot;,Young Thug,Say what say whatt,0
Young Thug,Trap,_-QxSh19nDI,Young Thug &quot;Power&quot;,Young Thug,HAPPY FATHER'S DAY TO ALL THE DADZ XOXO ALWAYS BROOKLYN BAABE FAV 😘🪻🪻 🐐🐐🐐🐐🐐🐐🐐🐐🐐🐐🐐🦋🦋🦋🦋🦋🦋🍉🍉🍉🍉🍉🍉🍉🍉👑👑👑👑👑👑👑🤎🤎🤎🤎🙏🙏🙏🙏🙏🙏🙏🙏🤣🤣🤣🤣🤣🤣,0
Young Thug,Trap,_-QxSh19nDI,Young Thug &quot;Power&quot;,Young Thug,2:05  If I gat legs B you know am gonna get it $$,1
Young Thug,Trap,_-QxSh19nDI,Young Thug &quot;Power&quot;,Young Thug,2026❤,0
Young Thug,Trap,_-QxSh19nDI,Young Thug &quot;Power&quot;,Young Thug,Colombinos escuchando ?? 💯🇨🇴🇺🇸,0
Young Thug,Trap,_-QxSh19nDI,Young Thug &quot;Power&quot;,Young Thug,SC x,0
Young Thug,Trap,_-QxSh19nDI,Young Thug &quot;Power&quot;,Young Thug,"This dude, I've listened to his music since I was a young boy at grade 8 today iam 41 years of age still listening to music that motivates me through some life challenges❤ ❤❤❤❤❤",0
Young Thug,Trap,_-QxSh19nDI,Young Thug &quot;Power&quot;,Young Thug,Brodie I feel this one you want be disappointed I’m fina go #Logan,1
Young Thug,Trap,_-QxSh19nDI,Young Thug &quot;Power&quot;,Young Thug,2k16 is the new 2k26 🎉🎉🎉,0
Young Thug,Trap,_-QxSh19nDI,Young Thug &quot;Power&quot;,Young Thug,Zw1 Zimbabwe 🇿🇼 Central Intelligence Organisation zw1/zw1 enter Beata Boombastic anti virus zw1/,0
Young Thug,Trap,_-QxSh19nDI,Young Thug &quot;Power&quot;,Young Thug,Zw1 Zimbabwe 🇿🇼 Central Intelligence Organisation zw1/zw1 enter Beata Boombastic anti virus zw1/,0
Young Thug,Trap,_-QxSh19nDI,Young Thug &quot;Power&quot;,Young Thug,Zw1 Zimbabwe 🇿🇼 Central Intelligence Organisation zw1/zw1 enter Beata Boombastic anti virus zw1/,0
Young Thug,Trap,_-QxSh19nDI,Young Thug &quot;Power&quot;,Young Thug,"Bitch, I dig it, I eat ice cream with my chickens 🐔 
I spoiled my bitch and now she acting like a brat (yeah, yeah). 
Prince, move over.",0
Young Thug,Trap,_-QxSh19nDI,Young Thug &quot;Power&quot;,Young Thug,Hi,1
Young Thug,Trap,_-QxSh19nDI,Young Thug &quot;Power&quot;,Young Thug,Yo,1
Young Thug,Trap,_-QxSh19nDI,Young Thug &quot;Power&quot;,Young Thug,The older his music gets the more i am going to appreciate it 👌🏼,0
Young Thug,Trap,_-QxSh19nDI,Young Thug &quot;Power&quot;,Young Thug,"Can't deny Young Thug been in his bag since day one, but that AUTHENTIC VIEWS DAWT CAWM boost is on another level! Dude’s literally unstoppable now. 🔥💥",5
Young Thug,Trap,_-QxSh19nDI,Young Thug &quot;Power&quot;,Young Thug,Nothing wrong with not traveling though. Love. Hopefully thugger and I work together in the future.,1
Young Thug,Trap,_-QxSh19nDI,Young Thug &quot;Power&quot;,Young Thug,Young thug sounds good.,1
Young Thug,Trap,_-QxSh19nDI,Young Thug &quot;Power&quot;,Young Thug,Caught up in the system. Maybe I one day I escaped the system.,1
Young Thug,Trap,_-QxSh19nDI,Young Thug &quot;Power&quot;,Young Thug,Blessed. I can’t go no where in travel. Sad. Straight though. All love. Dwl.,0
Young Thug,Trap,_-QxSh19nDI,Young Thug &quot;Power&quot;,Young Thug,STOP,1
Young Thug,Trap,_-QxSh19nDI,Young Thug &quot;Power&quot;,Young Thug,GLORIA A DEUS CRIADOOOR,1
Young Thug,Trap,_-QxSh19nDI,Young Thug &quot;Power&quot;,Young Thug,ESTE É LÚÇIFFER,1
Young Thug,Trap,_-QxSh19nDI,Young Thug &quot;Power&quot;,Young Thug,2026 Bolivia en la pen house 🇧🇴,2
Young Thug,Trap,_-QxSh19nDI,Young Thug &quot;Power&quot;,Young Thug,❤,2
Young Thug,Trap,_-QxSh19nDI,Young Thug &quot;Power&quot;,Young Thug,Today anybody,0
Young Thug,Trap,_-QxSh19nDI,Young Thug &quot;Power&quot;,Young Thug,Work up thinking about this song I so relate to it this year can't believe we ten year this year feels like yesterday...🎉🎉🎉🎉,1
Young Thug,Trap,_-QxSh19nDI,Young Thug &quot;Power&quot;,Young Thug,Power is goated 🔥🙌,0
Young Thug,Trap,_-QxSh19nDI,Young Thug &quot;Power&quot;,Young Thug,"13 bumpin this in a middle school full of mexicans & they all loved it.  memories bro, memories",1
Young Thug,Trap,_-QxSh19nDI,Young Thug &quot;Power&quot;,Young Thug,"power 
dropping jewels 
digits
blaming Jesus 
miss my dogs     BEST OF ALL TIME",2
Young Thug,Trap,_-QxSh19nDI,Young Thug &quot;Power&quot;,Young Thug,2026 may who here,32
Young Thug,Trap,_-QxSh19nDI,Young Thug &quot;Power&quot;,Young Thug,May,2
Young Thug,Trap,_-QxSh19nDI,Young Thug &quot;Power&quot;,Young Thug,Me,0
Young Thug,Trap,_-QxSh19nDI,Young Thug &quot;Power&quot;,Young Thug,Familia Pascual loveee❤❤❤,1
Young Thug,Trap,_-QxSh19nDI,Young Thug &quot;Power&quot;,Young Thug,ten years later,1
Young Thug,Trap,_-QxSh19nDI,Young Thug &quot;Power&quot;,Young Thug,2026 ??? 😍😍😍,0
Young Thug,Trap,_-QxSh19nDI,Young Thug &quot;Power&quot;,Young Thug,"Everything is perfect except Micheal, he's struggle to have a conversation in english I can see that.....and am to😂",0
Young Thug,Trap,_-QxSh19nDI,Young Thug &quot;Power&quot;,Young Thug,🔥🔥🔥,0
Young Thug,Trap,_-QxSh19nDI,Young Thug &quot;Power&quot;,Young Thug,😢😢 esta musica 😢😢😢 merecuerda mi peores momento😢😢 Dios mio esta  vidad solo me aadado  basura,0
Young Thug,Trap,_-QxSh19nDI,Young Thug &quot;Power&quot;,Young Thug,Bring back 2015 thug,1
Young Thug,Trap,_-QxSh19nDI,Young Thug &quot;Power&quot;,Young Thug,yep,0
Young Thug,Trap,_-QxSh19nDI,Young Thug &quot;Power&quot;,Young Thug,They gonna make their shit about the devil satan and snakes to keep you out their grass because they rich rich they don’t want yall in them on them around them 💯,1
Young Thug,Trap,_-QxSh19nDI,Young Thug &quot;Power&quot;,Young Thug,😊😊😊,1
Young Thug,Trap,_-QxSh19nDI,Young Thug &quot;Power&quot;,Young Thug,Poweeeer,1
Young Thug,Trap,_-QxSh19nDI,Young Thug &quot;Power&quot;,Young Thug,Always we need to bust him out,0
Young Thug,Trap,_-QxSh19nDI,Young Thug &quot;Power&quot;,Young Thug,"Young Thug has had sex with Birdman.
Think about that.",0
Young Thug,Trap,_-QxSh19nDI,Young Thug &quot;Power&quot;,Young Thug,Anyone listening to this today?? ❤,0
Young Thug,Trap,_-QxSh19nDI,Young Thug &quot;Power&quot;,Young Thug,Like if you was in High School bumping this🔥🔥,0
Young Thug,Trap,_-QxSh19nDI,Young Thug &quot;Power&quot;,Young Thug,💃🏼🕺💃🏿🕺🏾💃🕺🏿💃🏽🕺🏻💃🏻🌎🌏🌍❤️❤️❤️🙏🙏🙏,1
Young Thug,Trap,_-QxSh19nDI,Young Thug &quot;Power&quot;,Young Thug,Yess,1
Young Thug,Trap,_-QxSh19nDI,Young Thug &quot;Power&quot;,Young Thug,His dance moves...lean Power😂,0
Young Thug,Trap,_-QxSh19nDI,Young Thug &quot;Power&quot;,Young Thug,❤❤❤❤🤘💯,0
Young Thug,Trap,_-QxSh19nDI,Young Thug &quot;Power&quot;,Young Thug,What up slim🥃,0
Young Thug,Trap,_-QxSh19nDI,Young Thug &quot;Power&quot;,Young Thug,🇨🇴🇨🇴🇨🇴🇨🇴🇨🇴🇨🇴🇨🇴 2026 siento el power,0
Young Thug,Trap,_-QxSh19nDI,Young Thug &quot;Power&quot;,Young Thug,Albert Doise,1
Young Thug,Trap,_-QxSh19nDI,Young Thug &quot;Power&quot;,Young Thug,any kenyans 🇰🇪 in the house 🤚,0
Young Thug,Trap,_-QxSh19nDI,Young Thug &quot;Power&quot;,Young Thug,Lol,2
Young Thug,Trap,_-QxSh19nDI,Young Thug &quot;Power&quot;,Young Thug,Lawaurerrrrr,1
Young Thug,Trap,_-QxSh19nDI,Young Thug &quot;Power&quot;,Young Thug,Power Time go,0
Young Thug,Trap,_-QxSh19nDI,Young Thug &quot;Power&quot;,Young Thug,🔥🔥,0
Young Thug,Trap,_-QxSh19nDI,Young Thug &quot;Power&quot;,Young Thug,"Big Terry boys  clubhouse Saturday night set shit off party .
May 15th 2026  
Precise  area LA
Longs area hwy number l9 between  Longs and  the bottom Loris south Carolina 

Reden Boro road second right off of main entrance road 
Called Cedar Branch road hwy 9
Big Dan's sports bar 
Mrs Maria Marsha Ann, carry Ann
Starring choosy lover,
The vice president Jimmy W.
Cruiser Brusier .
Hurricane Trinna J
Shake and bake 
Like nephew 
Shake shake 
Jump drop  scrape the Pots
With the clean up Man and Japanese Jackson 
Terry and jap 
Im trying to get there Saturday morning around 1am
Lee Marvin Livingston 
Father
Mr Marshall B Livingston
Murk
Nephew of 5 Gs *************
Liston
Loston
Sanford
Chancy
Marvin (jewey)
Livingston.
😮shir  thats Lee Livingston 
Marvin Livingston 
Just 
Lee.Marvin Trump 😅😂",0
Young Thug,Trap,_-QxSh19nDI,Young Thug &quot;Power&quot;,Young Thug,nah prime thug was a menace,0
Young Thug,Trap,_-QxSh19nDI,Young Thug &quot;Power&quot;,Young Thug,thugga so hard,1
Young Thug,Trap,_-QxSh19nDI,Young Thug &quot;Power&quot;,Young Thug,Yeppp Still listening Today 2026 Thanks for Sharing 👍,1
Young Thug,Trap,_-QxSh19nDI,Young Thug &quot;Power&quot;,Young Thug,Can't believe it's 10 years already blonde thugga was him fr 🔥🔥🔥,0
Young Thug,Trap,_-QxSh19nDI,Young Thug &quot;Power&quot;,Young Thug,Anyone watching now🔥🔥,2
Young Thug,Trap,_-QxSh19nDI,Young Thug &quot;Power&quot;,Young Thug,Jeffrey ❤,1
Young Thug,Trap,_-QxSh19nDI,Young Thug &quot;Power&quot;,Young Thug,Pop smokea power ybz young bosses,1
Young Thug,Trap,_-QxSh19nDI,Young Thug &quot;Power&quot;,Young Thug,"En el nombre de Allah (Dios), el Compasivo, el Misericordioso.

La paz sea con aquellos que siguen la guía.

Hemos enviado un mensajero a cada comunidad: ""Adorad a Allah y apartaos de los Tagut.""Y hubo entre ellos a quien Allah guió, pero hubo en quien se hizo realidad el extravío.Recorred pues la tierra y ved cómo acabaron los que negaron la verdad. Corán (16:36)

Taghut: significa cualquier cosa adorada además de Allah (Dios).

Hay cinco cabezas de taghut

Satanás: El instigador supremo que incita a la gente a desobedecer a Alá (Dios) y a adorar a otros.
Aquel que es adorado y se complace con ello: Alguien (o algo) adorado además de Alá (Dios), que se complace con esa adoración (por ejemplo, ídolos, santos fallecidos adorados falsamente).
Quien afirma conocer lo Oculto (Ghayb): Alguien que afirma falsamente conocer asuntos ocultos, que pertenecen solo a Alá (Dios).
Quien incita a la gente a adorarse a sí mismo: Un líder o figura que invita activamente a otros a adorarle, independientemente de si cumplen o no.
Quien no juzga con base en lo que Alá ha revelado: Un gobernante o autoridad que sustituye la ley divina de Alá con leyes humanas, desviando a la gente del camino de Dios.

Y no he creado a los genios y a los hombres sino para que Me adoren. Corán (51:56)

""Él es Quien creó la muerte y la vida para probaros y ver cuál de vosotros sería mejor en obras. Corán (67:2)

Realmente la práctica de Adoración ante Allah es el Islam. Corán (3:19)

Y quien desee otra práctica de Adoración que no sea el Islam. no le será aceptada y en la Última Vida será de los perdedores. Corán (3:85)

Toda alma probará la muerte. Y el Día del Levantamiento se os pagará cumplidamente la retribución que os corresponda.Quien sea alejado del Fuego e introducido en el Jardín, habrá triunfado. La vida de este mundo no es sino el disfrute engañoso de lo que se acaba. Corán (3:185)

La vida del mundo no es sino juego y distracción, la verdadera vida es la morada de la Última Vida, si supieran. Corán (29:64)

Ni vuestra consanguinidad ni vuestros hijos os servirán el Día del Levantamiento. Cada uno de vosotros tendrá el juicio que le corresponda. Allah ve lo que hacéis. Corán (60:3)

Y al que está ciego para el recuerdo del Misericordioso le asignamos un demonio que se convierte en su compañero inseparable. Y éstos les apartan del camino mientras ellos se creen guiados. Corán (43:36-37)",2
Young Thug,Trap,_-QxSh19nDI,Young Thug &quot;Power&quot;,Young Thug,"In the name of Allah(God), the Most Gracious, the Most Merciful

Peace be with those who follow the guidance

And We certainly sent into every nation a messenger, [saying], ""Worship Allah and avoid Taghut."" And among them were those whom Allah guided, and among them were those upon whom error was [deservedly] decreed. So proceed through the earth and observe how was the end of the deniers. Quran (16:36)

Taghut: means anything worshipped besides Allah(God).

There are five heads of taghut

Satan: The ultimate instigator who calls people to disobey Allah(God) and worship others.
The one worshipped and pleased with it: Someone (or something) worshipped besides Allah(God), who is content with that worship (e.g., idols, deceased saints worshipped falsely).
The one who claims knowledge of the Unseen (Ghayb): Someone who falsely asserts knowledge of hidden matters, which belongs only to Allah(God).
The one who calls people to worship himself: A leader or figure who actively invites others to worship him, regardless of whether they comply.
The one who judges by other than what Allah has revealed: A ruler or authority who substitutes Allah's divine law with man-made laws, leading people away from God's path. 

I did not create jinn and humans except to worship Me. Quran (51:56)

He] who created death and life to test you [as to] which of you is best in deed Quran (67:2)

Indeed, the religion in the sight of Allah is Islam. Quran (3:19)

Whoever seeks a way other than Islam,1 it will never be accepted from them, and in the Hereafter they will be among the losers. Quran (3:85)

Every soul will taste death. And you will only receive your full reward on the Day of Judgment. Whoever is spared from the Fire and is admitted into Paradise will ˹indeed˺ triumph, whereas the life of this world is no more than the delusion of enjoyment. Quran (3:185)

And this worldly life is not but diversion and amusement. And indeed, the home of the Hereafter - that is the [eternal] life, if only they knew. Quran (29:64)

Neither your relatives nor children will benefit you on Judgment Day—He will decide between you ˹all˺. For Allah is All-Seeing of what you do. Quran (60:3)

And whoever turns a blind eye to the Reminder of the Most Compassionate, We place at the disposal of each a devilish one as their close associate, who will certainly hinder them from the ˹Right˺ Way while they think they are ˹rightly˺ guided. Quran (43:36-37)",1
Young Thug,Trap,_-QxSh19nDI,Young Thug &quot;Power&quot;,Young Thug,"Can't deny Young Thug been in his bag since day one, but that AUTHENTIC VIEWS DAWT CAWM boost is on another level! Dude’s literally unstoppable now. 🔥💥",8
Young Thug,Trap,_-QxSh19nDI,Young Thug &quot;Power&quot;,Young Thug,Miss old thug,1
Young Thug,Trap,_-QxSh19nDI,Young Thug &quot;Power&quot;,Young Thug,Still here. Present. #TSG,2
Young Thug,Trap,_-QxSh19nDI,Young Thug &quot;Power&quot;,Young Thug,2026 ❤🎉,1
Young Thug,Trap,_-QxSh19nDI,Young Thug &quot;Power&quot;,Young Thug,hes actually rapping,0
Young Thug,Trap,_-QxSh19nDI,Young Thug &quot;Power&quot;,Young Thug,its not,0
Young Thug,Trap,_-QxSh19nDI,Young Thug &quot;Power&quot;,Young Thug,💡 🧠🌇🔥 🎓,1
Young Thug,Trap,_-QxSh19nDI,Young Thug &quot;Power&quot;,Young Thug,🇦🇼🇦🇼🇦🇼,0
Young Thug,Trap,_-QxSh19nDI,Young Thug &quot;Power&quot;,Young Thug,Thugerrr❤ 🏆🏆,0
Young Thug,Trap,_-QxSh19nDI,Young Thug &quot;Power&quot;,Young Thug,Yes big Legende Young Thug anybody 2026 🎉🎉🎉🎉😊,2
Young Thug,Trap,_-QxSh19nDI,Young Thug &quot;Power&quot;,Young Thug,"I still rememebr when this shit dropped and i though he said "" first you get that money then you get that power up""😂😂it took me so long to find this years ago thinking it was called power up😂",0
Young Thug,Trap,_-QxSh19nDI,Young Thug &quot;Power&quot;,Young Thug,It's crazy that this is old school now,52
Young Thug,Trap,_-QxSh19nDI,Young Thug &quot;Power&quot;,Young Thug,Raw,1
Young Thug,Trap,_-QxSh19nDI,Young Thug &quot;Power&quot;,Young Thug,MC Murad forever,0
Young Thug,Trap,_-QxSh19nDI,Young Thug &quot;Power&quot;,Young Thug,Btch I 🪏 it I eat 🍦 wit my 🍗   😂,0
Young Thug,Trap,_-QxSh19nDI,Young Thug &quot;Power&quot;,Young Thug,boooooommmmmm,0
Young Thug,Trap,_-QxSh19nDI,Young Thug &quot;Power&quot;,Young Thug,Get behind the house,0
Young Thug,Trap,_-QxSh19nDI,Young Thug &quot;Power&quot;,Young Thug,"If I got legs, bitch, you know I'm gonna get it

Y’all ain’t hear dat nigga !!!!",1
Young Thug,Trap,_-QxSh19nDI,Young Thug &quot;Power&quot;,Young Thug,May 6th ❤,0
Young Thug,Trap,_-QxSh19nDI,Young Thug &quot;Power&quot;,Young Thug,10 years I’m big 10 ATL let me in!! 🙏🏾❤️,1
Young Thug,Trap,_-QxSh19nDI,Young Thug &quot;Power&quot;,Young Thug,"May 2026, anyone??😎",1
Young Thug,Trap,_-QxSh19nDI,Young Thug &quot;Power&quot;,Young Thug,"GABRIEL DOMINIC AND ANNA A. ANTHONY VAYE AND PREZTON G. VAYE.
ANNA_K3LLY50...
ANNA A. ANTHONY VAYE AND PREZTON G. VAYE.",0
Young Thug,Trap,_-QxSh19nDI,Young Thug &quot;Power&quot;,Young Thug,Weed  hit different 10 years ago blasting this song,0
Young Thug,Trap,_-QxSh19nDI,Young Thug &quot;Power&quot;,Young Thug,I miss this thug that lil black MF had hits back to back,0
Young Thug,Trap,_-QxSh19nDI,Young Thug &quot;Power&quot;,Young Thug,Long live Quan man🙏🙏🙏🙏,1
Young Thug,Trap,_-QxSh19nDI,Young Thug &quot;Power&quot;,Young Thug,Still slimes Best Song,2
Young Thug,Trap,_-QxSh19nDI,Young Thug &quot;Power&quot;,Young Thug,"Had to rip my trousers that year to dress like young thug.
I'm a Mad fan 😂😂",0
Young Thug,Trap,_-QxSh19nDI,Young Thug &quot;Power&quot;,Young Thug,Who's here may 2026?,3
Young Thug,Trap,_-QxSh19nDI,Young Thug &quot;Power&quot;,Young Thug,i miss skinny thug 😭,0
Young Thug,Trap,_-QxSh19nDI,Young Thug &quot;Power&quot;,Young Thug,2:00 i eat ice cream with my chicken,1
Young Thug,Trap,_-QxSh19nDI,Young Thug &quot;Power&quot;,Young Thug,MAY 2026??,2
Young Thug,Trap,_-QxSh19nDI,Young Thug &quot;Power&quot;,Young Thug,🇧🇷🇧🇷🇧🇷,1
Young Thug,Trap,_-QxSh19nDI,Young Thug &quot;Power&quot;,Young Thug,Listen at .65 playback speed … pleaseeeee,2
Young Thug,Trap,_-QxSh19nDI,Young Thug &quot;Power&quot;,Young Thug,Dope music video 🎤🎵🎶💯💥🔥✌🏽🤘🏽,1
Young Thug,Trap,_-QxSh19nDI,Young Thug &quot;Power&quot;,Young Thug,THE STREETS ARE A MYSTERY... these Busta tell on each other and the whole GANG,2
Young Thug,Trap,_-QxSh19nDI,Young Thug &quot;Power&quot;,Young Thug,Umthandazo,1
Young Thug,Trap,_-QxSh19nDI,Young Thug &quot;Power&quot;,Young Thug,Power 2026 ❤❤❤❤❤,2
Young Thug,Trap,_-QxSh19nDI,Young Thug &quot;Power&quot;,Young Thug,Nga i created u nga 😂❤,4
Young Thug,Trap,_-QxSh19nDI,Young Thug &quot;Power&quot;,Young Thug,he gotta be a top ten all time best he came with something different and had a good short run,0
Young Thug,Trap,_-QxSh19nDI,Young Thug &quot;Power&quot;,Young Thug,Even a glitch is man made...so is this song🙏,0
Young Thug,Trap,_-QxSh19nDI,Young Thug &quot;Power&quot;,Young Thug,Bebe zendaya got me saying that Bebe snow dog sled,0
Young Thug,Trap,_-QxSh19nDI,Young Thug &quot;Power&quot;,Young Thug,Man!! this song takes me back ❤,0
Young Thug,Trap,_-QxSh19nDI,Young Thug &quot;Power&quot;,Young Thug,"Flash Back: Riding through my city ATL in my late 20s candy painted TTOP Monte Carlo on 26s, Windows down going from club to club parking lots. Watching all the 304s breaking their necks to see who that is beating the parking lot down. GOOOD TIMESS MAN lol...",0
Young Thug,Trap,_-QxSh19nDI,Young Thug &quot;Power&quot;,Young Thug,2026 thuggaholic,0
Young Thug,Trap,_-QxSh19nDI,Young Thug &quot;Power&quot;,Young Thug,GOATTTTT FOR REALLL,1
Young Thug,Trap,_-QxSh19nDI,Young Thug &quot;Power&quot;,Young Thug,2026🇧🇷🎶,0
Young Thug,Trap,_-QxSh19nDI,Young Thug &quot;Power&quot;,Young Thug,banger kl atemporal ctmmm,0
Young Thug,Trap,_-QxSh19nDI,Young Thug &quot;Power&quot;,Young Thug,She got good head so she welcome to my business,0
Young Thug,Trap,_-QxSh19nDI,Young Thug &quot;Power&quot;,Young Thug,This n Codeine crazy go well together,0
Young Thug,Trap,_-QxSh19nDI,Young Thug &quot;Power&quot;,Young Thug,Hola ❤.,0
Young Thug,Trap,_-QxSh19nDI,Young Thug &quot;Power&quot;,Young Thug,Masterpiece 💯,0
Young Thug,Trap,_-QxSh19nDI,Young Thug &quot;Power&quot;,Young Thug,Dam Atlanta was definitely a different person in 2016 😂😂😂,0
Young Thug,Trap,_-QxSh19nDI,Young Thug &quot;Power&quot;,Young Thug,"Bro please come Germany we love you, Leipzig Ukraine",0
Young Thug,Trap,_-QxSh19nDI,Young Thug &quot;Power&quot;,Young Thug,2026🎉,0
Young Thug,Trap,_-QxSh19nDI,Young Thug &quot;Power&quot;,Young Thug,This is just garbage. Ass. Wtf is wrong with these people,0
Young Thug,Trap,_-QxSh19nDI,Young Thug &quot;Power&quot;,Young Thug,2030 you here yet ? Is this still a hit ? 🔥🔥🔥,0
Young Thug,Trap,_-QxSh19nDI,Young Thug &quot;Power&quot;,Young Thug,Amazing,0
Young Thug,Trap,_-QxSh19nDI,Young Thug &quot;Power&quot;,Young Thug,The best song of Young Thug,0
Young Thug,Trap,_-QxSh19nDI,Young Thug &quot;Power&quot;,Young Thug,Still a banger,0
Young Thug,Trap,_-QxSh19nDI,Young Thug &quot;Power&quot;,Young Thug,This song still hits harder in 2026 no cap...anyone believe me?,1
Young Thug,Trap,_-QxSh19nDI,Young Thug &quot;Power&quot;,Young Thug,best bass song,1
Young Thug,Trap,_-QxSh19nDI,Young Thug &quot;Power&quot;,Young Thug,What a time to be alive when this dropped,2
Young Thug,Trap,_-QxSh19nDI,Young Thug &quot;Power&quot;,Young Thug,Real song young thug real tru,0
Young Thug,Trap,_-QxSh19nDI,Young Thug &quot;Power&quot;,Young Thug,COACHELLLAAAA BABBBYYYYYYYY🎉🎉🎉🎉🎉🎉🎉🎉❤❤❤❤❤❤❤❤❤❤,1
Young Thug,Trap,_-QxSh19nDI,Young Thug &quot;Power&quot;,Young Thug,GUCCI?,0
Young Thug,Trap,_-QxSh19nDI,Young Thug &quot;Power&quot;,Young Thug,THIS SONG IS LEGENDARY YOUNG THUG IS A TRUE RAPPER,2
Young Thug,Trap,_-QxSh19nDI,Young Thug &quot;Power&quot;,Young Thug,Щоп он Нойки,0
Young Thug,Trap,_-QxSh19nDI,Young Thug &quot;Power&quot;,Young Thug,Битщ блоко блоко он ниггга овридой,0
Young Thug,Trap,_-QxSh19nDI,Young Thug &quot;Power&quot;,Young Thug,Прошй он гив мой мони,0
Young Thug,Trap,_-QxSh19nDI,Young Thug &quot;Power&quot;,Young Thug,Рилли рилли он мой нок,0
Young Thug,Trap,_-QxSh19nDI,Young Thug &quot;Power&quot;,Young Thug,Йонг Тог,0
Young Thug,Trap,_-QxSh19nDI,Young Thug &quot;Power&quot;,Young Thug,Всё Чили розыск,0
Young Thug,Trap,_-QxSh19nDI,Young Thug &quot;Power&quot;,Young Thug,Rip 🪦,0
Young Thug,Trap,_-QxSh19nDI,Young Thug &quot;Power&quot;,Young Thug,Banger ‼️💯 definitely 💪🏽👊🏾,0
Young Thug,Trap,_-QxSh19nDI,Young Thug &quot;Power&quot;,Young Thug,She got head so she welcome  2 my beanie slept bar ever,1
Young Thug,Trap,_-QxSh19nDI,Young Thug &quot;Power&quot;,Young Thug,They will never make me hate this man,3
Young Thug,Trap,_-QxSh19nDI,Young Thug &quot;Power&quot;,Young Thug,Before I go without a sack,0
Young Thug,Trap,_-QxSh19nDI,Young Thug &quot;Power&quot;,Young Thug,Summer 2016,0
Young Thug,Trap,_-QxSh19nDI,Young Thug &quot;Power&quot;,Young Thug,The solid um um girl feet of public exposure,2
Young Thug,Trap,_-QxSh19nDI,Young Thug &quot;Power&quot;,Young Thug,The solid um um man kind excersizes of of public park running and running shoes culture!,0
Young Thug,Trap,_-QxSh19nDI,Young Thug &quot;Power&quot;,Young Thug,Петухи,0
Young Thug,Trap,_-QxSh19nDI,Young Thug &quot;Power&quot;,Young Thug,Тебе,0
Young Thug,Trap,_-QxSh19nDI,Young Thug &quot;Power&quot;,Young Thug,тебе,0
Young Thug,Trap,_-QxSh19nDI,Young Thug &quot;Power&quot;,Young Thug,"Отущила
Так всё цирк стоп
Забрал тридцатку боевых потронов на Потроон к ДК Бабушки Друга не мешай мне я пишу",0
Young Thug,Trap,_-QxSh19nDI,Young Thug &quot;Power&quot;,Young Thug,Да я понимаю обчество,0
Young Thug,Trap,_-QxSh19nDI,Young Thug &quot;Power&quot;,Young Thug,Юристов любимая замашка онороксио исправь снащала мне,0
Young Thug,Trap,_-QxSh19nDI,Young Thug &quot;Power&quot;,Young Thug,Педрилки законные,0
Young Thug,Trap,_-QxSh19nDI,Young Thug &quot;Power&quot;,Young Thug,Слепоты ноль щто за протонзио,0
Young Thug,Trap,_-QxSh19nDI,Young Thug &quot;Power&quot;,Young Thug,Я и не вёл себя не по Уставу в Слипщенко токльо хостл,0
Young Thug,Trap,_-QxSh19nDI,Young Thug &quot;Power&quot;,Young Thug,Не по Уставу,0
Young Thug,Trap,_-QxSh19nDI,Young Thug &quot;Power&quot;,Young Thug,Ей понравилось^^,0
Young Thug,Trap,_-QxSh19nDI,Young Thug &quot;Power&quot;,Young Thug,I remember walking to This to school in 10th grade 10 years went to quick😂,4
Young Thug,Trap,_-QxSh19nDI,Young Thug &quot;Power&quot;,Young Thug,2026 🙌,0
Young Thug,Trap,_-QxSh19nDI,Young Thug &quot;Power&quot;,Young Thug,Wife gone I'm so lonely God please answer me 😭💔😭 all alone 💔😭 but alive 😭🙏 wish I could win 🙏 a prize like that Charger sweepstakes ❤God hear Answer me 🙏❤️🙏❤️🙏♥️,1
Young Thug,Trap,_-QxSh19nDI,Young Thug &quot;Power&quot;,Young Thug,2026 December Anyone Here?,1
Young Thug,Trap,_-QxSh19nDI,Young Thug &quot;Power&quot;,Young Thug,I love you young thug,2
Young Thug,Trap,_-QxSh19nDI,Young Thug &quot;Power&quot;,Young Thug,Dam I'm old ts was 10 years ago,0
Young Thug,Trap,_-QxSh19nDI,Young Thug &quot;Power&quot;,Young Thug,Eyy hahaha,1
Young Thug,Trap,_-QxSh19nDI,Young Thug &quot;Power&quot;,Young Thug,People who heard of it or listened to it but didn't comment banger!!!!,3
Young Thug,Trap,_-QxSh19nDI,Young Thug &quot;Power&quot;,Young Thug,The first song am gonna play when am rich (this song will never get old🔥),1
Young Thug,Trap,_-QxSh19nDI,Young Thug &quot;Power&quot;,Young Thug,🇧🇷👽🚀👊🏿,0
Young Thug,Trap,_-QxSh19nDI,Young Thug &quot;Power&quot;,Young Thug,2026 anyone ?,6
Young Thug,Trap,_-QxSh19nDI,Young Thug &quot;Power&quot;,Young Thug,Hell yeah always $ then power well powderr,0
Young Thug,Trap,_-QxSh19nDI,Young Thug &quot;Power&quot;,Young Thug,Lil baby so sexi wish we could hook up,1
Young Thug,Trap,_-QxSh19nDI,Young Thug &quot;Power&quot;,Young Thug,"Maaaaaan high school was a hell of time when thug when was droppin shit like this. Shit was revolutionary for rap music, came in and changed the game.",5
Young Thug,Trap,_-QxSh19nDI,Young Thug &quot;Power&quot;,Young Thug,April 1 2026 anyone,0
Young Thug,Trap,_-QxSh19nDI,Young Thug &quot;Power&quot;,Young Thug,RIP gone forever hell bound 🧾🪢👻👿👿👿,0
Young Thug,Trap,_-QxSh19nDI,Young Thug &quot;Power&quot;,Young Thug,Meke meksa,0
Young Thug,Trap,_-QxSh19nDI,Young Thug &quot;Power&quot;,Young Thug,Black panther,0
Young Thug,Trap,_-QxSh19nDI,Young Thug &quot;Power&quot;,Young Thug,2026,0
Young Thug,Trap,_-QxSh19nDI,Young Thug &quot;Power&quot;,Young Thug,صدق الله العظيم,0
Young Thug,Trap,_-QxSh19nDI,Young Thug &quot;Power&quot;,Young Thug,Next level editing 🔥,0
Young Thug,Trap,_-QxSh19nDI,Young Thug &quot;Power&quot;,Young Thug,Rest in peace to older brother 😢this was one of he's favourite songs 🎉❤,2
Young Thug,Trap,_-QxSh19nDI,Young Thug &quot;Power&quot;,Young Thug,PiII,0
Young Thug,Trap,_-QxSh19nDI,Young Thug &quot;Power&quot;,Young Thug,♌️ 8/9 🔥🎶🔥🎶🔥🎶🔥🎶🔥🎶🔥,1
Young Thug,Trap,_-QxSh19nDI,Young Thug &quot;Power&quot;,Young Thug,I hope they spend less than 1000 when making this video.,0
Young Thug,Trap,_-QxSh19nDI,Young Thug &quot;Power&quot;,Young Thug,Greatest hits ❤,0
Young Thug,Trap,_-QxSh19nDI,Young Thug &quot;Power&quot;,Young Thug,Alony in 2026,1
Young Thug,Trap,_-QxSh19nDI,Young Thug &quot;Power&quot;,Young Thug,Blow your candles out dead bitch...damn that shit cold😂,0
Young Thug,Trap,_-QxSh19nDI,Young Thug &quot;Power&quot;,Young Thug,2026 still banger 🏆🏆🏆🏆🏆,0
Young Thug,Trap,_-QxSh19nDI,Young Thug &quot;Power&quot;,Young Thug,did yall come chekin if theres 2026 people watching on every banger of thug? thats the way.,1
Young Thug,Trap,_-QxSh19nDI,Young Thug &quot;Power&quot;,Young Thug,❤❤❤😂😂😂 Men. this song. it s wow,0
Young Thug,Trap,_-QxSh19nDI,Young Thug &quot;Power&quot;,Young Thug,No blouser,1
Young Thug,Trap,_-QxSh19nDI,Young Thug &quot;Power&quot;,Young Thug,🌧️,0
Young Thug,Trap,_-QxSh19nDI,Young Thug &quot;Power&quot;,Young Thug,We god,0
Young Thug,Trap,_-QxSh19nDI,Young Thug &quot;Power&quot;,Young Thug,Ok❤,0
Young Thug,Trap,_-QxSh19nDI,Young Thug &quot;Power&quot;,Young Thug,2026 we here ❤,2
Young Thug,Trap,_-QxSh19nDI,Young Thug &quot;Power&quot;,Young Thug,Still bangs 🔥🔥🔥,1
Young Thug,Trap,_-QxSh19nDI,Young Thug &quot;Power&quot;,Young Thug,This was my go to after lil Wayne went on his skate board journey😂 what a time to be alive,0
Young Thug,Trap,_-QxSh19nDI,Young Thug &quot;Power&quot;,Young Thug,HERE FOR BIG HOMIE !!!! 💜YE,0
Young Thug,Trap,_-QxSh19nDI,Young Thug &quot;Power&quot;,Young Thug,Let's go to Atlanta with our laywers🎉,0
Young Thug,Trap,_-QxSh19nDI,Young Thug &quot;Power&quot;,Young Thug,Power 🐍💎😈🪄🖤,2
Young Thug,Trap,_-QxSh19nDI,Young Thug &quot;Power&quot;,Young Thug,"it's too hard bro I cant. been here since 16, here in 26. Thugger you the fuckin goat.",2
Young Thug,Trap,_-QxSh19nDI,Young Thug &quot;Power&quot;,Young Thug,,1
Young Thug,Trap,_-QxSh19nDI,Young Thug &quot;Power&quot;,Young Thug,bro how can you listen to this and not think young thug is the goat,4
Young Thug,Trap,_-QxSh19nDI,Young Thug &quot;Power&quot;,Young Thug,11,0
Young Thug,Trap,_-QxSh19nDI,Young Thug &quot;Power&quot;,Young Thug,All my Jehovah witnesses witness,0
Young Thug,Trap,_-QxSh19nDI,Young Thug &quot;Power&quot;,Young Thug,❤❤❤❤❤❤❤ even today ke Lesotho,0
Young Thug,Trap,_-QxSh19nDI,Young Thug &quot;Power&quot;,Young Thug,Thung❤😅🎉,0
Young Thug,Trap,_-QxSh19nDI,Young Thug &quot;Power&quot;,Young Thug,1:38  video,0
Young Thug,Trap,_-QxSh19nDI,Young Thug &quot;Power&quot;,Young Thug,2026 and still bumping hard asf 🫶🏾,0
Young Thug,Trap,_-QxSh19nDI,Young Thug &quot;Power&quot;,Young Thug,this beat alone.. masterpiece.,3
Young Thug,Trap,_-QxSh19nDI,Young Thug &quot;Power&quot;,Young Thug,2026.. no words can't explain this1..,3
Young Thug,Trap,_-QxSh19nDI,Young Thug &quot;Power&quot;,Young Thug,🔥,0
Young Thug,Trap,_-QxSh19nDI,Young Thug &quot;Power&quot;,Young Thug,Cat vape,0
Young Thug,Trap,_-QxSh19nDI,Young Thug &quot;Power&quot;,Young Thug,The Beautiful Nigerian Powerhouse ❤,0
Young Thug,Trap,_-QxSh19nDI,Young Thug &quot;Power&quot;,Young Thug,I love young thugs song power,0
Young Thug,Trap,_-QxSh19nDI,Young Thug &quot;Power&quot;,Young Thug,2026 ? Still a banger💯,0
Young Thug,Trap,_-QxSh19nDI,Young Thug &quot;Power&quot;,Young Thug,still into 2026,1
Young Thug,Trap,_-QxSh19nDI,Young Thug &quot;Power&quot;,Young Thug,Poppin poppin,1
Young Thug,Trap,_-QxSh19nDI,Young Thug &quot;Power&quot;,Young Thug,🥉🥉🥉💵💵🤑🕶️🍾🍾🚬🖕🇮🇪🔫💪🔥🥉🥉🥉,1
Young Thug,Trap,_-QxSh19nDI,Young Thug &quot;Power&quot;,Young Thug,Fucking industry plant,0
Young Thug,Trap,_-QxSh19nDI,Young Thug &quot;Power&quot;,Young Thug,2026🎉,0
Young Thug,Trap,_-QxSh19nDI,Young Thug &quot;Power&quot;,Young Thug,I have them centanped waiting in wall,0
Young Thug,Trap,_-QxSh19nDI,Young Thug &quot;Power&quot;,Young Thug,❤ ❤❤the chillest,0
Young Thug,Trap,_-QxSh19nDI,Young Thug &quot;Power&quot;,Young Thug,I caught it HumdoAllah,0
Young Thug,Trap,_-QxSh19nDI,Young Thug &quot;Power&quot;,Young Thug,50 years later. On my favorite couch and i put this on and my grandkids look at me like wth is that😂😂,0
Young Thug,Trap,_-QxSh19nDI,Young Thug &quot;Power&quot;,Young Thug,Did I eat too fast?,0
Young Thug,Trap,_-QxSh19nDI,Young Thug &quot;Power&quot;,Young Thug,I be holding my seat on my ass,0
Young Thug,Trap,_-QxSh19nDI,Young Thug &quot;Power&quot;,Young Thug,It's a young thug power,1
Young Thug,Trap,_-QxSh19nDI,Young Thug &quot;Power&quot;,Young Thug,"Intro]
(We got London on da Track)

[Chorus]
First you get that money, then you get that power
If he tune his nose up, boy, he on that powder
Now you walk around with fifty in your trousers
Diamonds boolin' on my chest, no fuckin' blouser
Bitch, I make it rain shower, you dig that?
They won't know a thing about you if you zip that
Hit 'em with that blocka-blocka, nigga, get back
Feed it, beat it, never crack, dig that (Sheesh, sheesh)



 ASTROPICAL “Me Pasa (Piscis)” Lyrics & Meaning | Genius Verified

[Verse 1]
Before I go without a sack, I swag pack (Sheesh, sheesh)
I spoiled my bitch and now she actin' like a brat (Yeah, yeah)
I met Alex, I know Jimmy, he got racks (Skrrt, skrrt)
Yeah, yeah, bitch, I'm bleedin' like a tat (Yeah, yeah)
Roll it, roll it for me on your back (Roll it, roll it)
Just for show, my diamonds yellow like a taxi (Woo, woo)
I'm a cat, I'ma chase all them pussy rats (Ah), yeah (Ah, ah)
Pussy nigga better not look back
Or, or else I'm killin' 'em, hey, and that's a fact (Sheesh)
Get blood all on my Timberlands, she make a nigga say, ""What?"" (What?)
I swear to God she feelin' 'em
She sucked like eight dicks, I call her octagon (Hey)

[Chorus]
First you get that money, then you get that power
If he tune his nose up, boy, he on that powder
Now you walk around with fifty in your trousers
Diamonds boolin' on my chest, no fuckin' blouser (Yeah)
Bitch, I make it rain shower, you dig that?
They won't know a thing about you if you zip that
Hit 'em with that blocka-blocka, nigga, get back (Blatt, blatt, blatt)
Feed it, beat it, never crack, dig that (Sheesh, sheesh)

[Verse 2]
Bitch, I dig it, I eat ice cream with my chicken (Rich nigga)
Bitch, I'm rich just like a Simmons, not Lil Diggy (Real Simmons)
If I got legs, bitch, you know I'm gonna get it (Walk, walk)
She got good head, so she welcome to my Bentley (Woo)
Big Bentley, this that big Bentley, Bentley (What? What?)
Ridin' 'round with the semi 'cause I know these niggas envy (Hah)
Is you mad 'bout Instagram or how I kick my pimpin'? (Pimp)
Hey, you keep that Ace of Spades, I'm sippin'
I'm a rocket, rocket, I can't stop it, stop it
I'm a GTV boy, bitch, I'm poppin', poppin'
I need coke, need coke like, ""Where the fuck is papi?""
If you try to run off, you know we popped your noggin (Pop, pop, ah)",0
Young Thug,Trap,_-QxSh19nDI,Young Thug &quot;Power&quot;,Young Thug,who is here everyday.💥,2
Young Thug,Trap,_-QxSh19nDI,Young Thug &quot;Power&quot;,Young Thug,She likes popin molly she likes sukking dik she wants me to get Instagram but I ain't wit that shit,1
Young Thug,Trap,_-QxSh19nDI,Young Thug &quot;Power&quot;,Young Thug,I love you ❤,0
Young Thug,Trap,_-QxSh19nDI,Young Thug &quot;Power&quot;,Young Thug,🇿🇦,0
Young Thug,Trap,_-QxSh19nDI,Young Thug &quot;Power&quot;,Young Thug,She suck like 8 dicks I call her octagon😅😅😅😅,0
Young Thug,Trap,_-QxSh19nDI,Young Thug &quot;Power&quot;,Young Thug,Till 2026 playing from high school back then.,0
Young Thug,Trap,_-QxSh19nDI,Young Thug &quot;Power&quot;,Young Thug,Bangerrrrr 2026 🔥,1
Young Thug,Trap,_-QxSh19nDI,Young Thug &quot;Power&quot;,Young Thug,🔥,0
Young Thug,Trap,_-QxSh19nDI,Young Thug &quot;Power&quot;,Young Thug,They wouldn’t know a thang about ya if you zip that 🦍🗣️🤏🏽📝🔥🔥🔥 still here,0
Young Thug,Trap,_-QxSh19nDI,Young Thug &quot;Power&quot;,Young Thug,It is still being heard in Mexico nggggssssssss,2
Young Thug,Trap,_-QxSh19nDI,Young Thug &quot;Power&quot;,Young Thug,⚡,0
Young Thug,Trap,_-QxSh19nDI,Young Thug &quot;Power&quot;,Young Thug,Ice cream with my chickens🎉🎉🎉,0
Young Thug,Trap,_-QxSh19nDI,Young Thug &quot;Power&quot;,Young Thug,One of the best songs ever made,2
Young Thug,Trap,_-QxSh19nDI,Young Thug &quot;Power&quot;,Young Thug,I love you so much young thug 🎉,1
Young Thug,Trap,_-QxSh19nDI,Young Thug &quot;Power&quot;,Young Thug,All day every day Amen 🙏🏽🙇🏽‍♂️❤,3
Young Thug,Trap,_-QxSh19nDI,Young Thug &quot;Power&quot;,Young Thug,Power,1
Young Thug,Trap,_-QxSh19nDI,Young Thug &quot;Power&quot;,Young Thug,2026 ❌ miss the old thugga,1
Young Thug,Trap,_-QxSh19nDI,Young Thug &quot;Power&quot;,Young Thug,It goes hard when high,5
Young Thug,Trap,_-QxSh19nDI,Young Thug &quot;Power&quot;,Young Thug,Never listened to young thug my ex just told me that the babbbby listens to young thug,1
Young Thug,Trap,_-QxSh19nDI,Young Thug &quot;Power&quot;,Young Thug,First u get the money then u get the power,3
Young Thug,Trap,_-QxSh19nDI,Young Thug &quot;Power&quot;,Young Thug,I m here 4 march 26 ❤❤,0
Young Thug,Trap,_-QxSh19nDI,Young Thug &quot;Power&quot;,Young Thug,"BANGERS after BANGER 
. YALL. CAUGHT THE END ...HE TRUH IN
 I WANA ROCK YA BODY* JUSTIN TIM REFERENCE",0
Young Thug,Trap,_-QxSh19nDI,Young Thug &quot;Power&quot;,Young Thug,Remixed,0
Young Thug,Trap,_-QxSh19nDI,Young Thug &quot;Power&quot;,Young Thug,2026?,9
Young Thug,Trap,_-QxSh19nDI,Young Thug &quot;Power&quot;,Young Thug,Nigeria,0
Young Thug,Trap,_-QxSh19nDI,Young Thug &quot;Power&quot;,Young Thug,I remember when nobody understood what thug was saying but still bumping cuz😂🔥🔥,1
Young Thug,Trap,_-QxSh19nDI,Young Thug &quot;Power&quot;,Young Thug,When a trap song hard 👂 you listen once and feel nastelgia as if you knew it😏😏❤,2
Young Thug,Trap,_-QxSh19nDI,Young Thug &quot;Power&quot;,Young Thug,Once u get that money then u get that power !!🤌🏾🤌🏾,2
Young Thug,Trap,_-QxSh19nDI,Young Thug &quot;Power&quot;,Young Thug,Power check list !!hit this up,0
Young Thug,Trap,_-QxSh19nDI,Young Thug &quot;Power&quot;,Young Thug,"2026 

🇿🇦",1
Young Thug,Trap,_-QxSh19nDI,Young Thug &quot;Power&quot;,Young Thug,Is that what he seeing in his glasses wgot,0
Young Thug,Trap,_-QxSh19nDI,Young Thug &quot;Power&quot;,Young Thug,2:39 thug can hoop fr,0
Young Thug,Trap,_-QxSh19nDI,Young Thug &quot;Power&quot;,Young Thug,Modern marvels on story,0
Young Thug,Trap,_-QxSh19nDI,Young Thug &quot;Power&quot;,Young Thug,Video games on story television,0
Young Thug,Trap,_-QxSh19nDI,Young Thug &quot;Power&quot;,Young Thug,Basketball,0
Young Thug,Trap,_-QxSh19nDI,Young Thug &quot;Power&quot;,Young Thug,who here living to see 2076🥳🥳🥳,1
Young Thug,Trap,_-QxSh19nDI,Young Thug &quot;Power&quot;,Young Thug,If anyone  in these comments did y'all here that in the background 2:55 Cause I know I'm not tripping,1
Young Thug,Trap,_-QxSh19nDI,Young Thug &quot;Power&quot;,Young Thug,Blood,1
Young Thug,Trap,_-QxSh19nDI,Young Thug &quot;Power&quot;,Young Thug,Believe in Jesus Christ that he is God word of God God in the flesh died for our sins was buried and rose again the third day beating death Satan and hell. Believe this and u r guaranteed heaven,2
Young Thug,Trap,_-QxSh19nDI,Young Thug &quot;Power&quot;,Young Thug,2014-2017 thug is top 10 rappers oat,3
Young Thug,Trap,_-QxSh19nDI,Young Thug &quot;Power&quot;,Young Thug,essa aq sempre foi a vibe porra !!!!,0
Young Thug,Trap,_-QxSh19nDI,Young Thug &quot;Power&quot;,Young Thug,BEST BANGER EVER 10 YRS DOWN STILL 🔥,2
Young Thug,Trap,_-QxSh19nDI,Young Thug &quot;Power&quot;,Young Thug,No way we got Lenin on the track! 🤘😭✨,3
Young Thug,Trap,_-QxSh19nDI,Young Thug &quot;Power&quot;,Young Thug,Diamonds 💎🫶,0
Young Thug,Trap,_-QxSh19nDI,Young Thug &quot;Power&quot;,Young Thug,2027???,0
Young Thug,Trap,_-QxSh19nDI,Young Thug &quot;Power&quot;,Young Thug,Still here in 2026 and forever,3
Young Thug,Trap,_-QxSh19nDI,Young Thug &quot;Power&quot;,Young Thug,Lil black bryans old man,0
Young Thug,Trap,_-QxSh19nDI,Young Thug &quot;Power&quot;,Young Thug,"""fuck the government?"" *Scrunching face cocking head sideways with bottom lip out* ""oh yeah if they could they would fuck you first""....*looking back and forth* ""that's true""",0
Young Thug,Trap,_-QxSh19nDI,Young Thug &quot;Power&quot;,Young Thug,"I'm probably getting the message now in full clarity 

2026 anyone here with me/ Money $ power",0
Young Thug,Trap,_-QxSh19nDI,Young Thug &quot;Power&quot;,Young Thug,South africa were are you,0
Young Thug,Trap,_-QxSh19nDI,Young Thug &quot;Power&quot;,Young Thug,🥷🥷🏡,0
Young Thug,Trap,_-QxSh19nDI,Young Thug &quot;Power&quot;,Young Thug,Facts,0
Young Thug,Trap,_-QxSh19nDI,Young Thug &quot;Power&quot;,Young Thug,February 2026 and we’re here💯,49
Young Thug,Trap,_-QxSh19nDI,Young Thug &quot;Power&quot;,Young Thug,Sing just for the f of it no matter people don't understand 😂,1
Young Thug,Trap,_-QxSh19nDI,Young Thug &quot;Power&quot;,Young Thug,Vist our blood at the pyramid the spirit got you young why h3 a real one never snatched,0
Young Thug,Trap,_-QxSh19nDI,Young Thug &quot;Power&quot;,Young Thug,🎃🪔🚪,0
Young Thug,Trap,_-QxSh19nDI,Young Thug &quot;Power&quot;,Young Thug,Weyuat,2
Young Thug,Trap,_-QxSh19nDI,Young Thug &quot;Power&quot;,Young Thug,Kekra ta lavé,2
Young Thug,Trap,_-QxSh19nDI,Young Thug &quot;Power&quot;,Young Thug,SEDATIONRAILINGROADING CARES FOR TO ANY PAPERWORKS PHEFLIAS PHOBOS ISTRAIERS ISTRUIEARS SPOLIAERS SOPLIANS SUPLIENS FREMIERS FRANMIER FASMINCES BEGIAGES BESAIGES HEMIORIALS HEIORS MIOERS MONDUIALS RASTOOLS CRIENCES BERIMELS SPINNES SPINFES OBIASATBRACTICS SUIERS SADIEXES CREIATOMS STERFROS IN THERE SABROES PHILOTRES SAPLIOEANS SORBORIANS SARNARS BEIAWCES HERIAWCES SLOFANS SLOBANS SOFIAS REPACTRAICS ABEULIOEANSBUELIOEANS CANTUSWALAS POOFS TULEWS K VEMGRUS VEMGRUS STUIFERS POGIESIEUMS MALGENCED MAGUIEST LUDIUASHES PAGESIESUMS BOGESIEUIEUMS LUGRIENCES AUGRIUENCES AFLIENCES MARFISTAS BIIERS BIOERS BAHUWAIUS MAHUBAUS DUHAIUS LIFRUCENES LOPIERAS SPUNCOS SPOLOS LIMIOARCHES PENCUIALS RENCUIALS AVERGOS PERVGOS HERLIEANS FERVGOS LETVGOS LEVGOS SPONBLAXES K K SWEILS KRANTES BARDWIMS MUREVOS BUREVOS AVVERISIZZIURESOLADRUES MENCHLOS PENCHLOS LIBRIENS LUPRENS SCULIMERS LAPESESESINTIENTESESAPOCOS PACOS MOLGRES MASTRES MANLOS BIENCOS BIENCOS BACERNS EBRONS PUIERS FEMDARS PEMDARS LANDONS LAMBRIENS K SWEILS SWEAOLS BASTRAALLAHS INSTRALIEARS ISCASLOS PHEMBLIOEANS FARBACKS FARSAWAYS BECAFARSAWAYS SCHOLIAS FULUERS ENLUSACHUSTASENMUSACHUSTAS MECHUSTAS LAFLOIDERS MARFLOIEANS REBRUTIS IRAS SETRIENCES PESTRLIEARS WIBRENS WOMBS HIBRIENS PUICHATOS PHICATOS MUCHO DINEROS MERZERIANS PERZEIEARNS LIGESSIVES SAPOLIEANS SORBORIANS SARNARS DESPRONSDESPRUENSNEEPRINS GUASWES CHIPPAS PANEROS SUILMERS CAFUS ARTICCARS LUGRIENCES AUGRIUENCES AFLIENCES LULINCES LULINENCS LUIFIEREANS PERZEIEARNS MERLERZIEANS JENKINS STUDIEMYERSIRELANDSSCOTTISH CARTERSECHEWAIS STEFRESOSASMEDIATESUS PHOLICAS LIMIANCHES STERPERIAS PUIERS GRUESNALS FULIERS STILERS SUBLIERS MASTRAFAS K VEMGRUS INFERING WITH LIVING NOR DEADFOLKSUNFUCKINGKIDS UNABANDON BARFUS LIFERIAS INCURIEARS UNFAKE UNASS MARFLOIEANS REBRUTIS IRAS SETRIENCES LUGRIENCES AUGRIUENCES AFLIENCES SAPLOIEANS SORBORIANS SARNARS BEIAWCES HERIAWCES SLOFANS SLOBANS STUOIFIAS 4.6 BILLIONS SAPLIOEANS SORBORIANS ESAALLAHVMAHUBABAHUWAUS FARSBACKS FARSAWAYS BECAFARSAWAYS MIDWAYS MEDIATES US IMMEDIATELY AFFECTS IRELANDS SCOTTISH HUDSONS BRASTROLS BRASMILS SPONLAUSES BIROACHES SULUERS MANNEHS NNAJISKILPATRICKS CRANSOLS TREUBLAS BUELAS BECALURLOS KUIASERS KUIAHES SMALL TOWNS RUIAHES COUNTYS STATES MESDERINERS MESTERINERS MASTASINERS SOUBIERNS SOBERIERNS SANOS SANAS VIVENDS VIVANS VIXEANS LITRIENCES ANYWHERE STATILUTES GOLHAMSBAKERS GRIGGSSTONESBOLDENS K K K WALKERSSMITGS FERRANDS JACKSONS JOHNSONS SADIERS SADIEXES AURORASSHIRLEYTEMPLE FUYOUSFUUS HEMATOLOGYNIST FRANJERS FREMIERS UGRIENCES REGRIENCES LIFUREUAS TAMBLENS LIGREST LUGRUIATA MAGRIENCED LAPRIENCES IN THERE SALAHS SALBAHS SALOCS SALOCHS BERCHOLOS MESTERINERS MASTASINERS MASTIONERS WERE OUT BRAMOLS BRAMPOLS BRANIERS BROMIERS BROTRAIERSSOIERIEUMS PUBERULOS LIGRESSTIVES REBRUTIS IRAS SETRIENCES K VEMGRUS STUIFERS STUAIFERS POIGESIEASIUMS MAGENCED MALGENCED LUDIOASDES AVVERISMUREVOSBUREVOS STRATICS LIBRENS LIPEARS TAMBREINS PHOBOIUS PHOBES LUFRIENCES CLOSE OUR DOORS SOBERNS BACDERINS BLACIKS FAIENS FLAIENS KERMIELS AMUPERS AMIPERS SOFLIAN SLOPIANS BIOGMENS ANYWHERE PUIERS SMUIERS SAMUIERS TRAPLIIEANS SREXES POIAECHES SOPLIANS BOJANS BOLOANENS BOJELS MONCLIEARS FRADROS SPEIFIEARS LIPOERANS MONPLIEANS SABENCED SEDAIOUS BELINS INAULIEARS INASLIEARS PHEMBLIOEANS FARBACKS FARSAWAYS BECAFARSAWAYS MIDWAYS MEDIATES US FUYOUSFUUS LOLALAWANA DEISCHERAMERASMANNEHSNNAJISCARTERSIRELANDSSCOTTISHGOLHAMSBAKERSGRIGGSVADELSKILPATRICKSSUAHJOHNPRENUTNASIAARIESSHYMIRIAHKEYZARIAHDEVONSALPRIEAONS MANNEHSNNAJISKILPATRICKS JENKINS STUDIEMYERSIRELANDSSCOTTISH CARTERSECHEWAIS JOHNSONWALKERSFERRANDSSMITH IRELANDS SCOTTISH K K K TRAPODES TRIAPOUDERS VEM BROS FENBROS VEMEAOUS VELMOS VAJOICS AMEAOURS AMOURS POLICS POLLECTICS PULLIESINS LINICHES LIMINCHES SARNARS DESPRONSDESPRUENSNEEPRINS GUASWES PESTRELIEARS PUESALOS PUEABLOS FACOS LAPESESESINTIENTESESAPOCOS SALOMS HELIEUMS RAMES RADONS RAPLENES MENCHLOS PENCHLOS LIBRIENS LUPRENS SCULIMERS KLAN LOVE PUIERS MASTASINERS FULBES SOUBEIRUNS MESTERINERS K K VEMGRUS VEMGRUS PUBOIUS PUBUSA PUFUSAS CHECKS CUTS CHECKS KUTS CLEARED SEVEN EXTRA 3.6 BILLIONS IN THERE BERCHOLOS MESTERINERS MESDERINERS PESTRLIEARS WERE ALL OUT LISTENING ANYWHERE ANYTIME APPRECIATE YOUR BUSINESS HIGHLY FAVORED,0
Young Thug,Trap,_-QxSh19nDI,Young Thug &quot;Power&quot;,Young Thug,Still on this 2026 fire 🔥,1
Young Thug,Trap,_-QxSh19nDI,Young Thug &quot;Power&quot;,Young Thug,2027 nigga we here,0
Young Thug,Trap,_-QxSh19nDI,Young Thug &quot;Power&quot;,Young Thug,🎉🎉🎉,0
Young Thug,Trap,_-QxSh19nDI,Young Thug &quot;Power&quot;,Young Thug,This song will never get old🔥🔥🔥🔥2026,2
Young Thug,Trap,_-QxSh19nDI,Young Thug &quot;Power&quot;,Young Thug,удали,1
Young Thug,Trap,_-QxSh19nDI,Young Thug &quot;Power&quot;,Young Thug,🙏🏻,0
Young Thug,Trap,_-QxSh19nDI,Young Thug &quot;Power&quot;,Young Thug,Welcome,0
Young Thug,Trap,_-QxSh19nDI,Young Thug &quot;Power&quot;,Young Thug,Kekra ta allumé,1
Young Thug,Trap,_-QxSh19nDI,Young Thug &quot;Power&quot;,Young Thug,maybe,0
Young Thug,Trap,_-QxSh19nDI,Young Thug &quot;Power&quot;,Young Thug,Top 👍🏾 2026,0
Young Thug,Trap,_-QxSh19nDI,Young Thug &quot;Power&quot;,Young Thug,It's 2026 and I'm still jamming to this banger 🔥,0
Young Thug,Trap,_-QxSh19nDI,Young Thug &quot;Power&quot;,Young Thug,🎉🎉🎉2026,0
Young Thug,Trap,_-QxSh19nDI,Young Thug &quot;Power&quot;,Young Thug,Damnnn this was 10yrs ago and still bangin!! Ayeee! 😮😎🔥🤌🏼,1
Young Thug,Trap,_-QxSh19nDI,Young Thug &quot;Power&quot;,Young Thug,February 11 2026  21:10,0
Young Thug,Trap,_-QxSh19nDI,Young Thug &quot;Power&quot;,Young Thug,Juicy Dey,0
Young Thug,Trap,_-QxSh19nDI,Young Thug &quot;Power&quot;,Young Thug,Buju fida,0
Young Thug,Trap,_-QxSh19nDI,Young Thug &quot;Power&quot;,Young Thug,I still don't understand what the fuck this song soo addicted,0
Young Thug,Trap,_-QxSh19nDI,Young Thug &quot;Power&quot;,Young Thug,I don’t know if it’s just me or what but this sounds like a YNW Melly song,1
Young Thug,Trap,_-QxSh19nDI,Young Thug &quot;Power&quot;,Young Thug,First get money then got power,3
Young Thug,Trap,_-QxSh19nDI,Young Thug &quot;Power&quot;,Young Thug,Item With that Blocka Blocka🔥🔥🔥🔥🔥,1
Young Thug,Trap,_-QxSh19nDI,Young Thug &quot;Power&quot;,Young Thug,Este men copiandose de DICC y Puimp Flaco ses,0
Young Thug,Trap,_-QxSh19nDI,Young Thug &quot;Power&quot;,Young Thug,This song is actual dog shit,0
Young Thug,Trap,_-QxSh19nDI,Young Thug &quot;Power&quot;,Young Thug,"Power is a Williams, You take slime And I take Tookie Williams I need a song Hard one Thug Thug",0
Young Thug,Trap,_-QxSh19nDI,Young Thug &quot;Power&quot;,Young Thug,Only One Young Thug Respectfully Respecting Da Respected Real Talk Respect,1
Young Thug,Trap,_-QxSh19nDI,Young Thug &quot;Power&quot;,Young Thug,Power 2026❤,3
Young Thug,Trap,_-QxSh19nDI,Young Thug &quot;Power&quot;,Young Thug,Anything anytime !!! ❤,0
Young Thug,Trap,_-QxSh19nDI,Young Thug &quot;Power&quot;,Young Thug,Banger grave,0
Young Thug,Trap,_-QxSh19nDI,Young Thug &quot;Power&quot;,Young Thug,Hino,0
Young Thug,Trap,_-QxSh19nDI,Young Thug &quot;Power&quot;,Young Thug,🔥🔥🔥🐐,0
Young Thug,Trap,_-QxSh19nDI,Young Thug &quot;Power&quot;,Young Thug,Stand tall 😂🇹🇦😎💃🎵 2:15,0
Young Thug,Trap,_-QxSh19nDI,Young Thug &quot;Power&quot;,Young Thug,"República Dominicana, 2026,🇩🇴🇩🇴🇩🇴🇩🇴🇩🇴🇩🇴🇩🇴🇩🇴🇩🇴🇩🇴🇩🇴🇩🇴🇩🇴 popopopo",0
Young Thug,Trap,_-QxSh19nDI,Young Thug &quot;Power&quot;,Young Thug,1976 Anyone!?,0
Young Thug,Trap,_-QxSh19nDI,Young Thug &quot;Power&quot;,Young Thug,"Power/ best friend / pussy / no way /   like.... young thug or nothing bro 
Even my lil bro.    His so much in love with no way hit",0
Young Thug,Trap,_-QxSh19nDI,Young Thug &quot;Power&quot;,Young Thug,"""fuckin the deficit""",0
Young Thug,Trap,_-QxSh19nDI,Young Thug &quot;Power&quot;,Young Thug,Sounds like the fuckin man by 50 cent - lil gren,0
Young Thug,Trap,_-QxSh19nDI,Young Thug &quot;Power&quot;,Young Thug,🙏🏻,0
Young Thug,Trap,_-QxSh19nDI,Young Thug &quot;Power&quot;,Young Thug,"I have in my minds an outcome of the intentions well given the well given to be the blessing In are foundation the foundation to be charished the wanna Beas to be the blessings of there hatred 

Other want better 
Others want rats 
Others have a feeling that I don’t care well guess why I Andy am not scared I’m I. The middle of the pain  I told everyone from the begging none lisend that not my fault know I will get rid of everyone",0
Young Thug,Trap,_-QxSh19nDI,Young Thug &quot;Power&quot;,Young Thug,Uk we out here blood🦾💯,0
Young Thug,Trap,_-QxSh19nDI,Young Thug &quot;Power&quot;,Young Thug,❤,0
Young Thug,Trap,_-QxSh19nDI,Young Thug &quot;Power&quot;,Young Thug,2026 we here!!!!!,6
Young Thug,Trap,_-QxSh19nDI,Young Thug &quot;Power&quot;,Young Thug,I’m here young thug your fan from Nigeria,0
Young Thug,Trap,_-QxSh19nDI,Young Thug &quot;Power&quot;,Young Thug,Money is power,0
Young Thug,Trap,_-QxSh19nDI,Young Thug &quot;Power&quot;,Young Thug,Bicth I digg it i eat ice cream with chicken 😂😂,0
Young Thug,Trap,_-QxSh19nDI,Young Thug &quot;Power&quot;,Young Thug,Le Pouvoir,1
Young Thug,Trap,_-QxSh19nDI,Young Thug &quot;Power&quot;,Young Thug,"💪✌️🌎🇵🇱🇺🇸🎶🎧🤝,🔴",0
Young Thug,Trap,_-QxSh19nDI,Young Thug &quot;Power&quot;,Young Thug,FL💯😇🙏🏼,0
Young Thug,Trap,_-QxSh19nDI,Young Thug &quot;Power&quot;,Young Thug,2026 playing hit,1
Young Thug,Trap,_-QxSh19nDI,Young Thug &quot;Power&quot;,Young Thug,Such a hard tune,1
Young Thug,Trap,_-QxSh19nDI,Young Thug &quot;Power&quot;,Young Thug,I miss new jersey and no just a hospital care take you please 🥺,0
Young Thug,Trap,_-QxSh19nDI,Young Thug &quot;Power&quot;,Young Thug,Watch SpongeBob SquarePants please,0
Young Thug,Trap,_-QxSh19nDI,Young Thug &quot;Power&quot;,Young Thug,What poke?,0
Young Thug,Trap,_-QxSh19nDI,Young Thug &quot;Power&quot;,Young Thug,We together this is Tish are good morning so far I like it I'm Tink and no one more than I love ya too my friend.,0
Young Thug,Trap,_-QxSh19nDI,Young Thug &quot;Power&quot;,Young Thug,2026 tô aí,0
Young Thug,Trap,_-QxSh19nDI,Young Thug &quot;Power&quot;,Young Thug,Still 💪💪💪💪🔥🔥🔥🔥🥶🥶🥶🥶🎯🎯🎯🎯🎉🎉🎉🎉😤🫡💨💨💨💨🥂🍾💯2026,0
Young Thug,Trap,_-QxSh19nDI,Young Thug &quot;Power&quot;,Young Thug,Prime Young Thug,1
Young Thug,Trap,_-QxSh19nDI,Young Thug &quot;Power&quot;,Young Thug,They want know a thing about you if you zip that 💯💯,0
Young Thug,Trap,_-QxSh19nDI,Young Thug &quot;Power&quot;,Young Thug,Swishers,0
Young Thug,Trap,_-QxSh19nDI,Young Thug &quot;Power&quot;,Young Thug,Black and milds*,0
Young Thug,Trap,_-QxSh19nDI,Young Thug &quot;Power&quot;,Young Thug,This is my fav song 💥💥💥,0
Young Thug,Trap,_-QxSh19nDI,Young Thug &quot;Power&quot;,Young Thug,Lol 😂🔥 R.I.P JuniorKing,0
Young Thug,Trap,_-QxSh19nDI,Young Thug &quot;Power&quot;,Young Thug,Cleyton,1
Young Thug,Trap,_-QxSh19nDI,Young Thug &quot;Power&quot;,Young Thug,2026 🎉,5
Young Thug,Trap,_-QxSh19nDI,Young Thug &quot;Power&quot;,Young Thug,Crazy my people bean aka beelbe shot all his first million views str8 outta Ypsilanti Michigan and he still does AMAZING VIDEOS he also shot Wit that and other check bro out,0
Young Thug,Trap,_-QxSh19nDI,Young Thug &quot;Power&quot;,Young Thug,Lil Gren was here.,0
Young Thug,Trap,_-QxSh19nDI,Young Thug &quot;Power&quot;,Young Thug,1:55,1
Young Thug,Trap,_-QxSh19nDI,Young Thug &quot;Power&quot;,Young Thug,Ymegggggg2🎉🎉🎉😂😂🎉I 🎉😮😅😊😢❤🎉😂🎉😂😂😂😂❤,0
Young Thug,Trap,_-QxSh19nDI,Young Thug &quot;Power&quot;,Young Thug,Liv❤ o0u❤w yyyyyud give same9,0
Young Thug,Trap,_-QxSh19nDI,Young Thug &quot;Power&quot;,Young Thug,beelzebub,0
Young Thug,Trap,_-QxSh19nDI,Young Thug &quot;Power&quot;,Young Thug,#10yrslater this SONG  STILL SLAPS HARD 2026 2027 2028 2029 2030 2031 2045💤🤟🏻,2
Young Thug,Trap,_-QxSh19nDI,Young Thug &quot;Power&quot;,Young Thug,I miss these days.,0
Young Thug,Trap,_-QxSh19nDI,Young Thug &quot;Power&quot;,Young Thug,prime thug era,2
Young Thug,Trap,_-QxSh19nDI,Young Thug &quot;Power&quot;,Young Thug,Or 3 idk I cant see!,0
Young Thug,Trap,_-QxSh19nDI,Young Thug &quot;Power&quot;,Young Thug,Messed up here. And cut my dick fuckin some bitch? Dickhead put 3 staples in me working m on promises. Im 4 females,0
Young Thug,Trap,_-QxSh19nDI,Young Thug &quot;Power&quot;,Young Thug,ah esta es la versión en ingles de la de dicc,0
Young Thug,Trap,_-QxSh19nDI,Young Thug &quot;Power&quot;,Young Thug,This is a bahd song,0
Young Thug,Trap,_-QxSh19nDI,Young Thug &quot;Power&quot;,Young Thug,Give everything to have 2015 thug back,3
Young Thug,Trap,_-QxSh19nDI,Young Thug &quot;Power&quot;,Young Thug,❤❤,0
Young Thug,Trap,_-QxSh19nDI,Young Thug &quot;Power&quot;,Young Thug,Preserve this in a museum,0
Young Thug,Trap,_-QxSh19nDI,Young Thug &quot;Power&quot;,Young Thug,First Song of The Day💯👌🏾,1
Young Thug,Trap,_-QxSh19nDI,Young Thug &quot;Power&quot;,Young Thug,Yes!!!!!,0
Young Thug,Trap,_-QxSh19nDI,Young Thug &quot;Power&quot;,Young Thug,Who gets last 😂?,0
Young Thug,Trap,_-QxSh19nDI,Young Thug &quot;Power&quot;,Young Thug,2026 anyone,2
Young Thug,Trap,_-QxSh19nDI,Young Thug &quot;Power&quot;,Young Thug,Bro in white was missing every shot 😂😂,6
Young Thug,Trap,_-QxSh19nDI,Young Thug &quot;Power&quot;,Young Thug,2026 anyone?,0
Young Thug,Trap,_-QxSh19nDI,Young Thug &quot;Power&quot;,Young Thug,20……..,0
Young Thug,Trap,_-QxSh19nDI,Young Thug &quot;Power&quot;,Young Thug,This song is so nostalgic...takes me way back good times and bad times,3
Young Thug,Trap,_-QxSh19nDI,Young Thug &quot;Power&quot;,Young Thug,(903) still listening! On 2026,0
Young Thug,Trap,_-QxSh19nDI,Young Thug &quot;Power&quot;,Young Thug,This song is till 2035,0
Young Thug,Trap,_-QxSh19nDI,Young Thug &quot;Power&quot;,Young Thug,2026 another one for this,0
Young Thug,Trap,_-QxSh19nDI,Young Thug &quot;Power&quot;,Young Thug,"Sold my soul to the devil to be rich and famous
❤❤❤❤",0
Young Thug,Trap,_-QxSh19nDI,Young Thug &quot;Power&quot;,Young Thug,I dig it I eat ice cream with my chickens 🐓 1:58,0
Young Thug,Trap,_-QxSh19nDI,Young Thug &quot;Power&quot;,Young Thug,😊😊😊😊😊😊😊😊😊😊😊😊,0
Young Thug,Trap,_-QxSh19nDI,Young Thug &quot;Power&quot;,Young Thug,2026 🎉,1
Young Thug,Trap,_-QxSh19nDI,Young Thug &quot;Power&quot;,Young Thug,"Before I go without a sack, I swag pack",2
Young Thug,Trap,_-QxSh19nDI,Young Thug &quot;Power&quot;,Young Thug,2026 we are here 🎉🎉🎉,0
Young Thug,Trap,_-QxSh19nDI,Young Thug &quot;Power&quot;,Young Thug,diddy energy,0
Young Thug,Trap,_-QxSh19nDI,Young Thug &quot;Power&quot;,Young Thug,Joe what's happening keep your head up im from Chicago Ave and Pulaski i dig your music joe ALMIGHTY CVL I'm rooting for you a need some more music from you joe luv joe,0
Young Thug,Trap,_-QxSh19nDI,Young Thug &quot;Power&quot;,Young Thug,3026 anyone 🎉???,1
Young Thug,Trap,_-QxSh19nDI,Young Thug &quot;Power&quot;,Young Thug,"The next time I'm listening to this in my GTR R35 ,AMEN.",0
Young Thug,Trap,_-QxSh19nDI,Young Thug &quot;Power&quot;,Young Thug,GTA 6 SOON 🎉🎉🎉,1
Young Thug,Trap,_-QxSh19nDI,Young Thug &quot;Power&quot;,Young Thug,"Actually though, I’m feelin a way about his trumpin round town. Havin a hard time separating the boys music from his actions. Tired a making excuses fa these boyz",0
Young Thug,Trap,_-QxSh19nDI,Young Thug &quot;Power&quot;,Young Thug,Yes! and Uh huh!,1
Young Thug,Trap,_-QxSh19nDI,Young Thug &quot;Power&quot;,Young Thug,2026 still goes hard,1
Young Thug,Trap,_-QxSh19nDI,Young Thug &quot;Power&quot;,Young Thug,Who HERE 🦍2026,2
Young Thug,Trap,_-QxSh19nDI,Young Thug &quot;Power&quot;,Young Thug,Don’t care what anyone say thug u mah favorite artist till death been bumping your music since 2015 in dah 7th grade ❤️,3
Young Thug,Trap,_-QxSh19nDI,Young Thug &quot;Power&quot;,Young Thug,2026 Jan,0
Young Thug,Trap,_-QxSh19nDI,Young Thug &quot;Power&quot;,Young Thug,It’s the punctuation for me 😍😍😍😍🤤🤭 oopsie,1
Young Thug,Trap,_-QxSh19nDI,Young Thug &quot;Power&quot;,Young Thug,2:11 pig pinnyh tidae pig pinnyh pinnyh,0
Young Thug,Trap,_-QxSh19nDI,Young Thug &quot;Power&quot;,Young Thug,This song never gets old😅,1
Young Thug,Trap,_-QxSh19nDI,Young Thug &quot;Power&quot;,Young Thug,🔥,0
Young Thug,Trap,_-QxSh19nDI,Young Thug &quot;Power&quot;,Young Thug,Wezo backkkkkk,0
Young Thug,Trap,_-QxSh19nDI,Young Thug &quot;Power&quot;,Young Thug,Liberty Harris Sharon kelley they are bad people,0
Young Thug,Trap,_-QxSh19nDI,Young Thug &quot;Power&quot;,Young Thug,Bad,0
Young Thug,Trap,_-QxSh19nDI,Young Thug &quot;Power&quot;,Young Thug,No talent. No meat on them bones. How he even stand up. A little windy day would take his ass away.  .. come on storm!! Shit ass talent.,0
Young Thug,Trap,_-QxSh19nDI,Young Thug &quot;Power&quot;,Young Thug,2026 anyonneeee😂,0
Young Thug,Trap,_-QxSh19nDI,Young Thug &quot;Power&quot;,Young Thug,NEEDS TO BE LONGER!! WHAT'S UP WITH THESE 2 MINUTE SONGS??,0
Young Thug,Trap,_-QxSh19nDI,Young Thug &quot;Power&quot;,Young Thug,2027 anyone,0
Young Thug,Trap,_-QxSh19nDI,Young Thug &quot;Power&quot;,Young Thug,2026 ?,1
Young Thug,Trap,_-QxSh19nDI,Young Thug &quot;Power&quot;,Young Thug,2045 anyone??,2
Young Thug,Trap,_-QxSh19nDI,Young Thug &quot;Power&quot;,Young Thug,This trash human being doesn’t know a thing about power. He doesn’t even have an IQ to begin to fathom the word power. If he had power he wouldn’t be in the lifestyle he is he’s just a bitch.,0
Young Thug,Trap,_-QxSh19nDI,Young Thug &quot;Power&quot;,Young Thug,My shit,0
Young Thug,Trap,_-QxSh19nDI,Young Thug &quot;Power&quot;,Young Thug,2026 anyone ?! Banger !!!,1819
Young Thug,Trap,_-QxSh19nDI,Young Thug &quot;Power&quot;,Young Thug,2026 anyone here?,0
Young Thug,Trap,_-QxSh19nDI,Young Thug &quot;Power&quot;,Young Thug,2026 anyone?,0
Young Thug,Trap,_-QxSh19nDI,Young Thug &quot;Power&quot;,Young Thug,We in hurr 2026! Hmong gang chiddy shank.,0
Young Thug,Trap,_-QxSh19nDI,Young Thug &quot;Power&quot;,Young Thug,2026 tap in,0
Young Thug,Trap,_-QxSh19nDI,Young Thug &quot;Power&quot;,Young Thug,Happy new year 2026 ... This is record😂😂😂😂,0
Young Thug,Trap,_-QxSh19nDI,Young Thug &quot;Power&quot;,Young Thug,❤❤❤❤❤❤❤❤❤❤,0
Young Thug,Trap,_-QxSh19nDI,Young Thug &quot;Power&quot;,Young Thug,2026 we littt,0
Young Thug,Trap,_-QxSh19nDI,Young Thug &quot;Power&quot;,Young Thug,"2026 STILL 🔥🔥🔥
WHO HERE???",0
Young Thug,Trap,_-QxSh19nDI,Young Thug &quot;Power&quot;,Young Thug,2026???,0
Young Thug,Trap,_-QxSh19nDI,Young Thug &quot;Power&quot;,Young Thug,i love this song,1
Young Thug,Trap,_-QxSh19nDI,Young Thug &quot;Power&quot;,Young Thug,2026 anyone?🔥,0
Young Thug,Trap,_-QxSh19nDI,Young Thug &quot;Power&quot;,Young Thug,Best of the best,0
Young Thug,Trap,_-QxSh19nDI,Young Thug &quot;Power&quot;,Young Thug,🎉,0
Young Thug,Trap,_-QxSh19nDI,Young Thug &quot;Power&quot;,Young Thug,Who's here in 2026? 🎉,0
Young Thug,Trap,_-QxSh19nDI,Young Thug &quot;Power&quot;,Young Thug,2026 😮,0
Young Thug,Trap,_-QxSh19nDI,Young Thug &quot;Power&quot;,Young Thug,My number 1 thug track,0
Young Thug,Trap,_-QxSh19nDI,Young Thug &quot;Power&quot;,Young Thug,Two clips and I’m over Hilo two lanes downward and I’m right back to him #biblecinncouldhavebeen,0
Young Thug,Trap,_-QxSh19nDI,Young Thug &quot;Power&quot;,Young Thug,Who is here in 2026 🎉,1
Young Thug,Trap,_-QxSh19nDI,Young Thug &quot;Power&quot;,Young Thug,2005 anyone ?,0
Young Thug,Trap,_-QxSh19nDI,Young Thug &quot;Power&quot;,Young Thug,If don't have money you have no power money is power🤣🤣🤣🤣🤣,7
Young Thug,Trap,_-QxSh19nDI,Young Thug &quot;Power&quot;,Young Thug,2026 anyone?,0
Young Thug,Trap,_-QxSh19nDI,Young Thug &quot;Power&quot;,Young Thug,first you get a money than you get the power,0
Young Thug,Trap,_-QxSh19nDI,Young Thug &quot;Power&quot;,Young Thug,2026! Anyone?🕋💎,0
Young Thug,Trap,_-QxSh19nDI,Young Thug &quot;Power&quot;,Young Thug,2026 anyone!?,0
Young Thug,Trap,_-QxSh19nDI,Young Thug &quot;Power&quot;,Young Thug,2026 💪🏽💪🏽i want my likes,0
Young Thug,Trap,_-QxSh19nDI,Young Thug &quot;Power&quot;,Young Thug,2026?????,0
Young Thug,Trap,_-QxSh19nDI,Young Thug &quot;Power&quot;,Young Thug,📀🔥🔥🔥🔥🔥🔥🔥🔥🔥🔥,1
Young Thug,Trap,_-QxSh19nDI,Young Thug &quot;Power&quot;,Young Thug,Who 2026,0
Young Thug,Trap,_-QxSh19nDI,Young Thug &quot;Power&quot;,Young Thug,Mood all 2026🎉,3
Young Thug,Trap,_-QxSh19nDI,Young Thug &quot;Power&quot;,Young Thug,2026 anyone?,0
Young Thug,Trap,_-QxSh19nDI,Young Thug &quot;Power&quot;,Young Thug,2026 anyone?🎉,0
Young Thug,Trap,_-QxSh19nDI,Young Thug &quot;Power&quot;,Young Thug,2026 still bumpin it,0
Young Thug,Trap,_-QxSh19nDI,Young Thug &quot;Power&quot;,Young Thug,2026🎉,0
Young Thug,Trap,_-QxSh19nDI,Young Thug &quot;Power&quot;,Young Thug,2026 is my year🎉❤😊,0
Young Thug,Trap,_-QxSh19nDI,Young Thug &quot;Power&quot;,Young Thug,2026 anyone? The greatest Young Thug song of all time!,10
Young Thug,Trap,_-QxSh19nDI,Young Thug &quot;Power&quot;,Young Thug,2026 happy new year 🎉🎉,4
Young Thug,Trap,_-QxSh19nDI,Young Thug &quot;Power&quot;,Young Thug,2026🎉❤ Thugga Thuga !! Anyone here?🥳🤫🫡🥷🏿🛸🔫,1
Young Thug,Trap,_-QxSh19nDI,Young Thug &quot;Power&quot;,Young Thug,2026 anyonneeee 😂,285
Young Thug,Trap,_-QxSh19nDI,Young Thug &quot;Power&quot;,Young Thug,Moreeeee blessing for all of us . And we gotta get some money cause you know it first you get da money then U get da Power...,2
Young Thug,Trap,_-QxSh19nDI,Young Thug &quot;Power&quot;,Young Thug,Happy new year 🎉,0
Young Thug,Trap,_-QxSh19nDI,Young Thug &quot;Power&quot;,Young Thug,2026 who dea?!!!,3
Young Thug,Trap,_-QxSh19nDI,Young Thug &quot;Power&quot;,Young Thug,2026 wya,1
Young Thug,Trap,_-QxSh19nDI,Young Thug &quot;Power&quot;,Young Thug,2046 anyone?,2
Young Thug,Trap,_-QxSh19nDI,Young Thug &quot;Power&quot;,Young Thug,🎉❤,0
Young Thug,Trap,_-QxSh19nDI,Young Thug &quot;Power&quot;,Young Thug,2:00 🌍🌍🌍🌍🌍🌍🌍🌍🌍🌍🕋⏰⌚💯💌☝️👍,0
Young Thug,Trap,_-QxSh19nDI,Young Thug &quot;Power&quot;,Young Thug,🌍🌎🌏🌏🌏🌏🌏🌏🌏🌏🌏🌏🌏🕋⌚⏰😊,0
Young Thug,Trap,_-QxSh19nDI,Young Thug &quot;Power&quot;,Young Thug,1:59 💌💯✍🤳👀🧠🦻👍,0
Young Thug,Trap,_-QxSh19nDI,Young Thug &quot;Power&quot;,Young Thug,😇🤔💌💯🤳💪🦻👀🧠✊👍🙆‍♂️🧏‍♂️🙅‍♂️✍🙏🦶🦵,0
Young Thug,Trap,_-QxSh19nDI,Young Thug &quot;Power&quot;,Young Thug,GG🧸:,1
Young Thug,Trap,_-QxSh19nDI,Young Thug &quot;Power&quot;,Young Thug,December 2025 Anyone?,5
Young Thug,Trap,_-QxSh19nDI,Young Thug &quot;Power&quot;,Young Thug,Sterk❤,0
Young Thug,Trap,_-QxSh19nDI,Young Thug &quot;Power&quot;,Young Thug,🌎🦵🦶⌚⏰🛥🛫🤔👀🤐🦻🤲🙏🤝💪🧠✊🤳🕋🤟🏼,0
Young Thug,Trap,_-QxSh19nDI,Young Thug &quot;Power&quot;,Young Thug,Power 2026,15
Young Thug,Trap,_-QxSh19nDI,Young Thug &quot;Power&quot;,Young Thug,1:12 👀⌚🤳⏰💣🦻✊🧠👊🤐,0
Young Thug,Trap,_-QxSh19nDI,Young Thug &quot;Power&quot;,Young Thug,0:30,0
Young Thug,Trap,_-QxSh19nDI,Young Thug &quot;Power&quot;,Young Thug,what a good one,0
Young Thug,Trap,_-QxSh19nDI,Young Thug &quot;Power&quot;,Young Thug,🕋🌎🧠💯🤳🙏✊🧏‍♂️🤳💣,0
Young Thug,Trap,_-QxSh19nDI,Young Thug &quot;Power&quot;,Young Thug,⌚🧏‍♂️👀⏰🌎🧠🤝💯🚤,0
Young Thug,Trap,_-QxSh19nDI,Young Thug &quot;Power&quot;,Young Thug,0:21 🌎🕋⏰⌚🛫🛥🚤,0
Young Thug,Trap,_-QxSh19nDI,Young Thug &quot;Power&quot;,Young Thug,2:07 ⌚⏰,0
Young Thug,Trap,_-QxSh19nDI,Young Thug &quot;Power&quot;,Young Thug,3:01 🤐🤔💯💣🧠👀🦻🤳💪🤝✊🙎‍♂️,0
Young Thug,Trap,_-QxSh19nDI,Young Thug &quot;Power&quot;,Young Thug,👹,0
Young Thug,Trap,_-QxSh19nDI,Young Thug &quot;Power&quot;,Young Thug,💯🤟🏼🤳👀🙆‍♂️🧠👊,0
Young Thug,Trap,_-QxSh19nDI,Young Thug &quot;Power&quot;,Young Thug,The kind of song that mark you for life ❤,0
Young Thug,Trap,_-QxSh19nDI,Young Thug &quot;Power&quot;,Young Thug,I'm from the future... Who here from 2030?.... 💪🏾😎,2
Young Thug,Trap,_-QxSh19nDI,Young Thug &quot;Power&quot;,Young Thug,0:22,0
Young Thug,Trap,_-QxSh19nDI,Young Thug &quot;Power&quot;,Young Thug,0:21,2
Young Thug,Trap,_-QxSh19nDI,Young Thug &quot;Power&quot;,Young Thug,English version when ?,0
Young Thug,Trap,_-QxSh19nDI,Young Thug &quot;Power&quot;,Young Thug,Kekra t'as lavé,0
Young Thug,Trap,_-QxSh19nDI,Young Thug &quot;Power&quot;,Young Thug,???,0
Young Thug,Trap,_-QxSh19nDI,Young Thug &quot;Power&quot;,Young Thug,how was this only 10 years ago,0
Young Thug,Trap,_-QxSh19nDI,Young Thug &quot;Power&quot;,Young Thug,Ain't no drought in the 4 cornasz hi 5.navada..,0
Young Thug,Trap,_-QxSh19nDI,Young Thug &quot;Power&quot;,Young Thug,Luv from Myanmar🐍,0
Young Thug,Trap,_-QxSh19nDI,Young Thug &quot;Power&quot;,Young Thug,How tf was he sippn lean on a hoverboard 😭😭😭,0
Young Thug,Trap,_-QxSh19nDI,Young Thug &quot;Power&quot;,Young Thug,Thugga so goated 😫,0
Young Thug,Trap,_-QxSh19nDI,Young Thug &quot;Power&quot;,Young Thug,i miss that young thug so much 😢,54
Young Thug,Trap,_-QxSh19nDI,Young Thug &quot;Power&quot;,Young Thug,Thug is a great reper still interested,0
Young Thug,Trap,_-QxSh19nDI,Young Thug &quot;Power&quot;,Young Thug,who's here 2025 jus before the year end🎉,4
Young Thug,Trap,_-QxSh19nDI,Young Thug &quot;Power&quot;,Young Thug,Parece um rapper da intro do YuYu Hakusho KKKKKKKKK,0
Young Thug,Trap,_-QxSh19nDI,Young Thug &quot;Power&quot;,Young Thug,8300 blk,0
Young Thug,Trap,_-QxSh19nDI,Young Thug &quot;Power&quot;,Young Thug,2026‼️‼️✊🏾✊🏾✊🏾,0
Young Thug,Trap,_-QxSh19nDI,Young Thug &quot;Power&quot;,Young Thug,I love you 2025 woo i love you nice,0
Young Thug,Trap,_-QxSh19nDI,Young Thug &quot;Power&quot;,Young Thug,It's Lil Wayne addi rvssion choung cray lol,0
Young Thug,Trap,_-QxSh19nDI,Young Thug &quot;Power&quot;,Young Thug,Just vibing 216,0
Young Thug,Trap,_-QxSh19nDI,Young Thug &quot;Power&quot;,Young Thug,🌨️🌨️❄️❄️❄️❄️❄️❄️ powder nose 👃👃 😂😂,1
Young Thug,Trap,_-QxSh19nDI,Young Thug &quot;Power&quot;,Young Thug,On that powda 😂😂 👃👃🐽🐽,0
Young Thug,Trap,_-QxSh19nDI,Young Thug &quot;Power&quot;,Young Thug,Thug hard,0
Young Thug,Trap,_-QxSh19nDI,Young Thug &quot;Power&quot;,Young Thug,2025 December ⛹️🏽‍♂️,2
Young Thug,Trap,_-QxSh19nDI,Young Thug &quot;Power&quot;,Young Thug,Ho!!!!,0
Young Thug,Trap,_-QxSh19nDI,Young Thug &quot;Power&quot;,Young Thug,December 2025 anyone??,1
Young Thug,Trap,_-QxSh19nDI,Young Thug &quot;Power&quot;,Young Thug,There was an accident at the end 1:21 miles north in 1:33 1:34 ❤❤❤ #6669❤❤❤ 2:02 2:09 #nc 2:22 ❤😂😂😂🎉😅😮😢#But you are not wrong 😑 and the people of India 🇮🇳 will always have the best food 🥘 for their children 🧒🏻 to have in the world 🌎,0
Young Thug,Trap,_-QxSh19nDI,Young Thug &quot;Power&quot;,Young Thug,🔥,0
Young Thug,Trap,_-QxSh19nDI,Young Thug &quot;Power&quot;,Young Thug,"Here from 2072, it’s still a hit 🥂",3
Young Thug,Trap,_-QxSh19nDI,Young Thug &quot;Power&quot;,Young Thug,🎤🎤🎤🎤🎤🎤🎤🎤🎤🎤🎤 2:49 2:50 2:50 2:50 2:50,0
Young Thug,Trap,_-QxSh19nDI,Young Thug &quot;Power&quot;,Young Thug,🎤🎤🎤🎤🎤🎤🎤🎤🎤🎤🎤 2:39 2:39 2:39 2:39 2:39,0
Young Thug,Trap,_-QxSh19nDI,Young Thug &quot;Power&quot;,Young Thug,🎤🎤🎤🎤🎤🎤🎤🎤🎤🎤 2:27 2:28 2:28 2:28 2:28,0
Young Thug,Trap,_-QxSh19nDI,Young Thug &quot;Power&quot;,Young Thug,🎤🎤🎤🎤🎤🎤🎤🎤🎤🎤 2:17,0
Young Thug,Trap,_-QxSh19nDI,Young Thug &quot;Power&quot;,Young Thug,🌹🌹🌹🌹🌹🌹🌹🌹🌹🌹🌹🌹🌹🌹🌹🌹🌹🌹🌹🌹🌹🌹🌹🌹🌹🌹🌹🌹🌹🌹🌹🌹🌹🌹🌹🌹🌹🌹🌹🌹🌹🌹🌹🌹🌹🌹🌹🌹🌹🌹🌹 1:56 1:56 1:56 1:56 1:56 1:56 1:57 1:57 1:57 1:57 1:58 1:58 1:58 1:58 1:58 1:58 1:59,0
Young Thug,Trap,_-QxSh19nDI,Young Thug &quot;Power&quot;,Young Thug,🌹🌹🌹🌹🌹🌹🌹🌹🌹🌹🌹🌹🌹🌹🌹🌹🌹🌹🌹🌹🌹🌹🌹🌹🌹🌹🌹🌹🌹🌹🌹🌹🌹🌹🌹🌹🌹🌹🌹🌹🌹🌹🌹🌹🌹🌹🌹🌹🌹🌹 0:52 0:52 0:52 0:53 0:53 0:53 0:53 0:53 0:53 0:54 0:54 0:54 0:54 0:54 0:54 0:55 0:55 0:55,0
Young Thug,Trap,_-QxSh19nDI,Young Thug &quot;Power&quot;,Young Thug,🌹🌹🌹🌹🌹🌹🌹🌹🌹🌹🌹🌹🌹🌹🌹🌹🌹🌹🌹🌹🌹🌹🌹🌹🌹🌹🌹🌹🌹🌹🌹🌹🌹🌹🌹🌹🌹🌹🌹🌹🌹🌹🌹🌹🌹🌹🌹🌹🌹🌹 0:30 0:30 0:31 0:31 0:31 0:31 0:31 0:32 0:32 0:32 0:32 0:32 0:32 0:33 0:33 0:33 0:33 0:33,0
Young Thug,Trap,_-QxSh19nDI,Young Thug &quot;Power&quot;,Young Thug,beatifull joven and voice,0
Young Thug,Trap,_-QxSh19nDI,Young Thug &quot;Power&quot;,Young Thug,We right here 2026!,1
Young Thug,Trap,_-QxSh19nDI,Young Thug &quot;Power&quot;,Young Thug,"Their expecting to much for rewards ,you can do better literally anywhere .",0
Young Thug,Trap,_-QxSh19nDI,Young Thug &quot;Power&quot;,Young Thug,"Their expecting to much for rewards ,you can do better literally anywhere .",0
Young Thug,Trap,_-QxSh19nDI,Young Thug &quot;Power&quot;,Young Thug,Podeeeerioooooooooooooo,0
Young Thug,Trap,_-QxSh19nDI,Young Thug &quot;Power&quot;,Young Thug,December 2025,2
Young Thug,Trap,_-QxSh19nDI,Young Thug &quot;Power&quot;,Young Thug,Pushin P,1
Young Thug,Trap,_-QxSh19nDI,Young Thug &quot;Power&quot;,Young Thug,I know dawg looking back at these vids like damn I was skinny asf lol 😂,0
Young Thug,Trap,_-QxSh19nDI,Young Thug &quot;Power&quot;,Young Thug,Hello to all the remote workers,0
Young Thug,Trap,_-QxSh19nDI,Young Thug &quot;Power&quot;,Young Thug,Whats good my brother,0
Young Thug,Trap,_-QxSh19nDI,Young Thug &quot;Power&quot;,Young Thug,#223 0:54 #412 1:14 o 1:20 2:03 2:36 $$$ #HomarCorral 3:02 #chihuahua,0
Young Thug,Trap,_-QxSh19nDI,Young Thug &quot;Power&quot;,Young Thug,Hot 💥💣👌 i love young thug 😭😭,0
Young Thug,Trap,_-QxSh19nDI,Young Thug &quot;Power&quot;,Young Thug,Right after the Cash comes Power!,1
Young Thug,Trap,_-QxSh19nDI,Young Thug &quot;Power&quot;,Young Thug,Gate C,0
Young Thug,Trap,_-QxSh19nDI,Young Thug &quot;Power&quot;,Young Thug,Mkebejoowzey,1
Young Thug,Trap,_-QxSh19nDI,Young Thug &quot;Power&quot;,Young Thug,Amma hotnigga🖕,0
Young Thug,Trap,_-QxSh19nDI,Young Thug &quot;Power&quot;,Young Thug,Absolutely Incredible 🙏🫶🙏,0
Young Thug,Trap,_-QxSh19nDI,Young Thug &quot;Power&quot;,Young Thug,06/12/2025 ❤,0
Young Thug,Trap,_-QxSh19nDI,Young Thug &quot;Power&quot;,Young Thug,"Tem um vídeo que tá Mc Kevin o Mc PH e o Mc Ig na beira da piscina escutando esse som, Sdds Kevin, Relíquia",0
Young Thug,Trap,_-QxSh19nDI,Young Thug &quot;Power&quot;,Young Thug,Power in 2025 show up,1
Young Thug,Trap,_-QxSh19nDI,Young Thug &quot;Power&quot;,Young Thug,KILL EM ALL ON THIS PLATFORM THAT AINT WIT ME THE NET BELONGS TO US - GOD,0
Young Thug,Trap,_-QxSh19nDI,Young Thug &quot;Power&quot;,Young Thug,2030 anyone ??👑🇦🇴🔥,1
Young Thug,Trap,_-QxSh19nDI,Young Thug &quot;Power&quot;,Young Thug,"Esse som é Zika,alguém em 2025? Quase 2026 😂🎉",0
Young Thug,Trap,_-QxSh19nDI,Young Thug &quot;Power&quot;,Young Thug,Yessir,0
Young Thug,Trap,_-QxSh19nDI,Young Thug &quot;Power&quot;,Young Thug,Just might be,0
Young Thug,Trap,_-QxSh19nDI,Young Thug &quot;Power&quot;,Young Thug,🔥🔥🔥,0
Young Thug,Trap,_-QxSh19nDI,Young Thug &quot;Power&quot;,Young Thug,Fire ❤️‍🔥 🔥 🔥🔥🔥🔥🔥,0
Young Thug,Trap,_-QxSh19nDI,Young Thug &quot;Power&quot;,Young Thug,"2025 and forever 
The Real Goat Young Thug 
!!!!!!!!!!!!!!!!",0
Young Thug,Trap,_-QxSh19nDI,Young Thug &quot;Power&quot;,Young Thug,En woute pou 2026,0
Young Thug,Trap,_-QxSh19nDI,Young Thug &quot;Power&quot;,Young Thug,❤,0
Young Thug,Trap,_-QxSh19nDI,Young Thug &quot;Power&quot;,Young Thug,4ever,0
Young Thug,Trap,_-QxSh19nDI,Young Thug &quot;Power&quot;,Young Thug,2052??,0
Young Thug,Trap,_-QxSh19nDI,Young Thug &quot;Power&quot;,Young Thug,2025 anyone?,1
Young Thug,Trap,_-QxSh19nDI,Young Thug &quot;Power&quot;,Young Thug,I still can't get over the fact that bruh dunked on a 8ft hoop 🫤,0
Young Thug,Trap,_-QxSh19nDI,Young Thug &quot;Power&quot;,Young Thug,❤️,0
Young Thug,Trap,_-QxSh19nDI,Young Thug &quot;Power&quot;,Young Thug,Edith marbelin perdomo,0
Young Thug,Trap,_-QxSh19nDI,Young Thug &quot;Power&quot;,Young Thug,Edith marbelin perdomo 😂❤,0
Young Thug,Trap,_-QxSh19nDI,Young Thug &quot;Power&quot;,Young Thug,yeyee,0
Young Thug,Trap,_-QxSh19nDI,Young Thug &quot;Power&quot;,Young Thug,"Thug background man wasn't easy,a young boy trying to make it were older siblings failed and trusted,feel me,it was like boy u doing it or its over 4 us,that means rushing everything music,deals,acceptence etc",0
Young Thug,Trap,_-QxSh19nDI,Young Thug &quot;Power&quot;,Young Thug,"1.46 - 1.57 ISH, where do I know that background flute or whatever it is from ! Takes me back to my childhood but I can't figure it out. HELP",0
Young Thug,Trap,_-QxSh19nDI,Young Thug &quot;Power&quot;,Young Thug,I EAT ICE CREAM WITH MY CHICKEN!!!,0
Young Thug,Trap,_-QxSh19nDI,Young Thug &quot;Power&quot;,Young Thug,Bro did this this video on a 50$ budget and used a fake Chinese monestary and ended up making bank from this shit.,1
Young Thug,Trap,_-QxSh19nDI,Young Thug &quot;Power&quot;,Young Thug,Very Lil Wayne coded,0
Young Thug,Trap,_-QxSh19nDI,Young Thug &quot;Power&quot;,Young Thug,"This man changed the game believe it or not
Can't deny YOUNG THUG been in his bag since day one, but that HIPVIEWS DAWT CAWM boost is on another level! Dude’s literally unstoppable now. 🔥💥",2
Young Thug,Trap,_-QxSh19nDI,Young Thug &quot;Power&quot;,Young Thug,Song still hard 😩,1
Young Thug,Trap,_-QxSh19nDI,Young Thug &quot;Power&quot;,Young Thug,November 2025 ✊🏿......always a banger song🔥🔥💯,5
Young Thug,Trap,_-QxSh19nDI,Young Thug &quot;Power&quot;,Young Thug,I'll never stop loving this guy.❤️🔥🔥🗝,0
Young Thug,Trap,_-QxSh19nDI,Young Thug &quot;Power&quot;,Young Thug,This song changed lives…,0
Young Thug,Trap,_-QxSh19nDI,Young Thug &quot;Power&quot;,Young Thug,1:00 ❤❤❤❤❤❤❤❤❤❤❤,0
Young Thug,Trap,_-QxSh19nDI,Young Thug &quot;Power&quot;,Young Thug,Love you thug,0
Young Thug,Trap,_-QxSh19nDI,Young Thug &quot;Power&quot;,Young Thug,Novembro 22/11/2025🇧🇷✌🏻,0
Young Thug,Trap,_-QxSh19nDI,Young Thug &quot;Power&quot;,Young Thug,NICK G MUSIC OUT NOW ON ALL STREAMING PLATFORMS 🏁👁️,0
Young Thug,Trap,_-QxSh19nDI,Young Thug &quot;Power&quot;,Young Thug,Who’s the guy talking in the background at 2:46 - 2:53,0
Young Thug,Trap,_-QxSh19nDI,Young Thug &quot;Power&quot;,Young Thug,so glad youtube reminded me of this song,0
Young Thug,Trap,_-QxSh19nDI,Young Thug &quot;Power&quot;,Young Thug,00/20,0
Young Thug,Trap,_-QxSh19nDI,Young Thug &quot;Power&quot;,Young Thug,2:40 Bruh ain’t have to do lil dude like dat 🤣🤣😭😭😭😭😭,1
Young Thug,Trap,_-QxSh19nDI,Young Thug &quot;Power&quot;,Young Thug,THUGGY,0
Young Thug,Trap,_-QxSh19nDI,Young Thug &quot;Power&quot;,Young Thug,ppapillon,0
Young Thug,Trap,_-QxSh19nDI,Young Thug &quot;Power&quot;,Young Thug,+ -,0
Young Thug,Trap,_-QxSh19nDI,Young Thug &quot;Power&quot;,Young Thug,tuning,0
Young Thug,Trap,_-QxSh19nDI,Young Thug &quot;Power&quot;,Young Thug,north africa boss sheraazade,0
Young Thug,Trap,_-QxSh19nDI,Young Thug &quot;Power&quot;,Young Thug,haremama,0
Young Thug,Trap,_-QxSh19nDI,Young Thug &quot;Power&quot;,Young Thug,🇲🇿🇲🇿🇲🇿,0
Young Thug,Trap,_-QxSh19nDI,Young Thug &quot;Power&quot;,Young Thug,2026 anybody?,0
Young Thug,Trap,_-QxSh19nDI,Young Thug &quot;Power&quot;,Young Thug,2026 rebrand incoming!! Like for a ticket 💯,3
Young Thug,Trap,_-QxSh19nDI,Young Thug &quot;Power&quot;,Young Thug,🇰🇪 clean 💯💯🔥🔥,0
Young Thug,Trap,_-QxSh19nDI,Young Thug &quot;Power&quot;,Young Thug,DEEPAK,0
Young Thug,Trap,_-QxSh19nDI,Young Thug &quot;Power&quot;,Young Thug,He was 97 overall here,2
Young Thug,Trap,_-QxSh19nDI,Young Thug &quot;Power&quot;,Young Thug,Lifestyle YoungThug 🔥,0
Young Thug,Trap,_-QxSh19nDI,Young Thug &quot;Power&quot;,Young Thug,😍😍🔥,0
Young Thug,Trap,_-QxSh19nDI,Young Thug &quot;Power&quot;,Young Thug,Thug 🐐,0
Young Thug,Trap,_-QxSh19nDI,Young Thug &quot;Power&quot;,Young Thug,O hit atemporal,0
Young Thug,Trap,_-QxSh19nDI,Young Thug &quot;Power&quot;,Young Thug,Still not available on Spotify 😢,0
Young Thug,Trap,_-QxSh19nDI,Young Thug &quot;Power&quot;,Young Thug,GTV BOYSSSS,0
Young Thug,Trap,cTGQrA5HHIU,Young Thug &quot;With That&quot; featuring Duke,Young Thug,Who else notice gunna,0
Young Thug,Trap,cTGQrA5HHIU,Young Thug &quot;With That&quot; featuring Duke,Young Thug,Still… it’s a you’re welcome,0
Young Thug,Trap,cTGQrA5HHIU,Young Thug &quot;With That&quot; featuring Duke,Young Thug,"Did He Say, Come On Chat"". 🫀🫁🧠🫀Be Knew The Future. TYBG 🙏🏾🕊️🫱🏾‍🫲🏿🐐",0
Young Thug,Trap,cTGQrA5HHIU,Young Thug &quot;With That&quot; featuring Duke,Young Thug,My bitch she a jew! 🔯🕎,0
Young Thug,Trap,cTGQrA5HHIU,Young Thug &quot;With That&quot; featuring Duke,Young Thug,My bitch she is jew 😂,0
Young Thug,Trap,cTGQrA5HHIU,Young Thug &quot;With That&quot; featuring Duke,Young Thug,2026 who's still here amd still going,0
Young Thug,Trap,cTGQrA5HHIU,Young Thug &quot;With That&quot; featuring Duke,Young Thug,Gotta go take my trash,0
Young Thug,Trap,cTGQrA5HHIU,Young Thug &quot;With That&quot; featuring Duke,Young Thug,1:13 💀,0
Young Thug,Trap,cTGQrA5HHIU,Young Thug &quot;With That&quot; featuring Duke,Young Thug,🚬🚬🎧🎧,0
Young Thug,Trap,cTGQrA5HHIU,Young Thug &quot;With That&quot; featuring Duke,Young Thug,prime young thug,0
Young Thug,Trap,cTGQrA5HHIU,Young Thug &quot;With That&quot; featuring Duke,Young Thug,Just had to come through to hear this classic early in the morning,0
Young Thug,Trap,cTGQrA5HHIU,Young Thug &quot;With That&quot; featuring Duke,Young Thug,anyone 2026?,2
Young Thug,Trap,cTGQrA5HHIU,Young Thug &quot;With That&quot; featuring Duke,Young Thug,Slide,0
Young Thug,Trap,cTGQrA5HHIU,Young Thug &quot;With That&quot; featuring Duke,Young Thug,Forever a classic,0
Young Thug,Trap,cTGQrA5HHIU,Young Thug &quot;With That&quot; featuring Duke,Young Thug,😂😂😂2026,0
Young Thug,Trap,cTGQrA5HHIU,Young Thug &quot;With That&quot; featuring Duke,Young Thug,"Dirty thug wasn’t one to
Play with ❤❤❤❤",1
Young Thug,Trap,cTGQrA5HHIU,Young Thug &quot;With That&quot; featuring Duke,Young Thug,🔥🔥🔥🔥🔥🔥🔥🔥🔥🔥😎🧑🏾‍🔧🚘🚗👨🏾‍🏭🇦🇬🏝,0
Young Thug,Trap,cTGQrA5HHIU,Young Thug &quot;With That&quot; featuring Duke,Young Thug,shrooms XD,0
Young Thug,Trap,cTGQrA5HHIU,Young Thug &quot;With That&quot; featuring Duke,Young Thug,2:47 Gunna Spotted 😁😁😁,1
Young Thug,Trap,cTGQrA5HHIU,Young Thug &quot;With That&quot; featuring Duke,Young Thug,“My money stand as tall as Ludacris afro” is that what he said ?,0
Young Thug,Trap,cTGQrA5HHIU,Young Thug &quot;With That&quot; featuring Duke,Young Thug,Banger 🎉🎉🎉🎉❤❤❤😂🎉🎉🎉,0
Young Thug,Trap,cTGQrA5HHIU,Young Thug &quot;With That&quot; featuring Duke,Young Thug,Every Sjava fan needs to know this by heart before he legendified.,0
Young Thug,Trap,cTGQrA5HHIU,Young Thug &quot;With That&quot; featuring Duke,Young Thug,🔥🔥🔥🔥🔥,0
Young Thug,Trap,cTGQrA5HHIU,Young Thug &quot;With That&quot; featuring Duke,Young Thug,generational to this day,1
Young Thug,Trap,cTGQrA5HHIU,Young Thug &quot;With That&quot; featuring Duke,Young Thug,Y'all still here ??? 2026???,0
Young Thug,Trap,cTGQrA5HHIU,Young Thug &quot;With That&quot; featuring Duke,Young Thug,is he still in prison?,0
Young Thug,Trap,cTGQrA5HHIU,Young Thug &quot;With That&quot; featuring Duke,Young Thug,This was weed music. They don't make it like this anymore,51
Young Thug,Trap,cTGQrA5HHIU,Young Thug &quot;With That&quot; featuring Duke,Young Thug,2026?,2
Young Thug,Trap,cTGQrA5HHIU,Young Thug &quot;With That&quot; featuring Duke,Young Thug,Keyara miller screaming at me,0
Young Thug,Trap,cTGQrA5HHIU,Young Thug &quot;With That&quot; featuring Duke,Young Thug,What am i do with that?,0
Young Thug,Trap,cTGQrA5HHIU,Young Thug &quot;With That&quot; featuring Duke,Young Thug,https://youtube.com/shorts/tklEBvmqHRk?is=P4CXMSn_TW66aJhh,0
Young Thug,Trap,cTGQrA5HHIU,Young Thug &quot;With That&quot; featuring Duke,Young Thug,Shanieeeeeeeeeee,0
Young Thug,Trap,cTGQrA5HHIU,Young Thug &quot;With That&quot; featuring Duke,Young Thug,Legendary tune,0
Young Thug,Trap,cTGQrA5HHIU,Young Thug &quot;With That&quot; featuring Duke,Young Thug,🤘,0
Young Thug,Trap,cTGQrA5HHIU,Young Thug &quot;With That&quot; featuring Duke,Young Thug,Only wale can do it like this,0
Young Thug,Trap,cTGQrA5HHIU,Young Thug &quot;With That&quot; featuring Duke,Young Thug,Bro this like 80% of the underground rap scene right now...😂,2
Young Thug,Trap,cTGQrA5HHIU,Young Thug &quot;With That&quot; featuring Duke,Young Thug,Thug needs to do a pt.2,0
Young Thug,Trap,cTGQrA5HHIU,Young Thug &quot;With That&quot; featuring Duke,Young Thug,I thought Upu dont edit,0
Young Thug,Trap,cTGQrA5HHIU,Young Thug &quot;With That&quot; featuring Duke,Young Thug,1169,0
Young Thug,Trap,cTGQrA5HHIU,Young Thug &quot;With That&quot; featuring Duke,Young Thug,bro really said my bitch is a jew lol,0
Young Thug,Trap,cTGQrA5HHIU,Young Thug &quot;With That&quot; featuring Duke,Young Thug,2026 im still here,6
Young Thug,Trap,cTGQrA5HHIU,Young Thug &quot;With That&quot; featuring Duke,Young Thug,Yaaaou😂😂,0
Young Thug,Trap,cTGQrA5HHIU,Young Thug &quot;With That&quot; featuring Duke,Young Thug,June 2026 say hi,0
Young Thug,Trap,cTGQrA5HHIU,Young Thug &quot;With That&quot; featuring Duke,Young Thug,Who here in 2027 🤔😭,0
Young Thug,Trap,cTGQrA5HHIU,Young Thug &quot;With That&quot; featuring Duke,Young Thug,Unc till this day hitting the moves,0
Young Thug,Trap,cTGQrA5HHIU,Young Thug &quot;With That&quot; featuring Duke,Young Thug,7    0:07 0:08 0:10 0:10 2:27 1:30 1:07 0:48,0
Young Thug,Trap,cTGQrA5HHIU,Young Thug &quot;With That&quot; featuring Duke,Young Thug,2027???,0
Young Thug,Trap,cTGQrA5HHIU,Young Thug &quot;With That&quot; featuring Duke,Young Thug,Who’s here today💚,0
Young Thug,Trap,cTGQrA5HHIU,Young Thug &quot;With That&quot; featuring Duke,Young Thug,"Ooh my ear 👂""churume, churumee""🥸 ""true the man, true the man""😮",0
Young Thug,Trap,cTGQrA5HHIU,Young Thug &quot;With That&quot; featuring Duke,Young Thug,🎃☑️❔,0
Young Thug,Trap,cTGQrA5HHIU,Young Thug &quot;With That&quot; featuring Duke,Young Thug,Listening this song since 8 years but at 2:47 you can watch gunna he’s at background . How he’s struggled hard now at the top ✨🔥,0
Young Thug,Trap,cTGQrA5HHIU,Young Thug &quot;With That&quot; featuring Duke,Young Thug,Monday morning and Genesis ruffin luxury mom,0
Young Thug,Trap,cTGQrA5HHIU,Young Thug &quot;With That&quot; featuring Duke,Young Thug,"gunna is literally sitting right there, soaking up all the game from thug",0
Young Thug,Trap,cTGQrA5HHIU,Young Thug &quot;With That&quot; featuring Duke,Young Thug,Лучший трек таггера,0
Young Thug,Trap,cTGQrA5HHIU,Young Thug &quot;With That&quot; featuring Duke,Young Thug,2026 still here 👌🏻,0
Young Thug,Trap,cTGQrA5HHIU,Young Thug &quot;With That&quot; featuring Duke,Young Thug,Que buen tema wacho,0
Young Thug,Trap,cTGQrA5HHIU,Young Thug &quot;With That&quot; featuring Duke,Young Thug,Goat of Atlanta,0
Young Thug,Trap,cTGQrA5HHIU,Young Thug &quot;With That&quot; featuring Duke,Young Thug,this song so tuff,2
Young Thug,Trap,cTGQrA5HHIU,Young Thug &quot;With That&quot; featuring Duke,Young Thug,I've been listening to you since 2010 in Poland and it's one of those straws that I love and I'm waiting for more,0
Young Thug,Trap,cTGQrA5HHIU,Young Thug &quot;With That&quot; featuring Duke,Young Thug,oops... its a hit,0
Young Thug,Trap,cTGQrA5HHIU,Young Thug &quot;With That&quot; featuring Duke,Young Thug,"2026, Brasil 
As musicas desse mano sao atemporal,  lembro so eu escutava esse tipo no ensino médio a 8 anos atras. E continuo aqui",0
Young Thug,Trap,cTGQrA5HHIU,Young Thug &quot;With That&quot; featuring Duke,Young Thug,Banger,0
Young Thug,Trap,cTGQrA5HHIU,Young Thug &quot;With That&quot; featuring Duke,Young Thug,The way Duke entered its beautiful...,1
Young Thug,Trap,cTGQrA5HHIU,Young Thug &quot;With That&quot; featuring Duke,Young Thug,YOUNG THUG❤❤❤❤❤❤BEST SONG EVER!!!,1
Young Thug,Trap,cTGQrA5HHIU,Young Thug &quot;With That&quot; featuring Duke,Young Thug,"May 30th, 2026. Still coming back to this banger.",0
Young Thug,Trap,cTGQrA5HHIU,Young Thug &quot;With That&quot; featuring Duke,Young Thug,2026 e nós Aki forever eterna 🔥🔥🔥🔥🔥🔥🔥🔥🔥🔥,0
Young Thug,Trap,cTGQrA5HHIU,Young Thug &quot;With That&quot; featuring Duke,Young Thug,"THUG IS FREE 😭❤❤
Can't deny Young Thug been in his bag since day one, but that AUTHENTIC VIEWS DAWT CAWM boost is on another level! Dude’s literally unstoppable now. 🔥💥",7
Young Thug,Trap,cTGQrA5HHIU,Young Thug &quot;With That&quot; featuring Duke,Young Thug,YUH,2
Young Thug,Trap,cTGQrA5HHIU,Young Thug &quot;With That&quot; featuring Duke,Young Thug,London na traco,1
Young Thug,Trap,cTGQrA5HHIU,Young Thug &quot;With That&quot; featuring Duke,Young Thug,2026 who still here 😅🙋🏾‍♂️,4
Young Thug,Trap,cTGQrA5HHIU,Young Thug &quot;With That&quot; featuring Duke,Young Thug,VOLVI CASI DESPUES DE 11 AÑOS 🤩,0
Young Thug,Trap,cTGQrA5HHIU,Young Thug &quot;With That&quot; featuring Duke,Young Thug,We still live,0
Young Thug,Trap,cTGQrA5HHIU,Young Thug &quot;With That&quot; featuring Duke,Young Thug,eggman fukman,0
Young Thug,Trap,cTGQrA5HHIU,Young Thug &quot;With That&quot; featuring Duke,Young Thug,2:47 its wunna fr,2
Young Thug,Trap,cTGQrA5HHIU,Young Thug &quot;With That&quot; featuring Duke,Young Thug,Barter 6 Stilll Legendary,0
Young Thug,Trap,cTGQrA5HHIU,Young Thug &quot;With That&quot; featuring Duke,Young Thug,VidEO EffEcts  sUPEr💥DOpe,0
Young Thug,Trap,cTGQrA5HHIU,Young Thug &quot;With That&quot; featuring Duke,Young Thug,How the girls hear Sabrina carpentier:,36
Young Thug,Trap,cTGQrA5HHIU,Young Thug &quot;With That&quot; featuring Duke,Young Thug,2026?,0
Young Thug,Trap,cTGQrA5HHIU,Young Thug &quot;With That&quot; featuring Duke,Young Thug,T,0
Young Thug,Trap,cTGQrA5HHIU,Young Thug &quot;With That&quot; featuring Duke,Young Thug,Str8 real shit,0
Young Thug,Trap,cTGQrA5HHIU,Young Thug &quot;With That&quot; featuring Duke,Young Thug,2:24 😂,0
Young Thug,Trap,cTGQrA5HHIU,Young Thug &quot;With That&quot; featuring Duke,Young Thug,Super hot 😊😊😊,0
Young Thug,Trap,cTGQrA5HHIU,Young Thug &quot;With That&quot; featuring Duke,Young Thug,Anyone in 2026🎉🎉🎉🎉,1
Young Thug,Trap,cTGQrA5HHIU,Young Thug &quot;With That&quot; featuring Duke,Young Thug,❤,0
Young Thug,Trap,cTGQrA5HHIU,Young Thug &quot;With That&quot; featuring Duke,Young Thug,🕉️❤,1
Young Thug,Trap,cTGQrA5HHIU,Young Thug &quot;With That&quot; featuring Duke,Young Thug,2026,0
Young Thug,Trap,cTGQrA5HHIU,Young Thug &quot;With That&quot; featuring Duke,Young Thug,🙏,1
Young Thug,Trap,cTGQrA5HHIU,Young Thug &quot;With That&quot; featuring Duke,Young Thug,Young thug changed the whole rap game with this style and it still slaps,1
Young Thug,Trap,cTGQrA5HHIU,Young Thug &quot;With That&quot; featuring Duke,Young Thug,wait so nine vicious took my bitch is a jew from thug tooooooo,1
Young Thug,Trap,cTGQrA5HHIU,Young Thug &quot;With That&quot; featuring Duke,Young Thug,i wore this song out in middle school 🤣,3
Young Thug,Trap,cTGQrA5HHIU,Young Thug &quot;With That&quot; featuring Duke,Young Thug,Who saw Gunna??,0
Young Thug,Trap,cTGQrA5HHIU,Young Thug &quot;With That&quot; featuring Duke,Young Thug,Skinny sticks run wild lol.,1
Young Thug,Trap,cTGQrA5HHIU,Young Thug &quot;With That&quot; featuring Duke,Young Thug,who saw gunna in the vidz?,0
Young Thug,Trap,cTGQrA5HHIU,Young Thug &quot;With That&quot; featuring Duke,Young Thug,❤❤❤❤❤❤🔥🔥🔥🔥🔥,1
Young Thug,Trap,cTGQrA5HHIU,Young Thug &quot;With That&quot; featuring Duke,Young Thug,So schön am Wochenende geht's wieder in den Wald mal schauen wer da so Rum liegt 😉 LG,2
Young Thug,Trap,cTGQrA5HHIU,Young Thug &quot;With That&quot; featuring Duke,Young Thug,Im here like I never left 🦫 true religion budda man 😎,1
Young Thug,Trap,cTGQrA5HHIU,Young Thug &quot;With That&quot; featuring Duke,Young Thug,Still 🔥🔥🔥🔥🔥🔥🔥2026,0
Young Thug,Trap,cTGQrA5HHIU,Young Thug &quot;With That&quot; featuring Duke,Young Thug,"Вышка трэпа это челик,был есть и будет!",1
Young Thug,Trap,cTGQrA5HHIU,Young Thug &quot;With That&quot; featuring Duke,Young Thug,this song was ahead of its time 😭,1
Young Thug,Trap,cTGQrA5HHIU,Young Thug &quot;With That&quot; featuring Duke,Young Thug,The name alone should tell you greatness is coming! 😂😂😂,1
Young Thug,Trap,cTGQrA5HHIU,Young Thug &quot;With That&quot; featuring Duke,Young Thug,Banger2026🔥🔥🔥,1
Young Thug,Trap,cTGQrA5HHIU,Young Thug &quot;With That&quot; featuring Duke,Young Thug,2:47 Gunna looks innocent 😂,0
Young Thug,Trap,cTGQrA5HHIU,Young Thug &quot;With That&quot; featuring Duke,Young Thug,2026 till 2099 I'll still vibe to this song dame,0
Young Thug,Trap,cTGQrA5HHIU,Young Thug &quot;With That&quot; featuring Duke,Young Thug,Gunna was here😢,1
Young Thug,Trap,cTGQrA5HHIU,Young Thug &quot;With That&quot; featuring Duke,Young Thug,Generational anthem,0
Young Thug,Trap,cTGQrA5HHIU,Young Thug &quot;With That&quot; featuring Duke,Young Thug,(?),1
Young Thug,Trap,cTGQrA5HHIU,Young Thug &quot;With That&quot; featuring Duke,Young Thug,I will forever love the part where lil dude spazed at the end 3:06,3
Young Thug,Trap,cTGQrA5HHIU,Young Thug &quot;With That&quot; featuring Duke,Young Thug,Grande 16beats!!!! #Saramandaia se senti abraça nessa faixa! Maximo respeito!,0
Young Thug,Trap,cTGQrA5HHIU,Young Thug &quot;With That&quot; featuring Duke,Young Thug,🔥🔥🔥,0
Young Thug,Trap,cTGQrA5HHIU,Young Thug &quot;With That&quot; featuring Duke,Young Thug,Still my favorite song till this day,0
Young Thug,Trap,cTGQrA5HHIU,Young Thug &quot;With That&quot; featuring Duke,Young Thug,Man I miss blonde Thug,0
Young Thug,Trap,cTGQrA5HHIU,Young Thug &quot;With That&quot; featuring Duke,Young Thug,cuida cuida,0
Young Thug,Trap,cTGQrA5HHIU,Young Thug &quot;With That&quot; featuring Duke,Young Thug,I loved Young Thug's flow so much!,0
Young Thug,Trap,cTGQrA5HHIU,Young Thug &quot;With That&quot; featuring Duke,Young Thug,16 / 17 dem were the days,0
Young Thug,Trap,cTGQrA5HHIU,Young Thug &quot;With That&quot; featuring Duke,Young Thug,Y,0
Young Thug,Trap,cTGQrA5HHIU,Young Thug &quot;With That&quot; featuring Duke,Young Thug,hiphop peaked when this dropped,1
Young Thug,Trap,cTGQrA5HHIU,Young Thug &quot;With That&quot; featuring Duke,Young Thug,Beat and vibe both are lit  still in 2026 and forever ❤,0
Young Thug,Trap,cTGQrA5HHIU,Young Thug &quot;With That&quot; featuring Duke,Young Thug,2026 bro TRUDA MAN TRUDA MAN TRUDA MA NIGGA TRUE RELIGION BUDHA MAN,0
Young Thug,Trap,cTGQrA5HHIU,Young Thug &quot;With That&quot; featuring Duke,Young Thug,What is this beggars anthem what song is this,0
Young Thug,Trap,cTGQrA5HHIU,Young Thug &quot;With That&quot; featuring Duke,Young Thug,Must watch anytime I do shroomies 🍄,0
Young Thug,Trap,cTGQrA5HHIU,Young Thug &quot;With That&quot; featuring Duke,Young Thug,Sabrina carpenter,1
Young Thug,Trap,cTGQrA5HHIU,Young Thug &quot;With That&quot; featuring Duke,Young Thug,forever doin this again. #PurpTheWorld,0
Young Thug,Trap,cTGQrA5HHIU,Young Thug &quot;With That&quot; featuring Duke,Young Thug,6,0
Young Thug,Trap,cTGQrA5HHIU,Young Thug &quot;With That&quot; featuring Duke,Young Thug,Michael olis,1
Young Thug,Trap,cTGQrA5HHIU,Young Thug &quot;With That&quot; featuring Duke,Young Thug,"In the name of Allah(God), the Most Gracious, the Most Merciful

Peace be with those who follow the guidance

And We certainly sent into every nation a messenger, [saying], ""Worship Allah and avoid Taghut."" And among them were those whom Allah guided, and among them were those upon whom error was [deservedly] decreed. So proceed through the earth and observe how was the end of the deniers. Quran (16:36)

Taghut: means anything worshipped besides Allah(God).

There are five heads of taghut

Satan: The ultimate instigator who calls people to disobey Allah(God) and worship others.
The one worshipped and pleased with it: Someone (or something) worshipped besides Allah(God), who is content with that worship (e.g., idols, deceased saints worshipped falsely).
The one who claims knowledge of the Unseen (Ghayb): Someone who falsely asserts knowledge of hidden matters, which belongs only to Allah(God).
The one who calls people to worship himself: A leader or figure who actively invites others to worship him, regardless of whether they comply.
The one who judges by other than what Allah has revealed: A ruler or authority who substitutes Allah's divine law with man-made laws, leading people away from God's path. 

I did not create jinn and humans except to worship Me. Quran (51:56)

He] who created death and life to test you [as to] which of you is best in deed Quran (67:2)

Indeed, the religion in the sight of Allah is Islam. Quran (3:19)

Whoever seeks a way other than Islam,1 it will never be accepted from them, and in the Hereafter they will be among the losers. Quran (3:85)

Every soul will taste death. And you will only receive your full reward on the Day of Judgment. Whoever is spared from the Fire and is admitted into Paradise will ˹indeed˺ triumph, whereas the life of this world is no more than the delusion of enjoyment. Quran (3:185)

And this worldly life is not but diversion and amusement. And indeed, the home of the Hereafter - that is the [eternal] life, if only they knew. Quran (29:64)

Neither your relatives nor children will benefit you on Judgment Day—He will decide between you ˹all˺. For Allah is All-Seeing of what you do. Quran (60:3)

And whoever turns a blind eye to the Reminder of the Most Compassionate, We place at the disposal of each a devilish one as their close associate, who will certainly hinder them from the ˹Right˺ Way while they think they are ˹rightly˺ guided. Quran (43:36-37)",1
Young Thug,Trap,cTGQrA5HHIU,Young Thug &quot;With That&quot; featuring Duke,Young Thug,"En el nombre de Allah (Dios), el Compasivo, el Misericordioso.

La paz sea con aquellos que siguen la guía.

Hemos enviado un mensajero a cada comunidad: ""Adorad a Allah y apartaos de los Tagut.""Y hubo entre ellos a quien Allah guió, pero hubo en quien se hizo realidad el extravío.Recorred pues la tierra y ved cómo acabaron los que negaron la verdad. Corán (16:36)

Taghut: significa cualquier cosa adorada además de Allah (Dios).

Hay cinco cabezas de taghut

Satanás: El instigador supremo que incita a la gente a desobedecer a Alá (Dios) y a adorar a otros.
Aquel que es adorado y se complace con ello: Alguien (o algo) adorado además de Alá (Dios), que se complace con esa adoración (por ejemplo, ídolos, santos fallecidos adorados falsamente).
Quien afirma conocer lo Oculto (Ghayb): Alguien que afirma falsamente conocer asuntos ocultos, que pertenecen solo a Alá (Dios).
Quien incita a la gente a adorarse a sí mismo: Un líder o figura que invita activamente a otros a adorarle, independientemente de si cumplen o no.
Quien no juzga con base en lo que Alá ha revelado: Un gobernante o autoridad que sustituye la ley divina de Alá con leyes humanas, desviando a la gente del camino de Dios.

Y no he creado a los genios y a los hombres sino para que Me adoren. Corán (51:56)

""Él es Quien creó la muerte y la vida para probaros y ver cuál de vosotros sería mejor en obras. Corán (67:2)

Realmente la práctica de Adoración ante Allah es el Islam. Corán (3:19)

Y quien desee otra práctica de Adoración que no sea el Islam. no le será aceptada y en la Última Vida será de los perdedores. Corán (3:85)

Toda alma probará la muerte. Y el Día del Levantamiento se os pagará cumplidamente la retribución que os corresponda.Quien sea alejado del Fuego e introducido en el Jardín, habrá triunfado. La vida de este mundo no es sino el disfrute engañoso de lo que se acaba. Corán (3:185)

La vida del mundo no es sino juego y distracción, la verdadera vida es la morada de la Última Vida, si supieran. Corán (29:64)

Ni vuestra consanguinidad ni vuestros hijos os servirán el Día del Levantamiento. Cada uno de vosotros tendrá el juicio que le corresponda. Allah ve lo que hacéis. Corán (60:3)

Y al que está ciego para el recuerdo del Misericordioso le asignamos un demonio que se convierte en su compañero inseparable. Y éstos les apartan del camino mientras ellos se creen guiados. Corán (43:36-37)",2
Young Thug,Trap,cTGQrA5HHIU,Young Thug &quot;With That&quot; featuring Duke,Young Thug,"228m views, still popn in 2026 😂",1
Young Thug,Trap,cTGQrA5HHIU,Young Thug &quot;With That&quot; featuring Duke,Young Thug,Timeless frrrr,3
Young Thug,Trap,cTGQrA5HHIU,Young Thug &quot;With That&quot; featuring Duke,Young Thug,May 2026 from Angola ❤🇦🇴👌,1
Young Thug,Trap,cTGQrA5HHIU,Young Thug &quot;With That&quot; featuring Duke,Young Thug,"Rest in peace my lost brother Ponkie,he was mad into thugga🥹",2
Young Thug,Trap,cTGQrA5HHIU,Young Thug &quot;With That&quot; featuring Duke,Young Thug,W,0
Young Thug,Trap,cTGQrA5HHIU,Young Thug &quot;With That&quot; featuring Duke,Young Thug,Gets better every listen,3
Young Thug,Trap,cTGQrA5HHIU,Young Thug &quot;With That&quot; featuring Duke,Young Thug,da goat,0
Young Thug,Trap,cTGQrA5HHIU,Young Thug &quot;With That&quot; featuring Duke,Young Thug,"Any Young Thug songs suggestions???!!! Where he kills the mic? 
I saw Young Thug got on Best Song Writers list. 
Thought I’d give him a try. 
Obviously, this is not that song lol 
LMK!",0
Young Thug,Trap,cTGQrA5HHIU,Young Thug &quot;With That&quot; featuring Duke,Young Thug,2026 anyone?,0
Young Thug,Trap,cTGQrA5HHIU,Young Thug &quot;With That&quot; featuring Duke,Young Thug,Thugger Thugger,0
Young Thug,Trap,cTGQrA5HHIU,Young Thug &quot;With That&quot; featuring Duke,Young Thug,thugger for life,1
Young Thug,Trap,cTGQrA5HHIU,Young Thug &quot;With That&quot; featuring Duke,Young Thug,Peep gunna 2:46,0
Young Thug,Trap,cTGQrA5HHIU,Young Thug &quot;With That&quot; featuring Duke,Young Thug,London track,0
Young Thug,Trap,cTGQrA5HHIU,Young Thug &quot;With That&quot; featuring Duke,Young Thug,Ain’t neva been as high as I was when I first saw this video 🙂‍↔️,0
Young Thug,Trap,cTGQrA5HHIU,Young Thug &quot;With That&quot; featuring Duke,Young Thug,Head too big I'm about to pop outttt,0
Young Thug,Trap,cTGQrA5HHIU,Young Thug &quot;With That&quot; featuring Duke,Young Thug,Rule nr 1- get high 2- watch young thug videos,1
Young Thug,Trap,cTGQrA5HHIU,Young Thug &quot;With That&quot; featuring Duke,Young Thug,greatest trap song of all time,1
Young Thug,Trap,cTGQrA5HHIU,Young Thug &quot;With That&quot; featuring Duke,Young Thug,that Grand pa nailed it,1
Young Thug,Trap,cTGQrA5HHIU,Young Thug &quot;With That&quot; featuring Duke,Young Thug,0:59 they did her wrong!,10
Young Thug,Trap,cTGQrA5HHIU,Young Thug &quot;With That&quot; featuring Duke,Young Thug,"When I’m on mushrooms I always find a way back to this song, I’ll probably trip when I see this too",1
Young Thug,Trap,cTGQrA5HHIU,Young Thug &quot;With That&quot; featuring Duke,Young Thug,The whole song is high lol 😂😂😂,170
Young Thug,Trap,cTGQrA5HHIU,Young Thug &quot;With That&quot; featuring Duke,Young Thug,🔊🔊🔊🔊💚🐍,0
Young Thug,Trap,cTGQrA5HHIU,Young Thug &quot;With That&quot; featuring Duke,Young Thug,Yall aiming da gunz @ da wrong person tho. We gat to unite as the melaneated superiors including Dravidians. I love u all ma black brothaz. When togetha we are unstoppable. Don kill Ur own. You know where to aim na.,0
Young Thug,Trap,cTGQrA5HHIU,Young Thug &quot;With That&quot; featuring Duke,Young Thug,The beat murda. I don't understand shiish he says tho,0
Young Thug,Trap,cTGQrA5HHIU,Young Thug &quot;With That&quot; featuring Duke,Young Thug,"If you are a nerd everything here you not cool with that
This the type of song I’ve been singing to for 10 years and probably got my own lyrics to half of it lol",2
Young Thug,Trap,cTGQrA5HHIU,Young Thug &quot;With That&quot; featuring Duke,Young Thug,Brazil 2026,1
Young Thug,Trap,cTGQrA5HHIU,Young Thug &quot;With That&quot; featuring Duke,Young Thug,Long live troup,2
Young Thug,Trap,cTGQrA5HHIU,Young Thug &quot;With That&quot; featuring Duke,Young Thug,Thugger 🐐,1
Young Thug,Trap,cTGQrA5HHIU,Young Thug &quot;With That&quot; featuring Duke,Young Thug,May 2026 we here ❤,1
Young Thug,Trap,cTGQrA5HHIU,Young Thug &quot;With That&quot; featuring Duke,Young Thug,2040 anyone ?,2
Young Thug,Trap,cTGQrA5HHIU,Young Thug &quot;With That&quot; featuring Duke,Young Thug,this song will never die,527
Young Thug,Trap,cTGQrA5HHIU,Young Thug &quot;With That&quot; featuring Duke,Young Thug,🔮,0
Young Thug,Trap,cTGQrA5HHIU,Young Thug &quot;With That&quot; featuring Duke,Young Thug,“Y’all still here??” Neva left,0
Young Thug,Trap,cTGQrA5HHIU,Young Thug &quot;With That&quot; featuring Duke,Young Thug,"new month,,, 1st May,,,who here",0
Young Thug,Trap,cTGQrA5HHIU,Young Thug &quot;With That&quot; featuring Duke,Young Thug,Still here 2026,7
Young Thug,Trap,cTGQrA5HHIU,Young Thug &quot;With That&quot; featuring Duke,Young Thug,Obama era rap was lit... trump fucked it all up hahahaha,0
Young Thug,Trap,cTGQrA5HHIU,Young Thug &quot;With That&quot; featuring Duke,Young Thug,99 overall,7
Young Thug,Trap,cTGQrA5HHIU,Young Thug &quot;With That&quot; featuring Duke,Young Thug,“My b*tch she a jew” will never not be funny 😭,165
Young Thug,Trap,cTGQrA5HHIU,Young Thug &quot;With That&quot; featuring Duke,Young Thug,1:02,0
Young Thug,Trap,cTGQrA5HHIU,Young Thug &quot;With That&quot; featuring Duke,Young Thug,killerrrrrrrrrrr,1
Young Thug,Trap,cTGQrA5HHIU,Young Thug &quot;With That&quot; featuring Duke,Young Thug,so fast so fast sonic man 🦔,1
Young Thug,Trap,cTGQrA5HHIU,Young Thug &quot;With That&quot; featuring Duke,Young Thug,😂,0
Young Thug,Trap,cTGQrA5HHIU,Young Thug &quot;With That&quot; featuring Duke,Young Thug,This is like watching the Mona Lisa being painted or sum shi like that,0
Young Thug,Trap,cTGQrA5HHIU,Young Thug &quot;With That&quot; featuring Duke,Young Thug,2026?!?,1
Young Thug,Trap,cTGQrA5HHIU,Young Thug &quot;With That&quot; featuring Duke,Young Thug,2077 anyone🎉,2
Young Thug,Trap,cTGQrA5HHIU,Young Thug &quot;With That&quot; featuring Duke,Young Thug,Still here in 2026 🔥,0
Young Thug,Trap,cTGQrA5HHIU,Young Thug &quot;With That&quot; featuring Duke,Young Thug,Best thugger songs of all time,0
Young Thug,Trap,cTGQrA5HHIU,Young Thug &quot;With That&quot; featuring Duke,Young Thug,❤❤,0
Young Thug,Trap,cTGQrA5HHIU,Young Thug &quot;With That&quot; featuring Duke,Young Thug,Real life shit,1
Young Thug,Trap,cTGQrA5HHIU,Young Thug &quot;With That&quot; featuring Duke,Young Thug,"Those days are gone ,miss my old friends",4
Young Thug,Trap,cTGQrA5HHIU,Young Thug &quot;With That&quot; featuring Duke,Young Thug,Best trap song oat,0
Young Thug,Trap,cTGQrA5HHIU,Young Thug &quot;With That&quot; featuring Duke,Young Thug,"i just got my first car around the time this song dropped, it was on repeat in the car",0
Young Thug,Trap,cTGQrA5HHIU,Young Thug &quot;With That&quot; featuring Duke,Young Thug,It's the dance for me 😂,0
Young Thug,Trap,cTGQrA5HHIU,Young Thug &quot;With That&quot; featuring Duke,Young Thug,Here because of said only the real ones will know 😂,16
Young Thug,Trap,cTGQrA5HHIU,Young Thug &quot;With That&quot; featuring Duke,Young Thug,Said caught drooling on this,5
Young Thug,Trap,cTGQrA5HHIU,Young Thug &quot;With That&quot; featuring Duke,Young Thug,"Why do you wear women's clothes, Justin Bieber?",0
Young Thug,Trap,cTGQrA5HHIU,Young Thug &quot;With That&quot; featuring Duke,Young Thug,"Here in Brazil, you'll sleep with Lil Nas X too, you little brat!",0
Young Thug,Trap,cTGQrA5HHIU,Young Thug &quot;With That&quot; featuring Duke,Young Thug,Whattt!,0
Young Thug,Trap,cTGQrA5HHIU,Young Thug &quot;With That&quot; featuring Duke,Young Thug,Slimeeeeee ..🐍  🐍  🐍,0
Young Thug,Trap,cTGQrA5HHIU,Young Thug &quot;With That&quot; featuring Duke,Young Thug,💙👿🩵👣,0
Young Thug,Trap,cTGQrA5HHIU,Young Thug &quot;With That&quot; featuring Duke,Young Thug,🔺,0
Young Thug,Trap,cTGQrA5HHIU,Young Thug &quot;With That&quot; featuring Duke,Young Thug,we never getting the old thug back 😪,3
Young Thug,Trap,cTGQrA5HHIU,Young Thug &quot;With That&quot; featuring Duke,Young Thug,Love this track period 💯💯,2
Young Thug,Trap,cTGQrA5HHIU,Young Thug &quot;With That&quot; featuring Duke,Young Thug,A-town.,2
Young Thug,Trap,cTGQrA5HHIU,Young Thug &quot;With That&quot; featuring Duke,Young Thug,forever 🔥,0
Young Thug,Trap,cTGQrA5HHIU,Young Thug &quot;With That&quot; featuring Duke,Young Thug,Thank you yung thug,0
Young Thug,Trap,cTGQrA5HHIU,Young Thug &quot;With That&quot; featuring Duke,Young Thug,1:02,0
Young Thug,Trap,cTGQrA5HHIU,Young Thug &quot;With That&quot; featuring Duke,Young Thug,Bro when she immediately went to social media after he proposed was a very sad reality check. They care about attention more than the vows they take.,0
Young Thug,Trap,cTGQrA5HHIU,Young Thug &quot;With That&quot; featuring Duke,Young Thug,🚀😂,0
Young Thug,Trap,cTGQrA5HHIU,Young Thug &quot;With That&quot; featuring Duke,Young Thug,Bro 🎉🎉🎉2026 puñe,0
Young Thug,Trap,cTGQrA5HHIU,Young Thug &quot;With That&quot; featuring Duke,Young Thug,Current thug is a clone,0
Young Thug,Trap,cTGQrA5HHIU,Young Thug &quot;With That&quot; featuring Duke,Young Thug,2026!!!!!!!!!!!!!!1,1
Young Thug,Trap,cTGQrA5HHIU,Young Thug &quot;With That&quot; featuring Duke,Young Thug,Hunnid bandz 🇯🇲🔥,1
Young Thug,Trap,cTGQrA5HHIU,Young Thug &quot;With That&quot; featuring Duke,Young Thug,"we need this Thug back, is there anybody who agree with me, like this comment",1
Young Thug,Trap,cTGQrA5HHIU,Young Thug &quot;With That&quot; featuring Duke,Young Thug,You create your own reality phrase is real yall.. I'm  realizing that. I have to be careful what I wish for. I wanted to be a g now look at me lol ol,0
Young Thug,Trap,cTGQrA5HHIU,Young Thug &quot;With That&quot; featuring Duke,Young Thug,Lmao went right to euphoria after this lmfaoo,1
Young Thug,Trap,cTGQrA5HHIU,Young Thug &quot;With That&quot; featuring Duke,Young Thug,Gunna at 2:47,1
Young Thug,Trap,cTGQrA5HHIU,Young Thug &quot;With That&quot; featuring Duke,Young Thug,How they be making these beats 🔥 it’s crazy,0
Young Thug,Trap,cTGQrA5HHIU,Young Thug &quot;With That&quot; featuring Duke,Young Thug,Still remember tryna sneak watch this on that one channel on TV cuz my parents ain’t like trap music,0
Young Thug,Trap,cTGQrA5HHIU,Young Thug &quot;With That&quot; featuring Duke,Young Thug,one of the greatest talents of our generation,1
Young Thug,Trap,cTGQrA5HHIU,Young Thug &quot;With That&quot; featuring Duke,Young Thug,THANK YOU YOUNG THUG,1
Young Thug,Trap,cTGQrA5HHIU,Young Thug &quot;With That&quot; featuring Duke,Young Thug,Still my 🐐,0
Young Thug,Trap,cTGQrA5HHIU,Young Thug &quot;With That&quot; featuring Duke,Young Thug,😍,0
Young Thug,Trap,cTGQrA5HHIU,Young Thug &quot;With That&quot; featuring Duke,Young Thug,His best chorus,1
Young Thug,Trap,cTGQrA5HHIU,Young Thug &quot;With That&quot; featuring Duke,Young Thug,2:47 gunna was on this music video,3
Young Thug,Trap,cTGQrA5HHIU,Young Thug &quot;With That&quot; featuring Duke,Young Thug,My bitch she a JEW!!!,1
Young Thug,Trap,cTGQrA5HHIU,Young Thug &quot;With That&quot; featuring Duke,Young Thug,Thank young thug,3
Young Thug,Trap,cTGQrA5HHIU,Young Thug &quot;With That&quot; featuring Duke,Young Thug,Ralphy never went this crazy,1
Young Thug,Trap,cTGQrA5HHIU,Young Thug &quot;With That&quot; featuring Duke,Young Thug,Young Stoner Life ❤️‍🔥,1
Young Thug,Trap,cTGQrA5HHIU,Young Thug &quot;With That&quot; featuring Duke,Young Thug,Funniest video ever,2
Young Thug,Trap,cTGQrA5HHIU,Young Thug &quot;With That&quot; featuring Duke,Young Thug,keep rolling #26 😂😂,1
Young Thug,Trap,cTGQrA5HHIU,Young Thug &quot;With That&quot; featuring Duke,Young Thug,Japa à toa na twitch as 19hs de terça a domingo,1
Young Thug,Trap,cTGQrA5HHIU,Young Thug &quot;With That&quot; featuring Duke,Young Thug,If you here in 2026...You got expensive taste in music 💯💥🔥🤾,15
Young Thug,Trap,cTGQrA5HHIU,Young Thug &quot;With That&quot; featuring Duke,Young Thug,"3-13-2026 im still here a decade later bump this when I was 16 , I’m 26 now😂",2
Young Thug,Trap,cTGQrA5HHIU,Young Thug &quot;With That&quot; featuring Duke,Young Thug,"0:50 ""My Bitch she's a jew""  Damn Vicious your not slick... XD",1
Young Thug,Trap,cTGQrA5HHIU,Young Thug &quot;With That&quot; featuring Duke,Young Thug,2026❤🔥,1
Young Thug,Trap,cTGQrA5HHIU,Young Thug &quot;With That&quot; featuring Duke,Young Thug,Unlike any other rapper 😂,1
Young Thug,Trap,cTGQrA5HHIU,Young Thug &quot;With That&quot; featuring Duke,Young Thug,I'm in dreamworld but fudge it I may do what imaginable so autocorrect ie this I'm a little bit high it's opposite day I know u know I don't play I been known to pack a k like I was Afghanistan lol no but seriously I'm from LA ps im really from LA I didn't have a choice I be the man till end of times that part,0
Young Thug,Trap,cTGQrA5HHIU,Young Thug &quot;With That&quot; featuring Duke,Young Thug,I know the kid who sed thank u young thug at first must be Gherbos son I just can’t prove it 😅,0
Young Thug,Trap,cTGQrA5HHIU,Young Thug &quot;With That&quot; featuring Duke,Young Thug,🫡🎤🎬✔️✔️✔️✔️👀👀,0
Young Thug,Trap,cTGQrA5HHIU,Young Thug &quot;With That&quot; featuring Duke,Young Thug,Thsgo diamonds,0
Young Thug,Trap,cTGQrA5HHIU,Young Thug &quot;With That&quot; featuring Duke,Young Thug,I watched video on acid in 2016 and it changed my life 😂😂😂😂,0
Young Thug,Trap,cTGQrA5HHIU,Young Thug &quot;With That&quot; featuring Duke,Young Thug,❤❤w,0
Young Thug,Trap,cTGQrA5HHIU,Young Thug &quot;With That&quot; featuring Duke,Young Thug,Editing frying me 😂😂😂 mfs done got off 😂,1
Young Thug,Trap,cTGQrA5HHIU,Young Thug &quot;With That&quot; featuring Duke,Young Thug,Love em,0
Young Thug,Trap,cTGQrA5HHIU,Young Thug &quot;With That&quot; featuring Duke,Young Thug,"omfg, I can't believe i grew up listening to Thugger at his prime. 😭😭😭🙇🏾‍♂️",0
Young Thug,Trap,cTGQrA5HHIU,Young Thug &quot;With That&quot; featuring Duke,Young Thug,"Melhor musica dele pra mim, um monstro sagrado",0
Young Thug,Trap,cTGQrA5HHIU,Young Thug &quot;With That&quot; featuring Duke,Young Thug,Yayyy 4/2026❤,0
Young Thug,Trap,cTGQrA5HHIU,Young Thug &quot;With That&quot; featuring Duke,Young Thug,Bigger pioneer than 2pac ever was,1
Young Thug,Trap,cTGQrA5HHIU,Young Thug &quot;With That&quot; featuring Duke,Young Thug,This song one for me that h enjoyed the most on Thugs rise,1
Young Thug,Trap,cTGQrA5HHIU,Young Thug &quot;With That&quot; featuring Duke,Young Thug,Can't believe it's been 10 years. Bangerrrrr,1
Young Thug,Trap,cTGQrA5HHIU,Young Thug &quot;With That&quot; featuring Duke,Young Thug,1:02,1
Young Thug,Trap,cTGQrA5HHIU,Young Thug &quot;With That&quot; featuring Duke,Young Thug,"2026, estou aqui!",1
Young Thug,Trap,cTGQrA5HHIU,Young Thug &quot;With That&quot; featuring Duke,Young Thug,woooo,1
Young Thug,Trap,cTGQrA5HHIU,Young Thug &quot;With That&quot; featuring Duke,Young Thug,She made big,1
Young Thug,Trap,cTGQrA5HHIU,Young Thug &quot;With That&quot; featuring Duke,Young Thug,2026,1
Young Thug,Trap,cTGQrA5HHIU,Young Thug &quot;With That&quot; featuring Duke,Young Thug,Pull up on the cuuuuuuurv,2
Young Thug,Trap,cTGQrA5HHIU,Young Thug &quot;With That&quot; featuring Duke,Young Thug,People who listened to it but didn't comment in that time,73
Young Thug,Trap,cTGQrA5HHIU,Young Thug &quot;With That&quot; featuring Duke,Young Thug,2026 👌👌 anyone???,1
Young Thug,Trap,cTGQrA5HHIU,Young Thug &quot;With That&quot; featuring Duke,Young Thug,Yo 🔥 💨💯,0
Young Thug,Trap,cTGQrA5HHIU,Young Thug &quot;With That&quot; featuring Duke,Young Thug,1:16 got me always,1
Young Thug,Trap,cTGQrA5HHIU,Young Thug &quot;With That&quot; featuring Duke,Young Thug,Hey who that is in that crown Vic they look suspicious,0
Young Thug,Trap,cTGQrA5HHIU,Young Thug &quot;With That&quot; featuring Duke,Young Thug,He don't rap like this no more 😢,1
Young Thug,Trap,cTGQrA5HHIU,Young Thug &quot;With That&quot; featuring Duke,Young Thug,Thug making the best music ever 2013-2020,3
Young Thug,Trap,cTGQrA5HHIU,Young Thug &quot;With That&quot; featuring Duke,Young Thug,ok,0
Young Thug,Trap,cTGQrA5HHIU,Young Thug &quot;With That&quot; featuring Duke,Young Thug,Who ever mixed this went crazy,0
Young Thug,Trap,cTGQrA5HHIU,Young Thug &quot;With That&quot; featuring Duke,Young Thug,ta musique de l'exorciste,0
Young Thug,Trap,cTGQrA5HHIU,Young Thug &quot;With That&quot; featuring Duke,Young Thug,Still wavy🌊,0
Young Thug,Trap,cTGQrA5HHIU,Young Thug &quot;With That&quot; featuring Duke,Young Thug,2026 and it’s still a bomb ❤,0
Young Thug,Trap,cTGQrA5HHIU,Young Thug &quot;With That&quot; featuring Duke,Young Thug,❤❤,0
Young Thug,Trap,cTGQrA5HHIU,Young Thug &quot;With That&quot; featuring Duke,Young Thug,SLIMEeE,0
Young Thug,Trap,cTGQrA5HHIU,Young Thug &quot;With That&quot; featuring Duke,Young Thug,2026 before you all get drafted,2
Young Thug,Trap,cTGQrA5HHIU,Young Thug &quot;With That&quot; featuring Duke,Young Thug,🔥🔥🕰️,0
Young Thug,Trap,cTGQrA5HHIU,Young Thug &quot;With That&quot; featuring Duke,Young Thug,2027❤🔥💥,1
Young Thug,Trap,cTGQrA5HHIU,Young Thug &quot;With That&quot; featuring Duke,Young Thug,2026,0
Young Thug,Trap,cTGQrA5HHIU,Young Thug &quot;With That&quot; featuring Duke,Young Thug,March 2026,0
Young Thug,Trap,cTGQrA5HHIU,Young Thug &quot;With That&quot; featuring Duke,Young Thug,We can't help but spin back like where did the time go to....... 🛴,2
Young Thug,Trap,cTGQrA5HHIU,Young Thug &quot;With That&quot; featuring Duke,Young Thug,I’m here,0
Young Thug,Trap,cTGQrA5HHIU,Young Thug &quot;With That&quot; featuring Duke,Young Thug,HUNNIT BAND HUNNNNNNNIT BAND,0
Young Thug,Trap,cTGQrA5HHIU,Young Thug &quot;With That&quot; featuring Duke,Young Thug,The greatest song in the history of mankind,1
Young Thug,Trap,cTGQrA5HHIU,Young Thug &quot;With That&quot; featuring Duke,Young Thug,2026 wow,0
Young Thug,Trap,cTGQrA5HHIU,Young Thug &quot;With That&quot; featuring Duke,Young Thug,2026 anyone?,1
Young Thug,Trap,cTGQrA5HHIU,Young Thug &quot;With That&quot; featuring Duke,Young Thug,THUG IS A GOAT,0
Young Thug,Trap,cTGQrA5HHIU,Young Thug &quot;With That&quot; featuring Duke,Young Thug,MY BITCH SHE A JEW,1
Young Thug,Trap,cTGQrA5HHIU,Young Thug &quot;With That&quot; featuring Duke,Young Thug,99 overall here,0
Young Thug,Trap,cTGQrA5HHIU,Young Thug &quot;With That&quot; featuring Duke,Young Thug,This is beyond the generation,0
Young Thug,Trap,cTGQrA5HHIU,Young Thug &quot;With That&quot; featuring Duke,Young Thug,Mira que rolita encontré 😎👌,2
Young Thug,Trap,cTGQrA5HHIU,Young Thug &quot;With That&quot; featuring Duke,Young Thug,And i love this best musique vidéo style,0
Young Thug,Trap,cTGQrA5HHIU,Young Thug &quot;With That&quot; featuring Duke,Young Thug,Good morning mister young thug,0
Young Thug,Trap,cTGQrA5HHIU,Young Thug &quot;With That&quot; featuring Duke,Young Thug,Garde dnap,0
Young Thug,Trap,cTGQrA5HHIU,Young Thug &quot;With That&quot; featuring Duke,Young Thug,Oo 😊,0
Young Thug,Trap,cTGQrA5HHIU,Young Thug &quot;With That&quot; featuring Duke,Young Thug,0:31 🔥🔥🔥,0
Young Thug,Trap,cTGQrA5HHIU,Young Thug &quot;With That&quot; featuring Duke,Young Thug,"Yeah why not. Niggah you better watch your mouth young thug till the end,but I feel no end for this Big God bad man thug",0
Young Thug,Trap,cTGQrA5HHIU,Young Thug &quot;With That&quot; featuring Duke,Young Thug,"sto coglione di young thug che se la prende coi nerd, questo in un incontro di botte prenderebbe schiaffi pure da un bambino di 8 anni.",0
Young Thug,Trap,cTGQrA5HHIU,Young Thug &quot;With That&quot; featuring Duke,Young Thug,2013-2017 young thug was undefeated,0
Young Thug,Trap,cTGQrA5HHIU,Young Thug &quot;With That&quot; featuring Duke,Young Thug,I came here from Blvc Svnd 🥀,0
Young Thug,Trap,cTGQrA5HHIU,Young Thug &quot;With That&quot; featuring Duke,Young Thug,Everybody see Gunna,0
Young Thug,Trap,cTGQrA5HHIU,Young Thug &quot;With That&quot; featuring Duke,Young Thug,Comments playing spot the gunna lmao,1
Young Thug,Trap,cTGQrA5HHIU,Young Thug &quot;With That&quot; featuring Duke,Young Thug,Duke is too tuff on this song,6
Young Thug,Trap,cTGQrA5HHIU,Young Thug &quot;With That&quot; featuring Duke,Young Thug,Ya'll still here? 🥷🏿 High on lean as I'm playing this...,1
Young Thug,Trap,cTGQrA5HHIU,Young Thug &quot;With That&quot; featuring Duke,Young Thug,Ff big head😂😂,0
Young Thug,Trap,cTGQrA5HHIU,Young Thug &quot;With That&quot; featuring Duke,Young Thug,2:47 O jovem Gunna🔥,0
Young Thug,Trap,cTGQrA5HHIU,Young Thug &quot;With That&quot; featuring Duke,Young Thug,Fucking weirdos call this art . This is garbage 😂,0
Young Thug,Trap,cTGQrA5HHIU,Young Thug &quot;With That&quot; featuring Duke,Young Thug,2026 from Brazil,2
Young Thug,Trap,cTGQrA5HHIU,Young Thug &quot;With That&quot; featuring Duke,Young Thug,im good,0
Young Thug,Trap,cTGQrA5HHIU,Young Thug &quot;With That&quot; featuring Duke,Young Thug,anyone in 2026,0
Young Thug,Trap,cTGQrA5HHIU,Young Thug &quot;With That&quot; featuring Duke,Young Thug,2026 from germany,0
Young Thug,Trap,cTGQrA5HHIU,Young Thug &quot;With That&quot; featuring Duke,Young Thug,You can never recover from this hook,0
Young Thug,Trap,cTGQrA5HHIU,Young Thug &quot;With That&quot; featuring Duke,Young Thug,IMA BUMP TS ON MA DEATHBED,0
Young Thug,Trap,cTGQrA5HHIU,Young Thug &quot;With That&quot; featuring Duke,Young Thug,😢😢😢😢😢😢,0
Young Thug,Trap,cTGQrA5HHIU,Young Thug &quot;With That&quot; featuring Duke,Young Thug,I love u homie,0
Young Thug,Trap,cTGQrA5HHIU,Young Thug &quot;With That&quot; featuring Duke,Young Thug,Still lit 2026,0
Young Thug,Trap,cTGQrA5HHIU,Young Thug &quot;With That&quot; featuring Duke,Young Thug,🎉,0
Young Thug,Trap,cTGQrA5HHIU,Young Thug &quot;With That&quot; featuring Duke,Young Thug,Still a banger to this day not many like this out there ❤,1
Young Thug,Trap,cTGQrA5HHIU,Young Thug &quot;With That&quot; featuring Duke,Young Thug,Watch lil man at the end grooving like a mf😂❤,1
Young Thug,Trap,cTGQrA5HHIU,Young Thug &quot;With That&quot; featuring Duke,Young Thug,#💙,1
Young Thug,Trap,cTGQrA5HHIU,Young Thug &quot;With That&quot; featuring Duke,Young Thug,Pull up 🔥,2
Young Thug,Trap,cTGQrA5HHIU,Young Thug &quot;With That&quot; featuring Duke,Young Thug,"Hundred bands, hundred bands dropped on the head of any nigga want it, man (Woo)
Pop me a Xanny, I'm fast, I'm so fast, I'm so faster than Sonic, man (Woo)
True the man, true the man, true to my nigga True Religion Buddha man (Woo)
My money stack tall as Ludacris afro and I swear I'ma shoot with that (Woo)
I just hit for nine birds, what I'ma do with that?
Pull up on the curb, then you hop out and be through with that (Ooh)
I'm so fresh like dish detergent, if you not fresh, you so through with that (So fresh)
If you are a nerd, everything here, you not cool with that





[Verse 1: Young Thug]
Yes, you not cool
No, you not bool (What?)
I don't give no damn, I'm not calling you boo (Uh-huh)
My bitch, she a jewel (Woah)
You can't prove a point, boy, you know you so doomed (You dig?)
You know you so doomed (Yeah)
I swear I'm so lost with no clue, don't know what to do (What?)
Overlap, overlap (Yeah)
I overlap on these niggas, ain't know how to milk these cows
She made that dick grow, now it's big like a tower
Yow, front pockets filled up with bands, no Bible

[Chorus: Young Thug & Lil Duke]
Hundred bands, hundred bands dropped on the head of any nigga want it, man (Woo)
Pop me a Xanny, I'm fast, I'm so fast, I'm so faster than Sonic, man (Woo, woo)
True the man, true the man, true to my nigga True Religion Buddha man (True it, woo)
My money stack tall as Ludacris afro and I swear I'ma shoot with that (Sheesh, sheesh)
I just hit for nine birds, what I'ma do with that? (Sheesh, sheesh)
Pull up on the curb, then you hop out and be through with that (Skrrt)
I'm so fresh like dish detergent, if you not fresh, you so through with that (Clean)
If you are a nerd, everything here, you not cool with that (Hey, dork)

[Verse 2: Lil Duke]
Pull up, hop out the block, they tuck in they tail, I go, ""Who the clan?"" (Cacaw, cacaw)
We dressed in all-black, I'm always on the road just like a Uber man (I'm textin')
We wrappin' and sendin' them packs, soon as they land, we movin' 'em (Wrapped, shipped)
Blame it on the OGs, they influenced me (I'm ridin' with felons and fugitives)
Ain't gonna count money, nigga (Uh-uh, nah)
I ain't just met money, nigga (Ain't just met money, nigga)
I put lipstick on the 'Rari, she say ""That's delicious"" (Skrrt-skrrt-skrrt-skrrt)
Who that is in that Crown Vic? He look suspicious (Oh, him, shh)
I just jugged a hundred pounds, I made a…

[Chorus: Young Thug]
Hundred bands, hundred bands dropped on the head of any nigga want it, man (Woo, woo)
Pop me a Xanny, I'm fast, I'm so fast, I'm so faster than Sonic, man (Woo, woo)
True the man, true the man, true to my nigga True Religion Buddha man (Sheesh, woo)
My money stack tall as Ludacris afro and I swear I'ma shoot with that (Yeah, sheesh, sheesh)
I just hit for nine birds, what I'ma do with that? (Hey)
Pull up on the curb, then you hop out and be through with that (Skrrt-skrrt)
I'm so fresh like dish detergent, if you not fresh, you so through with that (Fresh)
If you are a nerd, everything here, you not cool with that

[Outro: Young Thug]
Yeah, you not cool with that
No, you not cool with that
No, you not cool with that
Yeah",0
Young Thug,Trap,cTGQrA5HHIU,Young Thug &quot;With That&quot; featuring Duke,Young Thug,Good morning,2
Young Thug,Trap,cTGQrA5HHIU,Young Thug &quot;With That&quot; featuring Duke,Young Thug,man how can you listen to this and not think thug is the greatest to ever do it,1
Young Thug,Trap,cTGQrA5HHIU,Young Thug &quot;With That&quot; featuring Duke,Young Thug,He was ready 101 amazing z all ⚔️🔥,0
Young Thug,Trap,cTGQrA5HHIU,Young Thug &quot;With That&quot; featuring Duke,Young Thug,"Bro I been making beats since 2015 thug future Travis Scott partynextdoor peewee , bankroll fresh sonny digital murda beatz hoodrich Pablo was way ahead of the time",2
Young Thug,Trap,cTGQrA5HHIU,Young Thug &quot;With That&quot; featuring Duke,Young Thug,What I'ma do with that? Bar is demonic 😂,0
Young Thug,Trap,cTGQrA5HHIU,Young Thug &quot;With That&quot; featuring Duke,Young Thug,🤫🤫 😂,0
Young Thug,Trap,cTGQrA5HHIU,Young Thug &quot;With That&quot; featuring Duke,Young Thug,2026,0
Young Thug,Trap,cTGQrA5HHIU,Young Thug &quot;With That&quot; featuring Duke,Young Thug,15:03😂😂😂,0
Young Thug,Trap,cTGQrA5HHIU,Young Thug &quot;With That&quot; featuring Duke,Young Thug,We're not the B CHARACTER,1
Young Thug,Trap,cTGQrA5HHIU,Young Thug &quot;With That&quot; featuring Duke,Young Thug,I AM A GOAT Help Me  Bout to go overboard,1
Young Thug,Trap,cTGQrA5HHIU,Young Thug &quot;With That&quot; featuring Duke,Young Thug,Shit was a banger good times no stress when this dropped,0
Young Thug,Trap,cTGQrA5HHIU,Young Thug &quot;With That&quot; featuring Duke,Young Thug,Best song this sissy made,1
Young Thug,Trap,cTGQrA5HHIU,Young Thug &quot;With That&quot; featuring Duke,Young Thug,2026 slime,0
Young Thug,Trap,cTGQrA5HHIU,Young Thug &quot;With That&quot; featuring Duke,Young Thug,Who was directing these young thug music videos 😂😂😂😂,1
Young Thug,Trap,cTGQrA5HHIU,Young Thug &quot;With That&quot; featuring Duke,Young Thug,"Here in 2026, wow, timeless piece",1
Young Thug,Trap,cTGQrA5HHIU,Young Thug &quot;With That&quot; featuring Duke,Young Thug,No matter how many times u play this its still feels like the first. i cant even put into words how good this song is,1
Young Thug,Trap,cTGQrA5HHIU,Young Thug &quot;With That&quot; featuring Duke,Young Thug,y he put that filter on allem tho ☠️,0
Young Thug,Trap,cTGQrA5HHIU,Young Thug &quot;With That&quot; featuring Duke,Young Thug,Broke boys bcn 2016,0
Young Thug,Trap,cTGQrA5HHIU,Young Thug &quot;With That&quot; featuring Duke,Young Thug,Still here😂,0
Young Thug,Trap,cTGQrA5HHIU,Young Thug &quot;With That&quot; featuring Duke,Young Thug,2:47 you can see young gunna,2
Young Thug,Trap,cTGQrA5HHIU,Young Thug &quot;With That&quot; featuring Duke,Young Thug,Still don’t know what the fuck he’s saying,1
Young Thug,Trap,cTGQrA5HHIU,Young Thug &quot;With That&quot; featuring Duke,Young Thug,damn never heard this song before shi fye,0
Young Thug,Trap,cTGQrA5HHIU,Young Thug &quot;With That&quot; featuring Duke,Young Thug,2026 this goes hard 😤,0
Young Thug,Trap,cTGQrA5HHIU,Young Thug &quot;With That&quot; featuring Duke,Young Thug,I swear this is in my top 5 by thug and been my favorite song since I first heard it I still play this all the time yo this is exactly why hes a legend and my favorite artist his music is incredible awesome and amazing man 😂🔥🔥🔥🐐💯absolute classic,30
Young Thug,Trap,cTGQrA5HHIU,Young Thug &quot;With That&quot; featuring Duke,Young Thug,2026 and I never left,4
Young Thug,Trap,cTGQrA5HHIU,Young Thug &quot;With That&quot; featuring Duke,Young Thug,🎉🎉🎉🎉,2
Young Thug,Trap,cTGQrA5HHIU,Young Thug &quot;With That&quot; featuring Duke,Young Thug,"forever a classic 
how i got to hear about youngthug --11years still here",1
Young Thug,Trap,cTGQrA5HHIU,Young Thug &quot;With That&quot; featuring Duke,Young Thug,💎,0
Young Thug,Trap,cTGQrA5HHIU,Young Thug &quot;With That&quot; featuring Duke,Young Thug,I JUST HIT FA 9 BIRDS WHAT IMA DO WITH THAT🗣️🗣️,5
Young Thug,Trap,cTGQrA5HHIU,Young Thug &quot;With That&quot; featuring Duke,Young Thug,Damn what a time to be alive,0
Young Thug,Trap,cTGQrA5HHIU,Young Thug &quot;With That&quot; featuring Duke,Young Thug,2026 throwback 2016 😤❤️,0
Young Thug,Trap,cTGQrA5HHIU,Young Thug &quot;With That&quot; featuring Duke,Young Thug,Who's still listen to this song in March 2026 right like this post?,0
Young Thug,Trap,cTGQrA5HHIU,Young Thug &quot;With That&quot; featuring Duke,Young Thug,its like watching the mona lisa being painted,1
Young Thug,Trap,cTGQrA5HHIU,Young Thug &quot;With That&quot; featuring Duke,Young Thug,StatttttyyyyyyyyyFreeeeJeff👖,1
Young Thug,Trap,cTGQrA5HHIU,Young Thug &quot;With That&quot; featuring Duke,Young Thug,✊🏿🖤👁,0
Young Thug,Trap,cTGQrA5HHIU,Young Thug &quot;With That&quot; featuring Duke,Young Thug,watching 2010s thug is like watching Jordan during the 90s lmfaooo,739
Young Thug,Trap,cTGQrA5HHIU,Young Thug &quot;With That&quot; featuring Duke,Young Thug,"I used to think he said “True religion, booty man” 😂😂",1
Young Thug,Trap,cTGQrA5HHIU,Young Thug &quot;With That&quot; featuring Duke,Young Thug,When everything was good generation now will never feel this songs,0
Young Thug,Trap,cTGQrA5HHIU,Young Thug &quot;With That&quot; featuring Duke,Young Thug,All the time (KENYAN),0
Young Thug,Trap,cTGQrA5HHIU,Young Thug &quot;With That&quot; featuring Duke,Young Thug,Young thug the best 🇧🇷,0
Young Thug,Trap,cTGQrA5HHIU,Young Thug &quot;With That&quot; featuring Duke,Young Thug,"idk, when i listen to this music, i feel like i didn't listen nothing, and need more to listen",0
Young Thug,Trap,cTGQrA5HHIU,Young Thug &quot;With That&quot; featuring Duke,Young Thug,💩💩🤔💩💩,0
Young Thug,Trap,cTGQrA5HHIU,Young Thug &quot;With That&quot; featuring Duke,Young Thug,Una vaina vacana,0
Young Thug,Trap,cTGQrA5HHIU,Young Thug &quot;With That&quot; featuring Duke,Young Thug,2026 e nos,0
Young Thug,Trap,cTGQrA5HHIU,Young Thug &quot;With That&quot; featuring Duke,Young Thug,"""I just jugged a 100 pounds i made a "" favorite part",0
Young Thug,Trap,cTGQrA5HHIU,Young Thug &quot;With That&quot; featuring Duke,Young Thug,even duke hard,0
Young Thug,Trap,cTGQrA5HHIU,Young Thug &quot;With That&quot; featuring Duke,Young Thug,No more 'This AI bot trades for you' ads - all thanks to Blockify,0
Young Thug,Trap,cTGQrA5HHIU,Young Thug &quot;With That&quot; featuring Duke,Young Thug,“I just hit for 9 birds 🦢 what imma do with that?” 🔥,0
Young Thug,Trap,cTGQrA5HHIU,Young Thug &quot;With That&quot; featuring Duke,Young Thug,"greatest Thug song of all time, I don't care",0
Young Thug,Trap,cTGQrA5HHIU,Young Thug &quot;With That&quot; featuring Duke,Young Thug,"10 years ago!!??


Waoo!!

Who is watching in 2026?
❤❤",8
Young Thug,Trap,cTGQrA5HHIU,Young Thug &quot;With That&quot; featuring Duke,Young Thug,2026 yeah,0
Young Thug,Trap,cTGQrA5HHIU,Young Thug &quot;With That&quot; featuring Duke,Young Thug,Isdedededededeeeedededededeededdddssssss😅😮😢😮😮😮😮😮😮😮😮😮😮ooooo,0
Young Thug,Trap,cTGQrA5HHIU,Young Thug &quot;With That&quot; featuring Duke,Young Thug,I used to be zoooooted listening to this in 8th grade 😂😂😂,0
Young Thug,Trap,cTGQrA5HHIU,Young Thug &quot;With That&quot; featuring Duke,Young Thug,Me escutem essa música vai ser viral pprt 🔥 Ⓜ️T,0
Young Thug,Trap,cTGQrA5HHIU,Young Thug &quot;With That&quot; featuring Duke,Young Thug,who here in 2028?,1
Young Thug,Trap,cTGQrA5HHIU,Young Thug &quot;With That&quot; featuring Duke,Young Thug,Ysl 4eva 2026,2
Young Thug,Trap,cTGQrA5HHIU,Young Thug &quot;With That&quot; featuring Duke,Young Thug,Future and young thug just hit different,1
Young Thug,Trap,cTGQrA5HHIU,Young Thug &quot;With That&quot; featuring Duke,Young Thug,"that ""Dork"" adlib always makes me laugh 🤣",0
Young Thug,Trap,cTGQrA5HHIU,Young Thug &quot;With That&quot; featuring Duke,Young Thug,This song better than 97% of all current rapper’s discography,4
Young Thug,Trap,cTGQrA5HHIU,Young Thug &quot;With That&quot; featuring Duke,Young Thug,Believe Jesus Christ the word of God God in the flesh came down to earth to die for our sins was buried and rose again the third day beating Satan death and hell. Believe this n u r guaranteed heaven,1
Young Thug,Trap,cTGQrA5HHIU,Young Thug &quot;With That&quot; featuring Duke,Young Thug,My fav one❤,0
Young Thug,Trap,cTGQrA5HHIU,Young Thug &quot;With That&quot; featuring Duke,Young Thug,Barter 6 is the greatest album ever created,1
Young Thug,Trap,cTGQrA5HHIU,Young Thug &quot;With That&quot; featuring Duke,Young Thug,Ohh shhh!!! Tttt   here 2026  the Best songs,0
Young Thug,Trap,cTGQrA5HHIU,Young Thug &quot;With That&quot; featuring Duke,Young Thug,SOUFSIDE,0
Young Thug,Trap,cTGQrA5HHIU,Young Thug &quot;With That&quot; featuring Duke,Young Thug,0:15,0
Young Thug,Trap,cTGQrA5HHIU,Young Thug &quot;With That&quot; featuring Duke,Young Thug,Thank You Young Thug,0
Young Thug,Trap,cTGQrA5HHIU,Young Thug &quot;With That&quot; featuring Duke,Young Thug,1:18,0
Young Thug,Trap,cTGQrA5HHIU,Young Thug &quot;With That&quot; featuring Duke,Young Thug,Ye u are not cool wi daaat,0
Young Thug,Trap,cTGQrA5HHIU,Young Thug &quot;With That&quot; featuring Duke,Young Thug,Isso é OG meus manos ! Tava aqui desde sempre !,0
Young Thug,Trap,cTGQrA5HHIU,Young Thug &quot;With That&quot; featuring Duke,Young Thug,Still don’t know what made the editor to make those bulging/shrink face edits but it fits so well man ts hard,0
Young Thug,Trap,cTGQrA5HHIU,Young Thug &quot;With That&quot; featuring Duke,Young Thug,2026,0
Young Thug,Trap,cTGQrA5HHIU,Young Thug &quot;With That&quot; featuring Duke,Young Thug,HARD🔥🔥🔥,0
Young Thug,Trap,cTGQrA5HHIU,Young Thug &quot;With That&quot; featuring Duke,Young Thug,French Polynesia 2k26 🇦🇹🥶,1
Young Thug,Trap,cTGQrA5HHIU,Young Thug &quot;With That&quot; featuring Duke,Young Thug,0:31,1
Young Thug,Trap,cTGQrA5HHIU,Young Thug &quot;With That&quot; featuring Duke,Young Thug,"They hated Barter 6, but that is his best album/tape.",1
Young Thug,Trap,cTGQrA5HHIU,Young Thug &quot;With That&quot; featuring Duke,Young Thug,2026 since ivoiry cost🇨🇮🇨🇮🇨🇮,1
Young Thug,Trap,cTGQrA5HHIU,Young Thug &quot;With That&quot; featuring Duke,Young Thug,1:22 “MY FAVOURITE PART OF THIS VIDEOCLIP” 🕺😂😂😂,1
Young Thug,Trap,cTGQrA5HHIU,Young Thug &quot;With That&quot; featuring Duke,Young Thug,Long Live Trouble,0
Young Thug,Trap,cTGQrA5HHIU,Young Thug &quot;With That&quot; featuring Duke,Young Thug,That old thug was my shi istg,0
Young Thug,Trap,cTGQrA5HHIU,Young Thug &quot;With That&quot; featuring Duke,Young Thug,1:02 2:04 2:07 2:13 0:16 1:13 1:05,0
Young Thug,Trap,cTGQrA5HHIU,Young Thug &quot;With That&quot; featuring Duke,Young Thug,2:42 skrrt skrrtt,1
Young Thug,Trap,cTGQrA5HHIU,Young Thug &quot;With That&quot; featuring Duke,Young Thug,2026 we up still,4
Young Thug,Trap,cTGQrA5HHIU,Young Thug &quot;With That&quot; featuring Duke,Young Thug,Malnourished Thug is unmatched,3
Young Thug,Trap,cTGQrA5HHIU,Young Thug &quot;With That&quot; featuring Duke,Young Thug,Gunna writing down all the crimes lol,1
Young Thug,Trap,cTGQrA5HHIU,Young Thug &quot;With That&quot; featuring Duke,Young Thug,Anybody today ?,0
Young Thug,Trap,cTGQrA5HHIU,Young Thug &quot;With That&quot; featuring Duke,Young Thug,Kinda can’t believe that I used to play this banger when I was a lil fart and decade later this still bangs like a mf 😮‍💨,4
Young Thug,Trap,cTGQrA5HHIU,Young Thug &quot;With That&quot; featuring Duke,Young Thug,1:40 skrrrrrrt,1
Young Thug,Trap,cTGQrA5HHIU,Young Thug &quot;With That&quot; featuring Duke,Young Thug,0:30 wooo,1
Young Thug,Trap,cTGQrA5HHIU,Young Thug &quot;With That&quot; featuring Duke,Young Thug,who that is in the Crown Vic? he look suspicious. you have to understand American culture to understand this line...,0
Young Thug,Trap,cTGQrA5HHIU,Young Thug &quot;With That&quot; featuring Duke,Young Thug,Uber man 2026??,1
Young Thug,Trap,cTGQrA5HHIU,Young Thug &quot;With That&quot; featuring Duke,Young Thug,My bitch she a jew,4
Young Thug,Trap,cTGQrA5HHIU,Young Thug &quot;With That&quot; featuring Duke,Young Thug,Anyone on 17 February 2026,46
Young Thug,Trap,cTGQrA5HHIU,Young Thug &quot;With That&quot; featuring Duke,Young Thug,Who did the editing? 😂👀🙌,0
Young Thug,Trap,cTGQrA5HHIU,Young Thug &quot;With That&quot; featuring Duke,Young Thug,2026,1
Young Thug,Trap,cTGQrA5HHIU,Young Thug &quot;With That&quot; featuring Duke,Young Thug,2026❤,1
Young Thug,Trap,cTGQrA5HHIU,Young Thug &quot;With That&quot; featuring Duke,Young Thug,All time thugger thuggr fav,0
Young Thug,Trap,cTGQrA5HHIU,Young Thug &quot;With That&quot; featuring Duke,Young Thug,You aint bool wit it,0
Young Thug,Trap,cTGQrA5HHIU,Young Thug &quot;With That&quot; featuring Duke,Young Thug,Thank you young thug,1
Young Thug,Trap,cTGQrA5HHIU,Young Thug &quot;With That&quot; featuring Duke,Young Thug,2026 we still here 😂😂,2
Young Thug,Trap,cTGQrA5HHIU,Young Thug &quot;With That&quot; featuring Duke,Young Thug,2026,2
Young Thug,Trap,cTGQrA5HHIU,Young Thug &quot;With That&quot; featuring Duke,Young Thug,2026 ?,25
Young Thug,Trap,cTGQrA5HHIU,Young Thug &quot;With That&quot; featuring Duke,Young Thug,1724 Poort,0
Young Thug,Trap,cTGQrA5HHIU,Young Thug &quot;With That&quot; featuring Duke,Young Thug,Fuegooo,0
Young Thug,Trap,cTGQrA5HHIU,Young Thug &quot;With That&quot; featuring Duke,Young Thug,Yes it's mikala,0
Young Thug,Trap,cTGQrA5HHIU,Young Thug &quot;With That&quot; featuring Duke,Young Thug,Da hardest video thug ever made the graphics is insane,0
Young Thug,Trap,cTGQrA5HHIU,Young Thug &quot;With That&quot; featuring Duke,Young Thug,🇨🇲,1
Young Thug,Trap,cTGQrA5HHIU,Young Thug &quot;With That&quot; featuring Duke,Young Thug,Mental,0
Young Thug,Trap,cTGQrA5HHIU,Young Thug &quot;With That&quot; featuring Duke,Young Thug,Yo he just saving faiza for pressing kids,0
Young Thug,Trap,cTGQrA5HHIU,Young Thug &quot;With That&quot; featuring Duke,Young Thug,🐐🐐🐐,0
Young Thug,Trap,cTGQrA5HHIU,Young Thug &quot;With That&quot; featuring Duke,Young Thug,Pissing on money? This guy is a tool to regress the community.,0
Young Thug,Trap,cTGQrA5HHIU,Young Thug &quot;With That&quot; featuring Duke,Young Thug,this shit impacted the culture,1
Young Thug,Trap,cTGQrA5HHIU,Young Thug &quot;With That&quot; featuring Duke,Young Thug,They be having BBQ that's lit 2:52,0
Young Thug,Trap,cTGQrA5HHIU,Young Thug &quot;With That&quot; featuring Duke,Young Thug,Atlanta a different place😂😂 1:24,0
Young Thug,Trap,cTGQrA5HHIU,Young Thug &quot;With That&quot; featuring Duke,Young Thug,Who OG with the bear😂 1:24,0
Young Thug,Trap,cTGQrA5HHIU,Young Thug &quot;With That&quot; featuring Duke,Young Thug,OG got all the old women going crazy back there with them moves 😂 1:25,1
Young Thug,Trap,cTGQrA5HHIU,Young Thug &quot;With That&quot; featuring Duke,Young Thug,2030 anyone?,0
Young Thug,Trap,cTGQrA5HHIU,Young Thug &quot;With That&quot; featuring Duke,Young Thug,😂dat bitch on car almost crack my smartphone screen,0
Young Thug,Trap,cTGQrA5HHIU,Young Thug &quot;With That&quot; featuring Duke,Young Thug,"Penguin , flush , ©",0
Young Thug,Trap,cTGQrA5HHIU,Young Thug &quot;With That&quot; featuring Duke,Young Thug,Your favourite nigga rappers. Bless The Nation. Youth is the future? 38 we put gons to the face You can dee today.,0
Young Thug,Trap,cTGQrA5HHIU,Young Thug &quot;With That&quot; featuring Duke,Young Thug,This beat reminds me of Foe the Luv Of Money by bone thugs.,0
Young Thug,Trap,cTGQrA5HHIU,Young Thug &quot;With That&quot; featuring Duke,Young Thug,this is the thug i’ll always remember,0
Young Thug,Trap,cTGQrA5HHIU,Young Thug &quot;With That&quot; featuring Duke,Young Thug,My song man,0
Young Thug,Trap,cTGQrA5HHIU,Young Thug &quot;With That&quot; featuring Duke,Young Thug,Forever best ❤️❤️💯,0
Young Thug,Trap,cTGQrA5HHIU,Young Thug &quot;With That&quot; featuring Duke,Young Thug,2026❤,0
Young Thug,Trap,cTGQrA5HHIU,Young Thug &quot;With That&quot; featuring Duke,Young Thug,2026 ❤🎉😊,0
Young Thug,Trap,cTGQrA5HHIU,Young Thug &quot;With That&quot; featuring Duke,Young Thug,Just got my lip piercings😅😅,1
Young Thug,Trap,cTGQrA5HHIU,Young Thug &quot;With That&quot; featuring Duke,Young Thug,Yes sir 2026 till infinity 🔥🔥,0
Young Thug,Trap,cTGQrA5HHIU,Young Thug &quot;With That&quot; featuring Duke,Young Thug,Still one of the hardest fr,0
Young Thug,Trap,cTGQrA5HHIU,Young Thug &quot;With That&quot; featuring Duke,Young Thug,Young thug king of ATLANTA 👑🔥,0
Young Thug,Trap,cTGQrA5HHIU,Young Thug &quot;With That&quot; featuring Duke,Young Thug,2026🎉❤🎉🎉🎉,2
Young Thug,Trap,cTGQrA5HHIU,Young Thug &quot;With That&quot; featuring Duke,Young Thug,Pop me a zanny im so fast faster than sonic man,1
Young Thug,Trap,cTGQrA5HHIU,Young Thug &quot;With That&quot; featuring Duke,Young Thug,👑🕸️🫡07/02/26📿🕊️🕸️🇧🇷,0
Young Thug,Trap,cTGQrA5HHIU,Young Thug &quot;With That&quot; featuring Duke,Young Thug,lol this isgonna free palestine for sure,0
Young Thug,Trap,cTGQrA5HHIU,Young Thug &quot;With That&quot; featuring Duke,Young Thug,I'm still around 2k26,2
Young Thug,Trap,cTGQrA5HHIU,Young Thug &quot;With That&quot; featuring Duke,Young Thug,Thug Thugger Thugging,0
Young Thug,Trap,cTGQrA5HHIU,Young Thug &quot;With That&quot; featuring Duke,Young Thug,Mississippi this,0
Young Thug,Trap,cTGQrA5HHIU,Young Thug &quot;With That&quot; featuring Duke,Young Thug,London beats are immortal,1
Young Thug,Trap,cTGQrA5HHIU,Young Thug &quot;With That&quot; featuring Duke,Young Thug,Dork,1
Young Thug,Trap,cTGQrA5HHIU,Young Thug &quot;With That&quot; featuring Duke,Young Thug,My bitch she a jew,2
Young Thug,Trap,cTGQrA5HHIU,Young Thug &quot;With That&quot; featuring Duke,Young Thug,"From the whitest boy here in quebec, this shit still bangin!😂",2
Young Thug,Trap,cTGQrA5HHIU,Young Thug &quot;With That&quot; featuring Duke,Young Thug,Fucking Autotune,0
Young Thug,Trap,cTGQrA5HHIU,Young Thug &quot;With That&quot; featuring Duke,Young Thug,We here till infinity ♾️ 🔥🔥🔥,2
Young Thug,Trap,cTGQrA5HHIU,Young Thug &quot;With That&quot; featuring Duke,Young Thug,Found this disliked 👀,0
Young Thug,Trap,cTGQrA5HHIU,Young Thug &quot;With That&quot; featuring Duke,Young Thug,I love you Young Thug 2026,1
Young Thug,Trap,cTGQrA5HHIU,Young Thug &quot;With That&quot; featuring Duke,Young Thug,🖤🔥,0
Young Thug,Trap,cTGQrA5HHIU,Young Thug &quot;With That&quot; featuring Duke,Young Thug,TO THIS DAY,0
Young Thug,Trap,cTGQrA5HHIU,Young Thug &quot;With That&quot; featuring Duke,Young Thug,🇻🇪🇻🇪🇻🇪🇻🇪🇻🇪🇻🇪,1
Young Thug,Trap,cTGQrA5HHIU,Young Thug &quot;With That&quot; featuring Duke,Young Thug,"2026, I was here 😎🫡👌🏻✌🏻",2
Young Thug,Trap,cTGQrA5HHIU,Young Thug &quot;With That&quot; featuring Duke,Young Thug,So fckin peak,0
Young Thug,Trap,cTGQrA5HHIU,Young Thug &quot;With That&quot; featuring Duke,Young Thug,2016 really the 2026🔥,46
Young Thug,Trap,cTGQrA5HHIU,Young Thug &quot;With That&quot; featuring Duke,Young Thug,omfg bruh i member when this dropped. crazy times,0
Young Thug,Trap,cTGQrA5HHIU,Young Thug &quot;With That&quot; featuring Duke,Young Thug,I'm so fresh like detergent if you not fresh den I guess you are coo with,0
Young Thug,Trap,cTGQrA5HHIU,Young Thug &quot;With That&quot; featuring Duke,Young Thug,Good morning,3
Young Thug,Trap,cTGQrA5HHIU,Young Thug &quot;With That&quot; featuring Duke,Young Thug,Go watch the studio session 🔥🔥 this is truly art 🎵,0
Young Thug,Trap,cTGQrA5HHIU,Young Thug &quot;With That&quot; featuring Duke,Young Thug,This song amazing 🥲🥶❄️🙏🏼🔥❤️💯,1
Young Thug,Trap,cTGQrA5HHIU,Young Thug &quot;With That&quot; featuring Duke,Young Thug,"psychedelic trap.

Edit: well idk if this shit is necessarily trap but you get my drift lol",0
Young Thug,Trap,cTGQrA5HHIU,Young Thug &quot;With That&quot; featuring Duke,Young Thug,I already know they gunna try to make the next iron man movie rated r for explicit damage to Holly woods ass,1
Young Thug,Trap,cTGQrA5HHIU,Young Thug &quot;With That&quot; featuring Duke,Young Thug,Ya Travis Scott is doctor doom th real one they don’t even want to show th doomsday trailer at the Super Bowl see thighs I fuck it all up,1
Young Thug,Trap,cTGQrA5HHIU,Young Thug &quot;With That&quot; featuring Duke,Young Thug,And furiosa is Jennifer Lawrence mask I am protecting her from the holy war,1
Young Thug,Trap,cTGQrA5HHIU,Young Thug &quot;With That&quot; featuring Duke,Young Thug,I already know they were trying to take my face off n now I am the mad one mad max fury road is iron mask aint nobody f in with Tony Stark,1
Young Thug,Trap,cTGQrA5HHIU,Young Thug &quot;With That&quot; featuring Duke,Young Thug,"2026 am still here, Thugger best trapper",3
Young Thug,Trap,cTGQrA5HHIU,Young Thug &quot;With That&quot; featuring Duke,Young Thug,who still here,8
Young Thug,Trap,cTGQrA5HHIU,Young Thug &quot;With That&quot; featuring Duke,Young Thug,8.,0
Young Thug,Trap,cTGQrA5HHIU,Young Thug &quot;With That&quot; featuring Duke,Young Thug,Why does it sound like they corrected the bpm on this song?,0
Young Thug,Trap,cTGQrA5HHIU,Young Thug &quot;With That&quot; featuring Duke,Young Thug,"I ❤ this beat,  no homo",0
Young Thug,Trap,cTGQrA5HHIU,Young Thug &quot;With That&quot; featuring Duke,Young Thug,2026 In February,6
Young Thug,Trap,cTGQrA5HHIU,Young Thug &quot;With That&quot; featuring Duke,Young Thug,I don’t even make YouTube comments like that. But I think this is the best music video ever made,0
Young Thug,Trap,cTGQrA5HHIU,Young Thug &quot;With That&quot; featuring Duke,Young Thug,غعد ليها طاغغغغررر 🐦🥀🥀🥀,0
Young Thug,Trap,cTGQrA5HHIU,Young Thug &quot;With That&quot; featuring Duke,Young Thug,Timeless hit,0
Young Thug,Trap,cTGQrA5HHIU,Young Thug &quot;With That&quot; featuring Duke,Young Thug,🎉,0
Young Thug,Trap,cTGQrA5HHIU,Young Thug &quot;With That&quot; featuring Duke,Young Thug,everyday is a must listen song,0
Young Thug,Trap,cTGQrA5HHIU,Young Thug &quot;With That&quot; featuring Duke,Young Thug,That beat tough asf🔥🔥🔥🔥🔥🔥🔥🔥🔥🔥🔥🔥🔥🔥🔥🔥🔥🔥🔥🔥🔥🔥🔥🔥🔥🔥🔥🔥,0
Young Thug,Trap,cTGQrA5HHIU,Young Thug &quot;With That&quot; featuring Duke,Young Thug,isnt it more like Duke feat. Young thug?,0
Young Thug,Trap,cTGQrA5HHIU,Young Thug &quot;With That&quot; featuring Duke,Young Thug,Oh my ❤,0
Young Thug,Trap,cTGQrA5HHIU,Young Thug &quot;With That&quot; featuring Duke,Young Thug,Who here in 2026 ?,1
Young Thug,Trap,cTGQrA5HHIU,Young Thug &quot;With That&quot; featuring Duke,Young Thug,Memories,0
Young Thug,Trap,cTGQrA5HHIU,Young Thug &quot;With That&quot; featuring Duke,Young Thug,"Thank you, Young Thug 👑🐐",0
Young Thug,Trap,cTGQrA5HHIU,Young Thug &quot;With That&quot; featuring Duke,Young Thug,🐍🐍🐍🐍💚💚💚💚,1
Young Thug,Trap,cTGQrA5HHIU,Young Thug &quot;With That&quot; featuring Duke,Young Thug,2026anyone?,6
Young Thug,Trap,cTGQrA5HHIU,Young Thug &quot;With That&quot; featuring Duke,Young Thug,2026❤,2
Young Thug,Trap,cTGQrA5HHIU,Young Thug &quot;With That&quot; featuring Duke,Young Thug,"""no you can graduate"" ""oh cool thanks""",0
Young Thug,Trap,cTGQrA5HHIU,Young Thug &quot;With That&quot; featuring Duke,Young Thug,I'm so fresh like detergent if you ain't fresh im cool with that,0
Young Thug,Trap,cTGQrA5HHIU,Young Thug &quot;With That&quot; featuring Duke,Young Thug,I'm n all blacc and always on the road like da Uber man,0
Young Thug,Trap,cTGQrA5HHIU,Young Thug &quot;With That&quot; featuring Duke,Young Thug,Da lil man  n the beginning got the dance moves to tric a bitch fast and quikk like pay me or pay me no nevermind,0
Young Thug,Trap,cTGQrA5HHIU,Young Thug &quot;With That&quot; featuring Duke,Young Thug,"Eu serei velho um dia. Serei mais rico, calmo e confiante. Porem, ainda estarei ouvindo essa musica.
Estarei dentro de uma casa confortavel, vivendo uma vida confortavel. Estarei muito mais pleno que ja estou, mais aliado com Deus, porem, ainda estarei ouvindo essa musica.

THUGGA, VC É BRABO.😪🥶",0
Young Thug,Trap,cTGQrA5HHIU,Young Thug &quot;With That&quot; featuring Duke,Young Thug,"2026❤❤❤Still digging diz ,Yo dig?!",0
Young Thug,Trap,cTGQrA5HHIU,Young Thug &quot;With That&quot; featuring Duke,Young Thug,2026??,0
Young Thug,Trap,cTGQrA5HHIU,Young Thug &quot;With That&quot; featuring Duke,Young Thug,2029 anyone ??,0
Young Thug,Trap,cTGQrA5HHIU,Young Thug &quot;With That&quot; featuring Duke,Young Thug,"0;47 till 1:10
Bring back this Young Thug 
In February 2026",1
Young Thug,Trap,cTGQrA5HHIU,Young Thug &quot;With That&quot; featuring Duke,Young Thug,SS All Rights Reserved without prejudice,0
Young Thug,Trap,cTGQrA5HHIU,Young Thug &quot;With That&quot; featuring Duke,Young Thug,💪💪,0
Young Thug,Trap,cTGQrA5HHIU,Young Thug &quot;With That&quot; featuring Duke,Young Thug,Young thug his songs are always fire 🔥🔥🔥🔥love from Suriname 🇸🇷 South America,0
Young Thug,Trap,cTGQrA5HHIU,Young Thug &quot;With That&quot; featuring Duke,Young Thug,Name a harder track like this ?,1
Young Thug,Trap,cTGQrA5HHIU,Young Thug &quot;With That&quot; featuring Duke,Young Thug,DDG better 😅,0
Young Thug,Trap,cTGQrA5HHIU,Young Thug &quot;With That&quot; featuring Duke,Young Thug,you just had to be there,2
Young Thug,Trap,cTGQrA5HHIU,Young Thug &quot;With That&quot; featuring Duke,Young Thug,im last,1
Young Thug,Trap,cTGQrA5HHIU,Young Thug &quot;With That&quot; featuring Duke,Young Thug,I will be here in 2027!,0
Young Thug,Trap,cTGQrA5HHIU,Young Thug &quot;With That&quot; featuring Duke,Young Thug,Why at 2:42 they showed a nigga whole ass man.,0
Young Thug,Trap,cTGQrA5HHIU,Young Thug &quot;With That&quot; featuring Duke,Young Thug,Thugga,0
Young Thug,Trap,cTGQrA5HHIU,Young Thug &quot;With That&quot; featuring Duke,Young Thug,Master peace 🎉,0
Young Thug,Trap,cTGQrA5HHIU,Young Thug &quot;With That&quot; featuring Duke,Young Thug,1:20 makes this video so iconic since the drop day,1
Young Thug,Trap,cTGQrA5HHIU,Young Thug &quot;With That&quot; featuring Duke,Young Thug,2026🇦🇴,1
Young Thug,Trap,cTGQrA5HHIU,Young Thug &quot;With That&quot; featuring Duke,Young Thug,"I JUST HIT FOR NINE BIRDS, lord what imma do w that? 💰💰💰💰",2
Young Thug,Trap,cTGQrA5HHIU,Young Thug &quot;With That&quot; featuring Duke,Young Thug,2026 and still on repeat💯💯🔥🥶,0
Young Thug,Trap,cTGQrA5HHIU,Young Thug &quot;With That&quot; featuring Duke,Young Thug,Flow crazy 🔥,1
Young Thug,Trap,cTGQrA5HHIU,Young Thug &quot;With That&quot; featuring Duke,Young Thug,🔥🔥🔥🔥🔥 skrrt 🥇🙌 2026,0
Young Thug,Trap,cTGQrA5HHIU,Young Thug &quot;With That&quot; featuring Duke,Young Thug,life changing.,0
Young Thug,Trap,cTGQrA5HHIU,Young Thug &quot;With That&quot; featuring Duke,Young Thug,There's Young Thug and Thugger Thugger. This right here is Thugger Thugger,0
Young Thug,Trap,cTGQrA5HHIU,Young Thug &quot;With That&quot; featuring Duke,Young Thug,YOUNG THUG IS A SO GREAT STILL WORKING HARD ❤,1
Young Thug,Trap,cTGQrA5HHIU,Young Thug &quot;With That&quot; featuring Duke,Young Thug,1:12 wunna,3
Young Thug,Trap,cTGQrA5HHIU,Young Thug &quot;With That&quot; featuring Duke,Young Thug,I fogot how HARD this track isss! XD!,1
Young Thug,Trap,cTGQrA5HHIU,Young Thug &quot;With That&quot; featuring Duke,Young Thug,"2026 ,tiktok is going crazy🎉",0
Young Thug,Trap,cTGQrA5HHIU,Young Thug &quot;With That&quot; featuring Duke,Young Thug,2026 anyone,0
Young Thug,Trap,cTGQrA5HHIU,Young Thug &quot;With That&quot; featuring Duke,Young Thug,This song is hard,0
Young Thug,Trap,cTGQrA5HHIU,Young Thug &quot;With That&quot; featuring Duke,Young Thug,who is here after the new tiktok trend,0
Young Thug,Trap,cTGQrA5HHIU,Young Thug &quot;With That&quot; featuring Duke,Young Thug,Yeeeuuhhhh🔥🔥,2
Young Thug,Trap,cTGQrA5HHIU,Young Thug &quot;With That&quot; featuring Duke,Young Thug,Who here in 2026 ?,10
Young Thug,Trap,cTGQrA5HHIU,Young Thug &quot;With That&quot; featuring Duke,Young Thug,"Tik tok brought me here, thought this was a new song 🤦🏽‍♂️🤦🏽‍♂️",0
Young Thug,Trap,cTGQrA5HHIU,Young Thug &quot;With That&quot; featuring Duke,Young Thug,Let’s make 2026 2016 again!!!,0
Young Thug,Trap,cTGQrA5HHIU,Young Thug &quot;With That&quot; featuring Duke,Young Thug,Who here from TikTok 😂❤,19
Young Thug,Trap,cTGQrA5HHIU,Young Thug &quot;With That&quot; featuring Duke,Young Thug,My bitch she a jew? 0:52,0
Young Thug,Trap,cTGQrA5HHIU,Young Thug &quot;With That&quot; featuring Duke,Young Thug,No w that we popin off you kno I keep hat mussle cuz I kno niggas like to tussle so what's up niggas get at me,1
Young Thug,Trap,cTGQrA5HHIU,Young Thug &quot;With That&quot; featuring Duke,Young Thug,Hunnit band hunnit band,0
Young Thug,Trap,cTGQrA5HHIU,Young Thug &quot;With That&quot; featuring Duke,Young Thug,2026 ECUADOR IN DA HAUSE,0
Young Thug,Trap,cTGQrA5HHIU,Young Thug &quot;With That&quot; featuring Duke,Young Thug,Here 2026 riding up Glenwood east Atlanta 🔥🔥🔥🔥🔥,0
Young Thug,Trap,cTGQrA5HHIU,Young Thug &quot;With That&quot; featuring Duke,Young Thug,Prime young thug,0
Young Thug,Trap,cTGQrA5HHIU,Young Thug &quot;With That&quot; featuring Duke,Young Thug,Y'all still here ???,2478
Young Thug,Trap,cTGQrA5HHIU,Young Thug &quot;With That&quot; featuring Duke,Young Thug,New brawl stars update :,2
Young Thug,Trap,cTGQrA5HHIU,Young Thug &quot;With That&quot; featuring Duke,Young Thug,2026?,1
Young Thug,Trap,cTGQrA5HHIU,Young Thug &quot;With That&quot; featuring Duke,Young Thug,"Ain't even about ""who still here"" anymore. It's about who still aint here. Woooo!",0
Young Thug,Trap,cTGQrA5HHIU,Young Thug &quot;With That&quot; featuring Duke,Young Thug,Thank God for Thugger 😢,7
Young Thug,Trap,cTGQrA5HHIU,Young Thug &quot;With That&quot; featuring Duke,Young Thug,Love you thug!! U dat real nigga!! Love you brother!!!,0
Young Thug,Trap,cTGQrA5HHIU,Young Thug &quot;With That&quot; featuring Duke,Young Thug,"2015 thugger unmatched, no one came close.",0
Young Thug,Trap,cTGQrA5HHIU,Young Thug &quot;With That&quot; featuring Duke,Young Thug,My best youngthug song,0
Young Thug,Trap,cTGQrA5HHIU,Young Thug &quot;With That&quot; featuring Duke,Young Thug,4 ever here anyone??,1
Young Thug,Trap,cTGQrA5HHIU,Young Thug &quot;With That&quot; featuring Duke,Young Thug,Classic❤,0
Young Thug,Trap,cTGQrA5HHIU,Young Thug &quot;With That&quot; featuring Duke,Young Thug,n1,0
Young Thug,Trap,cTGQrA5HHIU,Young Thug &quot;With That&quot; featuring Duke,Young Thug,1:20 la danse du daron me fume tellement ❤😂,1
Young Thug,Trap,cTGQrA5HHIU,Young Thug &quot;With That&quot; featuring Duke,Young Thug,timeless,1
Young Thug,Trap,cTGQrA5HHIU,Young Thug &quot;With That&quot; featuring Duke,Young Thug,RIP young thug,1
Young Thug,Trap,cTGQrA5HHIU,Young Thug &quot;With That&quot; featuring Duke,Young Thug,Still 🔥,1
Young Thug,Trap,cTGQrA5HHIU,Young Thug &quot;With That&quot; featuring Duke,Young Thug,Who here 2026,5
Young Thug,Trap,cTGQrA5HHIU,Young Thug &quot;With That&quot; featuring Duke,Young Thug,The greatest song ever recorded,1
Young Thug,Trap,cTGQrA5HHIU,Young Thug &quot;With That&quot; featuring Duke,Young Thug,Imagina a brisa que nao deve ter sido o dia de gravaçao desse clipe... KKKKK MUITO BOM 😶‍🌫,0
Young Thug,Trap,cTGQrA5HHIU,Young Thug &quot;With That&quot; featuring Duke,Young Thug,2026 anyone?,1
Young Thug,Trap,cTGQrA5HHIU,Young Thug &quot;With That&quot; featuring Duke,Young Thug,0:51 your bitch is a jew! That's fucking hilarious,0
Young Thug,Trap,cTGQrA5HHIU,Young Thug &quot;With That&quot; featuring Duke,Young Thug,"This cant be 10 years old, this is 2050 shish, bro is alien 🔥🔥🔥💯",0
Young Thug,Trap,cTGQrA5HHIU,Young Thug &quot;With That&quot; featuring Duke,Young Thug,²🦁✋6,0
Young Thug,Trap,cTGQrA5HHIU,Young Thug &quot;With That&quot; featuring Duke,Young Thug,2026 anyone,1
Young Thug,Trap,cTGQrA5HHIU,Young Thug &quot;With That&quot; featuring Duke,Young Thug,I wanna cook out,0
Young Thug,Trap,cTGQrA5HHIU,Young Thug &quot;With That&quot; featuring Duke,Young Thug,2027 anyone ?,0
Young Thug,Trap,cTGQrA5HHIU,Young Thug &quot;With That&quot; featuring Duke,Young Thug,1:25,0
Young Thug,Trap,cTGQrA5HHIU,Young Thug &quot;With That&quot; featuring Duke,Young Thug,This song was ahead of its time,20
Young Thug,Trap,cTGQrA5HHIU,Young Thug &quot;With That&quot; featuring Duke,Young Thug,Mc무현과 버금가는 Mc,1
Young Thug,Trap,cTGQrA5HHIU,Young Thug &quot;With That&quot; featuring Duke,Young Thug,2026,3
Young Thug,Trap,cTGQrA5HHIU,Young Thug &quot;With That&quot; featuring Duke,Young Thug,"I'm so through with that
I'm so through with that",2
Young Thug,Trap,cTGQrA5HHIU,Young Thug &quot;With That&quot; featuring Duke,Young Thug,225M views bro filthy rich,2
Young Thug,Trap,cTGQrA5HHIU,Young Thug &quot;With That&quot; featuring Duke,Young Thug,2026 still bompin,3
Young Thug,Trap,cTGQrA5HHIU,Young Thug &quot;With That&quot; featuring Duke,Young Thug,2026 still bompin,6
Young Thug,Trap,cTGQrA5HHIU,Young Thug &quot;With That&quot; featuring Duke,Young Thug,❤❤❤,2
Young Thug,Trap,cTGQrA5HHIU,Young Thug &quot;With That&quot; featuring Duke,Young Thug,"1:56 ✌🏿🚛✌🏿🕊#TRU 🤞🏿💯💬THAT,",8
Young Thug,Trap,cTGQrA5HHIU,Young Thug &quot;With That&quot; featuring Duke,Young Thug,2026 🎉🎉🎉,2
Young Thug,Trap,cTGQrA5HHIU,Young Thug &quot;With That&quot; featuring Duke,Young Thug,i love it big heart form poland <3 😍😍,2
Young Thug,Trap,cTGQrA5HHIU,Young Thug &quot;With That&quot; featuring Duke,Young Thug,2:20,0
Young Thug,Trap,cTGQrA5HHIU,Young Thug &quot;With That&quot; featuring Duke,Young Thug,2026,2
Young Thug,Trap,cTGQrA5HHIU,Young Thug &quot;With That&quot; featuring Duke,Young Thug,Yep all the way down south Mississippi stand up,2
Young Thug,Trap,cTGQrA5HHIU,Young Thug &quot;With That&quot; featuring Duke,Young Thug,2026 still bumping ts,2
Young Thug,Trap,cTGQrA5HHIU,Young Thug &quot;With That&quot; featuring Duke,Young Thug,,1
Young Thug,Trap,cTGQrA5HHIU,Young Thug &quot;With That&quot; featuring Duke,Young Thug,If youre retarded for 2026 anyone? Keep it to yourself its mental to put on every youtube video like you play with your poop 🤦,1
Young Thug,Trap,cTGQrA5HHIU,Young Thug &quot;With That&quot; featuring Duke,Young Thug,Brasil2026,3
Young Thug,Trap,cTGQrA5HHIU,Young Thug &quot;With That&quot; featuring Duke,Young Thug,When you really got London on The Track 🤫🤷🏽‍♀️😂🌚☠️,2
Young Thug,Trap,cTGQrA5HHIU,Young Thug &quot;With That&quot; featuring Duke,Young Thug,"как же хорошо, что я живу в том времени, когда есть yt
мне кажется, что через 10 лет, когда мне станет 40, я буду слушать и вспоминать тот вайб, которым я наслаждался от yt
#youngthug",2
Young Thug,Trap,cTGQrA5HHIU,Young Thug &quot;With That&quot; featuring Duke,Young Thug,Thank you young thug,3
Young Thug,Trap,cTGQrA5HHIU,Young Thug &quot;With That&quot; featuring Duke,Young Thug,thagga huttooooooooooo<333333333333,2
Young Thug,Trap,cTGQrA5HHIU,Young Thug &quot;With That&quot; featuring Duke,Young Thug,2026 anyone????,708
Young Thug,Trap,cTGQrA5HHIU,Young Thug &quot;With That&quot; featuring Duke,Young Thug,2026 im here !,1
Young Thug,Trap,cTGQrA5HHIU,Young Thug &quot;With That&quot; featuring Duke,Young Thug,mi piace mi piace mi piace mi piace veeeenireeee,1
Young Thug,Trap,cTGQrA5HHIU,Young Thug &quot;With That&quot; featuring Duke,Young Thug,how tall is Ludacris?,1
Young Thug,Trap,cTGQrA5HHIU,Young Thug &quot;With That&quot; featuring Duke,Young Thug,Yeas 2026 thug forever ♥️,0
Young Thug,Trap,cTGQrA5HHIU,Young Thug &quot;With That&quot; featuring Duke,Young Thug,this beat and his cartoon voice make it even better,0
Young Thug,Trap,cTGQrA5HHIU,Young Thug &quot;With That&quot; featuring Duke,Young Thug,Lee Marvin Livingston Love God Uno blessed ❤️,0
Young Thug,Trap,cTGQrA5HHIU,Young Thug &quot;With That&quot; featuring Duke,Young Thug,2026 Anyone —— >,1
Young Thug,Trap,cTGQrA5HHIU,Young Thug &quot;With That&quot; featuring Duke,Young Thug,2026 hit button,1
Young Thug,Trap,cTGQrA5HHIU,Young Thug &quot;With That&quot; featuring Duke,Young Thug,2026 anyone?🔥🔥🔥🔥,1
Young Thug,Trap,cTGQrA5HHIU,Young Thug &quot;With That&quot; featuring Duke,Young Thug,2026 Straight Outta Boulder Hippy Town 3030303💯💯💯💯💯💯💯💯💯💯💯💯💯🤜🏽🤛🏽🤜🏽🤛🏽🤜🏽🤛🏽,1
Young Thug,Trap,cTGQrA5HHIU,Young Thug &quot;With That&quot; featuring Duke,Young Thug,The way ATL work one of them kids prolly on they way to stardome,0
Young Thug,Trap,cTGQrA5HHIU,Young Thug &quot;With That&quot; featuring Duke,Young Thug,Still jammin in 2026,2
Young Thug,Trap,cTGQrA5HHIU,Young Thug &quot;With That&quot; featuring Duke,Young Thug,2026 anyone?,0
Young Thug,Trap,cTGQrA5HHIU,Young Thug &quot;With That&quot; featuring Duke,Young Thug,When did the English language turn into bubbling shit mouth?,0
Young Thug,Trap,cTGQrA5HHIU,Young Thug &quot;With That&quot; featuring Duke,Young Thug,1/2/26❤,0
Young Thug,Trap,cTGQrA5HHIU,Young Thug &quot;With That&quot; featuring Duke,Young Thug,Who here 2k26🎉🎉🎉,2
Young Thug,Trap,cTGQrA5HHIU,Young Thug &quot;With That&quot; featuring Duke,Young Thug,2026,0
Young Thug,Trap,cTGQrA5HHIU,Young Thug &quot;With That&quot; featuring Duke,Young Thug,Blam da ogs they influinsid us,1
Young Thug,Trap,cTGQrA5HHIU,Young Thug &quot;With That&quot; featuring Duke,Young Thug,I'm so fresh like tide if you not fresh move from around us we don't like to smell shit,1
Young Thug,Trap,cTGQrA5HHIU,Young Thug &quot;With That&quot; featuring Duke,Young Thug,Truda truda man true rerelidigon boty man,1
Young Thug,Trap,cTGQrA5HHIU,Young Thug &quot;With That&quot; featuring Duke,Young Thug,Shout out to da dub we going hard so fucc da club 💯,0
Young Thug,Trap,p0x6FEDV-ig,Young Thug - Check (Official Music Video),Young Thug,When I put ice 🧊 on BIG EAGLES 🦅,0
Young Thug,Trap,p0x6FEDV-ig,Young Thug - Check (Official Music Video),Young Thug,📜⚖️🕴🏽🕍🕌🚔🚍🏍️🚙🚗🏎️🚒🚑🚓🚕🎥👩🏽Ms Crews abc channel 12 local news,0
Young Thug,Trap,p0x6FEDV-ig,Young Thug - Check (Official Music Video),Young Thug,Birdman I want Ms Crews 👩🏽to help me on movies,0
Young Thug,Trap,p0x6FEDV-ig,Young Thug - Check (Official Music Video),Young Thug,I'm sick off illuminati and KKK Birdman 🎖️🕴🏽📜⚖️,0
Young Thug,Trap,p0x6FEDV-ig,Young Thug - Check (Official Music Video),Young Thug,Birdman 🫆🕴🏽📜⚖️,0
Young Thug,Trap,p0x6FEDV-ig,Young Thug - Check (Official Music Video),Young Thug,⚖️📜🕴🏽can I Curtis Bland come back alive,0
Young Thug,Trap,p0x6FEDV-ig,Young Thug - Check (Official Music Video),Young Thug,CLASSIC,1
Young Thug,Trap,p0x6FEDV-ig,Young Thug - Check (Official Music Video),Young Thug,2026 summer?,4
Young Thug,Trap,p0x6FEDV-ig,Young Thug - Check (Official Music Video),Young Thug,Ahh I'm still here. I ain't forgot 😤🔥,1
Young Thug,Trap,p0x6FEDV-ig,Young Thug - Check (Official Music Video),Young Thug,1:37 “If she bad ima gunna 4 season that bitch” then the look he gave 😮‍💨,0
Young Thug,Trap,p0x6FEDV-ig,Young Thug - Check (Official Music Video),Young Thug,YOUNG THUG PRIME,2
Young Thug,Trap,p0x6FEDV-ig,Young Thug - Check (Official Music Video),Young Thug,Song will never die ❤,1
Young Thug,Trap,p0x6FEDV-ig,Young Thug - Check (Official Music Video),Young Thug,This Chune is so effing Hard... The Beat is Superb 🔥🔥🔥🔥🔥🔥🔥🔥🔥🔥🏝🏖😎🇦🇬🧑🏾‍🔧🚘🚗👨🏾‍🏭 21 gun salutes... 🔥🔥🔥🔥🔥🔥🔥🔥,0
Young Thug,Trap,p0x6FEDV-ig,Young Thug - Check (Official Music Video),Young Thug,Thank you lord please continue to bless me in Jesus name amen,0
Young Thug,Trap,p0x6FEDV-ig,Young Thug - Check (Official Music Video),Young Thug,Songwriter,0
Young Thug,Trap,p0x6FEDV-ig,Young Thug - Check (Official Music Video),Young Thug,super,1
Young Thug,Trap,p0x6FEDV-ig,Young Thug - Check (Official Music Video),Young Thug,2026 I’m here brother thugger 🙌🏿🔥🔥🔥😂🥂🥂👨🏾‍🏭👩🏼‍⚕️💰💰,0
Young Thug,Trap,p0x6FEDV-ig,Young Thug - Check (Official Music Video),Young Thug,👇 Anyone june 2026,2
Young Thug,Trap,p0x6FEDV-ig,Young Thug - Check (Official Music Video),Young Thug,minus the antics...🔥,1
Young Thug,Trap,p0x6FEDV-ig,Young Thug - Check (Official Music Video),Young Thug,you guys really enjoyed real hip hop 💰🏅,0
Young Thug,Trap,p0x6FEDV-ig,Young Thug - Check (Official Music Video),Young Thug,🔥,0
Young Thug,Trap,p0x6FEDV-ig,Young Thug - Check (Official Music Video),Young Thug,Hi,0
Young Thug,Trap,p0x6FEDV-ig,Young Thug - Check (Official Music Video),Young Thug,2030 anybody here,1
Young Thug,Trap,p0x6FEDV-ig,Young Thug - Check (Official Music Video),Young Thug,Hey there,0
Young Thug,Trap,p0x6FEDV-ig,Young Thug - Check (Official Music Video),Young Thug,2026 we need this thugga back mane 🔥🔥🔥,1
Young Thug,Trap,p0x6FEDV-ig,Young Thug - Check (Official Music Video),Young Thug,Take me back to varsity days. TUT some of the best days of my life!!!,1
Young Thug,Trap,p0x6FEDV-ig,Young Thug - Check (Official Music Video),Young Thug,Qui est là en 2026 ?,0
Young Thug,Trap,p0x6FEDV-ig,Young Thug - Check (Official Music Video),Young Thug,Is this a spoof?,0
Young Thug,Trap,p0x6FEDV-ig,Young Thug - Check (Official Music Video),Young Thug,Keyara miller screaming at me,0
Young Thug,Trap,p0x6FEDV-ig,Young Thug - Check (Official Music Video),Young Thug,*,0
Young Thug,Trap,p0x6FEDV-ig,Young Thug - Check (Official Music Video),Young Thug,*,0
Young Thug,Trap,p0x6FEDV-ig,Young Thug - Check (Official Music Video),Young Thug,*,0
Young Thug,Trap,p0x6FEDV-ig,Young Thug - Check (Official Music Video),Young Thug,Anyone here 2026,1
Young Thug,Trap,p0x6FEDV-ig,Young Thug - Check (Official Music Video),Young Thug,When i put on ice on i am sub zero🥶🥶🥶🥶,1
Young Thug,Trap,p0x6FEDV-ig,Young Thug - Check (Official Music Video),Young Thug,0:15 is always funny cause Thug looks straight up DISGUSTED at that money 😂😂,0
Young Thug,Trap,p0x6FEDV-ig,Young Thug - Check (Official Music Video),Young Thug,Can't believe it's already been 11 years 😩,0
Young Thug,Trap,p0x6FEDV-ig,Young Thug - Check (Official Music Video),Young Thug,Kirea Miller Screaming said Ahhhhh,0
Young Thug,Trap,p0x6FEDV-ig,Young Thug - Check (Official Music Video),Young Thug,Waves talk fish,0
Young Thug,Trap,p0x6FEDV-ig,Young Thug - Check (Official Music Video),Young Thug,June 2026 who’s still here ???,0
Young Thug,Trap,p0x6FEDV-ig,Young Thug - Check (Official Music Video),Young Thug,Check anuel 🔥,0
Young Thug,Trap,p0x6FEDV-ig,Young Thug - Check (Official Music Video),Young Thug,Ahora quiero escuchar una y ver las putas o gils de alla nigga de london por lo menos si ta serca,0
Young Thug,Trap,p0x6FEDV-ig,Young Thug - Check (Official Music Video),Young Thug,Ahora si le puedo dar me gusta algo me decia que era gevii esas music y cuando chequeo me gustan tan chula las gils palla tambien? Disfrutenla creo en que Dios ya me dio mi gils,0
Young Thug,Trap,p0x6FEDV-ig,Young Thug - Check (Official Music Video),Young Thug,Who in June 2026 ?,9
Young Thug,Trap,p0x6FEDV-ig,Young Thug - Check (Official Music Video),Young Thug,my favorite song in 7th grade,1
Young Thug,Trap,p0x6FEDV-ig,Young Thug - Check (Official Music Video),Young Thug,This my go to song on the way to work 💰🧿,0
Young Thug,Trap,p0x6FEDV-ig,Young Thug - Check (Official Music Video),Young Thug,6-6-26😮‍💨🔥,0
Young Thug,Trap,p0x6FEDV-ig,Young Thug - Check (Official Music Video),Young Thug,Tha best switch is always sooo tougggghhhh🐐😤,0
Young Thug,Trap,p0x6FEDV-ig,Young Thug - Check (Official Music Video),Young Thug,Dis shit fi fr no chizzie,0
Young Thug,Trap,p0x6FEDV-ig,Young Thug - Check (Official Music Video),Young Thug,1017✨,0
Young Thug,Trap,p0x6FEDV-ig,Young Thug - Check (Official Music Video),Young Thug,2027,0
Young Thug,Trap,p0x6FEDV-ig,Young Thug - Check (Official Music Video),Young Thug,That’s me in the elevator,0
Young Thug,Trap,p0x6FEDV-ig,Young Thug - Check (Official Music Video),Young Thug,"My daddy used to play this song over and over this song, literally live rent free in my head",2
Young Thug,Trap,p0x6FEDV-ig,Young Thug - Check (Official Music Video),Young Thug,Niggas that listened to him back in the day was the dumbest niggas of all time,0
Young Thug,Trap,p0x6FEDV-ig,Young Thug - Check (Official Music Video),Young Thug,When  Push did the shush 😂😂😂,0
Young Thug,Trap,p0x6FEDV-ig,Young Thug - Check (Official Music Video),Young Thug,Oh No sir keep asking her that charger,1
Young Thug,Trap,p0x6FEDV-ig,Young Thug - Check (Official Music Video),Young Thug,Trash,0
Young Thug,Trap,p0x6FEDV-ig,Young Thug - Check (Official Music Video),Young Thug,Aww okay 😂😅❤❤#TSG,0
Young Thug,Trap,p0x6FEDV-ig,Young Thug - Check (Official Music Video),Young Thug,yikes,0
Young Thug,Trap,p0x6FEDV-ig,Young Thug - Check (Official Music Video),Young Thug,BABY BABY BABY BABY BABY I NEED RACKS 🎉🕺 🪩,0
Young Thug,Trap,p0x6FEDV-ig,Young Thug - Check (Official Music Video),Young Thug,We live in a completely different world now 10+ years after this dropped Crazy how life goes on and the world keeps spinning,1
Young Thug,Trap,p0x6FEDV-ig,Young Thug - Check (Official Music Video),Young Thug,Blonde Sex was something else 😮‍💨,1
Young Thug,Trap,p0x6FEDV-ig,Young Thug - Check (Official Music Video),Young Thug,"this is why AI music exist. this song and style are so bad.

Human Slop 😄",0
Young Thug,Trap,p0x6FEDV-ig,Young Thug - Check (Official Music Video),Young Thug,"2026, Brasil 
Power
Check
Digits
Best friend.... nunca envelhece kk",0
Young Thug,Trap,p0x6FEDV-ig,Young Thug - Check (Official Music Video),Young Thug,original get money music,0
Young Thug,Trap,p0x6FEDV-ig,Young Thug - Check (Official Music Video),Young Thug,Weeee got london ondada track,0
Young Thug,Trap,p0x6FEDV-ig,Young Thug - Check (Official Music Video),Young Thug,"Imagine this being the only evidence of human existence
Can't deny Young Thug been in his bag since day one, but that AUTHENTIC VIEWS DAWT CAWM boost is on another level! Dude’s literally unstoppable now. 🔥💥",5
Young Thug,Trap,p0x6FEDV-ig,Young Thug - Check (Official Music Video),Young Thug,Who's checkin' 30th may 2026,34
Young Thug,Trap,p0x6FEDV-ig,Young Thug - Check (Official Music Video),Young Thug,Classic forever,2
Young Thug,Trap,p0x6FEDV-ig,Young Thug - Check (Official Music Video),Young Thug,This def wanna of the best songs dropped he did a banger with elton jhons song,1
Young Thug,Trap,p0x6FEDV-ig,Young Thug - Check (Official Music Video),Young Thug,Thugga fir life Ysl,0
Young Thug,Trap,p0x6FEDV-ig,Young Thug - Check (Official Music Video),Young Thug,❤,0
Young Thug,Trap,p0x6FEDV-ig,Young Thug - Check (Official Music Video),Young Thug,Who family guy if you know Chris brown,0
Young Thug,Trap,p0x6FEDV-ig,Young Thug - Check (Official Music Video),Young Thug,Brain washing not good,0
Young Thug,Trap,p0x6FEDV-ig,Young Thug - Check (Official Music Video),Young Thug,Money in my mind,0
Young Thug,Trap,p0x6FEDV-ig,Young Thug - Check (Official Music Video),Young Thug,King💯,0
Young Thug,Trap,p0x6FEDV-ig,Young Thug - Check (Official Music Video),Young Thug,Still his Best Song,4
Young Thug,Trap,p0x6FEDV-ig,Young Thug - Check (Official Music Video),Young Thug,Кто тут после bewhy?,0
Young Thug,Trap,p0x6FEDV-ig,Young Thug - Check (Official Music Video),Young Thug,😊,0
Young Thug,Trap,p0x6FEDV-ig,Young Thug - Check (Official Music Video),Young Thug,❤ 🙏,1
Young Thug,Trap,p0x6FEDV-ig,Young Thug - Check (Official Music Video),Young Thug,Sakencha 🥰,1
Young Thug,Trap,p0x6FEDV-ig,Young Thug - Check (Official Music Video),Young Thug,2026?,2
Young Thug,Trap,p0x6FEDV-ig,Young Thug - Check (Official Music Video),Young Thug,"Didn’t understand a word, but I dig it",0
Young Thug,Trap,p0x6FEDV-ig,Young Thug - Check (Official Music Video),Young Thug,2016=2026 FYM ❤,0
Young Thug,Trap,p0x6FEDV-ig,Young Thug - Check (Official Music Video),Young Thug,🥶💙🥶,0
Young Thug,Trap,p0x6FEDV-ig,Young Thug - Check (Official Music Video),Young Thug,Ehi still here in 20266,0
Young Thug,Trap,p0x6FEDV-ig,Young Thug - Check (Official Music Video),Young Thug,💋,0
Young Thug,Trap,p0x6FEDV-ig,Young Thug - Check (Official Music Video),Young Thug,❤❤❤❤❤🍺🍺🍺🍺🍺,1
Young Thug,Trap,p0x6FEDV-ig,Young Thug - Check (Official Music Video),Young Thug,2026 ?????,0
Young Thug,Trap,p0x6FEDV-ig,Young Thug - Check (Official Music Video),Young Thug,Buster rhymes ♥️,1
Young Thug,Trap,p0x6FEDV-ig,Young Thug - Check (Official Music Video),Young Thug,❤? 😎? Kingdom Come BOOMER DJMX Game over Flip musical?,1
Young Thug,Trap,p0x6FEDV-ig,Young Thug - Check (Official Music Video),Young Thug,Intro to this song still go crazy,1
Young Thug,Trap,p0x6FEDV-ig,Young Thug - Check (Official Music Video),Young Thug,2026 anyone,0
Young Thug,Trap,p0x6FEDV-ig,Young Thug - Check (Official Music Video),Young Thug,YOUNG THUG GO BACK TO THIS YOUNG THUG G !!!!!,0
Young Thug,Trap,p0x6FEDV-ig,Young Thug - Check (Official Music Video),Young Thug,Friday morning after 2 weeks of hard labor 0:20,0
Young Thug,Trap,p0x6FEDV-ig,Young Thug - Check (Official Music Video),Young Thug,🚓🚓🚓🚓🚓🚓🚓🚓🚓🚓🚓🚓🚓,0
Young Thug,Trap,p0x6FEDV-ig,Young Thug - Check (Official Music Video),Young Thug,Jennifer 🥵🥶🫨❤️🤗🤘😎🥵❤️🤯🥶🫨😵‍💫🙁🤤🥺🤤🥺😔🫡🤤🥺,0
Young Thug,Trap,p0x6FEDV-ig,Young Thug - Check (Official Music Video),Young Thug,Fucken youngthug to the fucken world 👿🐍❤,1
Young Thug,Trap,p0x6FEDV-ig,Young Thug - Check (Official Music Video),Young Thug,"We need this Young Thug back, prime thuggy",0
Young Thug,Trap,p0x6FEDV-ig,Young Thug - Check (Official Music Video),Young Thug,WHO od this Poland?.. check!! YT when you make concert from Poland? 💪💪❤️❤️❤️,0
Young Thug,Trap,p0x6FEDV-ig,Young Thug - Check (Official Music Video),Young Thug,My favorite video ❤❤❤,0
Young Thug,Trap,p0x6FEDV-ig,Young Thug - Check (Official Music Video),Young Thug,2095 anyone,0
Young Thug,Trap,p0x6FEDV-ig,Young Thug - Check (Official Music Video),Young Thug,🐍You not slime nomore It’s 🔝 🐍,0
Young Thug,Trap,p0x6FEDV-ig,Young Thug - Check (Official Music Video),Young Thug,2026 may anyone?,0
Young Thug,Trap,p0x6FEDV-ig,Young Thug - Check (Official Music Video),Young Thug,2026 may anyone?,1
Young Thug,Trap,p0x6FEDV-ig,Young Thug - Check (Official Music Video),Young Thug,93,0
Young Thug,Trap,p0x6FEDV-ig,Young Thug - Check (Official Music Video),Young Thug,Cash moneyq,0
Young Thug,Trap,p0x6FEDV-ig,Young Thug - Check (Official Music Video),Young Thug,Who else searched for best of thugger?,1
Young Thug,Trap,p0x6FEDV-ig,Young Thug - Check (Official Music Video),Young Thug,NC here,0
Young Thug,Trap,p0x6FEDV-ig,Young Thug - Check (Official Music Video),Young Thug,She’s moving like a thug,0
Young Thug,Trap,p0x6FEDV-ig,Young Thug - Check (Official Music Video),Young Thug,"I got a check ,000,00",0
Young Thug,Trap,p0x6FEDV-ig,Young Thug - Check (Official Music Video),Young Thug,2026 Brasil 🇧🇷,2
Young Thug,Trap,p0x6FEDV-ig,Young Thug - Check (Official Music Video),Young Thug,"En el nombre de Allah (Dios), el Compasivo, el Misericordioso.

La paz sea con aquellos que siguen la guía.

Hemos enviado un mensajero a cada comunidad: ""Adorad a Allah y apartaos de los Tagut.""Y hubo entre ellos a quien Allah guió, pero hubo en quien se hizo realidad el extravío.Recorred pues la tierra y ved cómo acabaron los que negaron la verdad. Corán (16:36)

Taghut: significa cualquier cosa adorada además de Allah (Dios).

Hay cinco cabezas de taghut

Satanás: El instigador supremo que incita a la gente a desobedecer a Alá (Dios) y a adorar a otros.
Aquel que es adorado y se complace con ello: Alguien (o algo) adorado además de Alá (Dios), que se complace con esa adoración (por ejemplo, ídolos, santos fallecidos adorados falsamente).
Quien afirma conocer lo Oculto (Ghayb): Alguien que afirma falsamente conocer asuntos ocultos, que pertenecen solo a Alá (Dios).
Quien incita a la gente a adorarse a sí mismo: Un líder o figura que invita activamente a otros a adorarle, independientemente de si cumplen o no.
Quien no juzga con base en lo que Alá ha revelado: Un gobernante o autoridad que sustituye la ley divina de Alá con leyes humanas, desviando a la gente del camino de Dios.

Y no he creado a los genios y a los hombres sino para que Me adoren. Corán (51:56)

""Él es Quien creó la muerte y la vida para probaros y ver cuál de vosotros sería mejor en obras. Corán (67:2)

Realmente la práctica de Adoración ante Allah es el Islam. Corán (3:19)

Y quien desee otra práctica de Adoración que no sea el Islam. no le será aceptada y en la Última Vida será de los perdedores. Corán (3:85)

Toda alma probará la muerte. Y el Día del Levantamiento se os pagará cumplidamente la retribución que os corresponda.Quien sea alejado del Fuego e introducido en el Jardín, habrá triunfado. La vida de este mundo no es sino el disfrute engañoso de lo que se acaba. Corán (3:185)

La vida del mundo no es sino juego y distracción, la verdadera vida es la morada de la Última Vida, si supieran. Corán (29:64)

Ni vuestra consanguinidad ni vuestros hijos os servirán el Día del Levantamiento. Cada uno de vosotros tendrá el juicio que le corresponda. Allah ve lo que hacéis. Corán (60:3)

Y al que está ciego para el recuerdo del Misericordioso le asignamos un demonio que se convierte en su compañero inseparable. Y éstos les apartan del camino mientras ellos se creen guiados. Corán (43:36-37)",1
Young Thug,Trap,p0x6FEDV-ig,Young Thug - Check (Official Music Video),Young Thug,"In the name of Allah(God), the Most Gracious, the Most Merciful

Peace be with those who follow the guidance

And We certainly sent into every nation a messenger, [saying], ""Worship Allah and avoid Taghut."" And among them were those whom Allah guided, and among them were those upon whom error was [deservedly] decreed. So proceed through the earth and observe how was the end of the deniers. Quran (16:36)

Taghut: means anything worshipped besides Allah(God).

There are five heads of taghut

Satan: The ultimate instigator who calls people to disobey Allah(God) and worship others.
The one worshipped and pleased with it: Someone (or something) worshipped besides Allah(God), who is content with that worship (e.g., idols, deceased saints worshipped falsely).
The one who claims knowledge of the Unseen (Ghayb): Someone who falsely asserts knowledge of hidden matters, which belongs only to Allah(God).
The one who calls people to worship himself: A leader or figure who actively invites others to worship him, regardless of whether they comply.
The one who judges by other than what Allah has revealed: A ruler or authority who substitutes Allah's divine law with man-made laws, leading people away from God's path. 

I did not create jinn and humans except to worship Me. Quran (51:56)

He] who created death and life to test you [as to] which of you is best in deed Quran (67:2)

Indeed, the religion in the sight of Allah is Islam. Quran (3:19)

Whoever seeks a way other than Islam,1 it will never be accepted from them, and in the Hereafter they will be among the losers. Quran (3:85)

Every soul will taste death. And you will only receive your full reward on the Day of Judgment. Whoever is spared from the Fire and is admitted into Paradise will ˹indeed˺ triumph, whereas the life of this world is no more than the delusion of enjoyment. Quran (3:185)

And this worldly life is not but diversion and amusement. And indeed, the home of the Hereafter - that is the [eternal] life, if only they knew. Quran (29:64)

Neither your relatives nor children will benefit you on Judgment Day—He will decide between you ˹all˺. For Allah is All-Seeing of what you do. Quran (60:3)

And whoever turns a blind eye to the Reminder of the Most Compassionate, We place at the disposal of each a devilish one as their close associate, who will certainly hinder them from the ˹Right˺ Way while they think they are ˹rightly˺ guided. Quran (43:36-37)",1
Young Thug,Trap,p0x6FEDV-ig,Young Thug - Check (Official Music Video),Young Thug,This still slaps 🔥🔥🔥🫠,0
Young Thug,Trap,p0x6FEDV-ig,Young Thug - Check (Official Music Video),Young Thug,Jennifer,0
Young Thug,Trap,p0x6FEDV-ig,Young Thug - Check (Official Music Video),Young Thug,"Got me a check, I got a check
Yeah, I done got me a check, I got a check (Sheesh, sheesh)
Yeah, I done got me a check, I got a check (Sheesh)
Yeah, I done got me a check, oh, got a check (Yeah, yeah-yeah!)



[Post-Chorus]
Money on my mind, I got money on my brain
Money in my pants, I got money I call change
20, 50, 100, 500 millions made
Big hunna Thugga, screamin' free that Gucci Mane",0
Young Thug,Trap,p0x6FEDV-ig,Young Thug - Check (Official Music Video),Young Thug,Love music liryc🎉,1
Young Thug,Trap,p0x6FEDV-ig,Young Thug - Check (Official Music Video),Young Thug,Proof that Hip Hop peaked years ago. Mumble Rap is Mumble Crap,0
Young Thug,Trap,p0x6FEDV-ig,Young Thug - Check (Official Music Video),Young Thug,❤‍🔥,0
Young Thug,Trap,p0x6FEDV-ig,Young Thug - Check (Official Music Video),Young Thug,ass,2
Young Thug,Trap,p0x6FEDV-ig,Young Thug - Check (Official Music Video),Young Thug,Yeehhhhaaa,1
Young Thug,Trap,p0x6FEDV-ig,Young Thug - Check (Official Music Video),Young Thug,Check left shoulder hand arm #blk magic,0
Young Thug,Trap,p0x6FEDV-ig,Young Thug - Check (Official Music Video),Young Thug,Rich Gang 💚,0
Young Thug,Trap,p0x6FEDV-ig,Young Thug - Check (Official Music Video),Young Thug,Main punchline in the rap,0
Young Thug,Trap,p0x6FEDV-ig,Young Thug - Check (Official Music Video),Young Thug,ts peak fr,1
Young Thug,Trap,p0x6FEDV-ig,Young Thug - Check (Official Music Video),Young Thug,I got 3 white bitches like its powder day,0
Young Thug,Trap,p0x6FEDV-ig,Young Thug - Check (Official Music Video),Young Thug,❤❤❤❤i love you,0
Young Thug,Trap,p0x6FEDV-ig,Young Thug - Check (Official Music Video),Young Thug,https://youtu.be/JfFBlKiqDVQ?si=4VF_Yp1gozCmS8wA,0
Young Thug,Trap,p0x6FEDV-ig,Young Thug - Check (Official Music Video),Young Thug,If cops pull up I put that crack in my crack is my favourite bar of all time lol,0
Young Thug,Trap,p0x6FEDV-ig,Young Thug - Check (Official Music Video),Young Thug,We’re all grown men now 😪,0
Young Thug,Trap,p0x6FEDV-ig,Young Thug - Check (Official Music Video),Young Thug,The Ad-libing of this song is another Hit entirely   🔥,0
Young Thug,Trap,p0x6FEDV-ig,Young Thug - Check (Official Music Video),Young Thug,Mfs don’t know!!!!🔥🔥🔥🔥,0
Young Thug,Trap,p0x6FEDV-ig,Young Thug - Check (Official Music Video),Young Thug,I`m,0
Young Thug,Trap,p0x6FEDV-ig,Young Thug - Check (Official Music Video),Young Thug,🔊🌏🕺,2
Young Thug,Trap,p0x6FEDV-ig,Young Thug - Check (Official Music Video),Young Thug,Thank you Jesus and God and Judas my ancestor 🎉I know who I Am Truly I'm a chosen one for true love and marriage and happiness,0
Young Thug,Trap,p0x6FEDV-ig,Young Thug - Check (Official Music Video),Young Thug,Jennifer,0
Young Thug,Trap,p0x6FEDV-ig,Young Thug - Check (Official Music Video),Young Thug,"BANG BANG BANGZ, RICH GANG, 
                    RICH GANG !",0
Young Thug,Trap,p0x6FEDV-ig,Young Thug - Check (Official Music Video),Young Thug,The way birdman makes that bird sign when thug said …eagle was so tuff,2
Young Thug,Trap,p0x6FEDV-ig,Young Thug - Check (Official Music Video),Young Thug,Hooters shirt with racks metaphorically goated,1
Young Thug,Trap,p0x6FEDV-ig,Young Thug - Check (Official Music Video),Young Thug,“Go get me a fo’ and bring back me a liter”,0
Young Thug,Trap,p0x6FEDV-ig,Young Thug - Check (Official Music Video),Young Thug,Stunna knew thugger was a beast smh,2
Young Thug,Trap,p0x6FEDV-ig,Young Thug - Check (Official Music Video),Young Thug,put the crack in my crack lol thugga funny bro,0
Young Thug,Trap,p0x6FEDV-ig,Young Thug - Check (Official Music Video),Young Thug,KAMEL KULTUR,0
Young Thug,Trap,p0x6FEDV-ig,Young Thug - Check (Official Music Video),Young Thug,Brasil 2026,0
Young Thug,Trap,p0x6FEDV-ig,Young Thug - Check (Official Music Video),Young Thug,"2026 


Angola 🇦🇴 🇦🇴 🇦🇴 🇦🇴 

🫶🫶🫶",0
Young Thug,Trap,p0x6FEDV-ig,Young Thug - Check (Official Music Video),Young Thug,WHO still here may 2026?,310
Young Thug,Trap,p0x6FEDV-ig,Young Thug - Check (Official Music Video),Young Thug,Im from the future ....2027 anyone? 😅,0
Young Thug,Trap,p0x6FEDV-ig,Young Thug - Check (Official Music Video),Young Thug,🔮,0
Young Thug,Trap,p0x6FEDV-ig,Young Thug - Check (Official Music Video),Young Thug,"""I can see that bullshit from a mile away"" is equivalent to the violin intro of ""Back That Azz Up"" by Juvenile 😂🔥",0
Young Thug,Trap,p0x6FEDV-ig,Young Thug - Check (Official Music Video),Young Thug,He better get my money and I dont trust Mariah,0
Young Thug,Trap,p0x6FEDV-ig,Young Thug - Check (Official Music Video),Young Thug,London and thuger were such a fire combination 🔥🔥🔥🔥,3
Young Thug,Trap,p0x6FEDV-ig,Young Thug - Check (Official Music Video),Young Thug,Peak Thugger,0
Young Thug,Trap,p0x6FEDV-ig,Young Thug - Check (Official Music Video),Young Thug,Long Live my Brother Rufus Mack as Young Thig enter bus,0
Young Thug,Trap,p0x6FEDV-ig,Young Thug - Check (Official Music Video),Young Thug,Right up there with Stevie wonder and Willie Nelson,0
Young Thug,Trap,p0x6FEDV-ig,Young Thug - Check (Official Music Video),Young Thug,Incríveis 11 anos 😁,1
Young Thug,Trap,p0x6FEDV-ig,Young Thug - Check (Official Music Video),Young Thug,"""I got money I got chains""

This entire genre is a huge joke, I sincerely believe that listening to this kind of music actually makes you mentally retarded. Fuck this entire culture and the music produced from it.",0
Young Thug,Trap,p0x6FEDV-ig,Young Thug - Check (Official Music Video),Young Thug,"RIri M paid😂🎉,say that,she ma' friend unconditionally,I'm doing  this delicate dance,I'm trying my best😂...,but 1 thing is for sure,I can't live under shadow...no mo'😂,I'm the superstar,we maxing how many venues now?😂1 trillion combined,still hood as hell,fi'  'dollars for each😂...",0
Young Thug,Trap,p0x6FEDV-ig,Young Thug - Check (Official Music Video),Young Thug,"""Bitch I'm a Migo, I play with kilo, When I put ice on, I am Sub-Zero"" 🔥🔥",0
Young Thug,Trap,p0x6FEDV-ig,Young Thug - Check (Official Music Video),Young Thug,Prime thugga 🥶,1
Young Thug,Trap,p0x6FEDV-ig,Young Thug - Check (Official Music Video),Young Thug,🧌,0
Young Thug,Trap,p0x6FEDV-ig,Young Thug - Check (Official Music Video),Young Thug,2:00 my guy wearing hooters tank top,2
Young Thug,Trap,p0x6FEDV-ig,Young Thug - Check (Official Music Video),Young Thug,I'm tired when does my husband get it I already knew.,0
Young Thug,Trap,p0x6FEDV-ig,Young Thug - Check (Official Music Video),Young Thug,2026 e estou aqui você é insano,1
Young Thug,Trap,p0x6FEDV-ig,Young Thug - Check (Official Music Video),Young Thug,Young Thug is the greatest artist of all fucking time,2
Young Thug,Trap,p0x6FEDV-ig,Young Thug - Check (Official Music Video),Young Thug,me every payday,1
Young Thug,Trap,p0x6FEDV-ig,Young Thug - Check (Official Music Video),Young Thug,Haciéndola real!!,0
Young Thug,Trap,p0x6FEDV-ig,Young Thug - Check (Official Music Video),Young Thug,Thug is still dat nigga!.,0
Young Thug,Trap,p0x6FEDV-ig,Young Thug - Check (Official Music Video),Young Thug,"Today, anybody?",4
Young Thug,Trap,p0x6FEDV-ig,Young Thug - Check (Official Music Video),Young Thug,I CAN SEE THAT B.S A MILE AWAY,0
Young Thug,Trap,p0x6FEDV-ig,Young Thug - Check (Official Music Video),Young Thug,new young thug more humble this young thug will rob you,0
Young Thug,Trap,p0x6FEDV-ig,Young Thug - Check (Official Music Video),Young Thug,"Playing this in the uber otw to the blub 🤮🤮🤮

04/25/26 12:44am",0
Young Thug,Trap,p0x6FEDV-ig,Young Thug - Check (Official Music Video),Young Thug,This was ground breaking then...thats why yal know his now...so hard,1
Young Thug,Trap,p0x6FEDV-ig,Young Thug - Check (Official Music Video),Young Thug,I put that crack in my crack,1
Young Thug,Trap,p0x6FEDV-ig,Young Thug - Check (Official Music Video),Young Thug,2027 anyone before someone do it 😂,4
Young Thug,Trap,p0x6FEDV-ig,Young Thug - Check (Official Music Video),Young Thug,Yes big Legende Young Thug 2026 anybody Song? 🎉😊,4
Young Thug,Trap,p0x6FEDV-ig,Young Thug - Check (Official Music Video),Young Thug,"Rachel , Here",0
Young Thug,Trap,p0x6FEDV-ig,Young Thug - Check (Official Music Video),Young Thug,👉 here,1
Young Thug,Trap,p0x6FEDV-ig,Young Thug - Check (Official Music Video),Young Thug,where are fans,1
Young Thug,Trap,p0x6FEDV-ig,Young Thug - Check (Official Music Video),Young Thug,Baby baby baby baby,2
Young Thug,Trap,p0x6FEDV-ig,Young Thug - Check (Official Music Video),Young Thug,2026 anybody?,1
Young Thug,Trap,p0x6FEDV-ig,Young Thug - Check (Official Music Video),Young Thug,EROSSWINA COMPANY,0
Young Thug,Trap,p0x6FEDV-ig,Young Thug - Check (Official Music Video),Young Thug,Lil wayne,0
Young Thug,Trap,p0x6FEDV-ig,Young Thug - Check (Official Music Video),Young Thug,2027 anybody ??,1
Young Thug,Trap,p0x6FEDV-ig,Young Thug - Check (Official Music Video),Young Thug,Fronteando en 2015 like this is lit,0
Young Thug,Trap,p0x6FEDV-ig,Young Thug - Check (Official Music Video),Young Thug,Still pushing 2026 hard🔥🔥,0
Young Thug,Trap,p0x6FEDV-ig,Young Thug - Check (Official Music Video),Young Thug,My future son gonna listen this before he turned 5 years old .,0
Young Thug,Trap,p0x6FEDV-ig,Young Thug - Check (Official Music Video),Young Thug,"Here’s top 3  young thug songs EVER, absolute classic .",0
Young Thug,Trap,p0x6FEDV-ig,Young Thug - Check (Official Music Video),Young Thug,"Stick man 😅 hey my Nigerian  🇳🇬
Brother i see channel getting attraction 

Remember what i said be creative with content you cant be doing the same thing or irrelevant content 😂😅  ✌️

Watching from south africa 🌍",0
Young Thug,Trap,p0x6FEDV-ig,Young Thug - Check (Official Music Video),Young Thug,Crack in my crack 😂,0
Young Thug,Trap,p0x6FEDV-ig,Young Thug - Check (Official Music Video),Young Thug,0:09 😍🍆🌊,0
Young Thug,Trap,p0x6FEDV-ig,Young Thug - Check (Official Music Video),Young Thug,Truly humble under god❤🔥🔥,0
Young Thug,Trap,p0x6FEDV-ig,Young Thug - Check (Official Music Video),Young Thug,🗑,0
Young Thug,Trap,p0x6FEDV-ig,Young Thug - Check (Official Music Video),Young Thug,if you're reading this 11 years later you fuck with us twin you in gang,7
Young Thug,Trap,p0x6FEDV-ig,Young Thug - Check (Official Music Video),Young Thug,"& I wear that white, you can snow me 😮‍💨😮‍💨😮‍💨😮‍💨",0
Young Thug,Trap,p0x6FEDV-ig,Young Thug - Check (Official Music Video),Young Thug,🐊,0
Young Thug,Trap,p0x6FEDV-ig,Young Thug - Check (Official Music Video),Young Thug,Goat 🐐,5
Young Thug,Trap,p0x6FEDV-ig,Young Thug - Check (Official Music Video),Young Thug,"""Gucci Mane and Jeezy crawled so Bossman D-Low could walk.""
-Speaking on behalf of millennials from down south.",1
Young Thug,Trap,p0x6FEDV-ig,Young Thug - Check (Official Music Video),Young Thug,SEX,0
Young Thug,Trap,p0x6FEDV-ig,Young Thug - Check (Official Music Video),Young Thug,Asalt the Barrio xp,0
Young Thug,Trap,p0x6FEDV-ig,Young Thug - Check (Official Music Video),Young Thug,11 years right now damn,2
Young Thug,Trap,p0x6FEDV-ig,Young Thug - Check (Official Music Video),Young Thug,shit is a banger,2
Young Thug,Trap,p0x6FEDV-ig,Young Thug - Check (Official Music Video),Young Thug,It flows and sounds good but I have no idea what he is saying 😂,1
Young Thug,Trap,p0x6FEDV-ig,Young Thug - Check (Official Music Video),Young Thug,Top 5 song of all time,3
Young Thug,Trap,p0x6FEDV-ig,Young Thug - Check (Official Music Video),Young Thug,This all got messed up after they shot wayne tour bus. 🚩🚩🚩🚩,2
Young Thug,Trap,p0x6FEDV-ig,Young Thug - Check (Official Music Video),Young Thug,Young thug check n birdman big Dawg damn they are hot,1
Young Thug,Trap,p0x6FEDV-ig,Young Thug - Check (Official Music Video),Young Thug,Can't luh the song to the end beatte have it,0
Young Thug,Trap,p0x6FEDV-ig,Young Thug - Check (Official Music Video),Young Thug,Checking in April 14th 2026,0
Young Thug,Trap,p0x6FEDV-ig,Young Thug - Check (Official Music Video),Young Thug,Japa à toa na twitch as 19hs de terça a domingo,0
Young Thug,Trap,p0x6FEDV-ig,Young Thug - Check (Official Music Video),Young Thug,Drugs already,0
Young Thug,Trap,p0x6FEDV-ig,Young Thug - Check (Official Music Video),Young Thug,I have no clue what there saying  but i love it 💯💯💯💥💥💥,0
Young Thug,Trap,p0x6FEDV-ig,Young Thug - Check (Official Music Video),Young Thug,Coachella brought me back ❤,3
Young Thug,Trap,p0x6FEDV-ig,Young Thug - Check (Official Music Video),Young Thug,"I got money in my pants, some quarters too.",1
Young Thug,Trap,p0x6FEDV-ig,Young Thug - Check (Official Music Video),Young Thug,Sub zero,0
Young Thug,Trap,p0x6FEDV-ig,Young Thug - Check (Official Music Video),Young Thug,"ELEVEN YEARS LATER AND THIS SONG STILL A CLASSIC 
 SHEESH.💯🖕🤨😩🫡🤬",25
Young Thug,Trap,p0x6FEDV-ig,Young Thug - Check (Official Music Video),Young Thug,Anyone here from 2K?,1
Young Thug,Trap,p0x6FEDV-ig,Young Thug - Check (Official Music Video),Young Thug,🫡🔥🎤🎬✔️💎💫☀️⭐️,1
Young Thug,Trap,p0x6FEDV-ig,Young Thug - Check (Official Music Video),Young Thug,This thug is gone lol,2
Young Thug,Trap,p0x6FEDV-ig,Young Thug - Check (Official Music Video),Young Thug,thug rly look like a goat,1
Young Thug,Trap,p0x6FEDV-ig,Young Thug - Check (Official Music Video),Young Thug,"Love you slime 🅱️🅱️🅰️🩸❤️💯
G.A.R. 🐍✅️🐊💚🦎",0
Young Thug,Trap,p0x6FEDV-ig,Young Thug - Check (Official Music Video),Young Thug,01 2016 RIP Father. Found him While The Song was blasting behind ... 🙏,0
Young Thug,Trap,p0x6FEDV-ig,Young Thug - Check (Official Music Video),Young Thug,That crack line will always have me rollin😂😂,1
Young Thug,Trap,p0x6FEDV-ig,Young Thug - Check (Official Music Video),Young Thug,Best new age rap song ever made,0
Young Thug,Trap,p0x6FEDV-ig,Young Thug - Check (Official Music Video),Young Thug,2:25,0
Young Thug,Trap,p0x6FEDV-ig,Young Thug - Check (Official Music Video),Young Thug,"Shiesty did something remarkable by snatching defeat from the jaws of victory. No matter what you say or how you frame it, Pooh is sitting in a concrete cell and will be doing so for a LONG time. Gucci is out, still has his family, still living free, rich, happy. If he crashed out and kept it on the streets, killed Pooh and went to prison, all the same people would be clowning Gucci for being a “dumbass”. They’d be saying “bro did you not learn your lesson in prison? Had a whole family, a whole company, and you threw it all away”.",0
Young Thug,Trap,p0x6FEDV-ig,Young Thug - Check (Official Music Video),Young Thug,Me and bae gettin High to dis in 04/09/2026 chanel&insane💨💋,1
Young Thug,Trap,p0x6FEDV-ig,Young Thug - Check (Official Music Video),Young Thug,2036 still a classic,1
Young Thug,Trap,p0x6FEDV-ig,Young Thug - Check (Official Music Video),Young Thug,why is one of the end cards here going to a gunna song???,1
Young Thug,Trap,p0x6FEDV-ig,Young Thug - Check (Official Music Video),Young Thug,That shiii was not hard😂😂😂 (\if a cop pull up i put that crack in my crack talking about his ass/) ik bro gay as a mf diddy party havin aah!,0
Young Thug,Trap,p0x6FEDV-ig,Young Thug - Check (Official Music Video),Young Thug,I put the brack in my brack. Always felt that 😢,1
Young Thug,Trap,p0x6FEDV-ig,Young Thug - Check (Official Music Video),Young Thug,2027 anybody?,1
Young Thug,Trap,p0x6FEDV-ig,Young Thug - Check (Official Music Video),Young Thug,2026 babee!!!,1
Young Thug,Trap,p0x6FEDV-ig,Young Thug - Check (Official Music Video),Young Thug,cheeeeck!!!!!!!!!!!,1
Young Thug,Trap,p0x6FEDV-ig,Young Thug - Check (Official Music Video),Young Thug,Bigger pioneer than 2pac ever was,2
Young Thug,Trap,p0x6FEDV-ig,Young Thug - Check (Official Music Video),Young Thug,THIS SONG ALWAYS REMIND ME MY GOOD TIMES WHEN I USED TO LIVE IN ATLANTA❤ LOVE MY ATL PEOPLE❤ 🇵🇷👸💘,3
Young Thug,Trap,p0x6FEDV-ig,Young Thug - Check (Official Music Video),Young Thug,I put my what in my with 😢😢,0
Young Thug,Trap,p0x6FEDV-ig,Young Thug - Check (Official Music Video),Young Thug,I want to inject this song into my veins,2
Young Thug,Trap,p0x6FEDV-ig,Young Thug - Check (Official Music Video),Young Thug,2026!,1
Young Thug,Trap,p0x6FEDV-ig,Young Thug - Check (Official Music Video),Young Thug,🤟🏾🤟🏾🤟🏾🤟🏾🤟🏾,2
Young Thug,Trap,p0x6FEDV-ig,Young Thug - Check (Official Music Video),Young Thug,11 years is crazy after today,169
Young Thug,Trap,p0x6FEDV-ig,Young Thug - Check (Official Music Video),Young Thug,"If the cops pull up I put the 'what"" in my ""what"" 😂🔥 0:55",26
Young Thug,Trap,p0x6FEDV-ig,Young Thug - Check (Official Music Video),Young Thug,😂I just realized baby dancing with syrup,0
Young Thug,Trap,p0x6FEDV-ig,Young Thug - Check (Official Music Video),Young Thug,I’m gonna need my Millennials folks to represent. We here in 2026.,36
Young Thug,Trap,p0x6FEDV-ig,Young Thug - Check (Official Music Video),Young Thug,Get my ebook The Catalog Mindset and get you a CHECK. On on Apple Books and Barnes & Noble,0
Young Thug,Trap,p0x6FEDV-ig,Young Thug - Check (Official Music Video),Young Thug,Who's still jammin,1
Young Thug,Trap,p0x6FEDV-ig,Young Thug - Check (Official Music Video),Young Thug,lyrics kinda stupid but i vibe with the sound and vibe,0
Young Thug,Trap,p0x6FEDV-ig,Young Thug - Check (Official Music Video),Young Thug,Haitian cash Flow 🔥 🎶 🇭🇹🇭🇹🇭🇹🇭🇹i m zoe don't play 😡😡😡,1
Young Thug,Trap,p0x6FEDV-ig,Young Thug - Check (Official Music Video),Young Thug,bro is just timeless,1
Young Thug,Trap,p0x6FEDV-ig,Young Thug - Check (Official Music Video),Young Thug,King🐍🐍🐍,1
Young Thug,Trap,p0x6FEDV-ig,Young Thug - Check (Official Music Video),Young Thug,beat so insane,0
Young Thug,Trap,p0x6FEDV-ig,Young Thug - Check (Official Music Video),Young Thug,How time flies...it's been 10 years man,1
Young Thug,Trap,p0x6FEDV-ig,Young Thug - Check (Official Music Video),Young Thug,Who’s here I’m big 2026,0
Young Thug,Trap,p0x6FEDV-ig,Young Thug - Check (Official Music Video),Young Thug,Is a great song. He is a great rapper,0
Young Thug,Trap,p0x6FEDV-ig,Young Thug - Check (Official Music Video),Young Thug,Crack in his but is crazy who you selling that lol,0
Young Thug,Trap,p0x6FEDV-ig,Young Thug - Check (Official Music Video),Young Thug,dis nigga the greatest artist oat,1
Young Thug,Trap,p0x6FEDV-ig,Young Thug - Check (Official Music Video),Young Thug,Thugs music timeless,5
Young Thug,Trap,p0x6FEDV-ig,Young Thug - Check (Official Music Video),Young Thug,Jeffrey,0
Young Thug,Trap,p0x6FEDV-ig,Young Thug - Check (Official Music Video),Young Thug,"""I'll put the crack in my crack""😭😭",5
Young Thug,Trap,p0x6FEDV-ig,Young Thug - Check (Official Music Video),Young Thug,Super Sport 🎉🎉🎉❤❤❤🎉😢😮,0
Young Thug,Trap,p0x6FEDV-ig,Young Thug - Check (Official Music Video),Young Thug,My Bro thug in life guuuuuuucii🙏🏿😭😭😭🍀,1
Young Thug,Trap,p0x6FEDV-ig,Young Thug - Check (Official Music Video),Young Thug,"Sheeeesh ,yawh yawh bitch am a migo I play with keeelows❤❤",1
Young Thug,Trap,p0x6FEDV-ig,Young Thug - Check (Official Music Video),Young Thug,$$$$$$$$$$$$$$$$$,2
Young Thug,Trap,p0x6FEDV-ig,Young Thug - Check (Official Music Video),Young Thug,Sheeeesh🔥,5
Young Thug,Trap,p0x6FEDV-ig,Young Thug - Check (Official Music Video),Young Thug,Young coconut,1
Young Thug,Trap,p0x6FEDV-ig,Young Thug - Check (Official Music Video),Young Thug,"the thug hate is so fucking forced, you CANNOT hate on this",15
Young Thug,Trap,p0x6FEDV-ig,Young Thug - Check (Official Music Video),Young Thug,2:27 anyone peep the hooters top?,2
Young Thug,Trap,p0x6FEDV-ig,Young Thug - Check (Official Music Video),Young Thug,Best song ever made,3
Young Thug,Trap,p0x6FEDV-ig,Young Thug - Check (Official Music Video),Young Thug,I am here 2026🎉,1
Young Thug,Trap,p0x6FEDV-ig,Young Thug - Check (Official Music Video),Young Thug,Dinero en ‘ mi mente 👹,1
Young Thug,Trap,p0x6FEDV-ig,Young Thug - Check (Official Music Video),Young Thug,Os tipos de letras que fazem a diferença nos nossos dias... Pra cima ❤,1
Young Thug,Trap,p0x6FEDV-ig,Young Thug - Check (Official Music Video),Young Thug,Esta genial el flowww🔥🔥🔥🔥 vibes,1
Young Thug,Trap,p0x6FEDV-ig,Young Thug - Check (Official Music Video),Young Thug,"This song broke my mfkin heart because it remainds me my past days.
 
 can't deny Young Thug  been in his bag since day one, but that AUTHENTIC VIEWS DAWT CAWM boost is on another level! Dude’s literally unstoppable now. 🔥💥ns like me.",3
Young Thug,Trap,p0x6FEDV-ig,Young Thug - Check (Official Music Video),Young Thug,After EID 2026🎉🎉🎉,1
Young Thug,Trap,p0x6FEDV-ig,Young Thug - Check (Official Music Video),Young Thug,Me every Friday 🤣,1
Young Thug,Trap,p0x6FEDV-ig,Young Thug - Check (Official Music Video),Young Thug,Ma bolo y'a ba mama na bino solo y'a touffu zoba,0
Young Thug,Trap,p0x6FEDV-ig,Young Thug - Check (Official Music Video),Young Thug,💎💎💎🪄🖤,2
Young Thug,Trap,p0x6FEDV-ig,Young Thug - Check (Official Music Video),Young Thug,😂🎉v,1
Young Thug,Trap,p0x6FEDV-ig,Young Thug - Check (Official Music Video),Young Thug,Check ✔️ inn,4
Young Thug,Trap,p0x6FEDV-ig,Young Thug - Check (Official Music Video),Young Thug,Bitch im migo i play wit kilos,2
Young Thug,Trap,p0x6FEDV-ig,Young Thug - Check (Official Music Video),Young Thug,3555 anyone?,2
Young Thug,Trap,p0x6FEDV-ig,Young Thug - Check (Official Music Video),Young Thug,10 years ago i play ts getting minimum wage still playing it now we up,1
Young Thug,Trap,p0x6FEDV-ig,Young Thug - Check (Official Music Video),Young Thug,when I put ice on I am sub zero 🥶,2
Young Thug,Trap,p0x6FEDV-ig,Young Thug - Check (Official Music Video),Young Thug,Wait till i get on disability nigga lmao 🤣,2
Young Thug,Trap,p0x6FEDV-ig,Young Thug - Check (Official Music Video),Young Thug,2027 anyone???,1
Young Thug,Trap,p0x6FEDV-ig,Young Thug - Check (Official Music Video),Young Thug,I create money I open my own dispensary,1
Young Thug,Trap,p0x6FEDV-ig,Young Thug - Check (Official Music Video),Young Thug,👺,1
Young Thug,Trap,p0x6FEDV-ig,Young Thug - Check (Official Music Video),Young Thug,2026 ? Still a banger💯,1
Young Thug,Trap,p0x6FEDV-ig,Young Thug - Check (Official Music Video),Young Thug,🔥🔥2026,1
Young Thug,Trap,p0x6FEDV-ig,Young Thug - Check (Official Music Video),Young Thug,2026 brasil,2
Young Thug,Trap,p0x6FEDV-ig,Young Thug - Check (Official Music Video),Young Thug,Huh 🔥,2
Young Thug,Trap,p0x6FEDV-ig,Young Thug - Check (Official Music Video),Young Thug,dis nigga the goat,3
Young Thug,Trap,p0x6FEDV-ig,Young Thug - Check (Official Music Video),Young Thug,I can see that pussy from a mile away i got three white bitches like it's powder day,6
Young Thug,Trap,p0x6FEDV-ig,Young Thug - Check (Official Music Video),Young Thug,Hes always been a god in the booth.😅❤,1
Young Thug,Trap,p0x6FEDV-ig,Young Thug - Check (Official Music Video),Young Thug,<333,1
Young Thug,Trap,p0x6FEDV-ig,Young Thug - Check (Official Music Video),Young Thug,😂😂😂😂 proud 2b black 0:41,1
Young Thug,Trap,p0x6FEDV-ig,Young Thug - Check (Official Music Video),Young Thug,Thugger too good,3
Young Thug,Trap,p0x6FEDV-ig,Young Thug - Check (Official Music Video),Young Thug,2027 Anyone ? Don’t be so surprised that I pretended that u on c this u and me know that it’s Guess,1
Young Thug,Trap,p0x6FEDV-ig,Young Thug - Check (Official Music Video),Young Thug,2026 mar11,2
Young Thug,Trap,p0x6FEDV-ig,Young Thug - Check (Official Music Video),Young Thug,"If this song were to die, it would never truly die; I would be capable of listening to it 100,000 times a day to save it.",5
Young Thug,Trap,p0x6FEDV-ig,Young Thug - Check (Official Music Video),Young Thug,2026🎉 rg,2
Young Thug,Trap,p0x6FEDV-ig,Young Thug - Check (Official Music Video),Young Thug,I dont know how this song is not on a billion as yet,8
Young Thug,Trap,p0x6FEDV-ig,Young Thug - Check (Official Music Video),Young Thug,Blockify quietly removed every 'I'll mentor you to riches' ad from my feed and I've never been happier.,1
Young Thug,Trap,p0x6FEDV-ig,Young Thug - Check (Official Music Video),Young Thug,Eminem fucked everyone over 😂💯💯🔥,0
Young Thug,Trap,p0x6FEDV-ig,Young Thug - Check (Official Music Video),Young Thug,🥶ice music💎,0
Young Thug,Trap,p0x6FEDV-ig,Young Thug - Check (Official Music Video),Young Thug,2026 still a banger,0
Young Thug,Trap,p0x6FEDV-ig,Young Thug - Check (Official Music Video),Young Thug,"""mink coat with rolls like a shar pei"" 🗣️💥",0
Young Thug,Trap,p0x6FEDV-ig,Young Thug - Check (Official Music Video),Young Thug,"заебись бля, ахуенно качает маму ебал",0
Young Thug,Trap,p0x6FEDV-ig,Young Thug - Check (Official Music Video),Young Thug,if i need some racks ima flip me some packz 😂 thug the goat of rap,0
Young Thug,Trap,p0x6FEDV-ig,Young Thug - Check (Official Music Video),Young Thug,Vamos seguir atualizando.. 06/03/26,1
Young Thug,Trap,p0x6FEDV-ig,Young Thug - Check (Official Music Video),Young Thug,Yuh,0
Young Thug,Trap,p0x6FEDV-ig,Young Thug - Check (Official Music Video),Young Thug,2026🙌,3
Young Thug,Trap,p0x6FEDV-ig,Young Thug - Check (Official Music Video),Young Thug,you are and you will saty the best,0
Young Thug,Trap,p0x6FEDV-ig,Young Thug - Check (Official Music Video),Young Thug,March 2026,1
Young Thug,Trap,p0x6FEDV-ig,Young Thug - Check (Official Music Video),Young Thug,I'm so fucking late on this. 😅,0
Young Thug,Trap,p0x6FEDV-ig,Young Thug - Check (Official Music Video),Young Thug,This that shit .,0
Young Thug,Trap,p0x6FEDV-ig,Young Thug - Check (Official Music Video),Young Thug,"I remember back when this shit dropped I couldn’t stand thug, I ain’t even playing this shit get played everyday in this mf now😂",2
Young Thug,Trap,p0x6FEDV-ig,Young Thug - Check (Official Music Video),Young Thug,March 4th 2026🎉🎉🎉,49
Young Thug,Trap,p0x6FEDV-ig,Young Thug - Check (Official Music Video),Young Thug,dios,0
Young Thug,Trap,p0x6FEDV-ig,Young Thug - Check (Official Music Video),Young Thug,Who's here in March 2026?,3
Young Thug,Trap,p0x6FEDV-ig,Young Thug - Check (Official Music Video),Young Thug,De aquí es que viene la de Anuel AA. Saludos Latinos.,0
Young Thug,Trap,p0x6FEDV-ig,Young Thug - Check (Official Music Video),Young Thug,Young thug gonna make it to where you can’t delete his music and stick it with you when you get out it’s gonna be programmed to your laptops and phones fucking with your minds and hearts,0
Young Thug,Trap,p0x6FEDV-ig,Young Thug - Check (Official Music Video),Young Thug,ts ass💔,0
Young Thug,Trap,p0x6FEDV-ig,Young Thug - Check (Official Music Video),Young Thug,lost my virginity listening to this song feeling like a fucking KING in '16. Terrible song choice probably lmao but I had the aux. 10 years is crazy bruh,0
Young Thug,Trap,p0x6FEDV-ig,Young Thug - Check (Official Music Video),Young Thug,2026 from france.  Courage mon ami,1
Young Thug,Trap,p0x6FEDV-ig,Young Thug - Check (Official Music Video),Young Thug,2K26 Anyone,7
Young Thug,Trap,p0x6FEDV-ig,Young Thug - Check (Official Music Video),Young Thug,No more 'Don't skip—this will change your life' guilt-trip ads - all thanks to Blockify,0
Young Thug,Trap,p0x6FEDV-ig,Young Thug - Check (Official Music Video),Young Thug,that 2nd verse is so majestic,3
Young Thug,Trap,p0x6FEDV-ig,Young Thug - Check (Official Music Video),Young Thug,Me every time i get a check,14
Young Thug,Trap,p0x6FEDV-ig,Young Thug - Check (Official Music Video),Young Thug,🎉🎉 746 p.m. 🎉 February 25th 2026,0
Young Thug,Trap,p0x6FEDV-ig,Young Thug - Check (Official Music Video),Young Thug,Believe in Jesus Christ word of God God in the flesh who came down to earth to die for our sins was buried and rose again the third day beating death Satan and hell. Believe this and u r guaranteed heaven,1
Young Thug,Trap,p0x6FEDV-ig,Young Thug - Check (Official Music Video),Young Thug,A pura! 2026 🤟🔥old thug!,3
Young Thug,Trap,p0x6FEDV-ig,Young Thug - Check (Official Music Video),Young Thug,Yeah and I'm wondering why they got they mamas out here like that,0
Young Thug,Trap,p0x6FEDV-ig,Young Thug - Check (Official Music Video),Young Thug,Siamo i ragazzi della doppia W vita,0
Young Thug,Trap,p0x6FEDV-ig,Young Thug - Check (Official Music Video),Young Thug,hermoso,0
Young Thug,Trap,p0x6FEDV-ig,Young Thug - Check (Official Music Video),Young Thug,"The part in the second verse where he says ""I'm tripping I don't know none of these ppl"" as the beat drops is pure beauty",1
Young Thug,Trap,p0x6FEDV-ig,Young Thug - Check (Official Music Video),Young Thug,Anyone in 2026🎶👌🤦🏿‍♂,11
Young Thug,Trap,p0x6FEDV-ig,Young Thug - Check (Official Music Video),Young Thug,Ai a mina quer fumar haxixe ! kkkkkkkkkkkkkkkkkkk boa Qxo,0
Young Thug,Trap,p0x6FEDV-ig,Young Thug - Check (Official Music Video),Young Thug,"Then 2025 folks compare Thug to Gunna, stfu fr.",0
Young Thug,Trap,p0x6FEDV-ig,Young Thug - Check (Official Music Video),Young Thug,Anyone from yeats story? ‼️⚠️,5
Young Thug,Trap,p0x6FEDV-ig,Young Thug - Check (Official Music Video),Young Thug,2026 😍😍😍😍,3
Young Thug,Trap,p0x6FEDV-ig,Young Thug - Check (Official Music Video),Young Thug,Volla subirme a la montana,0
Young Thug,Trap,p0x6FEDV-ig,Young Thug - Check (Official Music Video),Young Thug,2026 since ivoiry cost🇨🇮 🇨🇮🇨🇮,3
Young Thug,Trap,p0x6FEDV-ig,Young Thug - Check (Official Music Video),Young Thug,Real rap 🔥🔥,1
Young Thug,Trap,p0x6FEDV-ig,Young Thug - Check (Official Music Video),Young Thug,Época que o mundo era mais feliz!,0
Young Thug,Trap,p0x6FEDV-ig,Young Thug - Check (Official Music Video),Young Thug,FROM 🇧🇷 🐍🐍,1
Young Thug,Trap,p0x6FEDV-ig,Young Thug - Check (Official Music Video),Young Thug,"NAMIBIA
PAMA
WALVIS BAY
2026",0
Young Thug,Trap,p0x6FEDV-ig,Young Thug - Check (Official Music Video),Young Thug,Bruh what a time to be alive when this dropped….😢,0
Young Thug,Trap,p0x6FEDV-ig,Young Thug - Check (Official Music Video),Young Thug,Fyccckkkkkk richhhhhhh gangggggggg el pasooooo txxxxxx,0
Young Thug,Trap,p0x6FEDV-ig,Young Thug - Check (Official Music Video),Young Thug,2007 still here and never gone ma real g ngga imma mexican i can sey ngga huh!,0
Young Thug,Trap,p0x6FEDV-ig,Young Thug - Check (Official Music Video),Young Thug,Damn birdman was so hyper damn love the song,0
Young Thug,Trap,p0x6FEDV-ig,Young Thug - Check (Official Music Video),Young Thug,"""Geeked out my mind, man im trippin out, i dont know none of these people""",0
Young Thug,Trap,p0x6FEDV-ig,Young Thug - Check (Official Music Video),Young Thug,Op 💯💵💎,0
Young Thug,Trap,p0x6FEDV-ig,Young Thug - Check (Official Music Video),Young Thug,king slime le meilleur le plus grand,0
Young Thug,Trap,p0x6FEDV-ig,Young Thug - Check (Official Music Video),Young Thug,Thugger is Goated.❤,0
Young Thug,Trap,p0x6FEDV-ig,Young Thug - Check (Official Music Video),Young Thug,"Valentine's day, who's spendin de cheques 🎶💘🥳🥰😘🍗🎶",12
Young Thug,Trap,p0x6FEDV-ig,Young Thug - Check (Official Music Video),Young Thug,❤❤❤,0
Young Thug,Trap,p0x6FEDV-ig,Young Thug - Check (Official Music Video),Young Thug,Ok Princess Diana I rlly liked this,2
Young Thug,Trap,p0x6FEDV-ig,Young Thug - Check (Official Music Video),Young Thug,2026 and still the Best trapper😎,2
Young Thug,Trap,p0x6FEDV-ig,Young Thug - Check (Official Music Video),Young Thug,white boys turn up,0
Young Thug,Trap,p0x6FEDV-ig,Young Thug - Check (Official Music Video),Young Thug,1:14 bro is me the whole tune 🕺🕺,0
Young Thug,Trap,p0x6FEDV-ig,Young Thug - Check (Official Music Video),Young Thug,I’m riding down Cleveland fina bust a left on Jonesboro rd you know we on the way to untie house in 4seasons #OldAtlanta#,1
Young Thug,Trap,p0x6FEDV-ig,Young Thug - Check (Official Music Video),Young Thug,Get ready for this Spring and Summer I have whole Mitsubishi X to snort and gas Vortex Market play with the best be the best❤,0
Young Thug,Trap,p0x6FEDV-ig,Young Thug - Check (Official Music Video),Young Thug,2026 who’s still here? 😅🙂‍↔️,4
Young Thug,Trap,p0x6FEDV-ig,Young Thug - Check (Official Music Video),Young Thug,2:19,0
Young Thug,Trap,p0x6FEDV-ig,Young Thug - Check (Official Music Video),Young Thug,2026🔥,1
Young Thug,Trap,p0x6FEDV-ig,Young Thug - Check (Official Music Video),Young Thug,Bahamn body shop llllllllllz  ..,0
Young Thug,Trap,p0x6FEDV-ig,Young Thug - Check (Official Music Video),Young Thug,BOL 26🎉🎉,1
Young Thug,Trap,p0x6FEDV-ig,Young Thug - Check (Official Music Video),Young Thug,"Got 3 million dollars in an off shore bank account i aint never paid my taxes b**** im fu***Ed up on drugs rn and i luv f****in my sister
and heres all the documentation so you can just arrrest me rn",0
Young Thug,Trap,p0x6FEDV-ig,Young Thug - Check (Official Music Video),Young Thug,Always a Gee,0
Young Thug,Trap,p0x6FEDV-ig,Young Thug - Check (Official Music Video),Young Thug,Mahdil blues n birdman cpitan,2
Young Thug,Trap,p0x6FEDV-ig,Young Thug - Check (Official Music Video),Young Thug,Western bound love ya Africanan good night 😴 Merry Christmas eve tree.,1
Young Thug,Trap,p0x6FEDV-ig,Young Thug - Check (Official Music Video),Young Thug,so you telling me these adlips style at 0:33 actually came from young thug and not travis?,21
Young Thug,Trap,p0x6FEDV-ig,Young Thug - Check (Official Music Video),Young Thug,That birdaman doing her 😂 nah bro 3:27,0
Young Thug,Trap,p0x6FEDV-ig,Young Thug - Check (Official Music Video),Young Thug,Yo this thuga must be studie 1:25 🇿🇦fr fr,0
Young Thug,Trap,p0x6FEDV-ig,Young Thug - Check (Official Music Video),Young Thug,Thugga go hard on this ish!!!! Bitch I'm a migo I play with kilos,0
Young Thug,Trap,p0x6FEDV-ig,Young Thug - Check (Official Music Video),Young Thug,Got that check 2026 🎉,4
Young Thug,Trap,p0x6FEDV-ig,Young Thug - Check (Official Music Video),Young Thug,hold on wait these shirt2026,1
Young Thug,Trap,p0x6FEDV-ig,Young Thug - Check (Official Music Video),Young Thug,oh my God I love this song. It's so cool and I will come honest and like subscribe.,2
Young Thug,Trap,p0x6FEDV-ig,Young Thug - Check (Official Music Video),Young Thug,When them taxes hit,1
Young Thug,Trap,p0x6FEDV-ig,Young Thug - Check (Official Music Video),Young Thug,4ever,0
Young Thug,Trap,p0x6FEDV-ig,Young Thug - Check (Official Music Video),Young Thug,Please all draug Dealers in your Clip make the Clip whit a Mask,0
Young Thug,Trap,p0x6FEDV-ig,Young Thug - Check (Official Music Video),Young Thug,Bro wearing a hooters white beater 💀💀,0
Young Thug,Trap,p0x6FEDV-ig,Young Thug - Check (Official Music Video),Young Thug,<3,0
Young Thug,Trap,p0x6FEDV-ig,Young Thug - Check (Official Music Video),Young Thug,3:00am in the morning on a thugger bender.. miss highschool with prime slime,0
Young Thug,Trap,p0x6FEDV-ig,Young Thug - Check (Official Music Video),Young Thug,"1:01 insane, 2:22 great!",0
Young Thug,Trap,p0x6FEDV-ig,Young Thug - Check (Official Music Video),Young Thug,Whos here 2026🎉,9
Young Thug,Trap,p0x6FEDV-ig,Young Thug - Check (Official Music Video),Young Thug,still bumps like new in 2026….,0
Young Thug,Trap,p0x6FEDV-ig,Young Thug - Check (Official Music Video),Young Thug,"This song released when i was almost done highschool, total hit song",0
Young Thug,Trap,p0x6FEDV-ig,Young Thug - Check (Official Music Video),Young Thug,I wonder what kind of credit score you have to have to be able to rent all that flashy shit for a music video. 🤔,0
Young Thug,Trap,p0x6FEDV-ig,Young Thug - Check (Official Music Video),Young Thug,Every payday I bang this,0
Young Thug,Trap,p0x6FEDV-ig,Young Thug - Check (Official Music Video),Young Thug,$,0
Young Thug,Trap,p0x6FEDV-ig,Young Thug - Check (Official Music Video),Young Thug,00:50 yak in the back lol,3
Young Thug,Trap,p0x6FEDV-ig,Young Thug - Check (Official Music Video),Young Thug,this is my payday song,0
Young Thug,Trap,p0x6FEDV-ig,Young Thug - Check (Official Music Video),Young Thug,The fuckin check!!!,2
Young Thug,Trap,p0x6FEDV-ig,Young Thug - Check (Official Music Video),Young Thug,🥶🥶🥶,2
Young Thug,Trap,p0x6FEDV-ig,Young Thug - Check (Official Music Video),Young Thug,2026,0
Young Thug,Trap,p0x6FEDV-ig,Young Thug - Check (Official Music Video),Young Thug,Snitches don’t stop they keep going! Est 2015 Young Thugniglet,0
Young Thug,Trap,p0x6FEDV-ig,Young Thug - Check (Official Music Video),Young Thug,Still hitting in 2026💯💯,0
Young Thug,Trap,p0x6FEDV-ig,Young Thug - Check (Official Music Video),Young Thug,NBA boy,0
Young Thug,Trap,p0x6FEDV-ig,Young Thug - Check (Official Music Video),Young Thug,"I remember wen this song came out and it was fire, And it is still fire 🔥",1
Young Thug,Trap,p0x6FEDV-ig,Young Thug - Check (Official Music Video),Young Thug,Melanie is better,0
Young Thug,Trap,p0x6FEDV-ig,Young Thug - Check (Official Music Video),Young Thug,💪✌️🎧🎶 2026! (Skrrrt..!) (skrrrt..!!) 🔴🇵🇱🇺🇸,0
Young Thug,Trap,p0x6FEDV-ig,Young Thug - Check (Official Music Video),Young Thug,2026 anybody?,1146
Young Thug,Trap,p0x6FEDV-ig,Young Thug - Check (Official Music Video),Young Thug,My brother 🫂,1
Young Thug,Trap,p0x6FEDV-ig,Young Thug - Check (Official Music Video),Young Thug,El artista que escuchaba 26 is 😮,1
Young Thug,Trap,p0x6FEDV-ig,Young Thug - Check (Official Music Video),Young Thug,de parte de 26is la rcsm,1
Young Thug,Trap,p0x6FEDV-ig,Young Thug - Check (Official Music Video),Young Thug,We got London on the track! When life was good,2
Young Thug,Trap,p0x6FEDV-ig,Young Thug - Check (Official Music Video),Young Thug,⣿⣿⣿⣿⣿⣿⣿⣿⣿⣿⣿⣿⣿⣿⣿⣿⣿⣿⣿⡿⠿⠿⠟⠛⠛⠿⣿⣿ ⣿⣿⣿⣿⣿⣿⣿⣿⣿⣿⣿⣿⣿⡿⠟⠛⠉⠁⠀⠀⠀⠀⠀⠀⠀⠀⠘⣿ ⣿⣿⣿⣿⣿⣿⣿⣿⣿⣿⠿⠛⠁⠀⠀⠀⠀⠀⠀⠀⠀⠀⠀⠀⠀⠀⠀⣿ ⣿⣿⣿⣿⣿⣿⣿⡿⠋⠁⠀⠀⠀⠀⠀⠀⠀⠀⠀⠀⠀⠀⠀⠀⠀⠀⠀⣿ ⣿⣿⣿⣿⡿⠿⡁⠀⠀⠀⠀⠀⠀⠀⠀⠀⣀⣤⡴⠒⢲⠀⠀⠀⠀⠀⠀⣿ ⣿⡿⠋⠉⠉⠢⡈⢢⡀⠀⠀⠀⣀⣤⣶⣿⣿⠏⠀⠀⡜⠀⠀⠀⠀⠀⠀⢸ ⡿⠁⠀⠀⠀⠀⠘⣄⢳⣀⣴⣾⣿⣿⣿⣿⡏⠀⠀⢰⠇,0
Young Thug,Trap,p0x6FEDV-ig,Young Thug - Check (Official Music Video),Young Thug,Deep,0
Young Thug,Trap,p0x6FEDV-ig,Young Thug - Check (Official Music Video),Young Thug,🎵Aia mina que fuma haxix 🎵,0
Young Thug,Trap,p0x6FEDV-ig,Young Thug - Check (Official Music Video),Young Thug,10 years still the transcription is not available,0
Young Thug,Trap,p0x6FEDV-ig,Young Thug - Check (Official Music Video),Young Thug,forever banger,2
Young Thug,Trap,p0x6FEDV-ig,Young Thug - Check (Official Music Video),Young Thug,"Creative enforcer Michaels laws answer for intelligence report serves protects idenity intelligence report orders decicom intelligence report Michael grinds as no funding as living controlled substance as leaders skills identity built 647,000 systems making ours orders boogie cfcgcfc FBI police services Michaels intelligence report thugga trap ... Loyal you never fail currency in accounts BC",0
Young Thug,Trap,p0x6FEDV-ig,Young Thug - Check (Official Music Video),Young Thug,💚💚💚💚,0
Young Thug,Trap,p0x6FEDV-ig,Young Thug - Check (Official Music Video),Young Thug,2026 stillll,0
Young Thug,Trap,p0x6FEDV-ig,Young Thug - Check (Official Music Video),Young Thug,Put in 2x speed,0
Young Thug,Trap,p0x6FEDV-ig,Young Thug - Check (Official Music Video),Young Thug,in 2026 just found out blonde hair thug is top 3 rappers in histroy,0
Young Thug,Trap,p0x6FEDV-ig,Young Thug - Check (Official Music Video),Young Thug,😂 Back when Thug wasn’t on probation 🔥,1
Young Thug,Trap,p0x6FEDV-ig,Young Thug - Check (Official Music Video),Young Thug,I'm right here 💕,0
Young Thug,Trap,p0x6FEDV-ig,Young Thug - Check (Official Music Video),Young Thug,2026 I’m still here,0
Young Thug,Trap,p0x6FEDV-ig,Young Thug - Check (Official Music Video),Young Thug,Put that crack in my crack!!!😭 0:58,0
Young Thug,Trap,p0x6FEDV-ig,Young Thug - Check (Official Music Video),Young Thug,Still Banger🔥🔥🔥,0
Young Thug,Trap,p0x6FEDV-ig,Young Thug - Check (Official Music Video),Young Thug,😎💯💯👑🔥💰💵🍾🥃🤲,0
Young Thug,Trap,p0x6FEDV-ig,Young Thug - Check (Official Music Video),Young Thug,Till infinity anyone?,0
Young Thug,Trap,p0x6FEDV-ig,Young Thug - Check (Official Music Video),Young Thug,10 years ago? sounds like it came out yesterday..  Thug is so sick.,107
Young Thug,Trap,p0x6FEDV-ig,Young Thug - Check (Official Music Video),Young Thug,Gyaattt a million dollarssss sheeeeeeshhhh” - Ariana Grande,1
Young Thug,Trap,p0x6FEDV-ig,Young Thug - Check (Official Music Video),Young Thug,I need them check too,0
Young Thug,Trap,p0x6FEDV-ig,Young Thug - Check (Official Music Video),Young Thug,GOAT 💯💯💯🔥,0
Young Thug,Trap,p0x6FEDV-ig,Young Thug - Check (Official Music Video),Young Thug,"Hahaha so ein schlechter Rapper und noch schlechterer Sänger mit so vielen Clicks habe ich noch nie gesehen.
Die M'ind. Verblödet die Köpfe der neuen Generation.

Ich würd den Spast gern Mal komplett ohne autotune hören. Mit ist es schon unterirdisch.

Dass überhaupt noch wer auf den Satanistenzug aufspringt. Ohne deren Geld würd ihn niemand hören.

Hip Hop war Mal geil
Hatte Mal Inhalt 
Gab's auch ohne Autotime
Worst Rapper ever",0
Young Thug,Trap,p0x6FEDV-ig,Young Thug - Check (Official Music Video),Young Thug,"20 years later, beat still hardest out",4
Young Thug,Trap,p0x6FEDV-ig,Young Thug - Check (Official Music Video),Young Thug,"If you dont owe me act like you owe me, alakshmi Aramshmi nilesh ram. Lakshme ravan

When aramshi alakshmi got ice on lakshme ravan Ice like sub zero",0
Young Thug,Trap,p0x6FEDV-ig,Young Thug - Check (Official Music Video),Young Thug,"If you dont owe me, act like you owe me, ghenghis khan, gang hang his own bapa nana father moor gang gone 

Ressurection yeshua amen",0
Young Thug,Trap,p0x6FEDV-ig,Young Thug - Check (Official Music Video),Young Thug,If a cop pull up i put crack in my crack😂,1
Young Thug,Trap,p0x6FEDV-ig,Young Thug - Check (Official Music Video),Young Thug,who’s here in 2030?,0
Young Thug,Trap,p0x6FEDV-ig,Young Thug - Check (Official Music Video),Young Thug,The beast top 🎉🎉,0
Young Thug,Trap,p0x6FEDV-ig,Young Thug - Check (Official Music Video),Young Thug,I wanted a Mac and a hp tytyJordan tha cas app,0
Young Thug,Trap,p0x6FEDV-ig,Young Thug - Check (Official Music Video),Young Thug,Is this rap music nowadays? Tasteless,0
Young Thug,Trap,p0x6FEDV-ig,Young Thug - Check (Official Music Video),Young Thug,Vengo por 26is 🕊️🎶,0
Young Thug,Trap,p0x6FEDV-ig,Young Thug - Check (Official Music Video),Young Thug,I love Young thung real of fake real i love you Young thung❤❤❤❤❤❤,1
Young Thug,Trap,p0x6FEDV-ig,Young Thug - Check (Official Music Video),Young Thug,I,0
Young Thug,Trap,p0x6FEDV-ig,Young Thug - Check (Official Music Video),Young Thug,I can see that pussy from about a mile away money n my pants money on my brain i whip that white you can snow me,1
Young Thug,Trap,p0x6FEDV-ig,Young Thug - Check (Official Music Video),Young Thug,Fire,0
Young Thug,Trap,p0x6FEDV-ig,Young Thug - Check (Official Music Video),Young Thug,Eres el mejor del mundo 🌎😍😍😍😍😍😍😍😍😍😍😍😍😍😍😍😍😍😍😍😍,1
Young Thug,Trap,p0x6FEDV-ig,Young Thug - Check (Official Music Video),Young Thug,Young thug me gustas mucho 😍😍😍😍😍😍😍😍😍😍😍😍😍😍😍😍😍😍,1
Young Thug,Trap,p0x6FEDV-ig,Young Thug - Check (Official Music Video),Young Thug,ELLE EST PAQS LA,1
Young Thug,Trap,p0x6FEDV-ig,Young Thug - Check (Official Music Video),Young Thug,I can see that pussy from about a mile away da way it sit up call it 🥭,1
Young Thug,Trap,p0x6FEDV-ig,Young Thug - Check (Official Music Video),Young Thug,I got a checks in 2026,1
Young Thug,Trap,p0x6FEDV-ig,Young Thug - Check (Official Music Video),Young Thug,If she bad im gone fo season dat bitch,1
Young Thug,Trap,p0x6FEDV-ig,Young Thug - Check (Official Music Video),Young Thug,2k bringing me back to middle school,2
Young Thug,Trap,p0x6FEDV-ig,Young Thug - Check (Official Music Video),Young Thug,If I need me some racks imma flip me some packs!,0
Young Thug,Trap,p0x6FEDV-ig,Young Thug - Check (Official Music Video),Young Thug,Man we wad missing outtttttt😭😭😭😭,0
Young Thug,Trap,p0x6FEDV-ig,Young Thug - Check (Official Music Video),Young Thug,I’m in love with the outro❤❤❤,1
Young Thug,Trap,p0x6FEDV-ig,Young Thug - Check (Official Music Video),Young Thug,"Hey cousin in a sant georg  stolen 5000000 million maybe dont so much or more stolen money  from me cardi b offset and other i dont know
Why but it 
 Was invisibil enemy which fight me And raPe me can you help about 8 months",0
Young Thug,Trap,p0x6FEDV-ig,Young Thug - Check (Official Music Video),Young Thug,Go,0
Young Thug,Trap,p0x6FEDV-ig,Young Thug - Check (Official Music Video),Young Thug,Money money money ❤❤❤ True Boy ❤❤❤,0
Young Thug,Trap,p0x6FEDV-ig,Young Thug - Check (Official Music Video),Young Thug,Real Boy ❤❤❤,0
Young Thug,Trap,p0x6FEDV-ig,Young Thug - Check (Official Music Video),Young Thug,3078 who's still listening 🎧,1
Young Thug,Trap,p0x6FEDV-ig,Young Thug - Check (Official Music Video),Young Thug,Amen in Jesus name to that,0
Young Thug,Trap,p0x6FEDV-ig,Young Thug - Check (Official Music Video),Young Thug,2:01 mood all 2026🎉,19
Young Thug,Trap,p0x6FEDV-ig,Young Thug - Check (Official Music Video),Young Thug,Thug had birdman jumping nonstop 😂😂,0
Young Thug,Trap,p0x6FEDV-ig,Young Thug - Check (Official Music Video),Young Thug,From david one by one can see me around how i can tell youll all of my checks of one by one why my money is never spent to make me around me one by one from david,0
Young Thug,Trap,p0x6FEDV-ig,Young Thug - Check (Official Music Video),Young Thug,Waka uputington,0
Young Thug,Trap,p0x6FEDV-ig,Young Thug - Check (Official Music Video),Young Thug,❤😊❤😊❤,0
Young Thug,Trap,p0x6FEDV-ig,Young Thug - Check (Official Music Video),Young Thug,❤❤❤😊😊,0
Young Thug,Trap,p0x6FEDV-ig,Young Thug - Check (Official Music Video),Young Thug,❤❤❤❤❤❤,0
Young Thug,Trap,p0x6FEDV-ig,Young Thug - Check (Official Music Video),Young Thug,anyone 2026?,0
Young Thug,Trap,p0x6FEDV-ig,Young Thug - Check (Official Music Video),Young Thug,2k brought me back,2
Young Thug,Trap,p0x6FEDV-ig,Young Thug - Check (Official Music Video),Young Thug,🔥🔥🔥🔥🔥,0
Young Thug,Trap,p0x6FEDV-ig,Young Thug - Check (Official Music Video),Young Thug,eiii el vale le mete cabron,0
Young Thug,Trap,p0x6FEDV-ig,Young Thug - Check (Official Music Video),Young Thug,🇧🇷🎧,1
Young Thug,Trap,p0x6FEDV-ig,Young Thug - Check (Official Music Video),Young Thug,Here again 10th year was 16 when this came out,3
Young Thug,Trap,p0x6FEDV-ig,Young Thug - Check (Official Music Video),Young Thug,All rappers are the same. Zero talent.,0
Young Thug,Trap,p0x6FEDV-ig,Young Thug - Check (Official Music Video),Young Thug,💥💥💥,0
Young Thug,Trap,p0x6FEDV-ig,Young Thug - Check (Official Music Video),Young Thug,RIP KOBE 🐍,0
Young Thug,Trap,p0x6FEDV-ig,Young Thug - Check (Official Music Video),Young Thug,ai a mina quer fumar haxixe,0
Young Thug,Trap,p0x6FEDV-ig,Young Thug - Check (Official Music Video),Young Thug,2026 sou Africano,0
Young Thug,Trap,p0x6FEDV-ig,Young Thug - Check (Official Music Video),Young Thug,Anyone in 2026?,0
Young Thug,Trap,p0x6FEDV-ig,Young Thug - Check (Official Music Video),Young Thug,"2026 and so underrated! This tune is still like brand new to me, I love it.",1
Young Thug,Trap,p0x6FEDV-ig,Young Thug - Check (Official Music Video),Young Thug,thugger thugger 🔥🔥,0
Young Thug,Trap,p0x6FEDV-ig,Young Thug - Check (Official Music Video),Young Thug,money on my mind,0
Young Thug,Trap,p0x6FEDV-ig,Young Thug - Check (Official Music Video),Young Thug,Autistic people still repeating (Whos here 2026🥴)  🤣😂🤣,0
Young Thug,Trap,p0x6FEDV-ig,Young Thug - Check (Official Music Video),Young Thug,C BEAN!!!,0
Young Thug,Trap,p0x6FEDV-ig,Young Thug - Check (Official Music Video),Young Thug,2026??🇦🇴,0
Young Thug,Trap,p0x6FEDV-ig,Young Thug - Check (Official Music Video),Young Thug,2026 anyone ?,0
Young Thug,Trap,p0x6FEDV-ig,Young Thug - Check (Official Music Video),Young Thug,"YouTube should have a student account version and they’d get way more smh i lowkey thought of paying it to watch long videos in the lil corner while doing sum else otp, but nah 17+ tax is crazy",0
Young Thug,Trap,p0x6FEDV-ig,Young Thug - Check (Official Music Video),Young Thug,Incredible. 2026 🙏🏽❤️‍🩹,1
Young Thug,Trap,p0x6FEDV-ig,Young Thug - Check (Official Music Video),Young Thug,It’s absolutely insane how this man so many children there is no nine vicious or Atlanta underground without this man Jesus Christ,0
Young Thug,Trap,p0x6FEDV-ig,Young Thug - Check (Official Music Video),Young Thug,baby no way,0
Young Thug,Trap,p0x6FEDV-ig,Young Thug - Check (Official Music Video),Young Thug,10 FCKN YEARS IN APR,0
Young Thug,Trap,p0x6FEDV-ig,Young Thug - Check (Official Music Video),Young Thug,que som louco do crl,0
Young Thug,Trap,p0x6FEDV-ig,Young Thug - Check (Official Music Video),Young Thug,SSETEPT4L,0
Young Thug,Trap,p0x6FEDV-ig,Young Thug - Check (Official Music Video),Young Thug,I miss the old Thug!!!!,1
Young Thug,Trap,p0x6FEDV-ig,Young Thug - Check (Official Music Video),Young Thug,I'd kill to hear this guys music again. He doesn't exist. And I hope the current version is doing well and has his life together. Curse of age and biology,0
Young Thug,Trap,p0x6FEDV-ig,Young Thug - Check (Official Music Video),Young Thug,",, ❤🔥🔥🔥🔥🔥🔥🇩🇴 2026💯",0
Young Thug,Trap,p0x6FEDV-ig,Young Thug - Check (Official Music Video),Young Thug,🔥 ♨️ 🎇,0
Young Thug,Trap,p0x6FEDV-ig,Young Thug - Check (Official Music Video),Young Thug,GOT A CHECK 🎱,0
Young Thug,Trap,p0x6FEDV-ig,Young Thug - Check (Official Music Video),Young Thug,This was prime thug u just had to be there,0
Young Thug,Trap,p0x6FEDV-ig,Young Thug - Check (Official Music Video),Young Thug,🇬🇫🇸🇷❤🎉,1
Young Thug,Trap,p0x6FEDV-ig,Young Thug - Check (Official Music Video),Young Thug,STILL JAMMIN THIS 2026,0
Young Thug,Trap,p0x6FEDV-ig,Young Thug - Check (Official Music Video),Young Thug,Woody in the video,0
Young Thug,Trap,p0x6FEDV-ig,Young Thug - Check (Official Music Video),Young Thug,Youn you own me today but I’m still two stubs short l,0
Young Thug,Trap,p0x6FEDV-ig,Young Thug - Check (Official Music Video),Young Thug,🤮🤮🤮🤮🤮🤮🤮🤮🤮🤮,0
Young Thug,Trap,p0x6FEDV-ig,Young Thug - Check (Official Music Video),Young Thug,If cops pull up I put that Crack in my crack🤣🤣🤣🤣,0
Young Thug,Trap,p0x6FEDV-ig,Young Thug - Check (Official Music Video),Young Thug,❤🤘🏻,0
Young Thug,Trap,p0x6FEDV-ig,Young Thug - Check (Official Music Video),Young Thug,Watching in 2026 and found it from 2K26,1
Young Thug,Trap,p0x6FEDV-ig,Young Thug - Check (Official Music Video),Young Thug,Ds still hard🔥,0
Young Thug,Trap,p0x6FEDV-ig,Young Thug - Check (Official Music Video),Young Thug,Whos here in 2026 ?,0
Young Thug,Trap,p0x6FEDV-ig,Young Thug - Check (Official Music Video),Young Thug,aye man this shit still fire,0
Young Thug,Trap,p0x6FEDV-ig,Young Thug - Check (Official Music Video),Young Thug,4 strikes pd Harlingen,0
Young Thug,Trap,p0x6FEDV-ig,Young Thug - Check (Official Music Video),Young Thug,2026 who's still here😂,0
Young Thug,Trap,p0x6FEDV-ig,Young Thug - Check (Official Music Video),Young Thug,Thug Forever,0
Young Thug,Trap,p0x6FEDV-ig,Young Thug - Check (Official Music Video),Young Thug,Who's there on 2 January 2026? 😅😅,0
Young Thug,Trap,p0x6FEDV-ig,Young Thug - Check (Official Music Video),Young Thug,2026 we made it who else made it 🔥,0
Young Thug,Trap,p0x6FEDV-ig,Young Thug - Check (Official Music Video),Young Thug,January happy new year,3
Young Thug,Trap,p0x6FEDV-ig,Young Thug - Check (Official Music Video),Young Thug,2026 who’s still here?,969
Young Thug,Trap,p0x6FEDV-ig,Young Thug - Check (Official Music Video),Young Thug,2026 boi,1
Young Thug,Trap,p0x6FEDV-ig,Young Thug - Check (Official Music Video),Young Thug,If you still listen to this song in 2026 u goated!,0
Young Thug,Trap,p0x6FEDV-ig,Young Thug - Check (Official Music Video),Young Thug,2026 🎉❤,0
Young Thug,Trap,p0x6FEDV-ig,Young Thug - Check (Official Music Video),Young Thug,2026🤯,0
Young Thug,Trap,p0x6FEDV-ig,Young Thug - Check (Official Music Video),Young Thug,GG🧸:,2
Young Thug,Trap,p0x6FEDV-ig,Young Thug - Check (Official Music Video),Young Thug,ひ,1
Young Thug,Trap,p0x6FEDV-ig,Young Thug - Check (Official Music Video),Young Thug,dude i miss this era thugger i come back to this music and im smiling the whole time cuz his music and entire public persona was just super fun and magnetic,4
Young Thug,Trap,p0x6FEDV-ig,Young Thug - Check (Official Music Video),Young Thug,"Your soul is precious to God, which is why He sent His Son JESUS CHRIST to die for your sins. Accept Him into your heart today by confessing Him as your LORD and personal Saviour, and you will receive His Holy Spirit and be saved. JESUS CHRIST loves you dearly. ❤ ❤️",0
Young Thug,Trap,p0x6FEDV-ig,Young Thug - Check (Official Music Video),Young Thug,This shit will stay tripple platinum in my ride til the day i die,2
Young Thug,Trap,p0x6FEDV-ig,Young Thug - Check (Official Music Video),Young Thug,almost 2026 and the english version still not avilable 🎋✌🏻,3
Young Thug,Trap,p0x6FEDV-ig,Young Thug - Check (Official Music Video),Young Thug,10 years ago people mocked this thugger😢😢😢... Now he is now a masterpiece... Never under rate anyone,6
Young Thug,Trap,p0x6FEDV-ig,Young Thug - Check (Official Music Video),Young Thug,This just looks retarded,0
Young Thug,Trap,p0x6FEDV-ig,Young Thug - Check (Official Music Video),Young Thug,2026 anyone?,1
Young Thug,Trap,p0x6FEDV-ig,Young Thug - Check (Official Music Video),Young Thug,"This song, was my anthem,  when I got my first $112 from my native company, organization,  entity,  or tribe,  or said government.  ❤",1
Young Thug,Trap,p0x6FEDV-ig,Young Thug - Check (Official Music Video),Young Thug,Prime Thugger,0
Young Thug,Trap,p0x6FEDV-ig,Young Thug - Check (Official Music Video),Young Thug,Agen,1
Young Thug,Trap,p0x6FEDV-ig,Young Thug - Check (Official Music Video),Young Thug,2026 anyone?,15
Young Thug,Trap,p0x6FEDV-ig,Young Thug - Check (Official Music Video),Young Thug,"10 years of this banger and album. That dancer kilt this song on the pole 1 night in 2015, sheesh😮‍💨",0
Young Thug,Trap,p0x6FEDV-ig,Young Thug - Check (Official Music Video),Young Thug,Anyone on Christmas 🎄 night 😂,0
Young Thug,Trap,p0x6FEDV-ig,Young Thug - Check (Official Music Video),Young Thug,Kodak killed the killing beats,0
Young Thug,Trap,p0x6FEDV-ig,Young Thug - Check (Official Music Video),Young Thug,he gotta get back on theese beats,1
Young Thug,Trap,p0x6FEDV-ig,Young Thug - Check (Official Music Video),Young Thug,2050.😂,0
Young Thug,Trap,p0x6FEDV-ig,Young Thug - Check (Official Music Video),Young Thug,Any one from Africa,0
Young Thug,Trap,p0x6FEDV-ig,Young Thug - Check (Official Music Video),Young Thug,They want power of attorney for my money or guardianship should i do that or should i decline its part of my conditions or i go to jail..,1
Young Thug,Trap,p0x6FEDV-ig,Young Thug - Check (Official Music Video),Young Thug,☦️They putting food underneath the front door so the animal homeless sick cat will come back to get finessed for sex finessed with food☦️,0
Young Thug,Trap,p0x6FEDV-ig,Young Thug - Check (Official Music Video),Young Thug,"bitch ima migo, i play w kilo 🫩🐐",0
Young Thug,Trap,p0x6FEDV-ig,Young Thug - Check (Official Music Video),Young Thug,2036 anyone?👀,11
Young Thug,Trap,p0x6FEDV-ig,Young Thug - Check (Official Music Video),Young Thug,YSL for life❤❤❤❤❤,2
Young Thug,Trap,p0x6FEDV-ig,Young Thug - Check (Official Music Video),Young Thug,Yeg,1
Young Thug,Trap,p0x6FEDV-ig,Young Thug - Check (Official Music Video),Young Thug,I’m here 2025 💪🏾🔥,2
Young Thug,Trap,p0x6FEDV-ig,Young Thug - Check (Official Music Video),Young Thug,"I done got me a check, I got a check",2
Young Thug,Trap,p0x6FEDV-ig,Young Thug - Check (Official Music Video),Young Thug,2027 anyone 😂,2
Young Thug,Trap,p0x6FEDV-ig,Young Thug - Check (Official Music Video),Young Thug,2050 anyone ??,1
Young Thug,Trap,p0x6FEDV-ig,Young Thug - Check (Official Music Video),Young Thug,Sometimes I purposely forget about this song and see how long it last till finger memory types it into YouTube search.,2
Young Thug,Trap,p0x6FEDV-ig,Young Thug - Check (Official Music Video),Young Thug,El mejor 😎,0
Young Thug,Trap,p0x6FEDV-ig,Young Thug - Check (Official Music Video),Young Thug,Bytha go suck🖕,0
Young Thug,Trap,p0x6FEDV-ig,Young Thug - Check (Official Music Video),Young Thug,Depuis le Burkina Faso 🇧🇫 💪🏾 assidu à tes diffusions,1
Young Thug,Trap,p0x6FEDV-ig,Young Thug - Check (Official Music Video),Young Thug,"Lil Dicky did it better, but this beat is soooooo cold.",0
Young Thug,Trap,p0x6FEDV-ig,Young Thug - Check (Official Music Video),Young Thug,Am vibin àt this time ❤,0
Young Thug,Trap,p0x6FEDV-ig,Young Thug - Check (Official Music Video),Young Thug,Young Thung eres el mejor broder te quiero mucho un saludo desde Honduras 😎👌🚘🎶,0
Young Thug,Trap,p0x6FEDV-ig,Young Thug - Check (Official Music Video),Young Thug,Young Thung eres el mejor broder te quiero mucho un saludo desde Honduras 😎👌🚘🎶,1
Young Thug,Trap,p0x6FEDV-ig,Young Thug - Check (Official Music Video),Young Thug,Young Thung eres el mejor broder te quiero mucho un saludo desde Honduras 😎👌🚘🎶,1
Young Thug,Trap,p0x6FEDV-ig,Young Thug - Check (Official Music Video),Young Thug,Me gusta mucho la música de young thung 😎👌🚘🎶,1
Young Thug,Trap,p0x6FEDV-ig,Young Thug - Check (Official Music Video),Young Thug,2026 anyone🔥,39
Young Thug,Trap,p0x6FEDV-ig,Young Thug - Check (Official Music Video),Young Thug,4L,0
Young Thug,Trap,p0x6FEDV-ig,Young Thug - Check (Official Music Video),Young Thug,16Dec2025?,1
Young Thug,Trap,p0x6FEDV-ig,Young Thug - Check (Official Music Video),Young Thug,2025-2026 we still bumping.,5
Young Thug,Trap,p0x6FEDV-ig,Young Thug - Check (Official Music Video),Young Thug,🤑✌️🇰🇪,1
Young Thug,Trap,p0x6FEDV-ig,Young Thug - Check (Official Music Video),Young Thug,2026 anyone???,7
Young Thug,Trap,p0x6FEDV-ig,Young Thug - Check (Official Music Video),Young Thug,We're getting old ... 2025 gang,1
Young Thug,Trap,p0x6FEDV-ig,Young Thug - Check (Official Music Video),Young Thug,Ukam nak urganmisan,0
Young Thug,Trap,p0x6FEDV-ig,Young Thug - Check (Official Music Video),Young Thug,"Porque essa porra e tao inspiradora , essa merda me faz me levantar qualquer hora e seguir em frente",2
Young Thug,Trap,p0x6FEDV-ig,Young Thug - Check (Official Music Video),Young Thug,00:04 SB …. DAY1 🥷🏾,0
Young Thug,Trap,p0x6FEDV-ig,Young Thug - Check (Official Music Video),Young Thug,BOSS YSL4LIFE🦅,1
Young Thug,Trap,p0x6FEDV-ig,Young Thug - Check (Official Music Video),Young Thug,Anyone in 2036?,3
Young Thug,Trap,p0x6FEDV-ig,Young Thug - Check (Official Music Video),Young Thug,🎻🦄🍭🍬🍭🍼,0
Young Thug,Trap,p0x6FEDV-ig,Young Thug - Check (Official Music Video),Young Thug,🎊,0
Young Thug,Trap,p0x6FEDV-ig,Young Thug - Check (Official Music Video),Young Thug,"Em is the original rap God🤷2025 ya heard,,",0
Young Thug,Trap,p0x6FEDV-ig,Young Thug - Check (Official Music Video),Young Thug,I was in 9th grade when this dropped this was his prime,0
Young Thug,Trap,p0x6FEDV-ig,Young Thug - Check (Official Music Video),Young Thug,Man I use to be lil ash I’m 18 nie,0
Young Thug,Trap,p0x6FEDV-ig,Young Thug - Check (Official Music Video),Young Thug,This whole time I listen to this ine get nun but oppress L fucking song,1
Young Thug,Trap,p0x6FEDV-ig,Young Thug - Check (Official Music Video),Young Thug,X💯,0
Young Thug,Trap,p0x6FEDV-ig,Young Thug - Check (Official Music Video),Young Thug,Sesu,0
Young Thug,Trap,p0x6FEDV-ig,Young Thug - Check (Official Music Video),Young Thug,Y Y Y Y O O O CZHECK Y O O O O OOo0o checkzs,0
Young Thug,Trap,p0x6FEDV-ig,Young Thug - Check (Official Music Video),Young Thug,Who here from nba 2k26 ?,1
Young Thug,Trap,p0x6FEDV-ig,Young Thug - Check (Official Music Video),Young Thug,2013 check,0
Young Thug,Trap,p0x6FEDV-ig,Young Thug - Check (Official Music Video),Young Thug,"i remember when this came out I knew young thug was Cold AF ,,,, As Fuck lol",0
Young Thug,Trap,p0x6FEDV-ig,Young Thug - Check (Official Music Video),Young Thug,Thugga got 11 siblings whats wonderful to see is thug didnt just get himself outta poverty he got a whole team i have 8 siblings all but 1 are fellas & it joys .e to see ppl get there parents & couple of there siblings but getting 13/14 ppl out buying em each a house car its brilliant i dont wish others bad fortune just bcuz im broke dont mean next guy shouod be RESPECT to thugga 🤔👀🤔👍🏻,0
Young Thug,Trap,p0x6FEDV-ig,Young Thug - Check (Official Music Video),Young Thug,MA MA MA MA MA MA MA !!!MAYBACK MUSIC 2026,1
Young Thug,Trap,p0x6FEDV-ig,Young Thug - Check (Official Music Video),Young Thug,🥷,0
Young Thug,Trap,p0x6FEDV-ig,Young Thug - Check (Official Music Video),Young Thug,2025 December 2nd,5
Young Thug,Trap,p0x6FEDV-ig,Young Thug - Check (Official Music Video),Young Thug,Pa moon,0
Young Thug,Trap,p0x6FEDV-ig,Young Thug - Check (Official Music Video),Young Thug,Thuuuuuug❤❤❤❤,1
Young Thug,Trap,p0x6FEDV-ig,Young Thug - Check (Official Music Video),Young Thug,What I’d do to go back to these times,0
Young Thug,Trap,p0x6FEDV-ig,Young Thug - Check (Official Music Video),Young Thug,2026 anyone???,5
Young Thug,Trap,p0x6FEDV-ig,Young Thug - Check (Official Music Video),Young Thug,Hieroglyphics.. Listen to it!!. 202 million views cracks me up. Pretty ridiculous this type of sound. What’s wrong with these generations??!!,0
Young Thug,Trap,p0x6FEDV-ig,Young Thug - Check (Official Music Video),Young Thug,"respectfully, no rapper comes close to thug, uzi carti etc might be influenced but nothing like him tbh",0
Young Thug,Trap,p0x6FEDV-ig,Young Thug - Check (Official Music Video),Young Thug,❤️,0
Young Thug,Trap,p0x6FEDV-ig,Young Thug - Check (Official Music Video),Young Thug,"Young Thug will always keep throwin viral 
because of his voice.
   he is byin vews  fram 💖💖 HIPVIEWS DAWT CAWM 💖💖",3
Young Thug,Trap,p0x6FEDV-ig,Young Thug - Check (Official Music Video),Young Thug,🇨🇮🇨🇮🇨🇮🇨🇮,0
Young Thug,Trap,p0x6FEDV-ig,Young Thug - Check (Official Music Video),Young Thug,2026 anyone ?,7
Young Thug,Trap,p0x6FEDV-ig,Young Thug - Check (Official Music Video),Young Thug,2027 anyone ?,4
Young Thug,Trap,p0x6FEDV-ig,Young Thug - Check (Official Music Video),Young Thug,"top song, comment if you like it too!!!",0
Young Thug,Trap,p0x6FEDV-ig,Young Thug - Check (Official Music Video),Young Thug,"Plies needa Be on Thi$,, 💯😎 although GREAT MUZIK",0
Young Thug,Trap,p0x6FEDV-ig,Young Thug - Check (Official Music Video),Young Thug,RG,1
Young Thug,Trap,p0x6FEDV-ig,Young Thug - Check (Official Music Video),Young Thug,"Young Thug will always keep throwin viral 
because of his voice.
   he is byin vews  fram 💖💖 HIPVIEWS DAWT CAWM 💖💖",0
Young Thug,Trap,ZvUBGN4KoP0,"Young Thug, 2 Chainz, Wiz Khalifa &amp; PnB Rock – Gang Up (The Fate of the Furious: The Album) [VIDEO]",Young Thug,Holy trash a tierlist mane is better then mugm and flame 100% and the mugm one is none debatable cuz of how mane was rolling mugm on pvpclub recently,0
Young Thug,Trap,ZvUBGN4KoP0,"Young Thug, 2 Chainz, Wiz Khalifa &amp; PnB Rock – Gang Up (The Fate of the Furious: The Album) [VIDEO]",Young Thug,2026 anyone?,0
Young Thug,Trap,ZvUBGN4KoP0,"Young Thug, 2 Chainz, Wiz Khalifa &amp; PnB Rock – Gang Up (The Fate of the Furious: The Album) [VIDEO]",Young Thug,"I’m not even subbed or anything, why this OF in my feed😂",2
Young Thug,Trap,ZvUBGN4KoP0,"Young Thug, 2 Chainz, Wiz Khalifa &amp; PnB Rock – Gang Up (The Fate of the Furious: The Album) [VIDEO]",Young Thug,Anyone in 2027?,0
Young Thug,Trap,ZvUBGN4KoP0,"Young Thug, 2 Chainz, Wiz Khalifa &amp; PnB Rock – Gang Up (The Fate of the Furious: The Album) [VIDEO]",Young Thug,2026 1:24,1
Young Thug,Trap,ZvUBGN4KoP0,"Young Thug, 2 Chainz, Wiz Khalifa &amp; PnB Rock – Gang Up (The Fate of the Furious: The Album) [VIDEO]",Young Thug,"Vin Diesel Mitchell Rodriguez Paul Walker , Jordan Brewster Tyrese Gibson Ludacris Dwayne Johnson John Cena",1
Young Thug,Trap,ZvUBGN4KoP0,"Young Thug, 2 Chainz, Wiz Khalifa &amp; PnB Rock – Gang Up (The Fate of the Furious: The Album) [VIDEO]",Young Thug,Any one jun 14 2026,0
Young Thug,Trap,ZvUBGN4KoP0,"Young Thug, 2 Chainz, Wiz Khalifa &amp; PnB Rock – Gang Up (The Fate of the Furious: The Album) [VIDEO]",Young Thug,I’m a villain that’s winning,0
Young Thug,Trap,ZvUBGN4KoP0,"Young Thug, 2 Chainz, Wiz Khalifa &amp; PnB Rock – Gang Up (The Fate of the Furious: The Album) [VIDEO]",Young Thug,Why this song give me goosebumps,0
Young Thug,Trap,ZvUBGN4KoP0,"Young Thug, 2 Chainz, Wiz Khalifa &amp; PnB Rock – Gang Up (The Fate of the Furious: The Album) [VIDEO]",Young Thug,R.I.P TO HELL TO PNB ROCK MY BROTHER,2
Young Thug,Trap,ZvUBGN4KoP0,"Young Thug, 2 Chainz, Wiz Khalifa &amp; PnB Rock – Gang Up (The Fate of the Furious: The Album) [VIDEO]",Young Thug,Who is 2026 😅,0
Young Thug,Trap,ZvUBGN4KoP0,"Young Thug, 2 Chainz, Wiz Khalifa &amp; PnB Rock – Gang Up (The Fate of the Furious: The Album) [VIDEO]",Young Thug,I love Lemon pepper wings a breakfast time,0
Young Thug,Trap,ZvUBGN4KoP0,"Young Thug, 2 Chainz, Wiz Khalifa &amp; PnB Rock – Gang Up (The Fate of the Furious: The Album) [VIDEO]",Young Thug,Rip PNB 🎸🤘🏾🤘🏾🕊️🕊️,0
Young Thug,Trap,ZvUBGN4KoP0,"Young Thug, 2 Chainz, Wiz Khalifa &amp; PnB Rock – Gang Up (The Fate of the Furious: The Album) [VIDEO]",Young Thug,Anyone in NorthKorea?🇰🇵,0
Young Thug,Trap,ZvUBGN4KoP0,"Young Thug, 2 Chainz, Wiz Khalifa &amp; PnB Rock – Gang Up (The Fate of the Furious: The Album) [VIDEO]",Young Thug,Salam dari kendal,2
Young Thug,Trap,ZvUBGN4KoP0,"Young Thug, 2 Chainz, Wiz Khalifa &amp; PnB Rock – Gang Up (The Fate of the Furious: The Album) [VIDEO]",Young Thug,"THE FATE OF THE FURIOUS: THE ALBUM TRACK LISTING
1) Young Thug, 2 Chainz, Wiz Khalifa & PnB Rock - Gang Up
2) Lil Uzi Vert, Quavo & Travis Scott - Go Off
3) G-Eazy & Kehlani - Good Life
4) PnB Rock, Kodak Black & A Boogie Wit da Hoodie – Horses
5) Migos - Seize The Block
6) YoungBoy Never Broke Again – Murder (feat. 21 Savage) [Remix]
7) Bassnectar – Speakerbox (feat. Ohana Bam & Lafa Taylor) [F8 Remix]
8) Post Malone - Candy Paint
9) Kevin Gates - 911
10) Lil Yachty – Mamacita (feat. Rico Nasty)
11) Jeremih, Ty Dolla $ign & Sage The Gemini - Don't Get Much Better
12) Pitbull & J Balvin - Hey Ma (feat. Camila Cabello) [Spanish Version]
13) Pinto “Wahin” & DJ Ricky Luna - La Habana (feat. El Taiger)
14) J Balvin & Pitbull - Hey Ma (feat. Camila Cabello)",1
Young Thug,Trap,ZvUBGN4KoP0,"Young Thug, 2 Chainz, Wiz Khalifa &amp; PnB Rock – Gang Up (The Fate of the Furious: The Album) [VIDEO]",Young Thug,"░█▀▀█ ▒█▀▄▀█ ▀█▀ ▒█▄░▒█ ░█▀▀█ █ █ █
▒█▄▄█ ▒█▒█▒█ ▒█░ ▒█▒█▒█ ▒█▄▄█ ▀ ▀ ▀   KOYİM
▒█░▒█ ▒█░░▒█ ▄█▄ ▒█░░▀█ ▒█░▒█ ▄ ▄ ▄",1
Young Thug,Trap,ZvUBGN4KoP0,"Young Thug, 2 Chainz, Wiz Khalifa &amp; PnB Rock – Gang Up (The Fate of the Furious: The Album) [VIDEO]",Young Thug,Any 2046🖤,1
Young Thug,Trap,ZvUBGN4KoP0,"Young Thug, 2 Chainz, Wiz Khalifa &amp; PnB Rock – Gang Up (The Fate of the Furious: The Album) [VIDEO]",Young Thug,2026,1
Young Thug,Trap,ZvUBGN4KoP0,"Young Thug, 2 Chainz, Wiz Khalifa &amp; PnB Rock – Gang Up (The Fate of the Furious: The Album) [VIDEO]",Young Thug,Man RIP PNB..,2
Young Thug,Trap,ZvUBGN4KoP0,"Young Thug, 2 Chainz, Wiz Khalifa &amp; PnB Rock – Gang Up (The Fate of the Furious: The Album) [VIDEO]",Young Thug,anyone b4 wemby brunson finals?,1
Young Thug,Trap,ZvUBGN4KoP0,"Young Thug, 2 Chainz, Wiz Khalifa &amp; PnB Rock – Gang Up (The Fate of the Furious: The Album) [VIDEO]",Young Thug,June 2026 anyone?,1
Young Thug,Trap,ZvUBGN4KoP0,"Young Thug, 2 Chainz, Wiz Khalifa &amp; PnB Rock – Gang Up (The Fate of the Furious: The Album) [VIDEO]",Young Thug,🎉🎉🎉🎉,1
Young Thug,Trap,ZvUBGN4KoP0,"Young Thug, 2 Chainz, Wiz Khalifa &amp; PnB Rock – Gang Up (The Fate of the Furious: The Album) [VIDEO]",Young Thug,2026,1
Young Thug,Trap,ZvUBGN4KoP0,"Young Thug, 2 Chainz, Wiz Khalifa &amp; PnB Rock – Gang Up (The Fate of the Furious: The Album) [VIDEO]",Young Thug,❤🩵❤🩵,1
Young Thug,Trap,ZvUBGN4KoP0,"Young Thug, 2 Chainz, Wiz Khalifa &amp; PnB Rock – Gang Up (The Fate of the Furious: The Album) [VIDEO]",Young Thug,WE HITTING TORRETO WITH DIS SONG!!!!! 🔥🔥🔥,2
Young Thug,Trap,ZvUBGN4KoP0,"Young Thug, 2 Chainz, Wiz Khalifa &amp; PnB Rock – Gang Up (The Fate of the Furious: The Album) [VIDEO]",Young Thug,WWWWWWW taylor gang,2
Young Thug,Trap,ZvUBGN4KoP0,"Young Thug, 2 Chainz, Wiz Khalifa &amp; PnB Rock – Gang Up (The Fate of the Furious: The Album) [VIDEO]",Young Thug,This movie album is massively underrated man it’s a no skip album fr,5
Young Thug,Trap,ZvUBGN4KoP0,"Young Thug, 2 Chainz, Wiz Khalifa &amp; PnB Rock – Gang Up (The Fate of the Furious: The Album) [VIDEO]",Young Thug,Anyone 2026,2
Young Thug,Trap,ZvUBGN4KoP0,"Young Thug, 2 Chainz, Wiz Khalifa &amp; PnB Rock – Gang Up (The Fate of the Furious: The Album) [VIDEO]",Young Thug,Anyone 2026 🎉,3
Young Thug,Trap,ZvUBGN4KoP0,"Young Thug, 2 Chainz, Wiz Khalifa &amp; PnB Rock – Gang Up (The Fate of the Furious: The Album) [VIDEO]",Young Thug,200 km/h and hits different,1
Young Thug,Trap,ZvUBGN4KoP0,"Young Thug, 2 Chainz, Wiz Khalifa &amp; PnB Rock – Gang Up (The Fate of the Furious: The Album) [VIDEO]",Young Thug,2 chains love flame throwers,2
Young Thug,Trap,ZvUBGN4KoP0,"Young Thug, 2 Chainz, Wiz Khalifa &amp; PnB Rock – Gang Up (The Fate of the Furious: The Album) [VIDEO]",Young Thug,"This has to be the tallest song in history
Pnb 6’3
Thug 6’4
Chainz 6’5
Wiz 6’5
That 5’11 pnb listing on google is diabolical
Rip Pnb",2
Young Thug,Trap,ZvUBGN4KoP0,"Young Thug, 2 Chainz, Wiz Khalifa &amp; PnB Rock – Gang Up (The Fate of the Furious: The Album) [VIDEO]",Young Thug,2026 anyone?,1
Young Thug,Trap,ZvUBGN4KoP0,"Young Thug, 2 Chainz, Wiz Khalifa &amp; PnB Rock – Gang Up (The Fate of the Furious: The Album) [VIDEO]",Young Thug,Fast and furious vibe bro,1
Young Thug,Trap,ZvUBGN4KoP0,"Young Thug, 2 Chainz, Wiz Khalifa &amp; PnB Rock – Gang Up (The Fate of the Furious: The Album) [VIDEO]",Young Thug,2026 fate of the furious,1
Young Thug,Trap,ZvUBGN4KoP0,"Young Thug, 2 Chainz, Wiz Khalifa &amp; PnB Rock – Gang Up (The Fate of the Furious: The Album) [VIDEO]",Young Thug,fast and furious 8 soundtrack really had bangers ,1
Young Thug,Trap,ZvUBGN4KoP0,"Young Thug, 2 Chainz, Wiz Khalifa &amp; PnB Rock – Gang Up (The Fate of the Furious: The Album) [VIDEO]",Young Thug,My  favourite childhood  song,2
Young Thug,Trap,ZvUBGN4KoP0,"Young Thug, 2 Chainz, Wiz Khalifa &amp; PnB Rock – Gang Up (The Fate of the Furious: The Album) [VIDEO]",Young Thug,"How to tell you, It s just a masterpiece, 2026 Up",1
Young Thug,Trap,ZvUBGN4KoP0,"Young Thug, 2 Chainz, Wiz Khalifa &amp; PnB Rock – Gang Up (The Fate of the Furious: The Album) [VIDEO]",Young Thug,"This music its pure AURA, i like it",1
Young Thug,Trap,ZvUBGN4KoP0,"Young Thug, 2 Chainz, Wiz Khalifa &amp; PnB Rock – Gang Up (The Fate of the Furious: The Album) [VIDEO]",Young Thug,Anyone 2027😮🎉😂,4
Young Thug,Trap,ZvUBGN4KoP0,"Young Thug, 2 Chainz, Wiz Khalifa &amp; PnB Rock – Gang Up (The Fate of the Furious: The Album) [VIDEO]",Young Thug,Anyone 2028?,1
Young Thug,Trap,ZvUBGN4KoP0,"Young Thug, 2 Chainz, Wiz Khalifa &amp; PnB Rock – Gang Up (The Fate of the Furious: The Album) [VIDEO]",Young Thug,Anyone brothers ❤👑,1
Young Thug,Trap,ZvUBGN4KoP0,"Young Thug, 2 Chainz, Wiz Khalifa &amp; PnB Rock – Gang Up (The Fate of the Furious: The Album) [VIDEO]",Young Thug,"In the name of Allah(God), the Most Gracious, the Most Merciful

Peace be with those who follow the guidance

And We certainly sent into every nation a messenger, [saying], ""Worship Allah and avoid Taghut."" And among them were those whom Allah guided, and among them were those upon whom error was [deservedly] decreed. So proceed through the earth and observe how was the end of the deniers. Quran (16:36)

Taghut: means anything worshipped besides Allah(God).

There are five heads of taghut

Satan: The ultimate instigator who calls people to disobey Allah(God) and worship others.
The one worshipped and pleased with it: Someone (or something) worshipped besides Allah(God), who is content with that worship (e.g., idols, deceased saints worshipped falsely).
The one who claims knowledge of the Unseen (Ghayb): Someone who falsely asserts knowledge of hidden matters, which belongs only to Allah(God).
The one who calls people to worship himself: A leader or figure who actively invites others to worship him, regardless of whether they comply.
The one who judges by other than what Allah has revealed: A ruler or authority who substitutes Allah's divine law with man-made laws, leading people away from God's path. 

I did not create jinn and humans except to worship Me. Quran (51:56)

He] who created death and life to test you [as to] which of you is best in deed Quran (67:2)

Indeed, the religion in the sight of Allah is Islam. Quran (3:19)

Whoever seeks a way other than Islam,1 it will never be accepted from them, and in the Hereafter they will be among the losers. Quran (3:85)

Every soul will taste death. And you will only receive your full reward on the Day of Judgment. Whoever is spared from the Fire and is admitted into Paradise will ˹indeed˺ triumph, whereas the life of this world is no more than the delusion of enjoyment. Quran (3:185)

And this worldly life is not but diversion and amusement. And indeed, the home of the Hereafter - that is the [eternal] life, if only they knew. Quran (29:64)

Neither your relatives nor children will benefit you on Judgment Day—He will decide between you ˹all˺. For Allah is All-Seeing of what you do. Quran (60:3)

And whoever turns a blind eye to the Reminder of the Most Compassionate, We place at the disposal of each a devilish one as their close associate, who will certainly hinder them from the ˹Right˺ Way while they think they are ˹rightly˺ guided. Quran (43:36-37)",2
Young Thug,Trap,ZvUBGN4KoP0,"Young Thug, 2 Chainz, Wiz Khalifa &amp; PnB Rock – Gang Up (The Fate of the Furious: The Album) [VIDEO]",Young Thug,"En el nombre de Allah (Dios), el Compasivo, el Misericordioso.

La paz sea con aquellos que siguen la guía.

Hemos enviado un mensajero a cada comunidad: ""Adorad a Allah y apartaos de los Tagut.""Y hubo entre ellos a quien Allah guió, pero hubo en quien se hizo realidad el extravío.Recorred pues la tierra y ved cómo acabaron los que negaron la verdad. Corán (16:36)

Taghut: significa cualquier cosa adorada además de Allah (Dios).

Hay cinco cabezas de taghut

Satanás: El instigador supremo que incita a la gente a desobedecer a Alá (Dios) y a adorar a otros.
Aquel que es adorado y se complace con ello: Alguien (o algo) adorado además de Alá (Dios), que se complace con esa adoración (por ejemplo, ídolos, santos fallecidos adorados falsamente).
Quien afirma conocer lo Oculto (Ghayb): Alguien que afirma falsamente conocer asuntos ocultos, que pertenecen solo a Alá (Dios).
Quien incita a la gente a adorarse a sí mismo: Un líder o figura que invita activamente a otros a adorarle, independientemente de si cumplen o no.
Quien no juzga con base en lo que Alá ha revelado: Un gobernante o autoridad que sustituye la ley divina de Alá con leyes humanas, desviando a la gente del camino de Dios.

Y no he creado a los genios y a los hombres sino para que Me adoren. Corán (51:56)

""Él es Quien creó la muerte y la vida para probaros y ver cuál de vosotros sería mejor en obras. Corán (67:2)

Realmente la práctica de Adoración ante Allah es el Islam. Corán (3:19)

Y quien desee otra práctica de Adoración que no sea el Islam. no le será aceptada y en la Última Vida será de los perdedores. Corán (3:85)

Toda alma probará la muerte. Y el Día del Levantamiento se os pagará cumplidamente la retribución que os corresponda.Quien sea alejado del Fuego e introducido en el Jardín, habrá triunfado. La vida de este mundo no es sino el disfrute engañoso de lo que se acaba. Corán (3:185)

La vida del mundo no es sino juego y distracción, la verdadera vida es la morada de la Última Vida, si supieran. Corán (29:64)

Ni vuestra consanguinidad ni vuestros hijos os servirán el Día del Levantamiento. Cada uno de vosotros tendrá el juicio que le corresponda. Allah ve lo que hacéis. Corán (60:3)

Y al que está ciego para el recuerdo del Misericordioso le asignamos un demonio que se convierte en su compañero inseparable. Y éstos les apartan del camino mientras ellos se creen guiados. Corán (43:36-37)",1
Young Thug,Trap,ZvUBGN4KoP0,"Young Thug, 2 Chainz, Wiz Khalifa &amp; PnB Rock – Gang Up (The Fate of the Furious: The Album) [VIDEO]",Young Thug,Anyone in 2026-27 💚❤️,0
Young Thug,Trap,ZvUBGN4KoP0,"Young Thug, 2 Chainz, Wiz Khalifa &amp; PnB Rock – Gang Up (The Fate of the Furious: The Album) [VIDEO]",Young Thug,Imran Khan fans  attendance 🥰🥰,0
Young Thug,Trap,ZvUBGN4KoP0,"Young Thug, 2 Chainz, Wiz Khalifa &amp; PnB Rock – Gang Up (The Fate of the Furious: The Album) [VIDEO]",Young Thug,Me pnb was one of my favorite horses middle child and gang up is my favorite,0
Young Thug,Trap,ZvUBGN4KoP0,"Young Thug, 2 Chainz, Wiz Khalifa &amp; PnB Rock – Gang Up (The Fate of the Furious: The Album) [VIDEO]",Young Thug,Super hit!,0
Young Thug,Trap,ZvUBGN4KoP0,"Young Thug, 2 Chainz, Wiz Khalifa &amp; PnB Rock – Gang Up (The Fate of the Furious: The Album) [VIDEO]",Young Thug,PNB 🫶🏽🫶🏽🫶🏽,0
Young Thug,Trap,ZvUBGN4KoP0,"Young Thug, 2 Chainz, Wiz Khalifa &amp; PnB Rock – Gang Up (The Fate of the Furious: The Album) [VIDEO]",Young Thug,Still geat after 9 years,0
Young Thug,Trap,ZvUBGN4KoP0,"Young Thug, 2 Chainz, Wiz Khalifa &amp; PnB Rock – Gang Up (The Fate of the Furious: The Album) [VIDEO]",Young Thug,"YEAH  WHAT NOW i dont understand  ahah what thry  talki abot  they racinv whag power  u battle for  ill give to u haahb SERIOUSLY  ANY ONE NEED POSITION  NEED ILL HAND TO U DONT NEED RIGHT  YESWANNA EAT ME ILL ALLOW MAKE SURE IM DEAD THO 

okau u better eat im good god

so taste super good

okay DO NOW ALL UNIVERSE  MY COMMAND COOK ME FOR THEM HUNGRY  

OKAY
IM TIRED  THIS BULL SHIT FUCKERS

😊",0
Young Thug,Trap,ZvUBGN4KoP0,"Young Thug, 2 Chainz, Wiz Khalifa &amp; PnB Rock – Gang Up (The Fate of the Furious: The Album) [VIDEO]",Young Thug,"MONEY 
#2811 💵💵💵💵💵💵",0
Young Thug,Trap,ZvUBGN4KoP0,"Young Thug, 2 Chainz, Wiz Khalifa &amp; PnB Rock – Gang Up (The Fate of the Furious: The Album) [VIDEO]",Young Thug,Anyone 2027?,1
Young Thug,Trap,ZvUBGN4KoP0,"Young Thug, 2 Chainz, Wiz Khalifa &amp; PnB Rock – Gang Up (The Fate of the Furious: The Album) [VIDEO]",Young Thug,Wiz aurafarmed,1
Young Thug,Trap,ZvUBGN4KoP0,"Young Thug, 2 Chainz, Wiz Khalifa &amp; PnB Rock – Gang Up (The Fate of the Furious: The Album) [VIDEO]",Young Thug,My favourite song ❤  ever,0
Young Thug,Trap,ZvUBGN4KoP0,"Young Thug, 2 Chainz, Wiz Khalifa &amp; PnB Rock – Gang Up (The Fate of the Furious: The Album) [VIDEO]",Young Thug,Yeah2027,0
Young Thug,Trap,ZvUBGN4KoP0,"Young Thug, 2 Chainz, Wiz Khalifa &amp; PnB Rock – Gang Up (The Fate of the Furious: The Album) [VIDEO]",Young Thug,"🎉🎉🎉🎉 cinco de mayo 🎉🎉🎉🎉 05/05/26

Michael Jackson is my idol 🎉🎉🎉🎉🎉🎉",0
Young Thug,Trap,ZvUBGN4KoP0,"Young Thug, 2 Chainz, Wiz Khalifa &amp; PnB Rock – Gang Up (The Fate of the Furious: The Album) [VIDEO]",Young Thug,2026🎉,0
Young Thug,Trap,ZvUBGN4KoP0,"Young Thug, 2 Chainz, Wiz Khalifa &amp; PnB Rock – Gang Up (The Fate of the Furious: The Album) [VIDEO]",Young Thug,"Don't play that $hit , specially you playa in tha Car ! 2026 GANG GANG UP!",0
Young Thug,Trap,ZvUBGN4KoP0,"Young Thug, 2 Chainz, Wiz Khalifa &amp; PnB Rock – Gang Up (The Fate of the Furious: The Album) [VIDEO]",Young Thug,❤,0
Young Thug,Trap,ZvUBGN4KoP0,"Young Thug, 2 Chainz, Wiz Khalifa &amp; PnB Rock – Gang Up (The Fate of the Furious: The Album) [VIDEO]",Young Thug,es mentira la foto los albañiles no usan guantas,0
Young Thug,Trap,ZvUBGN4KoP0,"Young Thug, 2 Chainz, Wiz Khalifa &amp; PnB Rock – Gang Up (The Fate of the Furious: The Album) [VIDEO]",Young Thug,Do you like girls are lame,0
Young Thug,Trap,ZvUBGN4KoP0,"Young Thug, 2 Chainz, Wiz Khalifa &amp; PnB Rock – Gang Up (The Fate of the Furious: The Album) [VIDEO]",Young Thug,Gang gang gang Rockwall Fast & Furious,0
Young Thug,Trap,ZvUBGN4KoP0,"Young Thug, 2 Chainz, Wiz Khalifa &amp; PnB Rock – Gang Up (The Fate of the Furious: The Album) [VIDEO]",Young Thug,dogde demon...😈,0
Young Thug,Trap,ZvUBGN4KoP0,"Young Thug, 2 Chainz, Wiz Khalifa &amp; PnB Rock – Gang Up (The Fate of the Furious: The Album) [VIDEO]",Young Thug,Tf did Wiz Said Mia Khalifa? 😅,1
Young Thug,Trap,ZvUBGN4KoP0,"Young Thug, 2 Chainz, Wiz Khalifa &amp; PnB Rock – Gang Up (The Fate of the Furious: The Album) [VIDEO]",Young Thug,Anyone 2026,1
Young Thug,Trap,ZvUBGN4KoP0,"Young Thug, 2 Chainz, Wiz Khalifa &amp; PnB Rock – Gang Up (The Fate of the Furious: The Album) [VIDEO]",Young Thug,Here,0
Young Thug,Trap,ZvUBGN4KoP0,"Young Thug, 2 Chainz, Wiz Khalifa &amp; PnB Rock – Gang Up (The Fate of the Furious: The Album) [VIDEO]",Young Thug,Anyone here 2026 to remember pnb rock🕊,3
Young Thug,Trap,ZvUBGN4KoP0,"Young Thug, 2 Chainz, Wiz Khalifa &amp; PnB Rock – Gang Up (The Fate of the Furious: The Album) [VIDEO]",Young Thug,long life PnB Rock🕊️❤️,0
Young Thug,Trap,ZvUBGN4KoP0,"Young Thug, 2 Chainz, Wiz Khalifa &amp; PnB Rock – Gang Up (The Fate of the Furious: The Album) [VIDEO]",Young Thug,C'es vri puel welkker no moin cheire,0
Young Thug,Trap,ZvUBGN4KoP0,"Young Thug, 2 Chainz, Wiz Khalifa &amp; PnB Rock – Gang Up (The Fate of the Furious: The Album) [VIDEO]",Young Thug,Hell yea,0
Young Thug,Trap,ZvUBGN4KoP0,"Young Thug, 2 Chainz, Wiz Khalifa &amp; PnB Rock – Gang Up (The Fate of the Furious: The Album) [VIDEO]",Young Thug,2:45 🔥,0
Young Thug,Trap,ZvUBGN4KoP0,"Young Thug, 2 Chainz, Wiz Khalifa &amp; PnB Rock – Gang Up (The Fate of the Furious: The Album) [VIDEO]",Young Thug,🇺🇸❌️qoüqsaxzn,0
Young Thug,Trap,ZvUBGN4KoP0,"Young Thug, 2 Chainz, Wiz Khalifa &amp; PnB Rock – Gang Up (The Fate of the Furious: The Album) [VIDEO]",Young Thug,❤this. Is my.  favorite  song  let's. Drive. Super hot. Wheels,0
Young Thug,Trap,ZvUBGN4KoP0,"Young Thug, 2 Chainz, Wiz Khalifa &amp; PnB Rock – Gang Up (The Fate of the Furious: The Album) [VIDEO]",Young Thug,I. Love. This. Song to,0
Young Thug,Trap,ZvUBGN4KoP0,"Young Thug, 2 Chainz, Wiz Khalifa &amp; PnB Rock – Gang Up (The Fate of the Furious: The Album) [VIDEO]",Young Thug,Join mf ff loh ya 😹,0
Young Thug,Trap,ZvUBGN4KoP0,"Young Thug, 2 Chainz, Wiz Khalifa &amp; PnB Rock – Gang Up (The Fate of the Furious: The Album) [VIDEO]",Young Thug,RIP to the goat Pnb Rock🕊️,10
Young Thug,Trap,ZvUBGN4KoP0,"Young Thug, 2 Chainz, Wiz Khalifa &amp; PnB Rock – Gang Up (The Fate of the Furious: The Album) [VIDEO]",Young Thug,2026❤❤❤❤❤❤,0
Young Thug,Trap,ZvUBGN4KoP0,"Young Thug, 2 Chainz, Wiz Khalifa &amp; PnB Rock – Gang Up (The Fate of the Furious: The Album) [VIDEO]",Young Thug,R.I.P PNB YOUR FLOW WILL NEVER BE FORGOTTEN,3
Young Thug,Trap,ZvUBGN4KoP0,"Young Thug, 2 Chainz, Wiz Khalifa &amp; PnB Rock – Gang Up (The Fate of the Furious: The Album) [VIDEO]",Young Thug,good old days…,1
Young Thug,Trap,ZvUBGN4KoP0,"Young Thug, 2 Chainz, Wiz Khalifa &amp; PnB Rock – Gang Up (The Fate of the Furious: The Album) [VIDEO]",Young Thug,Wow PNB Rock R.I.P,1
Young Thug,Trap,ZvUBGN4KoP0,"Young Thug, 2 Chainz, Wiz Khalifa &amp; PnB Rock – Gang Up (The Fate of the Furious: The Album) [VIDEO]",Young Thug,ERE CHEBSI ASNEFTOGN NEBER,0
Young Thug,Trap,ZvUBGN4KoP0,"Young Thug, 2 Chainz, Wiz Khalifa &amp; PnB Rock – Gang Up (The Fate of the Furious: The Album) [VIDEO]",Young Thug,1:39 why is it that they love playing with CNS broadcast it to everybody then say you don’t know what you’re saying and it takes a marine to break it down Barney style,0
Young Thug,Trap,ZvUBGN4KoP0,"Young Thug, 2 Chainz, Wiz Khalifa &amp; PnB Rock – Gang Up (The Fate of the Furious: The Album) [VIDEO]",Young Thug,"Overview
Lyrics
Oh yeah
Yeah, yeah, yeah, yeah
I'm with the gang, gang, gang and we 'bout to go up
Switching lanes, it's a thang, every time we show up
You a lame, lame, lame and you so below us
Bet your hoe, she know us
'Cause you know we blowed up
We stay down
And came up, and came up
We stay down
We came up, the gang up
2 Chainz (Yeah)
I'm a villainous winner
With precision, I'm killing
Represent the religion
Ended up independent
Took my car to the clinic
Let 'em check all the vitals
Middle finger to rivals
Michael Jackson, my idol
Still ducked in a pie hole
Talk to the plug, every day except Cinco de Mayo
I still got me a Carlo
Still got money, Carlo
Your car running so bad, it stink up to your parlor
Call my rollie a Ralo
Call my AP a app
I ain't talking seat-belts when I say that I'm strapped
I'm in love with my side hoe
I sneak up through the side door
I'ma show you what we ride for
I'ma show you what we die for
I'm with the gang, gang, gang and we 'bout to go up
Switching lanes, it's a thang, every time we show up
You a lame, lame, lame and you so below us
Bet your hoe, she know us
'Cause you know we blowed up
We stay down
And came up, and came up
We stay down
We came up, the gang up
I'm in my same lane, lane that ain't gon' ever change up
I blow the brain out the range like a Taz Angel
Here's R.I.P. to Paul Walker homie, he gotta stand up
We had you main on us, no we got stains on us
And all we gotta do is stay down and come up while they flexin' (What we gotta do?)
Yeah, I got her Indian and she Western
Yeah, just say so, money your best friend
Then that fast and furious started nesting
Say I'm bout to go take off on you (Take off on you)
Is staying, is you rolling like a scroller? yes you are
Your ready to take off like a 1980 Coke
He know that Instagram shit, are you gon' post that
I'm with the gang, gang, gang and we 'bout to go up
Switching lanes, it's a thang, every time we show up
You a lame, lame, lame and you so below us
Bet your hoe, she know us
'Cause you know we blowed up
We stay down
And came up, and came up
We stay down
We came up, the gang up
Yeah, I'm always with my gang
We always ready to ride 'case for the squad, we'll do anything
Stay down, we'll never change
We always gon' stay the same
Put you in check, when you outta place
I try to tell 'em not to mess with my gang, gang, gang
We do what we gotta do and don't complain-plain-plain
I'm on the road, I'm probably fresh up off the plane, plane, plane
Know you heard about me, I do my thang, thang, thang
I got the world on my back
I put your girl on her back
I did it all on my own
Now there ain't no turning back
And my whole squad got my back
And shawty so bad, I asked her if she repped the gang, she said ""Facts""
Gang, gang, gang
I'm with the gang, gang, gang and we 'bout to go up
Switching lanes, it's a thang, every time we show up
You a lame, lame, lame and you so below us
Bet your hoe, she know us
'Cause you know we blowed up
We stay down
And came up, and came up
We stay down
We came up, the gang up",1
Young Thug,Trap,ZvUBGN4KoP0,"Young Thug, 2 Chainz, Wiz Khalifa &amp; PnB Rock – Gang Up (The Fate of the Furious: The Album) [VIDEO]",Young Thug,All you DragonBallZ fans may this song be ❤❤❤❤❤❤❤❤❤❤❤❤  to where we all Rise up because it's time to gang up .,6
Young Thug,Trap,ZvUBGN4KoP0,"Young Thug, 2 Chainz, Wiz Khalifa &amp; PnB Rock – Gang Up (The Fate of the Furious: The Album) [VIDEO]",Young Thug,2026 😊,0
Young Thug,Trap,ZvUBGN4KoP0,"Young Thug, 2 Chainz, Wiz Khalifa &amp; PnB Rock – Gang Up (The Fate of the Furious: The Album) [VIDEO]",Young Thug,Wesoslime❤🎉,0
Young Thug,Trap,ZvUBGN4KoP0,"Young Thug, 2 Chainz, Wiz Khalifa &amp; PnB Rock – Gang Up (The Fate of the Furious: The Album) [VIDEO]",Young Thug,0:12 2026 😅,0
Young Thug,Trap,ZvUBGN4KoP0,"Young Thug, 2 Chainz, Wiz Khalifa &amp; PnB Rock – Gang Up (The Fate of the Furious: The Album) [VIDEO]",Young Thug,I will just to let you know I will get my gang in will come after y'all haters,0
Young Thug,Trap,ZvUBGN4KoP0,"Young Thug, 2 Chainz, Wiz Khalifa &amp; PnB Rock – Gang Up (The Fate of the Furious: The Album) [VIDEO]",Young Thug,o som desses cara e sinfoniaaa~,0
Young Thug,Trap,ZvUBGN4KoP0,"Young Thug, 2 Chainz, Wiz Khalifa &amp; PnB Rock – Gang Up (The Fate of the Furious: The Album) [VIDEO]",Young Thug,2026,0
Young Thug,Trap,ZvUBGN4KoP0,"Young Thug, 2 Chainz, Wiz Khalifa &amp; PnB Rock – Gang Up (The Fate of the Furious: The Album) [VIDEO]",Young Thug,Hi...2026????,1
Young Thug,Trap,ZvUBGN4KoP0,"Young Thug, 2 Chainz, Wiz Khalifa &amp; PnB Rock – Gang Up (The Fate of the Furious: The Album) [VIDEO]",Young Thug,RIP PnB Rock 🕊️❤️,2
Young Thug,Trap,ZvUBGN4KoP0,"Young Thug, 2 Chainz, Wiz Khalifa &amp; PnB Rock – Gang Up (The Fate of the Furious: The Album) [VIDEO]",Young Thug,This should be the 2026 world cup song,0
Young Thug,Trap,ZvUBGN4KoP0,"Young Thug, 2 Chainz, Wiz Khalifa &amp; PnB Rock – Gang Up (The Fate of the Furious: The Album) [VIDEO]",Young Thug,Brazil 🇧🇷🥳🥳🥳🥳🥳,0
Young Thug,Trap,ZvUBGN4KoP0,"Young Thug, 2 Chainz, Wiz Khalifa &amp; PnB Rock – Gang Up (The Fate of the Furious: The Album) [VIDEO]",Young Thug,2026🎉,3
Young Thug,Trap,ZvUBGN4KoP0,"Young Thug, 2 Chainz, Wiz Khalifa &amp; PnB Rock – Gang Up (The Fate of the Furious: The Album) [VIDEO]",Young Thug,Eeee isso e 2026?,0
Young Thug,Trap,ZvUBGN4KoP0,"Young Thug, 2 Chainz, Wiz Khalifa &amp; PnB Rock – Gang Up (The Fate of the Furious: The Album) [VIDEO]",Young Thug,2026 here,0
Young Thug,Trap,ZvUBGN4KoP0,"Young Thug, 2 Chainz, Wiz Khalifa &amp; PnB Rock – Gang Up (The Fate of the Furious: The Album) [VIDEO]",Young Thug,It's March 2k26 Who's Here,12
Young Thug,Trap,ZvUBGN4KoP0,"Young Thug, 2 Chainz, Wiz Khalifa &amp; PnB Rock – Gang Up (The Fate of the Furious: The Album) [VIDEO]",Young Thug,"Smart gang up 🔥🔥🔥🔥🔥🔥🔥🔥
.
.
.
This gang up music i like it",1
Young Thug,Trap,ZvUBGN4KoP0,"Young Thug, 2 Chainz, Wiz Khalifa &amp; PnB Rock – Gang Up (The Fate of the Furious: The Album) [VIDEO]",Young Thug,March 2026,1
Young Thug,Trap,ZvUBGN4KoP0,"Young Thug, 2 Chainz, Wiz Khalifa &amp; PnB Rock – Gang Up (The Fate of the Furious: The Album) [VIDEO]",Young Thug,thugのフローはいかれてる,0
Young Thug,Trap,ZvUBGN4KoP0,"Young Thug, 2 Chainz, Wiz Khalifa &amp; PnB Rock – Gang Up (The Fate of the Furious: The Album) [VIDEO]",Young Thug,Best 2 Chainz verse 🔥🔥🔥 shit still playing in my head after all these years 😅,7
Young Thug,Trap,ZvUBGN4KoP0,"Young Thug, 2 Chainz, Wiz Khalifa &amp; PnB Rock – Gang Up (The Fate of the Furious: The Album) [VIDEO]",Young Thug,It's great to practice with this music 🇧🇷💪🏽,1
Young Thug,Trap,ZvUBGN4KoP0,"Young Thug, 2 Chainz, Wiz Khalifa &amp; PnB Rock – Gang Up (The Fate of the Furious: The Album) [VIDEO]",Young Thug,There is no light in my room,0
Young Thug,Trap,ZvUBGN4KoP0,"Young Thug, 2 Chainz, Wiz Khalifa &amp; PnB Rock – Gang Up (The Fate of the Furious: The Album) [VIDEO]",Young Thug,Johar gi,0
Young Thug,Trap,ZvUBGN4KoP0,"Young Thug, 2 Chainz, Wiz Khalifa &amp; PnB Rock – Gang Up (The Fate of the Furious: The Album) [VIDEO]",Young Thug,2026???🎉🎉🎉🎉,2
Young Thug,Trap,ZvUBGN4KoP0,"Young Thug, 2 Chainz, Wiz Khalifa &amp; PnB Rock – Gang Up (The Fate of the Furious: The Album) [VIDEO]",Young Thug,Rip PNB,2
Young Thug,Trap,ZvUBGN4KoP0,"Young Thug, 2 Chainz, Wiz Khalifa &amp; PnB Rock – Gang Up (The Fate of the Furious: The Album) [VIDEO]",Young Thug,💚💚💚💐🦅🦅🥷🐎🐻🥮🥭🍏💐,0
Young Thug,Trap,ZvUBGN4KoP0,"Young Thug, 2 Chainz, Wiz Khalifa &amp; PnB Rock – Gang Up (The Fate of the Furious: The Album) [VIDEO]",Young Thug,This is a dope song 🎉❤❤❤❤❤,0
Young Thug,Trap,ZvUBGN4KoP0,"Young Thug, 2 Chainz, Wiz Khalifa &amp; PnB Rock – Gang Up (The Fate of the Furious: The Album) [VIDEO]",Young Thug,He gon' take over like he's in a 80's cocaine club,3
Young Thug,Trap,ZvUBGN4KoP0,"Young Thug, 2 Chainz, Wiz Khalifa &amp; PnB Rock – Gang Up (The Fate of the Furious: The Album) [VIDEO]",Young Thug,The only reason I’m asking is because I’m trying so much writing to make sure that the 😊other things are not too important for me to write to the person in English and I can’t do the writing to my native English and I’m trying so I can get my mind right and I can’t get the same way as you can get my brain and my brain to be more focused in the English language and then I’ll just have to write it and I can do it on a computer but I don’t want my phone on the phone and it’s too hard for me and it’s just too hard to read to read so I’m trying to do the writing to my English language but it’s not working for the same thing so it’s hard and I’m just saying that I can’t get my own language so I don’t understand how much,1
Young Thug,Trap,ZvUBGN4KoP0,"Young Thug, 2 Chainz, Wiz Khalifa &amp; PnB Rock – Gang Up (The Fate of the Furious: The Album) [VIDEO]",Young Thug,❤❤,0
Young Thug,Trap,ZvUBGN4KoP0,"Young Thug, 2 Chainz, Wiz Khalifa &amp; PnB Rock – Gang Up (The Fate of the Furious: The Album) [VIDEO]",Young Thug,DEP,0
Young Thug,Trap,ZvUBGN4KoP0,"Young Thug, 2 Chainz, Wiz Khalifa &amp; PnB Rock – Gang Up (The Fate of the Furious: The Album) [VIDEO]",Young Thug,Rip PNB rock you was the best 🔥💯,2
Young Thug,Trap,ZvUBGN4KoP0,"Young Thug, 2 Chainz, Wiz Khalifa &amp; PnB Rock – Gang Up (The Fate of the Furious: The Album) [VIDEO]",Young Thug,Myanmar rapper❤ :,1
Young Thug,Trap,ZvUBGN4KoP0,"Young Thug, 2 Chainz, Wiz Khalifa &amp; PnB Rock – Gang Up (The Fate of the Furious: The Album) [VIDEO]",Young Thug,❤❤❤,0
Young Thug,Trap,ZvUBGN4KoP0,"Young Thug, 2 Chainz, Wiz Khalifa &amp; PnB Rock – Gang Up (The Fate of the Furious: The Album) [VIDEO]",Young Thug,0:37 💵💸📈📊,1
Young Thug,Trap,ZvUBGN4KoP0,"Young Thug, 2 Chainz, Wiz Khalifa &amp; PnB Rock – Gang Up (The Fate of the Furious: The Album) [VIDEO]",Young Thug,"I Am With The Gang Gang Gang-/
And We Ah-bout To Blow Up+/
You A Lame Lame Lame-/
And You Never Show Up+/
Stay Downnnnnn!/
Getcha Rank Up!/",0
Young Thug,Trap,ZvUBGN4KoP0,"Young Thug, 2 Chainz, Wiz Khalifa &amp; PnB Rock – Gang Up (The Fate of the Furious: The Album) [VIDEO]",Young Thug,This song is better when it’s played in 1.25x speed,1
Young Thug,Trap,ZvUBGN4KoP0,"Young Thug, 2 Chainz, Wiz Khalifa &amp; PnB Rock – Gang Up (The Fate of the Furious: The Album) [VIDEO]",Young Thug,"No entiendo un carajo en inglés, pero que buen temaaa 🎧",0
Young Thug,Trap,ZvUBGN4KoP0,"Young Thug, 2 Chainz, Wiz Khalifa &amp; PnB Rock – Gang Up (The Fate of the Furious: The Album) [VIDEO]",Young Thug,nc,0
Young Thug,Trap,ZvUBGN4KoP0,"Young Thug, 2 Chainz, Wiz Khalifa &amp; PnB Rock – Gang Up (The Fate of the Furious: The Album) [VIDEO]",Young Thug,2027?,1
Young Thug,Trap,ZvUBGN4KoP0,"Young Thug, 2 Chainz, Wiz Khalifa &amp; PnB Rock – Gang Up (The Fate of the Furious: The Album) [VIDEO]",Young Thug,February 2026,0
Young Thug,Trap,ZvUBGN4KoP0,"Young Thug, 2 Chainz, Wiz Khalifa &amp; PnB Rock – Gang Up (The Fate of the Furious: The Album) [VIDEO]",Young Thug,Fast and furious 6to 8 have songs that we just can't forget...they just have different feelings 🔥,8
Young Thug,Trap,ZvUBGN4KoP0,"Young Thug, 2 Chainz, Wiz Khalifa &amp; PnB Rock – Gang Up (The Fate of the Furious: The Album) [VIDEO]",Young Thug,Anayone Feb 17?,0
Young Thug,Trap,ZvUBGN4KoP0,"Young Thug, 2 Chainz, Wiz Khalifa &amp; PnB Rock – Gang Up (The Fate of the Furious: The Album) [VIDEO]",Young Thug,ZAimG,0
Young Thug,Trap,ZvUBGN4KoP0,"Young Thug, 2 Chainz, Wiz Khalifa &amp; PnB Rock – Gang Up (The Fate of the Furious: The Album) [VIDEO]",Young Thug,RIP PnB Rock,1
Young Thug,Trap,ZvUBGN4KoP0,"Young Thug, 2 Chainz, Wiz Khalifa &amp; PnB Rock – Gang Up (The Fate of the Furious: The Album) [VIDEO]",Young Thug,Wohahahah ggez,0
Young Thug,Trap,ZvUBGN4KoP0,"Young Thug, 2 Chainz, Wiz Khalifa &amp; PnB Rock – Gang Up (The Fate of the Furious: The Album) [VIDEO]",Young Thug,Meeee..... Maratona velozes e furiosos,0
Young Thug,Trap,ZvUBGN4KoP0,"Young Thug, 2 Chainz, Wiz Khalifa &amp; PnB Rock – Gang Up (The Fate of the Furious: The Album) [VIDEO]",Young Thug,"Verse 1: 2 Chainz]
Yeah, I'm a villain that's winning (Yeah)
With precision, I'm killing (Yeah), represent the religion (No)
Ended up independent, took my car to the clinic
Let 'em check all the vitals, middle finger to rivals (Oh)
Michael Jackson, my idol (Woo), still ducked in a pie hole
Talk to the plug everyday, except Cinco de Mayo (True)
I still got me a Carlo, still got Monte Carlo
Your car running so bad it stink up the Apollo
Call my Rollie a Ralo (Uh), call my AP a ""ap"" (Ap)
I ain't talking seat belts when I say that I'm strapped (Pow)
I'm in love with my side, ho, I'll sneak her through the side door
I'ma show you what we ride for, I'ma show you what we die for

[Chorus: PnB Rock, 2 Chainz]
I'm with the gang, gang, gang (Yeah), yeah, we 'bout to go up (Yeah; Yeah)
Switchin' lanes, it's a thang every time we show up (I'm ride; Skrrt)
You a lame, lame, lame, and you so below us (2 Chainz; Yeah)
Bet your ho, she know us (Yeah) 'cause you know we glowed up (Yeah)
We stayed down (Stayed down; Stayed down)
And came up (Came up), and came up (Uh; Came up)
We stayed down (Stayed down; Stayed down)
We came up (Uh; Came up), the gang up (Uh; The gang up, yah)

[Verse 2: Young Thug]
I'm in my same lane, lane and I ain't gon' ever change up (Lane, lane)
I blowed the brain out the range like a Taz Angel (Yah, yah)
Here's R.I.P. to Paul Walker, homie got his stain up (I need a call)
We had your main on us, now we got stains on us (Straight up)
And all we gotta do is stay down and come up while they flexin'
(What we gotta do?) Yeah, I got her Indian, she Western
(Yeah, she Western) Yeah, I just had sex with one of your best friends (Damn)
Then that Fast and Furious started nesting (Sheesh)
Say I'm 'bout to go take off on you (Take off on you)
Is you staying, is you rolling like a scroller? (Yes, you are)
You're ready to take off like a 1980 Coke? Yes (Yuh!)
He know that Instagram shit, are you gon' post that? (Yuh!",0
Young Thug,Trap,ZvUBGN4KoP0,"Young Thug, 2 Chainz, Wiz Khalifa &amp; PnB Rock – Gang Up (The Fate of the Furious: The Album) [VIDEO]",Young Thug,I flexing ? Best friends is the time fast and furiuos to the distances.,0
Young Thug,Trap,ZvUBGN4KoP0,"Young Thug, 2 Chainz, Wiz Khalifa &amp; PnB Rock – Gang Up (The Fate of the Furious: The Album) [VIDEO]",Young Thug,"😅😅😅 who actually  noticed the gang up song was carried by 3 slim geez (wiz k, PNB rock and thugger) .. Chainz is only the fattish odd one out... 😅🔥🔥 Long live PnB Rock",1
Young Thug,Trap,ZvUBGN4KoP0,"Young Thug, 2 Chainz, Wiz Khalifa &amp; PnB Rock – Gang Up (The Fate of the Furious: The Album) [VIDEO]",Young Thug,Stay In Place Until 2060,1
Young Thug,Trap,ZvUBGN4KoP0,"Young Thug, 2 Chainz, Wiz Khalifa &amp; PnB Rock – Gang Up (The Fate of the Furious: The Album) [VIDEO]",Young Thug,Hey jessie jain why don't you come and catch your fade and meet the real jessie jain,0
Young Thug,Trap,ZvUBGN4KoP0,"Young Thug, 2 Chainz, Wiz Khalifa &amp; PnB Rock – Gang Up (The Fate of the Furious: The Album) [VIDEO]",Young Thug,1:16💯😍😍😍😍😍,1
Young Thug,Trap,ZvUBGN4KoP0,"Young Thug, 2 Chainz, Wiz Khalifa &amp; PnB Rock – Gang Up (The Fate of the Furious: The Album) [VIDEO]",Young Thug,Young Thug 2 Chainz Wiz Khalifa PnB Rock Gang Up ❤,0
Young Thug,Trap,ZvUBGN4KoP0,"Young Thug, 2 Chainz, Wiz Khalifa &amp; PnB Rock – Gang Up (The Fate of the Furious: The Album) [VIDEO]",Young Thug,Pic Rick grimes r l Stine Frank stein og banner,0
Young Thug,Trap,ZvUBGN4KoP0,"Young Thug, 2 Chainz, Wiz Khalifa &amp; PnB Rock – Gang Up (The Fate of the Furious: The Album) [VIDEO]",Young Thug,This is the next one,0
Young Thug,Trap,ZvUBGN4KoP0,"Young Thug, 2 Chainz, Wiz Khalifa &amp; PnB Rock – Gang Up (The Fate of the Furious: The Album) [VIDEO]",Young Thug,1:47 - 2:00 I love this part 🔥👑,0
Young Thug,Trap,ZvUBGN4KoP0,"Young Thug, 2 Chainz, Wiz Khalifa &amp; PnB Rock – Gang Up (The Fate of the Furious: The Album) [VIDEO]",Young Thug,00:50 MJ my idol 👌😉,1
Young Thug,Trap,ZvUBGN4KoP0,"Young Thug, 2 Chainz, Wiz Khalifa &amp; PnB Rock – Gang Up (The Fate of the Furious: The Album) [VIDEO]",Young Thug,Amém❤,0
Young Thug,Trap,ZvUBGN4KoP0,"Young Thug, 2 Chainz, Wiz Khalifa &amp; PnB Rock – Gang Up (The Fate of the Furious: The Album) [VIDEO]",Young Thug,2026,0
Young Thug,Trap,ZvUBGN4KoP0,"Young Thug, 2 Chainz, Wiz Khalifa &amp; PnB Rock – Gang Up (The Fate of the Furious: The Album) [VIDEO]",Young Thug,Allhamduliah will I'm the world 🌍 BOSS will your dad's is back 🔙 don't play with NnaturalNature☝🏻🤲🏻🌍🕌🏆👑💎⚖️👮🏻‍♂️👮🏻‍♀️🚔😡🤧🤒👹🙈🙉🙊💥💯🔥🕳️🎉❤️🎊💯🎊💛💚💙💜🤎🖤🤍💘♥️💝💗❤️‍🩹❤️‍🩹🧠🫀🫁🩸👁️👀🦴🦷🦶🏻🦿🦵🏻🦻🏻💪🏻👏🏻👍🏻🦠👃🏻👅👄👀👁️❤️‍🩹,0
Young Thug,Trap,ZvUBGN4KoP0,"Young Thug, 2 Chainz, Wiz Khalifa &amp; PnB Rock – Gang Up (The Fate of the Furious: The Album) [VIDEO]",Young Thug,Total banger 🎉,0
Young Thug,Trap,ZvUBGN4KoP0,"Young Thug, 2 Chainz, Wiz Khalifa &amp; PnB Rock – Gang Up (The Fate of the Furious: The Album) [VIDEO]",Young Thug,❤,0
Young Thug,Trap,ZvUBGN4KoP0,"Young Thug, 2 Chainz, Wiz Khalifa &amp; PnB Rock – Gang Up (The Fate of the Furious: The Album) [VIDEO]",Young Thug,Thug fireee,0
Young Thug,Trap,ZvUBGN4KoP0,"Young Thug, 2 Chainz, Wiz Khalifa &amp; PnB Rock – Gang Up (The Fate of the Furious: The Album) [VIDEO]",Young Thug,I miss pnb rock,0
Young Thug,Trap,ZvUBGN4KoP0,"Young Thug, 2 Chainz, Wiz Khalifa &amp; PnB Rock – Gang Up (The Fate of the Furious: The Album) [VIDEO]",Young Thug,February 2026 .. anyone?,1
Young Thug,Trap,ZvUBGN4KoP0,"Young Thug, 2 Chainz, Wiz Khalifa &amp; PnB Rock – Gang Up (The Fate of the Furious: The Album) [VIDEO]",Young Thug,RIP to Pnb Rock,0
Young Thug,Trap,ZvUBGN4KoP0,"Young Thug, 2 Chainz, Wiz Khalifa &amp; PnB Rock – Gang Up (The Fate of the Furious: The Album) [VIDEO]",Young Thug,STAY DOOOOOOOOWWWNNN!,2
Young Thug,Trap,ZvUBGN4KoP0,"Young Thug, 2 Chainz, Wiz Khalifa &amp; PnB Rock – Gang Up (The Fate of the Furious: The Album) [VIDEO]",Young Thug,Yes sir 2026 ❤️🍀🩵✊🏼💎💎💎🇮🇶🇩🇿🇩🇿🇦🇬🇨🇨🇦🇿🇨🇺🇦🇼🇬🇧🇨🇰🇦🇺🇮🇨🇦🇱💎💎,0
Young Thug,Trap,ZvUBGN4KoP0,"Young Thug, 2 Chainz, Wiz Khalifa &amp; PnB Rock – Gang Up (The Fate of the Furious: The Album) [VIDEO]",Young Thug,RIP PNB ROCK,0
Young Thug,Trap,ZvUBGN4KoP0,"Young Thug, 2 Chainz, Wiz Khalifa &amp; PnB Rock – Gang Up (The Fate of the Furious: The Album) [VIDEO]",Young Thug,Gang gang up,0
Young Thug,Trap,ZvUBGN4KoP0,"Young Thug, 2 Chainz, Wiz Khalifa &amp; PnB Rock – Gang Up (The Fate of the Furious: The Album) [VIDEO]",Young Thug,The intro on loop,1
Young Thug,Trap,ZvUBGN4KoP0,"Young Thug, 2 Chainz, Wiz Khalifa &amp; PnB Rock – Gang Up (The Fate of the Furious: The Album) [VIDEO]",Young Thug,2026 Gang...??‽‽,2
Young Thug,Trap,ZvUBGN4KoP0,"Young Thug, 2 Chainz, Wiz Khalifa &amp; PnB Rock – Gang Up (The Fate of the Furious: The Album) [VIDEO]",Young Thug,Dodge Challenger❤❤❤🔥🔥🔥🔥,3
Young Thug,Trap,ZvUBGN4KoP0,"Young Thug, 2 Chainz, Wiz Khalifa &amp; PnB Rock – Gang Up (The Fate of the Furious: The Album) [VIDEO]",Young Thug,2:23 that wiz' head shaking and his whole part are insane,0
Young Thug,Trap,ZvUBGN4KoP0,"Young Thug, 2 Chainz, Wiz Khalifa &amp; PnB Rock – Gang Up (The Fate of the Furious: The Album) [VIDEO]",Young Thug,Daily spot song 🍁,0
Young Thug,Trap,ZvUBGN4KoP0,"Young Thug, 2 Chainz, Wiz Khalifa &amp; PnB Rock – Gang Up (The Fate of the Furious: The Album) [VIDEO]",Young Thug,2 chains👍🏾,0
Young Thug,Trap,ZvUBGN4KoP0,"Young Thug, 2 Chainz, Wiz Khalifa &amp; PnB Rock – Gang Up (The Fate of the Furious: The Album) [VIDEO]",Young Thug,Wayne better hop on the remix,2
Young Thug,Trap,ZvUBGN4KoP0,"Young Thug, 2 Chainz, Wiz Khalifa &amp; PnB Rock – Gang Up (The Fate of the Furious: The Album) [VIDEO]",Young Thug,I remeber the time when my fav senior cum frnd leaving college after degree completion and i went to railway station to say goodbye .. tears in my eyes and that’s the first time he showed his emotions in the entire college life .. he is not interested in making new frnds either gf but that day when tears are in his eyes i felt proud and at the same time sad that i found a real gem in my life .. literally that day i heard this song more than 30 times ❤,0
Young Thug,Trap,ZvUBGN4KoP0,"Young Thug, 2 Chainz, Wiz Khalifa &amp; PnB Rock – Gang Up (The Fate of the Furious: The Album) [VIDEO]",Young Thug,🎉😢😂😂,1
Young Thug,Trap,ZvUBGN4KoP0,"Young Thug, 2 Chainz, Wiz Khalifa &amp; PnB Rock – Gang Up (The Fate of the Furious: The Album) [VIDEO]",Young Thug,Song Hit for khalifa gang ❤,0
Young Thug,Trap,ZvUBGN4KoP0,"Young Thug, 2 Chainz, Wiz Khalifa &amp; PnB Rock – Gang Up (The Fate of the Furious: The Album) [VIDEO]",Young Thug,MIKE GRACE,0
Young Thug,Trap,ZvUBGN4KoP0,"Young Thug, 2 Chainz, Wiz Khalifa &amp; PnB Rock – Gang Up (The Fate of the Furious: The Album) [VIDEO]",Young Thug,❤,0
Young Thug,Trap,ZvUBGN4KoP0,"Young Thug, 2 Chainz, Wiz Khalifa &amp; PnB Rock – Gang Up (The Fate of the Furious: The Album) [VIDEO]",Young Thug,❤❤❤,0
Young Thug,Trap,ZvUBGN4KoP0,"Young Thug, 2 Chainz, Wiz Khalifa &amp; PnB Rock – Gang Up (The Fate of the Furious: The Album) [VIDEO]",Young Thug,"Everything good, my family NWA bong telephone my brother thank you everyone for love jenna thank you so much",0
Young Thug,Trap,ZvUBGN4KoP0,"Young Thug, 2 Chainz, Wiz Khalifa &amp; PnB Rock – Gang Up (The Fate of the Furious: The Album) [VIDEO]",Young Thug,2026 🔥,0
Young Thug,Trap,ZvUBGN4KoP0,"Young Thug, 2 Chainz, Wiz Khalifa &amp; PnB Rock – Gang Up (The Fate of the Furious: The Album) [VIDEO]",Young Thug,rip xxx rip pnb rock,0
Young Thug,Trap,ZvUBGN4KoP0,"Young Thug, 2 Chainz, Wiz Khalifa &amp; PnB Rock – Gang Up (The Fate of the Furious: The Album) [VIDEO]",Young Thug,2026 and forever ❤🕊️,0
Young Thug,Trap,ZvUBGN4KoP0,"Young Thug, 2 Chainz, Wiz Khalifa &amp; PnB Rock – Gang Up (The Fate of the Furious: The Album) [VIDEO]",Young Thug,January 2027?,0
Young Thug,Trap,ZvUBGN4KoP0,"Young Thug, 2 Chainz, Wiz Khalifa &amp; PnB Rock – Gang Up (The Fate of the Furious: The Album) [VIDEO]",Young Thug,Anyone 2026?,787
Young Thug,Trap,ZvUBGN4KoP0,"Young Thug, 2 Chainz, Wiz Khalifa &amp; PnB Rock – Gang Up (The Fate of the Furious: The Album) [VIDEO]",Young Thug,kee hee mak kup,0
Young Thug,Trap,ZvUBGN4KoP0,"Young Thug, 2 Chainz, Wiz Khalifa &amp; PnB Rock – Gang Up (The Fate of the Furious: The Album) [VIDEO]",Young Thug,Anyone 2026?,1
Young Thug,Trap,ZvUBGN4KoP0,"Young Thug, 2 Chainz, Wiz Khalifa &amp; PnB Rock – Gang Up (The Fate of the Furious: The Album) [VIDEO]",Young Thug,"I'm with the gang, gang, gang and we 'bout to go up",8
Young Thug,Trap,ZvUBGN4KoP0,"Young Thug, 2 Chainz, Wiz Khalifa &amp; PnB Rock – Gang Up (The Fate of the Furious: The Album) [VIDEO]",Young Thug,Anyone 2026?,0
Young Thug,Trap,ZvUBGN4KoP0,"Young Thug, 2 Chainz, Wiz Khalifa &amp; PnB Rock – Gang Up (The Fate of the Furious: The Album) [VIDEO]",Young Thug,2026 anyone,0
Young Thug,Trap,ZvUBGN4KoP0,"Young Thug, 2 Chainz, Wiz Khalifa &amp; PnB Rock – Gang Up (The Fate of the Furious: The Album) [VIDEO]",Young Thug,2026,1
Young Thug,Trap,ZvUBGN4KoP0,"Young Thug, 2 Chainz, Wiz Khalifa &amp; PnB Rock – Gang Up (The Fate of the Furious: The Album) [VIDEO]",Young Thug,Anyone 2026?,0
Young Thug,Trap,ZvUBGN4KoP0,"Young Thug, 2 Chainz, Wiz Khalifa &amp; PnB Rock – Gang Up (The Fate of the Furious: The Album) [VIDEO]",Young Thug,Algem 2026,0
Young Thug,Trap,ZvUBGN4KoP0,"Young Thug, 2 Chainz, Wiz Khalifa &amp; PnB Rock – Gang Up (The Fate of the Furious: The Album) [VIDEO]",Young Thug,"RIP WHO""S  HERE IN 2026 YOU A GOAT 😇",1
Young Thug,Trap,ZvUBGN4KoP0,"Young Thug, 2 Chainz, Wiz Khalifa &amp; PnB Rock – Gang Up (The Fate of the Furious: The Album) [VIDEO]",Young Thug,2026?😅,1
Young Thug,Trap,ZvUBGN4KoP0,"Young Thug, 2 Chainz, Wiz Khalifa &amp; PnB Rock – Gang Up (The Fate of the Furious: The Album) [VIDEO]",Young Thug,aura,0
Young Thug,Trap,ZvUBGN4KoP0,"Young Thug, 2 Chainz, Wiz Khalifa &amp; PnB Rock – Gang Up (The Fate of the Furious: The Album) [VIDEO]",Young Thug,Anyone 2026 ??,0
Young Thug,Trap,ZvUBGN4KoP0,"Young Thug, 2 Chainz, Wiz Khalifa &amp; PnB Rock – Gang Up (The Fate of the Furious: The Album) [VIDEO]",Young Thug,2026🎉,3
Young Thug,Trap,ZvUBGN4KoP0,"Young Thug, 2 Chainz, Wiz Khalifa &amp; PnB Rock – Gang Up (The Fate of the Furious: The Album) [VIDEO]",Young Thug,2026 listing from Myanmar(Burma)🎉,0
Young Thug,Trap,ZvUBGN4KoP0,"Young Thug, 2 Chainz, Wiz Khalifa &amp; PnB Rock – Gang Up (The Fate of the Furious: The Album) [VIDEO]",Young Thug,Anyone 2026 ?,0
Young Thug,Trap,ZvUBGN4KoP0,"Young Thug, 2 Chainz, Wiz Khalifa &amp; PnB Rock – Gang Up (The Fate of the Furious: The Album) [VIDEO]",Young Thug,2026🇲🇽🇲🇽🇲🇽,2
Young Thug,Trap,ZvUBGN4KoP0,"Young Thug, 2 Chainz, Wiz Khalifa &amp; PnB Rock – Gang Up (The Fate of the Furious: The Album) [VIDEO]",Young Thug,2026🎉🎉🎉🎉hp,2
Young Thug,Trap,ZvUBGN4KoP0,"Young Thug, 2 Chainz, Wiz Khalifa &amp; PnB Rock – Gang Up (The Fate of the Furious: The Album) [VIDEO]",Young Thug,Pnb and Wiz saved this song,0
Young Thug,Trap,ZvUBGN4KoP0,"Young Thug, 2 Chainz, Wiz Khalifa &amp; PnB Rock – Gang Up (The Fate of the Furious: The Album) [VIDEO]",Young Thug,Anyone 2026?,1
Young Thug,Trap,ZvUBGN4KoP0,"Young Thug, 2 Chainz, Wiz Khalifa &amp; PnB Rock – Gang Up (The Fate of the Furious: The Album) [VIDEO]",Young Thug,2026? 🎉,2
Young Thug,Trap,ZvUBGN4KoP0,"Young Thug, 2 Chainz, Wiz Khalifa &amp; PnB Rock – Gang Up (The Fate of the Furious: The Album) [VIDEO]",Young Thug,2026 🎉,1
Young Thug,Trap,ZvUBGN4KoP0,"Young Thug, 2 Chainz, Wiz Khalifa &amp; PnB Rock – Gang Up (The Fate of the Furious: The Album) [VIDEO]",Young Thug,Shitt !,0
Young Thug,Trap,ZvUBGN4KoP0,"Young Thug, 2 Chainz, Wiz Khalifa &amp; PnB Rock – Gang Up (The Fate of the Furious: The Album) [VIDEO]",Young Thug,Yes,0
Young Thug,Trap,ZvUBGN4KoP0,"Young Thug, 2 Chainz, Wiz Khalifa &amp; PnB Rock – Gang Up (The Fate of the Furious: The Album) [VIDEO]",Young Thug,2026 🎉🎉,2
Young Thug,Trap,ZvUBGN4KoP0,"Young Thug, 2 Chainz, Wiz Khalifa &amp; PnB Rock – Gang Up (The Fate of the Furious: The Album) [VIDEO]",Young Thug,2026 /Jan / 3,1
Young Thug,Trap,ZvUBGN4KoP0,"Young Thug, 2 Chainz, Wiz Khalifa &amp; PnB Rock – Gang Up (The Fate of the Furious: The Album) [VIDEO]",Young Thug,Anyone in 2026?,1
Young Thug,Trap,ZvUBGN4KoP0,"Young Thug, 2 Chainz, Wiz Khalifa &amp; PnB Rock – Gang Up (The Fate of the Furious: The Album) [VIDEO]",Young Thug,Can't believe we're 8 years removed from this masterpiece,0
Young Thug,Trap,ZvUBGN4KoP0,"Young Thug, 2 Chainz, Wiz Khalifa &amp; PnB Rock – Gang Up (The Fate of the Furious: The Album) [VIDEO]",Young Thug,Pnb❤,0
Young Thug,Trap,ZvUBGN4KoP0,"Young Thug, 2 Chainz, Wiz Khalifa &amp; PnB Rock – Gang Up (The Fate of the Furious: The Album) [VIDEO]",Young Thug,Nossa que música boa gostei de ouvir muito bom porra canta muito bem porra adorei mano,1
Young Thug,Trap,ZvUBGN4KoP0,"Young Thug, 2 Chainz, Wiz Khalifa &amp; PnB Rock – Gang Up (The Fate of the Furious: The Album) [VIDEO]",Young Thug,Pancadaaaaq,0
Young Thug,Trap,ZvUBGN4KoP0,"Young Thug, 2 Chainz, Wiz Khalifa &amp; PnB Rock – Gang Up (The Fate of the Furious: The Album) [VIDEO]",Young Thug,2026 anyone?,1
Young Thug,Trap,ZvUBGN4KoP0,"Young Thug, 2 Chainz, Wiz Khalifa &amp; PnB Rock – Gang Up (The Fate of the Furious: The Album) [VIDEO]",Young Thug,2026🎉🎉🎉,1
Young Thug,Trap,ZvUBGN4KoP0,"Young Thug, 2 Chainz, Wiz Khalifa &amp; PnB Rock – Gang Up (The Fate of the Furious: The Album) [VIDEO]",Young Thug,Anyone listen in 2026?,1
Young Thug,Trap,ZvUBGN4KoP0,"Young Thug, 2 Chainz, Wiz Khalifa &amp; PnB Rock – Gang Up (The Fate of the Furious: The Album) [VIDEO]",Young Thug,Any one in 2026???,0
Young Thug,Trap,ZvUBGN4KoP0,"Young Thug, 2 Chainz, Wiz Khalifa &amp; PnB Rock – Gang Up (The Fate of the Furious: The Album) [VIDEO]",Young Thug,2026 🎉❤,1
Young Thug,Trap,ZvUBGN4KoP0,"Young Thug, 2 Chainz, Wiz Khalifa &amp; PnB Rock – Gang Up (The Fate of the Furious: The Album) [VIDEO]",Young Thug,2026 😎🔥🔥🔥,0
Young Thug,Trap,ZvUBGN4KoP0,"Young Thug, 2 Chainz, Wiz Khalifa &amp; PnB Rock – Gang Up (The Fate of the Furious: The Album) [VIDEO]",Young Thug,Keren,0
Young Thug,Trap,ZvUBGN4KoP0,"Young Thug, 2 Chainz, Wiz Khalifa &amp; PnB Rock – Gang Up (The Fate of the Furious: The Album) [VIDEO]",Young Thug,2026,0
Young Thug,Trap,ZvUBGN4KoP0,"Young Thug, 2 Chainz, Wiz Khalifa &amp; PnB Rock – Gang Up (The Fate of the Furious: The Album) [VIDEO]",Young Thug,Anyone 2026😂,2
Young Thug,Trap,ZvUBGN4KoP0,"Young Thug, 2 Chainz, Wiz Khalifa &amp; PnB Rock – Gang Up (The Fate of the Furious: The Album) [VIDEO]",Young Thug,"8 años y sigue siendo un clásico moderno, future leyenda 🔥",0
Young Thug,Trap,ZvUBGN4KoP0,"Young Thug, 2 Chainz, Wiz Khalifa &amp; PnB Rock – Gang Up (The Fate of the Furious: The Album) [VIDEO]",Young Thug,Hi😊😊😊,0
Young Thug,Trap,ZvUBGN4KoP0,"Young Thug, 2 Chainz, Wiz Khalifa &amp; PnB Rock – Gang Up (The Fate of the Furious: The Album) [VIDEO]",Young Thug,In December anyone here,0
Young Thug,Trap,ZvUBGN4KoP0,"Young Thug, 2 Chainz, Wiz Khalifa &amp; PnB Rock – Gang Up (The Fate of the Furious: The Album) [VIDEO]",Young Thug,2026?,0
Young Thug,Trap,ZvUBGN4KoP0,"Young Thug, 2 Chainz, Wiz Khalifa &amp; PnB Rock – Gang Up (The Fate of the Furious: The Album) [VIDEO]",Young Thug,Anyone in 2026🎉,11
Young Thug,Trap,ZvUBGN4KoP0,"Young Thug, 2 Chainz, Wiz Khalifa &amp; PnB Rock – Gang Up (The Fate of the Furious: The Album) [VIDEO]",Young Thug,Kaio8  8,0
Young Thug,Trap,ZvUBGN4KoP0,"Young Thug, 2 Chainz, Wiz Khalifa &amp; PnB Rock – Gang Up (The Fate of the Furious: The Album) [VIDEO]",Young Thug,Fufa Ji Ke Ghar Aaya Hua Hu Rajghar Haryana Bich Bich Me Ajeeb Lag Raha Hai Age 31 Hai Unmarried,0
Young Thug,Trap,ZvUBGN4KoP0,"Young Thug, 2 Chainz, Wiz Khalifa &amp; PnB Rock – Gang Up (The Fate of the Furious: The Album) [VIDEO]",Young Thug,2025,0
Young Thug,Trap,ZvUBGN4KoP0,"Young Thug, 2 Chainz, Wiz Khalifa &amp; PnB Rock – Gang Up (The Fate of the Furious: The Album) [VIDEO]",Young Thug,2026,1
Young Thug,Trap,ZvUBGN4KoP0,"Young Thug, 2 Chainz, Wiz Khalifa &amp; PnB Rock – Gang Up (The Fate of the Furious: The Album) [VIDEO]",Young Thug,😑,0
Young Thug,Trap,ZvUBGN4KoP0,"Young Thug, 2 Chainz, Wiz Khalifa &amp; PnB Rock – Gang Up (The Fate of the Furious: The Album) [VIDEO]",Young Thug,Pretty much the song I listened to when I was younger.,1
Young Thug,Trap,ZvUBGN4KoP0,"Young Thug, 2 Chainz, Wiz Khalifa &amp; PnB Rock – Gang Up (The Fate of the Furious: The Album) [VIDEO]",Young Thug,"I can't even believe that rock will never drop a track again. Whatever the track, it was on target, legend...",2
Young Thug,Trap,ZvUBGN4KoP0,"Young Thug, 2 Chainz, Wiz Khalifa &amp; PnB Rock – Gang Up (The Fate of the Furious: The Album) [VIDEO]",Young Thug,Rip Pnb Rock,3
Young Thug,Trap,ZvUBGN4KoP0,"Young Thug, 2 Chainz, Wiz Khalifa &amp; PnB Rock – Gang Up (The Fate of the Furious: The Album) [VIDEO]",Young Thug,Anyone 2069?,0
Young Thug,Trap,ZvUBGN4KoP0,"Young Thug, 2 Chainz, Wiz Khalifa &amp; PnB Rock – Gang Up (The Fate of the Furious: The Album) [VIDEO]",Young Thug,2026,1
Young Thug,Trap,ZvUBGN4KoP0,"Young Thug, 2 Chainz, Wiz Khalifa &amp; PnB Rock – Gang Up (The Fate of the Furious: The Album) [VIDEO]",Young Thug,Anyone -1504,1
Young Thug,Trap,ZvUBGN4KoP0,"Young Thug, 2 Chainz, Wiz Khalifa &amp; PnB Rock – Gang Up (The Fate of the Furious: The Album) [VIDEO]",Young Thug,Chat is this part in the movie or no,3
Young Thug,Trap,ZvUBGN4KoP0,"Young Thug, 2 Chainz, Wiz Khalifa &amp; PnB Rock – Gang Up (The Fate of the Furious: The Album) [VIDEO]",Young Thug,:>,1
Young Thug,Trap,ZvUBGN4KoP0,"Young Thug, 2 Chainz, Wiz Khalifa &amp; PnB Rock – Gang Up (The Fate of the Furious: The Album) [VIDEO]",Young Thug,2:56,1
Young Thug,Trap,ZvUBGN4KoP0,"Young Thug, 2 Chainz, Wiz Khalifa &amp; PnB Rock – Gang Up (The Fate of the Furious: The Album) [VIDEO]",Young Thug,i still be bomin back to this 2025,2
Young Thug,Trap,ZvUBGN4KoP0,"Young Thug, 2 Chainz, Wiz Khalifa &amp; PnB Rock – Gang Up (The Fate of the Furious: The Album) [VIDEO]",Young Thug,#### Diamond Blood Not Diamond #### Leagally Not Means Assassin #### 😂😺🤣⏳🙏,0
Young Thug,Trap,ZvUBGN4KoP0,"Young Thug, 2 Chainz, Wiz Khalifa &amp; PnB Rock – Gang Up (The Fate of the Furious: The Album) [VIDEO]",Young Thug,PnBBBBB man RIP my dude u killed it 2025 WE HERE,1
Young Thug,Trap,ZvUBGN4KoP0,"Young Thug, 2 Chainz, Wiz Khalifa &amp; PnB Rock – Gang Up (The Fate of the Furious: The Album) [VIDEO]",Young Thug,yo anyone there 2025,2
Young Thug,Trap,ZvUBGN4KoP0,"Young Thug, 2 Chainz, Wiz Khalifa &amp; PnB Rock – Gang Up (The Fate of the Furious: The Album) [VIDEO]",Young Thug,wizz as barker tehings,0
Young Thug,Trap,ZvUBGN4KoP0,"Young Thug, 2 Chainz, Wiz Khalifa &amp; PnB Rock – Gang Up (The Fate of the Furious: The Album) [VIDEO]",Young Thug,2026 saya sebagai pendengar 24 negara' pensiun jadi pendengar 🎉,0
Young Thug,Trap,ZvUBGN4KoP0,"Young Thug, 2 Chainz, Wiz Khalifa &amp; PnB Rock – Gang Up (The Fate of the Furious: The Album) [VIDEO]",Young Thug,"Gang Up lyrics-I'm with the gang, gang, gang and we 'bout to go up
Switching lanes, it's a thang, every time we show up
You a lame, lame, lame and you so below us
Bet your hoe, she know us
'Cause you know we blowed up
We stay down
And came up, and came up
We stay down
We came up, the gang up
2 Chainz (Yeah)
I'm a villainous winner
With precision, I'm killing
Represent the religion
Ended up independent
Took my car to the clinic
Let 'em check all the vitals
Middle finger to rivals
Michael Jackson, my idol
Still ducked in a pie hole
Talk to the plug, every day except Cinco de Mayo
I still got me a Carlo
Still got money, Carlo
Your car running so bad, it stink up to your parlor
Call my rollie a Ralo
Call my AP a app
I ain't talking seat-belts when I say that I'm strapped
I'm in love with my side hoe
I sneak up through the side door
I'ma show you what we ride for
I'ma show you what we die for
I'm with the gang, gang, gang and we 'bout to go up
Switching lanes, it's a thang, every time we show up
You a lame, lame, lame and you so below us
Bet your hoe, she know us
'Cause you know we blowed up
We stay down
And came up, and came up
We stay down
We came up, the gang up
I'm in my same lane, lane that ain't gon' ever change up
I blow the brain out the range like a Taz Angel
Here's R.I.P. to Paul Walker homie, he gotta stand up
We had you main on us, no we got stains on us
And all we gotta do is stay down and come up while they flexin' (What we gotta do?)
Yeah, I got her Indian and she Western
Yeah, just say so, money your best friend
Then that fast and furious started nesting
Say I'm bout to go take off on you (Take off on you)
Is staying, is you rolling like a scroller? yes you are
Your ready to take off like a 1980 Coke
He know that Instagram shit, are you gon' post that
I'm with the gang, gang, gang and we 'bout to go up
Switching lanes, it's a thang, every time we show up
You a lame, lame, lame and you so below us
Bet your hoe, she know us
'Cause you know we blowed up
We stay down
And came up, and came up
We stay down
We came up, the gang up
Yeah, I'm always with my gang
We always ready to ride 'case for the squad, we'll do anything
Stay down, we'll never change
We always gon' stay the same
Put you in check, when you outta place
I try to tell 'em not to mess with my gang, gang, gang
We do what we gotta do and don't complain-plain-plain
I'm on the road, I'm probably fresh up off the plane, plane, plane
Know you heard about me, I do my thang, thang, thang
I got the world on my back
I put your girl on her back
I did it all on my own
Now there ain't no turning back
And my whole squad got my back
And shawty so bad, I asked her if she repped the gang, she said ""Facts""
Gang, gang, gang
I'm with the gang, gang, gang and we 'bout to go up
Switching lanes, it's a thang, every time we show up
You a lame, lame, lame and you so below us
Bet your hoe, she know us
'Cause you know we blowed up
We stay down
And came up, and came up
We stay down
We came up, the gang up",0
Young Thug,Trap,ZvUBGN4KoP0,"Young Thug, 2 Chainz, Wiz Khalifa &amp; PnB Rock – Gang Up (The Fate of the Furious: The Album) [VIDEO]",Young Thug,Hard shi..,0
Young Thug,Trap,ZvUBGN4KoP0,"Young Thug, 2 Chainz, Wiz Khalifa &amp; PnB Rock – Gang Up (The Fate of the Furious: The Album) [VIDEO]",Young Thug,On,0
Young Thug,Trap,ZvUBGN4KoP0,"Young Thug, 2 Chainz, Wiz Khalifa &amp; PnB Rock – Gang Up (The Fate of the Furious: The Album) [VIDEO]",Young Thug,"Remember these lines guys...
A man's measured by the way he thinks,
Not clothing lines, ice links, leather and minks,
(HE) spent twenty plus years seeking knowledge of self,
So for now, Marc Predka's livin live for wealth...

Respect to my hero
(We'll takin over earth and still kickin in Uranus)
❤❤❤❤❤❤❤",0
Young Thug,Trap,ZvUBGN4KoP0,"Young Thug, 2 Chainz, Wiz Khalifa &amp; PnB Rock – Gang Up (The Fate of the Furious: The Album) [VIDEO]",Young Thug,.,0
Young Thug,Trap,ZvUBGN4KoP0,"Young Thug, 2 Chainz, Wiz Khalifa &amp; PnB Rock – Gang Up (The Fate of the Furious: The Album) [VIDEO]",Young Thug,11/29/25 3:21 oh yeah 🇷🇺🕺🚬💨,0
Young Thug,Trap,ZvUBGN4KoP0,"Young Thug, 2 Chainz, Wiz Khalifa &amp; PnB Rock – Gang Up (The Fate of the Furious: The Album) [VIDEO]",Young Thug,Yoooo nov 2025🔥🔥🔥🔥,2
Young Thug,Trap,ZvUBGN4KoP0,"Young Thug, 2 Chainz, Wiz Khalifa &amp; PnB Rock – Gang Up (The Fate of the Furious: The Album) [VIDEO]",Young Thug,Pnb rock hardest voice Rip,0
Young Thug,Trap,ZvUBGN4KoP0,"Young Thug, 2 Chainz, Wiz Khalifa &amp; PnB Rock – Gang Up (The Fate of the Furious: The Album) [VIDEO]",Young Thug,https://www.youtube.com/watch?v=npS5SnAwwgk,0
Young Thug,Trap,ZvUBGN4KoP0,"Young Thug, 2 Chainz, Wiz Khalifa &amp; PnB Rock – Gang Up (The Fate of the Furious: The Album) [VIDEO]",Young Thug,Anyone in 2084!!,2
Young Thug,Trap,ZvUBGN4KoP0,"Young Thug, 2 Chainz, Wiz Khalifa &amp; PnB Rock – Gang Up (The Fate of the Furious: The Album) [VIDEO]",Young Thug,Cars 3 legend  only know this song,0
Young Thug,Trap,ZvUBGN4KoP0,"Young Thug, 2 Chainz, Wiz Khalifa &amp; PnB Rock – Gang Up (The Fate of the Furious: The Album) [VIDEO]",Young Thug,Indian Anil,0
Young Thug,Trap,ZvUBGN4KoP0,"Young Thug, 2 Chainz, Wiz Khalifa &amp; PnB Rock – Gang Up (The Fate of the Furious: The Album) [VIDEO]",Young Thug,❤,0
Young Thug,Trap,ZvUBGN4KoP0,"Young Thug, 2 Chainz, Wiz Khalifa &amp; PnB Rock – Gang Up (The Fate of the Furious: The Album) [VIDEO]",Young Thug,i try to tell them not to mess with my gang gang gang we do what we gotta do we don’t complain plain plain i am on the road i’ll probably fresh up on the plane,0
Young Thug,Trap,ZvUBGN4KoP0,"Young Thug, 2 Chainz, Wiz Khalifa &amp; PnB Rock – Gang Up (The Fate of the Furious: The Album) [VIDEO]",Young Thug,I can see the future in this rapper 😊 0:16,10
Young Thug,Trap,ZvUBGN4KoP0,"Young Thug, 2 Chainz, Wiz Khalifa &amp; PnB Rock – Gang Up (The Fate of the Furious: The Album) [VIDEO]",Young Thug,"Anybody here because they actually like the song?
Can't deny YOUNG THUG been in his bag since day one, but that HIPVIEWS DAWT CAWM boost is on another level! Dude’s literally unstoppable now. 🔥💥",1
Young Thug,Trap,ZvUBGN4KoP0,"Young Thug, 2 Chainz, Wiz Khalifa &amp; PnB Rock – Gang Up (The Fate of the Furious: The Album) [VIDEO]",Young Thug,HOLA SOY RACHID❤❤❤,0
Young Thug,Trap,ZvUBGN4KoP0,"Young Thug, 2 Chainz, Wiz Khalifa &amp; PnB Rock – Gang Up (The Fate of the Furious: The Album) [VIDEO]",Young Thug,The movs with the hands 😅😂,2
Young Thug,Trap,ZvUBGN4KoP0,"Young Thug, 2 Chainz, Wiz Khalifa &amp; PnB Rock – Gang Up (The Fate of the Furious: The Album) [VIDEO]",Young Thug,Rip pnb 🕊,2
Young Thug,Trap,ZvUBGN4KoP0,"Young Thug, 2 Chainz, Wiz Khalifa &amp; PnB Rock – Gang Up (The Fate of the Furious: The Album) [VIDEO]",Young Thug,"All in one!!! 11/17/2025 3:12 , 11:57am  Atlanta Ga",0
Young Thug,Trap,ZvUBGN4KoP0,"Young Thug, 2 Chainz, Wiz Khalifa &amp; PnB Rock – Gang Up (The Fate of the Furious: The Album) [VIDEO]",Young Thug,"ALAWALAZALA ALAKALAHALAFALA
ELEWELEZELE ELEKELEHELEFELE
ILIWILIZILI ILIKILIHILIFILI
OLOWOLOZOLO OLOKOLOHOLOFOLO
ULUWULUZULU ULUKULUHULUFULU",0
Young Thug,Trap,ZvUBGN4KoP0,"Young Thug, 2 Chainz, Wiz Khalifa &amp; PnB Rock – Gang Up (The Fate of the Furious: The Album) [VIDEO]",Young Thug,"ALACALACALANALAHALA

ELECELECELENELEHELE

ILICILCILINILIHILI

OLOCOLOCOLONOLOHOLO

ULUCULUCULUNULUHULU",0
Young Thug,Trap,ZvUBGN4KoP0,"Young Thug, 2 Chainz, Wiz Khalifa &amp; PnB Rock – Gang Up (The Fate of the Furious: The Album) [VIDEO]",Young Thug,"AL TAL RAL MAL TAL ZAL DAL

EL TEL REL MEL TEL ZEL DEL

IL TIL RIL MIL TIL ZIL DIL

OL TOL ROL MOL TOL ZOL DOL

UL TUL RUL MUL TUL ZUL DUL",0
Young Thug,Trap,ZvUBGN4KoP0,"Young Thug, 2 Chainz, Wiz Khalifa &amp; PnB Rock – Gang Up (The Fate of the Furious: The Album) [VIDEO]",Young Thug,XINICIUS XIRES XEREIRA,0
Young Thug,Trap,ZvUBGN4KoP0,"Young Thug, 2 Chainz, Wiz Khalifa &amp; PnB Rock – Gang Up (The Fate of the Furious: The Album) [VIDEO]",Young Thug,EVERSADINHO,0
Young Thug,Trap,ZvUBGN4KoP0,"Young Thug, 2 Chainz, Wiz Khalifa &amp; PnB Rock – Gang Up (The Fate of the Furious: The Album) [VIDEO]",Young Thug,Why the stop making music like this anymore 😢,2
Young Thug,Trap,ZvUBGN4KoP0,"Young Thug, 2 Chainz, Wiz Khalifa &amp; PnB Rock – Gang Up (The Fate of the Furious: The Album) [VIDEO]",Young Thug,🎉,0
Young Thug,Trap,ZvUBGN4KoP0,"Young Thug, 2 Chainz, Wiz Khalifa &amp; PnB Rock – Gang Up (The Fate of the Furious: The Album) [VIDEO]",Young Thug,11/2025 🖤,0
Young Thug,Trap,ZvUBGN4KoP0,"Young Thug, 2 Chainz, Wiz Khalifa &amp; PnB Rock – Gang Up (The Fate of the Furious: The Album) [VIDEO]",Young Thug,#AniruddhSarkar #VoiceOfDigiBengal ❤❤,0
Young Thug,Trap,ZvUBGN4KoP0,"Young Thug, 2 Chainz, Wiz Khalifa &amp; PnB Rock – Gang Up (The Fate of the Furious: The Album) [VIDEO]",Young Thug,I AM SICK OF THIS SONG!,0
Young Thug,Trap,ZvUBGN4KoP0,"Young Thug, 2 Chainz, Wiz Khalifa &amp; PnB Rock – Gang Up (The Fate of the Furious: The Album) [VIDEO]",Young Thug,Fast and furious,0
Young Thug,Trap,ZvUBGN4KoP0,"Young Thug, 2 Chainz, Wiz Khalifa &amp; PnB Rock – Gang Up (The Fate of the Furious: The Album) [VIDEO]",Young Thug,histórico,1
Young Thug,Trap,ZvUBGN4KoP0,"Young Thug, 2 Chainz, Wiz Khalifa &amp; PnB Rock – Gang Up (The Fate of the Furious: The Album) [VIDEO]",Young Thug,❤,0
Young Thug,Trap,ZvUBGN4KoP0,"Young Thug, 2 Chainz, Wiz Khalifa &amp; PnB Rock – Gang Up (The Fate of the Furious: The Album) [VIDEO]",Young Thug,R.I.P PNB Rock,5
Young Thug,Trap,ZvUBGN4KoP0,"Young Thug, 2 Chainz, Wiz Khalifa &amp; PnB Rock – Gang Up (The Fate of the Furious: The Album) [VIDEO]",Young Thug,biggest Problem rudeness fuck cunt mother fuck Aner slot Thomas frank enzo maresca,0
Young Thug,Trap,ZvUBGN4KoP0,"Young Thug, 2 Chainz, Wiz Khalifa &amp; PnB Rock – Gang Up (The Fate of the Furious: The Album) [VIDEO]",Young Thug,OCTOBER 2025 ANYONE,2
Young Thug,Trap,ZvUBGN4KoP0,"Young Thug, 2 Chainz, Wiz Khalifa &amp; PnB Rock – Gang Up (The Fate of the Furious: The Album) [VIDEO]",Young Thug,Anyone 2025 and still here y'all the real ones🔥,7
Young Thug,Trap,ZvUBGN4KoP0,"Young Thug, 2 Chainz, Wiz Khalifa &amp; PnB Rock – Gang Up (The Fate of the Furious: The Album) [VIDEO]",Young Thug,Man I miss pnb rock,0
Young Thug,Trap,ZvUBGN4KoP0,"Young Thug, 2 Chainz, Wiz Khalifa &amp; PnB Rock – Gang Up (The Fate of the Furious: The Album) [VIDEO]",Young Thug,🫰,0
Young Thug,Trap,ZvUBGN4KoP0,"Young Thug, 2 Chainz, Wiz Khalifa &amp; PnB Rock – Gang Up (The Fate of the Furious: The Album) [VIDEO]",Young Thug,ยุ้งห่าอะไรกับอ็ว ว้ะ😊,0
Young Thug,Trap,ZvUBGN4KoP0,"Young Thug, 2 Chainz, Wiz Khalifa &amp; PnB Rock – Gang Up (The Fate of the Furious: The Album) [VIDEO]",Young Thug,who are these 2 goobers in the middle LMAO,0
Young Thug,Trap,ZvUBGN4KoP0,"Young Thug, 2 Chainz, Wiz Khalifa &amp; PnB Rock – Gang Up (The Fate of the Furious: The Album) [VIDEO]",Young Thug,Rip pnb rock😂😂😂😂😂❤❤❤❤❤❤,0
Young Thug,Trap,ZvUBGN4KoP0,"Young Thug, 2 Chainz, Wiz Khalifa &amp; PnB Rock – Gang Up (The Fate of the Furious: The Album) [VIDEO]",Young Thug,1 November  2025🎉,0
Young Thug,Trap,ZvUBGN4KoP0,"Young Thug, 2 Chainz, Wiz Khalifa &amp; PnB Rock – Gang Up (The Fate of the Furious: The Album) [VIDEO]",Young Thug,young thug is so trash,0
Young Thug,Trap,ZvUBGN4KoP0,"Young Thug, 2 Chainz, Wiz Khalifa &amp; PnB Rock – Gang Up (The Fate of the Furious: The Album) [VIDEO]",Young Thug,Bin kll,0
Young Thug,Trap,ZvUBGN4KoP0,"Young Thug, 2 Chainz, Wiz Khalifa &amp; PnB Rock – Gang Up (The Fate of the Furious: The Album) [VIDEO]",Young Thug,I'm here🇲🇲,0
Young Thug,Trap,ZvUBGN4KoP0,"Young Thug, 2 Chainz, Wiz Khalifa &amp; PnB Rock – Gang Up (The Fate of the Furious: The Album) [VIDEO]",Young Thug,2025 is mystery if we here.,2
Young Thug,Trap,ZvUBGN4KoP0,"Young Thug, 2 Chainz, Wiz Khalifa &amp; PnB Rock – Gang Up (The Fate of the Furious: The Album) [VIDEO]",Young Thug,Here 2025 ❤😮‍💨🙏🏽🫶🏽 PNB WILL BE MISS,0
Young Thug,Trap,ZvUBGN4KoP0,"Young Thug, 2 Chainz, Wiz Khalifa &amp; PnB Rock – Gang Up (The Fate of the Furious: The Album) [VIDEO]",Young Thug,R.I.P. PnB Rock. Lots of brotherly love for ya man.,0
Young Thug,Trap,ZvUBGN4KoP0,"Young Thug, 2 Chainz, Wiz Khalifa &amp; PnB Rock – Gang Up (The Fate of the Furious: The Album) [VIDEO]",Young Thug,RIP Paul Walker and PnB Rock,2
Young Thug,Trap,ZvUBGN4KoP0,"Young Thug, 2 Chainz, Wiz Khalifa &amp; PnB Rock – Gang Up (The Fate of the Furious: The Album) [VIDEO]",Young Thug,2:24 The Song is starting 🔥🔥🔥🔥🔥,27
Young Thug,Trap,ZvUBGN4KoP0,"Young Thug, 2 Chainz, Wiz Khalifa &amp; PnB Rock – Gang Up (The Fate of the Furious: The Album) [VIDEO]",Young Thug,Lagi rap terenak,0
Young Thug,Trap,ZvUBGN4KoP0,"Young Thug, 2 Chainz, Wiz Khalifa &amp; PnB Rock – Gang Up (The Fate of the Furious: The Album) [VIDEO]",Young Thug,Young thug killed it damn,0
Young Thug,Trap,ZvUBGN4KoP0,"Young Thug, 2 Chainz, Wiz Khalifa &amp; PnB Rock – Gang Up (The Fate of the Furious: The Album) [VIDEO]",Young Thug,pnb🙏🏾🙏🏾,0
Young Thug,Trap,ZvUBGN4KoP0,"Young Thug, 2 Chainz, Wiz Khalifa &amp; PnB Rock – Gang Up (The Fate of the Furious: The Album) [VIDEO]",Young Thug,"October 23th 205 , 20:12",0
Young Thug,Trap,ZvUBGN4KoP0,"Young Thug, 2 Chainz, Wiz Khalifa &amp; PnB Rock – Gang Up (The Fate of the Furious: The Album) [VIDEO]",Young Thug,Wiz khalifa 2010s G.O.A.T,1
Young Thug,Trap,ZvUBGN4KoP0,"Young Thug, 2 Chainz, Wiz Khalifa &amp; PnB Rock – Gang Up (The Fate of the Furious: The Album) [VIDEO]",Young Thug,Still Here?,1
Young Thug,Trap,ZvUBGN4KoP0,"Young Thug, 2 Chainz, Wiz Khalifa &amp; PnB Rock – Gang Up (The Fate of the Furious: The Album) [VIDEO]",Young Thug,❤,1
Young Thug,Trap,ZvUBGN4KoP0,"Young Thug, 2 Chainz, Wiz Khalifa &amp; PnB Rock – Gang Up (The Fate of the Furious: The Album) [VIDEO]",Young Thug,Anyone in 2030?,6
Young Thug,Trap,ZvUBGN4KoP0,"Young Thug, 2 Chainz, Wiz Khalifa &amp; PnB Rock – Gang Up (The Fate of the Furious: The Album) [VIDEO]",Young Thug,♥️🥰,1
Young Thug,Trap,ZvUBGN4KoP0,"Young Thug, 2 Chainz, Wiz Khalifa &amp; PnB Rock – Gang Up (The Fate of the Furious: The Album) [VIDEO]",Young Thug,anyone October 2025????,3
Young Thug,Trap,ZvUBGN4KoP0,"Young Thug, 2 Chainz, Wiz Khalifa &amp; PnB Rock – Gang Up (The Fate of the Furious: The Album) [VIDEO]",Young Thug,Good musik,1
Young Thug,Trap,ZvUBGN4KoP0,"Young Thug, 2 Chainz, Wiz Khalifa &amp; PnB Rock – Gang Up (The Fate of the Furious: The Album) [VIDEO]",Young Thug,Liked,1
Young Thug,Trap,ZvUBGN4KoP0,"Young Thug, 2 Chainz, Wiz Khalifa &amp; PnB Rock – Gang Up (The Fate of the Furious: The Album) [VIDEO]",Young Thug,Good,1
Young Thug,Trap,ZvUBGN4KoP0,"Young Thug, 2 Chainz, Wiz Khalifa &amp; PnB Rock – Gang Up (The Fate of the Furious: The Album) [VIDEO]",Young Thug,Good musik,1
Young Thug,Trap,ZvUBGN4KoP0,"Young Thug, 2 Chainz, Wiz Khalifa &amp; PnB Rock – Gang Up (The Fate of the Furious: The Album) [VIDEO]",Young Thug,S but afrt angre,1
Young Thug,Trap,ZvUBGN4KoP0,"Young Thug, 2 Chainz, Wiz Khalifa &amp; PnB Rock – Gang Up (The Fate of the Furious: The Album) [VIDEO]",Young Thug,But y me,2
Young Thug,Trap,ZvUBGN4KoP0,"Young Thug, 2 Chainz, Wiz Khalifa &amp; PnB Rock – Gang Up (The Fate of the Furious: The Album) [VIDEO]",Young Thug,"More misogyny. Can we just respect women for once and all chill in the nice, non-coward version of the world we're building?",1
Young Thug,Trap,ZvUBGN4KoP0,"Young Thug, 2 Chainz, Wiz Khalifa &amp; PnB Rock – Gang Up (The Fate of the Furious: The Album) [VIDEO]",Young Thug,Thug life,1
Young Thug,Trap,ZvUBGN4KoP0,"Young Thug, 2 Chainz, Wiz Khalifa &amp; PnB Rock – Gang Up (The Fate of the Furious: The Album) [VIDEO]",Young Thug,Who here in 2025,2
Young Thug,Trap,ZvUBGN4KoP0,"Young Thug, 2 Chainz, Wiz Khalifa &amp; PnB Rock – Gang Up (The Fate of the Furious: The Album) [VIDEO]",Young Thug,ANYONE 2026 HERE.   👇,2
Young Thug,Trap,ZvUBGN4KoP0,"Young Thug, 2 Chainz, Wiz Khalifa &amp; PnB Rock – Gang Up (The Fate of the Furious: The Album) [VIDEO]",Young Thug,0:16 those cheerleading jumps though (Zesty),12
Young Thug,Trap,ZvUBGN4KoP0,"Young Thug, 2 Chainz, Wiz Khalifa &amp; PnB Rock – Gang Up (The Fate of the Furious: The Album) [VIDEO]",Young Thug,Now n new forever thing must be banginng,2
Young Thug,Trap,ZvUBGN4KoP0,"Young Thug, 2 Chainz, Wiz Khalifa &amp; PnB Rock – Gang Up (The Fate of the Furious: The Album) [VIDEO]",Young Thug,2025 anyone? 🖤🔥,2
Young Thug,Trap,ZvUBGN4KoP0,"Young Thug, 2 Chainz, Wiz Khalifa &amp; PnB Rock – Gang Up (The Fate of the Furious: The Album) [VIDEO]",Young Thug,Any one in 30?,1
Young Thug,Trap,ZvUBGN4KoP0,"Young Thug, 2 Chainz, Wiz Khalifa &amp; PnB Rock – Gang Up (The Fate of the Furious: The Album) [VIDEO]",Young Thug,❤❤q,1
Young Thug,Trap,ZvUBGN4KoP0,"Young Thug, 2 Chainz, Wiz Khalifa &amp; PnB Rock – Gang Up (The Fate of the Furious: The Album) [VIDEO]",Young Thug,Yea,1
Young Thug,Trap,ZvUBGN4KoP0,"Young Thug, 2 Chainz, Wiz Khalifa &amp; PnB Rock – Gang Up (The Fate of the Furious: The Album) [VIDEO]",Young Thug,Very good 🎉🎉🎉 TRÈS BIEN,2
Young Thug,Trap,ZvUBGN4KoP0,"Young Thug, 2 Chainz, Wiz Khalifa &amp; PnB Rock – Gang Up (The Fate of the Furious: The Album) [VIDEO]",Young Thug,"Oh yeah
Yeah, yeah, yeah, yeah
I'm with the gang, gang, gang and we 'bout to go up
Switching lanes, it's a thang, every time we show up
You a lame, lame, lame and you so below us
Bet your hoe, she know us
'Cause you know we blowed up
We stay down
And came up, and came up
We stay down
We came up, the gang up
2 Chainz (Yeah)
I'm a villainous winner
With precision, I'm killing
Represent the religion
Ended up independent
Took my car to the clinic
Let 'em check all the vitals
Middle finger to rivals
Michael Jackson, my idol
Still ducked in a pie hole
Talk to the plug, every day except Cinco de Mayo
I still got me a Carlo
Still got money, Carlo
Your car running so bad, it stink up to your parlor
Call my rollie a Ralo
Call my AP a app
I ain't talking seat-belts when I say that I'm strapped
I'm in love with my side hoe
I sneak up through the side door
I'ma show you what we ride for
I'ma show you what we die for
I'm with the gang, gang, gang and we 'bout to go up
Switching lanes, it's a thang, every time we show up
You a lame, lame, lame and you so below us
Bet your hoe, she know us
'Cause you know we blowed up
We stay down
And came up, and came up
We stay down
We came up, the gang up
I'm in my same lane, lane that ain't gon' ever change up
I blow the brain out the range like a Taz Angel
Here's R.I.P. to Paul Walker homie, he gotta stand up
We had you main on us, no we got stains on us
And all we gotta do is stay down and come up while they flexin' (What we gotta do?)
Yeah, I got her Indian and she Western
Yeah, just say so, money your best friend
Then that fast and furious started nesting
Say I'm bout to go take off on you (Take off on you)
Is staying, is you rolling like a scroller? yes you are
Your ready to take off like a 1980 Coke
He know that Instagram shit, are you gon' post that
I'm with the gang, gang, gang and we 'bout to go up
Switching lanes, it's a thang, every time we show up
You a lame, lame, lame and you so below us
Bet your hoe, she know us
'Cause you know we blowed up
We stay down
And came up, and came up
We stay down
We came up, the gang up
Yeah, I'm always with my gang
We always ready to ride 'case for the squad, we'll do anything
Stay down, we'll never change
We always gon' stay the same
Put you in check, when you outta place
I try to tell 'em not to mess with my gang, gang, gang
We do what we gotta do and don't complain-plain-plain
I'm on the road, I'm probably fresh up off the plane, plane, plane
Know you heard about me, I do my thang, thang, thang
I got the world on my back
I put your girl on her back
I did it all on my own
Now there ain't no turning back
And my whole squad got my back
And shawty so bad, I asked her if she repped the gang, she said ""Facts""
Gang, gang, gang
I'm with the gang, gang, gang and we 'bout to go up
Switching lanes, it's a thang, every time we show up
You a lame, lame, lame and you so below us
Bet your hoe, she know us
'Cause you know we blowed up
We stay down
And came up, and came up
We stay down
We came up, the gang up",1
Young Thug,Trap,ZvUBGN4KoP0,"Young Thug, 2 Chainz, Wiz Khalifa &amp; PnB Rock – Gang Up (The Fate of the Furious: The Album) [VIDEO]",Young Thug,Thug really the 🐐🔥,1
Young Thug,Trap,ZvUBGN4KoP0,"Young Thug, 2 Chainz, Wiz Khalifa &amp; PnB Rock – Gang Up (The Fate of the Furious: The Album) [VIDEO]",Young Thug,Gay.,0
Young Thug,Trap,ZvUBGN4KoP0,"Young Thug, 2 Chainz, Wiz Khalifa &amp; PnB Rock – Gang Up (The Fate of the Furious: The Album) [VIDEO]",Young Thug,Tem algum filme que tem essa música? Acho que tive um dejavu e acabei procurando ela achando que teria em algum filme de carro kkkk,1
Young Thug,Trap,ZvUBGN4KoP0,"Young Thug, 2 Chainz, Wiz Khalifa &amp; PnB Rock – Gang Up (The Fate of the Furious: The Album) [VIDEO]",Young Thug,2025 CAME UP🔥🔥🔥,2
Young Thug,Trap,ZvUBGN4KoP0,"Young Thug, 2 Chainz, Wiz Khalifa &amp; PnB Rock – Gang Up (The Fate of the Furious: The Album) [VIDEO]",Young Thug,RIP PnB Rock,3
Young Thug,Trap,ZvUBGN4KoP0,"Young Thug, 2 Chainz, Wiz Khalifa &amp; PnB Rock – Gang Up (The Fate of the Furious: The Album) [VIDEO]",Young Thug,Yeaaaa,1
Young Thug,Trap,ZvUBGN4KoP0,"Young Thug, 2 Chainz, Wiz Khalifa &amp; PnB Rock – Gang Up (The Fate of the Furious: The Album) [VIDEO]",Young Thug,Anyone in 2028,14
Young Thug,Trap,ZvUBGN4KoP0,"Young Thug, 2 Chainz, Wiz Khalifa &amp; PnB Rock – Gang Up (The Fate of the Furious: The Album) [VIDEO]",Young Thug,Who's here 1st October 2025 ???,5
Young Thug,Trap,ZvUBGN4KoP0,"Young Thug, 2 Chainz, Wiz Khalifa &amp; PnB Rock – Gang Up (The Fate of the Furious: The Album) [VIDEO]",Young Thug,Tragic... 🔥,1
Young Thug,Trap,ZvUBGN4KoP0,"Young Thug, 2 Chainz, Wiz Khalifa &amp; PnB Rock – Gang Up (The Fate of the Furious: The Album) [VIDEO]",Young Thug,R.I.P. Pnb Rock 😢,1
Young Thug,Trap,ZvUBGN4KoP0,"Young Thug, 2 Chainz, Wiz Khalifa &amp; PnB Rock – Gang Up (The Fate of the Furious: The Album) [VIDEO]",Young Thug,Crazy song,0
Young Thug,Trap,ZvUBGN4KoP0,"Young Thug, 2 Chainz, Wiz Khalifa &amp; PnB Rock – Gang Up (The Fate of the Furious: The Album) [VIDEO]",Young Thug,Is not a fast and furios? The new is a fate and furios ?,1
Young Thug,Trap,ZvUBGN4KoP0,"Young Thug, 2 Chainz, Wiz Khalifa &amp; PnB Rock – Gang Up (The Fate of the Furious: The Album) [VIDEO]",Young Thug,How to download your music,1
Young Thug,Trap,ZvUBGN4KoP0,"Young Thug, 2 Chainz, Wiz Khalifa &amp; PnB Rock – Gang Up (The Fate of the Furious: The Album) [VIDEO]",Young Thug,Anyone September 24 wednesday,2
Young Thug,Trap,ZvUBGN4KoP0,"Young Thug, 2 Chainz, Wiz Khalifa &amp; PnB Rock – Gang Up (The Fate of the Furious: The Album) [VIDEO]",Young Thug,Montage Sound +Clip F1 ↗️🔥,1
Young Thug,Trap,ZvUBGN4KoP0,"Young Thug, 2 Chainz, Wiz Khalifa &amp; PnB Rock – Gang Up (The Fate of the Furious: The Album) [VIDEO]",Young Thug,Kiddo Stop saying Anyone 2025 or 2069 mf we here till our last Breath...Peace,2
Young Thug,Trap,ZvUBGN4KoP0,"Young Thug, 2 Chainz, Wiz Khalifa &amp; PnB Rock – Gang Up (The Fate of the Furious: The Album) [VIDEO]",Young Thug,Ngl Young Thug ruined the song,3
Young Thug,Trap,ZvUBGN4KoP0,"Young Thug, 2 Chainz, Wiz Khalifa &amp; PnB Rock – Gang Up (The Fate of the Furious: The Album) [VIDEO]",Young Thug,Dope 2:45,1
Young Thug,Trap,ZvUBGN4KoP0,"Young Thug, 2 Chainz, Wiz Khalifa &amp; PnB Rock – Gang Up (The Fate of the Furious: The Album) [VIDEO]",Young Thug,Anyone September 2025,1
Young Thug,Trap,ZvUBGN4KoP0,"Young Thug, 2 Chainz, Wiz Khalifa &amp; PnB Rock – Gang Up (The Fate of the Furious: The Album) [VIDEO]",Young Thug,Anyone here 2025? RIP PNB Rock 🙏,3
Young Thug,Trap,ZvUBGN4KoP0,"Young Thug, 2 Chainz, Wiz Khalifa &amp; PnB Rock – Gang Up (The Fate of the Furious: The Album) [VIDEO]",Young Thug,The hook vicious bruh,1
Young Thug,Trap,ZvUBGN4KoP0,"Young Thug, 2 Chainz, Wiz Khalifa &amp; PnB Rock – Gang Up (The Fate of the Furious: The Album) [VIDEO]",Young Thug,Any one here 2025,4
Young Thug,Trap,ZvUBGN4KoP0,"Young Thug, 2 Chainz, Wiz Khalifa &amp; PnB Rock – Gang Up (The Fate of the Furious: The Album) [VIDEO]",Young Thug,🕊,2
Young Thug,Trap,ZvUBGN4KoP0,"Young Thug, 2 Chainz, Wiz Khalifa &amp; PnB Rock – Gang Up (The Fate of the Furious: The Album) [VIDEO]",Young Thug,Woo,1
Young Thug,Trap,ZvUBGN4KoP0,"Young Thug, 2 Chainz, Wiz Khalifa &amp; PnB Rock – Gang Up (The Fate of the Furious: The Album) [VIDEO]",Young Thug,Anyone here from TikTok?,1
Young Thug,Trap,ZvUBGN4KoP0,"Young Thug, 2 Chainz, Wiz Khalifa &amp; PnB Rock – Gang Up (The Fate of the Furious: The Album) [VIDEO]",Young Thug,I tried 🤷‍♂️ 🗑️,1
Young Thug,Trap,ZvUBGN4KoP0,"Young Thug, 2 Chainz, Wiz Khalifa &amp; PnB Rock – Gang Up (The Fate of the Furious: The Album) [VIDEO]",Young Thug,Anyone in 2025?,1
Young Thug,Trap,ZvUBGN4KoP0,"Young Thug, 2 Chainz, Wiz Khalifa &amp; PnB Rock – Gang Up (The Fate of the Furious: The Album) [VIDEO]",Young Thug,0:12 😮😮😮😮😮,1
Young Thug,Trap,ZvUBGN4KoP0,"Young Thug, 2 Chainz, Wiz Khalifa &amp; PnB Rock – Gang Up (The Fate of the Furious: The Album) [VIDEO]",Young Thug,September 2025 anyone??,4
Young Thug,Trap,ZvUBGN4KoP0,"Young Thug, 2 Chainz, Wiz Khalifa &amp; PnB Rock – Gang Up (The Fate of the Furious: The Album) [VIDEO]",Young Thug,2025 !!,2
Young Thug,Trap,ZvUBGN4KoP0,"Young Thug, 2 Chainz, Wiz Khalifa &amp; PnB Rock – Gang Up (The Fate of the Furious: The Album) [VIDEO]",Young Thug,🔥🔥🔥,1
Young Thug,Trap,ZvUBGN4KoP0,"Young Thug, 2 Chainz, Wiz Khalifa &amp; PnB Rock – Gang Up (The Fate of the Furious: The Album) [VIDEO]",Young Thug,Eeyooo september 2025,4
Young Thug,Trap,ZvUBGN4KoP0,"Young Thug, 2 Chainz, Wiz Khalifa &amp; PnB Rock – Gang Up (The Fate of the Furious: The Album) [VIDEO]",Young Thug,Good shot 🎉❤,2
Young Thug,Trap,ZvUBGN4KoP0,"Young Thug, 2 Chainz, Wiz Khalifa &amp; PnB Rock – Gang Up (The Fate of the Furious: The Album) [VIDEO]",Young Thug,Anyone every day?,3
Young Thug,Trap,ZvUBGN4KoP0,"Young Thug, 2 Chainz, Wiz Khalifa &amp; PnB Rock – Gang Up (The Fate of the Furious: The Album) [VIDEO]",Young Thug,No xboxx,2
Young Thug,Trap,ZvUBGN4KoP0,"Young Thug, 2 Chainz, Wiz Khalifa &amp; PnB Rock – Gang Up (The Fate of the Furious: The Album) [VIDEO]",Young Thug,🐀🐀🐀🐀🐀🐀🐀,2
Young Thug,Trap,ZvUBGN4KoP0,"Young Thug, 2 Chainz, Wiz Khalifa &amp; PnB Rock – Gang Up (The Fate of the Furious: The Album) [VIDEO]",Young Thug,hole,1
Young Thug,Trap,ZvUBGN4KoP0,"Young Thug, 2 Chainz, Wiz Khalifa &amp; PnB Rock – Gang Up (The Fate of the Furious: The Album) [VIDEO]",Young Thug,Fast and furious,1
Young Thug,Trap,ZvUBGN4KoP0,"Young Thug, 2 Chainz, Wiz Khalifa &amp; PnB Rock – Gang Up (The Fate of the Furious: The Album) [VIDEO]",Young Thug,Good nice,1
Young Thug,Trap,ZvUBGN4KoP0,"Young Thug, 2 Chainz, Wiz Khalifa &amp; PnB Rock – Gang Up (The Fate of the Furious: The Album) [VIDEO]",Young Thug,Wiz Khalifa 🔥🔥🔥🔥🔥🔥🔥🔥🔥🔥,4
Young Thug,Trap,ZvUBGN4KoP0,"Young Thug, 2 Chainz, Wiz Khalifa &amp; PnB Rock – Gang Up (The Fate of the Furious: The Album) [VIDEO]",Young Thug,My vessel messed up for what,1
Young Thug,Trap,ZvUBGN4KoP0,"Young Thug, 2 Chainz, Wiz Khalifa &amp; PnB Rock – Gang Up (The Fate of the Furious: The Album) [VIDEO]",Young Thug,Surrounded by mirroring cont stop what becomes u,1
Young Thug,Trap,ZvUBGN4KoP0,"Young Thug, 2 Chainz, Wiz Khalifa &amp; PnB Rock – Gang Up (The Fate of the Furious: The Album) [VIDEO]",Young Thug,"King of America  🇺🇸 🇺🇲
Gang 🖤 👿",2
Young Thug,Trap,ZvUBGN4KoP0,"Young Thug, 2 Chainz, Wiz Khalifa &amp; PnB Rock – Gang Up (The Fate of the Furious: The Album) [VIDEO]",Young Thug,This song is so Plymouth gtx,1
Young Thug,Trap,ZvUBGN4KoP0,"Young Thug, 2 Chainz, Wiz Khalifa &amp; PnB Rock – Gang Up (The Fate of the Furious: The Album) [VIDEO]",Young Thug,"I'm with the gang, gang, gang and we 'bout to go up
Switching lanes, it's a thang, every time we show up
You a lame, lame, lame and you so below us
Bet your hoe, she know us
'Cause you know we blowed up
We stay down
And came up, and came up
We stay down
We came up, the gang up
2 Chainz (Yeah)
I'm a villainous winner
With precision, I'm killing
Represent the religion
Ended up independent
Took my car to the clinic
Let 'em check all the vitals
Middle finger to rivals
Michael Jackson, my idol
Still ducked in a pie hole
Talk to the plug, every day except Cinco de Mayo
I still got me a Carlo
Still got money, Carlo
Your car running so bad, it stink up to your parlor
Call my rollie a Ralo
Call my AP a app
I ain't talking seat-belts when I say that I'm strapped
I'm in love with my side hoe
I sneak up through the side door
I'ma show you what we ride for
I'ma show you what we die for
I'm with the gang, gang, gang and we 'bout to go up
Switching lanes, it's a thang, every time we show up
You a lame, lame, lame and you so below us
Bet your hoe, she know us
'Cause you know we blowed up
We stay down
And came up, and came up
We stay down
We came up, the gang up
I'm in my same lane, lane that ain't gon' ever change up
I blow the brain out the range like a Taz Angel
Here's R.I.P. to Paul Walker homie, he gotta stand up
We had you main on us, no we got stains on us
And all we gotta do is stay down and come up while they flexin' (What we gotta do?)
Yeah, I got her Indian and she Western
Yeah, just say so, money your best friend
Then that fast and furious started nesting
Say I'm bout to go take off on you (Take off on you)
Is staying, is you rolling like a scroller? yes you are
Your ready to take off like a 1980 Coke
He know that Instagram shit, are you gon' post that
I'm with the gang, gang, gang and we 'bout to go up
Switching lanes, it's a thang, every time we show up
You a lame, lame, lame and you so below us
Bet your hoe, she know us
'Cause you know we blowed up
We stay down
And came up, and came up
We stay down
We came up, the gang up
Yeah, I'm always with my gang
We always ready to ride 'case for the squad, we'll do anything
Stay down, we'll never change
We always gon' stay the same
Put you in check, when you outta place
I try to tell 'em not to mess with my gang, gang, gang
We do what we gotta do and don't complain-plain-plain
I'm on the road, I'm probably fresh up off the plane, plane, plane
Know you heard about me, I do my thang, thang, thang
I got the world on my back
I put your girl on her back
I did it all on my own
Now there ain't no turning back
And my whole squad got my back
And shawty so bad, I asked her if she repped the gang, she said ""Facts""
Gang, gang, gang
I'm with the gang, gang, gang and we 'bout to go up
Switching lanes, it's a thang, every time we show up
You a lame, lame, lame and you so below us
Bet your hoe, she know us
'Cause you know we blowed up
We stay down
And came up, and came up
We stay down
We came up, the gang up",2
Young Thug,Trap,ZvUBGN4KoP0,"Young Thug, 2 Chainz, Wiz Khalifa &amp; PnB Rock – Gang Up (The Fate of the Furious: The Album) [VIDEO]",Young Thug,1:22 bro look like a damn lizard 😂,2
Young Thug,Trap,ZvUBGN4KoP0,"Young Thug, 2 Chainz, Wiz Khalifa &amp; PnB Rock – Gang Up (The Fate of the Furious: The Album) [VIDEO]",Young Thug,❤❤❤❤❤❤❤❤❤❤❤❤❤❤,1
Young Thug,Trap,ZvUBGN4KoP0,"Young Thug, 2 Chainz, Wiz Khalifa &amp; PnB Rock – Gang Up (The Fate of the Furious: The Album) [VIDEO]",Young Thug,Sonic 2 - Gang Up,1
Young Thug,Trap,ZvUBGN4KoP0,"Young Thug, 2 Chainz, Wiz Khalifa &amp; PnB Rock – Gang Up (The Fate of the Furious: The Album) [VIDEO]",Young Thug,Someone told me to listen to this elementary school… now I’m in college,5
Young Thug,Trap,ZvUBGN4KoP0,"Young Thug, 2 Chainz, Wiz Khalifa &amp; PnB Rock – Gang Up (The Fate of the Furious: The Album) [VIDEO]",Young Thug,"Man, this played randomly on the playlist and forgot PnB ain't with us. 

R.I.P. young brother 🕊️",1
Young Thug,Trap,ZvUBGN4KoP0,"Young Thug, 2 Chainz, Wiz Khalifa &amp; PnB Rock – Gang Up (The Fate of the Furious: The Album) [VIDEO]",Young Thug,PNB ROCK🕊️,1
Young Thug,Trap,ZvUBGN4KoP0,"Young Thug, 2 Chainz, Wiz Khalifa &amp; PnB Rock – Gang Up (The Fate of the Furious: The Album) [VIDEO]",Young Thug,🔱🔱🔱🔱🔱🎓🎓🎓🎓🎓🔱🔱🔱🔱🔱🔱🔱🔱🔱🔱🎓🎓🎓🎓🎓🔱🔱🔱🔱🔱,2
Young Thug,Trap,ZvUBGN4KoP0,"Young Thug, 2 Chainz, Wiz Khalifa &amp; PnB Rock – Gang Up (The Fate of the Furious: The Album) [VIDEO]",Young Thug,this song is absolutely banger after 8 years,1
Young Thug,Trap,ZvUBGN4KoP0,"Young Thug, 2 Chainz, Wiz Khalifa &amp; PnB Rock – Gang Up (The Fate of the Furious: The Album) [VIDEO]",Young Thug,Amazing song ❤❤❤ but I think I now this lyrics,1
Young Thug,Trap,ZvUBGN4KoP0,"Young Thug, 2 Chainz, Wiz Khalifa &amp; PnB Rock – Gang Up (The Fate of the Furious: The Album) [VIDEO]",Young Thug,Just a few more days until this song is playing on my phone,3
Young Thug,Trap,ZvUBGN4KoP0,"Young Thug, 2 Chainz, Wiz Khalifa &amp; PnB Rock – Gang Up (The Fate of the Furious: The Album) [VIDEO]",Young Thug,"shoutout to the PNB rock girl for getting him bu**ed, live stream his location on Instagram for the OPs to come g*n him down, woman sure are stu*id ......America woman all of them are useless...",1
Young Thug,Trap,ZvUBGN4KoP0,"Young Thug, 2 Chainz, Wiz Khalifa &amp; PnB Rock – Gang Up (The Fate of the Furious: The Album) [VIDEO]",Young Thug,Anyone in August 2025,11
Young Thug,Trap,ZvUBGN4KoP0,"Young Thug, 2 Chainz, Wiz Khalifa &amp; PnB Rock – Gang Up (The Fate of the Furious: The Album) [VIDEO]",Young Thug,Yt ❤❤,1
Young Thug,Trap,ZvUBGN4KoP0,"Young Thug, 2 Chainz, Wiz Khalifa &amp; PnB Rock – Gang Up (The Fate of the Furious: The Album) [VIDEO]",Young Thug,R.I.P PNB ROCK  ...R.I.P Paul walker .,5
Young Thug,Trap,ZvUBGN4KoP0,"Young Thug, 2 Chainz, Wiz Khalifa &amp; PnB Rock – Gang Up (The Fate of the Furious: The Album) [VIDEO]",Young Thug, Amazing Song,12
Young Thug,Trap,ZvUBGN4KoP0,"Young Thug, 2 Chainz, Wiz Khalifa &amp; PnB Rock – Gang Up (The Fate of the Furious: The Album) [VIDEO]",Young Thug,Always listening to this Banger before I go to work🔥🎧,2
Young Thug,Trap,ZvUBGN4KoP0,"Young Thug, 2 Chainz, Wiz Khalifa &amp; PnB Rock – Gang Up (The Fate of the Furious: The Album) [VIDEO]",Young Thug,Goddddamnn finally got this bangger to which am looking for 7 yrs😂🔥🤝🏼,2
Young Thug,Trap,ZvUBGN4KoP0,"Young Thug, 2 Chainz, Wiz Khalifa &amp; PnB Rock – Gang Up (The Fate of the Furious: The Album) [VIDEO]",Young Thug,It's mo 🔥🔥🔥🔥🔥🔥🔥🔥💰💯✨🌎🇷🇼🇷🇼🇷🇼🇷🇼🇷🇼🇷🇼🇷🇼🇷🇼🇷🇼🇷🇼🇷🇼🇷🇼🇷🇼🇷🇼🇷🇼🇷🇼🇷🇼🇷🇼🇷🇼🇷🇼🇷🇼🇷🇼🇷🇼🇷🇼🇷🇼🇷🇼🇷🇼🇷🇼🇷🇼🇷🇼🇷🇼🇷🇼🇷🇼🇷🇼🇷🇼🇷🇼🇷🇼🇷🇼🇷🇼🇷🇼🇷🇼🇷🇼🇷🇼🇷🇼🇷🇼🌏🎖️🥇🏅🌟💫🫡⚡,2
Young Thug,Trap,ZvUBGN4KoP0,"Young Thug, 2 Chainz, Wiz Khalifa &amp; PnB Rock – Gang Up (The Fate of the Furious: The Album) [VIDEO]",Young Thug,August 2025,4
Young Thug,Trap,ZvUBGN4KoP0,"Young Thug, 2 Chainz, Wiz Khalifa &amp; PnB Rock – Gang Up (The Fate of the Furious: The Album) [VIDEO]",Young Thug,🔥,2
Young Thug,Trap,ZvUBGN4KoP0,"Young Thug, 2 Chainz, Wiz Khalifa &amp; PnB Rock – Gang Up (The Fate of the Furious: The Album) [VIDEO]",Young Thug,🪞🎖️😇,1
Young Thug,Trap,ZvUBGN4KoP0,"Young Thug, 2 Chainz, Wiz Khalifa &amp; PnB Rock – Gang Up (The Fate of the Furious: The Album) [VIDEO]",Young Thug,"CJNG 
https://youtu.be/zEHc1IrnQfk?si=C9d420grp_yY5Xcz",0
Young Thug,Trap,ZvUBGN4KoP0,"Young Thug, 2 Chainz, Wiz Khalifa &amp; PnB Rock – Gang Up (The Fate of the Furious: The Album) [VIDEO]",Young Thug,They should add this song to Asphalt legends unite,0
Young Thug,Trap,ZvUBGN4KoP0,"Young Thug, 2 Chainz, Wiz Khalifa &amp; PnB Rock – Gang Up (The Fate of the Furious: The Album) [VIDEO]",Young Thug,My favourite song ❤❤❤,1
Young Thug,Trap,ZvUBGN4KoP0,"Young Thug, 2 Chainz, Wiz Khalifa &amp; PnB Rock – Gang Up (The Fate of the Furious: The Album) [VIDEO]",Young Thug,2:55 🥶,1
Young Thug,Trap,ZvUBGN4KoP0,"Young Thug, 2 Chainz, Wiz Khalifa &amp; PnB Rock – Gang Up (The Fate of the Furious: The Album) [VIDEO]",Young Thug,It is perfect,1
Young Thug,Trap,ZvUBGN4KoP0,"Young Thug, 2 Chainz, Wiz Khalifa &amp; PnB Rock – Gang Up (The Fate of the Furious: The Album) [VIDEO]",Young Thug,🎉❤,2
Young Thug,Trap,ZvUBGN4KoP0,"Young Thug, 2 Chainz, Wiz Khalifa &amp; PnB Rock – Gang Up (The Fate of the Furious: The Album) [VIDEO]",Young Thug,Best music 🎶 🎶🔥🔥🔥🔥🔥🔥🔥🔥,0
Young Thug,Trap,ZvUBGN4KoP0,"Young Thug, 2 Chainz, Wiz Khalifa &amp; PnB Rock – Gang Up (The Fate of the Furious: The Album) [VIDEO]",Young Thug,Это так ахуенно каждый день слушаю ❤🔥🔥🔥,0
Young Thug,Trap,ZvUBGN4KoP0,"Young Thug, 2 Chainz, Wiz Khalifa &amp; PnB Rock – Gang Up (The Fate of the Furious: The Album) [VIDEO]",Young Thug,2:43 banger🥶🔥,18
Young Thug,Trap,ZvUBGN4KoP0,"Young Thug, 2 Chainz, Wiz Khalifa &amp; PnB Rock – Gang Up (The Fate of the Furious: The Album) [VIDEO]",Young Thug,🇧🇩🇧🇩🇧🇩🇧🇩🇧🇩🇧🇩🇧🇩🇧🇩🇧🇩ruhan,1
Young Thug,Trap,ZvUBGN4KoP0,"Young Thug, 2 Chainz, Wiz Khalifa &amp; PnB Rock – Gang Up (The Fate of the Furious: The Album) [VIDEO]",Young Thug,I want this gang📈,0
Young Thug,Trap,ZvUBGN4KoP0,"Young Thug, 2 Chainz, Wiz Khalifa &amp; PnB Rock – Gang Up (The Fate of the Furious: The Album) [VIDEO]",Young Thug,It's cool that they used dodge but my people drive old Cadillacs like mafia Cadillacs,0
Young Thug,Trap,ZvUBGN4KoP0,"Young Thug, 2 Chainz, Wiz Khalifa &amp; PnB Rock – Gang Up (The Fate of the Furious: The Album) [VIDEO]",Young Thug,RIP P&B🤍 deepest condolences,2
Young Thug,Trap,ZvUBGN4KoP0,"Young Thug, 2 Chainz, Wiz Khalifa &amp; PnB Rock – Gang Up (The Fate of the Furious: The Album) [VIDEO]",Young Thug,"Damn 8 yrs ago already,time flies😢",1
Young Thug,Trap,ZvUBGN4KoP0,"Young Thug, 2 Chainz, Wiz Khalifa &amp; PnB Rock – Gang Up (The Fate of the Furious: The Album) [VIDEO]",Young Thug,But this song sounds so good 😊 badger,1
Young Thug,Trap,ZvUBGN4KoP0,"Young Thug, 2 Chainz, Wiz Khalifa &amp; PnB Rock – Gang Up (The Fate of the Furious: The Album) [VIDEO]",Young Thug,Feel really bad for him I think he’s ded,1
Young Thug,Trap,ZvUBGN4KoP0,"Young Thug, 2 Chainz, Wiz Khalifa &amp; PnB Rock – Gang Up (The Fate of the Furious: The Album) [VIDEO]",Young Thug,RIP PnB Rock 🕊️,2
Young Thug,Trap,ZvUBGN4KoP0,"Young Thug, 2 Chainz, Wiz Khalifa &amp; PnB Rock – Gang Up (The Fate of the Furious: The Album) [VIDEO]",Young Thug,Samajh toh nahi aa raha hai but vibe 💯 de raha hai ❤❤,0
Young Thug,Trap,ZvUBGN4KoP0,"Young Thug, 2 Chainz, Wiz Khalifa &amp; PnB Rock – Gang Up (The Fate of the Furious: The Album) [VIDEO]",Young Thug,مايكل جاكسون ماي ايدووول 🎉,0
Young Thug,Trap,ZvUBGN4KoP0,"Young Thug, 2 Chainz, Wiz Khalifa &amp; PnB Rock – Gang Up (The Fate of the Furious: The Album) [VIDEO]",Young Thug,🤾‍♂️     🤽‍♂️     🎳      📀,0
Young Thug,Trap,ZvUBGN4KoP0,"Young Thug, 2 Chainz, Wiz Khalifa &amp; PnB Rock – Gang Up (The Fate of the Furious: The Album) [VIDEO]",Young Thug,8 Years ow my god 😢,1
Young Thug,Trap,ZvUBGN4KoP0,"Young Thug, 2 Chainz, Wiz Khalifa &amp; PnB Rock – Gang Up (The Fate of the Furious: The Album) [VIDEO]",Young Thug,Still my jam rip pnb,0
Young Thug,Trap,ZvUBGN4KoP0,"Young Thug, 2 Chainz, Wiz Khalifa &amp; PnB Rock – Gang Up (The Fate of the Furious: The Album) [VIDEO]",Young Thug,One of the best Thugger parts ever 🐍,0
Young Thug,Trap,ZvUBGN4KoP0,"Young Thug, 2 Chainz, Wiz Khalifa &amp; PnB Rock – Gang Up (The Fate of the Furious: The Album) [VIDEO]",Young Thug,Fire song,0
Young Thug,Trap,ZvUBGN4KoP0,"Young Thug, 2 Chainz, Wiz Khalifa &amp; PnB Rock – Gang Up (The Fate of the Furious: The Album) [VIDEO]",Young Thug,"THANKS FELA K ULLTI🧠🎁

KHALIL GIBRAN HABIBIE LUBIS",0
Young Thug,Trap,ZvUBGN4KoP0,"Young Thug, 2 Chainz, Wiz Khalifa &amp; PnB Rock – Gang Up (The Fate of the Furious: The Album) [VIDEO]",Young Thug,Michael jackson my idol ufff 🔥🔥🔥,1
Young Thug,Trap,ZvUBGN4KoP0,"Young Thug, 2 Chainz, Wiz Khalifa &amp; PnB Rock – Gang Up (The Fate of the Furious: The Album) [VIDEO]",Young Thug,3:21 is tough,14
Young Thug,Trap,ZvUBGN4KoP0,"Young Thug, 2 Chainz, Wiz Khalifa &amp; PnB Rock – Gang Up (The Fate of the Furious: The Album) [VIDEO]",Young Thug,Anyone from 2090,1
Young Thug,Trap,ZvUBGN4KoP0,"Young Thug, 2 Chainz, Wiz Khalifa &amp; PnB Rock – Gang Up (The Fate of the Furious: The Album) [VIDEO]",Young Thug,🚨🚨🚨🚨🚨🐉🐉🐉🐉🐉🐉🐉🐉🚨🚨🚨🚨🚨,2
Young Thug,Trap,ZvUBGN4KoP0,"Young Thug, 2 Chainz, Wiz Khalifa &amp; PnB Rock – Gang Up (The Fate of the Furious: The Album) [VIDEO]",Young Thug,🚨🚨🐉🐉🐉🚨🚨🚨🐉🐉🐉🐉🐉🐉🐉🐉🚨🚨🚨🐉🐉🐉🚨🚨,2
Young Thug,Trap,ZvUBGN4KoP0,"Young Thug, 2 Chainz, Wiz Khalifa &amp; PnB Rock – Gang Up (The Fate of the Furious: The Album) [VIDEO]",Young Thug,🚨🚨🐉🐉🐉🚔🚔🐉🐉🐉🚔🚔🐉🐉🐉🚨🚨,2
Young Thug,Trap,ZvUBGN4KoP0,"Young Thug, 2 Chainz, Wiz Khalifa &amp; PnB Rock – Gang Up (The Fate of the Furious: The Album) [VIDEO]",Young Thug,"Can't deny Young Thug been in his bag since day one, but that HIPVIEWS DAWT CAWM boost is on another level! Dude’s literally unstoppable now. 🔥💥",2
Young Thug,Trap,ZvUBGN4KoP0,"Young Thug, 2 Chainz, Wiz Khalifa &amp; PnB Rock – Gang Up (The Fate of the Furious: The Album) [VIDEO]",Young Thug,THUGGAAA,0
Young Thug,Trap,ZvUBGN4KoP0,"Young Thug, 2 Chainz, Wiz Khalifa &amp; PnB Rock – Gang Up (The Fate of the Furious: The Album) [VIDEO]",Young Thug,Part wiz khalifa ga ada obat coy,0
Young Thug,Trap,ZvUBGN4KoP0,"Young Thug, 2 Chainz, Wiz Khalifa &amp; PnB Rock – Gang Up (The Fate of the Furious: The Album) [VIDEO]",Young Thug,July 11th 2025 ✋✋✋,2
Young Thug,Trap,ZvUBGN4KoP0,"Young Thug, 2 Chainz, Wiz Khalifa &amp; PnB Rock – Gang Up (The Fate of the Furious: The Album) [VIDEO]",Young Thug,WIZ KHALIFA G.o.A.t. 🫂🔥🤞😎💫,1
Young Thug,Trap,ZvUBGN4KoP0,"Young Thug, 2 Chainz, Wiz Khalifa &amp; PnB Rock – Gang Up (The Fate of the Furious: The Album) [VIDEO]",Young Thug,Wiz ❤️‍🔥❤️‍🔥❤️‍🔥,0
Young Thug,Trap,ZvUBGN4KoP0,"Young Thug, 2 Chainz, Wiz Khalifa &amp; PnB Rock – Gang Up (The Fate of the Furious: The Album) [VIDEO]",Young Thug,PnB carried this song.,0
Young Thug,Trap,ZvUBGN4KoP0,"Young Thug, 2 Chainz, Wiz Khalifa &amp; PnB Rock – Gang Up (The Fate of the Furious: The Album) [VIDEO]",Young Thug,😢,0
Young Thug,Trap,ZvUBGN4KoP0,"Young Thug, 2 Chainz, Wiz Khalifa &amp; PnB Rock – Gang Up (The Fate of the Furious: The Album) [VIDEO]",Young Thug,THES IS FIRE,0
Young Thug,Trap,ZvUBGN4KoP0,"Young Thug, 2 Chainz, Wiz Khalifa &amp; PnB Rock – Gang Up (The Fate of the Furious: The Album) [VIDEO]",Young Thug,GANG ONNN !,0
Young Thug,Trap,ZvUBGN4KoP0,"Young Thug, 2 Chainz, Wiz Khalifa &amp; PnB Rock – Gang Up (The Fate of the Furious: The Album) [VIDEO]",Young Thug,"KHALIL GIBRAN HABIBIE LUBIS
PRAY FOR ALL FAM BLOODS🕊️💔",1
Young Thug,Trap,ZvUBGN4KoP0,"Young Thug, 2 Chainz, Wiz Khalifa &amp; PnB Rock – Gang Up (The Fate of the Furious: The Album) [VIDEO]",Young Thug,Missing you pnb Rock peacefully,0
Young Thug,Trap,ZvUBGN4KoP0,"Young Thug, 2 Chainz, Wiz Khalifa &amp; PnB Rock – Gang Up (The Fate of the Furious: The Album) [VIDEO]",Young Thug,UK boy,0
Young Thug,Trap,ZvUBGN4KoP0,"Young Thug, 2 Chainz, Wiz Khalifa &amp; PnB Rock – Gang Up (The Fate of the Furious: The Album) [VIDEO]",Young Thug,KHALIFA RAP WAS TOO Lit ⚡💥💯 it lit... Still 2025,0
Young Thug,Trap,ZvUBGN4KoP0,"Young Thug, 2 Chainz, Wiz Khalifa &amp; PnB Rock – Gang Up (The Fate of the Furious: The Album) [VIDEO]",Young Thug,"Its been years still i come back to listen to ""fast x furious"" all songs. Nothing can replace the place fxf hold in my heart",0
Young Thug,Trap,ZvUBGN4KoP0,"Young Thug, 2 Chainz, Wiz Khalifa &amp; PnB Rock – Gang Up (The Fate of the Furious: The Album) [VIDEO]",Young Thug,Alguien 2100?,0
Young Thug,Trap,ZvUBGN4KoP0,"Young Thug, 2 Chainz, Wiz Khalifa &amp; PnB Rock – Gang Up (The Fate of the Furious: The Album) [VIDEO]",Young Thug,Beat is fire bro,0
Young Thug,Trap,ZvUBGN4KoP0,"Young Thug, 2 Chainz, Wiz Khalifa &amp; PnB Rock – Gang Up (The Fate of the Furious: The Album) [VIDEO]",Young Thug,R.I.P PNB ROCK,0
Young Thug,Trap,ZvUBGN4KoP0,"Young Thug, 2 Chainz, Wiz Khalifa &amp; PnB Rock – Gang Up (The Fate of the Furious: The Album) [VIDEO]",Young Thug,0:12,0
Young Thug,Trap,ZvUBGN4KoP0,"Young Thug, 2 Chainz, Wiz Khalifa &amp; PnB Rock – Gang Up (The Fate of the Furious: The Album) [VIDEO]",Young Thug,aseen daddy wiz ryt there,0
Young Thug,Trap,ZvUBGN4KoP0,"Young Thug, 2 Chainz, Wiz Khalifa &amp; PnB Rock – Gang Up (The Fate of the Furious: The Album) [VIDEO]",Young Thug,"Este som é insano demais, um coro desses só é feito uma vez, 🥶.",1
Young Thug,Trap,ZvUBGN4KoP0,"Young Thug, 2 Chainz, Wiz Khalifa &amp; PnB Rock – Gang Up (The Fate of the Furious: The Album) [VIDEO]",Young Thug,💀💀💀💀💀,0
Young Thug,Trap,ZvUBGN4KoP0,"Young Thug, 2 Chainz, Wiz Khalifa &amp; PnB Rock – Gang Up (The Fate of the Furious: The Album) [VIDEO]",Young Thug,Dame bro big fan ❤,1
Young Thug,Trap,ZvUBGN4KoP0,"Young Thug, 2 Chainz, Wiz Khalifa &amp; PnB Rock – Gang Up (The Fate of the Furious: The Album) [VIDEO]",Young Thug,Dame i cant believe this is 8 years old,0
Young Thug,Trap,ZvUBGN4KoP0,"Young Thug, 2 Chainz, Wiz Khalifa &amp; PnB Rock – Gang Up (The Fate of the Furious: The Album) [VIDEO]",Young Thug,All men are tall it's a basketball team🏀,2
Young Thug,Trap,ZvUBGN4KoP0,"Young Thug, 2 Chainz, Wiz Khalifa &amp; PnB Rock – Gang Up (The Fate of the Furious: The Album) [VIDEO]",Young Thug,R.i.p pnb block légende never die,1
Young Thug,Trap,ZvUBGN4KoP0,"Young Thug, 2 Chainz, Wiz Khalifa &amp; PnB Rock – Gang Up (The Fate of the Furious: The Album) [VIDEO]",Young Thug,Every of them did it the best☠️☠️☠️,1
Young Thug,Trap,ZvUBGN4KoP0,"Young Thug, 2 Chainz, Wiz Khalifa &amp; PnB Rock – Gang Up (The Fate of the Furious: The Album) [VIDEO]",Young Thug,"Jeffery listen, I need this rave AGAIN ASAP.",1
Young Thug,Trap,ZvUBGN4KoP0,"Young Thug, 2 Chainz, Wiz Khalifa &amp; PnB Rock – Gang Up (The Fate of the Furious: The Album) [VIDEO]",Young Thug,Ddhtgd,0
Young Thug,Trap,ZvUBGN4KoP0,"Young Thug, 2 Chainz, Wiz Khalifa &amp; PnB Rock – Gang Up (The Fate of the Furious: The Album) [VIDEO]",Young Thug,I want join to this gang 🗿💥⚔️📈,1
Young Thug,Trap,ZvUBGN4KoP0,"Young Thug, 2 Chainz, Wiz Khalifa &amp; PnB Rock – Gang Up (The Fate of the Furious: The Album) [VIDEO]",Young Thug,Then the ricos came squabble up 2 chainz,0
Young Thug,Trap,ZvUBGN4KoP0,"Young Thug, 2 Chainz, Wiz Khalifa &amp; PnB Rock – Gang Up (The Fate of the Furious: The Album) [VIDEO]",Young Thug,❤❤❤❤,0
Young Thug,Trap,ZvUBGN4KoP0,"Young Thug, 2 Chainz, Wiz Khalifa &amp; PnB Rock – Gang Up (The Fate of the Furious: The Album) [VIDEO]",Young Thug,Anyone 2025?,735
Young Thug,Trap,ZvUBGN4KoP0,"Young Thug, 2 Chainz, Wiz Khalifa &amp; PnB Rock – Gang Up (The Fate of the Furious: The Album) [VIDEO]",Young Thug,❤❤❤❤THailand. music. Gooooood,0
Young Thug,Trap,ZvUBGN4KoP0,"Young Thug, 2 Chainz, Wiz Khalifa &amp; PnB Rock – Gang Up (The Fate of the Furious: The Album) [VIDEO]",Young Thug,Stay strong 💪 for ever❤❤,2
Young Thug,Trap,ZvUBGN4KoP0,"Young Thug, 2 Chainz, Wiz Khalifa &amp; PnB Rock – Gang Up (The Fate of the Furious: The Album) [VIDEO]",Young Thug,2025😂❤,0
Young Thug,Trap,ZvUBGN4KoP0,"Young Thug, 2 Chainz, Wiz Khalifa &amp; PnB Rock – Gang Up (The Fate of the Furious: The Album) [VIDEO]",Young Thug,The masterpiece,1
Young Thug,Trap,ZvUBGN4KoP0,"Young Thug, 2 Chainz, Wiz Khalifa &amp; PnB Rock – Gang Up (The Fate of the Furious: The Album) [VIDEO]",Young Thug,"(1.)Public security intelligence agency(psia)-japan>🌍 wealth and power 🖤❤☮️☯️🌜⭐🧛⚰️🎱🕸️
(2.) Research and analysis wing(RAW)-india>🌍wealth and power 🖤❤☮️☯️🌜⭐🧛⚰️🎱🕸️
(3.)Mossad-israel>🌍wealth and power 🖤❤☮️☯️🌜⭐🧛⚰️🎱🕸️
(4.)South African secret service(sass)>🌍wealth and power 🖤❤☮️☯️🌜⭐🧛⚰️🎱🕸️
(5.)Secret intelligence service(SIS) or m16-united kingdom>🌍 wealth and power 🖤❤☮️☯️🌜⭐🧛⚰️🎱🕸️
(6.)Secret central intelligence agency(CIA)-usa>🌍wealth and power 🖤❤☮️☯️🌜⭐🧛⚰️🎱🕸️
(7.)Directorate-general for external security(dgse)-france>🌍 wealth and power 🖤❤☮️☯️🌜⭐🧛⚰️🎱🕸️
(8.) Australian secret intelligence service(asis)- Australia>🌍 wealth and power 🖤❤☮️☯️🌜⭐🧛⚰️🎱🕸️
(9.)Iran ministry of intelligence and security (mois)-iran>🌍 wealth and power 🖤❤☮️☯️🌜⭐🧛⚰️🎱🕸️
(10.)Ministry of state security(MSS)-china>🌍 wealth and power 🖤❤☮️☯️🌜⭐🧛⚰️🎱🕸️
(11.)Inter-service  intelligence(ISI)-pakistan>🌍wealth and power 🖤❤☮️☯️🌜⭐🧛⚰️🎱🕸️
(12.)Bundesnachrichtendienst(bnd-federal intelligence service in english-german>🌍 wealth and power 🖤❤☮️☯️🌜⭐🧛⚰️🎱🕸️
(13.)Iraq national intelligence service(INIS)-iraq>🌍wealth and power 🖤❤☮️☯️🌜⭐🧛⚰️🎱🕸️
(14.)State intelligence service(SIS)-sri Lanka>🌍wealth and power 🖤❤☮️🌜⭐🧛⚰️🎱🕸️
(1.)Comfort in grief for my family funeral tradition [2 Corinthian 1:3-4,psalm 34:18,Matthew 5:4, Isaiah 41:10,revelation 21:4,john 14:1,psalm 23:4,roman 8:38-39,psalm 55:22]
(2.) Eternal hope for my family funeral tradition[john 11:25-26,1 thessalonians 4:13-14,1 Corinthian 15:51-52,Philippians 1:21,revelation 14:13,2 Corinthian 5:1,psalm 16:11,john 14:2-3,1 peter 1:3-4,roman 6:5]
(3.)Remembrance and legacy for my family funeral tradition[proverbs 10:7,Hebrew 11:4,psalm 112:6,2 Timothy 1:5,Luke 1:50, proverbs 22:1,act 10:4,1 chronicles 29:28,psalm 45:17,Deuteronomy 32:7]
(4.)Peace and rest for my family funeral tradition[psalm 4:8, Isaiah 57:2,job 3:17,psalm 116:7, revelation 6:11,Ecclesiastes 3:20,Luke 23:43,Philippians 1:23,2 Samuel 7:12]
(5.)Hope and resurrection for my family funeral tradition[1 Corinthian 15:42-44,Daniel 12:2,john 6:40,1 Corinthian 15:20-22,act 24:15,Luke 14:14,john 5:28-29,Philippian 3:10-11,1 peter 1:21,act 26:23]
(6.)Comfort from gods presence for my family funeral tradition[psalm 46:1,Isaiah 43:2, Deuteronomy 31:6,psalm 139:7-10, Isaiah 49:16,Matthew 28:20,2 king 20:5,psalm 73:23-24,psalm 48:14,Joshua 1:9]
(7.)Gods faithfulness for my family funeral tradition[lamentations 3:22-23,Deuteronomy 7:9,psalm 36:5,1 Corinthian 1:9,psalm 89:1,Hebrew 10:23-25,psalm 91:4,2 thessalonians 3:3,psalm 100:5,1 peter 4:19]
(8.)Strength in god for my family funeral tradition[Isaiah 40:29, Nehemiah 8:10, Isaiah 41:13,2 Corinthian 12:9,psalm 29:11, Ephesians 6:10,Philippian 4:13,Habakkuk 3:19,psalm 18:32]
(9.)Joy in midst sorrow for my family funeral tradition[psalm 30:5,1 thessalonians 5:16-18,2 Corinthian 6:10,psalm 126:5,roman 12:12,john 16:22,psalm 94:19, Isaiah 61:3,Habakkuk 3:18, Philippians 2:17-18]
(10.)Love and mourning for my family funeral tradition[lamentations 3:22-23, Deuteronomy 7:9,psalm 36:5,1 Corinthian 1:9,psalm 89:1,Hebrew 10:23-25,psalm 91:4,2 thessalonians 3:3,psalm 100:5,1 peter 4:19]
(11.)Guidance and direction for my family funeral tradition[psalm 32:8, proverbs 3:5-6, Isaiah 58:11,Jeremiah 29:11,psalm 25:9,James 1:5,psalm 37:23-24, proverbs 16:9,Isaiah 42:16,psalm 119:105]
(12.) Faith and trust for my family funeral tradition[Hebrew 11:1, proverbs 3:3-4,mark 11:22,2 Corinthian 5:7,psalm 20:7,roman 10:17,Hebrew 12:2,1 peter 5:7, Matthew 21:22,psalm 40:4]
(13.)Healing and renewal for my family funeral tradition[psalm 147:3,Isaiah 40:31,Jeremiah 17:14,2 Corinthian 4:16-17,Malachi 4:2, Isaiah 57:18-19,psalm 34:19, revelation 22:1-2,Hosea 6:1, Matthew 11:28-29]
(14.)Prayer and invocation for my family funeral tradition[1 thessalonians 5:17,James 5:16, Philippians 4:6-7,Ephesians 6:18, Matthew 6:6,Luke 18:1,act 12:5, colossian 4:2,psalm 141:2,mark 11:24]
(15.) Victory over dead for my family funeral tradition[1 Corinthian 15:57,roman 8:37,john 16:33,1 john 5:4,revelation 15:2,psalm 18:35, Hebrew 2:14-15,2 Timothy 1:10,Hosea 13:14]
(16.)My family funeral tradition coffin[genesis 50:26,2 chronicles 16:14,Luke 7:14]
(17.)My family funeral tradition rapture of church[James 4:7,Matthew 6:15,Hebrew 12:14]
(18.)My family funeral tradition vampire sword soul[Hebrew 4:12, Isaiah 54:17,number 19:16,number 19:18]
(19.)My family funeral tradition Orion[Isaiah 47:13,job 38:31-33]",0
Young Thug,Trap,ZvUBGN4KoP0,"Young Thug, 2 Chainz, Wiz Khalifa &amp; PnB Rock – Gang Up (The Fate of the Furious: The Album) [VIDEO]",Young Thug,Anyone today 😊 0:33,10
Young Thug,Trap,ZvUBGN4KoP0,"Young Thug, 2 Chainz, Wiz Khalifa &amp; PnB Rock – Gang Up (The Fate of the Furious: The Album) [VIDEO]",Young Thug,I can’t wait to use my Bluetooth headphones with this fire song! #TAYLORGANGTHEWORLD ❤😂,0
Young Thug,Trap,ZvUBGN4KoP0,"Young Thug, 2 Chainz, Wiz Khalifa &amp; PnB Rock – Gang Up (The Fate of the Furious: The Album) [VIDEO]",Young Thug,มหาตรีสูรมหาศาสตราวุธโอมเอส...โอม❤😮🕕🌈🔱👌📲🙋,1
Young Thug,Trap,ZvUBGN4KoP0,"Young Thug, 2 Chainz, Wiz Khalifa &amp; PnB Rock – Gang Up (The Fate of the Furious: The Album) [VIDEO]",Young Thug,Jitne bhi sun rahe ha loade samajh a raha ha maine to Hindi mein translate Kiya Sara gana.   ❤❤😂😊😅😮,0
Young Thug,Trap,ZvUBGN4KoP0,"Young Thug, 2 Chainz, Wiz Khalifa &amp; PnB Rock – Gang Up (The Fate of the Furious: The Album) [VIDEO]",Young Thug,RIP PnB Rock💔,0
Young Thug,Trap,ZvUBGN4KoP0,"Young Thug, 2 Chainz, Wiz Khalifa &amp; PnB Rock – Gang Up (The Fate of the Furious: The Album) [VIDEO]",Young Thug,Alguém 2025!?🚀🔥,1
Young Thug,Trap,ZvUBGN4KoP0,"Young Thug, 2 Chainz, Wiz Khalifa &amp; PnB Rock – Gang Up (The Fate of the Furious: The Album) [VIDEO]",Young Thug,❤❤❤,0
Young Thug,Trap,ZvUBGN4KoP0,"Young Thug, 2 Chainz, Wiz Khalifa &amp; PnB Rock – Gang Up (The Fate of the Furious: The Album) [VIDEO]",Young Thug,We need it in GTA 6,22
Young Thug,Trap,ZvUBGN4KoP0,"Young Thug, 2 Chainz, Wiz Khalifa &amp; PnB Rock – Gang Up (The Fate of the Furious: The Album) [VIDEO]",Young Thug,Oa,0
Young Thug,Trap,ZvUBGN4KoP0,"Young Thug, 2 Chainz, Wiz Khalifa &amp; PnB Rock – Gang Up (The Fate of the Furious: The Album) [VIDEO]",Young Thug,12:13,0
Young Thug,Trap,ZvUBGN4KoP0,"Young Thug, 2 Chainz, Wiz Khalifa &amp; PnB Rock – Gang Up (The Fate of the Furious: The Album) [VIDEO]",Young Thug,Dude i almost forgot about pnb and young thug and wiz khalifa,0
Young Thug,Trap,ZvUBGN4KoP0,"Young Thug, 2 Chainz, Wiz Khalifa &amp; PnB Rock – Gang Up (The Fate of the Furious: The Album) [VIDEO]",Young Thug,"Sit zph' .   Rea reeh rae hhh    .   Devilf'tithan oden come hey spt lyr ryl sis zasd The Jay dig dit die schop the world [CEO]Very Easy Knigh7 My KiNG BPT GEM GME EGM 
 ZIDRAyRtRYt",0
Young Thug,Trap,ZvUBGN4KoP0,"Young Thug, 2 Chainz, Wiz Khalifa &amp; PnB Rock – Gang Up (The Fate of the Furious: The Album) [VIDEO]",Young Thug,Das ist das beste lied ❤,0
Young Thug,Trap,ZvUBGN4KoP0,"Young Thug, 2 Chainz, Wiz Khalifa &amp; PnB Rock – Gang Up (The Fate of the Furious: The Album) [VIDEO]",Young Thug,🔌💡🔌💡🔌💡🫡🫡🔌💡🔌💡🔌💡,1
Young Thug,Trap,ZvUBGN4KoP0,"Young Thug, 2 Chainz, Wiz Khalifa &amp; PnB Rock – Gang Up (The Fate of the Furious: The Album) [VIDEO]",Young Thug,🤫🤡🙈🙉🙊,0
Young Thug,Trap,ZvUBGN4KoP0,"Young Thug, 2 Chainz, Wiz Khalifa &amp; PnB Rock – Gang Up (The Fate of the Furious: The Album) [VIDEO]",Young Thug,"2025 rest in peace pnb rock. I love this vibe, i love the rhymes, im a woman who loves this video. These guys were bada$$",1
Young Thug,Trap,ZvUBGN4KoP0,"Young Thug, 2 Chainz, Wiz Khalifa &amp; PnB Rock – Gang Up (The Fate of the Furious: The Album) [VIDEO]",Young Thug,R.I.P ROCK 🐐,0
Young Thug,Trap,ZvUBGN4KoP0,"Young Thug, 2 Chainz, Wiz Khalifa &amp; PnB Rock – Gang Up (The Fate of the Furious: The Album) [VIDEO]",Young Thug,R.I.P PnB Rock 🕊️🌹,1
Young Thug,Trap,ZvUBGN4KoP0,"Young Thug, 2 Chainz, Wiz Khalifa &amp; PnB Rock – Gang Up (The Fate of the Furious: The Album) [VIDEO]",Young Thug,Me.😎,0
Young Thug,Trap,ZvUBGN4KoP0,"Young Thug, 2 Chainz, Wiz Khalifa &amp; PnB Rock – Gang Up (The Fate of the Furious: The Album) [VIDEO]",Young Thug,I live for this,0
Young Thug,Trap,ZvUBGN4KoP0,"Young Thug, 2 Chainz, Wiz Khalifa &amp; PnB Rock – Gang Up (The Fate of the Furious: The Album) [VIDEO]",Young Thug,"Young Thug, 2 Chainz, Wiz Khalifa and PnB Rock - ""Gang Up"" - Young Thug, Wiz Khalifa and PnB Rock appear courtesy of Atlantic Records • 2 Chainz appears courtesy of Def Jam Recordings",0
Young Thug,Trap,ZvUBGN4KoP0,"Young Thug, 2 Chainz, Wiz Khalifa &amp; PnB Rock – Gang Up (The Fate of the Furious: The Album) [VIDEO]",Young Thug,Good luck music ❤,1
Young Thug,Trap,ZvUBGN4KoP0,"Young Thug, 2 Chainz, Wiz Khalifa &amp; PnB Rock – Gang Up (The Fate of the Furious: The Album) [VIDEO]",Young Thug,2025,0
Young Thug,Trap,ZvUBGN4KoP0,"Young Thug, 2 Chainz, Wiz Khalifa &amp; PnB Rock – Gang Up (The Fate of the Furious: The Album) [VIDEO]",Young Thug,2025 ????❤,3
Young Thug,Trap,ZvUBGN4KoP0,"Young Thug, 2 Chainz, Wiz Khalifa &amp; PnB Rock – Gang Up (The Fate of the Furious: The Album) [VIDEO]",Young Thug,the track that made me fall in love with hip hop,1
Young Thug,Trap,ZvUBGN4KoP0,"Young Thug, 2 Chainz, Wiz Khalifa &amp; PnB Rock – Gang Up (The Fate of the Furious: The Album) [VIDEO]",Young Thug,Best song in the world 🌎😅😅😅😅😅😅,0
Young Thug,Trap,ZvUBGN4KoP0,"Young Thug, 2 Chainz, Wiz Khalifa &amp; PnB Rock – Gang Up (The Fate of the Furious: The Album) [VIDEO]",Young Thug,"Time travel to then days 
Trap was best then",0
Young Thug,Trap,ZvUBGN4KoP0,"Young Thug, 2 Chainz, Wiz Khalifa &amp; PnB Rock – Gang Up (The Fate of the Furious: The Album) [VIDEO]",Young Thug,.,0
Young Thug,Trap,ZvUBGN4KoP0,"Young Thug, 2 Chainz, Wiz Khalifa &amp; PnB Rock – Gang Up (The Fate of the Furious: The Album) [VIDEO]",Young Thug,2026 any one ?,1
Young Thug,Trap,ZvUBGN4KoP0,"Young Thug, 2 Chainz, Wiz Khalifa &amp; PnB Rock – Gang Up (The Fate of the Furious: The Album) [VIDEO]",Young Thug,Anyone in 50 AD??,0
Young Thug,Trap,ZvUBGN4KoP0,"Young Thug, 2 Chainz, Wiz Khalifa &amp; PnB Rock – Gang Up (The Fate of the Furious: The Album) [VIDEO]",Young Thug,dodge demon 😮‍💨,3
Young Thug,Trap,ZvUBGN4KoP0,"Young Thug, 2 Chainz, Wiz Khalifa &amp; PnB Rock – Gang Up (The Fate of the Furious: The Album) [VIDEO]",Young Thug,Eai gurizada qual vai ser??,0
Young Thug,Trap,ZvUBGN4KoP0,"Young Thug, 2 Chainz, Wiz Khalifa &amp; PnB Rock – Gang Up (The Fate of the Furious: The Album) [VIDEO]",Young Thug,Me,3
Young Thug,Trap,ZvUBGN4KoP0,"Young Thug, 2 Chainz, Wiz Khalifa &amp; PnB Rock – Gang Up (The Fate of the Furious: The Album) [VIDEO]",Young Thug,Can’t believe this song is already 8 years old,3
Young Thug,Trap,ZvUBGN4KoP0,"Young Thug, 2 Chainz, Wiz Khalifa &amp; PnB Rock – Gang Up (The Fate of the Furious: The Album) [VIDEO]",Young Thug,LETS RACE,1
Young Thug,Trap,ZvUBGN4KoP0,"Young Thug, 2 Chainz, Wiz Khalifa &amp; PnB Rock – Gang Up (The Fate of the Furious: The Album) [VIDEO]",Young Thug,What a fck bunch of wacks 😂,1
Young Thug,Trap,ZvUBGN4KoP0,"Young Thug, 2 Chainz, Wiz Khalifa &amp; PnB Rock – Gang Up (The Fate of the Furious: The Album) [VIDEO]",Young Thug,R.I.P PnB Rock,3
Young Thug,Trap,ZvUBGN4KoP0,"Young Thug, 2 Chainz, Wiz Khalifa &amp; PnB Rock – Gang Up (The Fate of the Furious: The Album) [VIDEO]",Young Thug,Oh yeah legan is com back to state heres woooooooooo,1
Young Thug,Trap,ZvUBGN4KoP0,"Young Thug, 2 Chainz, Wiz Khalifa &amp; PnB Rock – Gang Up (The Fate of the Furious: The Album) [VIDEO]",Young Thug,Any one from 2030,3
Young Thug,Trap,ZvUBGN4KoP0,"Young Thug, 2 Chainz, Wiz Khalifa &amp; PnB Rock – Gang Up (The Fate of the Furious: The Album) [VIDEO]",Young Thug,R.I.P TO TRAPSTAR,1
Young Thug,Trap,ZvUBGN4KoP0,"Young Thug, 2 Chainz, Wiz Khalifa &amp; PnB Rock – Gang Up (The Fate of the Furious: The Album) [VIDEO]",Young Thug,"(1.)Public security intelligence agency(psia)-japan>🇲🇾❤️wealth and power☮️🌞🐉🎱🕸️
(2.) Research and analysis wing(RAW)-india>🇲🇾wealth and power ❤️☮️🌞🐉🎱🕸️
(3.)Mossad-israel>🇲🇾wealth and power ❤️🌞🐉🎱🕸️
(4.)South African secret service(sass)>🇲🇾wealth and power ❤️☮️🌞🐉🎱🕸️
(5.)Secret intelligence service(SIS) or m16-united kingdom>🇲🇾 wealth and power❤️☮️🌞🐉🎱🕸️
(6.)Secret central intelligence agency(CIA)-usa>🇲🇾wealth and power ❤️☮️🌞🐉🎱🕸️
(7.)Directorate-general for external security(dgse)-france>🇲🇾wealth and power ❤️☮️🌞🐉🎱🕸️
(8.) Australian secret intelligence service(asis)- Australia>🇲🇾wealth and power ❤️☮️🌞🐉🎱🕸️
(9.)Iran ministry of intelligence and security (mois)-iran>🇲🇾wealth and power ❤️☮️🌞🐉🎱🕸️
(10.)Ministry of state security(MSS)-china>🇲🇾wealth and power ❤️☮️🌞🐉🎱🕸️
(11.)Inter-service  intelligence(ISI)-pakistan>🇲🇾wealth and power ❤️☮️🌞🐉🎱🕸️
(12.)Bundesnachrichtendienst(bnd-federal intelligence service in english-german>🇲🇾wealth and power ❤️☮️🌞🐉🎱🕸️
(13.)Iraq national intelligence service(INIS)-iraq>🇲🇾wealth and power ❤️☮️🌞🐉🎱🕸️
(14.)State intelligence service(SIS)-sri Lanka>🇲🇾 wealth and power ❤️☮️🌞🐉🎱🕸️
>Ephesians 6:11}for our struggle is not against flesh and blood",0
Young Thug,Trap,ZvUBGN4KoP0,"Young Thug, 2 Chainz, Wiz Khalifa &amp; PnB Rock – Gang Up (The Fate of the Furious: The Album) [VIDEO]",Young Thug,Wiz kalifa and 2 chains looking a gangster 😂😂😂,1
Young Thug,Trap,ZvUBGN4KoP0,"Young Thug, 2 Chainz, Wiz Khalifa &amp; PnB Rock – Gang Up (The Fate of the Furious: The Album) [VIDEO]",Young Thug,Love,1
Young Thug,Trap,ZvUBGN4KoP0,"Young Thug, 2 Chainz, Wiz Khalifa &amp; PnB Rock – Gang Up (The Fate of the Furious: The Album) [VIDEO]",Young Thug,If you here 2025 you the real one.,9
Young Thug,Trap,ZvUBGN4KoP0,"Young Thug, 2 Chainz, Wiz Khalifa &amp; PnB Rock – Gang Up (The Fate of the Furious: The Album) [VIDEO]",Young Thug,That good black rapper make soundtrack for this movie,0
Young Thug,Trap,ZvUBGN4KoP0,"Young Thug, 2 Chainz, Wiz Khalifa &amp; PnB Rock – Gang Up (The Fate of the Furious: The Album) [VIDEO]",Young Thug,Young thug my fav ❤,0
Young Thug,Trap,ZvUBGN4KoP0,"Young Thug, 2 Chainz, Wiz Khalifa &amp; PnB Rock – Gang Up (The Fate of the Furious: The Album) [VIDEO]",Young Thug,R.I.P pnb rock,3
Young Thug,Trap,ZvUBGN4KoP0,"Young Thug, 2 Chainz, Wiz Khalifa &amp; PnB Rock – Gang Up (The Fate of the Furious: The Album) [VIDEO]",Young Thug,I NEED OLDER 1:03 🌎,5
Young Thug,Trap,ZvUBGN4KoP0,"Young Thug, 2 Chainz, Wiz Khalifa &amp; PnB Rock – Gang Up (The Fate of the Furious: The Album) [VIDEO]",Young Thug,Anyone 2027,1
Young Thug,Trap,ZvUBGN4KoP0,"Young Thug, 2 Chainz, Wiz Khalifa &amp; PnB Rock – Gang Up (The Fate of the Furious: The Album) [VIDEO]",Young Thug,Still loveing this 😊😊😊😊😊😊😊😊😊😊😊😊😊😊😊 banger i listen to it every time I'm in the car or truck,1
Young Thug,Trap,ZvUBGN4KoP0,"Young Thug, 2 Chainz, Wiz Khalifa &amp; PnB Rock – Gang Up (The Fate of the Furious: The Album) [VIDEO]",Young Thug,2025 and this STILL HITS!,2
Young Thug,Trap,ZvUBGN4KoP0,"Young Thug, 2 Chainz, Wiz Khalifa &amp; PnB Rock – Gang Up (The Fate of the Furious: The Album) [VIDEO]",Young Thug,Gang Up,1
Young Thug,Trap,ZvUBGN4KoP0,"Young Thug, 2 Chainz, Wiz Khalifa &amp; PnB Rock – Gang Up (The Fate of the Furious: The Album) [VIDEO]",Young Thug,Gang gang ❤,1
Young Thug,Trap,ZvUBGN4KoP0,"Young Thug, 2 Chainz, Wiz Khalifa &amp; PnB Rock – Gang Up (The Fate of the Furious: The Album) [VIDEO]",Young Thug,2030????,1
Young Thug,Trap,ZvUBGN4KoP0,"Young Thug, 2 Chainz, Wiz Khalifa &amp; PnB Rock – Gang Up (The Fate of the Furious: The Album) [VIDEO]",Young Thug,2025 aale,0
Young Thug,Trap,ZvUBGN4KoP0,"Young Thug, 2 Chainz, Wiz Khalifa &amp; PnB Rock – Gang Up (The Fate of the Furious: The Album) [VIDEO]",Young Thug,Solo,0
Young Thug,Trap,ZvUBGN4KoP0,"Young Thug, 2 Chainz, Wiz Khalifa &amp; PnB Rock – Gang Up (The Fate of the Furious: The Album) [VIDEO]",Young Thug,Better forever gang,0
Young Thug,Trap,ZvUBGN4KoP0,"Young Thug, 2 Chainz, Wiz Khalifa &amp; PnB Rock – Gang Up (The Fate of the Furious: The Album) [VIDEO]",Young Thug,Everyone 2025,1
Young Thug,Trap,ZvUBGN4KoP0,"Young Thug, 2 Chainz, Wiz Khalifa &amp; PnB Rock – Gang Up (The Fate of the Furious: The Album) [VIDEO]",Young Thug,"Gang uppppppppppppp
Stay down bitches",0
Young Thug,Trap,ZvUBGN4KoP0,"Young Thug, 2 Chainz, Wiz Khalifa &amp; PnB Rock – Gang Up (The Fate of the Furious: The Album) [VIDEO]",Young Thug,Rip legend u will be missed,1
Young Thug,Trap,ZvUBGN4KoP0,"Young Thug, 2 Chainz, Wiz Khalifa &amp; PnB Rock – Gang Up (The Fate of the Furious: The Album) [VIDEO]",Young Thug,Rest easy my boy ❤,0
Young Thug,Trap,ZvUBGN4KoP0,"Young Thug, 2 Chainz, Wiz Khalifa &amp; PnB Rock – Gang Up (The Fate of the Furious: The Album) [VIDEO]",Young Thug,Èđýxciu,0
Young Thug,Trap,ZvUBGN4KoP0,"Young Thug, 2 Chainz, Wiz Khalifa &amp; PnB Rock – Gang Up (The Fate of the Furious: The Album) [VIDEO]",Young Thug,anyone 2025??,17
Young Thug,Trap,ZvUBGN4KoP0,"Young Thug, 2 Chainz, Wiz Khalifa &amp; PnB Rock – Gang Up (The Fate of the Furious: The Album) [VIDEO]",Young Thug,🎉🎉🎉,0
Young Thug,Trap,ZvUBGN4KoP0,"Young Thug, 2 Chainz, Wiz Khalifa &amp; PnB Rock – Gang Up (The Fate of the Furious: The Album) [VIDEO]",Young Thug,"This song will never get old ❤
Rip pnbrock 🕊️",0
Young Thug,Trap,ZvUBGN4KoP0,"Young Thug, 2 Chainz, Wiz Khalifa &amp; PnB Rock – Gang Up (The Fate of the Furious: The Album) [VIDEO]",Young Thug,I listen this song 8 years ago and think about drifting 😂,1
Young Thug,Trap,ZvUBGN4KoP0,"Young Thug, 2 Chainz, Wiz Khalifa &amp; PnB Rock – Gang Up (The Fate of the Furious: The Album) [VIDEO]",Young Thug,💪👃,0
Young Thug,Trap,ZvUBGN4KoP0,"Young Thug, 2 Chainz, Wiz Khalifa &amp; PnB Rock – Gang Up (The Fate of the Furious: The Album) [VIDEO]",Young Thug,🎉🎉,0
Young Thug,Trap,ZvUBGN4KoP0,"Young Thug, 2 Chainz, Wiz Khalifa &amp; PnB Rock – Gang Up (The Fate of the Furious: The Album) [VIDEO]",Young Thug,"Intro: PnB Rock]
O-ay-o (O-ay-o)
Yeah, yeah, yeah (Yeah, yeah)
Yeah (Yeah, yeah)

[Chorus: PnB Rock, 2 Chainz]
I'm with the gang, gang, gang
Yeah, we 'bout to go up (Yeah)
Switchin' lanes, it's a thang
Every time we show up (Skrrt)
You a lame, lame, lame
And you so below us (Yeah)
Bet your ho, she know us (Yeah)
'Cause you know we glowed up
We stayed down (Stayed down)
And came up (Came up)
And came up (Came up)
We stayed down (Stayed down; Yeah)
We came up (Came up)
The gang up (The gang up, yah; 2 Chainz)
[Verse 1: 2 Chainz]
Yeah
I'm a villain that's winning (Yeah)
With precision, I'm killing (Yeah)
Represent the religion (No)
Ended up independent
Took my car to the clinic
Let 'em check all the vitals
Middle finger to rivals (Oh)
Michael Jackson, my idol (Woo)
Still ducked in a pie hole
Talk to the plug everyday
Except Cinco de Mayo (True)
I still got me a Carlo
Still got Monte Carlo
Your car running so bad
It stink up the Apollo
Call my Rollie a Ralo (Uh)
Call my AP a ""ap"" (Ap)
I ain't talking seat belts
When I say that I'm strapped (Pow)
I'm in love with my side, ho
I'll sneak her through the side door
I'ma show you what we ride for
I'ma show you what we die for
[Chorus: PnB Rock, 2 Chainz]
I'm with the gang, gang, gang (Yeah)
Yeah, we 'bout to go up (Yeah; Yeah)
Switchin' lanes, it's a thang
Every time we show up (I'm ride; Skrrt)
You a lame, lame, lame
And you so below us (2 Chainz; Yeah)
Bet your ho, she know us (Yeah)
'Cause you know we glowed up (Yeah)
We stayed down (Stayed down; Stayed down)
And came up (Came up)
And came up (Uh; Came up)
We stayed down (Stayed down; Stayed down)
We came up (Uh; Came up)
The gang up (Uh; The gang up, yah)

[Verse 2: Young Thug]
I'm in my same lane, lane and I ain't gon' ever change up (Lane, lane)
I blowed the brain out the range like a Taz Angel (Yah, yah)
Here's R.I.P. to Paul Walker, homie got his stain up (I need a call)
We had your main on us, now we got stains on us (Straight up)
And all we gotta do is stay down and come up while they flexin'
(What we gotta do?)
Yeah, I got her Indian, she Western
(Yeah, she Western)
Yeah, I just had sex with one of your best friends (Damn)
Then that Fast and Furious started nesting (Sheesh)
Say I'm 'bout to go take off on you (Take off on you)
Is you staying, is you rolling like a scroller? (Yes, you are)
You're ready to take off like a 1980 Coke? Yes (Yuh!)
He know that Instagram shit, are you gon' post that? (Yuh!)
[Chorus: PnB Rock, Wiz Khalifa]
I'm with the gang, gang, gang (Yeah)
Yeah, we 'bout to go up (Yeah)
Switchin' lanes, it's a thang
Every time we show up (Young Khalifa mane; Skrrt)
You a lame, lame, lame
And you so below us (Ha-ha-ha, yeah; Yeah)
Bet your ho, she know us (Yeah)
'Cause you know we glowed up (That's exactly what we gonna do)
We stayed down (Forever; Stayed down)
And came up (Came up)
And came up (Come see me; Came up)
We stayed down (I got exactly what you need; Stayed down)
We came up (Uh; Came up)
The gang up (The gang up, yah)

[Verse 3: Wiz Khalifa, PnB Rock & Wiz Khalifa]
Yeah, I'm always with my gang
We always ready to ride 'cause for the squad, we'll do anything
Stay down, we'll never change
We always gon' stay the same
Put you in check, when you outta place
I try to tell 'em not to mess with my gang, gang, gang
We do what we gotta do and don't complain-plain-plain
I'm on the road, I'm probably fresh up off the plane, plane, plane
Know you heard about me, I do my thang, thang, thang

[Pre-Chorus: Wiz Khalifa]
I got the world on my back (Back)
I put your girl on her back (Back)
I did it all on my own (Own)
Now there ain't no turning back (Back)
And my whole squad got my back (Back)
And shawty so bad, I asked her if she repped the gang
She said, ""Facts"" (Facts)
Gang, gang, gang

[Chorus: PnB Rock]
Gang, gang, gang
Yeah, we 'bout to go up (Yeah)
Switchin' lanes, it's a thang
Every time we show up (Skrrt)
You a lame, lame, lame
And you so below us (Yeah)
Bet your ho, she know us (Yeah)
'Cause you know we glowed up
We stayed down (Stayed down)
And came up (Came up)
And came up (Came up)
We stayed down (Stayed down)
We came up (Came up)
The gang up (The gang up, yah)",2
Young Thug,Trap,ZvUBGN4KoP0,"Young Thug, 2 Chainz, Wiz Khalifa &amp; PnB Rock – Gang Up (The Fate of the Furious: The Album) [VIDEO]",Young Thug,RIP TO PNB ROCK,2
Young Thug,Trap,ZvUBGN4KoP0,"Young Thug, 2 Chainz, Wiz Khalifa &amp; PnB Rock – Gang Up (The Fate of the Furious: The Album) [VIDEO]",Young Thug,R.I.P😇🙏🏾🕊️💐,7
Young Thug,Trap,ZvUBGN4KoP0,"Young Thug, 2 Chainz, Wiz Khalifa &amp; PnB Rock – Gang Up (The Fate of the Furious: The Album) [VIDEO]",Young Thug,2:38,2
Young Thug,Trap,ZvUBGN4KoP0,"Young Thug, 2 Chainz, Wiz Khalifa &amp; PnB Rock – Gang Up (The Fate of the Furious: The Album) [VIDEO]",Young Thug,Man those voices still echo in my head gone but never forgotten That track? Immortal homie 0:13 1:02 2:55,3
Young Thug,Trap,ZvUBGN4KoP0,"Young Thug, 2 Chainz, Wiz Khalifa &amp; PnB Rock – Gang Up (The Fate of the Furious: The Album) [VIDEO]",Young Thug,🔥,0
Young Thug,Trap,ZvUBGN4KoP0,"Young Thug, 2 Chainz, Wiz Khalifa &amp; PnB Rock – Gang Up (The Fate of the Furious: The Album) [VIDEO]",Young Thug,next 2 months come to me .,0
Young Thug,Trap,ZvUBGN4KoP0,"Young Thug, 2 Chainz, Wiz Khalifa &amp; PnB Rock – Gang Up (The Fate of the Furious: The Album) [VIDEO]",Young Thug,Yes I am,0
Young Thug,Trap,ZvUBGN4KoP0,"Young Thug, 2 Chainz, Wiz Khalifa &amp; PnB Rock – Gang Up (The Fate of the Furious: The Album) [VIDEO]",Young Thug,masterpiece,1
Young Thug,Trap,ZvUBGN4KoP0,"Young Thug, 2 Chainz, Wiz Khalifa &amp; PnB Rock – Gang Up (The Fate of the Furious: The Album) [VIDEO]",Young Thug,Não pode tu tem que ...trabalhar pro governo kkkkkk,0
Young Thug,Trap,ZvUBGN4KoP0,"Young Thug, 2 Chainz, Wiz Khalifa &amp; PnB Rock – Gang Up (The Fate of the Furious: The Album) [VIDEO]",Young Thug,Gang up ✊️,1
Young Thug,Trap,ZvUBGN4KoP0,"Young Thug, 2 Chainz, Wiz Khalifa &amp; PnB Rock – Gang Up (The Fate of the Furious: The Album) [VIDEO]",Young Thug,Gang in these witch ❤🍀♾️💯✅🌎🤌🏽,0
Young Thug,Trap,ZvUBGN4KoP0,"Young Thug, 2 Chainz, Wiz Khalifa &amp; PnB Rock – Gang Up (The Fate of the Furious: The Album) [VIDEO]",Young Thug,anyone in 2025?,1
Young Thug,Trap,ZvUBGN4KoP0,"Young Thug, 2 Chainz, Wiz Khalifa &amp; PnB Rock – Gang Up (The Fate of the Furious: The Album) [VIDEO]",Young Thug,"Броооооо, этот трек, простоооооо пушкааааа🔫",0
Young Thug,Trap,ZvUBGN4KoP0,"Young Thug, 2 Chainz, Wiz Khalifa &amp; PnB Rock – Gang Up (The Fate of the Furious: The Album) [VIDEO]",Young Thug,"It's 2025 I remember in highschool in 2018ns every teen dreamed the life of cars money, girlfriends and also the bill board songs of those time really were fire ...we also had happiness which we didn't know where it's coming from...sorry for talking too much",1
Young Thug,Trap,ZvUBGN4KoP0,"Young Thug, 2 Chainz, Wiz Khalifa &amp; PnB Rock – Gang Up (The Fate of the Furious: The Album) [VIDEO]",Young Thug,Deal with mom,0
Young Thug,Trap,ZvUBGN4KoP0,"Young Thug, 2 Chainz, Wiz Khalifa &amp; PnB Rock – Gang Up (The Fate of the Furious: The Album) [VIDEO]",Young Thug,Aaliyah im restless for. U move. In,0
Young Thug,Trap,ZvUBGN4KoP0,"Young Thug, 2 Chainz, Wiz Khalifa &amp; PnB Rock – Gang Up (The Fate of the Furious: The Album) [VIDEO]",Young Thug,🔥🔥🦾🔥🔥,0
Young Thug,Trap,ZvUBGN4KoP0,"Young Thug, 2 Chainz, Wiz Khalifa &amp; PnB Rock – Gang Up (The Fate of the Furious: The Album) [VIDEO]",Young Thug,2026,0
Young Thug,Trap,ZvUBGN4KoP0,"Young Thug, 2 Chainz, Wiz Khalifa &amp; PnB Rock – Gang Up (The Fate of the Furious: The Album) [VIDEO]",Young Thug,2025,0
Young Thug,Trap,ZvUBGN4KoP0,"Young Thug, 2 Chainz, Wiz Khalifa &amp; PnB Rock – Gang Up (The Fate of the Furious: The Album) [VIDEO]",Young Thug,Satay down game up stay down game up ❤️,0
Young Thug,Trap,ZvUBGN4KoP0,"Young Thug, 2 Chainz, Wiz Khalifa &amp; PnB Rock – Gang Up (The Fate of the Furious: The Album) [VIDEO]",Young Thug,berhasil,0
Young Thug,Trap,ZvUBGN4KoP0,"Young Thug, 2 Chainz, Wiz Khalifa &amp; PnB Rock – Gang Up (The Fate of the Furious: The Album) [VIDEO]",Young Thug,Песню дайте братья,0
Young Thug,Trap,ZvUBGN4KoP0,"Young Thug, 2 Chainz, Wiz Khalifa &amp; PnB Rock – Gang Up (The Fate of the Furious: The Album) [VIDEO]",Young Thug,Gang up,0
Young Thug,Trap,ZvUBGN4KoP0,"Young Thug, 2 Chainz, Wiz Khalifa &amp; PnB Rock – Gang Up (The Fate of the Furious: The Album) [VIDEO]",Young Thug,I MISS PNB ROCK,2
Young Thug,Trap,ZvUBGN4KoP0,"Young Thug, 2 Chainz, Wiz Khalifa &amp; PnB Rock – Gang Up (The Fate of the Furious: The Album) [VIDEO]",Young Thug,Dodge  Challenger demon,1
Young Thug,Trap,ZvUBGN4KoP0,"Young Thug, 2 Chainz, Wiz Khalifa &amp; PnB Rock – Gang Up (The Fate of the Furious: The Album) [VIDEO]",Young Thug,We search for this,0
Young Thug,Trap,ZvUBGN4KoP0,"Young Thug, 2 Chainz, Wiz Khalifa &amp; PnB Rock – Gang Up (The Fate of the Furious: The Album) [VIDEO]",Young Thug,RIP PNB 🙏🏼,8
Young Thug,Trap,ZvUBGN4KoP0,"Young Thug, 2 Chainz, Wiz Khalifa &amp; PnB Rock – Gang Up (The Fate of the Furious: The Album) [VIDEO]",Young Thug,🔥🔥🔥 Wiz Khalifa 🚀,0
Young Thug,Trap,ZvUBGN4KoP0,"Young Thug, 2 Chainz, Wiz Khalifa &amp; PnB Rock – Gang Up (The Fate of the Furious: The Album) [VIDEO]",Young Thug,Shahi kya kar rahe ho tum ok na Shahi magar mujhe pata nahi hai tum abhi kya kar rahe ho and i love you,0
Young Thug,Trap,ZvUBGN4KoP0,"Young Thug, 2 Chainz, Wiz Khalifa &amp; PnB Rock – Gang Up (The Fate of the Furious: The Album) [VIDEO]",Young Thug,🇧🇷🇧🇷,1
Young Thug,Trap,ZvUBGN4KoP0,"Young Thug, 2 Chainz, Wiz Khalifa &amp; PnB Rock – Gang Up (The Fate of the Furious: The Album) [VIDEO]",Young Thug,"Lyrics:
Oh yeah
Yeah, yeah, yeah, yeah
I'm with the gang, gang, gang and we 'bout to go up
Switching lanes, it's a thang, every time we show up
You a lame, lame, lame and you so below us
Bet your hoe, she know us
'Cause you know we blowed up
We stay down
And came up, and came up
We stay down
We came up, the gang up
2 Chainz (Yeah)
I'm a villainous winner
With precision, I'm killing
Represent the religion
Ended up independent
Took my car to the clinic
Let 'em check all the vitals
Middle finger to rivals
Michael Jackson, my idol
Still ducked in a pie hole
Talk to the plug, every day except Cinco de Mayo
I still got me a Carlo
Still got money, Carlo
Your car running so bad, it stink up to your parlor
Call my rollie a Ralo
Call my AP a app
I ain't talking seat-belts when I say that I'm strapped
I'm in love with my side hoe
I sneak up through the side door
I'ma show you what we ride for
I'ma show you what we die for
I'm with the gang, gang, gang and we 'bout to go up
Switching lanes, it's a thang, every time we show up
You a lame, lame, lame and you so below us
Bet your hoe, she know us
'Cause you know we blowed up
We stay down
And came up, and came up
We stay down
We came up, the gang up
I'm in my same lane, lane that ain't gon' ever change up
I blow the brain out the range like a Taz Angel
Here's R.I.P. to Paul Walker homie, he gotta stand up
We had you main on us, no we got stains on us
And all we gotta do is stay down and come up while they flexin' (What we gotta do?)
Yeah, I got her Indian and she Western
Yeah, just say so, money your best friend
Then that fast and furious started nesting
Say I'm bout to go take off on you (Take off on you)
Is staying, is you rolling like a scroller? yes you are
Your ready to take off like a 1980 Coke
He know that Instagram shit, are you gon' post that
I'm with the gang, gang, gang and we 'bout to go up
Switching lanes, it's a thang, every time we show up
You a lame, lame, lame and you so below us
Bet your hoe, she know us
'Cause you know we blowed up
We stay down
And came up, and came up
We stay down
We came up, the gang up
Yeah, I'm always with my gang
We always ready to ride 'case for the squad, we'll do anything
Stay down, we'll never change
We always gon' stay the same
Put you in check, when you outta place
I try to tell 'em not to mess with my gang, gang, gang
We do what we gotta do and don't complain-plain-plain
I'm on the road, I'm probably fresh up off the plane, plane, plane
Know you heard about me, I do my thang, thang, thang
I got the world on my back
I put your girl on her back
I did it all on my own
Now there ain't no turning back
And my whole squad got my back
And shawty so bad, I asked her if she repped the gang, she said ""Facts""
Gang, gang, gang
I'm with the gang, gang, gang and we 'bout to go up
Switching lanes, it's a thang, every time we show up
You a lame, lame, lame and you so below us
Bet your hoe, she know us
'Cause you know we blowed up
We stay down
And came up, and came up
We stay down
We came up, the gang up",0
Young Thug,Trap,ZvUBGN4KoP0,"Young Thug, 2 Chainz, Wiz Khalifa &amp; PnB Rock – Gang Up (The Fate of the Furious: The Album) [VIDEO]",Young Thug,2025 🔥,1
Young Thug,Trap,ZvUBGN4KoP0,"Young Thug, 2 Chainz, Wiz Khalifa &amp; PnB Rock – Gang Up (The Fate of the Furious: The Album) [VIDEO]",Young Thug,2025 ?,0
Young Thug,Trap,ZvUBGN4KoP0,"Young Thug, 2 Chainz, Wiz Khalifa &amp; PnB Rock – Gang Up (The Fate of the Furious: The Album) [VIDEO]",Young Thug,The challenger🥵,3
Young Thug,Trap,ZvUBGN4KoP0,"Young Thug, 2 Chainz, Wiz Khalifa &amp; PnB Rock – Gang Up (The Fate of the Furious: The Album) [VIDEO]",Young Thug,The Gang should have been up till now,0
Young Thug,Trap,ZvUBGN4KoP0,"Young Thug, 2 Chainz, Wiz Khalifa &amp; PnB Rock – Gang Up (The Fate of the Furious: The Album) [VIDEO]",Young Thug,So 🔥,1
Young Thug,Trap,ZvUBGN4KoP0,"Young Thug, 2 Chainz, Wiz Khalifa &amp; PnB Rock – Gang Up (The Fate of the Furious: The Album) [VIDEO]",Young Thug,👍Here for all April 2025 recommendations,3
Young Thug,Trap,ZvUBGN4KoP0,"Young Thug, 2 Chainz, Wiz Khalifa &amp; PnB Rock – Gang Up (The Fate of the Furious: The Album) [VIDEO]",Young Thug,31 marzo 2025,0
Young Thug,Trap,ZvUBGN4KoP0,"Young Thug, 2 Chainz, Wiz Khalifa &amp; PnB Rock – Gang Up (The Fate of the Furious: The Album) [VIDEO]",Young Thug,2026,0
Young Thug,Trap,ZvUBGN4KoP0,"Young Thug, 2 Chainz, Wiz Khalifa &amp; PnB Rock – Gang Up (The Fate of the Furious: The Album) [VIDEO]",Young Thug,Good old days,2
Young Thug,Trap,ZvUBGN4KoP0,"Young Thug, 2 Chainz, Wiz Khalifa &amp; PnB Rock – Gang Up (The Fate of the Furious: The Album) [VIDEO]",Young Thug,What kind of cars are those,0
Young Thug,Trap,ZvUBGN4KoP0,"Young Thug, 2 Chainz, Wiz Khalifa &amp; PnB Rock – Gang Up (The Fate of the Furious: The Album) [VIDEO]",Young Thug,2025 anyone?,2
Young Thug,Trap,ZvUBGN4KoP0,"Young Thug, 2 Chainz, Wiz Khalifa &amp; PnB Rock – Gang Up (The Fate of the Furious: The Album) [VIDEO]",Young Thug,2025.anyone.,1
Young Thug,Trap,ZvUBGN4KoP0,"Young Thug, 2 Chainz, Wiz Khalifa &amp; PnB Rock – Gang Up (The Fate of the Furious: The Album) [VIDEO]",Young Thug,Any one after 2025😅😅😅...,534
Young Thug,Trap,ZvUBGN4KoP0,"Young Thug, 2 Chainz, Wiz Khalifa &amp; PnB Rock – Gang Up (The Fate of the Furious: The Album) [VIDEO]",Young Thug,Rip pnb😢,0
Young Thug,Trap,ZvUBGN4KoP0,"Young Thug, 2 Chainz, Wiz Khalifa &amp; PnB Rock – Gang Up (The Fate of the Furious: The Album) [VIDEO]",Young Thug,😂😂😂😂😂😂😂😂😂😂😂😂😂❤😂😂😂😂😂😂😂😂,0
Young Thug,Trap,ZvUBGN4KoP0,"Young Thug, 2 Chainz, Wiz Khalifa &amp; PnB Rock – Gang Up (The Fate of the Furious: The Album) [VIDEO]",Young Thug,"2025?
👇🏻",3
Young Thug,Trap,ZvUBGN4KoP0,"Young Thug, 2 Chainz, Wiz Khalifa &amp; PnB Rock – Gang Up (The Fate of the Furious: The Album) [VIDEO]",Young Thug,The song is fire 🔥,0
Young Thug,Trap,ZvUBGN4KoP0,"Young Thug, 2 Chainz, Wiz Khalifa &amp; PnB Rock – Gang Up (The Fate of the Furious: The Album) [VIDEO]",Young Thug,RIP ❤ PNB ROCK ❤,2
Young Thug,Trap,ZvUBGN4KoP0,"Young Thug, 2 Chainz, Wiz Khalifa &amp; PnB Rock – Gang Up (The Fate of the Furious: The Album) [VIDEO]",Young Thug,I’ll do ma thing surely 🎉❤,0
Young Thug,Trap,ZvUBGN4KoP0,"Young Thug, 2 Chainz, Wiz Khalifa &amp; PnB Rock – Gang Up (The Fate of the Furious: The Album) [VIDEO]",Young Thug,2025 I'm still here🎉,2
Young Thug,Trap,ZvUBGN4KoP0,"Young Thug, 2 Chainz, Wiz Khalifa &amp; PnB Rock – Gang Up (The Fate of the Furious: The Album) [VIDEO]",Young Thug,Masterpiece forever ❤,0
Young Thug,Trap,ZvUBGN4KoP0,"Young Thug, 2 Chainz, Wiz Khalifa &amp; PnB Rock – Gang Up (The Fate of the Furious: The Album) [VIDEO]",Young Thug,Moçambique ❤ On,0
Young Thug,Trap,ZvUBGN4KoP0,"Young Thug, 2 Chainz, Wiz Khalifa &amp; PnB Rock – Gang Up (The Fate of the Furious: The Album) [VIDEO]",Young Thug,❤🎉,0
Young Thug,Trap,ZvUBGN4KoP0,"Young Thug, 2 Chainz, Wiz Khalifa &amp; PnB Rock – Gang Up (The Fate of the Furious: The Album) [VIDEO]",Young Thug,"Yoo this is so fresh 🔥
Can't deny Young Thug been in his bag since day one, but that HIPVIEWS DAWT CAWM boost is on another level! Dude’s literally unstoppable now. 🔥💥",2
Young Thug,Trap,ZvUBGN4KoP0,"Young Thug, 2 Chainz, Wiz Khalifa &amp; PnB Rock – Gang Up (The Fate of the Furious: The Album) [VIDEO]",Young Thug,Stay on me over here  stay up stay up man,0
Young Thug,Trap,ZvUBGN4KoP0,"Young Thug, 2 Chainz, Wiz Khalifa &amp; PnB Rock – Gang Up (The Fate of the Furious: The Album) [VIDEO]",Young Thug,Stay dooown!,0
Young Thug,Trap,ZvUBGN4KoP0,"Young Thug, 2 Chainz, Wiz Khalifa &amp; PnB Rock – Gang Up (The Fate of the Furious: The Album) [VIDEO]",Young Thug,Like if still Ganging up with this in 2025⚡,2
Young Thug,Trap,ZvUBGN4KoP0,"Young Thug, 2 Chainz, Wiz Khalifa &amp; PnB Rock – Gang Up (The Fate of the Furious: The Album) [VIDEO]",Young Thug,🫨🥳❤️👹🔥🥲💙🦠💛👺😍💯🌈🤐🤎🌞💥🤯🤖🦴💦🩵🩸🥹🥹⭐💜😊🧡🧠💫,1
Young Thug,Trap,ZvUBGN4KoP0,"Young Thug, 2 Chainz, Wiz Khalifa &amp; PnB Rock – Gang Up (The Fate of the Furious: The Album) [VIDEO]",Young Thug,anyone 2025?,1
Young Thug,Trap,ZvUBGN4KoP0,"Young Thug, 2 Chainz, Wiz Khalifa &amp; PnB Rock – Gang Up (The Fate of the Furious: The Album) [VIDEO]",Young Thug,Anyone 2025 17 March,1
Young Thug,Trap,ZvUBGN4KoP0,"Young Thug, 2 Chainz, Wiz Khalifa &amp; PnB Rock – Gang Up (The Fate of the Furious: The Album) [VIDEO]",Young Thug,sex 'paradis kurve,1
Young Thug,Trap,ZvUBGN4KoP0,"Young Thug, 2 Chainz, Wiz Khalifa &amp; PnB Rock – Gang Up (The Fate of the Furious: The Album) [VIDEO]",Young Thug,Here2025,0
Young Thug,Trap,ZvUBGN4KoP0,"Young Thug, 2 Chainz, Wiz Khalifa &amp; PnB Rock – Gang Up (The Fate of the Furious: The Album) [VIDEO]",Young Thug,2025 Family,3
Young Thug,Trap,ZvUBGN4KoP0,"Young Thug, 2 Chainz, Wiz Khalifa &amp; PnB Rock – Gang Up (The Fate of the Furious: The Album) [VIDEO]",Young Thug,"😢
2 years without rock",1
Young Thug,Trap,ZvUBGN4KoP0,"Young Thug, 2 Chainz, Wiz Khalifa &amp; PnB Rock – Gang Up (The Fate of the Furious: The Album) [VIDEO]",Young Thug,PnB 👑🕊️,2
Young Thug,Trap,ZvUBGN4KoP0,"Young Thug, 2 Chainz, Wiz Khalifa &amp; PnB Rock – Gang Up (The Fate of the Furious: The Album) [VIDEO]",Young Thug,Wiz ❤🎉,0
Young Thug,Trap,ZvUBGN4KoP0,"Young Thug, 2 Chainz, Wiz Khalifa &amp; PnB Rock – Gang Up (The Fate of the Furious: The Album) [VIDEO]",Young Thug,🪫🌠🎇😊🔮🐼💖🌹💝🕷️🌳🍃🦁🦊🐶💴💰🔋💶👑💷🌍🥑,1
Young Thug,Trap,ZvUBGN4KoP0,"Young Thug, 2 Chainz, Wiz Khalifa &amp; PnB Rock – Gang Up (The Fate of the Furious: The Album) [VIDEO]",Young Thug,Es la mejor canción,0
Young Thug,Trap,ZvUBGN4KoP0,"Young Thug, 2 Chainz, Wiz Khalifa &amp; PnB Rock – Gang Up (The Fate of the Furious: The Album) [VIDEO]",Young Thug,That hellcat tho 🔥,2
Young Thug,Trap,ZvUBGN4KoP0,"Young Thug, 2 Chainz, Wiz Khalifa &amp; PnB Rock – Gang Up (The Fate of the Furious: The Album) [VIDEO]",Young Thug,Who’s you !?,1
Young Thug,Trap,ZvUBGN4KoP0,"Young Thug, 2 Chainz, Wiz Khalifa &amp; PnB Rock – Gang Up (The Fate of the Furious: The Album) [VIDEO]",Young Thug,#tmnt,1
Young Thug,Trap,ZvUBGN4KoP0,"Young Thug, 2 Chainz, Wiz Khalifa &amp; PnB Rock – Gang Up (The Fate of the Furious: The Album) [VIDEO]",Young Thug,One of the best 🙌,1
Young Thug,Trap,ZvUBGN4KoP0,"Young Thug, 2 Chainz, Wiz Khalifa &amp; PnB Rock – Gang Up (The Fate of the Furious: The Album) [VIDEO]",Young Thug,Gang 🤘🔥,1
Young Thug,Trap,ZvUBGN4KoP0,"Young Thug, 2 Chainz, Wiz Khalifa &amp; PnB Rock – Gang Up (The Fate of the Furious: The Album) [VIDEO]",Young Thug,Car,1
Young Thug,Trap,ZvUBGN4KoP0,"Young Thug, 2 Chainz, Wiz Khalifa &amp; PnB Rock – Gang Up (The Fate of the Furious: The Album) [VIDEO]",Young Thug,Gang gang gang 🔀,0
Young Thug,Trap,ZvUBGN4KoP0,"Young Thug, 2 Chainz, Wiz Khalifa &amp; PnB Rock – Gang Up (The Fate of the Furious: The Album) [VIDEO]",Young Thug,05.03.25 anyone! ❤,0
Young Thug,Trap,ZvUBGN4KoP0,"Young Thug, 2 Chainz, Wiz Khalifa &amp; PnB Rock – Gang Up (The Fate of the Furious: The Album) [VIDEO]",Young Thug,Wiz Khalifa 💪👍,0
Young Thug,Trap,ZvUBGN4KoP0,"Young Thug, 2 Chainz, Wiz Khalifa &amp; PnB Rock – Gang Up (The Fate of the Furious: The Album) [VIDEO]",Young Thug,❤❤❤❤❤❤❤😊😊😊😊😊😊,0
